station,date,tmean,tmax,tmin,rh,precip,wind,pressure,latitude,longitude,elevation
Crucero,2000-01-01,5.33,11.46,1.44,83.33,13.34,2.11,60.4,-14.34538,-70.0321,4130
Crucero,2000-01-02,5.77,10.76,0.78,80.62,0.95,2.59,60.42,-14.34538,-70.0321,4130
Crucero,2000-01-03,7.14,15.43,1.07,69.74,0.12,2.66,60.41,-14.34538,-70.0321,4130
Crucero,2000-01-04,5.56,12.7,1.39,77.07,0.34,2.2,60.38,-14.34538,-70.0321,4130
Crucero,2000-01-05,4.92,10.05,-0.37,78.8,5.87,2.41,60.38,-14.34538,-70.0321,4130
Crucero,2000-01-06,4.96,11.24,0.73,77.6,3.06,3.4,60.45,-14.34538,-70.0321,4130
Crucero,2000-01-07,6.0,13.19,-0.56,73.66,1.51,2.98,60.43,-14.34538,-70.0321,4130
Crucero,2000-01-08,7.13,14.63,1.55,71.3,3.79,2.87,60.4,-14.34538,-70.0321,4130
Crucero,2000-01-09,6.23,12.42,1.16,73.93,1.07,3.81,60.42,-14.34538,-70.0321,4130
Crucero,2000-01-10,5.52,12.3,-1.14,75.72,5.91,2.64,60.44,-14.34538,-70.0321,4130
Crucero,2000-01-11,5.45,11.33,-0.28,76.07,2.31,2.47,60.43,-14.34538,-70.0321,4130
Crucero,2000-01-12,6.07,13.77,0.94,76.21,1.22,2.31,60.38,-14.34538,-70.0321,4130
Crucero,2000-01-13,6.32,14.05,-0.09,75.58,1.5,2.56,60.41,-14.34538,-70.0321,4130
Crucero,2000-01-14,6.89,14.97,1.57,73.58,2.28,1.73,60.34,-14.34538,-70.0321,4130
Crucero,2000-01-15,5.49,13.36,0.92,79.56,18.37,2.37,60.26,-14.34538,-70.0321,4130
Crucero,2000-01-16,3.02,8.09,-0.75,84.99,8.98,1.82,60.32,-14.34538,-70.0321,4130
Crucero,2000-01-17,4.87,11.14,0.22,81.48,1.23,2.58,60.42,-14.34538,-70.0321,4130
Crucero,2000-01-18,5.2,12.87,-1.76,78.41,1.12,3.09,60.65,-14.34538,-70.0321,4130
Crucero,2000-01-19,4.58,11.12,-0.95,78.53,9.77,3.2,60.67,-14.34538,-70.0321,4130
Crucero,2000-01-20,5.71,12.42,0.38,77.16,1.41,2.74,60.6,-14.34538,-70.0321,4130
Crucero,2000-01-21,6.87,13.96,1.82,75.74,0.31,1.52,60.5,-14.34538,-70.0321,4130
Crucero,2000-01-22,5.52,11.08,1.75,82.04,4.54,1.78,60.48,-14.34538,-70.0321,4130
Crucero,2000-01-23,4.89,11.75,1.17,82.16,2.04,1.78,60.5,-14.34538,-70.0321,4130
Crucero,2000-01-24,5.4,13.08,0.69,80.2,4.05,1.53,60.48,-14.34538,-70.0321,4130
Crucero,2000-01-25,6.38,13.59,1.68,80.1,3.69,2.54,60.45,-14.34538,-70.0321,4130
Crucero,2000-01-26,5.62,9.94,2.25,79.72,2.26,2.62,60.54,-14.34538,-70.0321,4130
Crucero,2000-01-27,4.12,8.99,1.69,89.08,0.66,2.69,60.56,-14.34538,-70.0321,4130
Crucero,2000-01-28,5.69,12.59,0.9,81.95,1.6,1.91,60.48,-14.34538,-70.0321,4130
Crucero,2000-01-29,5.75,12.56,1.3,80.9,1.32,1.85,60.42,-14.34538,-70.0321,4130
Crucero,2000-01-30,4.82,10.51,0.26,83.87,1.17,1.67,60.54,-14.34538,-70.0321,4130
Crucero,2000-01-31,5.93,11.86,1.51,83.09,1.03,2.44,60.67,-14.34538,-70.0321,4130
Crucero,2000-02-01,6.34,13.21,0.59,79.59,0.76,2.46,60.72,-14.34538,-70.0321,4130
Crucero,2000-02-02,6.89,12.88,2.08,79.3,5.24,1.64,60.61,-14.34538,-70.0321,4130
Crucero,2000-02-03,5.37,11.55,1.2,79.55,1.92,1.8,60.5,-14.34538,-70.0321,4130
Crucero,2000-02-04,4.86,11.7,0.91,81.55,0.9,2.31,60.49,-14.34538,-70.0321,4130
Crucero,2000-02-05,6.49,13.83,1.3,77.63,10.99,1.96,60.56,-14.34538,-70.0321,4130
Crucero,2000-02-06,4.74,11.99,0.15,81.84,0.79,1.59,60.63,-14.34538,-70.0321,4130
Crucero,2000-02-07,5.81,13.69,0.71,81.03,1.31,2.11,60.64,-14.34538,-70.0321,4130
Crucero,2000-02-08,4.75,10.64,1.63,85.02,2.82,1.26,60.59,-14.34538,-70.0321,4130
Crucero,2000-02-09,4.96,12.84,-0.46,80.45,4.29,1.9,60.51,-14.34538,-70.0321,4130
Crucero,2000-02-10,3.75,8.7,1.09,87.18,20.77,1.3,60.47,-14.34538,-70.0321,4130
Crucero,2000-02-11,5.29,11.78,0.7,82.01,3.84,2.44,60.47,-14.34538,-70.0321,4130
Crucero,2000-02-12,4.68,10.16,0.86,83.99,1.43,2.31,60.46,-14.34538,-70.0321,4130
Crucero,2000-02-13,5.49,11.61,1.03,81.64,0.7,2.44,60.45,-14.34538,-70.0321,4130
Crucero,2000-02-14,5.84,12.07,1.8,80.69,4.1,2.9,60.57,-14.34538,-70.0321,4130
Crucero,2000-02-15,4.56,10.33,-0.27,83.03,3.31,3.19,60.6,-14.34538,-70.0321,4130
Crucero,2000-02-16,4.46,11.52,-0.64,81.28,4.87,3.35,60.6,-14.34538,-70.0321,4130
Crucero,2000-02-17,3.99,11.32,-1.53,80.74,0.75,3.21,60.58,-14.34538,-70.0321,4130
Crucero,2000-02-18,4.44,11.29,-1.24,80.2,1.38,2.81,60.53,-14.34538,-70.0321,4130
Crucero,2000-02-19,4.72,12.41,-1.75,80.57,5.4,2.57,60.55,-14.34538,-70.0321,4130
Crucero,2000-02-20,5.09,12.37,-1.72,80.62,1.18,2.86,60.58,-14.34538,-70.0321,4130
Crucero,2000-02-21,5.48,12.31,-1.26,79.61,0.59,3.21,60.54,-14.34538,-70.0321,4130
Crucero,2000-02-22,5.16,10.87,0.23,83.96,15.9,2.23,60.51,-14.34538,-70.0321,4130
Crucero,2000-02-23,4.94,11.01,1.63,86.1,3.08,2.41,60.49,-14.34538,-70.0321,4130
Crucero,2000-02-24,5.16,10.7,0.51,83.26,0.95,2.84,60.5,-14.34538,-70.0321,4130
Crucero,2000-02-25,5.32,11.99,0.47,82.6,12.61,2.88,60.5,-14.34538,-70.0321,4130
Crucero,2000-02-26,5.06,12.63,-1.66,81.69,5.71,1.54,60.53,-14.34538,-70.0321,4130
Crucero,2000-02-27,5.72,12.08,1.81,84.11,1.56,1.61,60.49,-14.34538,-70.0321,4130
Crucero,2000-02-28,5.92,11.07,2.02,84.23,0.6,3.07,60.5,-14.34538,-70.0321,4130
Crucero,2000-02-29,4.93,9.38,1.19,85.16,2.22,2.4,60.66,-14.34538,-70.0321,4130
Crucero,2000-03-01,5.99,12.29,0.8,83.45,13.0,2.03,60.66,-14.34538,-70.0321,4130
Crucero,2000-03-02,5.76,12.68,1.27,83.34,12.26,1.78,60.62,-14.34538,-70.0321,4130
Crucero,2000-03-03,6.83,13.68,0.94,81.42,10.02,1.97,60.53,-14.34538,-70.0321,4130
Crucero,2000-03-04,5.9,12.26,1.62,83.8,2.26,2.18,60.54,-14.34538,-70.0321,4130
Crucero,2000-03-05,5.59,10.14,1.62,86.61,10.22,3.02,60.6,-14.34538,-70.0321,4130
Crucero,2000-03-06,5.74,11.5,1.74,85.06,4.59,2.53,60.63,-14.34538,-70.0321,4130
Crucero,2000-03-07,5.68,11.38,1.95,84.01,2.04,2.8,60.6,-14.34538,-70.0321,4130
Crucero,2000-03-08,4.97,12.14,0.65,84.52,4.65,1.37,60.46,-14.34538,-70.0321,4130
Crucero,2000-03-09,4.81,10.3,0.87,87.41,6.88,1.6,60.47,-14.34538,-70.0321,4130
Crucero,2000-03-10,5.21,8.69,2.49,88.31,6.8,1.42,60.53,-14.34538,-70.0321,4130
Crucero,2000-03-11,4.06,8.95,0.62,84.72,17.55,1.32,60.53,-14.34538,-70.0321,4130
Crucero,2000-03-12,4.85,11.0,0.11,86.21,15.0,1.81,60.45,-14.34538,-70.0321,4130
Crucero,2000-03-13,4.05,11.6,-0.42,85.85,3.66,2.22,60.45,-14.34538,-70.0321,4130
Crucero,2000-03-14,5.46,12.68,-0.69,80.58,4.99,1.03,60.42,-14.34538,-70.0321,4130
Crucero,2000-03-15,4.08,8.22,1.48,89.61,7.16,1.53,60.45,-14.34538,-70.0321,4130
Crucero,2000-03-16,5.81,12.99,0.63,80.09,0.81,1.73,60.48,-14.34538,-70.0321,4130
Crucero,2000-03-17,5.36,11.2,1.12,85.19,0.57,1.68,60.46,-14.34538,-70.0321,4130
Crucero,2000-03-18,4.91,11.63,0.84,84.09,4.91,1.78,60.42,-14.34538,-70.0321,4130
Crucero,2000-03-19,4.64,10.65,-0.19,82.82,5.19,1.09,60.4,-14.34538,-70.0321,4130
Crucero,2000-03-20,4.01,8.46,0.99,89.56,2.35,1.77,60.44,-14.34538,-70.0321,4130
Crucero,2000-03-21,5.32,12.05,0.2,82.25,0.31,2.27,60.57,-14.34538,-70.0321,4130
Crucero,2000-03-22,5.18,10.85,0.41,82.82,0.84,2.5,60.6,-14.34538,-70.0321,4130
Crucero,2000-03-23,4.11,9.19,-0.37,87.45,2.58,2.04,60.5,-14.34538,-70.0321,4130
Crucero,2000-03-24,3.01,9.77,-3.07,84.95,5.01,3.0,60.61,-14.34538,-70.0321,4130
Crucero,2000-03-25,3.55,11.16,-2.68,80.3,0.62,2.8,60.73,-14.34538,-70.0321,4130
Crucero,2000-03-26,4.77,13.18,-3.04,76.5,0.11,1.34,60.6,-14.34538,-70.0321,4130
Crucero,2000-03-27,4.9,11.74,-0.83,81.93,0.0,1.9,60.52,-14.34538,-70.0321,4130
Crucero,2000-03-28,4.95,10.58,1.19,81.83,1.27,2.62,60.6,-14.34538,-70.0321,4130
Crucero,2000-03-29,4.24,11.34,-0.96,83.37,0.45,1.57,60.6,-14.34538,-70.0321,4130
Crucero,2000-03-30,4.56,12.03,-2.06,78.05,0.78,1.4,60.51,-14.34538,-70.0321,4130
Crucero,2000-03-31,4.18,10.69,-1.38,78.93,0.06,2.14,60.51,-14.34538,-70.0321,4130
Crucero,2000-04-01,3.49,11.68,-3.81,75.64,0.0,2.69,60.61,-14.34538,-70.0321,4130
Crucero,2000-04-02,3.46,11.61,-5.27,78.43,0.23,2.52,60.71,-14.34538,-70.0321,4130
Crucero,2000-04-03,4.16,12.04,-4.05,78.62,0.06,2.5,60.7,-14.34538,-70.0321,4130
Crucero,2000-04-04,4.44,11.92,-2.22,78.73,0.05,2.13,60.7,-14.34538,-70.0321,4130
Crucero,2000-04-05,5.46,11.79,0.86,78.86,1.04,2.74,60.73,-14.34538,-70.0321,4130
Crucero,2000-04-06,4.22,11.54,-2.46,80.37,0.21,2.26,60.73,-14.34538,-70.0321,4130
Crucero,2000-04-07,5.35,12.99,-2.21,80.61,0.03,1.67,60.61,-14.34538,-70.0321,4130
Crucero,2000-04-08,5.74,13.04,-0.77,76.67,0.02,2.56,60.61,-14.34538,-70.0321,4130
Crucero,2000-04-09,5.65,12.14,1.47,79.39,0.07,2.52,60.66,-14.34538,-70.0321,4130
Crucero,2000-04-10,5.11,13.99,-1.09,75.81,0.01,1.92,60.7,-14.34538,-70.0321,4130
Crucero,2000-04-11,3.49,13.11,-4.31,65.74,0.67,1.84,60.74,-14.34538,-70.0321,4130
Crucero,2000-04-12,4.76,13.01,-2.81,77.86,0.12,1.72,60.66,-14.34538,-70.0321,4130
Crucero,2000-04-13,5.52,12.38,1.03,79.1,0.25,0.84,60.55,-14.34538,-70.0321,4130
Crucero,2000-04-14,4.29,10.36,0.65,81.89,0.14,1.26,60.57,-14.34538,-70.0321,4130
Crucero,2000-04-15,4.82,11.78,-1.25,80.64,0.29,1.85,60.66,-14.34538,-70.0321,4130
Crucero,2000-04-16,5.17,12.53,-1.66,79.97,3.12,1.2,60.68,-14.34538,-70.0321,4130
Crucero,2000-04-17,5.81,12.99,-0.31,75.55,0.65,1.26,60.57,-14.34538,-70.0321,4130
Crucero,2000-04-18,5.64,13.75,-0.05,72.52,0.9,1.13,60.53,-14.34538,-70.0321,4130
Crucero,2000-04-19,3.4,6.57,1.03,88.46,1.49,1.19,60.59,-14.34538,-70.0321,4130
Crucero,2000-04-20,5.44,12.72,1.11,79.51,0.01,1.29,60.67,-14.34538,-70.0321,4130
Crucero,2000-04-21,5.44,12.43,-0.82,80.35,11.46,1.54,60.63,-14.34538,-70.0321,4130
Crucero,2000-04-22,4.39,9.76,0.28,84.6,6.48,1.04,60.61,-14.34538,-70.0321,4130
Crucero,2000-04-23,4.48,11.43,-0.98,83.19,0.46,1.81,60.67,-14.34538,-70.0321,4130
Crucero,2000-04-24,4.78,13.02,-2.7,77.37,0.02,1.58,60.68,-14.34538,-70.0321,4130
Crucero,2000-04-25,5.98,12.87,1.09,77.49,0.09,1.14,60.66,-14.34538,-70.0321,4130
Crucero,2000-04-26,4.95,10.87,0.45,82.68,0.34,1.24,60.68,-14.34538,-70.0321,4130
Crucero,2000-04-27,5.04,11.78,0.71,80.85,0.16,1.22,60.75,-14.34538,-70.0321,4130
Crucero,2000-04-28,5.26,12.23,-1.33,81.24,1.95,1.25,60.77,-14.34538,-70.0321,4130
Crucero,2000-04-29,5.17,11.25,0.85,82.41,3.73,1.61,60.74,-14.34538,-70.0321,4130
Crucero,2000-04-30,5.5,13.36,0.27,75.64,0.27,1.57,60.64,-14.34538,-70.0321,4130
Crucero,2000-05-01,5.01,14.3,-3.25,68.82,0.2,1.3,60.59,-14.34538,-70.0321,4130
Crucero,2000-05-02,5.55,12.29,0.41,78.19,0.17,1.43,60.56,-14.34538,-70.0321,4130
Crucero,2000-05-03,5.07,11.78,0.9,79.89,0.52,1.51,60.6,-14.34538,-70.0321,4130
Crucero,2000-05-04,4.52,11.54,-0.57,81.78,2.12,1.08,60.62,-14.34538,-70.0321,4130
Crucero,2000-05-05,5.16,11.84,0.35,77.93,0.29,1.38,60.69,-14.34538,-70.0321,4130
Crucero,2000-05-06,4.7,11.52,-1.13,77.88,0.14,2.07,60.68,-14.34538,-70.0321,4130
Crucero,2000-05-07,4.92,11.05,0.28,79.93,0.01,0.86,60.67,-14.34538,-70.0321,4130
Crucero,2000-05-08,5.15,13.0,0.05,69.78,0.01,1.7,60.7,-14.34538,-70.0321,4130
Crucero,2000-05-09,4.85,13.66,-1.43,76.67,0.0,1.56,60.77,-14.34538,-70.0321,4130
Crucero,2000-05-10,3.88,13.0,-3.45,70.14,0.0,1.52,60.84,-14.34538,-70.0321,4130
Crucero,2000-05-11,4.66,13.06,-2.17,78.01,0.01,0.98,60.77,-14.34538,-70.0321,4130
Crucero,2000-05-12,4.81,12.44,-1.35,79.96,0.19,1.42,60.68,-14.34538,-70.0321,4130
Crucero,2000-05-13,5.33,12.5,0.24,77.78,0.64,2.23,60.64,-14.34538,-70.0321,4130
Crucero,2000-05-14,4.63,10.52,0.46,83.69,0.39,2.58,60.66,-14.34538,-70.0321,4130
Crucero,2000-05-15,4.84,12.91,-1.92,78.39,0.01,1.95,60.61,-14.34538,-70.0321,4130
Crucero,2000-05-16,5.92,14.36,-1.06,75.24,0.64,1.54,60.57,-14.34538,-70.0321,4130
Crucero,2000-05-17,4.04,9.16,1.42,86.05,0.1,0.95,60.7,-14.34538,-70.0321,4130
Crucero,2000-05-18,5.65,12.9,0.27,74.69,0.0,1.18,60.71,-14.34538,-70.0321,4130
Crucero,2000-05-19,5.15,12.35,0.61,77.54,0.0,1.38,60.65,-14.34538,-70.0321,4130
Crucero,2000-05-20,4.93,13.46,-2.47,68.82,0.0,1.53,60.65,-14.34538,-70.0321,4130
Crucero,2000-05-21,5.22,13.1,-0.64,73.69,0.18,1.26,60.7,-14.34538,-70.0321,4130
Crucero,2000-05-22,4.81,13.64,-1.9,73.96,0.03,1.14,60.76,-14.34538,-70.0321,4130
Crucero,2000-05-23,4.62,12.73,-2.29,76.61,0.0,1.13,60.82,-14.34538,-70.0321,4130
Crucero,2000-05-24,5.5,13.21,-1.24,71.28,0.0,1.06,60.79,-14.34538,-70.0321,4130
Crucero,2000-05-25,5.33,14.68,-3.09,71.02,0.0,1.39,60.7,-14.34538,-70.0321,4130
Crucero,2000-05-26,6.07,14.19,-0.38,74.12,0.0,1.44,60.69,-14.34538,-70.0321,4130
Crucero,2000-05-27,6.04,13.07,1.79,75.24,0.0,1.3,60.7,-14.34538,-70.0321,4130
Crucero,2000-05-28,4.92,13.05,-1.41,74.01,0.0,1.19,60.66,-14.34538,-70.0321,4130
Crucero,2000-05-29,4.97,13.98,-2.55,71.62,0.0,1.9,60.56,-14.34538,-70.0321,4130
Crucero,2000-05-30,5.08,12.88,-2.65,74.58,0.04,1.88,60.57,-14.34538,-70.0321,4130
Crucero,2000-05-31,3.52,8.97,-0.4,82.01,0.01,1.28,60.61,-14.34538,-70.0321,4130
Crucero,2000-06-01,3.63,12.11,-1.87,78.1,0.68,2.66,60.5,-14.34538,-70.0321,4130
Crucero,2000-06-02,3.49,11.82,-2.03,74.21,0.46,2.9,60.56,-14.34538,-70.0321,4130
Crucero,2000-06-03,3.24,13.02,-4.38,68.35,0.07,1.44,60.67,-14.34538,-70.0321,4130
Crucero,2000-06-04,3.98,12.15,-2.78,78.41,0.02,1.35,60.73,-14.34538,-70.0321,4130
Crucero,2000-06-05,3.61,9.38,0.39,85.35,0.0,1.47,60.69,-14.34538,-70.0321,4130
Crucero,2000-06-06,3.43,9.91,-1.12,81.77,0.01,1.79,60.71,-14.34538,-70.0321,4130
Crucero,2000-06-07,3.57,9.74,0.41,83.94,0.04,1.51,60.69,-14.34538,-70.0321,4130
Crucero,2000-06-08,3.47,9.85,0.35,84.38,5.74,1.53,60.67,-14.34538,-70.0321,4130
Crucero,2000-06-09,2.13,7.74,-0.45,87.1,4.07,1.07,60.66,-14.34538,-70.0321,4130
Crucero,2000-06-10,2.99,10.84,-3.86,79.64,1.5,1.96,60.63,-14.34538,-70.0321,4130
Crucero,2000-06-11,3.92,11.19,-1.77,78.14,0.01,1.74,60.63,-14.34538,-70.0321,4130
Crucero,2000-06-12,4.05,12.77,-2.13,71.58,0.0,1.94,60.62,-14.34538,-70.0321,4130
Crucero,2000-06-13,3.26,13.22,-4.46,66.46,0.0,1.82,60.58,-14.34538,-70.0321,4130
Crucero,2000-06-14,3.56,13.06,-3.48,71.61,0.0,2.2,60.55,-14.34538,-70.0321,4130
Crucero,2000-06-15,2.97,10.63,-2.36,81.68,0.36,2.08,60.53,-14.34538,-70.0321,4130
Crucero,2000-06-16,2.82,9.53,-1.5,85.21,0.24,1.92,60.54,-14.34538,-70.0321,4130
Crucero,2000-06-17,2.87,8.8,-0.98,84.84,0.32,2.13,60.58,-14.34538,-70.0321,4130
Crucero,2000-06-18,3.03,10.83,-3.47,80.3,0.16,2.22,60.62,-14.34538,-70.0321,4130
Crucero,2000-06-19,2.82,12.19,-3.94,67.76,0.05,2.24,60.65,-14.34538,-70.0321,4130
Crucero,2000-06-20,2.72,11.98,-4.41,67.51,0.02,1.46,60.68,-14.34538,-70.0321,4130
Crucero,2000-06-21,3.48,12.51,-3.21,71.06,0.0,1.1,60.7,-14.34538,-70.0321,4130
Crucero,2000-06-22,3.77,12.87,-3.06,74.33,0.0,1.27,60.63,-14.34538,-70.0321,4130
Crucero,2000-06-23,3.54,13.42,-3.24,66.46,0.0,2.15,60.62,-14.34538,-70.0321,4130
Crucero,2000-06-24,3.96,12.97,-3.55,74.59,0.0,1.8,60.59,-14.34538,-70.0321,4130
Crucero,2000-06-25,4.71,12.31,0.01,74.42,0.0,2.04,60.55,-14.34538,-70.0321,4130
Crucero,2000-06-26,4.26,12.39,-1.19,75.45,0.0,1.62,60.57,-14.34538,-70.0321,4130
Crucero,2000-06-27,4.26,12.22,-0.92,76.58,0.0,1.72,60.6,-14.34538,-70.0321,4130
Crucero,2000-06-28,4.33,12.71,-1.57,73.84,0.02,2.1,60.59,-14.34538,-70.0321,4130
Crucero,2000-06-29,3.8,13.24,-3.85,55.41,0.0,2.13,60.59,-14.34538,-70.0321,4130
Crucero,2000-06-30,3.66,12.95,-4.19,56.11,0.0,1.56,60.62,-14.34538,-70.0321,4130
Crucero,2000-07-01,4.78,12.63,-1.25,66.86,0.0,1.29,60.58,-14.34538,-70.0321,4130
Crucero,2000-07-02,3.37,11.97,-3.67,55.96,0.0,1.48,60.65,-14.34538,-70.0321,4130
Crucero,2000-07-03,3.46,10.23,-1.1,73.82,0.27,1.2,60.7,-14.34538,-70.0321,4130
Crucero,2000-07-04,2.93,10.35,-1.99,72.34,0.14,1.11,60.68,-14.34538,-70.0321,4130
Crucero,2000-07-05,2.72,10.45,-4.17,71.44,0.14,0.85,60.63,-14.34538,-70.0321,4130
Crucero,2000-07-06,2.27,9.8,-4.34,78.0,0.0,1.31,60.54,-14.34538,-70.0321,4130
Crucero,2000-07-07,3.56,12.6,-3.41,73.4,0.0,2.19,60.5,-14.34538,-70.0321,4130
Crucero,2000-07-08,3.73,10.49,-1.06,76.92,0.02,2.08,60.47,-14.34538,-70.0321,4130
Crucero,2000-07-09,3.0,10.98,-3.23,74.49,0.0,3.1,60.44,-14.34538,-70.0321,4130
Crucero,2000-07-10,1.83,12.26,-5.93,53.44,0.02,2.91,60.5,-14.34538,-70.0321,4130
Crucero,2000-07-11,0.33,8.56,-7.2,47.58,0.24,1.44,60.63,-14.34538,-70.0321,4130
Crucero,2000-07-12,0.61,6.23,-2.93,81.88,0.24,0.97,60.71,-14.34538,-70.0321,4130
Crucero,2000-07-13,2.92,12.43,-4.26,69.14,0.09,1.45,60.7,-14.34538,-70.0321,4130
Crucero,2000-07-14,3.49,11.68,-2.82,70.84,0.02,1.74,60.65,-14.34538,-70.0321,4130
Crucero,2000-07-15,3.44,13.0,-4.53,61.29,0.0,1.38,60.66,-14.34538,-70.0321,4130
Crucero,2000-07-16,2.94,12.99,-4.54,67.3,0.14,1.83,60.6,-14.34538,-70.0321,4130
Crucero,2000-07-17,3.01,13.04,-4.18,68.4,0.05,2.08,60.49,-14.34538,-70.0321,4130
Crucero,2000-07-18,3.14,12.82,-3.91,69.97,0.0,2.53,60.49,-14.34538,-70.0321,4130
Crucero,2000-07-19,2.44,9.08,-1.49,79.76,0.06,2.32,60.52,-14.34538,-70.0321,4130
Crucero,2000-07-20,2.77,11.09,-3.62,74.01,0.08,2.02,60.41,-14.34538,-70.0321,4130
Crucero,2000-07-21,2.72,12.12,-3.63,72.66,0.02,3.22,60.33,-14.34538,-70.0321,4130
Crucero,2000-07-22,2.17,11.81,-4.26,69.62,0.28,3.18,60.48,-14.34538,-70.0321,4130
Crucero,2000-07-23,1.76,9.77,-3.96,78.39,0.3,2.07,60.59,-14.34538,-70.0321,4130
Crucero,2000-07-24,0.9,6.63,-4.19,52.49,0.13,2.19,60.64,-14.34538,-70.0321,4130
Crucero,2000-07-25,1.79,12.05,-5.27,48.57,0.0,2.27,60.67,-14.34538,-70.0321,4130
Crucero,2000-07-26,2.65,11.99,-5.6,62.13,0.0,1.16,60.67,-14.34538,-70.0321,4130
Crucero,2000-07-27,2.82,10.95,-4.01,71.38,0.0,1.11,60.67,-14.34538,-70.0321,4130
Crucero,2000-07-28,2.68,10.84,-4.13,69.59,0.0,1.5,60.67,-14.34538,-70.0321,4130
Crucero,2000-07-29,2.92,11.64,-4.35,67.58,0.0,1.35,60.58,-14.34538,-70.0321,4130
Crucero,2000-07-30,2.92,12.97,-4.18,69.21,0.0,2.48,60.53,-14.34538,-70.0321,4130
Crucero,2000-07-31,3.11,12.46,-4.51,63.88,0.01,2.05,60.54,-14.34538,-70.0321,4130
Crucero,2000-08-01,4.11,13.25,-4.05,63.06,0.0,1.97,60.54,-14.34538,-70.0321,4130
Crucero,2000-08-02,4.5,12.7,-2.88,66.16,0.24,1.35,60.57,-14.34538,-70.0321,4130
Crucero,2000-08-03,2.57,7.71,-0.14,83.77,0.14,1.82,60.69,-14.34538,-70.0321,4130
Crucero,2000-08-04,3.34,9.7,-0.93,78.71,0.0,1.31,60.71,-14.34538,-70.0321,4130
Crucero,2000-08-05,5.26,14.06,-2.43,68.79,0.0,1.5,60.62,-14.34538,-70.0321,4130
Crucero,2000-08-06,3.12,10.29,-1.32,81.49,0.17,0.93,60.64,-14.34538,-70.0321,4130
Crucero,2000-08-07,4.29,12.18,-2.03,71.26,0.33,1.13,60.65,-14.34538,-70.0321,4130
Crucero,2000-08-08,4.85,12.25,-0.91,70.46,0.52,0.9,60.62,-14.34538,-70.0321,4130
Crucero,2000-08-09,2.88,8.15,-1.22,77.14,0.06,1.28,60.7,-14.34538,-70.0321,4130
Crucero,2000-08-10,2.87,7.0,0.82,85.88,0.75,2.86,60.75,-14.34538,-70.0321,4130
Crucero,2000-08-11,3.57,9.85,-0.65,80.26,0.29,3.31,60.77,-14.34538,-70.0321,4130
Crucero,2000-08-12,2.9,8.17,-1.19,80.9,0.03,1.11,60.72,-14.34538,-70.0321,4130
Crucero,2000-08-13,3.77,11.87,-2.09,75.77,1.53,2.17,60.63,-14.34538,-70.0321,4130
Crucero,2000-08-14,3.85,11.68,-2.48,75.43,1.26,1.81,60.69,-14.34538,-70.0321,4130
Crucero,2000-08-15,4.2,11.61,-1.6,77.28,0.39,2.26,60.75,-14.34538,-70.0321,4130
Crucero,2000-08-16,4.03,11.36,-1.15,72.49,0.06,1.59,60.7,-14.34538,-70.0321,4130
Crucero,2000-08-17,4.34,13.39,-3.8,70.36,0.0,1.69,60.67,-14.34538,-70.0321,4130
Crucero,2000-08-18,3.37,9.12,-0.24,72.28,0.01,2.51,60.74,-14.34538,-70.0321,4130
Crucero,2000-08-19,4.04,11.36,-0.97,73.31,0.0,2.55,60.73,-14.34538,-70.0321,4130
Crucero,2000-08-20,3.08,7.97,0.19,80.16,1.3,1.8,60.7,-14.34538,-70.0321,4130
Crucero,2000-08-21,2.16,6.53,-0.57,84.37,1.33,1.79,60.64,-14.34538,-70.0321,4130
Crucero,2000-08-22,4.59,12.96,-1.97,74.25,0.05,2.21,60.64,-14.34538,-70.0321,4130
Crucero,2000-08-23,5.23,13.0,-1.33,73.66,0.0,2.25,60.61,-14.34538,-70.0321,4130
Crucero,2000-08-24,6.29,14.67,-0.11,70.02,0.05,2.36,60.58,-14.34538,-70.0321,4130
Crucero,2000-08-25,6.31,15.7,-0.59,67.9,0.06,3.6,60.53,-14.34538,-70.0321,4130
Crucero,2000-08-26,6.11,15.05,-1.98,66.17,0.08,2.79,60.52,-14.34538,-70.0321,4130
Crucero,2000-08-27,5.77,13.75,-0.51,69.26,0.0,2.59,60.56,-14.34538,-70.0321,4130
Crucero,2000-08-28,6.22,16.03,-2.78,57.8,0.02,2.25,60.55,-14.34538,-70.0321,4130
Crucero,2000-08-29,6.92,16.69,-2.16,61.68,0.0,2.69,60.5,-14.34538,-70.0321,4130
Crucero,2000-08-30,3.73,7.57,0.23,81.67,0.0,1.38,60.56,-14.34538,-70.0321,4130
Crucero,2000-08-31,5.31,13.94,-0.82,72.93,0.56,3.22,60.64,-14.34538,-70.0321,4130
Crucero,2000-09-01,6.06,14.58,0.69,71.18,0.91,3.91,60.57,-14.34538,-70.0321,4130
Crucero,2000-09-02,4.9,14.04,-1.19,74.23,0.18,2.88,60.51,-14.34538,-70.0321,4130
Crucero,2000-09-03,5.99,14.73,-0.79,61.9,0.04,1.71,60.53,-14.34538,-70.0321,4130
Crucero,2000-09-04,6.04,15.77,-2.54,52.96,0.0,2.25,60.55,-14.34538,-70.0321,4130
Crucero,2000-09-05,6.71,16.59,-1.81,60.44,0.0,2.12,60.56,-14.34538,-70.0321,4130
Crucero,2000-09-06,5.45,13.9,-0.32,72.07,0.0,1.33,60.57,-14.34538,-70.0321,4130
Crucero,2000-09-07,6.89,15.74,0.17,63.72,0.0,1.99,60.47,-14.34538,-70.0321,4130
Crucero,2000-09-08,4.51,13.12,-1.28,73.89,0.0,1.93,60.42,-14.34538,-70.0321,4130
Crucero,2000-09-09,5.76,14.85,0.06,71.63,0.17,2.56,60.42,-14.34538,-70.0321,4130
Crucero,2000-09-10,4.49,12.44,-0.93,72.88,0.01,2.61,60.54,-14.34538,-70.0321,4130
Crucero,2000-09-11,5.8,14.63,-2.07,65.92,0.0,2.06,60.53,-14.34538,-70.0321,4130
Crucero,2000-09-12,6.25,16.07,-2.46,65.25,0.0,1.97,60.57,-14.34538,-70.0321,4130
Crucero,2000-09-13,6.86,16.82,-2.23,64.14,0.0,2.48,60.64,-14.34538,-70.0321,4130
Crucero,2000-09-14,7.24,15.56,1.27,70.01,0.57,2.81,60.7,-14.34538,-70.0321,4130
Crucero,2000-09-15,3.94,8.24,1.49,83.81,0.87,2.45,60.72,-14.34538,-70.0321,4130
Crucero,2000-09-16,5.66,12.49,0.94,73.67,0.19,2.0,60.72,-14.34538,-70.0321,4130
Crucero,2000-09-17,5.38,14.2,-2.71,65.98,0.0,3.32,60.72,-14.34538,-70.0321,4130
Crucero,2000-09-18,6.17,15.74,-0.47,70.94,0.0,2.51,60.68,-14.34538,-70.0321,4130
Crucero,2000-09-19,5.71,13.55,1.18,69.7,0.11,3.22,60.72,-14.34538,-70.0321,4130
Crucero,2000-09-20,6.05,14.03,0.55,65.15,0.02,3.19,60.7,-14.34538,-70.0321,4130
Crucero,2000-09-21,5.47,13.22,0.52,72.41,0.35,1.74,60.7,-14.34538,-70.0321,4130
Crucero,2000-09-22,4.03,8.75,0.1,76.09,0.29,3.29,60.66,-14.34538,-70.0321,4130
Crucero,2000-09-23,6.32,15.83,-1.82,59.22,0.42,1.75,60.55,-14.34538,-70.0321,4130
Crucero,2000-09-24,5.2,14.96,-3.53,59.71,1.29,2.81,60.56,-14.34538,-70.0321,4130
Crucero,2000-09-25,6.1,14.05,1.05,69.93,0.33,2.89,60.61,-14.34538,-70.0321,4130
Crucero,2000-09-26,5.94,16.12,-1.42,63.28,0.39,2.24,60.66,-14.34538,-70.0321,4130
Crucero,2000-09-27,5.83,16.56,-2.14,63.95,1.26,2.15,60.66,-14.34538,-70.0321,4130
Crucero,2000-09-28,5.65,15.88,-2.31,61.21,0.04,1.86,60.6,-14.34538,-70.0321,4130
Crucero,2000-09-29,5.61,15.67,-3.0,62.9,0.0,1.95,60.58,-14.34538,-70.0321,4130
Crucero,2000-09-30,5.71,15.14,-1.39,67.47,0.0,2.42,60.67,-14.34538,-70.0321,4130
Crucero,2000-10-01,5.54,15.6,-4.07,63.17,0.01,2.61,60.77,-14.34538,-70.0321,4130
Crucero,2000-10-02,6.49,15.74,-1.48,64.86,0.0,2.73,60.76,-14.34538,-70.0321,4130
Crucero,2000-10-03,6.62,16.57,-0.66,68.25,0.5,2.37,60.62,-14.34538,-70.0321,4130
Crucero,2000-10-04,5.0,12.04,1.57,74.71,0.8,2.04,60.6,-14.34538,-70.0321,4130
Crucero,2000-10-05,5.73,12.84,0.17,70.59,3.57,2.13,60.58,-14.34538,-70.0321,4130
Crucero,2000-10-06,4.74,9.47,0.14,74.31,0.72,2.56,60.59,-14.34538,-70.0321,4130
Crucero,2000-10-07,5.07,13.39,-2.1,67.98,0.02,1.8,60.62,-14.34538,-70.0321,4130
Crucero,2000-10-08,4.01,10.13,0.51,74.3,0.55,2.15,60.6,-14.34538,-70.0321,4130
Crucero,2000-10-09,4.54,11.55,-0.28,75.71,0.07,2.44,60.61,-14.34538,-70.0321,4130
Crucero,2000-10-10,4.53,11.16,1.17,78.34,3.44,2.43,60.61,-14.34538,-70.0321,4130
Crucero,2000-10-11,3.32,7.67,0.76,81.84,8.99,2.29,60.62,-14.34538,-70.0321,4130
Crucero,2000-10-12,4.73,12.58,-1.38,72.12,0.68,1.55,60.62,-14.34538,-70.0321,4130
Crucero,2000-10-13,3.77,9.24,0.47,76.18,0.34,1.91,60.64,-14.34538,-70.0321,4130
Crucero,2000-10-14,3.17,7.65,-0.41,82.08,8.61,1.43,60.68,-14.34538,-70.0321,4130
Crucero,2000-10-15,2.42,7.22,-0.41,84.4,6.52,2.74,60.69,-14.34538,-70.0321,4130
Crucero,2000-10-16,3.31,10.12,-2.42,75.84,1.03,2.17,60.68,-14.34538,-70.0321,4130
Crucero,2000-10-17,3.24,7.44,0.21,81.73,1.03,1.09,60.73,-14.34538,-70.0321,4130
Crucero,2000-10-18,4.99,12.15,0.06,77.85,0.34,2.65,60.78,-14.34538,-70.0321,4130
Crucero,2000-10-19,4.95,12.46,0.91,77.97,1.4,2.43,60.73,-14.34538,-70.0321,4130
Crucero,2000-10-20,6.33,14.5,0.97,70.79,0.13,3.19,60.68,-14.34538,-70.0321,4130
Crucero,2000-10-21,5.57,13.66,0.63,73.91,1.59,2.35,60.59,-14.34538,-70.0321,4130
Crucero,2000-10-22,3.54,9.04,0.2,81.64,3.61,1.67,60.53,-14.34538,-70.0321,4130
Crucero,2000-10-23,6.94,15.17,-0.69,66.7,0.28,1.78,60.49,-14.34538,-70.0321,4130
Crucero,2000-10-24,5.05,11.99,0.88,74.39,8.79,2.74,60.46,-14.34538,-70.0321,4130
Crucero,2000-10-25,4.58,11.62,-0.05,75.57,8.34,1.44,60.46,-14.34538,-70.0321,4130
Crucero,2000-10-26,5.13,11.91,-0.18,78.57,1.59,1.61,60.51,-14.34538,-70.0321,4130
Crucero,2000-10-27,6.09,14.01,0.16,75.15,2.93,2.75,60.65,-14.34538,-70.0321,4130
Crucero,2000-10-28,4.54,11.91,0.78,78.78,0.6,1.88,60.69,-14.34538,-70.0321,4130
Crucero,2000-10-29,6.03,14.06,1.1,72.31,0.1,1.53,60.6,-14.34538,-70.0321,4130
Crucero,2000-10-30,7.38,16.8,-0.14,67.16,0.06,1.91,60.54,-14.34538,-70.0321,4130
Crucero,2000-10-31,8.01,16.31,0.68,61.81,0.01,1.63,60.52,-14.34538,-70.0321,4130
Crucero,2000-11-01,7.39,15.33,1.42,63.6,0.0,1.92,60.5,-14.34538,-70.0321,4130
Crucero,2000-11-02,6.96,14.06,1.97,70.71,1.68,2.29,60.48,-14.34538,-70.0321,4130
Crucero,2000-11-03,7.54,17.38,1.18,61.63,0.69,1.22,60.36,-14.34538,-70.0321,4130
Crucero,2000-11-04,7.43,16.83,-2.05,45.83,0.03,1.62,60.31,-14.34538,-70.0321,4130
Crucero,2000-11-05,7.55,17.58,-2.84,42.23,0.27,1.76,60.27,-14.34538,-70.0321,4130
Crucero,2000-11-06,7.41,17.14,-2.5,45.2,4.8,1.79,60.28,-14.34538,-70.0321,4130
Crucero,2000-11-07,7.16,17.43,-2.08,43.29,1.33,1.4,60.32,-14.34538,-70.0321,4130
Crucero,2000-11-08,6.95,17.11,-4.37,42.23,0.01,1.87,60.33,-14.34538,-70.0321,4130
Crucero,2000-11-09,7.75,17.63,-2.24,46.72,0.01,1.48,60.3,-14.34538,-70.0321,4130
Crucero,2000-11-10,8.45,17.67,-0.83,47.57,0.14,1.43,60.35,-14.34538,-70.0321,4130
Crucero,2000-11-11,8.72,18.03,0.09,43.69,0.16,1.12,60.33,-14.34538,-70.0321,4130
Crucero,2000-11-12,8.59,18.35,-1.13,43.82,0.02,2.06,60.28,-14.34538,-70.0321,4130
Crucero,2000-11-13,8.12,18.36,-0.8,39.53,0.0,1.71,60.33,-14.34538,-70.0321,4130
Crucero,2000-11-14,7.18,17.52,-4.89,42.79,1.19,2.23,60.35,-14.34538,-70.0321,4130
Crucero,2000-11-15,3.68,6.78,0.85,80.77,1.71,1.83,60.42,-14.34538,-70.0321,4130
Crucero,2000-11-16,7.04,16.54,-1.47,65.05,0.92,1.57,60.45,-14.34538,-70.0321,4130
Crucero,2000-11-17,7.39,16.32,1.32,67.28,0.41,2.57,60.56,-14.34538,-70.0321,4130
Crucero,2000-11-18,8.07,17.29,0.59,63.16,0.0,2.07,60.56,-14.34538,-70.0321,4130
Crucero,2000-11-19,9.44,18.61,1.43,56.6,0.71,1.95,60.49,-14.34538,-70.0321,4130
Crucero,2000-11-20,8.7,18.27,0.69,54.98,0.12,2.0,60.5,-14.34538,-70.0321,4130
Crucero,2000-11-21,7.14,17.09,-0.93,56.66,0.21,2.4,60.53,-14.34538,-70.0321,4130
Crucero,2000-11-22,6.42,16.25,-1.76,68.08,0.27,3.22,60.59,-14.34538,-70.0321,4130
Crucero,2000-11-23,5.64,13.74,-1.89,69.82,0.11,2.74,60.65,-14.34538,-70.0321,4130
Crucero,2000-11-24,6.35,15.17,0.72,73.93,0.1,2.31,60.61,-14.34538,-70.0321,4130
Crucero,2000-11-25,6.47,11.21,2.92,75.61,5.65,1.97,60.65,-14.34538,-70.0321,4130
Crucero,2000-11-26,5.39,10.04,1.84,79.07,1.21,1.35,60.59,-14.34538,-70.0321,4130
Crucero,2000-11-27,7.01,12.96,2.87,77.31,0.08,2.47,60.59,-14.34538,-70.0321,4130
Crucero,2000-11-28,7.09,13.99,2.14,74.77,2.43,2.06,60.59,-14.34538,-70.0321,4130
Crucero,2000-11-29,6.3,14.73,0.3,74.1,2.32,2.95,60.62,-14.34538,-70.0321,4130
Crucero,2000-11-30,5.15,10.73,1.71,75.77,0.44,2.67,60.62,-14.34538,-70.0321,4130
Crucero,2000-12-01,3.88,8.96,0.8,80.94,2.15,1.65,60.62,-14.34538,-70.0321,4130
Crucero,2000-12-02,8.1,17.64,1.26,62.12,0.53,2.24,60.53,-14.34538,-70.0321,4130
Crucero,2000-12-03,7.29,14.39,1.38,54.77,0.03,1.26,60.5,-14.34538,-70.0321,4130
Crucero,2000-12-04,7.22,16.49,-0.51,57.0,1.59,1.63,60.47,-14.34538,-70.0321,4130
Crucero,2000-12-05,3.59,6.97,0.69,84.11,2.26,1.94,60.49,-14.34538,-70.0321,4130
Crucero,2000-12-06,4.54,9.7,1.17,80.58,6.48,1.57,60.56,-14.34538,-70.0321,4130
Crucero,2000-12-07,5.2,12.19,1.0,72.36,6.75,1.92,60.59,-14.34538,-70.0321,4130
Crucero,2000-12-08,5.09,11.2,0.21,75.85,5.68,0.77,60.62,-14.34538,-70.0321,4130
Crucero,2000-12-09,4.81,9.89,0.59,80.99,7.46,1.17,60.67,-14.34538,-70.0321,4130
Crucero,2000-12-10,5.09,12.31,0.44,80.85,5.41,2.06,60.55,-14.34538,-70.0321,4130
Crucero,2000-12-11,6.12,14.05,-0.7,65.68,0.95,2.82,60.43,-14.34538,-70.0321,4130
Crucero,2000-12-12,7.13,15.18,0.34,58.06,1.44,1.62,60.38,-14.34538,-70.0321,4130
Crucero,2000-12-13,8.35,17.35,0.03,47.35,0.09,1.93,60.43,-14.34538,-70.0321,4130
Crucero,2000-12-14,8.02,17.74,-2.17,49.37,0.15,2.0,60.41,-14.34538,-70.0321,4130
Crucero,2000-12-15,7.52,16.09,-2.06,57.79,0.14,2.53,60.35,-14.34538,-70.0321,4130
Crucero,2000-12-16,5.77,11.26,2.12,74.48,8.26,2.93,60.53,-14.34538,-70.0321,4130
Crucero,2000-12-17,6.46,14.82,0.84,68.78,5.02,2.36,60.58,-14.34538,-70.0321,4130
Crucero,2000-12-18,6.95,14.92,-0.45,67.93,0.28,2.41,60.48,-14.34538,-70.0321,4130
Crucero,2000-12-19,7.56,16.72,-0.3,63.53,0.0,2.48,60.45,-14.34538,-70.0321,4130
Crucero,2000-12-20,6.98,15.7,-0.06,69.55,0.15,2.62,60.48,-14.34538,-70.0321,4130
Crucero,2000-12-21,7.33,15.96,2.18,71.01,0.82,3.1,60.48,-14.34538,-70.0321,4130
Crucero,2000-12-22,5.02,9.7,1.44,79.24,3.52,3.06,60.56,-14.34538,-70.0321,4130
Crucero,2000-12-23,5.46,11.88,0.87,77.47,4.03,1.52,60.63,-14.34538,-70.0321,4130
Crucero,2000-12-24,5.78,9.94,2.41,77.11,1.55,0.89,60.6,-14.34538,-70.0321,4130
Crucero,2000-12-25,5.57,11.9,1.78,79.31,2.83,1.74,60.55,-14.34538,-70.0321,4130
Crucero,2000-12-26,3.64,8.56,0.96,83.88,2.56,1.86,60.53,-14.34538,-70.0321,4130
Crucero,2000-12-27,5.13,11.36,1.17,79.97,1.44,2.47,60.52,-14.34538,-70.0321,4130
Crucero,2000-12-28,5.92,13.27,-1.24,77.74,8.31,3.67,60.5,-14.34538,-70.0321,4130
Crucero,2000-12-29,5.46,9.44,2.55,84.48,8.66,1.92,60.53,-14.34538,-70.0321,4130
Crucero,2000-12-30,5.46,11.58,2.04,83.09,14.38,1.87,60.52,-14.34538,-70.0321,4130
Crucero,2000-12-31,4.31,9.41,1.21,84.42,7.34,1.32,60.6,-14.34538,-70.0321,4130
Crucero,2001-01-01,4.8,10.2,1.11,84.38,22.33,1.43,60.62,-14.34538,-70.0321,4130
Crucero,2001-01-02,5.75,11.95,1.36,83.0,7.63,2.05,60.59,-14.34538,-70.0321,4130
Crucero,2001-01-03,6.0,13.52,1.18,80.38,4.78,1.81,60.59,-14.34538,-70.0321,4130
Crucero,2001-01-04,4.67,9.41,0.91,82.04,14.67,1.93,60.59,-14.34538,-70.0321,4130
Crucero,2001-01-05,5.38,11.83,0.52,82.42,15.16,3.49,60.56,-14.34538,-70.0321,4130
Crucero,2001-01-06,4.97,12.84,0.82,83.85,12.14,1.08,60.47,-14.34538,-70.0321,4130
Crucero,2001-01-07,4.73,10.13,0.89,85.71,46.62,2.46,60.46,-14.34538,-70.0321,4130
Crucero,2001-01-08,3.38,7.06,0.36,89.3,12.17,2.04,60.47,-14.34538,-70.0321,4130
Crucero,2001-01-09,5.28,11.67,0.19,83.77,14.45,1.54,60.42,-14.34538,-70.0321,4130
Crucero,2001-01-10,4.41,11.31,0.33,84.91,5.3,1.46,60.41,-14.34538,-70.0321,4130
Crucero,2001-01-11,4.0,10.33,0.77,86.31,4.29,2.2,60.47,-14.34538,-70.0321,4130
Crucero,2001-01-12,4.6,11.43,0.47,84.47,9.25,1.58,60.46,-14.34538,-70.0321,4130
Crucero,2001-01-13,3.7,8.68,0.06,86.63,5.47,1.2,60.44,-14.34538,-70.0321,4130
Crucero,2001-01-14,3.06,6.93,0.58,89.55,5.26,1.69,60.55,-14.34538,-70.0321,4130
Crucero,2001-01-15,4.22,9.46,0.68,87.79,28.09,2.46,60.53,-14.34538,-70.0321,4130
Crucero,2001-01-16,4.59,10.68,0.64,84.03,9.05,1.64,60.48,-14.34538,-70.0321,4130
Crucero,2001-01-17,3.06,5.9,0.46,90.12,7.56,1.69,60.52,-14.34538,-70.0321,4130
Crucero,2001-01-18,3.74,9.82,0.58,87.81,11.68,1.53,60.53,-14.34538,-70.0321,4130
Crucero,2001-01-19,3.56,10.05,-1.75,88.28,8.37,2.66,60.6,-14.34538,-70.0321,4130
Crucero,2001-01-20,3.73,10.1,-0.55,86.85,11.22,2.22,60.68,-14.34538,-70.0321,4130
Crucero,2001-01-21,3.88,10.02,-0.03,85.57,1.72,1.61,60.57,-14.34538,-70.0321,4130
Crucero,2001-01-22,2.98,7.12,-0.2,87.36,19.16,1.68,60.54,-14.34538,-70.0321,4130
Crucero,2001-01-23,3.9,9.26,0.86,89.43,17.96,1.63,60.53,-14.34538,-70.0321,4130
Crucero,2001-01-24,4.27,9.65,1.02,87.51,8.53,2.25,60.65,-14.34538,-70.0321,4130
Crucero,2001-01-25,4.72,11.3,-1.45,85.47,3.78,2.12,60.64,-14.34538,-70.0321,4130
Crucero,2001-01-26,4.65,10.68,1.04,87.14,8.99,2.04,60.54,-14.34538,-70.0321,4130
Crucero,2001-01-27,3.9,10.22,-0.15,89.43,8.94,1.99,60.51,-14.34538,-70.0321,4130
Crucero,2001-01-28,4.63,10.6,0.73,87.05,8.9,1.35,60.54,-14.34538,-70.0321,4130
Crucero,2001-01-29,4.42,9.56,0.53,88.6,4.09,1.34,60.5,-14.34538,-70.0321,4130
Crucero,2001-01-30,4.57,10.49,0.97,88.27,5.78,1.58,60.45,-14.34538,-70.0321,4130
Crucero,2001-01-31,4.86,10.43,0.87,88.32,7.76,1.42,60.43,-14.34538,-70.0321,4130
Crucero,2001-02-01,5.62,11.68,2.28,88.58,4.85,2.9,60.37,-14.34538,-70.0321,4130
Crucero,2001-02-02,4.93,8.53,1.65,88.78,2.91,1.55,60.37,-14.34538,-70.0321,4130
Crucero,2001-02-03,5.03,9.85,1.99,88.96,3.63,2.31,60.37,-14.34538,-70.0321,4130
Crucero,2001-02-04,5.21,10.65,0.67,85.8,0.57,3.32,60.52,-14.34538,-70.0321,4130
Crucero,2001-02-05,4.29,10.87,-2.27,83.3,0.37,2.84,60.6,-14.34538,-70.0321,4130
Crucero,2001-02-06,4.92,10.85,0.32,84.39,0.15,2.84,60.61,-14.34538,-70.0321,4130
Crucero,2001-02-07,5.31,12.04,-1.34,80.92,0.29,2.27,60.59,-14.34538,-70.0321,4130
Crucero,2001-02-08,5.32,12.02,-0.47,82.59,0.64,2.05,60.6,-14.34538,-70.0321,4130
Crucero,2001-02-09,5.92,12.94,-0.12,81.09,0.09,1.86,60.53,-14.34538,-70.0321,4130
Crucero,2001-02-10,6.46,12.75,1.87,83.76,1.32,2.24,60.45,-14.34538,-70.0321,4130
Crucero,2001-02-11,5.71,10.39,2.11,85.98,2.21,2.84,60.52,-14.34538,-70.0321,4130
Crucero,2001-02-12,4.51,10.91,-0.89,86.59,17.58,3.19,60.57,-14.34538,-70.0321,4130
Crucero,2001-02-13,5.13,11.29,-0.13,86.07,2.0,1.97,60.58,-14.34538,-70.0321,4130
Crucero,2001-02-14,5.42,9.36,2.13,88.29,5.57,1.51,60.47,-14.34538,-70.0321,4130
Crucero,2001-02-15,4.46,8.68,1.41,89.27,5.03,2.11,60.44,-14.34538,-70.0321,4130
Crucero,2001-02-16,4.4,8.07,1.04,88.56,2.75,1.8,60.55,-14.34538,-70.0321,4130
Crucero,2001-02-17,3.32,6.62,1.03,91.98,9.44,1.85,60.6,-14.34538,-70.0321,4130
Crucero,2001-02-18,4.17,11.05,0.62,87.94,16.06,1.71,60.6,-14.34538,-70.0321,4130
Crucero,2001-02-19,3.77,9.48,0.45,89.37,8.82,1.6,60.63,-14.34538,-70.0321,4130
Crucero,2001-02-20,4.48,10.88,-0.14,85.6,11.54,0.94,60.55,-14.34538,-70.0321,4130
Crucero,2001-02-21,5.92,12.39,1.14,82.6,3.42,1.91,60.44,-14.34538,-70.0321,4130
Crucero,2001-02-22,4.3,11.02,1.1,87.83,3.84,1.72,60.43,-14.34538,-70.0321,4130
Crucero,2001-02-23,3.79,10.15,0.61,89.29,1.85,1.7,60.48,-14.34538,-70.0321,4130
Crucero,2001-02-24,3.75,7.05,0.7,90.8,14.8,1.21,60.58,-14.34538,-70.0321,4130
Crucero,2001-02-25,5.15,10.51,0.3,87.22,10.64,1.79,60.59,-14.34538,-70.0321,4130
Crucero,2001-02-26,4.69,10.49,0.71,87.29,9.22,1.58,60.51,-14.34538,-70.0321,4130
Crucero,2001-02-27,3.52,8.26,0.01,90.54,8.91,1.03,60.49,-14.34538,-70.0321,4130
Crucero,2001-02-28,5.18,11.19,0.03,87.0,2.84,2.93,60.53,-14.34538,-70.0321,4130
Crucero,2001-03-01,4.83,11.25,-1.96,82.92,1.65,2.72,60.52,-14.34538,-70.0321,4130
Crucero,2001-03-02,4.03,9.8,-2.23,86.16,2.3,3.41,60.57,-14.34538,-70.0321,4130
Crucero,2001-03-03,5.07,10.36,1.27,87.45,2.97,2.47,60.65,-14.34538,-70.0321,4130
Crucero,2001-03-04,5.93,12.25,0.27,84.98,0.24,2.34,60.74,-14.34538,-70.0321,4130
Crucero,2001-03-05,4.84,9.16,1.33,87.98,8.14,1.69,60.67,-14.34538,-70.0321,4130
Crucero,2001-03-06,3.96,7.88,1.17,92.16,64.03,1.9,60.6,-14.34538,-70.0321,4130
Crucero,2001-03-07,4.47,10.32,0.51,88.29,13.33,1.59,60.68,-14.34538,-70.0321,4130
Crucero,2001-03-08,4.64,11.1,0.57,88.64,12.44,1.81,60.65,-14.34538,-70.0321,4130
Crucero,2001-03-09,5.07,12.06,0.82,87.42,7.81,1.95,60.61,-14.34538,-70.0321,4130
Crucero,2001-03-10,4.5,8.54,1.16,90.51,2.25,1.69,60.58,-14.34538,-70.0321,4130
Crucero,2001-03-11,5.17,9.67,1.06,88.56,1.88,1.3,60.59,-14.34538,-70.0321,4130
Crucero,2001-03-12,5.46,12.0,1.06,87.57,6.02,1.91,60.67,-14.34538,-70.0321,4130
Crucero,2001-03-13,4.82,11.8,0.36,86.88,0.54,1.99,60.6,-14.34538,-70.0321,4130
Crucero,2001-03-14,4.5,9.98,-0.03,88.06,0.84,2.34,60.5,-14.34538,-70.0321,4130
Crucero,2001-03-15,4.09,9.95,0.46,86.51,13.87,1.59,60.47,-14.34538,-70.0321,4130
Crucero,2001-03-16,2.43,6.82,-0.63,89.95,5.84,1.99,60.62,-14.34538,-70.0321,4130
Crucero,2001-03-17,3.8,10.27,-1.33,88.78,1.4,2.53,60.63,-14.34538,-70.0321,4130
Crucero,2001-03-18,4.68,11.0,-0.32,87.36,1.56,2.05,60.52,-14.34538,-70.0321,4130
Crucero,2001-03-19,5.1,11.73,-0.5,85.53,0.87,1.8,60.48,-14.34538,-70.0321,4130
Crucero,2001-03-20,5.48,11.42,0.11,85.74,0.46,2.55,60.56,-14.34538,-70.0321,4130
Crucero,2001-03-21,5.05,11.22,1.38,86.33,1.11,1.93,60.57,-14.34538,-70.0321,4130
Crucero,2001-03-22,5.04,12.5,0.29,85.52,0.2,1.71,60.49,-14.34538,-70.0321,4130
Crucero,2001-03-23,5.83,12.43,0.9,82.12,0.07,1.51,60.44,-14.34538,-70.0321,4130
Crucero,2001-03-24,4.23,7.36,1.66,90.28,5.2,1.84,60.5,-14.34538,-70.0321,4130
Crucero,2001-03-25,3.91,8.36,0.78,89.45,2.49,1.3,60.61,-14.34538,-70.0321,4130
Crucero,2001-03-26,4.36,11.07,0.5,87.19,8.54,1.32,60.62,-14.34538,-70.0321,4130
Crucero,2001-03-27,4.49,9.92,0.49,88.23,5.98,1.75,60.63,-14.34538,-70.0321,4130
Crucero,2001-03-28,5.24,11.55,1.04,85.9,2.32,1.61,60.62,-14.34538,-70.0321,4130
Crucero,2001-03-29,4.56,10.75,-0.52,86.04,0.46,2.56,60.69,-14.34538,-70.0321,4130
Crucero,2001-03-30,4.8,11.71,-2.02,84.24,0.02,2.01,60.74,-14.34538,-70.0321,4130
Crucero,2001-03-31,5.98,14.09,-1.65,78.14,0.0,1.13,60.68,-14.34538,-70.0321,4130
Crucero,2001-04-01,5.57,12.02,1.2,85.65,0.0,1.7,60.65,-14.34538,-70.0321,4130
Crucero,2001-04-02,5.11,12.68,-2.07,78.57,0.14,2.08,60.72,-14.34538,-70.0321,4130
Crucero,2001-04-03,5.24,11.46,0.68,81.91,0.04,2.18,60.72,-14.34538,-70.0321,4130
Crucero,2001-04-04,5.56,11.84,1.06,82.64,0.02,1.73,60.63,-14.34538,-70.0321,4130
Crucero,2001-04-05,4.33,10.79,-0.21,84.54,3.48,1.18,60.59,-14.34538,-70.0321,4130
Crucero,2001-04-06,3.52,10.77,-0.81,82.93,4.14,2.48,60.69,-14.34538,-70.0321,4130
Crucero,2001-04-07,3.12,9.76,-1.76,86.44,7.59,2.32,60.8,-14.34538,-70.0321,4130
Crucero,2001-04-08,4.6,11.08,-0.01,84.9,0.45,1.56,60.77,-14.34538,-70.0321,4130
Crucero,2001-04-09,4.51,12.1,-3.34,80.1,4.58,1.94,60.62,-14.34538,-70.0321,4130
Crucero,2001-04-10,4.95,11.58,-0.38,84.74,1.83,2.01,60.57,-14.34538,-70.0321,4130
Crucero,2001-04-11,4.46,11.59,-1.41,81.76,0.27,2.29,60.66,-14.34538,-70.0321,4130
Crucero,2001-04-12,2.79,10.65,-2.96,78.02,0.28,2.21,60.78,-14.34538,-70.0321,4130
Crucero,2001-04-13,2.98,11.13,-3.51,80.76,0.26,1.8,60.79,-14.34538,-70.0321,4130
Crucero,2001-04-14,3.97,12.96,-3.82,75.43,0.01,1.35,60.72,-14.34538,-70.0321,4130
Crucero,2001-04-15,2.68,11.32,-4.18,73.14,0.0,2.01,60.78,-14.34538,-70.0321,4130
Crucero,2001-04-16,3.48,11.78,-2.65,62.24,0.14,1.33,60.84,-14.34538,-70.0321,4130
Crucero,2001-04-17,3.5,12.14,-3.14,75.07,0.13,1.41,60.85,-14.34538,-70.0321,4130
Crucero,2001-04-18,3.82,11.8,-2.75,77.65,0.02,1.03,60.77,-14.34538,-70.0321,4130
Crucero,2001-04-19,5.09,12.64,-2.73,78.9,0.0,1.25,60.69,-14.34538,-70.0321,4130
Crucero,2001-04-20,4.96,10.52,1.91,84.44,0.0,0.86,60.67,-14.34538,-70.0321,4130
Crucero,2001-04-21,4.7,11.94,0.79,82.96,0.41,0.97,60.64,-14.34538,-70.0321,4130
Crucero,2001-04-22,4.13,10.79,-1.14,79.58,0.21,1.53,60.45,-14.34538,-70.0321,4130
Crucero,2001-04-23,2.32,9.81,-2.6,78.63,0.86,1.88,60.45,-14.34538,-70.0321,4130
Crucero,2001-04-24,2.89,9.16,-2.86,82.48,0.74,1.96,60.64,-14.34538,-70.0321,4130
Crucero,2001-04-25,4.19,11.75,-2.36,78.39,0.22,1.38,60.73,-14.34538,-70.0321,4130
Crucero,2001-04-26,3.88,11.6,-2.43,82.39,3.5,1.1,60.7,-14.34538,-70.0321,4130
Crucero,2001-04-27,4.14,10.09,-0.94,83.6,0.25,1.17,60.67,-14.34538,-70.0321,4130
Crucero,2001-04-28,4.77,11.38,-0.17,83.45,0.0,1.47,60.68,-14.34538,-70.0321,4130
Crucero,2001-04-29,4.78,10.25,0.47,86.21,0.59,1.71,60.75,-14.34538,-70.0321,4130
Crucero,2001-04-30,5.26,11.28,1.17,83.23,0.03,0.55,60.74,-14.34538,-70.0321,4130
Crucero,2001-05-01,5.23,11.83,-0.61,83.1,0.0,1.48,60.69,-14.34538,-70.0321,4130
Crucero,2001-05-02,4.07,8.78,0.8,88.85,0.61,1.37,60.75,-14.34538,-70.0321,4130
Crucero,2001-05-03,5.12,12.59,-0.87,80.12,0.16,1.06,60.85,-14.34538,-70.0321,4130
Crucero,2001-05-04,3.51,11.07,-2.0,77.11,0.09,2.05,60.8,-14.34538,-70.0321,4130
Crucero,2001-05-05,4.32,12.93,-3.22,78.85,0.02,1.25,60.65,-14.34538,-70.0321,4130
Crucero,2001-05-06,5.28,11.26,0.9,81.67,0.07,1.5,60.61,-14.34538,-70.0321,4130
Crucero,2001-05-07,3.97,9.45,-0.56,84.22,0.11,1.23,60.68,-14.34538,-70.0321,4130
Crucero,2001-05-08,5.07,11.85,0.09,81.16,0.01,1.24,60.66,-14.34538,-70.0321,4130
Crucero,2001-05-09,5.24,11.25,0.68,78.34,0.0,1.56,60.62,-14.34538,-70.0321,4130
Crucero,2001-05-10,3.74,11.11,-1.37,84.76,0.0,1.47,60.61,-14.34538,-70.0321,4130
Crucero,2001-05-11,4.29,10.6,0.2,86.83,0.84,1.82,60.58,-14.34538,-70.0321,4130
Crucero,2001-05-12,4.2,9.38,0.73,88.9,3.56,1.92,60.59,-14.34538,-70.0321,4130
Crucero,2001-05-13,2.35,8.2,-0.92,91.52,2.91,1.8,60.68,-14.34538,-70.0321,4130
Crucero,2001-05-14,3.72,9.97,-0.18,86.89,0.56,1.57,60.69,-14.34538,-70.0321,4130
Crucero,2001-05-15,2.56,7.25,-1.48,86.25,0.23,2.24,60.69,-14.34538,-70.0321,4130
Crucero,2001-05-16,3.29,10.75,-3.2,79.93,0.01,1.0,60.68,-14.34538,-70.0321,4130
Crucero,2001-05-17,3.28,9.97,-0.56,84.63,0.0,1.59,60.72,-14.34538,-70.0321,4130
Crucero,2001-05-18,4.21,10.98,-0.32,83.61,0.06,1.59,60.76,-14.34538,-70.0321,4130
Crucero,2001-05-19,4.04,11.32,-2.08,81.55,0.02,1.91,60.68,-14.34538,-70.0321,4130
Crucero,2001-05-20,3.01,8.94,-0.2,86.95,0.0,1.52,60.68,-14.34538,-70.0321,4130
Crucero,2001-05-21,3.78,10.88,-1.21,73.93,0.04,2.02,60.72,-14.34538,-70.0321,4130
Crucero,2001-05-22,3.59,12.29,-4.05,63.98,0.15,1.14,60.69,-14.34538,-70.0321,4130
Crucero,2001-05-23,2.82,8.56,-1.3,79.76,0.16,0.85,60.71,-14.34538,-70.0321,4130
Crucero,2001-05-24,3.16,8.86,-1.14,82.23,1.93,1.32,60.68,-14.34538,-70.0321,4130
Crucero,2001-05-25,2.89,11.34,-4.78,66.91,0.11,2.35,60.61,-14.34538,-70.0321,4130
Crucero,2001-05-26,2.77,11.39,-5.23,54.01,0.01,1.72,60.55,-14.34538,-70.0321,4130
Crucero,2001-05-27,2.67,10.95,-3.64,56.65,0.98,1.26,60.59,-14.34538,-70.0321,4130
Crucero,2001-05-28,1.14,8.28,-3.3,91.07,0.56,0.98,60.64,-14.34538,-70.0321,4130
Crucero,2001-05-29,2.75,9.5,-3.12,74.1,0.0,0.98,60.69,-14.34538,-70.0321,4130
Crucero,2001-05-30,2.94,11.05,-3.08,76.72,0.0,1.06,60.72,-14.34538,-70.0321,4130
Crucero,2001-05-31,3.58,11.48,-3.68,76.23,0.02,1.04,60.73,-14.34538,-70.0321,4130
Crucero,2001-06-01,4.14,11.08,-1.7,81.85,0.02,1.51,60.71,-14.34538,-70.0321,4130
Crucero,2001-06-02,3.48,10.46,-2.46,80.15,0.21,1.94,60.73,-14.34538,-70.0321,4130
Crucero,2001-06-03,2.71,10.75,-2.91,78.07,0.01,1.7,60.72,-14.34538,-70.0321,4130
Crucero,2001-06-04,3.12,10.09,-2.16,80.65,0.0,1.35,60.74,-14.34538,-70.0321,4130
Crucero,2001-06-05,3.9,11.38,-1.78,80.98,0.0,0.97,60.72,-14.34538,-70.0321,4130
Crucero,2001-06-06,3.9,11.15,-2.55,81.08,0.0,1.27,60.71,-14.34538,-70.0321,4130
Crucero,2001-06-07,4.75,10.65,0.59,83.38,0.11,1.5,60.7,-14.34538,-70.0321,4130
Crucero,2001-06-08,4.3,11.07,-0.84,81.61,0.04,1.22,60.73,-14.34538,-70.0321,4130
Crucero,2001-06-09,3.06,11.31,-2.38,79.04,0.0,1.64,60.79,-14.34538,-70.0321,4130
Crucero,2001-06-10,2.32,8.93,-2.69,78.39,0.26,1.91,60.88,-14.34538,-70.0321,4130
Crucero,2001-06-11,2.66,10.05,-3.73,75.35,0.04,1.19,60.8,-14.34538,-70.0321,4130
Crucero,2001-06-12,2.8,11.23,-4.04,75.51,0.0,1.76,60.7,-14.34538,-70.0321,4130
Crucero,2001-06-13,3.55,11.43,-2.89,72.86,0.02,1.29,60.66,-14.34538,-70.0321,4130
Crucero,2001-06-14,3.3,10.76,-2.69,69.96,0.0,1.24,60.58,-14.34538,-70.0321,4130
Crucero,2001-06-15,3.05,11.67,-4.21,67.09,0.03,1.47,60.52,-14.34538,-70.0321,4130
Crucero,2001-06-16,1.86,9.01,-3.29,73.74,0.21,1.36,60.53,-14.34538,-70.0321,4130
Crucero,2001-06-17,1.98,9.46,-2.99,80.45,0.57,2.4,60.51,-14.34538,-70.0321,4130
Crucero,2001-06-18,2.0,9.07,-2.98,76.32,0.09,2.6,60.5,-14.34538,-70.0321,4130
Crucero,2001-06-19,1.83,11.07,-4.81,57.51,0.02,2.75,60.58,-14.34538,-70.0321,4130
Crucero,2001-06-20,2.09,11.21,-5.1,49.73,0.01,1.51,60.68,-14.34538,-70.0321,4130
Crucero,2001-06-21,2.39,9.76,-3.7,75.29,0.0,1.5,60.71,-14.34538,-70.0321,4130
Crucero,2001-06-22,1.23,8.15,-3.99,82.62,0.0,1.1,60.76,-14.34538,-70.0321,4130
Crucero,2001-06-23,1.88,9.67,-3.46,74.4,0.0,1.54,60.75,-14.34538,-70.0321,4130
Crucero,2001-06-24,2.02,11.32,-4.27,69.93,0.0,1.81,60.7,-14.34538,-70.0321,4130
Crucero,2001-06-25,1.58,10.46,-4.59,72.25,0.0,1.99,60.75,-14.34538,-70.0321,4130
Crucero,2001-06-26,1.69,9.94,-4.27,77.72,0.0,1.59,60.8,-14.34538,-70.0321,4130
Crucero,2001-06-27,0.68,9.11,-4.72,76.39,0.01,2.31,60.78,-14.34538,-70.0321,4130
Crucero,2001-06-28,1.0,9.47,-4.99,75.24,0.0,1.95,60.69,-14.34538,-70.0321,4130
Crucero,2001-06-29,2.18,11.72,-4.57,68.8,0.0,1.57,60.69,-14.34538,-70.0321,4130
Crucero,2001-06-30,2.3,11.19,-4.09,73.49,0.01,1.51,60.69,-14.34538,-70.0321,4130
Crucero,2001-07-01,2.21,10.67,-4.2,75.93,0.0,1.66,60.65,-14.34538,-70.0321,4130
Crucero,2001-07-02,2.16,9.23,-3.52,78.97,0.0,1.41,60.7,-14.34538,-70.0321,4130
Crucero,2001-07-03,2.34,10.37,-4.08,75.11,0.0,1.5,60.73,-14.34538,-70.0321,4130
Crucero,2001-07-04,2.74,10.13,-4.03,75.34,0.05,1.45,60.69,-14.34538,-70.0321,4130
Crucero,2001-07-05,1.47,6.68,-1.31,89.3,1.04,1.57,60.66,-14.34538,-70.0321,4130
Crucero,2001-07-06,1.19,8.01,-3.54,85.1,2.9,1.94,60.63,-14.34538,-70.0321,4130
Crucero,2001-07-07,-0.16,4.28,-2.92,84.78,2.51,1.95,60.7,-14.34538,-70.0321,4130
Crucero,2001-07-08,1.96,9.68,-3.91,77.09,0.12,1.35,60.73,-14.34538,-70.0321,4130
Crucero,2001-07-09,3.13,10.13,-1.15,79.13,0.0,1.01,60.68,-14.34538,-70.0321,4130
Crucero,2001-07-10,2.88,10.13,-2.01,81.43,0.34,2.43,60.6,-14.34538,-70.0321,4130
Crucero,2001-07-11,2.95,11.48,-3.98,71.09,0.04,1.69,60.67,-14.34538,-70.0321,4130
Crucero,2001-07-12,2.23,7.29,-1.31,88.66,0.24,1.17,60.69,-14.34538,-70.0321,4130
Crucero,2001-07-13,2.54,10.49,-3.76,80.98,0.03,0.97,60.7,-14.34538,-70.0321,4130
Crucero,2001-07-14,3.59,11.18,-2.58,78.18,0.0,0.94,60.65,-14.34538,-70.0321,4130
Crucero,2001-07-15,3.55,10.24,-1.57,75.48,0.0,1.33,60.64,-14.34538,-70.0321,4130
Crucero,2001-07-16,3.73,11.49,-2.22,78.65,0.0,1.23,60.64,-14.34538,-70.0321,4130
Crucero,2001-07-17,4.35,12.58,-2.99,72.42,0.01,1.25,60.61,-14.34538,-70.0321,4130
Crucero,2001-07-18,4.2,12.13,-2.12,77.07,0.01,1.16,60.62,-14.34538,-70.0321,4130
Crucero,2001-07-19,4.69,12.27,-1.0,72.06,0.01,1.11,60.69,-14.34538,-70.0321,4130
Crucero,2001-07-20,3.77,13.51,-4.32,71.03,0.0,1.73,60.69,-14.34538,-70.0321,4130
Crucero,2001-07-21,4.56,12.79,-3.22,73.48,0.0,1.69,60.71,-14.34538,-70.0321,4130
Crucero,2001-07-22,3.61,9.65,-1.16,78.8,0.0,2.8,60.75,-14.34538,-70.0321,4130
Crucero,2001-07-23,2.87,9.85,-1.86,81.97,0.08,1.2,60.72,-14.34538,-70.0321,4130
Crucero,2001-07-24,1.52,5.32,-1.33,88.32,0.28,1.37,60.67,-14.34538,-70.0321,4130
Crucero,2001-07-25,2.87,10.56,-2.77,80.58,0.24,1.79,60.58,-14.34538,-70.0321,4130
Crucero,2001-07-26,2.6,10.02,-3.21,81.5,0.26,2.4,60.62,-14.34538,-70.0321,4130
Crucero,2001-07-27,2.39,9.41,-2.01,82.45,0.26,2.11,60.73,-14.34538,-70.0321,4130
Crucero,2001-07-28,2.82,10.27,-2.77,77.1,0.02,1.94,60.73,-14.34538,-70.0321,4130
Crucero,2001-07-29,2.95,12.44,-4.71,60.05,0.0,1.32,60.63,-14.34538,-70.0321,4130
Crucero,2001-07-30,3.54,13.34,-4.26,68.73,0.0,1.41,60.67,-14.34538,-70.0321,4130
Crucero,2001-07-31,3.47,13.24,-2.95,74.17,0.0,2.24,60.76,-14.34538,-70.0321,4130
Crucero,2001-08-01,1.57,10.96,-5.66,68.9,0.01,2.44,60.85,-14.34538,-70.0321,4130
Crucero,2001-08-02,1.49,10.71,-4.92,51.89,0.02,2.32,60.83,-14.34538,-70.0321,4130
Crucero,2001-08-03,1.9,11.31,-4.23,63.72,0.0,2.03,60.78,-14.34538,-70.0321,4130
Crucero,2001-08-04,2.26,11.92,-4.96,70.92,0.0,1.44,60.72,-14.34538,-70.0321,4130
Crucero,2001-08-05,3.11,13.31,-4.45,70.41,0.0,1.38,60.69,-14.34538,-70.0321,4130
Crucero,2001-08-06,3.24,12.95,-4.5,69.85,0.07,1.97,60.74,-14.34538,-70.0321,4130
Crucero,2001-08-07,3.55,11.92,-3.07,72.02,0.17,1.77,60.81,-14.34538,-70.0321,4130
Crucero,2001-08-08,3.4,11.61,-3.29,75.38,0.02,1.23,60.83,-14.34538,-70.0321,4130
Crucero,2001-08-09,3.29,12.23,-3.18,74.9,0.0,2.32,60.83,-14.34538,-70.0321,4130
Crucero,2001-08-10,2.34,10.93,-4.11,72.64,0.0,2.68,60.88,-14.34538,-70.0321,4130
Crucero,2001-08-11,2.13,11.92,-4.36,69.57,0.0,2.59,60.83,-14.34538,-70.0321,4130
Crucero,2001-08-12,2.66,12.94,-4.72,65.97,0.0,2.01,60.74,-14.34538,-70.0321,4130
Crucero,2001-08-13,2.57,13.02,-5.52,64.86,0.02,2.43,60.64,-14.34538,-70.0321,4130
Crucero,2001-08-14,2.55,12.34,-5.75,67.28,0.01,2.71,60.58,-14.34538,-70.0321,4130
Crucero,2001-08-15,2.0,8.56,-3.62,79.1,0.18,2.89,60.68,-14.34538,-70.0321,4130
Crucero,2001-08-16,3.33,9.83,-0.9,78.41,0.19,3.79,60.7,-14.34538,-70.0321,4130
Crucero,2001-08-17,2.59,8.34,-2.44,79.89,0.25,3.4,60.67,-14.34538,-70.0321,4130
Crucero,2001-08-18,1.22,6.6,-2.05,87.1,1.83,1.72,60.62,-14.34538,-70.0321,4130
Crucero,2001-08-19,-0.2,3.98,-3.05,87.05,5.48,2.72,60.68,-14.34538,-70.0321,4130
Crucero,2001-08-20,0.79,6.32,-2.98,83.5,1.72,4.36,60.83,-14.34538,-70.0321,4130
Crucero,2001-08-21,1.81,9.6,-3.59,74.45,0.09,2.18,60.85,-14.34538,-70.0321,4130
Crucero,2001-08-22,2.5,11.11,-3.85,72.55,0.01,2.79,60.78,-14.34538,-70.0321,4130
Crucero,2001-08-23,2.92,12.12,-4.63,71.4,0.0,2.32,60.71,-14.34538,-70.0321,4130
Crucero,2001-08-24,3.01,11.81,-3.99,73.78,0.03,2.01,60.66,-14.34538,-70.0321,4130
Crucero,2001-08-25,3.69,12.84,-4.3,66.03,0.01,1.84,60.63,-14.34538,-70.0321,4130
Crucero,2001-08-26,4.32,13.62,-3.34,68.28,0.0,2.05,60.61,-14.34538,-70.0321,4130
Crucero,2001-08-27,4.59,13.77,-3.47,61.7,0.17,1.87,60.71,-14.34538,-70.0321,4130
Crucero,2001-08-28,4.47,11.8,0.77,75.94,0.05,1.62,60.77,-14.34538,-70.0321,4130
Crucero,2001-08-29,4.38,11.71,-0.63,74.16,0.0,1.63,60.7,-14.34538,-70.0321,4130
Crucero,2001-08-30,4.27,13.09,-2.1,75.28,0.05,2.57,60.69,-14.34538,-70.0321,4130
Crucero,2001-08-31,4.26,11.51,0.3,74.31,0.56,3.08,60.72,-14.34538,-70.0321,4130
Crucero,2001-09-01,1.94,5.72,-1.38,85.96,0.45,0.93,60.66,-14.34538,-70.0321,4130
Crucero,2001-09-02,2.52,6.48,-0.72,80.31,0.25,1.01,60.61,-14.34538,-70.0321,4130
Crucero,2001-09-03,3.44,11.14,-2.39,79.63,0.6,1.95,60.55,-14.34538,-70.0321,4130
Crucero,2001-09-04,2.65,7.95,-1.56,85.19,0.74,2.04,60.62,-14.34538,-70.0321,4130
Crucero,2001-09-05,4.7,11.93,-0.86,76.81,1.06,3.05,60.8,-14.34538,-70.0321,4130
Crucero,2001-09-06,5.84,13.83,0.72,75.54,0.04,3.38,60.79,-14.34538,-70.0321,4130
Crucero,2001-09-07,6.75,14.37,1.77,74.0,0.0,1.86,60.7,-14.34538,-70.0321,4130
Crucero,2001-09-08,6.41,13.9,0.86,75.73,0.0,2.28,60.65,-14.34538,-70.0321,4130
Crucero,2001-09-09,6.58,14.4,0.5,73.51,0.11,3.25,60.72,-14.34538,-70.0321,4130
Crucero,2001-09-10,4.36,10.66,0.29,78.37,1.05,2.85,60.78,-14.34538,-70.0321,4130
Crucero,2001-09-11,3.91,12.21,-4.12,72.19,0.19,3.66,60.76,-14.34538,-70.0321,4130
Crucero,2001-09-12,4.6,10.91,-0.24,77.53,0.0,1.86,60.62,-14.34538,-70.0321,4130
Crucero,2001-09-13,5.16,13.47,-0.14,75.87,0.0,2.1,60.6,-14.34538,-70.0321,4130
Crucero,2001-09-14,3.95,10.8,0.45,78.47,0.49,2.59,60.67,-14.34538,-70.0321,4130
Crucero,2001-09-15,4.79,12.75,-0.11,72.99,0.69,1.26,60.65,-14.34538,-70.0321,4130
Crucero,2001-09-16,4.71,11.16,0.56,74.24,0.96,1.89,60.72,-14.34538,-70.0321,4130
Crucero,2001-09-17,6.05,16.06,-1.06,60.57,0.05,1.84,60.6,-14.34538,-70.0321,4130
Crucero,2001-09-18,4.43,15.2,-4.28,54.13,0.0,2.39,60.57,-14.34538,-70.0321,4130
Crucero,2001-09-19,5.13,13.88,-0.76,73.36,0.0,2.68,60.59,-14.34538,-70.0321,4130
Crucero,2001-09-20,4.99,13.86,-1.47,74.91,2.44,2.85,60.58,-14.34538,-70.0321,4130
Crucero,2001-09-21,2.0,6.15,-0.71,82.9,0.57,1.52,60.62,-14.34538,-70.0321,4130
Crucero,2001-09-22,2.01,7.53,-1.96,85.36,0.77,1.9,60.61,-14.34538,-70.0321,4130
Crucero,2001-09-23,3.69,10.97,-1.03,80.32,1.07,1.59,60.61,-14.34538,-70.0321,4130
Crucero,2001-09-24,5.69,13.95,-1.24,65.79,0.82,1.15,60.57,-14.34538,-70.0321,4130
Crucero,2001-09-25,5.73,15.41,-2.18,52.6,0.07,1.2,60.55,-14.34538,-70.0321,4130
Crucero,2001-09-26,4.99,13.09,-3.16,54.89,0.22,1.55,60.58,-14.34538,-70.0321,4130
Crucero,2001-09-27,6.33,15.96,-2.68,62.3,0.09,1.88,60.53,-14.34538,-70.0321,4130
Crucero,2001-09-28,4.37,11.73,-0.39,79.89,2.42,2.52,60.6,-14.34538,-70.0321,4130
Crucero,2001-09-29,5.29,12.64,-0.26,75.49,0.41,2.07,60.7,-14.34538,-70.0321,4130
Crucero,2001-09-30,6.11,14.15,0.2,74.58,6.85,1.2,60.74,-14.34538,-70.0321,4130
Crucero,2001-10-01,6.66,14.72,0.56,72.17,3.81,2.02,60.71,-14.34538,-70.0321,4130
Crucero,2001-10-02,5.79,13.38,1.2,78.25,0.51,2.32,60.72,-14.34538,-70.0321,4130
Crucero,2001-10-03,6.09,13.45,0.6,75.98,1.38,2.68,60.78,-14.34538,-70.0321,4130
Crucero,2001-10-04,4.65,8.54,2.2,82.98,0.4,1.11,60.78,-14.34538,-70.0321,4130
Crucero,2001-10-05,6.0,13.03,1.62,77.64,5.1,4.0,60.71,-14.34538,-70.0321,4130
Crucero,2001-10-06,4.49,10.99,1.17,79.18,9.56,2.71,60.7,-14.34538,-70.0321,4130
Crucero,2001-10-07,4.52,12.81,-1.1,73.25,1.12,1.75,60.65,-14.34538,-70.0321,4130
Crucero,2001-10-08,3.93,12.67,-1.6,78.13,0.44,1.4,60.6,-14.34538,-70.0321,4130
Crucero,2001-10-09,3.77,10.41,-0.14,78.98,0.02,0.84,60.54,-14.34538,-70.0321,4130
Crucero,2001-10-10,4.82,13.69,-1.44,74.91,0.13,1.73,60.53,-14.34538,-70.0321,4130
Crucero,2001-10-11,2.58,8.46,-1.58,72.59,1.46,1.97,60.64,-14.34538,-70.0321,4130
Crucero,2001-10-12,4.23,12.05,-1.12,77.0,4.54,1.66,60.67,-14.34538,-70.0321,4130
Crucero,2001-10-13,4.39,11.66,-0.71,78.31,5.57,1.6,60.66,-14.34538,-70.0321,4130
Crucero,2001-10-14,4.65,9.84,0.05,75.44,5.72,1.05,60.62,-14.34538,-70.0321,4130
Crucero,2001-10-15,5.19,11.02,0.24,76.46,2.21,1.39,60.53,-14.34538,-70.0321,4130
Crucero,2001-10-16,5.86,14.41,-0.54,74.14,5.66,1.79,60.53,-14.34538,-70.0321,4130
Crucero,2001-10-17,5.59,11.91,0.88,72.34,0.81,1.25,60.49,-14.34538,-70.0321,4130
Crucero,2001-10-18,7.32,16.52,-0.04,65.75,0.01,1.85,60.45,-14.34538,-70.0321,4130
Crucero,2001-10-19,7.05,12.88,1.51,68.4,0.3,1.29,60.46,-14.34538,-70.0321,4130
Crucero,2001-10-20,7.51,17.37,-0.92,59.16,0.56,1.76,60.52,-14.34538,-70.0321,4130
Crucero,2001-10-21,7.79,17.64,-2.49,54.25,1.74,2.56,60.57,-14.34538,-70.0321,4130
Crucero,2001-10-22,4.83,10.32,1.1,82.48,2.4,3.63,60.59,-14.34538,-70.0321,4130
Crucero,2001-10-23,6.89,16.1,-0.24,65.77,0.15,2.18,60.63,-14.34538,-70.0321,4130
Crucero,2001-10-24,6.09,14.26,0.23,69.05,0.14,3.01,60.75,-14.34538,-70.0321,4130
Crucero,2001-10-25,6.41,12.38,1.9,71.63,0.03,3.77,60.84,-14.34538,-70.0321,4130
Crucero,2001-10-26,6.57,15.41,-1.96,65.16,0.01,3.14,60.75,-14.34538,-70.0321,4130
Crucero,2001-10-27,7.34,16.88,2.09,73.57,5.93,2.25,60.61,-14.34538,-70.0321,4130
Crucero,2001-10-28,5.53,13.06,1.09,78.57,2.78,2.4,60.62,-14.34538,-70.0321,4130
Crucero,2001-10-29,6.65,14.9,0.43,73.38,2.88,1.47,60.62,-14.34538,-70.0321,4130
Crucero,2001-10-30,5.99,13.33,1.21,75.17,7.79,3.34,60.6,-14.34538,-70.0321,4130
Crucero,2001-10-31,4.58,10.87,0.7,79.59,9.06,1.92,60.63,-14.34538,-70.0321,4130
Crucero,2001-11-01,5.23,12.57,0.15,77.64,3.45,2.86,60.57,-14.34538,-70.0321,4130
Crucero,2001-11-02,4.93,12.67,0.92,77.93,6.37,1.46,60.45,-14.34538,-70.0321,4130
Crucero,2001-11-03,6.54,15.43,-1.56,58.76,0.63,1.62,60.38,-14.34538,-70.0321,4130
Crucero,2001-11-04,6.27,15.01,-1.62,64.71,0.39,2.04,60.44,-14.34538,-70.0321,4130
Crucero,2001-11-05,5.54,14.19,-0.82,76.25,0.37,1.62,60.48,-14.34538,-70.0321,4130
Crucero,2001-11-06,6.23,15.72,0.04,68.94,1.43,1.18,60.6,-14.34538,-70.0321,4130
Crucero,2001-11-07,5.77,11.81,1.57,78.54,0.57,2.66,60.67,-14.34538,-70.0321,4130
Crucero,2001-11-08,6.51,11.87,3.17,77.73,0.27,2.54,60.71,-14.34538,-70.0321,4130
Crucero,2001-11-09,4.97,9.08,1.5,83.73,2.17,1.27,60.7,-14.34538,-70.0321,4130
Crucero,2001-11-10,5.67,10.4,1.16,79.25,3.08,1.13,60.65,-14.34538,-70.0321,4130
Crucero,2001-11-11,7.51,15.61,-0.05,73.7,0.5,1.77,60.6,-14.34538,-70.0321,4130
Crucero,2001-11-12,7.75,14.11,3.38,77.78,1.62,2.16,60.62,-14.34538,-70.0321,4130
Crucero,2001-11-13,8.39,17.47,-0.39,61.74,1.65,1.44,60.55,-14.34538,-70.0321,4130
Crucero,2001-11-14,8.26,17.08,-0.54,55.92,0.35,1.52,60.44,-14.34538,-70.0321,4130
Crucero,2001-11-15,6.96,14.34,0.89,65.42,0.31,1.83,60.47,-14.34538,-70.0321,4130
Crucero,2001-11-16,6.11,10.64,1.71,71.93,1.95,1.93,60.59,-14.34538,-70.0321,4130
Crucero,2001-11-17,6.38,12.45,1.7,73.02,0.74,1.93,60.62,-14.34538,-70.0321,4130
Crucero,2001-11-18,6.79,12.91,2.08,76.65,0.39,1.74,60.62,-14.34538,-70.0321,4130
Crucero,2001-11-19,7.21,13.38,3.12,77.81,0.6,2.28,60.65,-14.34538,-70.0321,4130
Crucero,2001-11-20,7.31,14.04,1.74,72.86,0.03,2.18,60.62,-14.34538,-70.0321,4130
Crucero,2001-11-21,8.71,16.55,3.59,72.37,0.05,2.93,60.61,-14.34538,-70.0321,4130
Crucero,2001-11-22,8.2,15.83,2.73,67.51,1.6,3.33,60.66,-14.34538,-70.0321,4130
Crucero,2001-11-23,9.23,17.61,1.72,67.53,0.04,2.36,60.51,-14.34538,-70.0321,4130
Crucero,2001-11-24,9.44,16.69,5.37,71.82,0.13,2.99,60.43,-14.34538,-70.0321,4130
Crucero,2001-11-25,8.23,15.56,3.85,69.76,0.53,3.77,60.51,-14.34538,-70.0321,4130
Crucero,2001-11-26,6.45,12.29,1.66,76.72,0.07,2.97,60.5,-14.34538,-70.0321,4130
Crucero,2001-11-27,7.36,13.94,2.11,71.26,2.95,3.3,60.51,-14.34538,-70.0321,4130
Crucero,2001-11-28,6.16,11.92,2.05,78.36,4.18,1.5,60.49,-14.34538,-70.0321,4130
Crucero,2001-11-29,7.39,12.36,2.94,74.32,1.73,1.59,60.43,-14.34538,-70.0321,4130
Crucero,2001-11-30,5.14,10.39,1.44,80.58,1.13,1.85,60.38,-14.34538,-70.0321,4130
Crucero,2001-12-01,6.41,13.6,1.01,72.46,0.15,1.76,60.35,-14.34538,-70.0321,4130
Crucero,2001-12-02,5.82,13.98,0.7,76.81,0.54,2.13,60.33,-14.34538,-70.0321,4130
Crucero,2001-12-03,5.05,12.08,0.57,72.6,0.14,2.03,60.42,-14.34538,-70.0321,4130
Crucero,2001-12-04,6.77,16.66,-0.45,58.04,2.08,1.98,60.46,-14.34538,-70.0321,4130
Crucero,2001-12-05,4.0,7.47,1.21,85.01,1.46,2.41,60.48,-14.34538,-70.0321,4130
Crucero,2001-12-06,5.92,12.98,0.97,76.38,3.48,2.27,60.47,-14.34538,-70.0321,4130
Crucero,2001-12-07,5.14,10.96,0.74,78.59,14.14,1.17,60.41,-14.34538,-70.0321,4130
Crucero,2001-12-08,4.6,10.38,0.86,79.52,1.29,0.94,60.45,-14.34538,-70.0321,4130
Crucero,2001-12-09,5.28,10.52,1.32,76.2,1.54,1.63,60.47,-14.34538,-70.0321,4130
Crucero,2001-12-10,7.26,15.57,0.49,68.46,0.12,1.97,60.46,-14.34538,-70.0321,4130
Crucero,2001-12-11,8.35,16.21,1.65,67.46,0.45,2.21,60.51,-14.34538,-70.0321,4130
Crucero,2001-12-12,7.64,14.5,2.04,71.16,1.46,1.79,60.48,-14.34538,-70.0321,4130
Crucero,2001-12-13,6.76,15.06,1.37,70.13,0.12,3.25,60.39,-14.34538,-70.0321,4130
Crucero,2001-12-14,6.1,13.23,-0.46,64.52,0.11,2.9,60.45,-14.34538,-70.0321,4130
Crucero,2001-12-15,5.08,11.07,0.13,74.77,0.91,4.05,60.56,-14.34538,-70.0321,4130
Crucero,2001-12-16,4.88,11.51,-1.06,75.86,9.78,2.0,60.56,-14.34538,-70.0321,4130
Crucero,2001-12-17,4.91,12.31,0.05,78.27,19.96,2.21,60.51,-14.34538,-70.0321,4130
Crucero,2001-12-18,5.64,13.0,-0.15,76.51,4.49,1.74,60.53,-14.34538,-70.0321,4130
Crucero,2001-12-19,5.79,13.5,1.1,78.45,2.13,1.79,60.58,-14.34538,-70.0321,4130
Crucero,2001-12-20,6.46,13.04,1.28,76.35,0.93,1.63,60.59,-14.34538,-70.0321,4130
Crucero,2001-12-21,6.69,14.12,1.83,72.69,1.7,2.33,60.54,-14.34538,-70.0321,4130
Crucero,2001-12-22,5.83,13.72,0.48,75.44,4.67,2.37,60.45,-14.34538,-70.0321,4130
Crucero,2001-12-23,3.42,9.36,0.43,87.78,3.33,1.94,60.6,-14.34538,-70.0321,4130
Crucero,2001-12-24,5.73,13.18,0.19,76.0,0.15,2.53,60.69,-14.34538,-70.0321,4130
Crucero,2001-12-25,6.31,14.21,-0.19,75.52,4.02,2.73,60.65,-14.34538,-70.0321,4130
Crucero,2001-12-26,6.24,13.49,0.92,76.56,1.03,1.68,60.6,-14.34538,-70.0321,4130
Crucero,2001-12-27,6.63,13.09,1.41,77.07,1.31,1.32,60.58,-14.34538,-70.0321,4130
Crucero,2001-12-28,6.4,14.42,1.52,76.09,0.19,1.66,60.6,-14.34538,-70.0321,4130
Crucero,2001-12-29,6.52,13.76,1.33,75.12,2.13,1.81,60.64,-14.34538,-70.0321,4130
Crucero,2001-12-30,6.69,12.66,1.56,75.84,1.96,1.05,60.54,-14.34538,-70.0321,4130
Crucero,2001-12-31,8.31,16.98,1.1,63.48,0.47,1.6,60.45,-14.34538,-70.0321,4130
Crucero,2002-01-01,5.51,12.56,0.36,70.33,1.4,1.63,60.51,-14.34538,-70.0321,4130
Crucero,2002-01-02,6.36,14.12,1.86,76.55,2.07,2.06,60.58,-14.34538,-70.0321,4130
Crucero,2002-01-03,5.93,13.96,1.22,77.17,0.63,1.84,60.6,-14.34538,-70.0321,4130
Crucero,2002-01-04,5.08,11.18,-0.9,69.34,0.13,2.31,60.6,-14.34538,-70.0321,4130
Crucero,2002-01-05,7.01,15.01,-2.24,62.38,0.05,1.85,60.6,-14.34538,-70.0321,4130
Crucero,2002-01-06,7.02,11.67,4.2,81.05,1.68,2.17,60.58,-14.34538,-70.0321,4130
Crucero,2002-01-07,8.22,17.59,0.21,59.54,0.58,2.01,60.55,-14.34538,-70.0321,4130
Crucero,2002-01-08,6.73,13.52,0.91,64.43,0.25,1.75,60.6,-14.34538,-70.0321,4130
Crucero,2002-01-09,7.31,15.41,-1.06,71.4,2.5,3.23,60.66,-14.34538,-70.0321,4130
Crucero,2002-01-10,7.04,15.36,0.46,70.14,12.04,3.13,60.62,-14.34538,-70.0321,4130
Crucero,2002-01-11,5.77,13.67,-1.14,74.83,0.7,2.96,60.59,-14.34538,-70.0321,4130
Crucero,2002-01-12,7.38,15.64,-0.39,65.47,0.01,2.33,60.57,-14.34538,-70.0321,4130
Crucero,2002-01-13,6.89,13.34,1.68,73.72,0.05,1.78,60.56,-14.34538,-70.0321,4130
Crucero,2002-01-14,7.06,13.97,2.65,73.9,1.26,2.01,60.59,-14.34538,-70.0321,4130
Crucero,2002-01-15,5.79,13.38,1.57,77.36,1.84,2.26,60.53,-14.34538,-70.0321,4130
Crucero,2002-01-16,5.34,12.56,0.84,73.94,6.12,2.4,60.49,-14.34538,-70.0321,4130
Crucero,2002-01-17,4.16,8.52,1.21,85.26,12.96,2.61,60.49,-14.34538,-70.0321,4130
Crucero,2002-01-18,4.86,11.5,-0.21,80.03,8.68,3.01,60.52,-14.34538,-70.0321,4130
Crucero,2002-01-19,5.41,13.42,0.54,78.22,4.1,1.11,60.5,-14.34538,-70.0321,4130
Crucero,2002-01-20,4.54,11.48,0.96,81.96,0.32,1.45,60.57,-14.34538,-70.0321,4130
Crucero,2002-01-21,5.67,11.81,0.8,75.76,2.53,2.62,60.65,-14.34538,-70.0321,4130
Crucero,2002-01-22,6.86,14.87,0.94,72.79,1.47,2.56,60.68,-14.34538,-70.0321,4130
Crucero,2002-01-23,7.15,14.13,2.1,76.45,0.44,2.57,60.66,-14.34538,-70.0321,4130
Crucero,2002-01-24,6.63,14.32,2.15,79.25,0.32,1.75,60.59,-14.34538,-70.0321,4130
Crucero,2002-01-25,7.09,15.53,0.47,75.3,3.87,2.71,60.63,-14.34538,-70.0321,4130
Crucero,2002-01-26,8.31,16.58,2.66,70.66,0.59,2.63,60.61,-14.34538,-70.0321,4130
Crucero,2002-01-27,8.37,15.78,3.88,76.73,3.26,3.01,60.58,-14.34538,-70.0321,4130
Crucero,2002-01-28,6.94,13.67,2.23,78.34,10.07,1.47,60.56,-14.34538,-70.0321,4130
Crucero,2002-01-29,7.31,14.16,2.15,78.05,0.86,2.48,60.51,-14.34538,-70.0321,4130
Crucero,2002-01-30,7.26,14.14,2.82,78.4,1.26,2.7,60.56,-14.34538,-70.0321,4130
Crucero,2002-01-31,6.61,13.85,1.57,78.55,0.43,1.93,60.58,-14.34538,-70.0321,4130
Crucero,2002-02-01,6.38,13.65,2.24,80.94,6.01,2.34,60.63,-14.34538,-70.0321,4130
Crucero,2002-02-02,6.33,13.54,1.89,80.17,11.53,2.87,60.71,-14.34538,-70.0321,4130
Crucero,2002-02-03,6.67,14.14,0.68,78.11,13.37,2.2,60.65,-14.34538,-70.0321,4130
Crucero,2002-02-04,6.02,13.68,1.68,82.13,9.09,2.03,60.54,-14.34538,-70.0321,4130
Crucero,2002-02-05,6.16,13.78,-0.36,81.55,6.05,2.65,60.58,-14.34538,-70.0321,4130
Crucero,2002-02-06,6.2,13.05,0.91,81.62,9.39,2.86,60.57,-14.34538,-70.0321,4130
Crucero,2002-02-07,4.54,9.32,1.15,85.97,11.54,1.41,60.54,-14.34538,-70.0321,4130
Crucero,2002-02-08,5.84,12.53,1.56,83.18,1.79,1.54,60.51,-14.34538,-70.0321,4130
Crucero,2002-02-09,5.72,10.27,2.91,85.51,2.42,1.61,60.56,-14.34538,-70.0321,4130
Crucero,2002-02-10,5.82,12.1,1.51,81.05,0.33,1.95,60.56,-14.34538,-70.0321,4130
Crucero,2002-02-11,6.95,13.43,1.98,78.9,3.45,2.55,60.54,-14.34538,-70.0321,4130
Crucero,2002-02-12,5.94,12.5,1.49,82.79,0.61,1.73,60.58,-14.34538,-70.0321,4130
Crucero,2002-02-13,5.04,12.69,0.95,81.28,9.91,2.55,60.56,-14.34538,-70.0321,4130
Crucero,2002-02-14,4.87,10.61,0.7,84.12,6.51,1.78,60.53,-14.34538,-70.0321,4130
Crucero,2002-02-15,5.53,11.73,1.41,83.76,4.16,1.69,60.6,-14.34538,-70.0321,4130
Crucero,2002-02-16,5.36,11.67,0.65,83.91,2.8,1.49,60.69,-14.34538,-70.0321,4130
Crucero,2002-02-17,6.06,11.95,2.13,85.62,5.4,2.48,60.71,-14.34538,-70.0321,4130
Crucero,2002-02-18,6.12,13.63,1.59,81.66,0.27,1.56,60.63,-14.34538,-70.0321,4130
Crucero,2002-02-19,5.65,14.22,1.23,80.82,1.42,1.8,60.57,-14.34538,-70.0321,4130
Crucero,2002-02-20,4.94,10.83,0.45,83.48,7.25,1.92,60.56,-14.34538,-70.0321,4130
Crucero,2002-02-21,5.4,12.35,1.7,84.91,3.4,1.92,60.57,-14.34538,-70.0321,4130
Crucero,2002-02-22,6.13,12.84,0.62,79.09,1.38,1.61,60.54,-14.34538,-70.0321,4130
Crucero,2002-02-23,5.01,10.81,1.73,88.68,3.2,2.1,60.58,-14.34538,-70.0321,4130
Crucero,2002-02-24,4.41,8.9,0.41,87.1,13.08,2.51,60.77,-14.34538,-70.0321,4130
Crucero,2002-02-25,6.17,13.57,0.16,82.87,6.43,1.92,60.74,-14.34538,-70.0321,4130
Crucero,2002-02-26,6.1,14.38,0.57,81.77,1.29,1.16,60.58,-14.34538,-70.0321,4130
Crucero,2002-02-27,5.34,10.35,1.07,84.83,6.38,1.43,60.52,-14.34538,-70.0321,4130
Crucero,2002-02-28,5.96,11.32,2.77,85.2,20.95,1.46,60.52,-14.34538,-70.0321,4130
Crucero,2002-03-01,6.17,12.43,1.91,84.36,14.47,2.73,60.59,-14.34538,-70.0321,4130
Crucero,2002-03-02,5.31,12.32,0.8,84.81,6.99,2.35,60.68,-14.34538,-70.0321,4130
Crucero,2002-03-03,6.14,12.66,0.24,83.61,4.79,1.73,60.66,-14.34538,-70.0321,4130
Crucero,2002-03-04,6.23,12.69,0.48,83.48,1.2,2.12,60.69,-14.34538,-70.0321,4130
Crucero,2002-03-05,6.29,12.05,0.89,84.35,1.94,2.87,60.75,-14.34538,-70.0321,4130
Crucero,2002-03-06,7.02,13.08,2.68,81.7,0.62,2.39,60.66,-14.34538,-70.0321,4130
Crucero,2002-03-07,5.08,9.19,2.58,87.52,1.14,1.22,60.56,-14.34538,-70.0321,4130
Crucero,2002-03-08,5.19,11.95,0.61,84.33,0.8,2.51,60.58,-14.34538,-70.0321,4130
Crucero,2002-03-09,4.56,11.66,-0.75,83.59,2.99,1.75,60.65,-14.34538,-70.0321,4130
Crucero,2002-03-10,5.41,11.45,1.13,84.46,5.36,1.5,60.67,-14.34538,-70.0321,4130
Crucero,2002-03-11,4.64,8.49,1.63,87.89,4.05,1.09,60.63,-14.34538,-70.0321,4130
Crucero,2002-03-12,5.6,12.62,0.84,85.12,2.9,2.49,60.72,-14.34538,-70.0321,4130
Crucero,2002-03-13,5.4,12.65,0.09,82.37,1.14,2.25,60.73,-14.34538,-70.0321,4130
Crucero,2002-03-14,5.85,13.13,-1.19,81.74,0.65,2.04,60.65,-14.34538,-70.0321,4130
Crucero,2002-03-15,5.9,12.97,1.25,81.73,0.66,1.42,60.64,-14.34538,-70.0321,4130
Crucero,2002-03-16,5.46,11.44,1.74,85.95,5.71,1.19,60.58,-14.34538,-70.0321,4130
Crucero,2002-03-17,5.46,12.0,0.44,84.33,4.93,1.47,60.56,-14.34538,-70.0321,4130
Crucero,2002-03-18,4.31,8.22,1.24,87.3,1.13,1.62,60.59,-14.34538,-70.0321,4130
Crucero,2002-03-19,5.6,11.62,0.68,83.9,0.31,1.68,60.52,-14.34538,-70.0321,4130
Crucero,2002-03-20,4.74,9.43,1.41,88.36,2.25,2.11,60.59,-14.34538,-70.0321,4130
Crucero,2002-03-21,5.05,11.15,0.61,85.5,7.38,1.56,60.67,-14.34538,-70.0321,4130
Crucero,2002-03-22,6.28,13.51,0.0,80.9,1.2,1.91,60.63,-14.34538,-70.0321,4130
Crucero,2002-03-23,6.63,13.57,-0.01,80.54,0.18,2.27,60.64,-14.34538,-70.0321,4130
Crucero,2002-03-24,6.81,12.79,2.51,82.13,0.01,1.18,60.66,-14.34538,-70.0321,4130
Crucero,2002-03-25,7.68,13.85,2.11,80.12,0.39,1.67,60.61,-14.34538,-70.0321,4130
Crucero,2002-03-26,7.77,15.18,0.95,73.8,0.04,1.68,60.58,-14.34538,-70.0321,4130
Crucero,2002-03-27,7.5,13.89,2.81,80.1,1.52,2.37,60.6,-14.34538,-70.0321,4130
Crucero,2002-03-28,5.81,12.47,-0.78,80.39,0.36,2.6,60.65,-14.34538,-70.0321,4130
Crucero,2002-03-29,6.17,12.85,0.35,81.37,4.62,2.0,60.61,-14.34538,-70.0321,4130
Crucero,2002-03-30,5.12,12.16,1.18,86.48,0.89,1.62,60.58,-14.34538,-70.0321,4130
Crucero,2002-03-31,4.19,10.12,0.5,84.28,0.14,2.29,60.68,-14.34538,-70.0321,4130
Crucero,2002-04-01,5.1,12.31,-0.14,82.43,1.22,1.05,60.66,-14.34538,-70.0321,4130
Crucero,2002-04-02,6.07,13.05,1.39,82.14,0.08,1.94,60.67,-14.34538,-70.0321,4130
Crucero,2002-04-03,4.96,13.41,-1.75,75.67,0.0,2.5,60.82,-14.34538,-70.0321,4130
Crucero,2002-04-04,5.82,14.78,-2.4,68.27,0.94,1.96,60.85,-14.34538,-70.0321,4130
Crucero,2002-04-05,7.2,14.96,0.4,78.67,0.83,1.49,60.74,-14.34538,-70.0321,4130
Crucero,2002-04-06,7.33,14.95,1.97,77.9,0.06,1.51,60.62,-14.34538,-70.0321,4130
Crucero,2002-04-07,6.86,13.61,1.65,79.12,0.0,1.87,60.6,-14.34538,-70.0321,4130
Crucero,2002-04-08,6.03,14.99,-1.2,72.86,0.36,1.83,60.65,-14.34538,-70.0321,4130
Crucero,2002-04-09,6.27,14.39,-1.15,73.89,0.28,1.59,60.66,-14.34538,-70.0321,4130
Crucero,2002-04-10,7.2,14.06,3.51,77.5,0.05,1.22,60.58,-14.34538,-70.0321,4130
Crucero,2002-04-11,5.32,10.93,1.17,81.86,3.32,1.41,60.51,-14.34538,-70.0321,4130
Crucero,2002-04-12,5.14,12.57,-0.78,75.84,0.76,1.2,60.54,-14.34538,-70.0321,4130
Crucero,2002-04-13,4.83,11.69,0.91,79.39,0.22,2.82,60.57,-14.34538,-70.0321,4130
Crucero,2002-04-14,4.0,10.26,-1.22,82.45,7.9,3.3,60.65,-14.34538,-70.0321,4130
Crucero,2002-04-15,3.99,10.96,-1.46,84.27,1.83,2.44,60.67,-14.34538,-70.0321,4130
Crucero,2002-04-16,6.06,13.48,-0.33,79.1,0.01,1.76,60.67,-14.34538,-70.0321,4130
Crucero,2002-04-17,6.37,13.86,0.86,77.57,1.25,1.9,60.7,-14.34538,-70.0321,4130
Crucero,2002-04-18,4.98,12.65,-2.06,77.81,2.53,2.44,60.69,-14.34538,-70.0321,4130
Crucero,2002-04-19,4.8,11.66,0.03,81.29,0.47,2.09,60.65,-14.34538,-70.0321,4130
Crucero,2002-04-20,5.41,12.7,0.41,79.91,3.02,2.29,60.61,-14.34538,-70.0321,4130
Crucero,2002-04-21,3.99,11.55,-2.55,82.84,7.55,2.59,60.66,-14.34538,-70.0321,4130
Crucero,2002-04-22,4.26,10.21,-0.9,84.11,9.7,1.9,60.63,-14.34538,-70.0321,4130
Crucero,2002-04-23,3.27,7.43,0.84,87.78,1.88,1.46,60.62,-14.34538,-70.0321,4130
Crucero,2002-04-24,5.53,13.4,0.02,70.6,1.91,1.29,60.59,-14.34538,-70.0321,4130
Crucero,2002-04-25,4.79,10.85,0.06,76.7,2.33,0.83,60.59,-14.34538,-70.0321,4130
Crucero,2002-04-26,4.92,10.86,-0.14,81.45,2.11,1.04,60.61,-14.34538,-70.0321,4130
Crucero,2002-04-27,4.4,9.3,1.33,86.94,2.31,2.18,60.65,-14.34538,-70.0321,4130
Crucero,2002-04-28,6.05,13.67,-0.2,76.02,0.4,1.05,60.56,-14.34538,-70.0321,4130
Crucero,2002-04-29,5.77,14.36,-3.0,75.42,0.04,1.43,60.6,-14.34538,-70.0321,4130
Crucero,2002-04-30,5.99,10.78,3.03,81.57,0.81,1.41,60.75,-14.34538,-70.0321,4130
Crucero,2002-05-01,5.42,11.77,0.98,82.4,0.33,1.88,60.79,-14.34538,-70.0321,4130
Crucero,2002-05-02,5.1,13.64,-0.38,74.53,0.02,1.89,60.77,-14.34538,-70.0321,4130
Crucero,2002-05-03,4.55,13.6,-2.85,76.12,0.24,1.91,60.64,-14.34538,-70.0321,4130
Crucero,2002-05-04,4.28,10.06,0.34,75.92,6.64,1.83,60.72,-14.34538,-70.0321,4130
Crucero,2002-05-05,3.95,10.53,0.2,83.11,10.45,1.13,60.76,-14.34538,-70.0321,4130
Crucero,2002-05-06,3.7,10.75,-0.51,79.74,1.0,2.52,60.8,-14.34538,-70.0321,4130
Crucero,2002-05-07,4.54,12.48,-2.86,75.31,0.01,1.2,60.8,-14.34538,-70.0321,4130
Crucero,2002-05-08,4.67,12.02,-1.8,79.01,0.89,1.46,60.75,-14.34538,-70.0321,4130
Crucero,2002-05-09,4.17,10.88,-0.08,83.12,0.82,1.45,60.75,-14.34538,-70.0321,4130
Crucero,2002-05-10,4.62,11.92,-2.0,79.63,2.73,1.44,60.8,-14.34538,-70.0321,4130
Crucero,2002-05-11,5.04,12.47,0.04,78.0,0.84,1.72,60.83,-14.34538,-70.0321,4130
Crucero,2002-05-12,5.45,13.03,0.34,78.28,0.0,1.49,60.8,-14.34538,-70.0321,4130
Crucero,2002-05-13,5.45,11.73,0.94,78.88,0.1,2.3,60.68,-14.34538,-70.0321,4130
Crucero,2002-05-14,4.3,10.49,-0.01,80.71,0.05,1.7,60.64,-14.34538,-70.0321,4130
Crucero,2002-05-15,4.82,12.31,-0.48,77.02,0.0,1.26,60.72,-14.34538,-70.0321,4130
Crucero,2002-05-16,5.19,12.36,0.36,76.94,0.01,1.23,60.7,-14.34538,-70.0321,4130
Crucero,2002-05-17,2.95,8.48,-0.84,86.12,0.0,2.09,60.6,-14.34538,-70.0321,4130
Crucero,2002-05-18,2.32,7.95,-1.57,84.07,0.39,1.63,60.58,-14.34538,-70.0321,4130
Crucero,2002-05-19,3.33,10.9,-1.11,84.21,0.01,1.84,60.57,-14.34538,-70.0321,4130
Crucero,2002-05-20,4.64,13.28,-3.36,67.55,0.03,1.98,60.63,-14.34538,-70.0321,4130
Crucero,2002-05-21,2.48,8.48,-1.68,82.42,1.23,1.8,60.71,-14.34538,-70.0321,4130
Crucero,2002-05-22,4.75,12.61,-1.7,73.98,0.11,1.57,60.67,-14.34538,-70.0321,4130
Crucero,2002-05-23,4.42,11.6,-2.54,78.14,0.2,1.08,60.73,-14.34538,-70.0321,4130
Crucero,2002-05-24,4.92,13.41,-2.4,77.04,0.13,1.67,60.72,-14.34538,-70.0321,4130
Crucero,2002-05-25,5.57,12.86,0.28,76.21,0.01,1.21,60.7,-14.34538,-70.0321,4130
Crucero,2002-05-26,5.47,14.16,-0.18,71.76,0.14,1.66,60.62,-14.34538,-70.0321,4130
Crucero,2002-05-27,4.74,13.85,-2.5,78.06,0.96,1.58,60.54,-14.34538,-70.0321,4130
Crucero,2002-05-28,4.57,11.69,0.23,79.51,0.54,1.97,60.53,-14.34538,-70.0321,4130
Crucero,2002-05-29,4.48,11.19,-0.73,83.02,0.09,1.81,60.56,-14.34538,-70.0321,4130
Crucero,2002-05-30,4.88,11.99,-0.2,79.93,0.04,1.51,60.64,-14.34538,-70.0321,4130
Crucero,2002-05-31,4.87,12.35,-0.21,78.06,0.08,1.43,60.75,-14.34538,-70.0321,4130
Crucero,2002-06-01,4.42,11.53,0.08,80.26,0.0,1.68,60.76,-14.34538,-70.0321,4130
Crucero,2002-06-02,5.88,13.46,0.17,76.02,0.05,1.52,60.72,-14.34538,-70.0321,4130
Crucero,2002-06-03,3.8,8.96,1.07,86.46,0.06,0.98,60.71,-14.34538,-70.0321,4130
Crucero,2002-06-04,5.63,12.45,0.0,77.04,0.1,0.99,60.72,-14.34538,-70.0321,4130
Crucero,2002-06-05,5.86,13.55,-0.27,71.61,0.07,1.27,60.69,-14.34538,-70.0321,4130
Crucero,2002-06-06,5.94,13.94,0.4,75.36,0.01,1.38,60.68,-14.34538,-70.0321,4130
Crucero,2002-06-07,6.96,14.74,1.45,73.92,0.0,1.45,60.72,-14.34538,-70.0321,4130
Crucero,2002-06-08,7.02,14.13,2.29,77.66,0.39,1.92,60.78,-14.34538,-70.0321,4130
Crucero,2002-06-09,6.04,12.79,1.21,79.82,0.62,0.94,60.71,-14.34538,-70.0321,4130
Crucero,2002-06-10,4.75,12.33,-1.88,77.69,0.38,1.92,60.71,-14.34538,-70.0321,4130
Crucero,2002-06-11,3.66,8.36,-0.31,82.71,0.1,1.24,60.75,-14.34538,-70.0321,4130
Crucero,2002-06-12,3.59,11.11,-2.37,77.48,0.22,1.11,60.71,-14.34538,-70.0321,4130
Crucero,2002-06-13,3.05,9.45,-1.09,82.66,0.06,1.09,60.72,-14.34538,-70.0321,4130
Crucero,2002-06-14,0.77,4.44,-2.26,90.76,1.35,1.34,60.78,-14.34538,-70.0321,4130
Crucero,2002-06-15,2.65,10.81,-3.15,81.2,0.14,1.82,60.79,-14.34538,-70.0321,4130
Crucero,2002-06-16,3.3,12.09,-3.01,75.29,0.25,2.06,60.7,-14.34538,-70.0321,4130
Crucero,2002-06-17,3.27,13.06,-4.56,69.39,0.06,2.32,60.63,-14.34538,-70.0321,4130
Crucero,2002-06-18,3.36,11.82,-3.92,76.45,0.22,1.98,60.68,-14.34538,-70.0321,4130
Crucero,2002-06-19,4.09,12.16,-1.63,74.87,0.1,1.74,60.72,-14.34538,-70.0321,4130
Crucero,2002-06-20,3.52,11.39,-3.02,70.21,0.01,1.02,60.71,-14.34538,-70.0321,4130
Crucero,2002-06-21,1.68,10.08,-4.01,76.22,0.0,2.37,60.78,-14.34538,-70.0321,4130
Crucero,2002-06-22,2.63,11.62,-3.59,69.18,0.0,1.45,60.81,-14.34538,-70.0321,4130
Crucero,2002-06-23,2.68,12.39,-4.37,70.96,0.0,1.04,60.75,-14.34538,-70.0321,4130
Crucero,2002-06-24,3.08,11.86,-3.91,73.65,0.28,1.21,60.77,-14.34538,-70.0321,4130
Crucero,2002-06-25,3.4,12.6,-4.08,71.85,0.03,1.15,60.77,-14.34538,-70.0321,4130
Crucero,2002-06-26,3.09,12.44,-3.84,70.18,0.0,1.81,60.76,-14.34538,-70.0321,4130
Crucero,2002-06-27,2.26,10.19,-3.15,73.7,0.01,2.02,60.77,-14.34538,-70.0321,4130
Crucero,2002-06-28,2.4,11.34,-4.46,73.54,0.02,1.97,60.75,-14.34538,-70.0321,4130
Crucero,2002-06-29,2.15,10.5,-3.65,77.79,0.17,2.77,60.75,-14.34538,-70.0321,4130
Crucero,2002-06-30,1.55,7.68,-2.91,81.62,0.02,4.23,60.81,-14.34538,-70.0321,4130
Crucero,2002-07-01,0.53,7.36,-4.25,79.11,0.02,4.6,60.8,-14.34538,-70.0321,4130
Crucero,2002-07-02,1.41,8.93,-4.15,79.52,0.05,4.62,60.66,-14.34538,-70.0321,4130
Crucero,2002-07-03,2.21,8.5,-3.32,79.77,1.09,4.91,60.47,-14.34538,-70.0321,4130
Crucero,2002-07-04,1.26,6.29,-2.5,84.9,0.14,3.36,60.59,-14.34538,-70.0321,4130
Crucero,2002-07-05,0.82,6.99,-4.34,86.28,0.35,2.38,60.59,-14.34538,-70.0321,4130
Crucero,2002-07-06,1.59,10.84,-5.28,59.51,0.03,2.56,60.62,-14.34538,-70.0321,4130
Crucero,2002-07-07,1.57,8.91,-3.46,79.52,0.16,1.8,60.66,-14.34538,-70.0321,4130
Crucero,2002-07-08,2.28,10.15,-3.45,79.61,0.05,2.06,60.62,-14.34538,-70.0321,4130
Crucero,2002-07-09,2.59,9.04,-2.35,82.6,0.91,2.17,60.64,-14.34538,-70.0321,4130
Crucero,2002-07-10,3.18,9.67,-1.24,80.93,1.07,3.33,60.61,-14.34538,-70.0321,4130
Crucero,2002-07-11,2.72,8.85,-1.46,81.94,3.62,2.49,60.68,-14.34538,-70.0321,4130
Crucero,2002-07-12,2.3,8.18,-2.3,82.61,0.41,2.03,60.73,-14.34538,-70.0321,4130
Crucero,2002-07-13,2.43,9.18,-1.98,82.17,0.05,1.84,60.69,-14.34538,-70.0321,4130
Crucero,2002-07-14,1.21,6.91,-2.43,84.4,0.0,1.28,60.72,-14.34538,-70.0321,4130
Crucero,2002-07-15,1.91,8.51,-3.38,78.02,0.0,1.46,60.71,-14.34538,-70.0321,4130
Crucero,2002-07-16,2.33,9.92,-2.91,81.55,2.14,1.66,60.69,-14.34538,-70.0321,4130
Crucero,2002-07-17,1.68,8.74,-3.47,81.18,1.02,2.51,60.77,-14.34538,-70.0321,4130
Crucero,2002-07-18,1.07,6.25,-3.28,83.08,0.53,1.41,60.77,-14.34538,-70.0321,4130
Crucero,2002-07-19,1.71,7.96,-4.08,70.55,0.02,1.49,60.63,-14.34538,-70.0321,4130
Crucero,2002-07-20,0.61,10.75,-6.26,54.91,0.0,2.71,60.6,-14.34538,-70.0321,4130
Crucero,2002-07-21,0.56,11.08,-6.29,36.64,0.0,3.31,60.6,-14.34538,-70.0321,4130
Crucero,2002-07-22,3.04,12.96,-5.3,50.6,0.0,1.79,60.61,-14.34538,-70.0321,4130
Crucero,2002-07-23,4.89,13.96,-2.67,71.6,0.0,1.67,60.65,-14.34538,-70.0321,4130
Crucero,2002-07-24,4.85,12.59,-0.22,73.45,0.0,1.44,60.77,-14.34538,-70.0321,4130
Crucero,2002-07-25,1.72,5.68,-0.71,85.55,0.2,1.65,60.79,-14.34538,-70.0321,4130
Crucero,2002-07-26,3.21,11.0,-2.08,70.75,0.02,1.13,60.74,-14.34538,-70.0321,4130
Crucero,2002-07-27,2.75,9.95,-2.74,79.43,3.35,1.64,60.72,-14.34538,-70.0321,4130
Crucero,2002-07-28,1.47,6.76,-1.95,86.47,0.63,2.51,60.72,-14.34538,-70.0321,4130
Crucero,2002-07-29,2.28,10.72,-3.9,77.17,0.0,2.18,60.73,-14.34538,-70.0321,4130
Crucero,2002-07-30,2.75,12.15,-4.27,72.18,0.0,2.28,60.72,-14.34538,-70.0321,4130
Crucero,2002-07-31,3.43,12.84,-3.98,70.95,0.0,2.04,60.72,-14.34538,-70.0321,4130
Crucero,2002-08-01,4.08,12.1,-2.72,72.53,0.08,1.63,60.69,-14.34538,-70.0321,4130
Crucero,2002-08-02,3.15,10.27,-0.9,80.41,0.11,1.92,60.72,-14.34538,-70.0321,4130
Crucero,2002-08-03,4.53,12.35,-1.18,71.9,0.02,1.49,60.77,-14.34538,-70.0321,4130
Crucero,2002-08-04,4.97,13.91,-2.35,63.66,0.0,1.48,60.75,-14.34538,-70.0321,4130
Crucero,2002-08-05,4.14,12.5,-2.58,68.19,0.0,1.2,60.65,-14.34538,-70.0321,4130
Crucero,2002-08-06,3.45,8.48,-0.27,77.05,1.26,1.98,60.7,-14.34538,-70.0321,4130
Crucero,2002-08-07,4.58,12.42,-1.69,74.49,0.13,1.83,60.8,-14.34538,-70.0321,4130
Crucero,2002-08-08,3.56,10.12,-1.4,76.06,0.0,1.05,60.84,-14.34538,-70.0321,4130
Crucero,2002-08-09,3.16,9.39,-0.29,75.39,0.0,2.85,60.83,-14.34538,-70.0321,4130
Crucero,2002-08-10,3.51,10.35,-1.88,72.91,0.0,1.61,60.79,-14.34538,-70.0321,4130
Crucero,2002-08-11,3.0,11.69,-3.61,72.82,0.0,2.55,60.79,-14.34538,-70.0321,4130
Crucero,2002-08-12,2.98,12.14,-4.11,70.24,0.05,2.14,60.79,-14.34538,-70.0321,4130
Crucero,2002-08-13,3.27,12.6,-4.31,68.36,0.0,1.96,60.74,-14.34538,-70.0321,4130
Crucero,2002-08-14,3.42,12.62,-4.65,72.21,1.13,2.54,60.73,-14.34538,-70.0321,4130
Crucero,2002-08-15,3.81,10.51,-0.34,79.74,0.16,2.74,60.76,-14.34538,-70.0321,4130
Crucero,2002-08-16,2.81,9.92,-1.88,81.73,0.0,2.04,60.74,-14.34538,-70.0321,4130
Crucero,2002-08-17,1.64,4.97,-0.76,88.46,0.4,1.9,60.61,-14.34538,-70.0321,4130
Crucero,2002-08-18,1.97,7.69,-2.95,80.85,0.27,1.88,60.58,-14.34538,-70.0321,4130
Crucero,2002-08-19,1.85,8.53,-3.4,81.07,0.04,2.02,60.56,-14.34538,-70.0321,4130
Crucero,2002-08-20,2.43,8.6,-2.66,78.15,0.07,2.28,60.63,-14.34538,-70.0321,4130
Crucero,2002-08-21,3.23,11.03,-2.13,78.05,0.02,2.23,60.65,-14.34538,-70.0321,4130
Crucero,2002-08-22,2.95,9.54,-0.8,81.24,0.13,1.39,60.69,-14.34538,-70.0321,4130
Crucero,2002-08-23,3.25,10.56,-1.85,76.61,0.06,1.64,60.68,-14.34538,-70.0321,4130
Crucero,2002-08-24,3.92,12.24,-1.08,77.35,0.01,1.94,60.67,-14.34538,-70.0321,4130
Crucero,2002-08-25,4.75,12.97,-1.33,76.09,0.98,2.53,60.72,-14.34538,-70.0321,4130
Crucero,2002-08-26,4.49,12.52,-1.64,77.97,1.7,2.62,60.69,-14.34538,-70.0321,4130
Crucero,2002-08-27,4.43,11.6,-0.28,77.53,0.1,3.23,60.62,-14.34538,-70.0321,4130
Crucero,2002-08-28,4.71,12.18,-1.09,68.64,0.0,1.97,60.47,-14.34538,-70.0321,4130
Crucero,2002-08-29,3.21,10.82,-3.61,55.76,0.09,1.71,60.46,-14.34538,-70.0321,4130
Crucero,2002-08-30,3.07,10.05,-1.42,81.15,0.79,2.78,60.46,-14.34538,-70.0321,4130
Crucero,2002-08-31,4.21,12.73,-1.79,78.99,0.04,3.08,60.56,-14.34538,-70.0321,4130
Crucero,2002-09-01,4.81,12.09,-0.68,74.93,0.78,1.66,60.55,-14.34538,-70.0321,4130
Crucero,2002-09-02,4.94,13.56,-0.83,71.72,0.2,2.14,60.56,-14.34538,-70.0321,4130
Crucero,2002-09-03,4.81,14.05,-1.83,70.91,0.11,2.95,60.65,-14.34538,-70.0321,4130
Crucero,2002-09-04,4.43,14.06,-4.29,70.91,0.02,3.12,60.74,-14.34538,-70.0321,4130
Crucero,2002-09-05,5.83,15.4,-2.37,66.4,0.0,2.23,60.69,-14.34538,-70.0321,4130
Crucero,2002-09-06,5.2,12.61,-0.61,71.85,0.0,1.62,60.72,-14.34538,-70.0321,4130
Crucero,2002-09-07,4.64,9.39,1.21,76.58,0.0,2.9,60.81,-14.34538,-70.0321,4130
Crucero,2002-09-08,4.56,9.79,1.29,77.66,0.05,1.3,60.77,-14.34538,-70.0321,4130
Crucero,2002-09-09,4.0,10.71,0.16,76.29,0.04,2.45,60.74,-14.34538,-70.0321,4130
Crucero,2002-09-10,3.95,11.95,-1.73,75.76,7.61,3.09,60.69,-14.34538,-70.0321,4130
Crucero,2002-09-11,3.57,9.78,-0.42,83.3,1.71,2.76,60.58,-14.34538,-70.0321,4130
Crucero,2002-09-12,3.88,11.78,-1.35,79.54,0.29,3.38,60.56,-14.34538,-70.0321,4130
Crucero,2002-09-13,2.98,9.43,-0.82,81.92,0.05,2.66,60.57,-14.34538,-70.0321,4130
Crucero,2002-09-14,1.92,8.4,-2.68,73.92,0.0,1.33,60.66,-14.34538,-70.0321,4130
Crucero,2002-09-15,4.59,12.99,-2.98,68.28,0.0,1.94,60.62,-14.34538,-70.0321,4130
Crucero,2002-09-16,3.64,11.26,-0.69,76.62,0.29,2.06,60.64,-14.34538,-70.0321,4130
Crucero,2002-09-17,4.28,10.6,-0.15,79.0,1.81,3.48,60.65,-14.34538,-70.0321,4130
Crucero,2002-09-18,5.2,12.24,0.22,75.76,1.79,2.09,60.74,-14.34538,-70.0321,4130
Crucero,2002-09-19,4.87,11.11,0.48,78.39,0.67,1.68,60.73,-14.34538,-70.0321,4130
Crucero,2002-09-20,6.69,15.44,-0.79,71.64,0.58,1.92,60.68,-14.34538,-70.0321,4130
Crucero,2002-09-21,5.82,11.77,1.48,75.58,1.09,2.13,60.63,-14.34538,-70.0321,4130
Crucero,2002-09-22,7.53,16.73,-0.08,63.36,0.05,1.57,60.59,-14.34538,-70.0321,4130
Crucero,2002-09-23,7.61,17.05,-1.44,56.8,0.67,1.61,60.57,-14.34538,-70.0321,4130
Crucero,2002-09-24,6.71,15.36,0.07,64.35,0.25,1.52,60.58,-14.34538,-70.0321,4130
Crucero,2002-09-25,5.64,14.38,-2.3,63.91,0.02,1.97,60.57,-14.34538,-70.0321,4130
Crucero,2002-09-26,3.54,7.7,-0.59,78.12,0.0,2.19,60.62,-14.34538,-70.0321,4130
Crucero,2002-09-27,5.13,14.24,-1.67,72.57,0.0,2.61,60.69,-14.34538,-70.0321,4130
Crucero,2002-09-28,6.45,14.95,-0.68,70.57,0.0,2.63,60.72,-14.34538,-70.0321,4130
Crucero,2002-09-29,5.68,13.22,1.9,77.1,0.11,2.43,60.7,-14.34538,-70.0321,4130
Crucero,2002-09-30,4.88,11.65,1.19,78.93,0.37,2.82,60.68,-14.34538,-70.0321,4130
Crucero,2002-10-01,5.74,14.22,-0.24,73.27,16.2,2.96,60.75,-14.34538,-70.0321,4130
Crucero,2002-10-02,4.09,9.93,-0.82,80.37,9.1,1.57,60.74,-14.34538,-70.0321,4130
Crucero,2002-10-03,5.37,10.44,2.49,80.73,0.53,2.07,60.64,-14.34538,-70.0321,4130
Crucero,2002-10-04,6.08,13.93,1.99,76.4,4.46,3.05,60.59,-14.34538,-70.0321,4130
Crucero,2002-10-05,6.02,12.58,2.03,76.57,0.48,2.65,60.62,-14.34538,-70.0321,4130
Crucero,2002-10-06,7.07,14.85,1.94,69.71,0.0,3.25,60.6,-14.34538,-70.0321,4130
Crucero,2002-10-07,5.9,11.87,1.38,75.79,2.0,2.25,60.57,-14.34538,-70.0321,4130
Crucero,2002-10-08,6.46,13.63,2.06,75.25,1.86,3.01,60.6,-14.34538,-70.0321,4130
Crucero,2002-10-09,3.69,8.08,0.81,82.94,2.38,2.14,60.57,-14.34538,-70.0321,4130
Crucero,2002-10-10,4.72,12.52,-0.18,79.47,3.05,1.17,60.5,-14.34538,-70.0321,4130
Crucero,2002-10-11,4.17,12.31,-0.4,76.0,0.34,1.71,60.62,-14.34538,-70.0321,4130
Crucero,2002-10-12,5.53,14.25,0.52,74.63,0.01,2.77,60.71,-14.34538,-70.0321,4130
Crucero,2002-10-13,5.59,12.37,0.94,74.61,1.83,1.64,60.67,-14.34538,-70.0321,4130
Crucero,2002-10-14,6.08,15.81,-2.21,66.77,0.43,2.59,60.55,-14.34538,-70.0321,4130
Crucero,2002-10-15,2.73,7.3,-1.18,73.18,3.17,2.19,60.58,-14.34538,-70.0321,4130
Crucero,2002-10-16,5.97,14.71,-0.47,71.61,3.31,3.14,60.56,-14.34538,-70.0321,4130
Crucero,2002-10-17,6.78,14.76,1.02,70.27,2.92,2.35,60.62,-14.34538,-70.0321,4130
Crucero,2002-10-18,5.35,14.5,0.81,72.79,0.15,1.66,60.56,-14.34538,-70.0321,4130
Crucero,2002-10-19,6.61,15.25,-0.67,68.7,3.56,2.39,60.52,-14.34538,-70.0321,4130
Crucero,2002-10-20,6.04,14.07,0.68,74.74,0.21,1.69,60.56,-14.34538,-70.0321,4130
Crucero,2002-10-21,6.06,13.22,1.35,69.36,2.76,3.12,60.66,-14.34538,-70.0321,4130
Crucero,2002-10-22,5.69,12.75,-0.08,75.62,1.34,2.62,60.72,-14.34538,-70.0321,4130
Crucero,2002-10-23,6.73,15.39,0.37,67.95,0.08,3.05,60.7,-14.34538,-70.0321,4130
Crucero,2002-10-24,6.58,15.17,0.98,74.22,4.04,2.48,60.6,-14.34538,-70.0321,4130
Crucero,2002-10-25,5.82,13.39,1.13,76.51,1.46,2.71,60.54,-14.34538,-70.0321,4130
Crucero,2002-10-26,4.96,11.92,0.98,77.71,0.15,1.98,60.58,-14.34538,-70.0321,4130
Crucero,2002-10-27,5.4,12.73,1.19,77.67,2.22,1.83,60.58,-14.34538,-70.0321,4130
Crucero,2002-10-28,5.8,13.92,0.86,72.49,0.63,2.02,60.56,-14.34538,-70.0321,4130
Crucero,2002-10-29,4.2,9.05,1.14,81.82,0.2,2.25,60.48,-14.34538,-70.0321,4130
Crucero,2002-10-30,5.35,12.54,1.18,79.12,10.15,1.96,60.45,-14.34538,-70.0321,4130
Crucero,2002-10-31,4.17,10.68,0.84,80.57,2.2,1.43,60.53,-14.34538,-70.0321,4130
Crucero,2002-11-01,5.6,13.08,0.18,76.27,1.27,2.04,60.54,-14.34538,-70.0321,4130
Crucero,2002-11-02,5.86,13.82,1.01,78.5,7.63,1.49,60.53,-14.34538,-70.0321,4130
Crucero,2002-11-03,5.78,14.5,-0.71,68.6,0.02,1.94,60.53,-14.34538,-70.0321,4130
Crucero,2002-11-04,6.73,14.64,-1.33,66.09,3.7,1.4,60.54,-14.34538,-70.0321,4130
Crucero,2002-11-05,7.18,16.73,-0.3,60.61,0.95,2.26,60.57,-14.34538,-70.0321,4130
Crucero,2002-11-06,6.79,16.02,-0.73,66.36,0.01,2.38,60.66,-14.34538,-70.0321,4130
Crucero,2002-11-07,5.64,15.78,-3.56,59.85,0.0,2.55,60.72,-14.34538,-70.0321,4130
Crucero,2002-11-08,6.11,16.45,-4.96,60.02,0.0,2.22,60.64,-14.34538,-70.0321,4130
Crucero,2002-11-09,6.28,12.25,2.19,72.87,0.12,1.5,60.55,-14.34538,-70.0321,4130
Crucero,2002-11-10,6.85,14.82,0.23,69.6,2.98,1.71,60.52,-14.34538,-70.0321,4130
Crucero,2002-11-11,6.88,13.98,1.37,69.05,2.59,1.97,60.53,-14.34538,-70.0321,4130
Crucero,2002-11-12,6.56,13.4,0.83,75.03,5.16,1.87,60.6,-14.34538,-70.0321,4130
Crucero,2002-11-13,6.19,13.89,0.22,77.03,2.03,1.7,60.62,-14.34538,-70.0321,4130
Crucero,2002-11-14,6.67,13.0,3.4,74.55,0.44,3.62,60.63,-14.34538,-70.0321,4130
Crucero,2002-11-15,6.79,14.19,1.88,73.08,0.03,2.91,60.63,-14.34538,-70.0321,4130
Crucero,2002-11-16,6.53,14.0,1.6,74.11,1.0,2.63,60.64,-14.34538,-70.0321,4130
Crucero,2002-11-17,7.31,15.89,1.19,72.11,1.35,2.32,60.61,-14.34538,-70.0321,4130
Crucero,2002-11-18,7.96,14.35,4.21,73.98,0.07,2.07,60.56,-14.34538,-70.0321,4130
Crucero,2002-11-19,7.08,13.3,2.08,75.57,2.68,2.33,60.5,-14.34538,-70.0321,4130
Crucero,2002-11-20,6.72,13.3,2.41,77.89,2.1,3.2,60.54,-14.34538,-70.0321,4130
Crucero,2002-11-21,6.75,14.01,1.81,75.29,0.39,3.96,60.66,-14.34538,-70.0321,4130
Crucero,2002-11-22,7.02,14.33,2.44,71.04,0.07,3.76,60.75,-14.34538,-70.0321,4130
Crucero,2002-11-23,7.0,15.17,1.49,71.05,3.52,2.7,60.7,-14.34538,-70.0321,4130
Crucero,2002-11-24,5.86,12.62,1.71,77.22,4.55,1.79,60.62,-14.34538,-70.0321,4130
Crucero,2002-11-25,6.01,12.6,1.49,76.86,3.96,1.86,60.56,-14.34538,-70.0321,4130
Crucero,2002-11-26,5.01,10.1,1.83,85.56,5.66,1.93,60.59,-14.34538,-70.0321,4130
Crucero,2002-11-27,5.92,13.45,1.3,76.93,0.55,1.53,60.55,-14.34538,-70.0321,4130
Crucero,2002-11-28,6.89,14.37,1.67,73.44,3.34,1.75,60.55,-14.34538,-70.0321,4130
Crucero,2002-11-29,6.27,10.68,2.08,77.12,0.76,1.43,60.58,-14.34538,-70.0321,4130
Crucero,2002-11-30,6.55,14.99,1.04,77.24,0.1,1.9,60.57,-14.34538,-70.0321,4130
Crucero,2002-12-01,5.46,13.22,1.29,79.83,10.2,1.07,60.6,-14.34538,-70.0321,4130
Crucero,2002-12-02,6.31,13.53,1.25,80.7,6.35,3.12,60.53,-14.34538,-70.0321,4130
Crucero,2002-12-03,5.4,10.01,1.77,84.25,1.77,2.52,60.54,-14.34538,-70.0321,4130
Crucero,2002-12-04,5.2,11.88,0.63,78.71,13.08,1.13,60.61,-14.34538,-70.0321,4130
Crucero,2002-12-05,3.81,10.2,1.25,84.93,6.84,1.53,60.61,-14.34538,-70.0321,4130
Crucero,2002-12-06,5.17,11.29,0.53,76.42,3.87,2.04,60.63,-14.34538,-70.0321,4130
Crucero,2002-12-07,7.67,15.38,-0.67,69.11,2.14,1.67,60.54,-14.34538,-70.0321,4130
Crucero,2002-12-08,6.92,14.62,0.71,68.3,1.15,1.48,60.53,-14.34538,-70.0321,4130
Crucero,2002-12-09,7.14,15.39,0.37,66.72,0.63,1.25,60.54,-14.34538,-70.0321,4130
Crucero,2002-12-10,5.74,12.82,1.23,77.6,0.27,2.14,60.67,-14.34538,-70.0321,4130
Crucero,2002-12-11,6.64,14.11,1.22,75.74,0.48,1.62,60.72,-14.34538,-70.0321,4130
Crucero,2002-12-12,6.89,15.37,0.08,75.63,0.02,2.73,60.68,-14.34538,-70.0321,4130
Crucero,2002-12-13,7.02,14.56,0.48,76.23,0.01,2.21,60.64,-14.34538,-70.0321,4130
Crucero,2002-12-14,6.67,14.7,1.55,76.84,1.16,1.83,60.61,-14.34538,-70.0321,4130
Crucero,2002-12-15,7.07,14.88,0.79,69.8,3.76,1.19,60.59,-14.34538,-70.0321,4130
Crucero,2002-12-16,5.47,11.59,1.0,74.14,1.36,1.88,60.65,-14.34538,-70.0321,4130
Crucero,2002-12-17,5.94,12.69,2.09,78.47,7.41,2.54,60.69,-14.34538,-70.0321,4130
Crucero,2002-12-18,6.14,14.43,-0.02,76.81,10.27,1.42,60.68,-14.34538,-70.0321,4130
Crucero,2002-12-19,7.04,14.82,1.4,79.1,2.15,1.84,60.62,-14.34538,-70.0321,4130
Crucero,2002-12-20,6.37,13.74,1.71,80.85,3.13,1.9,60.66,-14.34538,-70.0321,4130
Crucero,2002-12-21,5.19,11.71,1.46,82.2,6.37,2.43,60.65,-14.34538,-70.0321,4130
Crucero,2002-12-22,5.86,12.72,0.66,78.47,11.39,2.27,60.55,-14.34538,-70.0321,4130
Crucero,2002-12-23,7.31,15.99,0.31,62.61,0.95,1.79,60.59,-14.34538,-70.0321,4130
Crucero,2002-12-24,6.86,14.01,0.53,76.0,4.26,1.75,60.61,-14.34538,-70.0321,4130
Crucero,2002-12-25,5.82,12.16,1.48,77.93,1.66,2.12,60.69,-14.34538,-70.0321,4130
Crucero,2002-12-26,6.83,13.11,2.13,76.0,1.55,3.0,60.72,-14.34538,-70.0321,4130
Crucero,2002-12-27,7.46,15.12,0.75,76.33,0.15,2.33,60.65,-14.34538,-70.0321,4130
Crucero,2002-12-28,8.46,16.07,2.03,73.43,0.64,2.38,60.59,-14.34538,-70.0321,4130
Crucero,2002-12-29,8.09,14.95,3.05,76.76,2.43,1.48,60.57,-14.34538,-70.0321,4130
Crucero,2002-12-30,6.45,11.65,2.68,82.24,6.52,2.62,60.64,-14.34538,-70.0321,4130
Crucero,2002-12-31,5.66,9.88,2.43,81.62,0.5,1.96,60.72,-14.34538,-70.0321,4130
Crucero,2003-01-01,6.2,10.83,0.96,82.51,9.45,2.57,60.66,-14.34538,-70.0321,4130
Crucero,2003-01-02,6.24,11.64,3.03,82.29,1.24,1.75,60.6,-14.34538,-70.0321,4130
Crucero,2003-01-03,6.97,13.51,2.3,71.89,0.06,2.0,60.58,-14.34538,-70.0321,4130
Crucero,2003-01-04,6.64,14.51,0.85,70.19,0.02,1.48,60.62,-14.34538,-70.0321,4130
Crucero,2003-01-05,8.13,15.18,1.3,69.33,0.25,1.6,60.62,-14.34538,-70.0321,4130
Crucero,2003-01-06,7.56,14.71,2.25,73.89,7.7,2.51,60.73,-14.34538,-70.0321,4130
Crucero,2003-01-07,7.16,13.85,1.56,76.32,0.35,2.48,60.84,-14.34538,-70.0321,4130
Crucero,2003-01-08,7.86,15.4,3.08,73.68,0.01,2.25,60.8,-14.34538,-70.0321,4130
Crucero,2003-01-09,6.24,11.52,1.72,77.52,0.52,1.97,60.8,-14.34538,-70.0321,4130
Crucero,2003-01-10,6.55,13.43,1.37,76.25,8.09,2.68,60.76,-14.34538,-70.0321,4130
Crucero,2003-01-11,6.38,13.89,1.7,80.84,3.0,1.51,60.7,-14.34538,-70.0321,4130
Crucero,2003-01-12,6.23,12.44,1.25,77.04,0.87,1.87,60.64,-14.34538,-70.0321,4130
Crucero,2003-01-13,5.99,11.74,2.29,80.07,0.88,1.57,60.63,-14.34538,-70.0321,4130
Crucero,2003-01-14,6.59,12.37,2.75,76.53,0.32,1.67,60.61,-14.34538,-70.0321,4130
Crucero,2003-01-15,6.06,10.0,2.7,84.73,0.45,1.62,60.63,-14.34538,-70.0321,4130
Crucero,2003-01-16,6.08,11.56,2.56,84.24,1.41,2.76,60.65,-14.34538,-70.0321,4130
Crucero,2003-01-17,6.25,12.88,1.54,80.63,4.52,1.93,60.69,-14.34538,-70.0321,4130
Crucero,2003-01-18,6.13,13.93,0.91,78.56,2.02,1.64,60.7,-14.34538,-70.0321,4130
Crucero,2003-01-19,4.73,10.64,1.03,84.5,7.69,2.11,60.65,-14.34538,-70.0321,4130
Crucero,2003-01-20,6.0,12.42,0.74,79.39,5.44,1.69,60.58,-14.34538,-70.0321,4130
Crucero,2003-01-21,5.53,11.88,0.35,80.66,7.05,1.92,60.46,-14.34538,-70.0321,4130
Crucero,2003-01-22,6.34,12.86,0.64,82.29,1.5,1.42,60.44,-14.34538,-70.0321,4130
Crucero,2003-01-23,6.05,12.54,1.99,82.74,4.84,2.13,60.57,-14.34538,-70.0321,4130
Crucero,2003-01-24,4.77,9.98,0.84,87.07,4.74,3.69,60.66,-14.34538,-70.0321,4130
Crucero,2003-01-25,6.58,14.3,0.68,79.7,9.72,2.06,60.6,-14.34538,-70.0321,4130
Crucero,2003-01-26,5.86,13.76,-0.06,80.57,3.95,1.87,60.56,-14.34538,-70.0321,4130
Crucero,2003-01-27,5.67,13.54,1.21,81.6,1.2,1.72,60.57,-14.34538,-70.0321,4130
Crucero,2003-01-28,3.79,8.34,0.66,86.53,6.07,1.97,60.66,-14.34538,-70.0321,4130
Crucero,2003-01-29,4.85,13.02,-2.97,78.42,5.33,2.31,60.61,-14.34538,-70.0321,4130
Crucero,2003-01-30,4.54,10.02,0.43,82.54,9.67,2.51,60.59,-14.34538,-70.0321,4130
Crucero,2003-01-31,5.87,13.21,-0.08,76.99,0.83,1.72,60.55,-14.34538,-70.0321,4130
Crucero,2003-02-01,7.01,14.87,-0.46,74.97,0.22,2.6,60.58,-14.34538,-70.0321,4130
Crucero,2003-02-02,7.06,14.14,2.03,79.63,1.3,2.77,60.65,-14.34538,-70.0321,4130
Crucero,2003-02-03,6.55,13.46,0.48,79.14,3.68,3.3,60.65,-14.34538,-70.0321,4130
Crucero,2003-02-04,6.11,11.66,1.2,80.71,1.71,1.67,60.64,-14.34538,-70.0321,4130
Crucero,2003-02-05,5.07,9.31,1.96,85.16,1.33,1.16,60.61,-14.34538,-70.0321,4130
Crucero,2003-02-06,6.41,13.56,1.1,80.3,0.8,2.21,60.59,-14.34538,-70.0321,4130
Crucero,2003-02-07,5.63,12.55,1.38,82.11,0.84,1.83,60.63,-14.34538,-70.0321,4130
Crucero,2003-02-08,5.08,10.44,1.15,85.44,4.33,1.22,60.68,-14.34538,-70.0321,4130
Crucero,2003-02-09,5.3,12.06,1.28,83.83,0.88,1.5,60.63,-14.34538,-70.0321,4130
Crucero,2003-02-10,6.81,13.76,0.91,81.52,0.23,2.28,60.58,-14.34538,-70.0321,4130
Crucero,2003-02-11,5.92,12.42,2.39,84.16,0.43,1.3,60.6,-14.34538,-70.0321,4130
Crucero,2003-02-12,7.57,13.55,3.56,80.84,0.52,2.17,60.66,-14.34538,-70.0321,4130
Crucero,2003-02-13,8.13,15.3,2.37,75.67,0.83,1.54,60.66,-14.34538,-70.0321,4130
Crucero,2003-02-14,4.33,8.32,1.34,82.06,0.95,1.86,60.59,-14.34538,-70.0321,4130
Crucero,2003-02-15,7.35,14.57,1.43,78.95,0.41,1.31,60.5,-14.34538,-70.0321,4130
Crucero,2003-02-16,7.47,13.87,2.99,80.31,2.21,1.46,60.48,-14.34538,-70.0321,4130
Crucero,2003-02-17,5.8,12.54,2.24,84.15,2.17,2.04,60.51,-14.34538,-70.0321,4130
Crucero,2003-02-18,6.7,13.16,2.21,79.58,1.02,2.34,60.56,-14.34538,-70.0321,4130
Crucero,2003-02-19,5.66,11.59,2.12,83.39,0.42,1.66,60.52,-14.34538,-70.0321,4130
Crucero,2003-02-20,4.79,12.94,0.35,83.31,4.91,1.83,60.56,-14.34538,-70.0321,4130
Crucero,2003-02-21,3.44,9.15,0.48,91.0,71.63,1.83,60.56,-14.34538,-70.0321,4130
Crucero,2003-02-22,5.33,10.12,1.13,86.52,16.69,1.46,60.64,-14.34538,-70.0321,4130
Crucero,2003-02-23,4.98,9.38,1.41,87.38,4.72,1.4,60.74,-14.34538,-70.0321,4130
Crucero,2003-02-24,5.25,12.34,1.21,85.2,9.31,2.29,60.74,-14.34538,-70.0321,4130
Crucero,2003-02-25,5.26,11.63,0.83,83.79,8.35,1.55,60.62,-14.34538,-70.0321,4130
Crucero,2003-02-26,4.56,10.29,0.64,85.73,47.42,2.24,60.53,-14.34538,-70.0321,4130
Crucero,2003-02-27,4.91,11.18,-1.09,84.31,13.42,2.14,60.59,-14.34538,-70.0321,4130
Crucero,2003-02-28,5.83,12.19,1.12,85.66,17.75,2.64,60.65,-14.34538,-70.0321,4130
Crucero,2003-03-01,5.91,12.63,1.13,85.19,5.86,2.38,60.62,-14.34538,-70.0321,4130
Crucero,2003-03-02,5.22,9.7,2.53,87.37,4.13,1.08,60.56,-14.34538,-70.0321,4130
Crucero,2003-03-03,4.69,9.12,1.19,89.71,4.04,2.11,60.54,-14.34538,-70.0321,4130
Crucero,2003-03-04,4.15,7.26,1.75,93.18,5.73,1.53,60.6,-14.34538,-70.0321,4130
Crucero,2003-03-05,5.81,12.15,1.11,85.39,0.31,1.26,60.62,-14.34538,-70.0321,4130
Crucero,2003-03-06,5.49,9.52,1.51,87.13,0.09,1.86,60.58,-14.34538,-70.0321,4130
Crucero,2003-03-07,5.71,9.56,2.37,88.88,0.47,2.2,60.58,-14.34538,-70.0321,4130
Crucero,2003-03-08,5.07,11.59,1.37,87.79,0.31,1.64,60.6,-14.34538,-70.0321,4130
Crucero,2003-03-09,6.08,13.09,1.2,85.85,0.17,1.99,60.55,-14.34538,-70.0321,4130
Crucero,2003-03-10,6.15,11.71,1.73,85.5,0.77,1.13,60.59,-14.34538,-70.0321,4130
Crucero,2003-03-11,5.24,10.35,1.75,88.97,2.41,1.69,60.62,-14.34538,-70.0321,4130
Crucero,2003-03-12,5.9,10.06,2.3,88.66,2.54,1.95,60.63,-14.34538,-70.0321,4130
Crucero,2003-03-13,6.75,12.51,2.22,82.86,1.47,1.73,60.59,-14.34538,-70.0321,4130
Crucero,2003-03-14,5.03,10.72,2.25,87.36,1.36,1.59,60.57,-14.34538,-70.0321,4130
Crucero,2003-03-15,5.67,11.85,1.89,85.86,1.13,1.8,60.6,-14.34538,-70.0321,4130
Crucero,2003-03-16,4.77,8.84,1.81,91.38,2.56,1.37,60.68,-14.34538,-70.0321,4130
Crucero,2003-03-17,4.71,11.48,0.96,87.25,1.16,2.41,60.68,-14.34538,-70.0321,4130
Crucero,2003-03-18,5.09,12.24,-0.09,84.78,0.5,1.97,60.55,-14.34538,-70.0321,4130
Crucero,2003-03-19,4.63,10.89,0.84,86.82,1.5,1.69,60.58,-14.34538,-70.0321,4130
Crucero,2003-03-20,4.34,8.97,0.57,88.36,1.92,1.41,60.68,-14.34538,-70.0321,4130
Crucero,2003-03-21,4.36,8.58,0.84,90.55,0.52,3.42,60.73,-14.34538,-70.0321,4130
Crucero,2003-03-22,5.36,11.94,0.48,83.7,0.0,2.23,60.71,-14.34538,-70.0321,4130
Crucero,2003-03-23,6.2,14.09,-0.88,78.0,0.0,1.3,60.65,-14.34538,-70.0321,4130
Crucero,2003-03-24,6.43,13.13,1.63,80.52,2.69,1.79,60.67,-14.34538,-70.0321,4130
Crucero,2003-03-25,4.29,12.75,-3.01,72.66,0.45,1.81,60.69,-14.34538,-70.0321,4130
Crucero,2003-03-26,4.89,13.03,-2.98,77.26,0.55,1.93,60.6,-14.34538,-70.0321,4130
Crucero,2003-03-27,4.65,11.7,-1.34,74.5,0.56,1.62,60.61,-14.34538,-70.0321,4130
Crucero,2003-03-28,5.07,11.43,1.02,83.14,0.21,2.19,60.71,-14.34538,-70.0321,4130
Crucero,2003-03-29,5.46,12.35,-0.26,84.2,0.4,2.1,60.69,-14.34538,-70.0321,4130
Crucero,2003-03-30,5.0,9.33,1.3,86.57,0.45,1.07,60.61,-14.34538,-70.0321,4130
Crucero,2003-03-31,4.34,8.25,1.28,91.41,7.09,1.86,60.58,-14.34538,-70.0321,4130
Crucero,2003-04-01,4.06,8.9,0.78,90.6,3.55,1.79,60.69,-14.34538,-70.0321,4130
Crucero,2003-04-02,4.92,11.32,0.62,86.89,1.84,2.02,60.73,-14.34538,-70.0321,4130
Crucero,2003-04-03,5.24,11.19,0.79,85.99,0.21,0.86,60.68,-14.34538,-70.0321,4130
Crucero,2003-04-04,5.42,10.6,1.52,85.53,1.68,1.18,60.6,-14.34538,-70.0321,4130
Crucero,2003-04-05,5.12,11.82,0.91,83.77,2.0,1.33,60.66,-14.34538,-70.0321,4130
Crucero,2003-04-06,4.59,9.13,1.16,87.98,2.18,1.2,60.68,-14.34538,-70.0321,4130
Crucero,2003-04-07,5.51,12.14,-0.05,82.63,0.21,1.63,60.56,-14.34538,-70.0321,4130
Crucero,2003-04-08,5.19,10.42,0.94,83.73,0.01,1.4,60.54,-14.34538,-70.0321,4130
Crucero,2003-04-09,5.69,13.68,-1.58,72.85,0.05,1.9,60.57,-14.34538,-70.0321,4130
Crucero,2003-04-10,3.79,7.19,0.58,90.75,1.74,2.3,60.69,-14.34538,-70.0321,4130
Crucero,2003-04-11,3.89,10.32,-0.74,84.33,0.11,2.07,60.74,-14.34538,-70.0321,4130
Crucero,2003-04-12,4.54,11.02,-0.83,81.1,0.1,1.65,60.82,-14.34538,-70.0321,4130
Crucero,2003-04-13,5.07,11.65,0.61,81.88,0.2,1.64,60.88,-14.34538,-70.0321,4130
Crucero,2003-04-14,4.65,12.11,-0.41,80.47,0.02,1.11,60.84,-14.34538,-70.0321,4130
Crucero,2003-04-15,5.42,12.5,-0.25,78.2,0.02,1.53,60.75,-14.34538,-70.0321,4130
Crucero,2003-04-16,4.73,10.81,0.1,79.06,0.0,1.12,60.6,-14.34538,-70.0321,4130
Crucero,2003-04-17,5.78,13.18,0.9,77.02,0.0,2.36,60.56,-14.34538,-70.0321,4130
Crucero,2003-04-18,5.67,13.91,-1.89,63.92,0.06,1.34,60.56,-14.34538,-70.0321,4130
Crucero,2003-04-19,4.69,13.17,-2.93,63.44,1.07,1.86,60.67,-14.34538,-70.0321,4130
Crucero,2003-04-20,2.72,8.21,-1.35,88.42,0.99,1.69,60.63,-14.34538,-70.0321,4130
Crucero,2003-04-21,3.95,11.49,-1.79,83.34,0.03,1.23,60.59,-14.34538,-70.0321,4130
Crucero,2003-04-22,4.58,11.35,0.22,81.19,0.05,2.44,60.67,-14.34538,-70.0321,4130
Crucero,2003-04-23,4.33,11.47,-2.61,81.84,0.92,1.97,60.77,-14.34538,-70.0321,4130
Crucero,2003-04-24,5.44,13.26,-1.84,76.82,0.05,1.45,60.78,-14.34538,-70.0321,4130
Crucero,2003-04-25,5.83,11.69,2.28,80.52,0.0,1.81,60.74,-14.34538,-70.0321,4130
Crucero,2003-04-26,4.42,12.32,-0.06,76.94,0.05,1.57,60.79,-14.34538,-70.0321,4130
Crucero,2003-04-27,5.21,13.33,-1.24,78.86,0.02,1.65,60.84,-14.34538,-70.0321,4130
Crucero,2003-04-28,5.61,13.18,-2.22,74.88,0.0,1.69,60.75,-14.34538,-70.0321,4130
Crucero,2003-04-29,6.0,12.16,1.85,79.39,0.0,1.17,60.71,-14.34538,-70.0321,4130
Crucero,2003-04-30,5.61,12.93,1.14,76.48,0.0,1.83,60.78,-14.34538,-70.0321,4130
Crucero,2003-05-01,5.0,12.77,-1.64,77.16,0.35,1.91,60.87,-14.34538,-70.0321,4130
Crucero,2003-05-02,5.45,11.28,-0.24,81.55,0.04,2.31,60.86,-14.34538,-70.0321,4130
Crucero,2003-05-03,6.09,13.14,0.22,75.98,0.66,1.33,60.72,-14.34538,-70.0321,4130
Crucero,2003-05-04,4.57,13.58,-3.96,73.4,2.02,1.07,60.61,-14.34538,-70.0321,4130
Crucero,2003-05-05,5.39,12.91,-1.17,74.54,0.02,1.46,60.67,-14.34538,-70.0321,4130
Crucero,2003-05-06,4.54,10.43,0.84,81.18,0.01,1.42,60.69,-14.34538,-70.0321,4130
Crucero,2003-05-07,4.24,11.36,-0.76,76.84,0.0,1.06,60.67,-14.34538,-70.0321,4130
Crucero,2003-05-08,4.1,11.85,-3.03,73.69,0.0,0.9,60.66,-14.34538,-70.0321,4130
Crucero,2003-05-09,4.4,12.25,-2.15,72.68,0.0,1.12,60.65,-14.34538,-70.0321,4130
Crucero,2003-05-10,4.55,12.41,-2.35,71.01,0.0,1.02,60.63,-14.34538,-70.0321,4130
Crucero,2003-05-11,3.79,10.57,-0.85,79.93,0.0,1.43,60.75,-14.34538,-70.0321,4130
Crucero,2003-05-12,4.13,10.9,-1.67,76.85,0.0,1.85,60.85,-14.34538,-70.0321,4130
Crucero,2003-05-13,3.72,11.55,-2.78,76.83,0.0,2.46,60.8,-14.34538,-70.0321,4130
Crucero,2003-05-14,3.76,11.79,-3.69,80.08,0.0,2.51,60.69,-14.34538,-70.0321,4130
Crucero,2003-05-15,4.78,12.0,-0.12,79.62,0.0,2.1,60.7,-14.34538,-70.0321,4130
Crucero,2003-05-16,4.74,12.21,0.04,79.44,0.0,1.43,60.7,-14.34538,-70.0321,4130
Crucero,2003-05-17,4.07,9.74,-0.17,81.41,0.0,1.15,60.7,-14.34538,-70.0321,4130
Crucero,2003-05-18,4.16,11.28,-0.13,81.18,1.15,2.18,60.69,-14.34538,-70.0321,4130
Crucero,2003-05-19,3.43,11.06,-2.7,81.97,2.04,1.6,60.72,-14.34538,-70.0321,4130
Crucero,2003-05-20,3.6,9.55,-0.2,84.42,0.11,1.44,60.72,-14.34538,-70.0321,4130
Crucero,2003-05-21,3.28,10.25,-3.17,78.33,0.0,1.67,60.65,-14.34538,-70.0321,4130
Crucero,2003-05-22,4.67,13.8,-3.6,69.4,0.0,1.77,60.63,-14.34538,-70.0321,4130
Crucero,2003-05-23,5.01,11.98,-0.63,72.72,0.07,1.12,60.72,-14.34538,-70.0321,4130
Crucero,2003-05-24,4.77,12.27,-1.17,63.86,0.17,1.44,60.67,-14.34538,-70.0321,4130
Crucero,2003-05-25,3.81,12.74,-3.31,60.73,1.35,1.52,60.66,-14.34538,-70.0321,4130
Crucero,2003-05-26,4.34,11.34,-1.6,66.64,0.33,1.41,60.68,-14.34538,-70.0321,4130
Crucero,2003-05-27,3.88,12.64,-3.06,59.71,0.48,1.23,60.77,-14.34538,-70.0321,4130
Crucero,2003-05-28,1.66,6.57,-2.19,86.82,0.14,0.89,60.82,-14.34538,-70.0321,4130
Crucero,2003-05-29,3.95,11.52,-1.53,78.72,0.05,0.76,60.74,-14.34538,-70.0321,4130
Crucero,2003-05-30,4.53,12.05,-1.64,77.13,0.01,1.32,60.74,-14.34538,-70.0321,4130
Crucero,2003-05-31,5.26,13.12,-1.38,74.72,0.0,1.3,60.79,-14.34538,-70.0321,4130
Crucero,2003-06-01,5.15,13.04,-1.33,73.56,0.01,1.09,60.74,-14.34538,-70.0321,4130
Crucero,2003-06-02,4.93,13.99,-3.07,73.03,0.28,1.44,60.67,-14.34538,-70.0321,4130
Crucero,2003-06-03,5.67,13.79,0.06,76.35,0.15,1.45,60.62,-14.34538,-70.0321,4130
Crucero,2003-06-04,5.1,14.19,-3.16,66.14,0.85,1.88,60.59,-14.34538,-70.0321,4130
Crucero,2003-06-05,3.86,13.84,-3.91,50.97,0.32,1.35,60.64,-14.34538,-70.0321,4130
Crucero,2003-06-06,3.29,13.22,-5.07,57.18,0.0,1.57,60.72,-14.34538,-70.0321,4130
Crucero,2003-06-07,3.34,12.02,-2.9,68.64,0.04,1.67,60.77,-14.34538,-70.0321,4130
Crucero,2003-06-08,4.12,11.64,-0.65,79.13,0.09,1.08,60.73,-14.34538,-70.0321,4130
Crucero,2003-06-09,4.59,12.42,-0.58,75.69,0.0,1.44,60.71,-14.34538,-70.0321,4130
Crucero,2003-06-10,3.88,13.4,-4.36,60.95,0.0,1.78,60.75,-14.34538,-70.0321,4130
Crucero,2003-06-11,4.57,13.86,-2.8,68.0,0.05,1.71,60.73,-14.34538,-70.0321,4130
Crucero,2003-06-12,5.26,12.95,0.69,74.03,0.02,0.93,60.67,-14.34538,-70.0321,4130
Crucero,2003-06-13,4.8,13.53,-2.96,72.84,0.0,1.7,60.67,-14.34538,-70.0321,4130
Crucero,2003-06-14,5.36,13.71,-0.53,71.13,0.02,0.84,60.7,-14.34538,-70.0321,4130
Crucero,2003-06-15,4.81,13.8,-1.52,69.25,0.05,1.6,60.67,-14.34538,-70.0321,4130
Crucero,2003-06-16,5.38,12.78,0.88,72.74,0.58,1.37,60.66,-14.34538,-70.0321,4130
Crucero,2003-06-17,2.99,9.49,-0.61,79.81,0.9,1.36,60.63,-14.34538,-70.0321,4130
Crucero,2003-06-18,3.0,12.02,-2.6,65.4,0.29,1.42,60.62,-14.34538,-70.0321,4130
Crucero,2003-06-19,1.47,5.29,-1.71,93.17,2.11,2.28,60.64,-14.34538,-70.0321,4130
Crucero,2003-06-20,1.73,6.8,-2.0,77.67,0.26,1.26,60.73,-14.34538,-70.0321,4130
Crucero,2003-06-21,2.11,11.51,-4.56,66.06,0.0,2.07,60.75,-14.34538,-70.0321,4130
Crucero,2003-06-22,2.23,11.35,-4.0,61.54,0.0,1.61,60.72,-14.34538,-70.0321,4130
Crucero,2003-06-23,1.99,11.29,-4.66,46.95,0.0,1.59,60.67,-14.34538,-70.0321,4130
Crucero,2003-06-24,2.05,9.32,-2.57,47.57,0.0,0.72,60.74,-14.34538,-70.0321,4130
Crucero,2003-06-25,3.54,12.0,-1.67,69.49,0.0,0.98,60.74,-14.34538,-70.0321,4130
Crucero,2003-06-26,3.11,11.12,-3.05,76.05,0.0,1.2,60.68,-14.34538,-70.0321,4130
Crucero,2003-06-27,3.14,12.38,-4.46,69.04,0.16,1.52,60.65,-14.34538,-70.0321,4130
Crucero,2003-06-28,3.33,11.42,-2.26,79.17,0.72,1.83,60.71,-14.34538,-70.0321,4130
Crucero,2003-06-29,3.28,11.99,-3.55,71.53,0.26,1.52,60.79,-14.34538,-70.0321,4130
Crucero,2003-06-30,3.69,12.8,-2.42,73.01,0.0,1.3,60.78,-14.34538,-70.0321,4130
Crucero,2003-07-01,2.69,12.76,-4.79,67.15,0.0,1.48,60.75,-14.34538,-70.0321,4130
Crucero,2003-07-02,1.99,11.34,-4.87,62.27,0.07,2.06,60.68,-14.34538,-70.0321,4130
Crucero,2003-07-03,1.91,11.82,-5.8,70.28,0.02,1.29,60.66,-14.34538,-70.0321,4130
Crucero,2003-07-04,3.28,12.87,-3.83,69.33,0.0,1.6,60.63,-14.34538,-70.0321,4130
Crucero,2003-07-05,3.3,13.22,-3.94,54.94,0.0,1.61,60.55,-14.34538,-70.0321,4130
Crucero,2003-07-06,2.89,12.26,-4.65,51.05,0.0,1.62,60.52,-14.34538,-70.0321,4130
Crucero,2003-07-07,3.12,12.41,-4.15,57.78,0.02,1.2,60.55,-14.34538,-70.0321,4130
Crucero,2003-07-08,3.57,13.29,-2.71,63.96,0.0,1.39,60.63,-14.34538,-70.0321,4130
Crucero,2003-07-09,4.38,13.42,-3.85,70.83,0.08,1.4,60.64,-14.34538,-70.0321,4130
Crucero,2003-07-10,4.74,11.5,0.38,79.58,0.03,1.43,60.66,-14.34538,-70.0321,4130
Crucero,2003-07-11,4.31,11.11,-1.01,75.4,0.49,1.36,60.72,-14.34538,-70.0321,4130
Crucero,2003-07-12,3.71,12.26,-2.87,75.62,0.11,1.39,60.73,-14.34538,-70.0321,4130
Crucero,2003-07-13,3.01,13.01,-4.46,66.06,0.0,1.35,60.7,-14.34538,-70.0321,4130
Crucero,2003-07-14,2.32,13.29,-5.05,57.43,0.0,2.0,60.6,-14.34538,-70.0321,4130
Crucero,2003-07-15,2.6,12.45,-4.75,60.65,0.37,1.7,60.57,-14.34538,-70.0321,4130
Crucero,2003-07-16,1.61,9.31,-3.46,77.07,0.78,2.3,60.67,-14.34538,-70.0321,4130
Crucero,2003-07-17,1.04,10.88,-4.83,75.17,0.15,2.97,60.7,-14.34538,-70.0321,4130
Crucero,2003-07-18,0.01,6.78,-4.74,79.86,0.0,4.96,60.64,-14.34538,-70.0321,4130
Crucero,2003-07-19,0.97,7.54,-3.44,81.12,0.0,4.71,60.7,-14.34538,-70.0321,4130
Crucero,2003-07-20,1.25,9.9,-4.76,75.76,0.0,3.58,60.72,-14.34538,-70.0321,4130
Crucero,2003-07-21,3.07,13.69,-5.27,68.64,0.0,2.21,60.73,-14.34538,-70.0321,4130
Crucero,2003-07-22,3.39,13.58,-4.57,66.72,0.0,1.62,60.73,-14.34538,-70.0321,4130
Crucero,2003-07-23,3.44,13.52,-4.24,68.87,0.0,2.49,60.74,-14.34538,-70.0321,4130
Crucero,2003-07-24,3.25,12.28,-5.43,73.82,0.0,1.91,60.71,-14.34538,-70.0321,4130
Crucero,2003-07-25,3.23,9.7,-0.35,85.98,0.05,2.96,60.67,-14.34538,-70.0321,4130
Crucero,2003-07-26,2.51,10.04,-2.86,78.8,0.01,3.77,60.76,-14.34538,-70.0321,4130
Crucero,2003-07-27,2.03,11.8,-4.64,71.45,0.0,2.64,60.8,-14.34538,-70.0321,4130
Crucero,2003-07-28,2.34,11.97,-4.64,68.42,0.0,2.71,60.73,-14.34538,-70.0321,4130
Crucero,2003-07-29,2.7,11.57,-4.58,70.81,1.21,2.37,60.79,-14.34538,-70.0321,4130
Crucero,2003-07-30,3.39,11.88,-2.18,72.85,0.08,0.96,60.82,-14.34538,-70.0321,4130
Crucero,2003-07-31,3.47,13.09,-3.9,69.69,0.0,1.09,60.72,-14.34538,-70.0321,4130
Crucero,2003-08-01,3.41,12.59,-3.59,72.02,0.0,1.76,60.65,-14.34538,-70.0321,4130
Crucero,2003-08-02,3.6,11.01,-3.91,75.69,0.0,2.9,60.64,-14.34538,-70.0321,4130
Crucero,2003-08-03,4.38,11.82,-0.63,77.19,0.13,2.78,60.7,-14.34538,-70.0321,4130
Crucero,2003-08-04,4.69,12.4,-0.98,72.85,0.04,2.74,60.63,-14.34538,-70.0321,4130
Crucero,2003-08-05,4.21,13.48,-3.81,69.36,0.0,2.91,60.58,-14.34538,-70.0321,4130
Crucero,2003-08-06,4.1,12.04,-1.28,76.06,0.23,2.36,60.6,-14.34538,-70.0321,4130
Crucero,2003-08-07,3.41,11.56,-1.98,79.6,0.44,2.41,60.55,-14.34538,-70.0321,4130
Crucero,2003-08-08,1.85,7.88,-1.98,83.29,1.64,1.39,60.58,-14.34538,-70.0321,4130
Crucero,2003-08-09,0.99,5.84,-2.26,83.35,1.74,2.07,60.74,-14.34538,-70.0321,4130
Crucero,2003-08-10,1.77,8.73,-2.89,80.56,0.1,0.95,60.79,-14.34538,-70.0321,4130
Crucero,2003-08-11,3.84,12.94,-3.4,68.59,0.01,1.38,60.66,-14.34538,-70.0321,4130
Crucero,2003-08-12,4.16,13.69,-4.11,63.96,0.0,1.47,60.65,-14.34538,-70.0321,4130
Crucero,2003-08-13,4.36,14.57,-4.12,58.67,0.0,1.43,60.77,-14.34538,-70.0321,4130
Crucero,2003-08-14,4.18,13.91,-4.22,58.15,0.01,1.89,60.83,-14.34538,-70.0321,4130
Crucero,2003-08-15,4.01,14.09,-4.22,63.02,0.01,1.72,60.81,-14.34538,-70.0321,4130
Crucero,2003-08-16,4.73,12.98,-0.67,70.68,0.02,1.77,60.79,-14.34538,-70.0321,4130
Crucero,2003-08-17,4.4,14.03,-2.81,67.5,0.0,1.58,60.79,-14.34538,-70.0321,4130
Crucero,2003-08-18,3.39,13.58,-5.19,65.4,0.0,1.76,60.83,-14.34538,-70.0321,4130
Crucero,2003-08-19,3.9,14.14,-4.53,62.97,0.0,2.0,60.81,-14.34538,-70.0321,4130
Crucero,2003-08-20,4.29,13.87,-4.04,68.45,0.0,2.1,60.75,-14.34538,-70.0321,4130
Crucero,2003-08-21,5.41,14.04,-1.6,65.12,0.0,1.55,60.61,-14.34538,-70.0321,4130
Crucero,2003-08-22,4.4,12.74,-2.37,73.3,0.05,2.19,60.59,-14.34538,-70.0321,4130
Crucero,2003-08-23,5.67,13.76,-0.6,70.12,0.26,2.42,60.61,-14.34538,-70.0321,4130
Crucero,2003-08-24,4.99,13.87,-0.83,73.96,0.52,2.47,60.69,-14.34538,-70.0321,4130
Crucero,2003-08-25,3.57,9.88,0.2,79.38,0.31,1.36,60.69,-14.34538,-70.0321,4130
Crucero,2003-08-26,5.24,13.91,-1.94,69.21,0.09,1.6,60.61,-14.34538,-70.0321,4130
Crucero,2003-08-27,4.32,12.55,-1.8,70.84,0.09,1.99,60.66,-14.34538,-70.0321,4130
Crucero,2003-08-28,5.16,13.89,-1.84,60.47,0.01,1.55,60.69,-14.34538,-70.0321,4130
Crucero,2003-08-29,4.85,15.18,-3.6,53.86,0.0,1.64,60.65,-14.34538,-70.0321,4130
Crucero,2003-08-30,4.82,14.8,-3.56,56.87,0.0,1.72,60.69,-14.34538,-70.0321,4130
Crucero,2003-08-31,5.32,14.78,-2.77,54.13,0.0,2.31,60.67,-14.34538,-70.0321,4130
Crucero,2003-09-01,3.98,13.13,-3.92,64.56,0.0,2.44,60.72,-14.34538,-70.0321,4130
Crucero,2003-09-02,4.4,12.77,-1.66,67.78,0.0,2.45,60.78,-14.34538,-70.0321,4130
Crucero,2003-09-03,4.42,12.77,-2.47,69.67,0.0,1.96,60.79,-14.34538,-70.0321,4130
Crucero,2003-09-04,4.18,12.35,-1.9,73.86,0.0,1.6,60.77,-14.34538,-70.0321,4130
Crucero,2003-09-05,3.75,9.61,0.3,80.23,0.11,1.72,60.71,-14.34538,-70.0321,4130
Crucero,2003-09-06,3.71,11.33,-1.05,78.11,0.06,2.36,60.63,-14.34538,-70.0321,4130
Crucero,2003-09-07,3.73,11.79,-2.66,57.44,0.01,2.7,60.56,-14.34538,-70.0321,4130
Crucero,2003-09-08,5.18,14.87,-4.58,54.23,0.29,2.03,60.55,-14.34538,-70.0321,4130
Crucero,2003-09-09,4.55,14.23,-1.96,72.42,0.8,2.16,60.58,-14.34538,-70.0321,4130
Crucero,2003-09-10,2.29,9.93,-2.58,76.8,0.36,2.05,60.65,-14.34538,-70.0321,4130
Crucero,2003-09-11,3.72,12.22,-2.67,74.51,0.27,2.28,60.6,-14.34538,-70.0321,4130
Crucero,2003-09-12,2.4,8.97,-2.54,76.54,0.04,2.61,60.69,-14.34538,-70.0321,4130
Crucero,2003-09-13,3.92,12.97,-2.29,74.66,0.56,2.47,60.76,-14.34538,-70.0321,4130
Crucero,2003-09-14,5.05,13.87,-2.21,67.2,0.17,2.16,60.68,-14.34538,-70.0321,4130
Crucero,2003-09-15,4.82,13.27,-2.08,70.74,0.51,2.35,60.61,-14.34538,-70.0321,4130
Crucero,2003-09-16,5.09,12.73,-0.27,69.23,0.36,1.8,60.69,-14.34538,-70.0321,4130
Crucero,2003-09-17,5.48,13.28,-1.34,69.58,0.02,2.32,60.7,-14.34538,-70.0321,4130
Crucero,2003-09-18,5.25,14.27,-0.47,69.98,0.0,2.07,60.68,-14.34538,-70.0321,4130
Crucero,2003-09-19,6.49,15.76,-2.09,62.54,3.91,1.98,60.6,-14.34538,-70.0321,4130
Crucero,2003-09-20,4.64,9.99,1.6,74.89,0.72,2.75,60.61,-14.34538,-70.0321,4130
Crucero,2003-09-21,4.87,12.47,-2.07,68.13,1.98,4.05,60.69,-14.34538,-70.0321,4130
Crucero,2003-09-22,5.19,12.2,0.47,77.17,0.83,2.78,60.7,-14.34538,-70.0321,4130
Crucero,2003-09-23,4.44,11.77,0.48,77.98,2.1,0.79,60.69,-14.34538,-70.0321,4130
Crucero,2003-09-24,4.7,11.98,0.75,76.98,1.88,1.5,60.63,-14.34538,-70.0321,4130
Crucero,2003-09-25,5.65,12.57,-0.54,66.08,1.32,1.39,60.58,-14.34538,-70.0321,4130
Crucero,2003-09-26,5.22,15.72,-3.79,44.57,0.01,2.22,60.59,-14.34538,-70.0321,4130
Crucero,2003-09-27,6.48,15.83,-2.54,56.99,0.0,1.51,60.54,-14.34538,-70.0321,4130
Crucero,2003-09-28,5.44,15.38,-4.44,51.56,0.03,2.45,60.52,-14.34538,-70.0321,4130
Crucero,2003-09-29,5.43,12.83,-1.23,52.87,0.07,1.71,60.63,-14.34538,-70.0321,4130
Crucero,2003-09-30,6.78,16.17,-1.91,60.02,0.0,1.79,60.64,-14.34538,-70.0321,4130
Crucero,2003-10-01,5.52,13.62,1.16,72.45,0.09,2.16,60.59,-14.34538,-70.0321,4130
Crucero,2003-10-02,4.81,9.17,1.95,73.57,0.43,1.59,60.58,-14.34538,-70.0321,4130
Crucero,2003-10-03,3.55,7.43,0.51,80.12,4.33,2.06,60.59,-14.34538,-70.0321,4130
Crucero,2003-10-04,4.81,12.73,-1.25,67.86,0.49,1.69,60.64,-14.34538,-70.0321,4130
Crucero,2003-10-05,5.16,13.91,-2.43,60.9,0.38,1.11,60.58,-14.34538,-70.0321,4130
Crucero,2003-10-06,6.69,16.3,-0.96,49.33,1.22,1.2,60.52,-14.34538,-70.0321,4130
Crucero,2003-10-07,6.31,16.96,-2.65,46.33,0.66,1.92,60.54,-14.34538,-70.0321,4130
Crucero,2003-10-08,7.46,18.27,-3.71,49.48,0.18,2.09,60.54,-14.34538,-70.0321,4130
Crucero,2003-10-09,7.66,17.46,-2.97,53.5,0.0,1.74,60.5,-14.34538,-70.0321,4130
Crucero,2003-10-10,6.27,11.37,1.26,69.26,1.23,2.19,60.54,-14.34538,-70.0321,4130
Crucero,2003-10-11,5.15,9.66,2.17,80.28,1.78,2.62,60.65,-14.34538,-70.0321,4130
Crucero,2003-10-12,6.81,16.85,-1.22,63.43,0.31,1.98,60.67,-14.34538,-70.0321,4130
Crucero,2003-10-13,6.23,15.84,-1.28,65.95,1.01,1.96,60.7,-14.34538,-70.0321,4130
Crucero,2003-10-14,4.98,15.63,-3.06,62.73,0.08,2.57,60.75,-14.34538,-70.0321,4130
Crucero,2003-10-15,4.42,16.34,-4.54,43.86,0.0,2.77,60.77,-14.34538,-70.0321,4130
Crucero,2003-10-16,5.43,16.75,-4.08,44.59,0.0,2.63,60.64,-14.34538,-70.0321,4130
Crucero,2003-10-17,6.59,16.92,-3.02,59.02,0.0,1.63,60.47,-14.34538,-70.0321,4130
Crucero,2003-10-18,7.17,17.99,-2.98,50.38,0.08,1.85,60.46,-14.34538,-70.0321,4130
Crucero,2003-10-19,7.96,16.03,1.13,59.61,1.08,1.24,60.6,-14.34538,-70.0321,4130
Crucero,2003-10-20,7.9,16.05,0.56,59.35,0.89,1.17,60.69,-14.34538,-70.0321,4130
Crucero,2003-10-21,8.0,16.25,2.26,65.12,0.19,1.21,60.65,-14.34538,-70.0321,4130
Crucero,2003-10-22,7.85,18.35,0.05,60.17,0.01,2.83,60.64,-14.34538,-70.0321,4130
Crucero,2003-10-23,5.91,12.59,1.92,73.72,1.69,2.44,60.67,-14.34538,-70.0321,4130
Crucero,2003-10-24,7.62,16.89,1.98,66.83,0.47,1.98,60.73,-14.34538,-70.0321,4130
Crucero,2003-10-25,7.61,16.48,1.31,59.61,0.67,2.3,60.73,-14.34538,-70.0321,4130
Crucero,2003-10-26,8.26,17.6,0.36,50.73,0.04,2.26,60.54,-14.34538,-70.0321,4130
Crucero,2003-10-27,6.11,14.91,1.08,67.95,2.41,2.63,60.51,-14.34538,-70.0321,4130
Crucero,2003-10-28,4.42,11.81,-0.14,73.61,0.65,2.43,60.62,-14.34538,-70.0321,4130
Crucero,2003-10-29,5.99,15.5,-1.04,69.55,3.66,2.44,60.6,-14.34538,-70.0321,4130
Crucero,2003-10-30,5.6,13.41,0.64,70.92,1.08,1.51,60.55,-14.34538,-70.0321,4130
Crucero,2003-10-31,4.81,12.48,0.13,76.42,1.3,1.92,60.46,-14.34538,-70.0321,4130
Crucero,2003-11-01,2.57,6.34,-0.32,88.92,1.74,1.92,60.46,-14.34538,-70.0321,4130
Crucero,2003-11-02,5.53,13.46,-0.71,69.73,1.32,1.4,60.48,-14.34538,-70.0321,4130
Crucero,2003-11-03,6.23,14.15,0.72,70.92,2.06,2.05,60.5,-14.34538,-70.0321,4130
Crucero,2003-11-04,7.61,16.15,-0.93,52.51,0.83,1.85,60.52,-14.34538,-70.0321,4130
Crucero,2003-11-05,8.22,18.11,-0.55,46.12,0.1,1.21,60.54,-14.34538,-70.0321,4130
Crucero,2003-11-06,8.17,17.53,0.93,60.72,0.06,2.58,60.55,-14.34538,-70.0321,4130
Crucero,2003-11-07,7.64,15.85,1.98,66.39,0.0,2.66,60.59,-14.34538,-70.0321,4130
Crucero,2003-11-08,7.62,17.4,-0.05,63.37,0.0,2.77,60.63,-14.34538,-70.0321,4130
Crucero,2003-11-09,7.38,17.26,0.11,64.39,0.01,2.69,60.62,-14.34538,-70.0321,4130
Crucero,2003-11-10,5.22,13.77,-1.58,58.88,0.12,3.54,60.69,-14.34538,-70.0321,4130
Crucero,2003-11-11,7.0,16.08,-2.12,57.21,0.07,2.12,60.6,-14.34538,-70.0321,4130
Crucero,2003-11-12,7.17,16.83,0.28,68.67,0.04,2.63,60.57,-14.34538,-70.0321,4130
Crucero,2003-11-13,7.1,14.59,1.13,66.24,14.28,3.68,60.68,-14.34538,-70.0321,4130
Crucero,2003-11-14,3.76,7.18,1.15,85.52,1.73,1.62,60.67,-14.34538,-70.0321,4130
Crucero,2003-11-15,6.66,14.78,1.11,71.55,0.0,2.01,60.6,-14.34538,-70.0321,4130
Crucero,2003-11-16,8.65,17.58,1.44,46.07,0.03,1.71,60.57,-14.34538,-70.0321,4130
Crucero,2003-11-17,7.96,18.2,-1.67,36.58,0.09,1.84,60.49,-14.34538,-70.0321,4130
Crucero,2003-11-18,6.5,16.23,-4.89,44.84,0.1,2.31,60.51,-14.34538,-70.0321,4130
Crucero,2003-11-19,8.29,16.38,1.34,64.09,0.19,1.66,60.56,-14.34538,-70.0321,4130
Crucero,2003-11-20,6.72,15.33,-0.71,64.9,0.18,3.85,60.62,-14.34538,-70.0321,4130
Crucero,2003-11-21,4.76,14.43,-3.93,64.97,0.01,3.33,60.66,-14.34538,-70.0321,4130
Crucero,2003-11-22,7.02,17.7,-3.65,58.75,0.0,2.49,60.64,-14.34538,-70.0321,4130
Crucero,2003-11-23,8.93,16.98,2.59,66.89,0.06,2.46,60.58,-14.34538,-70.0321,4130
Crucero,2003-11-24,8.73,15.86,3.82,68.88,0.01,2.05,60.53,-14.34538,-70.0321,4130
Crucero,2003-11-25,6.49,9.82,3.78,76.79,0.56,2.05,60.51,-14.34538,-70.0321,4130
Crucero,2003-11-26,5.58,11.59,2.03,78.34,0.06,2.4,60.55,-14.34538,-70.0321,4130
Crucero,2003-11-27,7.66,16.12,2.66,70.05,0.22,1.87,60.59,-14.34538,-70.0321,4130
Crucero,2003-11-28,5.81,14.07,1.62,73.93,0.08,1.5,60.56,-14.34538,-70.0321,4130
Crucero,2003-11-29,7.14,16.23,1.98,73.48,0.12,2.18,60.48,-14.34538,-70.0321,4130
Crucero,2003-11-30,7.71,17.01,2.72,72.95,0.12,2.2,60.46,-14.34538,-70.0321,4130
Crucero,2003-12-01,6.55,12.47,2.59,76.57,7.11,2.0,60.55,-14.34538,-70.0321,4130
Crucero,2003-12-02,6.89,14.29,0.91,69.62,4.52,2.18,60.49,-14.34538,-70.0321,4130
Crucero,2003-12-03,7.99,17.28,0.94,62.44,0.01,2.05,60.44,-14.34538,-70.0321,4130
Crucero,2003-12-04,6.26,12.87,2.64,82.01,0.68,1.65,60.48,-14.34538,-70.0321,4130
Crucero,2003-12-05,7.9,15.85,1.79,72.79,0.1,2.28,60.55,-14.34538,-70.0321,4130
Crucero,2003-12-06,9.1,16.64,3.66,71.03,3.78,3.3,60.56,-14.34538,-70.0321,4130
Crucero,2003-12-07,7.92,13.95,4.14,77.22,0.48,2.69,60.58,-14.34538,-70.0321,4130
Crucero,2003-12-08,6.98,15.83,1.88,75.08,0.03,1.72,60.61,-14.34538,-70.0321,4130
Crucero,2003-12-09,6.17,16.1,1.93,75.05,1.46,2.29,60.62,-14.34538,-70.0321,4130
Crucero,2003-12-10,8.84,17.85,1.18,53.85,1.0,1.97,60.52,-14.34538,-70.0321,4130
Crucero,2003-12-11,7.0,15.31,0.95,67.65,1.72,2.33,60.57,-14.34538,-70.0321,4130
Crucero,2003-12-12,6.25,11.05,1.84,80.95,15.19,2.84,60.57,-14.34538,-70.0321,4130
Crucero,2003-12-13,6.41,14.27,0.79,71.58,1.83,1.89,60.49,-14.34538,-70.0321,4130
Crucero,2003-12-14,8.53,17.54,0.92,58.6,1.47,1.82,60.47,-14.34538,-70.0321,4130
Crucero,2003-12-15,7.31,14.38,2.47,70.78,0.89,2.1,60.53,-14.34538,-70.0321,4130
Crucero,2003-12-16,7.23,14.68,1.55,74.54,1.99,3.1,60.59,-14.34538,-70.0321,4130
Crucero,2003-12-17,6.0,12.6,2.23,76.55,0.61,2.68,60.66,-14.34538,-70.0321,4130
Crucero,2003-12-18,6.5,14.13,0.68,72.09,0.12,3.7,60.71,-14.34538,-70.0321,4130
Crucero,2003-12-19,6.72,14.96,-0.84,70.63,0.03,3.2,60.76,-14.34538,-70.0321,4130
Crucero,2003-12-20,7.58,15.64,1.86,73.0,2.93,3.23,60.72,-14.34538,-70.0321,4130
Crucero,2003-12-21,7.53,13.26,4.16,77.62,3.58,3.1,60.68,-14.34538,-70.0321,4130
Crucero,2003-12-22,7.1,11.76,4.12,79.01,0.26,1.83,60.62,-14.34538,-70.0321,4130
Crucero,2003-12-23,5.99,11.02,2.01,82.9,8.86,3.13,60.55,-14.34538,-70.0321,4130
Crucero,2003-12-24,4.13,8.93,1.46,86.51,10.77,1.28,60.62,-14.34538,-70.0321,4130
Crucero,2003-12-25,4.96,10.58,1.13,81.12,3.0,2.8,60.66,-14.34538,-70.0321,4130
Crucero,2003-12-26,6.12,13.11,-0.08,77.34,3.37,2.32,60.58,-14.34538,-70.0321,4130
Crucero,2003-12-27,6.7,13.61,0.86,74.98,18.34,2.21,60.44,-14.34538,-70.0321,4130
Crucero,2003-12-28,5.96,12.99,1.59,82.39,2.4,1.33,60.35,-14.34538,-70.0321,4130
Crucero,2003-12-29,3.99,7.55,0.92,85.95,1.97,2.4,60.43,-14.34538,-70.0321,4130
Crucero,2003-12-30,5.94,13.32,1.37,80.16,6.12,1.82,60.43,-14.34538,-70.0321,4130
Crucero,2003-12-31,6.2,13.5,1.34,78.87,1.27,1.49,60.57,-14.34538,-70.0321,4130
Crucero,2004-01-01,5.54,13.16,1.84,82.06,0.36,1.53,60.65,-14.34538,-70.0321,4130
Crucero,2004-01-02,6.06,11.74,1.33,81.72,2.48,1.91,60.63,-14.34538,-70.0321,4130
Crucero,2004-01-03,6.55,13.1,2.53,82.04,0.76,1.53,60.55,-14.34538,-70.0321,4130
Crucero,2004-01-04,6.25,12.05,2.13,77.72,4.09,2.07,60.56,-14.34538,-70.0321,4130
Crucero,2004-01-05,5.36,11.39,1.46,75.12,0.89,2.74,60.55,-14.34538,-70.0321,4130
Crucero,2004-01-06,5.09,11.42,0.15,78.69,3.67,1.74,60.52,-14.34538,-70.0321,4130
Crucero,2004-01-07,6.36,13.64,1.62,78.88,4.9,1.47,60.56,-14.34538,-70.0321,4130
Crucero,2004-01-08,5.73,10.71,1.51,83.0,11.46,0.93,60.57,-14.34538,-70.0321,4130
Crucero,2004-01-09,5.68,12.07,0.36,79.44,6.68,2.06,60.56,-14.34538,-70.0321,4130
Crucero,2004-01-10,4.1,8.46,0.5,86.44,4.89,1.94,60.56,-14.34538,-70.0321,4130
Crucero,2004-01-11,5.71,11.71,1.88,83.36,4.27,2.44,60.62,-14.34538,-70.0321,4130
Crucero,2004-01-12,5.87,12.82,1.37,81.43,5.39,1.13,60.66,-14.34538,-70.0321,4130
Crucero,2004-01-13,6.22,13.29,0.93,80.42,5.83,1.58,60.55,-14.34538,-70.0321,4130
Crucero,2004-01-14,6.44,13.1,1.78,79.61,2.9,2.46,60.46,-14.34538,-70.0321,4130
Crucero,2004-01-15,5.42,12.29,1.4,78.44,3.54,1.95,60.46,-14.34538,-70.0321,4130
Crucero,2004-01-16,5.87,12.56,0.91,76.6,1.96,1.35,60.48,-14.34538,-70.0321,4130
Crucero,2004-01-17,5.41,13.27,0.25,78.54,6.48,2.64,60.53,-14.34538,-70.0321,4130
Crucero,2004-01-18,6.07,13.47,0.03,77.64,3.57,1.17,60.54,-14.34538,-70.0321,4130
Crucero,2004-01-19,5.43,11.17,1.46,81.32,2.2,1.75,60.5,-14.34538,-70.0321,4130
Crucero,2004-01-20,6.33,13.79,1.6,74.44,2.51,1.95,60.47,-14.34538,-70.0321,4130
Crucero,2004-01-21,4.51,8.92,0.8,79.42,7.72,2.62,60.55,-14.34538,-70.0321,4130
Crucero,2004-01-22,3.76,9.72,-0.02,84.17,10.95,2.85,60.54,-14.34538,-70.0321,4130
Crucero,2004-01-23,4.68,10.58,0.46,83.43,6.37,2.21,60.53,-14.34538,-70.0321,4130
Crucero,2004-01-24,5.95,12.93,0.56,81.57,7.17,2.03,60.58,-14.34538,-70.0321,4130
Crucero,2004-01-25,5.84,12.42,1.65,80.7,5.28,2.49,60.59,-14.34538,-70.0321,4130
Crucero,2004-01-26,7.24,15.35,0.03,74.34,0.59,2.33,60.64,-14.34538,-70.0321,4130
Crucero,2004-01-27,7.7,13.81,2.97,75.8,0.5,2.78,60.67,-14.34538,-70.0321,4130
Crucero,2004-01-28,6.64,15.23,-1.91,68.63,3.88,2.32,60.69,-14.34538,-70.0321,4130
Crucero,2004-01-29,5.69,13.02,-0.14,72.47,1.26,2.19,60.65,-14.34538,-70.0321,4130
Crucero,2004-01-30,5.47,14.37,-1.26,66.81,0.6,2.34,60.6,-14.34538,-70.0321,4130
Crucero,2004-01-31,6.3,14.83,-1.3,68.31,0.31,2.31,60.59,-14.34538,-70.0321,4130
Crucero,2004-02-01,7.16,15.28,-0.72,72.46,0.02,2.72,60.64,-14.34538,-70.0321,4130
Crucero,2004-02-02,7.33,13.56,2.84,80.29,2.69,2.39,60.56,-14.34538,-70.0321,4130
Crucero,2004-02-03,6.17,12.01,2.19,83.43,0.87,1.94,60.51,-14.34538,-70.0321,4130
Crucero,2004-02-04,6.13,11.98,1.55,83.2,1.65,1.72,60.5,-14.34538,-70.0321,4130
Crucero,2004-02-05,5.71,11.29,1.97,87.0,1.19,2.84,60.56,-14.34538,-70.0321,4130
Crucero,2004-02-06,5.57,12.16,1.09,83.45,3.55,2.46,60.62,-14.34538,-70.0321,4130
Crucero,2004-02-07,6.62,13.98,0.57,80.95,2.44,3.07,60.57,-14.34538,-70.0321,4130
Crucero,2004-02-08,6.37,14.07,2.1,79.62,0.43,1.96,60.61,-14.34538,-70.0321,4130
Crucero,2004-02-09,6.06,13.44,1.7,81.52,1.8,2.14,60.6,-14.34538,-70.0321,4130
Crucero,2004-02-10,5.3,13.63,0.87,83.13,12.54,2.13,60.52,-14.34538,-70.0321,4130
Crucero,2004-02-11,5.21,10.47,1.1,83.72,3.74,2.0,60.52,-14.34538,-70.0321,4130
Crucero,2004-02-12,5.06,12.87,0.88,83.98,0.76,1.17,60.6,-14.34538,-70.0321,4130
Crucero,2004-02-13,6.64,15.03,0.58,76.77,5.41,1.9,60.67,-14.34538,-70.0321,4130
Crucero,2004-02-14,6.64,14.4,1.34,74.49,2.73,1.98,60.59,-14.34538,-70.0321,4130
Crucero,2004-02-15,6.91,13.98,2.19,78.21,4.92,1.98,60.58,-14.34538,-70.0321,4130
Crucero,2004-02-16,6.54,12.72,1.99,81.34,0.39,1.61,60.62,-14.34538,-70.0321,4130
Crucero,2004-02-17,7.95,15.74,2.26,76.02,0.28,2.14,60.68,-14.34538,-70.0321,4130
Crucero,2004-02-18,7.97,13.48,4.4,81.17,2.29,2.72,60.67,-14.34538,-70.0321,4130
Crucero,2004-02-19,4.75,8.16,0.8,85.14,1.81,2.84,60.63,-14.34538,-70.0321,4130
Crucero,2004-02-20,4.31,12.6,-0.66,81.61,0.63,2.0,60.56,-14.34538,-70.0321,4130
Crucero,2004-02-21,5.29,12.64,0.25,78.58,0.23,1.44,60.63,-14.34538,-70.0321,4130
Crucero,2004-02-22,6.77,15.49,0.5,70.78,0.04,1.86,60.7,-14.34538,-70.0321,4130
Crucero,2004-02-23,6.92,14.65,0.61,74.79,0.26,1.67,60.67,-14.34538,-70.0321,4130
Crucero,2004-02-24,7.51,14.79,1.3,73.48,0.02,2.47,60.56,-14.34538,-70.0321,4130
Crucero,2004-02-25,6.79,13.98,2.1,74.46,0.07,2.5,60.58,-14.34538,-70.0321,4130
Crucero,2004-02-26,6.81,15.53,0.38,69.2,0.13,2.51,60.77,-14.34538,-70.0321,4130
Crucero,2004-02-27,4.87,13.8,-2.79,64.13,0.03,2.3,60.81,-14.34538,-70.0321,4130
Crucero,2004-02-28,5.94,15.09,-0.18,64.12,0.0,2.32,60.7,-14.34538,-70.0321,4130
Crucero,2004-02-29,5.96,15.32,-0.2,58.81,0.0,2.56,60.67,-14.34538,-70.0321,4130
Crucero,2004-03-01,6.97,16.48,-1.16,56.14,0.0,1.37,60.76,-14.34538,-70.0321,4130
Crucero,2004-03-02,6.53,12.94,2.17,70.25,0.0,2.01,60.81,-14.34538,-70.0321,4130
Crucero,2004-03-03,5.05,10.97,0.11,77.76,3.73,2.37,60.76,-14.34538,-70.0321,4130
Crucero,2004-03-04,5.41,13.83,-0.21,78.81,9.18,2.46,60.7,-14.34538,-70.0321,4130
Crucero,2004-03-05,6.53,14.11,1.85,76.67,0.26,2.44,60.76,-14.34538,-70.0321,4130
Crucero,2004-03-06,7.18,16.15,-0.54,68.2,0.98,2.42,60.75,-14.34538,-70.0321,4130
Crucero,2004-03-07,6.94,15.46,1.38,73.95,0.24,2.31,60.72,-14.34538,-70.0321,4130
Crucero,2004-03-08,4.85,10.98,-0.53,78.32,1.42,2.49,60.72,-14.34538,-70.0321,4130
Crucero,2004-03-09,4.21,10.05,-0.11,81.79,0.52,2.53,60.74,-14.34538,-70.0321,4130
Crucero,2004-03-10,6.36,13.37,0.76,79.38,0.37,3.02,60.82,-14.34538,-70.0321,4130
Crucero,2004-03-11,6.79,15.2,0.0,76.27,1.31,1.75,60.73,-14.34538,-70.0321,4130
Crucero,2004-03-12,7.33,15.48,0.95,74.39,0.1,2.12,60.61,-14.34538,-70.0321,4130
Crucero,2004-03-13,8.05,14.91,3.15,77.06,0.0,1.99,60.63,-14.34538,-70.0321,4130
Crucero,2004-03-14,7.34,13.13,3.87,77.0,0.07,1.62,60.76,-14.34538,-70.0321,4130
Crucero,2004-03-15,6.96,13.07,2.78,76.81,0.01,1.7,60.73,-14.34538,-70.0321,4130
Crucero,2004-03-16,7.52,15.49,1.63,73.2,0.0,2.21,60.64,-14.34538,-70.0321,4130
Crucero,2004-03-17,7.78,16.56,-0.31,71.73,0.23,2.29,60.58,-14.34538,-70.0321,4130
Crucero,2004-03-18,9.05,16.34,3.32,74.49,0.52,2.26,60.55,-14.34538,-70.0321,4130
Crucero,2004-03-19,6.8,11.14,3.62,83.91,1.37,2.93,60.58,-14.34538,-70.0321,4130
Crucero,2004-03-20,6.5,13.41,1.9,74.6,0.29,2.31,60.63,-14.34538,-70.0321,4130
Crucero,2004-03-21,5.12,11.32,-0.47,77.8,1.11,2.78,60.59,-14.34538,-70.0321,4130
Crucero,2004-03-22,5.51,13.41,0.88,79.57,0.68,2.69,60.6,-14.34538,-70.0321,4130
Crucero,2004-03-23,5.99,13.58,1.72,80.21,1.18,2.18,60.65,-14.34538,-70.0321,4130
Crucero,2004-03-24,5.11,12.33,1.12,81.48,2.27,1.24,60.64,-14.34538,-70.0321,4130
Crucero,2004-03-25,5.34,12.64,-0.08,80.06,3.89,0.92,60.57,-14.34538,-70.0321,4130
Crucero,2004-03-26,7.02,14.62,1.5,76.53,0.73,1.65,60.54,-14.34538,-70.0321,4130
Crucero,2004-03-27,5.96,13.43,1.14,79.39,2.17,1.85,60.5,-14.34538,-70.0321,4130
Crucero,2004-03-28,5.83,13.18,1.04,78.24,1.53,1.5,60.53,-14.34538,-70.0321,4130
Crucero,2004-03-29,5.1,11.71,-0.49,79.06,1.67,2.83,60.61,-14.34538,-70.0321,4130
Crucero,2004-03-30,5.66,11.37,0.59,80.19,0.23,2.83,60.7,-14.34538,-70.0321,4130
Crucero,2004-03-31,6.94,14.43,1.72,77.39,2.1,1.83,60.69,-14.34538,-70.0321,4130
Crucero,2004-04-01,6.72,14.45,1.64,80.11,1.38,2.12,60.7,-14.34538,-70.0321,4130
Crucero,2004-04-02,7.02,14.97,1.56,75.99,0.17,1.75,60.72,-14.34538,-70.0321,4130
Crucero,2004-04-03,7.9,16.98,0.98,70.69,1.02,2.33,60.72,-14.34538,-70.0321,4130
Crucero,2004-04-04,7.12,15.32,1.37,74.18,0.15,2.42,60.78,-14.34538,-70.0321,4130
Crucero,2004-04-05,6.83,15.71,0.44,69.98,0.15,1.76,60.84,-14.34538,-70.0321,4130
Crucero,2004-04-06,8.34,16.63,1.33,71.88,0.11,1.46,60.71,-14.34538,-70.0321,4130
Crucero,2004-04-07,8.68,16.16,4.55,73.01,0.01,1.88,60.64,-14.34538,-70.0321,4130
Crucero,2004-04-08,6.66,12.79,1.6,81.31,4.78,2.07,60.7,-14.34538,-70.0321,4130
Crucero,2004-04-09,6.65,14.83,0.09,69.79,3.23,1.87,60.8,-14.34538,-70.0321,4130
Crucero,2004-04-10,7.61,15.83,0.6,69.31,0.2,1.73,60.67,-14.34538,-70.0321,4130
Crucero,2004-04-11,8.08,16.07,2.52,70.07,0.01,1.63,60.55,-14.34538,-70.0321,4130
Crucero,2004-04-12,7.5,15.56,2.06,72.46,0.0,2.15,60.59,-14.34538,-70.0321,4130
Crucero,2004-04-13,7.66,16.87,0.08,67.21,0.0,1.94,60.68,-14.34538,-70.0321,4130
Crucero,2004-04-14,7.51,16.34,2.48,71.35,0.42,1.49,60.6,-14.34538,-70.0321,4130
Crucero,2004-04-15,3.44,7.52,0.6,84.08,2.16,1.78,60.59,-14.34538,-70.0321,4130
Crucero,2004-04-16,5.85,13.85,-0.34,75.82,0.33,1.06,60.56,-14.34538,-70.0321,4130
Crucero,2004-04-17,4.74,11.82,0.83,82.51,4.03,1.3,60.65,-14.34538,-70.0321,4130
Crucero,2004-04-18,4.05,8.69,0.0,83.56,1.74,0.76,60.69,-14.34538,-70.0321,4130
Crucero,2004-04-19,4.9,10.18,1.61,80.98,0.18,0.81,60.7,-14.34538,-70.0321,4130
Crucero,2004-04-20,3.3,8.54,0.08,86.17,0.07,0.91,60.64,-14.34538,-70.0321,4130
Crucero,2004-04-21,5.36,12.25,0.03,75.12,0.01,1.58,60.58,-14.34538,-70.0321,4130
Crucero,2004-04-22,5.84,14.46,0.39,76.01,0.03,2.06,60.6,-14.34538,-70.0321,4130
Crucero,2004-04-23,5.46,12.32,1.09,80.11,0.21,1.56,60.61,-14.34538,-70.0321,4130
Crucero,2004-04-24,4.58,12.36,-0.35,78.61,0.17,1.26,60.67,-14.34538,-70.0321,4130
Crucero,2004-04-25,3.7,6.84,0.84,87.11,1.58,1.37,60.72,-14.34538,-70.0321,4130
Crucero,2004-04-26,5.75,15.59,-1.61,71.25,0.1,1.78,60.72,-14.34538,-70.0321,4130
Crucero,2004-04-27,4.63,13.73,-1.08,73.94,0.09,1.96,60.73,-14.34538,-70.0321,4130
Crucero,2004-04-28,5.87,15.45,-2.03,69.01,0.03,1.98,60.76,-14.34538,-70.0321,4130
Crucero,2004-04-29,6.52,15.06,-1.51,71.75,0.01,1.48,60.75,-14.34538,-70.0321,4130
Crucero,2004-04-30,4.92,8.61,2.12,80.64,4.86,1.18,60.71,-14.34538,-70.0321,4130
Crucero,2004-05-01,5.19,12.24,0.1,78.69,1.33,1.27,60.57,-14.34538,-70.0321,4130
Crucero,2004-05-02,5.84,15.12,-1.76,66.13,0.06,0.88,60.59,-14.34538,-70.0321,4130
Crucero,2004-05-03,4.3,11.25,0.87,77.49,1.74,1.81,60.71,-14.34538,-70.0321,4130
Crucero,2004-05-04,3.34,9.44,-1.96,81.72,0.79,1.25,60.75,-14.34538,-70.0321,4130
Crucero,2004-05-05,4.66,12.05,-0.84,76.63,0.09,1.67,60.62,-14.34538,-70.0321,4130
Crucero,2004-05-06,5.21,15.5,-3.12,57.99,0.0,2.05,60.61,-14.34538,-70.0321,4130
Crucero,2004-05-07,5.43,15.36,-2.18,55.56,0.04,1.66,60.65,-14.34538,-70.0321,4130
Crucero,2004-05-08,3.29,10.34,-2.61,72.21,0.01,1.68,60.72,-14.34538,-70.0321,4130
Crucero,2004-05-09,4.64,15.27,-3.89,63.97,0.01,1.8,60.67,-14.34538,-70.0321,4130
Crucero,2004-05-10,5.0,15.47,-3.42,66.37,0.01,1.59,60.67,-14.34538,-70.0321,4130
Crucero,2004-05-11,5.75,16.17,-2.83,66.73,0.0,1.54,60.67,-14.34538,-70.0321,4130
Crucero,2004-05-12,6.14,15.69,-2.13,53.36,0.0,1.38,60.66,-14.34538,-70.0321,4130
Crucero,2004-05-13,5.1,15.01,-2.63,48.25,1.16,1.63,60.62,-14.34538,-70.0321,4130
Crucero,2004-05-14,5.19,12.45,0.41,72.61,0.69,1.84,60.53,-14.34538,-70.0321,4130
Crucero,2004-05-15,4.81,14.65,-3.23,59.43,0.09,1.83,60.52,-14.34538,-70.0321,4130
Crucero,2004-05-16,4.93,13.88,-2.61,56.59,0.0,1.89,60.61,-14.34538,-70.0321,4130
Crucero,2004-05-17,4.84,14.73,-3.46,56.69,0.09,1.4,60.63,-14.34538,-70.0321,4130
Crucero,2004-05-18,4.25,12.96,-2.61,67.39,0.03,1.26,60.67,-14.34538,-70.0321,4130
Crucero,2004-05-19,4.55,13.37,-2.77,65.61,0.0,1.32,60.77,-14.34538,-70.0321,4130
Crucero,2004-05-20,4.91,12.89,0.18,76.2,0.0,1.68,60.83,-14.34538,-70.0321,4130
Crucero,2004-05-21,5.34,13.94,-1.82,72.03,0.0,2.14,60.72,-14.34538,-70.0321,4130
Crucero,2004-05-22,4.43,11.95,0.25,80.33,0.0,2.12,60.61,-14.34538,-70.0321,4130
Crucero,2004-05-23,5.1,14.18,-1.98,72.03,0.75,2.23,60.63,-14.34538,-70.0321,4130
Crucero,2004-05-24,5.95,14.07,0.67,71.37,0.16,1.65,60.68,-14.34538,-70.0321,4130
Crucero,2004-05-25,5.74,14.06,0.3,70.56,0.09,1.95,60.69,-14.34538,-70.0321,4130
Crucero,2004-05-26,3.59,8.42,0.16,84.35,0.2,1.52,60.72,-14.34538,-70.0321,4130
Crucero,2004-05-27,4.78,12.26,-0.39,71.43,0.18,1.11,60.71,-14.34538,-70.0321,4130
Crucero,2004-05-28,4.25,14.68,-2.76,50.6,0.11,1.24,60.72,-14.34538,-70.0321,4130
Crucero,2004-05-29,4.13,15.02,-4.25,61.71,0.03,1.59,60.7,-14.34538,-70.0321,4130
Crucero,2004-05-30,4.82,13.23,-1.9,68.69,0.0,1.81,60.71,-14.34538,-70.0321,4130
Crucero,2004-05-31,3.84,12.53,-2.39,68.61,0.0,1.09,60.66,-14.34538,-70.0321,4130
Crucero,2004-06-01,4.28,13.19,-3.05,68.84,0.0,1.76,60.6,-14.34538,-70.0321,4130
Crucero,2004-06-02,4.52,13.46,-1.87,70.87,0.07,1.13,60.7,-14.34538,-70.0321,4130
Crucero,2004-06-03,4.13,13.41,-2.5,69.5,0.03,1.31,60.76,-14.34538,-70.0321,4130
Crucero,2004-06-04,3.78,13.62,-4.28,67.85,0.0,1.14,60.73,-14.34538,-70.0321,4130
Crucero,2004-06-05,4.0,13.96,-4.54,67.23,0.0,1.41,60.63,-14.34538,-70.0321,4130
Crucero,2004-06-06,4.03,12.78,-3.68,71.2,0.0,2.3,60.61,-14.34538,-70.0321,4130
Crucero,2004-06-07,3.81,10.18,-0.11,80.51,0.0,3.1,60.65,-14.34538,-70.0321,4130
Crucero,2004-06-08,3.07,10.32,-2.26,77.84,0.03,2.41,60.73,-14.34538,-70.0321,4130
Crucero,2004-06-09,2.47,8.22,-2.1,68.83,0.01,2.11,60.71,-14.34538,-70.0321,4130
Crucero,2004-06-10,3.58,12.78,-3.77,58.92,0.38,1.86,60.68,-14.34538,-70.0321,4130
Crucero,2004-06-11,3.76,11.65,-2.91,65.99,0.43,1.83,60.81,-14.34538,-70.0321,4130
Crucero,2004-06-12,2.25,6.05,-0.13,83.07,0.11,1.17,60.9,-14.34538,-70.0321,4130
Crucero,2004-06-13,4.57,12.73,-1.86,60.25,0.01,1.2,60.84,-14.34538,-70.0321,4130
Crucero,2004-06-14,3.34,11.1,-3.12,47.78,0.0,1.03,60.75,-14.34538,-70.0321,4130
Crucero,2004-06-15,2.76,12.45,-4.47,66.88,0.0,1.27,60.7,-14.34538,-70.0321,4130
Crucero,2004-06-16,2.99,13.31,-4.55,65.45,0.0,1.72,60.7,-14.34538,-70.0321,4130
Crucero,2004-06-17,2.94,13.05,-4.64,65.12,0.0,1.75,60.78,-14.34538,-70.0321,4130
Crucero,2004-06-18,2.99,12.78,-4.98,65.06,0.0,1.22,60.81,-14.34538,-70.0321,4130
Crucero,2004-06-19,2.81,12.51,-4.78,60.12,0.0,1.27,60.81,-14.34538,-70.0321,4130
Crucero,2004-06-20,3.5,13.21,-4.4,60.58,0.0,1.85,60.74,-14.34538,-70.0321,4130
Crucero,2004-06-21,3.54,12.6,-4.29,53.78,0.0,1.46,60.72,-14.34538,-70.0321,4130
Crucero,2004-06-22,4.84,13.23,-0.96,68.51,0.05,1.81,60.72,-14.34538,-70.0321,4130
Crucero,2004-06-23,3.76,12.46,-2.72,73.57,0.06,1.63,60.74,-14.34538,-70.0321,4130
Crucero,2004-06-24,3.53,10.61,-1.44,75.89,0.01,1.98,60.66,-14.34538,-70.0321,4130
Crucero,2004-06-25,3.1,11.49,-3.0,76.5,0.16,1.97,60.55,-14.34538,-70.0321,4130
Crucero,2004-06-26,3.08,9.97,-2.82,75.09,1.25,2.04,60.59,-14.34538,-70.0321,4130
Crucero,2004-06-27,3.16,9.82,-1.37,74.96,0.11,1.8,60.7,-14.34538,-70.0321,4130
Crucero,2004-06-28,3.76,13.27,-4.08,66.52,0.0,1.3,60.67,-14.34538,-70.0321,4130
Crucero,2004-06-29,3.02,11.35,-3.51,69.65,0.0,1.37,60.62,-14.34538,-70.0321,4130
Crucero,2004-06-30,3.72,10.67,-0.41,78.96,0.0,2.66,60.64,-14.34538,-70.0321,4130
Crucero,2004-07-01,3.44,10.64,-1.69,76.09,0.18,4.14,60.62,-14.34538,-70.0321,4130
Crucero,2004-07-02,2.71,9.43,-2.76,78.94,0.57,4.13,60.56,-14.34538,-70.0321,4130
Crucero,2004-07-03,2.53,8.5,-1.16,81.63,0.86,4.66,60.58,-14.34538,-70.0321,4130
Crucero,2004-07-04,2.72,9.76,-3.14,79.69,0.18,3.16,60.68,-14.34538,-70.0321,4130
Crucero,2004-07-05,3.69,10.65,-1.17,81.01,5.37,2.55,60.77,-14.34538,-70.0321,4130
Crucero,2004-07-06,3.83,12.57,-2.66,74.43,0.26,1.29,60.68,-14.34538,-70.0321,4130
Crucero,2004-07-07,4.9,14.46,-1.47,63.11,0.01,2.41,60.48,-14.34538,-70.0321,4130
Crucero,2004-07-08,2.96,12.67,-4.44,60.84,0.04,1.36,60.51,-14.34538,-70.0321,4130
Crucero,2004-07-09,4.15,13.69,-2.99,67.75,0.02,1.53,60.51,-14.34538,-70.0321,4130
Crucero,2004-07-10,3.26,12.8,-5.01,68.39,0.08,2.69,60.59,-14.34538,-70.0321,4130
Crucero,2004-07-11,2.14,8.06,-1.13,80.33,0.13,1.89,60.55,-14.34538,-70.0321,4130
Crucero,2004-07-12,2.9,12.53,-4.74,55.26,0.07,1.94,60.52,-14.34538,-70.0321,4130
Crucero,2004-07-13,3.16,13.23,-4.78,62.35,0.0,1.77,60.55,-14.34538,-70.0321,4130
Crucero,2004-07-14,3.53,12.79,-4.83,67.23,0.0,1.58,60.62,-14.34538,-70.0321,4130
Crucero,2004-07-15,2.82,7.54,-0.57,82.65,0.09,1.94,60.69,-14.34538,-70.0321,4130
Crucero,2004-07-16,2.82,9.49,-1.45,79.46,0.38,1.79,60.72,-14.34538,-70.0321,4130
Crucero,2004-07-17,2.78,10.09,-2.17,77.31,0.13,2.4,60.67,-14.34538,-70.0321,4130
Crucero,2004-07-18,3.25,13.42,-3.25,54.75,0.01,2.0,60.65,-14.34538,-70.0321,4130
Crucero,2004-07-19,1.82,12.66,-5.78,42.98,0.0,1.33,60.68,-14.34538,-70.0321,4130
Crucero,2004-07-20,2.38,12.16,-4.51,68.18,0.0,2.41,60.68,-14.34538,-70.0321,4130
Crucero,2004-07-21,3.07,12.89,-4.89,62.78,0.0,1.95,60.64,-14.34538,-70.0321,4130
Crucero,2004-07-22,3.2,12.68,-5.04,61.65,0.0,1.69,60.55,-14.34538,-70.0321,4130
Crucero,2004-07-23,2.88,9.64,-1.55,77.5,0.0,1.33,60.54,-14.34538,-70.0321,4130
Crucero,2004-07-24,3.91,12.78,-2.81,70.49,0.0,2.49,60.57,-14.34538,-70.0321,4130
Crucero,2004-07-25,4.58,13.09,-0.44,74.17,0.01,2.52,60.58,-14.34538,-70.0321,4130
Crucero,2004-07-26,5.08,13.55,-0.47,74.86,0.01,2.21,60.67,-14.34538,-70.0321,4130
Crucero,2004-07-27,5.64,13.1,0.72,74.92,0.0,2.0,60.72,-14.34538,-70.0321,4130
Crucero,2004-07-28,6.2,15.82,-2.17,59.98,0.15,1.77,60.61,-14.34538,-70.0321,4130
Crucero,2004-07-29,4.74,11.94,-0.34,69.53,0.56,1.2,60.62,-14.34538,-70.0321,4130
Crucero,2004-07-30,4.26,11.55,-0.38,70.08,0.5,1.8,60.66,-14.34538,-70.0321,4130
Crucero,2004-07-31,5.34,14.39,-1.49,61.52,0.02,1.54,60.68,-14.34538,-70.0321,4130
Crucero,2004-08-01,5.18,15.48,-2.24,56.71,0.0,1.53,60.64,-14.34538,-70.0321,4130
Crucero,2004-08-02,4.69,15.48,-3.68,64.04,0.0,2.24,60.62,-14.34538,-70.0321,4130
Crucero,2004-08-03,4.58,15.3,-4.34,66.01,0.0,2.5,60.65,-14.34538,-70.0321,4130
Crucero,2004-08-04,4.59,14.56,-4.03,63.98,0.0,1.93,60.75,-14.34538,-70.0321,4130
Crucero,2004-08-05,3.96,13.43,-3.15,68.04,0.01,2.71,60.75,-14.34538,-70.0321,4130
Crucero,2004-08-06,3.95,12.62,-2.89,69.32,0.32,2.94,60.8,-14.34538,-70.0321,4130
Crucero,2004-08-07,3.59,10.77,-1.99,71.26,0.07,2.79,60.83,-14.34538,-70.0321,4130
Crucero,2004-08-08,3.2,11.87,-2.55,70.46,0.0,1.9,60.77,-14.34538,-70.0321,4130
Crucero,2004-08-09,2.56,11.9,-3.01,68.69,0.0,1.61,60.76,-14.34538,-70.0321,4130
Crucero,2004-08-10,3.64,13.61,-3.97,57.49,0.0,2.29,60.78,-14.34538,-70.0321,4130
Crucero,2004-08-11,2.49,11.9,-4.82,69.51,0.0,1.86,60.83,-14.34538,-70.0321,4130
Crucero,2004-08-12,3.41,13.08,-3.79,63.25,0.0,2.54,60.81,-14.34538,-70.0321,4130
Crucero,2004-08-13,2.77,12.49,-4.56,68.72,0.0,2.98,60.77,-14.34538,-70.0321,4130
Crucero,2004-08-14,2.91,13.39,-5.88,62.87,0.0,3.04,60.68,-14.34538,-70.0321,4130
Crucero,2004-08-15,3.24,11.75,-4.4,73.61,0.0,4.2,60.64,-14.34538,-70.0321,4130
Crucero,2004-08-16,5.19,11.65,1.53,72.88,0.06,4.69,60.6,-14.34538,-70.0321,4130
Crucero,2004-08-17,5.32,13.31,0.17,72.45,0.1,3.32,60.62,-14.34538,-70.0321,4130
Crucero,2004-08-18,4.8,11.18,0.82,79.06,0.05,4.18,60.68,-14.34538,-70.0321,4130
Crucero,2004-08-19,4.99,10.55,1.93,78.57,0.0,4.17,60.79,-14.34538,-70.0321,4130
Crucero,2004-08-20,6.31,14.58,-0.22,71.46,0.46,2.95,60.74,-14.34538,-70.0321,4130
Crucero,2004-08-21,6.38,14.25,1.27,73.98,1.12,2.95,60.7,-14.34538,-70.0321,4130
Crucero,2004-08-22,5.54,12.61,0.72,74.21,0.14,4.33,60.63,-14.34538,-70.0321,4130
Crucero,2004-08-23,4.33,10.95,0.54,74.47,6.75,5.03,60.63,-14.34538,-70.0321,4130
Crucero,2004-08-24,2.44,8.36,-2.44,80.07,2.68,5.44,60.57,-14.34538,-70.0321,4130
Crucero,2004-08-25,1.89,6.69,-1.54,81.8,0.28,2.28,60.62,-14.34538,-70.0321,4130
Crucero,2004-08-26,2.63,9.5,-3.39,70.73,0.01,2.47,60.63,-14.34538,-70.0321,4130
Crucero,2004-08-27,2.91,10.93,-4.32,54.17,0.0,1.97,60.64,-14.34538,-70.0321,4130
Crucero,2004-08-28,3.18,10.02,-3.46,57.82,0.0,1.41,60.7,-14.34538,-70.0321,4130
Crucero,2004-08-29,2.38,9.29,-2.16,74.98,0.55,2.52,60.78,-14.34538,-70.0321,4130
Crucero,2004-08-30,2.34,10.0,-3.73,70.94,0.03,2.13,60.84,-14.34538,-70.0321,4130
Crucero,2004-08-31,4.14,12.1,-1.92,72.17,0.18,1.53,60.83,-14.34538,-70.0321,4130
Crucero,2004-09-01,5.44,14.37,-2.71,71.94,0.01,2.62,60.75,-14.34538,-70.0321,4130
Crucero,2004-09-02,5.89,11.93,2.8,72.08,0.0,2.97,60.74,-14.34538,-70.0321,4130
Crucero,2004-09-03,5.93,14.16,-0.82,69.87,0.0,2.86,60.78,-14.34538,-70.0321,4130
Crucero,2004-09-04,4.97,12.22,0.53,75.39,0.0,1.73,60.68,-14.34538,-70.0321,4130
Crucero,2004-09-05,5.62,14.24,-2.63,72.25,0.08,2.12,60.62,-14.34538,-70.0321,4130
Crucero,2004-09-06,3.63,8.14,-1.0,81.54,3.72,2.11,60.5,-14.34538,-70.0321,4130
Crucero,2004-09-07,5.48,14.62,-2.56,66.31,0.22,1.78,60.44,-14.34538,-70.0321,4130
Crucero,2004-09-08,4.05,10.14,0.64,77.76,4.68,2.25,60.5,-14.34538,-70.0321,4130
Crucero,2004-09-09,3.92,10.66,0.16,78.04,11.6,3.09,60.65,-14.34538,-70.0321,4130
Crucero,2004-09-10,4.02,12.66,-3.6,74.44,1.96,2.5,60.67,-14.34538,-70.0321,4130
Crucero,2004-09-11,4.63,13.8,-1.79,74.29,0.01,2.21,60.69,-14.34538,-70.0321,4130
Crucero,2004-09-12,4.44,14.67,-2.38,70.15,0.0,2.23,60.68,-14.34538,-70.0321,4130
Crucero,2004-09-13,4.52,16.12,-3.68,59.6,0.02,1.89,60.62,-14.34538,-70.0321,4130
Crucero,2004-09-14,5.1,16.03,-3.48,52.53,0.0,1.91,60.6,-14.34538,-70.0321,4130
Crucero,2004-09-15,4.61,13.13,-2.34,67.96,0.0,2.52,60.66,-14.34538,-70.0321,4130
Crucero,2004-09-16,4.74,13.54,-2.02,67.7,0.0,2.59,60.67,-14.34538,-70.0321,4130
Crucero,2004-09-17,3.82,12.81,-1.27,56.95,0.0,1.5,60.67,-14.34538,-70.0321,4130
Crucero,2004-09-18,5.04,14.99,-4.87,62.08,0.0,2.44,60.66,-14.34538,-70.0321,4130
Crucero,2004-09-19,6.16,14.54,0.57,71.56,0.18,2.19,60.67,-14.34538,-70.0321,4130
Crucero,2004-09-20,4.72,11.52,0.88,74.31,0.01,3.02,60.71,-14.34538,-70.0321,4130
Crucero,2004-09-21,4.14,10.73,-0.15,79.12,0.05,2.11,60.75,-14.34538,-70.0321,4130
Crucero,2004-09-22,5.76,12.88,-0.73,75.32,0.01,3.33,60.86,-14.34538,-70.0321,4130
Crucero,2004-09-23,6.72,13.5,2.81,74.79,1.17,3.97,60.83,-14.34538,-70.0321,4130
Crucero,2004-09-24,5.59,11.09,1.59,80.75,0.26,4.05,60.69,-14.34538,-70.0321,4130
Crucero,2004-09-25,5.09,13.0,-1.92,68.94,0.01,3.44,60.72,-14.34538,-70.0321,4130
Crucero,2004-09-26,4.52,10.39,1.39,75.43,0.04,2.5,60.71,-14.34538,-70.0321,4130
Crucero,2004-09-27,3.4,7.91,0.48,80.64,4.26,2.54,60.75,-14.34538,-70.0321,4130
Crucero,2004-09-28,6.44,15.21,-1.11,65.67,0.88,2.67,60.63,-14.34538,-70.0321,4130
Crucero,2004-09-29,4.19,9.12,0.82,82.66,6.11,1.98,60.55,-14.34538,-70.0321,4130
Crucero,2004-09-30,3.85,10.93,-0.87,80.9,0.67,2.09,60.49,-14.34538,-70.0321,4130
Crucero,2004-10-01,5.22,12.63,-0.39,76.17,0.39,2.36,60.56,-14.34538,-70.0321,4130
Crucero,2004-10-02,6.24,14.48,-0.13,65.58,0.02,0.89,60.57,-14.34538,-70.0321,4130
Crucero,2004-10-03,6.64,15.92,-1.76,55.49,0.0,2.23,60.61,-14.34538,-70.0321,4130
Crucero,2004-10-04,3.97,9.96,0.28,74.45,0.39,2.14,60.67,-14.34538,-70.0321,4130
Crucero,2004-10-05,5.48,14.67,-1.78,69.16,0.03,3.3,60.72,-14.34538,-70.0321,4130
Crucero,2004-10-06,5.5,14.24,-3.07,69.54,0.02,3.27,60.74,-14.34538,-70.0321,4130
Crucero,2004-10-07,7.56,16.38,0.55,60.97,0.53,2.31,60.72,-14.34538,-70.0321,4130
Crucero,2004-10-08,6.85,16.21,-0.52,68.14,0.47,1.71,60.61,-14.34538,-70.0321,4130
Crucero,2004-10-09,4.18,10.04,0.97,77.26,1.5,1.8,60.58,-14.34538,-70.0321,4130
Crucero,2004-10-10,6.75,15.39,0.0,54.82,0.45,2.27,60.58,-14.34538,-70.0321,4130
Crucero,2004-10-11,6.31,12.96,1.52,73.04,0.26,2.8,60.54,-14.34538,-70.0321,4130
Crucero,2004-10-12,5.07,11.91,-0.03,73.45,0.37,2.57,60.48,-14.34538,-70.0321,4130
Crucero,2004-10-13,7.0,16.59,-2.55,48.64,0.04,2.12,60.47,-14.34538,-70.0321,4130
Crucero,2004-10-14,5.62,13.82,-0.06,70.31,0.49,2.11,60.5,-14.34538,-70.0321,4130
Crucero,2004-10-15,6.88,15.41,1.16,72.34,0.04,3.61,60.54,-14.34538,-70.0321,4130
Crucero,2004-10-16,7.26,16.39,-0.09,67.73,0.0,2.78,60.59,-14.34538,-70.0321,4130
Crucero,2004-10-17,6.99,15.38,1.58,67.97,0.0,1.59,60.64,-14.34538,-70.0321,4130
Crucero,2004-10-18,7.01,15.95,1.13,68.53,0.0,2.61,60.6,-14.34538,-70.0321,4130
Crucero,2004-10-19,6.48,15.9,0.11,73.08,4.6,2.05,60.65,-14.34538,-70.0321,4130
Crucero,2004-10-20,5.33,12.14,0.11,74.68,0.98,2.15,60.7,-14.34538,-70.0321,4130
Crucero,2004-10-21,6.04,12.04,1.14,73.75,0.71,2.36,60.61,-14.34538,-70.0321,4130
Crucero,2004-10-22,6.4,14.3,1.29,74.56,1.35,2.16,60.57,-14.34538,-70.0321,4130
Crucero,2004-10-23,5.51,11.02,1.36,76.67,0.06,1.5,60.56,-14.34538,-70.0321,4130
Crucero,2004-10-24,7.2,15.63,0.86,68.35,0.0,2.13,60.52,-14.34538,-70.0321,4130
Crucero,2004-10-25,7.85,18.63,-2.17,44.25,0.62,1.93,60.47,-14.34538,-70.0321,4130
Crucero,2004-10-26,7.48,18.52,-3.87,43.62,0.03,2.37,60.54,-14.34538,-70.0321,4130
Crucero,2004-10-27,6.63,13.38,1.98,69.54,0.49,3.48,60.66,-14.34538,-70.0321,4130
Crucero,2004-10-28,6.15,12.82,1.19,73.75,0.13,2.46,60.66,-14.34538,-70.0321,4130
Crucero,2004-10-29,6.81,12.99,2.03,75.94,0.09,3.91,60.61,-14.34538,-70.0321,4130
Crucero,2004-10-30,7.2,15.16,2.58,74.5,0.02,3.49,60.6,-14.34538,-70.0321,4130
Crucero,2004-10-31,5.83,12.63,2.05,77.98,0.22,2.96,60.63,-14.34538,-70.0321,4130
Crucero,2004-11-01,6.45,13.95,1.3,71.31,1.25,2.51,60.63,-14.34538,-70.0321,4130
Crucero,2004-11-02,7.52,16.22,2.59,71.75,0.44,2.04,60.54,-14.34538,-70.0321,4130
Crucero,2004-11-03,8.18,17.35,3.48,68.13,0.0,2.84,60.45,-14.34538,-70.0321,4130
Crucero,2004-11-04,6.43,14.06,1.46,74.14,19.84,1.8,60.52,-14.34538,-70.0321,4130
Crucero,2004-11-05,4.31,10.03,1.53,86.37,3.55,2.67,60.53,-14.34538,-70.0321,4130
Crucero,2004-11-06,6.09,11.78,1.81,81.1,6.75,3.75,60.51,-14.34538,-70.0321,4130
Crucero,2004-11-07,4.79,11.54,0.97,80.54,10.77,2.16,60.6,-14.34538,-70.0321,4130
Crucero,2004-11-08,5.85,12.7,0.83,75.63,1.01,1.83,60.64,-14.34538,-70.0321,4130
Crucero,2004-11-09,6.77,11.99,3.33,77.42,0.37,1.54,60.61,-14.34538,-70.0321,4130
Crucero,2004-11-10,8.65,18.26,1.88,62.79,0.01,2.28,60.54,-14.34538,-70.0321,4130
Crucero,2004-11-11,8.12,17.37,-1.62,58.28,0.67,2.28,60.47,-14.34538,-70.0321,4130
Crucero,2004-11-12,5.58,12.42,1.29,74.24,0.16,1.38,60.43,-14.34538,-70.0321,4130
Crucero,2004-11-13,6.47,16.19,-0.53,65.88,0.13,2.1,60.42,-14.34538,-70.0321,4130
Crucero,2004-11-14,5.45,12.08,0.77,75.01,0.96,1.12,60.47,-14.34538,-70.0321,4130
Crucero,2004-11-15,6.58,13.91,0.04,69.48,0.22,2.06,60.5,-14.34538,-70.0321,4130
Crucero,2004-11-16,6.12,13.23,1.08,70.27,0.2,1.86,60.5,-14.34538,-70.0321,4130
Crucero,2004-11-17,3.99,8.69,-0.28,76.79,1.82,1.51,60.59,-14.34538,-70.0321,4130
Crucero,2004-11-18,4.78,10.83,1.04,78.56,1.33,1.33,60.59,-14.34538,-70.0321,4130
Crucero,2004-11-19,4.28,10.59,-0.9,77.38,3.71,2.35,60.67,-14.34538,-70.0321,4130
Crucero,2004-11-20,5.35,13.2,-1.15,76.03,1.8,2.49,60.67,-14.34538,-70.0321,4130
Crucero,2004-11-21,6.19,14.53,0.83,71.99,2.8,1.68,60.65,-14.34538,-70.0321,4130
Crucero,2004-11-22,5.35,14.04,0.22,72.04,1.13,2.46,60.63,-14.34538,-70.0321,4130
Crucero,2004-11-23,4.91,11.9,1.12,74.89,0.18,1.33,60.57,-14.34538,-70.0321,4130
Crucero,2004-11-24,5.44,13.05,0.24,74.68,0.78,1.75,60.57,-14.34538,-70.0321,4130
Crucero,2004-11-25,7.47,14.51,2.11,69.45,0.29,1.32,60.58,-14.34538,-70.0321,4130
Crucero,2004-11-26,7.06,14.87,0.75,61.82,0.23,1.87,60.54,-14.34538,-70.0321,4130
Crucero,2004-11-27,7.61,15.73,2.06,72.73,0.21,1.44,60.48,-14.34538,-70.0321,4130
Crucero,2004-11-28,9.49,19.05,1.6,55.41,1.31,2.97,60.43,-14.34538,-70.0321,4130
Crucero,2004-11-29,7.8,17.04,1.62,63.15,1.09,3.38,60.51,-14.34538,-70.0321,4130
Crucero,2004-11-30,6.5,15.23,-0.65,71.29,0.14,2.1,60.53,-14.34538,-70.0321,4130
Crucero,2004-12-01,7.06,14.7,1.42,72.78,5.91,1.68,60.52,-14.34538,-70.0321,4130
Crucero,2004-12-02,6.07,12.59,0.53,74.9,0.38,2.23,60.54,-14.34538,-70.0321,4130
Crucero,2004-12-03,7.05,16.22,0.79,71.47,0.11,2.5,60.49,-14.34538,-70.0321,4130
Crucero,2004-12-04,7.68,15.89,1.37,69.08,0.61,3.14,60.6,-14.34538,-70.0321,4130
Crucero,2004-12-05,7.54,13.98,2.61,73.44,0.34,3.35,60.67,-14.34538,-70.0321,4130
Crucero,2004-12-06,8.15,16.15,1.22,69.85,0.01,2.12,60.62,-14.34538,-70.0321,4130
Crucero,2004-12-07,8.17,14.93,3.34,69.41,0.03,1.88,60.57,-14.34538,-70.0321,4130
Crucero,2004-12-08,6.72,11.29,1.7,78.69,4.67,2.05,60.55,-14.34538,-70.0321,4130
Crucero,2004-12-09,7.04,13.08,1.59,74.24,4.3,2.25,60.55,-14.34538,-70.0321,4130
Crucero,2004-12-10,6.31,13.98,0.94,74.06,2.83,3.55,60.62,-14.34538,-70.0321,4130
Crucero,2004-12-11,7.04,14.67,0.74,71.88,0.29,3.52,60.62,-14.34538,-70.0321,4130
Crucero,2004-12-12,8.04,17.01,2.13,67.46,0.35,2.95,60.63,-14.34538,-70.0321,4130
Crucero,2004-12-13,6.68,14.35,2.46,72.22,0.8,1.95,60.67,-14.34538,-70.0321,4130
Crucero,2004-12-14,6.37,13.11,1.47,77.55,6.1,2.19,60.59,-14.34538,-70.0321,4130
Crucero,2004-12-15,5.94,12.07,2.03,78.41,6.76,1.82,60.56,-14.34538,-70.0321,4130
Crucero,2004-12-16,5.5,11.57,1.05,79.96,0.09,1.39,60.52,-14.34538,-70.0321,4130
Crucero,2004-12-17,5.25,9.56,1.78,82.02,3.6,1.42,60.5,-14.34538,-70.0321,4130
Crucero,2004-12-18,5.59,11.04,1.6,80.15,1.05,1.44,60.53,-14.34538,-70.0321,4130
Crucero,2004-12-19,7.15,15.18,0.69,75.14,0.56,1.82,60.56,-14.34538,-70.0321,4130
Crucero,2004-12-20,7.64,15.16,0.65,75.37,1.14,2.42,60.58,-14.34538,-70.0321,4130
Crucero,2004-12-21,8.21,15.61,3.44,66.9,0.48,2.5,60.59,-14.34538,-70.0321,4130
Crucero,2004-12-22,8.67,16.77,1.79,67.67,1.45,2.15,60.52,-14.34538,-70.0321,4130
Crucero,2004-12-23,6.03,12.38,2.15,76.41,0.44,1.72,60.51,-14.34538,-70.0321,4130
Crucero,2004-12-24,7.83,17.5,1.44,66.13,0.29,2.07,60.44,-14.34538,-70.0321,4130
Crucero,2004-12-25,6.21,11.96,0.66,73.17,2.3,1.82,60.42,-14.34538,-70.0321,4130
Crucero,2004-12-26,6.76,13.92,1.86,74.48,2.09,1.72,60.54,-14.34538,-70.0321,4130
Crucero,2004-12-27,5.97,13.1,2.0,78.08,0.57,3.16,60.58,-14.34538,-70.0321,4130
Crucero,2004-12-28,7.4,16.52,0.3,65.14,0.44,2.77,60.54,-14.34538,-70.0321,4130
Crucero,2004-12-29,6.21,15.34,0.11,73.6,1.53,2.53,60.51,-14.34538,-70.0321,4130
Crucero,2004-12-30,5.29,12.69,1.24,74.15,11.52,1.86,60.51,-14.34538,-70.0321,4130
Crucero,2004-12-31,6.21,13.59,0.94,76.73,2.36,1.55,60.56,-14.34538,-70.0321,4130
Crucero,2005-01-01,6.01,13.91,1.62,79.28,0.93,1.67,60.63,-14.34538,-70.0321,4130
Crucero,2005-01-02,6.91,15.75,1.83,75.91,2.78,1.83,60.61,-14.34538,-70.0321,4130
Crucero,2005-01-03,5.79,11.4,1.41,81.56,1.22,1.8,60.58,-14.34538,-70.0321,4130
Crucero,2005-01-04,8.33,16.13,2.88,73.23,1.22,3.0,60.58,-14.34538,-70.0321,4130
Crucero,2005-01-05,7.79,17.52,-1.94,61.47,0.11,2.82,60.57,-14.34538,-70.0321,4130
Crucero,2005-01-06,7.58,16.19,-1.21,69.05,1.39,3.22,60.55,-14.34538,-70.0321,4130
Crucero,2005-01-07,7.79,14.47,3.72,72.63,0.95,3.82,60.61,-14.34538,-70.0321,4130
Crucero,2005-01-08,9.09,17.71,1.51,61.5,0.48,2.25,60.63,-14.34538,-70.0321,4130
Crucero,2005-01-09,8.49,15.14,3.98,70.34,0.74,2.85,60.57,-14.34538,-70.0321,4130
Crucero,2005-01-10,6.43,12.15,2.88,76.42,2.4,2.52,60.52,-14.34538,-70.0321,4130
Crucero,2005-01-11,5.87,11.49,1.5,76.93,0.72,2.18,60.52,-14.34538,-70.0321,4130
Crucero,2005-01-12,6.79,13.85,1.46,76.62,0.66,2.48,60.56,-14.34538,-70.0321,4130
Crucero,2005-01-13,7.55,14.85,2.26,77.3,0.98,1.93,60.61,-14.34538,-70.0321,4130
Crucero,2005-01-14,5.88,12.16,1.62,72.16,0.12,3.71,60.53,-14.34538,-70.0321,4130
Crucero,2005-01-15,8.93,18.74,-0.16,58.14,0.06,2.36,60.41,-14.34538,-70.0321,4130
Crucero,2005-01-16,4.95,11.4,0.51,77.91,3.3,3.39,60.45,-14.34538,-70.0321,4130
Crucero,2005-01-17,5.67,13.73,0.18,77.71,3.86,3.04,60.47,-14.34538,-70.0321,4130
Crucero,2005-01-18,7.75,16.48,1.43,70.96,0.3,2.69,60.47,-14.34538,-70.0321,4130
Crucero,2005-01-19,7.44,16.04,-0.01,69.65,0.25,1.51,60.47,-14.34538,-70.0321,4130
Crucero,2005-01-20,5.69,12.84,0.26,73.62,0.58,2.41,60.51,-14.34538,-70.0321,4130
Crucero,2005-01-21,7.78,15.83,0.76,59.32,0.06,0.93,60.53,-14.34538,-70.0321,4130
Crucero,2005-01-22,7.03,13.09,2.64,73.81,0.01,1.93,60.58,-14.34538,-70.0321,4130
Crucero,2005-01-23,7.62,12.4,4.4,74.75,0.27,0.93,60.58,-14.34538,-70.0321,4130
Crucero,2005-01-24,6.06,10.25,1.94,77.68,1.39,1.8,60.52,-14.34538,-70.0321,4130
Crucero,2005-01-25,8.09,17.43,-0.42,62.48,1.81,1.6,60.51,-14.34538,-70.0321,4130
Crucero,2005-01-26,7.43,15.82,1.44,68.36,2.51,1.36,60.59,-14.34538,-70.0321,4130
Crucero,2005-01-27,8.08,15.99,2.52,72.93,1.13,1.65,60.57,-14.34538,-70.0321,4130
Crucero,2005-01-28,8.34,16.2,2.32,74.4,0.14,1.99,60.5,-14.34538,-70.0321,4130
Crucero,2005-01-29,8.01,16.34,2.54,71.88,0.0,2.64,60.42,-14.34538,-70.0321,4130
Crucero,2005-01-30,8.26,18.0,2.59,68.22,0.09,2.37,60.37,-14.34538,-70.0321,4130
Crucero,2005-01-31,7.56,15.62,1.22,64.76,0.32,2.76,60.49,-14.34538,-70.0321,4130
Crucero,2005-02-01,4.51,11.88,0.36,82.09,3.54,2.72,60.51,-14.34538,-70.0321,4130
Crucero,2005-02-02,6.21,13.88,0.89,75.07,0.25,3.27,60.51,-14.34538,-70.0321,4130
Crucero,2005-02-03,7.06,16.16,-0.39,72.08,0.33,2.8,60.6,-14.34538,-70.0321,4130
Crucero,2005-02-04,7.33,16.02,0.13,71.59,0.45,3.34,60.67,-14.34538,-70.0321,4130
Crucero,2005-02-05,7.07,14.77,0.99,72.1,7.12,3.57,60.67,-14.34538,-70.0321,4130
Crucero,2005-02-06,6.84,15.26,1.04,72.7,1.31,2.44,60.64,-14.34538,-70.0321,4130
Crucero,2005-02-07,6.28,13.81,1.34,72.75,0.08,0.79,60.62,-14.34538,-70.0321,4130
Crucero,2005-02-08,6.08,13.78,1.59,77.28,11.88,2.28,60.56,-14.34538,-70.0321,4130
Crucero,2005-02-09,6.06,13.1,1.12,79.26,4.41,2.33,60.59,-14.34538,-70.0321,4130
Crucero,2005-02-10,5.34,10.92,0.95,80.3,9.8,2.03,60.64,-14.34538,-70.0321,4130
Crucero,2005-02-11,6.28,13.05,1.79,78.72,7.48,2.5,60.58,-14.34538,-70.0321,4130
Crucero,2005-02-12,5.0,11.61,0.84,79.87,16.98,2.02,60.57,-14.34538,-70.0321,4130
Crucero,2005-02-13,5.93,14.29,1.17,78.33,3.17,1.69,60.53,-14.34538,-70.0321,4130
Crucero,2005-02-14,6.5,14.89,0.81,76.07,2.22,1.41,60.55,-14.34538,-70.0321,4130
Crucero,2005-02-15,5.34,9.7,1.05,79.21,2.03,1.36,60.49,-14.34538,-70.0321,4130
Crucero,2005-02-16,6.02,13.52,1.44,80.08,14.58,1.82,60.47,-14.34538,-70.0321,4130
Crucero,2005-02-17,4.26,11.06,0.21,82.06,5.18,3.13,60.6,-14.34538,-70.0321,4130
Crucero,2005-02-18,4.65,12.7,-2.26,74.89,7.81,3.21,60.62,-14.34538,-70.0321,4130
Crucero,2005-02-19,5.76,13.46,-0.77,73.83,5.77,2.88,60.61,-14.34538,-70.0321,4130
Crucero,2005-02-20,6.19,13.07,1.37,81.37,6.22,2.76,60.62,-14.34538,-70.0321,4130
Crucero,2005-02-21,6.09,13.53,2.2,82.96,3.0,2.37,60.6,-14.34538,-70.0321,4130
Crucero,2005-02-22,6.12,11.6,1.98,85.11,8.43,1.91,60.56,-14.34538,-70.0321,4130
Crucero,2005-02-23,4.28,9.91,-0.54,78.56,1.31,2.41,60.66,-14.34538,-70.0321,4130
Crucero,2005-02-24,6.12,13.38,1.07,79.76,0.56,1.79,60.72,-14.34538,-70.0321,4130
Crucero,2005-02-25,7.45,14.75,1.5,78.44,1.06,2.07,60.72,-14.34538,-70.0321,4130
Crucero,2005-02-26,7.92,15.72,2.43,78.38,0.27,1.67,60.64,-14.34538,-70.0321,4130
Crucero,2005-02-27,4.87,9.54,1.29,80.08,0.11,0.96,60.64,-14.34538,-70.0321,4130
Crucero,2005-02-28,8.12,16.37,-0.11,72.46,1.15,1.93,60.69,-14.34538,-70.0321,4130
Crucero,2005-03-01,6.69,12.12,1.85,82.19,3.81,2.08,60.75,-14.34538,-70.0321,4130
Crucero,2005-03-02,6.83,15.16,1.0,78.58,0.66,2.25,60.75,-14.34538,-70.0321,4130
Crucero,2005-03-03,7.06,13.39,3.06,80.98,5.17,2.56,60.77,-14.34538,-70.0321,4130
Crucero,2005-03-04,7.19,15.55,0.55,71.63,0.66,2.13,60.8,-14.34538,-70.0321,4130
Crucero,2005-03-05,5.59,15.95,-3.01,54.05,0.02,2.18,60.85,-14.34538,-70.0321,4130
Crucero,2005-03-06,7.46,16.62,-1.33,68.42,0.06,1.78,60.78,-14.34538,-70.0321,4130
Crucero,2005-03-07,8.27,16.79,2.52,74.91,0.9,1.57,60.67,-14.34538,-70.0321,4130
Crucero,2005-03-08,8.02,17.53,1.12,71.8,0.63,1.57,60.6,-14.34538,-70.0321,4130
Crucero,2005-03-09,6.51,10.8,2.4,80.0,1.54,2.73,60.65,-14.34538,-70.0321,4130
Crucero,2005-03-10,5.75,10.37,1.02,81.81,2.0,2.21,60.64,-14.34538,-70.0321,4130
Crucero,2005-03-11,6.36,14.57,1.67,79.21,1.8,1.93,60.66,-14.34538,-70.0321,4130
Crucero,2005-03-12,7.43,15.55,0.92,75.32,1.3,1.22,60.63,-14.34538,-70.0321,4130
Crucero,2005-03-13,7.08,13.85,2.3,79.89,0.64,1.77,60.6,-14.34538,-70.0321,4130
Crucero,2005-03-14,5.42,11.25,1.57,81.03,1.03,1.23,60.59,-14.34538,-70.0321,4130
Crucero,2005-03-15,5.71,13.74,1.09,82.03,0.31,1.96,60.52,-14.34538,-70.0321,4130
Crucero,2005-03-16,7.35,15.89,-1.23,70.4,0.15,2.44,60.61,-14.34538,-70.0321,4130
Crucero,2005-03-17,7.62,14.78,2.66,71.66,0.02,1.94,60.64,-14.34538,-70.0321,4130
Crucero,2005-03-18,5.45,10.93,1.44,81.75,0.94,1.97,60.67,-14.34538,-70.0321,4130
Crucero,2005-03-19,6.17,14.32,0.25,73.05,0.74,2.29,60.67,-14.34538,-70.0321,4130
Crucero,2005-03-20,6.76,14.32,0.34,72.96,0.08,2.42,60.58,-14.34538,-70.0321,4130
Crucero,2005-03-21,6.45,14.4,2.16,78.23,7.61,1.72,60.54,-14.34538,-70.0321,4130
Crucero,2005-03-22,4.49,11.83,1.05,84.14,1.12,1.37,60.65,-14.34538,-70.0321,4130
Crucero,2005-03-23,4.99,8.98,1.43,89.6,16.31,1.92,60.79,-14.34538,-70.0321,4130
Crucero,2005-03-24,6.5,13.33,1.98,82.32,1.51,2.13,60.79,-14.34538,-70.0321,4130
Crucero,2005-03-25,7.37,15.76,0.95,75.44,0.4,2.18,60.7,-14.34538,-70.0321,4130
Crucero,2005-03-26,7.33,15.94,-0.64,71.88,0.11,2.58,60.66,-14.34538,-70.0321,4130
Crucero,2005-03-27,6.61,13.99,2.58,76.29,1.91,2.66,60.66,-14.34538,-70.0321,4130
Crucero,2005-03-28,5.26,11.9,0.75,78.74,0.81,1.82,60.69,-14.34538,-70.0321,4130
Crucero,2005-03-29,5.64,13.75,-0.41,79.15,1.23,2.16,60.65,-14.34538,-70.0321,4130
Crucero,2005-03-30,5.08,11.11,-0.27,81.01,14.29,2.62,60.68,-14.34538,-70.0321,4130
Crucero,2005-03-31,4.84,11.83,-0.12,81.7,1.6,2.47,60.65,-14.34538,-70.0321,4130
Crucero,2005-04-01,5.61,13.1,-0.67,83.19,13.02,1.4,60.62,-14.34538,-70.0321,4130
Crucero,2005-04-02,5.48,11.46,2.58,87.28,0.96,1.61,60.66,-14.34538,-70.0321,4130
Crucero,2005-04-03,5.57,12.1,1.67,83.73,5.03,2.02,60.72,-14.34538,-70.0321,4130
Crucero,2005-04-04,4.78,10.48,0.81,84.86,0.61,1.12,60.77,-14.34538,-70.0321,4130
Crucero,2005-04-05,6.62,13.8,1.94,80.75,0.0,2.33,60.76,-14.34538,-70.0321,4130
Crucero,2005-04-06,6.89,14.21,0.15,76.6,0.0,2.26,60.79,-14.34538,-70.0321,4130
Crucero,2005-04-07,5.37,13.24,1.22,80.77,0.16,1.58,60.74,-14.34538,-70.0321,4130
Crucero,2005-04-08,6.44,14.22,0.19,76.23,0.27,2.3,60.77,-14.34538,-70.0321,4130
Crucero,2005-04-09,5.26,13.69,-2.36,77.17,0.01,2.36,60.78,-14.34538,-70.0321,4130
Crucero,2005-04-10,5.28,14.92,-3.49,71.69,0.0,2.26,60.74,-14.34538,-70.0321,4130
Crucero,2005-04-11,7.18,15.64,0.83,72.5,0.0,1.8,60.65,-14.34538,-70.0321,4130
Crucero,2005-04-12,5.16,12.44,-0.19,74.61,10.92,2.65,60.68,-14.34538,-70.0321,4130
Crucero,2005-04-13,4.42,11.88,-1.99,81.17,3.2,1.7,60.74,-14.34538,-70.0321,4130
Crucero,2005-04-14,5.27,12.84,-0.41,80.87,0.74,1.57,60.69,-14.34538,-70.0321,4130
Crucero,2005-04-15,6.22,14.41,0.78,73.0,0.18,2.48,60.76,-14.34538,-70.0321,4130
Crucero,2005-04-16,6.7,15.18,-1.17,69.01,0.01,1.61,60.81,-14.34538,-70.0321,4130
Crucero,2005-04-17,6.02,14.2,0.33,77.55,0.47,1.09,60.8,-14.34538,-70.0321,4130
Crucero,2005-04-18,5.91,13.74,0.43,73.79,0.1,1.53,60.71,-14.34538,-70.0321,4130
Crucero,2005-04-19,5.38,15.1,-3.88,63.34,0.0,1.56,60.69,-14.34538,-70.0321,4130
Crucero,2005-04-20,6.89,14.97,-0.59,67.49,2.39,1.34,60.7,-14.34538,-70.0321,4130
Crucero,2005-04-21,4.23,9.44,0.48,78.78,1.23,1.22,60.72,-14.34538,-70.0321,4130
Crucero,2005-04-22,5.88,13.23,-0.57,73.49,0.03,0.79,60.69,-14.34538,-70.0321,4130
Crucero,2005-04-23,5.81,11.8,1.87,76.4,0.03,1.01,60.66,-14.34538,-70.0321,4130
Crucero,2005-04-24,5.94,11.73,1.58,79.47,0.19,2.05,60.61,-14.34538,-70.0321,4130
Crucero,2005-04-25,3.5,9.44,0.9,86.28,0.56,1.29,60.69,-14.34538,-70.0321,4130
Crucero,2005-04-26,5.32,13.73,-0.57,77.32,0.05,0.93,60.73,-14.34538,-70.0321,4130
Crucero,2005-04-27,6.97,16.49,-0.27,59.74,0.0,1.57,60.71,-14.34538,-70.0321,4130
Crucero,2005-04-28,5.49,15.87,-3.06,48.48,0.0,1.77,60.66,-14.34538,-70.0321,4130
Crucero,2005-04-29,4.35,13.99,-4.33,53.89,0.0,1.79,60.73,-14.34538,-70.0321,4130
Crucero,2005-04-30,5.39,14.41,-1.07,72.62,0.0,1.57,60.83,-14.34538,-70.0321,4130
Crucero,2005-05-01,5.04,14.91,-3.5,67.95,0.0,1.63,60.82,-14.34538,-70.0321,4130
Crucero,2005-05-02,4.99,14.8,-3.56,69.73,0.0,1.48,60.7,-14.34538,-70.0321,4130
Crucero,2005-05-03,4.95,14.55,-3.44,71.12,0.0,1.54,60.64,-14.34538,-70.0321,4130
Crucero,2005-05-04,5.24,13.76,-1.5,73.98,0.0,1.86,60.68,-14.34538,-70.0321,4130
Crucero,2005-05-05,4.8,12.84,-2.99,67.55,0.12,1.67,60.74,-14.34538,-70.0321,4130
Crucero,2005-05-06,5.54,13.3,-0.22,69.25,0.1,1.53,60.69,-14.34538,-70.0321,4130
Crucero,2005-05-07,2.87,7.73,-0.43,82.17,0.2,1.19,60.68,-14.34538,-70.0321,4130
Crucero,2005-05-08,4.95,14.33,-0.95,57.85,0.01,1.38,60.66,-14.34538,-70.0321,4130
Crucero,2005-05-09,3.48,12.82,-4.59,48.73,0.0,1.02,60.69,-14.34538,-70.0321,4130
Crucero,2005-05-10,4.45,14.52,-3.66,63.7,0.0,1.02,60.65,-14.34538,-70.0321,4130
Crucero,2005-05-11,5.33,14.26,-3.49,71.02,0.0,1.49,60.67,-14.34538,-70.0321,4130
Crucero,2005-05-12,5.16,11.31,1.22,75.8,0.0,1.29,60.7,-14.34538,-70.0321,4130
Crucero,2005-05-13,2.9,9.04,-0.48,82.23,0.0,1.29,60.65,-14.34538,-70.0321,4130
Crucero,2005-05-14,3.83,11.01,-1.68,60.29,0.33,1.17,60.59,-14.34538,-70.0321,4130
Crucero,2005-05-15,4.89,13.83,-3.15,74.31,0.07,1.71,60.59,-14.34538,-70.0321,4130
Crucero,2005-05-16,4.62,11.7,-0.37,82.71,0.39,1.28,60.61,-14.34538,-70.0321,4130
Crucero,2005-05-17,5.31,13.07,-0.12,77.4,0.21,1.58,60.62,-14.34538,-70.0321,4130
Crucero,2005-05-18,6.18,14.35,-0.29,72.88,0.03,1.83,60.62,-14.34538,-70.0321,4130
Crucero,2005-05-19,6.28,16.13,-1.94,69.44,0.0,1.32,60.57,-14.34538,-70.0321,4130
Crucero,2005-05-20,6.22,14.9,-1.31,72.32,0.02,1.46,60.62,-14.34538,-70.0321,4130
Crucero,2005-05-21,5.11,11.95,-0.35,69.08,2.13,1.32,60.71,-14.34538,-70.0321,4130
Crucero,2005-05-22,6.43,14.28,1.38,75.46,0.98,1.16,60.66,-14.34538,-70.0321,4130
Crucero,2005-05-23,6.7,16.63,-0.76,48.87,0.04,1.5,60.54,-14.34538,-70.0321,4130
Crucero,2005-05-24,5.25,16.41,-3.42,39.59,0.0,2.2,60.55,-14.34538,-70.0321,4130
Crucero,2005-05-25,4.42,14.82,-4.39,45.95,0.89,1.25,60.66,-14.34538,-70.0321,4130
Crucero,2005-05-26,5.59,14.94,-1.62,64.63,0.15,1.17,60.74,-14.34538,-70.0321,4130
Crucero,2005-05-27,4.12,14.47,-5.24,62.43,0.0,1.68,60.8,-14.34538,-70.0321,4130
Crucero,2005-05-28,5.37,12.82,0.53,75.75,0.0,1.45,60.78,-14.34538,-70.0321,4130
Crucero,2005-05-29,5.1,14.03,-2.89,68.68,0.0,1.52,60.68,-14.34538,-70.0321,4130
Crucero,2005-05-30,3.32,9.5,0.38,81.59,0.27,1.46,60.73,-14.34538,-70.0321,4130
Crucero,2005-05-31,4.44,13.06,-1.9,70.07,0.05,1.01,60.72,-14.34538,-70.0321,4130
Crucero,2005-06-01,4.9,14.17,-1.71,69.21,0.0,1.21,60.67,-14.34538,-70.0321,4130
Crucero,2005-06-02,4.2,14.4,-3.79,69.88,0.0,1.39,60.65,-14.34538,-70.0321,4130
Crucero,2005-06-03,5.07,14.48,-3.76,69.86,0.0,1.32,60.65,-14.34538,-70.0321,4130
Crucero,2005-06-04,5.58,13.44,-0.9,73.02,0.8,1.07,60.69,-14.34538,-70.0321,4130
Crucero,2005-06-05,5.3,13.12,-1.79,74.28,0.31,1.22,60.73,-14.34538,-70.0321,4130
Crucero,2005-06-06,5.45,11.5,1.48,75.1,0.0,0.97,60.68,-14.34538,-70.0321,4130
Crucero,2005-06-07,4.56,13.36,-3.46,67.77,0.0,1.23,60.56,-14.34538,-70.0321,4130
Crucero,2005-06-08,4.46,13.48,-3.26,68.12,0.0,1.86,60.57,-14.34538,-70.0321,4130
Crucero,2005-06-09,4.12,12.99,-3.24,68.83,0.01,2.12,60.63,-14.34538,-70.0321,4130
Crucero,2005-06-10,3.8,13.44,-3.97,58.1,0.04,2.07,60.63,-14.34538,-70.0321,4130
Crucero,2005-06-11,3.58,13.33,-4.49,54.06,0.44,1.72,60.62,-14.34538,-70.0321,4130
Crucero,2005-06-12,5.38,13.52,-0.46,67.8,0.37,1.65,60.6,-14.34538,-70.0321,4130
Crucero,2005-06-13,4.96,13.93,-3.02,59.51,0.1,1.87,60.61,-14.34538,-70.0321,4130
Crucero,2005-06-14,3.95,12.21,-1.29,73.76,0.11,1.34,60.68,-14.34538,-70.0321,4130
Crucero,2005-06-15,2.45,6.89,-1.73,90.07,0.08,1.33,60.78,-14.34538,-70.0321,4130
Crucero,2005-06-16,4.46,11.38,-0.69,72.17,0.03,0.91,60.75,-14.34538,-70.0321,4130
Crucero,2005-06-17,3.49,13.45,-4.26,60.29,0.0,1.57,60.71,-14.34538,-70.0321,4130
Crucero,2005-06-18,4.42,13.82,-3.21,67.14,0.0,1.57,60.68,-14.34538,-70.0321,4130
Crucero,2005-06-19,4.1,13.83,-4.01,66.26,0.0,1.46,60.6,-14.34538,-70.0321,4130
Crucero,2005-06-20,4.46,11.21,-0.36,75.32,0.07,1.01,60.63,-14.34538,-70.0321,4130
Crucero,2005-06-21,3.42,8.7,-0.77,75.15,0.12,0.9,60.72,-14.34538,-70.0321,4130
Crucero,2005-06-22,3.84,12.35,-1.97,62.85,0.09,1.21,60.72,-14.34538,-70.0321,4130
Crucero,2005-06-23,2.59,12.16,-4.37,66.0,0.02,1.07,60.75,-14.34538,-70.0321,4130
Crucero,2005-06-24,3.35,12.44,-3.47,67.21,0.01,1.25,60.68,-14.34538,-70.0321,4130
Crucero,2005-06-25,3.55,12.41,-4.3,66.7,0.0,1.95,60.57,-14.34538,-70.0321,4130
Crucero,2005-06-26,1.68,12.11,-7.46,47.2,0.0,2.85,60.52,-14.34538,-70.0321,4130
Crucero,2005-06-27,0.81,12.44,-7.23,28.66,0.0,2.92,60.54,-14.34538,-70.0321,4130
Crucero,2005-06-28,2.8,13.25,-5.38,49.47,0.0,1.69,60.61,-14.34538,-70.0321,4130
Crucero,2005-06-29,3.65,11.45,-2.93,80.06,0.0,2.65,60.75,-14.34538,-70.0321,4130
Crucero,2005-06-30,4.08,12.51,-2.11,72.4,0.62,1.52,60.84,-14.34538,-70.0321,4130
Crucero,2005-07-01,4.21,13.02,-2.67,66.5,0.15,1.56,60.81,-14.34538,-70.0321,4130
Crucero,2005-07-02,4.92,15.4,-3.04,70.18,0.0,2.04,60.78,-14.34538,-70.0321,4130
Crucero,2005-07-03,5.2,15.38,-2.52,69.78,0.0,1.66,60.85,-14.34538,-70.0321,4130
Crucero,2005-07-04,5.93,15.59,-1.94,69.03,0.0,1.67,60.87,-14.34538,-70.0321,4130
Crucero,2005-07-05,4.91,12.16,0.8,77.43,0.01,1.87,60.85,-14.34538,-70.0321,4130
Crucero,2005-07-06,4.39,13.56,-2.04,72.63,0.0,1.55,60.85,-14.34538,-70.0321,4130
Crucero,2005-07-07,3.93,13.56,-2.99,71.48,0.0,1.51,60.88,-14.34538,-70.0321,4130
Crucero,2005-07-08,4.24,14.3,-3.87,66.3,0.0,1.25,60.81,-14.34538,-70.0321,4130
Crucero,2005-07-09,3.76,12.96,-2.34,61.18,0.0,1.17,60.74,-14.34538,-70.0321,4130
Crucero,2005-07-10,2.31,12.78,-4.47,66.88,0.0,1.96,60.74,-14.34538,-70.0321,4130
Crucero,2005-07-11,1.57,11.74,-4.93,47.14,0.0,1.86,60.81,-14.34538,-70.0321,4130
Crucero,2005-07-12,2.24,12.3,-4.91,37.27,0.0,1.26,60.76,-14.34538,-70.0321,4130
Crucero,2005-07-13,2.48,13.57,-4.83,36.9,0.0,1.84,60.6,-14.34538,-70.0321,4130
Crucero,2005-07-14,2.75,14.28,-5.07,52.0,0.0,2.77,60.51,-14.34538,-70.0321,4130
Crucero,2005-07-15,2.83,13.7,-4.79,65.89,0.0,3.04,60.52,-14.34538,-70.0321,4130
Crucero,2005-07-16,3.26,13.33,-4.67,68.51,0.0,3.01,60.56,-14.34538,-70.0321,4130
Crucero,2005-07-17,3.85,13.52,-3.48,66.58,0.13,2.95,60.6,-14.34538,-70.0321,4130
Crucero,2005-07-18,3.1,11.39,-3.28,75.62,0.41,2.16,60.58,-14.34538,-70.0321,4130
Crucero,2005-07-19,3.29,11.41,-1.98,79.11,0.16,1.87,60.53,-14.34538,-70.0321,4130
Crucero,2005-07-20,3.79,11.33,-2.12,72.99,0.07,2.5,60.58,-14.34538,-70.0321,4130
Crucero,2005-07-21,3.66,13.36,-3.4,73.48,0.02,2.93,60.61,-14.34538,-70.0321,4130
Crucero,2005-07-22,3.09,12.76,-3.64,69.0,0.0,3.22,60.7,-14.34538,-70.0321,4130
Crucero,2005-07-23,2.84,13.29,-5.15,67.86,0.0,2.75,60.71,-14.34538,-70.0321,4130
Crucero,2005-07-24,3.8,14.41,-4.47,63.29,0.0,2.05,60.67,-14.34538,-70.0321,4130
Crucero,2005-07-25,3.76,13.12,-3.04,68.25,0.0,2.04,60.71,-14.34538,-70.0321,4130
Crucero,2005-07-26,3.49,13.41,-4.32,67.69,0.03,2.05,60.71,-14.34538,-70.0321,4130
Crucero,2005-07-27,3.24,13.69,-4.87,65.43,0.02,2.26,60.72,-14.34538,-70.0321,4130
Crucero,2005-07-28,4.09,14.52,-4.27,67.65,0.0,1.75,60.73,-14.34538,-70.0321,4130
Crucero,2005-07-29,4.6,14.86,-3.58,64.11,0.0,1.18,60.76,-14.34538,-70.0321,4130
Crucero,2005-07-30,4.58,15.6,-4.11,62.96,0.0,1.26,60.73,-14.34538,-70.0321,4130
Crucero,2005-07-31,4.47,15.28,-4.03,61.55,0.0,1.35,60.67,-14.34538,-70.0321,4130
Crucero,2005-08-01,4.65,14.94,-3.14,62.08,0.0,1.93,60.71,-14.34538,-70.0321,4130
Crucero,2005-08-02,4.35,14.25,-4.24,66.53,0.0,1.79,60.71,-14.34538,-70.0321,4130
Crucero,2005-08-03,4.75,13.43,-2.0,68.8,0.0,1.56,60.7,-14.34538,-70.0321,4130
Crucero,2005-08-04,5.28,13.78,-2.37,62.43,0.0,1.61,60.68,-14.34538,-70.0321,4130
Crucero,2005-08-05,4.81,14.24,-3.43,61.44,0.15,1.43,60.68,-14.34538,-70.0321,4130
Crucero,2005-08-06,3.16,9.14,-0.05,82.09,0.09,2.23,60.68,-14.34538,-70.0321,4130
Crucero,2005-08-07,2.34,7.98,-1.53,80.49,0.25,1.91,60.77,-14.34538,-70.0321,4130
Crucero,2005-08-08,4.04,11.72,-1.73,70.93,0.12,1.42,60.82,-14.34538,-70.0321,4130
Crucero,2005-08-09,3.67,13.77,-3.86,67.04,0.0,1.56,60.75,-14.34538,-70.0321,4130
Crucero,2005-08-10,3.59,14.64,-4.63,62.16,0.0,1.84,60.73,-14.34538,-70.0321,4130
Crucero,2005-08-11,3.91,14.79,-3.81,61.33,0.0,1.59,60.72,-14.34538,-70.0321,4130
Crucero,2005-08-12,3.63,15.07,-4.68,50.1,0.0,1.79,60.66,-14.34538,-70.0321,4130
Crucero,2005-08-13,3.55,15.24,-5.23,55.24,0.0,1.56,60.62,-14.34538,-70.0321,4130
Crucero,2005-08-14,3.77,15.27,-4.78,46.37,0.0,1.77,60.67,-14.34538,-70.0321,4130
Crucero,2005-08-15,3.55,14.3,-4.47,48.6,0.0,1.59,60.72,-14.34538,-70.0321,4130
Crucero,2005-08-16,4.02,15.29,-5.38,63.44,0.0,1.49,60.7,-14.34538,-70.0321,4130
Crucero,2005-08-17,4.63,14.99,-4.76,59.17,1.6,2.43,60.66,-14.34538,-70.0321,4130
Crucero,2005-08-18,4.76,11.92,0.58,73.95,0.64,2.89,60.77,-14.34538,-70.0321,4130
Crucero,2005-08-19,4.31,12.6,-1.27,75.51,0.0,2.56,60.84,-14.34538,-70.0321,4130
Crucero,2005-08-20,5.03,13.13,-0.63,72.22,0.19,1.82,60.8,-14.34538,-70.0321,4130
Crucero,2005-08-21,5.38,13.73,-2.04,64.85,0.02,1.81,60.64,-14.34538,-70.0321,4130
Crucero,2005-08-22,5.99,14.77,0.33,56.28,0.0,2.48,60.54,-14.34538,-70.0321,4130
Crucero,2005-08-23,3.07,9.37,-1.49,24.07,0.0,1.41,60.65,-14.34538,-70.0321,4130
Crucero,2005-08-24,3.02,10.23,-3.36,59.19,0.77,3.01,60.77,-14.34538,-70.0321,4130
Crucero,2005-08-25,4.26,9.94,-0.46,69.91,0.23,0.92,60.69,-14.34538,-70.0321,4130
Crucero,2005-08-26,5.65,14.31,-0.95,47.92,0.0,1.15,60.64,-14.34538,-70.0321,4130
Crucero,2005-08-27,5.36,16.17,-4.51,61.39,0.0,2.3,60.62,-14.34538,-70.0321,4130
Crucero,2005-08-28,6.61,16.53,-1.62,61.71,0.0,1.98,60.6,-14.34538,-70.0321,4130
Crucero,2005-08-29,6.77,17.09,-1.51,59.73,0.0,1.73,60.54,-14.34538,-70.0321,4130
Crucero,2005-08-30,6.86,16.81,-1.52,59.05,0.22,2.46,60.48,-14.34538,-70.0321,4130
Crucero,2005-08-31,6.02,14.07,0.48,65.61,0.02,1.96,60.52,-14.34538,-70.0321,4130
Crucero,2005-09-01,5.84,14.43,-1.15,65.64,0.1,1.81,60.58,-14.34538,-70.0321,4130
Crucero,2005-09-02,3.37,7.04,-0.02,72.26,0.05,1.24,60.64,-14.34538,-70.0321,4130
Crucero,2005-09-03,5.43,16.86,-3.95,45.84,0.0,2.19,60.62,-14.34538,-70.0321,4130
Crucero,2005-09-04,4.53,15.7,-6.28,35.83,0.0,2.22,60.63,-14.34538,-70.0321,4130
Crucero,2005-09-05,5.9,14.23,0.54,64.42,0.0,1.85,60.63,-14.34538,-70.0321,4130
Crucero,2005-09-06,3.75,12.36,-1.77,65.47,0.01,2.23,60.69,-14.34538,-70.0321,4130
Crucero,2005-09-07,1.62,6.45,-3.32,80.44,1.86,2.71,60.69,-14.34538,-70.0321,4130
Crucero,2005-09-08,3.94,12.62,-4.28,69.39,2.56,2.99,60.69,-14.34538,-70.0321,4130
Crucero,2005-09-09,4.56,11.98,-0.57,73.31,0.41,2.34,60.65,-14.34538,-70.0321,4130
Crucero,2005-09-10,5.59,14.0,-1.29,68.65,0.0,3.17,60.62,-14.34538,-70.0321,4130
Crucero,2005-09-11,5.36,12.12,0.63,74.71,0.09,4.39,60.6,-14.34538,-70.0321,4130
Crucero,2005-09-12,4.82,11.35,0.93,76.65,0.19,5.11,60.56,-14.34538,-70.0321,4130
Crucero,2005-09-13,3.88,10.83,-0.79,71.83,0.62,4.64,60.52,-14.34538,-70.0321,4130
Crucero,2005-09-14,3.42,11.89,-2.54,76.1,14.4,3.42,60.58,-14.34538,-70.0321,4130
Crucero,2005-09-15,2.73,11.21,-4.91,75.09,1.14,3.68,60.73,-14.34538,-70.0321,4130
Crucero,2005-09-16,3.8,12.71,-3.05,74.03,0.05,4.24,60.73,-14.34538,-70.0321,4130
Crucero,2005-09-17,4.49,13.02,-1.77,71.9,0.02,3.45,60.62,-14.34538,-70.0321,4130
Crucero,2005-09-18,3.94,12.06,-1.46,75.18,0.0,2.64,60.64,-14.34538,-70.0321,4130
Crucero,2005-09-19,4.24,14.46,-4.07,70.44,0.02,2.96,60.7,-14.34538,-70.0321,4130
Crucero,2005-09-20,4.87,14.84,-4.33,67.14,0.0,3.27,60.69,-14.34538,-70.0321,4130
Crucero,2005-09-21,5.62,15.76,-2.69,68.89,0.0,2.75,60.62,-14.34538,-70.0321,4130
Crucero,2005-09-22,6.35,17.3,-0.09,71.0,0.0,3.17,60.52,-14.34538,-70.0321,4130
Crucero,2005-09-23,5.95,15.77,-0.65,70.11,0.0,3.63,60.53,-14.34538,-70.0321,4130
Crucero,2005-09-24,6.06,14.11,1.08,72.78,0.0,3.61,60.58,-14.34538,-70.0321,4130
Crucero,2005-09-25,6.96,16.83,-1.11,66.55,1.47,2.97,60.58,-14.34538,-70.0321,4130
Crucero,2005-09-26,6.66,17.18,0.88,69.96,0.26,2.14,60.56,-14.34538,-70.0321,4130
Crucero,2005-09-27,5.55,16.39,-3.01,63.72,0.0,2.37,60.65,-14.34538,-70.0321,4130
Crucero,2005-09-28,5.51,14.53,-1.63,71.08,0.02,2.21,60.71,-14.34538,-70.0321,4130
Crucero,2005-09-29,6.43,15.11,0.42,70.73,0.0,2.93,60.66,-14.34538,-70.0321,4130
Crucero,2005-09-30,3.39,7.74,0.91,85.17,0.05,1.78,60.57,-14.34538,-70.0321,4130
Crucero,2005-10-01,2.35,6.99,-0.8,86.62,0.31,1.94,60.62,-14.34538,-70.0321,4130
Crucero,2005-10-02,3.84,8.87,0.28,81.14,1.06,1.84,60.66,-14.34538,-70.0321,4130
Crucero,2005-10-03,4.46,12.07,-0.67,79.51,1.18,1.3,60.66,-14.34538,-70.0321,4130
Crucero,2005-10-04,4.51,10.73,0.53,79.6,0.11,2.08,60.63,-14.34538,-70.0321,4130
Crucero,2005-10-05,4.1,10.08,0.82,80.55,0.25,2.67,60.64,-14.34538,-70.0321,4130
Crucero,2005-10-06,3.69,12.48,-0.47,80.83,1.09,1.91,60.68,-14.34538,-70.0321,4130
Crucero,2005-10-07,4.98,13.86,-1.88,73.52,3.77,1.89,60.72,-14.34538,-70.0321,4130
Crucero,2005-10-08,4.35,9.81,1.21,80.64,9.65,2.5,60.79,-14.34538,-70.0321,4130
Crucero,2005-10-09,4.75,10.62,0.58,79.75,18.6,3.78,60.74,-14.34538,-70.0321,4130
Crucero,2005-10-10,4.0,11.66,-1.68,77.83,1.63,2.82,60.7,-14.34538,-70.0321,4130
Crucero,2005-10-11,5.31,13.2,0.18,71.64,0.05,0.8,60.68,-14.34538,-70.0321,4130
Crucero,2005-10-12,5.58,11.91,-0.03,70.98,0.0,1.45,60.61,-14.34538,-70.0321,4130
Crucero,2005-10-13,5.93,14.88,-1.23,68.61,0.04,1.18,60.56,-14.34538,-70.0321,4130
Crucero,2005-10-14,5.51,12.44,-0.71,70.64,0.65,1.67,60.57,-14.34538,-70.0321,4130
Crucero,2005-10-15,4.84,8.19,1.52,81.58,0.36,1.78,60.52,-14.34538,-70.0321,4130
Crucero,2005-10-16,5.53,11.72,1.63,80.7,6.25,2.5,60.5,-14.34538,-70.0321,4130
Crucero,2005-10-17,4.23,9.72,1.27,83.71,5.74,1.5,60.58,-14.34538,-70.0321,4130
Crucero,2005-10-18,3.97,12.28,-0.05,79.9,1.44,1.53,60.61,-14.34538,-70.0321,4130
Crucero,2005-10-19,4.7,11.59,-0.09,78.63,3.81,2.76,60.61,-14.34538,-70.0321,4130
Crucero,2005-10-20,6.14,14.05,0.66,75.72,0.7,1.9,60.58,-14.34538,-70.0321,4130
Crucero,2005-10-21,7.06,15.73,-0.44,63.89,0.02,1.79,60.55,-14.34538,-70.0321,4130
Crucero,2005-10-22,6.4,14.06,-1.31,60.15,0.04,1.96,60.57,-14.34538,-70.0321,4130
Crucero,2005-10-23,5.98,12.45,0.72,72.76,1.5,2.27,60.59,-14.34538,-70.0321,4130
Crucero,2005-10-24,5.25,14.0,0.47,76.68,0.4,1.97,60.59,-14.34538,-70.0321,4130
Crucero,2005-10-25,6.48,13.7,0.32,67.17,0.49,1.86,60.66,-14.34538,-70.0321,4130
Crucero,2005-10-26,5.32,12.26,0.86,75.28,0.11,2.34,60.59,-14.34538,-70.0321,4130
Crucero,2005-10-27,5.0,12.07,1.01,79.09,0.07,1.37,60.57,-14.34538,-70.0321,4130
Crucero,2005-10-28,8.08,17.58,-0.84,61.92,0.0,2.11,60.56,-14.34538,-70.0321,4130
Crucero,2005-10-29,7.81,15.91,0.85,56.86,0.34,1.6,60.6,-14.34538,-70.0321,4130
Crucero,2005-10-30,8.49,17.94,1.0,56.25,1.36,1.69,60.63,-14.34538,-70.0321,4130
Crucero,2005-10-31,8.15,17.69,1.19,60.36,0.58,2.13,60.69,-14.34538,-70.0321,4130
Crucero,2005-11-01,8.21,17.97,-0.77,62.02,0.02,2.49,60.68,-14.34538,-70.0321,4130
Crucero,2005-11-02,7.59,13.42,3.8,71.04,0.0,2.59,60.78,-14.34538,-70.0321,4130
Crucero,2005-11-03,7.13,15.35,1.33,66.93,0.03,2.51,60.81,-14.34538,-70.0321,4130
Crucero,2005-11-04,7.39,17.03,-0.94,64.52,0.0,3.2,60.72,-14.34538,-70.0321,4130
Crucero,2005-11-05,7.81,16.2,2.18,67.45,0.19,3.62,60.6,-14.34538,-70.0321,4130
Crucero,2005-11-06,4.64,8.31,1.82,81.03,2.33,1.59,60.62,-14.34538,-70.0321,4130
Crucero,2005-11-07,3.91,11.06,-0.82,79.77,4.99,2.97,60.59,-14.34538,-70.0321,4130
Crucero,2005-11-08,4.34,10.91,0.55,78.0,5.77,2.29,60.61,-14.34538,-70.0321,4130
Crucero,2005-11-09,4.66,9.24,0.74,78.69,0.91,2.02,60.63,-14.34538,-70.0321,4130
Crucero,2005-11-10,6.19,14.07,-0.23,71.77,0.42,1.46,60.56,-14.34538,-70.0321,4130
Crucero,2005-11-11,4.65,9.3,1.0,75.72,3.92,1.66,60.58,-14.34538,-70.0321,4130
Crucero,2005-11-12,6.92,15.26,1.22,70.72,2.66,1.38,60.49,-14.34538,-70.0321,4130
Crucero,2005-11-13,5.75,13.81,0.69,71.97,0.49,1.16,60.54,-14.34538,-70.0321,4130
Crucero,2005-11-14,6.65,13.24,-0.17,66.76,0.04,1.58,60.54,-14.34538,-70.0321,4130
Crucero,2005-11-15,6.12,11.16,1.25,76.93,1.76,2.65,60.56,-14.34538,-70.0321,4130
Crucero,2005-11-16,7.22,13.64,1.35,65.23,0.14,1.35,60.55,-14.34538,-70.0321,4130
Crucero,2005-11-17,8.53,17.47,-0.06,53.27,0.0,1.69,60.43,-14.34538,-70.0321,4130
Crucero,2005-11-18,6.88,15.47,1.15,66.09,1.56,2.38,60.48,-14.34538,-70.0321,4130
Crucero,2005-11-19,5.11,9.97,1.16,75.18,1.42,2.55,60.59,-14.34538,-70.0321,4130
Crucero,2005-11-20,5.01,12.72,-0.35,78.71,3.35,1.64,60.58,-14.34538,-70.0321,4130
Crucero,2005-11-21,5.64,13.03,1.11,78.42,10.38,1.62,60.52,-14.34538,-70.0321,4130
Crucero,2005-11-22,4.99,12.36,0.98,80.57,4.79,1.49,60.43,-14.34538,-70.0321,4130
Crucero,2005-11-23,7.12,14.48,0.95,58.31,0.87,2.1,60.37,-14.34538,-70.0321,4130
Crucero,2005-11-24,6.68,14.8,-0.5,63.82,0.64,2.1,60.4,-14.34538,-70.0321,4130
Crucero,2005-11-25,5.27,10.85,1.08,80.86,1.02,2.02,60.45,-14.34538,-70.0321,4130
Crucero,2005-11-26,5.82,13.46,1.12,75.42,2.4,1.73,60.4,-14.34538,-70.0321,4130
Crucero,2005-11-27,7.54,15.7,0.27,61.83,0.31,1.72,60.34,-14.34538,-70.0321,4130
Crucero,2005-11-28,8.74,18.78,0.25,52.28,0.01,1.89,60.3,-14.34538,-70.0321,4130
Crucero,2005-11-29,7.79,17.54,-0.74,56.95,0.05,2.39,60.42,-14.34538,-70.0321,4130
Crucero,2005-11-30,7.39,14.54,3.26,71.81,1.13,2.05,60.5,-14.34538,-70.0321,4130
Crucero,2005-12-01,4.58,10.83,0.96,77.33,0.86,2.62,60.52,-14.34538,-70.0321,4130
Crucero,2005-12-02,6.23,13.93,0.32,74.32,3.35,2.5,60.5,-14.34538,-70.0321,4130
Crucero,2005-12-03,6.51,14.61,0.83,75.73,3.77,1.81,60.46,-14.34538,-70.0321,4130
Crucero,2005-12-04,6.76,13.39,2.18,76.34,2.23,1.69,60.47,-14.34538,-70.0321,4130
Crucero,2005-12-05,6.92,13.74,1.15,72.58,0.68,1.67,60.4,-14.34538,-70.0321,4130
Crucero,2005-12-06,7.48,15.69,0.68,67.58,0.03,1.78,60.31,-14.34538,-70.0321,4130
Crucero,2005-12-07,4.32,7.92,1.48,84.16,3.39,2.79,60.33,-14.34538,-70.0321,4130
Crucero,2005-12-08,7.58,16.57,-0.01,69.45,0.46,2.97,60.43,-14.34538,-70.0321,4130
Crucero,2005-12-09,7.64,13.99,3.6,77.72,0.42,2.8,60.49,-14.34538,-70.0321,4130
Crucero,2005-12-10,7.31,14.15,2.32,74.41,0.97,3.41,60.58,-14.34538,-70.0321,4130
Crucero,2005-12-11,6.7,13.95,1.42,75.09,2.65,2.85,60.58,-14.34538,-70.0321,4130
Crucero,2005-12-12,7.81,16.88,-0.18,70.12,0.38,3.32,60.54,-14.34538,-70.0321,4130
Crucero,2005-12-13,8.61,17.55,0.43,65.07,3.95,3.04,60.48,-14.34538,-70.0321,4130
Crucero,2005-12-14,6.77,14.38,1.93,74.93,9.98,2.75,60.47,-14.34538,-70.0321,4130
Crucero,2005-12-15,5.62,12.51,0.61,77.75,5.58,1.58,60.42,-14.34538,-70.0321,4130
Crucero,2005-12-16,7.52,13.16,3.0,76.82,3.72,1.53,60.43,-14.34538,-70.0321,4130
Crucero,2005-12-17,7.15,14.05,3.07,77.73,0.38,2.96,60.54,-14.34538,-70.0321,4130
Crucero,2005-12-18,7.54,15.43,2.09,75.13,5.75,2.23,60.59,-14.34538,-70.0321,4130
Crucero,2005-12-19,6.92,14.69,0.71,70.04,0.5,2.8,60.59,-14.34538,-70.0321,4130
Crucero,2005-12-20,6.1,15.62,-1.11,69.53,2.63,3.17,60.63,-14.34538,-70.0321,4130
Crucero,2005-12-21,6.25,13.64,0.14,71.35,0.58,2.49,60.67,-14.34538,-70.0321,4130
Crucero,2005-12-22,7.32,15.73,2.01,65.92,0.14,2.5,60.65,-14.34538,-70.0321,4130
Crucero,2005-12-23,6.64,15.1,-0.06,69.5,0.01,2.1,60.61,-14.34538,-70.0321,4130
Crucero,2005-12-24,6.66,14.2,0.58,76.39,4.15,3.0,60.63,-14.34538,-70.0321,4130
Crucero,2005-12-25,5.87,12.93,0.05,76.03,3.92,2.87,60.63,-14.34538,-70.0321,4130
Crucero,2005-12-26,6.59,13.64,0.67,75.58,0.34,3.66,60.58,-14.34538,-70.0321,4130
Crucero,2005-12-27,6.78,14.62,1.38,77.04,7.11,2.44,60.52,-14.34538,-70.0321,4130
Crucero,2005-12-28,6.31,14.42,1.5,79.55,5.62,2.25,60.38,-14.34538,-70.0321,4130
Crucero,2005-12-29,5.19,11.05,0.96,79.8,4.23,2.35,60.35,-14.34538,-70.0321,4130
Crucero,2005-12-30,5.47,12.91,0.88,79.38,1.94,1.84,60.34,-14.34538,-70.0321,4130
Crucero,2005-12-31,5.64,12.88,0.85,78.42,5.09,1.74,60.39,-14.34538,-70.0321,4130
Crucero,2006-01-01,4.31,10.44,0.76,79.52,8.76,2.55,60.4,-14.34538,-70.0321,4130
Crucero,2006-01-02,3.48,8.77,-0.21,83.3,10.23,2.39,60.45,-14.34538,-70.0321,4130
Crucero,2006-01-03,4.45,9.31,0.5,84.57,2.26,2.83,60.46,-14.34538,-70.0321,4130
Crucero,2006-01-04,5.87,13.16,-0.27,81.13,3.67,2.49,60.41,-14.34538,-70.0321,4130
Crucero,2006-01-05,4.22,9.74,1.24,87.31,0.75,2.49,60.39,-14.34538,-70.0321,4130
Crucero,2006-01-06,6.09,14.64,-1.67,70.74,0.03,2.92,60.49,-14.34538,-70.0321,4130
Crucero,2006-01-07,5.42,14.73,-3.04,65.93,0.0,2.41,60.55,-14.34538,-70.0321,4130
Crucero,2006-01-08,7.21,14.84,0.55,72.39,0.44,2.27,60.51,-14.34538,-70.0321,4130
Crucero,2006-01-09,7.28,13.45,1.88,73.07,1.8,1.51,60.51,-14.34538,-70.0321,4130
Crucero,2006-01-10,4.63,9.63,0.76,83.01,1.89,1.65,60.43,-14.34538,-70.0321,4130
Crucero,2006-01-11,5.15,10.59,-0.89,82.82,10.88,1.73,60.39,-14.34538,-70.0321,4130
Crucero,2006-01-12,4.31,7.42,1.62,89.26,9.69,2.11,60.4,-14.34538,-70.0321,4130
Crucero,2006-01-13,4.8,10.62,1.42,85.94,4.19,1.79,60.46,-14.34538,-70.0321,4130
Crucero,2006-01-14,5.13,11.63,0.9,85.82,14.16,1.72,60.51,-14.34538,-70.0321,4130
Crucero,2006-01-15,5.48,12.55,0.72,84.18,7.14,2.88,60.47,-14.34538,-70.0321,4130
Crucero,2006-01-16,5.03,11.59,1.3,84.49,11.57,1.9,60.55,-14.34538,-70.0321,4130
Crucero,2006-01-17,3.3,7.13,0.59,89.32,4.02,2.95,60.67,-14.34538,-70.0321,4130
Crucero,2006-01-18,3.02,8.25,-1.14,86.68,8.84,1.94,60.59,-14.34538,-70.0321,4130
Crucero,2006-01-19,6.3,13.97,-0.45,73.18,2.15,2.33,60.37,-14.34538,-70.0321,4130
Crucero,2006-01-20,4.79,10.91,-1.27,78.31,5.46,1.34,60.31,-14.34538,-70.0321,4130
Crucero,2006-01-21,3.45,8.13,-0.05,89.98,10.88,1.77,60.37,-14.34538,-70.0321,4130
Crucero,2006-01-22,4.77,10.19,0.69,85.15,3.81,1.78,60.5,-14.34538,-70.0321,4130
Crucero,2006-01-23,5.32,12.61,1.04,83.34,4.03,2.49,60.45,-14.34538,-70.0321,4130
Crucero,2006-01-24,5.45,11.9,1.06,84.13,6.23,2.02,60.48,-14.34538,-70.0321,4130
Crucero,2006-01-25,5.21,8.77,0.85,85.04,5.45,1.79,60.64,-14.34538,-70.0321,4130
Crucero,2006-01-26,4.89,9.39,1.64,85.8,2.34,1.94,60.7,-14.34538,-70.0321,4130
Crucero,2006-01-27,4.91,9.13,1.37,85.81,2.0,1.78,60.74,-14.34538,-70.0321,4130
Crucero,2006-01-28,6.46,12.41,1.1,84.53,2.27,2.67,60.71,-14.34538,-70.0321,4130
Crucero,2006-01-29,6.17,10.26,1.56,83.26,1.17,3.54,60.63,-14.34538,-70.0321,4130
Crucero,2006-01-30,5.36,12.18,-1.0,80.75,0.6,2.4,60.64,-14.34538,-70.0321,4130
Crucero,2006-01-31,6.3,13.56,0.48,80.3,0.42,2.68,60.64,-14.34538,-70.0321,4130
Crucero,2006-02-01,6.64,13.76,1.25,79.44,2.03,2.79,60.62,-14.34538,-70.0321,4130
Crucero,2006-02-02,5.2,10.83,0.0,73.23,0.07,2.51,60.62,-14.34538,-70.0321,4130
Crucero,2006-02-03,6.73,14.1,1.81,76.87,1.78,2.49,60.58,-14.34538,-70.0321,4130
Crucero,2006-02-04,6.29,12.8,1.67,79.32,0.18,1.55,60.57,-14.34538,-70.0321,4130
Crucero,2006-02-05,6.12,11.91,2.57,80.93,2.55,1.68,60.56,-14.34538,-70.0321,4130
Crucero,2006-02-06,6.25,13.57,1.01,77.12,2.32,1.72,60.59,-14.34538,-70.0321,4130
Crucero,2006-02-07,6.37,13.15,0.94,77.95,2.26,2.15,60.49,-14.34538,-70.0321,4130
Crucero,2006-02-08,5.74,11.22,1.84,84.75,3.02,1.33,60.42,-14.34538,-70.0321,4130
Crucero,2006-02-09,5.63,10.47,1.47,86.79,3.42,1.76,60.57,-14.34538,-70.0321,4130
Crucero,2006-02-10,5.65,9.64,2.6,85.96,0.94,2.65,60.72,-14.34538,-70.0321,4130
Crucero,2006-02-11,6.18,12.73,1.26,82.31,1.73,3.16,60.72,-14.34538,-70.0321,4130
Crucero,2006-02-12,5.66,10.31,1.6,82.53,2.32,1.45,60.6,-14.34538,-70.0321,4130
Crucero,2006-02-13,6.43,13.81,1.32,80.03,2.67,1.93,60.54,-14.34538,-70.0321,4130
Crucero,2006-02-14,5.47,13.44,-1.18,77.88,0.74,1.99,60.58,-14.34538,-70.0321,4130
Crucero,2006-02-15,7.04,15.84,0.07,63.93,1.52,1.94,60.55,-14.34538,-70.0321,4130
Crucero,2006-02-16,6.69,16.0,-3.38,65.36,0.04,1.71,60.57,-14.34538,-70.0321,4130
Crucero,2006-02-17,7.65,15.21,2.43,76.19,1.93,1.75,60.59,-14.34538,-70.0321,4130
Crucero,2006-02-18,6.51,13.18,2.07,81.14,3.89,2.53,60.61,-14.34538,-70.0321,4130
Crucero,2006-02-19,5.85,12.91,1.47,77.55,0.66,2.57,60.67,-14.34538,-70.0321,4130
Crucero,2006-02-20,4.39,11.44,-0.25,80.45,1.21,2.46,60.65,-14.34538,-70.0321,4130
Crucero,2006-02-21,5.53,11.92,0.12,79.59,0.35,2.69,60.56,-14.34538,-70.0321,4130
Crucero,2006-02-22,6.52,14.36,-0.2,77.14,1.29,2.19,60.54,-14.34538,-70.0321,4130
Crucero,2006-02-23,7.03,15.71,0.77,76.92,0.09,1.76,60.54,-14.34538,-70.0321,4130
Crucero,2006-02-24,7.53,14.86,2.2,79.78,2.59,2.61,60.54,-14.34538,-70.0321,4130
Crucero,2006-02-25,6.58,13.65,2.58,81.13,1.36,2.46,60.55,-14.34538,-70.0321,4130
Crucero,2006-02-26,5.86,13.62,1.74,82.2,0.96,1.57,60.49,-14.34538,-70.0321,4130
Crucero,2006-02-27,5.69,12.17,0.87,79.91,0.7,1.72,60.51,-14.34538,-70.0321,4130
Crucero,2006-02-28,4.89,8.39,1.72,87.43,0.05,1.89,60.56,-14.34538,-70.0321,4130
Crucero,2006-03-01,6.99,12.58,2.8,84.02,10.15,1.78,60.6,-14.34538,-70.0321,4130
Crucero,2006-03-02,6.21,10.65,2.48,85.96,6.35,1.67,60.63,-14.34538,-70.0321,4130
Crucero,2006-03-03,5.35,12.32,1.33,84.42,1.06,2.06,60.61,-14.34538,-70.0321,4130
Crucero,2006-03-04,5.83,11.35,0.71,83.34,0.34,2.63,60.67,-14.34538,-70.0321,4130
Crucero,2006-03-05,6.52,13.73,0.61,79.11,0.19,3.07,60.76,-14.34538,-70.0321,4130
Crucero,2006-03-06,7.15,14.24,2.14,79.61,0.41,2.63,60.75,-14.34538,-70.0321,4130
Crucero,2006-03-07,7.49,12.59,4.16,81.61,0.29,1.84,60.67,-14.34538,-70.0321,4130
Crucero,2006-03-08,8.14,17.17,0.46,71.23,0.06,2.09,60.65,-14.34538,-70.0321,4130
Crucero,2006-03-09,7.17,15.74,0.99,70.65,0.15,2.59,60.63,-14.34538,-70.0321,4130
Crucero,2006-03-10,6.19,15.2,-0.91,69.7,0.81,2.76,60.72,-14.34538,-70.0321,4130
Crucero,2006-03-11,5.75,13.69,-0.51,70.12,0.48,2.03,60.68,-14.34538,-70.0321,4130
Crucero,2006-03-12,7.43,16.24,-0.57,66.04,0.48,2.18,60.51,-14.34538,-70.0321,4130
Crucero,2006-03-13,5.2,10.91,1.2,78.62,0.85,1.84,60.47,-14.34538,-70.0321,4130
Crucero,2006-03-14,5.67,12.13,-0.08,77.61,0.29,2.3,60.5,-14.34538,-70.0321,4130
Crucero,2006-03-15,5.98,12.65,-0.09,77.08,0.2,2.68,60.57,-14.34538,-70.0321,4130
Crucero,2006-03-16,5.35,11.24,1.99,83.71,1.42,1.29,60.56,-14.34538,-70.0321,4130
Crucero,2006-03-17,5.6,13.3,0.39,81.69,3.1,1.75,60.52,-14.34538,-70.0321,4130
Crucero,2006-03-18,5.35,12.67,0.14,77.41,2.63,3.14,60.52,-14.34538,-70.0321,4130
Crucero,2006-03-19,5.64,13.98,-1.05,78.39,0.21,1.84,60.46,-14.34538,-70.0321,4130
Crucero,2006-03-20,5.88,12.07,1.53,81.57,1.2,2.07,60.47,-14.34538,-70.0321,4130
Crucero,2006-03-21,5.33,10.94,-0.19,81.41,2.61,1.94,60.56,-14.34538,-70.0321,4130
Crucero,2006-03-22,6.33,13.75,0.82,81.34,2.23,2.12,60.58,-14.34538,-70.0321,4130
Crucero,2006-03-23,6.17,13.26,1.14,82.21,3.2,2.74,60.62,-14.34538,-70.0321,4130
Crucero,2006-03-24,5.65,12.12,1.5,83.57,1.7,1.55,60.6,-14.34538,-70.0321,4130
Crucero,2006-03-25,5.62,11.81,1.5,81.58,1.43,2.38,60.65,-14.34538,-70.0321,4130
Crucero,2006-03-26,4.91,9.97,0.61,83.95,2.45,2.46,60.71,-14.34538,-70.0321,4130
Crucero,2006-03-27,5.94,13.27,-0.2,79.43,0.59,2.33,60.7,-14.34538,-70.0321,4130
Crucero,2006-03-28,6.72,14.3,1.25,80.04,0.13,2.07,60.67,-14.34538,-70.0321,4130
Crucero,2006-03-29,5.7,10.88,1.18,82.85,2.18,1.6,60.62,-14.34538,-70.0321,4130
Crucero,2006-03-30,5.37,10.74,2.51,87.94,2.8,2.13,60.6,-14.34538,-70.0321,4130
Crucero,2006-03-31,5.13,10.91,1.45,84.67,2.35,2.26,60.68,-14.34538,-70.0321,4130
Crucero,2006-04-01,5.61,12.65,0.28,80.4,1.48,2.85,60.71,-14.34538,-70.0321,4130
Crucero,2006-04-02,5.76,13.64,0.6,79.47,0.44,2.36,60.6,-14.34538,-70.0321,4130
Crucero,2006-04-03,5.01,12.77,1.19,82.52,5.72,1.92,60.57,-14.34538,-70.0321,4130
Crucero,2006-04-04,5.75,13.7,0.16,82.42,6.22,1.8,60.5,-14.34538,-70.0321,4130
Crucero,2006-04-05,5.59,13.95,0.41,81.75,2.48,1.62,60.49,-14.34538,-70.0321,4130
Crucero,2006-04-06,5.65,11.48,1.72,81.89,0.92,1.51,60.54,-14.34538,-70.0321,4130
Crucero,2006-04-07,4.55,6.56,2.86,89.72,1.43,0.92,60.58,-14.34538,-70.0321,4130
Crucero,2006-04-08,6.31,12.42,1.83,79.99,0.65,1.37,60.6,-14.34538,-70.0321,4130
Crucero,2006-04-09,6.88,13.78,0.94,78.01,3.24,1.65,60.54,-14.34538,-70.0321,4130
Crucero,2006-04-10,4.96,11.28,1.75,82.29,1.94,1.98,60.48,-14.34538,-70.0321,4130
Crucero,2006-04-11,4.75,13.23,-0.87,76.11,0.66,1.67,60.49,-14.34538,-70.0321,4130
Crucero,2006-04-12,3.66,10.66,-1.88,68.06,0.1,1.63,60.55,-14.34538,-70.0321,4130
Crucero,2006-04-13,4.74,11.61,-0.07,75.7,0.05,1.63,60.47,-14.34538,-70.0321,4130
Crucero,2006-04-14,5.22,12.53,0.86,77.1,0.1,1.19,60.43,-14.34538,-70.0321,4130
Crucero,2006-04-15,4.07,9.26,0.99,84.26,0.65,1.47,60.57,-14.34538,-70.0321,4130
Crucero,2006-04-16,4.33,10.4,0.09,83.09,0.47,2.37,60.79,-14.34538,-70.0321,4130
Crucero,2006-04-17,5.22,13.73,-1.12,78.02,0.81,1.94,60.77,-14.34538,-70.0321,4130
Crucero,2006-04-18,5.78,14.91,-1.69,76.57,0.46,1.43,60.63,-14.34538,-70.0321,4130
Crucero,2006-04-19,6.5,15.04,-0.65,72.4,0.01,1.38,60.58,-14.34538,-70.0321,4130
Crucero,2006-04-20,6.3,15.88,-2.01,70.94,0.0,1.53,60.61,-14.34538,-70.0321,4130
Crucero,2006-04-21,6.09,14.65,-1.8,71.69,0.19,2.0,60.7,-14.34538,-70.0321,4130
Crucero,2006-04-22,6.01,14.26,-1.2,66.87,0.15,1.54,60.71,-14.34538,-70.0321,4130
Crucero,2006-04-23,5.09,12.8,-0.65,72.44,0.01,2.37,60.73,-14.34538,-70.0321,4130
Crucero,2006-04-24,4.89,14.12,-2.71,64.91,0.0,1.66,60.7,-14.34538,-70.0321,4130
Crucero,2006-04-25,5.31,11.73,-0.96,67.04,0.01,1.8,60.72,-14.34538,-70.0321,4130
Crucero,2006-04-26,5.51,13.68,-0.81,70.06,0.12,2.43,60.76,-14.34538,-70.0321,4130
Crucero,2006-04-27,4.72,13.75,-2.41,67.04,0.02,2.06,60.78,-14.34538,-70.0321,4130
Crucero,2006-04-28,5.16,14.64,-3.07,65.74,0.01,1.37,60.69,-14.34538,-70.0321,4130
Crucero,2006-04-29,5.7,12.39,1.75,78.79,1.99,1.06,60.64,-14.34538,-70.0321,4130
Crucero,2006-04-30,3.97,11.91,-2.78,70.81,0.63,2.22,60.67,-14.34538,-70.0321,4130
Crucero,2006-05-01,3.28,12.77,-5.45,64.19,0.01,2.35,60.67,-14.34538,-70.0321,4130
Crucero,2006-05-02,4.46,12.84,-2.27,75.87,0.0,1.78,60.71,-14.34538,-70.0321,4130
Crucero,2006-05-03,5.2,13.74,-1.57,70.79,0.0,1.38,60.73,-14.34538,-70.0321,4130
Crucero,2006-05-04,4.62,13.42,-0.89,75.28,0.23,1.42,60.65,-14.34538,-70.0321,4130
Crucero,2006-05-05,5.17,13.97,-1.61,71.16,0.07,1.59,60.66,-14.34538,-70.0321,4130
Crucero,2006-05-06,5.49,13.43,-1.87,69.58,0.01,1.25,60.71,-14.34538,-70.0321,4130
Crucero,2006-05-07,5.06,14.44,-1.32,63.69,0.26,1.04,60.69,-14.34538,-70.0321,4130
Crucero,2006-05-08,3.99,13.7,-3.66,63.61,0.07,1.33,60.67,-14.34538,-70.0321,4130
Crucero,2006-05-09,4.69,15.14,-3.83,67.57,0.0,1.71,60.57,-14.34538,-70.0321,4130
Crucero,2006-05-10,4.39,14.26,-3.28,68.86,0.0,1.45,60.6,-14.34538,-70.0321,4130
Crucero,2006-05-11,3.42,13.54,-4.6,69.96,0.0,1.33,60.65,-14.34538,-70.0321,4130
Crucero,2006-05-12,3.53,14.08,-4.73,64.86,0.0,1.5,60.63,-14.34538,-70.0321,4130
Crucero,2006-05-13,3.66,14.11,-4.3,69.61,0.0,1.6,60.66,-14.34538,-70.0321,4130
Crucero,2006-05-14,4.17,15.02,-3.78,65.86,0.0,1.41,60.72,-14.34538,-70.0321,4130
Crucero,2006-05-15,4.58,15.4,-3.28,61.08,0.0,1.28,60.72,-14.34538,-70.0321,4130
Crucero,2006-05-16,4.66,15.61,-3.4,55.03,0.0,1.5,60.71,-14.34538,-70.0321,4130
Crucero,2006-05-17,4.82,14.88,-2.48,51.95,0.0,1.24,60.74,-14.34538,-70.0321,4130
Crucero,2006-05-18,4.64,14.86,-3.1,66.88,0.0,1.43,60.76,-14.34538,-70.0321,4130
Crucero,2006-05-19,4.39,14.96,-3.85,61.88,0.02,1.72,60.69,-14.34538,-70.0321,4130
Crucero,2006-05-20,3.97,14.46,-5.0,42.98,0.0,1.3,60.58,-14.34538,-70.0321,4130
Crucero,2006-05-21,4.24,12.66,-3.18,42.35,0.17,1.07,60.51,-14.34538,-70.0321,4130
Crucero,2006-05-22,3.98,12.7,-2.51,56.82,0.39,1.48,60.61,-14.34538,-70.0321,4130
Crucero,2006-05-23,3.07,13.64,-4.76,48.17,0.0,1.3,60.72,-14.34538,-70.0321,4130
Crucero,2006-05-24,3.25,13.99,-4.83,60.53,0.0,1.58,60.72,-14.34538,-70.0321,4130
Crucero,2006-05-25,3.42,13.88,-4.11,50.61,0.0,1.71,60.72,-14.34538,-70.0321,4130
Crucero,2006-05-26,3.35,13.0,-2.38,43.66,0.0,1.88,60.73,-14.34538,-70.0321,4130
Crucero,2006-05-27,2.05,12.26,-4.01,46.26,0.0,1.83,60.74,-14.34538,-70.0321,4130
Crucero,2006-05-28,1.61,11.23,-4.42,34.68,0.0,1.55,60.74,-14.34538,-70.0321,4130
Crucero,2006-05-29,2.44,13.11,-4.86,53.83,0.0,1.06,60.65,-14.34538,-70.0321,4130
Crucero,2006-05-30,3.52,13.78,-4.65,64.53,0.0,1.74,60.64,-14.34538,-70.0321,4130
Crucero,2006-05-31,2.07,9.95,-2.86,83.17,0.04,0.92,60.73,-14.34538,-70.0321,4130
Crucero,2006-06-01,4.22,11.78,-1.49,79.88,0.38,1.89,60.74,-14.34538,-70.0321,4130
Crucero,2006-06-02,4.95,12.58,0.06,77.28,0.08,1.61,60.72,-14.34538,-70.0321,4130
Crucero,2006-06-03,5.2,12.76,-0.7,75.05,0.17,1.96,60.65,-14.34538,-70.0321,4130
Crucero,2006-06-04,4.64,12.62,-1.8,72.64,0.17,1.34,60.64,-14.34538,-70.0321,4130
Crucero,2006-06-05,2.91,6.85,0.31,82.36,0.11,0.82,60.66,-14.34538,-70.0321,4130
Crucero,2006-06-06,4.87,14.03,-3.62,65.81,0.08,1.39,60.63,-14.34538,-70.0321,4130
Crucero,2006-06-07,5.8,13.66,0.52,75.33,0.09,1.38,60.64,-14.34538,-70.0321,4130
Crucero,2006-06-08,4.99,12.41,0.3,76.76,0.06,1.73,60.65,-14.34538,-70.0321,4130
Crucero,2006-06-09,5.31,13.14,-0.9,68.57,0.09,1.71,60.64,-14.34538,-70.0321,4130
Crucero,2006-06-10,5.92,14.05,-0.5,64.48,0.28,1.58,60.62,-14.34538,-70.0321,4130
Crucero,2006-06-11,2.89,5.53,0.53,91.73,1.15,1.83,60.64,-14.34538,-70.0321,4130
Crucero,2006-06-12,5.04,13.07,-0.64,71.23,0.05,1.11,60.66,-14.34538,-70.0321,4130
Crucero,2006-06-13,4.07,13.76,-3.53,69.35,0.01,1.51,60.72,-14.34538,-70.0321,4130
Crucero,2006-06-14,4.12,13.51,-3.73,69.56,0.72,1.41,60.75,-14.34538,-70.0321,4130
Crucero,2006-06-15,4.19,13.44,-3.14,70.85,0.3,1.48,60.72,-14.34538,-70.0321,4130
Crucero,2006-06-16,4.3,12.96,-1.66,70.72,0.0,1.4,60.7,-14.34538,-70.0321,4130
Crucero,2006-06-17,3.4,12.75,-4.32,68.8,0.0,1.38,60.7,-14.34538,-70.0321,4130
Crucero,2006-06-18,3.21,12.63,-4.71,69.72,0.0,1.44,60.68,-14.34538,-70.0321,4130
Crucero,2006-06-19,4.43,13.49,-1.5,69.43,0.0,1.43,60.63,-14.34538,-70.0321,4130
Crucero,2006-06-20,4.33,13.55,-3.0,70.11,0.0,1.28,60.64,-14.34538,-70.0321,4130
Crucero,2006-06-21,3.82,12.18,-3.19,73.87,0.0,0.96,60.74,-14.34538,-70.0321,4130
Crucero,2006-06-22,3.38,8.33,0.27,80.96,0.16,0.81,60.78,-14.34538,-70.0321,4130
Crucero,2006-06-23,2.98,9.21,-1.96,79.42,1.09,1.17,60.74,-14.34538,-70.0321,4130
Crucero,2006-06-24,3.56,11.35,-2.83,71.22,0.72,1.68,60.66,-14.34538,-70.0321,4130
Crucero,2006-06-25,3.16,12.35,-4.49,60.47,0.02,1.34,60.64,-14.34538,-70.0321,4130
Crucero,2006-06-26,3.79,10.96,-0.36,76.68,0.0,1.74,60.7,-14.34538,-70.0321,4130
Crucero,2006-06-27,3.44,10.36,-2.13,73.69,0.89,1.18,60.78,-14.34538,-70.0321,4130
Crucero,2006-06-28,4.1,12.82,-4.06,66.76,1.01,1.52,60.8,-14.34538,-70.0321,4130
Crucero,2006-06-29,3.9,12.32,-1.38,63.89,0.19,1.51,60.75,-14.34538,-70.0321,4130
Crucero,2006-06-30,4.27,13.95,-2.4,67.21,0.0,1.17,60.73,-14.34538,-70.0321,4130
Crucero,2006-07-01,3.47,13.47,-4.79,64.85,0.0,1.25,60.82,-14.34538,-70.0321,4130
Crucero,2006-07-02,3.44,12.92,-3.18,69.21,0.0,1.63,60.92,-14.34538,-70.0321,4130
Crucero,2006-07-03,2.03,12.75,-5.23,69.8,0.0,2.12,60.93,-14.34538,-70.0321,4130
Crucero,2006-07-04,1.14,12.47,-5.46,44.85,0.0,2.06,60.87,-14.34538,-70.0321,4130
Crucero,2006-07-05,1.61,11.49,-4.32,37.18,0.0,1.54,60.83,-14.34538,-70.0321,4130
Crucero,2006-07-06,1.71,11.69,-4.29,48.88,0.0,1.62,60.78,-14.34538,-70.0321,4130
Crucero,2006-07-07,2.31,12.96,-5.38,53.48,0.0,1.43,60.71,-14.34538,-70.0321,4130
Crucero,2006-07-08,2.31,12.86,-5.05,62.34,0.0,1.81,60.69,-14.34538,-70.0321,4130
Crucero,2006-07-09,3.31,13.15,-4.95,66.2,0.0,1.74,60.67,-14.34538,-70.0321,4130
Crucero,2006-07-10,4.12,13.33,-2.93,64.12,0.0,1.87,60.66,-14.34538,-70.0321,4130
Crucero,2006-07-11,2.95,12.41,-4.57,65.3,0.0,1.22,60.7,-14.34538,-70.0321,4130
Crucero,2006-07-12,3.07,13.04,-4.57,60.92,0.0,1.51,60.7,-14.34538,-70.0321,4130
Crucero,2006-07-13,3.24,11.19,-1.86,75.69,0.0,1.98,60.73,-14.34538,-70.0321,4130
Crucero,2006-07-14,3.23,10.75,-3.46,67.97,0.03,1.96,60.78,-14.34538,-70.0321,4130
Crucero,2006-07-15,2.52,8.59,-1.92,80.14,0.09,1.46,60.82,-14.34538,-70.0321,4130
Crucero,2006-07-16,3.02,12.62,-4.09,68.22,0.0,1.65,60.7,-14.34538,-70.0321,4130
Crucero,2006-07-17,2.23,11.96,-4.48,67.17,0.0,1.72,60.7,-14.34538,-70.0321,4130
Crucero,2006-07-18,1.53,12.59,-6.44,65.46,0.0,1.9,60.75,-14.34538,-70.0321,4130
Crucero,2006-07-19,1.23,11.27,-4.98,52.55,0.0,2.34,60.82,-14.34538,-70.0321,4130
Crucero,2006-07-20,1.25,11.53,-4.91,38.39,0.0,2.29,60.79,-14.34538,-70.0321,4130
Crucero,2006-07-21,1.82,12.39,-4.79,45.5,0.0,1.71,60.63,-14.34538,-70.0321,4130
Crucero,2006-07-22,2.29,13.45,-5.31,49.78,0.0,1.76,60.57,-14.34538,-70.0321,4130
Crucero,2006-07-23,2.8,13.84,-4.75,51.33,0.01,1.8,60.6,-14.34538,-70.0321,4130
Crucero,2006-07-24,3.43,14.49,-5.09,62.98,0.01,2.07,60.57,-14.34538,-70.0321,4130
Crucero,2006-07-25,4.5,14.31,-3.44,69.25,0.01,1.7,60.55,-14.34538,-70.0321,4130
Crucero,2006-07-26,4.75,13.25,0.25,77.48,0.15,1.93,60.53,-14.34538,-70.0321,4130
Crucero,2006-07-27,4.53,11.91,0.02,74.65,0.01,1.81,60.62,-14.34538,-70.0321,4130
Crucero,2006-07-28,3.34,8.41,-0.33,78.45,0.0,1.14,60.72,-14.34538,-70.0321,4130
Crucero,2006-07-29,3.54,9.37,-1.13,75.2,0.16,1.06,60.72,-14.34538,-70.0321,4130
Crucero,2006-07-30,3.99,10.38,-1.54,75.09,0.28,1.36,60.63,-14.34538,-70.0321,4130
Crucero,2006-07-31,5.46,15.38,-1.48,64.2,0.0,1.55,60.71,-14.34538,-70.0321,4130
Crucero,2006-08-01,4.38,13.17,-2.07,66.92,0.0,1.33,60.86,-14.34538,-70.0321,4130
Crucero,2006-08-02,3.64,12.19,-3.19,71.81,0.0,1.34,60.86,-14.34538,-70.0321,4130
Crucero,2006-08-03,4.26,13.71,-3.72,68.63,0.0,2.06,60.8,-14.34538,-70.0321,4130
Crucero,2006-08-04,4.89,13.45,-2.06,71.46,0.0,1.66,60.74,-14.34538,-70.0321,4130
Crucero,2006-08-05,4.76,12.32,-0.79,72.39,0.0,1.65,60.67,-14.34538,-70.0321,4130
Crucero,2006-08-06,4.0,11.82,-1.63,73.2,0.0,1.39,60.65,-14.34538,-70.0321,4130
Crucero,2006-08-07,5.44,14.55,-3.16,57.87,0.0,2.0,60.6,-14.34538,-70.0321,4130
Crucero,2006-08-08,4.94,12.34,-0.69,58.92,0.0,1.76,60.62,-14.34538,-70.0321,4130
Crucero,2006-08-09,5.29,13.99,-1.42,54.49,0.02,1.91,60.65,-14.34538,-70.0321,4130
Crucero,2006-08-10,3.98,10.95,-1.65,57.67,1.09,3.1,60.71,-14.34538,-70.0321,4130
Crucero,2006-08-11,3.28,12.26,-3.12,56.69,0.24,1.88,60.7,-14.34538,-70.0321,4130
Crucero,2006-08-12,4.28,12.99,-3.83,70.32,0.0,2.18,60.68,-14.34538,-70.0321,4130
Crucero,2006-08-13,5.6,13.32,0.63,70.59,0.0,2.59,60.68,-14.34538,-70.0321,4130
Crucero,2006-08-14,6.04,15.35,-0.54,69.02,0.0,2.51,60.65,-14.34538,-70.0321,4130
Crucero,2006-08-15,6.37,15.2,0.39,71.21,0.06,2.86,60.63,-14.34538,-70.0321,4130
Crucero,2006-08-16,4.2,11.73,-0.06,72.82,0.88,2.81,60.67,-14.34538,-70.0321,4130
Crucero,2006-08-17,2.19,7.01,-0.86,78.26,0.62,1.59,60.68,-14.34538,-70.0321,4130
Crucero,2006-08-18,2.58,8.93,-2.24,79.36,0.21,1.62,60.63,-14.34538,-70.0321,4130
Crucero,2006-08-19,4.04,11.15,-0.86,75.4,0.04,2.15,60.62,-14.34538,-70.0321,4130
Crucero,2006-08-20,4.05,11.26,-1.2,77.14,3.89,1.87,60.72,-14.34538,-70.0321,4130
Crucero,2006-08-21,4.72,13.1,-1.56,72.4,0.43,1.17,60.78,-14.34538,-70.0321,4130
Crucero,2006-08-22,5.22,14.92,-2.43,62.71,0.0,2.05,60.73,-14.34538,-70.0321,4130
Crucero,2006-08-23,3.97,11.49,-1.44,75.2,0.0,2.06,60.7,-14.34538,-70.0321,4130
Crucero,2006-08-24,3.42,10.86,-3.03,75.87,0.02,2.47,60.63,-14.34538,-70.0321,4130
Crucero,2006-08-25,5.83,15.29,-2.23,59.82,0.0,2.29,60.58,-14.34538,-70.0321,4130
Crucero,2006-08-26,6.53,15.56,-1.6,58.85,0.0,1.78,60.59,-14.34538,-70.0321,4130
Crucero,2006-08-27,5.54,12.72,1.06,75.78,0.0,1.37,60.61,-14.34538,-70.0321,4130
Crucero,2006-08-28,3.38,6.94,0.68,85.98,0.58,3.1,60.63,-14.34538,-70.0321,4130
Crucero,2006-08-29,1.79,5.72,-1.41,84.23,0.4,1.26,60.65,-14.34538,-70.0321,4130
Crucero,2006-08-30,3.61,13.69,-3.02,76.58,0.01,2.15,60.67,-14.34538,-70.0321,4130
Crucero,2006-08-31,5.37,15.82,-3.32,60.7,0.0,1.81,60.65,-14.34538,-70.0321,4130
Crucero,2006-09-01,5.93,16.7,-2.43,60.17,0.06,1.81,60.62,-14.34538,-70.0321,4130
Crucero,2006-09-02,5.95,15.75,-3.88,53.8,0.1,2.26,60.57,-14.34538,-70.0321,4130
Crucero,2006-09-03,6.8,16.93,-0.57,62.58,0.09,2.01,60.55,-14.34538,-70.0321,4130
Crucero,2006-09-04,3.85,9.45,-1.63,73.25,0.0,1.52,60.7,-14.34538,-70.0321,4130
Crucero,2006-09-05,4.83,16.54,-3.66,60.96,0.0,2.32,60.71,-14.34538,-70.0321,4130
Crucero,2006-09-06,5.29,16.48,-3.62,56.0,0.0,2.16,60.68,-14.34538,-70.0321,4130
Crucero,2006-09-07,5.32,13.79,-1.41,64.6,0.0,1.93,60.64,-14.34538,-70.0321,4130
Crucero,2006-09-08,4.42,13.49,-3.83,59.45,0.0,2.77,60.6,-14.34538,-70.0321,4130
Crucero,2006-09-09,3.77,14.6,-5.92,57.56,0.01,2.06,60.58,-14.34538,-70.0321,4130
Crucero,2006-09-10,5.12,15.78,-4.5,61.37,0.0,1.91,60.63,-14.34538,-70.0321,4130
Crucero,2006-09-11,5.65,15.27,-4.44,59.61,0.0,2.38,60.63,-14.34538,-70.0321,4130
Crucero,2006-09-12,6.52,15.99,-0.58,62.01,0.0,2.37,60.62,-14.34538,-70.0321,4130
Crucero,2006-09-13,4.88,12.66,0.29,72.82,0.0,2.2,60.61,-14.34538,-70.0321,4130
Crucero,2006-09-14,5.95,16.3,-0.92,66.56,0.01,2.36,60.6,-14.34538,-70.0321,4130
Crucero,2006-09-15,5.38,15.6,-2.94,69.51,0.01,2.31,60.66,-14.34538,-70.0321,4130
Crucero,2006-09-16,5.67,14.78,-0.02,63.64,0.0,3.05,60.65,-14.34538,-70.0321,4130
Crucero,2006-09-17,2.89,6.32,-0.4,72.97,0.0,2.21,60.71,-14.34538,-70.0321,4130
Crucero,2006-09-18,5.61,13.58,0.33,72.45,0.0,3.73,60.84,-14.34538,-70.0321,4130
Crucero,2006-09-19,5.45,14.72,1.4,75.16,0.0,1.52,60.8,-14.34538,-70.0321,4130
Crucero,2006-09-20,6.3,15.11,1.01,68.48,0.99,1.8,60.72,-14.34538,-70.0321,4130
Crucero,2006-09-21,7.78,17.88,0.19,50.45,0.1,1.74,60.57,-14.34538,-70.0321,4130
Crucero,2006-09-22,5.03,15.3,-1.33,46.07,0.0,2.62,60.58,-14.34538,-70.0321,4130
Crucero,2006-09-23,5.82,14.46,-0.96,40.04,0.53,1.15,60.58,-14.34538,-70.0321,4130
Crucero,2006-09-24,3.06,10.75,-2.34,71.91,1.61,1.57,60.66,-14.34538,-70.0321,4130
Crucero,2006-09-25,4.38,12.8,-1.7,73.13,0.12,2.46,60.75,-14.34538,-70.0321,4130
Crucero,2006-09-26,5.04,14.08,-1.93,73.77,0.42,3.07,60.76,-14.34538,-70.0321,4130
Crucero,2006-09-27,5.76,14.57,-0.02,73.38,0.04,2.6,60.74,-14.34538,-70.0321,4130
Crucero,2006-09-28,4.04,11.14,1.28,77.49,3.51,2.17,60.7,-14.34538,-70.0321,4130
Crucero,2006-09-29,4.48,12.57,0.16,70.2,0.99,1.48,60.65,-14.34538,-70.0321,4130
Crucero,2006-09-30,6.04,14.67,-1.92,62.07,0.02,1.46,60.64,-14.34538,-70.0321,4130
Crucero,2006-10-01,6.22,14.89,0.72,57.79,0.16,2.21,60.63,-14.34538,-70.0321,4130
Crucero,2006-10-02,5.95,14.69,0.76,67.4,3.61,2.79,60.61,-14.34538,-70.0321,4130
Crucero,2006-10-03,5.04,11.49,0.71,74.34,3.11,1.45,60.51,-14.34538,-70.0321,4130
Crucero,2006-10-04,6.55,15.57,-2.34,57.12,0.74,1.84,60.43,-14.34538,-70.0321,4130
Crucero,2006-10-05,4.58,11.71,-1.82,57.83,1.09,1.84,60.55,-14.34538,-70.0321,4130
Crucero,2006-10-06,5.61,11.69,0.31,65.92,0.24,0.88,60.67,-14.34538,-70.0321,4130
Crucero,2006-10-07,4.18,10.25,-1.48,77.61,1.23,2.23,60.71,-14.34538,-70.0321,4130
Crucero,2006-10-08,6.13,12.57,1.27,70.85,0.57,1.74,60.69,-14.34538,-70.0321,4130
Crucero,2006-10-09,5.63,12.49,0.41,75.24,0.23,2.3,60.69,-14.34538,-70.0321,4130
Crucero,2006-10-10,4.95,10.45,1.63,80.79,0.84,1.45,60.68,-14.34538,-70.0321,4130
Crucero,2006-10-11,5.94,14.46,0.99,74.68,2.56,1.84,60.63,-14.34538,-70.0321,4130
Crucero,2006-10-12,6.49,15.5,0.16,67.89,1.54,2.04,60.56,-14.34538,-70.0321,4130
Crucero,2006-10-13,7.49,17.61,-1.23,50.48,0.24,2.05,60.51,-14.34538,-70.0321,4130
Crucero,2006-10-14,7.36,18.08,-3.32,43.28,0.0,1.56,60.45,-14.34538,-70.0321,4130
Crucero,2006-10-15,7.06,16.55,-3.2,53.98,0.54,2.35,60.48,-14.34538,-70.0321,4130
Crucero,2006-10-16,4.51,11.45,1.48,82.18,2.2,2.62,60.53,-14.34538,-70.0321,4130
Crucero,2006-10-17,6.56,14.74,0.49,69.21,0.15,2.21,60.52,-14.34538,-70.0321,4130
Crucero,2006-10-18,6.93,14.49,0.84,64.58,0.19,2.53,60.5,-14.34538,-70.0321,4130
Crucero,2006-10-19,5.29,11.04,0.6,73.88,0.52,2.24,60.53,-14.34538,-70.0321,4130
Crucero,2006-10-20,5.89,12.86,1.65,76.33,1.67,3.46,60.6,-14.34538,-70.0321,4130
Crucero,2006-10-21,5.82,12.65,0.55,76.32,0.81,4.02,60.68,-14.34538,-70.0321,4130
Crucero,2006-10-22,6.42,12.93,0.71,73.94,0.42,2.46,60.69,-14.34538,-70.0321,4130
Crucero,2006-10-23,6.45,15.8,0.95,72.3,1.3,2.51,60.64,-14.34538,-70.0321,4130
Crucero,2006-10-24,6.41,10.93,1.72,75.43,0.1,1.79,60.65,-14.34538,-70.0321,4130
Crucero,2006-10-25,8.18,15.81,3.83,72.02,0.59,2.86,60.71,-14.34538,-70.0321,4130
Crucero,2006-10-26,7.04,14.04,2.11,70.68,1.65,2.94,60.72,-14.34538,-70.0321,4130
Crucero,2006-10-27,5.66,9.94,1.95,76.5,0.6,2.0,60.6,-14.34538,-70.0321,4130
Crucero,2006-10-28,7.22,15.31,2.34,74.82,7.27,1.85,60.56,-14.34538,-70.0321,4130
Crucero,2006-10-29,5.72,12.68,1.35,77.14,1.08,1.23,60.56,-14.34538,-70.0321,4130
Crucero,2006-10-30,7.09,15.34,1.18,75.13,0.17,1.33,60.47,-14.34538,-70.0321,4130
Crucero,2006-10-31,6.41,14.43,2.18,75.11,0.36,1.93,60.49,-14.34538,-70.0321,4130
Crucero,2006-11-01,7.28,16.04,1.7,75.21,0.38,2.33,60.42,-14.34538,-70.0321,4130
Crucero,2006-11-02,7.53,13.77,2.06,71.89,2.61,1.44,60.47,-14.34538,-70.0321,4130
Crucero,2006-11-03,5.99,12.42,2.01,77.15,1.39,1.46,60.5,-14.34538,-70.0321,4130
Crucero,2006-11-04,6.39,14.7,1.78,77.49,1.3,2.08,60.43,-14.34538,-70.0321,4130
Crucero,2006-11-05,6.28,14.5,0.78,73.55,2.7,1.91,60.43,-14.34538,-70.0321,4130
Crucero,2006-11-06,7.25,14.67,2.66,76.76,1.39,2.63,60.4,-14.34538,-70.0321,4130
Crucero,2006-11-07,6.08,12.35,1.3,80.27,2.97,4.17,60.47,-14.34538,-70.0321,4130
Crucero,2006-11-08,5.52,12.51,0.99,77.33,0.94,1.87,60.48,-14.34538,-70.0321,4130
Crucero,2006-11-09,5.82,11.88,1.3,74.11,0.44,1.92,60.55,-14.34538,-70.0321,4130
Crucero,2006-11-10,4.98,11.64,1.59,80.83,0.44,1.59,60.62,-14.34538,-70.0321,4130
Crucero,2006-11-11,5.5,11.77,1.35,77.05,0.17,2.98,60.67,-14.34538,-70.0321,4130
Crucero,2006-11-12,7.49,16.72,-0.25,63.85,0.0,2.74,60.68,-14.34538,-70.0321,4130
Crucero,2006-11-13,8.67,18.1,2.45,63.89,0.0,2.72,60.64,-14.34538,-70.0321,4130
Crucero,2006-11-14,9.05,18.33,2.48,64.83,0.0,2.64,60.54,-14.34538,-70.0321,4130
Crucero,2006-11-15,9.15,17.92,2.85,66.9,0.0,3.25,60.43,-14.34538,-70.0321,4130
Crucero,2006-11-16,8.11,16.26,2.98,71.12,0.85,3.52,60.48,-14.34538,-70.0321,4130
Crucero,2006-11-17,7.75,14.72,3.79,72.11,0.21,3.17,60.59,-14.34538,-70.0321,4130
Crucero,2006-11-18,7.21,14.5,3.6,74.52,0.08,3.33,60.6,-14.34538,-70.0321,4130
Crucero,2006-11-19,5.75,12.11,0.94,71.86,1.53,3.86,60.69,-14.34538,-70.0321,4130
Crucero,2006-11-20,6.86,15.94,0.1,64.74,0.2,3.34,60.68,-14.34538,-70.0321,4130
Crucero,2006-11-21,5.42,10.42,1.75,76.76,0.01,2.03,60.67,-14.34538,-70.0321,4130
Crucero,2006-11-22,5.44,11.87,1.16,73.34,0.29,2.54,60.64,-14.34538,-70.0321,4130
Crucero,2006-11-23,3.79,7.38,0.81,85.01,0.61,1.81,60.47,-14.34538,-70.0321,4130
Crucero,2006-11-24,6.79,15.78,1.44,71.71,0.18,2.26,60.45,-14.34538,-70.0321,4130
Crucero,2006-11-25,7.03,13.55,2.19,72.62,0.03,3.35,60.53,-14.34538,-70.0321,4130
Crucero,2006-11-26,5.88,14.59,2.03,78.97,1.14,1.81,60.57,-14.34538,-70.0321,4130
Crucero,2006-11-27,6.9,15.44,1.02,72.35,1.51,2.16,60.48,-14.34538,-70.0321,4130
Crucero,2006-11-28,6.97,14.36,0.73,62.16,0.09,2.26,60.45,-14.34538,-70.0321,4130
Crucero,2006-11-29,5.63,10.79,1.77,76.03,1.65,1.75,60.51,-14.34538,-70.0321,4130
Crucero,2006-11-30,3.94,8.99,0.92,80.26,5.98,1.9,60.61,-14.34538,-70.0321,4130
Crucero,2006-12-01,7.25,14.67,1.17,69.83,0.25,1.11,60.51,-14.34538,-70.0321,4130
Crucero,2006-12-02,6.23,12.28,-0.32,69.65,0.04,1.88,60.48,-14.34538,-70.0321,4130
Crucero,2006-12-03,6.74,14.98,0.37,75.13,0.11,1.56,60.49,-14.34538,-70.0321,4130
Crucero,2006-12-04,4.67,10.25,1.53,80.42,1.98,1.6,60.53,-14.34538,-70.0321,4130
Crucero,2006-12-05,7.89,16.92,0.97,67.68,1.8,2.93,60.57,-14.34538,-70.0321,4130
Crucero,2006-12-06,7.03,16.04,0.77,72.99,1.82,2.79,60.56,-14.34538,-70.0321,4130
Crucero,2006-12-07,7.04,12.56,2.75,75.01,0.2,0.97,60.52,-14.34538,-70.0321,4130
Crucero,2006-12-08,7.39,15.79,2.29,72.38,0.24,2.29,60.46,-14.34538,-70.0321,4130
Crucero,2006-12-09,8.38,18.19,-0.18,57.82,0.01,2.33,60.51,-14.34538,-70.0321,4130
Crucero,2006-12-10,7.88,16.49,1.27,65.57,20.79,1.75,60.56,-14.34538,-70.0321,4130
Crucero,2006-12-11,5.68,13.44,1.78,79.0,7.59,2.07,60.62,-14.34538,-70.0321,4130
Crucero,2006-12-12,7.49,15.26,1.47,73.75,1.6,1.83,60.61,-14.34538,-70.0321,4130
Crucero,2006-12-13,8.69,16.74,3.25,73.26,1.78,2.41,60.57,-14.34538,-70.0321,4130
Crucero,2006-12-14,8.11,15.88,2.91,68.0,0.58,3.03,60.57,-14.34538,-70.0321,4130
Crucero,2006-12-15,6.43,12.73,1.15,71.74,1.95,2.96,60.67,-14.34538,-70.0321,4130
Crucero,2006-12-16,6.49,13.37,1.18,75.57,3.75,2.88,60.61,-14.34538,-70.0321,4130
Crucero,2006-12-17,6.77,15.94,1.04,74.51,4.29,1.32,60.58,-14.34538,-70.0321,4130
Crucero,2006-12-18,7.22,13.91,1.48,75.98,4.84,2.75,60.58,-14.34538,-70.0321,4130
Crucero,2006-12-19,6.29,11.13,2.87,81.93,5.22,2.34,60.56,-14.34538,-70.0321,4130
Crucero,2006-12-20,7.4,14.84,1.9,73.36,1.02,1.76,60.54,-14.34538,-70.0321,4130
Crucero,2006-12-21,6.4,13.85,2.22,79.63,2.87,1.74,60.6,-14.34538,-70.0321,4130
Crucero,2006-12-22,7.26,14.97,1.83,77.16,5.26,1.77,60.64,-14.34538,-70.0321,4130
Crucero,2006-12-23,7.16,14.16,2.9,77.94,0.82,1.48,60.63,-14.34538,-70.0321,4130
Crucero,2006-12-24,7.25,12.46,2.74,78.8,0.08,1.82,60.58,-14.34538,-70.0321,4130
Crucero,2006-12-25,5.7,12.21,1.88,78.08,0.55,1.59,60.58,-14.34538,-70.0321,4130
Crucero,2006-12-26,6.46,13.62,1.36,77.7,4.55,3.16,60.63,-14.34538,-70.0321,4130
Crucero,2006-12-27,7.23,14.71,1.5,74.44,1.0,3.23,60.69,-14.34538,-70.0321,4130
Crucero,2006-12-28,6.97,13.8,1.32,77.29,1.31,3.39,60.75,-14.34538,-70.0321,4130
Crucero,2006-12-29,8.03,16.66,1.6,71.75,1.85,2.5,60.74,-14.34538,-70.0321,4130
Crucero,2006-12-30,5.79,10.13,2.13,81.87,0.88,2.28,60.67,-14.34538,-70.0321,4130
Crucero,2006-12-31,5.47,12.25,0.54,78.1,0.23,3.25,60.67,-14.34538,-70.0321,4130
Crucero,2007-01-01,6.32,14.88,0.87,74.79,0.07,1.56,60.58,-14.34538,-70.0321,4130
Crucero,2007-01-02,5.12,10.39,1.54,79.96,1.5,2.38,60.56,-14.34538,-70.0321,4130
Crucero,2007-01-03,5.85,12.44,1.15,76.95,2.24,2.0,60.61,-14.34538,-70.0321,4130
Crucero,2007-01-04,7.07,14.59,1.47,74.16,0.25,1.51,60.59,-14.34538,-70.0321,4130
Crucero,2007-01-05,7.85,15.32,2.76,75.97,0.98,2.88,60.54,-14.34538,-70.0321,4130
Crucero,2007-01-06,8.18,16.13,2.62,74.49,0.07,2.79,60.57,-14.34538,-70.0321,4130
Crucero,2007-01-07,7.36,14.36,2.93,72.16,2.27,2.89,60.62,-14.34538,-70.0321,4130
Crucero,2007-01-08,6.15,12.5,0.38,71.28,0.69,2.05,60.55,-14.34538,-70.0321,4130
Crucero,2007-01-09,6.31,13.2,1.99,76.68,1.07,2.34,60.55,-14.34538,-70.0321,4130
Crucero,2007-01-10,6.34,12.84,1.34,77.42,14.45,1.24,60.57,-14.34538,-70.0321,4130
Crucero,2007-01-11,7.2,14.73,1.32,76.06,3.35,1.99,60.59,-14.34538,-70.0321,4130
Crucero,2007-01-12,6.6,11.12,1.84,81.23,2.78,2.03,60.57,-14.34538,-70.0321,4130
Crucero,2007-01-13,5.97,12.64,1.65,80.5,3.11,1.48,60.52,-14.34538,-70.0321,4130
Crucero,2007-01-14,4.94,10.78,1.64,84.46,2.98,1.41,60.51,-14.34538,-70.0321,4130
Crucero,2007-01-15,5.59,11.1,0.94,82.17,3.19,1.96,60.49,-14.34538,-70.0321,4130
Crucero,2007-01-16,6.46,14.33,1.12,76.69,1.71,1.63,60.55,-14.34538,-70.0321,4130
Crucero,2007-01-17,8.1,15.41,3.21,78.88,0.69,1.81,60.57,-14.34538,-70.0321,4130
Crucero,2007-01-18,8.63,16.74,3.58,75.03,1.18,2.58,60.64,-14.34538,-70.0321,4130
Crucero,2007-01-19,9.08,16.71,3.31,71.84,0.3,1.9,60.67,-14.34538,-70.0321,4130
Crucero,2007-01-20,8.46,15.14,4.13,74.95,2.43,2.98,60.72,-14.34538,-70.0321,4130
Crucero,2007-01-21,7.25,13.84,3.01,75.35,1.59,2.87,60.78,-14.34538,-70.0321,4130
Crucero,2007-01-22,7.23,15.55,1.22,71.84,0.13,2.93,60.73,-14.34538,-70.0321,4130
Crucero,2007-01-23,8.1,16.61,2.31,69.79,0.05,1.93,60.59,-14.34538,-70.0321,4130
Crucero,2007-01-24,6.74,14.61,1.82,74.77,0.83,1.08,60.53,-14.34538,-70.0321,4130
Crucero,2007-01-25,9.36,18.01,2.05,63.83,0.8,2.38,60.53,-14.34538,-70.0321,4130
Crucero,2007-01-26,9.16,16.9,2.85,71.11,0.22,2.35,60.6,-14.34538,-70.0321,4130
Crucero,2007-01-27,9.01,14.67,5.23,69.94,0.07,2.57,60.65,-14.34538,-70.0321,4130
Crucero,2007-01-28,7.58,16.08,2.42,74.39,0.01,1.57,60.65,-14.34538,-70.0321,4130
Crucero,2007-01-29,7.89,16.93,2.27,69.77,0.0,1.59,60.65,-14.34538,-70.0321,4130
Crucero,2007-01-30,6.84,15.97,1.52,73.96,1.65,2.37,60.63,-14.34538,-70.0321,4130
Crucero,2007-01-31,6.05,13.67,1.39,78.69,8.74,1.69,60.64,-14.34538,-70.0321,4130
Crucero,2007-02-01,6.13,12.14,1.74,76.43,4.69,2.1,60.71,-14.34538,-70.0321,4130
Crucero,2007-02-02,7.85,15.25,1.87,75.84,0.23,2.36,60.69,-14.34538,-70.0321,4130
Crucero,2007-02-03,7.64,16.38,2.29,76.97,0.17,1.94,60.66,-14.34538,-70.0321,4130
Crucero,2007-02-04,7.93,16.9,1.16,74.48,2.2,2.45,60.64,-14.34538,-70.0321,4130
Crucero,2007-02-05,8.79,17.92,2.94,72.98,0.37,1.68,60.62,-14.34538,-70.0321,4130
Crucero,2007-02-06,7.78,16.93,1.1,67.79,0.0,2.19,60.63,-14.34538,-70.0321,4130
Crucero,2007-02-07,6.82,14.69,1.42,71.72,3.42,3.56,60.65,-14.34538,-70.0321,4130
Crucero,2007-02-08,5.51,11.72,2.79,82.31,3.44,2.24,60.67,-14.34538,-70.0321,4130
Crucero,2007-02-09,6.36,13.91,1.14,78.9,4.0,2.59,60.65,-14.34538,-70.0321,4130
Crucero,2007-02-10,6.71,13.7,1.85,80.19,2.18,2.3,60.7,-14.34538,-70.0321,4130
Crucero,2007-02-11,6.71,14.24,1.26,77.67,2.04,2.81,60.73,-14.34538,-70.0321,4130
Crucero,2007-02-12,7.35,13.21,2.9,80.1,1.43,1.94,60.62,-14.34538,-70.0321,4130
Crucero,2007-02-13,6.89,12.74,3.03,76.69,0.31,2.11,60.55,-14.34538,-70.0321,4130
Crucero,2007-02-14,6.97,15.39,1.0,68.94,2.04,3.21,60.49,-14.34538,-70.0321,4130
Crucero,2007-02-15,6.68,14.2,0.53,62.81,2.57,2.91,60.38,-14.34538,-70.0321,4130
Crucero,2007-02-16,6.53,16.18,-2.03,52.23,0.84,1.96,60.34,-14.34538,-70.0321,4130
Crucero,2007-02-17,6.93,17.42,-1.58,57.11,2.07,2.17,60.37,-14.34538,-70.0321,4130
Crucero,2007-02-18,6.86,14.84,0.78,67.84,0.71,1.43,60.47,-14.34538,-70.0321,4130
Crucero,2007-02-19,6.83,12.56,2.77,74.52,2.5,1.26,60.43,-14.34538,-70.0321,4130
Crucero,2007-02-20,5.53,9.63,2.27,81.06,1.78,0.9,60.42,-14.34538,-70.0321,4130
Crucero,2007-02-21,6.61,12.51,3.06,78.46,2.56,2.65,60.4,-14.34538,-70.0321,4130
Crucero,2007-02-22,6.58,13.74,1.93,76.44,0.13,2.35,60.53,-14.34538,-70.0321,4130
Crucero,2007-02-23,7.25,15.1,1.95,75.38,2.27,3.86,60.61,-14.34538,-70.0321,4130
Crucero,2007-02-24,6.11,13.41,1.67,75.75,0.7,3.07,60.69,-14.34538,-70.0321,4130
Crucero,2007-02-25,5.65,12.54,0.3,76.02,4.27,3.28,60.69,-14.34538,-70.0321,4130
Crucero,2007-02-26,6.44,14.77,0.19,76.55,1.38,1.9,60.62,-14.34538,-70.0321,4130
Crucero,2007-02-27,7.43,15.45,1.12,73.14,0.09,2.05,60.55,-14.34538,-70.0321,4130
Crucero,2007-02-28,6.7,13.2,2.33,77.92,1.02,2.8,60.48,-14.34538,-70.0321,4130
Crucero,2007-03-01,4.94,10.19,1.33,83.52,1.27,1.96,60.46,-14.34538,-70.0321,4130
Crucero,2007-03-02,4.65,8.46,0.48,83.2,2.46,1.91,60.51,-14.34538,-70.0321,4130
Crucero,2007-03-03,5.18,12.22,-0.26,80.76,2.47,1.92,60.57,-14.34538,-70.0321,4130
Crucero,2007-03-04,5.85,12.83,0.14,80.1,8.82,2.49,60.6,-14.34538,-70.0321,4130
Crucero,2007-03-05,6.47,14.42,0.62,79.74,2.7,2.92,60.61,-14.34538,-70.0321,4130
Crucero,2007-03-06,5.73,12.75,0.23,81.11,2.19,2.98,60.66,-14.34538,-70.0321,4130
Crucero,2007-03-07,6.19,14.52,-0.17,76.93,0.22,2.57,60.72,-14.34538,-70.0321,4130
Crucero,2007-03-08,5.81,13.67,1.33,80.38,0.63,2.78,60.63,-14.34538,-70.0321,4130
Crucero,2007-03-09,5.04,12.57,0.75,80.55,2.42,1.74,60.54,-14.34538,-70.0321,4130
Crucero,2007-03-10,4.85,11.62,0.69,78.86,1.42,1.68,60.54,-14.34538,-70.0321,4130
Crucero,2007-03-11,5.8,12.83,1.85,80.85,4.81,1.72,60.55,-14.34538,-70.0321,4130
Crucero,2007-03-12,6.18,12.24,1.37,77.45,1.7,1.07,60.56,-14.34538,-70.0321,4130
Crucero,2007-03-13,5.96,11.89,1.88,82.39,0.62,1.97,60.63,-14.34538,-70.0321,4130
Crucero,2007-03-14,6.75,13.79,2.01,78.08,4.14,2.26,60.59,-14.34538,-70.0321,4130
Crucero,2007-03-15,5.09,13.64,-0.75,77.65,4.7,2.21,60.56,-14.34538,-70.0321,4130
Crucero,2007-03-16,5.46,11.28,0.56,82.6,5.81,1.22,60.6,-14.34538,-70.0321,4130
Crucero,2007-03-17,4.94,12.62,1.44,84.3,1.42,2.05,60.62,-14.34538,-70.0321,4130
Crucero,2007-03-18,4.91,11.92,0.27,82.67,9.7,2.8,60.66,-14.34538,-70.0321,4130
Crucero,2007-03-19,5.31,12.8,0.18,79.12,1.16,2.84,60.72,-14.34538,-70.0321,4130
Crucero,2007-03-20,7.34,15.4,0.27,69.45,0.28,1.27,60.67,-14.34538,-70.0321,4130
Crucero,2007-03-21,7.85,15.77,2.9,73.3,0.81,1.62,60.53,-14.34538,-70.0321,4130
Crucero,2007-03-22,7.8,16.67,1.35,66.52,0.66,2.14,60.5,-14.34538,-70.0321,4130
Crucero,2007-03-23,6.36,15.56,-2.72,65.47,0.36,2.8,60.59,-14.34538,-70.0321,4130
Crucero,2007-03-24,6.03,14.1,-0.97,73.49,0.22,3.2,60.71,-14.34538,-70.0321,4130
Crucero,2007-03-25,5.68,12.02,0.23,75.39,0.03,2.64,60.71,-14.34538,-70.0321,4130
Crucero,2007-03-26,6.66,15.53,-0.42,72.35,0.01,2.57,60.6,-14.34538,-70.0321,4130
Crucero,2007-03-27,6.26,14.15,0.54,75.71,0.01,2.17,60.58,-14.34538,-70.0321,4130
Crucero,2007-03-28,4.09,8.62,1.46,88.61,0.24,2.46,60.58,-14.34538,-70.0321,4130
Crucero,2007-03-29,5.34,12.43,0.58,79.1,0.14,2.1,60.62,-14.34538,-70.0321,4130
Crucero,2007-03-30,5.48,12.52,0.79,78.42,0.34,2.06,60.55,-14.34538,-70.0321,4130
Crucero,2007-03-31,5.55,13.5,0.77,77.88,0.31,2.75,60.59,-14.34538,-70.0321,4130
Crucero,2007-04-01,5.44,12.59,1.32,76.52,0.89,2.93,60.68,-14.34538,-70.0321,4130
Crucero,2007-04-02,5.97,14.93,-0.83,75.1,0.25,1.39,60.69,-14.34538,-70.0321,4130
Crucero,2007-04-03,6.36,14.23,1.36,75.83,0.85,2.01,60.61,-14.34538,-70.0321,4130
Crucero,2007-04-04,6.24,14.29,0.5,74.98,0.86,1.65,60.58,-14.34538,-70.0321,4130
Crucero,2007-04-05,6.29,13.86,2.55,79.26,0.8,1.71,60.59,-14.34538,-70.0321,4130
Crucero,2007-04-06,6.4,13.94,1.19,78.3,6.07,1.94,60.65,-14.34538,-70.0321,4130
Crucero,2007-04-07,6.46,13.81,0.94,78.63,1.27,1.63,60.73,-14.34538,-70.0321,4130
Crucero,2007-04-08,7.29,14.44,2.91,77.51,4.05,1.78,60.76,-14.34538,-70.0321,4130
Crucero,2007-04-09,5.62,12.85,0.98,80.38,0.75,2.06,60.73,-14.34538,-70.0321,4130
Crucero,2007-04-10,6.31,13.14,0.32,75.79,0.03,1.78,60.63,-14.34538,-70.0321,4130
Crucero,2007-04-11,5.96,10.92,2.35,78.46,3.79,0.88,60.68,-14.34538,-70.0321,4130
Crucero,2007-04-12,4.93,12.4,-0.38,74.18,0.24,2.37,60.78,-14.34538,-70.0321,4130
Crucero,2007-04-13,4.3,12.72,-3.29,72.52,0.73,2.43,60.79,-14.34538,-70.0321,4130
Crucero,2007-04-14,5.6,12.27,0.92,76.01,0.03,2.54,60.76,-14.34538,-70.0321,4130
Crucero,2007-04-15,4.09,9.86,-1.67,66.01,0.11,2.29,60.91,-14.34538,-70.0321,4130
Crucero,2007-04-16,5.94,13.73,0.09,65.4,0.49,1.59,60.9,-14.34538,-70.0321,4130
Crucero,2007-04-17,6.21,14.28,0.94,71.68,0.05,1.94,60.77,-14.34538,-70.0321,4130
Crucero,2007-04-18,4.84,13.66,-2.7,66.59,0.0,2.32,60.75,-14.34538,-70.0321,4130
Crucero,2007-04-19,5.22,14.7,-2.55,62.44,0.0,2.32,60.77,-14.34538,-70.0321,4130
Crucero,2007-04-20,4.85,13.35,-2.07,68.78,0.05,2.23,60.75,-14.34538,-70.0321,4130
Crucero,2007-04-21,5.0,13.46,-1.6,70.74,3.33,2.08,60.73,-14.34538,-70.0321,4130
Crucero,2007-04-22,5.87,14.21,-0.93,77.62,1.64,1.68,60.67,-14.34538,-70.0321,4130
Crucero,2007-04-23,5.22,13.24,1.13,80.79,0.8,1.39,60.66,-14.34538,-70.0321,4130
Crucero,2007-04-24,5.8,14.49,0.3,72.19,0.09,1.14,60.61,-14.34538,-70.0321,4130
Crucero,2007-04-25,3.9,8.85,0.84,82.82,0.28,1.45,60.6,-14.34538,-70.0321,4130
Crucero,2007-04-26,5.47,11.91,1.29,79.39,2.33,1.57,60.6,-14.34538,-70.0321,4130
Crucero,2007-04-27,3.66,8.31,0.87,88.14,5.86,2.46,60.65,-14.34538,-70.0321,4130
Crucero,2007-04-28,5.34,13.69,-0.63,78.03,0.1,1.51,60.77,-14.34538,-70.0321,4130
Crucero,2007-04-29,5.45,14.38,-2.4,73.81,0.0,2.11,60.75,-14.34538,-70.0321,4130
Crucero,2007-04-30,5.86,14.97,-1.69,72.61,0.0,1.96,60.7,-14.34538,-70.0321,4130
Crucero,2007-05-01,6.06,13.7,0.3,72.16,0.0,1.64,60.68,-14.34538,-70.0321,4130
Crucero,2007-05-02,5.38,13.98,-0.51,68.32,0.0,2.5,60.73,-14.34538,-70.0321,4130
Crucero,2007-05-03,4.64,13.07,-1.89,74.87,0.0,2.14,60.77,-14.34538,-70.0321,4130
Crucero,2007-05-04,4.6,12.68,-2.61,74.95,0.0,2.68,60.72,-14.34538,-70.0321,4130
Crucero,2007-05-05,6.67,14.99,0.02,70.06,0.0,1.32,60.66,-14.34538,-70.0321,4130
Crucero,2007-05-06,4.06,8.92,0.9,80.06,0.16,1.35,60.62,-14.34538,-70.0321,4130
Crucero,2007-05-07,4.88,11.07,0.87,77.39,0.03,1.56,60.61,-14.34538,-70.0321,4130
Crucero,2007-05-08,4.4,11.52,-0.01,81.43,2.12,1.59,60.64,-14.34538,-70.0321,4130
Crucero,2007-05-09,3.96,10.16,0.27,81.99,1.05,1.45,60.76,-14.34538,-70.0321,4130
Crucero,2007-05-10,6.46,15.95,-2.24,67.87,0.1,1.14,60.74,-14.34538,-70.0321,4130
Crucero,2007-05-11,5.99,14.27,0.33,73.38,0.0,0.77,60.78,-14.34538,-70.0321,4130
Crucero,2007-05-12,5.11,12.4,-0.15,77.36,0.01,2.07,60.88,-14.34538,-70.0321,4130
Crucero,2007-05-13,6.48,15.03,-0.23,72.83,0.0,1.71,60.88,-14.34538,-70.0321,4130
Crucero,2007-05-14,6.6,15.2,-0.54,68.78,0.0,1.5,60.83,-14.34538,-70.0321,4130
Crucero,2007-05-15,6.86,14.14,1.63,69.0,0.0,1.07,60.74,-14.34538,-70.0321,4130
Crucero,2007-05-16,6.27,14.95,-0.75,64.28,0.01,1.57,60.6,-14.34538,-70.0321,4130
Crucero,2007-05-17,4.91,11.62,1.12,76.7,0.75,1.56,60.63,-14.34538,-70.0321,4130
Crucero,2007-05-18,4.69,10.75,-0.32,79.74,0.32,1.14,60.71,-14.34538,-70.0321,4130
Crucero,2007-05-19,4.95,12.41,1.2,81.98,0.16,1.93,60.66,-14.34538,-70.0321,4130
Crucero,2007-05-20,5.26,12.38,0.55,77.86,0.01,2.01,60.59,-14.34538,-70.0321,4130
Crucero,2007-05-21,6.12,14.65,0.25,72.32,0.01,2.63,60.51,-14.34538,-70.0321,4130
Crucero,2007-05-22,6.12,14.87,-0.74,69.05,0.13,2.51,60.48,-14.34538,-70.0321,4130
Crucero,2007-05-23,4.09,11.54,0.21,82.85,1.55,2.1,60.53,-14.34538,-70.0321,4130
Crucero,2007-05-24,4.46,10.98,-0.46,78.33,0.23,1.35,60.59,-14.34538,-70.0321,4130
Crucero,2007-05-25,5.58,14.81,-0.41,70.88,0.0,1.99,60.59,-14.34538,-70.0321,4130
Crucero,2007-05-26,5.14,14.76,-1.74,65.53,0.0,1.98,60.63,-14.34538,-70.0321,4130
Crucero,2007-05-27,4.79,14.26,-3.29,63.65,0.0,1.72,60.66,-14.34538,-70.0321,4130
Crucero,2007-05-28,5.2,14.21,-2.59,70.88,0.17,1.75,60.68,-14.34538,-70.0321,4130
Crucero,2007-05-29,4.36,9.47,0.41,78.78,0.47,1.64,60.67,-14.34538,-70.0321,4130
Crucero,2007-05-30,5.05,12.95,-0.11,75.87,0.03,1.26,60.64,-14.34538,-70.0321,4130
Crucero,2007-05-31,4.71,12.54,-0.86,73.82,0.0,1.78,60.63,-14.34538,-70.0321,4130
Crucero,2007-06-01,5.09,13.67,-1.86,70.66,0.0,1.18,60.7,-14.34538,-70.0321,4130
Crucero,2007-06-02,4.47,11.37,-0.78,79.48,0.0,1.55,60.77,-14.34538,-70.0321,4130
Crucero,2007-06-03,5.03,11.8,0.38,76.44,0.1,2.44,60.86,-14.34538,-70.0321,4130
Crucero,2007-06-04,5.83,14.2,-0.55,71.44,0.01,1.02,60.8,-14.34538,-70.0321,4130
Crucero,2007-06-05,5.39,14.43,-1.78,64.19,0.0,1.77,60.79,-14.34538,-70.0321,4130
Crucero,2007-06-06,5.62,14.8,-1.12,65.45,0.0,1.49,60.74,-14.34538,-70.0321,4130
Crucero,2007-06-07,4.52,14.01,-1.97,66.74,0.0,2.21,60.73,-14.34538,-70.0321,4130
Crucero,2007-06-08,3.46,13.94,-3.11,64.4,0.0,1.78,60.73,-14.34538,-70.0321,4130
Crucero,2007-06-09,3.71,14.06,-4.08,67.49,0.0,2.05,60.68,-14.34538,-70.0321,4130
Crucero,2007-06-10,3.67,13.64,-4.16,68.08,0.0,2.05,60.66,-14.34538,-70.0321,4130
Crucero,2007-06-11,4.42,13.58,-3.82,68.86,0.0,1.6,60.65,-14.34538,-70.0321,4130
Crucero,2007-06-12,4.55,13.47,-3.62,68.43,0.0,1.39,60.68,-14.34538,-70.0321,4130
Crucero,2007-06-13,4.53,14.04,-4.26,69.89,0.0,1.82,60.64,-14.34538,-70.0321,4130
Crucero,2007-06-14,4.68,13.33,-3.32,71.49,0.0,1.25,60.67,-14.34538,-70.0321,4130
Crucero,2007-06-15,5.29,14.95,-1.22,71.31,0.0,2.26,60.77,-14.34538,-70.0321,4130
Crucero,2007-06-16,3.48,13.51,-4.27,68.66,0.0,2.26,60.8,-14.34538,-70.0321,4130
Crucero,2007-06-17,3.94,13.82,-3.62,67.94,0.0,1.88,60.74,-14.34538,-70.0321,4130
Crucero,2007-06-18,3.95,12.47,-1.62,62.07,0.0,1.96,60.67,-14.34538,-70.0321,4130
Crucero,2007-06-19,4.54,13.46,-2.56,73.03,0.11,1.79,60.7,-14.34538,-70.0321,4130
Crucero,2007-06-20,5.03,12.69,0.59,76.42,0.07,1.98,60.68,-14.34538,-70.0321,4130
Crucero,2007-06-21,5.09,13.71,-1.68,69.85,0.0,2.14,60.72,-14.34538,-70.0321,4130
Crucero,2007-06-22,5.27,14.16,-2.31,70.51,0.0,1.77,60.67,-14.34538,-70.0321,4130
Crucero,2007-06-23,4.58,12.62,0.49,77.92,0.0,1.38,60.62,-14.34538,-70.0321,4130
Crucero,2007-06-24,3.72,10.22,-0.87,79.56,1.65,2.94,60.68,-14.34538,-70.0321,4130
Crucero,2007-06-25,4.3,12.71,-2.5,74.81,0.05,2.19,60.69,-14.34538,-70.0321,4130
Crucero,2007-06-26,5.1,14.22,-0.36,71.72,0.68,1.71,60.72,-14.34538,-70.0321,4130
Crucero,2007-06-27,4.32,13.49,-3.12,71.54,0.35,1.27,60.72,-14.34538,-70.0321,4130
Crucero,2007-06-28,5.0,14.6,-1.77,64.49,0.02,1.24,60.72,-14.34538,-70.0321,4130
Crucero,2007-06-29,3.95,13.81,-3.13,59.19,0.0,1.28,60.77,-14.34538,-70.0321,4130
Crucero,2007-06-30,3.03,12.67,-4.07,69.13,0.0,1.45,60.89,-14.34538,-70.0321,4130
Crucero,2007-07-01,2.54,12.91,-4.77,67.47,0.0,1.5,60.9,-14.34538,-70.0321,4130
Crucero,2007-07-02,2.27,12.84,-5.25,67.16,0.0,1.8,60.83,-14.34538,-70.0321,4130
Crucero,2007-07-03,3.04,13.35,-4.17,60.7,0.0,1.48,60.71,-14.34538,-70.0321,4130
Crucero,2007-07-04,3.41,14.22,-4.76,64.67,0.02,1.6,60.6,-14.34538,-70.0321,4130
Crucero,2007-07-05,3.51,13.98,-4.54,63.63,0.0,1.89,60.62,-14.34538,-70.0321,4130
Crucero,2007-07-06,3.85,13.97,-4.58,68.98,0.0,2.08,60.6,-14.34538,-70.0321,4130
Crucero,2007-07-07,5.02,13.63,-1.96,70.16,0.03,2.96,60.54,-14.34538,-70.0321,4130
Crucero,2007-07-08,3.0,8.15,-2.32,79.29,0.02,2.49,60.6,-14.34538,-70.0321,4130
Crucero,2007-07-09,1.55,7.88,-3.23,78.64,0.54,1.89,60.7,-14.34538,-70.0321,4130
Crucero,2007-07-10,2.43,9.45,-2.2,81.13,0.22,1.73,60.66,-14.34538,-70.0321,4130
Crucero,2007-07-11,3.29,11.29,-2.64,76.25,0.0,2.32,60.58,-14.34538,-70.0321,4130
Crucero,2007-07-12,3.34,12.43,-3.65,70.95,0.0,2.37,60.61,-14.34538,-70.0321,4130
Crucero,2007-07-13,3.5,13.3,-4.58,67.67,0.0,2.22,60.62,-14.34538,-70.0321,4130
Crucero,2007-07-14,4.55,12.88,-2.17,73.09,0.0,1.96,60.65,-14.34538,-70.0321,4130
Crucero,2007-07-15,5.16,13.23,-0.91,69.78,0.0,1.93,60.61,-14.34538,-70.0321,4130
Crucero,2007-07-16,4.77,13.48,-1.56,71.26,0.01,2.18,60.6,-14.34538,-70.0321,4130
Crucero,2007-07-17,4.87,14.61,-4.34,54.47,0.12,1.73,60.61,-14.34538,-70.0321,4130
Crucero,2007-07-18,3.5,11.53,-0.7,66.43,0.98,2.5,60.69,-14.34538,-70.0321,4130
Crucero,2007-07-19,4.76,13.36,-1.96,67.76,0.08,1.31,60.64,-14.34538,-70.0321,4130
Crucero,2007-07-20,4.54,14.12,-3.68,59.47,0.0,1.67,60.65,-14.34538,-70.0321,4130
Crucero,2007-07-21,4.26,13.0,-3.66,64.54,0.0,1.82,60.66,-14.34538,-70.0321,4130
Crucero,2007-07-22,4.21,14.99,-4.27,55.32,0.0,2.29,60.6,-14.34538,-70.0321,4130
Crucero,2007-07-23,5.22,14.97,-2.59,61.96,0.04,2.18,60.54,-14.34538,-70.0321,4130
Crucero,2007-07-24,4.73,13.96,-1.27,50.38,0.11,2.64,60.53,-14.34538,-70.0321,4130
Crucero,2007-07-25,3.04,13.0,-5.32,49.05,2.74,1.7,60.65,-14.34538,-70.0321,4130
Crucero,2007-07-26,2.99,10.71,-1.35,75.99,0.44,0.87,60.67,-14.34538,-70.0321,4130
Crucero,2007-07-27,3.91,12.89,-3.48,66.82,0.01,1.39,60.64,-14.34538,-70.0321,4130
Crucero,2007-07-28,2.86,11.17,-3.02,71.51,0.0,2.52,60.67,-14.34538,-70.0321,4130
Crucero,2007-07-29,3.17,13.89,-4.95,65.89,0.0,1.87,60.62,-14.34538,-70.0321,4130
Crucero,2007-07-30,2.75,11.52,-3.5,68.25,0.0,2.68,60.63,-14.34538,-70.0321,4130
Crucero,2007-07-31,3.66,12.7,-3.05,60.95,0.0,2.25,60.59,-14.34538,-70.0321,4130
Crucero,2007-08-01,2.96,12.75,-3.77,65.36,0.0,2.4,60.56,-14.34538,-70.0321,4130
Crucero,2007-08-02,2.64,12.19,-5.42,68.18,0.0,2.76,60.63,-14.34538,-70.0321,4130
Crucero,2007-08-03,3.41,13.33,-4.65,68.07,0.0,2.47,60.71,-14.34538,-70.0321,4130
Crucero,2007-08-04,3.64,13.26,-4.35,68.88,0.0,2.41,60.78,-14.34538,-70.0321,4130
Crucero,2007-08-05,3.95,14.19,-4.24,66.88,0.0,2.78,60.68,-14.34538,-70.0321,4130
Crucero,2007-08-06,3.92,15.31,-4.87,61.39,0.0,2.47,60.65,-14.34538,-70.0321,4130
Crucero,2007-08-07,3.96,13.69,-4.05,68.36,0.0,2.73,60.64,-14.34538,-70.0321,4130
Crucero,2007-08-08,4.6,15.53,-4.48,64.67,0.0,2.48,60.59,-14.34538,-70.0321,4130
Crucero,2007-08-09,5.87,16.09,-2.97,67.41,0.0,2.24,60.65,-14.34538,-70.0321,4130
Crucero,2007-08-10,5.07,14.43,-1.99,71.29,0.0,2.95,60.77,-14.34538,-70.0321,4130
Crucero,2007-08-11,3.43,13.75,-6.25,66.39,0.0,2.64,60.79,-14.34538,-70.0321,4130
Crucero,2007-08-12,4.8,15.72,-3.54,64.7,0.0,1.88,60.79,-14.34538,-70.0321,4130
Crucero,2007-08-13,4.32,15.73,-4.26,64.89,0.0,2.69,60.7,-14.34538,-70.0321,4130
Crucero,2007-08-14,3.96,15.4,-4.73,56.81,0.0,2.33,60.65,-14.34538,-70.0321,4130
Crucero,2007-08-15,4.12,14.89,-5.02,55.96,0.0,1.9,60.68,-14.34538,-70.0321,4130
Crucero,2007-08-16,4.92,13.9,-3.76,66.18,0.07,1.74,60.72,-14.34538,-70.0321,4130
Crucero,2007-08-17,4.54,12.42,-1.13,71.52,0.97,2.13,60.64,-14.34538,-70.0321,4130
Crucero,2007-08-18,5.27,14.93,-2.9,61.43,0.04,1.34,60.56,-14.34538,-70.0321,4130
Crucero,2007-08-19,4.82,15.0,-2.02,53.81,0.0,2.22,60.6,-14.34538,-70.0321,4130
Crucero,2007-08-20,4.64,14.83,-3.53,61.24,0.0,1.46,60.66,-14.34538,-70.0321,4130
Crucero,2007-08-21,5.31,16.09,-3.71,55.64,0.0,1.71,60.68,-14.34538,-70.0321,4130
Crucero,2007-08-22,5.35,15.81,-3.01,58.72,0.0,2.29,60.65,-14.34538,-70.0321,4130
Crucero,2007-08-23,5.51,16.33,-3.65,61.97,0.0,1.86,60.61,-14.34538,-70.0321,4130
Crucero,2007-08-24,5.83,16.7,-2.99,54.78,0.0,2.06,60.57,-14.34538,-70.0321,4130
Crucero,2007-08-25,6.4,17.33,-2.9,63.18,0.0,2.24,60.54,-14.34538,-70.0321,4130
Crucero,2007-08-26,7.43,17.14,-0.82,64.8,0.12,2.98,60.52,-14.34538,-70.0321,4130
Crucero,2007-08-27,6.15,13.92,1.45,70.31,0.12,3.58,60.54,-14.34538,-70.0321,4130
Crucero,2007-08-28,7.13,16.99,-0.3,54.47,0.02,2.16,60.54,-14.34538,-70.0321,4130
Crucero,2007-08-29,4.23,13.66,-1.6,64.89,0.0,2.03,60.7,-14.34538,-70.0321,4130
Crucero,2007-08-30,4.52,13.31,-2.16,71.93,0.0,2.41,60.75,-14.34538,-70.0321,4130
Crucero,2007-08-31,4.67,13.3,-1.66,68.43,0.0,3.14,60.76,-14.34538,-70.0321,4130
Crucero,2007-09-01,4.23,12.94,-2.57,69.29,0.0,2.47,60.76,-14.34538,-70.0321,4130
Crucero,2007-09-02,4.91,13.44,-1.89,68.52,0.0,1.8,60.78,-14.34538,-70.0321,4130
Crucero,2007-09-03,5.28,13.28,-1.25,68.73,0.16,1.74,60.75,-14.34538,-70.0321,4130
Crucero,2007-09-04,3.83,10.83,-0.74,71.2,0.02,1.87,60.73,-14.34538,-70.0321,4130
Crucero,2007-09-05,3.24,10.88,-0.66,80.43,0.08,2.22,60.71,-14.34538,-70.0321,4130
Crucero,2007-09-06,4.95,13.25,-1.48,67.47,0.01,2.71,60.79,-14.34538,-70.0321,4130
Crucero,2007-09-07,3.72,9.17,0.61,75.79,0.37,2.1,60.69,-14.34538,-70.0321,4130
Crucero,2007-09-08,2.99,8.4,-0.99,77.35,0.02,1.52,60.63,-14.34538,-70.0321,4130
Crucero,2007-09-09,3.45,9.55,-0.84,80.7,1.36,2.9,60.57,-14.34538,-70.0321,4130
Crucero,2007-09-10,3.74,12.46,-1.89,75.21,0.08,2.53,60.6,-14.34538,-70.0321,4130
Crucero,2007-09-11,3.33,10.28,-1.12,76.65,3.83,3.06,60.63,-14.34538,-70.0321,4130
Crucero,2007-09-12,3.03,10.77,-2.63,72.86,1.4,2.97,60.69,-14.34538,-70.0321,4130
Crucero,2007-09-13,4.05,13.73,-3.77,57.16,0.15,3.35,60.66,-14.34538,-70.0321,4130
Crucero,2007-09-14,4.94,15.82,-4.51,67.61,0.0,2.61,60.64,-14.34538,-70.0321,4130
Crucero,2007-09-15,5.17,13.09,-0.71,60.89,0.0,3.31,60.75,-14.34538,-70.0321,4130
Crucero,2007-09-16,5.41,13.46,-3.36,69.44,0.05,3.91,60.71,-14.34538,-70.0321,4130
Crucero,2007-09-17,5.47,13.47,-0.54,70.99,0.01,3.03,60.68,-14.34538,-70.0321,4130
Crucero,2007-09-18,3.44,8.61,-0.01,76.71,0.0,1.88,60.7,-14.34538,-70.0321,4130
Crucero,2007-09-19,4.45,13.9,-3.42,70.8,0.01,2.65,60.69,-14.34538,-70.0321,4130
Crucero,2007-09-20,6.13,14.15,-0.34,64.56,0.0,1.62,60.63,-14.34538,-70.0321,4130
Crucero,2007-09-21,5.08,12.52,-0.77,71.31,0.0,2.78,60.62,-14.34538,-70.0321,4130
Crucero,2007-09-22,5.85,12.98,-0.27,70.46,0.01,2.36,60.63,-14.34538,-70.0321,4130
Crucero,2007-09-23,3.93,10.65,-0.37,78.93,0.03,1.83,60.63,-14.34538,-70.0321,4130
Crucero,2007-09-24,4.81,11.44,0.54,78.44,2.46,3.62,60.67,-14.34538,-70.0321,4130
Crucero,2007-09-25,4.28,13.17,-1.32,74.86,0.15,2.63,60.69,-14.34538,-70.0321,4130
Crucero,2007-09-26,5.04,14.46,-1.18,68.98,0.0,2.81,60.69,-14.34538,-70.0321,4130
Crucero,2007-09-27,4.75,14.85,-3.41,70.41,0.03,2.73,60.75,-14.34538,-70.0321,4130
Crucero,2007-09-28,4.82,13.06,-0.84,75.81,0.0,3.33,60.78,-14.34538,-70.0321,4130
Crucero,2007-09-29,5.16,12.99,-0.85,67.79,0.0,4.14,60.84,-14.34538,-70.0321,4130
Crucero,2007-09-30,5.25,14.25,-2.52,64.74,0.0,3.44,60.86,-14.34538,-70.0321,4130
Crucero,2007-10-01,5.09,15.31,-2.62,68.16,0.0,3.36,60.83,-14.34538,-70.0321,4130
Crucero,2007-10-02,5.94,16.61,-3.05,67.34,0.0,2.9,60.82,-14.34538,-70.0321,4130
Crucero,2007-10-03,7.13,16.54,0.05,65.3,0.0,2.96,60.8,-14.34538,-70.0321,4130
Crucero,2007-10-04,6.59,15.73,0.2,69.74,0.0,2.31,60.71,-14.34538,-70.0321,4130
Crucero,2007-10-05,6.58,15.57,1.74,69.27,0.0,2.49,60.63,-14.34538,-70.0321,4130
Crucero,2007-10-06,6.35,15.74,0.16,65.46,0.0,2.2,60.54,-14.34538,-70.0321,4130
Crucero,2007-10-07,5.1,13.44,0.91,73.52,8.1,2.86,60.52,-14.34538,-70.0321,4130
Crucero,2007-10-08,5.37,12.69,-0.88,69.57,0.49,1.66,60.61,-14.34538,-70.0321,4130
Crucero,2007-10-09,6.61,15.8,-0.64,69.15,0.0,2.58,60.66,-14.34538,-70.0321,4130
Crucero,2007-10-10,6.43,13.53,1.19,71.74,0.18,2.2,60.63,-14.34538,-70.0321,4130
Crucero,2007-10-11,4.98,11.66,-0.33,74.2,0.05,1.96,60.55,-14.34538,-70.0321,4130
Crucero,2007-10-12,7.16,17.49,-2.64,52.05,0.04,2.0,60.43,-14.34538,-70.0321,4130
Crucero,2007-10-13,3.33,11.34,-0.82,75.51,3.94,2.41,60.42,-14.34538,-70.0321,4130
Crucero,2007-10-14,3.95,13.88,-0.59,73.19,0.78,1.79,60.36,-14.34538,-70.0321,4130
Crucero,2007-10-15,2.43,5.44,-0.43,85.36,0.0,1.49,60.51,-14.34538,-70.0321,4130
Crucero,2007-10-16,5.88,15.17,-0.3,74.56,0.0,2.91,60.6,-14.34538,-70.0321,4130
Crucero,2007-10-17,5.06,13.4,1.28,75.77,0.54,2.67,60.67,-14.34538,-70.0321,4130
Crucero,2007-10-18,5.79,13.37,0.58,73.08,2.24,3.01,60.62,-14.34538,-70.0321,4130
Crucero,2007-10-19,7.55,15.94,0.81,69.31,0.2,2.38,60.61,-14.34538,-70.0321,4130
Crucero,2007-10-20,5.78,13.5,1.43,72.23,0.0,2.9,60.6,-14.34538,-70.0321,4130
Crucero,2007-10-21,6.99,15.95,1.21,68.39,0.0,2.38,60.54,-14.34538,-70.0321,4130
Crucero,2007-10-22,4.33,10.33,0.42,78.64,2.08,2.35,60.57,-14.34538,-70.0321,4130
Crucero,2007-10-23,6.19,13.82,-0.21,73.06,3.7,2.63,60.62,-14.34538,-70.0321,4130
Crucero,2007-10-24,4.24,6.22,0.95,83.94,1.56,2.72,60.6,-14.34538,-70.0321,4130
Crucero,2007-10-25,7.28,17.12,-1.88,65.88,0.02,2.46,60.53,-14.34538,-70.0321,4130
Crucero,2007-10-26,8.21,15.23,2.32,67.6,1.04,2.13,60.51,-14.34538,-70.0321,4130
Crucero,2007-10-27,4.55,9.2,-0.46,82.69,0.4,2.05,60.46,-14.34538,-70.0321,4130
Crucero,2007-10-28,4.8,14.19,-2.01,74.28,0.01,2.6,60.46,-14.34538,-70.0321,4130
Crucero,2007-10-29,5.88,13.2,1.56,73.68,0.03,3.08,60.49,-14.34538,-70.0321,4130
Crucero,2007-10-30,5.63,12.63,1.15,74.4,1.03,2.23,60.52,-14.34538,-70.0321,4130
Crucero,2007-10-31,6.82,14.23,0.73,64.13,1.32,1.98,60.42,-14.34538,-70.0321,4130
Crucero,2007-11-01,8.03,16.36,0.72,57.86,0.02,2.11,60.4,-14.34538,-70.0321,4130
Crucero,2007-11-02,9.25,18.82,-0.35,47.44,1.22,1.83,60.44,-14.34538,-70.0321,4130
Crucero,2007-11-03,9.27,18.71,1.11,36.96,1.22,1.28,60.41,-14.34538,-70.0321,4130
Crucero,2007-11-04,7.89,18.37,-1.51,40.02,0.76,1.59,60.4,-14.34538,-70.0321,4130
Crucero,2007-11-05,7.92,16.9,1.65,57.29,1.74,2.03,60.4,-14.34538,-70.0321,4130
Crucero,2007-11-06,8.11,17.6,1.2,56.14,0.11,2.14,60.5,-14.34538,-70.0321,4130
Crucero,2007-11-07,8.54,16.43,3.05,59.75,0.27,1.64,60.49,-14.34538,-70.0321,4130
Crucero,2007-11-08,8.85,18.49,0.6,39.22,0.02,1.65,60.42,-14.34538,-70.0321,4130
Crucero,2007-11-09,8.03,18.22,-2.1,32.58,0.0,1.55,60.38,-14.34538,-70.0321,4130
Crucero,2007-11-10,8.52,18.87,-2.37,27.05,0.05,1.44,60.34,-14.34538,-70.0321,4130
Crucero,2007-11-11,8.12,16.81,1.01,37.13,1.06,1.89,60.42,-14.34538,-70.0321,4130
Crucero,2007-11-12,6.1,11.94,1.31,61.47,1.52,1.77,60.46,-14.34538,-70.0321,4130
Crucero,2007-11-13,6.05,16.13,-1.85,63.38,0.0,1.73,60.38,-14.34538,-70.0321,4130
Crucero,2007-11-14,5.47,14.99,0.99,70.77,1.76,1.85,60.41,-14.34538,-70.0321,4130
Crucero,2007-11-15,4.87,12.76,0.6,74.9,5.55,2.81,60.52,-14.34538,-70.0321,4130
Crucero,2007-11-16,5.54,12.93,0.6,76.08,4.56,2.15,60.56,-14.34538,-70.0321,4130
Crucero,2007-11-17,5.89,13.5,-0.05,70.7,0.18,2.58,60.63,-14.34538,-70.0321,4130
Crucero,2007-11-18,6.68,15.97,-0.01,70.63,0.01,2.63,60.6,-14.34538,-70.0321,4130
Crucero,2007-11-19,6.21,12.93,1.56,73.18,1.74,2.19,60.57,-14.34538,-70.0321,4130
Crucero,2007-11-20,5.11,11.23,1.08,77.11,11.54,2.42,60.54,-14.34538,-70.0321,4130
Crucero,2007-11-21,3.74,9.38,-0.74,81.39,4.79,2.54,60.66,-14.34538,-70.0321,4130
Crucero,2007-11-22,5.51,13.61,-0.96,76.15,4.26,1.92,60.63,-14.34538,-70.0321,4130
Crucero,2007-11-23,6.08,12.09,1.12,73.5,0.22,1.4,60.52,-14.34538,-70.0321,4130
Crucero,2007-11-24,6.65,12.79,2.37,70.53,0.81,2.08,60.43,-14.34538,-70.0321,4130
Crucero,2007-11-25,6.38,15.2,1.35,68.52,0.13,2.23,60.47,-14.34538,-70.0321,4130
Crucero,2007-11-26,6.65,15.01,0.47,67.2,1.37,2.22,60.57,-14.34538,-70.0321,4130
Crucero,2007-11-27,6.51,11.62,3.12,71.52,1.02,1.39,60.58,-14.34538,-70.0321,4130
Crucero,2007-11-28,6.9,12.79,1.7,67.86,0.87,1.8,60.54,-14.34538,-70.0321,4130
Crucero,2007-11-29,7.75,16.5,2.19,66.58,0.56,2.16,60.46,-14.34538,-70.0321,4130
Crucero,2007-11-30,6.72,14.39,1.15,70.75,0.49,2.06,60.46,-14.34538,-70.0321,4130
Crucero,2007-12-01,5.27,12.03,1.28,75.7,1.59,1.47,60.5,-14.34538,-70.0321,4130
Crucero,2007-12-02,4.76,11.97,0.83,78.87,0.95,1.88,60.53,-14.34538,-70.0321,4130
Crucero,2007-12-03,5.52,13.82,-1.39,71.17,0.07,1.81,60.49,-14.34538,-70.0321,4130
Crucero,2007-12-04,8.59,17.86,0.71,46.7,0.05,3.17,60.34,-14.34538,-70.0321,4130
Crucero,2007-12-05,6.12,12.92,0.6,63.84,1.15,2.48,60.47,-14.34538,-70.0321,4130
Crucero,2007-12-06,5.43,12.71,1.53,76.18,1.76,1.61,60.62,-14.34538,-70.0321,4130
Crucero,2007-12-07,6.73,15.9,-0.18,71.98,0.19,2.18,60.46,-14.34538,-70.0321,4130
Crucero,2007-12-08,5.47,11.71,1.65,73.43,0.01,2.0,60.42,-14.34538,-70.0321,4130
Crucero,2007-12-09,7.83,17.28,-0.2,52.32,0.46,3.05,60.47,-14.34538,-70.0321,4130
Crucero,2007-12-10,8.32,18.76,-1.95,51.42,0.13,2.99,60.51,-14.34538,-70.0321,4130
Crucero,2007-12-11,7.73,14.89,2.04,67.56,0.97,3.12,60.58,-14.34538,-70.0321,4130
Crucero,2007-12-12,5.64,12.72,-0.09,74.25,0.73,2.84,60.57,-14.34538,-70.0321,4130
Crucero,2007-12-13,7.23,16.04,0.08,71.47,1.4,2.73,60.55,-14.34538,-70.0321,4130
Crucero,2007-12-14,7.93,16.95,0.14,69.23,0.56,2.7,60.47,-14.34538,-70.0321,4130
Crucero,2007-12-15,6.3,10.17,2.73,81.0,4.98,2.91,60.34,-14.34538,-70.0321,4130
Crucero,2007-12-16,4.46,9.99,1.43,83.96,2.44,1.87,60.38,-14.34538,-70.0321,4130
Crucero,2007-12-17,5.24,10.26,0.61,80.11,1.53,1.17,60.5,-14.34538,-70.0321,4130
Crucero,2007-12-18,6.59,14.12,2.46,79.52,4.5,2.2,60.51,-14.34538,-70.0321,4130
Crucero,2007-12-19,4.9,10.55,1.88,83.2,28.54,2.48,60.53,-14.34538,-70.0321,4130
Crucero,2007-12-20,6.72,14.43,0.6,75.48,0.9,2.78,60.52,-14.34538,-70.0321,4130
Crucero,2007-12-21,7.75,15.71,1.38,70.44,0.0,3.31,60.57,-14.34538,-70.0321,4130
Crucero,2007-12-22,6.39,14.73,-0.04,75.78,0.7,3.27,60.64,-14.34538,-70.0321,4130
Crucero,2007-12-23,7.62,14.99,1.33,71.49,0.05,2.4,60.61,-14.34538,-70.0321,4130
Crucero,2007-12-24,8.3,15.79,1.63,69.94,0.08,2.73,60.54,-14.34538,-70.0321,4130
Crucero,2007-12-25,6.06,11.84,1.4,76.1,2.75,3.35,60.47,-14.34538,-70.0321,4130
Crucero,2007-12-26,6.96,14.39,0.74,73.78,0.49,2.46,60.39,-14.34538,-70.0321,4130
Crucero,2007-12-27,6.93,14.21,2.35,75.23,0.48,2.47,60.4,-14.34538,-70.0321,4130
Crucero,2007-12-28,5.52,11.31,1.42,80.55,1.73,1.86,60.48,-14.34538,-70.0321,4130
Crucero,2007-12-29,6.58,16.48,0.23,72.18,0.92,2.54,60.5,-14.34538,-70.0321,4130
Crucero,2007-12-30,6.61,14.22,0.93,68.69,0.31,2.28,60.54,-14.34538,-70.0321,4130
Crucero,2007-12-31,5.59,11.35,1.57,75.72,0.57,2.4,60.54,-14.34538,-70.0321,4130
Crucero,2008-01-01,5.31,11.6,0.06,76.31,1.14,1.47,60.49,-14.34538,-70.0321,4130
Crucero,2008-01-02,5.54,11.73,1.66,78.2,2.68,1.7,60.43,-14.34538,-70.0321,4130
Crucero,2008-01-03,5.58,12.45,0.89,78.46,4.5,2.52,60.55,-14.34538,-70.0321,4130
Crucero,2008-01-04,5.93,11.96,1.62,78.25,1.21,3.2,60.67,-14.34538,-70.0321,4130
Crucero,2008-01-05,5.67,11.18,1.99,77.56,1.33,3.23,60.69,-14.34538,-70.0321,4130
Crucero,2008-01-06,5.94,12.04,1.11,76.81,0.57,2.18,60.63,-14.34538,-70.0321,4130
Crucero,2008-01-07,6.59,13.99,0.11,78.35,5.05,2.36,60.6,-14.34538,-70.0321,4130
Crucero,2008-01-08,6.53,12.87,2.04,74.51,0.32,1.96,60.57,-14.34538,-70.0321,4130
Crucero,2008-01-09,5.27,9.21,1.9,81.62,3.02,1.65,60.39,-14.34538,-70.0321,4130
Crucero,2008-01-10,5.45,12.89,0.49,78.14,3.75,1.66,60.29,-14.34538,-70.0321,4130
Crucero,2008-01-11,6.62,12.99,2.4,79.75,11.4,3.2,60.32,-14.34538,-70.0321,4130
Crucero,2008-01-12,6.28,11.98,1.96,80.18,24.42,3.36,60.45,-14.34538,-70.0321,4130
Crucero,2008-01-13,6.51,14.44,-0.04,78.56,4.94,2.76,60.48,-14.34538,-70.0321,4130
Crucero,2008-01-14,5.82,10.38,1.4,82.71,2.76,3.12,60.48,-14.34538,-70.0321,4130
Crucero,2008-01-15,5.5,12.25,0.78,80.03,0.98,3.04,60.47,-14.34538,-70.0321,4130
Crucero,2008-01-16,6.88,13.88,1.49,75.09,0.47,3.3,60.47,-14.34538,-70.0321,4130
Crucero,2008-01-17,6.37,15.01,0.06,68.32,3.71,2.82,60.53,-14.34538,-70.0321,4130
Crucero,2008-01-18,6.68,13.31,-0.11,75.3,0.48,1.95,60.52,-14.34538,-70.0321,4130
Crucero,2008-01-19,7.08,12.28,3.44,80.31,1.55,3.04,60.45,-14.34538,-70.0321,4130
Crucero,2008-01-20,5.01,10.01,1.0,83.74,13.18,2.27,60.5,-14.34538,-70.0321,4130
Crucero,2008-01-21,4.98,11.31,0.71,83.13,5.33,2.06,60.5,-14.34538,-70.0321,4130
Crucero,2008-01-22,6.98,15.58,0.78,74.58,0.99,2.03,60.44,-14.34538,-70.0321,4130
Crucero,2008-01-23,6.96,12.32,3.4,80.8,48.09,1.3,60.4,-14.34538,-70.0321,4130
Crucero,2008-01-24,5.41,11.24,1.44,86.17,23.38,1.8,60.46,-14.34538,-70.0321,4130
Crucero,2008-01-25,4.9,12.08,1.51,85.74,4.8,1.51,60.53,-14.34538,-70.0321,4130
Crucero,2008-01-26,5.84,13.01,0.92,78.03,2.2,2.19,60.5,-14.34538,-70.0321,4130
Crucero,2008-01-27,5.71,12.21,-0.23,82.39,3.25,2.2,60.48,-14.34538,-70.0321,4130
Crucero,2008-01-28,5.84,10.07,1.75,86.82,3.51,2.2,60.44,-14.34538,-70.0321,4130
Crucero,2008-01-29,4.93,11.37,-0.04,84.86,2.59,2.45,60.42,-14.34538,-70.0321,4130
Crucero,2008-01-30,4.96,9.77,1.18,86.0,0.6,1.28,60.42,-14.34538,-70.0321,4130
Crucero,2008-01-31,6.02,12.4,0.97,80.02,3.35,2.45,60.35,-14.34538,-70.0321,4130
Crucero,2008-02-01,5.45,12.2,-0.5,77.29,3.57,2.28,60.37,-14.34538,-70.0321,4130
Crucero,2008-02-02,5.94,12.87,-0.05,77.91,8.76,2.02,60.42,-14.34538,-70.0321,4130
Crucero,2008-02-03,4.78,11.49,0.24,83.04,3.47,3.57,60.56,-14.34538,-70.0321,4130
Crucero,2008-02-04,4.86,12.94,-2.39,81.11,0.17,2.79,60.65,-14.34538,-70.0321,4130
Crucero,2008-02-05,5.63,13.0,-1.41,79.26,0.02,2.96,60.68,-14.34538,-70.0321,4130
Crucero,2008-02-06,6.6,14.53,-1.06,72.77,0.0,2.55,60.67,-14.34538,-70.0321,4130
Crucero,2008-02-07,6.94,13.31,2.09,78.26,5.24,1.61,60.64,-14.34538,-70.0321,4130
Crucero,2008-02-08,6.98,13.81,2.92,78.44,0.46,2.34,60.59,-14.34538,-70.0321,4130
Crucero,2008-02-09,6.59,13.47,1.21,76.04,0.41,2.1,60.53,-14.34538,-70.0321,4130
Crucero,2008-02-10,6.75,12.72,2.58,79.54,0.57,2.21,60.5,-14.34538,-70.0321,4130
Crucero,2008-02-11,5.98,11.54,2.74,82.62,12.32,2.57,60.53,-14.34538,-70.0321,4130
Crucero,2008-02-12,4.5,11.1,-0.26,83.74,0.71,2.03,60.56,-14.34538,-70.0321,4130
Crucero,2008-02-13,5.48,12.41,-1.62,79.8,0.0,2.24,60.57,-14.34538,-70.0321,4130
Crucero,2008-02-14,6.49,13.46,1.16,78.55,0.0,2.26,60.6,-14.34538,-70.0321,4130
Crucero,2008-02-15,6.49,14.09,1.1,76.37,0.04,1.93,60.6,-14.34538,-70.0321,4130
Crucero,2008-02-16,4.85,9.53,0.3,78.09,2.31,2.26,60.57,-14.34538,-70.0321,4130
Crucero,2008-02-17,4.2,11.6,-1.03,79.58,0.75,2.25,60.57,-14.34538,-70.0321,4130
Crucero,2008-02-18,4.86,12.34,-0.12,77.2,3.3,2.93,60.67,-14.34538,-70.0321,4130
Crucero,2008-02-19,3.68,9.7,-1.18,81.51,2.06,2.93,60.73,-14.34538,-70.0321,4130
Crucero,2008-02-20,4.58,11.5,-0.08,81.0,8.01,2.53,60.63,-14.34538,-70.0321,4130
Crucero,2008-02-21,4.65,11.55,-1.3,79.92,8.63,1.7,60.48,-14.34538,-70.0321,4130
Crucero,2008-02-22,4.92,12.25,1.24,84.89,2.46,1.42,60.48,-14.34538,-70.0321,4130
Crucero,2008-02-23,5.44,11.9,0.63,85.71,8.68,2.33,60.6,-14.34538,-70.0321,4130
Crucero,2008-02-24,5.86,12.16,1.81,84.4,11.07,1.26,60.62,-14.34538,-70.0321,4130
Crucero,2008-02-25,4.59,9.22,1.57,85.71,2.03,1.69,60.53,-14.34538,-70.0321,4130
Crucero,2008-02-26,5.51,11.96,1.12,83.86,1.77,1.86,60.46,-14.34538,-70.0321,4130
Crucero,2008-02-27,4.52,11.11,0.44,85.24,4.92,1.26,60.51,-14.34538,-70.0321,4130
Crucero,2008-02-28,4.58,10.89,-0.16,83.91,4.94,1.74,60.51,-14.34538,-70.0321,4130
Crucero,2008-02-29,5.0,11.62,0.49,84.28,2.07,1.65,60.47,-14.34538,-70.0321,4130
Crucero,2008-03-01,5.24,11.2,0.42,83.56,1.04,1.62,60.41,-14.34538,-70.0321,4130
Crucero,2008-03-02,4.19,10.34,-0.03,85.8,1.57,1.38,60.37,-14.34538,-70.0321,4130
Crucero,2008-03-03,4.91,11.82,0.39,83.71,1.79,2.39,60.48,-14.34538,-70.0321,4130
Crucero,2008-03-04,4.22,9.94,0.6,85.48,0.62,1.68,60.53,-14.34538,-70.0321,4130
Crucero,2008-03-05,5.84,13.63,-0.28,73.74,1.79,1.79,60.5,-14.34538,-70.0321,4130
Crucero,2008-03-06,5.76,13.26,-0.22,70.56,0.75,0.99,60.4,-14.34538,-70.0321,4130
Crucero,2008-03-07,4.29,11.47,-0.92,80.39,0.46,1.28,60.44,-14.34538,-70.0321,4130
Crucero,2008-03-08,4.67,11.47,0.16,82.47,0.51,1.58,60.49,-14.34538,-70.0321,4130
Crucero,2008-03-09,6.11,12.54,1.14,82.36,0.29,2.83,60.49,-14.34538,-70.0321,4130
Crucero,2008-03-10,4.66,10.25,1.23,83.85,0.51,1.38,60.51,-14.34538,-70.0321,4130
Crucero,2008-03-11,4.7,11.4,-0.15,82.84,0.43,1.99,60.47,-14.34538,-70.0321,4130
Crucero,2008-03-12,5.49,12.22,0.62,81.6,0.4,2.88,60.56,-14.34538,-70.0321,4130
Crucero,2008-03-13,4.61,10.58,0.61,84.18,2.0,1.98,60.69,-14.34538,-70.0321,4130
Crucero,2008-03-14,5.18,10.73,0.74,84.03,1.1,2.52,60.66,-14.34538,-70.0321,4130
Crucero,2008-03-15,5.98,13.83,-0.22,78.85,0.06,2.67,60.64,-14.34538,-70.0321,4130
Crucero,2008-03-16,5.44,13.99,-1.15,74.02,0.0,2.47,60.68,-14.34538,-70.0321,4130
Crucero,2008-03-17,4.11,13.91,-3.61,66.67,0.0,2.04,60.66,-14.34538,-70.0321,4130
Crucero,2008-03-18,3.76,12.68,-3.4,70.83,0.0,2.67,60.64,-14.34538,-70.0321,4130
Crucero,2008-03-19,4.39,12.0,-2.21,77.7,0.34,2.76,60.62,-14.34538,-70.0321,4130
Crucero,2008-03-20,3.77,12.32,-3.34,67.05,0.09,2.75,60.68,-14.34538,-70.0321,4130
Crucero,2008-03-21,3.6,12.14,-4.39,73.45,0.0,3.01,60.67,-14.34538,-70.0321,4130
Crucero,2008-03-22,3.79,12.46,-3.9,72.77,0.43,2.88,60.6,-14.34538,-70.0321,4130
Crucero,2008-03-23,3.58,11.01,-3.53,79.33,0.44,2.51,60.67,-14.34538,-70.0321,4130
Crucero,2008-03-24,4.44,11.47,-0.21,79.18,0.13,2.52,60.74,-14.34538,-70.0321,4130
Crucero,2008-03-25,5.44,13.63,-0.65,76.63,0.0,1.95,60.77,-14.34538,-70.0321,4130
Crucero,2008-03-26,5.46,14.38,-1.36,66.2,0.0,1.98,60.68,-14.34538,-70.0321,4130
Crucero,2008-03-27,6.46,15.43,-1.07,67.1,0.0,2.0,60.59,-14.34538,-70.0321,4130
Crucero,2008-03-28,5.32,12.75,-0.46,74.07,1.89,2.42,60.6,-14.34538,-70.0321,4130
Crucero,2008-03-29,4.91,11.84,-0.46,80.49,1.53,2.27,60.63,-14.34538,-70.0321,4130
Crucero,2008-03-30,6.18,11.81,2.48,81.22,3.53,1.93,60.58,-14.34538,-70.0321,4130
Crucero,2008-03-31,6.14,11.91,1.74,79.8,4.11,1.37,60.47,-14.34538,-70.0321,4130
Crucero,2008-04-01,5.0,11.58,1.11,82.34,0.79,1.47,60.37,-14.34538,-70.0321,4130
Crucero,2008-04-02,4.93,11.21,0.67,82.53,0.11,1.63,60.36,-14.34538,-70.0321,4130
Crucero,2008-04-03,4.38,11.07,-0.34,79.84,0.07,1.43,60.47,-14.34538,-70.0321,4130
Crucero,2008-04-04,5.7,13.81,-0.42,73.52,0.02,1.37,60.48,-14.34538,-70.0321,4130
Crucero,2008-04-05,4.9,13.1,-2.31,75.14,0.0,1.24,60.53,-14.34538,-70.0321,4130
Crucero,2008-04-06,6.56,15.42,-0.52,64.32,0.05,1.47,60.49,-14.34538,-70.0321,4130
Crucero,2008-04-07,5.01,14.92,-4.31,56.57,0.38,1.49,60.49,-14.34538,-70.0321,4130
Crucero,2008-04-08,6.04,14.67,-1.73,66.15,0.23,1.85,60.52,-14.34538,-70.0321,4130
Crucero,2008-04-09,5.4,11.36,0.46,75.16,0.0,2.41,60.61,-14.34538,-70.0321,4130
Crucero,2008-04-10,5.5,12.48,0.47,74.42,0.0,2.39,60.6,-14.34538,-70.0321,4130
Crucero,2008-04-11,3.58,10.27,-1.54,77.88,0.0,2.01,60.56,-14.34538,-70.0321,4130
Crucero,2008-04-12,3.95,12.61,-2.38,61.67,0.0,2.01,60.52,-14.34538,-70.0321,4130
Crucero,2008-04-13,5.29,14.77,-4.07,68.4,0.0,1.77,60.49,-14.34538,-70.0321,4130
Crucero,2008-04-14,5.79,10.71,1.89,80.15,0.76,2.66,60.53,-14.34538,-70.0321,4130
Crucero,2008-04-15,4.8,12.5,0.61,79.9,0.13,1.37,60.47,-14.34538,-70.0321,4130
Crucero,2008-04-16,4.77,12.93,0.19,78.81,0.01,1.74,60.53,-14.34538,-70.0321,4130
Crucero,2008-04-17,5.7,13.68,-0.77,77.1,0.0,1.67,60.68,-14.34538,-70.0321,4130
Crucero,2008-04-18,6.51,14.02,0.71,73.57,0.0,1.17,60.7,-14.34538,-70.0321,4130
Crucero,2008-04-19,6.94,14.76,0.46,72.02,0.0,1.07,60.62,-14.34538,-70.0321,4130
Crucero,2008-04-20,6.01,14.44,-1.18,70.45,0.11,1.94,60.58,-14.34538,-70.0321,4130
Crucero,2008-04-21,5.44,13.29,-0.76,73.4,0.01,1.24,60.61,-14.34538,-70.0321,4130
Crucero,2008-04-22,5.12,12.09,0.03,75.89,0.79,2.16,60.65,-14.34538,-70.0321,4130
Crucero,2008-04-23,5.66,13.79,-1.02,72.49,0.54,1.49,60.66,-14.34538,-70.0321,4130
Crucero,2008-04-24,6.08,13.77,0.22,73.2,0.0,1.37,60.62,-14.34538,-70.0321,4130
Crucero,2008-04-25,4.91,12.29,-0.3,76.62,0.0,1.22,60.57,-14.34538,-70.0321,4130
Crucero,2008-04-26,5.07,12.47,-0.87,75.12,0.0,1.03,60.53,-14.34538,-70.0321,4130
Crucero,2008-04-27,6.0,13.49,-1.01,69.9,0.13,1.39,60.55,-14.34538,-70.0321,4130
Crucero,2008-04-28,5.89,13.16,1.35,71.27,0.0,1.31,60.56,-14.34538,-70.0321,4130
Crucero,2008-04-29,4.88,11.38,-1.26,74.01,0.63,0.97,60.62,-14.34538,-70.0321,4130
Crucero,2008-04-30,6.8,14.89,0.27,67.44,0.99,1.1,60.56,-14.34538,-70.0321,4130
Crucero,2008-05-01,5.01,15.65,-4.9,45.29,0.0,1.73,60.54,-14.34538,-70.0321,4130
Crucero,2008-05-02,4.56,14.91,-3.4,52.94,0.0,1.28,60.56,-14.34538,-70.0321,4130
Crucero,2008-05-03,4.75,15.42,-3.17,65.21,0.0,1.24,60.58,-14.34538,-70.0321,4130
Crucero,2008-05-04,4.08,15.11,-4.31,42.83,0.0,1.74,60.58,-14.34538,-70.0321,4130
Crucero,2008-05-05,4.68,15.53,-2.98,47.69,0.0,1.58,60.63,-14.34538,-70.0321,4130
Crucero,2008-05-06,5.0,14.85,-3.3,62.46,0.0,1.23,60.6,-14.34538,-70.0321,4130
Crucero,2008-05-07,5.3,14.66,-1.94,67.22,0.0,1.67,60.6,-14.34538,-70.0321,4130
Crucero,2008-05-08,4.75,13.95,-3.49,70.49,0.37,1.72,60.63,-14.34538,-70.0321,4130
Crucero,2008-05-09,3.95,10.38,-1.85,71.68,1.05,0.84,60.68,-14.34538,-70.0321,4130
Crucero,2008-05-10,1.17,7.14,-3.34,71.93,1.69,1.21,60.67,-14.34538,-70.0321,4130
Crucero,2008-05-11,2.36,10.65,-3.73,66.02,0.3,1.09,60.7,-14.34538,-70.0321,4130
Crucero,2008-05-12,3.32,10.76,-2.46,73.94,0.55,1.55,60.7,-14.34538,-70.0321,4130
Crucero,2008-05-13,3.27,10.11,-1.46,79.77,0.2,1.65,60.7,-14.34538,-70.0321,4130
Crucero,2008-05-14,3.77,11.3,-2.8,71.83,0.02,1.6,60.68,-14.34538,-70.0321,4130
Crucero,2008-05-15,4.0,13.64,-3.04,59.98,0.0,1.86,60.67,-14.34538,-70.0321,4130
Crucero,2008-05-16,3.76,13.54,-3.86,70.66,0.0,1.31,60.7,-14.34538,-70.0321,4130
Crucero,2008-05-17,4.54,13.98,-4.53,63.11,0.0,1.02,60.71,-14.34538,-70.0321,4130
Crucero,2008-05-18,4.55,13.98,-3.49,69.39,0.0,1.36,60.74,-14.34538,-70.0321,4130
Crucero,2008-05-19,5.07,14.83,-3.1,67.39,0.0,1.55,60.77,-14.34538,-70.0321,4130
Crucero,2008-05-20,4.57,14.97,-4.39,66.64,0.0,1.43,60.74,-14.34538,-70.0321,4130
Crucero,2008-05-21,4.39,14.56,-4.37,68.56,0.0,1.72,60.68,-14.34538,-70.0321,4130
Crucero,2008-05-22,3.9,13.85,-3.96,67.2,0.07,1.68,60.69,-14.34538,-70.0321,4130
Crucero,2008-05-23,4.62,14.34,-3.32,69.59,0.01,1.18,60.69,-14.34538,-70.0321,4130
Crucero,2008-05-24,4.44,11.84,0.59,82.77,0.97,1.98,60.63,-14.34538,-70.0321,4130
Crucero,2008-05-25,3.42,10.02,-1.93,76.8,0.32,1.23,60.5,-14.34538,-70.0321,4130
Crucero,2008-05-26,2.27,9.52,-3.88,67.06,0.32,1.35,60.46,-14.34538,-70.0321,4130
Crucero,2008-05-27,2.69,13.12,-4.49,59.79,0.19,1.81,60.45,-14.34538,-70.0321,4130
Crucero,2008-05-28,3.38,13.5,-4.18,61.41,0.15,1.67,60.5,-14.34538,-70.0321,4130
Crucero,2008-05-29,2.68,9.54,-2.18,73.82,0.79,1.11,60.6,-14.34538,-70.0321,4130
Crucero,2008-05-30,3.48,9.9,-1.79,76.97,1.21,1.48,60.68,-14.34538,-70.0321,4130
Crucero,2008-05-31,4.05,13.49,-3.35,61.86,0.0,1.33,60.72,-14.34538,-70.0321,4130
Crucero,2008-06-01,3.92,11.89,-1.58,77.19,0.0,1.37,60.75,-14.34538,-70.0321,4130
Crucero,2008-06-02,4.69,13.6,-2.84,64.68,0.0,1.43,60.71,-14.34538,-70.0321,4130
Crucero,2008-06-03,3.83,13.03,-3.65,53.8,0.0,1.41,60.66,-14.34538,-70.0321,4130
Crucero,2008-06-04,3.48,13.14,-3.85,56.09,0.0,1.47,60.66,-14.34538,-70.0321,4130
Crucero,2008-06-05,3.24,13.01,-4.23,48.26,0.0,1.56,60.68,-14.34538,-70.0321,4130
Crucero,2008-06-06,2.98,12.73,-4.11,59.37,0.0,1.5,60.7,-14.34538,-70.0321,4130
Crucero,2008-06-07,3.52,13.77,-4.01,59.94,0.0,1.55,60.64,-14.34538,-70.0321,4130
Crucero,2008-06-08,3.04,13.65,-4.9,49.45,0.0,1.31,60.6,-14.34538,-70.0321,4130
Crucero,2008-06-09,3.91,13.32,-3.83,57.81,0.11,1.34,60.64,-14.34538,-70.0321,4130
Crucero,2008-06-10,2.51,8.24,-0.98,87.98,0.2,2.58,60.55,-14.34538,-70.0321,4130
Crucero,2008-06-11,4.25,11.56,-0.19,78.66,0.1,3.28,60.51,-14.34538,-70.0321,4130
Crucero,2008-06-12,3.5,9.94,-0.59,78.27,0.62,2.66,60.58,-14.34538,-70.0321,4130
Crucero,2008-06-13,3.78,12.66,-1.97,72.42,0.07,2.56,60.59,-14.34538,-70.0321,4130
Crucero,2008-06-14,1.71,7.16,-2.03,80.44,0.0,1.08,60.64,-14.34538,-70.0321,4130
Crucero,2008-06-15,2.54,8.42,-1.01,79.34,0.21,1.98,60.75,-14.34538,-70.0321,4130
Crucero,2008-06-16,3.75,11.67,-1.35,79.0,0.16,2.39,60.81,-14.34538,-70.0321,4130
Crucero,2008-06-17,4.43,14.23,-2.94,65.62,0.0,1.5,60.75,-14.34538,-70.0321,4130
Crucero,2008-06-18,4.37,14.73,-3.96,61.88,0.0,1.29,60.61,-14.34538,-70.0321,4130
Crucero,2008-06-19,4.68,14.94,-3.47,67.5,0.0,1.62,60.57,-14.34538,-70.0321,4130
Crucero,2008-06-20,4.56,14.06,-3.44,70.55,0.0,1.65,60.62,-14.34538,-70.0321,4130
Crucero,2008-06-21,4.12,13.72,-3.45,68.3,0.0,1.44,60.62,-14.34538,-70.0321,4130
Crucero,2008-06-22,3.55,11.49,-3.25,69.61,0.0,1.33,60.58,-14.34538,-70.0321,4130
Crucero,2008-06-23,4.14,13.43,-3.99,67.86,0.0,1.29,60.62,-14.34538,-70.0321,4130
Crucero,2008-06-24,4.41,13.21,-1.46,72.03,0.0,1.25,60.71,-14.34538,-70.0321,4130
Crucero,2008-06-25,4.25,13.94,-3.83,67.71,0.0,1.7,60.65,-14.34538,-70.0321,4130
Crucero,2008-06-26,4.13,14.29,-4.06,68.58,0.0,2.4,60.54,-14.34538,-70.0321,4130
Crucero,2008-06-27,3.5,12.65,-3.42,71.93,0.0,1.99,60.62,-14.34538,-70.0321,4130
Crucero,2008-06-28,4.23,13.29,-1.91,65.99,0.0,1.59,60.73,-14.34538,-70.0321,4130
Crucero,2008-06-29,3.48,13.1,-4.42,54.64,0.0,1.11,60.76,-14.34538,-70.0321,4130
Crucero,2008-06-30,3.79,13.41,-4.29,52.14,0.0,0.89,60.69,-14.34538,-70.0321,4130
Crucero,2008-07-01,3.16,13.11,-4.07,56.32,0.0,1.45,60.67,-14.34538,-70.0321,4130
Crucero,2008-07-02,3.42,13.32,-3.73,61.66,0.0,1.27,60.74,-14.34538,-70.0321,4130
Crucero,2008-07-03,3.35,13.11,-4.72,68.42,0.0,1.66,60.76,-14.34538,-70.0321,4130
Crucero,2008-07-04,3.26,12.81,-4.99,65.65,0.0,1.04,60.74,-14.34538,-70.0321,4130
Crucero,2008-07-05,3.23,14.2,-5.07,59.39,0.0,1.54,60.66,-14.34538,-70.0321,4130
Crucero,2008-07-06,3.67,14.3,-4.93,63.01,0.0,1.3,60.61,-14.34538,-70.0321,4130
Crucero,2008-07-07,3.97,14.37,-3.6,65.19,0.16,1.8,60.6,-14.34538,-70.0321,4130
Crucero,2008-07-08,3.91,13.69,-3.31,68.54,0.34,1.2,60.64,-14.34538,-70.0321,4130
Crucero,2008-07-09,5.18,13.32,-1.65,71.24,0.11,1.7,60.69,-14.34538,-70.0321,4130
Crucero,2008-07-10,5.58,13.43,0.56,72.93,0.01,2.31,60.76,-14.34538,-70.0321,4130
Crucero,2008-07-11,4.37,13.32,-2.72,69.07,0.0,1.7,60.8,-14.34538,-70.0321,4130
Crucero,2008-07-12,3.59,13.25,-4.4,58.84,0.0,1.65,60.71,-14.34538,-70.0321,4130
Crucero,2008-07-13,3.83,13.34,-4.91,58.1,0.06,1.95,60.61,-14.34538,-70.0321,4130
Crucero,2008-07-14,2.45,6.69,-1.03,79.17,0.03,2.43,60.68,-14.34538,-70.0321,4130
Crucero,2008-07-15,3.96,12.66,-2.29,68.79,0.0,1.63,60.77,-14.34538,-70.0321,4130
Crucero,2008-07-16,3.55,12.04,-3.97,68.18,0.0,1.21,60.73,-14.34538,-70.0321,4130
Crucero,2008-07-17,3.7,13.49,-4.58,63.66,0.0,1.42,60.54,-14.34538,-70.0321,4130
Crucero,2008-07-18,4.09,12.4,-2.44,74.2,0.5,1.45,60.54,-14.34538,-70.0321,4130
Crucero,2008-07-19,4.86,13.72,-0.94,67.51,0.1,1.74,60.57,-14.34538,-70.0321,4130
Crucero,2008-07-20,4.09,13.63,-3.17,64.33,0.0,2.23,60.64,-14.34538,-70.0321,4130
Crucero,2008-07-21,3.81,13.35,-4.54,53.96,0.0,1.88,60.64,-14.34538,-70.0321,4130
Crucero,2008-07-22,3.57,13.15,-4.0,49.25,0.0,1.3,60.64,-14.34538,-70.0321,4130
Crucero,2008-07-23,3.93,10.45,-1.03,76.54,0.38,1.32,60.64,-14.34538,-70.0321,4130
Crucero,2008-07-24,4.01,13.04,-3.22,74.25,0.01,2.46,60.71,-14.34538,-70.0321,4130
Crucero,2008-07-25,4.15,12.4,-0.71,75.11,0.0,1.13,60.74,-14.34538,-70.0321,4130
Crucero,2008-07-26,4.9,13.79,-2.6,65.45,0.0,1.63,60.67,-14.34538,-70.0321,4130
Crucero,2008-07-27,4.24,12.88,-3.31,72.9,0.0,2.11,60.67,-14.34538,-70.0321,4130
Crucero,2008-07-28,4.7,12.3,-0.32,71.47,0.24,3.06,60.69,-14.34538,-70.0321,4130
Crucero,2008-07-29,4.67,12.37,0.13,74.51,0.21,2.86,60.62,-14.34538,-70.0321,4130
Crucero,2008-07-30,3.95,11.21,-0.78,75.28,0.0,2.51,60.54,-14.34538,-70.0321,4130
Crucero,2008-07-31,4.19,12.64,-2.19,72.98,0.14,2.51,60.49,-14.34538,-70.0321,4130
Crucero,2008-08-01,5.05,13.32,-1.78,64.03,0.36,2.1,60.58,-14.34538,-70.0321,4130
Crucero,2008-08-02,4.37,14.59,-3.62,31.87,0.24,2.08,60.59,-14.34538,-70.0321,4130
Crucero,2008-08-03,3.85,13.67,-5.18,42.08,0.37,1.23,60.58,-14.34538,-70.0321,4130
Crucero,2008-08-04,4.24,11.4,-0.29,68.53,0.07,1.45,60.53,-14.34538,-70.0321,4130
Crucero,2008-08-05,3.6,10.87,-1.74,66.8,0.11,1.79,60.58,-14.34538,-70.0321,4130
Crucero,2008-08-06,3.62,10.7,-0.46,78.33,0.11,1.56,60.57,-14.34538,-70.0321,4130
Crucero,2008-08-07,3.19,10.27,-2.82,78.94,0.54,2.62,60.6,-14.34538,-70.0321,4130
Crucero,2008-08-08,3.92,9.07,-0.19,81.78,0.2,4.24,60.58,-14.34538,-70.0321,4130
Crucero,2008-08-09,4.12,12.73,-3.89,75.7,0.01,1.87,60.7,-14.34538,-70.0321,4130
Crucero,2008-08-10,6.13,15.3,-0.54,65.11,0.0,1.41,60.71,-14.34538,-70.0321,4130
Crucero,2008-08-11,5.24,15.11,-4.05,63.52,0.0,1.83,60.65,-14.34538,-70.0321,4130
Crucero,2008-08-12,6.52,15.88,-2.52,64.61,0.0,1.93,60.64,-14.34538,-70.0321,4130
Crucero,2008-08-13,7.05,15.41,0.4,66.42,0.38,1.62,60.68,-14.34538,-70.0321,4130
Crucero,2008-08-14,5.71,15.84,-3.25,51.33,0.0,2.28,60.75,-14.34538,-70.0321,4130
Crucero,2008-08-15,6.39,16.1,-2.45,63.02,0.0,1.77,60.75,-14.34538,-70.0321,4130
Crucero,2008-08-16,6.54,16.35,-2.89,58.42,0.0,1.53,60.63,-14.34538,-70.0321,4130
Crucero,2008-08-17,6.78,16.52,-3.75,55.75,0.0,2.17,60.59,-14.34538,-70.0321,4130
Crucero,2008-08-18,4.38,8.91,1.8,80.07,0.05,2.56,60.63,-14.34538,-70.0321,4130
Crucero,2008-08-19,4.59,10.76,0.27,77.55,0.0,1.68,60.67,-14.34538,-70.0321,4130
Crucero,2008-08-20,5.78,13.91,-0.42,73.33,3.48,1.47,60.67,-14.34538,-70.0321,4130
Crucero,2008-08-21,6.1,14.3,-0.7,72.9,0.09,2.63,60.68,-14.34538,-70.0321,4130
Crucero,2008-08-22,5.89,14.34,0.37,69.96,0.0,2.79,60.68,-14.34538,-70.0321,4130
Crucero,2008-08-23,5.45,15.58,-2.5,65.6,0.0,1.82,60.66,-14.34538,-70.0321,4130
Crucero,2008-08-24,4.96,14.92,-2.99,63.31,0.0,2.83,60.67,-14.34538,-70.0321,4130
Crucero,2008-08-25,4.65,14.43,-3.26,67.41,0.0,2.78,60.73,-14.34538,-70.0321,4130
Crucero,2008-08-26,5.7,15.25,-1.93,66.49,0.0,2.01,60.71,-14.34538,-70.0321,4130
Crucero,2008-08-27,6.13,16.26,-2.37,62.79,0.0,1.44,60.6,-14.34538,-70.0321,4130
Crucero,2008-08-28,5.39,15.31,-4.65,56.3,0.35,2.04,60.54,-14.34538,-70.0321,4130
Crucero,2008-08-29,3.19,7.39,0.58,85.21,0.79,2.09,60.53,-14.34538,-70.0321,4130
Crucero,2008-08-30,5.83,16.89,-1.73,59.63,0.05,2.11,60.5,-14.34538,-70.0321,4130
Crucero,2008-08-31,4.88,16.28,-4.38,48.56,0.0,1.73,60.56,-14.34538,-70.0321,4130
Crucero,2008-09-01,4.58,15.7,-3.5,57.03,0.0,2.82,60.65,-14.34538,-70.0321,4130
Crucero,2008-09-02,4.92,16.79,-4.46,61.43,0.0,2.26,60.64,-14.34538,-70.0321,4130
Crucero,2008-09-03,5.69,16.24,-4.24,66.22,0.0,3.29,60.56,-14.34538,-70.0321,4130
Crucero,2008-09-04,4.59,13.23,1.04,79.62,0.19,2.51,60.52,-14.34538,-70.0321,4130
Crucero,2008-09-05,6.72,16.99,-0.02,58.75,0.01,1.77,60.53,-14.34538,-70.0321,4130
Crucero,2008-09-06,4.29,10.81,-1.05,75.87,0.0,1.97,60.66,-14.34538,-70.0321,4130
Crucero,2008-09-07,2.25,6.1,-0.55,80.92,0.0,1.27,60.67,-14.34538,-70.0321,4130
Crucero,2008-09-08,5.54,14.95,-0.94,67.46,0.0,2.39,60.66,-14.34538,-70.0321,4130
Crucero,2008-09-09,4.55,12.48,-1.39,74.08,0.0,2.68,60.75,-14.34538,-70.0321,4130
Crucero,2008-09-10,4.09,10.15,0.4,75.0,0.01,2.52,60.8,-14.34538,-70.0321,4130
Crucero,2008-09-11,5.49,14.34,-1.2,66.95,0.0,1.91,60.75,-14.34538,-70.0321,4130
Crucero,2008-09-12,5.73,13.41,0.42,69.87,0.59,2.39,60.66,-14.34538,-70.0321,4130
Crucero,2008-09-13,3.92,10.1,-0.63,78.14,0.3,2.53,60.62,-14.34538,-70.0321,4130
Crucero,2008-09-14,4.74,13.56,-2.1,69.84,0.16,1.61,60.65,-14.34538,-70.0321,4130
Crucero,2008-09-15,4.67,12.0,-0.2,72.07,1.22,1.78,60.71,-14.34538,-70.0321,4130
Crucero,2008-09-16,2.81,9.04,-1.11,78.18,0.1,1.38,60.74,-14.34538,-70.0321,4130
Crucero,2008-09-17,4.97,14.04,-2.64,62.32,0.0,2.42,60.67,-14.34538,-70.0321,4130
Crucero,2008-09-18,4.5,13.15,-3.6,64.36,0.0,1.85,60.61,-14.34538,-70.0321,4130
Crucero,2008-09-19,4.86,14.3,-0.4,63.9,0.16,2.08,60.6,-14.34538,-70.0321,4130
Crucero,2008-09-20,2.96,9.44,-0.79,62.12,0.21,2.12,60.69,-14.34538,-70.0321,4130
Crucero,2008-09-21,5.5,13.76,-0.97,51.56,0.22,1.21,60.69,-14.34538,-70.0321,4130
Crucero,2008-09-22,4.9,14.46,-2.08,68.82,0.0,2.25,60.69,-14.34538,-70.0321,4130
Crucero,2008-09-23,6.06,15.58,-1.66,65.62,0.0,2.26,60.58,-14.34538,-70.0321,4130
Crucero,2008-09-24,6.18,14.77,0.84,69.94,0.19,2.83,60.51,-14.34538,-70.0321,4130
Crucero,2008-09-25,4.57,11.79,0.44,74.68,0.18,2.04,60.63,-14.34538,-70.0321,4130
Crucero,2008-09-26,4.32,10.38,0.06,76.38,0.01,1.96,60.68,-14.34538,-70.0321,4130
Crucero,2008-09-27,5.49,15.24,-1.65,72.29,0.17,2.68,60.61,-14.34538,-70.0321,4130
Crucero,2008-09-28,4.92,12.7,0.93,76.08,0.67,2.02,60.67,-14.34538,-70.0321,4130
Crucero,2008-09-29,5.91,12.97,1.41,73.05,0.07,2.62,60.7,-14.34538,-70.0321,4130
Crucero,2008-09-30,6.92,16.23,-0.6,66.19,0.0,2.9,60.78,-14.34538,-70.0321,4130
Crucero,2008-10-01,7.47,15.65,0.37,64.48,0.69,1.32,60.67,-14.34538,-70.0321,4130
Crucero,2008-10-02,7.84,16.32,-0.26,57.06,0.05,2.04,60.58,-14.34538,-70.0321,4130
Crucero,2008-10-03,8.83,18.68,0.1,48.82,0.57,2.08,60.47,-14.34538,-70.0321,4130
Crucero,2008-10-04,6.97,15.64,1.07,51.63,0.59,2.5,60.52,-14.34538,-70.0321,4130
Crucero,2008-10-05,4.64,13.72,0.18,61.01,1.15,3.06,60.53,-14.34538,-70.0321,4130
Crucero,2008-10-06,4.37,11.35,-0.71,67.3,0.66,2.06,60.62,-14.34538,-70.0321,4130
Crucero,2008-10-07,4.55,12.22,0.38,74.87,2.78,2.62,60.75,-14.34538,-70.0321,4130
Crucero,2008-10-08,4.71,13.61,-0.59,73.35,1.73,2.36,60.74,-14.34538,-70.0321,4130
Crucero,2008-10-09,4.97,12.64,-0.27,73.69,0.06,2.25,60.65,-14.34538,-70.0321,4130
Crucero,2008-10-10,6.73,16.62,-1.54,63.47,0.0,2.11,60.53,-14.34538,-70.0321,4130
Crucero,2008-10-11,6.94,17.08,-1.86,64.62,0.0,2.14,60.58,-14.34538,-70.0321,4130
Crucero,2008-10-12,7.1,14.97,3.76,72.82,0.04,3.71,60.6,-14.34538,-70.0321,4130
Crucero,2008-10-13,6.3,14.55,0.21,72.85,0.0,3.49,60.57,-14.34538,-70.0321,4130
Crucero,2008-10-14,7.33,16.78,0.09,67.95,0.0,2.99,60.59,-14.34538,-70.0321,4130
Crucero,2008-10-15,6.67,13.95,1.35,68.84,0.0,4.15,60.7,-14.34538,-70.0321,4130
Crucero,2008-10-16,6.17,12.52,1.99,75.82,0.03,3.71,60.78,-14.34538,-70.0321,4130
Crucero,2008-10-17,5.67,13.32,1.81,70.16,0.02,3.68,60.73,-14.34538,-70.0321,4130
Crucero,2008-10-18,5.14,13.82,0.19,68.63,0.94,2.04,60.64,-14.34538,-70.0321,4130
Crucero,2008-10-19,6.96,16.04,0.46,58.48,0.03,2.23,60.61,-14.34538,-70.0321,4130
Crucero,2008-10-20,8.12,17.95,-0.09,58.06,0.0,2.08,60.61,-14.34538,-70.0321,4130
Crucero,2008-10-21,6.71,15.99,1.4,74.02,0.41,1.92,60.57,-14.34538,-70.0321,4130
Crucero,2008-10-22,7.0,14.25,1.92,71.56,1.14,3.84,60.61,-14.34538,-70.0321,4130
Crucero,2008-10-23,5.88,10.47,2.5,81.0,1.12,3.48,60.63,-14.34538,-70.0321,4130
Crucero,2008-10-24,6.6,13.95,2.2,74.0,0.4,3.67,60.68,-14.34538,-70.0321,4130
Crucero,2008-10-25,6.11,13.61,1.44,72.05,1.99,2.44,60.66,-14.34538,-70.0321,4130
Crucero,2008-10-26,6.94,15.33,1.25,73.88,1.47,2.97,60.66,-14.34538,-70.0321,4130
Crucero,2008-10-27,6.28,11.07,2.61,79.37,1.68,3.82,60.69,-14.34538,-70.0321,4130
Crucero,2008-10-28,6.62,13.75,1.31,72.57,1.24,1.66,60.62,-14.34538,-70.0321,4130
Crucero,2008-10-29,6.76,16.16,1.55,70.99,0.29,2.96,60.56,-14.34538,-70.0321,4130
Crucero,2008-10-30,5.59,12.22,1.84,76.46,1.14,2.56,60.6,-14.34538,-70.0321,4130
Crucero,2008-10-31,5.97,13.74,1.32,74.36,0.58,1.54,60.61,-14.34538,-70.0321,4130
Crucero,2008-11-01,7.99,16.55,0.88,66.22,0.02,2.25,60.52,-14.34538,-70.0321,4130
Crucero,2008-11-02,5.81,13.29,2.67,78.0,0.08,3.23,60.58,-14.34538,-70.0321,4130
Crucero,2008-11-03,6.27,14.81,1.15,72.94,1.12,1.81,60.69,-14.34538,-70.0321,4130
Crucero,2008-11-04,6.04,12.56,1.2,74.45,0.45,2.17,60.7,-14.34538,-70.0321,4130
Crucero,2008-11-05,7.58,14.74,2.78,70.59,0.0,2.17,60.69,-14.34538,-70.0321,4130
Crucero,2008-11-06,7.81,15.53,0.58,65.68,0.0,2.83,60.64,-14.34538,-70.0321,4130
Crucero,2008-11-07,8.52,17.72,2.7,63.96,0.22,2.44,60.63,-14.34538,-70.0321,4130
Crucero,2008-11-08,8.32,17.91,2.99,65.4,0.0,2.7,60.65,-14.34538,-70.0321,4130
Crucero,2008-11-09,8.37,17.59,0.84,61.97,0.0,3.59,60.72,-14.34538,-70.0321,4130
Crucero,2008-11-10,8.01,17.19,2.31,65.99,4.81,2.68,60.7,-14.34538,-70.0321,4130
Crucero,2008-11-11,8.14,15.62,1.46,62.92,0.18,2.25,60.62,-14.34538,-70.0321,4130
Crucero,2008-11-12,8.43,16.0,1.54,56.87,0.79,1.88,60.46,-14.34538,-70.0321,4130
Crucero,2008-11-13,4.67,9.78,0.98,76.66,9.96,2.2,60.43,-14.34538,-70.0321,4130
Crucero,2008-11-14,6.66,14.04,0.85,72.4,0.51,2.73,60.4,-14.34538,-70.0321,4130
Crucero,2008-11-15,6.31,14.04,0.79,71.59,0.0,1.66,60.45,-14.34538,-70.0321,4130
Crucero,2008-11-16,5.23,12.62,1.58,77.54,2.37,1.99,60.49,-14.34538,-70.0321,4130
Crucero,2008-11-17,6.94,13.66,1.42,68.45,0.09,1.7,60.5,-14.34538,-70.0321,4130
Crucero,2008-11-18,7.24,15.54,1.0,69.77,0.0,2.65,60.51,-14.34538,-70.0321,4130
Crucero,2008-11-19,6.31,13.9,1.51,72.51,0.0,1.89,60.51,-14.34538,-70.0321,4130
Crucero,2008-11-20,5.62,13.49,1.19,73.48,0.0,1.93,60.53,-14.34538,-70.0321,4130
Crucero,2008-11-21,5.73,14.86,-0.23,73.37,2.6,2.96,60.63,-14.34538,-70.0321,4130
Crucero,2008-11-22,7.07,15.56,1.78,70.67,2.61,2.32,60.67,-14.34538,-70.0321,4130
Crucero,2008-11-23,5.52,11.84,2.22,77.77,0.65,2.06,60.62,-14.34538,-70.0321,4130
Crucero,2008-11-24,6.81,14.89,1.19,66.55,0.01,2.48,60.63,-14.34538,-70.0321,4130
Crucero,2008-11-25,7.3,16.23,1.04,67.64,0.01,2.06,60.58,-14.34538,-70.0321,4130
Crucero,2008-11-26,6.46,13.18,1.49,69.61,0.0,2.52,60.63,-14.34538,-70.0321,4130
Crucero,2008-11-27,5.59,10.55,2.18,83.36,0.08,3.33,60.61,-14.34538,-70.0321,4130
Crucero,2008-11-28,8.88,17.89,0.31,63.39,0.67,2.39,60.55,-14.34538,-70.0321,4130
Crucero,2008-11-29,7.19,13.36,2.95,76.93,0.09,3.1,60.53,-14.34538,-70.0321,4130
Crucero,2008-11-30,5.62,9.95,2.78,79.99,2.18,2.04,60.6,-14.34538,-70.0321,4130
Crucero,2008-12-01,4.61,9.78,1.47,83.72,0.27,2.18,60.63,-14.34538,-70.0321,4130
Crucero,2008-12-02,7.1,14.62,0.15,67.48,13.56,1.94,60.57,-14.34538,-70.0321,4130
Crucero,2008-12-03,3.48,10.9,-1.78,69.39,0.64,2.87,60.48,-14.34538,-70.0321,4130
Crucero,2008-12-04,6.44,17.04,-2.74,50.98,0.0,1.51,60.39,-14.34538,-70.0321,4130
Crucero,2008-12-05,6.32,16.37,-1.6,62.58,0.0,2.29,60.52,-14.34538,-70.0321,4130
Crucero,2008-12-06,5.97,12.69,1.12,72.17,0.0,4.0,60.63,-14.34538,-70.0321,4130
Crucero,2008-12-07,4.95,10.05,0.09,71.47,0.0,3.38,60.7,-14.34538,-70.0321,4130
Crucero,2008-12-08,5.18,10.0,1.37,75.54,0.32,2.66,60.66,-14.34538,-70.0321,4130
Crucero,2008-12-09,5.43,12.76,0.56,75.99,0.71,1.82,60.61,-14.34538,-70.0321,4130
Crucero,2008-12-10,5.83,13.23,1.06,71.79,0.79,1.87,60.53,-14.34538,-70.0321,4130
Crucero,2008-12-11,6.43,13.81,0.95,65.78,1.07,1.7,60.47,-14.34538,-70.0321,4130
Crucero,2008-12-12,5.61,11.06,2.42,71.49,0.32,2.29,60.52,-14.34538,-70.0321,4130
Crucero,2008-12-13,6.57,13.71,0.84,73.55,4.34,3.11,60.51,-14.34538,-70.0321,4130
Crucero,2008-12-14,6.72,14.64,0.57,76.01,7.9,2.49,60.56,-14.34538,-70.0321,4130
Crucero,2008-12-15,3.27,6.37,1.0,88.51,8.31,1.61,60.48,-14.34538,-70.0321,4130
Crucero,2008-12-16,5.38,13.02,-0.43,78.67,2.04,1.92,60.35,-14.34538,-70.0321,4130
Crucero,2008-12-17,7.12,14.59,1.33,74.66,0.47,2.99,60.39,-14.34538,-70.0321,4130
Crucero,2008-12-18,6.69,12.93,1.97,79.39,11.85,2.83,60.49,-14.34538,-70.0321,4130
Crucero,2008-12-19,7.2,13.59,2.48,76.47,20.46,3.61,60.49,-14.34538,-70.0321,4130
Crucero,2008-12-20,6.68,13.7,0.93,72.77,1.2,2.99,60.45,-14.34538,-70.0321,4130
Crucero,2008-12-21,6.45,13.25,-0.22,70.71,0.01,2.74,60.46,-14.34538,-70.0321,4130
Crucero,2008-12-22,5.85,12.0,-0.18,75.89,9.49,2.74,60.5,-14.34538,-70.0321,4130
Crucero,2008-12-23,5.58,10.49,2.05,80.9,18.9,1.38,60.53,-14.34538,-70.0321,4130
Crucero,2008-12-24,6.63,11.48,3.23,80.91,2.27,1.7,60.46,-14.34538,-70.0321,4130
Crucero,2008-12-25,6.54,14.36,1.44,77.23,2.64,1.83,60.4,-14.34538,-70.0321,4130
Crucero,2008-12-26,4.24,10.32,0.3,83.04,4.94,1.75,60.31,-14.34538,-70.0321,4130
Crucero,2008-12-27,4.52,12.34,-0.89,79.75,1.94,1.93,60.36,-14.34538,-70.0321,4130
Crucero,2008-12-28,5.46,11.74,-0.58,71.98,0.85,1.81,60.43,-14.34538,-70.0321,4130
Crucero,2008-12-29,4.94,13.73,-0.61,76.5,3.93,2.13,60.5,-14.34538,-70.0321,4130
Crucero,2008-12-30,5.03,11.74,0.21,78.56,1.25,3.21,60.53,-14.34538,-70.0321,4130
Crucero,2008-12-31,6.15,14.4,-0.82,78.67,4.47,3.01,60.49,-14.34538,-70.0321,4130
Crucero,2009-01-01,5.7,11.61,0.92,79.69,0.8,3.03,60.48,-14.34538,-70.0321,4130
Crucero,2009-01-02,5.68,12.64,1.75,80.43,0.95,2.0,60.47,-14.34538,-70.0321,4130
Crucero,2009-01-03,4.2,9.26,0.87,84.86,4.99,2.25,60.49,-14.34538,-70.0321,4130
Crucero,2009-01-04,5.48,13.16,0.44,78.39,4.17,2.13,60.54,-14.34538,-70.0321,4130
Crucero,2009-01-05,7.49,16.42,0.34,66.11,0.18,1.72,60.49,-14.34538,-70.0321,4130
Crucero,2009-01-06,7.33,15.41,-0.95,68.52,0.8,1.47,60.44,-14.34538,-70.0321,4130
Crucero,2009-01-07,4.65,8.83,1.09,84.79,2.63,1.55,60.47,-14.34538,-70.0321,4130
Crucero,2009-01-08,6.01,12.83,1.68,78.32,0.88,2.74,60.54,-14.34538,-70.0321,4130
Crucero,2009-01-09,5.64,12.14,1.27,79.64,0.79,2.89,60.6,-14.34538,-70.0321,4130
Crucero,2009-01-10,3.85,7.25,0.96,85.56,1.22,2.67,60.7,-14.34538,-70.0321,4130
Crucero,2009-01-11,4.95,10.8,1.2,80.93,1.58,3.11,60.68,-14.34538,-70.0321,4130
Crucero,2009-01-12,5.52,12.85,-0.65,75.47,0.09,3.67,60.63,-14.34538,-70.0321,4130
Crucero,2009-01-13,6.2,14.04,0.01,72.83,0.03,3.23,60.66,-14.34538,-70.0321,4130
Crucero,2009-01-14,6.22,13.67,1.43,73.42,0.0,2.46,60.69,-14.34538,-70.0321,4130
Crucero,2009-01-15,7.48,15.35,0.8,74.93,0.05,2.01,60.62,-14.34538,-70.0321,4130
Crucero,2009-01-16,7.71,14.38,2.91,72.31,2.82,2.32,60.56,-14.34538,-70.0321,4130
Crucero,2009-01-17,3.42,8.61,1.24,88.01,6.22,2.08,60.56,-14.34538,-70.0321,4130
Crucero,2009-01-18,5.02,11.74,0.97,81.38,1.97,2.31,60.56,-14.34538,-70.0321,4130
Crucero,2009-01-19,4.13,10.14,0.56,82.0,1.25,1.61,60.6,-14.34538,-70.0321,4130
Crucero,2009-01-20,3.77,8.4,1.13,85.38,0.98,2.29,60.63,-14.34538,-70.0321,4130
Crucero,2009-01-21,5.61,12.59,0.24,77.14,0.15,1.76,60.65,-14.34538,-70.0321,4130
Crucero,2009-01-22,6.73,13.9,1.78,76.78,0.52,2.28,60.63,-14.34538,-70.0321,4130
Crucero,2009-01-23,6.54,14.29,0.05,74.0,0.11,3.28,60.63,-14.34538,-70.0321,4130
Crucero,2009-01-24,6.88,13.91,1.44,72.08,0.02,1.13,60.52,-14.34538,-70.0321,4130
Crucero,2009-01-25,6.27,13.57,1.62,75.22,0.02,2.37,60.49,-14.34538,-70.0321,4130
Crucero,2009-01-26,5.92,13.63,0.26,74.83,1.96,2.89,60.58,-14.34538,-70.0321,4130
Crucero,2009-01-27,5.96,14.03,-1.36,73.66,2.5,2.55,60.61,-14.34538,-70.0321,4130
Crucero,2009-01-28,6.19,14.02,-0.49,75.23,1.54,3.02,60.58,-14.34538,-70.0321,4130
Crucero,2009-01-29,5.36,14.04,-2.49,72.8,0.14,2.82,60.65,-14.34538,-70.0321,4130
Crucero,2009-01-30,5.91,14.72,-1.12,68.24,0.0,2.84,60.68,-14.34538,-70.0321,4130
Crucero,2009-01-31,6.15,16.09,-2.38,60.58,0.0,2.7,60.65,-14.34538,-70.0321,4130
Crucero,2009-02-01,5.01,13.7,-1.04,75.33,3.36,2.65,60.59,-14.34538,-70.0321,4130
Crucero,2009-02-02,6.1,14.17,-0.59,77.86,3.12,2.0,60.51,-14.34538,-70.0321,4130
Crucero,2009-02-03,6.77,13.83,1.1,77.22,0.27,2.49,60.6,-14.34538,-70.0321,4130
Crucero,2009-02-04,6.04,13.5,-0.52,73.2,0.04,3.08,60.74,-14.34538,-70.0321,4130
Crucero,2009-02-05,6.44,14.86,-1.78,71.88,0.5,2.61,60.74,-14.34538,-70.0321,4130
Crucero,2009-02-06,7.5,15.34,1.04,72.2,0.07,2.58,60.67,-14.34538,-70.0321,4130
Crucero,2009-02-07,5.94,10.48,1.51,79.69,0.04,2.08,60.65,-14.34538,-70.0321,4130
Crucero,2009-02-08,6.34,15.25,0.48,77.95,6.45,2.27,60.57,-14.34538,-70.0321,4130
Crucero,2009-02-09,4.99,10.8,1.38,84.12,5.44,1.71,60.53,-14.34538,-70.0321,4130
Crucero,2009-02-10,7.06,13.99,1.01,70.58,0.25,1.39,60.58,-14.34538,-70.0321,4130
Crucero,2009-02-11,7.12,14.94,1.81,78.51,2.15,2.82,60.61,-14.34538,-70.0321,4130
Crucero,2009-02-12,5.65,12.17,1.69,82.42,3.58,2.26,60.61,-14.34538,-70.0321,4130
Crucero,2009-02-13,7.06,14.34,1.28,78.17,0.9,1.48,60.42,-14.34538,-70.0321,4130
Crucero,2009-02-14,6.5,10.52,3.87,83.6,3.8,1.8,60.31,-14.34538,-70.0321,4130
Crucero,2009-02-15,7.67,16.28,1.49,68.67,4.0,1.61,60.38,-14.34538,-70.0321,4130
Crucero,2009-02-16,7.36,16.97,-1.33,64.12,0.15,2.41,60.31,-14.34538,-70.0321,4130
Crucero,2009-02-17,5.03,9.93,1.42,79.08,6.16,3.06,60.43,-14.34538,-70.0321,4130
Crucero,2009-02-18,5.33,12.12,0.65,80.82,5.5,2.68,60.49,-14.34538,-70.0321,4130
Crucero,2009-02-19,6.35,14.51,0.71,80.94,3.43,2.37,60.5,-14.34538,-70.0321,4130
Crucero,2009-02-20,3.82,9.35,-0.24,89.66,3.43,1.17,60.43,-14.34538,-70.0321,4130
Crucero,2009-02-21,5.8,14.13,-1.0,79.28,12.82,2.56,60.45,-14.34538,-70.0321,4130
Crucero,2009-02-22,6.27,13.65,1.75,78.02,14.57,2.25,60.53,-14.34538,-70.0321,4130
Crucero,2009-02-23,5.09,11.16,0.94,80.88,4.96,1.94,60.56,-14.34538,-70.0321,4130
Crucero,2009-02-24,5.63,13.41,-1.17,77.68,1.95,2.21,60.49,-14.34538,-70.0321,4130
Crucero,2009-02-25,5.07,10.46,1.72,84.77,20.53,3.14,60.47,-14.34538,-70.0321,4130
Crucero,2009-02-26,5.29,10.95,1.71,83.42,4.61,2.49,60.43,-14.34538,-70.0321,4130
Crucero,2009-02-27,5.78,12.87,0.48,79.59,1.19,3.02,60.43,-14.34538,-70.0321,4130
Crucero,2009-02-28,5.12,10.49,1.11,83.92,1.0,2.31,60.53,-14.34538,-70.0321,4130
Crucero,2009-03-01,5.94,11.4,1.34,83.22,8.61,3.04,60.55,-14.34538,-70.0321,4130
Crucero,2009-03-02,6.07,12.64,2.01,82.13,1.53,2.78,60.59,-14.34538,-70.0321,4130
Crucero,2009-03-03,5.12,10.44,1.63,83.65,0.79,2.15,60.67,-14.34538,-70.0321,4130
Crucero,2009-03-04,5.92,13.57,0.58,79.48,3.04,2.39,60.65,-14.34538,-70.0321,4130
Crucero,2009-03-05,4.16,10.69,-0.62,80.38,0.83,3.12,60.71,-14.34538,-70.0321,4130
Crucero,2009-03-06,4.76,12.0,-2.11,78.58,0.1,3.06,60.73,-14.34538,-70.0321,4130
Crucero,2009-03-07,6.12,13.64,0.09,76.92,0.13,2.22,60.71,-14.34538,-70.0321,4130
Crucero,2009-03-08,4.59,9.84,0.13,89.78,4.11,2.12,60.6,-14.34538,-70.0321,4130
Crucero,2009-03-09,5.04,12.99,-2.15,79.79,2.24,2.55,60.63,-14.34538,-70.0321,4130
Crucero,2009-03-10,5.97,14.68,-0.03,77.75,0.3,2.12,60.53,-14.34538,-70.0321,4130
Crucero,2009-03-11,5.17,13.15,0.93,82.08,3.11,2.06,60.43,-14.34538,-70.0321,4130
Crucero,2009-03-12,5.02,12.66,0.26,82.76,2.95,1.39,60.44,-14.34538,-70.0321,4130
Crucero,2009-03-13,4.56,8.99,1.05,85.55,7.21,2.05,60.49,-14.34538,-70.0321,4130
Crucero,2009-03-14,4.5,10.99,0.63,82.09,0.83,2.53,60.58,-14.34538,-70.0321,4130
Crucero,2009-03-15,4.79,14.05,-2.36,64.53,0.0,2.52,60.75,-14.34538,-70.0321,4130
Crucero,2009-03-16,5.17,14.08,-3.06,67.41,0.04,1.88,60.7,-14.34538,-70.0321,4130
Crucero,2009-03-17,6.56,13.82,1.27,76.13,0.01,2.77,60.57,-14.34538,-70.0321,4130
Crucero,2009-03-18,5.48,12.16,-0.13,75.42,0.33,3.16,60.6,-14.34538,-70.0321,4130
Crucero,2009-03-19,5.47,12.95,0.92,78.71,0.51,2.92,60.54,-14.34538,-70.0321,4130
Crucero,2009-03-20,5.57,12.5,0.44,77.98,0.94,3.05,60.55,-14.34538,-70.0321,4130
Crucero,2009-03-21,5.61,12.72,1.66,80.57,0.14,2.6,60.54,-14.34538,-70.0321,4130
Crucero,2009-03-22,5.56,12.79,0.79,79.86,0.63,1.32,60.47,-14.34538,-70.0321,4130
Crucero,2009-03-23,5.57,13.67,1.05,80.84,1.45,1.84,60.45,-14.34538,-70.0321,4130
Crucero,2009-03-24,5.57,10.7,2.21,84.43,4.39,1.37,60.5,-14.34538,-70.0321,4130
Crucero,2009-03-25,5.89,13.25,1.39,79.23,1.0,0.85,60.47,-14.34538,-70.0321,4130
Crucero,2009-03-26,5.43,11.2,1.75,80.9,2.2,1.39,60.44,-14.34538,-70.0321,4130
Crucero,2009-03-27,4.94,12.3,-0.08,83.07,0.39,1.66,60.52,-14.34538,-70.0321,4130
Crucero,2009-03-28,5.87,12.79,-0.51,80.84,5.88,1.47,60.53,-14.34538,-70.0321,4130
Crucero,2009-03-29,5.87,13.51,1.54,81.6,0.88,1.1,60.47,-14.34538,-70.0321,4130
Crucero,2009-03-30,5.91,14.03,1.1,75.29,0.01,1.39,60.53,-14.34538,-70.0321,4130
Crucero,2009-03-31,6.84,15.24,-0.8,71.47,0.38,2.02,60.6,-14.34538,-70.0321,4130
Crucero,2009-04-01,5.81,14.29,-1.27,71.63,1.06,2.77,60.62,-14.34538,-70.0321,4130
Crucero,2009-04-02,6.67,14.38,-0.07,75.47,1.44,1.59,60.58,-14.34538,-70.0321,4130
Crucero,2009-04-03,7.48,14.94,2.41,75.58,0.31,1.46,60.53,-14.34538,-70.0321,4130
Crucero,2009-04-04,7.5,15.15,1.01,74.57,0.58,1.83,60.54,-14.34538,-70.0321,4130
Crucero,2009-04-05,6.26,13.18,1.88,72.07,1.36,2.38,60.62,-14.34538,-70.0321,4130
Crucero,2009-04-06,4.44,10.07,0.42,81.04,0.42,2.25,60.67,-14.34538,-70.0321,4130
Crucero,2009-04-07,5.76,13.1,0.41,78.84,1.54,2.31,60.65,-14.34538,-70.0321,4130
Crucero,2009-04-08,5.54,12.27,1.05,79.8,1.66,2.77,60.65,-14.34538,-70.0321,4130
Crucero,2009-04-09,4.63,10.78,0.04,82.19,0.76,2.54,60.68,-14.34538,-70.0321,4130
Crucero,2009-04-10,4.55,12.39,-1.12,78.53,0.41,3.12,60.72,-14.34538,-70.0321,4130
Crucero,2009-04-11,5.52,13.41,-1.02,78.25,0.0,2.16,60.67,-14.34538,-70.0321,4130
Crucero,2009-04-12,6.65,14.74,0.39,75.6,1.03,2.36,60.63,-14.34538,-70.0321,4130
Crucero,2009-04-13,5.93,14.49,-1.35,74.75,0.81,2.78,60.67,-14.34538,-70.0321,4130
Crucero,2009-04-14,5.35,13.19,-0.25,76.59,1.05,3.0,60.77,-14.34538,-70.0321,4130
Crucero,2009-04-15,3.91,12.82,-3.76,75.72,0.15,2.07,60.84,-14.34538,-70.0321,4130
Crucero,2009-04-16,4.92,14.02,-3.25,73.94,0.0,2.31,60.82,-14.34538,-70.0321,4130
Crucero,2009-04-17,4.12,13.91,-3.36,63.72,0.0,2.07,60.77,-14.34538,-70.0321,4130
Crucero,2009-04-18,4.5,15.09,-3.43,59.58,0.01,1.88,60.69,-14.34538,-70.0321,4130
Crucero,2009-04-19,5.44,15.38,-3.22,57.87,0.1,1.87,60.72,-14.34538,-70.0321,4130
Crucero,2009-04-20,5.67,13.31,0.85,75.42,0.05,2.13,60.74,-14.34538,-70.0321,4130
Crucero,2009-04-21,4.51,11.15,1.15,79.49,0.0,1.7,60.74,-14.34538,-70.0321,4130
Crucero,2009-04-22,5.02,12.7,-0.99,77.88,1.03,1.02,60.73,-14.34538,-70.0321,4130
Crucero,2009-04-23,5.62,14.04,-1.07,71.91,0.76,1.52,60.63,-14.34538,-70.0321,4130
Crucero,2009-04-24,5.68,13.94,-0.8,68.25,2.65,1.45,60.59,-14.34538,-70.0321,4130
Crucero,2009-04-25,5.33,13.63,-1.83,73.03,0.34,1.35,60.65,-14.34538,-70.0321,4130
Crucero,2009-04-26,4.22,11.57,0.71,80.33,0.0,2.22,60.71,-14.34538,-70.0321,4130
Crucero,2009-04-27,6.18,14.25,-1.03,70.76,0.0,2.16,60.72,-14.34538,-70.0321,4130
Crucero,2009-04-28,7.03,14.44,1.56,70.54,0.0,1.19,60.67,-14.34538,-70.0321,4130
Crucero,2009-04-29,6.46,14.87,-0.66,68.45,0.0,1.36,60.67,-14.34538,-70.0321,4130
Crucero,2009-04-30,5.99,13.68,1.26,72.58,0.02,2.2,60.78,-14.34538,-70.0321,4130
Crucero,2009-05-01,4.0,8.59,-0.05,79.61,0.0,1.11,60.78,-14.34538,-70.0321,4130
Crucero,2009-05-02,4.77,12.78,-2.41,73.61,0.0,0.71,60.77,-14.34538,-70.0321,4130
Crucero,2009-05-03,5.53,12.89,1.31,75.59,0.0,1.08,60.65,-14.34538,-70.0321,4130
Crucero,2009-05-04,5.51,15.28,-3.77,64.88,0.08,1.53,60.53,-14.34538,-70.0321,4130
Crucero,2009-05-05,5.51,13.54,0.64,61.98,1.84,1.48,60.57,-14.34538,-70.0321,4130
Crucero,2009-05-06,3.27,6.95,1.16,85.59,0.18,0.96,60.63,-14.34538,-70.0321,4130
Crucero,2009-05-07,3.47,9.29,-0.67,82.03,0.0,1.08,60.61,-14.34538,-70.0321,4130
Crucero,2009-05-08,5.2,13.27,-1.92,74.86,0.0,1.1,60.65,-14.34538,-70.0321,4130
Crucero,2009-05-09,5.4,12.45,1.4,76.25,0.0,0.72,60.67,-14.34538,-70.0321,4130
Crucero,2009-05-10,3.36,8.27,0.41,81.82,0.0,1.3,60.67,-14.34538,-70.0321,4130
Crucero,2009-05-11,4.49,12.65,-1.19,73.71,0.0,1.56,60.64,-14.34538,-70.0321,4130
Crucero,2009-05-12,5.12,13.16,-1.12,61.65,0.01,1.36,60.64,-14.34538,-70.0321,4130
Crucero,2009-05-13,5.06,13.25,-1.84,71.11,0.15,1.21,60.6,-14.34538,-70.0321,4130
Crucero,2009-05-14,5.3,14.62,-2.43,64.25,0.53,1.37,60.61,-14.34538,-70.0321,4130
Crucero,2009-05-15,5.23,13.7,-0.53,70.12,0.79,1.04,60.55,-14.34538,-70.0321,4130
Crucero,2009-05-16,4.27,14.05,-2.92,62.43,0.06,1.25,60.51,-14.34538,-70.0321,4130
Crucero,2009-05-17,3.88,14.33,-5.0,64.63,0.0,1.94,60.53,-14.34538,-70.0321,4130
Crucero,2009-05-18,2.58,9.84,-0.99,85.66,0.0,1.66,60.68,-14.34538,-70.0321,4130
Crucero,2009-05-19,2.31,8.83,-2.56,83.12,0.23,2.41,60.75,-14.34538,-70.0321,4130
Crucero,2009-05-20,4.47,13.27,-2.65,74.83,0.04,1.04,60.73,-14.34538,-70.0321,4130
Crucero,2009-05-21,5.37,14.06,-2.39,72.82,0.0,1.2,60.68,-14.34538,-70.0321,4130
Crucero,2009-05-22,5.77,13.59,-0.8,64.31,0.0,1.09,60.7,-14.34538,-70.0321,4130
Crucero,2009-05-23,4.98,12.96,0.53,68.53,0.98,1.3,60.75,-14.34538,-70.0321,4130
Crucero,2009-05-24,4.7,12.44,-2.19,70.4,0.04,0.99,60.77,-14.34538,-70.0321,4130
Crucero,2009-05-25,5.57,14.88,-3.33,66.29,0.04,1.23,60.69,-14.34538,-70.0321,4130
Crucero,2009-05-26,3.47,8.33,-0.66,82.6,1.2,1.27,60.65,-14.34538,-70.0321,4130
Crucero,2009-05-27,2.39,4.96,-0.47,89.44,0.37,1.23,60.61,-14.34538,-70.0321,4130
Crucero,2009-05-28,3.77,8.96,0.0,83.25,1.07,1.39,60.62,-14.34538,-70.0321,4130
Crucero,2009-05-29,4.5,10.93,-0.02,75.9,0.04,2.01,60.65,-14.34538,-70.0321,4130
Crucero,2009-05-30,5.13,14.04,-1.65,67.46,0.16,1.76,60.63,-14.34538,-70.0321,4130
Crucero,2009-05-31,4.36,12.36,-1.87,67.62,0.71,1.97,60.66,-14.34538,-70.0321,4130
Crucero,2009-06-01,4.24,13.41,-2.89,54.5,0.09,1.36,60.65,-14.34538,-70.0321,4130
Crucero,2009-06-02,4.33,14.1,-3.67,49.55,0.0,1.61,60.64,-14.34538,-70.0321,4130
Crucero,2009-06-03,2.6,13.11,-5.62,35.51,0.0,1.93,60.6,-14.34538,-70.0321,4130
Crucero,2009-06-04,3.38,13.4,-4.85,34.54,0.0,1.44,60.65,-14.34538,-70.0321,4130
Crucero,2009-06-05,3.01,13.47,-4.47,48.71,0.0,1.44,60.75,-14.34538,-70.0321,4130
Crucero,2009-06-06,2.4,13.2,-5.09,65.95,0.0,1.05,60.78,-14.34538,-70.0321,4130
Crucero,2009-06-07,3.33,13.65,-4.4,61.62,0.0,1.36,60.72,-14.34538,-70.0321,4130
Crucero,2009-06-08,2.92,13.84,-5.33,46.16,0.0,1.33,60.67,-14.34538,-70.0321,4130
Crucero,2009-06-09,2.57,13.09,-5.06,48.58,0.09,1.04,60.65,-14.34538,-70.0321,4130
Crucero,2009-06-10,2.8,12.63,-4.44,65.06,0.14,1.43,60.72,-14.34538,-70.0321,4130
Crucero,2009-06-11,2.43,10.42,-4.25,70.41,1.38,1.03,60.78,-14.34538,-70.0321,4130
Crucero,2009-06-12,3.07,12.9,-3.41,66.82,0.41,1.25,60.78,-14.34538,-70.0321,4130
Crucero,2009-06-13,3.66,13.25,-4.65,64.28,0.0,1.05,60.7,-14.34538,-70.0321,4130
Crucero,2009-06-14,4.1,14.49,-3.1,56.63,0.0,1.89,60.59,-14.34538,-70.0321,4130
Crucero,2009-06-15,2.79,13.21,-4.48,36.61,0.0,1.97,60.6,-14.34538,-70.0321,4130
Crucero,2009-06-16,2.78,11.59,-3.57,49.2,0.0,1.26,60.7,-14.34538,-70.0321,4130
Crucero,2009-06-17,3.91,12.56,-3.37,61.94,0.0,1.69,60.64,-14.34538,-70.0321,4130
Crucero,2009-06-18,3.67,12.72,-3.21,55.89,0.0,1.19,60.6,-14.34538,-70.0321,4130
Crucero,2009-06-19,2.99,11.71,-3.6,70.43,0.1,1.38,60.59,-14.34538,-70.0321,4130
Crucero,2009-06-20,3.71,12.72,-4.02,67.53,0.0,1.57,60.62,-14.34538,-70.0321,4130
Crucero,2009-06-21,3.43,9.25,-2.43,73.37,0.03,0.7,60.61,-14.34538,-70.0321,4130
Crucero,2009-06-22,4.74,12.91,-1.69,61.57,0.05,1.2,60.59,-14.34538,-70.0321,4130
Crucero,2009-06-23,3.09,9.4,-2.0,73.25,0.58,0.75,60.62,-14.34538,-70.0321,4130
Crucero,2009-06-24,3.39,10.54,-0.68,79.59,0.49,1.59,60.69,-14.34538,-70.0321,4130
Crucero,2009-06-25,4.65,13.36,-1.54,57.03,0.01,1.72,60.71,-14.34538,-70.0321,4130
Crucero,2009-06-26,4.08,13.32,-2.76,44.19,0.0,0.95,60.73,-14.34538,-70.0321,4130
Crucero,2009-06-27,2.9,13.11,-4.49,50.75,0.0,1.0,60.79,-14.34538,-70.0321,4130
Crucero,2009-06-28,3.1,13.42,-5.36,32.91,0.0,1.43,60.76,-14.34538,-70.0321,4130
Crucero,2009-06-29,3.26,13.87,-4.93,40.44,0.0,1.66,60.63,-14.34538,-70.0321,4130
Crucero,2009-06-30,4.35,13.25,-2.13,68.99,0.0,1.46,60.58,-14.34538,-70.0321,4130
Crucero,2009-07-01,4.32,13.81,-3.07,65.32,0.06,1.42,60.6,-14.34538,-70.0321,4130
Crucero,2009-07-02,3.92,13.72,-4.28,48.69,1.84,1.49,60.66,-14.34538,-70.0321,4130
Crucero,2009-07-03,3.16,12.69,-4.62,43.03,2.93,1.31,60.64,-14.34538,-70.0321,4130
Crucero,2009-07-04,3.27,13.37,-4.19,48.41,0.86,1.59,60.62,-14.34538,-70.0321,4130
Crucero,2009-07-05,2.97,12.61,-4.12,43.24,0.21,1.43,60.64,-14.34538,-70.0321,4130
Crucero,2009-07-06,1.69,8.0,-3.8,67.49,0.08,1.1,60.66,-14.34538,-70.0321,4130
Crucero,2009-07-07,3.87,11.47,-2.0,70.87,0.0,1.47,60.6,-14.34538,-70.0321,4130
Crucero,2009-07-08,3.19,10.11,-2.78,68.73,0.57,1.04,60.62,-14.34538,-70.0321,4130
Crucero,2009-07-09,3.77,11.38,-1.01,67.73,1.64,1.05,60.63,-14.34538,-70.0321,4130
Crucero,2009-07-10,4.47,14.18,-3.35,59.47,0.34,1.7,60.63,-14.34538,-70.0321,4130
Crucero,2009-07-11,4.74,13.18,-3.33,58.98,3.94,1.98,60.68,-14.34538,-70.0321,4130
Crucero,2009-07-12,3.99,10.81,-0.92,81.97,0.7,1.56,60.56,-14.34538,-70.0321,4130
Crucero,2009-07-13,4.48,13.83,-3.25,70.32,0.0,2.53,60.67,-14.34538,-70.0321,4130
Crucero,2009-07-14,4.25,12.3,-2.91,74.99,0.08,2.73,60.8,-14.34538,-70.0321,4130
Crucero,2009-07-15,5.2,14.44,-1.97,74.11,0.0,1.52,60.71,-14.34538,-70.0321,4130
Crucero,2009-07-16,5.1,13.74,-2.67,72.35,0.0,2.05,60.69,-14.34538,-70.0321,4130
Crucero,2009-07-17,4.29,12.46,-2.47,71.98,0.0,2.56,60.75,-14.34538,-70.0321,4130
Crucero,2009-07-18,3.13,13.51,-3.83,64.57,0.0,1.84,60.87,-14.34538,-70.0321,4130
Crucero,2009-07-19,3.31,12.02,-2.96,65.24,0.0,1.76,60.74,-14.34538,-70.0321,4130
Crucero,2009-07-20,3.57,13.38,-4.91,63.12,0.0,2.52,60.56,-14.34538,-70.0321,4130
Crucero,2009-07-21,3.38,13.18,-4.33,52.26,0.0,3.01,60.51,-14.34538,-70.0321,4130
Crucero,2009-07-22,3.69,13.28,-4.37,57.81,0.41,2.42,60.55,-14.34538,-70.0321,4130
Crucero,2009-07-23,3.35,10.25,-1.98,77.67,0.2,2.02,60.55,-14.34538,-70.0321,4130
Crucero,2009-07-24,2.13,8.0,-2.5,83.3,0.34,2.05,60.51,-14.34538,-70.0321,4130
Crucero,2009-07-25,3.17,11.56,-2.81,76.78,0.01,2.83,60.54,-14.34538,-70.0321,4130
Crucero,2009-07-26,2.24,10.54,-4.2,78.84,0.36,3.0,60.66,-14.34538,-70.0321,4130
Crucero,2009-07-27,2.94,11.71,-3.41,66.46,0.05,2.5,60.74,-14.34538,-70.0321,4130
Crucero,2009-07-28,3.69,13.35,-4.41,66.12,0.0,1.76,60.68,-14.34538,-70.0321,4130
Crucero,2009-07-29,4.55,13.18,-2.68,68.99,0.0,2.12,60.66,-14.34538,-70.0321,4130
Crucero,2009-07-30,4.57,13.89,-3.38,65.44,0.0,1.9,60.69,-14.34538,-70.0321,4130
Crucero,2009-07-31,4.56,14.5,-4.32,62.01,0.0,1.45,60.71,-14.34538,-70.0321,4130
Crucero,2009-08-01,4.78,14.61,-3.77,63.59,0.47,2.29,60.67,-14.34538,-70.0321,4130
Crucero,2009-08-02,6.11,14.72,-0.5,66.19,0.48,1.98,60.67,-14.34538,-70.0321,4130
Crucero,2009-08-03,6.37,14.51,0.71,70.78,0.04,1.87,60.71,-14.34538,-70.0321,4130
Crucero,2009-08-04,6.57,15.24,-0.86,63.21,0.01,1.51,60.71,-14.34538,-70.0321,4130
Crucero,2009-08-05,5.77,15.3,-3.22,62.49,0.0,1.34,60.67,-14.34538,-70.0321,4130
Crucero,2009-08-06,5.07,11.13,0.63,76.08,0.0,2.91,60.65,-14.34538,-70.0321,4130
Crucero,2009-08-07,4.38,11.24,-0.3,70.11,0.0,2.31,60.65,-14.34538,-70.0321,4130
Crucero,2009-08-08,3.44,11.32,-1.78,63.87,1.65,2.27,60.75,-14.34538,-70.0321,4130
Crucero,2009-08-09,3.97,12.47,-2.77,37.23,0.09,1.14,60.76,-14.34538,-70.0321,4130
Crucero,2009-08-10,2.79,8.35,-1.05,72.07,0.04,0.99,60.76,-14.34538,-70.0321,4130
Crucero,2009-08-11,4.31,12.04,-2.24,56.14,0.0,1.27,60.69,-14.34538,-70.0321,4130
Crucero,2009-08-12,4.49,13.99,-4.38,47.36,0.0,1.13,60.68,-14.34538,-70.0321,4130
Crucero,2009-08-13,5.18,14.86,-4.14,58.15,0.0,1.38,60.67,-14.34538,-70.0321,4130
Crucero,2009-08-14,5.68,13.83,-1.67,63.15,0.0,1.05,60.64,-14.34538,-70.0321,4130
Crucero,2009-08-15,6.19,16.29,-2.59,50.7,0.0,2.08,60.51,-14.34538,-70.0321,4130
Crucero,2009-08-16,5.94,15.47,-2.92,51.16,0.0,2.02,60.5,-14.34538,-70.0321,4130
Crucero,2009-08-17,6.44,15.45,-2.15,47.85,0.0,0.91,60.56,-14.34538,-70.0321,4130
Crucero,2009-08-18,5.54,16.37,-4.07,37.72,1.04,1.12,60.59,-14.34538,-70.0321,4130
Crucero,2009-08-19,4.09,16.4,-5.47,27.8,1.08,1.98,60.58,-14.34538,-70.0321,4130
Crucero,2009-08-20,4.86,15.52,-4.03,37.23,0.25,1.48,60.63,-14.34538,-70.0321,4130
Crucero,2009-08-21,5.65,15.33,-1.68,40.25,0.07,1.42,60.59,-14.34538,-70.0321,4130
Crucero,2009-08-22,3.19,15.45,-6.76,18.71,0.0,2.85,60.48,-14.34538,-70.0321,4130
Crucero,2009-08-23,4.0,14.7,-5.65,28.09,0.57,2.18,60.49,-14.34538,-70.0321,4130
Crucero,2009-08-24,4.6,14.46,-3.77,41.92,1.08,1.87,60.53,-14.34538,-70.0321,4130
Crucero,2009-08-25,4.26,12.49,-0.65,72.09,0.53,1.7,60.69,-14.34538,-70.0321,4130
Crucero,2009-08-26,4.11,12.86,-2.1,73.77,0.03,1.53,60.75,-14.34538,-70.0321,4130
Crucero,2009-08-27,5.22,14.08,-1.71,68.59,0.0,2.38,60.76,-14.34538,-70.0321,4130
Crucero,2009-08-28,4.42,13.62,-4.16,58.98,0.0,2.2,60.76,-14.34538,-70.0321,4130
Crucero,2009-08-29,4.32,10.69,-2.47,64.89,0.0,1.0,60.68,-14.34538,-70.0321,4130
Crucero,2009-08-30,6.25,15.15,-2.62,54.19,0.0,1.34,60.59,-14.34538,-70.0321,4130
Crucero,2009-08-31,6.11,15.52,-3.55,47.72,0.0,1.48,60.6,-14.34538,-70.0321,4130
Crucero,2009-09-01,5.81,12.07,1.13,74.28,0.0,2.3,60.65,-14.34538,-70.0321,4130
Crucero,2009-09-02,5.99,14.56,0.49,72.65,0.1,3.39,60.59,-14.34538,-70.0321,4130
Crucero,2009-09-03,4.53,11.77,-1.47,66.26,0.49,3.84,60.66,-14.34538,-70.0321,4130
Crucero,2009-09-04,5.13,14.26,-1.25,49.0,0.0,1.33,60.79,-14.34538,-70.0321,4130
Crucero,2009-09-05,5.54,16.57,-3.28,28.93,0.0,2.26,60.81,-14.34538,-70.0321,4130
Crucero,2009-09-06,5.82,17.39,-3.97,38.64,0.0,2.31,60.78,-14.34538,-70.0321,4130
Crucero,2009-09-07,6.97,18.23,-4.35,54.0,0.0,1.91,60.65,-14.34538,-70.0321,4130
Crucero,2009-09-08,6.96,17.48,-4.04,38.29,0.0,1.91,60.57,-14.34538,-70.0321,4130
Crucero,2009-09-09,8.63,16.88,2.31,53.84,0.25,1.83,60.56,-14.34538,-70.0321,4130
Crucero,2009-09-10,1.99,3.89,-0.79,80.39,0.33,2.83,60.7,-14.34538,-70.0321,4130
Crucero,2009-09-11,4.6,12.85,-1.79,69.03,0.08,1.62,60.82,-14.34538,-70.0321,4130
Crucero,2009-09-12,6.56,14.2,0.56,62.55,0.0,1.33,60.78,-14.34538,-70.0321,4130
Crucero,2009-09-13,7.17,17.32,-2.26,61.18,0.0,2.1,60.74,-14.34538,-70.0321,4130
Crucero,2009-09-14,7.05,15.21,0.0,64.88,0.0,2.4,60.78,-14.34538,-70.0321,4130
Crucero,2009-09-15,6.39,13.92,1.8,71.26,0.0,2.09,60.74,-14.34538,-70.0321,4130
Crucero,2009-09-16,3.87,13.98,-3.69,72.93,0.0,2.93,60.73,-14.34538,-70.0321,4130
Crucero,2009-09-17,5.38,13.73,-0.32,64.95,0.0,2.08,60.74,-14.34538,-70.0321,4130
Crucero,2009-09-18,6.57,14.71,1.24,69.45,0.0,2.03,60.66,-14.34538,-70.0321,4130
Crucero,2009-09-19,4.01,6.68,0.84,83.1,0.77,2.47,60.67,-14.34538,-70.0321,4130
Crucero,2009-09-20,4.82,11.54,-1.18,65.84,1.57,1.05,60.65,-14.34538,-70.0321,4130
Crucero,2009-09-21,5.81,12.79,-0.61,39.12,0.25,1.16,60.55,-14.34538,-70.0321,4130
Crucero,2009-09-22,6.67,16.77,-2.4,32.51,0.06,2.32,60.48,-14.34538,-70.0321,4130
Crucero,2009-09-23,5.65,15.53,-1.9,53.42,0.57,2.3,60.51,-14.34538,-70.0321,4130
Crucero,2009-09-24,5.11,13.01,0.82,72.16,0.58,2.14,60.55,-14.34538,-70.0321,4130
Crucero,2009-09-25,7.33,16.56,-1.28,59.33,0.0,2.0,60.6,-14.34538,-70.0321,4130
Crucero,2009-09-26,6.9,15.7,0.88,67.27,0.0,2.28,60.63,-14.34538,-70.0321,4130
Crucero,2009-09-27,6.41,14.46,1.04,71.93,0.23,2.57,60.63,-14.34538,-70.0321,4130
Crucero,2009-09-28,6.87,14.14,2.02,75.04,6.88,4.17,60.72,-14.34538,-70.0321,4130
Crucero,2009-09-29,6.04,13.43,0.23,73.94,1.17,4.17,60.8,-14.34538,-70.0321,4130
Crucero,2009-09-30,7.17,16.14,-0.4,69.77,0.02,1.9,60.75,-14.34538,-70.0321,4130
Crucero,2009-10-01,5.97,13.79,0.98,72.01,0.7,1.96,60.7,-14.34538,-70.0321,4130
Crucero,2009-10-02,6.92,15.44,0.2,64.32,0.55,1.77,60.68,-14.34538,-70.0321,4130
Crucero,2009-10-03,7.06,16.01,-0.69,60.18,0.1,2.04,60.68,-14.34538,-70.0321,4130
Crucero,2009-10-04,8.12,16.25,2.41,62.53,0.0,2.08,60.65,-14.34538,-70.0321,4130
Crucero,2009-10-05,7.97,17.25,1.62,59.45,0.0,2.25,60.55,-14.34538,-70.0321,4130
Crucero,2009-10-06,6.8,15.92,1.71,62.68,0.0,3.11,60.6,-14.34538,-70.0321,4130
Crucero,2009-10-07,6.74,14.87,1.31,66.44,0.27,2.87,60.75,-14.34538,-70.0321,4130
Crucero,2009-10-08,7.94,17.0,0.82,62.0,0.02,2.54,60.77,-14.34538,-70.0321,4130
Crucero,2009-10-09,8.04,17.21,0.92,64.68,0.0,2.02,60.68,-14.34538,-70.0321,4130
Crucero,2009-10-10,8.71,18.56,-0.31,59.35,0.0,1.6,60.55,-14.34538,-70.0321,4130
Crucero,2009-10-11,8.12,18.82,-1.88,36.71,0.0,1.77,60.5,-14.34538,-70.0321,4130
Crucero,2009-10-12,7.78,16.87,-2.21,43.33,0.09,2.01,60.51,-14.34538,-70.0321,4130
Crucero,2009-10-13,8.47,18.63,-0.04,46.26,0.04,1.42,60.48,-14.34538,-70.0321,4130
Crucero,2009-10-14,7.32,16.88,1.22,55.71,0.0,2.93,60.47,-14.34538,-70.0321,4130
Crucero,2009-10-15,8.01,17.37,-0.31,66.16,0.0,3.05,60.47,-14.34538,-70.0321,4130
Crucero,2009-10-16,7.07,14.46,2.21,63.99,0.02,2.48,60.58,-14.34538,-70.0321,4130
Crucero,2009-10-17,5.35,9.98,1.3,75.55,0.0,3.0,60.68,-14.34538,-70.0321,4130
Crucero,2009-10-18,6.1,13.82,0.16,71.69,12.75,2.03,60.66,-14.34538,-70.0321,4130
Crucero,2009-10-19,6.04,13.5,0.95,75.36,1.91,2.11,60.58,-14.34538,-70.0321,4130
Crucero,2009-10-20,7.6,16.46,1.72,69.41,0.76,2.05,60.5,-14.34538,-70.0321,4130
Crucero,2009-10-21,4.89,12.58,1.85,80.35,0.51,2.09,60.54,-14.34538,-70.0321,4130
Crucero,2009-10-22,7.11,16.08,-0.72,71.16,0.02,3.28,60.56,-14.34538,-70.0321,4130
Crucero,2009-10-23,7.13,12.17,4.02,73.7,0.01,3.51,60.54,-14.34538,-70.0321,4130
Crucero,2009-10-24,5.34,13.17,0.61,76.87,2.54,1.97,60.56,-14.34538,-70.0321,4130
Crucero,2009-10-25,6.61,15.32,2.0,73.96,0.51,2.13,60.56,-14.34538,-70.0321,4130
Crucero,2009-10-26,5.4,13.32,0.78,76.63,2.65,1.36,60.53,-14.34538,-70.0321,4130
Crucero,2009-10-27,4.77,8.85,1.0,78.89,3.42,1.54,60.53,-14.34538,-70.0321,4130
Crucero,2009-10-28,6.17,15.51,-2.27,69.07,0.19,2.93,60.59,-14.34538,-70.0321,4130
Crucero,2009-10-29,4.86,15.29,-3.88,58.78,0.0,3.32,60.69,-14.34538,-70.0321,4130
Crucero,2009-10-30,5.22,14.41,-2.78,58.84,0.0,2.54,60.6,-14.34538,-70.0321,4130
Crucero,2009-10-31,6.15,16.65,-2.86,50.19,0.0,2.51,60.55,-14.34538,-70.0321,4130
Crucero,2009-11-01,7.44,17.66,-1.54,56.35,0.0,2.82,60.52,-14.34538,-70.0321,4130
Crucero,2009-11-02,9.19,17.31,4.36,64.82,0.84,3.26,60.51,-14.34538,-70.0321,4130
Crucero,2009-11-03,7.66,14.23,3.37,69.38,0.12,2.4,60.46,-14.34538,-70.0321,4130
Crucero,2009-11-04,4.17,7.03,1.71,87.18,1.11,2.25,60.45,-14.34538,-70.0321,4130
Crucero,2009-11-05,7.94,16.41,0.52,66.04,0.12,1.48,60.42,-14.34538,-70.0321,4130
Crucero,2009-11-06,8.46,17.75,0.06,51.47,0.38,2.29,60.37,-14.34538,-70.0321,4130
Crucero,2009-11-07,7.37,15.23,-0.04,58.67,1.43,0.92,60.37,-14.34538,-70.0321,4130
Crucero,2009-11-08,7.52,16.78,-0.49,58.77,1.81,1.4,60.45,-14.34538,-70.0321,4130
Crucero,2009-11-09,6.35,13.17,1.44,72.54,1.28,1.78,60.52,-14.34538,-70.0321,4130
Crucero,2009-11-10,8.29,16.58,1.48,65.11,0.0,2.79,60.53,-14.34538,-70.0321,4130
Crucero,2009-11-11,8.27,14.47,3.82,75.63,0.19,3.58,60.51,-14.34538,-70.0321,4130
Crucero,2009-11-12,7.64,15.96,2.32,71.11,0.99,2.75,60.5,-14.34538,-70.0321,4130
Crucero,2009-11-13,7.38,14.4,3.22,69.24,0.22,2.55,60.55,-14.34538,-70.0321,4130
Crucero,2009-11-14,6.64,12.16,2.27,78.98,12.04,2.3,60.59,-14.34538,-70.0321,4130
Crucero,2009-11-15,7.67,13.82,3.13,73.36,2.98,2.22,60.55,-14.34538,-70.0321,4130
Crucero,2009-11-16,5.72,11.12,1.96,82.96,5.1,2.81,60.5,-14.34538,-70.0321,4130
Crucero,2009-11-17,5.84,11.59,0.92,80.34,8.45,2.29,60.54,-14.34538,-70.0321,4130
Crucero,2009-11-18,6.19,12.63,1.13,77.78,2.6,2.87,60.59,-14.34538,-70.0321,4130
Crucero,2009-11-19,8.06,16.3,1.58,69.12,0.35,2.8,60.61,-14.34538,-70.0321,4130
Crucero,2009-11-20,8.6,16.58,2.7,70.37,4.31,2.34,60.6,-14.34538,-70.0321,4130
Crucero,2009-11-21,7.69,13.3,4.17,77.87,2.04,2.82,60.59,-14.34538,-70.0321,4130
Crucero,2009-11-22,8.12,15.15,2.37,73.57,2.08,2.47,60.61,-14.34538,-70.0321,4130
Crucero,2009-11-23,8.37,15.59,3.29,72.96,0.25,2.06,60.55,-14.34538,-70.0321,4130
Crucero,2009-11-24,9.14,16.75,3.65,73.01,2.42,2.56,60.47,-14.34538,-70.0321,4130
Crucero,2009-11-25,8.9,16.64,3.93,71.57,1.99,2.53,60.5,-14.34538,-70.0321,4130
Crucero,2009-11-26,8.44,15.96,3.52,74.82,0.59,2.76,60.56,-14.34538,-70.0321,4130
Crucero,2009-11-27,8.48,14.39,4.66,73.61,3.6,3.19,60.54,-14.34538,-70.0321,4130
Crucero,2009-11-28,8.24,15.98,1.94,73.83,0.65,3.1,60.46,-14.34538,-70.0321,4130
Crucero,2009-11-29,5.81,12.9,2.2,79.51,0.73,2.6,60.5,-14.34538,-70.0321,4130
Crucero,2009-11-30,6.31,14.77,1.65,77.19,0.95,2.2,60.47,-14.34538,-70.0321,4130
Crucero,2009-12-01,6.12,13.07,1.87,80.07,8.86,2.05,60.44,-14.34538,-70.0321,4130
Crucero,2009-12-02,8.09,15.65,0.96,71.93,1.73,1.87,60.43,-14.34538,-70.0321,4130
Crucero,2009-12-03,8.86,15.43,4.13,71.06,1.05,1.13,60.45,-14.34538,-70.0321,4130
Crucero,2009-12-04,8.82,15.67,2.67,68.91,2.8,1.62,60.44,-14.34538,-70.0321,4130
Crucero,2009-12-05,8.72,17.53,0.47,59.15,1.9,1.9,60.4,-14.34538,-70.0321,4130
Crucero,2009-12-06,8.59,17.13,0.5,62.0,0.93,1.22,60.44,-14.34538,-70.0321,4130
Crucero,2009-12-07,8.76,17.12,0.58,64.56,1.56,1.94,60.47,-14.34538,-70.0321,4130
Crucero,2009-12-08,6.17,11.81,2.1,77.22,2.89,2.02,60.52,-14.34538,-70.0321,4130
Crucero,2009-12-09,6.22,10.91,2.52,80.97,4.29,1.66,60.52,-14.34538,-70.0321,4130
Crucero,2009-12-10,5.05,13.0,1.14,79.92,2.92,2.16,60.55,-14.34538,-70.0321,4130
Crucero,2009-12-11,8.58,17.6,1.48,64.45,0.64,2.75,60.51,-14.34538,-70.0321,4130
Crucero,2009-12-12,8.2,15.76,0.94,66.24,0.74,2.55,60.56,-14.34538,-70.0321,4130
Crucero,2009-12-13,5.38,10.31,2.35,84.46,1.78,1.84,60.53,-14.34538,-70.0321,4130
Crucero,2009-12-14,8.55,17.14,2.33,65.62,0.01,2.97,60.51,-14.34538,-70.0321,4130
Crucero,2009-12-15,7.94,16.59,1.09,65.42,0.06,2.95,60.54,-14.34538,-70.0321,4130
Crucero,2009-12-16,7.3,15.22,1.61,72.14,5.98,3.15,60.53,-14.34538,-70.0321,4130
Crucero,2009-12-17,6.22,12.76,1.77,74.71,8.15,2.84,60.49,-14.34538,-70.0321,4130
Crucero,2009-12-18,5.03,10.2,0.09,79.6,3.65,1.92,60.53,-14.34538,-70.0321,4130
Crucero,2009-12-19,5.62,11.12,1.25,78.77,1.85,2.65,60.59,-14.34538,-70.0321,4130
Crucero,2009-12-20,6.45,14.59,0.72,75.48,2.38,2.07,60.61,-14.34538,-70.0321,4130
Crucero,2009-12-21,5.81,13.33,0.31,71.5,3.16,1.8,60.67,-14.34538,-70.0321,4130
Crucero,2009-12-22,5.88,15.24,-0.02,77.47,4.34,1.79,60.68,-14.34538,-70.0321,4130
Crucero,2009-12-23,5.91,12.51,1.02,81.29,4.77,2.18,60.65,-14.34538,-70.0321,4130
Crucero,2009-12-24,7.64,14.27,2.62,78.12,3.36,2.62,60.6,-14.34538,-70.0321,4130
Crucero,2009-12-25,6.68,12.55,2.42,80.96,8.84,2.49,60.57,-14.34538,-70.0321,4130
Crucero,2009-12-26,7.31,15.42,1.18,73.26,1.91,1.86,60.49,-14.34538,-70.0321,4130
Crucero,2009-12-27,7.29,14.19,2.21,76.69,0.09,1.68,60.46,-14.34538,-70.0321,4130
Crucero,2009-12-28,5.35,9.85,1.87,80.25,3.62,1.57,60.46,-14.34538,-70.0321,4130
Crucero,2009-12-29,6.65,14.7,-0.07,71.05,6.88,2.6,60.44,-14.34538,-70.0321,4130
Crucero,2009-12-30,7.58,16.64,-1.52,61.73,3.69,1.62,60.46,-14.34538,-70.0321,4130
Crucero,2009-12-31,6.91,14.44,2.0,74.34,0.87,1.51,60.53,-14.34538,-70.0321,4130
Crucero,2010-01-01,6.36,12.74,-0.3,75.56,0.3,1.82,60.53,-14.34538,-70.0321,4130
Crucero,2010-01-02,7.9,14.18,3.03,78.18,0.01,2.7,60.46,-14.34538,-70.0321,4130
Crucero,2010-01-03,5.64,11.71,1.16,81.25,6.48,1.75,60.49,-14.34538,-70.0321,4130
Crucero,2010-01-04,6.45,11.13,3.24,83.72,2.06,2.44,60.55,-14.34538,-70.0321,4130
Crucero,2010-01-05,7.7,14.97,1.56,75.88,0.01,2.45,60.63,-14.34538,-70.0321,4130
Crucero,2010-01-06,7.0,13.47,2.1,75.49,0.55,2.11,60.59,-14.34538,-70.0321,4130
Crucero,2010-01-07,7.31,16.09,1.35,75.8,1.26,2.07,60.6,-14.34538,-70.0321,4130
Crucero,2010-01-08,6.69,11.8,2.36,79.59,0.97,1.95,60.58,-14.34538,-70.0321,4130
Crucero,2010-01-09,7.75,14.75,2.32,74.82,3.81,2.5,60.54,-14.34538,-70.0321,4130
Crucero,2010-01-10,7.1,13.87,3.21,80.4,6.18,2.56,60.5,-14.34538,-70.0321,4130
Crucero,2010-01-11,6.13,13.96,1.43,80.64,3.78,1.72,60.54,-14.34538,-70.0321,4130
Crucero,2010-01-12,7.41,15.88,0.62,75.31,0.37,2.05,60.55,-14.34538,-70.0321,4130
Crucero,2010-01-13,7.46,15.09,2.5,76.94,1.15,2.02,60.59,-14.34538,-70.0321,4130
Crucero,2010-01-14,6.05,11.41,1.48,79.61,1.5,2.0,60.64,-14.34538,-70.0321,4130
Crucero,2010-01-15,6.31,14.14,1.42,77.73,1.08,1.74,60.68,-14.34538,-70.0321,4130
Crucero,2010-01-16,6.38,13.66,1.37,79.96,2.28,2.02,60.66,-14.34538,-70.0321,4130
Crucero,2010-01-17,6.49,14.25,1.22,79.29,0.15,2.08,60.72,-14.34538,-70.0321,4130
Crucero,2010-01-18,6.29,9.95,2.61,78.22,0.64,1.55,60.71,-14.34538,-70.0321,4130
Crucero,2010-01-19,6.94,14.53,1.34,76.4,0.44,1.49,60.57,-14.34538,-70.0321,4130
Crucero,2010-01-20,7.9,16.3,1.53,68.88,2.91,2.16,60.55,-14.34538,-70.0321,4130
Crucero,2010-01-21,5.26,9.84,2.36,85.99,4.59,2.63,60.61,-14.34538,-70.0321,4130
Crucero,2010-01-22,5.14,9.42,1.1,84.05,0.75,1.64,60.66,-14.34538,-70.0321,4130
Crucero,2010-01-23,5.59,10.31,1.74,82.7,8.47,1.95,60.55,-14.34538,-70.0321,4130
Crucero,2010-01-24,4.33,9.57,0.98,85.95,17.45,1.92,60.52,-14.34538,-70.0321,4130
Crucero,2010-01-25,5.6,12.72,0.74,81.38,14.62,1.09,60.55,-14.34538,-70.0321,4130
Crucero,2010-01-26,5.18,12.3,-0.88,81.1,2.92,2.37,60.58,-14.34538,-70.0321,4130
Crucero,2010-01-27,5.89,13.48,2.08,82.03,0.62,2.1,60.48,-14.34538,-70.0321,4130
Crucero,2010-01-28,5.94,14.18,0.99,78.12,1.9,1.41,60.47,-14.34538,-70.0321,4130
Crucero,2010-01-29,4.71,11.43,0.64,81.07,3.31,2.03,60.42,-14.34538,-70.0321,4130
Crucero,2010-01-30,6.22,13.32,0.27,75.4,1.02,2.75,60.5,-14.34538,-70.0321,4130
Crucero,2010-01-31,6.65,12.03,2.76,80.91,2.41,1.68,60.6,-14.34538,-70.0321,4130
Crucero,2010-02-01,5.79,10.39,2.18,84.13,4.26,1.38,60.64,-14.34538,-70.0321,4130
Crucero,2010-02-02,5.87,13.65,1.82,83.51,1.31,1.97,60.58,-14.34538,-70.0321,4130
Crucero,2010-02-03,5.67,14.14,1.36,82.39,2.0,1.38,60.64,-14.34538,-70.0321,4130
Crucero,2010-02-04,5.41,12.19,1.1,86.57,3.29,1.59,60.66,-14.34538,-70.0321,4130
Crucero,2010-02-05,5.0,11.64,0.48,83.1,5.13,2.3,60.63,-14.34538,-70.0321,4130
Crucero,2010-02-06,6.89,14.72,0.74,74.05,0.34,2.63,60.56,-14.34538,-70.0321,4130
Crucero,2010-02-07,6.82,14.11,1.63,78.19,0.13,2.07,60.62,-14.34538,-70.0321,4130
Crucero,2010-02-08,8.02,16.18,1.33,76.33,1.9,1.91,60.71,-14.34538,-70.0321,4130
Crucero,2010-02-09,7.54,12.77,4.3,80.45,1.32,2.1,60.58,-14.34538,-70.0321,4130
Crucero,2010-02-10,7.54,12.57,2.53,80.41,0.23,2.05,60.5,-14.34538,-70.0321,4130
Crucero,2010-02-11,6.28,10.82,2.81,82.06,2.97,2.23,60.55,-14.34538,-70.0321,4130
Crucero,2010-02-12,7.25,15.04,0.55,75.84,0.42,2.48,60.61,-14.34538,-70.0321,4130
Crucero,2010-02-13,6.89,13.09,2.47,80.66,1.51,2.1,60.6,-14.34538,-70.0321,4130
Crucero,2010-02-14,6.69,15.04,1.89,77.83,6.46,1.7,60.56,-14.34538,-70.0321,4130
Crucero,2010-02-15,7.52,15.47,0.76,76.97,0.53,1.51,60.52,-14.34538,-70.0321,4130
Crucero,2010-02-16,6.12,11.49,2.55,85.45,2.41,1.85,60.52,-14.34538,-70.0321,4130
Crucero,2010-02-17,6.96,14.4,2.78,80.8,14.68,2.57,60.6,-14.34538,-70.0321,4130
Crucero,2010-02-18,6.47,13.33,1.56,81.1,1.0,2.14,60.67,-14.34538,-70.0321,4130
Crucero,2010-02-19,6.41,13.82,1.64,81.68,1.83,2.4,60.73,-14.34538,-70.0321,4130
Crucero,2010-02-20,5.43,13.3,1.27,83.99,3.32,1.94,60.73,-14.34538,-70.0321,4130
Crucero,2010-02-21,6.31,13.26,2.02,80.0,4.77,2.47,60.68,-14.34538,-70.0321,4130
Crucero,2010-02-22,5.77,12.87,0.95,79.58,4.34,2.49,60.61,-14.34538,-70.0321,4130
Crucero,2010-02-23,6.22,13.59,-0.09,81.13,3.63,1.09,60.55,-14.34538,-70.0321,4130
Crucero,2010-02-24,6.43,12.97,1.14,82.89,1.43,2.52,60.6,-14.34538,-70.0321,4130
Crucero,2010-02-25,6.63,13.38,2.11,80.94,2.37,2.19,60.68,-14.34538,-70.0321,4130
Crucero,2010-02-26,6.29,13.89,1.37,80.13,1.05,1.72,60.6,-14.34538,-70.0321,4130
Crucero,2010-02-27,5.46,12.16,1.22,83.03,8.31,1.42,60.6,-14.34538,-70.0321,4130
Crucero,2010-02-28,5.63,13.61,1.18,83.74,7.84,1.62,60.63,-14.34538,-70.0321,4130
Crucero,2010-03-01,4.47,9.27,1.2,88.69,2.73,1.63,60.66,-14.34538,-70.0321,4130
Crucero,2010-03-02,6.3,10.71,2.0,84.9,1.77,1.03,60.63,-14.34538,-70.0321,4130
Crucero,2010-03-03,4.87,11.3,1.68,88.95,0.43,1.92,60.68,-14.34538,-70.0321,4130
Crucero,2010-03-04,6.34,12.95,1.28,77.73,7.53,2.33,60.76,-14.34538,-70.0321,4130
Crucero,2010-03-05,5.94,13.13,0.03,82.72,6.53,2.83,60.75,-14.34538,-70.0321,4130
Crucero,2010-03-06,6.78,14.31,1.69,82.77,2.29,2.47,60.74,-14.34538,-70.0321,4130
Crucero,2010-03-07,5.96,15.04,-1.52,74.02,0.06,2.42,60.79,-14.34538,-70.0321,4130
Crucero,2010-03-08,7.28,15.68,-0.78,68.71,0.0,2.06,60.74,-14.34538,-70.0321,4130
Crucero,2010-03-09,7.77,14.98,1.54,77.28,0.0,2.3,60.75,-14.34538,-70.0321,4130
Crucero,2010-03-10,5.95,15.83,-2.5,67.37,0.04,2.08,60.75,-14.34538,-70.0321,4130
Crucero,2010-03-11,6.11,13.88,-1.57,71.55,0.0,2.64,60.68,-14.34538,-70.0321,4130
Crucero,2010-03-12,6.36,14.4,-0.13,78.81,3.47,1.26,60.6,-14.34538,-70.0321,4130
Crucero,2010-03-13,7.31,14.63,0.57,75.11,2.31,1.68,60.58,-14.34538,-70.0321,4130
Crucero,2010-03-14,5.42,13.02,0.87,82.42,1.07,1.69,60.64,-14.34538,-70.0321,4130
Crucero,2010-03-15,5.76,11.27,1.38,82.66,2.62,2.2,60.69,-14.34538,-70.0321,4130
Crucero,2010-03-16,6.4,12.01,2.52,83.86,4.16,2.4,60.73,-14.34538,-70.0321,4130
Crucero,2010-03-17,7.1,13.98,1.2,83.1,0.76,2.25,60.75,-14.34538,-70.0321,4130
Crucero,2010-03-18,7.29,14.08,1.51,82.07,0.37,2.69,60.77,-14.34538,-70.0321,4130
Crucero,2010-03-19,6.64,11.85,3.14,83.49,0.02,2.38,60.79,-14.34538,-70.0321,4130
Crucero,2010-03-20,7.33,14.8,1.55,76.9,0.0,1.63,60.84,-14.34538,-70.0321,4130
Crucero,2010-03-21,8.19,15.37,2.49,74.42,0.05,1.43,60.69,-14.34538,-70.0321,4130
Crucero,2010-03-22,7.34,13.69,1.94,76.84,0.02,1.28,60.58,-14.34538,-70.0321,4130
Crucero,2010-03-23,7.32,14.96,0.01,74.98,0.0,2.04,60.6,-14.34538,-70.0321,4130
Crucero,2010-03-24,6.78,13.29,2.47,79.96,7.32,3.25,60.64,-14.34538,-70.0321,4130
Crucero,2010-03-25,5.7,11.81,1.82,81.24,2.41,2.22,60.69,-14.34538,-70.0321,4130
Crucero,2010-03-26,6.66,14.76,0.99,77.57,0.02,2.36,60.69,-14.34538,-70.0321,4130
Crucero,2010-03-27,6.58,14.92,-0.61,76.03,0.0,2.45,60.68,-14.34538,-70.0321,4130
Crucero,2010-03-28,5.75,12.36,0.67,75.84,1.03,1.93,60.62,-14.34538,-70.0321,4130
Crucero,2010-03-29,6.1,12.99,1.11,79.35,1.18,1.79,60.58,-14.34538,-70.0321,4130
Crucero,2010-03-30,5.52,12.89,1.62,82.69,4.26,1.43,60.65,-14.34538,-70.0321,4130
Crucero,2010-03-31,6.08,13.95,0.68,77.77,0.56,1.54,60.67,-14.34538,-70.0321,4130
Crucero,2010-04-01,7.82,16.08,1.48,70.77,0.06,1.88,60.62,-14.34538,-70.0321,4130
Crucero,2010-04-02,6.77,14.14,2.47,68.02,0.02,2.07,60.61,-14.34538,-70.0321,4130
Crucero,2010-04-03,5.77,14.27,0.22,79.51,0.01,1.86,60.59,-14.34538,-70.0321,4130
Crucero,2010-04-04,6.53,14.16,0.84,74.91,0.9,2.98,60.69,-14.34538,-70.0321,4130
Crucero,2010-04-05,5.96,13.38,0.38,77.81,0.26,2.41,60.76,-14.34538,-70.0321,4130
Crucero,2010-04-06,7.01,15.51,0.09,73.78,0.26,1.86,60.72,-14.34538,-70.0321,4130
Crucero,2010-04-07,7.89,16.7,2.15,69.57,0.13,2.1,60.66,-14.34538,-70.0321,4130
Crucero,2010-04-08,7.3,16.25,-0.44,65.79,0.2,1.68,60.68,-14.34538,-70.0321,4130
Crucero,2010-04-09,7.4,14.69,3.29,73.85,0.28,1.3,60.7,-14.34538,-70.0321,4130
Crucero,2010-04-10,6.83,16.48,-1.51,65.26,0.29,1.53,60.67,-14.34538,-70.0321,4130
Crucero,2010-04-11,6.82,15.07,-0.58,64.97,0.11,1.1,60.59,-14.34538,-70.0321,4130
Crucero,2010-04-12,5.72,14.3,0.01,66.5,0.0,1.55,60.52,-14.34538,-70.0321,4130
Crucero,2010-04-13,5.36,14.57,-2.16,73.79,0.0,1.89,60.56,-14.34538,-70.0321,4130
Crucero,2010-04-14,6.7,15.2,-0.23,70.25,0.08,1.44,60.73,-14.34538,-70.0321,4130
Crucero,2010-04-15,6.42,13.82,0.59,76.79,0.18,1.43,60.75,-14.34538,-70.0321,4130
Crucero,2010-04-16,6.08,13.72,1.71,75.94,0.21,2.3,60.7,-14.34538,-70.0321,4130
Crucero,2010-04-17,6.42,14.24,0.76,70.75,0.01,1.9,60.74,-14.34538,-70.0321,4130
Crucero,2010-04-18,7.28,15.56,0.1,75.42,0.0,2.21,60.87,-14.34538,-70.0321,4130
Crucero,2010-04-19,6.89,12.76,1.43,78.13,0.03,1.92,60.88,-14.34538,-70.0321,4130
Crucero,2010-04-20,7.14,16.77,0.76,71.38,0.0,1.85,60.83,-14.34538,-70.0321,4130
Crucero,2010-04-21,7.13,15.81,0.36,72.49,0.0,2.43,60.79,-14.34538,-70.0321,4130
Crucero,2010-04-22,7.28,15.23,1.58,70.26,0.21,1.54,60.8,-14.34538,-70.0321,4130
Crucero,2010-04-23,7.37,16.05,1.25,74.18,0.9,2.52,60.83,-14.34538,-70.0321,4130
Crucero,2010-04-24,7.82,16.5,0.74,72.3,0.1,1.02,60.81,-14.34538,-70.0321,4130
Crucero,2010-04-25,7.15,14.33,1.32,74.63,0.0,1.05,60.77,-14.34538,-70.0321,4130
Crucero,2010-04-26,6.0,14.88,-1.98,63.93,0.14,1.91,60.79,-14.34538,-70.0321,4130
Crucero,2010-04-27,8.38,15.87,3.85,74.48,0.22,1.46,60.87,-14.34538,-70.0321,4130
Crucero,2010-04-28,6.99,14.08,1.08,73.72,0.01,1.8,60.9,-14.34538,-70.0321,4130
Crucero,2010-04-29,4.68,13.45,-1.29,75.15,1.71,2.9,60.83,-14.34538,-70.0321,4130
Crucero,2010-04-30,4.3,12.87,-1.76,79.4,1.04,3.23,60.72,-14.34538,-70.0321,4130
Crucero,2010-05-01,4.87,13.04,-2.46,77.99,2.13,1.93,60.77,-14.34538,-70.0321,4130
Crucero,2010-05-02,6.49,15.23,-0.8,65.44,0.73,1.84,60.71,-14.34538,-70.0321,4130
Crucero,2010-05-03,5.0,15.3,-4.64,57.73,1.21,1.41,60.68,-14.34538,-70.0321,4130
Crucero,2010-05-04,5.06,13.5,-2.75,66.2,0.43,1.45,60.68,-14.34538,-70.0321,4130
Crucero,2010-05-05,6.95,15.62,-0.86,68.07,0.01,1.17,60.62,-14.34538,-70.0321,4130
Crucero,2010-05-06,6.32,16.44,-3.38,61.45,0.0,1.53,60.65,-14.34538,-70.0321,4130
Crucero,2010-05-07,6.07,13.04,0.41,79.7,0.0,1.64,60.77,-14.34538,-70.0321,4130
Crucero,2010-05-08,6.16,14.53,-1.34,76.6,0.09,2.15,60.84,-14.34538,-70.0321,4130
Crucero,2010-05-09,7.63,15.93,1.34,68.9,0.02,0.97,60.8,-14.34538,-70.0321,4130
Crucero,2010-05-10,4.57,15.51,-3.64,62.86,0.0,1.86,60.73,-14.34538,-70.0321,4130
Crucero,2010-05-11,4.18,15.58,-4.9,57.14,0.0,1.68,60.65,-14.34538,-70.0321,4130
Crucero,2010-05-12,5.56,15.09,-3.12,68.2,0.0,1.25,60.6,-14.34538,-70.0321,4130
Crucero,2010-05-13,5.29,14.31,-2.02,69.28,0.0,1.28,60.63,-14.34538,-70.0321,4130
Crucero,2010-05-14,4.66,15.26,-4.16,65.67,0.0,2.6,60.68,-14.34538,-70.0321,4130
Crucero,2010-05-15,3.95,13.32,-3.32,74.29,0.0,3.11,60.72,-14.34538,-70.0321,4130
Crucero,2010-05-16,4.9,14.08,-3.13,75.22,0.0,3.08,60.71,-14.34538,-70.0321,4130
Crucero,2010-05-17,7.16,15.08,1.39,74.43,0.0,2.51,60.72,-14.34538,-70.0321,4130
Crucero,2010-05-18,7.65,15.18,2.25,72.81,0.0,1.84,60.72,-14.34538,-70.0321,4130
Crucero,2010-05-19,5.48,11.95,1.65,72.97,0.0,1.44,60.76,-14.34538,-70.0321,4130
Crucero,2010-05-20,4.98,10.65,-0.84,75.51,0.0,1.03,60.76,-14.34538,-70.0321,4130
Crucero,2010-05-21,4.12,9.2,-0.61,80.83,0.0,1.28,60.76,-14.34538,-70.0321,4130
Crucero,2010-05-22,5.37,13.72,-1.6,73.33,0.06,1.88,60.62,-14.34538,-70.0321,4130
Crucero,2010-05-23,5.19,14.23,-1.86,73.1,0.76,2.41,60.48,-14.34538,-70.0321,4130
Crucero,2010-05-24,6.03,13.96,-0.17,74.11,0.98,2.4,60.47,-14.34538,-70.0321,4130
Crucero,2010-05-25,3.12,7.61,0.55,89.42,0.25,1.53,60.56,-14.34538,-70.0321,4130
Crucero,2010-05-26,3.24,8.67,-1.04,86.17,2.17,1.48,60.71,-14.34538,-70.0321,4130
Crucero,2010-05-27,5.03,11.14,1.23,84.68,2.89,2.86,60.83,-14.34538,-70.0321,4130
Crucero,2010-05-28,5.25,12.14,0.59,81.05,0.32,2.15,60.82,-14.34538,-70.0321,4130
Crucero,2010-05-29,6.53,15.34,0.38,73.77,0.0,1.56,60.75,-14.34538,-70.0321,4130
Crucero,2010-05-30,6.19,13.76,1.15,76.66,0.72,2.09,60.87,-14.34538,-70.0321,4130
Crucero,2010-05-31,4.65,12.19,0.87,80.36,0.38,1.21,60.88,-14.34538,-70.0321,4130
Crucero,2010-06-01,6.08,14.75,0.21,63.93,0.0,1.6,60.74,-14.34538,-70.0321,4130
Crucero,2010-06-02,4.66,13.67,-2.07,69.02,0.0,1.6,60.66,-14.34538,-70.0321,4130
Crucero,2010-06-03,4.57,15.36,-4.01,67.1,0.0,1.95,60.71,-14.34538,-70.0321,4130
Crucero,2010-06-04,4.63,13.31,-2.81,73.2,0.0,1.39,60.86,-14.34538,-70.0321,4130
Crucero,2010-06-05,4.17,8.05,1.58,83.69,0.0,1.7,60.9,-14.34538,-70.0321,4130
Crucero,2010-06-06,4.27,9.36,1.09,79.84,0.0,1.07,60.84,-14.34538,-70.0321,4130
Crucero,2010-06-07,5.04,13.65,-2.89,64.86,0.0,1.25,60.82,-14.34538,-70.0321,4130
Crucero,2010-06-08,4.6,12.49,-0.31,78.31,0.0,1.77,60.9,-14.34538,-70.0321,4130
Crucero,2010-06-09,4.61,12.26,-0.64,73.62,0.0,1.23,60.92,-14.34538,-70.0321,4130
Crucero,2010-06-10,3.49,12.01,-2.58,72.67,0.0,2.13,60.9,-14.34538,-70.0321,4130
Crucero,2010-06-11,3.53,13.21,-2.99,71.77,0.0,1.46,60.9,-14.34538,-70.0321,4130
Crucero,2010-06-12,3.9,13.73,-3.33,70.78,0.0,1.49,60.84,-14.34538,-70.0321,4130
Crucero,2010-06-13,4.28,13.97,-3.98,67.7,0.0,1.54,60.73,-14.34538,-70.0321,4130
Crucero,2010-06-14,3.82,14.6,-4.69,61.46,0.0,1.56,60.69,-14.34538,-70.0321,4130
Crucero,2010-06-15,4.5,14.98,-4.35,68.99,0.06,1.83,60.7,-14.34538,-70.0321,4130
Crucero,2010-06-16,5.36,14.8,-2.34,70.83,0.11,1.7,60.77,-14.34538,-70.0321,4130
Crucero,2010-06-17,6.53,15.61,-0.17,70.36,0.69,1.71,60.68,-14.34538,-70.0321,4130
Crucero,2010-06-18,5.24,12.63,0.5,75.81,0.2,2.25,60.65,-14.34538,-70.0321,4130
Crucero,2010-06-19,4.35,11.95,-0.8,77.06,0.01,1.93,60.66,-14.34538,-70.0321,4130
Crucero,2010-06-20,4.52,10.35,0.27,80.07,5.31,1.26,60.67,-14.34538,-70.0321,4130
Crucero,2010-06-21,5.5,11.72,1.93,78.95,1.64,1.52,60.81,-14.34538,-70.0321,4130
Crucero,2010-06-22,5.46,14.0,-1.08,74.9,0.44,2.02,60.86,-14.34538,-70.0321,4130
Crucero,2010-06-23,5.29,14.35,-1.42,72.57,0.01,1.79,60.81,-14.34538,-70.0321,4130
Crucero,2010-06-24,6.3,14.5,-0.86,72.83,0.0,2.25,60.8,-14.34538,-70.0321,4130
Crucero,2010-06-25,4.59,12.83,-1.57,69.77,0.0,2.73,60.85,-14.34538,-70.0321,4130
Crucero,2010-06-26,4.59,13.83,-2.82,71.34,0.0,1.63,60.79,-14.34538,-70.0321,4130
Crucero,2010-06-27,5.72,14.09,-1.1,72.55,0.0,2.21,60.71,-14.34538,-70.0321,4130
Crucero,2010-06-28,3.7,12.04,-3.64,70.27,0.0,2.81,60.75,-14.34538,-70.0321,4130
Crucero,2010-06-29,4.55,13.89,-3.12,68.11,0.01,1.47,60.72,-14.34538,-70.0321,4130
Crucero,2010-06-30,4.03,12.28,-2.34,74.5,0.0,1.65,60.73,-14.34538,-70.0321,4130
Crucero,2010-07-01,4.51,12.84,-1.34,71.94,0.0,1.01,60.72,-14.34538,-70.0321,4130
Crucero,2010-07-02,4.77,14.62,-3.48,66.5,0.0,1.36,60.67,-14.34538,-70.0321,4130
Crucero,2010-07-03,4.49,14.2,-1.62,62.25,0.0,1.82,60.75,-14.34538,-70.0321,4130
Crucero,2010-07-04,3.95,14.51,-3.98,66.96,0.0,1.87,60.75,-14.34538,-70.0321,4130
Crucero,2010-07-05,4.9,15.68,-3.58,66.99,0.0,1.65,60.71,-14.34538,-70.0321,4130
Crucero,2010-07-06,4.15,14.64,-4.65,58.35,0.09,1.92,60.69,-14.34538,-70.0321,4130
Crucero,2010-07-07,4.18,14.14,-4.09,62.39,0.23,1.3,60.61,-14.34538,-70.0321,4130
Crucero,2010-07-08,4.25,13.3,-2.4,73.38,1.33,1.3,60.65,-14.34538,-70.0321,4130
Crucero,2010-07-09,3.19,11.91,-1.87,76.99,0.03,1.22,60.67,-14.34538,-70.0321,4130
Crucero,2010-07-10,4.35,12.26,-2.42,66.16,0.54,0.77,60.67,-14.34538,-70.0321,4130
Crucero,2010-07-11,3.28,13.8,-5.02,50.8,0.05,2.07,60.58,-14.34538,-70.0321,4130
Crucero,2010-07-12,3.12,14.11,-5.63,41.14,0.0,1.93,60.56,-14.34538,-70.0321,4130
Crucero,2010-07-13,5.2,13.53,-1.38,60.33,1.53,1.04,60.58,-14.34538,-70.0321,4130
Crucero,2010-07-14,3.58,11.99,-3.03,58.28,1.17,1.48,60.56,-14.34538,-70.0321,4130
Crucero,2010-07-15,3.18,11.54,-3.84,59.25,0.56,2.5,60.53,-14.34538,-70.0321,4130
Crucero,2010-07-16,2.56,10.22,-1.78,79.19,1.17,2.9,60.53,-14.34538,-70.0321,4130
Crucero,2010-07-17,3.0,11.47,-2.8,76.84,0.13,2.94,60.62,-14.34538,-70.0321,4130
Crucero,2010-07-18,2.19,13.06,-6.25,42.82,0.01,3.38,60.74,-14.34538,-70.0321,4130
Crucero,2010-07-19,2.0,13.32,-6.43,26.22,0.0,1.49,60.71,-14.34538,-70.0321,4130
Crucero,2010-07-20,3.39,14.86,-4.72,54.01,0.0,1.86,60.69,-14.34538,-70.0321,4130
Crucero,2010-07-21,4.02,15.44,-5.0,51.42,0.0,1.87,60.68,-14.34538,-70.0321,4130
Crucero,2010-07-22,4.35,14.94,-3.74,61.58,0.0,1.55,60.75,-14.34538,-70.0321,4130
Crucero,2010-07-23,5.01,14.67,-3.53,68.95,0.0,1.73,60.81,-14.34538,-70.0321,4130
Crucero,2010-07-24,6.84,15.84,0.22,67.57,0.0,1.48,60.78,-14.34538,-70.0321,4130
Crucero,2010-07-25,5.54,14.59,-2.62,54.66,0.0,2.24,60.74,-14.34538,-70.0321,4130
Crucero,2010-07-26,5.42,13.55,-0.25,61.78,0.0,2.66,60.71,-14.34538,-70.0321,4130
Crucero,2010-07-27,5.07,13.46,-2.14,65.47,0.0,1.0,60.72,-14.34538,-70.0321,4130
Crucero,2010-07-28,5.36,14.72,-2.53,61.77,0.0,1.9,60.75,-14.34538,-70.0321,4130
Crucero,2010-07-29,5.41,14.45,-0.99,67.63,0.0,1.83,60.72,-14.34538,-70.0321,4130
Crucero,2010-07-30,4.68,14.91,-2.78,67.19,0.0,2.58,60.56,-14.34538,-70.0321,4130
Crucero,2010-07-31,4.31,12.61,-2.33,71.11,0.05,2.16,60.52,-14.34538,-70.0321,4130
Crucero,2010-08-01,4.69,13.8,-2.9,69.96,0.0,2.16,60.53,-14.34538,-70.0321,4130
Crucero,2010-08-02,5.13,12.35,0.34,74.31,0.0,1.61,60.69,-14.34538,-70.0321,4130
Crucero,2010-08-03,6.38,13.84,1.04,64.86,0.0,1.08,60.73,-14.34538,-70.0321,4130
Crucero,2010-08-04,5.54,15.82,-2.02,56.69,0.0,1.9,60.71,-14.34538,-70.0321,4130
Crucero,2010-08-05,3.79,15.08,-3.4,57.1,0.0,1.97,60.78,-14.34538,-70.0321,4130
Crucero,2010-08-06,3.32,14.44,-3.02,28.18,0.0,2.07,60.78,-14.34538,-70.0321,4130
Crucero,2010-08-07,3.57,14.87,-4.66,33.91,0.0,1.67,60.82,-14.34538,-70.0321,4130
Crucero,2010-08-08,3.37,14.82,-4.24,45.22,0.0,2.32,60.83,-14.34538,-70.0321,4130
Crucero,2010-08-09,2.23,12.67,-4.76,53.48,0.0,2.78,60.77,-14.34538,-70.0321,4130
Crucero,2010-08-10,2.75,13.29,-5.37,67.2,0.0,3.07,60.75,-14.34538,-70.0321,4130
Crucero,2010-08-11,4.04,15.09,-4.79,64.13,0.0,2.56,60.69,-14.34538,-70.0321,4130
Crucero,2010-08-12,5.06,15.47,-4.1,63.71,0.0,1.93,60.72,-14.34538,-70.0321,4130
Crucero,2010-08-13,4.25,11.73,-2.21,74.01,0.0,3.26,60.84,-14.34538,-70.0321,4130
Crucero,2010-08-14,5.6,15.07,-2.09,66.9,0.0,1.63,60.83,-14.34538,-70.0321,4130
Crucero,2010-08-15,5.39,15.53,-3.49,60.11,0.0,1.79,60.78,-14.34538,-70.0321,4130
Crucero,2010-08-16,5.66,16.16,-3.25,50.99,0.0,2.23,60.72,-14.34538,-70.0321,4130
Crucero,2010-08-17,5.24,15.48,-2.62,60.77,0.0,2.42,60.77,-14.34538,-70.0321,4130
Crucero,2010-08-18,5.16,15.71,-4.0,64.57,0.0,2.41,60.81,-14.34538,-70.0321,4130
Crucero,2010-08-19,4.7,14.98,-3.21,66.64,0.0,2.9,60.71,-14.34538,-70.0321,4130
Crucero,2010-08-20,3.38,12.12,-2.67,66.44,0.0,3.13,60.73,-14.34538,-70.0321,4130
Crucero,2010-08-21,3.62,13.37,-4.78,67.65,0.0,2.84,60.78,-14.34538,-70.0321,4130
Crucero,2010-08-22,5.02,14.97,-3.68,65.39,0.0,2.13,60.82,-14.34538,-70.0321,4130
Crucero,2010-08-23,6.23,16.6,-2.65,66.59,0.0,2.36,60.74,-14.34538,-70.0321,4130
Crucero,2010-08-24,6.7,15.87,-0.88,70.36,0.0,2.68,60.72,-14.34538,-70.0321,4130
Crucero,2010-08-25,7.43,15.51,2.21,71.17,0.0,1.97,60.76,-14.34538,-70.0321,4130
Crucero,2010-08-26,5.91,13.26,1.52,76.63,0.05,2.07,60.74,-14.34538,-70.0321,4130
Crucero,2010-08-27,6.31,14.1,0.83,67.74,2.22,1.72,60.65,-14.34538,-70.0321,4130
Crucero,2010-08-28,6.26,14.84,-1.81,64.08,0.3,1.38,60.6,-14.34538,-70.0321,4130
Crucero,2010-08-29,5.68,13.67,1.34,75.07,0.02,1.88,60.65,-14.34538,-70.0321,4130
Crucero,2010-08-30,4.05,11.34,1.22,76.98,0.32,2.76,60.63,-14.34538,-70.0321,4130
Crucero,2010-08-31,3.2,9.95,-0.03,81.93,3.99,2.59,60.47,-14.34538,-70.0321,4130
Crucero,2010-09-01,5.3,11.1,0.38,78.66,0.59,5.14,60.48,-14.34538,-70.0321,4130
Crucero,2010-09-02,6.23,12.51,2.79,75.24,0.07,5.6,60.72,-14.34538,-70.0321,4130
Crucero,2010-09-03,7.5,15.73,2.17,69.05,0.0,2.41,60.79,-14.34538,-70.0321,4130
Crucero,2010-09-04,4.66,12.18,-0.01,73.48,2.04,2.77,60.76,-14.34538,-70.0321,4130
Crucero,2010-09-05,5.39,14.6,-1.66,70.73,0.55,1.7,60.7,-14.34538,-70.0321,4130
Crucero,2010-09-06,6.02,14.41,0.95,71.22,0.0,1.92,60.79,-14.34538,-70.0321,4130
Crucero,2010-09-07,5.87,14.2,0.11,70.99,0.04,2.27,60.85,-14.34538,-70.0321,4130
Crucero,2010-09-08,6.55,15.46,0.01,63.42,0.01,2.65,60.8,-14.34538,-70.0321,4130
Crucero,2010-09-09,6.08,15.26,-1.77,66.35,0.0,2.75,60.73,-14.34538,-70.0321,4130
Crucero,2010-09-10,6.44,16.64,-1.47,67.09,0.0,2.96,60.69,-14.34538,-70.0321,4130
Crucero,2010-09-11,6.35,16.27,-0.99,68.71,0.0,2.93,60.65,-14.34538,-70.0321,4130
Crucero,2010-09-12,6.25,14.17,0.9,69.03,0.01,2.77,60.57,-14.34538,-70.0321,4130
Crucero,2010-09-13,6.48,15.68,-1.83,47.98,0.0,2.17,60.6,-14.34538,-70.0321,4130
Crucero,2010-09-14,4.72,15.32,-0.18,55.96,0.0,2.17,60.74,-14.34538,-70.0321,4130
Crucero,2010-09-15,5.58,17.21,-2.7,65.16,0.0,2.84,60.75,-14.34538,-70.0321,4130
Crucero,2010-09-16,5.11,16.05,-3.77,51.94,0.0,2.9,60.75,-14.34538,-70.0321,4130
Crucero,2010-09-17,4.39,14.64,-4.66,61.66,0.0,3.33,60.78,-14.34538,-70.0321,4130
Crucero,2010-09-18,3.87,13.45,-4.71,66.3,0.0,3.41,60.85,-14.34538,-70.0321,4130
Crucero,2010-09-19,5.24,14.94,-4.03,63.03,0.0,2.64,60.8,-14.34538,-70.0321,4130
Crucero,2010-09-20,6.4,15.52,0.62,65.87,0.0,2.46,60.66,-14.34538,-70.0321,4130
Crucero,2010-09-21,4.83,13.04,-0.29,73.8,0.0,1.61,60.62,-14.34538,-70.0321,4130
Crucero,2010-09-22,6.67,15.23,-0.47,68.82,0.0,2.06,60.59,-14.34538,-70.0321,4130
Crucero,2010-09-23,7.27,16.79,0.62,67.24,0.0,2.35,60.62,-14.34538,-70.0321,4130
Crucero,2010-09-24,5.27,12.87,0.97,76.29,0.24,2.7,60.63,-14.34538,-70.0321,4130
Crucero,2010-09-25,6.91,16.63,1.05,61.43,0.34,1.96,60.62,-14.34538,-70.0321,4130
Crucero,2010-09-26,7.5,18.18,-3.5,53.86,0.22,1.99,60.58,-14.34538,-70.0321,4130
Crucero,2010-09-27,8.67,19.23,-2.48,43.64,0.02,1.89,60.55,-14.34538,-70.0321,4130
Crucero,2010-09-28,7.1,17.61,0.67,53.19,0.0,1.83,60.5,-14.34538,-70.0321,4130
Crucero,2010-09-29,8.56,17.15,0.71,55.19,0.14,1.94,60.5,-14.34538,-70.0321,4130
Crucero,2010-09-30,7.74,17.02,2.61,49.73,0.02,2.46,60.59,-14.34538,-70.0321,4130
Crucero,2010-10-01,4.7,12.85,1.03,75.96,1.32,1.51,60.6,-14.34538,-70.0321,4130
Crucero,2010-10-02,3.4,7.6,0.81,83.49,1.97,2.55,60.49,-14.34538,-70.0321,4130
Crucero,2010-10-03,2.68,7.49,-2.48,74.46,0.78,1.63,60.56,-14.34538,-70.0321,4130
Crucero,2010-10-04,5.37,17.07,-5.31,54.89,0.0,2.2,60.62,-14.34538,-70.0321,4130
Crucero,2010-10-05,6.64,16.57,-3.57,53.59,0.87,2.23,60.67,-14.34538,-70.0321,4130
Crucero,2010-10-06,8.59,18.09,-0.44,51.89,0.07,1.95,60.64,-14.34538,-70.0321,4130
Crucero,2010-10-07,6.74,16.68,1.36,52.93,1.17,2.77,60.71,-14.34538,-70.0321,4130
Crucero,2010-10-08,6.47,17.14,-2.19,65.44,1.64,2.37,60.76,-14.34538,-70.0321,4130
Crucero,2010-10-09,4.83,10.39,1.47,75.82,0.03,1.4,60.78,-14.34538,-70.0321,4130
Crucero,2010-10-10,5.68,12.09,0.96,74.2,5.28,4.49,60.72,-14.34538,-70.0321,4130
Crucero,2010-10-11,4.77,12.68,-2.36,74.93,1.15,5.24,60.67,-14.34538,-70.0321,4130
Crucero,2010-10-12,4.89,11.86,0.78,75.85,5.9,3.13,60.67,-14.34538,-70.0321,4130
Crucero,2010-10-13,4.82,13.15,-1.17,72.98,0.41,1.87,60.65,-14.34538,-70.0321,4130
Crucero,2010-10-14,5.11,11.39,0.31,63.55,0.03,1.07,60.66,-14.34538,-70.0321,4130
Crucero,2010-10-15,4.65,11.23,-0.31,74.28,12.38,1.69,60.66,-14.34538,-70.0321,4130
Crucero,2010-10-16,5.32,13.18,0.64,77.46,3.45,2.41,60.69,-14.34538,-70.0321,4130
Crucero,2010-10-17,5.92,14.08,-0.85,72.98,2.48,2.1,60.72,-14.34538,-70.0321,4130
Crucero,2010-10-18,7.11,14.66,0.25,70.19,0.48,2.34,60.65,-14.34538,-70.0321,4130
Crucero,2010-10-19,6.63,15.28,2.15,72.69,0.01,1.84,60.59,-14.34538,-70.0321,4130
Crucero,2010-10-20,4.18,9.61,1.54,80.73,0.0,1.96,60.62,-14.34538,-70.0321,4130
Crucero,2010-10-21,5.43,13.87,0.62,72.99,4.62,2.02,60.54,-14.34538,-70.0321,4130
Crucero,2010-10-22,5.54,13.6,-0.75,61.16,0.1,1.78,60.53,-14.34538,-70.0321,4130
Crucero,2010-10-23,6.37,15.75,-1.57,57.06,0.27,1.85,60.5,-14.34538,-70.0321,4130
Crucero,2010-10-24,7.81,16.04,1.28,61.33,0.93,2.3,60.49,-14.34538,-70.0321,4130
Crucero,2010-10-25,6.99,16.18,-0.76,64.0,0.0,3.15,60.55,-14.34538,-70.0321,4130
Crucero,2010-10-26,6.66,14.38,0.49,68.51,1.37,3.44,60.62,-14.34538,-70.0321,4130
Crucero,2010-10-27,6.95,15.23,-0.58,69.01,0.07,1.91,60.55,-14.34538,-70.0321,4130
Crucero,2010-10-28,7.14,15.17,1.13,63.25,0.0,1.84,60.45,-14.34538,-70.0321,4130
Crucero,2010-10-29,8.09,18.64,0.17,52.02,0.0,2.14,60.4,-14.34538,-70.0321,4130
Crucero,2010-10-30,5.41,12.75,1.65,71.57,4.2,2.66,60.48,-14.34538,-70.0321,4130
Crucero,2010-10-31,6.53,14.92,0.31,71.61,2.6,1.85,60.62,-14.34538,-70.0321,4130
Crucero,2010-11-01,4.78,12.17,1.05,75.78,0.54,2.23,60.68,-14.34538,-70.0321,4130
Crucero,2010-11-02,6.33,15.47,-0.44,68.54,0.08,1.63,60.58,-14.34538,-70.0321,4130
Crucero,2010-11-03,8.01,17.62,-1.44,47.57,0.0,1.66,60.42,-14.34538,-70.0321,4130
Crucero,2010-11-04,7.95,18.61,-1.02,44.99,0.0,1.56,60.42,-14.34538,-70.0321,4130
Crucero,2010-11-05,7.46,17.91,-2.88,52.41,0.54,2.58,60.56,-14.34538,-70.0321,4130
Crucero,2010-11-06,6.25,11.26,1.97,72.84,0.52,2.08,60.62,-14.34538,-70.0321,4130
Crucero,2010-11-07,6.55,15.68,-1.08,67.35,0.01,2.76,60.53,-14.34538,-70.0321,4130
Crucero,2010-11-08,8.14,17.12,-0.7,56.33,0.0,1.95,60.43,-14.34538,-70.0321,4130
Crucero,2010-11-09,3.71,8.18,-0.39,75.44,1.04,2.22,60.53,-14.34538,-70.0321,4130
Crucero,2010-11-10,4.02,10.28,-1.97,77.0,1.47,2.32,60.61,-14.34538,-70.0321,4130
Crucero,2010-11-11,5.98,14.6,0.21,71.54,2.61,2.46,60.65,-14.34538,-70.0321,4130
Crucero,2010-11-12,5.45,14.12,-0.82,73.54,0.44,1.79,60.69,-14.34538,-70.0321,4130
Crucero,2010-11-13,6.06,12.05,1.29,74.88,0.0,2.59,60.65,-14.34538,-70.0321,4130
Crucero,2010-11-14,6.43,12.49,2.4,76.93,0.0,2.38,60.57,-14.34538,-70.0321,4130
Crucero,2010-11-15,7.64,14.84,1.29,68.24,1.58,1.61,60.52,-14.34538,-70.0321,4130
Crucero,2010-11-16,8.74,18.0,1.58,59.21,0.36,2.03,60.46,-14.34538,-70.0321,4130
Crucero,2010-11-17,7.97,17.16,-0.19,45.57,0.23,1.83,60.5,-14.34538,-70.0321,4130
Crucero,2010-11-18,7.93,17.12,-0.1,52.71,0.05,1.5,60.39,-14.34538,-70.0321,4130
Crucero,2010-11-19,7.41,16.71,-0.16,45.75,0.03,1.44,60.32,-14.34538,-70.0321,4130
Crucero,2010-11-20,6.57,14.8,0.41,58.3,0.0,2.08,60.45,-14.34538,-70.0321,4130
Crucero,2010-11-21,6.69,14.09,0.97,65.85,0.39,2.46,60.48,-14.34538,-70.0321,4130
Crucero,2010-11-22,6.97,14.38,2.58,72.63,0.16,2.4,60.42,-14.34538,-70.0321,4130
Crucero,2010-11-23,8.39,17.42,1.23,55.3,4.53,1.84,60.28,-14.34538,-70.0321,4130
Crucero,2010-11-24,6.66,15.33,-0.88,64.94,3.19,2.25,60.32,-14.34538,-70.0321,4130
Crucero,2010-11-25,5.65,11.92,1.71,77.04,1.12,2.26,60.44,-14.34538,-70.0321,4130
Crucero,2010-11-26,7.26,14.57,2.91,72.74,0.11,3.04,60.5,-14.34538,-70.0321,4130
Crucero,2010-11-27,6.47,15.21,1.45,71.88,0.01,1.91,60.48,-14.34538,-70.0321,4130
Crucero,2010-11-28,6.99,15.08,1.56,71.4,0.11,2.4,60.44,-14.34538,-70.0321,4130
Crucero,2010-11-29,5.41,13.6,1.02,77.28,1.51,2.31,60.44,-14.34538,-70.0321,4130
Crucero,2010-11-30,7.55,15.03,1.74,70.24,1.19,2.1,60.47,-14.34538,-70.0321,4130
Crucero,2010-12-01,7.41,12.96,3.2,74.66,0.03,2.08,60.49,-14.34538,-70.0321,4130
Crucero,2010-12-02,7.09,13.89,0.35,67.47,0.0,2.42,60.5,-14.34538,-70.0321,4130
Crucero,2010-12-03,7.76,15.39,1.26,66.57,0.03,2.67,60.51,-14.34538,-70.0321,4130
Crucero,2010-12-04,6.64,10.33,3.79,79.03,1.43,2.99,60.53,-14.34538,-70.0321,4130
Crucero,2010-12-05,6.89,12.37,2.49,69.52,3.35,3.84,60.56,-14.34538,-70.0321,4130
Crucero,2010-12-06,7.17,15.08,0.98,70.09,0.63,1.68,60.6,-14.34538,-70.0321,4130
Crucero,2010-12-07,5.33,10.79,1.44,77.55,0.49,0.93,60.53,-14.34538,-70.0321,4130
Crucero,2010-12-08,6.92,13.99,1.45,73.77,0.07,1.86,60.52,-14.34538,-70.0321,4130
Crucero,2010-12-09,7.1,12.33,2.77,75.42,2.74,1.86,60.46,-14.34538,-70.0321,4130
Crucero,2010-12-10,6.37,13.57,2.0,76.05,0.76,1.91,60.38,-14.34538,-70.0321,4130
Crucero,2010-12-11,5.25,12.64,1.73,81.7,4.91,2.58,60.39,-14.34538,-70.0321,4130
Crucero,2010-12-12,5.73,14.14,1.08,76.22,0.42,1.66,60.39,-14.34538,-70.0321,4130
Crucero,2010-12-13,4.97,9.21,1.45,79.41,7.71,1.71,60.29,-14.34538,-70.0321,4130
Crucero,2010-12-14,5.97,15.21,0.74,65.43,1.66,1.78,60.21,-14.34538,-70.0321,4130
Crucero,2010-12-15,7.17,17.04,-2.52,59.27,0.05,2.06,60.3,-14.34538,-70.0321,4130
Crucero,2010-12-16,7.34,15.97,0.97,70.47,0.89,2.29,60.4,-14.34538,-70.0321,4130
Crucero,2010-12-17,7.47,16.28,0.32,70.92,0.09,2.39,60.37,-14.34538,-70.0321,4130
Crucero,2010-12-18,6.82,13.87,1.05,70.44,3.55,2.08,60.33,-14.34538,-70.0321,4130
Crucero,2010-12-19,7.88,16.39,2.26,69.89,4.22,2.69,60.34,-14.34538,-70.0321,4130
Crucero,2010-12-20,6.52,14.64,0.07,68.72,9.08,3.4,60.44,-14.34538,-70.0321,4130
Crucero,2010-12-21,4.65,10.67,0.84,81.35,5.69,2.83,60.53,-14.34538,-70.0321,4130
Crucero,2010-12-22,6.55,13.68,1.95,76.69,1.72,2.58,60.5,-14.34538,-70.0321,4130
Crucero,2010-12-23,5.64,13.82,0.67,79.36,5.74,1.9,60.42,-14.34538,-70.0321,4130
Crucero,2010-12-24,5.98,13.48,0.73,77.51,7.36,2.14,60.42,-14.34538,-70.0321,4130
Crucero,2010-12-25,6.19,12.8,2.25,78.97,2.75,2.15,60.48,-14.34538,-70.0321,4130
Crucero,2010-12-26,5.95,12.91,1.12,77.68,4.85,1.98,60.5,-14.34538,-70.0321,4130
Crucero,2010-12-27,5.03,10.4,0.69,80.48,5.53,1.72,60.49,-14.34538,-70.0321,4130
Crucero,2010-12-28,6.49,11.9,2.43,80.32,9.55,1.86,60.45,-14.34538,-70.0321,4130
Crucero,2010-12-29,5.98,9.34,2.71,84.81,8.46,2.09,60.35,-14.34538,-70.0321,4130
Crucero,2010-12-30,5.71,11.92,0.14,75.33,1.79,1.87,60.31,-14.34538,-70.0321,4130
Crucero,2010-12-31,5.94,12.45,-0.98,62.31,0.49,2.31,60.29,-14.34538,-70.0321,4130
Crucero,2011-01-01,7.75,15.92,-0.17,61.03,0.98,2.3,60.33,-14.34538,-70.0321,4130
Crucero,2011-01-02,5.29,12.2,-0.72,74.13,3.1,1.53,60.3,-14.34538,-70.0321,4130
Crucero,2011-01-03,5.95,13.84,0.64,77.32,0.25,1.95,60.28,-14.34538,-70.0321,4130
Crucero,2011-01-04,6.51,12.62,2.05,72.45,0.02,2.16,60.36,-14.34538,-70.0321,4130
Crucero,2011-01-05,6.34,12.59,1.8,79.74,1.06,2.13,60.43,-14.34538,-70.0321,4130
Crucero,2011-01-06,6.94,14.07,2.63,71.98,0.24,2.68,60.47,-14.34538,-70.0321,4130
Crucero,2011-01-07,5.52,11.05,2.41,80.28,2.36,2.36,60.44,-14.34538,-70.0321,4130
Crucero,2011-01-08,6.44,12.43,2.11,75.05,0.13,3.13,60.48,-14.34538,-70.0321,4130
Crucero,2011-01-09,5.24,12.17,1.34,79.49,0.14,2.35,60.53,-14.34538,-70.0321,4130
Crucero,2011-01-10,6.31,14.26,0.36,76.1,3.16,1.62,60.51,-14.34538,-70.0321,4130
Crucero,2011-01-11,5.75,12.75,0.84,78.16,0.29,1.79,60.44,-14.34538,-70.0321,4130
Crucero,2011-01-12,5.16,11.27,1.29,81.39,5.09,1.9,60.41,-14.34538,-70.0321,4130
Crucero,2011-01-13,5.23,12.66,0.82,81.17,3.07,1.92,60.44,-14.34538,-70.0321,4130
Crucero,2011-01-14,7.03,13.31,1.81,78.45,2.02,1.94,60.48,-14.34538,-70.0321,4130
Crucero,2011-01-15,7.39,13.79,3.73,77.51,0.22,1.7,60.53,-14.34538,-70.0321,4130
Crucero,2011-01-16,7.96,14.53,1.69,75.05,0.07,2.08,60.46,-14.34538,-70.0321,4130
Crucero,2011-01-17,8.46,17.76,1.1,67.64,0.0,2.75,60.52,-14.34538,-70.0321,4130
Crucero,2011-01-18,7.69,12.33,4.81,76.51,0.42,2.53,60.51,-14.34538,-70.0321,4130
Crucero,2011-01-19,6.67,12.05,2.36,79.55,0.74,1.4,60.46,-14.34538,-70.0321,4130
Crucero,2011-01-20,6.65,12.72,2.16,76.28,5.21,2.11,60.41,-14.34538,-70.0321,4130
Crucero,2011-01-21,5.36,9.7,2.12,80.03,1.42,2.19,60.38,-14.34538,-70.0321,4130
Crucero,2011-01-22,5.69,13.4,1.13,78.54,3.37,2.4,60.33,-14.34538,-70.0321,4130
Crucero,2011-01-23,5.09,13.14,-0.85,75.83,0.71,2.52,60.39,-14.34538,-70.0321,4130
Crucero,2011-01-24,4.22,10.26,0.59,81.81,6.03,2.06,60.42,-14.34538,-70.0321,4130
Crucero,2011-01-25,6.02,13.75,0.79,78.05,0.8,2.59,60.42,-14.34538,-70.0321,4130
Crucero,2011-01-26,5.43,13.39,0.86,79.74,2.9,1.8,60.44,-14.34538,-70.0321,4130
Crucero,2011-01-27,4.59,10.2,0.57,83.78,3.98,3.14,60.41,-14.34538,-70.0321,4130
Crucero,2011-01-28,6.1,14.03,0.4,76.45,0.27,2.76,60.49,-14.34538,-70.0321,4130
Crucero,2011-01-29,5.38,11.9,1.75,79.87,1.88,2.9,60.62,-14.34538,-70.0321,4130
Crucero,2011-01-30,6.16,13.73,-0.12,74.23,0.95,3.18,60.62,-14.34538,-70.0321,4130
Crucero,2011-01-31,5.68,11.32,1.28,77.81,0.16,2.73,60.55,-14.34538,-70.0321,4130
Crucero,2011-02-01,5.02,12.05,0.92,81.13,4.93,1.73,60.57,-14.34538,-70.0321,4130
Crucero,2011-02-02,4.36,10.83,1.1,83.42,1.81,1.7,60.62,-14.34538,-70.0321,4130
Crucero,2011-02-03,6.53,12.93,1.39,78.21,4.62,1.32,60.53,-14.34538,-70.0321,4130
Crucero,2011-02-04,5.98,12.68,1.96,82.78,2.04,2.03,60.4,-14.34538,-70.0321,4130
Crucero,2011-02-05,5.55,11.44,1.35,83.96,3.55,1.67,60.38,-14.34538,-70.0321,4130
Crucero,2011-02-06,4.9,9.4,1.43,84.49,6.0,2.63,60.46,-14.34538,-70.0321,4130
Crucero,2011-02-07,5.58,12.15,0.85,81.86,2.45,1.96,60.54,-14.34538,-70.0321,4130
Crucero,2011-02-08,5.0,11.22,1.93,85.47,3.87,1.73,60.53,-14.34538,-70.0321,4130
Crucero,2011-02-09,5.66,13.54,0.89,80.31,6.03,1.6,60.48,-14.34538,-70.0321,4130
Crucero,2011-02-10,3.37,8.88,-0.36,86.77,6.05,2.21,60.42,-14.34538,-70.0321,4130
Crucero,2011-02-11,4.9,11.55,0.88,83.29,6.51,2.32,60.44,-14.34538,-70.0321,4130
Crucero,2011-02-12,5.58,12.34,0.64,80.65,2.72,1.31,60.55,-14.34538,-70.0321,4130
Crucero,2011-02-13,5.23,12.77,1.03,81.68,8.35,1.57,60.48,-14.34538,-70.0321,4130
Crucero,2011-02-14,2.9,5.17,0.38,92.81,14.81,2.58,60.57,-14.34538,-70.0321,4130
Crucero,2011-02-15,5.08,12.1,-1.38,81.25,5.6,1.94,60.54,-14.34538,-70.0321,4130
Crucero,2011-02-16,5.99,13.63,0.41,79.97,0.88,1.51,60.52,-14.34538,-70.0321,4130
Crucero,2011-02-17,6.28,13.45,0.71,79.65,9.21,2.54,60.54,-14.34538,-70.0321,4130
Crucero,2011-02-18,5.32,11.63,1.69,83.66,13.8,2.36,60.5,-14.34538,-70.0321,4130
Crucero,2011-02-19,4.97,11.57,0.6,83.29,7.98,2.77,60.41,-14.34538,-70.0321,4130
Crucero,2011-02-20,5.01,11.06,0.76,84.11,5.8,2.7,60.4,-14.34538,-70.0321,4130
Crucero,2011-02-21,5.34,12.16,0.03,82.38,4.98,2.62,60.44,-14.34538,-70.0321,4130
Crucero,2011-02-22,4.88,10.74,0.52,84.0,3.02,2.26,60.45,-14.34538,-70.0321,4130
Crucero,2011-02-23,5.07,11.98,1.03,85.43,20.15,1.28,60.35,-14.34538,-70.0321,4130
Crucero,2011-02-24,3.71,10.4,0.14,86.96,23.76,1.47,60.38,-14.34538,-70.0321,4130
Crucero,2011-02-25,4.58,10.71,0.27,85.54,9.22,2.23,60.48,-14.34538,-70.0321,4130
Crucero,2011-02-26,4.7,10.29,1.05,85.39,5.33,1.35,60.53,-14.34538,-70.0321,4130
Crucero,2011-02-27,4.27,9.73,0.78,87.54,1.1,1.7,60.52,-14.34538,-70.0321,4130
Crucero,2011-02-28,4.51,11.95,0.41,84.92,2.81,1.83,60.5,-14.34538,-70.0321,4130
Crucero,2011-03-01,4.64,11.31,0.44,85.25,4.23,1.48,60.42,-14.34538,-70.0321,4130
Crucero,2011-03-02,4.22,10.77,-1.56,82.71,1.25,1.13,60.41,-14.34538,-70.0321,4130
Crucero,2011-03-03,5.09,11.22,0.67,85.59,5.46,2.51,60.41,-14.34538,-70.0321,4130
Crucero,2011-03-04,4.68,12.04,-0.32,83.91,1.04,3.01,60.47,-14.34538,-70.0321,4130
Crucero,2011-03-05,4.17,10.53,-0.06,83.39,3.11,2.32,60.48,-14.34538,-70.0321,4130
Crucero,2011-03-06,4.02,8.78,-0.05,86.13,2.19,1.03,60.42,-14.34538,-70.0321,4130
Crucero,2011-03-07,5.25,11.83,0.62,83.19,1.12,1.79,60.37,-14.34538,-70.0321,4130
Crucero,2011-03-08,3.92,10.43,-0.99,84.9,0.84,2.51,60.47,-14.34538,-70.0321,4130
Crucero,2011-03-09,5.09,12.01,0.39,84.17,6.68,1.06,60.48,-14.34538,-70.0321,4130
Crucero,2011-03-10,4.44,11.25,-0.36,85.07,1.8,2.16,60.46,-14.34538,-70.0321,4130
Crucero,2011-03-11,5.37,11.11,1.31,84.8,4.71,2.13,60.43,-14.34538,-70.0321,4130
Crucero,2011-03-12,5.06,11.39,0.85,85.17,0.9,2.48,60.47,-14.34538,-70.0321,4130
Crucero,2011-03-13,5.59,12.37,-0.02,83.72,15.76,2.7,60.45,-14.34538,-70.0321,4130
Crucero,2011-03-14,4.64,8.98,1.16,86.88,4.63,1.64,60.46,-14.34538,-70.0321,4130
Crucero,2011-03-15,4.21,8.36,0.54,84.93,0.76,0.93,60.53,-14.34538,-70.0321,4130
Crucero,2011-03-16,4.11,9.74,1.33,88.77,0.11,1.06,60.6,-14.34538,-70.0321,4130
Crucero,2011-03-17,6.25,13.27,-0.85,81.34,13.63,1.59,60.56,-14.34538,-70.0321,4130
Crucero,2011-03-18,5.73,9.68,2.74,86.26,8.3,2.16,60.61,-14.34538,-70.0321,4130
Crucero,2011-03-19,4.38,8.79,1.88,90.9,4.22,2.62,60.57,-14.34538,-70.0321,4130
Crucero,2011-03-20,5.37,11.37,0.55,84.62,1.4,2.38,60.58,-14.34538,-70.0321,4130
Crucero,2011-03-21,5.8,12.65,0.8,85.49,12.32,2.11,60.5,-14.34538,-70.0321,4130
Crucero,2011-03-22,4.98,9.68,1.34,88.45,1.21,1.71,60.43,-14.34538,-70.0321,4130
Crucero,2011-03-23,5.37,12.29,0.31,86.22,0.47,1.98,60.5,-14.34538,-70.0321,4130
Crucero,2011-03-24,4.73,10.7,1.14,86.76,0.85,2.56,60.59,-14.34538,-70.0321,4130
Crucero,2011-03-25,5.24,12.41,-0.16,83.84,1.01,1.75,60.59,-14.34538,-70.0321,4130
Crucero,2011-03-26,4.9,9.68,1.18,87.72,1.93,1.3,60.54,-14.34538,-70.0321,4130
Crucero,2011-03-27,4.25,8.48,1.07,89.74,15.35,1.67,60.55,-14.34538,-70.0321,4130
Crucero,2011-03-28,4.94,11.51,0.45,87.36,1.22,1.3,60.63,-14.34538,-70.0321,4130
Crucero,2011-03-29,4.8,9.67,1.97,88.76,2.41,1.88,60.68,-14.34538,-70.0321,4130
Crucero,2011-03-30,6.25,12.67,1.15,82.97,0.11,2.4,60.67,-14.34538,-70.0321,4130
Crucero,2011-03-31,4.86,10.35,1.4,87.17,0.0,2.19,60.62,-14.34538,-70.0321,4130
Crucero,2011-04-01,4.85,12.43,-0.53,84.95,0.0,1.54,60.58,-14.34538,-70.0321,4130
Crucero,2011-04-02,5.09,12.2,0.6,84.92,2.93,1.33,60.6,-14.34538,-70.0321,4130
Crucero,2011-04-03,5.53,11.84,1.14,82.94,8.91,1.16,60.54,-14.34538,-70.0321,4130
Crucero,2011-04-04,5.36,11.38,0.07,83.51,11.62,1.42,60.54,-14.34538,-70.0321,4130
Crucero,2011-04-05,5.34,10.88,1.54,85.36,5.35,2.3,60.62,-14.34538,-70.0321,4130
Crucero,2011-04-06,4.06,10.1,0.14,86.44,3.12,2.99,60.7,-14.34538,-70.0321,4130
Crucero,2011-04-07,4.81,11.79,-1.09,83.99,0.36,2.37,60.65,-14.34538,-70.0321,4130
Crucero,2011-04-08,4.34,9.81,0.63,85.24,2.03,3.63,60.67,-14.34538,-70.0321,4130
Crucero,2011-04-09,2.81,8.98,-2.6,84.56,1.37,2.4,60.77,-14.34538,-70.0321,4130
Crucero,2011-04-10,5.03,13.41,-2.08,55.09,0.01,1.03,60.68,-14.34538,-70.0321,4130
Crucero,2011-04-11,4.36,11.64,-2.17,82.48,0.09,1.07,60.58,-14.34538,-70.0321,4130
Crucero,2011-04-12,5.69,13.03,0.15,75.44,0.17,1.29,60.53,-14.34538,-70.0321,4130
Crucero,2011-04-13,5.43,13.6,-3.43,72.41,0.0,1.36,60.54,-14.34538,-70.0321,4130
Crucero,2011-04-14,4.62,12.0,-1.08,77.36,0.0,1.97,60.62,-14.34538,-70.0321,4130
Crucero,2011-04-15,2.99,9.32,-2.44,78.08,1.21,2.26,60.68,-14.34538,-70.0321,4130
Crucero,2011-04-16,3.45,9.9,-0.88,83.29,0.97,1.9,60.66,-14.34538,-70.0321,4130
Crucero,2011-04-17,4.61,11.45,-1.05,84.37,1.24,1.96,60.65,-14.34538,-70.0321,4130
Crucero,2011-04-18,4.25,10.67,-0.18,83.55,0.59,2.67,60.74,-14.34538,-70.0321,4130
Crucero,2011-04-19,4.46,12.5,-2.27,75.45,0.06,1.74,60.77,-14.34538,-70.0321,4130
Crucero,2011-04-20,5.79,12.4,0.46,82.24,1.06,1.39,60.65,-14.34538,-70.0321,4130
Crucero,2011-04-21,6.11,11.96,2.47,82.7,0.13,1.66,60.61,-14.34538,-70.0321,4130
Crucero,2011-04-22,5.64,12.56,0.9,75.71,0.0,1.26,60.66,-14.34538,-70.0321,4130
Crucero,2011-04-23,5.27,13.31,-0.53,78.34,0.74,2.07,60.73,-14.34538,-70.0321,4130
Crucero,2011-04-24,5.0,10.9,0.3,85.28,0.88,1.84,60.69,-14.34538,-70.0321,4130
Crucero,2011-04-25,4.13,9.76,0.92,87.99,0.03,1.17,60.68,-14.34538,-70.0321,4130
Crucero,2011-04-26,4.43,11.55,-1.66,78.34,0.35,2.47,60.72,-14.34538,-70.0321,4130
Crucero,2011-04-27,5.9,12.28,1.25,81.11,0.04,1.77,60.75,-14.34538,-70.0321,4130
Crucero,2011-04-28,5.92,12.89,0.82,77.1,0.59,0.69,60.69,-14.34538,-70.0321,4130
Crucero,2011-04-29,5.03,12.96,-3.07,70.24,0.64,1.01,60.56,-14.34538,-70.0321,4130
Crucero,2011-04-30,2.99,8.84,-1.03,72.27,0.6,1.11,60.54,-14.34538,-70.0321,4130
Crucero,2011-05-01,3.64,10.43,-1.49,81.33,0.35,1.63,60.57,-14.34538,-70.0321,4130
Crucero,2011-05-02,3.57,9.08,-0.05,83.95,0.01,0.91,60.67,-14.34538,-70.0321,4130
Crucero,2011-05-03,5.08,12.34,-0.48,77.51,0.0,1.06,60.69,-14.34538,-70.0321,4130
Crucero,2011-05-04,4.69,11.4,0.08,78.82,2.28,1.31,60.7,-14.34538,-70.0321,4130
Crucero,2011-05-05,3.46,12.75,-2.8,70.52,0.52,1.78,60.7,-14.34538,-70.0321,4130
Crucero,2011-05-06,2.25,10.97,-4.02,62.05,0.0,2.18,60.8,-14.34538,-70.0321,4130
Crucero,2011-05-07,1.46,8.2,-4.6,73.49,0.0,2.15,60.85,-14.34538,-70.0321,4130
Crucero,2011-05-08,3.7,12.23,-1.51,64.71,0.0,1.63,60.79,-14.34538,-70.0321,4130
Crucero,2011-05-09,3.53,10.97,-3.82,76.46,1.16,2.23,60.71,-14.34538,-70.0321,4130
Crucero,2011-05-10,4.2,10.22,0.42,82.02,0.44,1.38,60.71,-14.34538,-70.0321,4130
Crucero,2011-05-11,4.52,11.84,-0.82,79.54,0.46,1.29,60.67,-14.34538,-70.0321,4130
Crucero,2011-05-12,4.96,12.51,-0.78,77.57,0.44,1.06,60.67,-14.34538,-70.0321,4130
Crucero,2011-05-13,5.67,12.69,-0.14,72.14,0.0,1.14,60.63,-14.34538,-70.0321,4130
Crucero,2011-05-14,4.38,11.45,-2.28,72.04,0.0,1.21,60.63,-14.34538,-70.0321,4130
Crucero,2011-05-15,4.85,12.58,-1.41,75.7,0.0,1.29,60.65,-14.34538,-70.0321,4130
Crucero,2011-05-16,5.15,12.78,-0.93,71.0,0.0,1.09,60.6,-14.34538,-70.0321,4130
Crucero,2011-05-17,4.42,12.4,-3.01,70.45,0.0,1.14,60.5,-14.34538,-70.0321,4130
Crucero,2011-05-18,4.17,12.95,-3.17,72.51,0.0,1.52,60.53,-14.34538,-70.0321,4130
Crucero,2011-05-19,4.72,13.32,-2.42,74.75,0.0,1.45,60.55,-14.34538,-70.0321,4130
Crucero,2011-05-20,5.16,12.47,-1.12,77.83,0.0,1.31,60.59,-14.34538,-70.0321,4130
Crucero,2011-05-21,5.14,11.72,-0.73,78.91,0.0,1.44,60.67,-14.34538,-70.0321,4130
Crucero,2011-05-22,4.8,11.58,0.94,81.32,0.0,1.78,60.71,-14.34538,-70.0321,4130
Crucero,2011-05-23,3.18,8.64,-0.35,83.32,0.83,1.89,60.79,-14.34538,-70.0321,4130
Crucero,2011-05-24,5.78,13.99,-0.27,75.74,0.08,1.04,60.7,-14.34538,-70.0321,4130
Crucero,2011-05-25,5.86,12.08,1.05,81.43,3.46,1.71,60.8,-14.34538,-70.0321,4130
Crucero,2011-05-26,3.46,9.17,0.35,88.57,3.11,1.64,60.88,-14.34538,-70.0321,4130
Crucero,2011-05-27,4.65,13.03,-1.05,75.84,1.01,1.46,60.8,-14.34538,-70.0321,4130
Crucero,2011-05-28,3.18,12.76,-4.66,68.16,0.0,1.67,60.73,-14.34538,-70.0321,4130
Crucero,2011-05-29,3.26,12.25,-3.45,58.29,0.0,1.54,60.75,-14.34538,-70.0321,4130
Crucero,2011-05-30,4.49,12.63,-1.26,39.87,0.0,1.46,60.79,-14.34538,-70.0321,4130
Crucero,2011-05-31,3.46,12.88,-3.23,50.35,0.0,1.62,60.8,-14.34538,-70.0321,4130
Crucero,2011-06-01,3.88,13.01,-3.22,46.94,0.0,0.96,60.74,-14.34538,-70.0321,4130
Crucero,2011-06-02,3.53,12.91,-3.44,61.36,0.0,1.52,60.66,-14.34538,-70.0321,4130
Crucero,2011-06-03,3.86,11.61,-3.3,75.06,0.0,1.34,60.74,-14.34538,-70.0321,4130
Crucero,2011-06-04,4.18,11.16,-0.2,73.39,0.0,1.59,60.8,-14.34538,-70.0321,4130
Crucero,2011-06-05,4.43,11.83,-0.62,78.14,0.0,1.65,60.69,-14.34538,-70.0321,4130
Crucero,2011-06-06,3.67,13.35,-4.66,63.43,0.0,2.03,60.61,-14.34538,-70.0321,4130
Crucero,2011-06-07,3.24,12.44,-4.67,62.18,0.03,1.51,60.71,-14.34538,-70.0321,4130
Crucero,2011-06-08,3.79,13.42,-3.45,62.87,0.03,1.83,60.68,-14.34538,-70.0321,4130
Crucero,2011-06-09,1.85,11.67,-5.92,47.69,0.46,1.59,60.71,-14.34538,-70.0321,4130
Crucero,2011-06-10,1.72,7.11,-2.11,85.7,2.23,1.51,60.78,-14.34538,-70.0321,4130
Crucero,2011-06-11,3.3,11.0,-2.25,80.18,0.69,1.25,60.7,-14.34538,-70.0321,4130
Crucero,2011-06-12,3.54,12.63,-3.96,71.41,0.0,1.42,60.68,-14.34538,-70.0321,4130
Crucero,2011-06-13,3.51,8.73,-0.89,82.37,0.5,1.96,60.79,-14.34538,-70.0321,4130
Crucero,2011-06-14,3.35,12.17,-2.92,73.58,0.03,1.67,60.69,-14.34538,-70.0321,4130
Crucero,2011-06-15,3.48,12.4,-3.5,73.03,0.0,1.7,60.57,-14.34538,-70.0321,4130
Crucero,2011-06-16,4.32,11.22,-0.52,78.58,0.07,1.75,60.56,-14.34538,-70.0321,4130
Crucero,2011-06-17,4.61,12.88,-1.28,72.76,0.0,1.87,60.66,-14.34538,-70.0321,4130
Crucero,2011-06-18,3.07,9.38,-1.45,84.8,0.07,1.56,60.68,-14.34538,-70.0321,4130
Crucero,2011-06-19,4.86,12.84,-0.43,75.62,0.26,2.1,60.59,-14.34538,-70.0321,4130
Crucero,2011-06-20,4.36,13.93,-3.44,75.32,0.33,2.02,60.59,-14.34538,-70.0321,4130
Crucero,2011-06-21,5.26,13.55,-1.4,76.89,0.01,1.91,60.65,-14.34538,-70.0321,4130
Crucero,2011-06-22,4.36,10.68,-1.37,82.86,0.0,2.44,60.73,-14.34538,-70.0321,4130
Crucero,2011-06-23,4.48,13.33,-2.76,69.94,0.2,1.13,60.76,-14.34538,-70.0321,4130
Crucero,2011-06-24,4.52,13.26,-3.16,76.74,0.76,1.25,60.66,-14.34538,-70.0321,4130
Crucero,2011-06-25,4.73,11.5,-1.13,80.46,2.54,1.67,60.73,-14.34538,-70.0321,4130
Crucero,2011-06-26,4.98,13.19,-1.12,74.04,0.81,1.37,60.71,-14.34538,-70.0321,4130
Crucero,2011-06-27,4.47,14.81,-2.04,67.38,0.0,2.5,60.57,-14.34538,-70.0321,4130
Crucero,2011-06-28,3.41,13.09,-4.36,71.37,0.0,2.76,60.42,-14.34538,-70.0321,4130
Crucero,2011-06-29,2.56,9.7,-1.91,81.62,0.45,2.73,60.37,-14.34538,-70.0321,4130
Crucero,2011-06-30,1.94,9.57,-3.25,81.38,0.77,3.04,60.37,-14.34538,-70.0321,4130
Crucero,2011-07-01,1.82,7.83,-2.25,84.43,8.25,2.49,60.47,-14.34538,-70.0321,4130
Crucero,2011-07-02,1.21,6.07,-2.28,87.27,2.46,2.26,60.54,-14.34538,-70.0321,4130
Crucero,2011-07-03,2.22,8.64,-2.62,83.2,0.41,3.01,60.59,-14.34538,-70.0321,4130
Crucero,2011-07-04,2.84,10.71,-3.18,77.46,0.01,1.92,60.58,-14.34538,-70.0321,4130
Crucero,2011-07-05,3.1,11.99,-3.85,76.88,0.0,1.5,60.63,-14.34538,-70.0321,4130
Crucero,2011-07-06,2.64,11.6,-3.3,75.92,0.0,2.43,60.66,-14.34538,-70.0321,4130
Crucero,2011-07-07,0.51,8.16,-4.93,73.06,0.0,3.8,60.61,-14.34538,-70.0321,4130
Crucero,2011-07-08,1.24,10.51,-5.36,75.82,0.0,3.04,60.59,-14.34538,-70.0321,4130
Crucero,2011-07-09,2.34,12.44,-5.33,69.63,0.0,2.19,60.59,-14.34538,-70.0321,4130
Crucero,2011-07-10,2.88,11.56,-3.69,74.58,0.0,1.55,60.69,-14.34538,-70.0321,4130
Crucero,2011-07-11,3.19,10.0,-3.72,69.67,0.0,0.95,60.78,-14.34538,-70.0321,4130
Crucero,2011-07-12,4.54,13.48,-2.77,66.63,0.0,1.28,60.71,-14.34538,-70.0321,4130
Crucero,2011-07-13,4.41,12.27,-2.01,75.42,0.0,1.31,60.67,-14.34538,-70.0321,4130
Crucero,2011-07-14,4.98,13.97,-1.96,70.07,0.0,1.72,60.55,-14.34538,-70.0321,4130
Crucero,2011-07-15,4.32,13.81,-2.97,68.14,0.11,1.97,60.57,-14.34538,-70.0321,4130
Crucero,2011-07-16,4.21,12.86,-3.61,69.27,0.29,1.62,60.61,-14.34538,-70.0321,4130
Crucero,2011-07-17,4.57,11.64,-0.57,72.04,0.7,1.63,60.62,-14.34538,-70.0321,4130
Crucero,2011-07-18,3.49,10.96,-4.27,63.62,0.0,1.19,60.65,-14.34538,-70.0321,4130
Crucero,2011-07-19,4.4,9.81,1.06,84.67,0.9,3.37,60.56,-14.34538,-70.0321,4130
Crucero,2011-07-20,4.68,12.61,-1.06,76.33,0.15,2.33,60.62,-14.34538,-70.0321,4130
Crucero,2011-07-21,4.7,12.1,-1.71,75.24,0.31,1.95,60.67,-14.34538,-70.0321,4130
Crucero,2011-07-22,4.53,12.07,-0.27,74.52,0.09,0.94,60.73,-14.34538,-70.0321,4130
Crucero,2011-07-23,3.81,12.69,-3.33,73.07,0.0,1.5,60.8,-14.34538,-70.0321,4130
Crucero,2011-07-24,3.52,12.59,-4.16,70.06,0.0,1.48,60.79,-14.34538,-70.0321,4130
Crucero,2011-07-25,3.75,13.19,-4.72,62.46,0.0,1.2,60.65,-14.34538,-70.0321,4130
Crucero,2011-07-26,3.24,12.04,-4.13,68.22,0.0,1.54,60.62,-14.34538,-70.0321,4130
Crucero,2011-07-27,3.81,11.39,-3.03,64.03,0.0,1.15,60.62,-14.34538,-70.0321,4130
Crucero,2011-07-28,3.27,13.33,-4.81,54.51,0.0,1.43,60.49,-14.34538,-70.0321,4130
Crucero,2011-07-29,3.61,13.39,-4.54,59.01,0.04,2.21,60.39,-14.34538,-70.0321,4130
Crucero,2011-07-30,4.12,12.84,-3.01,59.2,0.58,1.75,60.4,-14.34538,-70.0321,4130
Crucero,2011-07-31,4.05,12.34,-3.04,74.61,0.83,2.22,60.51,-14.34538,-70.0321,4130
Crucero,2011-08-01,4.5,14.02,-4.31,58.24,0.21,2.09,60.62,-14.34538,-70.0321,4130
Crucero,2011-08-02,5.13,14.71,-2.6,64.01,0.26,2.05,60.59,-14.34538,-70.0321,4130
Crucero,2011-08-03,2.88,7.46,-1.73,83.86,1.36,1.68,60.65,-14.34538,-70.0321,4130
Crucero,2011-08-04,3.07,8.65,-0.59,83.21,0.42,1.44,60.67,-14.34538,-70.0321,4130
Crucero,2011-08-05,4.68,12.66,-2.17,69.59,0.0,1.89,60.77,-14.34538,-70.0321,4130
Crucero,2011-08-06,3.73,13.04,-3.37,69.05,0.0,1.97,60.77,-14.34538,-70.0321,4130
Crucero,2011-08-07,4.03,13.85,-4.51,66.35,0.0,2.11,60.78,-14.34538,-70.0321,4130
Crucero,2011-08-08,4.72,13.74,-3.83,69.92,0.0,1.28,60.81,-14.34538,-70.0321,4130
Crucero,2011-08-09,3.7,10.22,0.39,74.68,0.0,1.83,60.85,-14.34538,-70.0321,4130
Crucero,2011-08-10,3.98,13.07,-2.09,70.21,0.0,1.89,60.78,-14.34538,-70.0321,4130
Crucero,2011-08-11,3.61,12.41,-3.83,68.57,0.0,2.16,60.71,-14.34538,-70.0321,4130
Crucero,2011-08-12,3.54,9.96,-0.96,74.92,0.0,1.39,60.66,-14.34538,-70.0321,4130
Crucero,2011-08-13,3.77,11.2,-1.5,72.7,0.0,1.67,60.63,-14.34538,-70.0321,4130
Crucero,2011-08-14,4.42,11.08,-0.32,73.68,0.0,2.33,60.58,-14.34538,-70.0321,4130
Crucero,2011-08-15,4.68,11.39,-0.31,75.0,0.0,1.81,60.6,-14.34538,-70.0321,4130
Crucero,2011-08-16,5.27,13.2,-0.77,70.62,0.0,1.5,60.62,-14.34538,-70.0321,4130
Crucero,2011-08-17,5.96,13.65,0.28,72.51,0.0,1.89,60.61,-14.34538,-70.0321,4130
Crucero,2011-08-18,5.85,14.82,-1.13,68.21,0.0,1.75,60.52,-14.34538,-70.0321,4130
Crucero,2011-08-19,6.0,15.25,-1.36,70.1,0.06,1.51,60.52,-14.34538,-70.0321,4130
Crucero,2011-08-20,4.19,10.01,1.49,81.03,0.64,1.94,60.61,-14.34538,-70.0321,4130
Crucero,2011-08-21,4.11,9.07,-0.23,72.1,0.06,1.52,60.65,-14.34538,-70.0321,4130
Crucero,2011-08-22,5.41,15.24,-1.92,55.54,0.0,2.35,60.58,-14.34538,-70.0321,4130
Crucero,2011-08-23,4.27,13.62,-2.74,64.46,0.0,2.03,60.58,-14.34538,-70.0321,4130
Crucero,2011-08-24,4.07,14.38,-4.4,61.79,0.0,2.42,60.64,-14.34538,-70.0321,4130
Crucero,2011-08-25,4.58,14.03,-1.68,68.64,0.0,2.12,60.82,-14.34538,-70.0321,4130
Crucero,2011-08-26,5.49,13.31,-1.15,69.71,0.0,1.45,60.83,-14.34538,-70.0321,4130
Crucero,2011-08-27,5.49,14.38,-1.55,65.92,0.0,2.15,60.72,-14.34538,-70.0321,4130
Crucero,2011-08-28,6.1,14.92,-0.89,70.51,0.0,2.14,60.69,-14.34538,-70.0321,4130
Crucero,2011-08-29,4.06,9.1,0.64,81.55,0.0,1.14,60.7,-14.34538,-70.0321,4130
Crucero,2011-08-30,4.89,10.82,0.93,76.12,0.09,2.01,60.77,-14.34538,-70.0321,4130
Crucero,2011-08-31,5.05,12.52,-0.63,73.49,0.47,2.7,60.87,-14.34538,-70.0321,4130
Crucero,2011-09-01,4.97,14.0,-2.16,71.48,0.01,3.17,60.89,-14.34538,-70.0321,4130
Crucero,2011-09-02,3.69,13.74,-5.43,62.97,0.0,2.46,60.8,-14.34538,-70.0321,4130
Crucero,2011-09-03,4.9,14.36,-3.22,64.83,0.0,1.83,60.7,-14.34538,-70.0321,4130
Crucero,2011-09-04,6.02,15.62,-3.26,63.79,0.0,2.07,60.67,-14.34538,-70.0321,4130
Crucero,2011-09-05,5.61,13.37,0.26,73.72,0.0,1.33,60.69,-14.34538,-70.0321,4130
Crucero,2011-09-06,3.53,8.36,0.24,80.64,0.56,1.6,60.69,-14.34538,-70.0321,4130
Crucero,2011-09-07,4.96,13.92,-2.28,58.25,0.05,1.31,60.67,-14.34538,-70.0321,4130
Crucero,2011-09-08,6.33,16.96,-3.77,53.8,0.65,2.0,60.59,-14.34538,-70.0321,4130
Crucero,2011-09-09,5.94,14.06,0.14,65.46,2.09,1.44,60.58,-14.34538,-70.0321,4130
Crucero,2011-09-10,3.99,11.47,-0.76,56.49,0.22,2.15,60.72,-14.34538,-70.0321,4130
Crucero,2011-09-11,4.2,12.51,-0.67,73.29,1.9,3.79,60.87,-14.34538,-70.0321,4130
Crucero,2011-09-12,4.33,14.08,-2.5,59.2,0.0,2.4,60.87,-14.34538,-70.0321,4130
Crucero,2011-09-13,4.43,13.56,-2.64,60.51,0.33,2.41,60.78,-14.34538,-70.0321,4130
Crucero,2011-09-14,3.88,10.96,-0.68,75.86,0.4,1.84,60.72,-14.34538,-70.0321,4130
Crucero,2011-09-15,3.94,9.77,0.0,76.59,0.05,1.51,60.69,-14.34538,-70.0321,4130
Crucero,2011-09-16,5.25,12.8,-1.17,70.4,0.0,1.58,60.66,-14.34538,-70.0321,4130
Crucero,2011-09-17,2.41,6.1,-0.51,82.9,3.52,2.1,60.7,-14.34538,-70.0321,4130
Crucero,2011-09-18,4.09,12.35,-0.56,77.48,2.0,2.42,60.75,-14.34538,-70.0321,4130
Crucero,2011-09-19,4.05,10.89,0.14,78.18,0.39,1.32,60.72,-14.34538,-70.0321,4130
Crucero,2011-09-20,3.64,9.71,-0.02,82.68,0.86,1.53,60.68,-14.34538,-70.0321,4130
Crucero,2011-09-21,3.81,10.73,-0.82,78.52,0.47,1.69,60.68,-14.34538,-70.0321,4130
Crucero,2011-09-22,5.19,13.47,0.04,74.46,0.09,2.66,60.63,-14.34538,-70.0321,4130
Crucero,2011-09-23,2.14,8.5,-2.52,77.05,1.08,2.75,60.64,-14.34538,-70.0321,4130
Crucero,2011-09-24,3.88,10.35,-0.25,79.28,5.93,2.38,60.68,-14.34538,-70.0321,4130
Crucero,2011-09-25,4.24,12.51,-1.91,76.9,0.67,1.44,60.76,-14.34538,-70.0321,4130
Crucero,2011-09-26,4.84,11.55,0.29,76.69,0.02,2.63,60.81,-14.34538,-70.0321,4130
Crucero,2011-09-27,4.29,11.32,-2.1,74.8,1.22,2.7,60.85,-14.34538,-70.0321,4130
Crucero,2011-09-28,5.62,12.7,0.78,71.06,1.54,2.2,60.74,-14.34538,-70.0321,4130
Crucero,2011-09-29,4.49,9.23,0.85,81.09,0.07,2.02,60.62,-14.34538,-70.0321,4130
Crucero,2011-09-30,4.81,9.18,1.34,75.88,0.97,1.85,60.61,-14.34538,-70.0321,4130
Crucero,2011-10-01,6.18,16.13,-3.48,50.93,0.03,1.42,60.55,-14.34538,-70.0321,4130
Crucero,2011-10-02,5.22,12.97,-3.89,57.51,0.0,1.93,60.6,-14.34538,-70.0321,4130
Crucero,2011-10-03,4.59,11.88,0.3,73.01,0.62,2.21,60.63,-14.34538,-70.0321,4130
Crucero,2011-10-04,6.5,14.19,-0.5,67.48,0.08,1.63,60.56,-14.34538,-70.0321,4130
Crucero,2011-10-05,5.03,12.29,0.59,75.18,0.41,2.42,60.56,-14.34538,-70.0321,4130
Crucero,2011-10-06,5.02,12.67,0.35,75.76,0.59,2.94,60.54,-14.34538,-70.0321,4130
Crucero,2011-10-07,4.77,13.54,0.24,77.13,7.27,2.02,60.56,-14.34538,-70.0321,4130
Crucero,2011-10-08,5.67,13.92,-0.56,74.16,1.97,2.03,60.57,-14.34538,-70.0321,4130
Crucero,2011-10-09,4.75,11.82,0.18,78.54,0.6,2.2,60.57,-14.34538,-70.0321,4130
Crucero,2011-10-10,5.46,12.96,0.22,76.75,3.23,2.01,60.59,-14.34538,-70.0321,4130
Crucero,2011-10-11,6.1,14.26,1.12,77.45,1.18,2.31,60.52,-14.34538,-70.0321,4130
Crucero,2011-10-12,7.31,15.71,0.69,73.45,0.83,3.19,60.39,-14.34538,-70.0321,4130
Crucero,2011-10-13,8.16,16.44,2.48,69.76,0.51,2.26,60.37,-14.34538,-70.0321,4130
Crucero,2011-10-14,7.81,17.45,0.61,63.39,0.14,2.71,60.37,-14.34538,-70.0321,4130
Crucero,2011-10-15,7.17,15.78,1.75,67.64,0.08,1.87,60.42,-14.34538,-70.0321,4130
Crucero,2011-10-16,5.32,10.72,1.62,77.34,3.07,1.94,60.45,-14.34538,-70.0321,4130
Crucero,2011-10-17,4.97,14.1,-1.65,66.51,0.5,2.63,60.49,-14.34538,-70.0321,4130
Crucero,2011-10-18,7.19,16.15,-0.89,65.0,0.0,1.93,60.52,-14.34538,-70.0321,4130
Crucero,2011-10-19,6.54,14.02,1.65,74.79,0.0,3.14,60.59,-14.34538,-70.0321,4130
Crucero,2011-10-20,6.43,15.03,0.14,65.99,0.0,1.93,60.57,-14.34538,-70.0321,4130
Crucero,2011-10-21,5.95,16.51,-3.44,49.67,0.0,1.59,60.47,-14.34538,-70.0321,4130
Crucero,2011-10-22,6.29,15.82,-2.36,58.16,0.0,2.41,60.47,-14.34538,-70.0321,4130
Crucero,2011-10-23,7.21,15.99,0.95,67.46,0.0,3.33,60.64,-14.34538,-70.0321,4130
Crucero,2011-10-24,8.03,17.05,2.53,64.73,0.0,3.24,60.68,-14.34538,-70.0321,4130
Crucero,2011-10-25,7.55,16.76,-1.03,65.57,1.88,2.87,60.6,-14.34538,-70.0321,4130
Crucero,2011-10-26,5.56,11.62,1.05,78.81,2.14,2.81,60.55,-14.34538,-70.0321,4130
Crucero,2011-10-27,5.33,13.23,-0.42,67.86,0.09,3.13,60.58,-14.34538,-70.0321,4130
Crucero,2011-10-28,5.81,13.58,-2.29,69.51,0.0,3.35,60.6,-14.34538,-70.0321,4130
Crucero,2011-10-29,6.11,14.85,1.75,72.65,4.01,1.99,60.57,-14.34538,-70.0321,4130
Crucero,2011-10-30,5.41,13.89,1.46,77.44,6.32,3.42,60.48,-14.34538,-70.0321,4130
Crucero,2011-10-31,5.4,12.5,0.81,74.58,1.7,1.98,60.51,-14.34538,-70.0321,4130
Crucero,2011-11-01,6.22,14.06,0.13,72.37,0.16,1.84,60.54,-14.34538,-70.0321,4130
Crucero,2011-11-02,5.8,13.07,1.36,73.93,0.0,2.9,60.6,-14.34538,-70.0321,4130
Crucero,2011-11-03,5.47,13.8,-0.53,72.51,3.13,2.24,60.63,-14.34538,-70.0321,4130
Crucero,2011-11-04,7.75,16.42,0.62,66.75,1.5,1.47,60.55,-14.34538,-70.0321,4130
Crucero,2011-11-05,9.26,18.76,1.7,62.18,0.48,1.81,60.52,-14.34538,-70.0321,4130
Crucero,2011-11-06,7.68,15.9,1.95,66.06,0.13,2.33,60.56,-14.34538,-70.0321,4130
Crucero,2011-11-07,8.39,17.92,0.88,60.78,0.0,2.74,60.57,-14.34538,-70.0321,4130
Crucero,2011-11-08,7.68,17.49,-1.41,59.99,0.0,2.73,60.56,-14.34538,-70.0321,4130
Crucero,2011-11-09,9.65,19.63,1.43,63.32,0.31,2.83,60.55,-14.34538,-70.0321,4130
Crucero,2011-11-10,7.97,15.41,2.95,69.53,0.58,2.45,60.6,-14.34538,-70.0321,4130
Crucero,2011-11-11,6.62,17.02,-0.5,66.89,2.72,2.43,60.6,-14.34538,-70.0321,4130
Crucero,2011-11-12,6.16,15.27,-1.36,63.54,0.61,2.96,60.6,-14.34538,-70.0321,4130
Crucero,2011-11-13,8.25,17.92,-1.87,61.94,0.0,2.01,60.5,-14.34538,-70.0321,4130
Crucero,2011-11-14,7.85,16.0,0.61,71.04,0.79,2.68,60.49,-14.34538,-70.0321,4130
Crucero,2011-11-15,7.92,16.99,-0.54,62.83,0.28,2.97,60.52,-14.34538,-70.0321,4130
Crucero,2011-11-16,6.55,12.44,2.71,71.89,0.0,2.55,60.5,-14.34538,-70.0321,4130
Crucero,2011-11-17,7.18,16.84,0.48,68.06,0.72,2.81,60.49,-14.34538,-70.0321,4130
Crucero,2011-11-18,5.39,14.04,1.12,70.45,0.88,3.53,60.51,-14.34538,-70.0321,4130
Crucero,2011-11-19,5.44,13.32,1.0,76.33,25.3,3.27,60.52,-14.34538,-70.0321,4130
Crucero,2011-11-20,5.51,13.52,1.16,76.73,1.16,1.47,60.48,-14.34538,-70.0321,4130
Crucero,2011-11-21,6.49,14.53,1.57,75.82,0.43,3.1,60.49,-14.34538,-70.0321,4130
Crucero,2011-11-22,4.9,8.06,1.95,85.33,4.6,3.54,60.6,-14.34538,-70.0321,4130
Crucero,2011-11-23,5.81,12.15,0.85,75.89,0.15,1.09,60.65,-14.34538,-70.0321,4130
Crucero,2011-11-24,8.29,16.26,1.93,72.07,0.0,2.1,60.61,-14.34538,-70.0321,4130
Crucero,2011-11-25,8.56,15.42,3.4,69.88,0.64,1.77,60.54,-14.34538,-70.0321,4130
Crucero,2011-11-26,7.6,15.37,1.26,69.63,0.91,2.71,60.55,-14.34538,-70.0321,4130
Crucero,2011-11-27,8.18,16.03,1.36,66.24,1.18,2.41,60.55,-14.34538,-70.0321,4130
Crucero,2011-11-28,8.23,17.0,2.14,66.45,0.1,3.1,60.59,-14.34538,-70.0321,4130
Crucero,2011-11-29,6.87,16.95,-1.71,60.78,0.37,2.66,60.65,-14.34538,-70.0321,4130
Crucero,2011-11-30,7.97,17.39,0.74,65.84,2.43,3.02,60.57,-14.34538,-70.0321,4130
Crucero,2011-12-01,6.57,16.03,-2.95,61.09,3.42,2.86,60.67,-14.34538,-70.0321,4130
Crucero,2011-12-02,7.96,17.23,-0.85,61.39,0.8,2.49,60.63,-14.34538,-70.0321,4130
Crucero,2011-12-03,8.24,17.5,2.06,66.11,0.0,2.53,60.56,-14.34538,-70.0321,4130
Crucero,2011-12-04,7.43,15.81,-0.1,68.98,1.7,1.77,60.44,-14.34538,-70.0321,4130
Crucero,2011-12-05,8.25,16.9,1.74,62.71,11.13,1.95,60.36,-14.34538,-70.0321,4130
Crucero,2011-12-06,7.08,14.74,1.2,66.21,1.49,2.2,60.45,-14.34538,-70.0321,4130
Crucero,2011-12-07,6.98,14.74,1.89,72.07,2.07,1.69,60.47,-14.34538,-70.0321,4130
Crucero,2011-12-08,7.17,15.54,1.93,73.85,4.19,2.43,60.45,-14.34538,-70.0321,4130
Crucero,2011-12-09,4.43,7.96,1.92,84.43,8.93,1.6,60.46,-14.34538,-70.0321,4130
Crucero,2011-12-10,5.21,13.0,1.23,78.84,1.48,1.62,60.45,-14.34538,-70.0321,4130
Crucero,2011-12-11,4.9,10.37,1.4,79.75,0.49,1.37,60.45,-14.34538,-70.0321,4130
Crucero,2011-12-12,4.22,11.96,0.68,81.49,0.21,1.93,60.47,-14.34538,-70.0321,4130
Crucero,2011-12-13,5.53,11.26,1.25,77.65,14.02,1.52,60.46,-14.34538,-70.0321,4130
Crucero,2011-12-14,3.56,7.6,0.59,86.45,4.78,1.99,60.41,-14.34538,-70.0321,4130
Crucero,2011-12-15,5.8,13.11,0.67,76.86,2.16,1.81,60.43,-14.34538,-70.0321,4130
Crucero,2011-12-16,7.47,15.17,0.79,69.89,0.41,1.77,60.43,-14.34538,-70.0321,4130
Crucero,2011-12-17,6.1,10.92,1.15,74.74,3.21,1.32,60.5,-14.34538,-70.0321,4130
Crucero,2011-12-18,5.72,10.99,1.37,77.05,2.14,1.39,60.5,-14.34538,-70.0321,4130
Crucero,2011-12-19,5.58,12.01,1.32,76.4,0.18,2.78,60.51,-14.34538,-70.0321,4130
Crucero,2011-12-20,6.05,14.2,-0.3,73.4,0.0,2.66,60.52,-14.34538,-70.0321,4130
Crucero,2011-12-21,4.97,10.23,1.35,79.83,14.77,1.89,60.51,-14.34538,-70.0321,4130
Crucero,2011-12-22,4.71,9.05,0.82,81.59,11.02,1.42,60.48,-14.34538,-70.0321,4130
Crucero,2011-12-23,4.82,11.1,1.19,82.39,1.19,1.85,60.47,-14.34538,-70.0321,4130
Crucero,2011-12-24,5.47,11.61,0.95,79.35,1.52,2.44,60.6,-14.34538,-70.0321,4130
Crucero,2011-12-25,4.56,9.25,0.48,77.94,6.05,1.94,60.65,-14.34538,-70.0321,4130
Crucero,2011-12-26,5.6,12.04,0.91,76.84,0.51,3.44,60.65,-14.34538,-70.0321,4130
Crucero,2011-12-27,5.73,13.23,0.37,76.42,0.06,3.42,60.72,-14.34538,-70.0321,4130
Crucero,2011-12-28,5.84,12.19,1.32,77.77,2.65,3.56,60.75,-14.34538,-70.0321,4130
Crucero,2011-12-29,6.27,13.15,1.02,76.03,0.25,2.48,60.63,-14.34538,-70.0321,4130
Crucero,2011-12-30,6.42,13.63,1.4,76.29,0.64,1.77,60.56,-14.34538,-70.0321,4130
Crucero,2011-12-31,6.45,12.92,0.32,78.57,6.08,1.6,60.56,-14.34538,-70.0321,4130
Crucero,2012-01-01,5.4,11.48,1.2,82.51,8.93,2.65,60.54,-14.34538,-70.0321,4130
Crucero,2012-01-02,2.39,5.42,-0.22,85.84,11.66,1.5,60.58,-14.34538,-70.0321,4130
Crucero,2012-01-03,4.85,11.59,-0.28,79.91,0.77,2.6,60.6,-14.34538,-70.0321,4130
Crucero,2012-01-04,5.21,12.18,-0.74,75.62,0.34,2.54,60.64,-14.34538,-70.0321,4130
Crucero,2012-01-05,5.15,13.74,-2.45,76.81,5.95,3.32,60.57,-14.34538,-70.0321,4130
Crucero,2012-01-06,4.74,12.71,0.57,79.68,2.3,2.35,60.53,-14.34538,-70.0321,4130
Crucero,2012-01-07,4.68,11.01,0.28,78.81,4.16,3.05,60.56,-14.34538,-70.0321,4130
Crucero,2012-01-08,4.59,12.24,-0.76,81.05,1.41,1.39,60.58,-14.34538,-70.0321,4130
Crucero,2012-01-09,5.54,13.45,1.14,79.19,0.04,1.64,60.52,-14.34538,-70.0321,4130
Crucero,2012-01-10,6.78,15.0,0.74,69.39,8.14,2.3,60.44,-14.34538,-70.0321,4130
Crucero,2012-01-11,7.19,16.04,-2.21,65.83,1.65,1.23,60.41,-14.34538,-70.0321,4130
Crucero,2012-01-12,7.23,13.79,1.1,74.36,1.4,1.68,60.49,-14.34538,-70.0321,4130
Crucero,2012-01-13,7.58,15.0,2.21,71.14,1.16,1.18,60.54,-14.34538,-70.0321,4130
Crucero,2012-01-14,6.71,12.61,3.4,77.47,3.7,1.44,60.63,-14.34538,-70.0321,4130
Crucero,2012-01-15,7.51,16.18,0.13,64.87,0.87,1.5,60.63,-14.34538,-70.0321,4130
Crucero,2012-01-16,5.71,12.96,-0.68,73.71,1.92,2.33,60.67,-14.34538,-70.0321,4130
Crucero,2012-01-17,5.41,14.04,-3.1,68.72,3.8,2.54,60.62,-14.34538,-70.0321,4130
Crucero,2012-01-18,5.23,13.21,-1.87,70.74,1.57,2.61,60.51,-14.34538,-70.0321,4130
Crucero,2012-01-19,4.68,12.5,-2.68,75.87,1.64,2.58,60.48,-14.34538,-70.0321,4130
Crucero,2012-01-20,5.53,13.27,-1.97,74.05,2.35,3.23,60.43,-14.34538,-70.0321,4130
Crucero,2012-01-21,4.86,11.84,0.37,79.9,4.64,1.33,60.47,-14.34538,-70.0321,4130
Crucero,2012-01-22,5.0,10.77,0.81,79.86,9.42,0.72,60.44,-14.34538,-70.0321,4130
Crucero,2012-01-23,5.21,10.91,2.12,80.96,6.7,1.69,60.42,-14.34538,-70.0321,4130
Crucero,2012-01-24,4.3,9.26,1.12,82.65,3.5,1.57,60.42,-14.34538,-70.0321,4130
Crucero,2012-01-25,3.84,6.88,1.5,91.11,7.8,2.23,60.45,-14.34538,-70.0321,4130
Crucero,2012-01-26,3.96,9.54,-0.54,84.73,1.88,1.16,60.5,-14.34538,-70.0321,4130
Crucero,2012-01-27,5.78,13.15,-0.04,82.06,10.28,3.06,60.48,-14.34538,-70.0321,4130
Crucero,2012-01-28,5.89,13.22,0.12,80.13,1.87,2.29,60.49,-14.34538,-70.0321,4130
Crucero,2012-01-29,5.22,10.71,1.08,82.43,8.37,1.31,60.51,-14.34538,-70.0321,4130
Crucero,2012-01-30,5.01,9.39,1.05,86.59,8.95,1.11,60.48,-14.34538,-70.0321,4130
Crucero,2012-01-31,6.64,12.61,1.22,76.79,0.42,1.73,60.5,-14.34538,-70.0321,4130
Crucero,2012-02-01,6.17,13.84,0.32,73.1,5.4,2.6,60.49,-14.34538,-70.0321,4130
Crucero,2012-02-02,5.27,13.26,0.4,80.93,9.8,2.36,60.45,-14.34538,-70.0321,4130
Crucero,2012-02-03,4.94,10.79,1.44,85.54,11.8,1.84,60.44,-14.34538,-70.0321,4130
Crucero,2012-02-04,5.39,11.22,0.92,84.6,7.28,2.61,60.48,-14.34538,-70.0321,4130
Crucero,2012-02-05,6.08,12.46,1.31,83.96,1.55,2.8,60.55,-14.34538,-70.0321,4130
Crucero,2012-02-06,6.26,12.74,1.51,82.34,3.67,3.27,60.58,-14.34538,-70.0321,4130
Crucero,2012-02-07,5.44,12.34,0.64,78.29,0.73,2.15,60.56,-14.34538,-70.0321,4130
Crucero,2012-02-08,5.93,13.1,-0.45,77.24,0.56,1.8,60.54,-14.34538,-70.0321,4130
Crucero,2012-02-09,5.84,12.17,0.38,78.16,0.18,2.61,60.6,-14.34538,-70.0321,4130
Crucero,2012-02-10,5.3,11.28,1.48,83.02,5.75,2.7,60.58,-14.34538,-70.0321,4130
Crucero,2012-02-11,5.28,10.02,1.63,81.62,1.84,2.16,60.53,-14.34538,-70.0321,4130
Crucero,2012-02-12,5.03,12.89,0.48,82.73,0.68,1.43,60.44,-14.34538,-70.0321,4130
Crucero,2012-02-13,4.1,9.78,0.75,85.95,10.8,1.13,60.39,-14.34538,-70.0321,4130
Crucero,2012-02-14,3.29,7.36,0.31,88.75,14.87,0.97,60.4,-14.34538,-70.0321,4130
Crucero,2012-02-15,2.86,8.4,-0.99,90.4,14.84,1.94,60.44,-14.34538,-70.0321,4130
Crucero,2012-02-16,4.24,10.38,-0.02,86.77,6.19,2.61,60.5,-14.34538,-70.0321,4130
Crucero,2012-02-17,4.76,10.45,0.81,85.84,1.23,2.62,60.42,-14.34538,-70.0321,4130
Crucero,2012-02-18,4.61,9.45,0.76,84.2,2.96,2.73,60.42,-14.34538,-70.0321,4130
Crucero,2012-02-19,4.81,11.5,0.73,82.8,0.86,2.53,60.41,-14.34538,-70.0321,4130
Crucero,2012-02-20,4.04,11.4,0.47,84.15,1.77,1.86,60.45,-14.34538,-70.0321,4130
Crucero,2012-02-21,4.9,10.32,1.02,83.24,0.19,1.34,60.44,-14.34538,-70.0321,4130
Crucero,2012-02-22,3.57,8.24,-0.05,86.86,1.85,1.72,60.42,-14.34538,-70.0321,4130
Crucero,2012-02-23,4.46,10.32,0.1,85.55,3.59,1.93,60.42,-14.34538,-70.0321,4130
Crucero,2012-02-24,5.46,11.67,1.66,82.49,4.23,1.08,60.47,-14.34538,-70.0321,4130
Crucero,2012-02-25,3.94,7.88,0.42,81.9,0.14,1.88,60.44,-14.34538,-70.0321,4130
Crucero,2012-02-26,4.53,10.1,0.43,84.63,0.83,1.04,60.44,-14.34538,-70.0321,4130
Crucero,2012-02-27,2.8,5.2,0.72,89.19,0.55,1.71,60.46,-14.34538,-70.0321,4130
Crucero,2012-02-28,4.49,12.06,-0.86,83.65,0.43,1.15,60.38,-14.34538,-70.0321,4130
Crucero,2012-02-29,4.84,10.09,1.02,85.45,0.79,2.22,60.43,-14.34538,-70.0321,4130
Crucero,2012-03-01,5.27,11.41,1.41,85.19,0.4,1.54,60.51,-14.34538,-70.0321,4130
Crucero,2012-03-02,4.04,7.31,1.36,90.07,8.96,2.91,60.58,-14.34538,-70.0321,4130
Crucero,2012-03-03,4.92,11.12,0.44,85.38,11.1,2.19,60.6,-14.34538,-70.0321,4130
Crucero,2012-03-04,4.77,12.77,-1.28,83.68,2.55,1.94,60.59,-14.34538,-70.0321,4130
Crucero,2012-03-05,4.63,12.2,0.5,85.05,5.73,1.68,60.52,-14.34538,-70.0321,4130
Crucero,2012-03-06,4.29,10.12,0.9,87.66,5.83,1.92,60.49,-14.34538,-70.0321,4130
Crucero,2012-03-07,4.19,9.73,0.45,86.94,7.65,2.86,60.54,-14.34538,-70.0321,4130
Crucero,2012-03-08,3.92,12.02,-1.75,83.19,1.76,2.57,60.6,-14.34538,-70.0321,4130
Crucero,2012-03-09,3.26,10.96,-3.61,82.09,1.11,2.59,60.6,-14.34538,-70.0321,4130
Crucero,2012-03-10,3.46,10.96,-3.6,79.6,0.26,2.2,60.6,-14.34538,-70.0321,4130
Crucero,2012-03-11,4.19,10.87,-0.18,82.73,3.44,2.4,60.62,-14.34538,-70.0321,4130
Crucero,2012-03-12,4.27,11.07,-0.83,83.1,5.98,0.65,60.58,-14.34538,-70.0321,4130
Crucero,2012-03-13,6.11,13.1,0.68,77.72,1.21,1.71,60.56,-14.34538,-70.0321,4130
Crucero,2012-03-14,5.91,12.5,0.29,80.51,2.97,1.79,60.59,-14.34538,-70.0321,4130
Crucero,2012-03-15,5.69,11.79,1.86,85.92,3.81,1.84,60.68,-14.34538,-70.0321,4130
Crucero,2012-03-16,5.41,11.57,0.81,85.12,3.7,2.45,60.7,-14.34538,-70.0321,4130
Crucero,2012-03-17,5.77,14.23,-2.21,77.38,2.27,1.61,60.67,-14.34538,-70.0321,4130
Crucero,2012-03-18,7.0,14.12,2.27,80.41,0.43,2.03,60.58,-14.34538,-70.0321,4130
Crucero,2012-03-19,6.36,14.55,-0.78,74.45,0.66,2.12,60.55,-14.34538,-70.0321,4130
Crucero,2012-03-20,5.32,13.61,-0.59,79.99,1.6,1.7,60.58,-14.34538,-70.0321,4130
Crucero,2012-03-21,4.57,12.69,-1.39,76.86,0.23,2.01,60.6,-14.34538,-70.0321,4130
Crucero,2012-03-22,5.89,14.59,-1.9,67.43,0.0,1.39,60.55,-14.34538,-70.0321,4130
Crucero,2012-03-23,5.88,12.55,0.99,82.96,3.22,1.81,60.51,-14.34538,-70.0321,4130
Crucero,2012-03-24,3.89,8.49,1.15,91.82,2.47,2.23,60.56,-14.34538,-70.0321,4130
Crucero,2012-03-25,5.13,11.96,0.57,82.36,0.49,2.57,60.6,-14.34538,-70.0321,4130
Crucero,2012-03-26,4.78,11.41,0.5,85.36,9.84,1.73,60.57,-14.34538,-70.0321,4130
Crucero,2012-03-27,3.11,8.21,-0.71,89.57,9.02,1.69,60.61,-14.34538,-70.0321,4130
Crucero,2012-03-28,3.81,11.12,-1.46,84.12,3.83,1.45,60.63,-14.34538,-70.0321,4130
Crucero,2012-03-29,4.93,12.35,-0.04,82.74,2.37,1.98,60.62,-14.34538,-70.0321,4130
Crucero,2012-03-30,4.35,10.48,-0.99,82.45,2.55,2.88,60.81,-14.34538,-70.0321,4130
Crucero,2012-03-31,4.88,11.5,-0.62,83.07,0.67,2.18,60.82,-14.34538,-70.0321,4130
Crucero,2012-04-01,4.95,10.73,1.89,85.89,0.67,2.09,60.68,-14.34538,-70.0321,4130
Crucero,2012-04-02,5.16,11.38,0.5,84.28,2.24,1.9,60.64,-14.34538,-70.0321,4130
Crucero,2012-04-03,4.78,10.14,0.98,86.0,2.6,2.3,60.65,-14.34538,-70.0321,4130
Crucero,2012-04-04,3.52,8.91,-0.78,87.54,5.44,1.95,60.6,-14.34538,-70.0321,4130
Crucero,2012-04-05,4.68,11.54,-0.09,84.07,0.36,1.25,60.62,-14.34538,-70.0321,4130
Crucero,2012-04-06,5.08,11.31,0.9,83.98,2.32,1.1,60.7,-14.34538,-70.0321,4130
Crucero,2012-04-07,4.69,9.62,1.71,89.46,1.78,1.54,60.65,-14.34538,-70.0321,4130
Crucero,2012-04-08,5.17,9.37,2.2,87.42,2.12,1.81,60.58,-14.34538,-70.0321,4130
Crucero,2012-04-09,5.39,11.2,1.47,84.22,12.82,1.53,60.52,-14.34538,-70.0321,4130
Crucero,2012-04-10,4.56,9.77,1.24,89.24,3.27,2.44,60.51,-14.34538,-70.0321,4130
Crucero,2012-04-11,3.93,9.42,0.67,84.87,1.47,3.6,60.66,-14.34538,-70.0321,4130
Crucero,2012-04-12,4.37,10.57,-0.77,85.37,5.45,2.81,60.69,-14.34538,-70.0321,4130
Crucero,2012-04-13,4.81,11.37,0.86,84.08,1.08,1.38,60.64,-14.34538,-70.0321,4130
Crucero,2012-04-14,4.89,10.7,0.48,84.93,0.61,1.55,60.59,-14.34538,-70.0321,4130
Crucero,2012-04-15,4.86,10.3,1.31,85.88,17.16,2.15,60.61,-14.34538,-70.0321,4130
Crucero,2012-04-16,4.58,10.82,-0.01,84.79,2.95,1.12,60.64,-14.34538,-70.0321,4130
Crucero,2012-04-17,4.85,11.52,-1.82,85.07,1.1,2.73,60.68,-14.34538,-70.0321,4130
Crucero,2012-04-18,5.07,11.3,0.56,85.52,3.15,2.49,60.7,-14.34538,-70.0321,4130
Crucero,2012-04-19,4.97,11.81,0.38,85.31,0.19,1.79,60.66,-14.34538,-70.0321,4130
Crucero,2012-04-20,5.57,12.47,0.2,81.25,0.0,1.53,60.66,-14.34538,-70.0321,4130
Crucero,2012-04-21,5.52,11.88,1.12,84.41,0.68,1.87,60.68,-14.34538,-70.0321,4130
Crucero,2012-04-22,3.93,9.3,0.98,89.16,2.23,2.48,60.71,-14.34538,-70.0321,4130
Crucero,2012-04-23,4.45,12.06,-0.85,82.23,1.39,1.89,60.68,-14.34538,-70.0321,4130
Crucero,2012-04-24,4.24,11.11,-0.18,84.28,2.48,1.06,60.6,-14.34538,-70.0321,4130
Crucero,2012-04-25,2.56,6.12,0.62,91.97,1.88,1.19,60.59,-14.34538,-70.0321,4130
Crucero,2012-04-26,3.97,10.97,-1.1,81.55,1.22,1.38,60.62,-14.34538,-70.0321,4130
Crucero,2012-04-27,3.07,9.18,-1.2,85.14,0.95,1.89,60.61,-14.34538,-70.0321,4130
Crucero,2012-04-28,4.91,13.27,-2.75,72.0,0.3,1.85,60.6,-14.34538,-70.0321,4130
Crucero,2012-04-29,4.03,12.6,-3.13,67.71,0.44,1.36,60.62,-14.34538,-70.0321,4130
Crucero,2012-04-30,3.48,8.74,-0.9,86.13,0.28,1.73,60.7,-14.34538,-70.0321,4130
Crucero,2012-05-01,4.16,11.41,-2.17,80.99,0.01,1.39,60.63,-14.34538,-70.0321,4130
Crucero,2012-05-02,3.41,10.84,-1.33,81.84,0.0,1.32,60.67,-14.34538,-70.0321,4130
Crucero,2012-05-03,4.48,11.69,-0.76,81.78,0.0,1.29,60.73,-14.34538,-70.0321,4130
Crucero,2012-05-04,5.15,12.33,0.11,80.36,0.0,1.35,60.7,-14.34538,-70.0321,4130
Crucero,2012-05-05,5.16,12.27,0.41,79.43,0.0,1.35,60.73,-14.34538,-70.0321,4130
Crucero,2012-05-06,4.54,12.73,-2.45,74.9,0.0,1.29,60.74,-14.34538,-70.0321,4130
Crucero,2012-05-07,4.93,12.4,-1.06,77.49,0.0,1.39,60.75,-14.34538,-70.0321,4130
Crucero,2012-05-08,4.96,12.09,-0.45,74.5,0.0,1.42,60.72,-14.34538,-70.0321,4130
Crucero,2012-05-09,5.45,13.25,-1.24,71.59,0.0,1.07,60.6,-14.34538,-70.0321,4130
Crucero,2012-05-10,4.57,13.35,-2.86,76.03,0.0,1.73,60.54,-14.34538,-70.0321,4130
Crucero,2012-05-11,4.09,13.47,-3.74,71.42,0.0,1.94,60.57,-14.34538,-70.0321,4130
Crucero,2012-05-12,4.16,12.59,-2.59,77.83,0.07,2.15,60.58,-14.34538,-70.0321,4130
Crucero,2012-05-13,4.82,12.55,-1.67,70.71,0.56,2.24,60.51,-14.34538,-70.0321,4130
Crucero,2012-05-14,5.04,13.48,-2.59,67.67,0.4,1.25,60.56,-14.34538,-70.0321,4130
Crucero,2012-05-15,4.21,11.43,-1.55,77.84,1.87,1.5,60.62,-14.34538,-70.0321,4130
Crucero,2012-05-16,3.26,11.06,-3.1,80.13,0.17,1.12,60.64,-14.34538,-70.0321,4130
Crucero,2012-05-17,3.58,10.57,-3.06,68.18,0.09,1.11,60.61,-14.34538,-70.0321,4130
Crucero,2012-05-18,4.45,12.42,-2.24,71.33,0.27,1.48,60.57,-14.34538,-70.0321,4130
Crucero,2012-05-19,5.11,12.3,-0.29,74.25,0.92,0.69,60.58,-14.34538,-70.0321,4130
Crucero,2012-05-20,3.82,11.59,-3.36,73.58,0.18,0.89,60.65,-14.34538,-70.0321,4130
Crucero,2012-05-21,4.96,12.24,-2.03,78.05,1.24,0.98,60.71,-14.34538,-70.0321,4130
Crucero,2012-05-22,4.57,11.21,-0.28,79.04,0.07,1.28,60.71,-14.34538,-70.0321,4130
Crucero,2012-05-23,4.23,11.63,-2.05,80.28,1.47,1.08,60.69,-14.34538,-70.0321,4130
Crucero,2012-05-24,4.51,11.57,-0.87,75.16,1.5,1.13,60.72,-14.34538,-70.0321,4130
Crucero,2012-05-25,3.8,11.82,-1.64,69.55,0.53,1.15,60.71,-14.34538,-70.0321,4130
Crucero,2012-05-26,3.88,13.27,-3.4,59.19,0.0,1.63,60.7,-14.34538,-70.0321,4130
Crucero,2012-05-27,3.95,12.99,-3.9,60.76,0.0,1.46,60.71,-14.34538,-70.0321,4130
Crucero,2012-05-28,4.42,12.98,-1.47,65.44,0.06,1.37,60.77,-14.34538,-70.0321,4130
Crucero,2012-05-29,4.84,12.63,-1.33,72.98,0.01,1.22,60.77,-14.34538,-70.0321,4130
Crucero,2012-05-30,4.9,12.12,-0.64,73.09,0.0,1.29,60.75,-14.34538,-70.0321,4130
Crucero,2012-05-31,4.16,12.01,-1.76,74.83,0.0,1.25,60.79,-14.34538,-70.0321,4130
Crucero,2012-06-01,3.41,11.63,-2.32,77.01,0.06,1.45,60.84,-14.34538,-70.0321,4130
Crucero,2012-06-02,4.06,13.06,-3.63,72.54,0.0,1.64,60.78,-14.34538,-70.0321,4130
Crucero,2012-06-03,3.88,12.88,-4.28,70.1,0.04,1.08,60.63,-14.34538,-70.0321,4130
Crucero,2012-06-04,4.07,12.69,-3.25,73.69,1.28,1.53,60.55,-14.34538,-70.0321,4130
Crucero,2012-06-05,4.18,11.11,-2.21,74.29,0.84,1.52,60.58,-14.34538,-70.0321,4130
Crucero,2012-06-06,3.11,9.92,-0.62,83.91,0.24,1.85,60.63,-14.34538,-70.0321,4130
Crucero,2012-06-07,1.95,8.67,-2.12,85.03,0.15,1.52,60.65,-14.34538,-70.0321,4130
Crucero,2012-06-08,2.56,9.38,-1.55,83.45,0.14,1.75,60.6,-14.34538,-70.0321,4130
Crucero,2012-06-09,2.42,10.12,-4.17,78.41,0.69,1.57,60.6,-14.34538,-70.0321,4130
Crucero,2012-06-10,3.11,10.73,-2.68,77.86,0.08,1.04,60.67,-14.34538,-70.0321,4130
Crucero,2012-06-11,3.13,11.28,-3.19,69.79,0.0,1.84,60.64,-14.34538,-70.0321,4130
Crucero,2012-06-12,2.35,11.03,-5.3,73.39,0.0,1.65,60.63,-14.34538,-70.0321,4130
Crucero,2012-06-13,2.82,11.0,-3.98,76.38,0.0,1.92,60.67,-14.34538,-70.0321,4130
Crucero,2012-06-14,3.9,12.37,-3.92,70.76,0.0,1.14,60.69,-14.34538,-70.0321,4130
Crucero,2012-06-15,4.06,12.73,-3.86,71.66,0.0,1.12,60.72,-14.34538,-70.0321,4130
Crucero,2012-06-16,3.54,11.34,-3.77,76.05,1.92,1.25,60.64,-14.34538,-70.0321,4130
Crucero,2012-06-17,2.2,7.78,-2.03,83.2,1.2,1.04,60.63,-14.34538,-70.0321,4130
Crucero,2012-06-18,4.39,14.13,-2.73,75.04,0.48,1.74,60.57,-14.34538,-70.0321,4130
Crucero,2012-06-19,5.23,14.15,-0.1,73.81,0.09,2.18,60.62,-14.34538,-70.0321,4130
Crucero,2012-06-20,4.71,14.1,-3.42,72.78,0.33,2.14,60.62,-14.34538,-70.0321,4130
Crucero,2012-06-21,4.67,13.47,-3.07,61.09,0.53,2.03,60.63,-14.34538,-70.0321,4130
Crucero,2012-06-22,3.45,11.91,-2.54,63.01,2.96,1.38,60.72,-14.34538,-70.0321,4130
Crucero,2012-06-23,2.52,7.85,-1.27,86.41,0.7,1.67,60.76,-14.34538,-70.0321,4130
Crucero,2012-06-24,2.14,7.96,-2.27,83.64,0.0,1.06,60.83,-14.34538,-70.0321,4130
Crucero,2012-06-25,1.97,8.78,-3.06,77.45,0.74,1.93,60.79,-14.34538,-70.0321,4130
Crucero,2012-06-26,2.09,9.32,-4.44,71.92,0.04,1.29,60.76,-14.34538,-70.0321,4130
Crucero,2012-06-27,3.58,12.29,-2.86,71.35,0.0,0.83,60.76,-14.34538,-70.0321,4130
Crucero,2012-06-28,3.42,13.03,-4.42,71.5,0.0,1.47,60.73,-14.34538,-70.0321,4130
Crucero,2012-06-29,3.88,13.04,-4.57,72.14,0.0,1.6,60.64,-14.34538,-70.0321,4130
Crucero,2012-06-30,3.61,12.5,-3.05,73.49,0.13,1.82,60.66,-14.34538,-70.0321,4130
Crucero,2012-07-01,3.4,12.63,-3.54,72.5,0.0,1.56,60.71,-14.34538,-70.0321,4130
Crucero,2012-07-02,3.37,12.36,-4.17,73.95,0.1,1.65,60.68,-14.34538,-70.0321,4130
Crucero,2012-07-03,2.86,10.81,-3.45,75.38,0.11,1.93,60.6,-14.34538,-70.0321,4130
Crucero,2012-07-04,2.16,7.56,-3.61,78.65,0.06,1.27,60.47,-14.34538,-70.0321,4130
Crucero,2012-07-05,2.79,11.02,-3.25,73.58,0.05,2.78,60.42,-14.34538,-70.0321,4130
Crucero,2012-07-06,2.92,11.33,-3.84,70.38,0.03,2.28,60.53,-14.34538,-70.0321,4130
Crucero,2012-07-07,2.58,10.32,-3.25,81.63,0.02,1.86,60.63,-14.34538,-70.0321,4130
Crucero,2012-07-08,2.69,10.41,-2.58,79.87,0.0,2.32,60.62,-14.34538,-70.0321,4130
Crucero,2012-07-09,2.15,11.69,-4.5,62.09,0.0,2.46,60.66,-14.34538,-70.0321,4130
Crucero,2012-07-10,2.98,13.06,-4.3,47.45,0.0,1.75,60.69,-14.34538,-70.0321,4130
Crucero,2012-07-11,3.44,13.58,-4.03,45.7,0.0,1.29,60.64,-14.34538,-70.0321,4130
Crucero,2012-07-12,3.42,13.8,-4.81,56.81,0.0,2.03,60.65,-14.34538,-70.0321,4130
Crucero,2012-07-13,4.83,13.61,-3.29,72.68,0.0,1.61,60.69,-14.34538,-70.0321,4130
Crucero,2012-07-14,5.82,14.11,0.49,71.36,0.0,1.38,60.75,-14.34538,-70.0321,4130
Crucero,2012-07-15,4.91,12.71,-0.78,73.21,0.0,1.54,60.75,-14.34538,-70.0321,4130
Crucero,2012-07-16,3.99,13.1,-3.31,63.68,0.0,1.52,60.68,-14.34538,-70.0321,4130
Crucero,2012-07-17,1.14,11.0,-5.35,56.83,0.0,1.68,60.68,-14.34538,-70.0321,4130
Crucero,2012-07-18,1.04,11.45,-6.45,61.62,0.0,1.36,60.71,-14.34538,-70.0321,4130
Crucero,2012-07-19,1.89,11.92,-5.34,53.8,0.0,1.72,60.74,-14.34538,-70.0321,4130
Crucero,2012-07-20,2.83,12.51,-3.91,36.9,0.0,1.96,60.65,-14.34538,-70.0321,4130
Crucero,2012-07-21,3.38,12.81,-4.77,35.38,0.0,1.18,60.64,-14.34538,-70.0321,4130
Crucero,2012-07-22,2.89,12.01,-3.38,53.79,0.0,1.71,60.72,-14.34538,-70.0321,4130
Crucero,2012-07-23,3.43,13.24,-4.6,60.65,0.0,1.33,60.77,-14.34538,-70.0321,4130
Crucero,2012-07-24,3.15,12.76,-5.17,54.28,0.0,1.49,60.75,-14.34538,-70.0321,4130
Crucero,2012-07-25,4.59,12.16,-1.42,70.91,0.0,1.51,60.69,-14.34538,-70.0321,4130
Crucero,2012-07-26,4.37,13.35,-1.87,67.49,0.09,2.03,60.65,-14.34538,-70.0321,4130
Crucero,2012-07-27,4.23,11.06,-1.12,75.64,0.71,1.99,60.69,-14.34538,-70.0321,4130
Crucero,2012-07-28,3.23,10.2,-1.09,80.98,0.03,1.73,60.66,-14.34538,-70.0321,4130
Crucero,2012-07-29,3.52,12.33,-3.14,74.95,0.0,1.9,60.64,-14.34538,-70.0321,4130
Crucero,2012-07-30,1.08,4.61,-1.49,86.9,0.17,1.56,60.7,-14.34538,-70.0321,4130
Crucero,2012-07-31,3.72,12.24,-3.43,74.29,0.0,1.56,60.79,-14.34538,-70.0321,4130
Crucero,2012-08-01,3.62,12.2,-4.1,73.02,0.0,1.31,60.78,-14.34538,-70.0321,4130
Crucero,2012-08-02,4.58,14.84,-4.0,67.63,0.0,1.51,60.68,-14.34538,-70.0321,4130
Crucero,2012-08-03,5.01,14.98,-3.42,68.34,0.0,2.03,60.7,-14.34538,-70.0321,4130
Crucero,2012-08-04,4.44,12.89,-2.1,70.48,0.0,2.3,60.83,-14.34538,-70.0321,4130
Crucero,2012-08-05,2.98,12.34,-3.99,67.4,0.0,2.19,60.92,-14.34538,-70.0321,4130
Crucero,2012-08-06,2.94,12.8,-5.26,43.77,0.0,1.48,60.88,-14.34538,-70.0321,4130
Crucero,2012-08-07,3.88,13.77,-2.54,33.99,0.0,1.77,60.81,-14.34538,-70.0321,4130
Crucero,2012-08-08,2.89,12.89,-3.59,38.99,0.0,2.09,60.87,-14.34538,-70.0321,4130
Crucero,2012-08-09,2.67,12.57,-3.57,32.44,0.0,1.94,60.82,-14.34538,-70.0321,4130
Crucero,2012-08-10,2.73,13.02,-3.73,41.06,0.0,1.79,60.73,-14.34538,-70.0321,4130
Crucero,2012-08-11,4.14,14.21,-4.33,55.59,0.0,1.45,60.66,-14.34538,-70.0321,4130
Crucero,2012-08-12,4.14,13.53,-4.78,49.88,0.0,2.01,60.62,-14.34538,-70.0321,4130
Crucero,2012-08-13,2.77,7.5,-1.41,75.12,0.15,2.51,60.72,-14.34538,-70.0321,4130
Crucero,2012-08-14,4.11,13.23,-3.63,61.39,0.01,1.71,60.63,-14.34538,-70.0321,4130
Crucero,2012-08-15,4.25,13.71,-3.77,56.73,0.0,1.57,60.57,-14.34538,-70.0321,4130
Crucero,2012-08-16,4.97,13.55,-0.92,70.13,0.0,2.39,60.58,-14.34538,-70.0321,4130
Crucero,2012-08-17,4.82,13.02,-1.94,57.95,0.0,2.45,60.67,-14.34538,-70.0321,4130
Crucero,2012-08-18,1.43,8.49,-2.73,79.49,0.0,2.02,60.75,-14.34538,-70.0321,4130
Crucero,2012-08-19,1.71,7.6,-1.48,81.39,0.03,1.04,60.8,-14.34538,-70.0321,4130
Crucero,2012-08-20,2.6,12.81,-6.12,56.48,0.0,1.72,60.77,-14.34538,-70.0321,4130
Crucero,2012-08-21,3.69,11.35,-3.53,65.75,0.0,1.36,60.77,-14.34538,-70.0321,4130
Crucero,2012-08-22,4.62,11.5,0.89,77.65,0.1,1.58,60.75,-14.34538,-70.0321,4130
Crucero,2012-08-23,5.08,12.46,-0.18,74.04,0.17,0.95,60.7,-14.34538,-70.0321,4130
Crucero,2012-08-24,2.94,7.98,-1.04,82.88,0.3,1.45,60.64,-14.34538,-70.0321,4130
Crucero,2012-08-25,2.53,8.59,-2.52,83.63,12.82,3.4,60.67,-14.34538,-70.0321,4130
Crucero,2012-08-26,3.9,12.97,-3.53,75.0,0.88,1.42,60.75,-14.34538,-70.0321,4130
Crucero,2012-08-27,5.06,13.55,-2.46,69.1,0.0,1.01,60.74,-14.34538,-70.0321,4130
Crucero,2012-08-28,4.15,14.24,-4.19,66.3,0.0,2.07,60.73,-14.34538,-70.0321,4130
Crucero,2012-08-29,2.18,12.65,-5.95,66.56,0.0,2.63,60.73,-14.34538,-70.0321,4130
Crucero,2012-08-30,1.78,10.83,-6.06,43.41,0.0,2.56,60.75,-14.34538,-70.0321,4130
Crucero,2012-08-31,3.52,13.2,-3.64,62.06,0.0,2.37,60.77,-14.34538,-70.0321,4130
Crucero,2012-09-01,3.64,13.35,-3.92,70.41,0.0,2.38,60.75,-14.34538,-70.0321,4130
Crucero,2012-09-02,3.87,12.48,-3.61,73.22,0.0,2.47,60.79,-14.34538,-70.0321,4130
Crucero,2012-09-03,4.03,11.97,-2.78,74.86,0.0,2.42,60.88,-14.34538,-70.0321,4130
Crucero,2012-09-04,4.78,12.74,-1.62,74.55,0.0,2.35,60.86,-14.34538,-70.0321,4130
Crucero,2012-09-05,5.99,14.67,-0.99,71.4,0.0,2.37,60.86,-14.34538,-70.0321,4130
Crucero,2012-09-06,6.77,15.75,-0.48,69.1,0.0,2.37,60.79,-14.34538,-70.0321,4130
Crucero,2012-09-07,7.04,14.67,1.0,71.97,0.0,2.53,60.75,-14.34538,-70.0321,4130
Crucero,2012-09-08,7.19,14.5,1.91,72.66,0.08,2.49,60.81,-14.34538,-70.0321,4130
Crucero,2012-09-09,5.91,12.09,0.61,76.04,0.03,3.4,60.86,-14.34538,-70.0321,4130
Crucero,2012-09-10,6.25,15.43,0.14,70.48,0.0,3.12,60.83,-14.34538,-70.0321,4130
Crucero,2012-09-11,6.88,15.55,0.32,67.26,0.0,2.28,60.75,-14.34538,-70.0321,4130
Crucero,2012-09-12,6.74,15.1,0.85,69.77,0.0,2.9,60.72,-14.34538,-70.0321,4130
Crucero,2012-09-13,4.64,11.97,-1.09,68.72,0.15,3.82,60.79,-14.34538,-70.0321,4130
Crucero,2012-09-14,4.0,12.56,-3.52,70.62,0.0,2.8,60.8,-14.34538,-70.0321,4130
Crucero,2012-09-15,4.64,11.83,0.49,70.17,0.0,1.8,60.78,-14.34538,-70.0321,4130
Crucero,2012-09-16,4.54,11.62,-1.74,74.41,0.0,1.52,60.72,-14.34538,-70.0321,4130
Crucero,2012-09-17,5.78,14.41,-0.77,71.87,0.0,1.98,60.7,-14.34538,-70.0321,4130
Crucero,2012-09-18,6.58,14.23,0.22,63.48,0.0,0.96,60.68,-14.34538,-70.0321,4130
Crucero,2012-09-19,6.79,16.29,-2.59,51.23,0.42,1.59,60.63,-14.34538,-70.0321,4130
Crucero,2012-09-20,8.29,17.91,0.45,54.8,0.93,1.63,60.49,-14.34538,-70.0321,4130
Crucero,2012-09-21,6.79,15.99,-0.55,60.22,0.94,1.72,60.54,-14.34538,-70.0321,4130
Crucero,2012-09-22,5.15,15.1,1.26,75.97,1.12,2.16,60.66,-14.34538,-70.0321,4130
Crucero,2012-09-23,6.72,16.42,-2.61,60.03,0.05,1.97,60.64,-14.34538,-70.0321,4130
Crucero,2012-09-24,6.31,15.06,-1.06,60.1,0.0,2.06,60.63,-14.34538,-70.0321,4130
Crucero,2012-09-25,4.97,14.32,-1.83,72.47,3.23,3.77,60.69,-14.34538,-70.0321,4130
Crucero,2012-09-26,4.02,12.91,-1.62,71.1,2.99,4.17,60.77,-14.34538,-70.0321,4130
Crucero,2012-09-27,4.22,13.17,-2.02,73.04,1.21,1.46,60.74,-14.34538,-70.0321,4130
Crucero,2012-09-28,6.62,15.09,0.65,63.35,0.14,2.01,60.66,-14.34538,-70.0321,4130
Crucero,2012-09-29,5.24,11.86,0.29,70.77,0.0,1.74,60.74,-14.34538,-70.0321,4130
Crucero,2012-09-30,4.81,9.96,0.97,69.68,1.27,1.11,60.68,-14.34538,-70.0321,4130
Crucero,2012-10-01,5.43,13.96,-1.68,64.58,0.39,1.72,60.56,-14.34538,-70.0321,4130
Crucero,2012-10-02,7.31,16.41,-0.7,53.6,2.17,1.46,60.58,-14.34538,-70.0321,4130
Crucero,2012-10-03,6.22,16.2,-2.78,54.97,1.09,2.16,60.67,-14.34538,-70.0321,4130
Crucero,2012-10-04,5.17,13.98,-1.55,71.98,2.11,2.21,60.65,-14.34538,-70.0321,4130
Crucero,2012-10-05,4.94,13.03,-0.93,66.08,2.08,1.63,60.52,-14.34538,-70.0321,4130
Crucero,2012-10-06,5.0,13.94,-1.61,63.85,0.35,1.86,60.46,-14.34538,-70.0321,4130
Crucero,2012-10-07,4.94,14.35,-0.91,62.93,0.02,1.14,60.61,-14.34538,-70.0321,4130
Crucero,2012-10-08,4.93,12.27,1.18,75.77,0.03,1.99,60.71,-14.34538,-70.0321,4130
Crucero,2012-10-09,7.35,16.16,-0.1,56.01,0.0,2.49,60.64,-14.34538,-70.0321,4130
Crucero,2012-10-10,5.89,10.99,1.91,64.97,4.06,1.79,60.58,-14.34538,-70.0321,4130
Crucero,2012-10-11,4.12,10.4,1.32,80.56,1.05,1.67,60.57,-14.34538,-70.0321,4130
Crucero,2012-10-12,6.77,16.18,-0.7,67.4,0.06,2.06,60.61,-14.34538,-70.0321,4130
Crucero,2012-10-13,7.1,15.85,1.32,68.08,0.0,3.03,60.66,-14.34538,-70.0321,4130
Crucero,2012-10-14,6.84,15.55,0.15,68.46,0.0,2.01,60.67,-14.34538,-70.0321,4130
Crucero,2012-10-15,8.81,16.91,2.7,64.03,0.39,2.6,60.6,-14.34538,-70.0321,4130
Crucero,2012-10-16,7.77,16.2,1.87,69.4,0.1,2.88,60.64,-14.34538,-70.0321,4130
Crucero,2012-10-17,6.79,16.15,-0.91,69.74,2.24,3.26,60.65,-14.34538,-70.0321,4130
Crucero,2012-10-18,6.38,14.49,-0.02,69.88,0.14,3.0,60.65,-14.34538,-70.0321,4130
Crucero,2012-10-19,6.92,16.96,-0.69,66.71,0.01,2.44,60.58,-14.34538,-70.0321,4130
Crucero,2012-10-20,7.55,16.96,0.9,60.11,0.02,2.65,60.59,-14.34538,-70.0321,4130
Crucero,2012-10-21,7.51,17.47,0.76,65.63,0.03,2.14,60.54,-14.34538,-70.0321,4130
Crucero,2012-10-22,8.41,17.8,1.11,58.47,0.0,2.19,60.47,-14.34538,-70.0321,4130
Crucero,2012-10-23,7.54,16.55,1.2,60.78,0.0,2.59,60.49,-14.34538,-70.0321,4130
Crucero,2012-10-24,6.57,15.49,0.55,69.72,0.0,3.73,60.58,-14.34538,-70.0321,4130
Crucero,2012-10-25,6.73,17.08,-0.93,68.0,1.22,2.81,60.61,-14.34538,-70.0321,4130
Crucero,2012-10-26,6.25,12.95,0.73,73.45,0.18,3.23,60.64,-14.34538,-70.0321,4130
Crucero,2012-10-27,6.07,11.74,1.33,69.92,1.88,3.28,60.67,-14.34538,-70.0321,4130
Crucero,2012-10-28,6.6,15.11,0.93,72.53,0.07,3.16,60.65,-14.34538,-70.0321,4130
Crucero,2012-10-29,6.93,13.8,1.76,70.84,1.31,3.22,60.68,-14.34538,-70.0321,4130
Crucero,2012-10-30,6.76,16.32,0.1,67.17,0.1,2.81,60.65,-14.34538,-70.0321,4130
Crucero,2012-10-31,6.57,15.53,0.24,68.55,1.35,1.47,60.62,-14.34538,-70.0321,4130
Crucero,2012-11-01,5.69,13.53,0.94,70.86,2.46,1.5,60.61,-14.34538,-70.0321,4130
Crucero,2012-11-02,5.73,11.39,0.98,70.05,1.24,1.96,60.55,-14.34538,-70.0321,4130
Crucero,2012-11-03,3.97,8.03,1.0,82.17,0.35,1.85,60.56,-14.34538,-70.0321,4130
Crucero,2012-11-04,6.45,13.82,-0.04,71.89,0.0,1.6,60.54,-14.34538,-70.0321,4130
Crucero,2012-11-05,5.55,12.17,1.93,77.69,0.96,2.26,60.47,-14.34538,-70.0321,4130
Crucero,2012-11-06,7.12,14.86,1.22,70.14,1.6,1.45,60.45,-14.34538,-70.0321,4130
Crucero,2012-11-07,9.26,18.2,1.55,54.81,0.22,2.12,60.43,-14.34538,-70.0321,4130
Crucero,2012-11-08,9.14,18.27,0.29,48.67,0.02,1.33,60.42,-14.34538,-70.0321,4130
Crucero,2012-11-09,9.46,19.8,0.42,61.22,0.0,2.29,60.42,-14.34538,-70.0321,4130
Crucero,2012-11-10,8.5,18.62,1.28,58.49,0.0,2.89,60.55,-14.34538,-70.0321,4130
Crucero,2012-11-11,7.85,18.05,-0.59,57.79,0.0,2.72,60.69,-14.34538,-70.0321,4130
Crucero,2012-11-12,6.86,14.6,1.52,70.82,0.18,3.35,60.72,-14.34538,-70.0321,4130
Crucero,2012-11-13,7.96,18.3,-1.36,60.36,0.02,2.95,60.65,-14.34538,-70.0321,4130
Crucero,2012-11-14,7.95,15.01,0.84,61.57,2.44,2.86,60.62,-14.34538,-70.0321,4130
Crucero,2012-11-15,6.81,13.7,1.85,74.82,0.32,2.01,60.52,-14.34538,-70.0321,4130
Crucero,2012-11-16,5.69,10.2,2.04,78.7,2.21,2.92,60.53,-14.34538,-70.0321,4130
Crucero,2012-11-17,5.68,11.32,0.48,69.1,4.39,2.79,60.65,-14.34538,-70.0321,4130
Crucero,2012-11-18,5.7,10.76,1.84,77.05,5.38,1.92,60.6,-14.34538,-70.0321,4130
Crucero,2012-11-19,6.59,13.98,1.72,76.96,4.85,2.04,60.55,-14.34538,-70.0321,4130
Crucero,2012-11-20,5.45,12.47,1.57,79.93,4.82,2.17,60.51,-14.34538,-70.0321,4130
Crucero,2012-11-21,6.05,13.16,1.0,75.2,5.21,2.58,60.51,-14.34538,-70.0321,4130
Crucero,2012-11-22,9.15,17.72,1.09,62.57,0.12,1.8,60.52,-14.34538,-70.0321,4130
Crucero,2012-11-23,8.95,18.5,0.58,52.73,1.07,1.97,60.51,-14.34538,-70.0321,4130
Crucero,2012-11-24,8.61,17.57,1.28,55.28,0.74,2.26,60.54,-14.34538,-70.0321,4130
Crucero,2012-11-25,5.95,9.72,4.03,79.11,0.08,1.66,60.6,-14.34538,-70.0321,4130
Crucero,2012-11-26,7.87,14.95,1.98,74.59,0.02,2.22,60.65,-14.34538,-70.0321,4130
Crucero,2012-11-27,9.2,18.37,2.66,62.52,0.0,2.41,60.62,-14.34538,-70.0321,4130
Crucero,2012-11-28,8.28,16.99,0.34,61.95,0.0,1.93,60.56,-14.34538,-70.0321,4130
Crucero,2012-11-29,6.47,13.28,1.69,64.9,0.2,2.31,60.58,-14.34538,-70.0321,4130
Crucero,2012-11-30,5.48,11.6,1.36,74.71,4.47,3.27,60.57,-14.34538,-70.0321,4130
Crucero,2012-12-01,5.24,11.55,0.8,74.2,2.03,3.24,60.62,-14.34538,-70.0321,4130
Crucero,2012-12-02,6.12,14.1,-0.33,74.28,2.21,3.11,60.56,-14.34538,-70.0321,4130
Crucero,2012-12-03,6.56,13.53,2.56,77.12,7.19,2.34,60.53,-14.34538,-70.0321,4130
Crucero,2012-12-04,6.58,14.49,2.47,77.25,1.08,2.17,60.51,-14.34538,-70.0321,4130
Crucero,2012-12-05,5.7,11.13,1.25,78.39,9.15,2.7,60.47,-14.34538,-70.0321,4130
Crucero,2012-12-06,7.25,13.92,1.97,73.74,0.68,1.42,60.36,-14.34538,-70.0321,4130
Crucero,2012-12-07,7.01,11.87,3.69,81.95,0.75,2.56,60.4,-14.34538,-70.0321,4130
Crucero,2012-12-08,6.41,12.87,1.79,77.06,1.7,1.78,60.58,-14.34538,-70.0321,4130
Crucero,2012-12-09,5.38,12.1,1.69,83.22,17.45,1.71,60.63,-14.34538,-70.0321,4130
Crucero,2012-12-10,5.35,12.46,1.46,81.11,10.9,1.41,60.51,-14.34538,-70.0321,4130
Crucero,2012-12-11,6.76,14.37,0.88,79.63,4.62,2.43,60.41,-14.34538,-70.0321,4130
Crucero,2012-12-12,5.94,9.76,2.46,83.94,2.48,2.58,60.4,-14.34538,-70.0321,4130
Crucero,2012-12-13,5.37,12.35,1.33,82.11,21.72,1.78,60.41,-14.34538,-70.0321,4130
Crucero,2012-12-14,5.24,12.87,0.44,80.75,10.0,1.67,60.42,-14.34538,-70.0321,4130
Crucero,2012-12-15,4.22,7.88,0.82,88.8,2.61,1.28,60.42,-14.34538,-70.0321,4130
Crucero,2012-12-16,4.27,7.59,1.61,89.68,5.1,1.76,60.41,-14.34538,-70.0321,4130
Crucero,2012-12-17,6.01,13.5,1.59,81.76,2.75,1.71,60.41,-14.34538,-70.0321,4130
Crucero,2012-12-18,4.94,9.9,1.25,85.48,11.84,1.5,60.45,-14.34538,-70.0321,4130
Crucero,2012-12-19,5.69,12.34,1.39,81.28,1.83,1.65,60.45,-14.34538,-70.0321,4130
Crucero,2012-12-20,6.62,14.95,1.3,78.79,0.08,1.94,60.43,-14.34538,-70.0321,4130
Crucero,2012-12-21,4.39,9.87,1.64,88.0,8.0,1.84,60.48,-14.34538,-70.0321,4130
Crucero,2012-12-22,4.85,10.27,1.55,81.45,1.81,3.85,60.63,-14.34538,-70.0321,4130
Crucero,2012-12-23,5.75,12.92,-0.28,77.14,2.6,2.99,60.61,-14.34538,-70.0321,4130
Crucero,2012-12-24,5.7,12.02,-0.01,80.05,0.38,2.49,60.55,-14.34538,-70.0321,4130
Crucero,2012-12-25,6.13,14.0,1.48,79.18,1.0,1.98,60.46,-14.34538,-70.0321,4130
Crucero,2012-12-26,4.9,12.95,1.0,82.56,12.97,1.83,60.48,-14.34538,-70.0321,4130
Crucero,2012-12-27,2.77,7.01,0.24,88.52,8.97,1.66,60.5,-14.34538,-70.0321,4130
Crucero,2012-12-28,3.78,10.63,0.16,86.59,6.92,1.95,60.44,-14.34538,-70.0321,4130
Crucero,2012-12-29,4.28,8.98,0.74,84.08,2.21,1.69,60.51,-14.34538,-70.0321,4130
Crucero,2012-12-30,4.93,11.38,0.2,79.24,3.05,1.35,60.59,-14.34538,-70.0321,4130
Crucero,2012-12-31,5.15,11.41,1.65,81.67,9.72,1.18,60.6,-14.34538,-70.0321,4130
Crucero,2013-01-01,5.95,12.01,1.64,81.72,4.76,1.28,60.59,-14.34538,-70.0321,4130
Crucero,2013-01-02,4.42,9.35,1.26,87.78,5.71,1.58,60.6,-14.34538,-70.0321,4130
Crucero,2013-01-03,4.95,10.17,1.47,82.95,0.64,1.69,60.71,-14.34538,-70.0321,4130
Crucero,2013-01-04,5.61,10.87,1.64,81.41,2.79,2.34,60.75,-14.34538,-70.0321,4130
Crucero,2013-01-05,5.46,11.89,0.9,79.71,10.61,2.38,60.67,-14.34538,-70.0321,4130
Crucero,2013-01-06,5.27,10.26,0.84,82.96,7.31,2.01,60.58,-14.34538,-70.0321,4130
Crucero,2013-01-07,5.19,10.14,1.82,82.25,1.16,1.76,60.56,-14.34538,-70.0321,4130
Crucero,2013-01-08,5.26,10.33,0.86,80.08,0.56,1.62,60.6,-14.34538,-70.0321,4130
Crucero,2013-01-09,5.47,10.17,1.24,81.67,2.34,1.38,60.7,-14.34538,-70.0321,4130
Crucero,2013-01-10,4.9,10.06,1.24,83.56,13.17,1.01,60.72,-14.34538,-70.0321,4130
Crucero,2013-01-11,6.11,12.4,0.92,80.65,3.69,1.87,60.54,-14.34538,-70.0321,4130
Crucero,2013-01-12,6.02,12.35,1.2,82.46,9.14,1.72,60.44,-14.34538,-70.0321,4130
Crucero,2013-01-13,6.29,11.66,2.69,83.78,4.36,2.57,60.52,-14.34538,-70.0321,4130
Crucero,2013-01-14,5.93,12.43,0.11,80.69,2.09,2.03,60.55,-14.34538,-70.0321,4130
Crucero,2013-01-15,5.47,12.59,-0.79,79.3,1.27,2.49,60.46,-14.34538,-70.0321,4130
Crucero,2013-01-16,5.53,12.9,-0.69,80.32,1.02,2.39,60.42,-14.34538,-70.0321,4130
Crucero,2013-01-17,4.45,8.35,1.46,87.21,10.29,1.47,60.57,-14.34538,-70.0321,4130
Crucero,2013-01-18,5.46,10.66,1.75,84.95,9.86,1.63,60.65,-14.34538,-70.0321,4130
Crucero,2013-01-19,3.81,8.2,0.66,88.99,9.84,1.22,60.59,-14.34538,-70.0321,4130
Crucero,2013-01-20,5.04,11.03,0.43,83.98,3.08,1.09,60.56,-14.34538,-70.0321,4130
Crucero,2013-01-21,4.92,9.62,0.99,83.41,4.46,1.31,60.59,-14.34538,-70.0321,4130
Crucero,2013-01-22,3.66,10.75,-1.21,85.01,3.82,1.36,60.68,-14.34538,-70.0321,4130
Crucero,2013-01-23,4.81,11.45,1.02,83.7,3.57,1.79,60.74,-14.34538,-70.0321,4130
Crucero,2013-01-24,5.0,12.04,-1.1,76.91,5.02,1.98,60.71,-14.34538,-70.0321,4130
Crucero,2013-01-25,4.86,11.96,0.24,82.25,2.43,1.88,60.65,-14.34538,-70.0321,4130
Crucero,2013-01-26,5.23,12.36,0.96,83.21,7.74,2.09,60.68,-14.34538,-70.0321,4130
Crucero,2013-01-27,5.33,11.85,1.06,81.56,0.54,1.85,60.77,-14.34538,-70.0321,4130
Crucero,2013-01-28,6.68,13.1,1.66,80.01,0.0,2.45,60.78,-14.34538,-70.0321,4130
Crucero,2013-01-29,5.91,11.61,1.18,83.91,7.93,2.17,60.72,-14.34538,-70.0321,4130
Crucero,2013-01-30,5.45,11.4,1.28,84.12,4.99,1.58,60.64,-14.34538,-70.0321,4130
Crucero,2013-01-31,5.58,12.53,0.34,83.12,2.0,1.38,60.52,-14.34538,-70.0321,4130
Crucero,2013-02-01,5.49,12.13,0.31,79.35,4.45,3.17,60.58,-14.34538,-70.0321,4130
Crucero,2013-02-02,5.05,10.27,1.08,87.46,5.85,2.37,60.68,-14.34538,-70.0321,4130
Crucero,2013-02-03,5.23,10.51,0.62,83.53,7.02,2.81,60.68,-14.34538,-70.0321,4130
Crucero,2013-02-04,5.27,12.05,-0.12,81.87,4.25,3.31,60.59,-14.34538,-70.0321,4130
Crucero,2013-02-05,5.42,12.13,0.37,83.35,0.96,2.59,60.61,-14.34538,-70.0321,4130
Crucero,2013-02-06,5.57,13.69,0.48,83.61,8.61,1.36,60.57,-14.34538,-70.0321,4130
Crucero,2013-02-07,4.62,10.47,-0.05,85.74,14.92,1.55,60.51,-14.34538,-70.0321,4130
Crucero,2013-02-08,5.83,12.88,0.0,81.73,7.59,1.23,60.46,-14.34538,-70.0321,4130
Crucero,2013-02-09,4.63,10.77,0.36,86.29,8.42,2.12,60.46,-14.34538,-70.0321,4130
Crucero,2013-02-10,4.77,12.07,-0.13,84.14,7.75,1.55,60.45,-14.34538,-70.0321,4130
Crucero,2013-02-11,5.54,12.86,0.49,79.1,14.62,1.92,60.43,-14.34538,-70.0321,4130
Crucero,2013-02-12,4.46,11.3,0.71,84.33,3.05,1.91,60.44,-14.34538,-70.0321,4130
Crucero,2013-02-13,5.02,11.97,0.72,82.33,6.43,1.47,60.44,-14.34538,-70.0321,4130
Crucero,2013-02-14,5.08,11.96,-0.8,81.85,5.2,1.41,60.5,-14.34538,-70.0321,4130
Crucero,2013-02-15,4.04,7.23,1.56,90.8,3.43,2.53,60.58,-14.34538,-70.0321,4130
Crucero,2013-02-16,4.36,11.45,0.81,87.46,2.29,1.99,60.56,-14.34538,-70.0321,4130
Crucero,2013-02-17,4.63,12.01,-0.86,84.03,0.53,1.41,60.56,-14.34538,-70.0321,4130
Crucero,2013-02-18,4.12,9.79,0.32,85.78,1.08,2.55,60.59,-14.34538,-70.0321,4130
Crucero,2013-02-19,4.66,11.18,-1.13,83.13,5.59,2.4,60.58,-14.34538,-70.0321,4130
Crucero,2013-02-20,5.06,12.36,0.53,85.14,7.75,1.53,60.52,-14.34538,-70.0321,4130
Crucero,2013-02-21,5.68,12.11,0.48,85.53,4.93,2.69,60.54,-14.34538,-70.0321,4130
Crucero,2013-02-22,4.51,8.41,1.41,88.73,4.46,2.29,60.68,-14.34538,-70.0321,4130
Crucero,2013-02-23,5.64,11.2,1.29,87.71,2.55,1.88,60.66,-14.34538,-70.0321,4130
Crucero,2013-02-24,7.33,13.93,1.62,82.57,0.22,1.62,60.6,-14.34538,-70.0321,4130
Crucero,2013-02-25,6.89,12.21,1.84,87.86,2.59,2.7,60.53,-14.34538,-70.0321,4130
Crucero,2013-02-26,5.58,11.83,0.19,83.72,0.79,1.92,60.64,-14.34538,-70.0321,4130
Crucero,2013-02-27,6.01,11.4,1.5,84.56,3.01,2.41,60.66,-14.34538,-70.0321,4130
Crucero,2013-02-28,5.95,12.14,1.9,85.47,6.7,2.62,60.62,-14.34538,-70.0321,4130
Crucero,2013-03-01,6.18,13.51,-0.13,83.71,0.77,2.35,60.58,-14.34538,-70.0321,4130
Crucero,2013-03-02,6.81,12.23,3.02,84.13,0.12,2.23,60.61,-14.34538,-70.0321,4130
Crucero,2013-03-03,6.61,11.73,3.21,84.99,0.94,2.72,60.77,-14.34538,-70.0321,4130
Crucero,2013-03-04,6.2,12.13,0.79,84.01,2.84,2.52,60.76,-14.34538,-70.0321,4130
Crucero,2013-03-05,5.96,13.33,-1.3,78.68,0.23,2.15,60.71,-14.34538,-70.0321,4130
Crucero,2013-03-06,7.42,12.76,3.32,83.59,1.02,1.53,60.68,-14.34538,-70.0321,4130
Crucero,2013-03-07,6.45,10.44,2.99,86.84,8.91,3.26,60.71,-14.34538,-70.0321,4130
Crucero,2013-03-08,5.7,12.44,0.57,82.04,1.91,2.3,60.78,-14.34538,-70.0321,4130
Crucero,2013-03-09,6.0,13.25,-0.51,83.05,6.32,1.44,60.72,-14.34538,-70.0321,4130
Crucero,2013-03-10,6.95,13.55,1.52,81.68,2.41,1.33,60.64,-14.34538,-70.0321,4130
Crucero,2013-03-11,4.66,9.75,1.55,90.16,11.4,1.97,60.57,-14.34538,-70.0321,4130
Crucero,2013-03-12,6.51,13.07,1.59,81.67,2.96,1.63,60.59,-14.34538,-70.0321,4130
Crucero,2013-03-13,3.99,7.98,1.04,91.78,3.55,1.39,60.61,-14.34538,-70.0321,4130
Crucero,2013-03-14,5.31,11.11,-0.24,85.64,4.18,1.25,60.6,-14.34538,-70.0321,4130
Crucero,2013-03-15,6.12,10.56,3.76,86.94,4.17,2.5,60.63,-14.34538,-70.0321,4130
Crucero,2013-03-16,4.83,9.61,2.11,88.81,3.03,2.5,60.67,-14.34538,-70.0321,4130
Crucero,2013-03-17,5.95,12.78,0.31,84.22,7.35,2.19,60.7,-14.34538,-70.0321,4130
Crucero,2013-03-18,6.14,12.56,0.86,83.12,0.88,1.04,60.66,-14.34538,-70.0321,4130
Crucero,2013-03-19,6.93,12.57,2.98,84.63,1.49,1.25,60.55,-14.34538,-70.0321,4130
Crucero,2013-03-20,7.08,14.24,0.22,77.7,1.12,1.32,60.53,-14.34538,-70.0321,4130
Crucero,2013-03-21,6.31,12.2,1.51,83.38,1.39,1.94,60.6,-14.34538,-70.0321,4130
Crucero,2013-03-22,6.01,12.85,-0.16,79.37,1.51,1.77,60.7,-14.34538,-70.0321,4130
Crucero,2013-03-23,7.12,13.84,2.51,77.92,0.09,1.43,60.65,-14.34538,-70.0321,4130
Crucero,2013-03-24,5.14,11.6,-1.78,70.21,2.64,1.05,60.49,-14.34538,-70.0321,4130
Crucero,2013-03-25,4.83,13.04,-2.51,74.77,1.54,1.48,60.5,-14.34538,-70.0321,4130
Crucero,2013-03-26,5.01,10.38,1.02,82.06,4.02,1.36,60.62,-14.34538,-70.0321,4130
Crucero,2013-03-27,4.44,11.46,0.08,82.65,0.26,1.91,60.67,-14.34538,-70.0321,4130
Crucero,2013-03-28,5.38,12.1,-0.61,79.74,0.63,1.02,60.66,-14.34538,-70.0321,4130
Crucero,2013-03-29,5.78,12.43,0.1,80.23,0.16,1.18,60.67,-14.34538,-70.0321,4130
Crucero,2013-03-30,6.13,13.29,0.51,79.63,0.0,1.55,60.7,-14.34538,-70.0321,4130
Crucero,2013-03-31,6.3,12.76,0.96,79.58,0.0,1.05,60.71,-14.34538,-70.0321,4130
Crucero,2013-04-01,6.46,12.38,1.53,82.41,0.0,1.08,60.75,-14.34538,-70.0321,4130
Crucero,2013-04-02,6.48,13.3,1.76,80.33,0.0,1.61,60.72,-14.34538,-70.0321,4130
Crucero,2013-04-03,6.78,12.48,3.04,84.38,5.43,1.37,60.69,-14.34538,-70.0321,4130
Crucero,2013-04-04,5.32,10.77,2.27,84.55,1.63,1.07,60.67,-14.34538,-70.0321,4130
Crucero,2013-04-05,5.87,12.89,0.0,80.75,0.42,1.21,60.7,-14.34538,-70.0321,4130
Crucero,2013-04-06,5.62,12.15,1.64,82.87,0.26,1.08,60.68,-14.34538,-70.0321,4130
Crucero,2013-04-07,4.62,9.35,0.7,87.78,2.53,1.11,60.65,-14.34538,-70.0321,4130
Crucero,2013-04-08,5.48,11.3,1.85,86.15,2.75,1.09,60.65,-14.34538,-70.0321,4130
Crucero,2013-04-09,4.01,7.78,0.57,87.76,0.44,1.07,60.66,-14.34538,-70.0321,4130
Crucero,2013-04-10,5.99,13.64,-1.59,79.66,0.02,1.0,60.62,-14.34538,-70.0321,4130
Crucero,2013-04-11,6.24,12.08,1.31,80.94,0.69,1.44,60.57,-14.34538,-70.0321,4130
Crucero,2013-04-12,5.62,11.06,0.06,79.73,0.07,1.83,60.64,-14.34538,-70.0321,4130
Crucero,2013-04-13,6.01,13.35,-0.61,70.57,2.37,1.32,60.66,-14.34538,-70.0321,4130
Crucero,2013-04-14,4.59,10.18,-0.18,75.12,0.48,1.02,60.7,-14.34538,-70.0321,4130
Crucero,2013-04-15,5.82,13.63,-1.52,71.39,0.02,0.92,60.75,-14.34538,-70.0321,4130
Crucero,2013-04-16,5.5,12.97,-0.16,75.97,0.0,1.0,60.73,-14.34538,-70.0321,4130
Crucero,2013-04-17,4.6,11.74,-1.08,78.84,1.16,1.41,60.69,-14.34538,-70.0321,4130
Crucero,2013-04-18,4.25,11.99,-1.2,72.57,0.26,1.64,60.66,-14.34538,-70.0321,4130
Crucero,2013-04-19,3.27,10.48,-2.44,71.69,1.05,0.78,60.73,-14.34538,-70.0321,4130
Crucero,2013-04-20,5.16,13.03,-1.41,69.71,0.35,0.95,60.71,-14.34538,-70.0321,4130
Crucero,2013-04-21,4.71,12.99,-1.62,71.28,0.0,1.34,60.72,-14.34538,-70.0321,4130
Crucero,2013-04-22,4.92,13.58,-1.69,69.7,0.0,1.4,60.71,-14.34538,-70.0321,4130
Crucero,2013-04-23,4.17,12.42,-2.17,74.52,0.0,1.2,60.69,-14.34538,-70.0321,4130
Crucero,2013-04-24,4.04,13.46,-3.88,71.69,0.0,1.61,60.69,-14.34538,-70.0321,4130
Crucero,2013-04-25,4.82,14.44,-3.55,66.48,0.0,1.38,60.69,-14.34538,-70.0321,4130
Crucero,2013-04-26,4.96,14.45,-3.67,61.92,0.0,1.82,60.67,-14.34538,-70.0321,4130
Crucero,2013-04-27,4.96,14.82,-3.57,64.22,0.0,1.52,60.61,-14.34538,-70.0321,4130
Crucero,2013-04-28,6.1,14.22,-2.05,71.72,0.0,1.78,60.6,-14.34538,-70.0321,4130
Crucero,2013-04-29,5.37,12.77,-0.41,77.76,0.05,2.28,60.69,-14.34538,-70.0321,4130
Crucero,2013-04-30,4.73,14.01,-2.57,72.93,0.01,1.73,60.73,-14.34538,-70.0321,4130
Crucero,2013-05-01,5.1,12.86,-0.28,76.5,0.01,1.85,60.75,-14.34538,-70.0321,4130
Crucero,2013-05-02,5.11,11.29,-0.15,72.55,0.0,1.53,60.78,-14.34538,-70.0321,4130
Crucero,2013-05-03,5.79,12.6,0.45,73.79,0.01,1.24,60.72,-14.34538,-70.0321,4130
Crucero,2013-05-04,5.05,10.9,1.13,80.89,0.64,1.06,60.71,-14.34538,-70.0321,4130
Crucero,2013-05-05,5.31,11.49,1.07,81.32,0.26,1.94,60.8,-14.34538,-70.0321,4130
Crucero,2013-05-06,5.31,12.82,0.64,78.26,0.01,1.18,60.84,-14.34538,-70.0321,4130
Crucero,2013-05-07,5.35,12.53,-1.01,76.89,0.0,2.25,60.88,-14.34538,-70.0321,4130
Crucero,2013-05-08,5.93,14.46,-0.37,72.56,0.0,1.46,60.85,-14.34538,-70.0321,4130
Crucero,2013-05-09,5.79,14.79,-2.02,71.43,0.0,1.38,60.8,-14.34538,-70.0321,4130
Crucero,2013-05-10,6.12,15.0,-2.3,68.77,0.0,1.2,60.73,-14.34538,-70.0321,4130
Crucero,2013-05-11,6.69,14.43,-0.31,70.96,0.41,1.04,60.68,-14.34538,-70.0321,4130
Crucero,2013-05-12,2.78,5.0,-0.72,84.16,0.98,1.6,60.68,-14.34538,-70.0321,4130
Crucero,2013-05-13,4.43,11.44,-1.04,77.74,0.02,1.17,60.69,-14.34538,-70.0321,4130
Crucero,2013-05-14,4.58,11.37,-0.41,78.78,0.01,1.44,60.69,-14.34538,-70.0321,4130
Crucero,2013-05-15,3.54,9.52,-0.07,84.83,0.03,1.32,60.67,-14.34538,-70.0321,4130
Crucero,2013-05-16,4.8,11.24,-0.07,83.12,1.66,3.28,60.65,-14.34538,-70.0321,4130
Crucero,2013-05-17,4.96,10.52,2.29,85.02,1.78,3.79,60.65,-14.34538,-70.0321,4130
Crucero,2013-05-18,5.04,11.73,0.83,83.73,0.56,1.59,60.76,-14.34538,-70.0321,4130
Crucero,2013-05-19,5.33,11.8,0.66,79.61,0.1,1.42,60.8,-14.34538,-70.0321,4130
Crucero,2013-05-20,5.78,13.44,0.18,72.75,0.0,1.42,60.75,-14.34538,-70.0321,4130
Crucero,2013-05-21,4.93,13.13,-2.12,74.12,0.0,1.34,60.65,-14.34538,-70.0321,4130
Crucero,2013-05-22,4.31,12.73,-2.84,77.45,0.0,1.43,60.66,-14.34538,-70.0321,4130
Crucero,2013-05-23,5.25,11.89,-0.55,77.37,0.05,1.0,60.7,-14.34538,-70.0321,4130
Crucero,2013-05-24,3.21,6.12,0.58,89.75,0.73,1.19,60.74,-14.34538,-70.0321,4130
Crucero,2013-05-25,4.04,10.99,-1.54,80.36,0.11,0.91,60.72,-14.34538,-70.0321,4130
Crucero,2013-05-26,5.28,13.91,-1.27,63.3,0.01,1.68,60.68,-14.34538,-70.0321,4130
Crucero,2013-05-27,4.38,13.82,-2.07,58.84,0.02,1.52,60.63,-14.34538,-70.0321,4130
Crucero,2013-05-28,4.66,13.39,-2.24,72.1,0.0,1.73,60.56,-14.34538,-70.0321,4130
Crucero,2013-05-29,4.15,11.96,-1.11,74.36,0.37,1.9,60.55,-14.34538,-70.0321,4130
Crucero,2013-05-30,3.0,11.73,-4.88,64.53,0.89,1.16,60.62,-14.34538,-70.0321,4130
Crucero,2013-05-31,3.16,11.94,-1.6,77.74,0.76,1.85,60.6,-14.34538,-70.0321,4130
Crucero,2013-06-01,3.84,11.84,-2.63,67.01,0.1,1.19,60.64,-14.34538,-70.0321,4130
Crucero,2013-06-02,3.87,11.08,-1.47,76.08,0.06,1.19,60.77,-14.34538,-70.0321,4130
Crucero,2013-06-03,4.03,12.3,-1.9,74.76,0.61,1.48,60.78,-14.34538,-70.0321,4130
Crucero,2013-06-04,4.09,12.24,-2.06,74.62,0.13,1.45,60.74,-14.34538,-70.0321,4130
Crucero,2013-06-05,3.89,11.62,-2.34,77.3,0.4,0.89,60.66,-14.34538,-70.0321,4130
Crucero,2013-06-06,2.64,7.47,-0.83,83.12,0.78,2.89,60.67,-14.34538,-70.0321,4130
Crucero,2013-06-07,3.32,10.55,-2.52,80.52,0.02,2.35,60.73,-14.34538,-70.0321,4130
Crucero,2013-06-08,2.76,10.07,-2.56,78.6,0.14,2.52,60.78,-14.34538,-70.0321,4130
Crucero,2013-06-09,3.56,10.84,-2.89,76.22,0.11,1.26,60.73,-14.34538,-70.0321,4130
Crucero,2013-06-10,3.84,10.91,-2.27,77.22,0.02,1.13,60.72,-14.34538,-70.0321,4130
Crucero,2013-06-11,2.83,9.06,-0.87,82.29,0.64,2.14,60.71,-14.34538,-70.0321,4130
Crucero,2013-06-12,2.54,9.93,-3.41,82.42,2.24,3.0,60.73,-14.34538,-70.0321,4130
Crucero,2013-06-13,2.41,10.08,-2.45,82.72,1.49,3.08,60.68,-14.34538,-70.0321,4130
Crucero,2013-06-14,2.86,11.64,-3.65,76.74,0.13,1.97,60.67,-14.34538,-70.0321,4130
Crucero,2013-06-15,3.89,12.99,-3.59,71.03,0.0,1.84,60.65,-14.34538,-70.0321,4130
Crucero,2013-06-16,3.95,12.57,-3.57,75.22,0.35,1.27,60.61,-14.34538,-70.0321,4130
Crucero,2013-06-17,4.66,12.33,-0.63,74.32,0.16,2.23,60.6,-14.34538,-70.0321,4130
Crucero,2013-06-18,3.59,11.41,-1.96,79.11,0.02,2.25,60.59,-14.34538,-70.0321,4130
Crucero,2013-06-19,1.84,6.03,-1.62,87.54,0.21,1.69,60.53,-14.34538,-70.0321,4130
Crucero,2013-06-20,3.29,10.04,-1.35,79.64,0.22,2.21,60.54,-14.34538,-70.0321,4130
Crucero,2013-06-21,4.27,12.61,-2.51,75.35,0.44,1.6,60.6,-14.34538,-70.0321,4130
Crucero,2013-06-22,4.68,11.79,-0.77,78.35,0.07,2.56,60.58,-14.34538,-70.0321,4130
Crucero,2013-06-23,5.09,11.33,0.52,78.37,0.91,2.98,60.61,-14.34538,-70.0321,4130
Crucero,2013-06-24,5.04,11.82,1.23,77.42,1.25,3.05,60.62,-14.34538,-70.0321,4130
Crucero,2013-06-25,4.2,10.86,-0.06,79.28,2.41,2.83,60.61,-14.34538,-70.0321,4130
Crucero,2013-06-26,3.23,8.18,-0.77,74.6,0.93,1.88,60.65,-14.34538,-70.0321,4130
Crucero,2013-06-27,2.8,11.54,-5.56,38.69,0.05,2.09,60.77,-14.34538,-70.0321,4130
Crucero,2013-06-28,3.11,12.69,-4.21,44.54,0.12,1.63,60.72,-14.34538,-70.0321,4130
Crucero,2013-06-29,3.0,12.44,-3.31,54.33,0.05,1.6,60.65,-14.34538,-70.0321,4130
Crucero,2013-06-30,2.07,7.97,-3.55,75.95,0.66,0.9,60.65,-14.34538,-70.0321,4130
Crucero,2013-07-01,3.73,10.95,-1.26,77.27,0.14,0.84,60.69,-14.34538,-70.0321,4130
Crucero,2013-07-02,3.58,11.02,-0.44,81.08,0.01,1.31,60.64,-14.34538,-70.0321,4130
Crucero,2013-07-03,2.76,10.36,-2.74,79.79,0.17,1.42,60.62,-14.34538,-70.0321,4130
Crucero,2013-07-04,2.78,9.32,-1.14,85.06,0.04,1.11,60.65,-14.34538,-70.0321,4130
Crucero,2013-07-05,1.92,6.43,-1.31,86.26,0.99,1.27,60.78,-14.34538,-70.0321,4130
Crucero,2013-07-06,3.7,11.22,-1.87,78.52,0.16,2.44,60.71,-14.34538,-70.0321,4130
Crucero,2013-07-07,1.77,10.66,-4.71,70.07,0.0,2.28,60.72,-14.34538,-70.0321,4130
Crucero,2013-07-08,2.54,10.71,-4.09,70.71,0.0,2.09,60.82,-14.34538,-70.0321,4130
Crucero,2013-07-09,3.59,12.11,-3.72,72.05,0.7,1.21,60.78,-14.34538,-70.0321,4130
Crucero,2013-07-10,3.66,12.33,-2.84,72.11,0.02,1.37,60.73,-14.34538,-70.0321,4130
Crucero,2013-07-11,3.95,13.32,-3.47,71.43,0.0,1.22,60.66,-14.34538,-70.0321,4130
Crucero,2013-07-12,3.91,12.69,-4.02,71.73,0.0,1.32,60.65,-14.34538,-70.0321,4130
Crucero,2013-07-13,2.92,7.88,0.05,82.27,0.0,0.89,60.62,-14.34538,-70.0321,4130
Crucero,2013-07-14,2.06,7.67,-1.44,81.53,0.0,0.96,60.65,-14.34538,-70.0321,4130
Crucero,2013-07-15,2.63,9.74,-2.26,78.9,0.19,2.36,60.71,-14.34538,-70.0321,4130
Crucero,2013-07-16,2.79,10.59,-3.25,75.35,0.01,1.67,60.72,-14.34538,-70.0321,4130
Crucero,2013-07-17,2.67,9.55,-3.55,71.46,0.0,0.96,60.72,-14.34538,-70.0321,4130
Crucero,2013-07-18,2.6,9.41,-2.01,73.85,0.0,1.3,60.72,-14.34538,-70.0321,4130
Crucero,2013-07-19,2.87,10.72,-3.0,75.73,0.01,2.2,60.67,-14.34538,-70.0321,4130
Crucero,2013-07-20,2.98,10.05,-2.38,75.23,0.0,2.25,60.6,-14.34538,-70.0321,4130
Crucero,2013-07-21,3.13,11.74,-3.3,75.96,0.0,2.32,60.55,-14.34538,-70.0321,4130
Crucero,2013-07-22,3.71,12.34,-2.19,70.81,0.53,2.74,60.65,-14.34538,-70.0321,4130
Crucero,2013-07-23,2.9,12.51,-4.42,67.71,0.19,2.19,60.6,-14.34538,-70.0321,4130
Crucero,2013-07-24,3.49,13.89,-3.96,69.68,0.01,1.72,60.58,-14.34538,-70.0321,4130
Crucero,2013-07-25,2.84,11.68,-3.34,74.69,0.0,2.25,60.7,-14.34538,-70.0321,4130
Crucero,2013-07-26,1.99,11.61,-5.57,66.23,0.0,2.45,60.8,-14.34538,-70.0321,4130
Crucero,2013-07-27,3.12,13.04,-4.34,64.02,0.0,1.54,60.83,-14.34538,-70.0321,4130
Crucero,2013-07-28,2.19,11.41,-3.73,64.63,0.0,2.3,60.82,-14.34538,-70.0321,4130
Crucero,2013-07-29,1.89,12.15,-4.53,65.15,0.0,2.04,60.86,-14.34538,-70.0321,4130
Crucero,2013-07-30,2.56,12.77,-5.21,65.87,0.0,1.87,60.82,-14.34538,-70.0321,4130
Crucero,2013-07-31,3.84,13.24,-3.58,67.21,0.0,1.92,60.73,-14.34538,-70.0321,4130
Crucero,2013-08-01,3.85,13.88,-4.83,68.24,0.0,2.03,60.67,-14.34538,-70.0321,4130
Crucero,2013-08-02,4.94,12.67,-1.86,74.37,0.0,1.59,60.71,-14.34538,-70.0321,4130
Crucero,2013-08-03,4.91,11.41,-0.15,72.08,0.0,1.29,60.75,-14.34538,-70.0321,4130
Crucero,2013-08-04,3.98,12.71,-2.43,69.89,0.0,2.86,60.77,-14.34538,-70.0321,4130
Crucero,2013-08-05,5.49,13.64,-0.42,71.47,0.0,1.81,60.75,-14.34538,-70.0321,4130
Crucero,2013-08-06,5.76,12.42,1.33,66.79,0.0,1.81,60.77,-14.34538,-70.0321,4130
Crucero,2013-08-07,5.06,12.34,-1.56,62.89,0.0,1.43,60.69,-14.34538,-70.0321,4130
Crucero,2013-08-08,5.28,14.22,-2.59,63.26,0.0,1.83,60.57,-14.34538,-70.0321,4130
Crucero,2013-08-09,5.13,13.57,-1.04,56.14,1.82,1.74,60.58,-14.34538,-70.0321,4130
Crucero,2013-08-10,2.99,8.21,-2.02,57.75,0.81,1.26,60.69,-14.34538,-70.0321,4130
Crucero,2013-08-11,2.74,13.27,-5.64,36.13,0.0,2.25,60.62,-14.34538,-70.0321,4130
Crucero,2013-08-12,3.71,14.37,-5.19,36.37,0.0,1.42,60.53,-14.34538,-70.0321,4130
Crucero,2013-08-13,4.56,14.43,-4.59,62.19,0.11,1.84,60.56,-14.34538,-70.0321,4130
Crucero,2013-08-14,1.96,8.26,-2.56,80.66,0.03,1.12,60.7,-14.34538,-70.0321,4130
Crucero,2013-08-15,3.95,14.14,-4.22,55.28,0.0,1.67,60.66,-14.34538,-70.0321,4130
Crucero,2013-08-16,3.53,14.88,-5.33,48.43,0.0,2.1,60.67,-14.34538,-70.0321,4130
Crucero,2013-08-17,4.21,14.09,-4.01,67.39,0.0,1.51,60.69,-14.34538,-70.0321,4130
Crucero,2013-08-18,4.53,14.92,-2.68,69.06,0.0,2.1,60.66,-14.34538,-70.0321,4130
Crucero,2013-08-19,4.24,14.68,-4.19,67.45,0.0,2.23,60.65,-14.34538,-70.0321,4130
Crucero,2013-08-20,4.88,14.16,-3.91,67.18,0.0,2.45,60.67,-14.34538,-70.0321,4130
Crucero,2013-08-21,5.93,14.21,-2.14,65.83,0.0,1.49,60.63,-14.34538,-70.0321,4130
Crucero,2013-08-22,4.27,11.69,-0.31,72.27,0.65,1.12,60.55,-14.34538,-70.0321,4130
Crucero,2013-08-23,1.82,4.63,-0.4,88.27,0.61,2.45,60.33,-14.34538,-70.0321,4130
Crucero,2013-08-24,4.12,8.4,-0.39,82.96,2.47,7.36,60.35,-14.34538,-70.0321,4130
Crucero,2013-08-25,1.19,6.66,-4.87,55.1,1.72,3.01,60.68,-14.34538,-70.0321,4130
Crucero,2013-08-26,4.04,13.07,-4.7,29.18,0.0,1.72,60.68,-14.34538,-70.0321,4130
Crucero,2013-08-27,3.38,11.24,-2.78,47.78,0.03,1.77,60.67,-14.34538,-70.0321,4130
Crucero,2013-08-28,1.06,8.89,-4.42,75.85,4.77,3.36,60.73,-14.34538,-70.0321,4130
Crucero,2013-08-29,1.56,11.59,-6.28,64.87,0.19,2.27,60.75,-14.34538,-70.0321,4130
Crucero,2013-08-30,3.35,13.28,-5.0,61.64,0.0,2.13,60.72,-14.34538,-70.0321,4130
Crucero,2013-08-31,4.83,14.27,-3.31,59.64,0.0,1.52,60.67,-14.34538,-70.0321,4130
Crucero,2013-09-01,4.49,14.24,-3.79,51.61,0.0,1.49,60.64,-14.34538,-70.0321,4130
Crucero,2013-09-02,1.77,12.34,-7.38,33.33,0.0,2.96,60.62,-14.34538,-70.0321,4130
Crucero,2013-09-03,4.21,13.89,-3.99,52.62,0.0,2.07,60.63,-14.34538,-70.0321,4130
Crucero,2013-09-04,4.17,10.67,-0.48,73.51,0.0,2.5,60.75,-14.34538,-70.0321,4130
Crucero,2013-09-05,3.9,10.12,-0.95,73.44,0.0,1.05,60.79,-14.34538,-70.0321,4130
Crucero,2013-09-06,4.75,14.5,-3.25,67.62,0.0,2.03,60.76,-14.34538,-70.0321,4130
Crucero,2013-09-07,5.01,14.99,-2.98,64.9,0.0,2.27,60.75,-14.34538,-70.0321,4130
Crucero,2013-09-08,4.7,13.91,-3.82,68.76,0.0,2.77,60.77,-14.34538,-70.0321,4130
Crucero,2013-09-09,4.89,12.48,-0.57,68.3,0.0,3.43,60.8,-14.34538,-70.0321,4130
Crucero,2013-09-10,4.9,12.56,-2.15,64.92,0.0,1.58,60.77,-14.34538,-70.0321,4130
Crucero,2013-09-11,5.27,12.71,-0.06,68.01,0.0,1.11,60.63,-14.34538,-70.0321,4130
Crucero,2013-09-12,5.87,15.81,-1.89,61.69,0.05,1.37,60.44,-14.34538,-70.0321,4130
Crucero,2013-09-13,3.79,9.3,0.31,80.09,1.7,1.78,60.43,-14.34538,-70.0321,4130
Crucero,2013-09-14,3.29,10.18,-1.28,77.04,3.11,1.82,60.52,-14.34538,-70.0321,4130
Crucero,2013-09-15,5.73,13.89,-1.68,70.28,0.07,2.31,60.6,-14.34538,-70.0321,4130
Crucero,2013-09-16,5.14,14.49,-1.7,70.17,0.25,2.24,60.62,-14.34538,-70.0321,4130
Crucero,2013-09-17,6.5,16.34,-3.58,56.22,0.95,1.71,60.58,-14.34538,-70.0321,4130
Crucero,2013-09-18,4.96,12.04,0.92,69.48,0.51,2.83,60.67,-14.34538,-70.0321,4130
Crucero,2013-09-19,5.31,13.54,0.52,69.93,0.16,2.22,60.77,-14.34538,-70.0321,4130
Crucero,2013-09-20,5.97,14.49,-1.15,70.09,0.66,2.4,60.65,-14.34538,-70.0321,4130
Crucero,2013-09-21,6.72,16.94,-0.83,67.68,0.08,2.87,60.57,-14.34538,-70.0321,4130
Crucero,2013-09-22,7.94,17.67,-0.46,62.21,0.0,2.51,60.68,-14.34538,-70.0321,4130
Crucero,2013-09-23,5.4,12.2,1.61,80.69,4.41,3.12,60.76,-14.34538,-70.0321,4130
Crucero,2013-09-24,5.87,12.04,0.16,67.44,2.56,1.15,60.73,-14.34538,-70.0321,4130
Crucero,2013-09-25,6.17,15.87,-1.51,68.97,0.23,1.79,60.64,-14.34538,-70.0321,4130
Crucero,2013-09-26,6.97,16.36,0.65,67.45,0.0,2.73,60.62,-14.34538,-70.0321,4130
Crucero,2013-09-27,7.38,17.67,-1.68,60.56,0.0,1.95,60.63,-14.34538,-70.0321,4130
Crucero,2013-09-28,2.93,6.73,0.29,81.55,1.23,1.29,60.72,-14.34538,-70.0321,4130
Crucero,2013-09-29,4.55,13.26,-0.05,76.21,0.3,1.98,60.71,-14.34538,-70.0321,4130
Crucero,2013-09-30,4.75,13.61,0.33,75.21,0.18,2.52,60.63,-14.34538,-70.0321,4130
Crucero,2013-10-01,4.17,11.68,0.18,79.72,0.79,2.11,60.53,-14.34538,-70.0321,4130
Crucero,2013-10-02,1.54,4.48,-1.33,79.07,0.21,1.99,60.61,-14.34538,-70.0321,4130
Crucero,2013-10-03,4.56,13.28,-2.16,71.14,0.0,1.37,60.66,-14.34538,-70.0321,4130
Crucero,2013-10-04,5.58,13.42,0.71,76.12,2.93,2.5,60.67,-14.34538,-70.0321,4130
Crucero,2013-10-05,4.81,11.3,1.04,78.67,2.1,2.37,60.64,-14.34538,-70.0321,4130
Crucero,2013-10-06,4.9,14.12,-0.28,74.52,0.71,1.95,60.66,-14.34538,-70.0321,4130
Crucero,2013-10-07,5.96,12.81,-0.19,62.71,0.03,1.52,60.7,-14.34538,-70.0321,4130
Crucero,2013-10-08,4.53,13.16,-0.82,74.91,0.01,1.48,60.71,-14.34538,-70.0321,4130
Crucero,2013-10-09,5.42,12.96,0.33,69.95,1.5,2.43,60.67,-14.34538,-70.0321,4130
Crucero,2013-10-10,5.16,11.8,0.58,69.3,1.88,1.19,60.65,-14.34538,-70.0321,4130
Crucero,2013-10-11,6.04,14.2,-1.2,67.39,1.24,1.34,60.55,-14.34538,-70.0321,4130
Crucero,2013-10-12,5.98,14.11,-0.01,61.29,1.61,1.49,60.54,-14.34538,-70.0321,4130
Crucero,2013-10-13,6.23,13.88,1.79,70.97,9.4,1.97,60.51,-14.34538,-70.0321,4130
Crucero,2013-10-14,4.44,13.16,-2.1,75.05,6.2,2.12,60.55,-14.34538,-70.0321,4130
Crucero,2013-10-15,5.71,14.14,-1.09,71.81,5.93,1.66,60.62,-14.34538,-70.0321,4130
Crucero,2013-10-16,6.95,15.13,0.8,68.72,0.59,1.56,60.65,-14.34538,-70.0321,4130
Crucero,2013-10-17,7.99,15.68,2.38,65.09,0.0,2.09,60.64,-14.34538,-70.0321,4130
Crucero,2013-10-18,7.93,17.13,1.23,65.1,0.38,1.85,60.62,-14.34538,-70.0321,4130
Crucero,2013-10-19,8.68,18.49,1.25,64.72,1.05,2.25,60.57,-14.34538,-70.0321,4130
Crucero,2013-10-20,7.92,16.71,1.55,62.49,0.16,2.19,60.61,-14.34538,-70.0321,4130
Crucero,2013-10-21,7.14,17.62,-0.36,63.96,0.0,3.04,60.61,-14.34538,-70.0321,4130
Crucero,2013-10-22,3.95,10.92,-1.99,72.84,0.11,2.23,60.59,-14.34538,-70.0321,4130
Crucero,2013-10-23,5.3,12.59,-0.09,74.58,0.83,2.24,60.53,-14.34538,-70.0321,4130
Crucero,2013-10-24,4.47,9.89,-0.21,80.52,0.97,2.1,60.62,-14.34538,-70.0321,4130
Crucero,2013-10-25,3.61,6.79,0.87,86.54,5.87,1.32,60.68,-14.34538,-70.0321,4130
Crucero,2013-10-26,6.28,14.33,0.04,78.51,3.56,2.08,60.63,-14.34538,-70.0321,4130
Crucero,2013-10-27,5.81,12.84,1.47,78.7,8.39,3.19,60.59,-14.34538,-70.0321,4130
Crucero,2013-10-28,5.43,13.28,0.32,75.93,4.93,1.56,60.62,-14.34538,-70.0321,4130
Crucero,2013-10-29,6.31,14.77,-0.29,72.39,0.62,2.64,60.56,-14.34538,-70.0321,4130
Crucero,2013-10-30,4.37,10.15,0.35,85.53,5.84,1.36,60.48,-14.34538,-70.0321,4130
Crucero,2013-10-31,5.27,13.95,0.49,79.21,3.58,2.28,60.41,-14.34538,-70.0321,4130
Crucero,2013-11-01,6.06,13.31,-0.87,67.98,1.15,2.51,60.42,-14.34538,-70.0321,4130
Crucero,2013-11-02,5.46,11.0,0.43,75.06,2.66,2.05,60.47,-14.34538,-70.0321,4130
Crucero,2013-11-03,5.91,10.32,2.59,79.24,0.8,3.04,60.53,-14.34538,-70.0321,4130
Crucero,2013-11-04,7.05,14.34,0.6,72.24,1.17,1.25,60.52,-14.34538,-70.0321,4130
Crucero,2013-11-05,6.04,13.78,2.06,76.59,4.17,2.35,60.53,-14.34538,-70.0321,4130
Crucero,2013-11-06,6.52,15.57,-1.69,67.99,0.23,2.65,60.59,-14.34538,-70.0321,4130
Crucero,2013-11-07,7.72,17.68,-1.41,62.5,0.0,2.28,60.58,-14.34538,-70.0321,4130
Crucero,2013-11-08,7.46,16.85,-0.48,63.84,0.0,2.75,60.58,-14.34538,-70.0321,4130
Crucero,2013-11-09,6.65,16.47,-3.96,63.88,0.02,2.68,60.49,-14.34538,-70.0321,4130
Crucero,2013-11-10,8.21,15.79,2.57,53.98,0.03,1.3,60.45,-14.34538,-70.0321,4130
Crucero,2013-11-11,7.65,16.4,0.08,59.84,0.94,1.99,60.5,-14.34538,-70.0321,4130
Crucero,2013-11-12,5.07,12.35,2.12,81.54,6.24,2.74,60.5,-14.34538,-70.0321,4130
Crucero,2013-11-13,4.75,10.42,0.74,78.9,0.38,2.76,60.62,-14.34538,-70.0321,4130
Crucero,2013-11-14,5.95,12.33,1.5,76.66,0.02,1.92,60.63,-14.34538,-70.0321,4130
Crucero,2013-11-15,8.43,17.53,0.08,69.05,0.0,2.57,60.62,-14.34538,-70.0321,4130
Crucero,2013-11-16,7.51,15.56,1.75,75.35,1.97,3.41,60.59,-14.34538,-70.0321,4130
Crucero,2013-11-17,5.73,10.08,1.55,80.59,0.41,1.94,60.55,-14.34538,-70.0321,4130
Crucero,2013-11-18,7.57,15.63,1.8,70.0,0.0,2.22,60.37,-14.34538,-70.0321,4130
Crucero,2013-11-19,6.79,14.72,-0.07,62.12,0.09,1.73,60.36,-14.34538,-70.0321,4130
Crucero,2013-11-20,6.74,15.37,-2.91,56.85,1.67,1.8,60.48,-14.34538,-70.0321,4130
Crucero,2013-11-21,4.9,9.26,1.94,82.23,3.04,2.13,60.53,-14.34538,-70.0321,4130
Crucero,2013-11-22,5.06,11.3,0.84,77.42,1.79,2.45,60.48,-14.34538,-70.0321,4130
Crucero,2013-11-23,7.42,16.35,-0.09,66.15,0.17,1.57,60.34,-14.34538,-70.0321,4130
Crucero,2013-11-24,8.08,16.48,0.42,61.12,0.0,1.29,60.4,-14.34538,-70.0321,4130
Crucero,2013-11-25,8.25,17.29,1.34,60.88,0.27,2.52,60.48,-14.34538,-70.0321,4130
Crucero,2013-11-26,7.54,16.84,-1.11,62.67,0.09,2.69,60.46,-14.34538,-70.0321,4130
Crucero,2013-11-27,8.0,17.53,1.92,68.97,0.02,2.57,60.43,-14.34538,-70.0321,4130
Crucero,2013-11-28,7.64,17.16,-1.58,60.83,0.87,2.32,60.49,-14.34538,-70.0321,4130
Crucero,2013-11-29,7.92,15.78,2.46,69.54,0.07,2.51,60.52,-14.34538,-70.0321,4130
Crucero,2013-11-30,7.03,15.82,1.12,65.57,0.87,3.36,60.54,-14.34538,-70.0321,4130
Crucero,2013-12-01,6.78,15.25,1.11,66.59,1.36,2.93,60.59,-14.34538,-70.0321,4130
Crucero,2013-12-02,5.74,11.11,1.71,69.92,2.71,3.21,60.65,-14.34538,-70.0321,4130
Crucero,2013-12-03,5.78,12.84,0.41,72.38,2.68,4.58,60.71,-14.34538,-70.0321,4130
Crucero,2013-12-04,4.66,9.04,1.14,83.81,2.92,2.24,60.65,-14.34538,-70.0321,4130
Crucero,2013-12-05,7.35,14.84,1.13,74.36,0.09,2.09,60.6,-14.34538,-70.0321,4130
Crucero,2013-12-06,7.3,15.35,2.99,73.94,2.17,2.42,60.54,-14.34538,-70.0321,4130
Crucero,2013-12-07,6.04,11.65,1.99,76.37,5.88,2.88,60.51,-14.34538,-70.0321,4130
Crucero,2013-12-08,5.64,12.16,0.27,79.32,20.28,0.8,60.51,-14.34538,-70.0321,4130
Crucero,2013-12-09,4.39,11.32,0.49,83.04,5.79,1.39,60.53,-14.34538,-70.0321,4130
Crucero,2013-12-10,4.91,10.09,1.41,83.09,3.76,2.18,60.61,-14.34538,-70.0321,4130
Crucero,2013-12-11,3.9,8.36,0.87,86.3,3.67,2.1,60.62,-14.34538,-70.0321,4130
Crucero,2013-12-12,6.75,15.6,0.45,71.25,7.59,1.71,60.51,-14.34538,-70.0321,4130
Crucero,2013-12-13,6.63,15.16,0.99,73.97,1.85,2.03,60.41,-14.34538,-70.0321,4130
Crucero,2013-12-14,5.22,11.35,1.1,81.39,7.54,1.47,60.45,-14.34538,-70.0321,4130
Crucero,2013-12-15,5.79,11.57,0.44,71.6,4.81,1.62,60.53,-14.34538,-70.0321,4130
Crucero,2013-12-16,6.64,13.05,-0.49,69.6,5.89,1.78,60.54,-14.34538,-70.0321,4130
Crucero,2013-12-17,5.62,12.62,-1.27,68.74,4.41,2.41,60.49,-14.34538,-70.0321,4130
Crucero,2013-12-18,5.22,12.99,0.31,77.21,1.49,3.32,60.41,-14.34538,-70.0321,4130
Crucero,2013-12-19,5.35,12.5,0.93,78.79,2.03,0.98,60.43,-14.34538,-70.0321,4130
Crucero,2013-12-20,5.55,13.2,1.78,80.58,8.67,2.45,60.41,-14.34538,-70.0321,4130
Crucero,2013-12-21,6.64,14.0,0.81,74.81,4.58,2.09,60.45,-14.34538,-70.0321,4130
Crucero,2013-12-22,5.56,11.95,0.81,81.83,7.99,2.63,60.52,-14.34538,-70.0321,4130
Crucero,2013-12-23,5.41,11.83,0.96,80.62,3.79,1.54,60.52,-14.34538,-70.0321,4130
Crucero,2013-12-24,5.48,12.75,-0.09,77.16,5.83,1.92,60.43,-14.34538,-70.0321,4130
Crucero,2013-12-25,5.21,11.85,0.51,77.57,9.08,1.84,60.47,-14.34538,-70.0321,4130
Crucero,2013-12-26,4.79,11.97,0.61,81.18,0.15,1.72,60.61,-14.34538,-70.0321,4130
Crucero,2013-12-27,4.45,11.84,1.19,83.43,4.08,2.21,60.69,-14.34538,-70.0321,4130
Crucero,2013-12-28,5.08,11.39,0.74,81.54,1.15,1.71,60.67,-14.34538,-70.0321,4130
Crucero,2013-12-29,6.11,10.63,1.31,79.99,17.61,1.07,60.6,-14.34538,-70.0321,4130
Crucero,2013-12-30,5.54,11.84,1.48,84.61,6.98,1.98,60.55,-14.34538,-70.0321,4130
Crucero,2013-12-31,6.56,14.14,0.95,76.53,5.92,2.29,60.52,-14.34538,-70.0321,4130
Crucero,2014-01-01,5.78,12.43,1.17,78.09,1.31,1.3,60.48,-14.34538,-70.0321,4130
Crucero,2014-01-02,6.45,14.78,0.48,79.28,2.98,1.8,60.43,-14.34538,-70.0321,4130
Crucero,2014-01-03,6.31,13.19,1.25,80.33,4.79,1.9,60.5,-14.34538,-70.0321,4130
Crucero,2014-01-04,3.65,7.5,1.02,90.42,5.33,3.05,60.62,-14.34538,-70.0321,4130
Crucero,2014-01-05,5.75,11.9,0.69,82.91,1.44,2.1,60.67,-14.34538,-70.0321,4130
Crucero,2014-01-06,6.41,11.95,2.29,84.48,8.02,2.53,60.58,-14.34538,-70.0321,4130
Crucero,2014-01-07,5.78,12.66,1.48,82.34,2.31,2.73,60.5,-14.34538,-70.0321,4130
Crucero,2014-01-08,5.34,12.61,1.36,83.56,2.04,1.91,60.5,-14.34538,-70.0321,4130
Crucero,2014-01-09,5.6,12.91,0.85,79.72,2.62,2.63,60.52,-14.34538,-70.0321,4130
Crucero,2014-01-10,5.71,13.3,0.13,80.61,1.95,2.11,60.47,-14.34538,-70.0321,4130
Crucero,2014-01-11,6.51,13.92,0.47,77.14,1.95,3.04,60.61,-14.34538,-70.0321,4130
Crucero,2014-01-12,5.21,11.17,0.69,78.2,3.36,3.01,60.74,-14.34538,-70.0321,4130
Crucero,2014-01-13,5.89,13.31,-1.02,80.1,0.29,2.48,60.7,-14.34538,-70.0321,4130
Crucero,2014-01-14,5.85,14.11,0.46,79.29,3.29,2.58,60.65,-14.34538,-70.0321,4130
Crucero,2014-01-15,5.75,14.03,0.43,79.51,9.04,2.35,60.55,-14.34538,-70.0321,4130
Crucero,2014-01-16,2.95,8.5,0.4,89.08,26.96,1.76,60.55,-14.34538,-70.0321,4130
Crucero,2014-01-17,4.45,10.22,0.51,86.02,6.52,1.53,60.61,-14.34538,-70.0321,4130
Crucero,2014-01-18,5.26,11.7,0.64,83.74,11.6,1.61,60.66,-14.34538,-70.0321,4130
Crucero,2014-01-19,5.48,11.97,0.34,84.4,10.7,1.35,60.64,-14.34538,-70.0321,4130
Crucero,2014-01-20,6.34,10.83,1.69,79.51,2.8,0.94,60.59,-14.34538,-70.0321,4130
Crucero,2014-01-21,7.38,13.51,1.57,81.43,4.5,1.56,60.55,-14.34538,-70.0321,4130
Crucero,2014-01-22,5.89,9.68,2.54,87.46,4.62,1.69,60.53,-14.34538,-70.0321,4130
Crucero,2014-01-23,5.02,10.88,1.28,84.91,2.59,2.26,60.53,-14.34538,-70.0321,4130
Crucero,2014-01-24,6.72,15.29,0.22,71.26,2.77,2.57,60.47,-14.34538,-70.0321,4130
Crucero,2014-01-25,5.65,13.88,-2.31,70.49,6.01,2.36,60.43,-14.34538,-70.0321,4130
Crucero,2014-01-26,4.07,9.58,-0.26,82.29,6.93,1.39,60.46,-14.34538,-70.0321,4130
Crucero,2014-01-27,5.36,11.08,0.05,82.54,4.76,0.98,60.46,-14.34538,-70.0321,4130
Crucero,2014-01-28,5.73,12.14,1.05,82.58,5.69,1.17,60.45,-14.34538,-70.0321,4130
Crucero,2014-01-29,4.76,9.17,1.81,88.13,11.38,2.63,60.44,-14.34538,-70.0321,4130
Crucero,2014-01-30,4.1,10.33,-0.24,87.11,5.26,1.16,60.5,-14.34538,-70.0321,4130
Crucero,2014-01-31,3.59,8.95,0.27,87.62,10.41,1.86,60.53,-14.34538,-70.0321,4130
Crucero,2014-02-01,4.59,11.86,0.47,85.59,10.94,1.63,60.5,-14.34538,-70.0321,4130
Crucero,2014-02-02,5.36,11.33,0.69,82.88,8.0,2.09,60.49,-14.34538,-70.0321,4130
Crucero,2014-02-03,6.94,14.76,-0.06,73.79,0.82,1.72,60.46,-14.34538,-70.0321,4130
Crucero,2014-02-04,5.32,12.73,-3.38,72.85,4.0,1.75,60.46,-14.34538,-70.0321,4130
Crucero,2014-02-05,4.84,11.79,1.12,85.56,4.44,1.62,60.46,-14.34538,-70.0321,4130
Crucero,2014-02-06,3.36,9.27,0.66,88.95,1.03,2.05,60.48,-14.34538,-70.0321,4130
Crucero,2014-02-07,4.34,10.98,-0.29,85.47,3.66,1.25,60.52,-14.34538,-70.0321,4130
Crucero,2014-02-08,5.09,9.06,0.92,86.82,5.02,1.86,60.49,-14.34538,-70.0321,4130
Crucero,2014-02-09,6.1,13.38,-0.53,76.94,5.23,2.28,60.48,-14.34538,-70.0321,4130
Crucero,2014-02-10,6.26,12.21,0.57,81.25,5.6,1.84,60.53,-14.34538,-70.0321,4130
Crucero,2014-02-11,6.01,11.24,2.2,82.8,4.1,1.05,60.53,-14.34538,-70.0321,4130
Crucero,2014-02-12,6.16,12.75,1.23,83.74,7.67,1.1,60.47,-14.34538,-70.0321,4130
Crucero,2014-02-13,6.35,13.15,1.62,79.25,2.84,1.85,60.48,-14.34538,-70.0321,4130
Crucero,2014-02-14,3.72,7.18,1.01,90.26,11.98,2.06,60.54,-14.34538,-70.0321,4130
Crucero,2014-02-15,2.72,6.64,0.42,90.61,4.01,1.32,60.62,-14.34538,-70.0321,4130
Crucero,2014-02-16,5.92,12.69,0.03,82.2,2.37,1.6,60.55,-14.34538,-70.0321,4130
Crucero,2014-02-17,5.65,9.85,2.42,86.87,0.61,1.66,60.52,-14.34538,-70.0321,4130
Crucero,2014-02-18,6.07,12.06,1.91,85.1,1.02,1.99,60.5,-14.34538,-70.0321,4130
Crucero,2014-02-19,5.86,13.06,0.66,82.95,1.96,1.63,60.46,-14.34538,-70.0321,4130
Crucero,2014-02-20,4.56,9.33,1.38,87.29,0.94,1.52,60.49,-14.34538,-70.0321,4130
Crucero,2014-02-21,5.73,10.4,2.38,87.54,2.09,1.57,60.51,-14.34538,-70.0321,4130
Crucero,2014-02-22,5.46,9.64,2.94,87.05,0.63,0.92,60.55,-14.34538,-70.0321,4130
Crucero,2014-02-23,6.21,12.39,2.32,85.02,1.84,1.79,60.54,-14.34538,-70.0321,4130
Crucero,2014-02-24,5.83,12.03,0.19,81.58,0.98,2.21,60.6,-14.34538,-70.0321,4130
Crucero,2014-02-25,6.29,13.87,0.86,75.08,0.57,2.21,60.61,-14.34538,-70.0321,4130
Crucero,2014-02-26,5.6,11.46,1.01,81.04,0.66,2.53,60.68,-14.34538,-70.0321,4130
Crucero,2014-02-27,4.42,10.57,-0.87,80.85,0.04,2.27,60.74,-14.34538,-70.0321,4130
Crucero,2014-02-28,6.42,13.56,0.55,81.14,0.01,1.83,60.67,-14.34538,-70.0321,4130
Crucero,2014-03-01,7.24,15.02,1.97,77.08,0.06,1.68,60.61,-14.34538,-70.0321,4130
Crucero,2014-03-02,7.2,14.15,2.63,78.89,3.99,1.28,60.53,-14.34538,-70.0321,4130
Crucero,2014-03-03,4.95,11.76,0.37,77.32,1.58,2.4,60.52,-14.34538,-70.0321,4130
Crucero,2014-03-04,4.84,11.85,-0.86,78.93,0.95,1.96,60.57,-14.34538,-70.0321,4130
Crucero,2014-03-05,6.24,11.85,2.4,83.9,0.13,3.04,60.63,-14.34538,-70.0321,4130
Crucero,2014-03-06,6.65,12.59,1.42,82.43,0.0,2.3,60.69,-14.34538,-70.0321,4130
Crucero,2014-03-07,7.04,13.32,3.38,80.26,8.24,2.92,60.68,-14.34538,-70.0321,4130
Crucero,2014-03-08,5.18,10.57,1.78,80.71,3.14,2.76,60.73,-14.34538,-70.0321,4130
Crucero,2014-03-09,6.25,13.85,0.85,79.2,0.04,1.43,60.68,-14.34538,-70.0321,4130
Crucero,2014-03-10,6.1,13.21,0.57,78.75,0.08,1.92,60.64,-14.34538,-70.0321,4130
Crucero,2014-03-11,5.65,13.39,0.61,80.38,7.53,2.03,60.57,-14.34538,-70.0321,4130
Crucero,2014-03-12,4.08,10.11,0.42,86.58,1.59,1.78,60.58,-14.34538,-70.0321,4130
Crucero,2014-03-13,5.93,13.06,-0.29,81.81,0.16,2.6,60.6,-14.34538,-70.0321,4130
Crucero,2014-03-14,6.16,12.75,1.74,83.11,0.06,2.0,60.58,-14.34538,-70.0321,4130
Crucero,2014-03-15,5.71,9.99,2.01,85.97,1.05,1.61,60.53,-14.34538,-70.0321,4130
Crucero,2014-03-16,4.9,8.7,1.44,89.08,1.42,2.11,60.53,-14.34538,-70.0321,4130
Crucero,2014-03-17,5.42,12.19,0.54,85.43,10.17,2.3,60.49,-14.34538,-70.0321,4130
Crucero,2014-03-18,5.41,9.83,3.07,88.73,2.36,2.55,60.57,-14.34538,-70.0321,4130
Crucero,2014-03-19,4.72,9.81,0.81,85.66,2.88,1.41,60.59,-14.34538,-70.0321,4130
Crucero,2014-03-20,5.89,13.27,0.53,80.71,1.04,1.92,60.54,-14.34538,-70.0321,4130
Crucero,2014-03-21,5.46,11.8,0.88,76.52,1.43,1.58,60.64,-14.34538,-70.0321,4130
Crucero,2014-03-22,5.63,11.34,0.11,84.21,1.81,2.27,60.79,-14.34538,-70.0321,4130
Crucero,2014-03-23,5.57,10.35,1.95,84.49,1.24,1.47,60.77,-14.34538,-70.0321,4130
Crucero,2014-03-24,6.32,13.3,1.23,83.12,0.39,1.47,60.68,-14.34538,-70.0321,4130
Crucero,2014-03-25,6.31,13.52,1.36,80.12,2.33,1.85,60.68,-14.34538,-70.0321,4130
Crucero,2014-03-26,4.33,11.81,0.39,85.62,10.66,2.01,60.72,-14.34538,-70.0321,4130
Crucero,2014-03-27,4.12,10.29,0.71,86.67,9.96,0.92,60.66,-14.34538,-70.0321,4130
Crucero,2014-03-28,5.47,12.99,0.36,82.95,1.66,2.0,60.51,-14.34538,-70.0321,4130
Crucero,2014-03-29,5.86,14.37,-2.37,65.35,0.63,2.23,60.43,-14.34538,-70.0321,4130
Crucero,2014-03-30,3.72,11.78,-3.88,65.03,0.24,1.74,60.49,-14.34538,-70.0321,4130
Crucero,2014-03-31,3.42,10.12,-2.55,76.32,0.81,2.11,60.66,-14.34538,-70.0321,4130
Crucero,2014-04-01,5.05,11.76,-0.22,78.34,0.12,1.87,60.78,-14.34538,-70.0321,4130
Crucero,2014-04-02,5.41,12.39,1.09,81.49,0.0,2.71,60.8,-14.34538,-70.0321,4130
Crucero,2014-04-03,5.55,12.5,1.37,82.29,0.02,2.54,60.74,-14.34538,-70.0321,4130
Crucero,2014-04-04,5.04,11.63,1.0,81.92,4.05,3.04,60.8,-14.34538,-70.0321,4130
Crucero,2014-04-05,4.67,10.62,0.3,81.38,0.6,3.09,60.8,-14.34538,-70.0321,4130
Crucero,2014-04-06,5.66,13.14,-1.56,76.94,1.07,2.13,60.78,-14.34538,-70.0321,4130
Crucero,2014-04-07,5.65,10.32,2.73,85.34,0.43,1.4,60.76,-14.34538,-70.0321,4130
Crucero,2014-04-08,5.79,12.02,1.03,79.4,1.3,1.55,60.76,-14.34538,-70.0321,4130
Crucero,2014-04-09,5.89,12.34,2.0,80.73,2.06,1.58,60.72,-14.34538,-70.0321,4130
Crucero,2014-04-10,5.89,12.01,1.81,81.39,1.82,1.31,60.66,-14.34538,-70.0321,4130
Crucero,2014-04-11,6.72,14.58,1.12,74.76,0.85,1.23,60.65,-14.34538,-70.0321,4130
Crucero,2014-04-12,6.11,12.56,1.02,75.65,0.32,1.71,60.65,-14.34538,-70.0321,4130
Crucero,2014-04-13,6.11,11.2,3.06,83.92,1.71,3.38,60.69,-14.34538,-70.0321,4130
Crucero,2014-04-14,5.18,10.88,1.23,85.25,0.89,1.18,60.68,-14.34538,-70.0321,4130
Crucero,2014-04-15,5.89,13.59,-0.07,77.89,0.06,1.88,60.66,-14.34538,-70.0321,4130
Crucero,2014-04-16,6.68,14.97,-0.09,73.81,0.0,1.24,60.62,-14.34538,-70.0321,4130
Crucero,2014-04-17,6.04,13.21,0.79,76.83,1.26,1.81,60.64,-14.34538,-70.0321,4130
Crucero,2014-04-18,6.08,13.87,-0.04,73.77,0.12,1.1,60.64,-14.34538,-70.0321,4130
Crucero,2014-04-19,4.53,9.68,-0.49,83.06,0.45,1.68,60.75,-14.34538,-70.0321,4130
Crucero,2014-04-20,4.75,12.48,-2.54,69.21,2.27,2.06,60.8,-14.34538,-70.0321,4130
Crucero,2014-04-21,4.27,11.51,-0.97,82.48,4.01,1.33,60.69,-14.34538,-70.0321,4130
Crucero,2014-04-22,5.58,13.02,-1.84,75.42,0.41,1.15,60.62,-14.34538,-70.0321,4130
Crucero,2014-04-23,4.8,11.83,0.98,80.45,0.02,1.12,60.7,-14.34538,-70.0321,4130
Crucero,2014-04-24,4.64,11.83,0.25,80.01,0.37,1.17,60.75,-14.34538,-70.0321,4130
Crucero,2014-04-25,5.46,12.83,0.28,78.55,1.95,1.42,60.74,-14.34538,-70.0321,4130
Crucero,2014-04-26,3.22,7.41,-0.83,78.13,0.28,1.5,60.71,-14.34538,-70.0321,4130
Crucero,2014-04-27,5.66,14.41,-1.56,62.76,0.0,1.25,60.66,-14.34538,-70.0321,4130
Crucero,2014-04-28,6.29,13.57,0.83,76.98,0.53,2.26,60.68,-14.34538,-70.0321,4130
Crucero,2014-04-29,5.35,10.57,2.2,83.07,2.94,2.1,60.61,-14.34538,-70.0321,4130
Crucero,2014-04-30,5.63,13.85,0.34,78.4,1.27,2.07,60.61,-14.34538,-70.0321,4130
Crucero,2014-05-01,5.89,14.38,-0.79,69.34,0.88,1.29,60.57,-14.34538,-70.0321,4130
Crucero,2014-05-02,4.52,11.92,-2.81,67.93,0.83,1.62,60.65,-14.34538,-70.0321,4130
Crucero,2014-05-03,4.19,10.39,1.3,85.73,0.95,0.85,60.8,-14.34538,-70.0321,4130
Crucero,2014-05-04,4.59,10.45,0.52,83.14,0.51,1.04,60.82,-14.34538,-70.0321,4130
Crucero,2014-05-05,5.72,12.66,0.37,73.79,0.06,0.92,60.71,-14.34538,-70.0321,4130
Crucero,2014-05-06,2.9,11.11,-1.8,81.82,1.34,1.61,60.71,-14.34538,-70.0321,4130
Crucero,2014-05-07,4.45,12.89,-2.39,73.67,0.34,1.28,60.77,-14.34538,-70.0321,4130
Crucero,2014-05-08,4.58,11.32,0.63,79.59,1.73,1.79,60.82,-14.34538,-70.0321,4130
Crucero,2014-05-09,4.49,10.91,-0.53,79.54,0.58,0.86,60.74,-14.34538,-70.0321,4130
Crucero,2014-05-10,5.17,12.45,0.42,77.39,0.17,1.06,60.63,-14.34538,-70.0321,4130
Crucero,2014-05-11,5.16,12.76,0.04,78.74,0.06,1.68,60.58,-14.34538,-70.0321,4130
Crucero,2014-05-12,4.38,9.97,0.88,85.02,2.04,1.57,60.59,-14.34538,-70.0321,4130
Crucero,2014-05-13,4.54,10.49,0.13,83.59,0.29,1.45,60.6,-14.34538,-70.0321,4130
Crucero,2014-05-14,4.07,11.81,0.59,82.06,0.12,1.12,60.67,-14.34538,-70.0321,4130
Crucero,2014-05-15,4.27,12.56,-1.53,78.53,0.21,1.41,60.71,-14.34538,-70.0321,4130
Crucero,2014-05-16,3.2,10.7,-1.6,76.84,0.33,1.1,60.7,-14.34538,-70.0321,4130
Crucero,2014-05-17,4.31,13.49,-2.98,67.07,0.04,1.25,60.67,-14.34538,-70.0321,4130
Crucero,2014-05-18,5.93,12.96,0.54,74.25,0.03,1.09,60.7,-14.34538,-70.0321,4130
Crucero,2014-05-19,3.88,9.04,0.41,82.07,0.0,0.72,60.73,-14.34538,-70.0321,4130
Crucero,2014-05-20,4.87,12.77,-1.86,75.65,0.19,1.2,60.67,-14.34538,-70.0321,4130
Crucero,2014-05-21,5.15,13.31,-2.39,66.89,0.01,1.93,60.55,-14.34538,-70.0321,4130
Crucero,2014-05-22,3.94,8.53,0.76,83.11,1.11,3.1,60.49,-14.34538,-70.0321,4130
Crucero,2014-05-23,2.67,6.21,0.6,92.53,1.57,2.14,60.54,-14.34538,-70.0321,4130
Crucero,2014-05-24,4.23,13.68,-3.23,67.49,0.46,2.74,60.56,-14.34538,-70.0321,4130
Crucero,2014-05-25,3.34,13.96,-6.09,40.06,0.01,1.9,60.64,-14.34538,-70.0321,4130
Crucero,2014-05-26,4.14,14.0,-3.1,44.9,0.01,0.97,60.74,-14.34538,-70.0321,4130
Crucero,2014-05-27,3.86,13.93,-4.42,56.09,0.0,1.37,60.8,-14.34538,-70.0321,4130
Crucero,2014-05-28,3.88,13.91,-3.96,56.56,0.0,1.29,60.73,-14.34538,-70.0321,4130
Crucero,2014-05-29,4.06,14.68,-4.21,64.28,0.0,1.53,60.63,-14.34538,-70.0321,4130
Crucero,2014-05-30,4.55,15.37,-4.08,65.64,0.07,2.04,60.63,-14.34538,-70.0321,4130
Crucero,2014-05-31,5.6,15.57,-1.91,65.27,0.26,1.28,60.65,-14.34538,-70.0321,4130
Crucero,2014-06-01,5.7,14.68,-1.75,70.26,0.44,1.26,60.65,-14.34538,-70.0321,4130
Crucero,2014-06-02,4.93,11.07,-0.44,77.22,0.38,1.01,60.62,-14.34538,-70.0321,4130
Crucero,2014-06-03,4.0,14.16,-3.43,56.32,0.0,1.41,60.6,-14.34538,-70.0321,4130
Crucero,2014-06-04,4.55,14.65,-4.0,52.87,0.83,1.29,60.61,-14.34538,-70.0321,4130
Crucero,2014-06-05,5.34,15.13,-3.16,59.61,0.06,1.21,60.59,-14.34538,-70.0321,4130
Crucero,2014-06-06,5.45,14.99,-1.72,69.18,0.09,1.21,60.62,-14.34538,-70.0321,4130
Crucero,2014-06-07,4.88,15.56,-3.39,63.51,0.0,2.0,60.62,-14.34538,-70.0321,4130
Crucero,2014-06-08,4.48,15.19,-4.21,69.0,0.1,2.13,60.63,-14.34538,-70.0321,4130
Crucero,2014-06-09,5.73,14.43,-1.06,73.24,1.41,1.8,60.67,-14.34538,-70.0321,4130
Crucero,2014-06-10,2.99,6.95,0.28,89.17,1.64,1.35,60.78,-14.34538,-70.0321,4130
Crucero,2014-06-11,5.42,13.51,-1.19,68.2,0.11,1.2,60.74,-14.34538,-70.0321,4130
Crucero,2014-06-12,4.93,13.87,-2.47,66.73,0.0,1.53,60.7,-14.34538,-70.0321,4130
Crucero,2014-06-13,5.26,13.62,-1.88,67.13,0.0,1.0,60.75,-14.34538,-70.0321,4130
Crucero,2014-06-14,4.45,8.54,1.4,81.96,1.56,1.55,60.79,-14.34538,-70.0321,4130
Crucero,2014-06-15,4.37,11.15,-2.04,77.36,0.24,1.24,60.78,-14.34538,-70.0321,4130
Crucero,2014-06-16,4.76,12.76,-1.97,72.74,0.0,1.45,60.77,-14.34538,-70.0321,4130
Crucero,2014-06-17,4.33,11.46,-1.0,77.13,0.0,0.74,60.74,-14.34538,-70.0321,4130
Crucero,2014-06-18,3.91,11.62,-2.08,77.28,0.0,2.26,60.83,-14.34538,-70.0321,4130
Crucero,2014-06-19,4.01,12.33,-1.98,75.48,0.0,1.07,60.85,-14.34538,-70.0321,4130
Crucero,2014-06-20,4.38,14.04,-3.25,67.93,0.0,1.22,60.75,-14.34538,-70.0321,4130
Crucero,2014-06-21,4.74,11.88,-0.75,61.21,0.0,1.3,60.68,-14.34538,-70.0321,4130
Crucero,2014-06-22,4.67,12.91,-2.37,64.3,0.0,1.48,60.72,-14.34538,-70.0321,4130
Crucero,2014-06-23,4.69,12.81,-2.89,72.9,0.0,1.17,60.83,-14.34538,-70.0321,4130
Crucero,2014-06-24,4.98,13.2,-1.29,68.62,0.17,1.6,60.84,-14.34538,-70.0321,4130
Crucero,2014-06-25,3.49,11.84,-3.17,76.22,0.42,1.21,60.71,-14.34538,-70.0321,4130
Crucero,2014-06-26,3.43,10.79,-1.12,80.12,1.25,1.81,60.65,-14.34538,-70.0321,4130
Crucero,2014-06-27,4.74,13.41,-2.63,75.63,0.64,2.02,60.65,-14.34538,-70.0321,4130
Crucero,2014-06-28,2.73,7.05,0.54,88.64,0.44,1.37,60.77,-14.34538,-70.0321,4130
Crucero,2014-06-29,5.8,14.0,0.08,67.39,0.0,1.85,60.75,-14.34538,-70.0321,4130
Crucero,2014-06-30,4.35,13.69,-2.98,62.46,0.0,1.67,60.66,-14.34538,-70.0321,4130
Crucero,2014-07-01,4.39,13.42,-3.36,70.45,0.0,1.46,60.59,-14.34538,-70.0321,4130
Crucero,2014-07-02,4.52,12.91,-2.01,72.27,0.0,1.87,60.66,-14.34538,-70.0321,4130
Crucero,2014-07-03,4.36,12.64,-2.04,74.63,0.0,1.89,60.72,-14.34538,-70.0321,4130
Crucero,2014-07-04,5.14,13.12,0.61,74.07,0.06,2.57,60.71,-14.34538,-70.0321,4130
Crucero,2014-07-05,5.5,14.14,-0.96,72.01,0.53,2.18,60.68,-14.34538,-70.0321,4130
Crucero,2014-07-06,6.11,13.54,0.49,75.0,0.85,1.74,60.71,-14.34538,-70.0321,4130
Crucero,2014-07-07,3.27,6.54,-0.76,89.84,1.46,2.33,60.81,-14.34538,-70.0321,4130
Crucero,2014-07-08,4.51,11.33,-0.41,75.99,0.01,0.83,60.82,-14.34538,-70.0321,4130
Crucero,2014-07-09,4.62,12.06,-1.14,73.06,0.0,1.5,60.75,-14.34538,-70.0321,4130
Crucero,2014-07-10,4.06,12.52,-2.61,68.56,0.0,1.36,60.69,-14.34538,-70.0321,4130
Crucero,2014-07-11,3.78,13.57,-3.41,61.72,0.0,1.4,60.66,-14.34538,-70.0321,4130
Crucero,2014-07-12,3.81,13.09,-3.92,63.2,0.0,1.51,60.73,-14.34538,-70.0321,4130
Crucero,2014-07-13,2.49,12.14,-3.05,66.01,0.0,1.99,60.83,-14.34538,-70.0321,4130
Crucero,2014-07-14,3.71,12.98,-3.71,56.19,0.0,1.26,60.87,-14.34538,-70.0321,4130
Crucero,2014-07-15,3.71,13.44,-3.01,61.04,0.0,1.85,60.84,-14.34538,-70.0321,4130
Crucero,2014-07-16,2.76,9.21,-2.33,67.49,0.0,1.11,60.86,-14.34538,-70.0321,4130
Crucero,2014-07-17,3.63,11.19,-2.21,63.84,0.0,1.18,60.82,-14.34538,-70.0321,4130
Crucero,2014-07-18,2.05,7.63,-2.05,75.14,2.27,1.91,60.82,-14.34538,-70.0321,4130
Crucero,2014-07-19,1.99,8.06,-1.63,80.63,2.27,0.48,60.74,-14.34538,-70.0321,4130
Crucero,2014-07-20,2.56,10.09,-3.09,79.37,0.83,1.56,60.71,-14.34538,-70.0321,4130
Crucero,2014-07-21,2.59,10.49,-3.54,75.85,0.05,2.17,60.67,-14.34538,-70.0321,4130
Crucero,2014-07-22,3.09,12.53,-4.9,65.2,0.02,2.37,60.58,-14.34538,-70.0321,4130
Crucero,2014-07-23,3.31,12.52,-4.6,64.34,0.35,2.43,60.58,-14.34538,-70.0321,4130
Crucero,2014-07-24,3.94,13.01,-3.39,72.24,0.68,1.8,60.56,-14.34538,-70.0321,4130
Crucero,2014-07-25,3.15,11.78,-2.36,74.42,1.2,3.04,60.53,-14.34538,-70.0321,4130
Crucero,2014-07-26,2.6,11.05,-4.26,62.95,0.2,1.97,60.64,-14.34538,-70.0321,4130
Crucero,2014-07-27,3.16,12.47,-5.05,52.8,0.01,2.25,60.67,-14.34538,-70.0321,4130
Crucero,2014-07-28,2.78,11.55,-4.1,65.18,0.0,1.4,60.74,-14.34538,-70.0321,4130
Crucero,2014-07-29,3.23,10.46,-2.82,75.04,0.0,1.87,60.78,-14.34538,-70.0321,4130
Crucero,2014-07-30,2.74,10.22,-3.1,68.69,0.02,1.38,60.79,-14.34538,-70.0321,4130
Crucero,2014-07-31,3.11,12.87,-5.03,64.7,0.0,1.6,60.71,-14.34538,-70.0321,4130
Crucero,2014-08-01,3.69,13.21,-4.37,61.19,0.0,1.91,60.7,-14.34538,-70.0321,4130
Crucero,2014-08-02,4.75,13.07,-0.92,70.03,0.0,1.8,60.76,-14.34538,-70.0321,4130
Crucero,2014-08-03,4.45,14.51,-5.0,55.79,0.0,1.77,60.74,-14.34538,-70.0321,4130
Crucero,2014-08-04,3.97,13.8,-3.32,63.51,0.0,2.82,60.8,-14.34538,-70.0321,4130
Crucero,2014-08-05,5.24,13.06,-1.44,71.21,0.0,1.93,60.8,-14.34538,-70.0321,4130
Crucero,2014-08-06,5.67,13.81,-2.11,64.24,0.0,0.91,60.67,-14.34538,-70.0321,4130
Crucero,2014-08-07,3.12,11.13,-1.68,75.55,1.11,2.81,60.68,-14.34538,-70.0321,4130
Crucero,2014-08-08,1.96,7.56,-2.22,84.3,6.93,4.02,60.74,-14.34538,-70.0321,4130
Crucero,2014-08-09,3.26,11.81,-4.26,75.0,0.2,1.57,60.67,-14.34538,-70.0321,4130
Crucero,2014-08-10,4.57,12.9,-3.64,70.07,0.53,1.26,60.66,-14.34538,-70.0321,4130
Crucero,2014-08-11,4.37,11.96,-2.58,70.9,0.07,1.05,60.72,-14.34538,-70.0321,4130
Crucero,2014-08-12,4.31,10.0,-0.03,71.95,0.15,1.15,60.77,-14.34538,-70.0321,4130
Crucero,2014-08-13,3.06,9.15,-0.92,82.68,1.45,2.53,60.78,-14.34538,-70.0321,4130
Crucero,2014-08-14,3.25,10.73,-0.72,78.53,0.12,1.2,60.72,-14.34538,-70.0321,4130
Crucero,2014-08-15,3.18,10.36,-2.02,79.33,1.31,1.52,60.8,-14.34538,-70.0321,4130
Crucero,2014-08-16,4.15,13.76,-3.65,66.69,0.1,1.44,60.86,-14.34538,-70.0321,4130
Crucero,2014-08-17,4.1,13.65,-4.19,63.65,0.08,1.67,60.77,-14.34538,-70.0321,4130
Crucero,2014-08-18,3.08,10.4,-2.92,75.55,0.03,1.73,60.69,-14.34538,-70.0321,4130
Crucero,2014-08-19,3.11,10.08,-1.72,75.22,0.0,1.77,60.69,-14.34538,-70.0321,4130
Crucero,2014-08-20,3.0,11.97,-4.26,67.59,0.0,2.25,60.73,-14.34538,-70.0321,4130
Crucero,2014-08-21,3.71,13.45,-4.76,63.26,0.0,1.93,60.69,-14.34538,-70.0321,4130
Crucero,2014-08-22,3.92,14.53,-5.26,56.9,0.0,1.63,60.67,-14.34538,-70.0321,4130
Crucero,2014-08-23,3.94,14.61,-4.93,53.25,0.0,1.77,60.6,-14.34538,-70.0321,4130
Crucero,2014-08-24,3.77,14.31,-5.2,58.42,0.0,1.99,60.52,-14.34538,-70.0321,4130
Crucero,2014-08-25,4.13,13.36,-4.84,66.03,0.24,2.03,60.56,-14.34538,-70.0321,4130
Crucero,2014-08-26,3.73,9.93,0.54,80.86,1.99,1.64,60.59,-14.34538,-70.0321,4130
Crucero,2014-08-27,3.57,12.05,-2.72,74.43,0.44,1.08,60.65,-14.34538,-70.0321,4130
Crucero,2014-08-28,4.17,13.19,-2.93,72.2,0.0,2.19,60.63,-14.34538,-70.0321,4130
Crucero,2014-08-29,4.44,12.17,-2.15,74.19,0.51,2.84,60.68,-14.34538,-70.0321,4130
Crucero,2014-08-30,4.69,11.39,0.74,77.88,0.2,2.11,60.74,-14.34538,-70.0321,4130
Crucero,2014-08-31,4.31,12.63,-0.54,77.95,3.25,1.86,60.72,-14.34538,-70.0321,4130
Crucero,2014-09-01,4.97,12.14,-0.56,75.24,2.8,1.88,60.68,-14.34538,-70.0321,4130
Crucero,2014-09-02,4.45,12.29,-1.67,74.53,1.78,1.7,60.63,-14.34538,-70.0321,4130
Crucero,2014-09-03,4.27,11.44,-0.54,76.54,1.02,1.98,60.63,-14.34538,-70.0321,4130
Crucero,2014-09-04,1.41,4.74,-1.17,89.71,2.67,1.81,60.66,-14.34538,-70.0321,4130
Crucero,2014-09-05,2.94,9.51,-1.17,80.88,2.99,1.62,60.7,-14.34538,-70.0321,4130
Crucero,2014-09-06,3.94,12.22,-2.59,74.76,3.08,1.51,60.69,-14.34538,-70.0321,4130
Crucero,2014-09-07,4.44,10.98,-0.51,75.74,1.84,2.48,60.73,-14.34538,-70.0321,4130
Crucero,2014-09-08,5.46,12.77,-1.23,67.65,0.51,1.38,60.8,-14.34538,-70.0321,4130
Crucero,2014-09-09,6.49,14.15,0.17,70.44,0.0,1.38,60.7,-14.34538,-70.0321,4130
Crucero,2014-09-10,6.8,15.79,-1.99,69.21,0.01,2.62,60.57,-14.34538,-70.0321,4130
Crucero,2014-09-11,3.72,9.73,-0.64,82.53,2.24,2.77,60.52,-14.34538,-70.0321,4130
Crucero,2014-09-12,2.74,10.35,-2.67,82.45,2.38,2.77,60.52,-14.34538,-70.0321,4130
Crucero,2014-09-13,4.42,12.1,-2.04,76.58,1.7,1.75,60.63,-14.34538,-70.0321,4130
Crucero,2014-09-14,6.47,14.61,-0.98,70.24,0.97,1.58,60.73,-14.34538,-70.0321,4130
Crucero,2014-09-15,6.37,13.57,0.15,72.35,1.29,3.26,60.81,-14.34538,-70.0321,4130
Crucero,2014-09-16,6.42,13.58,1.96,75.11,0.17,2.09,60.74,-14.34538,-70.0321,4130
Crucero,2014-09-17,5.51,12.45,0.97,73.98,0.0,2.6,60.7,-14.34538,-70.0321,4130
Crucero,2014-09-18,4.18,8.91,0.89,80.92,0.58,1.6,60.64,-14.34538,-70.0321,4130
Crucero,2014-09-19,2.83,8.02,-0.4,75.35,0.14,1.64,60.64,-14.34538,-70.0321,4130
Crucero,2014-09-20,4.57,13.83,-3.56,68.62,1.24,1.85,60.67,-14.34538,-70.0321,4130
Crucero,2014-09-21,4.06,9.1,0.68,82.48,3.83,2.69,60.69,-14.34538,-70.0321,4130
Crucero,2014-09-22,4.47,12.36,-0.66,79.7,4.99,1.82,60.64,-14.34538,-70.0321,4130
Crucero,2014-09-23,6.2,14.63,-1.0,75.32,1.53,2.16,60.62,-14.34538,-70.0321,4130
Crucero,2014-09-24,6.81,13.63,2.57,77.04,0.14,2.15,60.65,-14.34538,-70.0321,4130
Crucero,2014-09-25,4.24,12.02,-0.37,69.89,0.04,1.72,60.68,-14.34538,-70.0321,4130
Crucero,2014-09-26,5.64,12.71,0.11,66.7,0.24,1.78,60.69,-14.34538,-70.0321,4130
Crucero,2014-09-27,5.01,14.05,-2.21,71.2,0.11,2.83,60.7,-14.34538,-70.0321,4130
Crucero,2014-09-28,4.45,12.62,-0.39,78.51,49.01,2.88,60.71,-14.34538,-70.0321,4130
Crucero,2014-09-29,4.59,11.21,0.54,79.25,11.4,1.91,60.7,-14.34538,-70.0321,4130
Crucero,2014-09-30,4.1,10.7,-0.25,81.73,2.59,1.43,60.74,-14.34538,-70.0321,4130
Crucero,2014-10-01,3.93,11.28,-0.24,76.73,3.59,3.3,60.76,-14.34538,-70.0321,4130
Crucero,2014-10-02,4.08,11.47,-1.52,72.56,7.34,3.75,60.83,-14.34538,-70.0321,4130
Crucero,2014-10-03,4.18,11.88,-2.66,74.62,1.24,2.9,60.78,-14.34538,-70.0321,4130
Crucero,2014-10-04,5.01,12.37,-0.37,78.32,0.7,1.65,60.62,-14.34538,-70.0321,4130
Crucero,2014-10-05,5.66,12.94,-1.97,76.67,0.29,2.72,60.65,-14.34538,-70.0321,4130
Crucero,2014-10-06,6.44,13.08,2.83,77.97,0.24,2.94,60.71,-14.34538,-70.0321,4130
Crucero,2014-10-07,5.26,12.49,0.76,80.18,2.08,1.95,60.68,-14.34538,-70.0321,4130
Crucero,2014-10-08,5.58,12.19,0.72,80.42,8.58,2.61,60.6,-14.34538,-70.0321,4130
Crucero,2014-10-09,7.05,14.7,0.27,73.67,1.01,1.59,60.56,-14.34538,-70.0321,4130
Crucero,2014-10-10,6.69,13.99,1.39,75.33,0.0,3.0,60.64,-14.34538,-70.0321,4130
Crucero,2014-10-11,6.01,13.22,-2.05,74.62,3.58,3.27,60.78,-14.34538,-70.0321,4130
Crucero,2014-10-12,6.23,13.73,-1.03,75.83,0.63,3.09,60.78,-14.34538,-70.0321,4130
Crucero,2014-10-13,6.01,13.71,-0.27,72.04,0.0,2.98,60.84,-14.34538,-70.0321,4130
Crucero,2014-10-14,4.76,13.53,-2.49,69.63,0.0,2.91,60.92,-14.34538,-70.0321,4130
Crucero,2014-10-15,4.2,13.01,-4.32,70.57,0.0,2.85,60.95,-14.34538,-70.0321,4130
Crucero,2014-10-16,5.32,14.07,-3.21,69.22,0.0,2.58,60.88,-14.34538,-70.0321,4130
Crucero,2014-10-17,6.25,14.55,-0.87,73.34,0.0,2.68,60.78,-14.34538,-70.0321,4130
Crucero,2014-10-18,5.8,13.53,1.08,76.36,0.49,1.97,60.63,-14.34538,-70.0321,4130
Crucero,2014-10-19,5.23,11.87,0.42,73.2,2.77,2.06,60.63,-14.34538,-70.0321,4130
Crucero,2014-10-20,4.39,9.46,0.15,77.4,8.8,3.14,60.62,-14.34538,-70.0321,4130
Crucero,2014-10-21,3.6,10.65,-1.93,80.35,7.98,2.42,60.65,-14.34538,-70.0321,4130
Crucero,2014-10-22,4.61,10.6,-0.07,81.32,2.18,1.78,60.7,-14.34538,-70.0321,4130
Crucero,2014-10-23,6.35,12.6,1.34,77.69,2.11,1.74,60.69,-14.34538,-70.0321,4130
Crucero,2014-10-24,7.24,14.25,1.77,74.55,1.08,1.11,60.63,-14.34538,-70.0321,4130
Crucero,2014-10-25,6.93,13.29,1.56,74.23,1.11,2.2,60.59,-14.34538,-70.0321,4130
Crucero,2014-10-26,5.92,12.99,1.96,77.64,0.36,2.18,60.54,-14.34538,-70.0321,4130
Crucero,2014-10-27,6.93,15.05,0.46,70.56,0.44,1.9,60.54,-14.34538,-70.0321,4130
Crucero,2014-10-28,6.77,14.61,0.57,73.72,1.18,1.4,60.59,-14.34538,-70.0321,4130
Crucero,2014-10-29,7.2,16.64,-2.13,59.61,0.14,1.89,60.49,-14.34538,-70.0321,4130
Crucero,2014-10-30,7.4,16.84,-2.58,59.1,2.7,1.78,60.44,-14.34538,-70.0321,4130
Crucero,2014-10-31,6.15,14.66,0.76,69.87,3.13,2.7,60.55,-14.34538,-70.0321,4130
Crucero,2014-11-01,6.51,13.31,1.63,73.62,0.28,2.05,60.63,-14.34538,-70.0321,4130
Crucero,2014-11-02,6.11,10.9,2.91,77.54,0.12,1.17,60.64,-14.34538,-70.0321,4130
Crucero,2014-11-03,7.75,16.45,-0.74,67.89,0.84,1.86,60.53,-14.34538,-70.0321,4130
Crucero,2014-11-04,8.0,14.91,3.72,73.89,2.97,2.44,60.58,-14.34538,-70.0321,4130
Crucero,2014-11-05,7.48,14.44,3.15,74.38,0.84,3.05,60.72,-14.34538,-70.0321,4130
Crucero,2014-11-06,6.71,14.66,-0.5,74.0,0.01,2.88,60.84,-14.34538,-70.0321,4130
Crucero,2014-11-07,7.7,16.88,0.18,68.46,0.0,2.3,60.78,-14.34538,-70.0321,4130
Crucero,2014-11-08,7.51,17.31,-1.75,63.62,0.0,2.64,60.72,-14.34538,-70.0321,4130
Crucero,2014-11-09,6.41,14.53,0.09,74.03,0.49,2.19,60.71,-14.34538,-70.0321,4130
Crucero,2014-11-10,6.5,13.92,0.89,73.48,5.66,2.24,60.65,-14.34538,-70.0321,4130
Crucero,2014-11-11,7.49,15.68,1.88,70.22,0.8,2.25,60.55,-14.34538,-70.0321,4130
Crucero,2014-11-12,6.83,13.84,0.29,74.31,1.13,1.86,60.5,-14.34538,-70.0321,4130
Crucero,2014-11-13,5.9,13.81,0.66,72.72,3.11,1.76,60.45,-14.34538,-70.0321,4130
Crucero,2014-11-14,4.78,10.74,0.96,77.62,0.51,2.54,60.51,-14.34538,-70.0321,4130
Crucero,2014-11-15,5.65,13.1,0.27,72.42,0.0,3.5,60.6,-14.34538,-70.0321,4130
Crucero,2014-11-16,5.26,12.97,0.09,74.46,2.57,3.42,60.65,-14.34538,-70.0321,4130
Crucero,2014-11-17,5.5,13.49,-0.83,72.13,0.22,1.99,60.62,-14.34538,-70.0321,4130
Crucero,2014-11-18,6.88,15.24,0.39,63.33,0.4,1.59,60.49,-14.34538,-70.0321,4130
Crucero,2014-11-19,6.97,16.88,-3.57,54.71,0.01,1.37,60.45,-14.34538,-70.0321,4130
Crucero,2014-11-20,5.73,10.47,1.76,66.86,1.51,1.14,60.49,-14.34538,-70.0321,4130
Crucero,2014-11-21,4.54,12.63,0.4,80.04,1.0,1.96,60.52,-14.34538,-70.0321,4130
Crucero,2014-11-22,5.45,13.61,0.21,78.09,0.26,1.32,60.53,-14.34538,-70.0321,4130
Crucero,2014-11-23,5.43,14.68,-0.7,71.99,3.11,2.12,60.53,-14.34538,-70.0321,4130
Crucero,2014-11-24,5.47,13.43,0.98,74.12,2.69,2.46,60.51,-14.34538,-70.0321,4130
Crucero,2014-11-25,8.38,17.59,0.36,48.27,0.19,1.57,60.5,-14.34538,-70.0321,4130
Crucero,2014-11-26,8.13,16.65,-0.79,51.21,0.15,1.41,60.5,-14.34538,-70.0321,4130
Crucero,2014-11-27,6.73,14.24,0.99,66.39,1.33,2.21,60.58,-14.34538,-70.0321,4130
Crucero,2014-11-28,5.78,11.62,0.97,74.55,0.21,2.64,60.6,-14.34538,-70.0321,4130
Crucero,2014-11-29,7.21,15.2,1.65,72.51,0.0,1.95,60.55,-14.34538,-70.0321,4130
Crucero,2014-11-30,7.08,13.93,1.46,73.33,1.87,2.29,60.6,-14.34538,-70.0321,4130
Crucero,2014-12-01,5.39,11.47,1.72,82.21,0.91,1.81,60.6,-14.34538,-70.0321,4130
Crucero,2014-12-02,8.13,16.46,1.13,67.15,1.1,2.72,60.5,-14.34538,-70.0321,4130
Crucero,2014-12-03,6.93,10.98,4.32,79.8,5.83,3.06,60.54,-14.34538,-70.0321,4130
Crucero,2014-12-04,7.35,14.06,3.44,75.18,0.55,3.22,60.62,-14.34538,-70.0321,4130
Crucero,2014-12-05,7.35,15.57,-1.02,63.4,0.0,2.92,60.65,-14.34538,-70.0321,4130
Crucero,2014-12-06,8.88,16.32,2.83,70.04,0.76,2.26,60.57,-14.34538,-70.0321,4130
Crucero,2014-12-07,8.8,14.85,3.61,72.28,4.77,1.45,60.49,-14.34538,-70.0321,4130
Crucero,2014-12-08,7.89,15.58,1.64,70.51,2.72,2.32,60.46,-14.34538,-70.0321,4130
Crucero,2014-12-09,7.83,14.67,1.94,67.54,0.36,1.7,60.46,-14.34538,-70.0321,4130
Crucero,2014-12-10,7.12,13.31,1.43,68.38,0.02,1.84,60.51,-14.34538,-70.0321,4130
Crucero,2014-12-11,7.49,13.11,2.19,73.68,1.32,2.64,60.6,-14.34538,-70.0321,4130
Crucero,2014-12-12,7.86,16.99,-0.14,70.7,1.03,2.58,60.61,-14.34538,-70.0321,4130
Crucero,2014-12-13,7.27,12.51,3.43,72.87,0.25,1.67,60.56,-14.34538,-70.0321,4130
Crucero,2014-12-14,5.93,10.52,1.3,76.01,1.35,2.66,60.54,-14.34538,-70.0321,4130
Crucero,2014-12-15,6.59,14.55,0.74,75.34,1.25,2.31,60.56,-14.34538,-70.0321,4130
Crucero,2014-12-16,6.59,15.17,2.29,77.96,6.51,1.11,60.6,-14.34538,-70.0321,4130
Crucero,2014-12-17,6.95,12.65,2.6,76.43,3.65,1.55,60.56,-14.34538,-70.0321,4130
Crucero,2014-12-18,5.33,11.66,1.05,83.84,12.29,1.92,60.46,-14.34538,-70.0321,4130
Crucero,2014-12-19,6.45,14.25,1.12,77.03,7.05,2.3,60.4,-14.34538,-70.0321,4130
Crucero,2014-12-20,6.67,15.84,0.33,69.15,0.83,2.47,60.4,-14.34538,-70.0321,4130
Crucero,2014-12-21,8.62,17.05,-0.28,61.47,0.1,1.71,60.48,-14.34538,-70.0321,4130
Crucero,2014-12-22,6.97,13.95,2.6,73.09,0.41,2.1,60.52,-14.34538,-70.0321,4130
Crucero,2014-12-23,3.96,9.43,0.93,83.64,3.02,2.07,60.61,-14.34538,-70.0321,4130
Crucero,2014-12-24,6.42,14.21,0.58,75.47,3.86,1.59,60.56,-14.34538,-70.0321,4130
Crucero,2014-12-25,5.93,13.08,1.36,78.89,1.45,1.7,60.58,-14.34538,-70.0321,4130
Crucero,2014-12-26,4.54,10.66,1.68,86.59,8.28,2.47,60.7,-14.34538,-70.0321,4130
Crucero,2014-12-27,5.64,11.34,0.8,79.43,14.93,2.4,60.71,-14.34538,-70.0321,4130
Crucero,2014-12-28,4.99,8.02,2.77,87.7,2.08,2.16,60.67,-14.34538,-70.0321,4130
Crucero,2014-12-29,5.49,13.07,0.79,80.56,4.06,1.65,60.64,-14.34538,-70.0321,4130
Crucero,2014-12-30,4.96,11.4,1.05,83.02,1.02,1.83,60.59,-14.34538,-70.0321,4130
Crucero,2014-12-31,5.77,14.17,0.34,73.32,2.99,1.97,60.57,-14.34538,-70.0321,4130
Crucero,2015-01-01,5.76,13.24,1.02,76.62,0.88,2.4,60.51,-14.34538,-70.0321,4130
Crucero,2015-01-02,3.9,8.32,1.27,87.25,2.43,1.66,60.6,-14.34538,-70.0321,4130
Crucero,2015-01-03,3.7,8.34,0.73,86.1,7.3,1.06,60.64,-14.34538,-70.0321,4130
Crucero,2015-01-04,4.3,10.02,0.11,81.68,0.73,2.18,60.67,-14.34538,-70.0321,4130
Crucero,2015-01-05,4.72,11.47,0.24,81.24,5.09,2.31,60.65,-14.34538,-70.0321,4130
Crucero,2015-01-06,4.66,10.38,0.69,82.24,4.7,0.83,60.63,-14.34538,-70.0321,4130
Crucero,2015-01-07,4.78,10.76,0.77,82.08,0.35,1.5,60.56,-14.34538,-70.0321,4130
Crucero,2015-01-08,4.28,8.88,0.99,85.66,2.16,2.76,60.59,-14.34538,-70.0321,4130
Crucero,2015-01-09,5.23,12.84,-0.48,79.36,0.33,2.74,60.67,-14.34538,-70.0321,4130
Crucero,2015-01-10,5.23,12.24,0.68,80.21,6.82,2.27,60.68,-14.34538,-70.0321,4130
Crucero,2015-01-11,4.47,11.08,0.58,83.33,4.23,1.79,60.64,-14.34538,-70.0321,4130
Crucero,2015-01-12,4.85,13.78,0.08,76.28,8.41,1.37,60.58,-14.34538,-70.0321,4130
Crucero,2015-01-13,6.09,14.13,-0.63,68.55,3.1,1.83,60.51,-14.34538,-70.0321,4130
Crucero,2015-01-14,6.1,13.02,0.77,73.16,0.24,2.05,60.56,-14.34538,-70.0321,4130
Crucero,2015-01-15,4.9,8.51,1.5,82.8,3.04,1.06,60.62,-14.34538,-70.0321,4130
Crucero,2015-01-16,5.49,12.11,0.37,80.47,3.38,1.6,60.61,-14.34538,-70.0321,4130
Crucero,2015-01-17,4.99,11.55,1.57,83.3,5.75,2.02,60.62,-14.34538,-70.0321,4130
Crucero,2015-01-18,4.81,12.18,-0.4,82.63,5.05,2.26,60.6,-14.34538,-70.0321,4130
Crucero,2015-01-19,4.69,11.1,0.51,83.29,5.04,1.77,60.58,-14.34538,-70.0321,4130
Crucero,2015-01-20,4.43,11.01,0.32,83.58,6.55,2.24,60.53,-14.34538,-70.0321,4130
Crucero,2015-01-21,4.31,11.76,-0.83,82.25,2.47,3.53,60.65,-14.34538,-70.0321,4130
Crucero,2015-01-22,4.62,11.51,-1.1,81.23,0.77,2.59,60.67,-14.34538,-70.0321,4130
Crucero,2015-01-23,5.37,11.78,-0.3,81.07,1.01,2.96,60.65,-14.34538,-70.0321,4130
Crucero,2015-01-24,5.94,13.11,1.64,79.96,2.16,2.46,60.6,-14.34538,-70.0321,4130
Crucero,2015-01-25,6.52,13.76,0.38,77.13,2.93,2.72,60.52,-14.34538,-70.0321,4130
Crucero,2015-01-26,3.77,8.83,0.71,87.14,4.63,1.37,60.49,-14.34538,-70.0321,4130
Crucero,2015-01-27,4.58,11.21,0.42,83.5,4.11,2.27,60.49,-14.34538,-70.0321,4130
Crucero,2015-01-28,4.99,9.65,1.31,84.49,0.38,2.17,60.53,-14.34538,-70.0321,4130
Crucero,2015-01-29,4.92,10.74,0.84,85.62,2.77,1.27,60.6,-14.34538,-70.0321,4130
Crucero,2015-01-30,4.32,10.11,1.51,88.03,10.36,2.6,60.62,-14.34538,-70.0321,4130
Crucero,2015-01-31,5.0,11.28,-0.2,81.8,2.16,3.12,60.68,-14.34538,-70.0321,4130
Crucero,2015-02-01,5.7,12.58,0.4,80.06,1.72,3.09,60.73,-14.34538,-70.0321,4130
Crucero,2015-02-02,6.21,13.13,-0.54,76.67,0.02,2.77,60.76,-14.34538,-70.0321,4130
Crucero,2015-02-03,7.12,14.13,1.95,76.32,0.0,2.41,60.72,-14.34538,-70.0321,4130
Crucero,2015-02-04,7.03,14.26,0.51,73.42,0.0,1.79,60.64,-14.34538,-70.0321,4130
Crucero,2015-02-05,6.8,11.84,2.92,77.57,0.0,1.28,60.61,-14.34538,-70.0321,4130
Crucero,2015-02-06,6.21,10.89,2.06,76.7,0.84,1.51,60.59,-14.34538,-70.0321,4130
Crucero,2015-02-07,5.53,12.93,1.19,81.15,3.45,2.43,60.53,-14.34538,-70.0321,4130
Crucero,2015-02-08,5.41,12.95,-0.52,79.16,3.82,1.94,60.53,-14.34538,-70.0321,4130
Crucero,2015-02-09,4.95,10.43,1.21,83.92,11.84,1.54,60.5,-14.34538,-70.0321,4130
Crucero,2015-02-10,4.08,8.78,0.65,87.23,5.47,1.6,60.57,-14.34538,-70.0321,4130
Crucero,2015-02-11,4.83,9.14,1.23,88.24,12.39,1.81,60.67,-14.34538,-70.0321,4130
Crucero,2015-02-12,4.54,10.61,0.6,86.3,1.63,2.11,60.75,-14.34538,-70.0321,4130
Crucero,2015-02-13,6.57,12.12,2.37,84.72,2.44,3.13,60.76,-14.34538,-70.0321,4130
Crucero,2015-02-14,5.88,12.35,2.24,85.5,0.48,2.13,60.68,-14.34538,-70.0321,4130
Crucero,2015-02-15,5.51,9.99,1.47,85.6,1.73,1.49,60.63,-14.34538,-70.0321,4130
Crucero,2015-02-16,4.72,11.58,1.07,86.64,1.34,1.32,60.57,-14.34538,-70.0321,4130
Crucero,2015-02-17,6.49,13.75,0.82,79.57,2.19,2.12,60.58,-14.34538,-70.0321,4130
Crucero,2015-02-18,6.91,12.87,1.3,77.52,8.48,1.82,60.51,-14.34538,-70.0321,4130
Crucero,2015-02-19,6.31,15.33,-2.73,73.62,2.3,1.64,60.44,-14.34538,-70.0321,4130
Crucero,2015-02-20,4.56,11.49,1.23,84.9,12.33,1.94,60.44,-14.34538,-70.0321,4130
Crucero,2015-02-21,3.81,11.26,0.0,86.09,4.12,1.31,60.53,-14.34538,-70.0321,4130
Crucero,2015-02-22,6.17,13.15,0.23,80.73,1.04,2.74,60.6,-14.34538,-70.0321,4130
Crucero,2015-02-23,5.22,10.42,0.79,82.92,3.97,2.81,60.65,-14.34538,-70.0321,4130
Crucero,2015-02-24,5.97,12.88,-0.9,81.32,0.7,3.33,60.65,-14.34538,-70.0321,4130
Crucero,2015-02-25,6.39,13.87,-0.89,79.44,1.33,2.72,60.62,-14.34538,-70.0321,4130
Crucero,2015-02-26,6.41,13.38,1.15,79.46,2.38,2.9,60.61,-14.34538,-70.0321,4130
Crucero,2015-02-27,6.13,12.57,0.46,79.45,6.31,1.4,60.62,-14.34538,-70.0321,4130
Crucero,2015-02-28,5.98,12.36,2.47,82.94,5.47,2.26,60.62,-14.34538,-70.0321,4130
Crucero,2015-03-01,6.51,13.69,0.88,81.36,4.38,1.92,60.63,-14.34538,-70.0321,4130
Crucero,2015-03-02,7.16,13.47,2.31,80.86,0.74,2.09,60.58,-14.34538,-70.0321,4130
Crucero,2015-03-03,6.46,13.03,2.9,82.6,6.71,2.3,60.53,-14.34538,-70.0321,4130
Crucero,2015-03-04,4.77,9.31,2.08,86.56,19.19,2.03,60.53,-14.34538,-70.0321,4130
Crucero,2015-03-05,4.09,7.95,1.09,91.12,1.51,1.79,60.58,-14.34538,-70.0321,4130
Crucero,2015-03-06,5.53,11.76,0.39,85.09,8.53,2.29,60.6,-14.34538,-70.0321,4130
Crucero,2015-03-07,6.43,11.86,2.68,85.27,2.9,2.81,60.64,-14.34538,-70.0321,4130
Crucero,2015-03-08,5.61,11.79,1.65,86.76,0.06,2.36,60.62,-14.34538,-70.0321,4130
Crucero,2015-03-09,6.26,13.5,-0.73,82.23,0.08,2.3,60.67,-14.34538,-70.0321,4130
Crucero,2015-03-10,7.14,12.42,3.18,83.82,1.26,3.15,60.69,-14.34538,-70.0321,4130
Crucero,2015-03-11,6.96,13.23,1.86,81.06,0.07,1.99,60.73,-14.34538,-70.0321,4130
Crucero,2015-03-12,7.58,13.77,2.24,80.59,0.15,2.35,60.65,-14.34538,-70.0321,4130
Crucero,2015-03-13,7.47,13.34,2.98,81.17,1.01,1.31,60.56,-14.34538,-70.0321,4130
Crucero,2015-03-14,6.96,12.87,3.28,80.07,1.17,2.27,60.6,-14.34538,-70.0321,4130
Crucero,2015-03-15,5.76,11.81,1.22,79.05,0.82,2.93,60.67,-14.34538,-70.0321,4130
Crucero,2015-03-16,4.99,12.42,1.13,80.68,0.16,2.09,60.71,-14.34538,-70.0321,4130
Crucero,2015-03-17,6.09,13.37,0.07,80.82,0.04,2.78,60.67,-14.34538,-70.0321,4130
Crucero,2015-03-18,5.16,11.84,0.84,80.99,1.89,2.66,60.66,-14.34538,-70.0321,4130
Crucero,2015-03-19,5.37,12.83,-0.16,81.39,0.33,2.6,60.66,-14.34538,-70.0321,4130
Crucero,2015-03-20,5.73,13.41,-0.01,81.49,4.72,2.2,60.67,-14.34538,-70.0321,4130
Crucero,2015-03-21,5.31,11.76,-0.57,81.08,2.62,3.03,60.72,-14.34538,-70.0321,4130
Crucero,2015-03-22,4.13,12.47,-3.29,78.16,0.14,2.49,60.74,-14.34538,-70.0321,4130
Crucero,2015-03-23,3.36,11.64,-3.08,70.61,0.11,2.19,60.76,-14.34538,-70.0321,4130
Crucero,2015-03-24,3.84,12.64,-3.65,77.05,1.76,2.34,60.71,-14.34538,-70.0321,4130
Crucero,2015-03-25,4.63,12.15,-0.5,82.32,20.72,1.6,60.66,-14.34538,-70.0321,4130
Crucero,2015-03-26,2.98,9.2,-0.1,88.23,3.19,1.68,60.62,-14.34538,-70.0321,4130
Crucero,2015-03-27,3.15,7.16,-0.5,85.76,0.68,1.33,60.72,-14.34538,-70.0321,4130
Crucero,2015-03-28,5.4,12.93,0.11,78.88,0.37,1.64,60.82,-14.34538,-70.0321,4130
Crucero,2015-03-29,6.39,13.24,0.56,76.76,0.01,1.25,60.8,-14.34538,-70.0321,4130
Crucero,2015-03-30,5.51,12.36,1.36,81.03,0.05,1.38,60.7,-14.34538,-70.0321,4130
Crucero,2015-03-31,3.93,9.99,0.73,86.34,3.43,2.47,60.68,-14.34538,-70.0321,4130
Crucero,2015-04-01,4.46,11.33,-0.27,83.16,0.22,2.59,60.75,-14.34538,-70.0321,4130
Crucero,2015-04-02,5.33,11.71,-0.1,83.28,6.75,1.2,60.77,-14.34538,-70.0321,4130
Crucero,2015-04-03,5.28,11.14,1.05,85.99,6.63,1.51,60.64,-14.34538,-70.0321,4130
Crucero,2015-04-04,6.52,11.73,3.26,85.86,0.72,1.44,60.54,-14.34538,-70.0321,4130
Crucero,2015-04-05,6.38,12.07,2.79,78.68,0.92,2.12,60.62,-14.34538,-70.0321,4130
Crucero,2015-04-06,3.64,7.89,0.84,88.3,5.86,2.52,60.67,-14.34538,-70.0321,4130
Crucero,2015-04-07,4.23,11.25,-0.7,85.01,1.94,1.37,60.66,-14.34538,-70.0321,4130
Crucero,2015-04-08,3.89,9.59,0.41,86.66,12.63,1.53,60.58,-14.34538,-70.0321,4130
Crucero,2015-04-09,3.21,9.83,-1.09,86.48,6.32,1.44,60.64,-14.34538,-70.0321,4130
Crucero,2015-04-10,3.64,8.75,0.21,87.12,4.59,2.08,60.72,-14.34538,-70.0321,4130
Crucero,2015-04-11,3.82,9.27,-0.83,85.55,1.81,1.61,60.75,-14.34538,-70.0321,4130
Crucero,2015-04-12,3.93,10.13,-0.59,86.85,3.92,1.24,60.72,-14.34538,-70.0321,4130
Crucero,2015-04-13,4.14,10.93,0.48,84.75,2.64,1.86,60.78,-14.34538,-70.0321,4130
Crucero,2015-04-14,4.39,10.77,0.6,86.07,0.74,1.57,60.72,-14.34538,-70.0321,4130
Crucero,2015-04-15,3.92,7.46,0.78,88.99,1.28,1.84,60.68,-14.34538,-70.0321,4130
Crucero,2015-04-16,4.07,11.29,-1.51,83.8,3.47,1.35,60.67,-14.34538,-70.0321,4130
Crucero,2015-04-17,3.99,9.16,0.24,87.09,1.92,1.35,60.65,-14.34538,-70.0321,4130
Crucero,2015-04-18,4.23,8.85,1.28,87.36,0.11,1.6,60.65,-14.34538,-70.0321,4130
Crucero,2015-04-19,4.46,10.25,0.88,85.71,2.75,0.73,60.61,-14.34538,-70.0321,4130
Crucero,2015-04-20,4.12,8.33,1.38,89.26,25.14,0.99,60.65,-14.34538,-70.0321,4130
Crucero,2015-04-21,3.1,8.57,-0.24,85.88,12.27,1.94,60.7,-14.34538,-70.0321,4130
Crucero,2015-04-22,3.78,10.38,-0.82,85.22,0.35,2.29,60.72,-14.34538,-70.0321,4130
Crucero,2015-04-23,4.1,10.39,-2.34,84.97,0.04,2.89,60.75,-14.34538,-70.0321,4130
Crucero,2015-04-24,4.98,10.97,-0.31,85.03,3.45,2.46,60.83,-14.34538,-70.0321,4130
Crucero,2015-04-25,5.72,11.85,0.28,82.26,0.31,3.07,60.86,-14.34538,-70.0321,4130
Crucero,2015-04-26,5.68,12.34,0.66,79.82,0.0,2.04,60.8,-14.34538,-70.0321,4130
Crucero,2015-04-27,5.3,12.09,-1.38,81.45,0.08,1.96,60.73,-14.34538,-70.0321,4130
Crucero,2015-04-28,4.41,10.41,1.22,86.32,0.81,1.78,60.7,-14.34538,-70.0321,4130
Crucero,2015-04-29,5.51,11.86,0.75,83.41,0.05,1.79,60.69,-14.34538,-70.0321,4130
Crucero,2015-04-30,5.58,11.75,1.63,82.85,0.46,2.01,60.68,-14.34538,-70.0321,4130
Crucero,2015-05-01,5.45,12.62,-0.3,80.84,0.22,1.26,60.65,-14.34538,-70.0321,4130
Crucero,2015-05-02,4.54,11.56,-0.43,80.13,0.86,1.03,60.53,-14.34538,-70.0321,4130
Crucero,2015-05-03,4.99,13.44,-3.3,70.48,0.19,1.42,60.56,-14.34538,-70.0321,4130
Crucero,2015-05-04,5.56,13.34,-1.17,70.69,0.91,1.0,60.63,-14.34538,-70.0321,4130
Crucero,2015-05-05,5.28,12.86,-1.16,75.69,1.39,1.08,60.71,-14.34538,-70.0321,4130
Crucero,2015-05-06,5.4,10.72,1.5,85.54,1.56,1.83,60.71,-14.34538,-70.0321,4130
Crucero,2015-05-07,3.01,7.83,-0.64,88.44,2.68,1.63,60.7,-14.34538,-70.0321,4130
Crucero,2015-05-08,4.21,11.63,-0.38,84.22,0.03,1.04,60.72,-14.34538,-70.0321,4130
Crucero,2015-05-09,4.87,11.89,0.22,81.07,0.0,1.52,60.75,-14.34538,-70.0321,4130
Crucero,2015-05-10,5.01,12.09,-0.4,78.27,1.03,1.28,60.72,-14.34538,-70.0321,4130
Crucero,2015-05-11,3.17,5.67,0.77,92.02,4.76,1.6,60.77,-14.34538,-70.0321,4130
Crucero,2015-05-12,4.68,11.88,0.59,81.83,0.15,0.77,60.67,-14.34538,-70.0321,4130
Crucero,2015-05-13,2.73,6.87,-0.45,83.24,0.12,1.54,60.67,-14.34538,-70.0321,4130
Crucero,2015-05-14,3.03,8.09,-0.59,83.12,0.66,1.52,60.65,-14.34538,-70.0321,4130
Crucero,2015-05-15,1.47,6.74,-1.65,83.92,0.55,1.47,60.65,-14.34538,-70.0321,4130
Crucero,2015-05-16,0.89,5.56,-2.52,82.91,1.88,1.22,60.76,-14.34538,-70.0321,4130
Crucero,2015-05-17,2.92,9.91,-1.91,83.18,1.58,1.34,60.8,-14.34538,-70.0321,4130
Crucero,2015-05-18,4.24,10.86,-2.24,78.93,0.0,1.45,60.85,-14.34538,-70.0321,4130
Crucero,2015-05-19,3.71,10.54,-2.65,81.51,0.0,1.14,60.83,-14.34538,-70.0321,4130
Crucero,2015-05-20,4.41,10.3,-0.67,77.08,0.53,0.92,60.76,-14.34538,-70.0321,4130
Crucero,2015-05-21,3.37,12.3,-3.88,72.05,0.1,1.27,60.75,-14.34538,-70.0321,4130
Crucero,2015-05-22,3.62,12.49,-4.36,61.53,0.56,1.21,60.76,-14.34538,-70.0321,4130
Crucero,2015-05-23,4.95,13.29,-2.27,69.0,0.54,1.9,60.76,-14.34538,-70.0321,4130
Crucero,2015-05-24,5.04,12.54,-2.1,62.81,0.47,1.37,60.7,-14.34538,-70.0321,4130
Crucero,2015-05-25,4.53,9.65,0.87,84.72,0.37,2.42,60.7,-14.34538,-70.0321,4130
Crucero,2015-05-26,4.47,11.73,-0.82,82.94,0.0,1.52,60.7,-14.34538,-70.0321,4130
Crucero,2015-05-27,4.11,9.84,-1.12,83.57,1.61,1.0,60.69,-14.34538,-70.0321,4130
Crucero,2015-05-28,2.77,8.21,-0.79,88.91,5.47,2.03,60.71,-14.34538,-70.0321,4130
Crucero,2015-05-29,5.14,12.7,-0.61,75.6,0.09,1.68,60.61,-14.34538,-70.0321,4130
Crucero,2015-05-30,4.82,12.39,-1.7,74.82,0.0,1.5,60.6,-14.34538,-70.0321,4130
Crucero,2015-05-31,3.07,8.79,-0.76,88.26,1.05,0.91,60.72,-14.34538,-70.0321,4130
Crucero,2015-06-01,3.53,8.45,-0.26,86.71,1.36,0.88,60.8,-14.34538,-70.0321,4130
Crucero,2015-06-02,3.02,8.12,-0.18,80.76,0.42,1.01,60.78,-14.34538,-70.0321,4130
Crucero,2015-06-03,4.38,11.15,-1.22,78.61,0.03,1.14,60.78,-14.34538,-70.0321,4130
Crucero,2015-06-04,4.59,11.06,0.37,79.11,0.0,1.33,60.88,-14.34538,-70.0321,4130
Crucero,2015-06-05,4.18,12.58,-1.63,76.04,0.0,1.47,60.86,-14.34538,-70.0321,4130
Crucero,2015-06-06,3.92,12.78,-3.33,69.29,0.0,1.57,60.77,-14.34538,-70.0321,4130
Crucero,2015-06-07,3.03,12.32,-3.46,66.44,0.0,1.58,60.77,-14.34538,-70.0321,4130
Crucero,2015-06-08,2.82,11.68,-4.8,69.89,0.0,1.22,60.72,-14.34538,-70.0321,4130
Crucero,2015-06-09,5.07,13.15,-2.62,65.87,0.45,0.81,60.65,-14.34538,-70.0321,4130
Crucero,2015-06-10,3.71,11.86,-3.02,70.14,0.7,1.15,60.69,-14.34538,-70.0321,4130
Crucero,2015-06-11,3.96,12.72,-2.93,72.7,0.23,1.45,60.73,-14.34538,-70.0321,4130
Crucero,2015-06-12,4.24,12.95,-3.61,74.71,0.31,1.06,60.74,-14.34538,-70.0321,4130
Crucero,2015-06-13,3.73,13.09,-4.42,67.51,0.04,1.33,60.66,-14.34538,-70.0321,4130
Crucero,2015-06-14,4.58,13.44,-3.69,74.24,0.11,1.35,60.64,-14.34538,-70.0321,4130
Crucero,2015-06-15,4.85,9.74,1.6,83.75,1.93,2.42,60.74,-14.34538,-70.0321,4130
Crucero,2015-06-16,5.26,12.42,0.94,79.62,1.1,1.09,60.69,-14.34538,-70.0321,4130
Crucero,2015-06-17,5.33,12.65,0.44,75.93,0.0,1.64,60.7,-14.34538,-70.0321,4130
Crucero,2015-06-18,1.96,4.44,-0.77,91.85,0.0,1.76,60.74,-14.34538,-70.0321,4130
Crucero,2015-06-19,3.41,11.01,-1.77,78.67,0.0,1.06,60.74,-14.34538,-70.0321,4130
Crucero,2015-06-20,3.34,12.75,-4.21,73.4,0.0,1.31,60.71,-14.34538,-70.0321,4130
Crucero,2015-06-21,3.03,11.74,-4.01,76.03,0.0,1.33,60.78,-14.34538,-70.0321,4130
Crucero,2015-06-22,3.45,12.45,-3.64,76.56,0.0,1.16,60.77,-14.34538,-70.0321,4130
Crucero,2015-06-23,3.97,12.54,-1.94,76.37,0.0,1.47,60.83,-14.34538,-70.0321,4130
Crucero,2015-06-24,4.27,12.55,-2.32,72.58,0.0,1.12,60.86,-14.34538,-70.0321,4130
Crucero,2015-06-25,4.65,13.49,-1.53,71.82,0.15,1.15,60.83,-14.34538,-70.0321,4130
Crucero,2015-06-26,3.96,11.77,-2.54,79.16,0.05,1.85,60.87,-14.34538,-70.0321,4130
Crucero,2015-06-27,4.63,11.6,-0.01,78.82,0.12,1.05,60.84,-14.34538,-70.0321,4130
Crucero,2015-06-28,4.06,11.94,-2.51,74.77,0.01,1.13,60.76,-14.34538,-70.0321,4130
Crucero,2015-06-29,2.92,12.97,-4.6,55.23,0.12,2.1,60.71,-14.34538,-70.0321,4130
Crucero,2015-06-30,2.48,12.0,-5.27,53.9,0.58,1.3,60.73,-14.34538,-70.0321,4130
Crucero,2015-07-01,3.37,11.41,-3.35,75.84,1.85,1.36,60.72,-14.34538,-70.0321,4130
Crucero,2015-07-02,2.69,9.59,-2.18,80.61,0.13,1.6,60.66,-14.34538,-70.0321,4130
Crucero,2015-07-03,2.98,9.34,-2.18,80.77,1.94,2.17,60.56,-14.34538,-70.0321,4130
Crucero,2015-07-04,1.8,4.45,-1.46,91.51,5.62,2.75,60.55,-14.34538,-70.0321,4130
Crucero,2015-07-05,0.84,6.12,-2.67,65.92,0.15,2.82,60.62,-14.34538,-70.0321,4130
Crucero,2015-07-06,0.15,9.28,-6.32,49.67,0.08,3.37,60.55,-14.34538,-70.0321,4130
Crucero,2015-07-07,-0.29,9.89,-6.66,38.74,0.67,3.82,60.6,-14.34538,-70.0321,4130
Crucero,2015-07-08,1.09,10.21,-5.91,42.84,0.16,1.45,60.62,-14.34538,-70.0321,4130
Crucero,2015-07-09,2.36,11.74,-4.83,44.81,0.0,1.34,60.67,-14.34538,-70.0321,4130
Crucero,2015-07-10,2.21,12.13,-5.04,48.48,0.0,1.49,60.73,-14.34538,-70.0321,4130
Crucero,2015-07-11,3.14,12.94,-5.11,64.45,0.0,1.3,60.76,-14.34538,-70.0321,4130
Crucero,2015-07-12,3.46,13.12,-4.06,68.23,0.14,1.46,60.7,-14.34538,-70.0321,4130
Crucero,2015-07-13,3.69,13.33,-3.04,66.57,0.14,2.92,60.57,-14.34538,-70.0321,4130
Crucero,2015-07-14,3.3,10.97,-3.33,78.0,0.02,3.63,60.52,-14.34538,-70.0321,4130
Crucero,2015-07-15,3.0,10.83,-4.27,73.1,0.0,2.65,60.66,-14.34538,-70.0321,4130
Crucero,2015-07-16,2.52,9.96,-2.31,76.85,0.0,2.3,60.72,-14.34538,-70.0321,4130
Crucero,2015-07-17,3.02,11.91,-3.43,59.0,0.0,0.97,60.78,-14.34538,-70.0321,4130
Crucero,2015-07-18,3.23,12.85,-4.3,66.48,0.0,1.11,60.75,-14.34538,-70.0321,4130
Crucero,2015-07-19,3.43,13.54,-4.78,51.16,0.0,1.13,60.77,-14.34538,-70.0321,4130
Crucero,2015-07-20,3.2,13.63,-5.43,49.41,0.0,1.72,60.78,-14.34538,-70.0321,4130
Crucero,2015-07-21,3.32,12.4,-5.01,68.04,0.0,1.69,60.75,-14.34538,-70.0321,4130
Crucero,2015-07-22,5.33,14.32,-0.53,71.33,0.0,1.69,60.74,-14.34538,-70.0321,4130
Crucero,2015-07-23,5.33,13.77,-3.04,69.79,0.0,1.19,60.8,-14.34538,-70.0321,4130
Crucero,2015-07-24,5.73,13.76,-0.57,66.6,0.0,1.11,60.83,-14.34538,-70.0321,4130
Crucero,2015-07-25,5.29,13.82,-1.8,73.51,0.0,1.34,60.78,-14.34538,-70.0321,4130
Crucero,2015-07-26,5.55,13.32,-1.3,72.28,0.0,1.21,60.73,-14.34538,-70.0321,4130
Crucero,2015-07-27,4.9,14.6,-3.55,69.99,0.0,1.49,60.7,-14.34538,-70.0321,4130
Crucero,2015-07-28,4.73,13.42,-2.22,66.17,0.0,1.37,60.7,-14.34538,-70.0321,4130
Crucero,2015-07-29,4.71,13.44,-2.39,71.07,0.0,1.92,60.77,-14.34538,-70.0321,4130
Crucero,2015-07-30,4.18,13.08,-3.93,71.66,0.0,1.08,60.78,-14.34538,-70.0321,4130
Crucero,2015-07-31,4.64,13.59,-2.99,68.27,0.0,1.45,60.74,-14.34538,-70.0321,4130
Crucero,2015-08-01,4.58,13.27,-3.45,68.99,0.0,1.34,60.69,-14.34538,-70.0321,4130
Crucero,2015-08-02,4.85,14.53,-3.73,67.07,0.0,1.9,60.65,-14.34538,-70.0321,4130
Crucero,2015-08-03,5.66,12.91,0.08,74.65,0.0,1.64,60.71,-14.34538,-70.0321,4130
Crucero,2015-08-04,5.05,10.54,0.1,69.99,0.21,1.06,60.77,-14.34538,-70.0321,4130
Crucero,2015-08-05,4.52,14.03,-3.48,61.61,0.32,1.79,60.75,-14.34538,-70.0321,4130
Crucero,2015-08-06,4.63,14.74,-3.93,52.2,0.01,1.71,60.68,-14.34538,-70.0321,4130
Crucero,2015-08-07,6.02,15.04,-3.34,67.16,0.0,1.86,60.61,-14.34538,-70.0321,4130
Crucero,2015-08-08,6.71,14.5,1.53,71.92,0.05,3.13,60.54,-14.34538,-70.0321,4130
Crucero,2015-08-09,4.06,12.99,-4.33,51.52,3.05,4.14,60.48,-14.34538,-70.0321,4130
Crucero,2015-08-10,-0.12,5.39,-4.82,70.83,4.21,1.6,60.56,-14.34538,-70.0321,4130
Crucero,2015-08-11,1.02,7.64,-4.3,81.22,0.36,3.64,60.59,-14.34538,-70.0321,4130
Crucero,2015-08-12,3.12,10.32,-3.54,75.31,0.33,2.85,60.63,-14.34538,-70.0321,4130
Crucero,2015-08-13,2.77,8.67,-1.39,82.55,0.67,3.2,60.61,-14.34538,-70.0321,4130
Crucero,2015-08-14,2.67,9.0,-2.4,76.73,0.01,1.99,60.74,-14.34538,-70.0321,4130
Crucero,2015-08-15,4.29,13.48,-4.32,69.9,0.0,1.75,60.71,-14.34538,-70.0321,4130
Crucero,2015-08-16,5.24,12.34,1.04,78.78,0.08,2.06,60.67,-14.34538,-70.0321,4130
Crucero,2015-08-17,2.46,10.36,-0.78,84.44,0.1,1.33,60.73,-14.34538,-70.0321,4130
Crucero,2015-08-18,3.71,10.95,-0.8,77.93,0.1,1.76,60.78,-14.34538,-70.0321,4130
Crucero,2015-08-19,4.12,12.73,-1.91,72.36,0.0,2.81,60.76,-14.34538,-70.0321,4130
Crucero,2015-08-20,4.47,13.92,-3.93,69.71,0.0,1.92,60.75,-14.34538,-70.0321,4130
Crucero,2015-08-21,4.5,13.2,-1.7,72.05,0.0,2.44,60.7,-14.34538,-70.0321,4130
Crucero,2015-08-22,5.0,15.01,-3.69,64.4,0.0,2.15,60.68,-14.34538,-70.0321,4130
Crucero,2015-08-23,5.06,13.0,-1.09,69.65,0.28,1.32,60.71,-14.34538,-70.0321,4130
Crucero,2015-08-24,5.23,12.51,0.73,74.22,1.15,2.11,60.68,-14.34538,-70.0321,4130
Crucero,2015-08-25,5.36,12.9,-1.61,62.3,0.0,0.83,60.65,-14.34538,-70.0321,4130
Crucero,2015-08-26,6.02,15.05,-2.55,65.57,2.99,1.33,60.64,-14.34538,-70.0321,4130
Crucero,2015-08-27,4.63,14.5,-3.17,59.61,0.75,1.88,60.73,-14.34538,-70.0321,4130
Crucero,2015-08-28,3.82,14.0,-4.12,68.65,0.0,2.22,60.81,-14.34538,-70.0321,4130
Crucero,2015-08-29,3.87,14.04,-4.42,28.73,0.0,2.1,60.81,-14.34538,-70.0321,4130
Crucero,2015-08-30,3.19,13.63,-4.0,33.68,0.0,1.98,60.81,-14.34538,-70.0321,4130
Crucero,2015-08-31,2.76,12.77,-4.54,45.9,0.0,1.84,60.82,-14.34538,-70.0321,4130
Crucero,2015-09-01,2.98,11.72,-4.25,74.64,0.06,2.71,60.87,-14.34538,-70.0321,4130
Crucero,2015-09-02,3.85,10.48,-1.35,78.55,16.85,2.32,60.85,-14.34538,-70.0321,4130
Crucero,2015-09-03,4.05,11.04,-2.44,77.27,1.24,2.4,60.76,-14.34538,-70.0321,4130
Crucero,2015-09-04,4.66,11.9,-1.12,78.46,4.82,2.56,60.74,-14.34538,-70.0321,4130
Crucero,2015-09-05,4.82,12.04,-0.49,77.68,2.77,2.49,60.72,-14.34538,-70.0321,4130
Crucero,2015-09-06,4.47,11.7,-1.15,71.73,0.23,1.57,60.72,-14.34538,-70.0321,4130
Crucero,2015-09-07,6.63,15.91,-0.84,63.34,0.0,2.49,60.58,-14.34538,-70.0321,4130
Crucero,2015-09-08,7.03,16.32,-3.13,54.42,0.2,1.8,60.54,-14.34538,-70.0321,4130
Crucero,2015-09-09,7.13,16.04,-1.46,66.26,0.08,1.67,60.54,-14.34538,-70.0321,4130
Crucero,2015-09-10,6.42,15.43,-2.7,59.64,0.0,1.55,60.63,-14.34538,-70.0321,4130
Crucero,2015-09-11,5.15,13.45,1.52,56.95,0.23,1.42,60.71,-14.34538,-70.0321,4130
Crucero,2015-09-12,6.56,15.04,-0.99,61.76,2.47,1.09,60.74,-14.34538,-70.0321,4130
Crucero,2015-09-13,6.79,16.32,-2.2,49.14,0.47,0.94,60.72,-14.34538,-70.0321,4130
Crucero,2015-09-14,6.62,15.98,-3.39,58.04,0.0,1.34,60.73,-14.34538,-70.0321,4130
Crucero,2015-09-15,6.65,15.13,-0.89,69.52,0.0,1.44,60.82,-14.34538,-70.0321,4130
Crucero,2015-09-16,5.93,14.96,-1.23,73.95,0.0,2.04,60.74,-14.34538,-70.0321,4130
Crucero,2015-09-17,5.32,13.18,0.85,76.53,0.0,1.66,60.67,-14.34538,-70.0321,4130
Crucero,2015-09-18,2.27,4.78,0.42,87.69,6.83,1.57,60.72,-14.34538,-70.0321,4130
Crucero,2015-09-19,3.05,8.2,-0.34,84.59,0.48,2.56,60.75,-14.34538,-70.0321,4130
Crucero,2015-09-20,6.0,13.71,-0.19,73.87,0.12,1.57,60.75,-14.34538,-70.0321,4130
Crucero,2015-09-21,5.64,13.17,0.67,76.14,0.0,1.82,60.68,-14.34538,-70.0321,4130
Crucero,2015-09-22,5.71,13.31,1.46,78.06,0.15,1.87,60.62,-14.34538,-70.0321,4130
Crucero,2015-09-23,4.28,8.61,1.01,82.3,1.07,2.48,60.62,-14.34538,-70.0321,4130
Crucero,2015-09-24,4.59,10.92,-1.5,77.08,0.46,2.25,60.68,-14.34538,-70.0321,4130
Crucero,2015-09-25,3.83,9.02,0.57,85.69,0.21,1.96,60.68,-14.34538,-70.0321,4130
Crucero,2015-09-26,4.7,12.21,0.09,74.87,0.47,1.56,60.69,-14.34538,-70.0321,4130
Crucero,2015-09-27,5.06,14.3,-3.22,61.56,0.09,1.78,60.65,-14.34538,-70.0321,4130
Crucero,2015-09-28,6.99,16.51,-1.89,64.54,0.0,1.87,60.56,-14.34538,-70.0321,4130
Crucero,2015-09-29,6.45,15.47,0.11,62.41,0.05,1.41,60.46,-14.34538,-70.0321,4130
Crucero,2015-09-30,4.56,13.05,-0.07,69.4,0.49,2.65,60.48,-14.34538,-70.0321,4130
Crucero,2015-10-01,3.47,9.84,-1.94,70.63,0.02,2.24,60.56,-14.34538,-70.0321,4130
Crucero,2015-10-02,4.62,12.5,-0.58,75.96,5.28,2.67,60.56,-14.34538,-70.0321,4130
Crucero,2015-10-03,4.35,11.88,-2.23,75.67,0.71,3.1,60.66,-14.34538,-70.0321,4130
Crucero,2015-10-04,6.49,14.93,0.33,69.4,0.07,1.52,60.8,-14.34538,-70.0321,4130
Crucero,2015-10-05,8.15,16.06,0.94,69.84,0.11,2.35,60.82,-14.34538,-70.0321,4130
Crucero,2015-10-06,7.89,14.15,4.01,73.32,0.06,2.82,60.77,-14.34538,-70.0321,4130
Crucero,2015-10-07,6.27,14.18,1.72,75.56,0.68,1.58,60.69,-14.34538,-70.0321,4130
Crucero,2015-10-08,8.15,15.63,1.19,60.72,0.25,1.33,60.63,-14.34538,-70.0321,4130
Crucero,2015-10-09,7.14,17.38,-3.6,44.93,0.25,1.65,60.63,-14.34538,-70.0321,4130
Crucero,2015-10-10,7.69,17.93,-3.56,41.41,0.37,1.57,60.67,-14.34538,-70.0321,4130
Crucero,2015-10-11,8.04,17.86,0.26,59.95,0.6,1.72,60.58,-14.34538,-70.0321,4130
Crucero,2015-10-12,7.93,17.82,-0.73,56.55,0.09,1.58,60.62,-14.34538,-70.0321,4130
Crucero,2015-10-13,8.07,17.75,-1.97,53.47,0.0,1.72,60.64,-14.34538,-70.0321,4130
Crucero,2015-10-14,7.59,15.47,0.86,66.4,0.0,1.83,60.67,-14.34538,-70.0321,4130
Crucero,2015-10-15,4.95,11.5,1.37,79.65,0.0,1.85,60.66,-14.34538,-70.0321,4130
Crucero,2015-10-16,5.91,12.94,1.91,70.85,0.0,4.24,60.73,-14.34538,-70.0321,4130
Crucero,2015-10-17,5.84,13.89,-1.27,68.86,0.0,4.93,60.8,-14.34538,-70.0321,4130
Crucero,2015-10-18,4.77,11.88,-2.32,67.85,0.0,4.42,60.89,-14.34538,-70.0321,4130
Crucero,2015-10-19,6.47,15.9,-0.92,69.24,0.0,2.95,60.79,-14.34538,-70.0321,4130
Crucero,2015-10-20,4.34,10.5,1.26,79.04,0.02,2.06,60.77,-14.34538,-70.0321,4130
Crucero,2015-10-21,5.92,14.52,0.23,73.43,0.01,1.97,60.76,-14.34538,-70.0321,4130
Crucero,2015-10-22,7.24,14.65,2.2,70.29,0.0,3.03,60.72,-14.34538,-70.0321,4130
Crucero,2015-10-23,6.69,14.26,-1.52,69.68,0.0,4.39,60.74,-14.34538,-70.0321,4130
Crucero,2015-10-24,5.44,14.19,-1.97,73.54,4.11,3.31,60.77,-14.34538,-70.0321,4130
Crucero,2015-10-25,6.83,14.62,0.99,68.1,10.65,2.71,60.78,-14.34538,-70.0321,4130
Crucero,2015-10-26,6.63,15.6,0.07,65.66,3.19,2.83,60.77,-14.34538,-70.0321,4130
Crucero,2015-10-27,5.91,13.15,1.0,73.69,0.48,1.66,60.76,-14.34538,-70.0321,4130
Crucero,2015-10-28,4.86,11.39,1.37,79.29,8.05,2.09,60.74,-14.34538,-70.0321,4130
Crucero,2015-10-29,4.08,10.87,0.29,83.13,5.71,1.43,60.68,-14.34538,-70.0321,4130
Crucero,2015-10-30,6.24,13.66,0.9,75.8,2.83,1.24,60.58,-14.34538,-70.0321,4130
Crucero,2015-10-31,6.71,14.09,0.51,70.05,0.26,1.51,60.57,-14.34538,-70.0321,4130
Crucero,2015-11-01,2.45,5.95,0.05,77.52,4.21,2.56,60.5,-14.34538,-70.0321,4130
Crucero,2015-11-02,4.12,13.18,-1.75,81.82,2.81,2.99,60.39,-14.34538,-70.0321,4130
Crucero,2015-11-03,4.93,11.72,-0.53,80.32,0.46,2.92,60.46,-14.34538,-70.0321,4130
Crucero,2015-11-04,6.83,16.77,-0.52,66.58,2.15,1.68,60.59,-14.34538,-70.0321,4130
Crucero,2015-11-05,6.12,15.43,1.67,75.91,1.72,2.7,60.64,-14.34538,-70.0321,4130
Crucero,2015-11-06,6.11,15.05,0.59,74.92,0.16,2.77,60.65,-14.34538,-70.0321,4130
Crucero,2015-11-07,7.27,16.27,1.17,70.19,0.36,2.14,60.63,-14.34538,-70.0321,4130
Crucero,2015-11-08,6.67,15.03,1.76,72.27,2.7,2.33,60.62,-14.34538,-70.0321,4130
Crucero,2015-11-09,5.96,12.18,1.37,79.34,4.13,1.92,60.69,-14.34538,-70.0321,4130
Crucero,2015-11-10,7.19,14.49,2.68,76.93,2.88,2.27,60.71,-14.34538,-70.0321,4130
Crucero,2015-11-11,4.83,9.63,1.6,84.84,0.79,2.79,60.68,-14.34538,-70.0321,4130
Crucero,2015-11-12,5.78,12.4,0.78,77.76,3.12,3.07,60.65,-14.34538,-70.0321,4130
Crucero,2015-11-13,6.34,15.11,0.43,73.19,1.15,3.02,60.65,-14.34538,-70.0321,4130
Crucero,2015-11-14,6.19,15.1,-1.11,71.86,6.72,2.46,60.69,-14.34538,-70.0321,4130
Crucero,2015-11-15,6.16,11.71,1.74,75.75,1.1,1.11,60.67,-14.34538,-70.0321,4130
Crucero,2015-11-16,6.58,13.87,1.27,73.47,0.47,1.32,60.54,-14.34538,-70.0321,4130
Crucero,2015-11-17,7.16,14.79,0.13,68.53,0.42,2.55,60.5,-14.34538,-70.0321,4130
Crucero,2015-11-18,8.55,17.19,1.68,67.76,1.02,1.77,60.5,-14.34538,-70.0321,4130
Crucero,2015-11-19,8.81,19.06,0.34,52.03,0.24,1.93,60.53,-14.34538,-70.0321,4130
Crucero,2015-11-20,7.78,17.46,-0.38,65.11,0.19,3.03,60.53,-14.34538,-70.0321,4130
Crucero,2015-11-21,4.66,10.34,0.73,83.29,0.25,1.95,60.58,-14.34538,-70.0321,4130
Crucero,2015-11-22,8.25,17.88,0.74,69.0,0.0,2.55,60.67,-14.34538,-70.0321,4130
Crucero,2015-11-23,8.06,17.86,1.16,66.13,0.0,2.89,60.68,-14.34538,-70.0321,4130
Crucero,2015-11-24,8.01,17.35,-0.35,64.45,0.0,3.03,60.62,-14.34538,-70.0321,4130
Crucero,2015-11-25,8.11,16.89,1.65,64.12,0.0,2.85,60.67,-14.34538,-70.0321,4130
Crucero,2015-11-26,7.93,17.7,-0.39,58.91,0.15,2.54,60.72,-14.34538,-70.0321,4130
Crucero,2015-11-27,6.15,14.85,1.06,78.66,0.65,2.02,60.66,-14.34538,-70.0321,4130
Crucero,2015-11-28,7.93,16.08,1.7,73.16,0.07,2.01,60.56,-14.34538,-70.0321,4130
Crucero,2015-11-29,4.71,11.75,1.34,82.3,5.45,2.8,60.58,-14.34538,-70.0321,4130
Crucero,2015-11-30,4.8,11.52,0.81,79.61,1.17,2.61,60.63,-14.34538,-70.0321,4130
Crucero,2015-12-01,4.64,10.16,0.87,79.46,0.25,2.18,60.69,-14.34538,-70.0321,4130
Crucero,2015-12-02,5.82,13.97,-0.38,76.22,1.69,2.35,60.73,-14.34538,-70.0321,4130
Crucero,2015-12-03,6.43,16.28,-0.11,71.37,2.51,2.18,60.74,-14.34538,-70.0321,4130
Crucero,2015-12-04,6.65,14.58,0.83,70.56,11.38,2.0,60.73,-14.34538,-70.0321,4130
Crucero,2015-12-05,5.13,11.99,0.32,78.95,5.81,2.01,60.65,-14.34538,-70.0321,4130
Crucero,2015-12-06,6.63,12.27,2.71,75.26,1.09,1.38,60.61,-14.34538,-70.0321,4130
Crucero,2015-12-07,4.42,8.96,1.68,81.45,5.71,2.32,60.57,-14.34538,-70.0321,4130
Crucero,2015-12-08,5.93,12.29,0.53,73.39,0.98,1.78,60.6,-14.34538,-70.0321,4130
Crucero,2015-12-09,6.38,15.38,-0.51,71.0,0.38,2.2,60.68,-14.34538,-70.0321,4130
Crucero,2015-12-10,7.2,16.06,0.78,69.53,0.59,1.97,60.74,-14.34538,-70.0321,4130
Crucero,2015-12-11,8.19,17.17,1.3,64.89,0.7,1.61,60.74,-14.34538,-70.0321,4130
Crucero,2015-12-12,8.35,16.0,2.37,67.27,1.78,1.25,60.7,-14.34538,-70.0321,4130
Crucero,2015-12-13,9.5,17.71,2.88,61.44,0.24,2.33,60.67,-14.34538,-70.0321,4130
Crucero,2015-12-14,8.05,16.25,1.8,69.63,0.09,1.65,60.62,-14.34538,-70.0321,4130
Crucero,2015-12-15,7.96,16.16,1.06,68.03,0.01,3.18,60.64,-14.34538,-70.0321,4130
Crucero,2015-12-16,5.59,8.83,2.95,81.38,1.95,2.96,60.66,-14.34538,-70.0321,4130
Crucero,2015-12-17,6.61,14.29,2.07,77.59,2.69,1.92,60.56,-14.34538,-70.0321,4130
Crucero,2015-12-18,5.18,11.02,0.72,80.37,11.4,1.83,60.6,-14.34538,-70.0321,4130
Crucero,2015-12-19,6.18,11.32,2.22,82.87,2.39,2.55,60.65,-14.34538,-70.0321,4130
Crucero,2015-12-20,6.27,13.22,2.0,78.94,3.33,2.19,60.67,-14.34538,-70.0321,4130
Crucero,2015-12-21,4.84,10.55,1.16,81.12,6.5,2.01,60.6,-14.34538,-70.0321,4130
Crucero,2015-12-22,4.52,12.57,-0.3,76.15,7.37,2.36,60.57,-14.34538,-70.0321,4130
Crucero,2015-12-23,5.31,12.42,0.02,70.49,2.73,1.53,60.6,-14.34538,-70.0321,4130
Crucero,2015-12-24,5.18,13.24,1.15,81.6,4.41,2.09,60.68,-14.34538,-70.0321,4130
Crucero,2015-12-25,5.9,14.4,0.65,77.13,8.59,2.36,60.74,-14.34538,-70.0321,4130
Crucero,2015-12-26,4.86,10.57,0.4,80.36,7.45,1.22,60.66,-14.34538,-70.0321,4130
Crucero,2015-12-27,5.96,11.11,2.07,78.34,1.62,1.23,60.56,-14.34538,-70.0321,4130
Crucero,2015-12-28,6.16,14.88,1.3,77.0,1.7,1.79,60.59,-14.34538,-70.0321,4130
Crucero,2015-12-29,6.38,12.68,1.24,74.39,0.05,1.87,60.77,-14.34538,-70.0321,4130
Crucero,2015-12-30,6.95,15.65,0.2,71.54,0.84,1.93,60.77,-14.34538,-70.0321,4130
Crucero,2015-12-31,8.0,15.52,1.5,68.5,0.03,2.19,60.62,-14.34538,-70.0321,4130
Crucero,2016-01-01,6.82,13.46,0.36,65.33,3.23,2.15,60.6,-14.34538,-70.0321,4130
Crucero,2016-01-02,3.52,5.59,1.61,85.76,5.31,1.02,60.65,-14.34538,-70.0321,4130
Crucero,2016-01-03,6.09,12.31,0.61,77.12,1.2,1.83,60.6,-14.34538,-70.0321,4130
Crucero,2016-01-04,7.46,15.6,0.8,71.59,0.67,1.39,60.63,-14.34538,-70.0321,4130
Crucero,2016-01-05,5.49,12.43,1.32,80.42,0.98,1.3,60.72,-14.34538,-70.0321,4130
Crucero,2016-01-06,6.24,13.2,0.45,73.46,0.87,1.84,60.78,-14.34538,-70.0321,4130
Crucero,2016-01-07,6.94,14.51,-0.83,67.18,1.69,0.94,60.69,-14.34538,-70.0321,4130
Crucero,2016-01-08,7.43,13.56,1.43,71.19,0.9,1.67,60.62,-14.34538,-70.0321,4130
Crucero,2016-01-09,8.02,15.08,2.85,76.64,3.85,1.79,60.61,-14.34538,-70.0321,4130
Crucero,2016-01-10,5.36,10.66,2.08,82.43,15.17,1.85,60.64,-14.34538,-70.0321,4130
Crucero,2016-01-11,5.22,12.01,0.8,86.7,10.92,2.27,60.62,-14.34538,-70.0321,4130
Crucero,2016-01-12,6.03,14.08,0.9,80.09,3.64,2.12,60.63,-14.34538,-70.0321,4130
Crucero,2016-01-13,6.81,14.91,1.12,74.46,1.82,2.15,60.66,-14.34538,-70.0321,4130
Crucero,2016-01-14,6.42,14.63,0.07,63.7,2.11,1.62,60.66,-14.34538,-70.0321,4130
Crucero,2016-01-15,7.08,14.06,0.09,59.79,2.3,1.48,60.65,-14.34538,-70.0321,4130
Crucero,2016-01-16,7.08,13.48,2.45,80.04,1.4,1.92,60.68,-14.34538,-70.0321,4130
Crucero,2016-01-17,6.49,12.59,1.61,82.49,7.35,1.88,60.69,-14.34538,-70.0321,4130
Crucero,2016-01-18,6.73,13.93,2.3,81.04,5.12,1.72,60.71,-14.34538,-70.0321,4130
Crucero,2016-01-19,6.42,11.74,2.54,82.68,2.28,2.19,60.74,-14.34538,-70.0321,4130
Crucero,2016-01-20,7.89,14.67,2.8,82.05,2.27,2.39,60.72,-14.34538,-70.0321,4130
Crucero,2016-01-21,7.8,15.48,0.85,75.79,0.49,3.04,60.77,-14.34538,-70.0321,4130
Crucero,2016-01-22,6.94,16.87,-1.93,60.58,0.03,2.33,60.81,-14.34538,-70.0321,4130
Crucero,2016-01-23,7.07,15.31,-0.39,59.74,0.01,2.44,60.83,-14.34538,-70.0321,4130
Crucero,2016-01-24,8.15,18.04,-2.77,57.26,0.0,1.43,60.73,-14.34538,-70.0321,4130
Crucero,2016-01-25,8.37,13.62,4.76,78.32,0.52,1.48,60.72,-14.34538,-70.0321,4130
Crucero,2016-01-26,6.7,14.43,3.04,82.14,0.47,3.36,60.69,-14.34538,-70.0321,4130
Crucero,2016-01-27,8.13,16.17,1.39,73.85,0.3,2.28,60.67,-14.34538,-70.0321,4130
Crucero,2016-01-28,7.12,12.92,1.85,80.67,2.05,2.29,60.66,-14.34538,-70.0321,4130
Crucero,2016-01-29,8.35,14.96,2.79,75.93,0.81,1.51,60.63,-14.34538,-70.0321,4130
Crucero,2016-01-30,7.53,13.96,2.18,77.3,2.38,2.0,60.59,-14.34538,-70.0321,4130
Crucero,2016-01-31,6.09,10.62,2.1,82.18,11.48,1.1,60.67,-14.34538,-70.0321,4130
Crucero,2016-02-01,4.08,7.61,1.29,88.81,10.58,2.68,60.68,-14.34538,-70.0321,4130
Crucero,2016-02-02,5.29,12.51,1.47,82.85,5.64,1.14,60.61,-14.34538,-70.0321,4130
Crucero,2016-02-03,4.05,11.13,0.24,85.63,4.88,2.44,60.58,-14.34538,-70.0321,4130
Crucero,2016-02-04,5.87,14.03,-1.79,76.62,3.53,1.95,60.59,-14.34538,-70.0321,4130
Crucero,2016-02-05,6.57,13.14,0.61,71.31,2.02,1.73,60.67,-14.34538,-70.0321,4130
Crucero,2016-02-06,5.72,10.76,1.87,86.54,7.43,2.4,60.74,-14.34538,-70.0321,4130
Crucero,2016-02-07,6.46,11.74,2.05,84.55,7.99,2.78,60.76,-14.34538,-70.0321,4130
Crucero,2016-02-08,6.66,13.6,1.86,83.41,2.83,2.23,60.76,-14.34538,-70.0321,4130
Crucero,2016-02-09,6.17,14.71,0.61,80.54,2.94,2.64,60.82,-14.34538,-70.0321,4130
Crucero,2016-02-10,6.42,13.46,0.87,80.65,6.64,2.23,60.83,-14.34538,-70.0321,4130
Crucero,2016-02-11,7.4,13.8,1.59,79.67,0.56,2.54,60.78,-14.34538,-70.0321,4130
Crucero,2016-02-12,8.02,14.1,3.72,82.35,6.41,1.88,60.71,-14.34538,-70.0321,4130
Crucero,2016-02-13,8.73,16.01,3.8,77.54,0.94,2.22,60.7,-14.34538,-70.0321,4130
Crucero,2016-02-14,8.96,15.98,3.56,74.4,0.0,2.67,60.68,-14.34538,-70.0321,4130
Crucero,2016-02-15,7.25,11.27,3.62,82.1,2.55,2.63,60.67,-14.34538,-70.0321,4130
Crucero,2016-02-16,6.9,12.79,1.82,76.18,8.52,1.9,60.68,-14.34538,-70.0321,4130
Crucero,2016-02-17,7.4,13.84,3.58,82.88,3.41,1.5,60.65,-14.34538,-70.0321,4130
Crucero,2016-02-18,5.92,12.52,1.64,85.42,0.88,2.48,60.74,-14.34538,-70.0321,4130
Crucero,2016-02-19,6.38,14.85,1.75,81.59,10.06,1.79,60.75,-14.34538,-70.0321,4130
Crucero,2016-02-20,7.17,13.93,1.74,83.31,4.29,3.03,60.64,-14.34538,-70.0321,4130
Crucero,2016-02-21,7.74,14.33,2.74,82.03,4.26,2.04,60.57,-14.34538,-70.0321,4130
Crucero,2016-02-22,6.85,13.28,2.24,82.91,6.73,2.29,60.57,-14.34538,-70.0321,4130
Crucero,2016-02-23,6.35,11.82,3.0,85.91,1.99,2.26,60.7,-14.34538,-70.0321,4130
Crucero,2016-02-24,6.33,13.88,1.84,85.99,18.62,1.82,60.72,-14.34538,-70.0321,4130
Crucero,2016-02-25,4.64,9.22,1.22,89.73,9.56,1.16,60.68,-14.34538,-70.0321,4130
Crucero,2016-02-26,5.57,12.02,1.55,85.07,5.51,2.45,60.58,-14.34538,-70.0321,4130
Crucero,2016-02-27,6.28,12.02,1.36,84.81,13.0,1.56,60.62,-14.34538,-70.0321,4130
Crucero,2016-02-28,8.44,15.48,2.83,78.12,4.8,1.71,60.73,-14.34538,-70.0321,4130
Crucero,2016-02-29,7.46,13.6,2.96,84.6,4.45,2.3,60.81,-14.34538,-70.0321,4130
Crucero,2016-03-01,8.15,13.97,3.75,81.97,0.5,1.67,60.83,-14.34538,-70.0321,4130
Crucero,2016-03-02,7.57,15.71,2.31,78.07,0.09,2.31,60.84,-14.34538,-70.0321,4130
Crucero,2016-03-03,8.25,15.59,1.74,78.08,0.0,2.0,60.82,-14.34538,-70.0321,4130
Crucero,2016-03-04,7.97,15.02,0.0,74.84,0.16,1.72,60.75,-14.34538,-70.0321,4130
Crucero,2016-03-05,8.82,14.9,2.99,78.75,8.83,1.24,60.73,-14.34538,-70.0321,4130
Crucero,2016-03-06,8.12,14.99,2.99,74.21,2.2,1.87,60.75,-14.34538,-70.0321,4130
Crucero,2016-03-07,6.86,12.47,3.55,85.14,0.7,1.96,60.75,-14.34538,-70.0321,4130
Crucero,2016-03-08,6.26,13.85,1.87,83.12,7.28,1.19,60.73,-14.34538,-70.0321,4130
Crucero,2016-03-09,6.85,15.34,1.74,80.17,7.41,1.56,60.69,-14.34538,-70.0321,4130
Crucero,2016-03-10,3.28,7.21,1.7,93.12,3.23,1.81,60.77,-14.34538,-70.0321,4130
Crucero,2016-03-11,6.96,14.66,0.44,79.29,0.9,1.43,60.74,-14.34538,-70.0321,4130
Crucero,2016-03-12,6.37,11.45,2.9,85.7,2.0,1.58,60.75,-14.34538,-70.0321,4130
Crucero,2016-03-13,6.18,12.75,0.7,83.09,10.1,2.35,60.79,-14.34538,-70.0321,4130
Crucero,2016-03-14,5.47,14.02,-2.1,80.92,0.61,2.53,60.83,-14.34538,-70.0321,4130
Crucero,2016-03-15,6.19,14.6,-1.12,72.72,0.0,2.25,60.87,-14.34538,-70.0321,4130
Crucero,2016-03-16,6.45,14.5,-1.56,70.06,0.0,2.06,60.89,-14.34538,-70.0321,4130
Crucero,2016-03-17,6.6,15.07,-1.74,66.61,0.0,1.55,60.84,-14.34538,-70.0321,4130
Crucero,2016-03-18,8.16,15.48,2.22,73.62,0.03,1.96,60.78,-14.34538,-70.0321,4130
Crucero,2016-03-19,7.13,13.99,2.97,81.08,0.61,2.51,60.8,-14.34538,-70.0321,4130
Crucero,2016-03-20,6.96,13.88,1.44,79.14,0.24,2.15,60.84,-14.34538,-70.0321,4130
Crucero,2016-03-21,8.39,14.96,2.64,78.68,2.38,1.9,60.86,-14.34538,-70.0321,4130
Crucero,2016-03-22,8.45,15.64,2.92,77.72,1.78,2.68,60.89,-14.34538,-70.0321,4130
Crucero,2016-03-23,5.41,11.48,1.18,84.29,8.54,1.61,60.84,-14.34538,-70.0321,4130
Crucero,2016-03-24,8.53,17.19,0.27,71.15,1.7,1.5,60.7,-14.34538,-70.0321,4130
Crucero,2016-03-25,7.35,14.56,1.02,80.8,2.87,1.35,60.7,-14.34538,-70.0321,4130
Crucero,2016-03-26,5.31,11.85,1.06,83.56,0.71,1.1,60.85,-14.34538,-70.0321,4130
Crucero,2016-03-27,6.23,13.86,1.97,81.95,0.72,0.76,60.87,-14.34538,-70.0321,4130
Crucero,2016-03-28,7.76,14.74,2.11,77.14,0.47,1.56,60.81,-14.34538,-70.0321,4130
Crucero,2016-03-29,6.88,12.83,2.8,82.38,2.96,1.43,60.85,-14.34538,-70.0321,4130
Crucero,2016-03-30,5.95,13.46,2.15,84.75,0.15,2.1,60.87,-14.34538,-70.0321,4130
Crucero,2016-03-31,7.25,15.19,0.8,75.12,0.0,1.88,60.9,-14.34538,-70.0321,4130
Crucero,2016-04-01,7.4,14.44,1.52,76.41,0.0,2.24,60.87,-14.34538,-70.0321,4130
Crucero,2016-04-02,5.79,11.71,1.2,81.28,0.0,1.52,60.78,-14.34538,-70.0321,4130
Crucero,2016-04-03,6.35,12.16,3.29,84.87,0.0,1.92,60.78,-14.34538,-70.0321,4130
Crucero,2016-04-04,5.04,13.06,1.21,85.99,4.53,2.45,60.85,-14.34538,-70.0321,4130
Crucero,2016-04-05,5.67,13.67,-0.2,82.96,7.45,1.9,60.83,-14.34538,-70.0321,4130
Crucero,2016-04-06,4.7,11.75,0.92,83.54,2.8,1.62,60.8,-14.34538,-70.0321,4130
Crucero,2016-04-07,5.34,12.24,0.83,82.24,13.5,1.87,60.79,-14.34538,-70.0321,4130
Crucero,2016-04-08,4.89,10.56,0.73,84.41,4.72,1.36,60.77,-14.34538,-70.0321,4130
Crucero,2016-04-09,4.3,8.82,0.81,85.56,6.26,1.1,60.79,-14.34538,-70.0321,4130
Crucero,2016-04-10,6.28,13.41,0.34,82.22,2.27,1.13,60.74,-14.34538,-70.0321,4130
Crucero,2016-04-11,3.92,9.98,0.97,88.51,6.47,1.31,60.72,-14.34538,-70.0321,4130
Crucero,2016-04-12,5.01,12.49,-0.09,83.89,1.09,1.5,60.76,-14.34538,-70.0321,4130
Crucero,2016-04-13,6.65,14.27,0.5,78.14,0.0,1.29,60.73,-14.34538,-70.0321,4130
Crucero,2016-04-14,7.26,14.13,2.64,80.14,0.3,1.96,60.7,-14.34538,-70.0321,4130
Crucero,2016-04-15,5.91,10.72,1.75,84.65,6.05,1.88,60.68,-14.34538,-70.0321,4130
Crucero,2016-04-16,6.98,13.33,2.79,82.45,0.45,1.91,60.7,-14.34538,-70.0321,4130
Crucero,2016-04-17,6.29,12.51,2.84,83.01,2.07,2.34,60.84,-14.34538,-70.0321,4130
Crucero,2016-04-18,6.0,13.53,0.79,76.38,0.15,2.11,60.85,-14.34538,-70.0321,4130
Crucero,2016-04-19,5.61,12.17,0.94,82.41,5.21,1.91,60.76,-14.34538,-70.0321,4130
Crucero,2016-04-20,3.39,7.75,1.18,90.09,2.0,1.38,60.72,-14.34538,-70.0321,4130
Crucero,2016-04-21,4.53,10.09,0.75,84.62,0.9,1.39,60.8,-14.34538,-70.0321,4130
Crucero,2016-04-22,4.3,10.05,1.02,84.93,0.75,0.99,60.84,-14.34538,-70.0321,4130
Crucero,2016-04-23,6.4,14.02,-1.53,67.76,0.12,1.32,60.77,-14.34538,-70.0321,4130
Crucero,2016-04-24,5.88,15.04,-1.89,60.32,0.16,1.51,60.68,-14.34538,-70.0321,4130
Crucero,2016-04-25,5.68,15.04,-2.59,61.75,2.52,1.39,60.6,-14.34538,-70.0321,4130
Crucero,2016-04-26,6.07,15.3,-1.96,61.51,1.74,1.65,60.6,-14.34538,-70.0321,4130
Crucero,2016-04-27,3.87,12.54,-1.14,67.56,3.25,1.36,60.67,-14.34538,-70.0321,4130
Crucero,2016-04-28,4.65,14.76,-3.84,51.12,0.0,2.06,60.68,-14.34538,-70.0321,4130
Crucero,2016-04-29,5.27,15.38,-3.04,62.45,0.0,1.49,60.68,-14.34538,-70.0321,4130
Crucero,2016-04-30,5.55,14.56,-2.72,73.93,0.0,1.02,60.66,-14.34538,-70.0321,4130
Crucero,2016-05-01,5.52,14.57,-3.06,68.91,0.0,1.69,60.69,-14.34538,-70.0321,4130
Crucero,2016-05-02,4.79,14.06,-2.3,70.97,0.0,1.68,60.77,-14.34538,-70.0321,4130
Crucero,2016-05-03,4.28,12.53,-1.85,71.4,0.0,2.05,60.8,-14.34538,-70.0321,4130
Crucero,2016-05-04,4.41,12.5,-1.35,73.41,0.0,1.48,60.75,-14.34538,-70.0321,4130
Crucero,2016-05-05,4.89,13.77,-3.14,71.87,0.0,1.49,60.73,-14.34538,-70.0321,4130
Crucero,2016-05-06,5.56,13.65,-1.59,73.69,0.0,1.28,60.75,-14.34538,-70.0321,4130
Crucero,2016-05-07,4.34,11.33,-1.2,68.71,0.27,0.96,60.75,-14.34538,-70.0321,4130
Crucero,2016-05-08,2.73,7.87,-0.29,88.58,0.91,1.92,60.67,-14.34538,-70.0321,4130
Crucero,2016-05-09,3.87,11.9,-3.66,73.97,0.1,1.86,60.69,-14.34538,-70.0321,4130
Crucero,2016-05-10,4.53,12.65,-1.77,76.37,0.34,1.47,60.73,-14.34538,-70.0321,4130
Crucero,2016-05-11,4.51,10.27,0.33,79.68,1.47,1.73,60.79,-14.34538,-70.0321,4130
Crucero,2016-05-12,3.74,12.31,-1.14,85.58,0.41,1.51,60.83,-14.34538,-70.0321,4130
Crucero,2016-05-13,2.67,7.55,-1.02,86.0,0.01,1.65,60.9,-14.34538,-70.0321,4130
Crucero,2016-05-14,3.18,9.42,-1.54,83.94,0.0,1.15,60.9,-14.34538,-70.0321,4130
Crucero,2016-05-15,5.45,13.31,-1.63,78.43,0.0,1.23,60.87,-14.34538,-70.0321,4130
Crucero,2016-05-16,5.63,11.23,1.87,83.1,0.06,1.41,60.87,-14.34538,-70.0321,4130
Crucero,2016-05-17,5.9,14.22,0.54,66.87,0.26,1.45,60.8,-14.34538,-70.0321,4130
Crucero,2016-05-18,5.86,14.43,-1.05,57.21,0.05,1.46,60.74,-14.34538,-70.0321,4130
Crucero,2016-05-19,4.69,13.46,-3.13,49.69,0.0,1.39,60.75,-14.34538,-70.0321,4130
Crucero,2016-05-20,5.07,13.25,-1.55,65.27,0.0,1.35,60.83,-14.34538,-70.0321,4130
Crucero,2016-05-21,5.0,12.96,-1.33,76.05,0.04,1.5,60.9,-14.34538,-70.0321,4130
Crucero,2016-05-22,4.16,12.38,-1.93,79.49,0.02,1.7,60.9,-14.34538,-70.0321,4130
Crucero,2016-05-23,4.89,12.79,-1.36,72.09,0.01,2.06,60.95,-14.34538,-70.0321,4130
Crucero,2016-05-24,5.35,13.65,-1.57,72.02,1.63,1.32,60.98,-14.34538,-70.0321,4130
Crucero,2016-05-25,4.53,13.02,-2.53,71.83,1.53,1.31,60.9,-14.34538,-70.0321,4130
Crucero,2016-05-26,3.75,13.47,-4.51,61.83,0.0,1.59,60.76,-14.34538,-70.0321,4130
Crucero,2016-05-27,4.83,13.44,-3.01,72.5,0.06,1.63,60.71,-14.34538,-70.0321,4130
Crucero,2016-05-28,4.35,13.85,-3.03,60.3,0.0,1.88,60.76,-14.34538,-70.0321,4130
Crucero,2016-05-29,2.4,13.53,-5.5,44.27,0.0,2.1,60.74,-14.34538,-70.0321,4130
Crucero,2016-05-30,2.72,13.3,-5.51,40.55,0.0,1.8,60.65,-14.34538,-70.0321,4130
Crucero,2016-05-31,4.21,13.79,-3.34,66.9,0.1,1.81,60.59,-14.34538,-70.0321,4130
Crucero,2016-06-01,4.91,14.04,-1.92,57.71,0.33,1.76,60.67,-14.34538,-70.0321,4130
Crucero,2016-06-02,4.95,14.15,-2.72,46.48,0.35,1.33,60.68,-14.34538,-70.0321,4130
Crucero,2016-06-03,4.48,13.85,-2.76,65.82,0.79,1.76,60.7,-14.34538,-70.0321,4130
Crucero,2016-06-04,5.21,14.14,-1.44,70.98,0.32,1.81,60.65,-14.34538,-70.0321,4130
Crucero,2016-06-05,5.22,12.55,0.0,77.58,0.02,1.41,60.68,-14.34538,-70.0321,4130
Crucero,2016-06-06,5.26,12.31,-0.53,77.0,0.79,1.47,60.78,-14.34538,-70.0321,4130
Crucero,2016-06-07,4.99,13.24,-0.63,73.19,1.02,1.57,60.84,-14.34538,-70.0321,4130
Crucero,2016-06-08,2.35,7.28,-0.49,82.23,0.3,1.33,60.88,-14.34538,-70.0321,4130
Crucero,2016-06-09,5.06,13.22,-1.47,67.05,0.01,0.94,60.81,-14.34538,-70.0321,4130
Crucero,2016-06-10,4.45,12.99,-2.63,63.54,0.0,1.66,60.92,-14.34538,-70.0321,4130
Crucero,2016-06-11,5.44,13.83,-0.09,73.13,0.0,1.59,60.9,-14.34538,-70.0321,4130
Crucero,2016-06-12,4.67,12.75,-0.93,72.66,0.0,1.37,60.9,-14.34538,-70.0321,4130
Crucero,2016-06-13,4.83,12.75,-1.43,72.1,0.0,1.28,60.9,-14.34538,-70.0321,4130
Crucero,2016-06-14,3.73,12.88,-3.41,68.19,0.0,1.65,60.93,-14.34538,-70.0321,4130
Crucero,2016-06-15,2.77,12.55,-3.1,50.99,0.0,1.58,61.02,-14.34538,-70.0321,4130
Crucero,2016-06-16,3.27,12.99,-3.48,57.43,0.0,1.16,60.89,-14.34538,-70.0321,4130
Crucero,2016-06-17,2.99,12.92,-3.92,67.28,0.0,1.56,60.76,-14.34538,-70.0321,4130
Crucero,2016-06-18,2.97,12.75,-3.25,67.43,0.0,1.53,60.7,-14.34538,-70.0321,4130
Crucero,2016-06-19,3.18,12.67,-4.19,69.6,0.0,1.84,60.7,-14.34538,-70.0321,4130
Crucero,2016-06-20,3.15,11.17,-3.25,77.65,0.0,1.66,60.72,-14.34538,-70.0321,4130
Crucero,2016-06-21,4.36,12.88,-1.19,63.22,0.0,1.72,60.74,-14.34538,-70.0321,4130
Crucero,2016-06-22,3.32,13.19,-4.01,55.0,0.0,1.42,60.73,-14.34538,-70.0321,4130
Crucero,2016-06-23,3.6,12.89,-3.96,57.61,0.0,1.02,60.71,-14.34538,-70.0321,4130
Crucero,2016-06-24,3.07,12.35,-4.03,68.77,0.0,2.03,60.65,-14.34538,-70.0321,4130
Crucero,2016-06-25,2.79,10.66,-3.69,78.21,0.0,2.29,60.57,-14.34538,-70.0321,4130
Crucero,2016-06-26,3.84,11.72,-1.54,79.37,0.0,2.13,60.61,-14.34538,-70.0321,4130
Crucero,2016-06-27,3.17,9.99,-1.83,79.74,0.0,2.75,60.72,-14.34538,-70.0321,4130
Crucero,2016-06-28,2.16,9.27,-3.62,78.37,0.0,2.71,60.76,-14.34538,-70.0321,4130
Crucero,2016-06-29,3.05,11.98,-4.19,67.89,0.0,1.91,60.76,-14.34538,-70.0321,4130
Crucero,2016-06-30,3.72,13.04,-4.05,67.26,0.0,1.16,60.78,-14.34538,-70.0321,4130
Crucero,2016-07-01,3.87,12.36,-2.38,70.05,0.0,1.94,60.81,-14.34538,-70.0321,4130
Crucero,2016-07-02,3.04,11.73,-4.16,74.14,0.0,1.66,60.84,-14.34538,-70.0321,4130
Crucero,2016-07-03,2.87,12.51,-4.25,70.01,0.0,2.28,60.8,-14.34538,-70.0321,4130
Crucero,2016-07-04,2.7,11.97,-4.71,73.38,0.0,2.82,60.73,-14.34538,-70.0321,4130
Crucero,2016-07-05,3.54,12.31,-4.06,72.4,0.0,2.18,60.73,-14.34538,-70.0321,4130
Crucero,2016-07-06,2.15,7.61,-1.88,86.58,0.26,1.36,60.78,-14.34538,-70.0321,4130
Crucero,2016-07-07,1.69,4.19,-1.15,94.23,29.14,3.56,60.71,-14.34538,-70.0321,4130
Crucero,2016-07-08,1.41,8.46,-4.07,81.62,0.51,2.64,60.8,-14.34538,-70.0321,4130
Crucero,2016-07-09,2.45,10.47,-4.11,75.87,0.0,1.1,60.83,-14.34538,-70.0321,4130
Crucero,2016-07-10,3.3,12.13,-4.03,70.43,0.0,1.22,60.75,-14.34538,-70.0321,4130
Crucero,2016-07-11,3.69,12.99,-3.9,63.93,0.0,1.08,60.71,-14.34538,-70.0321,4130
Crucero,2016-07-12,4.0,13.35,-3.72,58.16,0.0,1.35,60.69,-14.34538,-70.0321,4130
Crucero,2016-07-13,3.44,8.74,0.66,83.49,0.13,0.89,60.72,-14.34538,-70.0321,4130
Crucero,2016-07-14,4.93,12.9,-0.94,67.65,0.06,1.34,60.74,-14.34538,-70.0321,4130
Crucero,2016-07-15,5.5,13.94,-0.32,70.24,0.04,1.65,60.69,-14.34538,-70.0321,4130
Crucero,2016-07-16,1.87,7.83,-1.96,72.42,0.73,1.41,60.76,-14.34538,-70.0321,4130
Crucero,2016-07-17,2.86,9.7,-1.68,82.62,0.43,1.8,60.76,-14.34538,-70.0321,4130
Crucero,2016-07-18,5.15,12.8,-1.5,69.83,0.0,1.58,60.72,-14.34538,-70.0321,4130
Crucero,2016-07-19,4.54,12.36,-2.81,71.82,0.0,1.11,60.75,-14.34538,-70.0321,4130
Crucero,2016-07-20,3.89,12.37,-3.76,74.53,0.0,1.48,60.81,-14.34538,-70.0321,4130
Crucero,2016-07-21,4.32,13.23,-2.98,70.14,0.0,1.41,60.82,-14.34538,-70.0321,4130
Crucero,2016-07-22,4.26,13.27,-2.91,68.3,0.0,1.37,60.76,-14.34538,-70.0321,4130
Crucero,2016-07-23,3.7,13.41,-3.89,70.75,0.0,1.54,60.69,-14.34538,-70.0321,4130
Crucero,2016-07-24,3.97,13.46,-3.87,72.2,0.0,1.95,60.68,-14.34538,-70.0321,4130
Crucero,2016-07-25,4.51,15.01,-3.35,66.45,0.0,1.41,60.69,-14.34538,-70.0321,4130
Crucero,2016-07-26,5.05,14.18,-2.08,54.12,0.0,2.39,60.7,-14.34538,-70.0321,4130
Crucero,2016-07-27,4.54,12.44,-1.63,74.19,0.0,1.23,60.77,-14.34538,-70.0321,4130
Crucero,2016-07-28,4.33,13.5,-3.5,71.1,0.0,1.76,60.75,-14.34538,-70.0321,4130
Crucero,2016-07-29,3.78,13.36,-3.65,71.91,0.0,1.98,60.73,-14.34538,-70.0321,4130
Crucero,2016-07-30,2.51,12.48,-4.33,69.33,0.0,2.34,60.72,-14.34538,-70.0321,4130
Crucero,2016-07-31,2.96,13.66,-4.94,60.35,0.0,1.82,60.73,-14.34538,-70.0321,4130
Crucero,2016-08-01,2.92,12.46,-4.37,69.88,0.0,2.49,60.78,-14.34538,-70.0321,4130
Crucero,2016-08-02,3.4,12.43,-3.83,71.93,0.0,2.17,60.83,-14.34538,-70.0321,4130
Crucero,2016-08-03,4.03,13.02,-3.31,69.28,0.0,1.22,60.79,-14.34538,-70.0321,4130
Crucero,2016-08-04,3.88,13.15,-4.21,68.08,0.0,1.69,60.76,-14.34538,-70.0321,4130
Crucero,2016-08-05,4.25,14.51,-4.41,67.91,0.0,2.38,60.75,-14.34538,-70.0321,4130
Crucero,2016-08-06,5.04,15.02,-4.43,74.04,0.16,3.59,60.72,-14.34538,-70.0321,4130
Crucero,2016-08-07,6.09,13.96,0.58,77.54,6.53,2.74,60.73,-14.34538,-70.0321,4130
Crucero,2016-08-08,5.48,12.99,0.53,76.36,2.62,2.23,60.66,-14.34538,-70.0321,4130
Crucero,2016-08-09,4.64,12.76,0.27,78.46,0.79,2.65,60.65,-14.34538,-70.0321,4130
Crucero,2016-08-10,1.32,5.37,-1.07,85.66,0.24,1.77,60.75,-14.34538,-70.0321,4130
Crucero,2016-08-11,3.97,10.99,-1.99,70.52,0.0,0.75,60.7,-14.34538,-70.0321,4130
Crucero,2016-08-12,4.03,12.93,-3.32,64.03,0.0,1.5,60.68,-14.34538,-70.0321,4130
Crucero,2016-08-13,3.47,10.22,-2.38,70.6,0.0,1.48,60.67,-14.34538,-70.0321,4130
Crucero,2016-08-14,4.53,13.49,-3.61,62.12,0.0,1.41,60.68,-14.34538,-70.0321,4130
Crucero,2016-08-15,5.77,14.94,-1.43,66.62,0.0,1.56,60.68,-14.34538,-70.0321,4130
Crucero,2016-08-16,5.41,13.53,-0.25,72.24,0.0,1.26,60.73,-14.34538,-70.0321,4130
Crucero,2016-08-17,4.53,12.56,-1.24,70.76,0.14,2.09,60.78,-14.34538,-70.0321,4130
Crucero,2016-08-18,4.43,10.38,0.64,76.55,0.29,2.8,60.72,-14.34538,-70.0321,4130
Crucero,2016-08-19,2.48,8.85,-1.12,75.12,0.79,2.05,60.64,-14.34538,-70.0321,4130
Crucero,2016-08-20,2.57,9.22,-2.57,65.54,0.41,1.52,60.71,-14.34538,-70.0321,4130
Crucero,2016-08-21,3.12,10.53,-3.54,77.81,0.81,3.2,60.82,-14.34538,-70.0321,4130
Crucero,2016-08-22,4.2,12.3,-0.88,79.5,0.03,1.67,60.82,-14.34538,-70.0321,4130
Crucero,2016-08-23,4.87,14.17,-2.8,71.07,0.0,1.5,60.76,-14.34538,-70.0321,4130
Crucero,2016-08-24,4.52,11.88,0.02,74.76,0.0,1.3,60.74,-14.34538,-70.0321,4130
Crucero,2016-08-25,4.1,13.08,-2.14,74.09,0.01,2.01,60.71,-14.34538,-70.0321,4130
Crucero,2016-08-26,4.5,12.16,-1.43,74.0,0.0,1.81,60.69,-14.34538,-70.0321,4130
Crucero,2016-08-27,4.24,11.63,-0.09,73.55,0.0,2.37,60.65,-14.34538,-70.0321,4130
Crucero,2016-08-28,3.85,13.91,-4.7,52.71,0.0,2.03,60.57,-14.34538,-70.0321,4130
Crucero,2016-08-29,3.01,14.61,-6.72,35.77,0.08,2.54,60.62,-14.34538,-70.0321,4130
Crucero,2016-08-30,3.9,14.59,-5.64,52.58,0.05,1.99,60.63,-14.34538,-70.0321,4130
Crucero,2016-08-31,4.11,14.35,-4.04,59.92,0.0,1.77,60.67,-14.34538,-70.0321,4130
Crucero,2016-09-01,3.98,13.59,-3.32,72.2,0.0,2.43,60.72,-14.34538,-70.0321,4130
Crucero,2016-09-02,2.88,7.13,-0.29,82.72,0.81,2.45,60.67,-14.34538,-70.0321,4130
Crucero,2016-09-03,3.67,11.58,-1.49,73.34,0.75,2.86,60.61,-14.34538,-70.0321,4130
Crucero,2016-09-04,2.91,9.91,-1.57,78.99,0.56,1.41,60.57,-14.34538,-70.0321,4130
Crucero,2016-09-05,4.15,14.52,-3.73,64.77,0.04,1.96,60.69,-14.34538,-70.0321,4130
Crucero,2016-09-06,4.54,13.97,-4.14,66.31,0.0,1.44,60.8,-14.34538,-70.0321,4130
Crucero,2016-09-07,6.02,15.29,-2.89,63.65,0.0,1.56,60.8,-14.34538,-70.0321,4130
Crucero,2016-09-08,6.15,15.78,-0.76,59.34,0.0,1.34,60.73,-14.34538,-70.0321,4130
Crucero,2016-09-09,5.32,15.32,-3.13,55.9,0.0,1.72,60.77,-14.34538,-70.0321,4130
Crucero,2016-09-10,5.63,14.91,-1.96,67.73,0.0,2.43,60.93,-14.34538,-70.0321,4130
Crucero,2016-09-11,5.6,15.71,-3.67,66.52,0.0,2.3,60.89,-14.34538,-70.0321,4130
Crucero,2016-09-12,6.84,17.64,-3.11,66.11,0.0,2.46,60.73,-14.34538,-70.0321,4130
Crucero,2016-09-13,6.34,17.51,-2.86,68.12,0.0,3.39,60.75,-14.34538,-70.0321,4130
Crucero,2016-09-14,6.9,16.28,-0.77,67.31,0.0,2.55,60.86,-14.34538,-70.0321,4130
Crucero,2016-09-15,5.94,13.22,0.31,75.07,0.0,2.26,60.82,-14.34538,-70.0321,4130
Crucero,2016-09-16,5.99,15.55,-2.12,67.56,0.0,2.7,60.79,-14.34538,-70.0321,4130
Crucero,2016-09-17,6.11,13.82,1.67,73.15,0.0,2.48,60.78,-14.34538,-70.0321,4130
Crucero,2016-09-18,5.67,14.62,-0.11,68.48,0.04,2.97,60.8,-14.34538,-70.0321,4130
Crucero,2016-09-19,3.95,10.53,-2.3,67.35,4.63,3.17,60.82,-14.34538,-70.0321,4130
Crucero,2016-09-20,4.35,12.09,-0.13,74.59,1.01,1.75,60.71,-14.34538,-70.0321,4130
Crucero,2016-09-21,4.34,11.61,-1.12,71.88,0.0,2.49,60.67,-14.34538,-70.0321,4130
Crucero,2016-09-22,5.14,12.21,0.77,74.07,0.0,2.22,60.69,-14.34538,-70.0321,4130
Crucero,2016-09-23,5.45,13.2,1.15,73.12,2.36,3.59,60.83,-14.34538,-70.0321,4130
Crucero,2016-09-24,5.57,13.53,0.26,70.59,1.43,1.68,60.82,-14.34538,-70.0321,4130
Crucero,2016-09-25,4.77,11.81,0.96,76.0,0.9,1.32,60.7,-14.34538,-70.0321,4130
Crucero,2016-09-26,5.02,10.53,0.99,74.25,0.36,0.94,60.66,-14.34538,-70.0321,4130
Crucero,2016-09-27,6.23,14.7,0.26,69.9,0.83,2.46,60.68,-14.34538,-70.0321,4130
Crucero,2016-09-28,5.15,12.88,0.87,76.37,0.0,2.07,60.75,-14.34538,-70.0321,4130
Crucero,2016-09-29,6.21,14.72,0.5,71.01,0.0,1.1,60.7,-14.34538,-70.0321,4130
Crucero,2016-09-30,8.12,17.01,0.59,62.47,0.11,2.11,60.57,-14.34538,-70.0321,4130
Crucero,2016-10-01,5.72,12.59,1.63,77.25,3.68,4.02,60.61,-14.34538,-70.0321,4130
Crucero,2016-10-02,5.84,13.84,-0.08,72.92,0.62,2.83,60.7,-14.34538,-70.0321,4130
Crucero,2016-10-03,6.14,14.01,0.9,71.82,0.25,2.36,60.65,-14.34538,-70.0321,4130
Crucero,2016-10-04,6.35,14.24,1.44,70.19,2.05,1.97,60.63,-14.34538,-70.0321,4130
Crucero,2016-10-05,5.84,14.19,0.43,57.72,1.08,2.35,60.63,-14.34538,-70.0321,4130
Crucero,2016-10-06,6.95,16.13,-1.39,54.73,2.23,1.55,60.52,-14.34538,-70.0321,4130
Crucero,2016-10-07,5.52,13.53,-1.61,34.28,0.07,1.43,60.41,-14.34538,-70.0321,4130
Crucero,2016-10-08,4.24,13.7,-1.68,58.13,0.28,2.33,60.52,-14.34538,-70.0321,4130
Crucero,2016-10-09,4.71,14.09,-1.25,75.79,1.56,2.1,60.6,-14.34538,-70.0321,4130
Crucero,2016-10-10,4.05,9.23,0.46,78.74,1.37,2.19,60.67,-14.34538,-70.0321,4130
Crucero,2016-10-11,4.45,11.09,-0.14,76.75,4.72,1.33,60.66,-14.34538,-70.0321,4130
Crucero,2016-10-12,6.25,14.12,-0.12,70.11,1.76,1.21,60.61,-14.34538,-70.0321,4130
Crucero,2016-10-13,4.51,13.09,-1.32,62.82,2.39,1.93,60.65,-14.34538,-70.0321,4130
Crucero,2016-10-14,4.15,9.99,-1.03,78.92,22.86,1.84,60.75,-14.34538,-70.0321,4130
Crucero,2016-10-15,5.03,12.68,-0.97,77.48,0.56,1.56,60.73,-14.34538,-70.0321,4130
Crucero,2016-10-16,4.71,12.62,0.1,81.91,0.31,2.42,60.6,-14.34538,-70.0321,4130
Crucero,2016-10-17,5.21,12.29,-0.71,77.31,11.47,3.13,60.6,-14.34538,-70.0321,4130
Crucero,2016-10-18,4.34,12.02,-0.38,77.77,3.81,2.87,60.69,-14.34538,-70.0321,4130
Crucero,2016-10-19,4.89,13.01,0.06,74.89,0.27,2.45,60.67,-14.34538,-70.0321,4130
Crucero,2016-10-20,4.4,11.59,-0.84,77.05,0.69,3.16,60.63,-14.34538,-70.0321,4130
Crucero,2016-10-21,4.97,13.85,-1.25,76.66,0.32,2.3,60.6,-14.34538,-70.0321,4130
Crucero,2016-10-22,4.41,10.81,0.49,74.6,0.32,2.26,60.65,-14.34538,-70.0321,4130
Crucero,2016-10-23,5.84,13.92,-0.49,73.59,0.31,1.48,60.71,-14.34538,-70.0321,4130
Crucero,2016-10-24,5.18,13.63,0.63,78.34,0.28,2.15,60.63,-14.34538,-70.0321,4130
Crucero,2016-10-25,5.77,14.03,-0.66,74.56,1.22,1.82,60.52,-14.34538,-70.0321,4130
Crucero,2016-10-26,4.31,10.82,1.16,82.2,2.78,1.83,60.47,-14.34538,-70.0321,4130
Crucero,2016-10-27,3.96,12.0,-2.02,75.07,2.61,3.28,60.53,-14.34538,-70.0321,4130
Crucero,2016-10-28,3.72,14.08,-4.02,64.93,6.41,2.94,60.62,-14.34538,-70.0321,4130
Crucero,2016-10-29,5.74,14.04,-1.88,72.32,0.41,1.55,60.69,-14.34538,-70.0321,4130
Crucero,2016-10-30,7.18,14.9,0.73,67.93,0.31,1.63,60.64,-14.34538,-70.0321,4130
Crucero,2016-10-31,7.0,15.12,0.45,64.39,0.01,1.65,60.53,-14.34538,-70.0321,4130
Crucero,2016-11-01,7.04,15.89,-1.59,59.19,0.05,1.47,60.51,-14.34538,-70.0321,4130
Crucero,2016-11-02,5.62,13.54,0.15,63.95,0.52,2.4,60.6,-14.34538,-70.0321,4130
Crucero,2016-11-03,6.13,16.58,-1.65,66.76,0.61,2.04,60.67,-14.34538,-70.0321,4130
Crucero,2016-11-04,5.48,13.99,0.13,73.86,0.15,3.41,60.83,-14.34538,-70.0321,4130
Crucero,2016-11-05,6.04,14.1,0.07,69.11,0.0,2.62,60.85,-14.34538,-70.0321,4130
Crucero,2016-11-06,7.23,14.82,1.58,65.85,0.0,2.66,60.73,-14.34538,-70.0321,4130
Crucero,2016-11-07,6.5,14.2,0.05,71.21,0.0,1.67,60.67,-14.34538,-70.0321,4130
Crucero,2016-11-08,7.23,14.2,2.9,63.54,0.01,1.35,60.63,-14.34538,-70.0321,4130
Crucero,2016-11-09,5.63,10.52,1.78,70.9,0.4,1.51,60.63,-14.34538,-70.0321,4130
Crucero,2016-11-10,5.77,12.04,1.33,65.02,0.07,1.54,60.63,-14.34538,-70.0321,4130
Crucero,2016-11-11,7.03,17.51,-3.18,48.16,0.11,1.95,60.56,-14.34538,-70.0321,4130
Crucero,2016-11-12,8.09,18.34,-2.18,48.92,2.96,2.01,60.45,-14.34538,-70.0321,4130
Crucero,2016-11-13,7.45,17.17,-0.34,51.03,1.97,2.26,60.43,-14.34538,-70.0321,4130
Crucero,2016-11-14,6.93,17.38,-4.75,42.89,0.57,1.3,60.38,-14.34538,-70.0321,4130
Crucero,2016-11-15,8.17,18.75,-2.81,44.34,0.4,1.79,60.34,-14.34538,-70.0321,4130
Crucero,2016-11-16,7.0,14.52,-0.49,44.2,0.14,1.12,60.38,-14.34538,-70.0321,4130
Crucero,2016-11-17,4.95,9.57,1.24,69.48,3.19,2.46,60.49,-14.34538,-70.0321,4130
Crucero,2016-11-18,5.35,12.1,0.63,77.05,2.69,3.01,60.6,-14.34538,-70.0321,4130
Crucero,2016-11-19,5.7,13.23,0.24,74.45,0.02,1.28,60.55,-14.34538,-70.0321,4130
Crucero,2016-11-20,6.83,15.39,-0.62,53.27,0.02,1.55,60.41,-14.34538,-70.0321,4130
Crucero,2016-11-21,7.0,16.78,-1.43,59.01,0.14,2.06,60.43,-14.34538,-70.0321,4130
Crucero,2016-11-22,6.0,12.38,1.31,71.58,1.51,2.03,60.49,-14.34538,-70.0321,4130
Crucero,2016-11-23,6.22,15.87,-0.7,66.5,0.2,1.56,60.51,-14.34538,-70.0321,4130
Crucero,2016-11-24,8.21,17.79,0.0,51.46,0.0,1.28,60.53,-14.34538,-70.0321,4130
Crucero,2016-11-25,5.45,12.8,1.03,65.63,0.0,1.73,60.62,-14.34538,-70.0321,4130
Crucero,2016-11-26,5.96,12.04,1.33,70.53,0.01,1.47,60.58,-14.34538,-70.0321,4130
Crucero,2016-11-27,4.6,11.96,-0.33,71.85,0.02,2.15,60.6,-14.34538,-70.0321,4130
Crucero,2016-11-28,5.88,14.16,0.54,73.51,1.03,1.96,60.62,-14.34538,-70.0321,4130
Crucero,2016-11-29,5.48,12.01,1.07,74.68,0.96,1.66,60.72,-14.34538,-70.0321,4130
Crucero,2016-11-30,5.47,13.46,1.51,76.62,2.14,1.41,60.66,-14.34538,-70.0321,4130
Crucero,2016-12-01,5.53,12.75,0.7,75.47,2.71,2.42,60.64,-14.34538,-70.0321,4130
Crucero,2016-12-02,6.67,12.97,1.17,69.72,0.77,1.38,60.62,-14.34538,-70.0321,4130
Crucero,2016-12-03,6.24,10.77,1.43,74.62,1.42,1.2,60.64,-14.34538,-70.0321,4130
Crucero,2016-12-04,4.82,11.83,0.79,79.83,2.07,2.13,60.61,-14.34538,-70.0321,4130
Crucero,2016-12-05,6.31,15.69,-1.23,74.5,2.71,1.68,60.53,-14.34538,-70.0321,4130
Crucero,2016-12-06,4.7,8.73,0.79,81.21,2.77,1.69,60.62,-14.34538,-70.0321,4130
Crucero,2016-12-07,6.44,15.05,-1.17,74.82,0.61,2.6,60.55,-14.34538,-70.0321,4130
Crucero,2016-12-08,6.54,12.83,2.07,77.0,4.63,1.93,60.48,-14.34538,-70.0321,4130
Crucero,2016-12-09,5.52,14.4,0.22,73.5,1.9,3.03,60.47,-14.34538,-70.0321,4130
Crucero,2016-12-10,4.0,7.33,0.24,64.33,0.78,2.12,60.55,-14.34538,-70.0321,4130
Crucero,2016-12-11,5.51,14.37,-2.26,71.01,0.79,2.08,60.57,-14.34538,-70.0321,4130
Crucero,2016-12-12,5.52,11.23,0.85,77.21,1.39,2.18,60.56,-14.34538,-70.0321,4130
Crucero,2016-12-13,7.4,17.06,-0.37,65.53,0.04,2.47,60.57,-14.34538,-70.0321,4130
Crucero,2016-12-14,6.87,14.39,2.41,74.24,4.06,3.09,60.64,-14.34538,-70.0321,4130
Crucero,2016-12-15,6.14,11.52,2.37,76.7,0.61,2.89,60.71,-14.34538,-70.0321,4130
Crucero,2016-12-16,7.78,17.39,0.48,68.93,2.26,2.8,60.68,-14.34538,-70.0321,4130
Crucero,2016-12-17,7.25,16.69,-1.06,67.62,0.07,2.68,60.63,-14.34538,-70.0321,4130
Crucero,2016-12-18,8.87,19.07,-2.14,63.94,0.0,2.41,60.56,-14.34538,-70.0321,4130
Crucero,2016-12-19,7.96,13.39,1.92,70.2,0.1,1.99,60.52,-14.34538,-70.0321,4130
Crucero,2016-12-20,6.71,15.46,-0.03,72.31,0.92,3.06,60.47,-14.34538,-70.0321,4130
Crucero,2016-12-21,7.92,16.81,1.69,71.41,0.06,3.07,60.44,-14.34538,-70.0321,4130
Crucero,2016-12-22,7.23,16.45,0.3,68.44,0.0,2.96,60.5,-14.34538,-70.0321,4130
Crucero,2016-12-23,6.54,12.93,1.84,75.8,0.45,2.37,60.56,-14.34538,-70.0321,4130
Crucero,2016-12-24,7.75,15.57,2.48,70.21,0.02,2.77,60.58,-14.34538,-70.0321,4130
Crucero,2016-12-25,6.98,12.07,1.88,74.41,0.0,1.89,60.53,-14.34538,-70.0321,4130
Crucero,2016-12-26,6.76,13.28,2.21,75.26,3.82,1.81,60.49,-14.34538,-70.0321,4130
Crucero,2016-12-27,6.91,14.83,0.91,74.04,5.64,2.06,60.47,-14.34538,-70.0321,4130
Crucero,2016-12-28,4.4,8.25,1.66,86.18,3.32,3.19,60.55,-14.34538,-70.0321,4130
Crucero,2016-12-29,6.63,13.48,1.61,79.47,4.78,2.82,60.6,-14.34538,-70.0321,4130
Crucero,2016-12-30,6.31,14.47,1.81,78.88,4.7,1.33,60.58,-14.34538,-70.0321,4130
Crucero,2016-12-31,5.54,11.37,2.14,84.57,2.85,3.46,60.61,-14.34538,-70.0321,4130
Crucero,2017-01-01,6.85,13.86,0.98,77.62,1.4,2.41,60.68,-14.34538,-70.0321,4130
Crucero,2017-01-02,7.44,14.9,2.03,75.47,0.76,2.71,60.67,-14.34538,-70.0321,4130
Crucero,2017-01-03,7.63,13.98,2.43,73.46,6.84,2.59,60.56,-14.34538,-70.0321,4130
Crucero,2017-01-04,6.9,14.54,1.23,74.15,3.24,3.07,60.47,-14.34538,-70.0321,4130
Crucero,2017-01-05,4.51,10.26,1.34,84.77,2.38,2.77,60.51,-14.34538,-70.0321,4130
Crucero,2017-01-06,5.77,12.41,1.17,80.13,5.32,3.08,60.63,-14.34538,-70.0321,4130
Crucero,2017-01-07,5.8,11.95,0.52,80.62,5.53,1.53,60.68,-14.34538,-70.0321,4130
Crucero,2017-01-08,5.92,11.6,1.82,80.48,7.68,1.98,60.59,-14.34538,-70.0321,4130
Crucero,2017-01-09,5.14,11.56,0.9,84.77,6.21,2.45,60.47,-14.34538,-70.0321,4130
Crucero,2017-01-10,6.37,13.11,-0.01,78.53,0.35,2.35,60.47,-14.34538,-70.0321,4130
Crucero,2017-01-11,5.57,9.81,1.7,81.15,0.04,3.15,60.57,-14.34538,-70.0321,4130
Crucero,2017-01-12,5.83,12.78,0.1,76.59,2.75,3.24,60.66,-14.34538,-70.0321,4130
Crucero,2017-01-13,6.48,13.92,0.35,79.46,5.55,2.48,60.61,-14.34538,-70.0321,4130
Crucero,2017-01-14,6.14,13.1,1.66,80.36,12.02,2.62,60.49,-14.34538,-70.0321,4130
Crucero,2017-01-15,6.49,14.14,0.49,79.02,2.99,2.05,60.43,-14.34538,-70.0321,4130
Crucero,2017-01-16,7.13,13.04,3.23,78.23,7.0,2.95,60.48,-14.34538,-70.0321,4130
Crucero,2017-01-17,6.62,13.74,0.36,74.2,0.13,2.73,60.59,-14.34538,-70.0321,4130
Crucero,2017-01-18,6.02,11.95,1.76,74.47,0.12,2.7,60.66,-14.34538,-70.0321,4130
Crucero,2017-01-19,5.32,10.48,1.36,76.64,1.03,2.55,60.64,-14.34538,-70.0321,4130
Crucero,2017-01-20,5.67,15.04,-1.3,68.92,0.53,3.11,60.67,-14.34538,-70.0321,4130
Crucero,2017-01-21,5.47,12.75,0.39,70.08,4.82,2.9,60.68,-14.34538,-70.0321,4130
Crucero,2017-01-22,5.39,11.83,-0.34,74.9,0.9,2.5,60.63,-14.34538,-70.0321,4130
Crucero,2017-01-23,6.53,14.84,-1.54,73.27,1.99,2.48,60.54,-14.34538,-70.0321,4130
Crucero,2017-01-24,5.8,12.57,0.68,80.5,11.27,2.46,60.52,-14.34538,-70.0321,4130
Crucero,2017-01-25,5.06,8.01,1.52,88.14,20.54,2.59,60.65,-14.34538,-70.0321,4130
Crucero,2017-01-26,4.55,11.93,0.64,85.64,9.03,1.99,60.75,-14.34538,-70.0321,4130
Crucero,2017-01-27,5.33,13.11,0.11,76.57,1.26,2.99,60.78,-14.34538,-70.0321,4130
Crucero,2017-01-28,5.03,13.51,-1.7,78.16,0.13,3.37,60.72,-14.34538,-70.0321,4130
Crucero,2017-01-29,5.71,13.65,-1.41,74.32,0.57,2.12,60.72,-14.34538,-70.0321,4130
Crucero,2017-01-30,8.29,16.19,1.92,73.25,0.09,2.05,60.69,-14.34538,-70.0321,4130
Crucero,2017-01-31,7.64,14.84,2.82,74.18,0.48,1.66,60.63,-14.34538,-70.0321,4130
Crucero,2017-02-01,7.09,15.58,1.49,74.16,0.7,1.97,60.54,-14.34538,-70.0321,4130
Crucero,2017-02-02,7.95,15.34,1.57,71.25,0.57,2.03,60.57,-14.34538,-70.0321,4130
Crucero,2017-02-03,6.46,13.15,1.91,83.22,1.81,1.81,60.53,-14.34538,-70.0321,4130
Crucero,2017-02-04,7.31,15.59,0.77,74.25,1.21,2.04,60.57,-14.34538,-70.0321,4130
Crucero,2017-02-05,8.35,15.82,3.46,75.59,0.48,2.71,60.63,-14.34538,-70.0321,4130
Crucero,2017-02-06,6.55,11.77,4.47,83.68,2.59,2.5,60.64,-14.34538,-70.0321,4130
Crucero,2017-02-07,5.88,9.86,2.65,86.28,3.53,1.7,60.62,-14.34538,-70.0321,4130
Crucero,2017-02-08,7.15,14.36,1.89,78.1,0.58,1.92,60.67,-14.34538,-70.0321,4130
Crucero,2017-02-09,7.93,15.15,3.93,74.83,0.04,2.48,60.69,-14.34538,-70.0321,4130
Crucero,2017-02-10,8.53,15.62,2.41,74.55,0.07,1.9,60.61,-14.34538,-70.0321,4130
Crucero,2017-02-11,8.41,13.85,5.08,78.06,0.54,1.62,60.52,-14.34538,-70.0321,4130
Crucero,2017-02-12,7.57,14.32,4.13,77.44,2.64,1.82,60.48,-14.34538,-70.0321,4130
Crucero,2017-02-13,5.53,11.36,0.8,82.02,3.42,2.43,60.5,-14.34538,-70.0321,4130
Crucero,2017-02-14,6.29,13.12,0.79,76.97,0.27,2.6,60.61,-14.34538,-70.0321,4130
Crucero,2017-02-15,6.63,15.08,-0.97,69.86,5.62,3.1,60.71,-14.34538,-70.0321,4130
Crucero,2017-02-16,5.59,13.16,1.3,81.81,7.3,1.77,60.61,-14.34538,-70.0321,4130
Crucero,2017-02-17,4.8,12.4,0.19,82.68,6.57,1.03,60.56,-14.34538,-70.0321,4130
Crucero,2017-02-18,5.47,13.02,0.54,80.64,2.33,1.91,60.57,-14.34538,-70.0321,4130
Crucero,2017-02-19,4.96,11.12,0.76,85.04,7.24,1.89,60.64,-14.34538,-70.0321,4130
Crucero,2017-02-20,4.78,11.04,1.24,84.99,4.28,1.89,60.69,-14.34538,-70.0321,4130
Crucero,2017-02-21,3.63,9.26,0.02,87.51,7.25,2.07,60.62,-14.34538,-70.0321,4130
Crucero,2017-02-22,4.62,11.87,-0.44,82.27,1.96,2.4,60.57,-14.34538,-70.0321,4130
Crucero,2017-02-23,3.69,10.33,-1.36,82.68,2.04,2.43,60.58,-14.34538,-70.0321,4130
Crucero,2017-02-24,5.32,12.38,-0.75,81.59,2.63,3.49,60.58,-14.34538,-70.0321,4130
Crucero,2017-02-25,6.37,12.94,1.23,81.02,2.62,3.3,60.53,-14.34538,-70.0321,4130
Crucero,2017-02-26,5.17,10.29,2.0,86.18,7.24,2.32,60.55,-14.34538,-70.0321,4130
Crucero,2017-02-27,5.12,11.91,0.74,81.89,2.14,0.89,60.55,-14.34538,-70.0321,4130
Crucero,2017-02-28,5.01,12.5,0.89,83.47,1.29,1.22,60.44,-14.34538,-70.0321,4130
Crucero,2017-03-01,5.25,12.15,0.94,82.83,3.32,1.69,60.37,-14.34538,-70.0321,4130
Crucero,2017-03-02,6.01,13.81,0.81,79.14,2.22,1.84,60.47,-14.34538,-70.0321,4130
Crucero,2017-03-03,5.12,11.58,0.39,85.44,2.7,1.45,60.59,-14.34538,-70.0321,4130
Crucero,2017-03-04,5.36,8.8,2.27,89.6,1.5,1.4,60.57,-14.34538,-70.0321,4130
Crucero,2017-03-05,5.97,12.77,1.87,82.96,1.76,1.69,60.54,-14.34538,-70.0321,4130
Crucero,2017-03-06,5.38,10.23,0.97,82.85,3.31,1.83,60.61,-14.34538,-70.0321,4130
Crucero,2017-03-07,5.05,11.51,1.46,83.47,3.26,2.7,60.66,-14.34538,-70.0321,4130
Crucero,2017-03-08,5.91,12.08,0.78,82.52,0.18,2.66,60.65,-14.34538,-70.0321,4130
Crucero,2017-03-09,5.76,12.31,1.97,85.02,0.18,2.01,60.56,-14.34538,-70.0321,4130
Crucero,2017-03-10,6.74,13.13,1.03,79.11,0.03,3.04,60.66,-14.34538,-70.0321,4130
Crucero,2017-03-11,4.72,8.97,2.21,85.59,0.18,2.07,60.7,-14.34538,-70.0321,4130
Crucero,2017-03-12,5.7,13.49,-0.97,73.62,0.21,3.07,60.71,-14.34538,-70.0321,4130
Crucero,2017-03-13,4.98,12.18,0.04,79.47,2.22,2.47,60.67,-14.34538,-70.0321,4130
Crucero,2017-03-14,5.41,13.48,-1.28,80.09,2.0,2.19,60.62,-14.34538,-70.0321,4130
Crucero,2017-03-15,4.74,10.22,0.9,85.25,11.87,1.49,60.61,-14.34538,-70.0321,4130
Crucero,2017-03-16,4.26,9.56,0.82,86.32,19.48,1.59,60.58,-14.34538,-70.0321,4130
Crucero,2017-03-17,0.75,3.35,-1.56,94.91,30.68,1.05,60.6,-14.34538,-70.0321,4130
Crucero,2017-03-18,4.59,11.93,-1.35,83.82,0.5,1.35,60.65,-14.34538,-70.0321,4130
Crucero,2017-03-19,6.2,13.19,-0.33,81.06,0.03,2.02,60.69,-14.34538,-70.0321,4130
Crucero,2017-03-20,6.78,14.58,-0.71,70.2,0.0,2.45,60.7,-14.34538,-70.0321,4130
Crucero,2017-03-21,5.5,14.03,-2.89,74.05,0.05,2.92,60.73,-14.34538,-70.0321,4130
Crucero,2017-03-22,5.8,11.96,1.45,82.8,5.02,3.07,60.73,-14.34538,-70.0321,4130
Crucero,2017-03-23,4.62,10.73,1.17,86.95,9.65,1.97,60.71,-14.34538,-70.0321,4130
Crucero,2017-03-24,4.38,11.06,0.87,86.76,11.15,1.72,60.69,-14.34538,-70.0321,4130
Crucero,2017-03-25,4.43,9.99,1.48,89.56,7.52,1.28,60.63,-14.34538,-70.0321,4130
Crucero,2017-03-26,5.02,12.7,0.85,84.33,0.4,1.32,60.6,-14.34538,-70.0321,4130
Crucero,2017-03-27,5.59,11.28,0.85,84.93,1.68,2.52,60.62,-14.34538,-70.0321,4130
Crucero,2017-03-28,4.87,9.32,1.57,85.86,4.46,2.39,60.7,-14.34538,-70.0321,4130
Crucero,2017-03-29,5.26,10.93,1.02,85.4,3.1,0.9,60.64,-14.34538,-70.0321,4130
Crucero,2017-03-30,5.97,11.84,1.59,85.19,1.35,1.68,60.57,-14.34538,-70.0321,4130
Crucero,2017-03-31,6.08,11.1,2.5,85.56,2.61,1.54,60.68,-14.34538,-70.0321,4130
Crucero,2017-04-01,5.79,11.7,1.72,85.51,3.67,1.32,60.77,-14.34538,-70.0321,4130
Crucero,2017-04-02,5.62,11.53,1.5,86.1,8.8,1.1,60.67,-14.34538,-70.0321,4130
Crucero,2017-04-03,4.98,9.19,1.87,88.59,20.35,0.64,60.58,-14.34538,-70.0321,4130
Crucero,2017-04-04,5.94,11.79,0.63,83.91,1.32,1.48,60.58,-14.34538,-70.0321,4130
Crucero,2017-04-05,5.86,12.16,1.26,86.25,0.37,1.51,60.66,-14.34538,-70.0321,4130
Crucero,2017-04-06,5.89,10.1,3.08,88.28,0.99,2.17,60.75,-14.34538,-70.0321,4130
Crucero,2017-04-07,5.82,12.48,0.61,80.77,1.15,1.84,60.68,-14.34538,-70.0321,4130
Crucero,2017-04-08,4.94,11.47,0.03,80.31,0.43,1.31,60.6,-14.34538,-70.0321,4130
Crucero,2017-04-09,5.58,9.69,1.21,83.99,1.19,0.88,60.57,-14.34538,-70.0321,4130
Crucero,2017-04-10,5.09,9.29,2.28,88.43,1.22,1.84,60.61,-14.34538,-70.0321,4130
Crucero,2017-04-11,4.84,11.85,-0.29,84.04,1.77,2.82,60.67,-14.34538,-70.0321,4130
Crucero,2017-04-12,4.73,11.64,-1.36,82.1,0.11,2.79,60.73,-14.34538,-70.0321,4130
Crucero,2017-04-13,5.37,12.89,-2.15,78.9,0.0,1.84,60.69,-14.34538,-70.0321,4130
Crucero,2017-04-14,6.28,12.82,0.95,78.6,0.0,1.43,60.72,-14.34538,-70.0321,4130
Crucero,2017-04-15,6.49,13.59,0.5,77.28,0.0,1.7,60.75,-14.34538,-70.0321,4130
Crucero,2017-04-16,6.41,13.08,1.6,77.09,1.1,1.81,60.79,-14.34538,-70.0321,4130
Crucero,2017-04-17,4.65,10.6,-0.01,82.78,2.73,1.41,60.73,-14.34538,-70.0321,4130
Crucero,2017-04-18,4.62,10.47,0.81,85.05,1.38,1.52,60.66,-14.34538,-70.0321,4130
Crucero,2017-04-19,6.02,13.18,0.02,76.35,0.28,2.12,60.63,-14.34538,-70.0321,4130
Crucero,2017-04-20,4.61,13.77,-3.53,65.3,0.28,1.28,60.63,-14.34538,-70.0321,4130
Crucero,2017-04-21,5.91,13.84,-2.82,77.56,1.19,1.44,60.68,-14.34538,-70.0321,4130
Crucero,2017-04-22,5.44,12.72,-1.15,74.8,1.42,2.29,60.8,-14.34538,-70.0321,4130
Crucero,2017-04-23,5.5,12.09,1.2,79.83,1.32,1.3,60.76,-14.34538,-70.0321,4130
Crucero,2017-04-24,5.38,12.22,0.5,83.36,1.75,1.41,60.65,-14.34538,-70.0321,4130
Crucero,2017-04-25,4.54,11.62,-0.13,81.11,0.86,2.2,60.63,-14.34538,-70.0321,4130
Crucero,2017-04-26,3.54,10.63,-0.57,85.86,0.43,1.61,60.62,-14.34538,-70.0321,4130
Crucero,2017-04-27,2.66,6.18,-0.05,88.73,0.95,0.97,60.7,-14.34538,-70.0321,4130
Crucero,2017-04-28,3.97,11.16,-1.26,83.77,6.95,1.4,60.74,-14.34538,-70.0321,4130
Crucero,2017-04-29,3.63,10.17,-0.12,86.99,11.21,1.62,60.77,-14.34538,-70.0321,4130
Crucero,2017-04-30,4.83,11.9,-0.74,83.01,0.17,1.79,60.8,-14.34538,-70.0321,4130
Crucero,2017-05-01,5.8,12.34,0.83,79.32,0.0,0.9,60.8,-14.34538,-70.0321,4130
Crucero,2017-05-02,5.75,13.97,-1.87,71.05,0.0,1.1,60.75,-14.34538,-70.0321,4130
Crucero,2017-05-03,5.58,12.86,-0.72,73.09,0.0,1.45,60.73,-14.34538,-70.0321,4130
Crucero,2017-05-04,5.4,11.72,0.69,80.88,0.39,1.29,60.71,-14.34538,-70.0321,4130
Crucero,2017-05-05,5.46,12.05,0.07,80.03,0.17,1.22,60.7,-14.34538,-70.0321,4130
Crucero,2017-05-06,5.45,11.99,1.0,82.07,0.0,1.09,60.73,-14.34538,-70.0321,4130
Crucero,2017-05-07,5.74,12.4,0.28,80.43,0.13,1.37,60.68,-14.34538,-70.0321,4130
Crucero,2017-05-08,5.55,12.92,-1.1,80.37,0.71,1.36,60.61,-14.34538,-70.0321,4130
Crucero,2017-05-09,4.42,9.2,1.75,89.93,1.4,1.78,60.64,-14.34538,-70.0321,4130
Crucero,2017-05-10,4.93,10.73,0.13,82.1,0.19,1.2,60.77,-14.34538,-70.0321,4130
Crucero,2017-05-11,5.33,11.03,0.62,83.39,0.0,1.04,60.74,-14.34538,-70.0321,4130
Crucero,2017-05-12,6.09,13.59,0.85,78.37,0.46,1.45,60.69,-14.34538,-70.0321,4130
Crucero,2017-05-13,5.25,12.52,0.66,83.33,0.05,0.96,60.78,-14.34538,-70.0321,4130
Crucero,2017-05-14,5.8,13.29,0.25,79.88,0.0,1.39,60.82,-14.34538,-70.0321,4130
Crucero,2017-05-15,5.84,12.82,0.9,76.76,0.01,1.91,60.82,-14.34538,-70.0321,4130
Crucero,2017-05-16,5.69,10.48,1.89,80.62,0.36,1.4,60.76,-14.34538,-70.0321,4130
Crucero,2017-05-17,3.8,10.91,-0.17,81.77,0.69,1.76,60.69,-14.34538,-70.0321,4130
Crucero,2017-05-18,4.91,13.58,-2.12,66.19,0.23,2.16,60.56,-14.34538,-70.0321,4130
Crucero,2017-05-19,4.88,11.71,0.13,79.68,0.65,1.63,60.49,-14.34538,-70.0321,4130
Crucero,2017-05-20,4.44,11.99,-0.85,78.27,1.09,1.88,60.58,-14.34538,-70.0321,4130
Crucero,2017-05-21,4.31,12.21,-1.34,81.03,2.23,1.46,60.68,-14.34538,-70.0321,4130
Crucero,2017-05-22,4.39,11.79,-0.49,82.85,2.32,2.27,60.69,-14.34538,-70.0321,4130
Crucero,2017-05-23,3.54,9.54,-0.97,89.68,1.94,2.19,60.69,-14.34538,-70.0321,4130
Crucero,2017-05-24,4.07,11.27,-0.65,84.64,0.18,3.0,60.75,-14.34538,-70.0321,4130
Crucero,2017-05-25,4.18,9.7,0.53,86.64,0.22,2.56,60.79,-14.34538,-70.0321,4130
Crucero,2017-05-26,4.58,10.18,0.36,82.32,0.28,1.86,60.89,-14.34538,-70.0321,4130
Crucero,2017-05-27,3.91,9.6,0.0,88.25,1.99,2.5,60.86,-14.34538,-70.0321,4130
Crucero,2017-05-28,3.12,9.38,-1.75,85.03,1.19,1.57,60.84,-14.34538,-70.0321,4130
Crucero,2017-05-29,4.13,11.1,-0.15,84.51,6.36,1.48,60.82,-14.34538,-70.0321,4130
Crucero,2017-05-30,3.7,10.26,-0.78,84.33,2.8,1.54,60.85,-14.34538,-70.0321,4130
Crucero,2017-05-31,4.15,12.68,-3.61,66.65,0.13,1.12,60.82,-14.34538,-70.0321,4130
Crucero,2017-06-01,3.38,10.3,-2.28,56.17,0.01,1.03,60.8,-14.34538,-70.0321,4130
Crucero,2017-06-02,3.36,11.22,-3.01,72.62,0.0,0.92,60.77,-14.34538,-70.0321,4130
Crucero,2017-06-03,3.73,12.1,-3.09,77.85,0.0,1.93,60.72,-14.34538,-70.0321,4130
Crucero,2017-06-04,3.88,13.11,-3.53,76.23,0.0,2.18,60.71,-14.34538,-70.0321,4130
Crucero,2017-06-05,3.67,12.06,-3.14,79.22,0.0,2.09,60.73,-14.34538,-70.0321,4130
Crucero,2017-06-06,3.82,12.18,-2.35,78.37,0.0,2.41,60.72,-14.34538,-70.0321,4130
Crucero,2017-06-07,5.2,12.43,-0.33,82.34,0.41,2.92,60.64,-14.34538,-70.0321,4130
Crucero,2017-06-08,5.39,11.8,0.15,77.79,0.35,2.74,60.71,-14.34538,-70.0321,4130
Crucero,2017-06-09,4.27,10.91,-0.12,86.55,2.89,2.15,60.8,-14.34538,-70.0321,4130
Crucero,2017-06-10,4.92,12.2,0.05,83.6,0.73,1.51,60.76,-14.34538,-70.0321,4130
Crucero,2017-06-11,5.61,14.59,-0.72,61.28,0.07,2.58,60.67,-14.34538,-70.0321,4130
Crucero,2017-06-12,3.65,13.43,-2.73,49.86,0.13,1.48,60.65,-14.34538,-70.0321,4130
Crucero,2017-06-13,3.75,13.11,-4.13,65.18,0.01,1.32,60.69,-14.34538,-70.0321,4130
Crucero,2017-06-14,5.33,13.11,-1.47,76.7,0.0,1.37,60.84,-14.34538,-70.0321,4130
Crucero,2017-06-15,6.15,13.49,1.31,76.29,0.0,1.24,60.84,-14.34538,-70.0321,4130
Crucero,2017-06-16,5.39,14.07,-1.89,64.25,0.0,1.29,60.78,-14.34538,-70.0321,4130
Crucero,2017-06-17,4.68,15.0,-4.44,53.06,0.0,1.64,60.7,-14.34538,-70.0321,4130
Crucero,2017-06-18,5.15,14.59,-3.1,66.58,0.02,1.4,60.68,-14.34538,-70.0321,4130
Crucero,2017-06-19,3.3,9.27,0.05,91.18,0.8,2.17,60.67,-14.34538,-70.0321,4130
Crucero,2017-06-20,4.59,11.38,-0.46,72.63,0.02,1.25,60.67,-14.34538,-70.0321,4130
Crucero,2017-06-21,4.26,12.44,-2.95,69.11,0.0,0.83,60.67,-14.34538,-70.0321,4130
Crucero,2017-06-22,4.34,13.1,-3.68,70.83,0.0,1.01,60.61,-14.34538,-70.0321,4130
Crucero,2017-06-23,4.51,13.2,-3.04,72.17,0.0,1.04,60.64,-14.34538,-70.0321,4130
Crucero,2017-06-24,4.44,12.19,-3.23,75.64,0.0,1.53,60.73,-14.34538,-70.0321,4130
Crucero,2017-06-25,5.47,12.67,0.88,77.45,0.0,1.49,60.75,-14.34538,-70.0321,4130
Crucero,2017-06-26,5.52,13.99,-1.25,70.97,0.01,1.67,60.66,-14.34538,-70.0321,4130
Crucero,2017-06-27,5.0,12.85,-0.65,77.89,0.07,1.03,60.65,-14.34538,-70.0321,4130
Crucero,2017-06-28,2.7,5.75,0.16,90.86,0.59,1.23,60.72,-14.34538,-70.0321,4130
Crucero,2017-06-29,4.13,11.09,-0.5,80.3,0.48,0.64,60.75,-14.34538,-70.0321,4130
Crucero,2017-06-30,4.18,12.48,-1.95,78.24,0.39,1.65,60.79,-14.34538,-70.0321,4130
Crucero,2017-07-01,2.83,10.01,-1.84,82.32,0.6,1.91,60.82,-14.34538,-70.0321,4130
Crucero,2017-07-02,2.72,9.82,-2.32,81.05,0.0,1.03,60.79,-14.34538,-70.0321,4130
Crucero,2017-07-03,3.67,11.06,-2.34,73.31,0.0,0.72,60.69,-14.34538,-70.0321,4130
Crucero,2017-07-04,3.97,11.99,-3.23,65.77,0.0,1.25,60.67,-14.34538,-70.0321,4130
Crucero,2017-07-05,4.21,12.55,-4.15,62.11,0.0,1.0,60.77,-14.34538,-70.0321,4130
Crucero,2017-07-06,4.24,11.56,-2.95,60.17,0.0,0.71,60.82,-14.34538,-70.0321,4130
Crucero,2017-07-07,3.61,12.45,-4.28,68.79,0.0,1.19,60.79,-14.34538,-70.0321,4130
Crucero,2017-07-08,4.29,12.91,-3.38,72.07,0.0,1.31,60.78,-14.34538,-70.0321,4130
Crucero,2017-07-09,3.87,10.96,-1.67,78.93,0.0,1.56,60.82,-14.34538,-70.0321,4130
Crucero,2017-07-10,3.1,12.0,-3.69,75.27,0.0,1.78,60.82,-14.34538,-70.0321,4130
Crucero,2017-07-11,2.24,11.09,-5.26,69.77,0.0,1.74,60.84,-14.34538,-70.0321,4130
Crucero,2017-07-12,3.21,12.31,-4.36,71.32,0.0,1.28,60.81,-14.34538,-70.0321,4130
Crucero,2017-07-13,3.86,13.63,-4.24,70.59,0.0,1.44,60.8,-14.34538,-70.0321,4130
Crucero,2017-07-14,3.71,13.89,-4.07,65.47,0.0,1.9,60.78,-14.34538,-70.0321,4130
Crucero,2017-07-15,4.03,13.9,-4.75,50.67,0.0,1.65,60.68,-14.34538,-70.0321,4130
Crucero,2017-07-16,4.59,14.23,-4.23,65.17,0.0,1.73,60.67,-14.34538,-70.0321,4130
Crucero,2017-07-17,5.15,12.29,0.78,80.18,0.0,2.44,60.76,-14.34538,-70.0321,4130
Crucero,2017-07-18,5.39,15.01,-1.23,66.99,0.0,1.55,60.77,-14.34538,-70.0321,4130
Crucero,2017-07-19,4.34,15.11,-3.59,57.89,0.0,1.61,60.78,-14.34538,-70.0321,4130
Crucero,2017-07-20,4.22,15.27,-4.0,65.4,0.0,1.45,60.71,-14.34538,-70.0321,4130
Crucero,2017-07-21,3.67,14.04,-3.15,65.48,0.0,1.78,60.73,-14.34538,-70.0321,4130
Crucero,2017-07-22,3.1,13.91,-5.07,63.09,0.0,1.63,60.74,-14.34538,-70.0321,4130
Crucero,2017-07-23,4.03,14.48,-4.66,52.88,0.0,1.33,60.75,-14.34538,-70.0321,4130
Crucero,2017-07-24,4.67,13.8,-2.9,59.32,0.0,1.85,60.82,-14.34538,-70.0321,4130
Crucero,2017-07-25,5.17,13.17,-1.41,71.38,0.0,1.42,60.87,-14.34538,-70.0321,4130
Crucero,2017-07-26,5.56,13.4,0.29,71.98,0.0,1.23,60.78,-14.34538,-70.0321,4130
Crucero,2017-07-27,5.09,13.43,-0.58,69.39,0.0,1.42,60.75,-14.34538,-70.0321,4130
Crucero,2017-07-28,5.64,13.99,0.64,69.07,0.0,1.41,60.7,-14.34538,-70.0321,4130
Crucero,2017-07-29,5.1,12.7,-1.0,74.42,0.0,1.47,60.73,-14.34538,-70.0321,4130
Crucero,2017-07-30,4.85,12.66,-0.58,74.02,0.0,0.83,60.82,-14.34538,-70.0321,4130
Crucero,2017-07-31,4.58,13.53,-2.57,71.35,0.0,1.06,60.77,-14.34538,-70.0321,4130
Crucero,2017-08-01,4.66,14.87,-3.21,62.24,0.0,1.55,60.69,-14.34538,-70.0321,4130
Crucero,2017-08-02,5.49,16.11,-4.09,67.04,0.02,2.32,60.77,-14.34538,-70.0321,4130
Crucero,2017-08-03,6.58,13.97,0.79,72.67,0.06,1.77,60.86,-14.34538,-70.0321,4130
Crucero,2017-08-04,6.03,15.53,-1.22,69.24,0.0,1.46,60.82,-14.34538,-70.0321,4130
Crucero,2017-08-05,6.11,15.46,-2.08,61.49,0.0,1.15,60.77,-14.34538,-70.0321,4130
Crucero,2017-08-06,5.56,14.75,-3.15,65.02,0.0,1.35,60.75,-14.34538,-70.0321,4130
Crucero,2017-08-07,5.69,14.99,-2.88,67.19,0.0,1.31,60.74,-14.34538,-70.0321,4130
Crucero,2017-08-08,5.35,13.91,-2.62,71.65,0.0,1.62,60.74,-14.34538,-70.0321,4130
Crucero,2017-08-09,2.69,6.03,0.44,83.98,0.0,1.26,60.78,-14.34538,-70.0321,4130
Crucero,2017-08-10,4.9,12.62,-0.75,64.63,0.0,1.8,60.71,-14.34538,-70.0321,4130
Crucero,2017-08-11,4.51,13.84,-2.22,59.97,0.18,2.42,60.58,-14.34538,-70.0321,4130
Crucero,2017-08-12,4.67,14.26,-4.3,54.57,0.11,2.26,60.58,-14.34538,-70.0321,4130
Crucero,2017-08-13,4.85,14.55,-4.22,55.11,0.28,1.94,60.65,-14.34538,-70.0321,4130
Crucero,2017-08-14,4.57,12.83,-2.7,64.62,0.85,2.48,60.62,-14.34538,-70.0321,4130
Crucero,2017-08-15,4.98,13.13,-2.25,71.61,1.28,3.01,60.62,-14.34538,-70.0321,4130
Crucero,2017-08-16,4.82,13.14,-0.14,76.67,0.26,2.15,60.6,-14.34538,-70.0321,4130
Crucero,2017-08-17,1.38,5.01,-0.93,87.25,2.28,1.6,60.56,-14.34538,-70.0321,4130
Crucero,2017-08-18,1.53,8.39,-2.84,73.85,0.52,2.21,60.64,-14.34538,-70.0321,4130
Crucero,2017-08-19,4.44,14.52,-3.54,45.89,0.02,2.33,60.59,-14.34538,-70.0321,4130
Crucero,2017-08-20,4.16,13.46,-4.51,46.97,1.2,2.0,60.7,-14.34538,-70.0321,4130
Crucero,2017-08-21,5.2,14.28,-1.61,68.85,1.2,1.52,60.76,-14.34538,-70.0321,4130
Crucero,2017-08-22,4.61,14.51,-4.79,55.83,0.0,1.38,60.69,-14.34538,-70.0321,4130
Crucero,2017-08-23,4.27,14.42,-4.86,48.13,0.0,1.57,60.56,-14.34538,-70.0321,4130
Crucero,2017-08-24,4.75,11.9,0.65,78.25,0.0,2.23,60.57,-14.34538,-70.0321,4130
Crucero,2017-08-25,5.54,13.2,-0.14,71.9,0.0,1.44,60.62,-14.34538,-70.0321,4130
Crucero,2017-08-26,2.52,7.2,-1.33,81.28,0.38,1.74,60.67,-14.34538,-70.0321,4130
Crucero,2017-08-27,2.63,9.51,-1.07,84.0,0.4,1.59,60.62,-14.34538,-70.0321,4130
Crucero,2017-08-28,3.52,11.79,-2.85,75.19,0.0,2.13,60.69,-14.34538,-70.0321,4130
Crucero,2017-08-29,5.64,14.75,-2.25,70.79,0.0,1.85,60.75,-14.34538,-70.0321,4130
Crucero,2017-08-30,5.08,12.79,-0.57,72.99,0.0,3.61,60.82,-14.34538,-70.0321,4130
Crucero,2017-08-31,4.41,14.3,-5.72,62.5,0.0,2.25,60.83,-14.34538,-70.0321,4130
Crucero,2017-09-01,6.45,13.85,0.85,72.33,0.0,2.26,60.84,-14.34538,-70.0321,4130
Crucero,2017-09-02,6.42,14.12,1.44,70.85,0.0,3.54,60.87,-14.34538,-70.0321,4130
Crucero,2017-09-03,6.19,12.21,1.73,73.32,0.0,2.23,60.89,-14.34538,-70.0321,4130
Crucero,2017-09-04,6.77,15.13,1.48,69.26,0.0,2.79,60.83,-14.34538,-70.0321,4130
Crucero,2017-09-05,4.3,10.8,-1.89,73.28,10.68,2.73,60.78,-14.34538,-70.0321,4130
Crucero,2017-09-06,4.66,11.75,-1.9,76.92,1.34,1.54,60.72,-14.34538,-70.0321,4130
Crucero,2017-09-07,4.1,10.25,0.56,82.79,2.91,2.64,60.6,-14.34538,-70.0321,4130
Crucero,2017-09-08,3.12,10.33,-1.75,83.45,1.39,2.36,60.5,-14.34538,-70.0321,4130
Crucero,2017-09-09,4.95,13.85,-1.4,74.58,0.06,2.69,60.54,-14.34538,-70.0321,4130
Crucero,2017-09-10,5.78,14.85,-1.32,71.38,0.06,2.37,60.59,-14.34538,-70.0321,4130
Crucero,2017-09-11,4.39,10.67,-0.48,82.13,0.82,3.84,60.64,-14.34538,-70.0321,4130
Crucero,2017-09-12,4.04,8.59,1.14,84.42,0.41,3.81,60.69,-14.34538,-70.0321,4130
Crucero,2017-09-13,6.06,13.77,-0.95,73.27,0.0,2.34,60.74,-14.34538,-70.0321,4130
Crucero,2017-09-14,5.9,13.22,1.12,75.96,0.01,3.12,60.71,-14.34538,-70.0321,4130
Crucero,2017-09-15,3.58,8.29,-0.28,87.03,6.11,3.12,60.69,-14.34538,-70.0321,4130
Crucero,2017-09-16,4.41,11.5,0.6,80.93,1.8,3.72,60.76,-14.34538,-70.0321,4130
Crucero,2017-09-17,5.29,14.21,-1.22,73.97,0.48,1.89,60.76,-14.34538,-70.0321,4130
Crucero,2017-09-18,6.16,14.5,-0.86,70.7,0.18,2.2,60.79,-14.34538,-70.0321,4130
Crucero,2017-09-19,6.43,15.3,-1.26,70.16,0.01,2.73,60.85,-14.34538,-70.0321,4130
Crucero,2017-09-20,7.68,16.6,0.26,67.25,0.0,1.95,60.78,-14.34538,-70.0321,4130
Crucero,2017-09-21,6.98,15.08,1.78,71.94,0.0,2.16,60.72,-14.34538,-70.0321,4130
Crucero,2017-09-22,4.79,13.37,0.91,76.47,0.1,2.21,60.7,-14.34538,-70.0321,4130
Crucero,2017-09-23,4.4,12.51,-1.15,76.05,0.04,2.04,60.71,-14.34538,-70.0321,4130
Crucero,2017-09-24,5.32,13.7,-0.07,74.46,2.03,1.54,60.71,-14.34538,-70.0321,4130
Crucero,2017-09-25,5.77,14.44,-1.56,65.43,0.02,2.06,60.68,-14.34538,-70.0321,4130
Crucero,2017-09-26,5.24,11.65,0.74,78.19,0.69,2.07,60.6,-14.34538,-70.0321,4130
Crucero,2017-09-27,4.62,11.36,0.61,77.44,1.94,1.41,60.55,-14.34538,-70.0321,4130
Crucero,2017-09-28,6.16,16.4,-3.87,58.3,0.3,1.98,60.58,-14.34538,-70.0321,4130
Crucero,2017-09-29,5.85,16.31,-4.94,53.29,0.01,1.95,60.66,-14.34538,-70.0321,4130
Crucero,2017-09-30,7.15,16.86,-1.47,64.29,0.0,1.88,60.6,-14.34538,-70.0321,4130
Crucero,2017-10-01,5.53,17.53,-4.35,34.79,0.0,2.85,60.45,-14.34538,-70.0321,4130
Crucero,2017-10-02,4.02,14.43,-6.87,30.37,1.19,2.36,60.46,-14.34538,-70.0321,4130
Crucero,2017-10-03,5.67,15.65,-1.94,51.7,0.26,2.52,60.53,-14.34538,-70.0321,4130
Crucero,2017-10-04,6.57,16.95,-3.43,58.88,0.0,2.27,60.58,-14.34538,-70.0321,4130
Crucero,2017-10-05,7.02,16.61,-2.46,66.65,0.0,2.48,60.61,-14.34538,-70.0321,4130
Crucero,2017-10-06,7.29,16.18,1.58,71.25,0.0,3.33,60.73,-14.34538,-70.0321,4130
Crucero,2017-10-07,5.03,10.82,1.27,79.12,0.81,2.58,60.77,-14.34538,-70.0321,4130
Crucero,2017-10-08,4.99,9.71,0.79,81.72,0.24,1.99,60.69,-14.34538,-70.0321,4130
Crucero,2017-10-09,6.51,15.85,-1.01,71.94,0.0,2.87,60.63,-14.34538,-70.0321,4130
Crucero,2017-10-10,5.98,13.8,-0.24,72.53,0.19,2.84,60.6,-14.34538,-70.0321,4130
Crucero,2017-10-11,4.46,9.67,0.68,75.53,2.71,2.28,60.53,-14.34538,-70.0321,4130
Crucero,2017-10-12,6.19,13.76,0.69,74.03,0.87,2.38,60.55,-14.34538,-70.0321,4130
Crucero,2017-10-13,6.45,14.93,1.21,75.03,0.83,2.46,60.58,-14.34538,-70.0321,4130
Crucero,2017-10-14,3.35,9.58,-0.22,83.08,19.52,2.49,60.67,-14.34538,-70.0321,4130
Crucero,2017-10-15,3.88,11.08,-3.03,80.54,20.87,3.02,60.73,-14.34538,-70.0321,4130
Crucero,2017-10-16,4.51,11.33,-1.69,80.8,6.7,2.75,60.79,-14.34538,-70.0321,4130
Crucero,2017-10-17,5.15,12.56,0.98,81.63,4.61,1.91,60.79,-14.34538,-70.0321,4130
Crucero,2017-10-18,5.25,11.97,0.58,73.37,0.65,2.31,60.8,-14.34538,-70.0321,4130
Crucero,2017-10-19,7.33,14.84,0.7,69.92,1.59,1.39,60.64,-14.34538,-70.0321,4130
Crucero,2017-10-20,4.36,11.8,1.29,85.58,2.12,1.81,60.58,-14.34538,-70.0321,4130
Crucero,2017-10-21,6.37,13.63,0.59,69.24,0.52,1.49,60.63,-14.34538,-70.0321,4130
Crucero,2017-10-22,6.24,14.09,0.71,70.72,0.13,1.52,60.71,-14.34538,-70.0321,4130
Crucero,2017-10-23,5.6,12.15,0.8,70.49,1.47,2.14,60.69,-14.34538,-70.0321,4130
Crucero,2017-10-24,6.47,14.6,-0.28,68.89,0.0,2.19,60.65,-14.34538,-70.0321,4130
Crucero,2017-10-25,3.95,7.05,0.47,82.73,0.97,1.56,60.66,-14.34538,-70.0321,4130
Crucero,2017-10-26,7.28,16.64,-1.86,66.56,1.28,1.53,60.58,-14.34538,-70.0321,4130
Crucero,2017-10-27,8.6,17.38,1.56,66.53,2.92,1.68,60.55,-14.34538,-70.0321,4130
Crucero,2017-10-28,4.9,10.19,0.94,78.04,1.81,2.08,60.54,-14.34538,-70.0321,4130
Crucero,2017-10-29,3.98,10.1,-0.79,74.45,0.86,1.5,60.57,-14.34538,-70.0321,4130
Crucero,2017-10-30,6.46,14.07,-0.4,68.38,0.04,1.97,60.57,-14.34538,-70.0321,4130
Crucero,2017-10-31,7.47,16.05,-1.18,61.01,0.93,1.6,60.53,-14.34538,-70.0321,4130
Crucero,2017-11-01,5.64,13.14,0.62,74.24,1.97,1.83,60.56,-14.34538,-70.0321,4130
Crucero,2017-11-02,6.49,14.89,-0.39,70.82,0.15,2.08,60.6,-14.34538,-70.0321,4130
Crucero,2017-11-03,5.7,12.63,0.14,71.42,0.4,1.94,60.63,-14.34538,-70.0321,4130
Crucero,2017-11-04,5.01,10.34,1.38,76.94,0.91,1.9,60.6,-14.34538,-70.0321,4130
Crucero,2017-11-05,5.58,13.52,0.12,77.09,1.21,1.69,60.6,-14.34538,-70.0321,4130
Crucero,2017-11-06,4.51,10.79,1.1,82.58,7.81,1.83,60.58,-14.34538,-70.0321,4130
Crucero,2017-11-07,5.58,12.57,0.13,78.79,1.56,1.64,60.5,-14.34538,-70.0321,4130
Crucero,2017-11-08,7.61,15.31,0.89,71.2,0.01,1.76,60.46,-14.34538,-70.0321,4130
Crucero,2017-11-09,7.38,14.25,3.27,75.15,2.37,2.92,60.49,-14.34538,-70.0321,4130
Crucero,2017-11-10,7.22,14.66,1.63,69.69,0.24,2.3,60.52,-14.34538,-70.0321,4130
Crucero,2017-11-11,6.35,15.06,0.1,74.26,1.89,2.68,60.5,-14.34538,-70.0321,4130
Crucero,2017-11-12,4.27,9.45,1.21,83.51,4.13,2.71,60.54,-14.34538,-70.0321,4130
Crucero,2017-11-13,5.88,12.83,0.41,78.87,0.05,3.76,60.56,-14.34538,-70.0321,4130
Crucero,2017-11-14,6.0,13.09,-0.37,75.85,0.06,1.47,60.57,-14.34538,-70.0321,4130
Crucero,2017-11-15,5.56,12.61,1.1,77.64,0.02,1.38,60.55,-14.34538,-70.0321,4130
Crucero,2017-11-16,7.23,15.97,1.79,72.3,0.43,2.36,60.56,-14.34538,-70.0321,4130
Crucero,2017-11-17,6.53,14.93,1.71,74.6,5.1,2.48,60.47,-14.34538,-70.0321,4130
Crucero,2017-11-18,7.41,15.78,-0.52,64.98,0.84,1.87,60.4,-14.34538,-70.0321,4130
Crucero,2017-11-19,5.76,12.45,1.51,76.8,2.01,2.12,60.42,-14.34538,-70.0321,4130
Crucero,2017-11-20,8.33,16.96,1.37,63.51,0.45,2.38,60.47,-14.34538,-70.0321,4130
Crucero,2017-11-21,8.71,17.71,-0.88,58.51,0.0,2.27,60.53,-14.34538,-70.0321,4130
Crucero,2017-11-22,7.26,10.66,4.44,77.18,7.1,2.21,60.6,-14.34538,-70.0321,4130
Crucero,2017-11-23,4.48,7.51,1.91,84.89,3.51,1.85,60.62,-14.34538,-70.0321,4130
Crucero,2017-11-24,7.79,17.68,1.06,69.49,0.47,2.38,60.66,-14.34538,-70.0321,4130
Crucero,2017-11-25,8.29,16.78,1.93,68.76,0.01,2.39,60.7,-14.34538,-70.0321,4130
Crucero,2017-11-26,7.22,15.79,2.13,71.88,2.14,1.65,60.63,-14.34538,-70.0321,4130
Crucero,2017-11-27,6.1,16.08,1.7,75.97,1.77,2.93,60.59,-14.34538,-70.0321,4130
Crucero,2017-11-28,6.19,13.0,1.63,78.55,4.94,3.5,60.68,-14.34538,-70.0321,4130
Crucero,2017-11-29,5.46,12.06,1.08,79.4,0.89,1.33,60.65,-14.34538,-70.0321,4130
Crucero,2017-11-30,7.57,15.52,1.76,74.28,2.73,1.59,60.45,-14.34538,-70.0321,4130
Crucero,2017-12-01,7.32,13.28,1.58,67.57,0.21,2.0,60.43,-14.34538,-70.0321,4130
Crucero,2017-12-02,6.64,15.13,1.57,64.22,6.76,1.81,60.47,-14.34538,-70.0321,4130
Crucero,2017-12-03,6.05,13.47,1.04,75.48,0.38,2.08,60.43,-14.34538,-70.0321,4130
Crucero,2017-12-04,6.93,14.25,1.07,74.55,1.35,2.83,60.47,-14.34538,-70.0321,4130
Crucero,2017-12-05,5.15,10.88,1.43,80.52,1.67,1.94,60.6,-14.34538,-70.0321,4130
Crucero,2017-12-06,5.08,9.56,0.21,74.73,0.25,1.98,60.61,-14.34538,-70.0321,4130
Crucero,2017-12-07,6.16,12.14,1.24,74.78,0.49,1.69,60.56,-14.34538,-70.0321,4130
Crucero,2017-12-08,5.92,14.06,0.71,69.37,1.24,2.03,60.59,-14.34538,-70.0321,4130
Crucero,2017-12-09,7.77,15.73,1.51,70.46,6.64,2.05,60.58,-14.34538,-70.0321,4130
Crucero,2017-12-10,7.98,16.49,1.62,64.82,3.05,2.91,60.57,-14.34538,-70.0321,4130
Crucero,2017-12-11,7.32,12.9,2.75,71.25,2.35,2.09,60.59,-14.34538,-70.0321,4130
Crucero,2017-12-12,8.05,16.04,1.72,69.4,0.0,2.59,60.6,-14.34538,-70.0321,4130
Crucero,2017-12-13,8.58,16.74,3.23,66.97,0.0,2.99,60.66,-14.34538,-70.0321,4130
Crucero,2017-12-14,4.45,10.2,1.43,84.99,2.3,1.97,60.63,-14.34538,-70.0321,4130
Crucero,2017-12-15,6.75,13.84,1.13,70.47,0.26,2.83,60.67,-14.34538,-70.0321,4130
Crucero,2017-12-16,6.6,14.96,-0.44,68.41,0.44,2.65,60.6,-14.34538,-70.0321,4130
Crucero,2017-12-17,6.83,12.63,1.58,76.65,2.05,2.82,60.59,-14.34538,-70.0321,4130
Crucero,2017-12-18,6.56,13.5,1.43,75.25,2.84,3.05,60.61,-14.34538,-70.0321,4130
Crucero,2017-12-19,5.04,9.58,1.12,80.86,2.81,1.35,60.6,-14.34538,-70.0321,4130
Crucero,2017-12-20,6.75,14.27,2.79,79.94,19.38,2.32,60.48,-14.34538,-70.0321,4130
Crucero,2017-12-21,4.12,7.98,0.99,87.28,26.25,1.03,60.53,-14.34538,-70.0321,4130
Crucero,2017-12-22,5.44,13.2,0.6,81.47,6.58,2.03,60.48,-14.34538,-70.0321,4130
Crucero,2017-12-23,6.17,14.19,-0.36,75.2,2.96,2.75,60.54,-14.34538,-70.0321,4130
Crucero,2017-12-24,6.55,15.03,1.39,76.37,6.8,2.16,60.51,-14.34538,-70.0321,4130
Crucero,2017-12-25,7.25,13.72,0.72,71.37,4.2,1.94,60.48,-14.34538,-70.0321,4130
Crucero,2017-12-26,5.71,9.64,2.18,80.05,5.47,1.92,60.52,-14.34538,-70.0321,4130
Crucero,2017-12-27,5.02,9.56,2.05,88.45,5.26,2.11,60.53,-14.34538,-70.0321,4130
Crucero,2017-12-28,5.06,8.83,0.69,85.82,2.81,2.3,60.55,-14.34538,-70.0321,4130
Crucero,2017-12-29,5.28,9.76,0.77,82.01,4.51,2.45,60.59,-14.34538,-70.0321,4130
Crucero,2017-12-30,5.84,12.27,1.17,83.01,2.93,1.13,60.58,-14.34538,-70.0321,4130
Crucero,2017-12-31,6.86,12.85,2.24,78.29,0.12,2.39,60.58,-14.34538,-70.0321,4130
Crucero,2018-01-01,7.5,13.9,2.87,76.2,5.29,0.93,60.53,-14.34538,-70.0321,4130
Crucero,2018-01-02,4.9,9.75,0.84,83.24,8.08,2.33,60.47,-14.34538,-70.0321,4130
Crucero,2018-01-03,4.99,10.81,0.64,80.2,2.32,1.67,60.51,-14.34538,-70.0321,4130
Crucero,2018-01-04,4.18,9.67,0.06,84.39,3.22,1.5,60.55,-14.34538,-70.0321,4130
Crucero,2018-01-05,6.67,13.33,0.96,81.86,1.22,1.76,60.58,-14.34538,-70.0321,4130
Crucero,2018-01-06,6.41,11.39,2.67,83.86,4.11,1.92,60.57,-14.34538,-70.0321,4130
Crucero,2018-01-07,4.44,9.72,1.89,86.31,12.96,2.52,60.57,-14.34538,-70.0321,4130
Crucero,2018-01-08,5.26,11.41,0.45,81.23,0.98,3.49,60.57,-14.34538,-70.0321,4130
Crucero,2018-01-09,5.74,12.99,-1.34,78.92,0.1,3.07,60.53,-14.34538,-70.0321,4130
Crucero,2018-01-10,5.98,12.07,0.89,78.24,1.18,3.07,60.55,-14.34538,-70.0321,4130
Crucero,2018-01-11,4.04,8.4,0.82,83.25,6.66,2.22,60.61,-14.34538,-70.0321,4130
Crucero,2018-01-12,4.85,12.67,0.22,82.97,6.09,1.55,60.51,-14.34538,-70.0321,4130
Crucero,2018-01-13,5.96,13.72,0.15,77.28,2.47,2.41,60.41,-14.34538,-70.0321,4130
Crucero,2018-01-14,5.86,13.44,0.62,74.85,4.33,2.09,60.44,-14.34538,-70.0321,4130
Crucero,2018-01-15,4.83,11.6,1.41,85.31,10.72,2.27,60.48,-14.34538,-70.0321,4130
Crucero,2018-01-16,5.02,10.44,0.98,83.47,0.64,2.44,60.62,-14.34538,-70.0321,4130
Crucero,2018-01-17,6.04,11.91,0.8,81.47,0.86,2.91,60.61,-14.34538,-70.0321,4130
Crucero,2018-01-18,5.81,9.93,3.05,83.14,0.43,2.96,60.63,-14.34538,-70.0321,4130
Crucero,2018-01-19,5.46,10.67,1.99,82.39,2.83,3.68,60.64,-14.34538,-70.0321,4130
Crucero,2018-01-20,4.44,10.97,0.05,81.83,3.34,2.79,60.61,-14.34538,-70.0321,4130
Crucero,2018-01-21,5.22,11.53,-0.38,80.48,2.57,1.9,60.52,-14.34538,-70.0321,4130
Crucero,2018-01-22,5.16,11.86,1.12,82.93,3.42,2.39,60.43,-14.34538,-70.0321,4130
Crucero,2018-01-23,4.95,11.55,0.98,82.66,6.73,2.31,60.46,-14.34538,-70.0321,4130
Crucero,2018-01-24,4.23,7.97,0.95,85.19,3.53,1.85,60.57,-14.34538,-70.0321,4130
Crucero,2018-01-25,5.15,10.81,-0.42,82.77,3.19,1.09,60.64,-14.34538,-70.0321,4130
Crucero,2018-01-26,4.18,6.59,1.2,87.55,1.6,1.4,60.56,-14.34538,-70.0321,4130
Crucero,2018-01-27,5.97,14.11,-1.59,68.41,0.03,1.72,60.46,-14.34538,-70.0321,4130
Crucero,2018-01-28,6.22,11.31,0.66,67.64,2.04,1.68,60.4,-14.34538,-70.0321,4130
Crucero,2018-01-29,6.15,12.13,1.06,74.82,5.98,1.93,60.39,-14.34538,-70.0321,4130
Crucero,2018-01-30,6.37,12.85,2.24,81.6,4.45,2.02,60.43,-14.34538,-70.0321,4130
Crucero,2018-01-31,6.17,10.92,2.05,79.02,5.19,1.8,60.52,-14.34538,-70.0321,4130
Crucero,2018-02-01,4.97,11.11,1.52,83.82,5.13,2.41,60.53,-14.34538,-70.0321,4130
Crucero,2018-02-02,5.35,11.08,0.68,80.3,3.09,1.96,60.55,-14.34538,-70.0321,4130
Crucero,2018-02-03,5.14,11.55,1.78,84.08,4.97,1.53,60.51,-14.34538,-70.0321,4130
Crucero,2018-02-04,6.52,13.16,1.66,84.74,1.37,2.5,60.56,-14.34538,-70.0321,4130
Crucero,2018-02-05,7.59,14.66,1.63,81.26,0.03,2.85,60.57,-14.34538,-70.0321,4130
Crucero,2018-02-06,7.11,13.42,2.52,79.88,0.05,2.1,60.54,-14.34538,-70.0321,4130
Crucero,2018-02-07,7.75,15.41,1.77,75.2,4.1,1.97,60.5,-14.34538,-70.0321,4130
Crucero,2018-02-08,4.63,8.81,1.54,86.44,3.1,1.48,60.45,-14.34538,-70.0321,4130
Crucero,2018-02-09,4.27,9.61,0.77,85.3,5.78,1.33,60.47,-14.34538,-70.0321,4130
Crucero,2018-02-10,5.5,11.08,0.6,84.74,3.64,1.75,60.5,-14.34538,-70.0321,4130
Crucero,2018-02-11,5.62,11.88,0.26,80.98,8.97,1.61,60.59,-14.34538,-70.0321,4130
Crucero,2018-02-12,5.06,8.95,2.05,88.7,6.18,1.66,60.63,-14.34538,-70.0321,4130
Crucero,2018-02-13,4.99,11.22,1.27,86.38,4.25,2.41,60.67,-14.34538,-70.0321,4130
Crucero,2018-02-14,5.42,11.96,-0.52,83.76,8.34,3.36,60.68,-14.34538,-70.0321,4130
Crucero,2018-02-15,5.07,11.77,0.66,83.67,2.05,3.11,60.68,-14.34538,-70.0321,4130
Crucero,2018-02-16,5.69,11.99,1.36,84.67,8.5,2.49,60.72,-14.34538,-70.0321,4130
Crucero,2018-02-17,4.89,10.15,1.46,87.0,5.66,1.94,60.63,-14.34538,-70.0321,4130
Crucero,2018-02-18,6.24,13.07,0.4,81.69,4.06,0.94,60.47,-14.34538,-70.0321,4130
Crucero,2018-02-19,5.13,9.86,1.25,82.03,12.1,1.34,60.44,-14.34538,-70.0321,4130
Crucero,2018-02-20,4.46,11.48,0.26,85.0,7.74,1.05,60.5,-14.34538,-70.0321,4130
Crucero,2018-02-21,3.87,7.95,0.09,86.54,8.15,2.03,60.58,-14.34538,-70.0321,4130
Crucero,2018-02-22,2.93,6.77,-0.11,91.58,16.1,2.1,60.57,-14.34538,-70.0321,4130
Crucero,2018-02-23,4.43,11.78,-1.67,82.97,6.38,1.73,60.53,-14.34538,-70.0321,4130
Crucero,2018-02-24,4.62,10.53,-1.33,84.86,7.98,2.27,60.5,-14.34538,-70.0321,4130
Crucero,2018-02-25,5.37,12.65,-2.29,79.96,0.18,2.22,60.53,-14.34538,-70.0321,4130
Crucero,2018-02-26,4.66,11.63,-0.93,82.63,1.75,2.43,60.57,-14.34538,-70.0321,4130
Crucero,2018-02-27,4.41,11.65,-1.68,85.42,4.24,1.81,60.55,-14.34538,-70.0321,4130
Crucero,2018-02-28,5.51,12.54,0.14,84.01,1.66,2.07,60.53,-14.34538,-70.0321,4130
Crucero,2018-03-01,5.96,12.2,0.93,84.23,2.02,2.48,60.63,-14.34538,-70.0321,4130
Crucero,2018-03-02,5.6,11.41,0.53,85.0,3.64,2.67,60.68,-14.34538,-70.0321,4130
Crucero,2018-03-03,5.7,11.23,1.41,84.71,2.27,2.97,60.62,-14.34538,-70.0321,4130
Crucero,2018-03-04,5.36,10.77,0.27,84.43,3.25,2.16,60.57,-14.34538,-70.0321,4130
Crucero,2018-03-05,5.01,10.49,1.24,85.99,6.89,2.39,60.52,-14.34538,-70.0321,4130
Crucero,2018-03-06,4.95,11.72,-0.07,86.2,21.93,2.94,60.51,-14.34538,-70.0321,4130
Crucero,2018-03-07,5.07,9.57,1.83,88.01,8.84,1.86,60.61,-14.34538,-70.0321,4130
Crucero,2018-03-08,5.19,12.11,1.43,86.74,10.57,1.08,60.62,-14.34538,-70.0321,4130
Crucero,2018-03-09,5.03,11.06,0.2,86.99,9.62,1.0,60.61,-14.34538,-70.0321,4130
Crucero,2018-03-10,5.43,11.11,1.05,87.47,6.03,1.17,60.62,-14.34538,-70.0321,4130
Crucero,2018-03-11,6.81,11.51,2.69,86.19,2.73,2.27,60.62,-14.34538,-70.0321,4130
Crucero,2018-03-12,6.19,12.69,2.03,86.52,4.66,1.86,60.59,-14.34538,-70.0321,4130
Crucero,2018-03-13,5.23,11.71,1.54,86.61,5.09,1.43,60.6,-14.34538,-70.0321,4130
Crucero,2018-03-14,4.32,8.95,0.42,89.58,7.81,1.43,60.6,-14.34538,-70.0321,4130
Crucero,2018-03-15,5.12,11.54,0.97,87.08,4.11,1.3,60.6,-14.34538,-70.0321,4130
Crucero,2018-03-16,5.15,11.23,1.14,88.19,3.05,2.01,60.6,-14.34538,-70.0321,4130
Crucero,2018-03-17,4.04,8.85,1.36,93.5,7.49,1.78,60.55,-14.34538,-70.0321,4130
Crucero,2018-03-18,4.67,11.37,0.86,88.3,1.5,1.43,60.49,-14.34538,-70.0321,4130
Crucero,2018-03-19,3.71,8.33,-0.19,91.76,0.23,1.65,60.48,-14.34538,-70.0321,4130
Crucero,2018-03-20,3.6,7.27,1.23,93.86,12.46,2.38,60.55,-14.34538,-70.0321,4130
Crucero,2018-03-21,4.55,10.06,0.81,87.85,5.36,2.56,60.68,-14.34538,-70.0321,4130
Crucero,2018-03-22,5.4,12.85,0.32,85.37,4.8,1.31,60.66,-14.34538,-70.0321,4130
Crucero,2018-03-23,6.11,12.22,0.0,84.08,0.0,1.88,60.58,-14.34538,-70.0321,4130
Crucero,2018-03-24,6.83,13.14,1.78,81.5,2.32,1.38,60.58,-14.34538,-70.0321,4130
Crucero,2018-03-25,6.68,11.41,3.33,83.74,1.87,3.1,60.62,-14.34538,-70.0321,4130
Crucero,2018-03-26,4.15,9.5,0.76,85.95,0.12,1.05,60.58,-14.34538,-70.0321,4130
Crucero,2018-03-27,5.51,12.69,0.15,82.31,0.01,0.9,60.52,-14.34538,-70.0321,4130
Crucero,2018-03-28,4.87,10.25,1.04,84.87,0.25,1.14,60.54,-14.34538,-70.0321,4130
Crucero,2018-03-29,5.29,12.07,-0.74,78.93,0.1,1.2,60.6,-14.34538,-70.0321,4130
Crucero,2018-03-30,4.67,11.77,1.02,86.89,5.19,1.12,60.56,-14.34538,-70.0321,4130
Crucero,2018-03-31,4.91,12.57,-0.89,66.31,0.73,1.09,60.51,-14.34538,-70.0321,4130
Crucero,2018-04-01,4.63,13.23,-3.92,74.43,0.35,1.4,60.5,-14.34538,-70.0321,4130
Crucero,2018-04-02,5.87,12.75,-0.23,76.91,1.22,1.09,60.53,-14.34538,-70.0321,4130
Crucero,2018-04-03,4.66,11.15,1.11,80.84,7.4,1.31,60.56,-14.34538,-70.0321,4130
Crucero,2018-04-04,5.57,12.91,0.09,74.36,1.29,1.14,60.58,-14.34538,-70.0321,4130
Crucero,2018-04-05,5.69,12.97,-0.59,75.61,1.59,1.37,60.58,-14.34538,-70.0321,4130
Crucero,2018-04-06,4.88,10.24,0.25,83.64,0.5,1.95,60.61,-14.34538,-70.0321,4130
Crucero,2018-04-07,3.81,9.99,-0.83,79.58,0.53,1.96,60.69,-14.34538,-70.0321,4130
Crucero,2018-04-08,3.08,8.01,-1.75,83.39,0.57,2.12,60.74,-14.34538,-70.0321,4130
Crucero,2018-04-09,4.23,10.34,-0.71,82.3,0.42,2.51,60.73,-14.34538,-70.0321,4130
Crucero,2018-04-10,4.94,9.81,0.3,82.03,0.22,1.61,60.74,-14.34538,-70.0321,4130
Crucero,2018-04-11,6.76,14.14,0.97,76.37,0.03,1.28,60.67,-14.34538,-70.0321,4130
Crucero,2018-04-12,6.79,13.67,2.72,78.15,0.55,2.18,60.71,-14.34538,-70.0321,4130
Crucero,2018-04-13,3.98,9.89,0.47,84.25,3.37,2.79,60.82,-14.34538,-70.0321,4130
Crucero,2018-04-14,4.52,12.07,-1.24,81.19,0.35,1.97,60.86,-14.34538,-70.0321,4130
Crucero,2018-04-15,3.94,12.86,-3.88,77.58,0.0,1.77,60.89,-14.34538,-70.0321,4130
Crucero,2018-04-16,4.13,12.89,-3.9,74.38,0.0,1.36,60.82,-14.34538,-70.0321,4130
Crucero,2018-04-17,5.34,12.64,-0.67,78.63,0.0,1.55,60.72,-14.34538,-70.0321,4130
Crucero,2018-04-18,5.55,11.93,0.6,80.71,0.81,1.51,60.73,-14.34538,-70.0321,4130
Crucero,2018-04-19,5.91,12.32,0.87,81.45,0.53,1.21,60.73,-14.34538,-70.0321,4130
Crucero,2018-04-20,6.33,12.2,1.96,81.49,0.05,2.0,60.72,-14.34538,-70.0321,4130
Crucero,2018-04-21,4.53,8.46,0.15,83.53,0.0,2.26,60.72,-14.34538,-70.0321,4130
Crucero,2018-04-22,4.79,12.03,-0.95,75.52,0.62,1.11,60.68,-14.34538,-70.0321,4130
Crucero,2018-04-23,4.08,10.55,0.53,83.69,0.07,2.28,60.71,-14.34538,-70.0321,4130
Crucero,2018-04-24,4.06,10.86,0.04,84.0,3.47,2.05,60.76,-14.34538,-70.0321,4130
Crucero,2018-04-25,4.1,10.69,-0.21,85.12,4.81,2.5,60.78,-14.34538,-70.0321,4130
Crucero,2018-04-26,3.56,10.27,-0.58,84.96,7.16,0.82,60.79,-14.34538,-70.0321,4130
Crucero,2018-04-27,4.01,10.29,0.42,85.5,0.2,1.61,60.76,-14.34538,-70.0321,4130
Crucero,2018-04-28,3.98,11.06,-2.44,80.0,1.8,2.23,60.8,-14.34538,-70.0321,4130
Crucero,2018-04-29,3.98,10.82,-2.53,83.45,5.71,1.46,60.82,-14.34538,-70.0321,4130
Crucero,2018-04-30,4.5,11.43,-1.39,81.22,0.14,1.91,60.82,-14.34538,-70.0321,4130
Crucero,2018-05-01,1.73,7.92,-3.54,75.96,0.0,2.35,60.89,-14.34538,-70.0321,4130
Crucero,2018-05-02,3.74,11.94,-1.69,70.91,0.0,1.93,60.85,-14.34538,-70.0321,4130
Crucero,2018-05-03,4.86,12.47,-2.72,80.27,0.0,1.26,60.72,-14.34538,-70.0321,4130
Crucero,2018-05-04,5.33,11.4,0.83,81.51,3.15,1.48,60.65,-14.34538,-70.0321,4130
Crucero,2018-05-05,3.72,9.59,-0.24,83.01,10.74,1.16,60.75,-14.34538,-70.0321,4130
Crucero,2018-05-06,3.71,9.5,-1.6,83.61,0.91,1.37,60.86,-14.34538,-70.0321,4130
Crucero,2018-05-07,4.0,8.49,0.45,86.83,0.42,1.17,60.82,-14.34538,-70.0321,4130
Crucero,2018-05-08,4.75,11.27,-0.71,83.4,10.77,1.93,60.75,-14.34538,-70.0321,4130
Crucero,2018-05-09,4.37,10.97,-0.56,83.56,0.7,1.02,60.78,-14.34538,-70.0321,4130
Crucero,2018-05-10,5.84,13.29,-0.16,77.16,0.0,1.39,60.74,-14.34538,-70.0321,4130
Crucero,2018-05-11,5.43,12.8,-1.72,79.02,1.11,1.07,60.77,-14.34538,-70.0321,4130
Crucero,2018-05-12,4.86,12.16,-0.68,77.92,2.38,1.22,60.75,-14.34538,-70.0321,4130
Crucero,2018-05-13,3.89,12.22,-3.48,67.82,0.05,1.14,60.64,-14.34538,-70.0321,4130
Crucero,2018-05-14,3.87,12.4,-4.92,49.11,0.0,1.57,60.62,-14.34538,-70.0321,4130
Crucero,2018-05-15,4.05,12.42,-1.65,57.14,0.0,1.16,60.67,-14.34538,-70.0321,4130
Crucero,2018-05-16,4.22,12.14,-2.82,70.79,0.34,0.96,60.68,-14.34538,-70.0321,4130
Crucero,2018-05-17,4.56,12.57,-2.26,76.14,0.54,0.99,60.64,-14.34538,-70.0321,4130
Crucero,2018-05-18,4.31,12.63,-3.46,70.05,0.12,1.31,60.61,-14.34538,-70.0321,4130
Crucero,2018-05-19,2.44,11.48,-2.92,77.88,1.32,2.14,60.74,-14.34538,-70.0321,4130
Crucero,2018-05-20,4.13,12.51,-2.37,76.11,0.01,1.35,60.67,-14.34538,-70.0321,4130
Crucero,2018-05-21,3.21,12.63,-4.0,68.73,0.0,1.45,60.61,-14.34538,-70.0321,4130
Crucero,2018-05-22,4.12,12.47,-2.34,73.66,0.0,1.06,60.65,-14.34538,-70.0321,4130
Crucero,2018-05-23,4.27,12.25,-2.25,74.14,0.0,1.27,60.73,-14.34538,-70.0321,4130
Crucero,2018-05-24,3.84,11.69,-2.4,74.96,0.0,1.08,60.8,-14.34538,-70.0321,4130
Crucero,2018-05-25,3.75,12.14,-2.88,75.44,0.0,1.1,60.75,-14.34538,-70.0321,4130
Crucero,2018-05-26,4.28,12.78,-3.0,73.85,0.0,1.07,60.71,-14.34538,-70.0321,4130
Crucero,2018-05-27,4.27,12.35,-2.9,78.89,0.0,1.25,60.72,-14.34538,-70.0321,4130
Crucero,2018-05-28,5.37,13.21,-0.21,71.74,0.0,1.47,60.74,-14.34538,-70.0321,4130
Crucero,2018-05-29,3.83,12.33,-3.14,61.18,0.98,1.1,60.68,-14.34538,-70.0321,4130
Crucero,2018-05-30,3.2,12.67,-4.51,62.09,0.79,1.55,60.65,-14.34538,-70.0321,4130
Crucero,2018-05-31,4.28,12.75,-2.76,74.74,0.71,1.31,60.6,-14.34538,-70.0321,4130
Crucero,2018-06-01,2.96,8.21,-1.46,78.72,1.37,1.24,60.6,-14.34538,-70.0321,4130
Crucero,2018-06-02,1.89,5.21,-0.74,94.36,4.73,1.97,60.59,-14.34538,-70.0321,4130
Crucero,2018-06-03,2.01,7.56,-1.92,89.1,5.85,2.23,60.76,-14.34538,-70.0321,4130
Crucero,2018-06-04,1.98,8.98,-2.89,84.29,0.59,1.95,60.87,-14.34538,-70.0321,4130
Crucero,2018-06-05,3.07,11.44,-3.03,74.88,0.0,1.72,60.77,-14.34538,-70.0321,4130
Crucero,2018-06-06,3.01,12.43,-3.75,75.17,0.09,2.29,60.63,-14.34538,-70.0321,4130
Crucero,2018-06-07,1.44,10.59,-4.2,75.73,0.02,2.33,60.75,-14.34538,-70.0321,4130
Crucero,2018-06-08,2.05,11.06,-4.35,75.31,0.09,2.3,60.74,-14.34538,-70.0321,4130
Crucero,2018-06-09,1.39,8.36,-3.98,81.88,1.5,2.6,60.72,-14.34538,-70.0321,4130
Crucero,2018-06-10,2.07,8.96,-3.06,83.12,0.28,2.54,60.64,-14.34538,-70.0321,4130
Crucero,2018-06-11,2.3,9.35,-2.27,83.96,0.27,2.15,60.63,-14.34538,-70.0321,4130
Crucero,2018-06-12,2.88,9.68,-1.69,83.5,0.05,2.19,60.67,-14.34538,-70.0321,4130
Crucero,2018-06-13,2.51,9.28,-1.91,86.69,0.0,3.17,60.72,-14.34538,-70.0321,4130
Crucero,2018-06-14,2.8,10.61,-2.95,81.77,0.0,3.01,60.73,-14.34538,-70.0321,4130
Crucero,2018-06-15,2.58,10.52,-3.47,79.46,0.0,1.63,60.77,-14.34538,-70.0321,4130
Crucero,2018-06-16,3.2,11.22,-2.82,78.38,0.0,1.02,60.8,-14.34538,-70.0321,4130
Crucero,2018-06-17,3.32,12.08,-3.4,75.02,0.0,1.43,60.85,-14.34538,-70.0321,4130
Crucero,2018-06-18,3.07,11.8,-3.77,73.76,0.0,1.19,60.88,-14.34538,-70.0321,4130
Crucero,2018-06-19,2.75,11.03,-4.57,71.71,0.0,1.1,60.83,-14.34538,-70.0321,4130
Crucero,2018-06-20,3.17,11.55,-3.17,67.16,0.0,1.43,60.76,-14.34538,-70.0321,4130
Crucero,2018-06-21,2.54,12.1,-4.29,73.61,0.0,1.52,60.77,-14.34538,-70.0321,4130
Crucero,2018-06-22,2.68,11.31,-3.68,73.39,0.0,1.35,60.71,-14.34538,-70.0321,4130
Crucero,2018-06-23,3.25,12.81,-4.22,71.89,0.0,1.68,60.62,-14.34538,-70.0321,4130
Crucero,2018-06-24,3.55,11.08,-2.54,78.27,0.07,1.43,60.67,-14.34538,-70.0321,4130
Crucero,2018-06-25,3.92,12.13,-3.63,74.13,0.41,1.16,60.69,-14.34538,-70.0321,4130
Crucero,2018-06-26,3.11,9.72,-1.49,86.0,0.06,1.42,60.65,-14.34538,-70.0321,4130
Crucero,2018-06-27,4.8,12.24,-0.36,80.15,0.03,1.59,60.61,-14.34538,-70.0321,4130
Crucero,2018-06-28,3.79,9.99,-1.73,82.57,0.0,1.11,60.67,-14.34538,-70.0321,4130
Crucero,2018-06-29,4.32,12.83,-3.65,74.78,0.0,1.34,60.7,-14.34538,-70.0321,4130
Crucero,2018-06-30,5.54,13.05,0.45,74.62,0.0,1.27,60.66,-14.34538,-70.0321,4130
Crucero,2018-07-01,4.26,12.97,-3.35,73.49,0.0,1.44,60.66,-14.34538,-70.0321,4130
Crucero,2018-07-02,3.91,12.6,-2.0,73.99,0.0,2.36,60.66,-14.34538,-70.0321,4130
Crucero,2018-07-03,3.11,12.02,-3.83,74.25,0.08,2.38,60.71,-14.34538,-70.0321,4130
Crucero,2018-07-04,3.79,13.47,-2.57,76.7,0.12,2.09,60.67,-14.34538,-70.0321,4130
Crucero,2018-07-05,3.95,13.89,-3.65,72.37,0.0,1.58,60.74,-14.34538,-70.0321,4130
Crucero,2018-07-06,3.81,13.33,-2.32,72.05,0.0,1.65,60.78,-14.34538,-70.0321,4130
Crucero,2018-07-07,2.59,12.66,-4.14,55.1,0.0,1.88,60.75,-14.34538,-70.0321,4130
Crucero,2018-07-08,3.35,12.24,-4.17,64.65,0.04,1.78,60.77,-14.34538,-70.0321,4130
Crucero,2018-07-09,3.6,8.7,0.32,81.42,0.51,0.91,60.8,-14.34538,-70.0321,4130
Crucero,2018-07-10,3.37,11.09,-3.87,72.6,0.2,1.33,60.71,-14.34538,-70.0321,4130
Crucero,2018-07-11,3.33,10.86,-3.23,77.45,0.0,1.24,60.64,-14.34538,-70.0321,4130
Crucero,2018-07-12,2.76,11.17,-2.94,74.2,0.0,2.1,60.72,-14.34538,-70.0321,4130
Crucero,2018-07-13,1.46,10.89,-4.2,73.99,0.0,2.27,60.77,-14.34538,-70.0321,4130
Crucero,2018-07-14,2.07,10.54,-4.88,72.82,0.0,2.13,60.7,-14.34538,-70.0321,4130
Crucero,2018-07-15,3.06,11.96,-4.08,73.39,0.0,1.39,60.67,-14.34538,-70.0321,4130
Crucero,2018-07-16,2.68,8.37,-0.94,84.55,0.0,1.73,60.77,-14.34538,-70.0321,4130
Crucero,2018-07-17,4.0,12.3,-2.79,74.61,0.0,2.16,60.76,-14.34538,-70.0321,4130
Crucero,2018-07-18,3.21,10.16,-3.17,78.34,0.24,3.22,60.66,-14.34538,-70.0321,4130
Crucero,2018-07-19,3.93,10.37,-2.23,81.3,0.36,3.53,60.57,-14.34538,-70.0321,4130
Crucero,2018-07-20,3.77,9.24,0.01,82.44,2.55,3.89,60.62,-14.34538,-70.0321,4130
Crucero,2018-07-21,1.32,5.83,-0.96,89.7,6.57,4.52,60.57,-14.34538,-70.0321,4130
Crucero,2018-07-22,2.7,9.36,-3.37,77.74,0.17,0.99,60.68,-14.34538,-70.0321,4130
Crucero,2018-07-23,2.88,10.63,-3.24,78.27,0.0,2.09,60.75,-14.34538,-70.0321,4130
Crucero,2018-07-24,3.45,12.87,-4.2,71.59,0.0,1.62,60.8,-14.34538,-70.0321,4130
Crucero,2018-07-25,3.3,11.81,-3.31,74.24,0.0,1.33,60.84,-14.34538,-70.0321,4130
Crucero,2018-07-26,2.48,11.84,-5.26,59.82,0.0,2.24,60.77,-14.34538,-70.0321,4130
Crucero,2018-07-27,3.08,12.87,-4.52,60.26,1.13,1.35,60.75,-14.34538,-70.0321,4130
Crucero,2018-07-28,3.06,13.95,-5.02,59.75,0.47,1.6,60.72,-14.34538,-70.0321,4130
Crucero,2018-07-29,3.52,13.6,-3.66,54.6,0.0,1.27,60.71,-14.34538,-70.0321,4130
Crucero,2018-07-30,4.23,14.2,-4.11,56.67,0.0,1.35,60.68,-14.34538,-70.0321,4130
Crucero,2018-07-31,4.58,13.09,-3.12,70.81,0.09,1.19,60.7,-14.34538,-70.0321,4130
Crucero,2018-08-01,4.37,8.92,0.98,69.84,0.0,0.7,60.69,-14.34538,-70.0321,4130
Crucero,2018-08-02,3.72,11.38,-1.34,70.89,0.0,1.99,60.64,-14.34538,-70.0321,4130
Crucero,2018-08-03,3.07,9.1,-0.98,80.52,0.0,1.89,60.59,-14.34538,-70.0321,4130
Crucero,2018-08-04,3.85,12.27,-1.84,80.11,1.92,3.0,60.46,-14.34538,-70.0321,4130
Crucero,2018-08-05,1.58,4.49,-1.05,85.64,1.25,1.79,60.5,-14.34538,-70.0321,4130
Crucero,2018-08-06,2.19,8.66,-1.85,78.49,0.33,1.39,60.65,-14.34538,-70.0321,4130
Crucero,2018-08-07,0.54,4.88,-3.6,82.2,0.25,1.92,60.77,-14.34538,-70.0321,4130
Crucero,2018-08-08,2.87,11.04,-4.3,74.66,0.13,1.43,60.83,-14.34538,-70.0321,4130
Crucero,2018-08-09,3.68,11.12,-1.12,75.88,0.04,1.04,60.86,-14.34538,-70.0321,4130
Crucero,2018-08-10,3.15,10.87,-2.45,76.4,0.0,0.95,60.81,-14.34538,-70.0321,4130
Crucero,2018-08-11,3.21,11.1,-2.78,74.85,0.11,1.32,60.83,-14.34538,-70.0321,4130
Crucero,2018-08-12,2.93,9.47,-2.14,74.01,0.08,0.83,60.8,-14.34538,-70.0321,4130
Crucero,2018-08-13,3.15,11.19,-4.12,67.86,0.0,1.53,60.7,-14.34538,-70.0321,4130
Crucero,2018-08-14,4.06,12.31,-3.29,61.0,0.05,1.23,60.64,-14.34538,-70.0321,4130
Crucero,2018-08-15,2.85,8.11,-0.09,75.34,1.11,1.38,60.75,-14.34538,-70.0321,4130
Crucero,2018-08-16,3.42,11.16,-2.7,74.07,0.03,1.47,60.84,-14.34538,-70.0321,4130
Crucero,2018-08-17,3.55,10.13,-1.71,76.03,0.52,1.03,60.86,-14.34538,-70.0321,4130
Crucero,2018-08-18,4.76,13.32,-2.5,62.19,0.18,1.49,60.72,-14.34538,-70.0321,4130
Crucero,2018-08-19,2.29,7.12,-2.85,81.73,1.82,1.0,60.68,-14.34538,-70.0321,4130
Crucero,2018-08-20,0.72,3.45,-0.98,88.83,17.22,1.7,60.71,-14.34538,-70.0321,4130
Crucero,2018-08-21,1.59,8.32,-3.35,85.09,3.65,0.93,60.73,-14.34538,-70.0321,4130
Crucero,2018-08-22,3.46,11.01,-3.03,75.56,0.06,1.59,60.73,-14.34538,-70.0321,4130
Crucero,2018-08-23,4.45,14.04,-4.32,55.83,0.0,1.49,60.64,-14.34538,-70.0321,4130
Crucero,2018-08-24,4.34,13.61,-4.66,49.47,0.0,2.1,60.67,-14.34538,-70.0321,4130
Crucero,2018-08-25,2.87,9.06,-1.38,69.78,0.0,2.4,60.76,-14.34538,-70.0321,4130
Crucero,2018-08-26,2.13,7.65,-1.25,78.66,0.0,0.85,60.78,-14.34538,-70.0321,4130
Crucero,2018-08-27,3.76,12.63,-3.75,72.78,0.03,1.57,60.73,-14.34538,-70.0321,4130
Crucero,2018-08-28,4.35,11.9,-1.2,74.46,0.01,2.12,60.71,-14.34538,-70.0321,4130
Crucero,2018-08-29,5.09,12.52,-1.29,73.57,0.0,1.72,60.7,-14.34538,-70.0321,4130
Crucero,2018-08-30,5.7,13.15,-0.21,68.81,0.0,1.83,60.67,-14.34538,-70.0321,4130
Crucero,2018-08-31,5.57,13.52,-1.71,66.66,0.0,1.54,60.65,-14.34538,-70.0321,4130
Crucero,2018-09-01,4.84,13.06,-0.49,64.66,1.24,2.35,60.62,-14.34538,-70.0321,4130
Crucero,2018-09-02,3.73,13.35,-5.59,48.74,0.03,2.24,60.7,-14.34538,-70.0321,4130
Crucero,2018-09-03,4.09,13.93,-3.28,68.08,0.0,2.54,60.73,-14.34538,-70.0321,4130
Crucero,2018-09-04,3.06,13.68,-5.4,46.79,0.0,1.93,60.69,-14.34538,-70.0321,4130
Crucero,2018-09-05,4.24,14.4,-3.79,67.49,0.0,2.16,60.65,-14.34538,-70.0321,4130
Crucero,2018-09-06,5.17,14.95,-2.92,69.58,0.0,2.02,60.66,-14.34538,-70.0321,4130
Crucero,2018-09-07,5.54,14.08,-1.72,70.51,0.0,1.27,60.69,-14.34538,-70.0321,4130
Crucero,2018-09-08,5.3,13.29,-0.9,71.52,0.0,1.27,60.69,-14.34538,-70.0321,4130
Crucero,2018-09-09,5.1,12.43,-0.45,73.92,0.0,1.59,60.68,-14.34538,-70.0321,4130
Crucero,2018-09-10,5.18,13.11,-0.08,74.06,0.0,2.34,60.7,-14.34538,-70.0321,4130
Crucero,2018-09-11,5.0,12.83,-0.71,74.24,0.0,1.96,60.69,-14.34538,-70.0321,4130
Crucero,2018-09-12,6.02,15.47,-1.53,65.24,0.0,1.26,60.64,-14.34538,-70.0321,4130
Crucero,2018-09-13,6.41,15.4,-2.12,63.56,0.0,1.46,60.57,-14.34538,-70.0321,4130
Crucero,2018-09-14,3.39,8.72,0.59,80.15,0.0,1.86,60.59,-14.34538,-70.0321,4130
Crucero,2018-09-15,3.91,11.76,-0.59,80.23,0.84,2.02,60.56,-14.34538,-70.0321,4130
Crucero,2018-09-16,5.58,14.37,-1.85,67.38,0.59,2.11,60.55,-14.34538,-70.0321,4130
Crucero,2018-09-17,5.66,13.82,-0.63,47.96,1.64,1.9,60.59,-14.34538,-70.0321,4130
Crucero,2018-09-18,4.48,12.16,-1.4,61.35,0.74,1.05,60.57,-14.34538,-70.0321,4130
Crucero,2018-09-19,6.2,16.34,-4.26,57.66,0.64,1.73,60.59,-14.34538,-70.0321,4130
Crucero,2018-09-20,4.2,10.3,-0.26,72.96,0.06,2.34,60.72,-14.34538,-70.0321,4130
Crucero,2018-09-21,5.33,14.94,-2.09,71.9,0.41,2.41,60.68,-14.34538,-70.0321,4130
Crucero,2018-09-22,4.6,12.06,0.08,75.59,0.18,2.33,60.65,-14.34538,-70.0321,4130
Crucero,2018-09-23,5.28,14.12,-2.55,69.25,0.0,1.4,60.61,-14.34538,-70.0321,4130
Crucero,2018-09-24,3.87,8.96,0.63,78.82,0.22,2.52,60.63,-14.34538,-70.0321,4130
Crucero,2018-09-25,4.64,11.79,-1.55,66.88,0.19,1.15,60.6,-14.34538,-70.0321,4130
Crucero,2018-09-26,5.43,13.4,-1.05,64.38,0.17,1.47,60.6,-14.34538,-70.0321,4130
Crucero,2018-09-27,5.1,13.07,-1.67,65.76,0.01,1.88,60.61,-14.34538,-70.0321,4130
Crucero,2018-09-28,6.26,13.43,0.98,63.35,0.78,1.41,60.64,-14.34538,-70.0321,4130
Crucero,2018-09-29,7.24,16.64,-1.69,64.05,0.23,1.66,60.56,-14.34538,-70.0321,4130
Crucero,2018-09-30,8.85,17.93,1.56,59.18,0.02,1.39,60.55,-14.34538,-70.0321,4130
Crucero,2018-10-01,7.0,15.68,-0.32,68.54,1.4,2.72,60.67,-14.34538,-70.0321,4130
Crucero,2018-10-02,7.56,16.55,0.3,67.1,0.07,3.07,60.69,-14.34538,-70.0321,4130
Crucero,2018-10-03,6.23,14.44,0.35,70.21,0.03,3.5,60.7,-14.34538,-70.0321,4130
Crucero,2018-10-04,5.08,12.81,0.11,73.42,0.62,3.72,60.7,-14.34538,-70.0321,4130
Crucero,2018-10-05,4.77,11.51,-0.49,80.22,123.04,3.05,60.67,-14.34538,-70.0321,4130
Crucero,2018-10-06,2.39,6.31,0.16,90.13,11.55,0.86,60.67,-14.34538,-70.0321,4130
Crucero,2018-10-07,2.67,9.25,-2.41,89.05,1.69,1.78,60.64,-14.34538,-70.0321,4130
Crucero,2018-10-08,4.41,12.48,-1.37,77.43,0.0,2.78,60.61,-14.34538,-70.0321,4130
Crucero,2018-10-09,5.06,12.95,-1.48,79.39,9.39,1.31,60.62,-14.34538,-70.0321,4130
Crucero,2018-10-10,3.68,9.67,0.59,88.68,6.81,1.52,60.57,-14.34538,-70.0321,4130
Crucero,2018-10-11,3.72,9.7,0.21,86.66,0.67,1.92,60.64,-14.34538,-70.0321,4130
Crucero,2018-10-12,4.72,10.59,0.39,85.58,3.23,2.57,60.64,-14.34538,-70.0321,4130
Crucero,2018-10-13,4.72,8.61,1.68,85.34,0.08,2.07,60.7,-14.34538,-70.0321,4130
Crucero,2018-10-14,4.99,10.56,1.1,84.76,5.43,2.32,60.67,-14.34538,-70.0321,4130
Crucero,2018-10-15,4.27,9.28,1.1,86.6,1.53,1.76,60.62,-14.34538,-70.0321,4130
Crucero,2018-10-16,4.37,11.82,-0.45,84.11,1.32,1.93,60.57,-14.34538,-70.0321,4130
Crucero,2018-10-17,4.33,11.51,-0.29,85.67,1.08,2.11,60.57,-14.34538,-70.0321,4130
Crucero,2018-10-18,5.33,11.98,0.73,82.0,0.05,2.54,60.66,-14.34538,-70.0321,4130
Crucero,2018-10-19,5.64,10.73,1.42,82.27,0.49,1.38,60.64,-14.34538,-70.0321,4130
Crucero,2018-10-20,4.67,8.79,1.41,86.55,4.9,1.62,60.6,-14.34538,-70.0321,4130
Crucero,2018-10-21,4.87,12.27,-2.23,79.84,0.06,2.23,60.56,-14.34538,-70.0321,4130
Crucero,2018-10-22,5.6,13.13,-0.48,80.37,1.8,1.7,60.52,-14.34538,-70.0321,4130
Crucero,2018-10-23,4.39,11.65,0.15,85.61,1.41,1.66,60.56,-14.34538,-70.0321,4130
Crucero,2018-10-24,5.56,10.89,0.82,81.4,4.44,1.71,60.59,-14.34538,-70.0321,4130
Crucero,2018-10-25,4.48,10.59,0.39,87.21,4.37,1.9,60.55,-14.34538,-70.0321,4130
Crucero,2018-10-26,3.88,7.3,0.66,86.1,1.45,1.27,60.6,-14.34538,-70.0321,4130
Crucero,2018-10-27,4.8,11.36,0.92,84.81,1.93,2.27,60.65,-14.34538,-70.0321,4130
Crucero,2018-10-28,6.43,14.08,0.06,77.14,0.1,1.72,60.63,-14.34538,-70.0321,4130
Crucero,2018-10-29,6.65,13.37,2.05,80.3,0.56,1.68,60.62,-14.34538,-70.0321,4130
Crucero,2018-10-30,6.16,12.57,1.85,81.05,1.13,1.9,60.69,-14.34538,-70.0321,4130
Crucero,2018-10-31,7.31,14.36,1.79,75.24,1.44,2.06,60.73,-14.34538,-70.0321,4130
Crucero,2018-11-01,7.2,13.55,2.7,75.27,0.08,2.57,60.67,-14.34538,-70.0321,4130
Crucero,2018-11-02,7.03,14.0,2.24,74.49,1.47,0.94,60.6,-14.34538,-70.0321,4130
Crucero,2018-11-03,6.88,14.04,0.25,73.93,1.6,1.92,60.5,-14.34538,-70.0321,4130
Crucero,2018-11-04,5.63,11.26,0.53,80.38,1.95,1.67,60.53,-14.34538,-70.0321,4130
Crucero,2018-11-05,3.92,5.92,1.69,86.95,1.68,1.74,60.54,-14.34538,-70.0321,4130
Crucero,2018-11-06,5.85,12.27,0.99,81.51,0.96,1.35,60.53,-14.34538,-70.0321,4130
Crucero,2018-11-07,5.49,12.23,1.58,83.03,3.67,3.13,60.57,-14.34538,-70.0321,4130
Crucero,2018-11-08,6.5,13.56,0.13,79.95,2.39,1.79,60.59,-14.34538,-70.0321,4130
Crucero,2018-11-09,7.38,13.47,3.49,81.85,0.02,1.7,60.62,-14.34538,-70.0321,4130
Crucero,2018-11-10,7.44,14.31,2.85,78.26,0.0,2.18,60.58,-14.34538,-70.0321,4130
Crucero,2018-11-11,6.88,14.07,0.93,75.28,0.0,1.69,60.55,-14.34538,-70.0321,4130
Crucero,2018-11-12,5.45,12.03,1.71,81.8,0.0,1.99,60.54,-14.34538,-70.0321,4130
Crucero,2018-11-13,7.29,15.32,-0.33,66.88,2.38,1.97,60.59,-14.34538,-70.0321,4130
Crucero,2018-11-14,7.04,15.01,-0.64,72.33,1.26,2.02,60.61,-14.34538,-70.0321,4130
Crucero,2018-11-15,6.65,13.69,2.9,80.25,7.13,2.75,60.58,-14.34538,-70.0321,4130
Crucero,2018-11-16,6.41,11.86,2.26,80.11,3.7,1.61,60.63,-14.34538,-70.0321,4130
Crucero,2018-11-17,7.06,13.12,1.9,78.29,1.17,2.13,60.6,-14.34538,-70.0321,4130
Crucero,2018-11-18,6.05,8.79,4.0,83.37,1.79,1.69,60.66,-14.34538,-70.0321,4130
Crucero,2018-11-19,4.5,10.18,1.52,87.64,2.33,1.55,60.63,-14.34538,-70.0321,4130
Crucero,2018-11-20,5.59,11.7,0.82,83.43,0.98,1.76,60.67,-14.34538,-70.0321,4130
Crucero,2018-11-21,6.83,15.02,1.22,80.34,0.52,1.61,60.65,-14.34538,-70.0321,4130
Crucero,2018-11-22,5.22,12.96,-0.3,78.66,0.38,2.21,60.6,-14.34538,-70.0321,4130
Crucero,2018-11-23,8.46,17.07,-1.42,66.8,1.07,1.51,60.53,-14.34538,-70.0321,4130
Crucero,2018-11-24,9.12,17.42,2.76,64.87,2.91,1.99,60.52,-14.34538,-70.0321,4130
Crucero,2018-11-25,5.99,10.88,1.69,84.09,3.28,1.97,60.59,-14.34538,-70.0321,4130
Crucero,2018-11-26,6.03,13.01,1.65,80.54,17.23,1.38,60.59,-14.34538,-70.0321,4130
Crucero,2018-11-27,5.99,12.33,1.0,79.49,2.49,1.44,60.5,-14.34538,-70.0321,4130
Crucero,2018-11-28,5.46,12.58,1.37,78.9,7.93,1.96,60.51,-14.34538,-70.0321,4130
Crucero,2018-11-29,7.12,14.7,-0.16,67.81,2.54,1.87,60.49,-14.34538,-70.0321,4130
Crucero,2018-11-30,7.61,16.12,-1.2,63.25,2.39,1.84,60.47,-14.34538,-70.0321,4130
Crucero,2018-12-01,7.09,15.7,-1.44,62.09,1.24,1.9,60.48,-14.34538,-70.0321,4130
Crucero,2018-12-02,5.18,12.9,-0.53,76.97,2.0,2.04,60.55,-14.34538,-70.0321,4130
Crucero,2018-12-03,7.82,16.63,1.13,66.63,0.09,1.7,60.49,-14.34538,-70.0321,4130
Crucero,2018-12-04,7.37,16.4,-1.39,55.46,0.54,1.51,60.43,-14.34538,-70.0321,4130
Crucero,2018-12-05,5.95,14.5,-1.83,65.09,0.36,2.03,60.47,-14.34538,-70.0321,4130
Crucero,2018-12-06,5.45,12.09,0.91,76.29,0.31,2.08,60.66,-14.34538,-70.0321,4130
Crucero,2018-12-07,5.1,12.64,-1.12,74.27,1.48,2.74,60.81,-14.34538,-70.0321,4130
Crucero,2018-12-08,6.41,14.58,1.53,73.65,0.13,3.4,60.87,-14.34538,-70.0321,4130
Crucero,2018-12-09,7.03,15.59,0.04,57.67,0.0,2.42,60.82,-14.34538,-70.0321,4130
Crucero,2018-12-10,6.41,15.3,-0.85,50.89,0.0,2.66,60.91,-14.34538,-70.0321,4130
Crucero,2018-12-11,6.55,14.97,-0.56,64.17,0.0,2.62,60.94,-14.34538,-70.0321,4130
Crucero,2018-12-12,6.75,15.57,-0.08,60.34,0.22,2.52,60.85,-14.34538,-70.0321,4130
Crucero,2018-12-13,6.99,15.6,0.14,65.97,1.98,2.44,60.77,-14.34538,-70.0321,4130
Crucero,2018-12-14,7.14,14.23,-0.22,76.46,4.14,1.87,60.69,-14.34538,-70.0321,4130
Crucero,2018-12-15,5.39,10.78,1.82,84.86,2.67,2.4,60.7,-14.34538,-70.0321,4130
Crucero,2018-12-16,4.23,11.52,0.27,85.16,5.68,1.85,60.71,-14.34538,-70.0321,4130
Crucero,2018-12-17,4.68,12.42,0.41,82.09,5.84,1.88,60.65,-14.34538,-70.0321,4130
Crucero,2018-12-18,4.9,9.89,0.59,80.55,1.46,1.0,60.67,-14.34538,-70.0321,4130
Crucero,2018-12-19,4.52,9.52,1.19,81.95,26.32,1.34,60.65,-14.34538,-70.0321,4130
Crucero,2018-12-20,1.9,6.78,-0.41,86.07,30.02,2.27,60.62,-14.34538,-70.0321,4130
Crucero,2018-12-21,4.11,11.23,-0.71,83.68,0.44,1.32,60.57,-14.34538,-70.0321,4130
Crucero,2018-12-22,5.15,13.09,-2.85,75.86,0.79,1.73,60.62,-14.34538,-70.0321,4130
Crucero,2018-12-23,6.58,13.72,0.84,77.19,4.62,1.89,60.61,-14.34538,-70.0321,4130
Crucero,2018-12-24,5.36,9.61,1.29,83.97,7.14,1.51,60.57,-14.34538,-70.0321,4130
Crucero,2018-12-25,6.0,11.66,0.76,82.71,3.33,1.35,60.58,-14.34538,-70.0321,4130
Crucero,2018-12-26,3.6,6.7,1.27,90.44,7.33,1.74,60.54,-14.34538,-70.0321,4130
Crucero,2018-12-27,5.16,10.15,1.0,85.51,3.71,1.34,60.53,-14.34538,-70.0321,4130
Crucero,2018-12-28,5.61,12.12,0.96,83.98,1.82,1.87,60.52,-14.34538,-70.0321,4130
Crucero,2018-12-29,5.52,12.31,-1.21,77.29,2.07,2.16,60.5,-14.34538,-70.0321,4130
Crucero,2018-12-30,6.24,13.11,0.17,77.75,15.28,2.62,60.46,-14.34538,-70.0321,4130
Crucero,2018-12-31,4.87,9.47,1.37,88.13,1.84,1.92,60.52,-14.34538,-70.0321,4130
Crucero,2019-01-01,5.51,12.94,0.81,82.67,4.14,2.17,60.57,-14.34538,-70.0321,4130
Crucero,2019-01-02,6.31,11.96,1.74,84.43,1.2,1.81,60.62,-14.34538,-70.0321,4130
Crucero,2019-01-03,3.63,8.51,1.09,92.32,12.68,2.35,60.59,-14.34538,-70.0321,4130
Crucero,2019-01-04,3.96,8.88,0.39,87.24,8.32,2.19,60.66,-14.34538,-70.0321,4130
Crucero,2019-01-05,5.05,10.76,0.16,85.19,1.17,1.46,60.68,-14.34538,-70.0321,4130
Crucero,2019-01-06,6.96,15.08,-0.68,71.93,0.75,2.02,60.62,-14.34538,-70.0321,4130
Crucero,2019-01-07,6.88,14.62,-0.67,78.68,0.22,2.01,60.6,-14.34538,-70.0321,4130
Crucero,2019-01-08,6.9,11.68,2.97,81.13,3.34,1.47,60.62,-14.34538,-70.0321,4130
Crucero,2019-01-09,7.17,13.7,2.35,79.89,0.87,2.3,60.54,-14.34538,-70.0321,4130
Crucero,2019-01-10,6.33,10.3,3.86,82.06,0.67,2.09,60.49,-14.34538,-70.0321,4130
Crucero,2019-01-11,4.46,8.78,1.18,88.1,3.3,2.18,60.58,-14.34538,-70.0321,4130
Crucero,2019-01-12,5.16,11.83,-0.29,83.32,0.88,2.22,60.58,-14.34538,-70.0321,4130
Crucero,2019-01-13,4.84,10.78,0.99,85.35,0.34,2.05,60.58,-14.34538,-70.0321,4130
Crucero,2019-01-14,4.44,8.9,1.3,90.35,2.31,1.89,60.62,-14.34538,-70.0321,4130
Crucero,2019-01-15,4.52,11.22,0.33,85.82,2.67,2.14,60.7,-14.34538,-70.0321,4130
Crucero,2019-01-16,5.59,12.77,-1.04,81.32,0.14,3.11,60.75,-14.34538,-70.0321,4130
Crucero,2019-01-17,5.57,10.98,2.07,84.93,5.73,2.46,60.74,-14.34538,-70.0321,4130
Crucero,2019-01-18,5.04,10.86,0.85,82.88,0.21,3.11,60.72,-14.34538,-70.0321,4130
Crucero,2019-01-19,4.66,9.34,0.35,82.33,2.01,2.12,60.76,-14.34538,-70.0321,4130
Crucero,2019-01-20,6.36,13.21,0.89,83.18,1.2,2.1,60.73,-14.34538,-70.0321,4130
Crucero,2019-01-21,6.99,13.65,0.76,79.51,4.29,2.38,60.75,-14.34538,-70.0321,4130
Crucero,2019-01-22,5.21,11.11,1.68,83.41,2.4,2.9,60.78,-14.34538,-70.0321,4130
Crucero,2019-01-23,5.9,12.5,0.71,81.78,0.03,3.02,60.76,-14.34538,-70.0321,4130
Crucero,2019-01-24,5.76,11.75,0.37,80.79,0.37,3.51,60.79,-14.34538,-70.0321,4130
Crucero,2019-01-25,6.11,13.2,0.62,78.28,0.23,2.8,60.79,-14.34538,-70.0321,4130
Crucero,2019-01-26,5.72,13.17,0.04,79.22,0.68,2.29,60.7,-14.34538,-70.0321,4130
Crucero,2019-01-27,6.37,12.05,1.19,84.38,1.43,3.02,60.66,-14.34538,-70.0321,4130
Crucero,2019-01-28,6.33,11.52,1.94,84.5,6.73,3.24,60.59,-14.34538,-70.0321,4130
Crucero,2019-01-29,4.82,11.67,1.56,85.9,3.08,1.99,60.62,-14.34538,-70.0321,4130
Crucero,2019-01-30,4.34,9.26,1.08,87.35,7.98,2.04,60.58,-14.34538,-70.0321,4130
Crucero,2019-01-31,4.75,11.67,0.76,86.1,3.99,2.2,60.6,-14.34538,-70.0321,4130
Crucero,2019-02-01,4.55,11.34,0.23,85.26,9.45,1.39,60.65,-14.34538,-70.0321,4130
Crucero,2019-02-02,3.8,7.58,-0.03,89.98,4.67,1.57,60.65,-14.34538,-70.0321,4130
Crucero,2019-02-03,5.41,11.53,0.73,83.56,3.93,3.24,60.69,-14.34538,-70.0321,4130
Crucero,2019-02-04,5.61,12.07,0.02,82.82,5.4,3.13,60.73,-14.34538,-70.0321,4130
Crucero,2019-02-05,5.5,11.8,0.94,83.94,13.34,3.06,60.71,-14.34538,-70.0321,4130
Crucero,2019-02-06,6.22,13.0,-0.52,80.89,0.35,3.28,60.64,-14.34538,-70.0321,4130
Crucero,2019-02-07,5.71,11.77,1.97,83.48,0.48,2.58,60.58,-14.34538,-70.0321,4130
Crucero,2019-02-08,4.99,10.37,0.78,83.47,5.09,2.0,60.58,-14.34538,-70.0321,4130
Crucero,2019-02-09,5.1,10.32,1.28,83.56,1.32,1.07,60.64,-14.34538,-70.0321,4130
Crucero,2019-02-10,5.45,10.72,1.44,84.5,4.56,1.29,60.6,-14.34538,-70.0321,4130
Crucero,2019-02-11,5.57,11.85,1.43,85.35,7.92,1.27,60.59,-14.34538,-70.0321,4130
Crucero,2019-02-12,5.03,11.87,0.82,85.83,2.02,2.05,60.73,-14.34538,-70.0321,4130
Crucero,2019-02-13,4.64,10.22,0.88,85.99,9.71,1.29,60.79,-14.34538,-70.0321,4130
Crucero,2019-02-14,6.21,12.39,2.01,85.53,0.96,2.23,60.68,-14.34538,-70.0321,4130
Crucero,2019-02-15,4.79,8.54,2.42,92.81,3.84,1.73,60.69,-14.34538,-70.0321,4130
Crucero,2019-02-16,5.3,10.38,1.2,88.8,7.43,1.06,60.69,-14.34538,-70.0321,4130
Crucero,2019-02-17,5.84,13.29,0.44,83.34,8.27,1.56,60.64,-14.34538,-70.0321,4130
Crucero,2019-02-18,6.71,11.92,2.32,84.54,1.23,1.24,60.66,-14.34538,-70.0321,4130
Crucero,2019-02-19,6.89,12.06,2.09,84.16,0.32,1.82,60.65,-14.34538,-70.0321,4130
Crucero,2019-02-20,5.62,11.64,1.5,85.11,0.48,2.01,60.64,-14.34538,-70.0321,4130
Crucero,2019-02-21,6.11,12.94,1.42,82.67,1.02,1.56,60.73,-14.34538,-70.0321,4130
Crucero,2019-02-22,5.84,11.19,2.22,84.23,0.33,1.75,60.78,-14.34538,-70.0321,4130
Crucero,2019-02-23,7.11,12.62,2.16,79.72,0.06,1.23,60.64,-14.34538,-70.0321,4130
Crucero,2019-02-24,5.65,11.98,0.84,84.39,1.86,2.17,60.53,-14.34538,-70.0321,4130
Crucero,2019-02-25,6.26,12.8,1.36,83.17,1.69,0.85,60.49,-14.34538,-70.0321,4130
Crucero,2019-02-26,6.94,14.04,1.29,80.09,3.21,2.18,60.53,-14.34538,-70.0321,4130
Crucero,2019-02-27,4.9,9.56,1.74,87.19,2.15,1.45,60.58,-14.34538,-70.0321,4130
Crucero,2019-02-28,2.86,7.49,0.23,91.0,4.21,1.64,60.67,-14.34538,-70.0321,4130
Crucero,2019-03-01,5.8,12.71,0.57,84.46,2.03,1.78,60.69,-14.34538,-70.0321,4130
Crucero,2019-03-02,6.28,13.16,0.99,83.51,0.6,1.79,60.73,-14.34538,-70.0321,4130
Crucero,2019-03-03,6.23,11.95,2.12,81.7,0.19,1.99,60.71,-14.34538,-70.0321,4130
Crucero,2019-03-04,6.03,12.68,0.65,78.85,0.24,1.55,60.7,-14.34538,-70.0321,4130
Crucero,2019-03-05,6.27,14.02,0.09,78.47,0.79,1.67,60.77,-14.34538,-70.0321,4130
Crucero,2019-03-06,5.92,11.36,2.21,81.3,2.31,2.33,60.83,-14.34538,-70.0321,4130
Crucero,2019-03-07,5.99,13.99,-0.65,77.44,0.03,1.74,60.77,-14.34538,-70.0321,4130
Crucero,2019-03-08,7.15,14.8,0.71,78.33,0.0,2.26,60.7,-14.34538,-70.0321,4130
Crucero,2019-03-09,6.77,12.04,2.33,79.77,1.29,2.82,60.72,-14.34538,-70.0321,4130
Crucero,2019-03-10,6.0,12.55,1.55,84.53,0.79,2.71,60.73,-14.34538,-70.0321,4130
Crucero,2019-03-11,5.63,13.34,1.5,82.83,4.17,1.23,60.69,-14.34538,-70.0321,4130
Crucero,2019-03-12,6.31,13.84,1.29,81.44,2.83,1.73,60.62,-14.34538,-70.0321,4130
Crucero,2019-03-13,4.91,10.22,0.95,87.37,4.3,1.56,60.64,-14.34538,-70.0321,4130
Crucero,2019-03-14,4.42,11.06,1.04,88.4,7.5,1.7,60.65,-14.34538,-70.0321,4130
Crucero,2019-03-15,6.81,15.01,0.45,78.54,3.48,1.78,60.67,-14.34538,-70.0321,4130
Crucero,2019-03-16,6.27,13.39,1.75,84.46,3.04,2.1,60.62,-14.34538,-70.0321,4130
Crucero,2019-03-17,4.5,12.14,0.19,87.57,4.39,1.57,60.65,-14.34538,-70.0321,4130
Crucero,2019-03-18,5.74,12.26,1.3,83.19,4.31,1.64,60.67,-14.34538,-70.0321,4130
Crucero,2019-03-19,6.52,12.91,1.68,81.68,3.48,1.66,60.64,-14.34538,-70.0321,4130
Crucero,2019-03-20,5.38,9.91,2.1,87.48,7.84,1.35,60.64,-14.34538,-70.0321,4130
Crucero,2019-03-21,5.98,11.65,2.54,85.78,8.68,1.57,60.67,-14.34538,-70.0321,4130
Crucero,2019-03-22,6.07,13.09,1.5,83.33,0.71,1.76,60.68,-14.34538,-70.0321,4130
Crucero,2019-03-23,6.61,13.84,0.25,80.27,0.35,2.29,60.75,-14.34538,-70.0321,4130
Crucero,2019-03-24,6.34,12.78,1.7,81.87,5.17,1.91,60.73,-14.34538,-70.0321,4130
Crucero,2019-03-25,5.11,12.3,0.97,85.4,5.3,1.7,60.66,-14.34538,-70.0321,4130
Crucero,2019-03-26,4.95,10.92,0.49,85.43,3.85,1.5,60.62,-14.34538,-70.0321,4130
Crucero,2019-03-27,4.75,10.2,0.95,86.32,4.34,2.69,60.75,-14.34538,-70.0321,4130
Crucero,2019-03-28,5.88,12.7,0.4,81.56,0.9,3.08,60.82,-14.34538,-70.0321,4130
Crucero,2019-03-29,6.26,12.63,0.89,80.29,0.01,3.01,60.78,-14.34538,-70.0321,4130
Crucero,2019-03-30,7.02,12.8,2.84,83.62,0.0,2.69,60.78,-14.34538,-70.0321,4130
Crucero,2019-03-31,7.25,13.66,2.32,81.14,0.0,1.92,60.79,-14.34538,-70.0321,4130
Crucero,2019-04-01,6.47,13.09,2.41,83.88,0.0,1.77,60.7,-14.34538,-70.0321,4130
Crucero,2019-04-02,5.1,8.1,1.52,87.33,5.35,1.84,60.71,-14.34538,-70.0321,4130
Crucero,2019-04-03,5.55,12.61,0.92,84.82,3.57,1.64,60.69,-14.34538,-70.0321,4130
Crucero,2019-04-04,5.5,12.3,0.48,82.66,1.48,2.09,60.54,-14.34538,-70.0321,4130
Crucero,2019-04-05,6.15,15.26,-4.22,67.1,0.82,1.94,60.58,-14.34538,-70.0321,4130
Crucero,2019-04-06,3.21,7.05,0.54,92.32,6.62,1.45,60.68,-14.34538,-70.0321,4130
Crucero,2019-04-07,5.3,13.78,-2.87,78.55,0.01,1.48,60.79,-14.34538,-70.0321,4130
Crucero,2019-04-08,5.29,13.86,-1.7,69.88,0.0,1.95,60.8,-14.34538,-70.0321,4130
Crucero,2019-04-09,5.71,15.19,-2.4,68.42,0.0,1.4,60.72,-14.34538,-70.0321,4130
Crucero,2019-04-10,6.4,14.96,-0.51,72.77,0.0,1.66,60.66,-14.34538,-70.0321,4130
Crucero,2019-04-11,6.09,13.01,0.73,78.14,1.02,1.31,60.69,-14.34538,-70.0321,4130
Crucero,2019-04-12,6.5,14.06,0.88,76.91,0.17,1.54,60.68,-14.34538,-70.0321,4130
Crucero,2019-04-13,6.4,13.87,-0.37,77.27,0.0,1.2,60.68,-14.34538,-70.0321,4130
Crucero,2019-04-14,6.53,13.56,1.32,76.27,0.0,0.74,60.73,-14.34538,-70.0321,4130
Crucero,2019-04-15,6.81,13.83,1.86,77.1,3.38,2.35,60.79,-14.34538,-70.0321,4130
Crucero,2019-04-16,5.32,10.26,1.57,81.6,1.38,2.44,60.86,-14.34538,-70.0321,4130
Crucero,2019-04-17,4.24,10.0,0.55,85.18,0.64,1.21,60.76,-14.34538,-70.0321,4130
Crucero,2019-04-18,5.87,13.27,0.27,82.41,5.53,1.69,60.7,-14.34538,-70.0321,4130
Crucero,2019-04-19,5.09,12.1,0.49,83.53,4.49,1.55,60.75,-14.34538,-70.0321,4130
Crucero,2019-04-20,5.67,13.24,0.15,79.04,9.06,1.69,60.79,-14.34538,-70.0321,4130
Crucero,2019-04-21,5.86,13.02,0.57,82.92,1.54,1.05,60.75,-14.34538,-70.0321,4130
Crucero,2019-04-22,6.47,13.24,2.27,80.71,0.77,1.65,60.65,-14.34538,-70.0321,4130
Crucero,2019-04-23,4.33,11.87,0.69,87.32,10.37,1.8,60.66,-14.34538,-70.0321,4130
Crucero,2019-04-24,4.59,10.35,0.38,87.74,4.48,2.42,60.77,-14.34538,-70.0321,4130
Crucero,2019-04-25,6.12,12.34,0.62,84.75,0.82,1.57,60.84,-14.34538,-70.0321,4130
Crucero,2019-04-26,4.52,10.27,1.29,88.61,4.36,1.19,60.88,-14.34538,-70.0321,4130
Crucero,2019-04-27,6.26,13.58,0.9,79.38,1.02,1.37,60.77,-14.34538,-70.0321,4130
Crucero,2019-04-28,5.81,11.31,3.06,86.12,1.36,1.0,60.75,-14.34538,-70.0321,4130
Crucero,2019-04-29,6.16,11.63,1.16,79.36,0.18,1.06,60.71,-14.34538,-70.0321,4130
Crucero,2019-04-30,5.49,10.07,1.74,81.68,0.69,1.23,60.69,-14.34538,-70.0321,4130
Crucero,2019-05-01,3.24,9.68,0.55,87.21,1.87,1.34,60.74,-14.34538,-70.0321,4130
Crucero,2019-05-02,6.1,13.99,0.5,79.84,0.05,1.77,60.7,-14.34538,-70.0321,4130
Crucero,2019-05-03,6.44,13.6,0.61,78.58,0.0,0.99,60.69,-14.34538,-70.0321,4130
Crucero,2019-05-04,5.27,11.76,1.22,85.58,2.56,1.65,60.71,-14.34538,-70.0321,4130
Crucero,2019-05-05,5.32,11.99,-0.47,82.47,1.63,1.32,60.8,-14.34538,-70.0321,4130
Crucero,2019-05-06,5.05,11.29,1.14,84.28,55.43,2.19,60.9,-14.34538,-70.0321,4130
Crucero,2019-05-07,5.43,12.38,-0.88,81.92,3.9,1.42,60.86,-14.34538,-70.0321,4130
Crucero,2019-05-08,3.73,9.46,1.04,87.96,0.25,1.68,60.78,-14.34538,-70.0321,4130
Crucero,2019-05-09,5.46,12.9,-1.81,77.69,0.37,1.11,60.73,-14.34538,-70.0321,4130
Crucero,2019-05-10,5.45,13.2,-2.36,80.02,0.14,1.24,60.65,-14.34538,-70.0321,4130
Crucero,2019-05-11,6.54,13.37,0.28,81.62,0.25,1.64,60.62,-14.34538,-70.0321,4130
Crucero,2019-05-12,5.28,12.07,0.83,83.83,2.9,2.67,60.69,-14.34538,-70.0321,4130
Crucero,2019-05-13,3.4,9.62,-1.13,85.39,2.87,1.3,60.85,-14.34538,-70.0321,4130
Crucero,2019-05-14,4.01,10.9,-0.99,82.81,0.56,0.67,60.83,-14.34538,-70.0321,4130
Crucero,2019-05-15,3.83,12.08,-2.84,74.64,0.01,1.53,60.77,-14.34538,-70.0321,4130
Crucero,2019-05-16,3.15,11.85,-4.59,65.66,0.0,1.73,60.73,-14.34538,-70.0321,4130
Crucero,2019-05-17,3.6,12.81,-4.35,53.42,0.0,1.62,60.63,-14.34538,-70.0321,4130
Crucero,2019-05-18,3.5,13.2,-4.84,57.33,0.0,1.2,60.62,-14.34538,-70.0321,4130
Crucero,2019-05-19,3.85,12.45,-2.84,77.3,0.0,1.36,60.67,-14.34538,-70.0321,4130
Crucero,2019-05-20,4.43,13.11,-3.94,71.33,0.0,1.61,60.68,-14.34538,-70.0321,4130
Crucero,2019-05-21,3.97,9.63,-1.4,75.51,0.0,1.07,60.73,-14.34538,-70.0321,4130
Crucero,2019-05-22,3.02,8.15,-0.82,88.82,0.06,1.31,60.73,-14.34538,-70.0321,4130
Crucero,2019-05-23,3.53,10.78,-1.09,85.65,0.42,2.04,60.73,-14.34538,-70.0321,4130
Crucero,2019-05-24,1.04,5.24,-2.61,87.38,2.49,1.39,60.72,-14.34538,-70.0321,4130
Crucero,2019-05-25,4.11,11.99,-2.62,81.31,0.21,1.65,60.68,-14.34538,-70.0321,4130
Crucero,2019-05-26,4.32,12.19,-2.22,79.83,0.16,1.86,60.72,-14.34538,-70.0321,4130
Crucero,2019-05-27,4.34,12.69,-1.84,80.12,0.01,1.95,60.71,-14.34538,-70.0321,4130
Crucero,2019-05-28,4.86,12.78,-2.63,78.66,0.0,1.33,60.75,-14.34538,-70.0321,4130
Crucero,2019-05-29,5.58,13.39,-0.14,77.42,0.0,1.34,60.81,-14.34538,-70.0321,4130
Crucero,2019-05-30,5.2,13.73,-2.18,73.23,0.0,0.97,60.8,-14.34538,-70.0321,4130
Crucero,2019-05-31,4.38,13.46,-3.48,69.64,0.0,1.26,60.75,-14.34538,-70.0321,4130
Crucero,2019-06-01,5.32,13.98,-2.66,67.12,0.27,1.22,60.73,-14.34538,-70.0321,4130
Crucero,2019-06-02,4.3,12.64,-1.8,64.48,0.0,1.22,60.76,-14.34538,-70.0321,4130
Crucero,2019-06-03,4.12,10.21,-2.2,83.12,0.0,1.66,60.9,-14.34538,-70.0321,4130
Crucero,2019-06-04,3.58,12.7,-2.87,71.13,0.0,1.39,60.9,-14.34538,-70.0321,4130
Crucero,2019-06-05,2.74,11.83,-3.48,51.33,0.0,1.55,60.84,-14.34538,-70.0321,4130
Crucero,2019-06-06,2.58,11.78,-3.67,42.54,0.0,1.52,60.73,-14.34538,-70.0321,4130
Crucero,2019-06-07,3.23,12.39,-3.22,43.28,0.0,1.17,60.66,-14.34538,-70.0321,4130
Crucero,2019-06-08,3.18,12.56,-4.08,71.48,0.0,1.35,60.74,-14.34538,-70.0321,4130
Crucero,2019-06-09,3.87,12.51,-2.75,74.52,0.0,1.35,60.81,-14.34538,-70.0321,4130
Crucero,2019-06-10,4.34,13.32,-3.59,73.28,0.0,1.17,60.81,-14.34538,-70.0321,4130
Crucero,2019-06-11,4.4,11.9,-1.17,80.79,0.0,1.6,60.83,-14.34538,-70.0321,4130
Crucero,2019-06-12,5.44,13.53,-2.47,73.79,0.0,1.4,60.84,-14.34538,-70.0321,4130
Crucero,2019-06-13,5.96,13.26,0.13,75.32,0.0,1.15,60.87,-14.34538,-70.0321,4130
Crucero,2019-06-14,5.29,11.9,0.68,81.05,2.66,1.67,60.83,-14.34538,-70.0321,4130
Crucero,2019-06-15,4.46,12.14,-1.01,78.63,0.97,1.98,60.72,-14.34538,-70.0321,4130
Crucero,2019-06-16,2.29,5.89,-0.71,93.74,2.08,2.32,60.71,-14.34538,-70.0321,4130
Crucero,2019-06-17,3.96,12.05,-2.15,80.87,0.79,1.54,60.85,-14.34538,-70.0321,4130
Crucero,2019-06-18,4.62,12.93,-2.36,75.75,0.22,1.45,60.84,-14.34538,-70.0321,4130
Crucero,2019-06-19,4.68,11.84,-1.37,80.19,3.61,1.78,60.86,-14.34538,-70.0321,4130
Crucero,2019-06-20,2.83,10.32,-2.82,82.74,1.05,1.98,60.95,-14.34538,-70.0321,4130
Crucero,2019-06-21,3.33,11.76,-2.7,59.81,0.13,1.39,60.98,-14.34538,-70.0321,4130
Crucero,2019-06-22,3.21,11.91,-2.42,62.33,0.0,1.66,60.98,-14.34538,-70.0321,4130
Crucero,2019-06-23,2.64,11.75,-4.83,53.55,0.0,1.31,60.87,-14.34538,-70.0321,4130
Crucero,2019-06-24,3.01,12.13,-4.82,49.78,0.0,1.7,60.67,-14.34538,-70.0321,4130
Crucero,2019-06-25,2.97,12.66,-3.99,58.89,0.0,2.68,60.55,-14.34538,-70.0321,4130
Crucero,2019-06-26,3.82,12.28,-2.63,67.09,0.11,2.05,60.56,-14.34538,-70.0321,4130
Crucero,2019-06-27,4.29,12.49,-1.16,76.36,0.46,2.5,60.55,-14.34538,-70.0321,4130
Crucero,2019-06-28,4.49,11.8,-0.43,81.6,0.53,2.02,60.63,-14.34538,-70.0321,4130
Crucero,2019-06-29,4.1,11.78,-1.77,81.42,0.04,1.89,60.73,-14.34538,-70.0321,4130
Crucero,2019-06-30,4.73,12.49,0.06,79.09,0.0,1.55,60.76,-14.34538,-70.0321,4130
Crucero,2019-07-01,4.89,13.14,-1.31,73.65,0.27,1.93,60.82,-14.34538,-70.0321,4130
Crucero,2019-07-02,5.01,14.77,-3.75,61.96,0.02,1.31,60.69,-14.34538,-70.0321,4130
Crucero,2019-07-03,4.76,14.98,-4.12,57.21,0.03,1.7,60.55,-14.34538,-70.0321,4130
Crucero,2019-07-04,6.68,15.16,0.11,63.15,0.14,1.79,60.62,-14.34538,-70.0321,4130
Crucero,2019-07-05,5.22,13.29,-2.01,74.92,0.54,2.1,60.81,-14.34538,-70.0321,4130
Crucero,2019-07-06,5.89,12.22,0.75,68.29,0.01,1.13,60.83,-14.34538,-70.0321,4130
Crucero,2019-07-07,4.83,13.31,-3.4,66.92,0.0,1.69,60.8,-14.34538,-70.0321,4130
Crucero,2019-07-08,3.87,13.22,-3.19,66.22,0.0,1.66,60.8,-14.34538,-70.0321,4130
Crucero,2019-07-09,2.87,12.85,-4.3,59.97,0.0,1.51,60.84,-14.34538,-70.0321,4130
Crucero,2019-07-10,3.08,13.01,-4.33,64.57,0.0,1.44,60.78,-14.34538,-70.0321,4130
Crucero,2019-07-11,4.22,13.44,-3.43,71.49,0.0,1.24,60.66,-14.34538,-70.0321,4130
Crucero,2019-07-12,3.98,13.23,-4.58,66.11,0.0,1.49,60.65,-14.34538,-70.0321,4130
Crucero,2019-07-13,3.95,9.7,0.38,84.53,0.0,1.19,60.67,-14.34538,-70.0321,4130
Crucero,2019-07-14,2.75,9.8,-1.42,78.25,0.11,1.31,60.66,-14.34538,-70.0321,4130
Crucero,2019-07-15,3.67,12.3,-3.53,72.67,1.1,1.14,60.68,-14.34538,-70.0321,4130
Crucero,2019-07-16,0.55,4.02,-2.52,96.29,5.61,1.87,60.66,-14.34538,-70.0321,4130
Crucero,2019-07-17,1.52,6.68,-3.15,84.9,0.37,0.98,60.77,-14.34538,-70.0321,4130
Crucero,2019-07-18,2.29,9.17,-3.38,81.36,0.0,1.33,60.77,-14.34538,-70.0321,4130
Crucero,2019-07-19,3.4,10.33,-2.27,79.05,1.2,1.85,60.74,-14.34538,-70.0321,4130
Crucero,2019-07-20,3.41,10.45,-1.89,77.28,0.23,1.97,60.68,-14.34538,-70.0321,4130
Crucero,2019-07-21,2.9,11.1,-4.08,76.21,0.0,1.7,60.65,-14.34538,-70.0321,4130
Crucero,2019-07-22,3.79,11.38,-1.37,76.13,0.0,2.02,60.63,-14.34538,-70.0321,4130
Crucero,2019-07-23,3.93,10.39,-0.3,79.32,0.54,4.41,60.51,-14.34538,-70.0321,4130
Crucero,2019-07-24,4.66,10.38,0.41,77.63,1.02,5.59,60.54,-14.34538,-70.0321,4130
Crucero,2019-07-25,3.47,10.92,-1.84,65.88,0.47,2.76,60.66,-14.34538,-70.0321,4130
Crucero,2019-07-26,3.85,12.38,-2.38,45.49,0.0,0.91,60.75,-14.34538,-70.0321,4130
Crucero,2019-07-27,3.66,11.67,-3.01,74.95,0.0,1.31,60.8,-14.34538,-70.0321,4130
Crucero,2019-07-28,3.9,12.92,-3.98,68.17,0.0,1.63,60.77,-14.34538,-70.0321,4130
Crucero,2019-07-29,3.93,14.0,-4.34,57.05,0.0,1.51,60.74,-14.34538,-70.0321,4130
Crucero,2019-07-30,4.55,13.63,-2.79,71.55,0.0,1.62,60.81,-14.34538,-70.0321,4130
Crucero,2019-07-31,4.81,13.36,-1.75,68.68,0.0,1.3,60.77,-14.34538,-70.0321,4130
Crucero,2019-08-01,4.23,14.49,-4.15,56.42,0.0,1.75,60.68,-14.34538,-70.0321,4130
Crucero,2019-08-02,4.09,14.28,-4.13,52.29,0.0,1.27,60.74,-14.34538,-70.0321,4130
Crucero,2019-08-03,3.11,12.76,-2.85,56.28,0.0,2.41,60.78,-14.34538,-70.0321,4130
Crucero,2019-08-04,2.81,13.53,-5.41,46.23,0.0,1.68,60.82,-14.34538,-70.0321,4130
Crucero,2019-08-05,3.26,13.54,-4.44,43.9,0.0,1.7,60.84,-14.34538,-70.0321,4130
Crucero,2019-08-06,4.12,14.07,-3.76,28.53,0.0,1.14,60.8,-14.34538,-70.0321,4130
Crucero,2019-08-07,3.46,13.74,-4.07,54.45,0.0,1.73,60.8,-14.34538,-70.0321,4130
Crucero,2019-08-08,3.37,13.67,-4.78,67.21,0.0,2.01,60.79,-14.34538,-70.0321,4130
Crucero,2019-08-09,3.3,13.65,-5.17,67.47,0.0,1.91,60.77,-14.34538,-70.0321,4130
Crucero,2019-08-10,4.01,12.87,-5.19,71.25,0.0,2.69,60.78,-14.34538,-70.0321,4130
Crucero,2019-08-11,5.08,14.12,-2.75,68.31,0.0,2.27,60.79,-14.34538,-70.0321,4130
Crucero,2019-08-12,5.13,15.09,-4.28,68.5,0.0,1.97,60.8,-14.34538,-70.0321,4130
Crucero,2019-08-13,4.63,8.93,1.9,81.56,0.0,2.32,60.87,-14.34538,-70.0321,4130
Crucero,2019-08-14,5.23,13.9,-0.24,74.75,0.0,1.78,60.84,-14.34538,-70.0321,4130
Crucero,2019-08-15,4.65,14.4,-2.3,71.32,0.0,1.71,60.81,-14.34538,-70.0321,4130
Crucero,2019-08-16,5.26,14.59,-3.29,61.14,0.0,1.27,60.8,-14.34538,-70.0321,4130
Crucero,2019-08-17,5.46,15.69,-2.43,54.7,0.0,1.31,60.72,-14.34538,-70.0321,4130
Crucero,2019-08-18,5.11,15.06,-3.83,66.98,0.0,1.83,60.73,-14.34538,-70.0321,4130
Crucero,2019-08-19,5.92,14.2,-1.31,69.75,0.0,1.44,60.76,-14.34538,-70.0321,4130
Crucero,2019-08-20,3.77,8.75,-0.06,78.03,0.0,1.33,60.83,-14.34538,-70.0321,4130
Crucero,2019-08-21,5.3,13.23,-0.58,73.43,0.0,1.88,60.87,-14.34538,-70.0321,4130
Crucero,2019-08-22,4.98,12.95,-2.34,74.09,0.0,2.25,60.87,-14.34538,-70.0321,4130
Crucero,2019-08-23,4.75,12.88,-1.9,66.51,0.0,2.35,60.89,-14.34538,-70.0321,4130
Crucero,2019-08-24,4.08,11.34,-1.84,74.76,0.0,1.16,60.8,-14.34538,-70.0321,4130
Crucero,2019-08-25,4.48,13.35,-3.53,60.25,0.0,1.16,60.73,-14.34538,-70.0321,4130
Crucero,2019-08-26,3.54,12.99,-5.08,58.59,0.0,1.67,60.76,-14.34538,-70.0321,4130
Crucero,2019-08-27,2.58,9.04,-1.53,80.06,0.0,1.68,60.84,-14.34538,-70.0321,4130
Crucero,2019-08-28,3.66,13.55,-4.13,60.29,0.0,1.45,60.82,-14.34538,-70.0321,4130
Crucero,2019-08-29,4.53,14.51,-4.19,63.22,0.0,1.69,60.75,-14.34538,-70.0321,4130
Crucero,2019-08-30,5.35,15.07,-4.1,67.23,0.0,1.78,60.69,-14.34538,-70.0321,4130
Crucero,2019-08-31,5.65,12.72,-0.49,70.44,0.0,1.02,60.72,-14.34538,-70.0321,4130
Crucero,2019-09-01,3.06,7.4,-0.25,83.18,0.17,2.04,60.69,-14.34538,-70.0321,4130
Crucero,2019-09-02,4.58,11.96,-1.57,76.85,0.14,2.26,60.63,-14.34538,-70.0321,4130
Crucero,2019-09-03,4.57,11.5,0.79,82.17,0.01,2.8,60.64,-14.34538,-70.0321,4130
Crucero,2019-09-04,2.85,6.8,-1.8,85.96,4.77,4.78,60.75,-14.34538,-70.0321,4130
Crucero,2019-09-05,3.16,11.48,-3.65,76.76,1.03,3.93,60.84,-14.34538,-70.0321,4130
Crucero,2019-09-06,4.44,12.72,-2.93,74.43,0.72,3.7,60.77,-14.34538,-70.0321,4130
Crucero,2019-09-07,5.26,12.07,1.51,77.83,0.02,4.87,60.72,-14.34538,-70.0321,4130
Crucero,2019-09-08,5.74,12.71,0.89,70.18,0.0,5.13,60.81,-14.34538,-70.0321,4130
Crucero,2019-09-09,4.61,13.08,-2.12,77.67,0.0,3.33,60.74,-14.34538,-70.0321,4130
Crucero,2019-09-10,6.38,14.08,0.89,76.73,0.06,3.71,60.68,-14.34538,-70.0321,4130
Crucero,2019-09-11,6.98,14.48,2.34,74.33,0.7,3.23,60.61,-14.34538,-70.0321,4130
Crucero,2019-09-12,3.52,8.36,0.57,85.97,0.5,3.18,60.63,-14.34538,-70.0321,4130
Crucero,2019-09-13,4.74,12.43,-1.21,78.36,7.24,3.89,60.75,-14.34538,-70.0321,4130
Crucero,2019-09-14,5.15,13.06,-1.88,75.03,0.58,2.33,60.79,-14.34538,-70.0321,4130
Crucero,2019-09-15,6.18,14.11,0.22,75.35,0.0,2.12,60.77,-14.34538,-70.0321,4130
Crucero,2019-09-16,7.11,16.17,0.06,70.29,0.0,2.49,60.81,-14.34538,-70.0321,4130
Crucero,2019-09-17,7.05,15.2,-0.75,66.22,0.0,2.45,60.81,-14.34538,-70.0321,4130
Crucero,2019-09-18,7.54,16.65,-1.01,70.61,0.0,2.02,60.64,-14.34538,-70.0321,4130
Crucero,2019-09-19,3.24,5.81,0.01,77.22,0.0,2.13,60.61,-14.34538,-70.0321,4130
Crucero,2019-09-20,5.22,12.48,-1.29,68.41,0.5,2.84,60.73,-14.34538,-70.0321,4130
Crucero,2019-09-21,6.86,13.57,1.68,78.33,0.82,4.1,60.81,-14.34538,-70.0321,4130
Crucero,2019-09-22,7.05,14.98,1.75,72.49,0.01,2.85,60.92,-14.34538,-70.0321,4130
Crucero,2019-09-23,5.92,15.49,-2.78,68.96,0.0,2.8,60.97,-14.34538,-70.0321,4130
Crucero,2019-09-24,6.17,14.77,-2.85,68.73,0.0,3.18,60.98,-14.34538,-70.0321,4130
Crucero,2019-09-25,6.89,15.5,-0.09,68.09,0.15,3.0,60.91,-14.34538,-70.0321,4130
Crucero,2019-09-26,7.34,14.52,2.61,70.11,0.14,2.39,60.8,-14.34538,-70.0321,4130
Crucero,2019-09-27,6.92,16.1,0.19,68.27,0.01,2.16,60.77,-14.34538,-70.0321,4130
Crucero,2019-09-28,6.39,16.82,-3.06,66.46,0.0,2.69,60.75,-14.34538,-70.0321,4130
Crucero,2019-09-29,6.8,16.2,-0.51,68.31,0.0,2.8,60.72,-14.34538,-70.0321,4130
Crucero,2019-09-30,6.21,12.56,0.81,64.19,0.42,1.56,60.57,-14.34538,-70.0321,4130
Crucero,2019-10-01,4.45,8.34,1.13,79.34,0.03,3.42,60.47,-14.34538,-70.0321,4130
Crucero,2019-10-02,5.72,12.77,-0.07,76.17,1.21,2.62,60.53,-14.34538,-70.0321,4130
Crucero,2019-10-03,4.88,12.56,1.15,81.0,6.92,1.99,60.63,-14.34538,-70.0321,4130
Crucero,2019-10-04,2.47,6.83,0.15,86.73,1.68,1.5,60.66,-14.34538,-70.0321,4130
Crucero,2019-10-05,3.29,8.04,-1.46,79.77,0.91,2.8,60.55,-14.34538,-70.0321,4130
Crucero,2019-10-06,2.08,8.02,-1.5,81.83,1.67,1.5,60.56,-14.34538,-70.0321,4130
Crucero,2019-10-07,3.43,12.64,-4.41,48.06,0.0,2.34,60.6,-14.34538,-70.0321,4130
Crucero,2019-10-08,4.27,14.8,-5.91,46.6,0.0,2.24,60.66,-14.34538,-70.0321,4130
Crucero,2019-10-09,4.87,15.31,-4.33,62.28,0.0,2.33,60.7,-14.34538,-70.0321,4130
Crucero,2019-10-10,4.42,15.64,-5.4,60.99,0.0,2.76,60.65,-14.34538,-70.0321,4130
Crucero,2019-10-11,5.44,15.6,-5.45,61.94,0.0,2.6,60.61,-14.34538,-70.0321,4130
Crucero,2019-10-12,5.27,8.66,1.77,79.84,0.0,2.77,60.58,-14.34538,-70.0321,4130
Crucero,2019-10-13,4.85,10.53,1.16,79.6,1.65,1.95,60.59,-14.34538,-70.0321,4130
Crucero,2019-10-14,5.62,12.61,0.17,75.44,0.99,2.07,60.65,-14.34538,-70.0321,4130
Crucero,2019-10-15,4.9,11.93,-0.03,79.25,0.75,2.71,60.71,-14.34538,-70.0321,4130
Crucero,2019-10-16,5.72,14.65,0.91,77.6,2.01,2.6,60.69,-14.34538,-70.0321,4130
Crucero,2019-10-17,5.94,12.83,0.54,76.69,6.47,3.05,60.67,-14.34538,-70.0321,4130
Crucero,2019-10-18,5.95,11.7,2.25,79.34,10.39,3.58,60.65,-14.34538,-70.0321,4130
Crucero,2019-10-19,4.41,8.78,1.52,80.06,4.05,2.33,60.69,-14.34538,-70.0321,4130
Crucero,2019-10-20,6.51,15.55,-1.35,66.77,2.66,1.45,60.65,-14.34538,-70.0321,4130
Crucero,2019-10-21,6.73,15.08,-1.32,63.48,0.0,1.76,60.63,-14.34538,-70.0321,4130
Crucero,2019-10-22,5.69,11.87,1.89,81.13,0.08,2.0,60.58,-14.34538,-70.0321,4130
Crucero,2019-10-23,3.78,12.4,-2.41,68.6,0.56,2.49,60.59,-14.34538,-70.0321,4130
Crucero,2019-10-24,6.41,16.26,-3.33,52.9,0.01,2.56,60.69,-14.34538,-70.0321,4130
Crucero,2019-10-25,5.87,11.67,2.57,76.58,0.0,2.73,60.73,-14.34538,-70.0321,4130
Crucero,2019-10-26,7.36,14.92,0.02,68.88,1.83,2.96,60.71,-14.34538,-70.0321,4130
Crucero,2019-10-27,7.3,14.41,2.12,71.32,0.1,2.62,60.68,-14.34538,-70.0321,4130
Crucero,2019-10-28,7.17,15.87,0.1,65.55,0.0,2.73,60.7,-14.34538,-70.0321,4130
Crucero,2019-10-29,7.84,16.78,2.1,66.7,0.0,2.9,60.65,-14.34538,-70.0321,4130
Crucero,2019-10-30,7.63,16.42,0.57,67.26,0.0,2.77,60.67,-14.34538,-70.0321,4130
Crucero,2019-10-31,5.69,10.58,3.35,79.61,0.51,2.63,60.71,-14.34538,-70.0321,4130
Crucero,2019-11-01,7.31,14.29,2.5,73.78,1.06,3.26,60.7,-14.34538,-70.0321,4130
Crucero,2019-11-02,8.44,16.7,0.64,65.33,0.0,3.22,60.6,-14.34538,-70.0321,4130
Crucero,2019-11-03,6.38,10.31,3.58,80.46,0.39,3.44,60.5,-14.34538,-70.0321,4130
Crucero,2019-11-04,5.37,11.31,0.96,76.06,5.82,1.74,60.53,-14.34538,-70.0321,4130
Crucero,2019-11-05,5.53,12.52,0.84,80.01,1.59,1.87,60.58,-14.34538,-70.0321,4130
Crucero,2019-11-06,5.44,10.64,1.61,80.22,2.89,2.71,60.65,-14.34538,-70.0321,4130
Crucero,2019-11-07,5.16,11.74,0.82,80.08,1.08,2.4,60.6,-14.34538,-70.0321,4130
Crucero,2019-11-08,5.81,14.56,1.13,77.27,1.26,1.42,60.55,-14.34538,-70.0321,4130
Crucero,2019-11-09,6.31,12.34,2.4,76.11,0.53,1.93,60.61,-14.34538,-70.0321,4130
Crucero,2019-11-10,6.48,15.76,0.15,76.11,37.56,2.88,60.61,-14.34538,-70.0321,4130
Crucero,2019-11-11,3.46,8.1,0.88,86.62,1.94,1.57,60.6,-14.34538,-70.0321,4130
Crucero,2019-11-12,6.18,13.45,-0.43,76.4,10.07,1.44,60.56,-14.34538,-70.0321,4130
Crucero,2019-11-13,6.04,14.03,0.7,77.14,4.87,1.44,60.56,-14.34538,-70.0321,4130
Crucero,2019-11-14,5.09,13.12,1.29,83.69,11.95,2.21,60.58,-14.34538,-70.0321,4130
Crucero,2019-11-15,3.43,7.21,0.16,89.03,9.61,2.49,60.62,-14.34538,-70.0321,4130
Crucero,2019-11-16,5.11,13.37,-2.15,76.69,0.01,2.68,60.5,-14.34538,-70.0321,4130
Crucero,2019-11-17,5.46,12.6,-0.63,73.34,0.54,2.8,60.52,-14.34538,-70.0321,4130
Crucero,2019-11-18,5.93,15.73,-2.05,61.05,0.1,2.75,60.6,-14.34538,-70.0321,4130
Crucero,2019-11-19,5.71,15.14,-2.59,62.26,0.21,2.82,60.69,-14.34538,-70.0321,4130
Crucero,2019-11-20,5.87,14.24,-2.64,68.15,1.11,2.62,60.7,-14.34538,-70.0321,4130
Crucero,2019-11-21,7.73,16.62,0.11,67.45,0.11,2.1,60.61,-14.34538,-70.0321,4130
Crucero,2019-11-22,7.07,14.33,1.84,74.8,0.98,2.91,60.6,-14.34538,-70.0321,4130
Crucero,2019-11-23,5.56,11.12,-0.59,79.29,11.25,3.89,60.61,-14.34538,-70.0321,4130
Crucero,2019-11-24,5.87,12.35,1.43,79.32,0.51,2.5,60.57,-14.34538,-70.0321,4130
Crucero,2019-11-25,7.4,15.46,0.37,71.46,0.07,1.93,60.49,-14.34538,-70.0321,4130
Crucero,2019-11-26,6.15,12.4,1.3,78.51,0.69,2.5,60.56,-14.34538,-70.0321,4130
Crucero,2019-11-27,7.59,16.15,0.9,67.59,0.65,1.97,60.66,-14.34538,-70.0321,4130
Crucero,2019-11-28,7.22,14.26,0.96,71.37,4.3,2.09,60.65,-14.34538,-70.0321,4130
Crucero,2019-11-29,7.74,14.82,1.86,72.47,0.3,1.7,60.59,-14.34538,-70.0321,4130
Crucero,2019-11-30,7.61,13.48,3.23,75.04,1.68,2.2,60.59,-14.34538,-70.0321,4130
Crucero,2019-12-01,7.29,13.06,3.28,76.72,7.15,2.36,60.72,-14.34538,-70.0321,4130
Crucero,2019-12-02,5.97,10.38,1.33,84.04,9.62,2.73,60.69,-14.34538,-70.0321,4130
Crucero,2019-12-03,5.71,11.36,0.97,82.72,7.0,1.73,60.53,-14.34538,-70.0321,4130
Crucero,2019-12-04,6.17,13.11,0.53,77.32,2.24,1.27,60.51,-14.34538,-70.0321,4130
Crucero,2019-12-05,4.74,8.06,1.51,85.83,2.19,1.6,60.62,-14.34538,-70.0321,4130
Crucero,2019-12-06,4.94,10.87,1.48,84.17,8.45,2.1,60.62,-14.34538,-70.0321,4130
Crucero,2019-12-07,6.22,13.86,0.68,79.06,6.36,2.11,60.58,-14.34538,-70.0321,4130
Crucero,2019-12-08,6.81,14.9,0.17,69.26,2.89,1.94,60.51,-14.34538,-70.0321,4130
Crucero,2019-12-09,6.79,12.64,2.94,83.42,0.82,1.65,60.54,-14.34538,-70.0321,4130
Crucero,2019-12-10,7.86,13.38,3.83,76.55,4.21,2.27,60.56,-14.34538,-70.0321,4130
Crucero,2019-12-11,7.77,12.67,3.82,76.68,1.16,1.41,60.55,-14.34538,-70.0321,4130
Crucero,2019-12-12,6.78,13.83,1.56,78.74,5.93,2.37,60.53,-14.34538,-70.0321,4130
Crucero,2019-12-13,5.97,13.38,0.91,75.01,3.77,2.8,60.57,-14.34538,-70.0321,4130
Crucero,2019-12-14,5.56,12.15,-0.38,79.13,2.08,2.5,60.6,-14.34538,-70.0321,4130
Crucero,2019-12-15,6.76,14.83,0.57,78.17,0.67,1.43,60.6,-14.34538,-70.0321,4130
Crucero,2019-12-16,6.18,11.15,2.6,82.72,1.86,1.57,60.52,-14.34538,-70.0321,4130
Crucero,2019-12-17,7.4,13.88,2.58,77.55,6.29,2.04,60.45,-14.34538,-70.0321,4130
Crucero,2019-12-18,4.23,8.19,1.61,88.82,4.98,2.64,60.51,-14.34538,-70.0321,4130
Crucero,2019-12-19,5.99,13.79,0.5,79.88,0.56,1.85,60.58,-14.34538,-70.0321,4130
Crucero,2019-12-20,6.96,14.08,1.34,78.18,5.69,1.47,60.57,-14.34538,-70.0321,4130
Crucero,2019-12-21,5.6,13.02,1.1,83.08,34.12,1.96,60.58,-14.34538,-70.0321,4130
Crucero,2019-12-22,5.61,10.7,0.28,83.79,6.81,1.62,60.68,-14.34538,-70.0321,4130
Crucero,2019-12-23,6.8,12.77,2.47,82.1,2.48,2.5,60.7,-14.34538,-70.0321,4130
Crucero,2019-12-24,5.89,12.88,1.62,82.67,1.5,2.42,60.62,-14.34538,-70.0321,4130
Crucero,2019-12-25,5.77,11.73,1.28,84.12,3.04,1.76,60.6,-14.34538,-70.0321,4130
Crucero,2019-12-26,6.24,12.8,1.64,84.98,12.67,1.73,60.67,-14.34538,-70.0321,4130
Crucero,2019-12-27,5.95,12.13,1.1,83.21,9.77,2.39,60.69,-14.34538,-70.0321,4130
Crucero,2019-12-28,6.9,13.04,1.68,78.19,9.85,0.8,60.6,-14.34538,-70.0321,4130
Crucero,2019-12-29,7.21,12.43,3.59,83.53,7.01,1.01,60.58,-14.34538,-70.0321,4130
Crucero,2019-12-30,6.36,13.67,1.19,79.8,4.2,2.03,60.57,-14.34538,-70.0321,4130
Crucero,2019-12-31,5.77,11.4,2.76,83.88,3.69,1.5,60.56,-14.34538,-70.0321,4130
Crucero,2020-01-01,4.57,11.18,0.67,86.61,9.14,1.96,60.53,-14.34538,-70.0321,4130
Crucero,2020-01-02,4.94,10.87,0.66,84.92,4.51,1.79,60.59,-14.34538,-70.0321,4130
Crucero,2020-01-03,5.89,11.36,1.33,83.72,3.92,1.03,60.72,-14.34538,-70.0321,4130
Crucero,2020-01-04,5.3,10.84,1.22,86.7,8.83,1.94,60.64,-14.34538,-70.0321,4130
Crucero,2020-01-05,5.06,12.7,-0.21,83.44,4.14,2.06,60.5,-14.34538,-70.0321,4130
Crucero,2020-01-06,6.68,15.45,-0.9,67.98,1.04,2.96,60.46,-14.34538,-70.0321,4130
Crucero,2020-01-07,7.52,14.75,2.19,74.78,0.05,1.76,60.53,-14.34538,-70.0321,4130
Crucero,2020-01-08,8.2,16.54,0.67,64.23,0.0,2.2,60.58,-14.34538,-70.0321,4130
Crucero,2020-01-09,7.56,14.32,1.82,74.03,0.54,1.36,60.61,-14.34538,-70.0321,4130
Crucero,2020-01-10,5.87,10.75,-0.12,74.04,0.46,1.93,60.68,-14.34538,-70.0321,4130
Crucero,2020-01-11,5.88,11.32,1.82,77.97,0.0,1.54,60.68,-14.34538,-70.0321,4130
Crucero,2020-01-12,5.42,11.09,1.08,82.09,13.44,2.37,60.74,-14.34538,-70.0321,4130
Crucero,2020-01-13,5.86,11.6,1.08,79.65,2.0,2.36,60.67,-14.34538,-70.0321,4130
Crucero,2020-01-14,5.86,11.16,1.33,83.56,0.38,2.49,60.57,-14.34538,-70.0321,4130
Crucero,2020-01-15,6.1,10.81,2.55,84.35,0.99,2.22,60.62,-14.34538,-70.0321,4130
Crucero,2020-01-16,6.1,12.75,0.56,79.27,1.08,3.19,60.77,-14.34538,-70.0321,4130
Crucero,2020-01-17,4.64,10.1,1.18,80.25,4.37,3.36,60.87,-14.34538,-70.0321,4130
Crucero,2020-01-18,5.65,13.35,0.06,79.16,0.18,3.23,60.8,-14.34538,-70.0321,4130
Crucero,2020-01-19,6.36,13.04,1.38,80.46,1.85,2.92,60.78,-14.34538,-70.0321,4130
Crucero,2020-01-20,7.03,13.46,1.42,81.91,2.04,1.2,60.72,-14.34538,-70.0321,4130
Crucero,2020-01-21,6.74,9.73,4.14,85.24,5.39,1.47,60.61,-14.34538,-70.0321,4130
Crucero,2020-01-22,6.18,11.1,2.57,84.9,2.7,2.28,60.6,-14.34538,-70.0321,4130
Crucero,2020-01-23,6.55,12.91,1.17,81.34,1.27,2.68,60.63,-14.34538,-70.0321,4130
Crucero,2020-01-24,6.97,13.38,1.92,84.93,0.19,1.73,60.65,-14.34538,-70.0321,4130
Crucero,2020-01-25,7.61,13.49,3.21,81.72,1.39,2.01,60.75,-14.34538,-70.0321,4130
Crucero,2020-01-26,7.92,15.69,2.11,72.49,0.5,2.2,60.78,-14.34538,-70.0321,4130
Crucero,2020-01-27,6.91,12.94,2.68,77.92,8.0,1.29,60.79,-14.34538,-70.0321,4130
Crucero,2020-01-28,7.11,13.4,1.69,79.07,3.38,1.62,60.61,-14.34538,-70.0321,4130
Crucero,2020-01-29,6.04,11.8,1.68,82.7,0.01,2.44,60.55,-14.34538,-70.0321,4130
Crucero,2020-01-30,6.56,13.34,1.06,80.02,0.0,2.26,60.64,-14.34538,-70.0321,4130
Crucero,2020-01-31,6.0,12.38,1.09,81.49,0.21,1.65,60.73,-14.34538,-70.0321,4130
Crucero,2020-02-01,5.33,9.69,2.16,87.29,2.95,2.15,60.77,-14.34538,-70.0321,4130
Crucero,2020-02-02,5.18,12.83,0.98,84.83,11.04,1.35,60.77,-14.34538,-70.0321,4130
Crucero,2020-02-03,5.56,11.68,0.88,85.92,21.5,2.17,60.72,-14.34538,-70.0321,4130
Crucero,2020-02-04,5.62,12.87,1.46,85.15,12.31,1.18,60.65,-14.34538,-70.0321,4130
Crucero,2020-02-05,5.48,12.62,0.81,85.26,8.2,1.54,60.55,-14.34538,-70.0321,4130
Crucero,2020-02-06,4.27,9.96,1.25,88.53,6.82,1.94,60.58,-14.34538,-70.0321,4130
Crucero,2020-02-07,5.61,13.43,0.52,82.68,9.9,1.64,60.61,-14.34538,-70.0321,4130
Crucero,2020-02-08,5.25,10.07,0.12,87.36,7.7,1.96,60.6,-14.34538,-70.0321,4130
Crucero,2020-02-09,5.34,11.55,2.64,87.8,4.6,1.64,60.66,-14.34538,-70.0321,4130
Crucero,2020-02-10,5.92,11.5,2.16,85.94,4.22,2.82,60.71,-14.34538,-70.0321,4130
Crucero,2020-02-11,5.43,11.56,0.48,85.26,8.12,2.37,60.7,-14.34538,-70.0321,4130
Crucero,2020-02-12,5.27,11.75,1.4,86.03,3.78,1.33,60.63,-14.34538,-70.0321,4130
Crucero,2020-02-13,5.11,8.75,0.91,87.07,8.5,1.56,60.61,-14.34538,-70.0321,4130
Crucero,2020-02-14,6.3,10.29,3.15,87.32,3.99,1.5,60.69,-14.34538,-70.0321,4130
Crucero,2020-02-15,6.48,13.23,2.54,86.54,4.86,1.96,60.68,-14.34538,-70.0321,4130
Crucero,2020-02-16,6.79,13.4,0.72,82.47,0.21,2.36,60.65,-14.34538,-70.0321,4130
Crucero,2020-02-17,6.04,13.07,1.62,84.37,0.48,1.46,60.62,-14.34538,-70.0321,4130
Crucero,2020-02-18,6.58,12.43,2.3,83.71,1.16,2.12,60.69,-14.34538,-70.0321,4130
Crucero,2020-02-19,7.11,12.23,3.27,83.21,0.07,1.55,60.7,-14.34538,-70.0321,4130
Crucero,2020-02-20,6.14,11.45,2.06,84.82,2.08,1.95,60.65,-14.34538,-70.0321,4130
Crucero,2020-02-21,3.6,7.32,1.13,90.57,20.22,1.64,60.7,-14.34538,-70.0321,4130
Crucero,2020-02-22,5.24,12.02,0.14,85.99,2.75,2.76,60.73,-14.34538,-70.0321,4130
Crucero,2020-02-23,6.71,14.38,0.65,83.47,2.53,1.46,60.65,-14.34538,-70.0321,4130
Crucero,2020-02-24,5.77,13.3,0.82,84.63,28.82,1.47,60.62,-14.34538,-70.0321,4130
Crucero,2020-02-25,5.74,12.33,0.36,85.19,12.76,1.55,60.61,-14.34538,-70.0321,4130
Crucero,2020-02-26,4.19,7.92,2.17,94.81,19.71,1.75,60.68,-14.34538,-70.0321,4130
Crucero,2020-02-27,4.21,11.32,1.03,89.9,9.41,1.52,60.72,-14.34538,-70.0321,4130
Crucero,2020-02-28,5.22,10.01,0.88,89.16,1.81,1.33,60.78,-14.34538,-70.0321,4130
Crucero,2020-02-29,5.1,10.08,1.02,89.29,0.04,1.8,60.82,-14.34538,-70.0321,4130
Crucero,2020-03-01,5.84,13.18,0.2,83.99,0.03,2.43,60.8,-14.34538,-70.0321,4130
Crucero,2020-03-02,6.65,13.38,1.58,81.44,6.39,1.38,60.73,-14.34538,-70.0321,4130
Crucero,2020-03-03,6.66,13.4,0.86,81.42,2.36,1.56,60.71,-14.34538,-70.0321,4130
Crucero,2020-03-04,6.35,12.53,2.02,84.22,0.52,1.37,60.76,-14.34538,-70.0321,4130
Crucero,2020-03-05,7.02,13.84,1.49,79.78,0.0,1.83,60.82,-14.34538,-70.0321,4130
Crucero,2020-03-06,6.4,13.23,0.68,79.88,0.38,2.07,60.78,-14.34538,-70.0321,4130
Crucero,2020-03-07,6.19,13.02,1.17,82.88,0.19,1.17,60.68,-14.34538,-70.0321,4130
Crucero,2020-03-08,7.23,14.28,2.47,79.76,0.0,1.98,60.72,-14.34538,-70.0321,4130
Crucero,2020-03-09,5.69,12.5,0.41,79.17,2.25,2.47,60.81,-14.34538,-70.0321,4130
Crucero,2020-03-10,5.22,12.3,-0.41,81.29,3.28,1.77,60.77,-14.34538,-70.0321,4130
Crucero,2020-03-11,4.99,12.31,-0.05,81.82,1.33,1.13,60.62,-14.34538,-70.0321,4130
Crucero,2020-03-12,5.56,11.08,0.55,82.41,2.26,2.48,60.64,-14.34538,-70.0321,4130
Crucero,2020-03-13,4.74,9.76,0.69,84.08,35.73,1.8,60.78,-14.34538,-70.0321,4130
Crucero,2020-03-14,4.09,10.01,-0.51,88.04,9.62,1.62,60.81,-14.34538,-70.0321,4130
Crucero,2020-03-15,4.92,11.87,-0.93,82.05,0.36,2.02,60.76,-14.34538,-70.0321,4130
Crucero,2020-03-16,4.2,9.31,0.16,84.7,7.04,2.5,60.72,-14.34538,-70.0321,4130
Crucero,2020-03-17,4.66,10.92,0.62,85.22,18.12,2.56,60.66,-14.34538,-70.0321,4130
Crucero,2020-03-18,5.05,10.56,1.07,89.12,3.75,1.66,60.69,-14.34538,-70.0321,4130
Crucero,2020-03-19,5.85,12.08,2.3,86.83,0.01,1.42,60.67,-14.34538,-70.0321,4130
Crucero,2020-03-20,5.54,13.15,-0.1,83.04,4.23,1.85,60.56,-14.34538,-70.0321,4130
Crucero,2020-03-21,4.63,10.26,0.24,88.21,5.13,1.44,60.53,-14.34538,-70.0321,4130
Crucero,2020-03-22,5.92,12.43,1.24,86.38,0.76,2.4,60.62,-14.34538,-70.0321,4130
Crucero,2020-03-23,6.52,12.82,1.47,84.22,0.0,2.31,60.8,-14.34538,-70.0321,4130
Crucero,2020-03-24,6.36,12.39,1.18,86.66,6.47,2.18,60.74,-14.34538,-70.0321,4130
Crucero,2020-03-25,7.45,13.72,2.63,82.82,0.44,1.36,60.64,-14.34538,-70.0321,4130
Crucero,2020-03-26,7.42,12.7,4.47,85.05,1.07,2.11,60.56,-14.34538,-70.0321,4130
Crucero,2020-03-27,5.14,10.79,1.67,89.3,2.86,1.91,60.48,-14.34538,-70.0321,4130
Crucero,2020-03-28,5.1,9.4,1.42,87.18,2.13,1.18,60.55,-14.34538,-70.0321,4130
Crucero,2020-03-29,5.65,10.8,1.9,88.35,0.4,2.72,60.69,-14.34538,-70.0321,4130
Crucero,2020-03-30,5.53,11.62,1.3,87.65,0.22,2.4,60.74,-14.34538,-70.0321,4130
Crucero,2020-03-31,5.98,11.72,1.54,85.98,0.12,3.2,60.7,-14.34538,-70.0321,4130
Crucero,2020-04-01,5.23,11.91,-0.88,83.05,0.0,2.51,60.78,-14.34538,-70.0321,4130
Crucero,2020-04-02,6.1,11.96,1.83,81.43,0.49,2.96,60.88,-14.34538,-70.0321,4130
Crucero,2020-04-03,5.88,12.0,0.6,82.24,0.91,1.62,60.77,-14.34538,-70.0321,4130
Crucero,2020-04-04,5.94,12.0,1.27,85.11,0.43,1.59,60.63,-14.34538,-70.0321,4130
Crucero,2020-04-05,5.44,11.7,1.42,82.67,0.0,2.21,60.74,-14.34538,-70.0321,4130
Crucero,2020-04-06,5.06,10.82,1.99,87.49,0.0,1.48,60.83,-14.34538,-70.0321,4130
Crucero,2020-04-07,3.87,6.37,1.57,92.63,4.81,1.4,60.86,-14.34538,-70.0321,4130
Crucero,2020-04-08,6.09,13.11,0.95,81.49,0.65,1.34,60.79,-14.34538,-70.0321,4130
Crucero,2020-04-09,6.75,13.67,0.76,77.62,0.0,0.71,60.77,-14.34538,-70.0321,4130
Crucero,2020-04-10,6.65,12.87,1.62,69.81,0.0,1.02,60.72,-14.34538,-70.0321,4130
Crucero,2020-04-11,6.62,14.31,0.34,63.36,0.0,0.94,60.74,-14.34538,-70.0321,4130
Crucero,2020-04-12,5.67,13.56,-2.01,71.73,0.0,1.53,60.76,-14.34538,-70.0321,4130
Crucero,2020-04-13,6.78,14.7,-0.15,72.72,0.0,1.89,60.71,-14.34538,-70.0321,4130
Crucero,2020-04-14,5.4,14.44,-3.6,58.4,0.2,1.47,60.6,-14.34538,-70.0321,4130
Crucero,2020-04-15,4.99,11.77,-0.61,81.42,0.46,1.46,60.6,-14.34538,-70.0321,4130
Crucero,2020-04-16,4.92,11.5,-1.03,75.25,0.01,0.59,60.73,-14.34538,-70.0321,4130
Crucero,2020-04-17,3.52,10.2,-0.36,83.92,0.0,1.59,60.82,-14.34538,-70.0321,4130
Crucero,2020-04-18,4.24,12.0,-1.59,80.96,0.0,1.04,60.82,-14.34538,-70.0321,4130
Crucero,2020-04-19,4.08,11.13,-1.75,80.59,0.67,1.42,60.83,-14.34538,-70.0321,4130
Crucero,2020-04-20,4.5,12.33,-1.98,77.12,3.6,1.45,60.84,-14.34538,-70.0321,4130
Crucero,2020-04-21,4.41,10.91,-1.62,81.01,6.09,0.86,60.85,-14.34538,-70.0321,4130
Crucero,2020-04-22,5.43,11.96,0.85,82.32,0.0,1.26,60.79,-14.34538,-70.0321,4130
Crucero,2020-04-23,6.06,12.29,1.11,81.01,0.0,1.34,60.73,-14.34538,-70.0321,4130
Crucero,2020-04-24,6.27,12.28,2.31,80.85,0.0,0.78,60.67,-14.34538,-70.0321,4130
Crucero,2020-04-25,5.57,12.06,0.53,83.83,0.0,1.42,60.74,-14.34538,-70.0321,4130
Crucero,2020-04-26,4.23,7.67,0.44,89.83,0.35,1.98,60.83,-14.34538,-70.0321,4130
Crucero,2020-04-27,4.92,11.96,-1.05,84.06,0.0,2.0,60.88,-14.34538,-70.0321,4130
Crucero,2020-04-28,6.49,13.13,2.04,80.78,0.0,1.19,60.84,-14.34538,-70.0321,4130
Crucero,2020-04-29,6.64,12.55,2.14,83.2,0.0,2.4,60.84,-14.34538,-70.0321,4130
Crucero,2020-04-30,6.43,12.45,1.84,82.95,0.0,1.98,60.9,-14.34538,-70.0321,4130
Crucero,2020-05-01,5.83,12.08,0.34,82.79,0.0,2.1,60.95,-14.34538,-70.0321,4130
Crucero,2020-05-02,6.06,11.69,1.9,83.24,0.01,2.16,60.88,-14.34538,-70.0321,4130
Crucero,2020-05-03,4.91,11.41,0.53,80.58,0.0,1.36,60.78,-14.34538,-70.0321,4130
Crucero,2020-05-04,4.99,10.07,1.21,81.26,0.0,1.2,60.69,-14.34538,-70.0321,4130
Crucero,2020-05-05,5.38,12.28,-0.24,77.57,0.3,1.19,60.71,-14.34538,-70.0321,4130
Crucero,2020-05-06,4.1,10.66,-0.77,81.6,0.48,1.19,60.82,-14.34538,-70.0321,4130
Crucero,2020-05-07,5.59,13.52,-0.63,75.31,0.15,0.94,60.81,-14.34538,-70.0321,4130
Crucero,2020-05-08,5.39,14.0,-1.39,76.56,0.0,1.31,60.87,-14.34538,-70.0321,4130
Crucero,2020-05-09,6.36,14.45,-1.82,73.45,0.0,0.92,60.83,-14.34538,-70.0321,4130
Crucero,2020-05-10,6.39,13.26,0.54,77.87,0.0,1.31,60.78,-14.34538,-70.0321,4130
Crucero,2020-05-11,5.32,13.48,-1.37,75.41,0.0,1.04,60.76,-14.34538,-70.0321,4130
Crucero,2020-05-12,4.44,13.62,-3.66,54.75,0.0,1.46,60.76,-14.34538,-70.0321,4130
Crucero,2020-05-13,4.2,13.0,-4.11,57.24,0.07,1.16,60.77,-14.34538,-70.0321,4130
Crucero,2020-05-14,3.5,11.24,-1.42,78.89,0.26,1.65,60.74,-14.34538,-70.0321,4130
Crucero,2020-05-15,3.98,12.81,-2.96,66.65,0.0,1.18,60.75,-14.34538,-70.0321,4130
Crucero,2020-05-16,3.58,11.28,-2.15,80.73,0.0,0.99,60.82,-14.34538,-70.0321,4130
Crucero,2020-05-17,5.08,12.41,-0.91,76.9,0.0,1.29,60.81,-14.34538,-70.0321,4130
Crucero,2020-05-18,5.27,12.29,-0.74,73.14,0.0,1.3,60.84,-14.34538,-70.0321,4130
Crucero,2020-05-19,4.41,13.16,-3.39,63.0,0.0,1.53,60.81,-14.34538,-70.0321,4130
Crucero,2020-05-20,4.68,13.05,-1.88,64.16,0.0,1.22,60.81,-14.34538,-70.0321,4130
Crucero,2020-05-21,5.06,10.92,0.85,82.53,0.0,1.51,60.81,-14.34538,-70.0321,4130
Crucero,2020-05-22,3.56,10.6,-1.64,79.11,0.01,1.5,60.86,-14.34538,-70.0321,4130
Crucero,2020-05-23,3.38,8.88,-1.37,74.73,0.42,1.05,60.89,-14.34538,-70.0321,4130
Crucero,2020-05-24,3.34,12.25,-4.18,49.37,0.0,1.85,60.89,-14.34538,-70.0321,4130
Crucero,2020-05-25,1.7,12.2,-5.4,43.28,0.0,2.34,60.94,-14.34538,-70.0321,4130
Crucero,2020-05-26,2.67,11.51,-4.3,36.31,0.0,1.64,60.93,-14.34538,-70.0321,4130
Crucero,2020-05-27,3.47,12.33,-3.13,44.45,0.0,1.19,60.76,-14.34538,-70.0321,4130
Crucero,2020-05-28,3.68,13.01,-4.53,49.99,0.0,1.26,60.67,-14.34538,-70.0321,4130
Crucero,2020-05-29,3.24,12.37,-3.78,63.19,0.0,1.23,60.71,-14.34538,-70.0321,4130
Crucero,2020-05-30,3.34,13.45,-4.56,68.22,0.0,1.62,60.71,-14.34538,-70.0321,4130
Crucero,2020-05-31,3.58,12.67,-2.82,72.29,0.0,2.03,60.75,-14.34538,-70.0321,4130
Crucero,2020-06-01,4.43,12.33,-3.51,75.56,0.0,1.92,60.75,-14.34538,-70.0321,4130
Crucero,2020-06-02,3.84,10.73,-0.71,84.31,0.56,1.76,60.65,-14.34538,-70.0321,4130
Crucero,2020-06-03,3.72,10.26,0.06,86.26,0.34,2.43,60.52,-14.34538,-70.0321,4130
Crucero,2020-06-04,2.5,8.75,-1.05,88.61,0.91,1.57,60.69,-14.34538,-70.0321,4130
Crucero,2020-06-05,4.01,11.91,-1.99,82.33,0.38,2.07,60.8,-14.34538,-70.0321,4130
Crucero,2020-06-06,4.51,12.1,-0.75,80.23,0.0,1.22,60.89,-14.34538,-70.0321,4130
Crucero,2020-06-07,5.29,12.52,-1.67,76.34,0.0,0.93,60.93,-14.34538,-70.0321,4130
Crucero,2020-06-08,4.43,10.27,0.53,85.39,0.0,1.2,60.88,-14.34538,-70.0321,4130
Crucero,2020-06-09,5.76,13.42,-0.56,77.88,0.0,1.14,60.81,-14.34538,-70.0321,4130
Crucero,2020-06-10,5.88,11.48,2.55,84.09,0.05,1.6,60.76,-14.34538,-70.0321,4130
Crucero,2020-06-11,6.57,14.25,1.2,75.91,0.04,1.21,60.75,-14.34538,-70.0321,4130
Crucero,2020-06-12,5.41,13.97,-1.54,76.15,0.0,1.1,60.67,-14.34538,-70.0321,4130
Crucero,2020-06-13,5.26,12.12,0.68,79.65,0.0,1.9,60.73,-14.34538,-70.0321,4130
Crucero,2020-06-14,4.41,12.86,-3.18,66.86,0.0,1.64,60.81,-14.34538,-70.0321,4130
Crucero,2020-06-15,4.71,12.88,-1.85,74.31,0.01,1.35,60.85,-14.34538,-70.0321,4130
Crucero,2020-06-16,5.22,13.37,-1.82,70.99,0.0,1.43,60.78,-14.34538,-70.0321,4130
Crucero,2020-06-17,5.28,13.44,-3.03,67.88,0.0,1.05,60.78,-14.34538,-70.0321,4130
Crucero,2020-06-18,4.7,14.56,-4.18,64.99,0.0,1.6,60.77,-14.34538,-70.0321,4130
Crucero,2020-06-19,5.79,12.07,2.03,73.6,0.0,0.88,60.78,-14.34538,-70.0321,4130
Crucero,2020-06-20,4.84,13.39,-2.17,68.35,0.29,0.9,60.79,-14.34538,-70.0321,4130
Crucero,2020-06-21,4.01,13.87,-3.51,65.65,0.05,1.6,60.77,-14.34538,-70.0321,4130
Crucero,2020-06-22,2.39,8.52,-2.31,80.04,0.49,1.26,60.71,-14.34538,-70.0321,4130
Crucero,2020-06-23,3.13,12.26,-4.03,67.76,0.69,1.64,60.58,-14.34538,-70.0321,4130
Crucero,2020-06-24,3.64,13.25,-3.94,50.6,0.2,2.0,60.53,-14.34538,-70.0321,4130
Crucero,2020-06-25,3.84,13.46,-3.2,56.69,0.32,1.5,60.62,-14.34538,-70.0321,4130
Crucero,2020-06-26,5.94,13.12,-0.28,65.39,0.49,1.07,60.65,-14.34538,-70.0321,4130
Crucero,2020-06-27,3.86,11.89,-1.92,68.03,0.4,0.98,60.6,-14.34538,-70.0321,4130
Crucero,2020-06-28,1.4,6.38,-4.55,69.82,2.07,1.21,60.62,-14.34538,-70.0321,4130
Crucero,2020-06-29,1.82,11.5,-6.45,50.07,0.01,1.43,60.66,-14.34538,-70.0321,4130
Crucero,2020-06-30,2.14,12.35,-5.72,38.32,0.0,1.58,60.68,-14.34538,-70.0321,4130
Crucero,2020-07-01,3.85,12.69,-2.17,52.61,0.0,1.01,60.64,-14.34538,-70.0321,4130
Crucero,2020-07-02,3.92,13.68,-3.49,62.03,0.96,1.32,60.59,-14.34538,-70.0321,4130
Crucero,2020-07-03,3.92,14.26,-4.24,60.37,0.42,1.45,60.59,-14.34538,-70.0321,4130
Crucero,2020-07-04,4.36,14.71,-3.79,67.75,0.0,1.87,60.6,-14.34538,-70.0321,4130
Crucero,2020-07-05,4.95,13.66,-3.52,74.59,0.0,1.62,60.64,-14.34538,-70.0321,4130
Crucero,2020-07-06,5.62,12.56,1.15,76.38,0.0,1.91,60.65,-14.34538,-70.0321,4130
Crucero,2020-07-07,5.28,13.16,-0.85,68.67,0.14,1.82,60.6,-14.34538,-70.0321,4130
Crucero,2020-07-08,3.57,11.76,-2.54,43.26,0.0,1.72,60.64,-14.34538,-70.0321,4130
Crucero,2020-07-09,1.11,5.76,-3.12,74.61,17.46,0.87,60.72,-14.34538,-70.0321,4130
Crucero,2020-07-10,2.61,10.75,-3.91,66.86,0.04,1.39,60.67,-14.34538,-70.0321,4130
Crucero,2020-07-11,3.09,12.59,-5.15,56.39,0.0,1.47,60.66,-14.34538,-70.0321,4130
Crucero,2020-07-12,4.71,13.55,-2.98,72.26,0.0,1.54,60.69,-14.34538,-70.0321,4130
Crucero,2020-07-13,3.55,11.36,-3.41,74.68,0.0,0.88,60.78,-14.34538,-70.0321,4130
Crucero,2020-07-14,1.98,6.38,-0.87,86.07,0.0,1.04,60.81,-14.34538,-70.0321,4130
Crucero,2020-07-15,4.67,13.15,-1.83,72.7,0.0,1.09,60.74,-14.34538,-70.0321,4130
Crucero,2020-07-16,4.23,13.68,-3.79,63.91,0.0,1.36,60.76,-14.34538,-70.0321,4130
Crucero,2020-07-17,4.93,13.9,-2.79,73.67,0.0,1.49,60.75,-14.34538,-70.0321,4130
Crucero,2020-07-18,6.15,14.75,0.13,71.95,0.0,1.51,60.72,-14.34538,-70.0321,4130
Crucero,2020-07-19,6.37,14.55,0.31,72.04,0.0,1.75,60.74,-14.34538,-70.0321,4130
Crucero,2020-07-20,6.0,14.53,-0.8,69.52,0.0,1.76,60.76,-14.34538,-70.0321,4130
Crucero,2020-07-21,4.64,14.56,-3.89,69.82,0.0,1.68,60.69,-14.34538,-70.0321,4130
Crucero,2020-07-22,5.83,13.49,0.79,72.7,0.0,1.13,60.62,-14.34538,-70.0321,4130
Crucero,2020-07-23,4.53,12.96,-1.77,56.96,0.0,2.22,60.62,-14.34538,-70.0321,4130
Crucero,2020-07-24,2.75,9.69,-2.23,58.32,1.56,2.13,60.6,-14.34538,-70.0321,4130
Crucero,2020-07-25,2.9,10.45,-2.09,64.33,0.61,1.7,60.72,-14.34538,-70.0321,4130
Crucero,2020-07-26,3.62,12.71,-3.52,61.28,0.0,1.21,60.71,-14.34538,-70.0321,4130
Crucero,2020-07-27,3.73,13.92,-4.87,41.55,0.0,1.21,60.69,-14.34538,-70.0321,4130
Crucero,2020-07-28,3.85,13.55,-4.29,52.74,0.0,1.34,60.7,-14.34538,-70.0321,4130
Crucero,2020-07-29,5.23,14.12,-1.04,71.64,0.0,1.37,60.72,-14.34538,-70.0321,4130
Crucero,2020-07-30,5.81,14.23,-0.09,69.71,0.0,1.21,60.75,-14.34538,-70.0321,4130
Crucero,2020-07-31,5.39,15.39,-1.52,62.59,0.0,1.28,60.78,-14.34538,-70.0321,4130
Crucero,2020-08-01,4.92,14.89,-3.03,67.91,0.0,1.39,60.84,-14.34538,-70.0321,4130
Crucero,2020-08-02,5.26,15.34,-2.0,69.76,0.0,1.65,60.87,-14.34538,-70.0321,4130
Crucero,2020-08-03,4.49,14.77,-4.31,69.19,0.0,2.09,60.94,-14.34538,-70.0321,4130
Crucero,2020-08-04,4.66,14.68,-3.74,68.99,0.0,1.23,60.89,-14.34538,-70.0321,4130
Crucero,2020-08-05,4.69,14.22,-2.35,70.4,0.0,1.6,60.81,-14.34538,-70.0321,4130
Crucero,2020-08-06,4.42,13.75,-3.05,69.82,0.0,1.88,60.75,-14.34538,-70.0321,4130
Crucero,2020-08-07,3.99,12.63,-2.79,72.48,0.0,1.41,60.85,-14.34538,-70.0321,4130
Crucero,2020-08-08,4.31,13.59,-2.99,66.89,0.0,1.73,60.85,-14.34538,-70.0321,4130
Crucero,2020-08-09,4.36,13.34,-2.77,66.6,0.0,0.98,60.79,-14.34538,-70.0321,4130
Crucero,2020-08-10,4.73,14.28,-4.22,66.94,0.0,2.19,60.64,-14.34538,-70.0321,4130
Crucero,2020-08-11,2.81,8.57,-1.64,79.64,0.0,2.14,60.56,-14.34538,-70.0321,4130
Crucero,2020-08-12,3.64,12.07,-3.14,75.72,0.0,2.45,60.5,-14.34538,-70.0321,4130
Crucero,2020-08-13,4.12,13.47,-4.24,62.79,0.0,2.95,60.48,-14.34538,-70.0321,4130
Crucero,2020-08-14,2.93,10.34,-2.43,75.77,0.12,1.73,60.53,-14.34538,-70.0321,4130
Crucero,2020-08-15,4.85,14.25,-3.58,68.96,0.02,2.6,60.54,-14.34538,-70.0321,4130
Crucero,2020-08-16,5.49,14.09,-1.82,69.48,0.02,3.14,60.57,-14.34538,-70.0321,4130
Crucero,2020-08-17,6.03,15.07,-1.63,69.6,0.83,3.46,60.55,-14.34538,-70.0321,4130
Crucero,2020-08-18,6.04,13.72,-1.35,73.93,0.18,3.41,60.5,-14.34538,-70.0321,4130
Crucero,2020-08-19,6.26,14.94,0.86,75.84,0.01,2.94,60.53,-14.34538,-70.0321,4130
Crucero,2020-08-20,3.96,12.92,0.74,82.66,0.52,1.69,60.67,-14.34538,-70.0321,4130
Crucero,2020-08-21,4.8,13.52,0.13,78.57,0.16,2.07,60.67,-14.34538,-70.0321,4130
Crucero,2020-08-22,6.24,15.05,-1.45,68.59,0.0,1.61,60.58,-14.34538,-70.0321,4130
Crucero,2020-08-23,6.0,16.47,-2.17,67.5,0.0,2.64,60.57,-14.34538,-70.0321,4130
Crucero,2020-08-24,4.94,16.23,-4.25,66.67,0.0,3.39,60.55,-14.34538,-70.0321,4130
Crucero,2020-08-25,5.26,15.75,-4.42,67.79,0.0,2.79,60.56,-14.34538,-70.0321,4130
Crucero,2020-08-26,6.15,16.04,-2.4,68.19,0.0,3.45,60.62,-14.34538,-70.0321,4130
Crucero,2020-08-27,7.14,16.12,-0.38,66.46,0.0,2.65,60.77,-14.34538,-70.0321,4130
Crucero,2020-08-28,7.09,16.13,-0.37,68.23,0.0,2.5,60.79,-14.34538,-70.0321,4130
Crucero,2020-08-29,6.77,16.35,-0.96,68.53,0.0,2.71,60.7,-14.34538,-70.0321,4130
Crucero,2020-08-30,5.3,14.5,-0.38,70.23,0.0,3.6,60.7,-14.34538,-70.0321,4130
Crucero,2020-08-31,3.81,11.26,-3.35,73.98,1.04,3.9,60.79,-14.34538,-70.0321,4130
Crucero,2020-09-01,4.98,12.5,-0.84,74.7,0.17,3.6,60.75,-14.34538,-70.0321,4130
Crucero,2020-09-02,5.95,14.06,-0.17,71.7,0.0,2.15,60.65,-14.34538,-70.0321,4130
Crucero,2020-09-03,4.18,11.18,1.19,79.89,0.0,1.57,60.68,-14.34538,-70.0321,4130
Crucero,2020-09-04,5.14,12.31,1.5,78.26,0.0,1.86,60.75,-14.34538,-70.0321,4130
Crucero,2020-09-05,5.0,13.03,1.07,79.01,0.0,1.41,60.81,-14.34538,-70.0321,4130
Crucero,2020-09-06,5.42,12.65,0.79,75.97,0.0,1.59,60.76,-14.34538,-70.0321,4130
Crucero,2020-09-07,5.07,14.58,-1.77,73.11,0.3,1.73,60.63,-14.34538,-70.0321,4130
Crucero,2020-09-08,4.32,11.11,-1.55,79.6,0.03,1.73,60.68,-14.34538,-70.0321,4130
Crucero,2020-09-09,6.01,13.59,0.16,72.88,0.0,2.24,60.8,-14.34538,-70.0321,4130
Crucero,2020-09-10,5.87,14.53,0.14,70.04,0.0,3.19,60.82,-14.34538,-70.0321,4130
Crucero,2020-09-11,4.06,9.94,0.77,78.87,0.0,2.19,60.66,-14.34538,-70.0321,4130
Crucero,2020-09-12,2.21,5.5,-1.05,83.68,0.0,1.98,60.66,-14.34538,-70.0321,4130
Crucero,2020-09-13,4.52,13.17,-2.2,76.53,0.02,2.47,60.71,-14.34538,-70.0321,4130
Crucero,2020-09-14,5.52,11.73,1.14,75.34,0.0,4.63,60.85,-14.34538,-70.0321,4130
Crucero,2020-09-15,5.78,14.12,1.18,73.69,0.02,2.54,60.75,-14.34538,-70.0321,4130
Crucero,2020-09-16,5.87,13.63,0.15,70.09,0.0,2.27,60.67,-14.34538,-70.0321,4130
Crucero,2020-09-17,4.36,13.27,-0.06,78.18,1.47,2.83,60.61,-14.34538,-70.0321,4130
Crucero,2020-09-18,3.96,11.05,-1.09,78.86,2.48,3.12,60.62,-14.34538,-70.0321,4130
Crucero,2020-09-19,5.96,14.27,-1.58,71.87,0.5,1.93,60.71,-14.34538,-70.0321,4130
Crucero,2020-09-20,5.75,12.13,1.42,75.9,0.0,2.32,60.67,-14.34538,-70.0321,4130
Crucero,2020-09-21,7.31,16.97,-0.24,60.95,0.53,1.59,60.66,-14.34538,-70.0321,4130
Crucero,2020-09-22,6.06,16.44,-3.04,47.74,0.32,1.84,60.69,-14.34538,-70.0321,4130
Crucero,2020-09-23,5.38,14.55,-2.02,66.39,0.07,2.82,60.88,-14.34538,-70.0321,4130
Crucero,2020-09-24,4.3,13.68,-4.52,61.57,0.0,3.16,60.9,-14.34538,-70.0321,4130
Crucero,2020-09-25,6.33,15.67,-2.53,66.16,0.0,2.16,60.8,-14.34538,-70.0321,4130
Crucero,2020-09-26,6.64,16.27,-0.83,63.47,0.0,1.69,60.62,-14.34538,-70.0321,4130
Crucero,2020-09-27,5.59,14.45,-2.12,59.98,0.0,2.79,60.51,-14.34538,-70.0321,4130
Crucero,2020-09-28,3.31,8.04,-0.35,78.83,1.09,3.06,60.54,-14.34538,-70.0321,4130
Crucero,2020-09-29,4.27,13.34,-1.54,75.13,0.14,2.62,60.62,-14.34538,-70.0321,4130
Crucero,2020-09-30,5.26,12.94,-0.45,72.7,0.0,2.87,60.67,-14.34538,-70.0321,4130
Crucero,2020-10-01,5.93,13.73,-0.19,70.27,0.0,2.25,60.65,-14.34538,-70.0321,4130
Crucero,2020-10-02,6.58,13.66,1.72,72.82,0.0,3.32,60.62,-14.34538,-70.0321,4130
Crucero,2020-10-03,7.14,14.8,2.24,69.91,0.0,4.09,60.72,-14.34538,-70.0321,4130
Crucero,2020-10-04,6.14,13.32,-0.4,71.42,0.0,4.67,60.79,-14.34538,-70.0321,4130
Crucero,2020-10-05,6.84,14.44,1.19,67.66,0.24,3.91,60.81,-14.34538,-70.0321,4130
Crucero,2020-10-06,5.41,10.41,1.71,76.55,0.13,3.28,60.76,-14.34538,-70.0321,4130
Crucero,2020-10-07,6.31,13.34,1.39,73.32,0.03,4.21,60.8,-14.34538,-70.0321,4130
Crucero,2020-10-08,7.22,14.85,1.48,69.41,0.0,3.69,60.9,-14.34538,-70.0321,4130
Crucero,2020-10-09,7.86,16.61,1.92,65.86,0.0,3.61,60.87,-14.34538,-70.0321,4130
Crucero,2020-10-10,6.92,16.12,1.1,70.43,0.0,2.99,60.81,-14.34538,-70.0321,4130
Crucero,2020-10-11,4.82,8.96,1.87,79.46,9.03,2.68,60.78,-14.34538,-70.0321,4130
Crucero,2020-10-12,6.52,14.68,1.75,70.96,0.27,3.38,60.76,-14.34538,-70.0321,4130
Crucero,2020-10-13,5.11,12.85,-1.41,76.48,1.14,3.53,60.67,-14.34538,-70.0321,4130
Crucero,2020-10-14,4.2,8.68,1.19,81.29,2.19,3.03,60.62,-14.34538,-70.0321,4130
Crucero,2020-10-15,5.57,13.06,-0.85,72.63,0.16,4.24,60.66,-14.34538,-70.0321,4130
Crucero,2020-10-16,5.59,13.52,-0.96,73.46,1.71,2.64,60.73,-14.34538,-70.0321,4130
Crucero,2020-10-17,6.48,14.4,0.24,67.17,0.14,1.53,60.68,-14.34538,-70.0321,4130
Crucero,2020-10-18,6.15,13.2,0.64,72.2,2.34,1.28,60.57,-14.34538,-70.0321,4130
Crucero,2020-10-19,5.33,13.14,0.58,76.06,1.05,1.98,60.51,-14.34538,-70.0321,4130
Crucero,2020-10-20,5.77,13.92,0.22,73.76,0.05,3.07,60.57,-14.34538,-70.0321,4130
Crucero,2020-10-21,5.77,14.49,-1.23,72.62,1.05,3.2,60.7,-14.34538,-70.0321,4130
Crucero,2020-10-22,5.45,11.59,1.15,75.11,2.72,1.93,60.76,-14.34538,-70.0321,4130
Crucero,2020-10-23,5.5,14.26,1.9,79.96,0.75,1.61,60.69,-14.34538,-70.0321,4130
Crucero,2020-10-24,7.87,16.3,0.96,69.04,0.0,1.67,60.68,-14.34538,-70.0321,4130
Crucero,2020-10-25,6.75,15.47,0.21,65.96,0.0,2.54,60.66,-14.34538,-70.0321,4130
Crucero,2020-10-26,7.61,18.14,-1.03,68.09,0.19,3.6,60.63,-14.34538,-70.0321,4130
Crucero,2020-10-27,8.35,16.51,-0.59,55.69,0.18,1.97,60.49,-14.34538,-70.0321,4130
Crucero,2020-10-28,7.17,18.7,-5.03,33.48,0.52,1.75,60.46,-14.34538,-70.0321,4130
Crucero,2020-10-29,8.89,18.82,-2.0,43.41,2.08,2.01,60.45,-14.34538,-70.0321,4130
Crucero,2020-10-30,4.87,9.21,2.12,80.0,1.55,2.3,60.56,-14.34538,-70.0321,4130
Crucero,2020-10-31,6.11,15.71,-0.36,70.06,0.01,1.86,60.62,-14.34538,-70.0321,4130
Crucero,2020-11-01,6.99,16.57,0.01,66.25,0.0,2.4,60.57,-14.34538,-70.0321,4130
Crucero,2020-11-02,7.81,17.29,-0.12,58.72,0.0,1.91,60.5,-14.34538,-70.0321,4130
Crucero,2020-11-03,7.4,16.17,1.7,66.89,0.0,2.58,60.6,-14.34538,-70.0321,4130
Crucero,2020-11-04,7.61,15.91,2.54,66.16,0.0,3.75,60.76,-14.34538,-70.0321,4130
Crucero,2020-11-05,7.65,16.77,1.31,65.82,0.0,3.03,60.69,-14.34538,-70.0321,4130
Crucero,2020-11-06,7.57,16.5,2.36,65.97,0.0,4.05,60.65,-14.34538,-70.0321,4130
Crucero,2020-11-07,6.99,14.79,1.19,65.59,0.0,4.31,60.77,-14.34538,-70.0321,4130
Crucero,2020-11-08,7.13,13.9,0.93,63.07,0.0,3.36,60.8,-14.34538,-70.0321,4130
Crucero,2020-11-09,6.73,12.92,1.58,72.66,0.0,2.56,60.68,-14.34538,-70.0321,4130
Crucero,2020-11-10,7.42,16.77,0.6,63.12,1.33,1.75,60.64,-14.34538,-70.0321,4130
Crucero,2020-11-11,9.0,17.91,0.7,50.25,2.33,1.91,60.6,-14.34538,-70.0321,4130
Crucero,2020-11-12,8.46,18.2,-0.64,46.33,3.13,1.86,60.61,-14.34538,-70.0321,4130
Crucero,2020-11-13,8.67,18.51,0.04,47.34,4.78,2.06,60.6,-14.34538,-70.0321,4130
Crucero,2020-11-14,8.77,17.91,0.22,53.66,0.81,2.23,60.58,-14.34538,-70.0321,4130
Crucero,2020-11-15,9.1,18.12,4.07,65.45,0.0,2.67,60.61,-14.34538,-70.0321,4130
Crucero,2020-11-16,6.51,12.09,3.12,76.08,0.36,1.8,60.6,-14.34538,-70.0321,4130
Crucero,2020-11-17,8.91,18.28,1.59,51.26,0.14,2.67,60.54,-14.34538,-70.0321,4130
Crucero,2020-11-18,8.91,18.77,-1.55,45.2,0.01,2.13,60.52,-14.34538,-70.0321,4130
Crucero,2020-11-19,8.22,16.7,1.41,49.13,4.17,2.7,60.56,-14.34538,-70.0321,4130
Crucero,2020-11-20,8.3,18.16,-0.3,57.54,0.21,2.71,60.57,-14.34538,-70.0321,4130
Crucero,2020-11-21,7.88,16.83,2.91,68.6,0.0,2.29,60.59,-14.34538,-70.0321,4130
Crucero,2020-11-22,8.2,17.61,1.08,62.59,0.0,3.47,60.69,-14.34538,-70.0321,4130
Crucero,2020-11-23,8.56,17.66,0.16,59.47,0.0,3.39,60.79,-14.34538,-70.0321,4130
Crucero,2020-11-24,9.45,19.34,2.1,61.75,0.0,2.85,60.8,-14.34538,-70.0321,4130
Crucero,2020-11-25,8.06,12.39,3.86,75.1,0.0,2.79,60.75,-14.34538,-70.0321,4130
Crucero,2020-11-26,8.63,17.82,3.08,67.37,1.0,2.99,60.63,-14.34538,-70.0321,4130
Crucero,2020-11-27,7.93,15.41,3.33,69.03,0.06,3.86,60.62,-14.34538,-70.0321,4130
Crucero,2020-11-28,6.85,15.7,2.01,72.58,4.12,2.88,60.68,-14.34538,-70.0321,4130
Crucero,2020-11-29,6.6,13.58,0.33,76.32,2.12,2.74,60.72,-14.34538,-70.0321,4130
Crucero,2020-11-30,8.47,17.93,0.86,68.79,2.53,3.02,60.67,-14.34538,-70.0321,4130
Crucero,2020-12-01,5.67,11.19,1.57,78.6,10.88,2.15,60.67,-14.34538,-70.0321,4130
Crucero,2020-12-02,6.73,14.4,-0.49,76.02,1.29,2.14,60.55,-14.34538,-70.0321,4130
Crucero,2020-12-03,7.63,13.89,3.88,79.25,2.02,2.6,60.52,-14.34538,-70.0321,4130
Crucero,2020-12-04,5.54,11.13,2.72,83.21,2.29,3.42,60.6,-14.34538,-70.0321,4130
Crucero,2020-12-05,6.17,13.22,1.5,77.35,0.75,2.47,60.72,-14.34538,-70.0321,4130
Crucero,2020-12-06,5.58,11.24,2.03,82.59,15.38,3.23,60.63,-14.34538,-70.0321,4130
Crucero,2020-12-07,7.03,15.08,0.71,76.93,7.94,2.78,60.65,-14.34538,-70.0321,4130
Crucero,2020-12-08,8.16,14.89,2.22,74.97,0.21,1.77,60.72,-14.34538,-70.0321,4130
Crucero,2020-12-09,8.18,14.86,3.13,75.44,0.54,2.81,60.66,-14.34538,-70.0321,4130
Crucero,2020-12-10,5.79,13.07,0.74,76.37,1.21,3.01,60.55,-14.34538,-70.0321,4130
Crucero,2020-12-11,8.5,15.69,2.48,69.97,1.23,2.33,60.48,-14.34538,-70.0321,4130
Crucero,2020-12-12,6.8,16.03,2.26,73.97,1.52,2.95,60.55,-14.34538,-70.0321,4130
Crucero,2020-12-13,7.36,14.95,0.44,71.12,0.66,2.34,60.65,-14.34538,-70.0321,4130
Crucero,2020-12-14,6.82,13.22,1.95,75.81,1.46,1.71,60.63,-14.34538,-70.0321,4130
Crucero,2020-12-15,8.17,17.21,1.04,69.96,1.84,2.51,60.51,-14.34538,-70.0321,4130
Crucero,2020-12-16,6.22,11.48,2.7,77.52,3.86,2.56,60.62,-14.34538,-70.0321,4130
Crucero,2020-12-17,6.67,13.68,-0.28,74.63,0.08,3.03,60.67,-14.34538,-70.0321,4130
Crucero,2020-12-18,7.47,14.98,0.92,73.07,3.07,2.37,60.6,-14.34538,-70.0321,4130
Crucero,2020-12-19,8.07,14.53,3.68,70.6,0.25,2.02,60.52,-14.34538,-70.0321,4130
Crucero,2020-12-20,6.14,11.01,4.21,79.98,0.0,2.2,60.55,-14.34538,-70.0321,4130
Crucero,2020-12-21,5.59,12.55,2.13,84.3,6.92,4.15,60.61,-14.34538,-70.0321,4130
Crucero,2020-12-22,6.06,12.76,1.03,78.35,7.36,3.05,60.62,-14.34538,-70.0321,4130
Crucero,2020-12-23,7.06,14.1,1.63,76.44,0.39,2.93,60.54,-14.34538,-70.0321,4130
Crucero,2020-12-24,8.09,15.71,3.44,76.67,5.7,2.98,60.5,-14.34538,-70.0321,4130
Crucero,2020-12-25,7.29,14.42,2.18,78.16,0.19,2.42,60.46,-14.34538,-70.0321,4130
Crucero,2020-12-26,6.35,13.87,1.9,77.02,10.04,2.88,60.38,-14.34538,-70.0321,4130
Crucero,2020-12-27,5.75,12.38,1.32,77.38,5.65,2.91,60.39,-14.34538,-70.0321,4130
Crucero,2020-12-28,3.78,8.16,0.9,84.89,5.2,2.32,60.47,-14.34538,-70.0321,4130
Crucero,2020-12-29,5.34,12.5,0.93,82.63,2.54,2.27,60.46,-14.34538,-70.0321,4130
Crucero,2020-12-30,5.42,12.86,1.63,83.99,17.55,2.35,60.44,-14.34538,-70.0321,4130
Crucero,2020-12-31,5.08,8.93,1.22,85.91,11.73,3.63,60.54,-14.34538,-70.0321,4130
Crucero,2021-01-01,4.97,9.72,0.13,84.14,9.63,2.87,60.72,-14.34538,-70.0321,4130
Crucero,2021-01-02,6.7,12.49,2.96,81.89,1.95,2.48,60.63,-14.34538,-70.0321,4130
Crucero,2021-01-03,6.67,13.05,1.57,81.79,2.64,1.84,60.53,-14.34538,-70.0321,4130
Crucero,2021-01-04,6.72,13.46,1.63,80.24,3.88,1.53,60.41,-14.34538,-70.0321,4130
Crucero,2021-01-05,5.29,13.02,1.33,81.99,4.56,2.39,60.4,-14.34538,-70.0321,4130
Crucero,2021-01-06,3.93,7.18,1.35,90.11,8.63,3.09,60.47,-14.34538,-70.0321,4130
Crucero,2021-01-07,4.78,11.59,0.84,82.87,4.94,2.51,60.59,-14.34538,-70.0321,4130
Crucero,2021-01-08,4.53,9.49,1.11,84.22,14.04,1.21,60.64,-14.34538,-70.0321,4130
Crucero,2021-01-09,4.04,8.84,-0.74,87.55,11.38,1.84,60.58,-14.34538,-70.0321,4130
Crucero,2021-01-10,5.98,10.34,3.38,83.28,0.04,2.64,60.6,-14.34538,-70.0321,4130
Crucero,2021-01-11,5.78,11.09,2.53,86.02,1.32,2.11,60.59,-14.34538,-70.0321,4130
Crucero,2021-01-12,6.93,12.37,2.0,79.75,5.37,2.83,60.61,-14.34538,-70.0321,4130
Crucero,2021-01-13,6.35,10.57,2.73,86.18,2.72,2.37,60.59,-14.34538,-70.0321,4130
Crucero,2021-01-14,6.26,12.71,1.5,82.57,6.53,3.08,60.53,-14.34538,-70.0321,4130
Crucero,2021-01-15,6.68,13.06,2.26,83.36,7.24,2.17,60.45,-14.34538,-70.0321,4130
Crucero,2021-01-16,6.4,13.63,1.71,83.15,3.74,1.63,60.39,-14.34538,-70.0321,4130
Crucero,2021-01-17,3.94,8.42,0.46,88.85,7.32,1.87,60.38,-14.34538,-70.0321,4130
Crucero,2021-01-18,3.6,6.83,0.82,90.89,8.58,2.67,60.46,-14.34538,-70.0321,4130
Crucero,2021-01-19,5.61,13.77,0.26,81.71,2.31,2.49,60.5,-14.34538,-70.0321,4130
Crucero,2021-01-20,6.02,13.26,0.71,82.29,1.37,3.02,60.5,-14.34538,-70.0321,4130
Crucero,2021-01-21,4.48,9.31,0.95,86.44,10.47,2.12,60.55,-14.34538,-70.0321,4130
Crucero,2021-01-22,4.93,11.52,-0.58,82.41,7.6,3.52,60.59,-14.34538,-70.0321,4130
Crucero,2021-01-23,4.69,10.84,-0.89,83.63,6.02,3.32,60.58,-14.34538,-70.0321,4130
Crucero,2021-01-24,4.67,11.04,0.37,84.71,2.21,2.76,60.51,-14.34538,-70.0321,4130
Crucero,2021-01-25,5.69,11.94,1.08,85.45,5.82,1.95,60.47,-14.34538,-70.0321,4130
Crucero,2021-01-26,6.17,13.25,1.04,78.14,4.52,1.07,60.49,-14.34538,-70.0321,4130
Crucero,2021-01-27,7.08,15.36,-0.25,71.58,0.01,1.52,60.48,-14.34538,-70.0321,4130
Crucero,2021-01-28,6.8,13.13,3.56,78.87,0.24,1.47,60.43,-14.34538,-70.0321,4130
Crucero,2021-01-29,4.8,11.86,0.13,80.45,0.94,1.23,60.46,-14.34538,-70.0321,4130
Crucero,2021-01-30,5.13,10.01,1.41,83.32,2.19,1.3,60.57,-14.34538,-70.0321,4130
Crucero,2021-01-31,6.05,13.2,1.15,83.21,0.48,1.86,60.58,-14.34538,-70.0321,4130
Crucero,2021-02-01,5.71,12.19,1.06,82.14,0.0,2.55,60.57,-14.34538,-70.0321,4130
Crucero,2021-02-02,6.78,13.75,2.19,78.82,0.28,2.81,60.57,-14.34538,-70.0321,4130
Crucero,2021-02-03,5.85,10.37,2.06,83.39,2.77,3.47,60.64,-14.34538,-70.0321,4130
Crucero,2021-02-04,6.35,12.28,1.32,82.19,3.82,3.5,60.72,-14.34538,-70.0321,4130
Crucero,2021-02-05,6.43,12.57,1.72,83.03,3.14,2.92,60.65,-14.34538,-70.0321,4130
Crucero,2021-02-06,6.83,14.31,1.77,82.13,0.01,2.93,60.6,-14.34538,-70.0321,4130
Crucero,2021-02-07,6.3,10.85,2.42,86.18,4.75,2.2,60.63,-14.34538,-70.0321,4130
Crucero,2021-02-08,6.34,12.59,1.78,83.46,3.44,2.27,60.61,-14.34538,-70.0321,4130
Crucero,2021-02-09,6.78,13.95,0.77,79.82,13.79,2.16,60.54,-14.34538,-70.0321,4130
Crucero,2021-02-10,3.75,8.24,0.45,91.08,22.39,2.16,60.48,-14.34538,-70.0321,4130
Crucero,2021-02-11,5.29,12.09,-0.61,82.52,7.13,1.59,60.45,-14.34538,-70.0321,4130
Crucero,2021-02-12,4.48,11.17,0.86,87.36,5.91,1.59,60.46,-14.34538,-70.0321,4130
Crucero,2021-02-13,4.11,11.19,0.38,85.89,16.76,1.85,60.54,-14.34538,-70.0321,4130
Crucero,2021-02-14,3.83,10.05,-1.98,83.59,11.18,2.35,60.51,-14.34538,-70.0321,4130
Crucero,2021-02-15,3.23,7.05,0.3,88.26,17.75,2.09,60.53,-14.34538,-70.0321,4130
Crucero,2021-02-16,4.76,11.5,-1.04,81.24,6.53,1.49,60.49,-14.34538,-70.0321,4130
Crucero,2021-02-17,5.3,12.31,-0.52,82.56,8.84,1.75,60.44,-14.34538,-70.0321,4130
Crucero,2021-02-18,3.69,7.92,-1.51,83.64,8.85,1.91,60.54,-14.34538,-70.0321,4130
Crucero,2021-02-19,4.9,11.64,-0.4,86.77,6.44,2.0,60.56,-14.34538,-70.0321,4130
Crucero,2021-02-20,5.08,10.83,-0.76,85.14,0.8,3.22,60.64,-14.34538,-70.0321,4130
Crucero,2021-02-21,5.35,10.74,1.27,84.83,3.7,3.6,60.63,-14.34538,-70.0321,4130
Crucero,2021-02-22,5.03,11.4,0.21,82.87,0.12,2.86,60.65,-14.34538,-70.0321,4130
Crucero,2021-02-23,5.27,11.05,-0.7,83.82,0.07,2.91,60.71,-14.34538,-70.0321,4130
Crucero,2021-02-24,5.81,12.22,-1.02,78.28,0.01,3.23,60.79,-14.34538,-70.0321,4130
Crucero,2021-02-25,5.63,13.05,-1.48,77.96,0.0,2.91,60.73,-14.34538,-70.0321,4130
Crucero,2021-02-26,4.74,11.73,-2.08,81.85,1.27,2.26,60.61,-14.34538,-70.0321,4130
Crucero,2021-02-27,5.2,12.8,-0.38,78.31,0.8,2.5,60.6,-14.34538,-70.0321,4130
Crucero,2021-02-28,5.16,12.76,-1.23,79.16,0.74,2.62,60.55,-14.34538,-70.0321,4130
Crucero,2021-03-01,5.59,11.61,-0.5,84.7,0.38,2.51,60.43,-14.34538,-70.0321,4130
Crucero,2021-03-02,5.89,13.1,0.22,81.88,0.06,2.54,60.47,-14.34538,-70.0321,4130
Crucero,2021-03-03,6.04,13.21,1.36,80.93,0.15,2.56,60.61,-14.34538,-70.0321,4130
Crucero,2021-03-04,6.07,13.02,0.86,80.15,0.09,2.34,60.62,-14.34538,-70.0321,4130
Crucero,2021-03-05,6.46,12.84,2.2,82.98,0.68,2.75,60.53,-14.34538,-70.0321,4130
Crucero,2021-03-06,4.95,9.03,2.25,90.02,8.1,2.9,60.58,-14.34538,-70.0321,4130
Crucero,2021-03-07,6.34,12.99,1.15,82.43,12.97,2.12,60.66,-14.34538,-70.0321,4130
Crucero,2021-03-08,7.19,13.76,1.89,81.55,2.29,2.71,60.63,-14.34538,-70.0321,4130
Crucero,2021-03-09,3.57,9.26,-0.44,85.77,0.3,2.23,60.63,-14.34538,-70.0321,4130
Crucero,2021-03-10,4.78,11.84,-3.21,78.08,0.89,1.85,60.57,-14.34538,-70.0321,4130
Crucero,2021-03-11,5.74,13.0,-0.76,76.07,0.21,2.58,60.53,-14.34538,-70.0321,4130
Crucero,2021-03-12,4.96,9.81,1.45,84.15,0.0,2.83,60.57,-14.34538,-70.0321,4130
Crucero,2021-03-13,4.42,11.67,-0.74,82.53,0.0,2.11,60.58,-14.34538,-70.0321,4130
Crucero,2021-03-14,5.31,11.48,-0.13,81.69,0.01,3.08,60.58,-14.34538,-70.0321,4130
Crucero,2021-03-15,4.72,10.51,0.65,84.6,11.27,2.37,60.58,-14.34538,-70.0321,4130
Crucero,2021-03-16,5.78,13.36,-0.34,82.97,1.35,1.42,60.53,-14.34538,-70.0321,4130
Crucero,2021-03-17,5.27,10.39,1.33,86.18,0.4,1.26,60.5,-14.34538,-70.0321,4130
Crucero,2021-03-18,4.13,8.15,0.86,89.59,5.33,1.45,60.48,-14.34538,-70.0321,4130
Crucero,2021-03-19,4.22,10.96,0.77,85.9,0.81,1.46,60.46,-14.34538,-70.0321,4130
Crucero,2021-03-20,5.31,10.86,0.58,83.32,0.16,2.15,60.5,-14.34538,-70.0321,4130
Crucero,2021-03-21,5.61,10.21,2.44,87.34,3.47,2.97,60.61,-14.34538,-70.0321,4130
Crucero,2021-03-22,4.49,8.82,1.21,87.72,8.38,2.29,60.65,-14.34538,-70.0321,4130
Crucero,2021-03-23,5.6,11.68,-0.23,83.74,3.72,3.4,60.62,-14.34538,-70.0321,4130
Crucero,2021-03-24,3.88,6.31,1.07,91.75,1.24,1.97,60.64,-14.34538,-70.0321,4130
Crucero,2021-03-25,5.51,12.72,-1.91,81.96,0.04,1.94,60.67,-14.34538,-70.0321,4130
Crucero,2021-03-26,6.76,12.7,1.86,82.36,0.13,1.91,60.64,-14.34538,-70.0321,4130
Crucero,2021-03-27,6.13,12.73,1.97,81.07,1.08,2.42,60.6,-14.34538,-70.0321,4130
Crucero,2021-03-28,5.29,11.29,0.64,85.05,4.96,2.68,60.6,-14.34538,-70.0321,4130
Crucero,2021-03-29,4.76,11.94,0.2,85.44,8.2,1.93,60.62,-14.34538,-70.0321,4130
Crucero,2021-03-30,5.08,11.94,1.23,85.81,0.65,2.01,60.63,-14.34538,-70.0321,4130
Crucero,2021-03-31,4.51,11.26,0.11,84.79,0.99,1.08,60.56,-14.34538,-70.0321,4130
Crucero,2021-04-01,4.11,8.81,0.28,81.9,1.92,1.67,60.5,-14.34538,-70.0321,4130
Crucero,2021-04-02,3.43,8.99,0.1,87.45,7.15,1.55,60.59,-14.34538,-70.0321,4130
Crucero,2021-04-03,4.28,10.95,-2.28,86.31,4.83,2.15,60.65,-14.34538,-70.0321,4130
Crucero,2021-04-04,4.27,10.73,0.39,86.63,9.64,1.54,60.63,-14.34538,-70.0321,4130
Crucero,2021-04-05,4.41,10.99,-0.72,86.27,2.11,1.92,60.64,-14.34538,-70.0321,4130
Crucero,2021-04-06,5.91,11.29,2.06,86.34,0.0,1.55,60.65,-14.34538,-70.0321,4130
Crucero,2021-04-07,6.32,12.74,1.2,84.38,11.1,1.25,60.66,-14.34538,-70.0321,4130
Crucero,2021-04-08,5.02,9.86,2.01,88.13,7.16,1.53,60.68,-14.34538,-70.0321,4130
Crucero,2021-04-09,5.39,12.18,0.04,83.16,0.84,1.81,60.71,-14.34538,-70.0321,4130
Crucero,2021-04-10,5.76,12.08,1.31,83.55,2.32,1.68,60.61,-14.34538,-70.0321,4130
Crucero,2021-04-11,5.04,11.1,0.8,83.96,0.6,1.96,60.61,-14.34538,-70.0321,4130
Crucero,2021-04-12,4.39,10.56,-0.52,83.4,2.42,2.95,60.72,-14.34538,-70.0321,4130
Crucero,2021-04-13,5.25,11.93,-1.11,85.05,0.73,2.32,60.75,-14.34538,-70.0321,4130
Crucero,2021-04-14,4.36,9.59,0.88,86.9,3.45,1.48,60.69,-14.34538,-70.0321,4130
Crucero,2021-04-15,6.16,12.78,0.88,82.48,0.08,1.12,60.63,-14.34538,-70.0321,4130
Crucero,2021-04-16,7.06,13.66,1.65,79.67,0.19,1.33,60.63,-14.34538,-70.0321,4130
Crucero,2021-04-17,6.06,12.85,0.35,80.06,6.09,1.04,60.65,-14.34538,-70.0321,4130
Crucero,2021-04-18,5.82,14.59,-1.48,69.31,1.23,1.3,60.67,-14.34538,-70.0321,4130
Crucero,2021-04-19,4.86,13.91,-3.77,73.24,3.32,1.76,60.69,-14.34538,-70.0321,4130
Crucero,2021-04-20,4.97,12.61,1.44,82.1,1.87,1.95,60.7,-14.34538,-70.0321,4130
Crucero,2021-04-21,4.76,11.21,-0.32,79.84,0.03,1.35,60.7,-14.34538,-70.0321,4130
Crucero,2021-04-22,5.4,12.59,-0.19,77.49,0.0,1.72,60.64,-14.34538,-70.0321,4130
Crucero,2021-04-23,4.83,13.27,-2.45,76.24,0.65,1.59,60.6,-14.34538,-70.0321,4130
Crucero,2021-04-24,5.38,13.59,-0.99,79.7,0.58,2.51,60.59,-14.34538,-70.0321,4130
Crucero,2021-04-25,6.3,13.2,1.12,77.41,1.06,2.06,60.6,-14.34538,-70.0321,4130
Crucero,2021-04-26,5.28,13.08,-2.45,69.07,0.86,1.49,60.59,-14.34538,-70.0321,4130
Crucero,2021-04-27,4.86,12.56,-1.19,69.06,1.76,1.0,60.61,-14.34538,-70.0321,4130
Crucero,2021-04-28,4.63,13.02,-2.16,76.02,0.69,1.18,60.61,-14.34538,-70.0321,4130
Crucero,2021-04-29,4.86,11.94,-0.56,78.9,0.61,1.11,60.67,-14.34538,-70.0321,4130
Crucero,2021-04-30,5.26,13.23,-2.21,70.34,0.0,1.25,60.64,-14.34538,-70.0321,4130
Crucero,2021-05-01,4.44,13.7,-3.39,66.05,0.0,1.29,60.68,-14.34538,-70.0321,4130
Crucero,2021-05-02,5.23,13.47,-3.94,74.7,0.0,1.59,60.72,-14.34538,-70.0321,4130
Crucero,2021-05-03,5.82,11.26,2.49,85.11,0.0,1.69,60.7,-14.34538,-70.0321,4130
Crucero,2021-05-04,6.23,13.38,0.51,76.72,0.02,1.33,60.79,-14.34538,-70.0321,4130
Crucero,2021-05-05,6.03,11.15,2.76,84.68,0.29,1.28,60.84,-14.34538,-70.0321,4130
Crucero,2021-05-06,5.06,11.38,1.06,84.29,0.36,1.65,60.79,-14.34538,-70.0321,4130
Crucero,2021-05-07,5.26,12.63,-1.28,75.0,0.04,0.65,60.73,-14.34538,-70.0321,4130
Crucero,2021-05-08,4.95,12.55,-0.81,76.63,0.0,1.4,60.78,-14.34538,-70.0321,4130
Crucero,2021-05-09,4.74,13.23,-1.06,73.08,0.0,1.42,60.77,-14.34538,-70.0321,4130
Crucero,2021-05-10,4.25,11.74,-0.3,80.77,0.0,1.43,60.77,-14.34538,-70.0321,4130
Crucero,2021-05-11,5.63,12.69,-0.04,76.59,0.0,1.27,60.73,-14.34538,-70.0321,4130
Crucero,2021-05-12,5.2,12.21,0.97,77.73,0.0,1.86,60.73,-14.34538,-70.0321,4130
Crucero,2021-05-13,3.92,12.44,-1.31,83.04,0.0,1.51,60.76,-14.34538,-70.0321,4130
Crucero,2021-05-14,3.93,10.47,-0.76,81.44,0.0,1.37,60.76,-14.34538,-70.0321,4130
Crucero,2021-05-15,5.02,12.78,-1.36,71.17,0.0,1.43,60.74,-14.34538,-70.0321,4130
Crucero,2021-05-16,4.91,13.66,-2.99,71.09,0.0,1.3,60.75,-14.34538,-70.0321,4130
Crucero,2021-05-17,4.9,12.11,-0.13,77.59,0.54,1.56,60.78,-14.34538,-70.0321,4130
Crucero,2021-05-18,4.74,11.99,-0.62,78.89,0.14,0.88,60.75,-14.34538,-70.0321,4130
Crucero,2021-05-19,4.88,14.09,-2.16,66.3,0.0,1.48,60.66,-14.34538,-70.0321,4130
Crucero,2021-05-20,4.35,14.19,-3.61,70.23,0.0,1.79,60.65,-14.34538,-70.0321,4130
Crucero,2021-05-21,4.71,14.46,-3.08,66.16,0.0,1.85,60.63,-14.34538,-70.0321,4130
Crucero,2021-05-22,5.65,14.75,-2.0,67.37,0.07,1.45,60.7,-14.34538,-70.0321,4130
Crucero,2021-05-23,2.82,7.79,-0.89,70.41,1.69,0.97,60.78,-14.34538,-70.0321,4130
Crucero,2021-05-24,2.26,8.49,-2.11,78.31,0.19,0.84,60.76,-14.34538,-70.0321,4130
Crucero,2021-05-25,2.5,9.11,-2.42,80.81,0.18,1.62,60.84,-14.34538,-70.0321,4130
Crucero,2021-05-26,3.99,11.55,-1.24,76.85,0.02,1.69,60.9,-14.34538,-70.0321,4130
Crucero,2021-05-27,3.68,12.14,-2.47,73.69,0.0,1.92,60.82,-14.34538,-70.0321,4130
Crucero,2021-05-28,3.74,13.7,-3.67,72.47,0.0,2.15,60.66,-14.34538,-70.0321,4130
Crucero,2021-05-29,4.5,14.09,-3.42,70.45,0.0,1.62,60.64,-14.34538,-70.0321,4130
Crucero,2021-05-30,5.08,14.14,-2.02,69.55,0.69,1.37,60.74,-14.34538,-70.0321,4130
Crucero,2021-05-31,3.31,7.43,-0.7,82.53,3.36,0.88,60.81,-14.34538,-70.0321,4130
Crucero,2021-06-01,4.45,14.15,-2.85,63.07,0.0,1.92,60.7,-14.34538,-70.0321,4130
Crucero,2021-06-02,3.72,13.64,-4.93,58.94,0.0,1.63,60.66,-14.34538,-70.0321,4130
Crucero,2021-06-03,4.11,9.2,0.31,85.38,0.04,1.64,60.72,-14.34538,-70.0321,4130
Crucero,2021-06-04,3.38,9.63,-1.73,80.52,1.4,1.05,60.74,-14.34538,-70.0321,4130
Crucero,2021-06-05,2.89,9.16,-2.7,79.26,0.27,1.65,60.68,-14.34538,-70.0321,4130
Crucero,2021-06-06,3.68,12.42,-2.69,75.96,0.21,1.61,60.66,-14.34538,-70.0321,4130
Crucero,2021-06-07,3.33,11.74,-2.13,72.49,0.08,1.06,60.66,-14.34538,-70.0321,4130
Crucero,2021-06-08,4.86,13.4,-0.74,54.56,0.37,0.81,60.68,-14.34538,-70.0321,4130
Crucero,2021-06-09,4.62,12.98,-2.03,70.88,0.12,1.19,60.73,-14.34538,-70.0321,4130
Crucero,2021-06-10,4.58,12.81,-1.11,62.09,5.41,1.09,60.74,-14.34538,-70.0321,4130
Crucero,2021-06-11,1.26,7.68,-3.14,85.73,13.09,1.59,60.71,-14.34538,-70.0321,4130
Crucero,2021-06-12,3.55,11.06,-2.32,79.0,0.31,1.35,60.66,-14.34538,-70.0321,4130
Crucero,2021-06-13,4.15,12.47,-2.3,65.07,0.0,0.99,60.66,-14.34538,-70.0321,4130
Crucero,2021-06-14,3.76,12.97,-3.73,64.5,0.0,1.07,60.72,-14.34538,-70.0321,4130
Crucero,2021-06-15,3.45,11.16,-3.14,78.27,3.14,1.3,60.75,-14.34538,-70.0321,4130
Crucero,2021-06-16,4.47,12.77,-1.62,75.98,0.53,1.45,60.7,-14.34538,-70.0321,4130
Crucero,2021-06-17,4.2,11.23,-0.47,79.02,0.0,1.49,60.67,-14.34538,-70.0321,4130
Crucero,2021-06-18,4.27,12.23,-1.63,77.32,0.0,1.63,60.73,-14.34538,-70.0321,4130
Crucero,2021-06-19,4.12,12.03,-2.32,76.39,0.0,1.18,60.82,-14.34538,-70.0321,4130
Crucero,2021-06-20,4.55,12.55,-1.74,74.1,0.05,1.43,60.82,-14.34538,-70.0321,4130
Crucero,2021-06-21,4.78,13.27,-2.91,75.3,0.0,1.58,60.79,-14.34538,-70.0321,4130
Crucero,2021-06-22,2.79,5.89,-1.12,88.1,0.01,1.16,60.77,-14.34538,-70.0321,4130
Crucero,2021-06-23,4.51,13.43,-1.55,70.82,0.0,1.98,60.77,-14.34538,-70.0321,4130
Crucero,2021-06-24,4.84,13.36,-2.08,74.56,0.0,1.39,60.71,-14.34538,-70.0321,4130
Crucero,2021-06-25,2.54,6.33,-1.25,86.03,0.04,0.84,60.68,-14.34538,-70.0321,4130
Crucero,2021-06-26,3.69,12.76,-3.41,74.06,0.35,1.66,60.58,-14.34538,-70.0321,4130
Crucero,2021-06-27,3.57,11.05,-2.27,78.07,0.3,1.85,60.58,-14.34538,-70.0321,4130
Crucero,2021-06-28,1.16,5.04,-1.68,86.51,0.5,1.51,60.7,-14.34538,-70.0321,4130
Crucero,2021-06-29,2.76,10.25,-2.33,73.46,0.03,1.24,60.76,-14.34538,-70.0321,4130
Crucero,2021-06-30,2.86,12.38,-3.86,68.46,0.0,1.11,60.69,-14.34538,-70.0321,4130
Crucero,2021-07-01,2.72,12.54,-3.52,53.17,0.0,1.66,60.75,-14.34538,-70.0321,4130
Crucero,2021-07-02,1.56,11.48,-4.2,28.79,0.0,1.65,60.83,-14.34538,-70.0321,4130
Crucero,2021-07-03,1.15,9.72,-4.99,31.61,0.0,1.72,60.88,-14.34538,-70.0321,4130
Crucero,2021-07-04,2.91,11.52,-3.11,35.93,0.0,1.26,60.82,-14.34538,-70.0321,4130
Crucero,2021-07-05,2.59,11.97,-4.0,50.97,0.0,1.57,60.82,-14.34538,-70.0321,4130
Crucero,2021-07-06,3.18,13.38,-4.47,68.84,0.0,1.17,60.79,-14.34538,-70.0321,4130
Crucero,2021-07-07,4.15,14.05,-4.38,71.96,0.0,1.76,60.68,-14.34538,-70.0321,4130
Crucero,2021-07-08,5.88,13.12,0.88,73.49,0.0,1.0,60.69,-14.34538,-70.0321,4130
Crucero,2021-07-09,5.24,13.32,-2.03,69.95,0.0,1.23,60.72,-14.34538,-70.0321,4130
Crucero,2021-07-10,4.22,12.51,-2.7,72.62,0.0,1.45,60.72,-14.34538,-70.0321,4130
Crucero,2021-07-11,3.79,11.69,-3.55,75.89,1.09,1.92,60.73,-14.34538,-70.0321,4130
Crucero,2021-07-12,4.74,13.32,-3.08,75.96,0.16,1.43,60.74,-14.34538,-70.0321,4130
Crucero,2021-07-13,4.97,12.72,-0.37,74.94,0.0,1.4,60.8,-14.34538,-70.0321,4130
Crucero,2021-07-14,3.71,12.39,-1.89,75.46,0.01,1.33,60.77,-14.34538,-70.0321,4130
Crucero,2021-07-15,5.23,14.19,-2.29,73.25,0.05,1.8,60.73,-14.34538,-70.0321,4130
Crucero,2021-07-16,6.01,14.1,-1.0,71.41,0.07,1.34,60.68,-14.34538,-70.0321,4130
Crucero,2021-07-17,5.04,12.64,0.28,78.43,0.27,1.55,60.72,-14.34538,-70.0321,4130
Crucero,2021-07-18,1.21,3.92,-1.98,90.65,2.67,1.25,60.83,-14.34538,-70.0321,4130
Crucero,2021-07-19,3.32,11.31,-3.8,72.51,0.06,1.04,60.75,-14.34538,-70.0321,4130
Crucero,2021-07-20,2.47,10.48,-4.46,72.13,0.0,1.43,60.72,-14.34538,-70.0321,4130
Crucero,2021-07-21,3.85,12.65,-4.41,66.8,0.0,1.07,60.78,-14.34538,-70.0321,4130
Crucero,2021-07-22,3.47,11.4,-3.01,75.56,0.0,1.75,60.91,-14.34538,-70.0321,4130
Crucero,2021-07-23,3.95,11.79,-2.12,74.02,0.0,1.14,60.87,-14.34538,-70.0321,4130
Crucero,2021-07-24,3.69,13.19,-3.92,71.21,0.0,1.6,60.81,-14.34538,-70.0321,4130
Crucero,2021-07-25,3.63,13.05,-3.83,71.94,0.0,1.89,60.74,-14.34538,-70.0321,4130
Crucero,2021-07-26,3.46,13.5,-4.05,68.46,0.0,2.48,60.72,-14.34538,-70.0321,4130
Crucero,2021-07-27,3.83,13.55,-4.27,68.46,0.0,2.04,60.74,-14.34538,-70.0321,4130
Crucero,2021-07-28,4.42,12.88,-1.13,76.32,0.0,2.63,60.61,-14.34538,-70.0321,4130
Crucero,2021-07-29,4.72,12.29,-1.63,69.93,0.0,1.96,60.6,-14.34538,-70.0321,4130
Crucero,2021-07-30,4.31,14.37,-1.98,68.35,0.0,2.03,60.64,-14.34538,-70.0321,4130
Crucero,2021-07-31,3.79,13.41,-4.4,71.61,0.0,2.43,60.72,-14.34538,-70.0321,4130
Crucero,2021-08-01,3.33,11.34,-2.98,73.68,0.0,2.28,60.88,-14.34538,-70.0321,4130
Crucero,2021-08-02,3.55,12.45,-4.12,69.34,0.0,1.57,60.89,-14.34538,-70.0321,4130
Crucero,2021-08-03,2.34,10.49,-3.82,77.38,3.65,2.32,60.85,-14.34538,-70.0321,4130
Crucero,2021-08-04,1.13,7.12,-4.06,76.81,0.05,2.32,60.9,-14.34538,-70.0321,4130
Crucero,2021-08-05,3.44,13.31,-4.64,62.36,0.0,1.77,60.87,-14.34538,-70.0321,4130
Crucero,2021-08-06,4.12,13.08,-2.75,64.75,0.0,1.45,60.83,-14.34538,-70.0321,4130
Crucero,2021-08-07,4.1,14.58,-4.21,64.16,0.0,1.43,60.73,-14.34538,-70.0321,4130
Crucero,2021-08-08,4.46,14.82,-3.65,62.92,0.0,1.22,60.75,-14.34538,-70.0321,4130
Crucero,2021-08-09,5.39,14.81,-3.94,68.38,0.0,1.61,60.82,-14.34538,-70.0321,4130
Crucero,2021-08-10,5.99,12.9,2.08,77.31,0.0,1.78,60.81,-14.34538,-70.0321,4130
Crucero,2021-08-11,4.11,9.9,-0.48,82.99,0.0,2.08,60.78,-14.34538,-70.0321,4130
Crucero,2021-08-12,5.21,14.22,-2.69,69.1,0.0,1.85,60.73,-14.34538,-70.0321,4130
Crucero,2021-08-13,5.52,14.01,-1.35,69.82,0.0,1.78,60.76,-14.34538,-70.0321,4130
Crucero,2021-08-14,5.3,13.38,-0.87,73.45,0.0,1.78,60.78,-14.34538,-70.0321,4130
Crucero,2021-08-15,5.63,13.53,-0.15,68.22,0.0,1.55,60.7,-14.34538,-70.0321,4130
Crucero,2021-08-16,4.27,14.3,-3.27,58.05,0.0,1.76,60.69,-14.34538,-70.0321,4130
Crucero,2021-08-17,5.01,14.96,-4.45,67.62,0.0,2.0,60.75,-14.34538,-70.0321,4130
Crucero,2021-08-18,5.4,13.62,-0.76,70.98,0.0,2.3,60.83,-14.34538,-70.0321,4130
Crucero,2021-08-19,5.5,14.33,-1.0,66.19,0.0,1.32,60.7,-14.34538,-70.0321,4130
Crucero,2021-08-20,5.04,14.84,-4.15,58.65,0.0,1.96,60.59,-14.34538,-70.0321,4130
Crucero,2021-08-21,4.67,9.47,1.85,81.22,0.0,2.21,60.64,-14.34538,-70.0321,4130
Crucero,2021-08-22,5.53,13.45,-0.1,73.52,0.0,1.26,60.62,-14.34538,-70.0321,4130
Crucero,2021-08-23,6.07,14.46,-0.53,66.56,0.05,1.59,60.53,-14.34538,-70.0321,4130
Crucero,2021-08-24,5.44,14.68,-0.71,68.53,0.11,2.54,60.44,-14.34538,-70.0321,4130
Crucero,2021-08-25,6.47,16.03,-0.94,64.94,0.09,3.84,60.49,-14.34538,-70.0321,4130
Crucero,2021-08-26,6.6,15.77,-0.13,67.65,0.4,2.69,60.53,-14.34538,-70.0321,4130
Crucero,2021-08-27,6.59,15.12,0.73,68.3,0.05,3.27,60.57,-14.34538,-70.0321,4130
Crucero,2021-08-28,5.8,12.76,-0.07,72.37,0.0,1.48,60.7,-14.34538,-70.0321,4130
Crucero,2021-08-29,5.2,11.24,-0.14,73.82,0.0,1.36,60.79,-14.34538,-70.0321,4130
Crucero,2021-08-30,5.89,13.75,-0.77,69.56,0.0,2.35,60.75,-14.34538,-70.0321,4130
Crucero,2021-08-31,5.53,14.31,-0.6,71.08,0.0,2.71,60.75,-14.34538,-70.0321,4130
Crucero,2021-09-01,6.42,15.92,-1.67,69.68,0.0,2.37,60.78,-14.34538,-70.0321,4130
Crucero,2021-09-02,6.68,12.87,1.87,75.22,0.0,1.47,60.73,-14.34538,-70.0321,4130
Crucero,2021-09-03,6.91,14.7,0.97,70.27,0.0,1.57,60.75,-14.34538,-70.0321,4130
Crucero,2021-09-04,6.85,14.89,-0.38,73.07,0.0,2.31,60.71,-14.34538,-70.0321,4130
Crucero,2021-09-05,6.59,13.8,1.57,72.7,0.19,3.02,60.75,-14.34538,-70.0321,4130
Crucero,2021-09-06,5.82,14.76,-1.99,69.54,0.11,2.75,60.72,-14.34538,-70.0321,4130
Crucero,2021-09-07,5.68,11.51,1.67,73.7,0.0,2.0,60.68,-14.34538,-70.0321,4130
Crucero,2021-09-08,5.35,12.97,-1.26,73.43,0.03,2.72,60.64,-14.34538,-70.0321,4130
Crucero,2021-09-09,5.81,14.43,-0.79,71.99,1.1,2.85,60.66,-14.34538,-70.0321,4130
Crucero,2021-09-10,3.71,11.79,0.1,79.49,1.71,1.99,60.7,-14.34538,-70.0321,4130
Crucero,2021-09-11,5.4,13.41,-0.77,76.24,0.07,2.03,60.74,-14.34538,-70.0321,4130
Crucero,2021-09-12,6.91,14.27,1.12,70.12,0.0,2.08,60.76,-14.34538,-70.0321,4130
Crucero,2021-09-13,7.59,15.15,1.3,70.84,0.0,2.37,60.71,-14.34538,-70.0321,4130
Crucero,2021-09-14,6.0,12.05,1.85,76.51,0.0,1.69,60.66,-14.34538,-70.0321,4130
Crucero,2021-09-15,3.96,7.61,0.82,85.25,0.02,2.82,60.75,-14.34538,-70.0321,4130
Crucero,2021-09-16,5.45,11.56,0.7,77.78,5.73,3.78,60.87,-14.34538,-70.0321,4130
Crucero,2021-09-17,6.39,14.49,-0.62,72.14,1.03,2.93,60.85,-14.34538,-70.0321,4130
Crucero,2021-09-18,6.62,12.75,2.8,76.17,0.0,3.18,60.73,-14.34538,-70.0321,4130
Crucero,2021-09-19,5.9,13.78,1.68,74.38,3.13,3.18,60.64,-14.34538,-70.0321,4130
Crucero,2021-09-20,4.9,12.31,0.48,80.83,1.49,2.93,60.67,-14.34538,-70.0321,4130
Crucero,2021-09-21,4.57,9.38,0.45,79.07,5.63,2.72,60.82,-14.34538,-70.0321,4130
Crucero,2021-09-22,4.48,11.86,0.27,77.36,6.98,1.27,60.78,-14.34538,-70.0321,4130
Crucero,2021-09-23,4.06,10.58,-1.41,76.27,2.71,3.69,60.8,-14.34538,-70.0321,4130
Crucero,2021-09-24,5.6,14.43,-3.27,66.85,0.0,3.23,60.86,-14.34538,-70.0321,4130
Crucero,2021-09-25,5.75,13.0,-0.61,71.21,0.0,2.5,60.89,-14.34538,-70.0321,4130
Crucero,2021-09-26,7.15,15.45,-0.58,71.23,0.0,2.31,60.83,-14.34538,-70.0321,4130
Crucero,2021-09-27,7.51,15.08,1.97,71.86,0.0,1.78,60.82,-14.34538,-70.0321,4130
Crucero,2021-09-28,7.65,15.58,1.72,70.44,0.0,2.63,60.76,-14.34538,-70.0321,4130
Crucero,2021-09-29,6.01,14.82,-1.71,69.93,0.0,3.07,60.75,-14.34538,-70.0321,4130
Crucero,2021-09-30,6.03,13.73,1.38,72.91,0.0,1.4,60.7,-14.34538,-70.0321,4130
Crucero,2021-10-01,6.46,14.8,0.14,71.89,1.17,1.22,60.63,-14.34538,-70.0321,4130
Crucero,2021-10-02,7.07,14.85,0.97,72.94,3.56,1.86,60.54,-14.34538,-70.0321,4130
Crucero,2021-10-03,6.98,14.98,0.34,70.52,0.0,2.22,60.52,-14.34538,-70.0321,4130
Crucero,2021-10-04,7.07,16.17,1.43,71.61,7.6,2.99,60.58,-14.34538,-70.0321,4130
Crucero,2021-10-05,3.79,10.35,-0.09,82.67,20.65,1.89,60.62,-14.34538,-70.0321,4130
Crucero,2021-10-06,4.5,11.18,0.15,81.79,20.84,2.19,60.66,-14.34538,-70.0321,4130
Crucero,2021-10-07,4.88,11.26,0.97,81.66,18.75,1.3,60.66,-14.34538,-70.0321,4130
Crucero,2021-10-08,3.6,9.85,-0.77,85.36,5.82,1.8,60.65,-14.34538,-70.0321,4130
Crucero,2021-10-09,6.04,12.85,1.5,81.63,0.0,2.37,60.69,-14.34538,-70.0321,4130
Crucero,2021-10-10,7.01,14.88,1.34,78.41,2.67,2.11,60.72,-14.34538,-70.0321,4130
Crucero,2021-10-11,7.1,14.04,1.22,77.81,1.54,2.6,60.77,-14.34538,-70.0321,4130
Crucero,2021-10-12,7.3,14.7,2.83,76.76,2.07,2.46,60.77,-14.34538,-70.0321,4130
Crucero,2021-10-13,8.53,17.84,0.67,61.2,0.47,1.94,60.74,-14.34538,-70.0321,4130
Crucero,2021-10-14,7.89,17.48,0.22,62.46,0.12,1.79,60.62,-14.34538,-70.0321,4130
Crucero,2021-10-15,8.78,17.07,2.09,58.83,0.0,2.03,60.64,-14.34538,-70.0321,4130
Crucero,2021-10-16,6.96,13.67,1.72,72.67,2.94,2.0,60.73,-14.34538,-70.0321,4130
Crucero,2021-10-17,7.29,16.08,0.97,64.85,0.03,1.02,60.72,-14.34538,-70.0321,4130
Crucero,2021-10-18,8.2,15.87,0.7,58.16,0.03,1.83,60.68,-14.34538,-70.0321,4130
Crucero,2021-10-19,5.32,11.27,1.97,79.68,0.06,2.58,60.69,-14.34538,-70.0321,4130
Crucero,2021-10-20,6.89,15.25,-0.56,75.65,0.44,1.71,60.77,-14.34538,-70.0321,4130
Crucero,2021-10-21,8.13,14.6,2.35,72.97,0.08,1.72,60.72,-14.34538,-70.0321,4130
Crucero,2021-10-22,6.52,13.27,2.05,76.18,0.0,2.17,60.66,-14.34538,-70.0321,4130
Crucero,2021-10-23,8.68,17.57,-1.0,56.99,0.0,1.76,60.64,-14.34538,-70.0321,4130
Crucero,2021-10-24,8.14,17.67,-0.93,56.03,18.37,2.48,60.63,-14.34538,-70.0321,4130
Crucero,2021-10-25,4.52,14.06,-1.05,64.08,5.35,1.95,60.69,-14.34538,-70.0321,4130
Crucero,2021-10-26,5.54,13.63,-1.04,74.01,0.0,2.07,60.7,-14.34538,-70.0321,4130
Crucero,2021-10-27,6.91,14.63,-0.38,69.34,0.0,2.25,60.75,-14.34538,-70.0321,4130
Crucero,2021-10-28,6.09,14.65,-0.89,73.39,3.28,3.27,60.84,-14.34538,-70.0321,4130
Crucero,2021-10-29,6.29,14.05,-0.77,72.09,0.27,3.13,60.79,-14.34538,-70.0321,4130
Crucero,2021-10-30,6.09,13.48,1.24,77.83,0.54,1.77,60.66,-14.34538,-70.0321,4130
Crucero,2021-10-31,7.36,14.34,1.79,73.8,2.16,2.67,60.7,-14.34538,-70.0321,4130
Crucero,2021-11-01,6.81,12.66,0.25,75.63,2.28,2.34,60.69,-14.34538,-70.0321,4130
Crucero,2021-11-02,6.75,12.24,3.55,75.02,1.2,1.94,60.64,-14.34538,-70.0321,4130
Crucero,2021-11-03,4.75,9.05,1.08,80.48,1.58,1.74,60.59,-14.34538,-70.0321,4130
Crucero,2021-11-04,6.09,13.7,-0.03,72.09,4.11,1.46,60.53,-14.34538,-70.0321,4130
Crucero,2021-11-05,6.79,14.96,1.03,68.79,1.01,1.64,60.57,-14.34538,-70.0321,4130
Crucero,2021-11-06,8.48,17.09,1.59,57.88,0.08,1.98,60.59,-14.34538,-70.0321,4130
Crucero,2021-11-07,5.84,10.04,1.84,73.35,3.89,1.14,60.63,-14.34538,-70.0321,4130
Crucero,2021-11-08,7.35,15.46,0.08,70.49,0.61,1.26,60.58,-14.34538,-70.0321,4130
Crucero,2021-11-09,6.65,14.68,1.76,73.04,2.92,1.28,60.59,-14.34538,-70.0321,4130
Crucero,2021-11-10,5.69,11.29,1.4,79.85,5.48,2.03,60.51,-14.34538,-70.0321,4130
Crucero,2021-11-11,6.21,13.54,0.0,78.17,9.15,2.13,60.58,-14.34538,-70.0321,4130
Crucero,2021-11-12,5.88,13.05,-0.05,74.62,5.85,1.72,60.65,-14.34538,-70.0321,4130
Crucero,2021-11-13,6.95,15.4,0.87,73.47,1.59,1.89,60.53,-14.34538,-70.0321,4130
Crucero,2021-11-14,6.03,11.86,1.21,80.06,0.14,1.88,60.52,-14.34538,-70.0321,4130
Crucero,2021-11-15,7.13,14.3,2.02,77.37,3.6,1.61,60.51,-14.34538,-70.0321,4130
Crucero,2021-11-16,6.91,12.34,1.34,72.87,0.69,1.06,60.53,-14.34538,-70.0321,4130
Crucero,2021-11-17,7.15,12.75,3.86,78.25,3.35,1.45,60.5,-14.34538,-70.0321,4130
Crucero,2021-11-18,4.68,11.25,0.68,73.3,2.32,1.43,60.5,-14.34538,-70.0321,4130
Crucero,2021-11-19,6.01,15.28,-0.28,68.58,2.19,1.99,60.5,-14.34538,-70.0321,4130
Crucero,2021-11-20,5.09,12.92,0.68,80.79,2.4,2.59,60.57,-14.34538,-70.0321,4130
Crucero,2021-11-21,6.75,13.92,1.28,77.55,0.12,2.25,60.61,-14.34538,-70.0321,4130
Crucero,2021-11-22,7.67,14.09,2.34,75.29,0.0,2.76,60.58,-14.34538,-70.0321,4130
Crucero,2021-11-23,6.57,11.97,3.09,77.63,0.3,2.85,60.67,-14.34538,-70.0321,4130
Crucero,2021-11-24,5.84,10.95,2.31,80.6,0.14,2.21,60.66,-14.34538,-70.0321,4130
Crucero,2021-11-25,7.39,13.98,1.98,77.34,6.31,2.07,60.62,-14.34538,-70.0321,4130
Crucero,2021-11-26,5.86,9.93,1.93,83.62,9.16,2.67,60.59,-14.34538,-70.0321,4130
Crucero,2021-11-27,5.28,9.54,1.87,84.68,0.47,2.13,60.53,-14.34538,-70.0321,4130
Crucero,2021-11-28,6.51,12.92,2.17,81.83,4.42,2.08,60.44,-14.34538,-70.0321,4130
Crucero,2021-11-29,5.7,12.69,1.43,82.43,8.46,1.42,60.49,-14.34538,-70.0321,4130
Crucero,2021-11-30,6.12,12.87,1.28,79.97,1.34,1.58,60.52,-14.34538,-70.0321,4130
Crucero,2021-12-01,7.0,13.93,0.74,80.22,0.01,2.23,60.52,-14.34538,-70.0321,4130
Crucero,2021-12-02,6.31,9.72,3.61,84.36,9.21,2.19,60.57,-14.34538,-70.0321,4130
Crucero,2021-12-03,4.94,12.59,1.07,83.19,11.29,1.4,60.53,-14.34538,-70.0321,4130
Crucero,2021-12-04,4.27,9.23,1.0,83.46,1.34,1.95,60.64,-14.34538,-70.0321,4130
Crucero,2021-12-05,4.86,10.83,-0.19,79.3,7.09,2.6,60.7,-14.34538,-70.0321,4130
Crucero,2021-12-06,5.53,12.0,0.36,81.4,5.23,3.28,60.69,-14.34538,-70.0321,4130
Crucero,2021-12-07,6.65,14.16,0.92,79.96,2.51,2.13,60.67,-14.34538,-70.0321,4130
Crucero,2021-12-08,5.6,13.35,1.54,83.48,3.37,1.78,60.6,-14.34538,-70.0321,4130
Crucero,2021-12-09,5.86,10.87,1.51,80.94,6.53,3.09,60.6,-14.34538,-70.0321,4130
Crucero,2021-12-10,5.45,12.37,0.83,83.14,18.51,1.98,60.49,-14.34538,-70.0321,4130
Crucero,2021-12-11,6.88,14.15,0.37,72.66,1.42,1.72,60.38,-14.34538,-70.0321,4130
Crucero,2021-12-12,6.09,12.47,0.88,74.7,0.07,1.82,60.36,-14.34538,-70.0321,4130
Crucero,2021-12-13,5.74,11.13,0.98,77.54,0.95,1.8,60.49,-14.34538,-70.0321,4130
Crucero,2021-12-14,5.38,12.68,0.68,78.8,4.81,1.89,60.53,-14.34538,-70.0321,4130
Crucero,2021-12-15,5.02,11.24,0.61,82.87,6.26,1.75,60.5,-14.34538,-70.0321,4130
Crucero,2021-12-16,4.06,10.6,-0.19,85.17,7.83,1.78,60.53,-14.34538,-70.0321,4130
Crucero,2021-12-17,5.24,12.96,0.06,80.06,3.56,2.34,60.58,-14.34538,-70.0321,4130
Crucero,2021-12-18,5.58,11.59,0.29,83.07,1.74,1.88,60.6,-14.34538,-70.0321,4130
Crucero,2021-12-19,6.18,12.54,2.22,83.03,3.6,2.07,60.52,-14.34538,-70.0321,4130
Crucero,2021-12-20,5.84,12.87,0.24,79.4,0.99,1.78,60.5,-14.34538,-70.0321,4130
Crucero,2021-12-21,6.13,12.51,1.78,77.63,6.81,1.82,60.45,-14.34538,-70.0321,4130
Crucero,2021-12-22,4.86,10.48,1.13,83.26,4.24,2.08,60.5,-14.34538,-70.0321,4130
Crucero,2021-12-23,5.62,12.21,0.77,80.19,2.16,2.26,60.58,-14.34538,-70.0321,4130
Crucero,2021-12-24,6.59,12.19,3.17,83.62,4.5,1.84,60.55,-14.34538,-70.0321,4130
Crucero,2021-12-25,6.42,13.26,1.67,80.36,0.14,2.07,60.6,-14.34538,-70.0321,4130
Crucero,2021-12-26,5.43,10.7,1.38,83.74,6.93,2.08,60.67,-14.34538,-70.0321,4130
Crucero,2021-12-27,6.24,13.28,0.62,79.62,4.24,2.27,60.63,-14.34538,-70.0321,4130
Crucero,2021-12-28,7.07,13.17,3.09,82.6,0.38,2.37,60.59,-14.34538,-70.0321,4130
Crucero,2021-12-29,7.03,13.98,1.85,76.76,1.8,2.76,60.67,-14.34538,-70.0321,4130
Crucero,2021-12-30,6.49,13.28,0.23,78.31,1.15,2.4,60.65,-14.34538,-70.0321,4130
Crucero,2021-12-31,6.26,15.39,-0.3,67.44,0.0,2.8,60.68,-14.34538,-70.0321,4130
Crucero,2022-01-01,6.97,15.98,-0.23,51.15,0.0,2.35,60.65,-14.34538,-70.0321,4130
Crucero,2022-01-02,7.77,17.09,-2.02,60.81,6.78,1.91,60.65,-14.34538,-70.0321,4130
Crucero,2022-01-03,7.17,13.73,1.09,75.77,5.91,1.1,60.64,-14.34538,-70.0321,4130
Crucero,2022-01-04,5.82,10.81,1.77,81.31,5.18,1.51,60.48,-14.34538,-70.0321,4130
Crucero,2022-01-05,6.23,11.94,1.37,80.73,2.33,2.72,60.44,-14.34538,-70.0321,4130
Crucero,2022-01-06,5.25,11.12,0.78,83.56,1.61,1.65,60.53,-14.34538,-70.0321,4130
Crucero,2022-01-07,5.68,11.35,1.78,81.7,0.04,1.18,60.57,-14.34538,-70.0321,4130
Crucero,2022-01-08,5.75,12.09,0.65,80.48,4.42,2.34,60.59,-14.34538,-70.0321,4130
Crucero,2022-01-09,5.23,11.26,0.73,82.22,1.77,2.45,60.56,-14.34538,-70.0321,4130
Crucero,2022-01-10,4.65,11.81,0.74,83.15,7.32,1.51,60.54,-14.34538,-70.0321,4130
Crucero,2022-01-11,4.93,10.48,0.45,81.94,3.66,2.3,60.55,-14.34538,-70.0321,4130
Crucero,2022-01-12,5.73,11.5,1.52,80.33,0.41,2.73,60.62,-14.34538,-70.0321,4130
Crucero,2022-01-13,4.4,11.23,-0.14,79.86,1.34,3.34,60.62,-14.34538,-70.0321,4130
Crucero,2022-01-14,4.54,12.29,-1.95,76.13,0.42,2.89,60.64,-14.34538,-70.0321,4130
Crucero,2022-01-15,4.99,11.09,0.08,80.75,0.26,2.68,60.69,-14.34538,-70.0321,4130
Crucero,2022-01-16,6.03,13.3,-0.39,77.52,5.76,2.06,60.64,-14.34538,-70.0321,4130
Crucero,2022-01-17,4.77,10.08,0.39,85.68,3.2,1.87,60.59,-14.34538,-70.0321,4130
Crucero,2022-01-18,4.24,10.96,1.2,87.69,0.91,1.73,60.59,-14.34538,-70.0321,4130
Crucero,2022-01-19,5.2,13.2,0.89,81.35,5.5,2.29,60.67,-14.34538,-70.0321,4130
Crucero,2022-01-20,5.21,13.63,-1.95,79.84,7.41,2.26,60.63,-14.34538,-70.0321,4130
Crucero,2022-01-21,5.62,12.73,0.1,82.58,1.28,1.92,60.54,-14.34538,-70.0321,4130
Crucero,2022-01-22,4.38,11.91,1.03,87.29,3.13,1.25,60.49,-14.34538,-70.0321,4130
Crucero,2022-01-23,5.32,11.58,0.74,83.64,4.64,1.88,60.51,-14.34538,-70.0321,4130
Crucero,2022-01-24,4.55,11.56,0.59,84.31,6.15,2.46,60.53,-14.34538,-70.0321,4130
Crucero,2022-01-25,5.11,11.12,-0.05,83.47,1.09,2.65,60.57,-14.34538,-70.0321,4130
Crucero,2022-01-26,6.28,12.93,0.66,83.06,2.59,1.7,60.56,-14.34538,-70.0321,4130
Crucero,2022-01-27,6.15,11.19,2.83,83.74,0.92,1.87,60.56,-14.34538,-70.0321,4130
Crucero,2022-01-28,4.71,11.79,0.58,85.72,9.59,1.55,60.51,-14.34538,-70.0321,4130
Crucero,2022-01-29,5.85,12.76,0.53,83.23,1.52,2.33,60.42,-14.34538,-70.0321,4130
Crucero,2022-01-30,6.38,13.66,0.98,82.38,3.98,2.69,60.43,-14.34538,-70.0321,4130
Crucero,2022-01-31,5.73,12.55,1.53,83.66,8.1,1.82,60.39,-14.34538,-70.0321,4130
Crucero,2022-02-01,4.82,12.73,0.77,82.5,8.54,1.94,60.44,-14.34538,-70.0321,4130
Crucero,2022-02-02,5.4,12.18,0.77,82.56,6.64,1.6,60.48,-14.34538,-70.0321,4130
Crucero,2022-02-03,5.02,10.89,0.32,84.24,5.95,1.69,60.53,-14.34538,-70.0321,4130
Crucero,2022-02-04,5.76,12.34,1.66,83.31,2.35,1.01,60.56,-14.34538,-70.0321,4130
Crucero,2022-02-05,5.79,12.86,-0.63,76.49,0.17,1.55,60.52,-14.34538,-70.0321,4130
Crucero,2022-02-06,4.06,9.39,1.53,89.24,14.18,2.28,60.59,-14.34538,-70.0321,4130
Crucero,2022-02-07,5.21,12.29,0.81,83.09,1.51,1.81,60.65,-14.34538,-70.0321,4130
Crucero,2022-02-08,5.66,13.13,-0.82,81.15,9.65,2.4,60.58,-14.34538,-70.0321,4130
Crucero,2022-02-09,5.76,12.26,0.38,82.91,0.9,2.84,60.5,-14.34538,-70.0321,4130
Crucero,2022-02-10,5.92,12.83,1.29,80.43,0.0,2.14,60.44,-14.34538,-70.0321,4130
Crucero,2022-02-11,4.63,11.22,0.61,82.6,0.75,1.79,60.47,-14.34538,-70.0321,4130
Crucero,2022-02-12,4.46,10.94,-0.42,85.63,9.61,2.24,60.51,-14.34538,-70.0321,4130
Crucero,2022-02-13,4.78,11.12,-1.0,80.17,4.83,3.22,60.56,-14.34538,-70.0321,4130
Crucero,2022-02-14,5.47,10.53,1.07,84.09,0.76,1.7,60.56,-14.34538,-70.0321,4130
Crucero,2022-02-15,5.24,12.2,0.97,84.37,2.89,2.56,60.6,-14.34538,-70.0321,4130
Crucero,2022-02-16,5.78,11.77,-0.08,82.99,8.68,3.21,60.67,-14.34538,-70.0321,4130
Crucero,2022-02-17,6.08,11.07,0.99,83.58,6.67,3.49,60.64,-14.34538,-70.0321,4130
Crucero,2022-02-18,5.67,12.3,1.94,83.11,0.05,1.92,60.54,-14.34538,-70.0321,4130
Crucero,2022-02-19,5.51,12.44,0.01,84.19,2.24,1.82,60.46,-14.34538,-70.0321,4130
Crucero,2022-02-20,1.47,3.86,-0.58,89.38,235.64,1.45,60.52,-14.34538,-70.0321,4130
Crucero,2022-02-21,1.91,6.84,-1.17,85.2,5.86,1.26,60.58,-14.34538,-70.0321,4130
Crucero,2022-02-22,4.19,11.13,-2.02,83.82,0.26,2.24,60.62,-14.34538,-70.0321,4130
Crucero,2022-02-23,5.41,9.97,1.47,87.77,1.44,2.56,60.6,-14.34538,-70.0321,4130
Crucero,2022-02-24,6.24,12.37,1.86,86.38,4.04,2.17,60.58,-14.34538,-70.0321,4130
Crucero,2022-02-25,5.65,10.52,1.66,88.82,2.75,3.54,60.69,-14.34538,-70.0321,4130
Crucero,2022-02-26,5.25,10.65,1.93,89.47,1.42,3.31,60.77,-14.34538,-70.0321,4130
Crucero,2022-02-27,6.07,12.19,1.13,84.63,2.91,1.94,60.73,-14.34538,-70.0321,4130
Crucero,2022-02-28,6.38,11.78,2.66,85.72,0.06,2.39,60.65,-14.34538,-70.0321,4130
Crucero,2022-03-01,5.45,11.74,0.91,83.84,0.07,2.89,60.67,-14.34538,-70.0321,4130
Crucero,2022-03-02,5.1,11.9,-0.83,83.31,0.02,2.72,60.69,-14.34538,-70.0321,4130
Crucero,2022-03-03,5.52,11.69,0.11,84.89,2.26,2.64,60.67,-14.34538,-70.0321,4130
Crucero,2022-03-04,5.15,12.41,0.41,87.03,4.66,1.45,60.59,-14.34538,-70.0321,4130
Crucero,2022-03-05,5.47,11.35,0.86,87.2,1.19,1.93,60.56,-14.34538,-70.0321,4130
Crucero,2022-03-06,6.89,13.67,0.02,80.41,3.03,1.82,60.53,-14.34538,-70.0321,4130
Crucero,2022-03-07,6.08,11.64,0.53,82.15,2.05,2.23,60.52,-14.34538,-70.0321,4130
Crucero,2022-03-08,2.76,7.55,-0.39,91.11,4.64,1.0,60.52,-14.34538,-70.0321,4130
Crucero,2022-03-09,4.8,11.99,0.24,86.71,1.56,2.08,60.52,-14.34538,-70.0321,4130
Crucero,2022-03-10,5.31,11.76,-0.04,86.15,1.31,1.58,60.52,-14.34538,-70.0321,4130
Crucero,2022-03-11,4.17,10.25,0.72,89.47,8.13,1.93,60.5,-14.34538,-70.0321,4130
Crucero,2022-03-12,3.52,9.7,0.06,88.8,4.17,1.82,60.56,-14.34538,-70.0321,4130
Crucero,2022-03-13,4.55,10.78,0.43,87.78,3.8,1.51,60.61,-14.34538,-70.0321,4130
Crucero,2022-03-14,4.88,12.26,1.14,88.02,8.67,1.57,60.56,-14.34538,-70.0321,4130
Crucero,2022-03-15,2.42,7.71,-0.54,89.85,12.57,1.75,60.59,-14.34538,-70.0321,4130
Crucero,2022-03-16,3.62,10.34,-1.96,85.87,0.7,1.32,60.56,-14.34538,-70.0321,4130
Crucero,2022-03-17,4.59,12.27,-0.02,84.88,0.0,1.11,60.53,-14.34538,-70.0321,4130
Crucero,2022-03-18,4.73,12.15,0.41,85.81,11.68,1.32,60.62,-14.34538,-70.0321,4130
Crucero,2022-03-19,5.02,11.31,-0.9,85.55,6.56,2.49,60.68,-14.34538,-70.0321,4130
Crucero,2022-03-20,4.78,10.37,0.2,88.26,4.17,2.76,60.68,-14.34538,-70.0321,4130
Crucero,2022-03-21,6.1,12.15,0.67,86.38,0.49,2.75,60.6,-14.34538,-70.0321,4130
Crucero,2022-03-22,7.2,13.13,1.75,83.78,0.26,2.16,60.56,-14.34538,-70.0321,4130
Crucero,2022-03-23,6.65,11.81,2.06,78.94,1.74,1.12,60.59,-14.34538,-70.0321,4130
Crucero,2022-03-24,5.66,11.68,1.53,87.94,1.97,1.9,60.57,-14.34538,-70.0321,4130
Crucero,2022-03-25,5.75,12.84,0.5,84.42,1.42,2.19,60.57,-14.34538,-70.0321,4130
Crucero,2022-03-26,4.45,9.71,1.63,88.98,9.53,0.83,60.55,-14.34538,-70.0321,4130
Crucero,2022-03-27,5.13,11.38,1.06,88.04,1.35,1.86,60.62,-14.34538,-70.0321,4130
Crucero,2022-03-28,5.85,11.45,1.81,86.49,0.84,2.8,60.73,-14.34538,-70.0321,4130
Crucero,2022-03-29,4.63,11.68,-0.42,87.29,4.28,1.5,60.63,-14.34538,-70.0321,4130
Crucero,2022-03-30,6.16,13.44,-0.85,78.7,1.02,1.75,60.55,-14.34538,-70.0321,4130
Crucero,2022-03-31,4.59,8.9,1.09,88.95,3.66,2.56,60.55,-14.34538,-70.0321,4130
Crucero,2022-04-01,4.3,11.81,0.03,86.25,1.62,2.22,60.6,-14.34538,-70.0321,4130
Crucero,2022-04-02,4.73,11.86,0.16,86.0,8.45,1.71,60.62,-14.34538,-70.0321,4130
Crucero,2022-04-03,4.84,12.34,0.45,85.43,9.45,1.25,60.6,-14.34538,-70.0321,4130
Crucero,2022-04-04,4.2,10.5,-0.3,88.26,14.91,2.35,60.64,-14.34538,-70.0321,4130
Crucero,2022-04-05,4.94,11.94,-1.23,83.1,2.59,2.22,60.73,-14.34538,-70.0321,4130
Crucero,2022-04-06,5.4,10.96,2.16,85.59,0.05,2.33,60.72,-14.34538,-70.0321,4130
Crucero,2022-04-07,6.07,12.92,0.82,82.37,0.0,1.74,60.69,-14.34538,-70.0321,4130
Crucero,2022-04-08,5.52,9.62,2.78,88.05,0.1,2.22,60.7,-14.34538,-70.0321,4130
Crucero,2022-04-09,5.85,13.1,-0.19,81.55,0.36,2.16,60.7,-14.34538,-70.0321,4130
Crucero,2022-04-10,6.21,12.47,1.32,81.62,0.24,1.27,60.6,-14.34538,-70.0321,4130
Crucero,2022-04-11,6.0,13.73,0.48,75.18,0.2,1.9,60.56,-14.34538,-70.0321,4130
Crucero,2022-04-12,5.8,14.33,-1.87,72.75,0.09,1.64,60.59,-14.34538,-70.0321,4130
Crucero,2022-04-13,5.45,13.32,-0.95,56.49,0.02,0.97,60.61,-14.34538,-70.0321,4130
Crucero,2022-04-14,5.44,13.58,-1.68,65.73,1.32,1.44,60.68,-14.34538,-70.0321,4130
Crucero,2022-04-15,5.58,14.39,-1.23,67.59,0.59,1.47,60.65,-14.34538,-70.0321,4130
Crucero,2022-04-16,5.25,14.46,-2.75,64.77,0.0,1.24,60.67,-14.34538,-70.0321,4130
Crucero,2022-04-17,5.42,13.95,-2.0,61.68,0.0,1.14,60.68,-14.34538,-70.0321,4130
Crucero,2022-04-18,5.99,14.12,-0.62,76.35,0.0,1.07,60.69,-14.34538,-70.0321,4130
Crucero,2022-04-19,5.92,13.81,-1.61,76.29,0.0,1.47,60.69,-14.34538,-70.0321,4130
Crucero,2022-04-20,6.3,13.0,1.93,80.8,0.0,1.21,60.72,-14.34538,-70.0321,4130
Crucero,2022-04-21,4.65,13.24,-2.63,73.18,0.02,1.85,60.75,-14.34538,-70.0321,4130
Crucero,2022-04-22,5.63,13.66,-2.2,80.27,0.01,1.4,60.6,-14.34538,-70.0321,4130
Crucero,2022-04-23,5.27,12.65,-2.38,80.41,0.0,1.55,60.57,-14.34538,-70.0321,4130
Crucero,2022-04-24,6.14,12.39,0.0,82.32,0.04,1.16,60.64,-14.34538,-70.0321,4130
Crucero,2022-04-25,5.55,10.82,1.35,83.51,0.01,1.72,60.73,-14.34538,-70.0321,4130
Crucero,2022-04-26,5.58,11.73,0.3,77.86,0.48,1.12,60.74,-14.34538,-70.0321,4130
Crucero,2022-04-27,5.36,12.16,-0.07,78.12,0.08,1.31,60.69,-14.34538,-70.0321,4130
Crucero,2022-04-28,4.71,12.1,-1.1,79.59,0.0,1.85,60.74,-14.34538,-70.0321,4130
Crucero,2022-04-29,4.85,11.57,-2.05,82.91,0.0,2.54,60.8,-14.34538,-70.0321,4130
Crucero,2022-04-30,5.47,10.75,1.37,83.32,0.44,0.82,60.73,-14.34538,-70.0321,4130
Crucero,2022-05-01,5.41,13.34,-1.37,79.72,0.2,1.25,60.65,-14.34538,-70.0321,4130
Crucero,2022-05-02,5.79,11.71,1.57,82.5,0.0,1.34,60.69,-14.34538,-70.0321,4130
Crucero,2022-05-03,5.33,10.85,1.97,88.64,0.74,1.47,60.71,-14.34538,-70.0321,4130
Crucero,2022-05-04,5.12,11.16,1.11,83.14,0.05,1.42,60.73,-14.34538,-70.0321,4130
Crucero,2022-05-05,4.97,13.48,-1.54,72.2,0.0,1.19,60.76,-14.34538,-70.0321,4130
Crucero,2022-05-06,4.61,13.0,-3.14,78.41,0.0,1.36,60.78,-14.34538,-70.0321,4130
Crucero,2022-05-07,5.09,12.64,-0.01,81.69,0.0,1.57,60.77,-14.34538,-70.0321,4130
Crucero,2022-05-08,5.06,13.3,-0.76,77.11,0.0,1.71,60.7,-14.34538,-70.0321,4130
Crucero,2022-05-09,5.11,13.18,-1.42,78.61,0.0,1.83,60.69,-14.34538,-70.0321,4130
Crucero,2022-05-10,4.39,10.34,0.57,85.09,0.06,1.51,60.7,-14.34538,-70.0321,4130
Crucero,2022-05-11,4.32,11.57,-1.51,76.02,3.96,1.16,60.68,-14.34538,-70.0321,4130
Crucero,2022-05-12,5.11,11.61,0.62,79.08,0.77,1.14,60.66,-14.34538,-70.0321,4130
Crucero,2022-05-13,4.33,11.72,-1.69,82.42,0.0,1.55,60.66,-14.34538,-70.0321,4130
Crucero,2022-05-14,5.34,13.09,-0.7,79.98,0.0,1.74,60.68,-14.34538,-70.0321,4130
Crucero,2022-05-15,5.31,12.96,-0.46,77.54,0.01,1.19,60.73,-14.34538,-70.0321,4130
Crucero,2022-05-16,4.22,12.1,-0.75,79.74,0.08,0.88,60.85,-14.34538,-70.0321,4130
Crucero,2022-05-17,4.38,13.39,-1.77,57.0,0.0,1.75,60.83,-14.34538,-70.0321,4130
Crucero,2022-05-18,3.35,13.27,-4.3,59.37,0.0,2.1,60.8,-14.34538,-70.0321,4130
Crucero,2022-05-19,3.9,13.24,-3.73,65.08,0.0,1.97,60.73,-14.34538,-70.0321,4130
Crucero,2022-05-20,3.41,12.34,-4.48,68.57,0.0,1.3,60.75,-14.34538,-70.0321,4130
Crucero,2022-05-21,4.21,12.74,-3.57,77.76,0.0,1.49,60.8,-14.34538,-70.0321,4130
Crucero,2022-05-22,4.88,13.08,-2.29,65.9,0.0,1.65,60.77,-14.34538,-70.0321,4130
Crucero,2022-05-23,3.89,12.49,-3.83,57.83,0.01,1.37,60.65,-14.34538,-70.0321,4130
Crucero,2022-05-24,3.24,11.47,-3.52,57.53,0.36,1.03,60.62,-14.34538,-70.0321,4130
Crucero,2022-05-25,3.23,10.8,-3.64,77.21,0.91,1.18,60.72,-14.34538,-70.0321,4130
Crucero,2022-05-26,4.19,10.67,-0.82,78.47,0.43,0.85,60.77,-14.34538,-70.0321,4130
Crucero,2022-05-27,3.94,10.98,-2.38,76.46,0.24,1.1,60.72,-14.34538,-70.0321,4130
Crucero,2022-05-28,4.99,11.78,-0.43,76.27,0.1,1.1,60.62,-14.34538,-70.0321,4130
Crucero,2022-05-29,4.43,12.75,-2.43,77.2,0.37,1.56,60.58,-14.34538,-70.0321,4130
Crucero,2022-05-30,5.11,11.72,0.52,79.73,0.2,1.55,60.58,-14.34538,-70.0321,4130
Crucero,2022-05-31,5.42,11.98,1.15,80.98,0.78,2.43,60.52,-14.34538,-70.0321,4130
Crucero,2022-06-01,4.0,8.91,0.55,87.37,1.05,1.99,60.52,-14.34538,-70.0321,4130
Crucero,2022-06-02,5.32,12.08,0.61,81.76,0.03,1.92,60.61,-14.34538,-70.0321,4130
Crucero,2022-06-03,3.18,6.41,1.54,89.88,0.0,0.9,60.69,-14.34538,-70.0321,4130
Crucero,2022-06-04,4.82,9.62,1.0,84.37,0.0,1.71,60.68,-14.34538,-70.0321,4130
Crucero,2022-06-05,4.82,9.94,0.37,81.51,0.0,1.5,60.67,-14.34538,-70.0321,4130
Crucero,2022-06-06,4.46,13.06,-2.01,77.14,0.02,1.87,60.57,-14.34538,-70.0321,4130
Crucero,2022-06-07,4.7,11.56,-1.53,74.05,0.15,1.03,60.56,-14.34538,-70.0321,4130
Crucero,2022-06-08,2.12,12.17,-4.3,51.96,0.18,1.65,60.56,-14.34538,-70.0321,4130
Crucero,2022-06-09,1.72,11.33,-5.58,54.09,0.06,1.61,60.57,-14.34538,-70.0321,4130
Crucero,2022-06-10,1.54,10.48,-4.43,61.84,0.64,2.01,60.63,-14.34538,-70.0321,4130
Crucero,2022-06-11,2.13,10.99,-3.95,56.33,0.06,1.82,60.64,-14.34538,-70.0321,4130
Crucero,2022-06-12,2.11,10.77,-4.37,36.98,0.0,1.68,60.6,-14.34538,-70.0321,4130
Crucero,2022-06-13,1.83,10.63,-4.62,37.93,0.0,1.09,60.63,-14.34538,-70.0321,4130
Crucero,2022-06-14,2.35,11.52,-5.65,40.49,0.0,1.17,60.58,-14.34538,-70.0321,4130
Crucero,2022-06-15,2.46,11.65,-4.32,71.9,0.0,1.69,60.6,-14.34538,-70.0321,4130
Crucero,2022-06-16,2.23,12.67,-4.46,58.61,0.0,2.32,60.65,-14.34538,-70.0321,4130
Crucero,2022-06-17,2.18,12.1,-4.75,59.2,0.0,2.04,60.61,-14.34538,-70.0321,4130
Crucero,2022-06-18,2.99,10.48,-2.39,80.18,0.0,1.94,60.63,-14.34538,-70.0321,4130
Crucero,2022-06-19,4.22,12.64,-3.04,67.86,0.0,1.57,60.67,-14.34538,-70.0321,4130
Crucero,2022-06-20,3.23,11.12,-2.87,67.59,0.0,1.77,60.66,-14.34538,-70.0321,4130
Crucero,2022-06-21,3.99,12.59,-2.65,72.66,0.0,1.89,60.63,-14.34538,-70.0321,4130
Crucero,2022-06-22,4.09,12.49,-2.88,76.5,0.0,1.72,60.56,-14.34538,-70.0321,4130
Crucero,2022-06-23,3.72,11.1,-1.58,78.5,0.0,2.04,60.64,-14.34538,-70.0321,4130
Crucero,2022-06-24,2.82,11.98,-3.26,74.15,0.0,2.08,60.74,-14.34538,-70.0321,4130
Crucero,2022-06-25,1.36,8.69,-4.07,75.51,0.0,2.64,60.82,-14.34538,-70.0321,4130
Crucero,2022-06-26,2.04,11.54,-3.82,58.66,0.0,1.92,60.77,-14.34538,-70.0321,4130
Crucero,2022-06-27,3.24,13.35,-4.63,44.08,0.0,1.18,60.73,-14.34538,-70.0321,4130
Crucero,2022-06-28,3.79,13.88,-3.87,55.29,0.04,1.31,60.8,-14.34538,-70.0321,4130
Crucero,2022-06-29,4.46,13.14,-2.05,76.48,0.55,1.06,60.8,-14.34538,-70.0321,4130
Crucero,2022-06-30,4.55,14.04,-1.97,72.64,0.06,1.74,60.69,-14.34538,-70.0321,4130
Crucero,2022-07-01,4.13,13.47,-3.46,66.65,0.0,1.08,60.64,-14.34538,-70.0321,4130
Crucero,2022-07-02,4.23,12.73,-2.54,76.9,0.0,2.08,60.73,-14.34538,-70.0321,4130
Crucero,2022-07-03,4.97,11.51,0.71,74.26,0.0,2.11,60.87,-14.34538,-70.0321,4130
Crucero,2022-07-04,5.3,11.96,1.24,74.98,0.0,1.36,60.89,-14.34538,-70.0321,4130
Crucero,2022-07-05,4.72,12.57,-0.43,67.15,0.0,1.95,60.82,-14.34538,-70.0321,4130
Crucero,2022-07-06,4.22,12.35,-3.39,74.09,0.0,1.14,60.7,-14.34538,-70.0321,4130
Crucero,2022-07-07,4.79,11.51,-0.33,76.26,0.02,2.07,60.68,-14.34538,-70.0321,4130
Crucero,2022-07-08,4.66,11.23,0.04,76.09,0.72,2.3,60.78,-14.34538,-70.0321,4130
Crucero,2022-07-09,4.12,10.71,-0.58,81.06,0.19,1.35,60.85,-14.34538,-70.0321,4130
Crucero,2022-07-10,5.03,13.11,-0.34,73.42,0.0,2.06,60.74,-14.34538,-70.0321,4130
Crucero,2022-07-11,5.34,13.64,-0.84,72.85,0.0,1.84,60.63,-14.34538,-70.0321,4130
Crucero,2022-07-12,4.77,12.91,-1.87,70.67,0.13,1.63,60.68,-14.34538,-70.0321,4130
Crucero,2022-07-13,5.41,13.11,0.52,77.6,0.25,1.97,60.65,-14.34538,-70.0321,4130
Crucero,2022-07-14,5.61,13.5,0.05,74.98,0.4,2.29,60.64,-14.34538,-70.0321,4130
Crucero,2022-07-15,4.4,12.56,-2.78,75.39,0.04,2.25,60.58,-14.34538,-70.0321,4130
Crucero,2022-07-16,3.84,12.69,-3.56,71.11,0.0,1.95,60.64,-14.34538,-70.0321,4130
Crucero,2022-07-17,4.96,12.39,-1.39,76.8,0.34,2.28,60.69,-14.34538,-70.0321,4130
Crucero,2022-07-18,2.85,8.27,-0.65,87.28,0.32,1.77,60.83,-14.34538,-70.0321,4130
Crucero,2022-07-19,3.9,11.45,-2.79,72.37,0.0,2.13,60.9,-14.34538,-70.0321,4130
Crucero,2022-07-20,4.14,13.97,-3.45,70.47,0.0,1.49,60.78,-14.34538,-70.0321,4130
Crucero,2022-07-21,4.42,14.27,-3.4,67.68,0.0,1.67,60.71,-14.34538,-70.0321,4130
Crucero,2022-07-22,5.18,14.71,-3.53,67.51,0.0,1.42,60.65,-14.34538,-70.0321,4130
Crucero,2022-07-23,5.33,13.96,-2.48,69.4,0.0,1.39,60.66,-14.34538,-70.0321,4130
Crucero,2022-07-24,4.86,13.05,-2.73,72.59,1.63,1.1,60.67,-14.34538,-70.0321,4130
Crucero,2022-07-25,3.62,8.63,0.69,84.33,0.49,1.02,60.72,-14.34538,-70.0321,4130
Crucero,2022-07-26,4.76,13.61,-1.66,75.12,0.0,2.1,60.79,-14.34538,-70.0321,4130
Crucero,2022-07-27,3.98,13.83,-2.43,70.11,0.0,1.7,60.85,-14.34538,-70.0321,4130
Crucero,2022-07-28,4.17,14.77,-4.64,63.42,0.18,1.47,60.76,-14.34538,-70.0321,4130
Crucero,2022-07-29,4.58,13.6,-3.57,70.75,0.45,1.98,60.77,-14.34538,-70.0321,4130
Crucero,2022-07-30,6.46,15.93,0.08,61.18,0.0,1.79,60.69,-14.34538,-70.0321,4130
Crucero,2022-07-31,5.35,15.74,-3.77,58.16,0.0,1.61,60.65,-14.34538,-70.0321,4130
Crucero,2022-08-01,6.48,14.05,1.65,73.13,0.0,1.54,60.63,-14.34538,-70.0321,4130
Crucero,2022-08-02,5.09,10.27,1.93,76.61,0.01,1.61,60.6,-14.34538,-70.0321,4130
Crucero,2022-08-03,5.42,14.16,-0.51,53.81,0.0,1.61,60.62,-14.34538,-70.0321,4130
Crucero,2022-08-04,3.94,11.64,-3.52,52.61,0.74,1.45,60.61,-14.34538,-70.0321,4130
Crucero,2022-08-05,2.66,7.84,-1.34,81.0,1.26,1.19,60.57,-14.34538,-70.0321,4130
Crucero,2022-08-06,2.18,8.61,-1.35,81.07,2.59,1.67,60.59,-14.34538,-70.0321,4130
Crucero,2022-08-07,2.63,9.78,-2.56,75.9,0.12,1.91,60.58,-14.34538,-70.0321,4130
Crucero,2022-08-08,3.23,9.65,-1.26,82.43,0.01,2.66,60.59,-14.34538,-70.0321,4130
Crucero,2022-08-09,4.19,11.97,-1.66,75.79,0.47,1.78,60.78,-14.34538,-70.0321,4130
Crucero,2022-08-10,4.6,13.12,-1.22,67.87,0.04,1.32,60.81,-14.34538,-70.0321,4130
Crucero,2022-08-11,3.92,14.01,-3.3,65.13,0.0,1.93,60.75,-14.34538,-70.0321,4130
Crucero,2022-08-12,3.4,14.46,-5.72,56.39,0.01,1.39,60.74,-14.34538,-70.0321,4130
Crucero,2022-08-13,5.34,15.5,-3.92,65.32,0.0,1.49,60.73,-14.34538,-70.0321,4130
Crucero,2022-08-14,6.08,14.93,-1.11,69.26,0.0,1.14,60.73,-14.34538,-70.0321,4130
Crucero,2022-08-15,6.18,15.32,-2.99,62.23,0.0,1.29,60.63,-14.34538,-70.0321,4130
Crucero,2022-08-16,6.23,16.46,-2.69,58.08,0.01,1.74,60.54,-14.34538,-70.0321,4130
Crucero,2022-08-17,6.36,16.6,-1.2,52.83,0.01,2.7,60.51,-14.34538,-70.0321,4130
Crucero,2022-08-18,4.23,14.14,-5.23,48.18,0.23,2.35,60.64,-14.34538,-70.0321,4130
Crucero,2022-08-19,4.8,13.5,-1.42,64.13,0.2,1.03,60.67,-14.34538,-70.0321,4130
Crucero,2022-08-20,3.47,14.79,-4.85,45.68,0.0,1.77,60.69,-14.34538,-70.0321,4130
Crucero,2022-08-21,3.58,14.62,-4.51,57.3,0.0,1.66,60.68,-14.34538,-70.0321,4130
Crucero,2022-08-22,3.86,13.76,-4.03,61.65,0.0,1.38,60.63,-14.34538,-70.0321,4130
Crucero,2022-08-23,3.89,14.48,-4.67,49.65,0.0,1.42,60.65,-14.34538,-70.0321,4130
Crucero,2022-08-24,4.45,14.65,-3.25,61.77,0.0,1.33,60.74,-14.34538,-70.0321,4130
Crucero,2022-08-25,4.84,14.95,-3.24,61.99,0.0,1.33,60.76,-14.34538,-70.0321,4130
Crucero,2022-08-26,4.52,13.1,-2.28,73.9,0.0,1.88,60.73,-14.34538,-70.0321,4130
Crucero,2022-08-27,5.17,13.88,-2.51,65.82,0.0,1.41,60.7,-14.34538,-70.0321,4130
Crucero,2022-08-28,4.61,12.38,-0.55,68.08,0.02,3.13,60.81,-14.34538,-70.0321,4130
Crucero,2022-08-29,4.67,12.37,-0.7,73.49,0.0,2.78,60.83,-14.34538,-70.0321,4130
Crucero,2022-08-30,5.19,13.01,-0.25,75.0,0.0,1.51,60.76,-14.34538,-70.0321,4130
Crucero,2022-08-31,5.72,13.28,-0.94,71.31,0.0,1.62,60.69,-14.34538,-70.0321,4130
Crucero,2022-09-01,7.21,15.91,0.66,64.05,0.0,2.42,60.58,-14.34538,-70.0321,4130
Crucero,2022-09-02,5.94,13.0,0.23,69.45,0.01,2.04,60.68,-14.34538,-70.0321,4130
Crucero,2022-09-03,3.74,9.75,-0.26,78.69,0.02,1.27,60.69,-14.34538,-70.0321,4130
Crucero,2022-09-04,4.53,13.17,-2.37,73.27,0.0,1.83,60.7,-14.34538,-70.0321,4130
Crucero,2022-09-05,5.56,15.72,-3.13,60.6,0.0,1.88,60.72,-14.34538,-70.0321,4130
Crucero,2022-09-06,5.99,15.81,-2.38,58.34,0.0,1.53,60.77,-14.34538,-70.0321,4130
Crucero,2022-09-07,6.58,16.29,-2.06,58.41,0.0,1.81,60.7,-14.34538,-70.0321,4130
Crucero,2022-09-08,6.47,15.39,-1.38,62.95,0.0,2.39,60.61,-14.34538,-70.0321,4130
Crucero,2022-09-09,7.37,16.11,0.91,69.13,0.0,2.82,60.67,-14.34538,-70.0321,4130
Crucero,2022-09-10,3.6,7.5,1.46,86.74,0.39,2.36,60.8,-14.34538,-70.0321,4130
Crucero,2022-09-11,5.46,12.5,-0.25,72.23,0.07,1.78,60.79,-14.34538,-70.0321,4130
Crucero,2022-09-12,8.08,16.81,0.54,59.44,0.0,1.78,60.62,-14.34538,-70.0321,4130
Crucero,2022-09-13,5.0,11.42,0.33,78.42,0.74,1.99,60.58,-14.34538,-70.0321,4130
Crucero,2022-09-14,4.14,12.84,0.44,80.66,3.95,1.23,60.64,-14.34538,-70.0321,4130
Crucero,2022-09-15,4.11,10.12,0.11,73.48,0.53,1.32,60.71,-14.34538,-70.0321,4130
Crucero,2022-09-16,4.97,14.0,-2.28,67.89,0.03,1.62,60.71,-14.34538,-70.0321,4130
Crucero,2022-09-17,7.05,15.46,0.07,61.32,0.0,2.2,60.63,-14.34538,-70.0321,4130
Crucero,2022-09-18,7.34,17.33,-2.19,50.03,0.0,1.49,60.62,-14.34538,-70.0321,4130
Crucero,2022-09-19,6.98,17.13,-0.74,47.46,0.0,1.4,60.63,-14.34538,-70.0321,4130
Crucero,2022-09-20,6.99,14.83,0.36,52.79,0.0,1.44,60.65,-14.34538,-70.0321,4130
Crucero,2022-09-21,7.31,17.67,-2.31,57.63,0.0,1.97,60.63,-14.34538,-70.0321,4130
Crucero,2022-09-22,6.54,16.13,0.04,61.53,1.45,2.73,60.68,-14.34538,-70.0321,4130
Crucero,2022-09-23,4.01,9.5,-0.12,78.25,1.73,1.71,60.7,-14.34538,-70.0321,4130
Crucero,2022-09-24,4.84,12.34,-1.74,70.53,0.81,2.08,60.62,-14.34538,-70.0321,4130
Crucero,2022-09-25,6.73,15.96,-1.31,51.67,0.0,2.39,60.56,-14.34538,-70.0321,4130
Crucero,2022-09-26,5.1,13.62,-0.12,72.04,0.0,2.97,60.62,-14.34538,-70.0321,4130
Crucero,2022-09-27,6.23,13.96,0.68,69.52,0.0,2.91,60.67,-14.34538,-70.0321,4130
Crucero,2022-09-28,7.56,17.58,-2.45,53.69,0.92,1.46,60.61,-14.34538,-70.0321,4130
Crucero,2022-09-29,5.75,13.28,0.11,49.88,2.2,1.41,60.55,-14.34538,-70.0321,4130
Crucero,2022-09-30,5.37,15.11,-1.77,56.77,0.12,2.19,60.61,-14.34538,-70.0321,4130
Crucero,2022-10-01,6.11,15.46,-1.97,66.15,0.0,2.58,60.75,-14.34538,-70.0321,4130
Crucero,2022-10-02,6.2,13.85,1.41,71.72,0.0,2.01,60.8,-14.34538,-70.0321,4130
Crucero,2022-10-03,6.68,13.5,0.69,65.55,1.08,1.72,60.72,-14.34538,-70.0321,4130
Crucero,2022-10-04,6.08,12.46,2.02,69.26,0.77,2.13,60.6,-14.34538,-70.0321,4130
Crucero,2022-10-05,7.22,16.87,-1.16,45.38,0.0,1.52,60.51,-14.34538,-70.0321,4130
Crucero,2022-10-06,5.23,15.55,-2.6,33.82,0.0,1.57,60.59,-14.34538,-70.0321,4130
Crucero,2022-10-07,5.58,14.3,-1.12,57.82,1.28,1.65,60.63,-14.34538,-70.0321,4130
Crucero,2022-10-08,6.99,14.72,0.94,61.81,0.28,1.17,60.54,-14.34538,-70.0321,4130
Crucero,2022-10-09,7.65,16.32,-0.14,49.08,0.03,2.46,60.55,-14.34538,-70.0321,4130
Crucero,2022-10-10,8.42,18.46,0.28,47.67,0.2,1.33,60.63,-14.34538,-70.0321,4130
Crucero,2022-10-11,7.72,18.26,-1.9,37.96,0.23,1.4,60.65,-14.34538,-70.0321,4130
Crucero,2022-10-12,6.42,17.55,-4.47,30.96,1.33,1.91,60.54,-14.34538,-70.0321,4130
Crucero,2022-10-13,6.16,16.18,-2.78,38.93,1.48,1.88,60.48,-14.34538,-70.0321,4130
Crucero,2022-10-14,3.36,9.53,-0.01,75.06,2.19,2.58,60.65,-14.34538,-70.0321,4130
Crucero,2022-10-15,5.87,15.96,-2.25,70.89,0.02,2.13,60.72,-14.34538,-70.0321,4130
Crucero,2022-10-16,6.56,16.22,0.56,69.29,0.96,2.24,60.68,-14.34538,-70.0321,4130
Crucero,2022-10-17,6.62,15.57,-0.25,66.94,0.49,1.72,60.61,-14.34538,-70.0321,4130
Crucero,2022-10-18,6.45,14.61,0.84,67.02,0.6,1.86,60.65,-14.34538,-70.0321,4130
Crucero,2022-10-19,8.28,16.81,0.69,57.68,0.01,1.46,60.67,-14.34538,-70.0321,4130
Crucero,2022-10-20,8.27,18.88,-2.44,35.25,0.43,1.51,60.56,-14.34538,-70.0321,4130
Crucero,2022-10-21,8.87,17.46,2.08,43.57,1.45,1.48,60.53,-14.34538,-70.0321,4130
Crucero,2022-10-22,8.57,16.95,2.6,54.61,2.71,1.61,60.57,-14.34538,-70.0321,4130
Crucero,2022-10-23,8.5,18.6,-0.8,47.29,0.3,2.33,60.66,-14.34538,-70.0321,4130
Crucero,2022-10-24,7.9,16.91,2.36,68.45,0.01,2.77,60.68,-14.34538,-70.0321,4130
Crucero,2022-10-25,7.75,16.53,0.47,65.28,0.16,2.2,60.66,-14.34538,-70.0321,4130
Crucero,2022-10-26,8.42,18.2,1.61,56.13,0.01,2.41,60.6,-14.34538,-70.0321,4130
Crucero,2022-10-27,8.93,18.26,1.37,46.66,0.59,2.08,60.58,-14.34538,-70.0321,4130
Crucero,2022-10-28,9.46,18.11,0.41,42.68,0.39,1.99,60.58,-14.34538,-70.0321,4130
Crucero,2022-10-29,9.55,18.05,1.81,38.23,0.0,1.65,60.52,-14.34538,-70.0321,4130
Crucero,2022-10-30,9.67,18.9,1.32,34.48,0.0,2.15,60.42,-14.34538,-70.0321,4130
Crucero,2022-10-31,7.48,16.07,0.19,43.76,2.18,3.07,60.57,-14.34538,-70.0321,4130
Crucero,2022-11-01,6.24,11.29,2.4,71.87,0.13,2.36,60.7,-14.34538,-70.0321,4130
Crucero,2022-11-02,8.71,19.5,0.51,57.93,0.0,2.38,60.76,-14.34538,-70.0321,4130
Crucero,2022-11-03,8.12,18.19,0.52,60.01,0.03,2.07,60.7,-14.34538,-70.0321,4130
Crucero,2022-11-04,8.38,19.1,-0.6,61.25,0.0,2.17,60.6,-14.34538,-70.0321,4130
Crucero,2022-11-05,8.48,18.63,-0.04,56.44,0.0,1.59,60.52,-14.34538,-70.0321,4130
Crucero,2022-11-06,7.8,17.56,-0.48,52.6,0.0,2.2,60.57,-14.34538,-70.0321,4130
Crucero,2022-11-07,8.85,17.92,0.36,53.44,0.0,1.97,60.61,-14.34538,-70.0321,4130
Crucero,2022-11-08,6.89,16.3,0.7,62.37,0.0,2.32,60.65,-14.34538,-70.0321,4130
Crucero,2022-11-09,7.25,14.77,1.15,55.14,0.51,1.84,60.59,-14.34538,-70.0321,4130
Crucero,2022-11-10,7.7,17.13,-1.08,43.27,0.02,1.99,60.54,-14.34538,-70.0321,4130
Crucero,2022-11-11,8.94,18.48,0.23,38.15,0.0,1.51,60.53,-14.34538,-70.0321,4130
Crucero,2022-11-12,9.06,19.61,-1.0,30.43,2.58,1.65,60.51,-14.34538,-70.0321,4130
Crucero,2022-11-13,8.04,19.21,-2.49,35.68,0.05,2.53,60.51,-14.34538,-70.0321,4130
Crucero,2022-11-14,8.96,18.38,0.68,58.42,1.36,2.48,60.58,-14.34538,-70.0321,4130
Crucero,2022-11-15,7.45,16.54,1.97,71.24,2.87,2.74,60.76,-14.34538,-70.0321,4130
Crucero,2022-11-16,7.12,17.59,-1.1,62.1,0.0,2.87,60.84,-14.34538,-70.0321,4130
Crucero,2022-11-17,6.63,17.2,-2.28,55.33,0.0,2.76,60.78,-14.34538,-70.0321,4130
Crucero,2022-11-18,6.86,16.55,-2.4,54.48,0.0,2.41,60.72,-14.34538,-70.0321,4130
Crucero,2022-11-19,8.03,18.2,0.56,63.5,0.01,1.89,60.63,-14.34538,-70.0321,4130
Crucero,2022-11-20,9.93,17.67,3.41,51.84,3.02,1.8,60.49,-14.34538,-70.0321,4130
Crucero,2022-11-21,9.38,18.97,2.12,51.39,1.29,2.13,60.43,-14.34538,-70.0321,4130
Crucero,2022-11-22,5.42,12.46,1.38,73.63,7.03,2.6,60.5,-14.34538,-70.0321,4130
Crucero,2022-11-23,5.97,14.51,1.01,69.58,0.0,3.27,60.53,-14.34538,-70.0321,4130
Crucero,2022-11-24,5.66,14.14,-0.92,66.73,0.0,3.18,60.62,-14.34538,-70.0321,4130
Crucero,2022-11-25,5.4,15.49,-3.01,58.12,0.83,3.14,60.69,-14.34538,-70.0321,4130
Crucero,2022-11-26,6.34,15.68,-1.56,62.58,0.07,2.65,60.72,-14.34538,-70.0321,4130
Crucero,2022-11-27,6.02,15.38,-3.05,59.62,0.0,2.81,60.69,-14.34538,-70.0321,4130
Crucero,2022-11-28,7.57,17.64,-3.0,59.72,0.3,2.07,60.5,-14.34538,-70.0321,4130
Crucero,2022-11-29,9.35,18.42,2.67,54.47,0.13,1.42,60.33,-14.34538,-70.0321,4130
Crucero,2022-11-30,7.5,18.93,-3.02,38.18,0.0,2.26,60.24,-14.34538,-70.0321,4130
Crucero,2022-12-01,6.38,18.45,-5.71,32.64,4.27,1.68,60.25,-14.34538,-70.0321,4130
Crucero,2022-12-02,5.92,17.71,-6.05,40.41,1.5,2.16,60.35,-14.34538,-70.0321,4130
Crucero,2022-12-03,7.02,17.29,-1.4,36.8,0.01,1.46,60.4,-14.34538,-70.0321,4130
Crucero,2022-12-04,6.96,16.66,-2.41,46.63,1.5,2.23,60.38,-14.34538,-70.0321,4130
Crucero,2022-12-05,5.45,12.99,1.5,70.71,0.52,3.56,60.44,-14.34538,-70.0321,4130
Crucero,2022-12-06,6.23,12.91,0.64,65.3,2.95,2.08,60.54,-14.34538,-70.0321,4130
Crucero,2022-12-07,7.15,13.95,2.0,71.65,3.78,2.69,60.59,-14.34538,-70.0321,4130
Crucero,2022-12-08,5.04,10.17,1.41,75.24,0.22,2.23,60.6,-14.34538,-70.0321,4130
Crucero,2022-12-09,6.23,12.0,2.36,70.56,0.04,3.13,60.58,-14.34538,-70.0321,4130
Crucero,2022-12-10,6.48,12.43,1.01,61.1,0.04,2.31,60.64,-14.34538,-70.0321,4130
Crucero,2022-12-11,6.1,12.05,1.42,70.42,7.82,1.73,60.61,-14.34538,-70.0321,4130
Crucero,2022-12-12,5.79,12.75,1.25,78.22,3.26,2.26,60.47,-14.34538,-70.0321,4130
Crucero,2022-12-13,6.23,11.9,1.87,75.51,1.08,2.32,60.54,-14.34538,-70.0321,4130
Crucero,2022-12-14,6.36,12.48,1.96,76.86,15.82,1.36,60.62,-14.34538,-70.0321,4130
Crucero,2022-12-15,4.4,9.68,0.31,85.47,30.68,2.16,60.56,-14.34538,-70.0321,4130
Crucero,2022-12-16,4.29,9.49,0.39,83.33,11.72,2.56,60.49,-14.34538,-70.0321,4130
Crucero,2022-12-17,7.07,15.16,0.07,71.53,6.83,1.43,60.35,-14.34538,-70.0321,4130
Crucero,2022-12-18,7.32,14.53,1.94,73.43,4.71,1.89,60.38,-14.34538,-70.0321,4130
Crucero,2022-12-19,6.43,14.8,1.01,68.42,7.52,2.12,60.51,-14.34538,-70.0321,4130
Crucero,2022-12-20,7.39,15.03,0.69,72.95,9.45,2.45,60.53,-14.34538,-70.0321,4130
Crucero,2022-12-21,4.94,10.74,1.64,84.43,1.12,2.03,60.54,-14.34538,-70.0321,4130
Crucero,2022-12-22,5.81,12.76,0.96,81.14,1.21,1.61,60.56,-14.34538,-70.0321,4130
Crucero,2022-12-23,7.27,14.28,1.86,78.03,3.66,1.25,60.54,-14.34538,-70.0321,4130
Crucero,2022-12-24,8.45,18.09,-1.15,56.28,17.54,2.06,60.48,-14.34538,-70.0321,4130
Crucero,2022-12-25,7.3,16.43,-1.14,57.81,2.75,2.3,60.47,-14.34538,-70.0321,4130
Crucero,2022-12-26,5.12,11.37,0.62,77.41,0.16,2.67,60.6,-14.34538,-70.0321,4130
Crucero,2022-12-27,6.04,14.84,1.49,77.29,0.07,1.39,60.61,-14.34538,-70.0321,4130
Crucero,2022-12-28,5.41,12.97,0.87,77.72,0.02,2.16,60.61,-14.34538,-70.0321,4130
Crucero,2022-12-29,6.4,13.93,1.27,76.08,2.55,2.54,60.64,-14.34538,-70.0321,4130
Crucero,2022-12-30,4.98,11.26,1.54,81.47,4.79,1.51,60.6,-14.34538,-70.0321,4130
Crucero,2022-12-31,5.7,11.39,1.13,79.22,0.66,2.38,60.58,-14.34538,-70.0321,4130
Crucero,2023-01-01,6.83,13.82,0.4,78.3,3.1,2.15,60.58,-14.34538,-70.0321,4130
Crucero,2023-01-02,7.55,12.34,3.22,79.2,2.87,1.94,60.56,-14.34538,-70.0321,4130
Crucero,2023-01-03,5.62,12.3,1.3,82.76,7.39,1.98,60.47,-14.34538,-70.0321,4130
Crucero,2023-01-04,5.97,12.55,2.05,84.23,7.82,1.86,60.48,-14.34538,-70.0321,4130
Crucero,2023-01-05,4.58,10.47,0.59,82.41,3.12,1.41,60.57,-14.34538,-70.0321,4130
Crucero,2023-01-06,5.36,12.59,0.4,79.45,0.06,2.33,60.59,-14.34538,-70.0321,4130
Crucero,2023-01-07,6.89,15.01,-1.52,73.37,0.0,2.08,60.65,-14.34538,-70.0321,4130
Crucero,2023-01-08,7.41,13.94,3.04,78.08,0.94,2.49,60.66,-14.34538,-70.0321,4130
Crucero,2023-01-09,6.04,13.1,2.09,78.02,0.14,1.95,60.62,-14.34538,-70.0321,4130
Crucero,2023-01-10,7.11,13.71,0.63,75.38,2.11,2.07,60.6,-14.34538,-70.0321,4130
Crucero,2023-01-11,7.61,13.2,3.61,73.36,0.3,2.04,60.66,-14.34538,-70.0321,4130
Crucero,2023-01-12,7.78,15.18,0.96,69.57,0.0,2.43,60.62,-14.34538,-70.0321,4130
Crucero,2023-01-13,8.02,15.67,2.05,69.82,0.0,1.25,60.49,-14.34538,-70.0321,4130
Crucero,2023-01-14,8.35,17.76,-0.62,53.94,0.0,2.86,60.48,-14.34538,-70.0321,4130
Crucero,2023-01-15,5.08,9.16,1.52,77.47,4.59,1.8,60.64,-14.34538,-70.0321,4130
Crucero,2023-01-16,5.58,11.85,1.13,79.28,1.85,2.44,60.57,-14.34538,-70.0321,4130
Crucero,2023-01-17,6.32,14.15,-0.11,76.28,7.6,3.13,60.57,-14.34538,-70.0321,4130
Crucero,2023-01-18,5.66,11.73,2.12,80.23,22.16,3.75,60.62,-14.34538,-70.0321,4130
Crucero,2023-01-19,4.12,9.0,1.33,82.74,11.52,3.53,60.68,-14.34538,-70.0321,4130
Crucero,2023-01-20,5.72,12.96,-1.37,77.15,0.31,2.53,60.62,-14.34538,-70.0321,4130
Crucero,2023-01-21,7.4,15.06,1.11,72.4,0.0,2.27,60.51,-14.34538,-70.0321,4130
Crucero,2023-01-22,7.07,13.24,2.09,75.3,0.0,2.8,60.53,-14.34538,-70.0321,4130
Crucero,2023-01-23,7.38,15.33,0.64,70.86,0.0,2.11,60.62,-14.34538,-70.0321,4130
Crucero,2023-01-24,8.08,14.58,2.77,74.24,1.42,1.92,60.58,-14.34538,-70.0321,4130
Crucero,2023-01-25,7.45,14.41,2.94,73.79,0.87,2.09,60.48,-14.34538,-70.0321,4130
Crucero,2023-01-26,5.55,12.56,0.99,80.06,1.95,2.69,60.46,-14.34538,-70.0321,4130
Crucero,2023-01-27,5.97,13.49,1.05,80.32,0.58,2.04,60.44,-14.34538,-70.0321,4130
Crucero,2023-01-28,4.58,11.48,1.11,84.69,1.27,1.72,60.52,-14.34538,-70.0321,4130
Crucero,2023-01-29,4.8,9.78,0.77,87.02,9.79,2.7,60.51,-14.34538,-70.0321,4130
Crucero,2023-01-30,5.94,12.98,1.15,83.17,6.27,2.35,60.47,-14.34538,-70.0321,4130
Crucero,2023-01-31,6.68,13.08,1.07,83.58,8.43,2.45,60.48,-14.34538,-70.0321,4130
Crucero,2023-02-01,6.84,11.67,3.86,82.54,7.52,2.81,60.58,-14.34538,-70.0321,4130
Crucero,2023-02-02,5.91,13.71,1.34,82.47,4.81,2.47,60.59,-14.34538,-70.0321,4130
Crucero,2023-02-03,3.88,7.71,1.01,86.02,2.82,2.11,60.62,-14.34538,-70.0321,4130
Crucero,2023-02-04,3.64,7.73,0.83,88.55,14.25,2.65,60.64,-14.34538,-70.0321,4130
Crucero,2023-02-05,5.41,11.5,0.9,83.83,10.63,2.86,60.6,-14.34538,-70.0321,4130
Crucero,2023-02-06,5.42,12.02,1.58,83.54,3.83,1.19,60.55,-14.34538,-70.0321,4130
Crucero,2023-02-07,4.94,11.68,0.66,85.17,4.56,1.54,60.58,-14.34538,-70.0321,4130
Crucero,2023-02-08,4.22,8.44,1.05,89.09,6.53,1.6,60.58,-14.34538,-70.0321,4130
Crucero,2023-02-09,5.78,11.99,1.32,85.49,4.86,2.11,60.6,-14.34538,-70.0321,4130
Crucero,2023-02-10,6.25,12.75,1.34,83.68,1.89,2.64,60.6,-14.34538,-70.0321,4130
Crucero,2023-02-11,4.7,8.4,2.18,89.77,9.07,2.03,60.6,-14.34538,-70.0321,4130
Crucero,2023-02-12,6.41,14.01,1.61,82.08,0.77,1.82,60.56,-14.34538,-70.0321,4130
Crucero,2023-02-13,7.03,13.57,1.48,81.12,1.04,1.97,60.57,-14.34538,-70.0321,4130
Crucero,2023-02-14,5.42,9.38,2.65,88.7,1.3,2.06,60.6,-14.34538,-70.0321,4130
Crucero,2023-02-15,5.93,14.22,0.66,81.01,2.42,1.46,60.57,-14.34538,-70.0321,4130
Crucero,2023-02-16,6.7,14.37,0.84,79.15,3.52,1.96,60.42,-14.34538,-70.0321,4130
Crucero,2023-02-17,6.07,13.5,1.32,82.31,1.69,1.79,60.39,-14.34538,-70.0321,4130
Crucero,2023-02-18,2.57,5.13,0.79,93.74,13.16,2.21,60.55,-14.34538,-70.0321,4130
Crucero,2023-02-19,5.46,12.32,0.1,83.73,0.87,1.31,60.52,-14.34538,-70.0321,4130
Crucero,2023-02-20,6.35,13.03,1.56,82.63,0.01,2.19,60.51,-14.34538,-70.0321,4130
Crucero,2023-02-21,7.15,14.29,1.51,76.71,0.0,2.37,60.55,-14.34538,-70.0321,4130
Crucero,2023-02-22,7.56,14.9,2.0,77.67,0.01,2.8,60.66,-14.34538,-70.0321,4130
Crucero,2023-02-23,6.88,13.23,1.51,78.72,0.0,2.53,60.75,-14.34538,-70.0321,4130
Crucero,2023-02-24,6.76,14.49,1.47,74.99,0.0,2.09,60.74,-14.34538,-70.0321,4130
Crucero,2023-02-25,6.44,15.12,-0.37,75.42,0.91,1.7,60.71,-14.34538,-70.0321,4130
Crucero,2023-02-26,6.89,15.62,0.54,75.7,6.71,2.59,60.72,-14.34538,-70.0321,4130
Crucero,2023-02-27,5.15,8.41,2.81,87.29,10.26,2.99,60.82,-14.34538,-70.0321,4130
Crucero,2023-02-28,6.82,14.59,-1.03,77.73,0.08,2.74,60.88,-14.34538,-70.0321,4130
Crucero,2023-03-01,7.49,13.62,2.81,79.44,0.0,2.32,60.77,-14.34538,-70.0321,4130
Crucero,2023-03-02,7.82,13.79,2.84,79.84,0.55,1.74,60.65,-14.34538,-70.0321,4130
Crucero,2023-03-03,7.2,11.73,4.7,81.78,1.18,1.98,60.64,-14.34538,-70.0321,4130
Crucero,2023-03-04,7.0,14.01,1.55,76.68,2.29,2.18,60.71,-14.34538,-70.0321,4130
Crucero,2023-03-05,6.78,13.87,1.18,79.81,1.05,2.58,60.75,-14.34538,-70.0321,4130
Crucero,2023-03-06,6.46,14.31,0.16,78.16,0.02,2.22,60.69,-14.34538,-70.0321,4130
Crucero,2023-03-07,7.56,15.68,1.09,74.02,0.0,2.38,60.64,-14.34538,-70.0321,4130
Crucero,2023-03-08,6.38,13.36,1.58,80.26,9.14,1.15,60.64,-14.34538,-70.0321,4130
Crucero,2023-03-09,4.11,8.45,0.76,90.06,6.63,2.19,60.65,-14.34538,-70.0321,4130
Crucero,2023-03-10,5.59,12.51,0.0,82.69,0.17,2.76,60.67,-14.34538,-70.0321,4130
Crucero,2023-03-11,5.6,12.48,0.89,83.61,0.25,2.81,60.67,-14.34538,-70.0321,4130
Crucero,2023-03-12,6.82,14.57,0.68,78.75,0.0,2.46,60.65,-14.34538,-70.0321,4130
Crucero,2023-03-13,6.06,13.75,1.67,80.04,2.24,2.74,60.62,-14.34538,-70.0321,4130
Crucero,2023-03-14,6.04,12.59,1.39,80.68,2.38,1.62,60.62,-14.34538,-70.0321,4130
Crucero,2023-03-15,4.47,9.45,1.5,89.97,10.71,1.45,60.57,-14.34538,-70.0321,4130
Crucero,2023-03-16,4.94,11.56,1.24,85.31,10.95,1.85,60.54,-14.34538,-70.0321,4130
Crucero,2023-03-17,5.63,12.11,0.73,82.72,0.8,2.63,60.57,-14.34538,-70.0321,4130
Crucero,2023-03-18,5.55,11.49,1.43,81.9,0.97,2.78,60.58,-14.34538,-70.0321,4130
Crucero,2023-03-19,5.02,12.88,-0.59,81.23,5.59,1.31,60.58,-14.34538,-70.0321,4130
Crucero,2023-03-20,4.39,9.82,1.02,85.74,2.08,1.75,60.57,-14.34538,-70.0321,4130
Crucero,2023-03-21,4.57,10.51,0.64,82.61,4.13,2.21,60.57,-14.34538,-70.0321,4130
Crucero,2023-03-22,4.47,12.23,-0.53,85.47,15.65,1.09,60.58,-14.34538,-70.0321,4130
Crucero,2023-03-23,4.54,11.45,-0.51,85.07,20.92,1.81,60.57,-14.34538,-70.0321,4130
Crucero,2023-03-24,4.02,10.26,0.47,86.09,16.39,2.72,60.64,-14.34538,-70.0321,4130
Crucero,2023-03-25,5.15,12.13,-0.99,84.42,0.52,2.74,60.65,-14.34538,-70.0321,4130
Crucero,2023-03-26,4.76,12.03,0.16,85.01,25.97,3.22,60.69,-14.34538,-70.0321,4130
Crucero,2023-03-27,3.88,10.95,-3.6,84.7,3.42,2.3,60.71,-14.34538,-70.0321,4130
Crucero,2023-03-28,5.86,12.76,-0.06,83.46,0.01,2.04,60.61,-14.34538,-70.0321,4130
Crucero,2023-03-29,5.84,11.74,0.83,83.43,0.39,1.97,60.63,-14.34538,-70.0321,4130
Crucero,2023-03-30,5.0,10.94,-0.54,84.73,5.94,2.82,60.73,-14.34538,-70.0321,4130
Crucero,2023-03-31,4.86,11.89,-1.01,84.19,4.22,2.88,60.79,-14.34538,-70.0321,4130
Crucero,2023-04-01,4.65,11.69,-2.58,82.49,1.46,2.92,60.79,-14.34538,-70.0321,4130
Crucero,2023-04-02,6.01,13.75,-1.26,81.56,11.23,1.96,60.67,-14.34538,-70.0321,4130
Crucero,2023-04-03,6.73,12.33,2.46,84.17,6.03,1.66,60.57,-14.34538,-70.0321,4130
Crucero,2023-04-04,3.94,10.16,0.13,88.13,15.37,1.52,60.5,-14.34538,-70.0321,4130
Crucero,2023-04-05,5.01,12.6,-1.91,78.61,4.28,1.63,60.47,-14.34538,-70.0321,4130
Crucero,2023-04-06,3.59,10.1,0.45,89.39,4.49,1.24,60.49,-14.34538,-70.0321,4130
Crucero,2023-04-07,3.17,8.95,-0.14,88.68,1.15,2.09,60.57,-14.34538,-70.0321,4130
Crucero,2023-04-08,4.35,11.48,-1.78,83.06,0.05,2.44,60.67,-14.34538,-70.0321,4130
Crucero,2023-04-09,5.22,12.13,-0.37,78.62,0.01,0.77,60.75,-14.34538,-70.0321,4130
Crucero,2023-04-10,5.51,12.58,-0.3,81.33,0.0,1.7,60.73,-14.34538,-70.0321,4130
Crucero,2023-04-11,5.91,12.68,-1.19,77.84,0.0,0.8,60.67,-14.34538,-70.0321,4130
Crucero,2023-04-12,6.25,12.9,0.34,81.02,0.18,1.1,60.6,-14.34538,-70.0321,4130
Crucero,2023-04-13,5.01,11.79,0.74,85.87,2.13,1.48,60.58,-14.34538,-70.0321,4130
Crucero,2023-04-14,5.51,11.51,1.05,84.04,0.12,0.99,60.64,-14.34538,-70.0321,4130
Crucero,2023-04-15,3.81,8.16,0.56,87.19,3.71,1.15,60.73,-14.34538,-70.0321,4130
Crucero,2023-04-16,5.6,12.54,-0.1,81.53,0.5,1.35,60.7,-14.34538,-70.0321,4130
Crucero,2023-04-17,5.56,9.61,1.44,87.62,0.85,1.07,60.58,-14.34538,-70.0321,4130
Crucero,2023-04-18,6.61,14.78,0.14,75.41,0.13,1.24,60.55,-14.34538,-70.0321,4130
Crucero,2023-04-19,7.29,14.89,0.27,78.67,4.51,1.55,60.64,-14.34538,-70.0321,4130
Crucero,2023-04-20,4.24,7.04,0.48,90.83,18.68,1.77,60.76,-14.34538,-70.0321,4130
Crucero,2023-04-21,5.72,12.9,-0.64,75.54,0.03,1.06,60.67,-14.34538,-70.0321,4130
Crucero,2023-04-22,6.02,13.82,-0.79,77.13,0.0,1.83,60.63,-14.34538,-70.0321,4130
Crucero,2023-04-23,6.4,13.83,0.39,78.53,0.0,1.13,60.63,-14.34538,-70.0321,4130
Crucero,2023-04-24,6.62,14.19,0.28,73.81,0.0,1.19,60.67,-14.34538,-70.0321,4130
Crucero,2023-04-25,6.23,12.66,2.28,80.98,0.0,1.37,60.73,-14.34538,-70.0321,4130
Crucero,2023-04-26,6.08,13.14,0.48,79.04,0.0,1.63,60.78,-14.34538,-70.0321,4130
Crucero,2023-04-27,6.03,13.34,0.5,76.28,0.0,1.87,60.77,-14.34538,-70.0321,4130
Crucero,2023-04-28,5.99,13.27,0.77,78.07,0.0,1.82,60.8,-14.34538,-70.0321,4130
Crucero,2023-04-29,6.98,14.48,0.72,76.64,0.0,1.43,60.81,-14.34538,-70.0321,4130
Crucero,2023-04-30,7.14,13.82,1.72,78.05,0.6,1.42,60.78,-14.34538,-70.0321,4130
Crucero,2023-05-01,6.09,14.25,-0.9,77.44,0.04,1.45,60.75,-14.34538,-70.0321,4130
Crucero,2023-05-02,4.91,8.92,1.49,89.56,0.32,1.58,60.68,-14.34538,-70.0321,4130
Crucero,2023-05-03,6.52,12.8,0.92,82.03,0.18,1.49,60.67,-14.34538,-70.0321,4130
Crucero,2023-05-04,6.33,12.3,2.25,84.28,0.0,2.19,60.68,-14.34538,-70.0321,4130
Crucero,2023-05-05,4.37,10.34,0.71,85.07,2.62,1.55,60.71,-14.34538,-70.0321,4130
Crucero,2023-05-06,3.92,10.1,0.11,88.74,1.62,1.62,60.74,-14.34538,-70.0321,4130
Crucero,2023-05-07,1.37,7.66,-1.82,80.93,4.0,2.48,60.82,-14.34538,-70.0321,4130
Crucero,2023-05-08,2.14,6.8,-2.16,83.82,1.32,1.51,60.87,-14.34538,-70.0321,4130
Crucero,2023-05-09,2.84,8.69,-0.66,82.98,0.06,0.86,60.88,-14.34538,-70.0321,4130
Crucero,2023-05-10,4.46,11.08,0.05,78.54,0.0,1.07,60.86,-14.34538,-70.0321,4130
Crucero,2023-05-11,4.07,9.81,-0.26,81.53,0.0,1.4,60.78,-14.34538,-70.0321,4130
Crucero,2023-05-12,3.98,9.14,0.39,82.68,2.96,1.85,60.78,-14.34538,-70.0321,4130
Crucero,2023-05-13,3.5,10.96,-1.46,84.1,3.1,1.65,60.85,-14.34538,-70.0321,4130
Crucero,2023-05-14,5.23,13.01,-0.31,67.69,0.37,0.89,60.94,-14.34538,-70.0321,4130
Crucero,2023-05-15,6.04,12.78,0.27,75.36,0.0,1.18,60.95,-14.34538,-70.0321,4130
Crucero,2023-05-16,4.76,13.84,-2.43,70.33,0.0,1.6,60.82,-14.34538,-70.0321,4130
Crucero,2023-05-17,5.4,14.63,-2.27,71.0,0.0,1.43,60.73,-14.34538,-70.0321,4130
Crucero,2023-05-18,6.27,14.36,-1.91,75.52,0.09,1.37,60.81,-14.34538,-70.0321,4130
Crucero,2023-05-19,6.05,12.87,1.25,83.19,0.18,1.09,60.78,-14.34538,-70.0321,4130
Crucero,2023-05-20,5.03,13.63,-2.29,74.13,0.0,1.28,60.75,-14.34538,-70.0321,4130
Crucero,2023-05-21,5.86,14.27,-1.76,58.0,0.79,1.66,60.65,-14.34538,-70.0321,4130
Crucero,2023-05-22,5.35,14.08,-2.69,58.52,2.59,1.26,60.67,-14.34538,-70.0321,4130
Crucero,2023-05-23,4.78,13.14,-0.92,70.2,2.99,1.05,60.77,-14.34538,-70.0321,4130
Crucero,2023-05-24,5.04,13.45,-1.96,68.89,0.0,1.12,60.65,-14.34538,-70.0321,4130
Crucero,2023-05-25,4.89,11.86,-1.45,78.78,0.0,0.83,60.67,-14.34538,-70.0321,4130
Crucero,2023-05-26,4.54,11.5,-0.7,78.97,0.0,1.55,60.78,-14.34538,-70.0321,4130
Crucero,2023-05-27,4.19,9.27,0.66,82.86,0.0,1.02,60.82,-14.34538,-70.0321,4130
Crucero,2023-05-28,4.54,10.2,0.66,85.73,4.24,1.02,60.82,-14.34538,-70.0321,4130
Crucero,2023-05-29,4.0,12.01,-4.76,70.19,1.31,1.99,60.74,-14.34538,-70.0321,4130
Crucero,2023-05-30,2.47,12.53,-5.84,44.16,0.0,2.01,60.78,-14.34538,-70.0321,4130
Crucero,2023-05-31,4.22,12.93,-1.52,45.54,0.0,1.42,60.86,-14.34538,-70.0321,4130
Crucero,2023-06-01,4.29,12.46,-1.08,35.33,0.0,1.52,60.9,-14.34538,-70.0321,4130
Crucero,2023-06-02,4.43,13.13,-3.4,36.5,0.0,1.01,60.82,-14.34538,-70.0321,4130
Crucero,2023-06-03,3.34,12.87,-4.19,55.64,0.0,1.51,60.73,-14.34538,-70.0321,4130
Crucero,2023-06-04,3.98,12.6,-3.6,75.36,0.0,1.48,60.78,-14.34538,-70.0321,4130
Crucero,2023-06-05,4.28,11.02,-1.1,75.5,0.11,1.37,60.85,-14.34538,-70.0321,4130
Crucero,2023-06-06,4.48,12.95,-3.47,72.0,0.1,1.12,60.76,-14.34538,-70.0321,4130
Crucero,2023-06-07,4.98,12.96,-0.73,68.74,0.01,1.32,60.77,-14.34538,-70.0321,4130
Crucero,2023-06-08,5.19,13.65,-0.85,71.1,0.0,1.39,60.82,-14.34538,-70.0321,4130
Crucero,2023-06-09,4.34,13.74,-3.64,69.33,0.0,1.02,60.8,-14.34538,-70.0321,4130
Crucero,2023-06-10,5.4,13.99,-1.72,74.28,0.0,1.36,60.72,-14.34538,-70.0321,4130
Crucero,2023-06-11,5.62,13.09,-0.16,77.27,0.07,1.24,60.72,-14.34538,-70.0321,4130
Crucero,2023-06-12,5.96,12.67,0.43,78.74,2.8,1.59,60.69,-14.34538,-70.0321,4130
Crucero,2023-06-13,2.98,9.81,0.11,88.61,6.35,1.49,60.63,-14.34538,-70.0321,4130
Crucero,2023-06-14,3.1,12.87,-4.53,55.12,0.4,2.32,60.65,-14.34538,-70.0321,4130
Crucero,2023-06-15,1.72,12.54,-5.44,43.76,0.43,2.15,60.66,-14.34538,-70.0321,4130
Crucero,2023-06-16,2.24,11.97,-6.09,38.87,0.0,1.55,60.75,-14.34538,-70.0321,4130
Crucero,2023-06-17,2.76,11.99,-4.14,55.44,0.0,1.01,60.75,-14.34538,-70.0321,4130
Crucero,2023-06-18,2.97,12.64,-3.85,70.2,0.0,1.69,60.76,-14.34538,-70.0321,4130
Crucero,2023-06-19,2.96,13.19,-4.76,67.54,0.0,1.69,60.75,-14.34538,-70.0321,4130
Crucero,2023-06-20,3.68,13.22,-4.16,72.19,0.0,1.51,60.78,-14.34538,-70.0321,4130
Crucero,2023-06-21,3.7,13.22,-4.01,69.14,0.0,1.62,60.72,-14.34538,-70.0321,4130
Crucero,2023-06-22,3.52,12.8,-3.75,58.28,0.0,1.41,60.72,-14.34538,-70.0321,4130
Crucero,2023-06-23,2.31,12.13,-4.91,41.96,0.0,1.63,60.76,-14.34538,-70.0321,4130
Crucero,2023-06-24,2.77,12.2,-5.07,42.3,0.2,1.77,60.75,-14.34538,-70.0321,4130
Crucero,2023-06-25,3.8,12.99,-2.34,52.52,0.12,1.44,60.8,-14.34538,-70.0321,4130
Crucero,2023-06-26,4.17,13.63,-4.07,68.33,0.0,1.31,60.81,-14.34538,-70.0321,4130
Crucero,2023-06-27,4.19,13.7,-4.51,66.07,0.0,1.32,60.74,-14.34538,-70.0321,4130
Crucero,2023-06-28,4.43,13.3,-3.78,72.07,0.0,1.9,60.8,-14.34538,-70.0321,4130
Crucero,2023-06-29,5.56,12.87,1.08,76.42,0.0,1.79,60.84,-14.34538,-70.0321,4130
Crucero,2023-06-30,4.87,13.88,-1.64,73.37,0.0,1.33,60.82,-14.34538,-70.0321,4130
Crucero,2023-07-01,4.94,14.26,-3.3,73.13,0.0,1.08,60.76,-14.34538,-70.0321,4130
Crucero,2023-07-02,4.81,14.24,-3.44,61.16,0.0,1.41,60.73,-14.34538,-70.0321,4130
Crucero,2023-07-03,5.28,15.57,-3.48,60.36,0.0,1.46,60.77,-14.34538,-70.0321,4130
Crucero,2023-07-04,6.49,15.91,-0.33,61.32,0.0,1.87,60.83,-14.34538,-70.0321,4130
Crucero,2023-07-05,5.6,15.76,-1.72,50.53,0.0,1.49,60.83,-14.34538,-70.0321,4130
Crucero,2023-07-06,5.44,15.56,-3.29,59.41,0.02,1.37,60.75,-14.34538,-70.0321,4130
Crucero,2023-07-07,6.34,16.03,-1.58,69.82,0.02,1.35,60.71,-14.34538,-70.0321,4130
Crucero,2023-07-08,6.75,15.58,0.93,71.62,0.0,1.36,60.75,-14.34538,-70.0321,4130
Crucero,2023-07-09,6.34,14.0,1.01,77.83,0.33,1.33,60.78,-14.34538,-70.0321,4130
Crucero,2023-07-10,6.82,13.81,2.17,76.49,0.07,1.46,60.77,-14.34538,-70.0321,4130
Crucero,2023-07-11,6.58,14.1,0.24,74.69,0.01,1.6,60.73,-14.34538,-70.0321,4130
Crucero,2023-07-12,5.32,15.39,-2.76,69.92,0.01,2.08,60.67,-14.34538,-70.0321,4130
Crucero,2023-07-13,5.98,14.81,-2.49,73.85,0.86,1.52,60.65,-14.34538,-70.0321,4130
Crucero,2023-07-14,6.22,13.94,-0.58,68.01,2.59,1.13,60.64,-14.34538,-70.0321,4130
Crucero,2023-07-15,4.86,15.34,-4.18,48.24,0.01,1.41,60.67,-14.34538,-70.0321,4130
Crucero,2023-07-16,5.02,14.57,-3.02,55.17,0.0,1.24,60.73,-14.34538,-70.0321,4130
Crucero,2023-07-17,5.7,12.87,-0.84,70.65,0.0,1.72,60.8,-14.34538,-70.0321,4130
Crucero,2023-07-18,6.02,13.38,0.57,72.42,0.0,1.49,60.9,-14.34538,-70.0321,4130
Crucero,2023-07-19,5.79,14.33,0.36,69.85,0.0,1.14,60.95,-14.34538,-70.0321,4130
Crucero,2023-07-20,4.47,14.15,-3.01,72.25,0.0,1.67,60.91,-14.34538,-70.0321,4130
Crucero,2023-07-21,3.89,13.84,-4.09,63.68,0.0,1.64,60.86,-14.34538,-70.0321,4130
Crucero,2023-07-22,5.48,14.99,-2.86,55.73,0.0,1.3,60.81,-14.34538,-70.0321,4130
Crucero,2023-07-23,5.56,14.96,-2.12,61.14,0.0,1.75,60.89,-14.34538,-70.0321,4130
Crucero,2023-07-24,6.1,14.65,-0.16,65.28,0.0,1.3,60.87,-14.34538,-70.0321,4130
Crucero,2023-07-25,4.82,14.42,-3.09,45.46,56.45,1.58,60.73,-14.34538,-70.0321,4130
Crucero,2023-07-26,1.43,3.58,-2.6,75.48,153.35,1.3,60.68,-14.34538,-70.0321,4130
Crucero,2023-07-27,2.2,6.99,-1.21,86.6,0.33,1.17,60.71,-14.34538,-70.0321,4130
Crucero,2023-07-28,2.41,9.34,-2.32,86.43,0.24,2.05,60.81,-14.34538,-70.0321,4130
Crucero,2023-07-29,3.08,9.87,-3.2,83.3,2.13,1.37,60.89,-14.34538,-70.0321,4130
Crucero,2023-07-30,3.51,10.17,-3.03,82.01,0.21,0.76,60.91,-14.34538,-70.0321,4130
Crucero,2023-07-31,3.98,10.25,-1.58,80.35,0.0,1.67,60.97,-14.34538,-70.0321,4130
Crucero,2023-08-01,2.87,10.09,-3.17,75.47,0.0,0.78,60.96,-14.34538,-70.0321,4130
Crucero,2023-08-02,3.64,10.87,-2.15,73.67,0.0,0.85,60.9,-14.34538,-70.0321,4130
Crucero,2023-08-03,3.19,11.0,-2.72,78.76,0.0,1.57,60.85,-14.34538,-70.0321,4130
Crucero,2023-08-04,2.23,9.27,-3.77,80.33,0.01,1.08,60.83,-14.34538,-70.0321,4130
Crucero,2023-08-05,3.06,10.09,-2.39,83.19,0.0,1.46,60.81,-14.34538,-70.0321,4130
Crucero,2023-08-06,4.16,11.95,-3.26,74.88,0.0,1.71,60.88,-14.34538,-70.0321,4130
Crucero,2023-08-07,4.63,12.21,-2.61,77.88,1.02,1.31,60.95,-14.34538,-70.0321,4130
Crucero,2023-08-08,4.72,11.7,-1.71,79.7,1.67,0.94,60.95,-14.34538,-70.0321,4130
Crucero,2023-08-09,4.07,10.92,-0.95,77.08,0.02,0.99,60.9,-14.34538,-70.0321,4130
Crucero,2023-08-10,3.78,11.62,-3.31,70.98,0.0,1.44,60.8,-14.34538,-70.0321,4130
Crucero,2023-08-11,3.61,9.59,-1.18,78.67,0.01,1.5,60.74,-14.34538,-70.0321,4130
Crucero,2023-08-12,1.64,4.88,-1.5,90.96,0.03,1.24,60.68,-14.34538,-70.0321,4130
Crucero,2023-08-13,2.91,9.21,-1.87,78.11,0.01,1.21,60.7,-14.34538,-70.0321,4130
Crucero,2023-08-14,3.25,10.13,-2.63,77.25,0.0,1.24,60.7,-14.34538,-70.0321,4130
Crucero,2023-08-15,3.23,10.9,-3.77,75.31,0.0,1.54,60.68,-14.34538,-70.0321,4130
Crucero,2023-08-16,4.3,12.91,-3.9,68.18,0.0,1.23,60.68,-14.34538,-70.0321,4130
Crucero,2023-08-17,4.91,14.34,-2.51,67.05,0.0,1.15,60.65,-14.34538,-70.0321,4130
Crucero,2023-08-18,3.35,14.14,-5.27,49.72,0.0,2.32,60.61,-14.34538,-70.0321,4130
Crucero,2023-08-19,3.3,12.57,-5.26,41.86,0.0,1.78,60.61,-14.34538,-70.0321,4130
Crucero,2023-08-20,3.72,13.23,-5.1,47.68,0.0,1.54,60.62,-14.34538,-70.0321,4130
Crucero,2023-08-21,4.19,13.16,-3.43,58.5,0.0,1.46,60.68,-14.34538,-70.0321,4130
Crucero,2023-08-22,5.1,12.97,-0.53,71.47,0.0,1.2,60.66,-14.34538,-70.0321,4130
Crucero,2023-08-23,5.84,15.13,-2.27,74.04,0.0,1.47,60.65,-14.34538,-70.0321,4130
Crucero,2023-08-24,6.28,15.4,-1.91,72.33,0.0,1.2,60.71,-14.34538,-70.0321,4130
Crucero,2023-08-25,5.93,15.0,-1.97,72.38,0.0,1.56,60.75,-14.34538,-70.0321,4130
Crucero,2023-08-26,6.89,14.02,1.26,78.21,0.0,1.31,60.74,-14.34538,-70.0321,4130
Crucero,2023-08-27,4.69,8.51,-0.87,82.88,0.0,1.15,60.79,-14.34538,-70.0321,4130
Crucero,2023-08-28,5.62,14.98,-2.64,71.01,0.0,1.54,60.82,-14.34538,-70.0321,4130
Crucero,2023-08-29,5.73,15.43,-3.55,60.46,0.0,1.5,60.85,-14.34538,-70.0321,4130
Crucero,2023-08-30,3.94,9.31,-0.23,86.87,0.02,1.67,60.79,-14.34538,-70.0321,4130
Crucero,2023-08-31,5.74,13.72,-0.79,76.98,1.15,1.46,60.76,-14.34538,-70.0321,4130
Crucero,2023-09-01,4.6,11.98,0.88,81.73,0.36,1.6,60.75,-14.34538,-70.0321,4130
Crucero,2023-09-02,2.44,6.43,-0.04,84.19,0.0,2.27,60.7,-14.34538,-70.0321,4130
Crucero,2023-09-03,2.85,10.22,-2.27,78.57,0.01,1.88,60.71,-14.34538,-70.0321,4130
Crucero,2023-09-04,5.48,14.75,-3.18,67.05,1.36,2.04,60.82,-14.34538,-70.0321,4130
Crucero,2023-09-05,4.76,12.5,-1.1,73.07,0.2,2.53,60.91,-14.34538,-70.0321,4130
Crucero,2023-09-06,3.84,9.9,0.35,82.48,1.03,1.73,60.84,-14.34538,-70.0321,4130
Crucero,2023-09-07,4.56,10.98,-0.45,74.57,0.84,1.27,60.69,-14.34538,-70.0321,4130
Crucero,2023-09-08,5.84,14.3,-1.24,61.61,0.0,1.29,60.7,-14.34538,-70.0321,4130
Crucero,2023-09-09,5.26,14.22,-2.38,58.31,0.0,1.33,60.79,-14.34538,-70.0321,4130
Crucero,2023-09-10,6.67,13.08,1.67,77.19,0.0,2.57,60.85,-14.34538,-70.0321,4130
Crucero,2023-09-11,7.01,14.6,1.23,69.52,0.0,2.09,60.8,-14.34538,-70.0321,4130
Crucero,2023-09-12,4.78,11.05,0.86,78.39,0.74,1.69,60.71,-14.34538,-70.0321,4130
Crucero,2023-09-13,3.71,12.43,-1.16,65.89,2.04,2.79,60.72,-14.34538,-70.0321,4130
Crucero,2023-09-14,3.94,11.52,-1.62,81.92,0.86,1.8,60.79,-14.34538,-70.0321,4130
Crucero,2023-09-15,7.01,15.83,0.07,70.61,0.0,1.22,60.71,-14.34538,-70.0321,4130
Crucero,2023-09-16,6.97,14.91,1.77,74.1,0.0,1.44,60.68,-14.34538,-70.0321,4130
Crucero,2023-09-17,4.29,10.61,0.36,78.74,0.0,1.41,60.69,-14.34538,-70.0321,4130
Crucero,2023-09-18,5.94,13.78,-1.06,70.42,0.0,1.18,60.71,-14.34538,-70.0321,4130
Crucero,2023-09-19,4.37,10.74,1.06,82.33,0.42,1.62,60.71,-14.34538,-70.0321,4130
Crucero,2023-09-20,5.01,11.6,0.31,73.23,0.03,1.52,60.74,-14.34538,-70.0321,4130
Crucero,2023-09-21,6.86,14.65,0.37,75.06,0.0,2.61,60.75,-14.34538,-70.0321,4130
Crucero,2023-09-22,8.22,14.98,2.32,76.73,0.0,2.54,60.74,-14.34538,-70.0321,4130
Crucero,2023-09-23,8.24,15.4,2.6,74.24,0.0,2.91,60.77,-14.34538,-70.0321,4130
Crucero,2023-09-24,7.14,15.26,1.13,71.65,0.0,2.87,60.8,-14.34538,-70.0321,4130
Crucero,2023-09-25,7.27,15.9,-0.76,70.52,0.0,1.62,60.83,-14.34538,-70.0321,4130
Crucero,2023-09-26,8.56,17.01,0.19,72.45,0.0,1.79,60.77,-14.34538,-70.0321,4130
Crucero,2023-09-27,5.63,11.23,2.43,83.99,0.0,2.25,60.73,-14.34538,-70.0321,4130
Crucero,2023-09-28,7.4,14.5,2.46,75.44,0.42,1.4,60.72,-14.34538,-70.0321,4130
Crucero,2023-09-29,6.91,11.95,2.74,80.8,0.38,3.54,60.76,-14.34538,-70.0321,4130
Crucero,2023-09-30,6.75,14.84,0.61,77.0,0.54,2.89,60.82,-14.34538,-70.0321,4130
Crucero,2023-10-01,7.18,15.06,1.74,75.32,2.22,3.18,60.75,-14.34538,-70.0321,4130
Crucero,2023-10-02,8.66,16.3,1.56,72.32,0.55,1.26,60.63,-14.34538,-70.0321,4130
Crucero,2023-10-03,5.9,9.23,2.9,80.58,0.38,1.63,60.64,-14.34538,-70.0321,4130
Crucero,2023-10-04,8.78,17.64,1.15,68.8,0.11,2.74,60.7,-14.34538,-70.0321,4130
Crucero,2023-10-05,7.54,12.34,2.3,79.2,0.0,2.79,60.73,-14.34538,-70.0321,4130
Crucero,2023-10-06,7.94,15.74,1.48,75.51,0.02,1.65,60.79,-14.34538,-70.0321,4130
Crucero,2023-10-07,8.36,17.15,2.67,75.41,0.0,2.82,60.83,-14.34538,-70.0321,4130
Crucero,2023-10-08,10.15,19.39,3.32,67.79,2.85,2.94,60.77,-14.34538,-70.0321,4130
Crucero,2023-10-09,8.16,15.37,3.85,78.99,2.11,3.18,60.83,-14.34538,-70.0321,4130
Crucero,2023-10-10,8.66,16.76,2.5,71.81,0.03,2.65,60.86,-14.34538,-70.0321,4130
Crucero,2023-10-11,9.4,18.54,1.85,67.22,0.0,2.61,60.84,-14.34538,-70.0321,4130
Crucero,2023-10-12,8.58,17.13,0.6,65.2,0.0,2.73,60.83,-14.34538,-70.0321,4130
Crucero,2023-10-13,7.77,15.61,1.97,72.91,2.23,3.88,60.84,-14.34538,-70.0321,4130
Crucero,2023-10-14,6.46,13.63,0.33,71.05,0.19,3.56,60.89,-14.34538,-70.0321,4130
Crucero,2023-10-15,6.16,14.74,-2.58,70.91,0.0,3.27,60.88,-14.34538,-70.0321,4130
Crucero,2023-10-16,6.41,14.3,-0.68,74.05,0.0,2.98,60.81,-14.34538,-70.0321,4130
Crucero,2023-10-17,5.98,14.32,-1.52,72.84,0.0,3.53,60.74,-14.34538,-70.0321,4130
Crucero,2023-10-18,6.02,14.57,-1.54,72.0,0.0,3.58,60.77,-14.34538,-70.0321,4130
Crucero,2023-10-19,6.58,13.88,0.54,73.2,0.64,3.71,60.8,-14.34538,-70.0321,4130
Crucero,2023-10-20,6.0,13.7,0.63,72.85,0.71,4.01,60.84,-14.34538,-70.0321,4130
Crucero,2023-10-21,6.24,14.8,-1.81,71.78,0.05,4.07,60.82,-14.34538,-70.0321,4130
Crucero,2023-10-22,6.55,15.88,-1.94,67.9,6.92,3.55,60.82,-14.34538,-70.0321,4130
Crucero,2023-10-23,7.6,15.1,1.21,75.05,7.27,2.45,60.8,-14.34538,-70.0321,4130
Crucero,2023-10-24,7.51,15.07,1.18,72.16,0.09,2.79,60.77,-14.34538,-70.0321,4130
Crucero,2023-10-25,7.51,15.66,0.94,74.15,0.38,1.78,60.65,-14.34538,-70.0321,4130
Crucero,2023-10-26,6.02,12.53,2.59,81.0,0.35,1.91,60.54,-14.34538,-70.0321,4130
Crucero,2023-10-27,6.02,10.71,2.19,82.87,0.93,2.25,60.48,-14.34538,-70.0321,4130
Crucero,2023-10-28,6.49,14.89,1.79,79.22,0.68,2.12,60.51,-14.34538,-70.0321,4130
Crucero,2023-10-29,8.26,18.43,-1.16,52.86,0.3,1.15,60.52,-14.34538,-70.0321,4130
Crucero,2023-10-30,8.49,17.85,-0.27,51.79,0.16,0.94,60.56,-14.34538,-70.0321,4130
Crucero,2023-10-31,9.2,17.91,1.38,57.07,0.01,2.08,60.57,-14.34538,-70.0321,4130
Crucero,2023-11-01,9.74,17.53,2.54,66.47,1.62,2.15,60.54,-14.34538,-70.0321,4130
Crucero,2023-11-02,9.59,17.19,4.23,70.11,0.24,1.84,60.55,-14.34538,-70.0321,4130
Crucero,2023-11-03,8.16,15.09,3.36,71.26,0.0,3.0,60.63,-14.34538,-70.0321,4130
Crucero,2023-11-04,7.02,14.77,1.07,75.16,0.0,4.14,60.65,-14.34538,-70.0321,4130
Crucero,2023-11-05,8.1,15.86,3.09,70.48,0.0,3.19,60.66,-14.34538,-70.0321,4130
Crucero,2023-11-06,8.14,16.44,1.23,69.29,0.0,3.13,60.78,-14.34538,-70.0321,4130
Crucero,2023-11-07,8.12,16.46,1.09,69.82,0.0,3.66,60.83,-14.34538,-70.0321,4130
Crucero,2023-11-08,7.37,16.09,-1.28,64.87,0.4,3.7,60.83,-14.34538,-70.0321,4130
Crucero,2023-11-09,5.88,10.45,2.47,78.25,0.87,4.45,60.76,-14.34538,-70.0321,4130
Crucero,2023-11-10,7.17,14.69,0.41,73.74,0.01,3.58,60.68,-14.34538,-70.0321,4130
Crucero,2023-11-11,6.91,12.58,2.43,75.91,0.01,1.75,60.68,-14.34538,-70.0321,4130
Crucero,2023-11-12,6.01,13.73,1.69,77.27,0.0,2.45,60.65,-14.34538,-70.0321,4130
Crucero,2023-11-13,8.82,18.17,0.6,65.3,0.03,2.02,60.66,-14.34538,-70.0321,4130
Crucero,2023-11-14,6.0,12.05,1.86,76.63,0.05,2.77,60.66,-14.34538,-70.0321,4130
Crucero,2023-11-15,6.24,12.57,1.14,70.35,0.0,1.18,60.75,-14.34538,-70.0321,4130
Crucero,2023-11-16,5.04,8.4,2.71,79.22,0.0,1.33,60.72,-14.34538,-70.0321,4130
Crucero,2023-11-17,6.86,12.63,1.97,79.71,11.42,2.03,60.72,-14.34538,-70.0321,4130
Crucero,2023-11-18,9.46,19.07,0.93,71.42,4.01,2.55,60.71,-14.34538,-70.0321,4130
Crucero,2023-11-19,8.22,16.37,0.17,71.43,0.07,2.71,60.72,-14.34538,-70.0321,4130
Crucero,2023-11-20,8.97,16.35,3.78,68.45,2.13,2.17,60.63,-14.34538,-70.0321,4130
Crucero,2023-11-21,8.76,15.38,3.19,68.26,0.21,1.39,60.51,-14.34538,-70.0321,4130
Crucero,2023-11-22,7.83,15.77,1.35,63.15,0.02,2.55,60.48,-14.34538,-70.0321,4130
Crucero,2023-11-23,7.29,13.67,2.81,75.5,1.0,2.6,60.6,-14.34538,-70.0321,4130
Crucero,2023-11-24,5.92,10.31,2.39,82.56,13.67,2.13,60.77,-14.34538,-70.0321,4130
Crucero,2023-11-25,5.82,13.74,1.97,82.91,7.06,2.78,60.62,-14.34538,-70.0321,4130
Crucero,2023-11-26,6.49,13.06,2.23,80.14,5.02,2.5,60.57,-14.34538,-70.0321,4130
Crucero,2023-11-27,7.03,14.39,1.2,74.03,6.8,2.07,60.65,-14.34538,-70.0321,4130
Crucero,2023-11-28,6.61,13.69,1.47,76.72,1.63,2.11,60.68,-14.34538,-70.0321,4130
Crucero,2023-11-29,7.94,14.77,2.49,77.8,2.13,3.29,60.57,-14.34538,-70.0321,4130
Crucero,2023-11-30,7.26,12.34,3.39,80.75,5.35,3.21,60.6,-14.34538,-70.0321,4130
Crucero,2023-12-01,5.68,9.92,2.23,83.87,17.36,1.09,60.68,-14.34538,-70.0321,4130
Crucero,2023-12-02,7.03,14.15,0.88,75.88,15.49,1.59,60.62,-14.34538,-70.0321,4130
Crucero,2023-12-03,8.3,15.14,2.23,74.25,16.73,1.52,60.57,-14.34538,-70.0321,4130
Crucero,2023-12-04,8.31,15.64,3.25,77.96,7.2,2.66,60.6,-14.34538,-70.0321,4130
Crucero,2023-12-05,5.32,9.96,2.2,86.27,3.76,1.58,60.67,-14.34538,-70.0321,4130
Crucero,2023-12-06,7.63,14.87,2.94,82.05,1.13,1.99,60.62,-14.34538,-70.0321,4130
Crucero,2023-12-07,8.42,14.59,3.67,75.92,0.01,2.9,60.72,-14.34538,-70.0321,4130
Crucero,2023-12-08,7.68,14.17,2.27,77.1,2.29,4.21,60.79,-14.34538,-70.0321,4130
Crucero,2023-12-09,7.84,15.27,1.32,74.44,0.05,2.91,60.74,-14.34538,-70.0321,4130
Crucero,2023-12-10,7.38,15.14,1.49,77.89,31.79,2.63,60.63,-14.34538,-70.0321,4130
Crucero,2023-12-11,5.45,11.7,-0.49,84.97,10.62,1.99,60.63,-14.34538,-70.0321,4130
Crucero,2023-12-12,7.82,13.44,2.98,82.56,4.87,2.12,60.66,-14.34538,-70.0321,4130
Crucero,2023-12-13,6.85,10.23,3.66,86.1,0.44,1.65,60.61,-14.34538,-70.0321,4130
Crucero,2023-12-14,6.26,12.19,1.61,84.85,0.92,1.56,60.57,-14.34538,-70.0321,4130
Crucero,2023-12-15,5.7,12.05,2.12,85.79,4.29,1.36,60.67,-14.34538,-70.0321,4130
Crucero,2023-12-16,7.37,14.54,1.37,81.65,4.41,2.61,60.7,-14.34538,-70.0321,4130
Crucero,2023-12-17,7.06,13.66,1.0,81.44,1.67,1.34,60.7,-14.34538,-70.0321,4130
Crucero,2023-12-18,8.35,14.76,4.34,80.25,0.14,2.1,60.6,-14.34538,-70.0321,4130
Crucero,2023-12-19,6.27,10.62,2.66,84.85,5.57,1.9,60.6,-14.34538,-70.0321,4130
Crucero,2023-12-20,4.24,7.91,1.53,91.29,12.04,1.56,60.65,-14.34538,-70.0321,4130
Crucero,2023-12-21,7.63,15.13,2.55,80.19,0.28,2.25,60.72,-14.34538,-70.0321,4130
Crucero,2023-12-22,6.72,11.44,3.73,87.69,0.44,2.34,60.77,-14.34538,-70.0321,4130
Crucero,2023-12-23,8.0,15.11,3.33,78.84,0.0,2.37,60.82,-14.34538,-70.0321,4130
Crucero,2023-12-24,7.38,13.56,2.85,79.78,0.24,2.64,60.87,-14.34538,-70.0321,4130
Crucero,2023-12-25,6.7,11.67,2.67,81.88,0.34,2.17,60.9,-14.34538,-70.0321,4130
Crucero,2023-12-26,6.1,12.19,0.73,78.96,2.62,3.46,60.92,-14.34538,-70.0321,4130
Crucero,2023-12-27,6.27,13.13,0.61,80.42,8.09,3.06,60.81,-14.34538,-70.0321,4130
Crucero,2023-12-28,7.24,13.77,1.39,81.77,1.67,2.37,60.76,-14.34538,-70.0321,4130
Crucero,2023-12-29,7.04,14.02,2.25,81.97,0.61,2.22,60.79,-14.34538,-70.0321,4130
Crucero,2023-12-30,6.47,13.37,2.12,81.48,5.45,2.49,60.81,-14.34538,-70.0321,4130
Crucero,2023-12-31,4.89,12.36,1.17,87.08,7.5,2.15,60.75,-14.34538,-70.0321,4130
Crucero,2024-01-01,6.48,14.09,0.22,81.46,4.2,1.88,60.69,-14.34538,-70.0321,4130
Crucero,2024-01-02,7.53,13.75,1.83,82.73,2.43,1.89,60.64,-14.34538,-70.0321,4130
Crucero,2024-01-03,6.69,13.49,1.58,84.22,18.52,2.49,60.67,-14.34538,-70.0321,4130
Crucero,2024-01-04,3.81,8.9,-0.2,90.17,9.48,1.63,60.73,-14.34538,-70.0321,4130
Crucero,2024-01-05,5.69,12.32,0.89,83.22,1.97,2.41,60.74,-14.34538,-70.0321,4130
Crucero,2024-01-06,7.0,13.89,1.27,78.93,0.08,2.73,60.73,-14.34538,-70.0321,4130
Crucero,2024-01-07,7.76,15.82,0.04,72.07,0.01,2.4,60.7,-14.34538,-70.0321,4130
Crucero,2024-01-08,7.87,16.81,-0.27,70.55,0.0,2.25,60.73,-14.34538,-70.0321,4130
Crucero,2024-01-09,8.09,17.09,0.23,70.25,0.0,2.1,60.77,-14.34538,-70.0321,4130
Crucero,2024-01-10,7.63,16.3,-0.3,69.17,0.78,1.92,60.69,-14.34538,-70.0321,4130
Crucero,2024-01-11,7.0,12.04,0.53,80.45,0.11,2.5,60.71,-14.34538,-70.0321,4130
Crucero,2024-01-12,6.46,14.25,-0.73,72.77,0.55,2.86,60.74,-14.34538,-70.0321,4130
Crucero,2024-01-13,7.49,14.54,0.91,76.33,1.26,2.57,60.72,-14.34538,-70.0321,4130
Crucero,2024-01-14,7.67,14.0,3.44,81.52,1.52,2.51,60.73,-14.34538,-70.0321,4130
Crucero,2024-01-15,7.19,12.58,2.67,81.14,1.78,3.81,60.74,-14.34538,-70.0321,4130
Crucero,2024-01-16,7.09,14.32,3.03,83.19,0.26,1.65,60.75,-14.34538,-70.0321,4130
Crucero,2024-01-17,7.18,14.77,1.36,80.01,2.49,2.94,60.83,-14.34538,-70.0321,4130
Crucero,2024-01-18,7.31,13.8,0.97,79.11,2.52,1.75,60.83,-14.34538,-70.0321,4130
Crucero,2024-01-19,8.38,14.27,3.91,79.12,4.58,2.26,60.8,-14.34538,-70.0321,4130
Crucero,2024-01-20,8.28,15.2,3.15,77.34,0.62,2.6,60.78,-14.34538,-70.0321,4130
Crucero,2024-01-21,7.96,13.9,3.61,78.69,0.21,2.46,60.81,-14.34538,-70.0321,4130
Crucero,2024-01-22,8.23,15.89,1.75,74.48,0.0,2.5,60.84,-14.34538,-70.0321,4130
Crucero,2024-01-23,7.0,14.39,2.57,82.09,2.79,2.5,60.81,-14.34538,-70.0321,4130
Crucero,2024-01-24,4.45,10.64,1.57,88.49,5.63,1.66,60.73,-14.34538,-70.0321,4130
Crucero,2024-01-25,4.95,11.96,1.41,86.78,9.03,2.04,60.69,-14.34538,-70.0321,4130
Crucero,2024-01-26,6.3,13.57,1.07,83.75,8.99,2.42,60.75,-14.34538,-70.0321,4130
Crucero,2024-01-27,7.11,13.65,2.22,81.5,1.22,2.65,60.75,-14.34538,-70.0321,4130
Crucero,2024-01-28,7.49,15.24,2.34,81.38,6.1,2.07,60.74,-14.34538,-70.0321,4130
Crucero,2024-01-29,6.27,12.56,0.96,82.69,12.41,1.15,60.78,-14.34538,-70.0321,4130
Crucero,2024-01-30,6.84,14.19,3.35,83.6,4.58,2.14,60.8,-14.34538,-70.0321,4130
Crucero,2024-01-31,6.31,12.99,1.41,83.4,2.05,2.53,60.83,-14.34538,-70.0321,4130
Crucero,2024-02-01,7.48,14.85,1.64,80.17,1.53,2.71,60.86,-14.34538,-70.0321,4130
Crucero,2024-02-02,6.63,13.01,1.38,81.24,4.94,2.75,60.82,-14.34538,-70.0321,4130
Crucero,2024-02-03,7.68,14.56,2.85,78.81,0.24,2.72,60.74,-14.34538,-70.0321,4130
Crucero,2024-02-04,6.86,14.47,-1.05,74.36,0.03,2.76,60.73,-14.34538,-70.0321,4130
Crucero,2024-02-05,6.39,13.12,-1.35,76.6,8.41,2.6,60.72,-14.34538,-70.0321,4130
Crucero,2024-02-06,7.18,12.97,3.72,81.39,7.04,3.6,60.75,-14.34538,-70.0321,4130
Crucero,2024-02-07,6.17,11.4,1.8,82.94,2.4,2.5,60.76,-14.34538,-70.0321,4130
Crucero,2024-02-08,4.14,11.43,0.75,86.76,0.93,2.3,60.74,-14.34538,-70.0321,4130
Crucero,2024-02-09,5.45,11.06,1.47,78.0,0.9,2.01,60.78,-14.34538,-70.0321,4130
Crucero,2024-02-10,6.3,13.69,1.44,82.44,0.13,1.37,60.79,-14.34538,-70.0321,4130
Crucero,2024-02-11,5.33,11.09,1.38,84.65,9.22,1.71,60.75,-14.34538,-70.0321,4130
Crucero,2024-02-12,4.96,9.08,1.66,89.53,9.1,1.52,60.72,-14.34538,-70.0321,4130
Crucero,2024-02-13,5.39,12.13,1.36,86.14,7.23,1.81,60.81,-14.34538,-70.0321,4130
Crucero,2024-02-14,6.97,13.79,1.44,84.39,14.28,2.44,60.9,-14.34538,-70.0321,4130
Crucero,2024-02-15,6.87,13.29,1.5,85.05,7.85,2.45,60.92,-14.34538,-70.0321,4130
Crucero,2024-02-16,7.66,14.71,2.01,83.43,0.65,2.54,60.89,-14.34538,-70.0321,4130
Crucero,2024-02-17,8.03,14.55,3.39,81.12,1.02,2.44,60.83,-14.34538,-70.0321,4130
Crucero,2024-02-18,7.7,14.36,2.09,81.41,2.48,2.3,60.81,-14.34538,-70.0321,4130
Crucero,2024-02-19,6.42,13.59,2.07,84.47,5.62,1.34,60.76,-14.34538,-70.0321,4130
Crucero,2024-02-20,4.3,9.37,0.28,87.84,4.36,1.63,60.69,-14.34538,-70.0321,4130
Crucero,2024-02-21,6.93,13.11,2.03,83.76,6.87,1.84,60.51,-14.34538,-70.0321,4130
Crucero,2024-02-22,7.68,15.03,1.7,77.91,0.35,2.09,60.49,-14.34538,-70.0321,4130
Crucero,2024-02-23,7.11,13.12,3.0,82.83,1.57,1.79,60.62,-14.34538,-70.0321,4130
Crucero,2024-02-24,5.73,9.71,2.61,87.68,3.25,2.87,60.75,-14.34538,-70.0321,4130
Crucero,2024-02-25,6.57,11.43,2.23,84.56,4.51,2.89,60.82,-14.34538,-70.0321,4130
Crucero,2024-02-26,5.67,10.9,1.22,85.39,4.68,2.59,60.8,-14.34538,-70.0321,4130
Crucero,2024-02-27,6.58,12.97,1.83,83.79,3.35,2.81,60.72,-14.34538,-70.0321,4130
Crucero,2024-02-28,5.51,13.0,1.21,85.55,14.39,1.98,60.74,-14.34538,-70.0321,4130
Crucero,2024-02-29,5.96,12.04,0.3,82.71,0.72,2.39,60.76,-14.34538,-70.0321,4130
Crucero,2024-03-01,5.75,11.67,1.36,81.21,0.02,3.18,60.81,-14.34538,-70.0321,4130
Crucero,2024-03-02,5.93,13.32,-1.31,81.01,0.12,3.32,60.84,-14.34538,-70.0321,4130
Crucero,2024-03-03,6.01,12.88,1.42,82.93,3.47,2.39,60.77,-14.34538,-70.0321,4130
Crucero,2024-03-04,5.79,13.5,-0.07,80.28,0.95,2.63,60.73,-14.34538,-70.0321,4130
Crucero,2024-03-05,6.08,12.65,1.59,85.0,7.29,2.19,60.68,-14.34538,-70.0321,4130
Crucero,2024-03-06,6.19,12.98,2.13,85.12,8.39,2.23,60.69,-14.34538,-70.0321,4130
Crucero,2024-03-07,5.82,12.0,1.74,86.85,10.59,1.73,60.77,-14.34538,-70.0321,4130
Crucero,2024-03-08,6.61,12.87,1.92,85.9,13.05,2.18,60.84,-14.34538,-70.0321,4130
Crucero,2024-03-09,7.61,13.98,3.87,83.95,7.17,2.0,60.86,-14.34538,-70.0321,4130
Crucero,2024-03-10,6.47,11.16,2.47,86.57,5.27,1.92,60.88,-14.34538,-70.0321,4130
Crucero,2024-03-11,6.38,13.34,1.52,84.5,1.41,2.58,60.95,-14.34538,-70.0321,4130
Crucero,2024-03-12,6.07,12.17,2.14,85.99,0.01,1.66,60.96,-14.34538,-70.0321,4130
Crucero,2024-03-13,6.79,11.84,2.43,86.55,0.01,1.84,60.9,-14.34538,-70.0321,4130
Crucero,2024-03-14,7.27,13.05,2.67,83.06,0.0,2.2,60.88,-14.34538,-70.0321,4130
Crucero,2024-03-15,7.89,15.15,1.05,81.41,0.75,1.85,60.78,-14.34538,-70.0321,4130
Crucero,2024-03-16,7.87,13.11,3.72,84.63,0.62,1.52,60.73,-14.34538,-70.0321,4130
Crucero,2024-03-17,5.62,7.31,3.35,94.48,8.63,2.75,60.7,-14.34538,-70.0321,4130
Crucero,2024-03-18,6.69,14.25,0.63,83.97,0.28,2.0,60.73,-14.34538,-70.0321,4130
Crucero,2024-03-19,4.25,8.17,0.83,91.22,1.01,1.22,60.77,-14.34538,-70.0321,4130
Crucero,2024-03-20,5.77,12.89,0.3,85.8,3.28,1.44,60.7,-14.34538,-70.0321,4130
Crucero,2024-03-21,7.57,13.45,2.69,85.37,5.74,1.02,60.73,-14.34538,-70.0321,4130
Crucero,2024-03-22,5.32,9.62,2.61,93.84,9.97,2.4,60.8,-14.34538,-70.0321,4130
Crucero,2024-03-23,7.26,14.44,0.98,82.66,0.12,1.82,60.81,-14.34538,-70.0321,4130
Crucero,2024-03-24,8.23,15.12,3.19,77.77,0.02,1.54,60.74,-14.34538,-70.0321,4130
Crucero,2024-03-25,7.87,14.35,2.38,77.11,2.76,2.32,60.73,-14.34538,-70.0321,4130
Crucero,2024-03-26,6.27,13.86,0.5,82.36,4.46,2.2,60.7,-14.34538,-70.0321,4130
Crucero,2024-03-27,5.24,13.29,-0.24,82.7,1.42,1.72,60.71,-14.34538,-70.0321,4130
Crucero,2024-03-28,5.64,13.46,-1.19,71.14,0.28,2.03,60.77,-14.34538,-70.0321,4130
Crucero,2024-03-29,5.91,13.38,-0.59,77.0,0.04,1.34,60.83,-14.34538,-70.0321,4130
Crucero,2024-03-30,7.75,14.36,2.77,81.85,2.74,1.99,60.78,-14.34538,-70.0321,4130
Crucero,2024-03-31,5.43,9.64,0.03,87.3,2.43,2.43,60.84,-14.34538,-70.0321,4130
Crucero,2024-04-01,6.99,13.83,1.62,83.22,1.82,1.6,60.83,-14.34538,-70.0321,4130
Crucero,2024-04-02,5.12,12.42,1.53,85.39,0.23,1.48,60.77,-14.34538,-70.0321,4130
Crucero,2024-04-03,5.66,10.76,1.81,85.02,6.89,1.64,60.76,-14.34538,-70.0321,4130
Crucero,2024-04-04,6.67,12.43,3.48,84.6,1.64,1.7,60.82,-14.34538,-70.0321,4130
Crucero,2024-04-05,6.71,14.28,1.54,75.57,0.03,2.01,60.9,-14.34538,-70.0321,4130
Crucero,2024-04-06,6.69,12.99,2.33,85.14,0.44,2.36,60.83,-14.34538,-70.0321,4130
Crucero,2024-04-07,7.71,14.12,2.81,81.3,0.04,2.23,60.78,-14.34538,-70.0321,4130
Crucero,2024-04-08,7.68,13.72,3.09,80.18,1.11,1.52,60.79,-14.34538,-70.0321,4130
Crucero,2024-04-09,8.21,14.63,4.39,79.96,0.13,2.08,60.76,-14.34538,-70.0321,4130
Crucero,2024-04-10,6.97,12.41,1.79,85.16,0.95,2.26,60.71,-14.34538,-70.0321,4130
Crucero,2024-04-11,6.1,12.08,2.28,87.79,2.15,1.45,60.73,-14.34538,-70.0321,4130
Crucero,2024-04-12,5.21,12.87,1.01,86.61,4.23,1.89,60.78,-14.34538,-70.0321,4130
Crucero,2024-04-13,7.46,16.04,0.99,75.3,0.53,1.86,60.7,-14.34538,-70.0321,4130
Crucero,2024-04-14,6.53,13.34,2.09,81.79,2.3,1.68,60.61,-14.34538,-70.0321,4130
Crucero,2024-04-15,7.96,15.81,1.72,70.62,0.43,1.44,60.65,-14.34538,-70.0321,4130
Crucero,2024-04-16,7.07,15.93,-1.88,61.73,0.07,1.44,60.79,-14.34538,-70.0321,4130
Crucero,2024-04-17,6.4,10.84,3.7,88.43,0.8,1.95,60.89,-14.34538,-70.0321,4130
Crucero,2024-04-18,5.54,10.61,1.87,84.56,0.1,2.05,60.85,-14.34538,-70.0321,4130
Crucero,2024-04-19,6.74,14.49,0.57,80.36,0.0,1.63,60.84,-14.34538,-70.0321,4130
Crucero,2024-04-20,7.08,14.18,2.0,79.07,0.0,2.46,60.83,-14.34538,-70.0321,4130
Crucero,2024-04-21,6.71,15.12,1.51,73.2,0.05,1.69,60.84,-14.34538,-70.0321,4130
Crucero,2024-04-22,7.46,15.82,-0.63,78.36,0.05,1.72,60.8,-14.34538,-70.0321,4130
Crucero,2024-04-23,8.06,14.67,4.06,80.34,0.03,2.04,60.86,-14.34538,-70.0321,4130
Crucero,2024-04-24,7.78,15.09,2.19,78.66,0.0,1.75,60.91,-14.34538,-70.0321,4130
Crucero,2024-04-25,8.4,14.53,5.29,81.97,0.03,2.21,60.85,-14.34538,-70.0321,4130
Crucero,2024-04-26,7.86,15.09,2.82,75.9,0.17,2.07,60.81,-14.34538,-70.0321,4130
Crucero,2024-04-27,5.67,11.85,1.61,86.5,0.15,1.71,60.77,-14.34538,-70.0321,4130
Crucero,2024-04-28,6.2,14.63,-0.59,73.35,1.57,1.8,60.74,-14.34538,-70.0321,4130
Crucero,2024-04-29,6.84,14.18,1.65,80.96,0.08,1.05,60.78,-14.34538,-70.0321,4130
Crucero,2024-04-30,6.12,12.79,2.26,85.39,5.91,1.6,60.77,-14.34538,-70.0321,4130
Crucero,2024-05-01,5.15,13.08,1.45,84.43,0.11,1.25,60.74,-14.34538,-70.0321,4130
Crucero,2024-05-02,4.68,11.42,1.71,87.21,3.39,1.93,60.63,-14.34538,-70.0321,4130
Crucero,2024-05-03,2.08,4.84,0.02,95.24,6.0,2.0,60.69,-14.34538,-70.0321,4130
Crucero,2024-05-04,5.98,13.33,0.52,66.43,6.07,0.94,60.76,-14.34538,-70.0321,4130
Crucero,2024-05-05,7.61,15.52,0.87,72.76,1.84,1.1,60.84,-14.34538,-70.0321,4130
Crucero,2024-05-06,6.25,13.04,2.12,82.35,0.68,1.39,60.78,-14.34538,-70.0321,4130
Crucero,2024-05-07,6.8,15.16,1.56,80.75,0.06,1.67,60.71,-14.34538,-70.0321,4130
Crucero,2024-05-08,6.62,13.74,0.36,78.08,0.02,1.96,60.82,-14.34538,-70.0321,4130
Crucero,2024-05-09,6.68,14.3,1.35,76.97,0.09,1.96,60.89,-14.34538,-70.0321,4130
Crucero,2024-05-10,7.1,15.46,1.55,78.89,0.02,1.71,60.86,-14.34538,-70.0321,4130
Crucero,2024-05-11,7.38,16.44,-0.63,74.23,0.0,1.17,60.83,-14.34538,-70.0321,4130
Crucero,2024-05-12,8.5,16.56,2.52,74.12,0.08,1.27,60.81,-14.34538,-70.0321,4130
Crucero,2024-05-13,7.51,13.69,2.95,81.71,0.18,1.54,60.84,-14.34538,-70.0321,4130
Crucero,2024-05-14,6.17,9.45,3.74,87.52,0.94,2.03,60.82,-14.34538,-70.0321,4130
Crucero,2024-05-15,6.48,12.69,1.74,78.72,0.15,1.29,60.76,-14.34538,-70.0321,4130
Crucero,2024-05-16,6.86,14.28,0.37,79.08,0.31,1.69,60.73,-14.34538,-70.0321,4130
Crucero,2024-05-17,6.6,14.04,1.88,81.99,0.46,1.82,60.79,-14.34538,-70.0321,4130
Crucero,2024-05-18,6.97,14.55,1.24,79.29,0.1,1.39,60.87,-14.34538,-70.0321,4130
Crucero,2024-05-19,6.55,14.1,0.62,76.51,0.0,1.04,60.87,-14.34538,-70.0321,4130
Crucero,2024-05-20,5.59,11.8,0.8,78.04,0.0,1.18,60.78,-14.34538,-70.0321,4130
Crucero,2024-05-21,6.17,15.32,-0.94,74.02,0.0,1.48,60.77,-14.34538,-70.0321,4130
Crucero,2024-05-22,7.01,16.29,0.83,70.8,0.0,1.78,60.83,-14.34538,-70.0321,4130
Crucero,2024-05-23,7.06,16.03,-0.41,67.41,0.0,1.69,60.83,-14.34538,-70.0321,4130
Crucero,2024-05-24,6.95,15.63,0.09,72.0,0.0,1.32,60.84,-14.34538,-70.0321,4130
Crucero,2024-05-25,6.74,15.68,-1.78,61.45,0.0,1.6,60.83,-14.34538,-70.0321,4130
Crucero,2024-05-26,5.2,15.38,-2.56,52.91,0.57,1.81,60.8,-14.34538,-70.0321,4130
Crucero,2024-05-27,4.54,14.74,-3.62,40.42,0.09,1.3,60.82,-14.34538,-70.0321,4130
Crucero,2024-05-28,3.69,14.08,-4.15,46.77,0.04,1.54,60.85,-14.34538,-70.0321,4130
Crucero,2024-05-29,4.68,14.62,-4.24,42.44,0.01,1.08,60.89,-14.34538,-70.0321,4130
Crucero,2024-05-30,5.11,15.02,-1.93,57.23,0.26,1.2,60.84,-14.34538,-70.0321,4130
Crucero,2024-05-31,4.63,15.03,-3.32,45.33,0.0,1.64,60.84,-14.34538,-70.0321,4130
Crucero,2024-06-01,3.99,14.97,-5.32,44.79,0.0,1.7,60.81,-14.34538,-70.0321,4130
Crucero,2024-06-02,4.52,14.45,-3.84,40.82,0.13,1.49,60.84,-14.34538,-70.0321,4130
Crucero,2024-06-03,4.74,12.77,-0.92,54.95,0.18,2.22,60.93,-14.34538,-70.0321,4130
Crucero,2024-06-04,5.66,15.28,-1.63,68.54,0.01,1.34,60.87,-14.34538,-70.0321,4130
Crucero,2024-06-05,5.39,14.63,-2.72,61.74,0.0,1.39,60.86,-14.34538,-70.0321,4130
Crucero,2024-06-06,4.62,14.88,-2.01,57.61,0.0,1.51,60.88,-14.34538,-70.0321,4130
Crucero,2024-06-07,4.18,13.51,-2.13,32.87,0.0,1.88,60.97,-14.34538,-70.0321,4130
Crucero,2024-06-08,5.15,14.15,-0.92,30.57,0.0,0.92,60.97,-14.34538,-70.0321,4130
Crucero,2024-06-09,3.74,14.02,-4.16,57.96,0.0,1.6,60.83,-14.34538,-70.0321,4130
Crucero,2024-06-10,4.84,14.77,-3.64,70.68,0.04,1.41,60.76,-14.34538,-70.0321,4130
Crucero,2024-06-11,6.6,14.88,0.5,70.89,0.87,0.9,60.83,-14.34538,-70.0321,4130
Crucero,2024-06-12,6.59,15.57,-0.44,74.83,0.69,1.17,60.81,-14.34538,-70.0321,4130
Crucero,2024-06-13,7.35,15.28,1.19,72.3,0.54,1.62,60.75,-14.34538,-70.0321,4130
Crucero,2024-06-14,6.83,16.43,-1.08,65.91,0.04,0.97,60.76,-14.34538,-70.0321,4130
Crucero,2024-06-15,6.77,15.54,-1.43,69.95,0.66,1.27,60.8,-14.34538,-70.0321,4130
Crucero,2024-06-16,4.28,10.51,1.55,86.64,0.77,1.44,60.78,-14.34538,-70.0321,4130
Crucero,2024-06-17,6.64,14.46,2.05,77.96,0.1,1.33,60.64,-14.34538,-70.0321,4130
Crucero,2024-06-18,4.91,12.8,-0.42,78.1,0.29,1.7,60.52,-14.34538,-70.0321,4130
Crucero,2024-06-19,4.26,11.3,-0.99,81.81,0.19,1.92,60.56,-14.34538,-70.0321,4130
Crucero,2024-06-20,5.34,12.26,0.69,77.14,0.0,2.17,60.68,-14.34538,-70.0321,4130
Crucero,2024-06-21,4.14,10.98,-0.19,80.42,0.0,1.55,60.77,-14.34538,-70.0321,4130
Crucero,2024-06-22,5.61,13.95,-1.41,72.55,0.0,1.32,60.8,-14.34538,-70.0321,4130
Crucero,2024-06-23,6.02,14.4,-1.38,61.57,0.0,0.85,60.79,-14.34538,-70.0321,4130
Crucero,2024-06-24,6.09,14.33,-0.62,66.05,1.76,1.4,60.8,-14.34538,-70.0321,4130
Crucero,2024-06-25,5.48,12.18,-0.35,80.58,1.63,0.85,60.84,-14.34538,-70.0321,4130
Crucero,2024-06-26,5.23,14.39,-1.97,69.26,0.0,1.46,60.86,-14.34538,-70.0321,4130
Crucero,2024-06-27,5.26,14.67,-3.16,63.02,0.0,0.96,60.74,-14.34538,-70.0321,4130
Crucero,2024-06-28,5.45,15.91,-3.04,69.21,0.04,1.42,60.71,-14.34538,-70.0321,4130
Crucero,2024-06-29,5.97,14.39,-0.6,77.84,9.03,1.68,60.76,-14.34538,-70.0321,4130
Crucero,2024-06-30,5.09,11.86,-1.67,71.41,10.24,1.74,60.72,-14.34538,-70.0321,4130
Crucero,2024-07-01,3.34,13.49,-4.49,51.52,0.0,1.46,60.77,-14.34538,-70.0321,4130
Crucero,2024-07-02,4.93,14.15,-0.87,44.9,0.0,1.53,60.8,-14.34538,-70.0321,4130
Crucero,2024-07-03,5.39,14.54,-1.07,42.63,0.0,1.32,60.71,-14.34538,-70.0321,4130
Crucero,2024-07-04,4.9,14.57,-2.36,52.32,0.0,0.92,60.67,-14.34538,-70.0321,4130
Crucero,2024-07-05,4.88,14.93,-2.72,63.72,0.0,1.21,60.71,-14.34538,-70.0321,4130
Crucero,2024-07-06,6.01,14.35,0.69,74.47,0.02,1.83,60.79,-14.34538,-70.0321,4130
Crucero,2024-07-07,6.58,14.29,0.99,73.27,0.07,1.78,60.77,-14.34538,-70.0321,4130
Crucero,2024-07-08,6.05,14.9,-0.03,67.85,0.27,2.01,60.68,-14.34538,-70.0321,4130
Crucero,2024-07-09,4.84,14.21,-2.2,54.53,0.06,2.43,60.56,-14.34538,-70.0321,4130
Crucero,2024-07-10,2.98,13.68,-4.3,55.46,0.0,3.07,60.44,-14.34538,-70.0321,4130
Crucero,2024-07-11,3.19,12.02,-3.64,71.87,0.01,3.6,60.5,-14.34538,-70.0321,4130
Crucero,2024-07-12,3.68,11.39,-1.86,77.3,0.01,2.82,60.73,-14.34538,-70.0321,4130
Crucero,2024-07-13,4.07,13.94,-3.46,68.7,0.0,2.25,60.82,-14.34538,-70.0321,4130
Crucero,2024-07-14,4.55,15.24,-3.72,68.27,0.0,2.21,60.8,-14.34538,-70.0321,4130
Crucero,2024-07-15,4.73,15.12,-3.11,67.44,0.0,1.71,60.8,-14.34538,-70.0321,4130
Crucero,2024-07-16,5.15,14.97,-1.54,64.28,0.0,1.17,60.88,-14.34538,-70.0321,4130
Crucero,2024-07-17,3.69,12.81,-2.22,68.38,0.0,2.29,60.97,-14.34538,-70.0321,4130
Crucero,2024-07-18,3.96,14.55,-4.06,65.98,0.0,1.57,60.9,-14.34538,-70.0321,4130
Crucero,2024-07-19,2.39,12.64,-5.21,59.3,0.0,2.67,60.88,-14.34538,-70.0321,4130
Crucero,2024-07-20,0.45,9.06,-5.77,55.67,0.0,3.41,60.85,-14.34538,-70.0321,4130
Crucero,2024-07-21,2.97,13.56,-4.87,69.33,0.0,2.22,60.73,-14.34538,-70.0321,4130
Crucero,2024-07-22,3.1,12.3,-4.59,74.15,0.35,2.95,60.79,-14.34538,-70.0321,4130
Crucero,2024-07-23,3.99,13.97,-4.2,72.43,0.01,2.12,60.86,-14.34538,-70.0321,4130
Crucero,2024-07-24,5.03,14.57,-3.43,69.26,0.0,2.17,60.94,-14.34538,-70.0321,4130
Crucero,2024-07-25,3.96,13.94,-4.33,68.5,0.0,2.75,60.95,-14.34538,-70.0321,4130
Crucero,2024-07-26,5.22,14.97,-3.27,71.47,0.0,1.68,60.85,-14.34538,-70.0321,4130
Crucero,2024-07-27,6.22,14.73,-0.47,72.62,0.0,1.44,60.8,-14.34538,-70.0321,4130
Crucero,2024-07-28,6.63,14.98,0.08,71.82,0.11,1.47,60.83,-14.34538,-70.0321,4130
Crucero,2024-07-29,5.64,13.98,-0.71,73.84,0.02,1.89,60.85,-14.34538,-70.0321,4130
Crucero,2024-07-30,5.21,14.39,-1.22,65.32,0.0,1.8,60.8,-14.34538,-70.0321,4130
Crucero,2024-07-31,4.72,14.85,-3.49,63.48,0.0,1.64,60.76,-14.34538,-70.0321,4130
Crucero,2024-08-01,5.38,15.51,-3.61,56.26,0.0,1.76,60.75,-14.34538,-70.0321,4130
Crucero,2024-08-02,5.21,15.73,-3.39,56.09,0.0,1.64,60.69,-14.34538,-70.0321,4130
Crucero,2024-08-03,5.19,14.59,-3.4,59.82,0.0,2.11,60.65,-14.34538,-70.0321,4130
Crucero,2024-08-04,4.49,11.16,0.49,76.76,0.0,2.14,60.7,-14.34538,-70.0321,4130
Crucero,2024-08-05,5.54,13.88,-0.92,67.63,0.01,2.58,60.73,-14.34538,-70.0321,4130
Crucero,2024-08-06,3.83,10.2,0.11,80.99,0.01,2.51,60.61,-14.34538,-70.0321,4130
Crucero,2024-08-07,4.42,12.17,-0.14,72.49,0.34,2.83,60.56,-14.34538,-70.0321,4130
Crucero,2024-08-08,2.76,10.51,-2.28,79.9,0.87,1.53,60.61,-14.34538,-70.0321,4130
Crucero,2024-08-09,4.8,12.24,-0.57,76.34,0.04,1.81,60.74,-14.34538,-70.0321,4130
Crucero,2024-08-10,5.83,14.68,-1.37,61.91,0.0,1.72,60.74,-14.34538,-70.0321,4130
Crucero,2024-08-11,5.41,15.35,-1.97,52.9,0.0,2.38,60.74,-14.34538,-70.0321,4130
Crucero,2024-08-12,4.7,14.37,-2.74,68.6,0.0,2.63,60.79,-14.34538,-70.0321,4130
Crucero,2024-08-13,4.7,15.35,-3.66,58.14,0.0,2.21,60.78,-14.34538,-70.0321,4130
Crucero,2024-08-14,5.77,15.84,-1.71,52.87,0.0,1.42,60.79,-14.34538,-70.0321,4130
Crucero,2024-08-15,4.84,14.94,-3.66,69.53,0.0,2.84,60.85,-14.34538,-70.0321,4130
Crucero,2024-08-16,4.96,14.34,-2.43,68.44,0.0,3.18,60.85,-14.34538,-70.0321,4130
Crucero,2024-08-17,4.73,14.01,-3.78,69.17,0.0,3.19,60.83,-14.34538,-70.0321,4130
Crucero,2024-08-18,6.22,15.4,-2.38,66.29,0.0,1.8,60.8,-14.34538,-70.0321,4130
Crucero,2024-08-19,6.86,14.99,0.57,73.07,0.0,3.02,60.83,-14.34538,-70.0321,4130
Crucero,2024-08-20,7.2,15.32,1.64,68.14,0.0,3.81,60.82,-14.34538,-70.0321,4130
Crucero,2024-08-21,7.1,17.09,-1.32,65.11,0.0,3.15,60.78,-14.34538,-70.0321,4130
Crucero,2024-08-22,8.11,18.56,0.41,59.8,0.0,1.71,60.74,-14.34538,-70.0321,4130
Crucero,2024-08-23,6.72,18.16,-4.8,56.72,0.0,2.0,60.75,-14.34538,-70.0321,4130
Crucero,2024-08-24,7.5,17.18,-0.64,69.46,0.47,2.33,60.82,-14.34538,-70.0321,4130
Crucero,2024-08-25,7.5,15.13,2.28,71.24,0.04,2.5,60.89,-14.34538,-70.0321,4130
Crucero,2024-08-26,7.62,15.75,1.52,64.85,0.0,1.67,60.83,-14.34538,-70.0321,4130
Crucero,2024-08-27,6.8,15.73,-0.28,62.25,0.0,2.04,60.82,-14.34538,-70.0321,4130
Crucero,2024-08-28,5.84,16.37,-2.46,67.78,0.0,2.88,60.81,-14.34538,-70.0321,4130
Crucero,2024-08-29,5.82,15.97,-3.71,63.37,0.0,2.98,60.83,-14.34538,-70.0321,4130
Crucero,2024-08-30,6.29,15.86,-1.4,67.7,0.0,2.85,60.8,-14.34538,-70.0321,4130
Crucero,2024-08-31,5.42,14.36,-0.82,68.94,0.0,4.0,60.8,-14.34538,-70.0321,4130
Crucero,2024-09-01,4.82,12.81,-1.8,74.31,0.0,3.92,60.84,-14.34538,-70.0321,4130
Crucero,2024-09-02,6.14,14.41,0.12,65.14,0.0,2.06,60.77,-14.34538,-70.0321,4130
Crucero,2024-09-03,6.72,16.3,-1.75,58.31,1.92,1.66,60.73,-14.34538,-70.0321,4130
Crucero,2024-09-04,7.79,17.55,0.65,65.22,0.13,2.38,60.8,-14.34538,-70.0321,4130
Crucero,2024-09-05,6.65,14.53,1.74,69.85,0.0,3.17,60.87,-14.34538,-70.0321,4130
Crucero,2024-09-06,6.26,14.57,0.56,70.75,0.0,2.26,60.76,-14.34538,-70.0321,4130
Crucero,2024-09-07,6.09,13.97,0.52,69.74,0.0,2.34,60.75,-14.34538,-70.0321,4130
Crucero,2024-09-08,6.29,14.31,0.1,70.99,0.0,2.22,60.87,-14.34538,-70.0321,4130
Crucero,2024-09-09,6.45,14.12,0.11,70.69,0.0,2.11,60.93,-14.34538,-70.0321,4130
Crucero,2024-09-10,7.29,16.06,1.54,62.3,0.0,2.6,60.83,-14.34538,-70.0321,4130
Crucero,2024-09-11,7.71,17.32,-1.16,63.85,0.0,2.42,60.72,-14.34538,-70.0321,4130
Crucero,2024-09-12,7.63,15.74,2.09,67.39,0.0,3.25,60.75,-14.34538,-70.0321,4130
Crucero,2024-09-13,7.8,15.48,2.68,69.93,0.0,2.75,60.75,-14.34538,-70.0321,4130
Crucero,2024-09-14,7.51,17.13,1.46,66.83,0.77,2.87,60.75,-14.34538,-70.0321,4130
Crucero,2024-09-15,5.48,12.54,1.48,76.07,0.87,2.55,60.77,-14.34538,-70.0321,4130
Crucero,2024-09-16,5.24,11.77,1.66,76.7,1.93,2.18,60.84,-14.34538,-70.0321,4130
Crucero,2024-09-17,7.62,16.07,1.07,67.74,0.1,1.99,60.79,-14.34538,-70.0321,4130
Crucero,2024-09-18,6.2,14.34,1.43,74.45,4.18,2.06,60.76,-14.34538,-70.0321,4130
Crucero,2024-09-19,6.14,14.54,0.8,74.66,1.63,1.88,60.71,-14.34538,-70.0321,4130
Crucero,2024-09-20,8.22,17.23,-0.48,67.04,0.0,2.62,60.67,-14.34538,-70.0321,4130
Crucero,2024-09-21,7.01,13.17,3.02,76.93,0.0,3.42,60.72,-14.34538,-70.0321,4130
Crucero,2024-09-22,7.62,16.74,1.58,69.14,0.0,3.01,60.76,-14.34538,-70.0321,4130
Crucero,2024-09-23,7.76,16.2,2.02,68.47,0.28,3.29,60.78,-14.34538,-70.0321,4130
Crucero,2024-09-24,7.59,15.97,2.1,69.54,0.07,2.6,60.78,-14.34538,-70.0321,4130
Crucero,2024-09-25,5.25,9.88,1.62,76.97,0.01,1.56,60.76,-14.34538,-70.0321,4130
Crucero,2024-09-26,5.0,14.31,1.05,79.91,4.58,2.36,60.74,-14.34538,-70.0321,4130
Crucero,2024-09-27,5.83,13.1,-0.68,75.3,0.87,1.59,60.78,-14.34538,-70.0321,4130
Crucero,2024-09-28,7.25,14.93,1.44,70.95,0.0,2.31,60.75,-14.34538,-70.0321,4130
Crucero,2024-09-29,7.2,15.1,0.49,72.04,0.0,2.48,60.77,-14.34538,-70.0321,4130
Crucero,2024-09-30,7.18,15.24,2.28,72.84,0.04,2.87,60.78,-14.34538,-70.0321,4130
Crucero,2024-10-01,8.42,17.19,2.02,71.31,0.01,2.88,60.78,-14.34538,-70.0321,4130
Crucero,2024-10-02,9.24,18.79,3.12,66.97,0.0,3.3,60.79,-14.34538,-70.0321,4130
Crucero,2024-10-03,7.92,14.1,4.2,75.05,0.37,4.5,60.8,-14.34538,-70.0321,4130
Crucero,2024-10-04,6.92,15.28,1.73,72.09,0.05,3.98,60.93,-14.34538,-70.0321,4130
Crucero,2024-10-05,6.53,15.62,-2.37,67.72,0.0,3.64,60.94,-14.34538,-70.0321,4130
Crucero,2024-10-06,5.86,14.22,-1.22,70.46,0.0,4.07,60.88,-14.34538,-70.0321,4130
Crucero,2024-10-07,7.23,16.64,-0.34,66.41,0.0,3.55,60.74,-14.34538,-70.0321,4130
Crucero,2024-10-08,5.85,12.94,1.89,72.43,3.23,2.35,60.71,-14.34538,-70.0321,4130
Crucero,2024-10-09,6.13,14.02,0.88,75.36,1.06,2.27,60.74,-14.34538,-70.0321,4130
Crucero,2024-10-10,8.1,18.18,0.69,52.97,0.12,1.2,60.69,-14.34538,-70.0321,4130
Crucero,2024-10-11,8.18,15.86,1.44,52.21,0.01,1.93,60.67,-14.34538,-70.0321,4130
Crucero,2024-10-12,4.87,9.57,0.69,80.74,0.0,2.47,60.75,-14.34538,-70.0321,4130
Crucero,2024-10-13,5.6,13.64,-0.47,74.32,0.0,2.86,60.92,-14.34538,-70.0321,4130
Crucero,2024-10-14,5.74,13.24,1.56,74.03,0.0,3.28,61.0,-14.34538,-70.0321,4130
Crucero,2024-10-15,6.15,13.88,1.18,74.08,0.94,1.57,60.87,-14.34538,-70.0321,4130
Crucero,2024-10-16,7.22,14.97,1.54,71.03,2.89,2.44,60.77,-14.34538,-70.0321,4130
Crucero,2024-10-17,8.26,18.15,1.21,61.81,0.57,2.57,60.7,-14.34538,-70.0321,4130
Crucero,2024-10-18,8.74,18.75,-0.23,53.5,0.16,1.55,60.64,-14.34538,-70.0321,4130
Crucero,2024-10-19,8.68,18.31,-2.15,48.93,0.24,1.95,60.58,-14.34538,-70.0321,4130
Crucero,2024-10-20,9.95,18.65,2.88,66.12,0.09,2.34,60.49,-14.34538,-70.0321,4130
Crucero,2024-10-21,9.49,17.17,5.15,69.52,0.01,3.72,60.52,-14.34538,-70.0321,4130
Crucero,2024-10-22,6.65,14.35,3.9,77.07,1.58,2.5,60.68,-14.34538,-70.0321,4130
Crucero,2024-10-23,8.19,15.88,1.51,68.7,0.51,1.28,60.67,-14.34538,-70.0321,4130
Crucero,2024-10-24,8.14,15.14,4.3,73.3,0.3,2.41,60.62,-14.34538,-70.0321,4130
Crucero,2024-10-25,8.34,17.03,3.3,67.79,2.04,2.58,60.64,-14.34538,-70.0321,4130
Crucero,2024-10-26,6.01,13.61,1.9,77.99,3.12,1.71,60.7,-14.34538,-70.0321,4130
Crucero,2024-10-27,7.25,12.88,1.88,68.74,0.74,1.76,60.74,-14.34538,-70.0321,4130
Crucero,2024-10-28,8.36,16.37,2.97,70.37,0.0,3.34,60.75,-14.34538,-70.0321,4130
Crucero,2024-10-29,7.84,15.41,3.74,74.61,5.78,3.4,60.79,-14.34538,-70.0321,4130
Crucero,2024-10-30,6.15,12.05,2.33,79.09,1.36,2.12,60.76,-14.34538,-70.0321,4130
Crucero,2024-10-31,7.72,15.42,1.7,69.17,0.31,1.91,60.57,-14.34538,-70.0321,4130
Crucero,2024-11-01,8.84,18.56,0.24,52.4,0.02,1.91,60.49,-14.34538,-70.0321,4130
Crucero,2024-11-02,9.32,19.19,-1.09,53.94,0.01,2.19,60.55,-14.34538,-70.0321,4130
Crucero,2024-11-03,7.83,15.27,2.65,68.5,0.0,2.54,60.61,-14.34538,-70.0321,4130
Crucero,2024-11-04,7.01,13.73,1.75,72.15,0.48,2.25,60.64,-14.34538,-70.0321,4130
Crucero,2024-11-05,8.44,17.43,3.19,69.97,0.17,2.26,60.62,-14.34538,-70.0321,4130
Crucero,2024-11-06,7.63,16.98,1.78,70.27,1.24,2.13,60.58,-14.34538,-70.0321,4130
Crucero,2024-11-07,9.53,18.19,2.29,63.78,0.65,2.45,60.54,-14.34538,-70.0321,4130
Crucero,2024-11-08,8.68,16.72,2.86,64.44,0.38,2.28,60.6,-14.34538,-70.0321,4130
Crucero,2024-11-09,8.03,16.4,0.39,65.47,0.01,3.81,60.65,-14.34538,-70.0321,4130
Crucero,2024-11-10,6.96,13.63,2.01,71.61,1.3,1.77,60.68,-14.34538,-70.0321,4130
Crucero,2024-11-11,9.65,18.3,2.57,66.17,0.01,3.17,60.6,-14.34538,-70.0321,4130
Crucero,2024-11-12,6.38,11.46,2.56,80.35,2.59,3.41,60.52,-14.34538,-70.0321,4130
Crucero,2024-11-13,6.53,14.99,1.15,77.55,5.2,2.54,60.51,-14.34538,-70.0321,4130
Crucero,2024-11-14,7.75,16.33,1.88,73.35,0.32,2.62,60.49,-14.34538,-70.0321,4130
Crucero,2024-11-15,6.43,13.53,2.12,78.75,3.61,2.84,60.49,-14.34538,-70.0321,4130
Crucero,2024-11-16,6.78,15.66,1.24,74.71,16.67,1.94,60.51,-14.34538,-70.0321,4130
Crucero,2024-11-17,2.86,7.08,-1.61,87.61,19.33,1.35,60.61,-14.34538,-70.0321,4130
Crucero,2024-11-18,5.39,13.7,-0.61,79.17,1.72,1.67,60.56,-14.34538,-70.0321,4130
Crucero,2024-11-19,5.99,12.46,0.17,75.04,1.89,1.7,60.59,-14.34538,-70.0321,4130
Crucero,2024-11-20,7.27,13.73,2.05,77.57,0.92,2.1,60.66,-14.34538,-70.0321,4130
Crucero,2024-11-21,6.54,10.8,3.32,80.48,17.98,3.08,60.71,-14.34538,-70.0321,4130
Crucero,2024-11-22,6.46,12.33,2.31,80.56,11.98,2.95,60.69,-14.34538,-70.0321,4130
Crucero,2024-11-23,5.99,14.26,1.07,79.77,9.6,2.19,60.67,-14.34538,-70.0321,4130
Crucero,2024-11-24,6.79,13.34,1.76,80.69,3.37,2.83,60.7,-14.34538,-70.0321,4130
Crucero,2024-11-25,7.95,16.29,0.18,74.4,0.21,2.23,60.77,-14.34538,-70.0321,4130
Crucero,2024-11-26,9.63,17.52,3.9,72.24,0.03,2.02,60.72,-14.34538,-70.0321,4130
Crucero,2024-11-27,8.68,14.97,3.46,69.66,0.0,2.59,60.63,-14.34538,-70.0321,4130
Crucero,2024-11-28,8.61,16.06,2.93,74.66,0.49,2.43,60.61,-14.34538,-70.0321,4130
Crucero,2024-11-29,7.73,14.72,3.31,74.05,1.19,3.29,60.69,-14.34538,-70.0321,4130
Crucero,2024-11-30,7.4,14.75,1.63,73.65,0.49,3.35,60.76,-14.34538,-70.0321,4130
Crucero,2024-12-01,8.4,14.71,1.71,68.82,0.25,1.51,60.68,-14.34538,-70.0321,4130
Crucero,2024-12-02,8.12,12.61,3.82,75.17,0.26,1.6,60.58,-14.34538,-70.0321,4130
Crucero,2024-12-03,5.65,10.61,1.81,79.04,1.12,2.09,60.63,-14.34538,-70.0321,4130
Crucero,2024-12-04,7.57,13.92,2.33,75.82,0.91,1.42,60.62,-14.34538,-70.0321,4130
Crucero,2024-12-05,5.61,9.21,2.12,78.27,0.26,1.08,60.56,-14.34538,-70.0321,4130
Crucero,2024-12-06,7.88,13.64,2.58,75.41,0.01,1.4,60.51,-14.34538,-70.0321,4130
Crucero,2024-12-07,6.84,11.43,3.8,81.47,0.09,2.48,60.58,-14.34538,-70.0321,4130
Crucero,2024-12-08,6.08,12.64,2.57,81.6,1.64,2.61,60.65,-14.34538,-70.0321,4130
Crucero,2024-12-09,7.71,15.86,0.87,73.83,3.21,2.01,60.66,-14.34538,-70.0321,4130
Crucero,2024-12-10,8.37,15.08,2.94,73.3,0.83,3.15,60.7,-14.34538,-70.0321,4130
Crucero,2024-12-11,7.93,15.37,2.62,73.54,2.39,3.18,60.71,-14.34538,-70.0321,4130
Crucero,2024-12-12,6.88,12.47,2.59,75.69,3.18,2.32,60.65,-14.34538,-70.0321,4130
Crucero,2024-12-13,7.64,15.46,0.37,73.33,2.96,1.77,60.55,-14.34538,-70.0321,4130
Crucero,2024-12-14,8.8,15.26,4.37,71.0,0.61,2.1,60.56,-14.34538,-70.0321,4130
Crucero,2024-12-15,5.55,8.7,2.04,85.21,0.11,2.91,60.58,-14.34538,-70.0321,4130
Crucero,2024-12-16,6.33,13.83,0.47,75.12,0.0,2.92,60.71,-14.34538,-70.0321,4130
Crucero,2024-12-17,7.45,15.01,2.96,75.04,0.43,3.63,60.75,-14.34538,-70.0321,4130
Crucero,2024-12-18,6.81,12.73,1.74,78.04,1.18,2.63,60.69,-14.34538,-70.0321,4130
Crucero,2024-12-19,6.82,13.02,1.41,73.25,0.14,1.94,60.67,-14.34538,-70.0321,4130
Crucero,2024-12-20,6.36,12.33,1.63,77.16,0.58,1.64,60.65,-14.34538,-70.0321,4130
Crucero,2024-12-21,7.54,14.47,1.4,72.86,6.36,2.51,60.64,-14.34538,-70.0321,4130
Crucero,2024-12-22,5.59,10.16,1.72,85.93,4.48,1.23,60.71,-14.34538,-70.0321,4130
Crucero,2024-12-23,7.1,13.16,2.64,79.26,0.63,1.61,60.72,-14.34538,-70.0321,4130
Crucero,2024-12-24,9.37,18.47,-0.47,66.16,0.01,2.42,60.6,-14.34538,-70.0321,4130
Crucero,2024-12-25,4.98,7.72,-0.3,89.79,0.38,2.34,60.59,-14.34538,-70.0321,4130
Crucero,2024-12-26,8.09,18.27,-0.83,65.92,0.02,1.95,60.54,-14.34538,-70.0321,4130
Crucero,2024-12-27,8.0,16.51,0.48,70.06,0.54,2.13,60.63,-14.34538,-70.0321,4130
Crucero,2024-12-28,7.62,14.36,3.57,76.12,0.7,1.98,60.72,-14.34538,-70.0321,4130
Crucero,2024-12-29,8.29,15.94,3.49,72.99,1.21,3.48,60.67,-14.34538,-70.0321,4130
Crucero,2024-12-30,7.85,16.81,1.35,67.51,0.29,3.17,60.62,-14.34538,-70.0321,4130
Crucero,2024-12-31,6.52,15.56,-1.82,67.81,0.0,2.62,60.62,-14.34538,-70.0321,4130
