station,date,tmean,tmax,tmin,rh,precip,wind,pressure,latitude,longitude,elevation
Crucero_Alto,2000-01-01,5.75,11.41,1.39,75.06,9.92,2.59,60.0,-15.77948,-70.91799,4470
Crucero_Alto,2000-01-02,7.02,13.27,2.59,69.19,1.91,1.58,60.0,-15.77948,-70.91799,4470
Crucero_Alto,2000-01-03,6.6,13.92,0.92,70.23,0.03,2.22,59.99,-15.77948,-70.91799,4470
Crucero_Alto,2000-01-04,6.96,16.6,-1.34,60.54,0.12,2.84,59.95,-15.77948,-70.91799,4470
Crucero_Alto,2000-01-05,6.08,14.69,1.01,59.38,1.19,2.14,59.96,-15.77948,-70.91799,4470
Crucero_Alto,2000-01-06,6.93,14.2,0.17,65.61,0.57,3.18,59.97,-15.77948,-70.91799,4470
Crucero_Alto,2000-01-07,7.89,15.76,1.95,61.55,1.13,2.38,59.98,-15.77948,-70.91799,4470
Crucero_Alto,2000-01-08,7.56,15.95,1.32,63.26,6.13,1.98,59.99,-15.77948,-70.91799,4470
Crucero_Alto,2000-01-09,8.21,16.35,1.98,60.2,1.59,3.06,60.0,-15.77948,-70.91799,4470
Crucero_Alto,2000-01-10,7.6,14.83,1.78,67.02,18.68,2.7,60.01,-15.77948,-70.91799,4470
Crucero_Alto,2000-01-11,7.88,15.24,2.56,65.06,2.0,3.0,59.98,-15.77948,-70.91799,4470
Crucero_Alto,2000-01-12,8.39,15.73,1.62,65.12,1.86,2.64,59.96,-15.77948,-70.91799,4470
Crucero_Alto,2000-01-13,8.61,15.89,2.61,66.48,10.69,2.6,59.97,-15.77948,-70.91799,4470
Crucero_Alto,2000-01-14,7.4,14.25,3.02,69.52,5.96,1.99,59.96,-15.77948,-70.91799,4470
Crucero_Alto,2000-01-15,4.57,10.95,0.16,76.43,11.48,2.47,59.9,-15.77948,-70.91799,4470
Crucero_Alto,2000-01-16,3.51,8.75,-0.69,74.61,3.32,2.34,59.89,-15.77948,-70.91799,4470
Crucero_Alto,2000-01-17,5.84,15.09,-0.71,72.65,2.88,1.91,59.93,-15.77948,-70.91799,4470
Crucero_Alto,2000-01-18,7.73,15.87,1.61,67.37,2.11,3.8,60.2,-15.77948,-70.91799,4470
Crucero_Alto,2000-01-19,6.03,12.8,1.8,72.26,2.19,4.99,60.24,-15.77948,-70.91799,4470
Crucero_Alto,2000-01-20,7.96,14.6,2.03,64.66,0.7,2.58,60.12,-15.77948,-70.91799,4470
Crucero_Alto,2000-01-21,7.23,13.99,2.34,70.47,7.71,2.77,60.07,-15.77948,-70.91799,4470
Crucero_Alto,2000-01-22,5.92,11.93,1.61,73.2,0.54,1.9,60.06,-15.77948,-70.91799,4470
Crucero_Alto,2000-01-23,6.87,15.91,1.07,68.57,0.45,1.61,60.04,-15.77948,-70.91799,4470
Crucero_Alto,2000-01-24,6.81,15.02,0.93,71.28,1.29,2.24,60.05,-15.77948,-70.91799,4470
Crucero_Alto,2000-01-25,6.3,13.43,1.64,74.17,3.19,2.47,60.05,-15.77948,-70.91799,4470
Crucero_Alto,2000-01-26,7.35,14.39,1.3,66.8,1.35,2.7,60.08,-15.77948,-70.91799,4470
Crucero_Alto,2000-01-27,7.09,15.44,1.7,71.44,2.53,2.3,60.12,-15.77948,-70.91799,4470
Crucero_Alto,2000-01-28,6.73,16.13,0.48,70.67,4.35,2.67,60.05,-15.77948,-70.91799,4470
Crucero_Alto,2000-01-29,6.1,16.33,0.62,72.36,0.81,2.54,59.97,-15.77948,-70.91799,4470
Crucero_Alto,2000-01-30,5.6,14.04,1.05,73.76,3.45,1.95,60.08,-15.77948,-70.91799,4470
Crucero_Alto,2000-01-31,6.79,11.67,2.04,69.27,0.17,1.61,60.22,-15.77948,-70.91799,4470
Crucero_Alto,2000-02-01,7.98,16.64,2.09,66.59,0.59,1.66,60.25,-15.77948,-70.91799,4470
Crucero_Alto,2000-02-02,5.97,14.39,1.27,73.19,3.9,3.11,60.18,-15.77948,-70.91799,4470
Crucero_Alto,2000-02-03,6.45,15.34,-0.76,66.88,1.28,3.5,60.07,-15.77948,-70.91799,4470
Crucero_Alto,2000-02-04,5.65,17.22,-3.56,62.24,0.27,3.39,60.06,-15.77948,-70.91799,4470
Crucero_Alto,2000-02-05,5.97,17.72,-2.14,62.64,7.84,3.09,60.16,-15.77948,-70.91799,4470
Crucero_Alto,2000-02-06,7.24,16.85,-2.1,54.17,0.07,1.58,60.17,-15.77948,-70.91799,4470
Crucero_Alto,2000-02-07,6.75,16.32,1.39,71.0,2.02,1.91,60.19,-15.77948,-70.91799,4470
Crucero_Alto,2000-02-08,6.94,16.44,0.97,64.18,0.27,2.1,60.15,-15.77948,-70.91799,4470
Crucero_Alto,2000-02-09,5.41,13.92,0.58,72.15,0.84,2.05,60.09,-15.77948,-70.91799,4470
Crucero_Alto,2000-02-10,5.08,14.1,-1.44,72.5,17.42,1.61,60.04,-15.77948,-70.91799,4470
Crucero_Alto,2000-02-11,6.06,11.9,2.06,74.85,0.71,2.61,60.03,-15.77948,-70.91799,4470
Crucero_Alto,2000-02-12,5.36,13.45,1.09,74.7,0.07,2.91,60.02,-15.77948,-70.91799,4470
Crucero_Alto,2000-02-13,6.8,14.74,0.62,66.0,0.01,2.4,60.02,-15.77948,-70.91799,4470
Crucero_Alto,2000-02-14,6.84,13.15,2.62,71.75,1.01,3.44,60.12,-15.77948,-70.91799,4470
Crucero_Alto,2000-02-15,6.95,14.2,1.59,69.27,0.42,2.81,60.16,-15.77948,-70.91799,4470
Crucero_Alto,2000-02-16,6.14,12.4,0.69,72.28,5.95,3.31,60.17,-15.77948,-70.91799,4470
Crucero_Alto,2000-02-17,6.18,13.54,0.27,71.75,2.18,3.3,60.12,-15.77948,-70.91799,4470
Crucero_Alto,2000-02-18,6.95,14.54,0.45,69.29,0.65,2.49,60.08,-15.77948,-70.91799,4470
Crucero_Alto,2000-02-19,7.28,14.95,0.93,69.39,2.69,2.36,60.12,-15.77948,-70.91799,4470
Crucero_Alto,2000-02-20,7.04,13.48,1.8,72.92,9.61,2.46,60.15,-15.77948,-70.91799,4470
Crucero_Alto,2000-02-21,7.57,15.11,1.86,69.73,1.48,2.47,60.1,-15.77948,-70.91799,4470
Crucero_Alto,2000-02-22,6.34,14.45,1.18,74.62,13.64,2.06,60.08,-15.77948,-70.91799,4470
Crucero_Alto,2000-02-23,6.82,15.51,0.57,73.75,4.94,2.14,60.05,-15.77948,-70.91799,4470
Crucero_Alto,2000-02-24,7.59,14.44,2.59,74.81,2.82,2.68,60.03,-15.77948,-70.91799,4470
Crucero_Alto,2000-02-25,7.51,15.13,2.36,74.83,11.1,1.85,60.02,-15.77948,-70.91799,4470
Crucero_Alto,2000-02-26,6.93,13.84,2.66,73.84,5.8,1.55,60.09,-15.77948,-70.91799,4470
Crucero_Alto,2000-02-27,7.2,15.54,0.6,71.34,1.72,2.09,60.07,-15.77948,-70.91799,4470
Crucero_Alto,2000-02-28,7.27,13.13,2.95,75.7,1.48,2.08,60.04,-15.77948,-70.91799,4470
Crucero_Alto,2000-02-29,7.37,15.36,2.82,72.77,1.3,2.41,60.18,-15.77948,-70.91799,4470
Crucero_Alto,2000-03-01,7.1,14.93,2.95,76.01,7.37,1.5,60.22,-15.77948,-70.91799,4470
Crucero_Alto,2000-03-02,8.28,15.79,3.29,70.54,7.79,1.86,60.13,-15.77948,-70.91799,4470
Crucero_Alto,2000-03-03,8.67,16.82,2.22,69.31,8.65,1.53,60.07,-15.77948,-70.91799,4470
Crucero_Alto,2000-03-04,7.32,13.0,4.03,77.18,2.27,1.43,60.09,-15.77948,-70.91799,4470
Crucero_Alto,2000-03-05,8.01,15.4,2.29,73.38,5.46,2.81,60.13,-15.77948,-70.91799,4470
Crucero_Alto,2000-03-06,7.12,12.46,3.58,78.57,3.27,2.31,60.19,-15.77948,-70.91799,4470
Crucero_Alto,2000-03-07,7.42,14.03,3.23,75.69,3.71,2.61,60.15,-15.77948,-70.91799,4470
Crucero_Alto,2000-03-08,6.71,15.46,1.56,75.2,0.66,1.68,60.02,-15.77948,-70.91799,4470
Crucero_Alto,2000-03-09,5.63,15.35,-0.05,75.4,5.39,2.18,60.01,-15.77948,-70.91799,4470
Crucero_Alto,2000-03-10,5.11,13.61,-0.23,72.89,6.45,2.47,60.11,-15.77948,-70.91799,4470
Crucero_Alto,2000-03-11,3.41,9.3,-0.94,75.67,14.55,1.78,60.11,-15.77948,-70.91799,4470
Crucero_Alto,2000-03-12,4.34,14.44,-3.74,72.1,11.42,2.0,60.04,-15.77948,-70.91799,4470
Crucero_Alto,2000-03-13,3.91,14.38,-4.16,61.54,0.14,3.37,60.05,-15.77948,-70.91799,4470
Crucero_Alto,2000-03-14,5.12,16.9,-5.35,53.18,0.53,1.35,60.0,-15.77948,-70.91799,4470
Crucero_Alto,2000-03-15,5.53,15.75,-2.28,66.31,5.25,2.26,60.03,-15.77948,-70.91799,4470
Crucero_Alto,2000-03-16,3.65,12.04,-2.83,66.99,0.01,2.51,60.1,-15.77948,-70.91799,4470
Crucero_Alto,2000-03-17,5.49,15.64,-2.92,66.44,0.01,1.7,60.04,-15.77948,-70.91799,4470
Crucero_Alto,2000-03-18,6.62,13.51,1.98,72.03,2.61,1.44,60.0,-15.77948,-70.91799,4470
Crucero_Alto,2000-03-19,6.14,13.93,1.79,76.33,1.61,1.86,59.96,-15.77948,-70.91799,4470
Crucero_Alto,2000-03-20,5.05,10.37,0.6,80.11,0.31,1.69,60.0,-15.77948,-70.91799,4470
Crucero_Alto,2000-03-21,6.99,14.35,1.79,73.87,1.02,2.33,60.12,-15.77948,-70.91799,4470
Crucero_Alto,2000-03-22,6.59,13.35,1.7,73.78,0.57,2.8,60.17,-15.77948,-70.91799,4470
Crucero_Alto,2000-03-23,6.46,13.77,1.27,76.3,1.97,2.59,60.07,-15.77948,-70.91799,4470
Crucero_Alto,2000-03-24,6.1,13.86,-0.33,75.45,5.67,3.69,60.13,-15.77948,-70.91799,4470
Crucero_Alto,2000-03-25,5.98,14.23,-0.05,69.21,0.86,3.11,60.28,-15.77948,-70.91799,4470
Crucero_Alto,2000-03-26,6.41,15.46,-1.32,70.12,0.14,1.87,60.19,-15.77948,-70.91799,4470
Crucero_Alto,2000-03-27,6.1,13.24,0.77,71.81,0.01,2.19,60.11,-15.77948,-70.91799,4470
Crucero_Alto,2000-03-28,6.27,14.73,-0.13,69.42,0.0,2.65,60.14,-15.77948,-70.91799,4470
Crucero_Alto,2000-03-29,5.85,13.64,1.43,74.61,0.04,1.06,60.18,-15.77948,-70.91799,4470
Crucero_Alto,2000-03-30,6.22,13.7,2.21,72.94,0.01,1.22,60.07,-15.77948,-70.91799,4470
Crucero_Alto,2000-03-31,5.25,10.97,1.63,73.93,0.0,1.97,60.05,-15.77948,-70.91799,4470
Crucero_Alto,2000-04-01,5.62,13.86,0.28,73.88,0.0,2.03,60.13,-15.77948,-70.91799,4470
Crucero_Alto,2000-04-02,5.85,13.89,0.11,68.15,0.0,2.35,60.27,-15.77948,-70.91799,4470
Crucero_Alto,2000-04-03,6.48,15.07,0.59,67.34,0.0,2.12,60.25,-15.77948,-70.91799,4470
Crucero_Alto,2000-04-04,5.96,14.86,-0.38,67.97,0.28,2.29,60.25,-15.77948,-70.91799,4470
Crucero_Alto,2000-04-05,4.99,14.22,-1.66,66.82,0.4,2.54,60.3,-15.77948,-70.91799,4470
Crucero_Alto,2000-04-06,6.13,15.23,-2.39,66.74,0.06,1.98,60.28,-15.77948,-70.91799,4470
Crucero_Alto,2000-04-07,7.83,16.54,1.11,67.82,0.0,1.01,60.16,-15.77948,-70.91799,4470
Crucero_Alto,2000-04-08,7.32,15.25,2.58,70.24,0.0,2.37,60.15,-15.77948,-70.91799,4470
Crucero_Alto,2000-04-09,6.29,13.94,0.81,71.44,0.18,2.75,60.22,-15.77948,-70.91799,4470
Crucero_Alto,2000-04-10,5.92,14.67,-0.23,68.87,0.01,2.83,60.28,-15.77948,-70.91799,4470
Crucero_Alto,2000-04-11,5.27,14.2,-3.19,63.92,0.08,2.52,60.32,-15.77948,-70.91799,4470
Crucero_Alto,2000-04-12,6.58,15.39,0.07,69.66,0.02,1.53,60.23,-15.77948,-70.91799,4470
Crucero_Alto,2000-04-13,5.91,14.24,0.69,70.0,0.0,2.17,60.13,-15.77948,-70.91799,4470
Crucero_Alto,2000-04-14,5.55,14.01,-1.87,62.18,0.0,1.51,60.15,-15.77948,-70.91799,4470
Crucero_Alto,2000-04-15,5.92,14.37,-0.53,71.69,0.13,0.72,60.22,-15.77948,-70.91799,4470
Crucero_Alto,2000-04-16,4.73,11.49,-0.52,80.48,2.87,1.62,60.25,-15.77948,-70.91799,4470
Crucero_Alto,2000-04-17,4.62,15.68,-3.37,58.34,0.02,2.21,60.18,-15.77948,-70.91799,4470
Crucero_Alto,2000-04-18,3.69,15.98,-5.72,50.37,0.04,1.89,60.15,-15.77948,-70.91799,4470
Crucero_Alto,2000-04-19,6.26,14.82,-0.64,52.35,0.22,0.74,60.16,-15.77948,-70.91799,4470
Crucero_Alto,2000-04-20,6.65,13.45,0.96,57.15,0.0,0.95,60.22,-15.77948,-70.91799,4470
Crucero_Alto,2000-04-21,5.81,14.52,-0.26,70.31,7.93,1.42,60.2,-15.77948,-70.91799,4470
Crucero_Alto,2000-04-22,5.82,13.3,0.24,72.62,5.12,1.56,60.18,-15.77948,-70.91799,4470
Crucero_Alto,2000-04-23,5.93,13.23,0.97,75.65,0.63,1.26,60.22,-15.77948,-70.91799,4470
Crucero_Alto,2000-04-24,6.57,12.95,2.56,71.33,0.09,0.88,60.25,-15.77948,-70.91799,4470
Crucero_Alto,2000-04-25,7.02,16.24,0.2,66.21,0.05,1.05,60.23,-15.77948,-70.91799,4470
Crucero_Alto,2000-04-26,6.05,14.09,-1.03,66.77,0.0,1.1,60.25,-15.77948,-70.91799,4470
Crucero_Alto,2000-04-27,6.6,13.95,1.83,71.85,0.02,1.0,60.31,-15.77948,-70.91799,4470
Crucero_Alto,2000-04-28,6.37,14.17,-0.14,68.13,0.16,1.33,60.36,-15.77948,-70.91799,4470
Crucero_Alto,2000-04-29,5.99,12.94,0.0,69.21,0.08,1.5,60.33,-15.77948,-70.91799,4470
Crucero_Alto,2000-04-30,4.61,15.77,-3.31,61.59,0.0,2.06,60.26,-15.77948,-70.91799,4470
Crucero_Alto,2000-05-01,3.83,15.88,-5.37,45.05,0.0,1.7,60.19,-15.77948,-70.91799,4470
Crucero_Alto,2000-05-02,4.49,16.05,-2.9,42.12,0.0,1.8,60.11,-15.77948,-70.91799,4470
Crucero_Alto,2000-05-03,4.15,14.32,-3.43,65.87,0.0,1.95,60.15,-15.77948,-70.91799,4470
Crucero_Alto,2000-05-04,3.96,11.48,-2.19,70.26,1.56,1.27,60.22,-15.77948,-70.91799,4470
Crucero_Alto,2000-05-05,5.91,14.12,-1.28,57.95,0.14,1.18,60.25,-15.77948,-70.91799,4470
Crucero_Alto,2000-05-06,6.09,13.18,0.42,70.66,0.01,1.38,60.22,-15.77948,-70.91799,4470
Crucero_Alto,2000-05-07,4.83,11.57,1.1,77.99,0.0,0.62,60.23,-15.77948,-70.91799,4470
Crucero_Alto,2000-05-08,6.34,14.01,0.62,69.78,0.0,1.43,60.24,-15.77948,-70.91799,4470
Crucero_Alto,2000-05-09,6.89,15.48,0.66,67.54,0.0,0.79,60.32,-15.77948,-70.91799,4470
Crucero_Alto,2000-05-10,6.79,15.48,0.55,68.79,0.0,1.37,60.39,-15.77948,-70.91799,4470
Crucero_Alto,2000-05-11,6.32,14.41,0.76,71.01,0.0,0.94,60.33,-15.77948,-70.91799,4470
Crucero_Alto,2000-05-12,4.84,12.3,1.0,75.13,0.0,1.18,60.24,-15.77948,-70.91799,4470
Crucero_Alto,2000-05-13,6.02,15.16,-0.87,64.63,0.72,2.39,60.14,-15.77948,-70.91799,4470
Crucero_Alto,2000-05-14,4.46,12.29,-1.99,75.04,1.26,2.32,60.17,-15.77948,-70.91799,4470
Crucero_Alto,2000-05-15,4.33,14.95,-2.96,69.11,0.01,2.84,60.17,-15.77948,-70.91799,4470
Crucero_Alto,2000-05-16,3.85,14.81,-4.07,48.52,0.0,2.16,60.15,-15.77948,-70.91799,4470
Crucero_Alto,2000-05-17,4.61,15.1,-2.48,50.03,0.0,1.68,60.25,-15.77948,-70.91799,4470
Crucero_Alto,2000-05-18,3.63,14.12,-2.84,45.04,0.0,2.31,60.31,-15.77948,-70.91799,4470
Crucero_Alto,2000-05-19,3.07,13.89,-4.05,50.12,0.0,2.53,60.24,-15.77948,-70.91799,4470
Crucero_Alto,2000-05-20,2.83,13.34,-5.48,35.09,0.0,2.02,60.23,-15.77948,-70.91799,4470
Crucero_Alto,2000-05-21,3.7,14.36,-3.03,45.25,0.0,1.83,60.29,-15.77948,-70.91799,4470
Crucero_Alto,2000-05-22,4.55,14.5,-3.64,48.51,0.0,1.38,60.35,-15.77948,-70.91799,4470
Crucero_Alto,2000-05-23,5.76,14.54,-1.94,49.64,0.0,0.71,60.38,-15.77948,-70.91799,4470
Crucero_Alto,2000-05-24,4.79,15.28,-2.81,55.82,0.0,1.15,60.38,-15.77948,-70.91799,4470
Crucero_Alto,2000-05-25,4.71,15.21,-3.65,35.33,0.0,1.65,60.3,-15.77948,-70.91799,4470
Crucero_Alto,2000-05-26,5.37,15.24,-3.04,28.35,0.0,0.87,60.28,-15.77948,-70.91799,4470
Crucero_Alto,2000-05-27,5.22,14.84,-1.51,58.76,0.0,1.11,60.26,-15.77948,-70.91799,4470
Crucero_Alto,2000-05-28,5.29,14.64,-3.16,55.58,0.0,0.75,60.22,-15.77948,-70.91799,4470
Crucero_Alto,2000-05-29,3.66,13.7,-4.28,51.46,0.0,2.12,60.17,-15.77948,-70.91799,4470
Crucero_Alto,2000-05-30,5.03,14.13,-2.35,46.23,0.27,1.22,60.12,-15.77948,-70.91799,4470
Crucero_Alto,2000-05-31,4.21,12.81,-2.2,72.33,0.04,1.77,60.15,-15.77948,-70.91799,4470
Crucero_Alto,2000-06-01,3.36,12.96,-3.02,75.73,0.35,2.54,60.01,-15.77948,-70.91799,4470
Crucero_Alto,2000-06-02,0.74,9.42,-7.17,61.42,0.04,3.91,60.13,-15.77948,-70.91799,4470
Crucero_Alto,2000-06-03,1.58,12.88,-7.22,33.91,0.0,1.62,60.23,-15.77948,-70.91799,4470
Crucero_Alto,2000-06-04,3.4,13.08,-3.78,50.63,0.0,1.71,60.29,-15.77948,-70.91799,4470
Crucero_Alto,2000-06-05,3.46,12.12,-1.49,69.66,0.0,1.53,60.26,-15.77948,-70.91799,4470
Crucero_Alto,2000-06-06,2.9,10.59,-2.54,76.35,0.11,1.75,60.27,-15.77948,-70.91799,4470
Crucero_Alto,2000-06-07,4.09,13.11,-2.29,67.61,0.01,1.79,60.24,-15.77948,-70.91799,4470
Crucero_Alto,2000-06-08,3.75,11.99,-3.32,68.44,2.38,1.74,60.21,-15.77948,-70.91799,4470
Crucero_Alto,2000-06-09,3.05,12.18,-2.89,75.21,4.25,1.29,60.19,-15.77948,-70.91799,4470
Crucero_Alto,2000-06-10,2.78,10.02,-1.95,77.29,0.63,1.91,60.18,-15.77948,-70.91799,4470
Crucero_Alto,2000-06-11,2.74,12.4,-3.15,70.04,0.0,2.49,60.2,-15.77948,-70.91799,4470
Crucero_Alto,2000-06-12,1.3,11.68,-5.49,62.16,0.0,2.72,60.23,-15.77948,-70.91799,4470
Crucero_Alto,2000-06-13,0.39,11.38,-6.2,45.12,0.0,2.45,60.19,-15.77948,-70.91799,4470
Crucero_Alto,2000-06-14,0.68,11.48,-5.81,40.45,0.0,2.59,60.13,-15.77948,-70.91799,4470
Crucero_Alto,2000-06-15,1.48,10.93,-5.38,39.93,0.0,2.5,60.11,-15.77948,-70.91799,4470
Crucero_Alto,2000-06-16,1.91,9.51,-3.58,51.99,0.0,1.74,60.13,-15.77948,-70.91799,4470
Crucero_Alto,2000-06-17,2.22,12.36,-3.94,63.49,0.29,2.18,60.13,-15.77948,-70.91799,4470
Crucero_Alto,2000-06-18,1.19,11.86,-6.03,70.78,0.03,3.01,60.17,-15.77948,-70.91799,4470
Crucero_Alto,2000-06-19,-0.27,10.78,-6.71,48.59,0.0,2.92,60.23,-15.77948,-70.91799,4470
Crucero_Alto,2000-06-20,0.93,10.73,-6.79,28.67,0.0,2.13,60.27,-15.77948,-70.91799,4470
Crucero_Alto,2000-06-21,3.47,12.44,-3.65,31.66,0.0,0.95,60.26,-15.77948,-70.91799,4470
Crucero_Alto,2000-06-22,3.52,13.26,-3.61,47.92,0.0,1.24,60.2,-15.77948,-70.91799,4470
Crucero_Alto,2000-06-23,1.69,11.7,-4.58,51.51,0.0,2.69,60.21,-15.77948,-70.91799,4470
Crucero_Alto,2000-06-24,2.03,12.1,-5.13,42.66,0.0,2.29,60.18,-15.77948,-70.91799,4470
Crucero_Alto,2000-06-25,2.93,12.66,-3.2,47.21,0.0,2.01,60.12,-15.77948,-70.91799,4470
Crucero_Alto,2000-06-26,3.05,13.01,-3.69,53.51,0.0,1.93,60.13,-15.77948,-70.91799,4470
Crucero_Alto,2000-06-27,2.78,12.6,-3.56,58.21,0.0,2.28,60.18,-15.77948,-70.91799,4470
Crucero_Alto,2000-06-28,1.68,11.62,-5.09,54.62,0.0,2.63,60.18,-15.77948,-70.91799,4470
Crucero_Alto,2000-06-29,2.29,12.63,-5.65,28.5,0.0,2.4,60.19,-15.77948,-70.91799,4470
Crucero_Alto,2000-06-30,4.76,13.6,-1.07,22.47,0.0,0.82,60.19,-15.77948,-70.91799,4470
Crucero_Alto,2000-07-01,2.04,12.38,-4.58,34.14,0.0,2.34,60.2,-15.77948,-70.91799,4470
Crucero_Alto,2000-07-02,2.37,11.94,-5.15,23.87,0.0,1.26,60.23,-15.77948,-70.91799,4470
Crucero_Alto,2000-07-03,2.59,11.67,-3.32,53.05,0.04,1.43,60.28,-15.77948,-70.91799,4470
Crucero_Alto,2000-07-04,2.31,10.92,-2.92,63.66,0.0,1.57,60.27,-15.77948,-70.91799,4470
Crucero_Alto,2000-07-05,2.51,11.27,-3.76,63.23,0.01,1.18,60.21,-15.77948,-70.91799,4470
Crucero_Alto,2000-07-06,1.73,11.64,-4.83,67.54,0.0,2.21,60.12,-15.77948,-70.91799,4470
Crucero_Alto,2000-07-07,1.47,11.85,-5.2,61.27,0.0,2.81,60.08,-15.77948,-70.91799,4470
Crucero_Alto,2000-07-08,2.04,12.23,-4.87,57.99,0.0,2.78,60.03,-15.77948,-70.91799,4470
Crucero_Alto,2000-07-09,0.95,10.48,-5.26,67.37,0.02,3.52,60.0,-15.77948,-70.91799,4470
Crucero_Alto,2000-07-10,-0.67,9.05,-7.43,44.56,0.0,3.9,60.1,-15.77948,-70.91799,4470
Crucero_Alto,2000-07-11,1.12,10.98,-7.2,17.39,0.0,1.8,60.17,-15.77948,-70.91799,4470
Crucero_Alto,2000-07-12,1.31,10.49,-4.83,24.7,0.05,1.89,60.24,-15.77948,-70.91799,4470
Crucero_Alto,2000-07-13,1.57,11.76,-4.83,26.76,0.01,1.9,60.28,-15.77948,-70.91799,4470
Crucero_Alto,2000-07-14,0.84,9.89,-5.11,47.3,0.0,2.07,60.27,-15.77948,-70.91799,4470
Crucero_Alto,2000-07-15,0.87,11.24,-6.19,39.26,0.0,2.46,60.26,-15.77948,-70.91799,4470
Crucero_Alto,2000-07-16,1.27,12.07,-5.08,32.69,0.01,2.26,60.18,-15.77948,-70.91799,4470
Crucero_Alto,2000-07-17,0.94,11.37,-5.2,37.36,0.0,2.58,60.1,-15.77948,-70.91799,4470
Crucero_Alto,2000-07-18,1.49,11.08,-4.4,53.08,0.0,2.63,60.05,-15.77948,-70.91799,4470
Crucero_Alto,2000-07-19,1.56,9.91,-4.25,60.3,0.0,2.38,60.08,-15.77948,-70.91799,4470
Crucero_Alto,2000-07-20,1.2,10.62,-4.99,72.69,0.01,3.12,59.98,-15.77948,-70.91799,4470
Crucero_Alto,2000-07-21,0.17,9.43,-5.44,72.5,0.01,3.78,59.89,-15.77948,-70.91799,4470
Crucero_Alto,2000-07-22,-0.51,9.04,-7.37,50.47,0.01,3.95,60.05,-15.77948,-70.91799,4470
Crucero_Alto,2000-07-23,1.04,11.0,-6.97,28.3,0.2,2.57,60.13,-15.77948,-70.91799,4470
Crucero_Alto,2000-07-24,0.82,8.56,-6.07,27.85,0.03,1.96,60.22,-15.77948,-70.91799,4470
Crucero_Alto,2000-07-25,0.65,10.82,-6.53,37.9,0.0,2.12,60.26,-15.77948,-70.91799,4470
Crucero_Alto,2000-07-26,2.54,10.56,-4.14,65.35,0.0,0.75,60.26,-15.77948,-70.91799,4470
Crucero_Alto,2000-07-27,3.44,12.47,-2.82,41.28,0.0,1.2,60.25,-15.77948,-70.91799,4470
Crucero_Alto,2000-07-28,2.95,11.3,-3.51,42.78,0.0,1.18,60.25,-15.77948,-70.91799,4470
Crucero_Alto,2000-07-29,2.4,12.44,-3.81,27.99,0.0,1.8,60.17,-15.77948,-70.91799,4470
Crucero_Alto,2000-07-30,1.84,12.63,-4.62,32.63,0.0,2.56,60.1,-15.77948,-70.91799,4470
Crucero_Alto,2000-07-31,0.42,10.56,-6.01,33.27,0.0,3.05,60.14,-15.77948,-70.91799,4470
Crucero_Alto,2000-08-01,0.44,10.67,-6.28,37.77,0.0,2.96,60.14,-15.77948,-70.91799,4470
Crucero_Alto,2000-08-02,2.54,12.49,-4.79,29.71,0.0,2.02,60.16,-15.77948,-70.91799,4470
Crucero_Alto,2000-08-03,4.28,12.86,-2.51,58.4,0.0,1.13,60.22,-15.77948,-70.91799,4470
Crucero_Alto,2000-08-04,3.99,11.82,-2.08,61.19,0.02,1.11,60.26,-15.77948,-70.91799,4470
Crucero_Alto,2000-08-05,3.91,14.69,-4.43,47.24,0.03,2.06,60.21,-15.77948,-70.91799,4470
Crucero_Alto,2000-08-06,3.97,11.82,-1.73,49.69,0.0,0.71,60.19,-15.77948,-70.91799,4470
Crucero_Alto,2000-08-07,4.5,13.68,-3.37,41.61,0.01,1.87,60.22,-15.77948,-70.91799,4470
Crucero_Alto,2000-08-08,3.19,14.35,-3.92,39.96,0.01,1.94,60.2,-15.77948,-70.91799,4470
Crucero_Alto,2000-08-09,4.0,13.07,-4.95,39.89,0.0,1.12,60.25,-15.77948,-70.91799,4470
Crucero_Alto,2000-08-10,4.34,12.26,-1.04,72.48,0.18,1.52,60.28,-15.77948,-70.91799,4470
Crucero_Alto,2000-08-11,4.24,11.61,0.01,73.26,0.05,1.65,60.31,-15.77948,-70.91799,4470
Crucero_Alto,2000-08-12,4.55,12.7,-2.15,68.07,0.1,0.94,60.24,-15.77948,-70.91799,4470
Crucero_Alto,2000-08-13,4.03,12.89,-1.84,65.89,2.81,1.76,60.18,-15.77948,-70.91799,4470
Crucero_Alto,2000-08-14,4.56,13.51,-3.14,58.41,0.02,1.4,60.24,-15.77948,-70.91799,4470
Crucero_Alto,2000-08-15,4.85,13.84,-1.02,66.51,1.3,2.0,60.3,-15.77948,-70.91799,4470
Crucero_Alto,2000-08-16,3.73,12.73,-3.01,60.46,0.0,2.45,60.27,-15.77948,-70.91799,4470
Crucero_Alto,2000-08-17,4.74,14.5,-4.03,50.61,0.0,1.0,60.23,-15.77948,-70.91799,4470
Crucero_Alto,2000-08-18,3.51,10.63,-0.99,73.82,0.0,1.89,60.3,-15.77948,-70.91799,4470
Crucero_Alto,2000-08-19,4.63,11.98,-0.43,64.86,0.0,1.76,60.3,-15.77948,-70.91799,4470
Crucero_Alto,2000-08-20,3.53,10.22,-0.32,69.53,1.75,1.85,60.26,-15.77948,-70.91799,4470
Crucero_Alto,2000-08-21,3.14,10.85,-3.19,71.57,0.39,1.39,60.2,-15.77948,-70.91799,4470
Crucero_Alto,2000-08-22,4.7,14.35,-3.14,63.06,0.25,2.21,60.18,-15.77948,-70.91799,4470
Crucero_Alto,2000-08-23,5.87,15.19,-3.13,57.15,0.0,2.16,60.14,-15.77948,-70.91799,4470
Crucero_Alto,2000-08-24,5.49,14.71,-2.74,58.98,0.0,1.81,60.14,-15.77948,-70.91799,4470
Crucero_Alto,2000-08-25,5.34,16.93,-3.09,57.83,0.08,3.35,60.08,-15.77948,-70.91799,4470
Crucero_Alto,2000-08-26,4.0,13.43,-4.45,60.43,0.02,2.97,60.1,-15.77948,-70.91799,4470
Crucero_Alto,2000-08-27,3.04,14.12,-4.66,48.39,0.02,3.49,60.17,-15.77948,-70.91799,4470
Crucero_Alto,2000-08-28,2.41,14.13,-6.77,32.05,0.0,3.46,60.16,-15.77948,-70.91799,4470
Crucero_Alto,2000-08-29,2.68,14.14,-6.44,23.37,0.0,3.4,60.1,-15.77948,-70.91799,4470
Crucero_Alto,2000-08-30,4.25,14.96,-3.62,29.11,0.0,2.1,60.09,-15.77948,-70.91799,4470
Crucero_Alto,2000-08-31,5.14,15.21,-2.92,49.14,0.14,2.18,60.17,-15.77948,-70.91799,4470
Crucero_Alto,2000-09-01,4.6,15.4,-3.17,63.79,0.27,3.64,60.12,-15.77948,-70.91799,4470
Crucero_Alto,2000-09-02,3.27,13.7,-3.79,58.35,0.03,3.71,60.08,-15.77948,-70.91799,4470
Crucero_Alto,2000-09-03,2.77,14.35,-4.98,51.65,0.01,3.6,60.13,-15.77948,-70.91799,4470
Crucero_Alto,2000-09-04,2.73,13.26,-6.07,48.3,0.0,3.44,60.16,-15.77948,-70.91799,4470
Crucero_Alto,2000-09-05,2.6,13.92,-5.91,39.51,0.0,3.59,60.17,-15.77948,-70.91799,4470
Crucero_Alto,2000-09-06,3.49,15.35,-4.69,39.55,0.0,3.0,60.14,-15.77948,-70.91799,4470
Crucero_Alto,2000-09-07,3.38,15.24,-4.6,40.68,0.0,3.29,60.07,-15.77948,-70.91799,4470
Crucero_Alto,2000-09-08,3.12,14.65,-6.26,33.05,0.0,2.75,60.0,-15.77948,-70.91799,4470
Crucero_Alto,2000-09-09,2.1,10.97,-4.54,55.03,0.0,2.24,60.04,-15.77948,-70.91799,4470
Crucero_Alto,2000-09-10,1.83,8.87,-4.28,53.85,0.0,2.35,60.13,-15.77948,-70.91799,4470
Crucero_Alto,2000-09-11,3.68,15.21,-4.65,32.31,0.0,2.76,60.11,-15.77948,-70.91799,4470
Crucero_Alto,2000-09-12,4.34,16.26,-4.21,25.0,0.0,2.15,60.17,-15.77948,-70.91799,4470
Crucero_Alto,2000-09-13,5.99,16.8,-3.63,23.52,0.0,0.98,60.22,-15.77948,-70.91799,4470
Crucero_Alto,2000-09-14,7.23,17.33,-1.61,40.81,0.02,0.98,60.25,-15.77948,-70.91799,4470
Crucero_Alto,2000-09-15,5.82,14.44,-0.41,57.77,0.04,1.33,60.26,-15.77948,-70.91799,4470
Crucero_Alto,2000-09-16,6.53,16.58,-2.23,35.84,0.0,1.23,60.25,-15.77948,-70.91799,4470
Crucero_Alto,2000-09-17,6.74,14.67,0.39,61.27,0.0,1.38,60.26,-15.77948,-70.91799,4470
Crucero_Alto,2000-09-18,6.51,15.38,-0.22,62.23,0.0,0.67,60.26,-15.77948,-70.91799,4470
Crucero_Alto,2000-09-19,4.27,10.9,0.41,69.95,0.37,1.75,60.28,-15.77948,-70.91799,4470
Crucero_Alto,2000-09-20,4.71,10.01,-0.47,61.95,0.02,1.88,60.28,-15.77948,-70.91799,4470
Crucero_Alto,2000-09-21,7.3,15.37,-0.02,54.68,0.0,0.73,60.24,-15.77948,-70.91799,4470
Crucero_Alto,2000-09-22,4.75,10.53,0.55,72.04,0.28,2.89,60.21,-15.77948,-70.91799,4470
Crucero_Alto,2000-09-23,4.25,14.95,-3.88,42.84,0.02,3.33,60.19,-15.77948,-70.91799,4470
Crucero_Alto,2000-09-24,5.06,16.04,-5.43,26.51,0.06,1.46,60.13,-15.77948,-70.91799,4470
Crucero_Alto,2000-09-25,7.25,17.9,-0.59,54.43,0.05,3.0,60.15,-15.77948,-70.91799,4470
Crucero_Alto,2000-09-26,5.7,17.01,-3.56,42.88,0.0,2.54,60.27,-15.77948,-70.91799,4470
Crucero_Alto,2000-09-27,5.53,16.98,-3.31,38.01,0.02,1.99,60.28,-15.77948,-70.91799,4470
Crucero_Alto,2000-09-28,5.03,16.65,-5.64,36.24,0.01,1.88,60.22,-15.77948,-70.91799,4470
Crucero_Alto,2000-09-29,6.02,16.89,-4.62,36.11,0.0,1.17,60.17,-15.77948,-70.91799,4470
Crucero_Alto,2000-09-30,6.55,16.09,-0.61,59.73,0.0,2.74,60.24,-15.77948,-70.91799,4470
Crucero_Alto,2000-10-01,5.68,15.64,-3.13,55.31,0.0,2.59,60.35,-15.77948,-70.91799,4470
Crucero_Alto,2000-10-02,7.14,17.17,-2.32,52.54,0.0,1.82,60.33,-15.77948,-70.91799,4470
Crucero_Alto,2000-10-03,7.57,17.37,-0.18,48.09,0.01,1.55,60.2,-15.77948,-70.91799,4470
Crucero_Alto,2000-10-04,6.82,17.24,-1.07,38.3,0.02,1.57,60.12,-15.77948,-70.91799,4470
Crucero_Alto,2000-10-05,6.23,17.35,-4.17,33.75,0.34,1.34,60.14,-15.77948,-70.91799,4470
Crucero_Alto,2000-10-06,5.93,14.25,0.62,60.73,0.12,1.46,60.15,-15.77948,-70.91799,4470
Crucero_Alto,2000-10-07,5.51,14.86,-1.58,61.16,0.01,1.05,60.18,-15.77948,-70.91799,4470
Crucero_Alto,2000-10-08,3.52,9.61,-0.04,71.42,0.08,1.9,60.17,-15.77948,-70.91799,4470
Crucero_Alto,2000-10-09,5.62,14.56,-0.21,65.08,0.07,1.53,60.14,-15.77948,-70.91799,4470
Crucero_Alto,2000-10-10,5.76,12.56,0.47,58.9,3.12,1.19,60.18,-15.77948,-70.91799,4470
Crucero_Alto,2000-10-11,4.73,11.78,0.02,64.51,7.56,1.66,60.15,-15.77948,-70.91799,4470
Crucero_Alto,2000-10-12,5.25,15.52,-4.1,54.85,0.02,2.28,60.16,-15.77948,-70.91799,4470
Crucero_Alto,2000-10-13,5.88,15.59,-1.89,52.51,0.12,1.57,60.2,-15.77948,-70.91799,4470
Crucero_Alto,2000-10-14,4.08,11.32,0.71,69.66,6.12,1.46,60.23,-15.77948,-70.91799,4470
Crucero_Alto,2000-10-15,3.41,9.62,-1.31,70.55,6.87,1.29,60.26,-15.77948,-70.91799,4470
Crucero_Alto,2000-10-16,6.01,14.29,-0.32,61.76,0.11,1.4,60.22,-15.77948,-70.91799,4470
Crucero_Alto,2000-10-17,7.21,15.84,-0.51,52.17,0.02,0.56,60.24,-15.77948,-70.91799,4470
Crucero_Alto,2000-10-18,6.24,15.45,-0.13,63.22,0.01,2.04,60.33,-15.77948,-70.91799,4470
Crucero_Alto,2000-10-19,5.87,14.34,-0.35,67.41,1.03,1.52,60.28,-15.77948,-70.91799,4470
Crucero_Alto,2000-10-20,7.38,15.0,2.07,58.51,0.16,3.17,60.23,-15.77948,-70.91799,4470
Crucero_Alto,2000-10-21,5.01,10.49,0.73,73.42,1.94,2.34,60.18,-15.77948,-70.91799,4470
Crucero_Alto,2000-10-22,5.25,12.18,-2.29,61.78,0.15,1.82,60.11,-15.77948,-70.91799,4470
Crucero_Alto,2000-10-23,6.39,17.7,-4.15,50.24,0.0,1.65,60.09,-15.77948,-70.91799,4470
Crucero_Alto,2000-10-24,6.62,18.0,-2.43,41.68,4.46,1.92,60.0,-15.77948,-70.91799,4470
Crucero_Alto,2000-10-25,4.19,8.52,0.29,53.96,5.57,1.27,60.06,-15.77948,-70.91799,4470
Crucero_Alto,2000-10-26,5.82,13.25,-1.27,60.41,0.79,1.34,60.08,-15.77948,-70.91799,4470
Crucero_Alto,2000-10-27,6.35,13.9,1.83,70.68,0.73,1.89,60.2,-15.77948,-70.91799,4470
Crucero_Alto,2000-10-28,6.17,13.75,0.19,63.53,0.52,1.73,60.23,-15.77948,-70.91799,4470
Crucero_Alto,2000-10-29,8.36,17.85,1.83,55.11,0.72,1.52,60.18,-15.77948,-70.91799,4470
Crucero_Alto,2000-10-30,7.87,18.58,-0.25,46.46,0.03,2.13,60.15,-15.77948,-70.91799,4470
Crucero_Alto,2000-10-31,6.15,18.61,-3.61,32.55,0.01,2.17,60.13,-15.77948,-70.91799,4470
Crucero_Alto,2000-11-01,6.72,18.63,-2.97,31.59,0.0,1.56,60.09,-15.77948,-70.91799,4470
Crucero_Alto,2000-11-02,7.48,18.32,-1.54,35.99,0.16,1.38,60.05,-15.77948,-70.91799,4470
Crucero_Alto,2000-11-03,5.72,17.17,-3.99,33.39,0.03,3.49,60.0,-15.77948,-70.91799,4470
Crucero_Alto,2000-11-04,4.31,17.15,-6.99,28.46,0.0,2.67,59.95,-15.77948,-70.91799,4470
Crucero_Alto,2000-11-05,4.78,17.29,-5.54,27.39,0.0,2.89,59.91,-15.77948,-70.91799,4470
Crucero_Alto,2000-11-06,4.85,17.92,-5.36,24.45,0.02,2.91,59.9,-15.77948,-70.91799,4470
Crucero_Alto,2000-11-07,3.86,16.47,-6.32,26.82,0.41,3.72,59.98,-15.77948,-70.91799,4470
Crucero_Alto,2000-11-08,3.94,17.28,-6.88,22.19,0.02,3.34,59.98,-15.77948,-70.91799,4470
Crucero_Alto,2000-11-09,5.55,18.98,-5.24,24.73,0.0,2.32,59.93,-15.77948,-70.91799,4470
Crucero_Alto,2000-11-10,6.05,18.82,-2.89,28.78,0.0,2.76,60.0,-15.77948,-70.91799,4470
Crucero_Alto,2000-11-11,5.28,18.89,-4.94,24.58,0.0,3.44,59.97,-15.77948,-70.91799,4470
Crucero_Alto,2000-11-12,4.3,16.97,-5.78,20.72,0.0,4.0,59.94,-15.77948,-70.91799,4470
Crucero_Alto,2000-11-13,3.49,16.12,-7.05,20.07,0.01,3.95,59.97,-15.77948,-70.91799,4470
Crucero_Alto,2000-11-14,4.34,17.22,-7.13,19.21,0.04,2.79,59.98,-15.77948,-70.91799,4470
Crucero_Alto,2000-11-15,5.94,18.15,-3.47,27.59,0.03,2.02,59.95,-15.77948,-70.91799,4470
Crucero_Alto,2000-11-16,5.63,18.69,-4.88,25.23,0.01,2.44,60.03,-15.77948,-70.91799,4470
Crucero_Alto,2000-11-17,8.66,19.12,-0.36,37.07,0.01,1.6,60.1,-15.77948,-70.91799,4470
Crucero_Alto,2000-11-18,8.36,16.9,-0.08,52.52,0.0,2.01,60.15,-15.77948,-70.91799,4470
Crucero_Alto,2000-11-19,7.37,19.51,-2.38,24.72,0.0,2.27,60.11,-15.77948,-70.91799,4470
Crucero_Alto,2000-11-20,6.83,19.3,-3.17,21.76,0.01,2.59,60.14,-15.77948,-70.91799,4470
Crucero_Alto,2000-11-21,7.42,18.91,-3.59,29.49,0.02,1.8,60.12,-15.77948,-70.91799,4470
Crucero_Alto,2000-11-22,8.43,17.44,0.83,54.58,0.01,2.87,60.15,-15.77948,-70.91799,4470
Crucero_Alto,2000-11-23,8.31,17.58,0.49,50.7,0.0,2.16,60.19,-15.77948,-70.91799,4470
Crucero_Alto,2000-11-24,9.2,17.11,1.87,52.29,0.64,1.96,60.17,-15.77948,-70.91799,4470
Crucero_Alto,2000-11-25,7.5,13.36,3.43,64.78,0.29,2.35,60.21,-15.77948,-70.91799,4470
Crucero_Alto,2000-11-26,9.03,18.32,2.09,52.38,0.09,1.69,60.13,-15.77948,-70.91799,4470
Crucero_Alto,2000-11-27,9.12,19.12,2.56,55.24,0.01,1.52,60.14,-15.77948,-70.91799,4470
Crucero_Alto,2000-11-28,8.82,19.83,1.68,45.6,0.42,2.14,60.17,-15.77948,-70.91799,4470
Crucero_Alto,2000-11-29,8.39,17.8,1.72,40.69,0.53,2.31,60.2,-15.77948,-70.91799,4470
Crucero_Alto,2000-11-30,6.11,12.3,1.79,59.32,0.01,2.01,60.16,-15.77948,-70.91799,4470
Crucero_Alto,2000-12-01,7.81,18.02,0.02,50.8,1.64,2.75,60.14,-15.77948,-70.91799,4470
Crucero_Alto,2000-12-02,8.01,19.35,-0.22,33.02,0.02,2.97,60.15,-15.77948,-70.91799,4470
Crucero_Alto,2000-12-03,6.43,18.37,-3.16,29.61,0.02,2.98,60.11,-15.77948,-70.91799,4470
Crucero_Alto,2000-12-04,7.38,19.38,-2.44,21.76,0.81,2.01,60.05,-15.77948,-70.91799,4470
Crucero_Alto,2000-12-05,5.31,11.98,0.25,54.86,1.66,2.21,60.08,-15.77948,-70.91799,4470
Crucero_Alto,2000-12-06,6.73,16.09,0.62,53.58,0.95,1.56,60.12,-15.77948,-70.91799,4470
Crucero_Alto,2000-12-07,5.78,11.66,-0.47,51.42,5.4,1.24,60.18,-15.77948,-70.91799,4470
Crucero_Alto,2000-12-08,5.96,12.34,1.6,62.6,3.41,2.05,60.21,-15.77948,-70.91799,4470
Crucero_Alto,2000-12-09,6.13,14.08,1.0,69.44,3.86,2.13,60.2,-15.77948,-70.91799,4470
Crucero_Alto,2000-12-10,6.18,14.79,0.11,64.4,0.87,3.74,60.12,-15.77948,-70.91799,4470
Crucero_Alto,2000-12-11,4.77,11.43,-0.47,57.5,0.09,3.77,60.05,-15.77948,-70.91799,4470
Crucero_Alto,2000-12-12,6.72,16.6,-0.26,42.61,0.01,3.94,60.0,-15.77948,-70.91799,4470
Crucero_Alto,2000-12-13,6.03,16.94,-3.2,35.01,0.0,4.14,60.08,-15.77948,-70.91799,4470
Crucero_Alto,2000-12-14,5.79,18.24,-5.69,36.72,0.0,3.74,60.07,-15.77948,-70.91799,4470
Crucero_Alto,2000-12-15,5.94,18.54,-5.13,33.92,0.0,3.06,59.99,-15.77948,-70.91799,4470
Crucero_Alto,2000-12-16,6.09,12.69,0.0,59.81,5.84,2.84,60.1,-15.77948,-70.91799,4470
Crucero_Alto,2000-12-17,7.83,15.91,1.76,60.72,3.32,2.27,60.15,-15.77948,-70.91799,4470
Crucero_Alto,2000-12-18,6.91,13.98,-0.03,65.94,1.31,1.75,60.06,-15.77948,-70.91799,4470
Crucero_Alto,2000-12-19,8.45,17.93,1.89,60.22,0.0,2.35,60.05,-15.77948,-70.91799,4470
Crucero_Alto,2000-12-20,6.95,15.05,1.88,64.73,0.0,1.96,60.07,-15.77948,-70.91799,4470
Crucero_Alto,2000-12-21,7.37,14.88,-0.23,59.9,0.0,1.59,60.06,-15.77948,-70.91799,4470
Crucero_Alto,2000-12-22,7.14,15.15,2.37,61.19,1.49,2.19,60.09,-15.77948,-70.91799,4470
Crucero_Alto,2000-12-23,8.61,18.04,0.44,46.81,2.95,1.9,60.16,-15.77948,-70.91799,4470
Crucero_Alto,2000-12-24,7.69,16.02,2.21,56.1,0.46,1.49,60.18,-15.77948,-70.91799,4470
Crucero_Alto,2000-12-25,7.73,15.26,2.13,59.23,1.22,2.18,60.12,-15.77948,-70.91799,4470
Crucero_Alto,2000-12-26,5.9,11.11,1.94,70.73,0.48,2.27,60.14,-15.77948,-70.91799,4470
Crucero_Alto,2000-12-27,7.65,16.56,-0.21,59.93,0.0,2.03,60.07,-15.77948,-70.91799,4470
Crucero_Alto,2000-12-28,7.11,16.36,1.29,67.15,6.23,2.74,60.03,-15.77948,-70.91799,4470
Crucero_Alto,2000-12-29,7.57,16.31,-0.52,59.53,3.7,1.35,60.04,-15.77948,-70.91799,4470
Crucero_Alto,2000-12-30,5.85,13.57,1.1,71.31,10.51,2.08,60.08,-15.77948,-70.91799,4470
Crucero_Alto,2000-12-31,5.12,13.26,0.54,71.81,5.21,1.45,60.17,-15.77948,-70.91799,4470
Crucero_Alto,2001-01-01,5.36,12.76,1.05,74.1,15.81,2.17,60.19,-15.77948,-70.91799,4470
Crucero_Alto,2001-01-02,5.97,12.19,0.07,68.86,7.04,1.64,60.15,-15.77948,-70.91799,4470
Crucero_Alto,2001-01-03,8.19,14.76,2.11,64.7,0.31,1.37,60.14,-15.77948,-70.91799,4470
Crucero_Alto,2001-01-04,6.15,10.01,2.48,76.93,7.35,2.09,60.17,-15.77948,-70.91799,4470
Crucero_Alto,2001-01-05,6.78,13.09,1.97,76.12,12.76,4.85,60.12,-15.77948,-70.91799,4470
Crucero_Alto,2001-01-06,6.31,14.49,1.14,75.41,8.92,2.33,60.05,-15.77948,-70.91799,4470
Crucero_Alto,2001-01-07,4.81,12.93,0.11,77.43,39.49,2.85,60.06,-15.77948,-70.91799,4470
Crucero_Alto,2001-01-08,5.27,13.87,-1.39,73.29,4.69,2.27,60.03,-15.77948,-70.91799,4470
Crucero_Alto,2001-01-09,4.77,14.14,-2.43,71.75,12.75,2.2,60.01,-15.77948,-70.91799,4470
Crucero_Alto,2001-01-10,4.93,13.64,-0.9,72.12,1.87,2.52,60.0,-15.77948,-70.91799,4470
Crucero_Alto,2001-01-11,5.63,13.36,0.65,75.25,3.87,2.26,60.03,-15.77948,-70.91799,4470
Crucero_Alto,2001-01-12,5.18,12.46,1.32,76.99,11.03,2.04,60.04,-15.77948,-70.91799,4470
Crucero_Alto,2001-01-13,5.53,13.13,0.46,71.57,0.2,2.17,59.99,-15.77948,-70.91799,4470
Crucero_Alto,2001-01-14,5.18,10.33,0.57,64.69,1.5,1.73,60.08,-15.77948,-70.91799,4470
Crucero_Alto,2001-01-15,5.43,14.5,-0.68,72.55,19.19,1.84,60.06,-15.77948,-70.91799,4470
Crucero_Alto,2001-01-16,5.94,14.83,-2.04,66.92,3.61,1.48,60.03,-15.77948,-70.91799,4470
Crucero_Alto,2001-01-17,6.11,13.43,0.4,71.14,3.01,1.26,60.05,-15.77948,-70.91799,4470
Crucero_Alto,2001-01-18,7.12,15.07,1.79,68.22,4.79,1.79,60.1,-15.77948,-70.91799,4470
Crucero_Alto,2001-01-19,5.15,12.15,0.61,76.85,2.85,1.64,60.15,-15.77948,-70.91799,4470
Crucero_Alto,2001-01-20,4.84,11.03,0.35,76.23,7.37,2.05,60.23,-15.77948,-70.91799,4470
Crucero_Alto,2001-01-21,5.78,15.21,-0.71,64.42,0.24,1.95,60.16,-15.77948,-70.91799,4470
Crucero_Alto,2001-01-22,4.07,11.72,-2.88,70.27,8.93,1.56,60.12,-15.77948,-70.91799,4470
Crucero_Alto,2001-01-23,5.47,13.85,-2.21,71.35,11.83,1.44,60.11,-15.77948,-70.91799,4470
Crucero_Alto,2001-01-24,5.87,13.51,-0.07,74.28,4.59,1.64,60.17,-15.77948,-70.91799,4470
Crucero_Alto,2001-01-25,6.88,14.37,1.84,73.91,3.32,1.73,60.19,-15.77948,-70.91799,4470
Crucero_Alto,2001-01-26,5.35,14.29,-0.29,76.11,5.24,1.76,60.1,-15.77948,-70.91799,4470
Crucero_Alto,2001-01-27,5.59,14.02,0.63,76.9,7.27,1.56,60.06,-15.77948,-70.91799,4470
Crucero_Alto,2001-01-28,4.77,11.12,0.42,79.1,7.45,2.38,60.12,-15.77948,-70.91799,4470
Crucero_Alto,2001-01-29,4.06,9.27,0.01,80.46,2.65,2.36,60.1,-15.77948,-70.91799,4470
Crucero_Alto,2001-01-30,5.77,13.43,-0.06,76.78,2.95,1.65,60.02,-15.77948,-70.91799,4470
Crucero_Alto,2001-01-31,7.03,14.01,2.44,75.54,3.78,1.87,59.97,-15.77948,-70.91799,4470
Crucero_Alto,2001-02-01,5.42,13.25,1.05,77.26,3.81,1.85,59.94,-15.77948,-70.91799,4470
Crucero_Alto,2001-02-02,4.62,11.45,0.48,78.33,7.29,2.23,59.95,-15.77948,-70.91799,4470
Crucero_Alto,2001-02-03,5.37,14.14,-0.35,75.92,4.28,1.27,59.95,-15.77948,-70.91799,4470
Crucero_Alto,2001-02-04,6.56,13.94,0.11,75.06,1.13,2.54,60.04,-15.77948,-70.91799,4470
Crucero_Alto,2001-02-05,7.24,14.53,1.05,71.3,0.14,3.38,60.13,-15.77948,-70.91799,4470
Crucero_Alto,2001-02-06,7.32,14.5,1.81,72.04,0.14,3.56,60.14,-15.77948,-70.91799,4470
Crucero_Alto,2001-02-07,7.59,16.19,1.04,66.57,0.08,2.38,60.13,-15.77948,-70.91799,4470
Crucero_Alto,2001-02-08,8.39,16.32,2.22,67.89,0.53,2.02,60.11,-15.77948,-70.91799,4470
Crucero_Alto,2001-02-09,8.71,16.51,3.13,66.0,0.24,1.61,60.06,-15.77948,-70.91799,4470
Crucero_Alto,2001-02-10,8.26,16.23,2.53,69.24,1.61,1.7,59.98,-15.77948,-70.91799,4470
Crucero_Alto,2001-02-11,6.79,12.67,3.72,78.0,1.38,2.5,60.05,-15.77948,-70.91799,4470
Crucero_Alto,2001-02-12,6.06,11.89,1.91,79.27,14.98,2.72,60.1,-15.77948,-70.91799,4470
Crucero_Alto,2001-02-13,5.57,11.35,2.25,78.76,1.83,2.17,60.16,-15.77948,-70.91799,4470
Crucero_Alto,2001-02-14,5.75,13.24,0.67,77.22,3.74,2.0,60.03,-15.77948,-70.91799,4470
Crucero_Alto,2001-02-15,4.98,11.45,0.78,81.54,3.89,1.99,59.97,-15.77948,-70.91799,4470
Crucero_Alto,2001-02-16,5.84,11.42,1.02,77.98,2.42,1.51,60.09,-15.77948,-70.91799,4470
Crucero_Alto,2001-02-17,5.56,12.74,0.97,77.98,5.93,1.83,60.14,-15.77948,-70.91799,4470
Crucero_Alto,2001-02-18,5.46,12.48,0.7,79.12,7.37,1.62,60.17,-15.77948,-70.91799,4470
Crucero_Alto,2001-02-19,6.78,14.83,2.16,76.32,10.61,1.85,60.18,-15.77948,-70.91799,4470
Crucero_Alto,2001-02-20,6.15,14.13,0.61,75.7,8.1,2.4,60.14,-15.77948,-70.91799,4470
Crucero_Alto,2001-02-21,6.56,15.53,-0.11,72.56,1.71,2.45,60.04,-15.77948,-70.91799,4470
Crucero_Alto,2001-02-22,5.38,14.27,-1.02,76.81,2.89,2.02,60.01,-15.77948,-70.91799,4470
Crucero_Alto,2001-02-23,6.78,14.51,1.83,75.2,3.48,1.66,60.02,-15.77948,-70.91799,4470
Crucero_Alto,2001-02-24,4.25,11.71,0.95,82.12,4.97,1.71,60.12,-15.77948,-70.91799,4470
Crucero_Alto,2001-02-25,6.07,13.73,0.74,76.23,8.15,1.79,60.14,-15.77948,-70.91799,4470
Crucero_Alto,2001-02-26,5.37,14.72,-0.13,72.15,5.73,2.47,60.07,-15.77948,-70.91799,4470
Crucero_Alto,2001-02-27,4.35,11.94,-1.3,80.08,6.77,1.1,60.06,-15.77948,-70.91799,4470
Crucero_Alto,2001-02-28,6.57,13.74,1.68,76.19,1.48,2.8,60.09,-15.77948,-70.91799,4470
Crucero_Alto,2001-03-01,6.17,13.57,0.11,73.7,0.07,2.76,60.08,-15.77948,-70.91799,4470
Crucero_Alto,2001-03-02,5.73,12.49,0.44,76.72,1.95,3.39,60.12,-15.77948,-70.91799,4470
Crucero_Alto,2001-03-03,6.44,13.26,1.52,77.33,2.73,2.36,60.2,-15.77948,-70.91799,4470
Crucero_Alto,2001-03-04,6.96,14.02,1.15,75.45,1.02,1.92,60.28,-15.77948,-70.91799,4470
Crucero_Alto,2001-03-05,5.66,12.29,0.97,77.7,3.75,2.34,60.23,-15.77948,-70.91799,4470
Crucero_Alto,2001-03-06,4.65,8.54,0.11,85.13,52.73,2.44,60.14,-15.77948,-70.91799,4470
Crucero_Alto,2001-03-07,5.78,13.47,1.34,79.18,9.32,1.69,60.22,-15.77948,-70.91799,4470
Crucero_Alto,2001-03-08,6.19,13.62,0.83,77.65,6.85,1.43,60.2,-15.77948,-70.91799,4470
Crucero_Alto,2001-03-09,5.43,12.85,-0.33,79.12,6.96,2.53,60.18,-15.77948,-70.91799,4470
Crucero_Alto,2001-03-10,5.19,11.74,0.76,80.11,1.13,1.98,60.15,-15.77948,-70.91799,4470
Crucero_Alto,2001-03-11,5.58,14.05,-0.52,77.54,2.82,1.64,60.18,-15.77948,-70.91799,4470
Crucero_Alto,2001-03-12,6.38,13.63,0.97,79.44,5.41,1.98,60.23,-15.77948,-70.91799,4470
Crucero_Alto,2001-03-13,6.9,13.31,2.88,78.24,0.84,1.56,60.17,-15.77948,-70.91799,4470
Crucero_Alto,2001-03-14,6.75,13.98,1.48,76.52,0.63,1.91,60.06,-15.77948,-70.91799,4470
Crucero_Alto,2001-03-15,4.22,10.68,0.96,81.22,8.6,1.61,60.04,-15.77948,-70.91799,4470
Crucero_Alto,2001-03-16,4.18,9.07,0.13,82.4,5.73,2.51,60.18,-15.77948,-70.91799,4470
Crucero_Alto,2001-03-17,6.36,13.38,0.87,78.97,0.8,2.61,60.18,-15.77948,-70.91799,4470
Crucero_Alto,2001-03-18,6.95,14.11,1.2,76.67,0.64,1.94,60.08,-15.77948,-70.91799,4470
Crucero_Alto,2001-03-19,6.9,13.88,2.14,75.46,4.87,1.46,60.05,-15.77948,-70.91799,4470
Crucero_Alto,2001-03-20,5.9,13.03,2.16,79.73,3.1,1.87,60.12,-15.77948,-70.91799,4470
Crucero_Alto,2001-03-21,5.35,11.83,1.55,80.13,0.28,2.31,60.12,-15.77948,-70.91799,4470
Crucero_Alto,2001-03-22,5.4,14.17,-1.03,73.99,0.01,3.03,60.08,-15.77948,-70.91799,4470
Crucero_Alto,2001-03-23,5.38,15.73,-2.95,68.86,0.0,2.21,60.03,-15.77948,-70.91799,4470
Crucero_Alto,2001-03-24,6.31,16.35,-3.04,65.84,2.12,1.2,60.06,-15.77948,-70.91799,4470
Crucero_Alto,2001-03-25,6.95,14.98,0.78,68.62,0.78,0.79,60.15,-15.77948,-70.91799,4470
Crucero_Alto,2001-03-26,7.0,15.21,0.16,72.31,6.16,1.47,60.19,-15.77948,-70.91799,4470
Crucero_Alto,2001-03-27,6.53,13.11,2.63,76.97,2.25,1.27,60.19,-15.77948,-70.91799,4470
Crucero_Alto,2001-03-28,6.98,14.54,1.21,73.4,0.93,0.99,60.19,-15.77948,-70.91799,4470
Crucero_Alto,2001-03-29,5.89,13.83,1.27,77.87,0.16,1.81,60.23,-15.77948,-70.91799,4470
Crucero_Alto,2001-03-30,6.4,14.88,0.1,73.13,0.0,1.56,60.3,-15.77948,-70.91799,4470
Crucero_Alto,2001-03-31,7.45,15.77,2.13,71.12,0.0,1.17,60.25,-15.77948,-70.91799,4470
Crucero_Alto,2001-04-01,7.2,15.0,0.57,69.81,0.0,1.31,60.22,-15.77948,-70.91799,4470
Crucero_Alto,2001-04-02,6.98,14.18,2.1,73.8,0.0,1.8,60.28,-15.77948,-70.91799,4470
Crucero_Alto,2001-04-03,6.44,13.93,1.1,71.79,0.0,2.13,60.27,-15.77948,-70.91799,4470
Crucero_Alto,2001-04-04,6.43,14.89,0.32,73.32,0.0,1.59,60.19,-15.77948,-70.91799,4470
Crucero_Alto,2001-04-05,5.66,11.84,0.91,75.42,2.26,1.22,60.14,-15.77948,-70.91799,4470
Crucero_Alto,2001-04-06,5.34,12.94,1.29,80.98,1.57,1.83,60.2,-15.77948,-70.91799,4470
Crucero_Alto,2001-04-07,4.68,12.09,0.41,79.15,5.32,2.13,60.34,-15.77948,-70.91799,4470
Crucero_Alto,2001-04-08,5.42,13.68,0.5,77.23,1.38,0.98,60.31,-15.77948,-70.91799,4470
Crucero_Alto,2001-04-09,6.76,13.54,2.34,77.02,2.47,1.6,60.16,-15.77948,-70.91799,4470
Crucero_Alto,2001-04-10,6.5,13.51,2.11,78.05,1.52,1.29,60.11,-15.77948,-70.91799,4470
Crucero_Alto,2001-04-11,6.73,13.83,1.88,76.46,0.32,1.48,60.17,-15.77948,-70.91799,4470
Crucero_Alto,2001-04-12,5.9,13.14,0.63,73.88,0.04,2.55,60.32,-15.77948,-70.91799,4470
Crucero_Alto,2001-04-13,5.18,12.89,-1.26,74.34,0.0,1.67,60.36,-15.77948,-70.91799,4470
Crucero_Alto,2001-04-14,6.07,14.82,-0.11,62.6,0.0,1.78,60.29,-15.77948,-70.91799,4470
Crucero_Alto,2001-04-15,3.62,12.88,-3.07,68.11,0.0,3.1,60.35,-15.77948,-70.91799,4470
Crucero_Alto,2001-04-16,3.24,13.14,-4.24,65.1,0.0,2.45,60.42,-15.77948,-70.91799,4470
Crucero_Alto,2001-04-17,4.23,13.45,-2.62,60.01,0.0,1.95,60.43,-15.77948,-70.91799,4470
Crucero_Alto,2001-04-18,5.62,14.52,-1.93,60.68,0.01,1.15,60.32,-15.77948,-70.91799,4470
Crucero_Alto,2001-04-19,5.62,14.64,-2.86,71.01,0.0,1.41,60.27,-15.77948,-70.91799,4470
Crucero_Alto,2001-04-20,5.01,13.99,-1.78,69.96,0.0,1.58,60.26,-15.77948,-70.91799,4470
Crucero_Alto,2001-04-21,4.07,14.27,-3.22,63.38,0.0,1.49,60.24,-15.77948,-70.91799,4470
Crucero_Alto,2001-04-22,2.52,13.22,-5.05,61.5,0.0,2.73,60.05,-15.77948,-70.91799,4470
Crucero_Alto,2001-04-23,1.35,11.46,-6.61,57.16,0.03,2.52,60.01,-15.77948,-70.91799,4470
Crucero_Alto,2001-04-24,3.92,13.59,-4.79,62.22,0.12,1.99,60.13,-15.77948,-70.91799,4470
Crucero_Alto,2001-04-25,3.87,14.28,-4.45,60.91,0.02,2.23,60.27,-15.77948,-70.91799,4470
Crucero_Alto,2001-04-26,4.74,14.87,-3.33,61.7,2.79,1.6,60.25,-15.77948,-70.91799,4470
Crucero_Alto,2001-04-27,3.24,12.39,-0.99,71.67,0.06,1.39,60.25,-15.77948,-70.91799,4470
Crucero_Alto,2001-04-28,4.43,12.69,-2.7,71.31,0.0,1.61,60.23,-15.77948,-70.91799,4470
Crucero_Alto,2001-04-29,4.92,13.01,-2.83,72.15,0.06,2.02,60.3,-15.77948,-70.91799,4470
Crucero_Alto,2001-04-30,5.93,14.38,-1.4,69.29,0.01,1.3,60.28,-15.77948,-70.91799,4470
Crucero_Alto,2001-05-01,5.83,14.49,-1.01,62.32,0.0,1.46,60.26,-15.77948,-70.91799,4470
Crucero_Alto,2001-05-02,5.32,13.19,-0.5,65.45,0.29,1.35,60.3,-15.77948,-70.91799,4470
Crucero_Alto,2001-05-03,6.38,14.24,-0.39,70.6,0.28,0.88,60.38,-15.77948,-70.91799,4470
Crucero_Alto,2001-05-04,6.46,13.81,1.38,72.27,0.17,1.79,60.31,-15.77948,-70.91799,4470
Crucero_Alto,2001-05-05,5.37,14.28,-0.34,74.78,0.08,2.09,60.2,-15.77948,-70.91799,4470
Crucero_Alto,2001-05-06,4.48,10.71,-0.28,78.48,0.0,1.86,60.19,-15.77948,-70.91799,4470
Crucero_Alto,2001-05-07,3.11,10.72,-2.72,76.77,0.0,1.73,60.26,-15.77948,-70.91799,4470
Crucero_Alto,2001-05-08,4.24,14.54,-4.83,58.02,0.0,1.48,60.2,-15.77948,-70.91799,4470
Crucero_Alto,2001-05-09,2.84,12.73,-4.65,66.16,0.0,2.53,60.21,-15.77948,-70.91799,4470
Crucero_Alto,2001-05-10,2.3,14.11,-5.65,49.6,0.0,1.95,60.17,-15.77948,-70.91799,4470
Crucero_Alto,2001-05-11,2.2,9.6,-4.7,70.87,0.07,1.8,60.15,-15.77948,-70.91799,4470
Crucero_Alto,2001-05-12,2.14,11.21,-3.44,70.87,0.37,2.47,60.18,-15.77948,-70.91799,4470
Crucero_Alto,2001-05-13,2.95,11.69,-4.04,69.55,0.07,1.78,60.23,-15.77948,-70.91799,4470
Crucero_Alto,2001-05-14,2.17,8.76,-1.92,82.65,0.23,1.84,60.26,-15.77948,-70.91799,4470
Crucero_Alto,2001-05-15,0.51,7.7,-4.42,74.02,0.23,3.08,60.28,-15.77948,-70.91799,4470
Crucero_Alto,2001-05-16,2.42,12.09,-4.6,54.68,0.0,2.06,60.25,-15.77948,-70.91799,4470
Crucero_Alto,2001-05-17,3.66,12.12,-2.33,66.17,0.0,1.4,60.28,-15.77948,-70.91799,4470
Crucero_Alto,2001-05-18,3.15,11.42,-2.36,76.71,0.0,1.62,60.31,-15.77948,-70.91799,4470
Crucero_Alto,2001-05-19,2.13,11.05,-3.52,79.45,0.01,2.11,60.24,-15.77948,-70.91799,4470
Crucero_Alto,2001-05-20,2.51,11.29,-3.82,68.96,0.0,1.89,60.27,-15.77948,-70.91799,4470
Crucero_Alto,2001-05-21,2.03,11.99,-4.18,60.01,0.0,2.2,60.35,-15.77948,-70.91799,4470
Crucero_Alto,2001-05-22,2.17,12.7,-4.67,47.48,0.0,2.02,60.29,-15.77948,-70.91799,4470
Crucero_Alto,2001-05-23,2.75,11.23,-3.29,52.43,0.0,1.38,60.26,-15.77948,-70.91799,4470
Crucero_Alto,2001-05-24,2.47,11.53,-4.53,55.43,0.22,2.08,60.24,-15.77948,-70.91799,4470
Crucero_Alto,2001-05-25,-0.66,8.78,-6.42,40.48,0.01,3.22,60.2,-15.77948,-70.91799,4470
Crucero_Alto,2001-05-26,0.44,10.38,-5.89,39.22,0.0,2.85,60.17,-15.77948,-70.91799,4470
Crucero_Alto,2001-05-27,3.07,12.16,-5.44,30.92,0.0,0.87,60.16,-15.77948,-70.91799,4470
Crucero_Alto,2001-05-28,3.22,12.86,-3.53,43.89,0.0,1.44,60.21,-15.77948,-70.91799,4470
Crucero_Alto,2001-05-29,2.14,11.52,-3.93,50.11,0.0,1.86,60.3,-15.77948,-70.91799,4470
Crucero_Alto,2001-05-30,3.44,13.16,-3.22,48.15,0.0,0.91,60.31,-15.77948,-70.91799,4470
Crucero_Alto,2001-05-31,3.68,13.09,-3.95,47.08,0.0,1.06,60.31,-15.77948,-70.91799,4470
Crucero_Alto,2001-06-01,4.56,12.79,-1.24,56.34,0.0,1.28,60.27,-15.77948,-70.91799,4470
Crucero_Alto,2001-06-02,4.16,10.78,-0.24,78.77,0.0,1.71,60.28,-15.77948,-70.91799,4470
Crucero_Alto,2001-06-03,3.7,12.14,-2.11,74.37,0.0,1.94,60.28,-15.77948,-70.91799,4470
Crucero_Alto,2001-06-04,4.36,11.77,-2.11,71.67,0.0,1.26,60.29,-15.77948,-70.91799,4470
Crucero_Alto,2001-06-05,4.19,12.59,-2.21,72.83,0.0,1.32,60.29,-15.77948,-70.91799,4470
Crucero_Alto,2001-06-06,5.05,13.81,-2.33,56.91,0.0,1.03,60.28,-15.77948,-70.91799,4470
Crucero_Alto,2001-06-07,5.21,13.86,-1.79,59.79,0.0,0.83,60.24,-15.77948,-70.91799,4470
Crucero_Alto,2001-06-08,4.65,13.29,-1.47,71.95,0.0,1.11,60.3,-15.77948,-70.91799,4470
Crucero_Alto,2001-06-09,3.58,12.0,-1.94,71.21,0.0,2.16,60.37,-15.77948,-70.91799,4470
Crucero_Alto,2001-06-10,2.39,9.96,-2.23,73.75,0.0,2.46,60.44,-15.77948,-70.91799,4470
Crucero_Alto,2001-06-11,3.41,11.28,-3.02,61.56,0.0,1.44,60.39,-15.77948,-70.91799,4470
Crucero_Alto,2001-06-12,4.51,13.22,-2.64,47.68,0.0,1.7,60.28,-15.77948,-70.91799,4470
Crucero_Alto,2001-06-13,4.61,13.17,-1.41,41.78,0.0,1.26,60.23,-15.77948,-70.91799,4470
Crucero_Alto,2001-06-14,4.24,13.12,-2.01,37.54,0.0,1.26,60.16,-15.77948,-70.91799,4470
Crucero_Alto,2001-06-15,2.33,12.62,-3.73,41.84,0.0,1.76,60.11,-15.77948,-70.91799,4470
Crucero_Alto,2001-06-16,2.56,11.73,-3.61,39.83,0.0,1.67,60.06,-15.77948,-70.91799,4470
Crucero_Alto,2001-06-17,1.16,10.66,-5.54,62.8,0.09,3.04,60.03,-15.77948,-70.91799,4470
Crucero_Alto,2001-06-18,-0.01,9.4,-6.08,51.81,0.06,3.25,60.04,-15.77948,-70.91799,4470
Crucero_Alto,2001-06-19,-0.52,8.67,-5.93,40.35,0.0,3.15,60.17,-15.77948,-70.91799,4470
Crucero_Alto,2001-06-20,0.71,10.7,-5.86,34.46,0.0,2.26,60.25,-15.77948,-70.91799,4470
Crucero_Alto,2001-06-21,2.28,9.28,-2.87,49.43,0.0,1.6,60.28,-15.77948,-70.91799,4470
Crucero_Alto,2001-06-22,0.11,4.81,-3.16,78.08,0.03,1.11,60.34,-15.77948,-70.91799,4470
Crucero_Alto,2001-06-23,1.53,9.76,-3.79,67.85,0.0,2.21,60.31,-15.77948,-70.91799,4470
Crucero_Alto,2001-06-24,1.88,11.09,-4.1,59.03,0.0,2.16,60.27,-15.77948,-70.91799,4470
Crucero_Alto,2001-06-25,2.01,11.22,-4.02,55.27,0.0,2.35,60.29,-15.77948,-70.91799,4470
Crucero_Alto,2001-06-26,2.48,10.97,-3.67,55.91,0.0,1.93,60.32,-15.77948,-70.91799,4470
Crucero_Alto,2001-06-27,1.48,9.47,-4.51,67.59,0.0,2.48,60.31,-15.77948,-70.91799,4470
Crucero_Alto,2001-06-28,1.11,10.49,-4.43,60.4,0.0,2.27,60.24,-15.77948,-70.91799,4470
Crucero_Alto,2001-06-29,2.33,11.91,-5.11,44.89,0.0,1.42,60.24,-15.77948,-70.91799,4470
Crucero_Alto,2001-06-30,2.29,11.11,-3.96,55.83,0.06,1.9,60.26,-15.77948,-70.91799,4470
Crucero_Alto,2001-07-01,1.46,10.73,-4.8,54.64,0.0,2.37,60.23,-15.77948,-70.91799,4470
Crucero_Alto,2001-07-02,2.5,11.2,-3.08,43.98,0.0,1.7,60.24,-15.77948,-70.91799,4470
Crucero_Alto,2001-07-03,2.42,9.97,-3.11,57.43,0.0,1.57,60.3,-15.77948,-70.91799,4470
Crucero_Alto,2001-07-04,3.26,11.59,-4.02,53.66,0.0,1.47,60.25,-15.77948,-70.91799,4470
Crucero_Alto,2001-07-05,2.17,9.47,-2.08,61.85,0.79,0.89,60.22,-15.77948,-70.91799,4470
Crucero_Alto,2001-07-06,0.34,5.52,-3.13,76.3,0.25,1.7,60.22,-15.77948,-70.91799,4470
Crucero_Alto,2001-07-07,-0.47,4.25,-3.76,67.27,0.15,1.07,60.3,-15.77948,-70.91799,4470
Crucero_Alto,2001-07-08,0.92,10.59,-5.1,51.79,0.0,1.8,60.28,-15.77948,-70.91799,4470
Crucero_Alto,2001-07-09,2.79,11.73,-4.23,46.74,0.0,1.38,60.2,-15.77948,-70.91799,4470
Crucero_Alto,2001-07-10,-0.03,7.27,-5.91,65.04,0.01,2.69,60.18,-15.77948,-70.91799,4470
Crucero_Alto,2001-07-11,1.19,10.52,-6.48,38.53,0.0,1.84,60.23,-15.77948,-70.91799,4470
Crucero_Alto,2001-07-12,2.98,12.32,-2.8,49.97,0.01,1.93,60.26,-15.77948,-70.91799,4470
Crucero_Alto,2001-07-13,3.05,10.15,-1.98,54.16,0.01,1.1,60.28,-15.77948,-70.91799,4470
Crucero_Alto,2001-07-14,3.05,12.63,-3.16,46.79,0.0,1.54,60.22,-15.77948,-70.91799,4470
Crucero_Alto,2001-07-15,2.58,11.28,-3.07,48.36,0.0,1.49,60.21,-15.77948,-70.91799,4470
Crucero_Alto,2001-07-16,2.26,11.14,-3.63,60.88,0.0,1.53,60.23,-15.77948,-70.91799,4470
Crucero_Alto,2001-07-17,2.34,12.9,-4.79,43.26,0.0,1.53,60.2,-15.77948,-70.91799,4470
Crucero_Alto,2001-07-18,2.29,12.56,-4.27,36.09,0.0,1.69,60.23,-15.77948,-70.91799,4470
Crucero_Alto,2001-07-19,2.62,12.3,-4.11,29.98,0.01,1.68,60.31,-15.77948,-70.91799,4470
Crucero_Alto,2001-07-20,4.66,13.66,-1.56,26.9,0.0,1.16,60.29,-15.77948,-70.91799,4470
Crucero_Alto,2001-07-21,4.04,13.11,-1.7,42.0,0.0,1.52,60.28,-15.77948,-70.91799,4470
Crucero_Alto,2001-07-22,3.18,11.24,-3.22,72.51,0.0,2.18,60.3,-15.77948,-70.91799,4470
Crucero_Alto,2001-07-23,3.01,12.32,-3.51,63.82,0.0,1.49,60.27,-15.77948,-70.91799,4470
Crucero_Alto,2001-07-24,2.76,12.67,-4.51,38.2,0.01,1.49,60.19,-15.77948,-70.91799,4470
Crucero_Alto,2001-07-25,2.61,11.26,-3.04,44.08,0.0,2.09,60.13,-15.77948,-70.91799,4470
Crucero_Alto,2001-07-26,2.3,9.19,-3.91,50.66,0.47,2.08,60.15,-15.77948,-70.91799,4470
Crucero_Alto,2001-07-27,2.48,11.25,-4.27,62.25,0.17,2.26,60.27,-15.77948,-70.91799,4470
Crucero_Alto,2001-07-28,1.57,11.49,-5.72,58.67,0.0,2.78,60.31,-15.77948,-70.91799,4470
Crucero_Alto,2001-07-29,0.91,11.4,-6.48,36.0,0.0,2.03,60.23,-15.77948,-70.91799,4470
Crucero_Alto,2001-07-30,3.3,12.98,-4.5,25.58,0.0,1.54,60.25,-15.77948,-70.91799,4470
Crucero_Alto,2001-07-31,4.08,13.1,-1.93,50.41,0.0,1.94,60.31,-15.77948,-70.91799,4470
Crucero_Alto,2001-08-01,3.24,12.62,-3.16,62.92,0.0,2.48,60.41,-15.77948,-70.91799,4470
Crucero_Alto,2001-08-02,2.43,11.69,-3.8,54.2,1.11,2.41,60.41,-15.77948,-70.91799,4470
Crucero_Alto,2001-08-03,3.17,12.14,-3.9,52.88,0.0,1.66,60.34,-15.77948,-70.91799,4470
Crucero_Alto,2001-08-04,4.35,13.22,-3.18,47.34,0.0,0.74,60.27,-15.77948,-70.91799,4470
Crucero_Alto,2001-08-05,3.9,14.43,-2.99,39.73,0.0,1.75,60.26,-15.77948,-70.91799,4470
Crucero_Alto,2001-08-06,4.03,13.55,-4.2,37.49,0.0,1.43,60.28,-15.77948,-70.91799,4470
Crucero_Alto,2001-08-07,4.13,13.35,-3.06,50.9,0.6,1.7,60.34,-15.77948,-70.91799,4470
Crucero_Alto,2001-08-08,4.74,13.1,-2.64,55.16,0.0,0.78,60.4,-15.77948,-70.91799,4470
Crucero_Alto,2001-08-09,4.18,12.27,-1.21,68.44,0.0,1.92,60.4,-15.77948,-70.91799,4470
Crucero_Alto,2001-08-10,3.69,11.52,-2.38,69.47,0.0,1.98,60.43,-15.77948,-70.91799,4470
Crucero_Alto,2001-08-11,4.39,12.99,-3.87,61.57,0.0,1.81,60.36,-15.77948,-70.91799,4470
Crucero_Alto,2001-08-12,3.68,14.07,-3.63,53.08,0.0,2.12,60.31,-15.77948,-70.91799,4470
Crucero_Alto,2001-08-13,2.9,13.31,-4.49,36.89,0.0,2.19,60.19,-15.77948,-70.91799,4470
Crucero_Alto,2001-08-14,2.32,11.6,-4.85,52.95,1.19,2.38,60.13,-15.77948,-70.91799,4470
Crucero_Alto,2001-08-15,1.38,7.96,-3.64,72.83,0.04,2.23,60.22,-15.77948,-70.91799,4470
Crucero_Alto,2001-08-16,1.47,7.67,-3.04,76.94,0.12,2.41,60.23,-15.77948,-70.91799,4470
Crucero_Alto,2001-08-17,0.48,5.19,-4.07,80.38,0.06,2.38,60.22,-15.77948,-70.91799,4470
Crucero_Alto,2001-08-18,-0.13,7.35,-5.63,50.37,0.03,2.83,60.19,-15.77948,-70.91799,4470
Crucero_Alto,2001-08-19,-0.47,5.65,-4.76,61.51,4.37,1.73,60.25,-15.77948,-70.91799,4470
Crucero_Alto,2001-08-20,0.61,6.59,-3.3,79.17,1.07,3.07,60.31,-15.77948,-70.91799,4470
Crucero_Alto,2001-08-21,1.56,8.65,-3.77,71.41,0.0,1.85,60.38,-15.77948,-70.91799,4470
Crucero_Alto,2001-08-22,3.02,11.36,-3.48,71.76,0.0,2.61,60.31,-15.77948,-70.91799,4470
Crucero_Alto,2001-08-23,3.03,11.79,-3.47,71.05,0.0,2.0,60.27,-15.77948,-70.91799,4470
Crucero_Alto,2001-08-24,2.11,10.67,-4.97,69.8,0.0,2.57,60.23,-15.77948,-70.91799,4470
Crucero_Alto,2001-08-25,1.89,12.66,-6.89,49.37,0.0,1.91,60.21,-15.77948,-70.91799,4470
Crucero_Alto,2001-08-26,2.24,13.25,-5.19,49.15,0.0,2.64,60.21,-15.77948,-70.91799,4470
Crucero_Alto,2001-08-27,3.49,13.58,-5.74,37.84,0.0,1.5,60.3,-15.77948,-70.91799,4470
Crucero_Alto,2001-08-28,5.02,12.35,-1.26,66.89,0.0,1.82,60.31,-15.77948,-70.91799,4470
Crucero_Alto,2001-08-29,5.55,14.06,-2.35,59.06,0.0,0.92,60.26,-15.77948,-70.91799,4470
Crucero_Alto,2001-08-30,5.45,14.31,-1.63,59.94,0.0,1.51,60.24,-15.77948,-70.91799,4470
Crucero_Alto,2001-08-31,3.26,8.64,-0.18,74.86,0.53,1.89,60.28,-15.77948,-70.91799,4470
Crucero_Alto,2001-09-01,4.23,12.46,-1.2,63.58,0.05,0.68,60.23,-15.77948,-70.91799,4470
Crucero_Alto,2001-09-02,3.82,11.41,-2.21,65.62,0.02,1.08,60.18,-15.77948,-70.91799,4470
Crucero_Alto,2001-09-03,3.83,12.88,-3.27,66.95,0.33,1.44,60.11,-15.77948,-70.91799,4470
Crucero_Alto,2001-09-04,5.15,13.88,-1.91,65.92,0.62,1.36,60.16,-15.77948,-70.91799,4470
Crucero_Alto,2001-09-05,4.04,8.95,0.74,77.47,0.33,2.06,60.36,-15.77948,-70.91799,4470
Crucero_Alto,2001-09-06,5.89,13.47,-0.12,71.44,0.03,1.71,60.34,-15.77948,-70.91799,4470
Crucero_Alto,2001-09-07,5.94,15.0,0.88,71.2,0.0,1.34,60.28,-15.77948,-70.91799,4470
Crucero_Alto,2001-09-08,5.86,14.01,-1.15,69.22,0.0,1.43,60.22,-15.77948,-70.91799,4470
Crucero_Alto,2001-09-09,6.65,13.69,1.73,66.71,0.01,2.27,60.27,-15.77948,-70.91799,4470
Crucero_Alto,2001-09-10,5.09,12.42,-1.17,71.4,0.12,2.71,60.32,-15.77948,-70.91799,4470
Crucero_Alto,2001-09-11,6.9,15.36,0.65,60.55,0.08,2.32,60.25,-15.77948,-70.91799,4470
Crucero_Alto,2001-09-12,4.69,11.28,-1.06,68.6,0.0,2.27,60.16,-15.77948,-70.91799,4470
Crucero_Alto,2001-09-13,5.6,14.74,-2.3,62.31,0.03,2.34,60.16,-15.77948,-70.91799,4470
Crucero_Alto,2001-09-14,4.41,13.83,-2.65,58.14,0.04,1.74,60.23,-15.77948,-70.91799,4470
Crucero_Alto,2001-09-15,4.17,15.11,-3.72,43.85,0.03,2.93,60.2,-15.77948,-70.91799,4470
Crucero_Alto,2001-09-16,4.27,15.98,-2.76,38.45,0.12,2.28,60.25,-15.77948,-70.91799,4470
Crucero_Alto,2001-09-17,3.32,14.69,-5.34,33.78,0.0,3.0,60.24,-15.77948,-70.91799,4470
Crucero_Alto,2001-09-18,4.92,15.94,-4.62,28.92,0.0,1.15,60.13,-15.77948,-70.91799,4470
Crucero_Alto,2001-09-19,6.22,16.12,-2.92,36.43,0.0,1.44,60.11,-15.77948,-70.91799,4470
Crucero_Alto,2001-09-20,5.58,15.07,-2.17,54.62,2.32,2.84,60.14,-15.77948,-70.91799,4470
Crucero_Alto,2001-09-21,4.9,14.35,-2.82,44.67,0.03,1.61,60.15,-15.77948,-70.91799,4470
Crucero_Alto,2001-09-22,5.04,14.75,-1.92,40.12,0.55,1.16,60.16,-15.77948,-70.91799,4470
Crucero_Alto,2001-09-23,4.71,14.4,-1.87,38.06,0.02,1.86,60.17,-15.77948,-70.91799,4470
Crucero_Alto,2001-09-24,4.99,16.19,-2.62,32.99,0.03,2.25,60.15,-15.77948,-70.91799,4470
Crucero_Alto,2001-09-25,3.67,15.53,-5.76,28.34,0.0,2.57,60.17,-15.77948,-70.91799,4470
Crucero_Alto,2001-09-26,3.56,15.86,-5.74,28.06,0.0,2.95,60.17,-15.77948,-70.91799,4470
Crucero_Alto,2001-09-27,4.03,15.94,-5.49,19.04,0.06,2.55,60.12,-15.77948,-70.91799,4470
Crucero_Alto,2001-09-28,4.46,12.99,-3.0,36.6,2.26,1.94,60.18,-15.77948,-70.91799,4470
Crucero_Alto,2001-09-29,5.65,17.06,-3.06,31.39,0.0,1.32,60.25,-15.77948,-70.91799,4470
Crucero_Alto,2001-09-30,5.6,17.55,-3.01,37.3,6.2,1.68,60.31,-15.77948,-70.91799,4470
Crucero_Alto,2001-10-01,6.43,18.01,-3.78,38.71,0.37,1.72,60.29,-15.77948,-70.91799,4470
Crucero_Alto,2001-10-02,7.42,17.69,-1.71,39.47,0.01,1.18,60.26,-15.77948,-70.91799,4470
Crucero_Alto,2001-10-03,6.67,14.53,1.38,65.39,0.16,1.42,60.34,-15.77948,-70.91799,4470
Crucero_Alto,2001-10-04,6.89,15.52,0.35,56.72,0.0,0.7,60.35,-15.77948,-70.91799,4470
Crucero_Alto,2001-10-05,4.53,10.19,0.14,75.29,3.96,2.29,60.28,-15.77948,-70.91799,4470
Crucero_Alto,2001-10-06,3.07,10.09,-1.64,76.96,8.06,2.48,60.28,-15.77948,-70.91799,4470
Crucero_Alto,2001-10-07,4.31,14.03,-3.18,47.62,0.06,2.7,60.21,-15.77948,-70.91799,4470
Crucero_Alto,2001-10-08,5.36,16.07,-5.02,34.12,0.0,1.32,60.14,-15.77948,-70.91799,4470
Crucero_Alto,2001-10-09,6.57,16.15,-1.3,44.97,0.0,1.37,60.11,-15.77948,-70.91799,4470
Crucero_Alto,2001-10-10,5.45,15.83,-4.3,29.8,0.0,2.38,60.11,-15.77948,-70.91799,4470
Crucero_Alto,2001-10-11,4.02,10.46,-1.63,46.29,0.16,1.27,60.22,-15.77948,-70.91799,4470
Crucero_Alto,2001-10-12,5.7,14.5,-2.56,59.38,0.21,1.52,60.24,-15.77948,-70.91799,4470
Crucero_Alto,2001-10-13,5.95,11.89,1.45,60.57,3.31,1.32,60.24,-15.77948,-70.91799,4470
Crucero_Alto,2001-10-14,6.02,14.48,-0.37,52.22,4.07,1.32,60.21,-15.77948,-70.91799,4470
Crucero_Alto,2001-10-15,6.22,16.51,-1.21,44.1,0.15,1.35,60.12,-15.77948,-70.91799,4470
Crucero_Alto,2001-10-16,6.89,17.05,-0.88,46.41,5.73,1.26,60.1,-15.77948,-70.91799,4470
Crucero_Alto,2001-10-17,6.1,17.08,-1.39,40.38,0.68,2.09,60.08,-15.77948,-70.91799,4470
Crucero_Alto,2001-10-18,6.83,17.74,-3.71,35.21,0.02,1.41,60.06,-15.77948,-70.91799,4470
Crucero_Alto,2001-10-19,6.73,18.13,-1.7,35.77,0.0,2.0,60.06,-15.77948,-70.91799,4470
Crucero_Alto,2001-10-20,5.83,18.23,-5.3,25.04,0.0,2.69,60.15,-15.77948,-70.91799,4470
Crucero_Alto,2001-10-21,8.24,18.61,-1.67,20.81,0.21,1.47,60.17,-15.77948,-70.91799,4470
Crucero_Alto,2001-10-22,8.4,18.35,0.2,52.48,0.15,1.72,60.13,-15.77948,-70.91799,4470
Crucero_Alto,2001-10-23,6.85,16.28,0.76,55.79,0.0,1.83,60.19,-15.77948,-70.91799,4470
Crucero_Alto,2001-10-24,7.15,11.82,1.97,55.97,0.0,1.83,60.29,-15.77948,-70.91799,4470
Crucero_Alto,2001-10-25,7.71,14.36,1.04,59.2,0.0,3.54,60.37,-15.77948,-70.91799,4470
Crucero_Alto,2001-10-26,8.7,18.07,0.19,59.32,0.0,2.0,60.28,-15.77948,-70.91799,4470
Crucero_Alto,2001-10-27,7.64,17.89,0.51,65.18,6.73,2.45,60.19,-15.77948,-70.91799,4470
Crucero_Alto,2001-10-28,7.72,17.79,-0.41,55.04,0.1,1.69,60.2,-15.77948,-70.91799,4470
Crucero_Alto,2001-10-29,8.04,18.0,-0.66,54.8,0.41,1.41,60.22,-15.77948,-70.91799,4470
Crucero_Alto,2001-10-30,8.02,15.81,1.88,60.23,1.1,1.65,60.15,-15.77948,-70.91799,4470
Crucero_Alto,2001-10-31,7.95,16.99,1.58,50.6,8.02,1.29,60.17,-15.77948,-70.91799,4470
Crucero_Alto,2001-11-01,5.5,13.44,0.98,70.35,1.16,2.76,60.13,-15.77948,-70.91799,4470
Crucero_Alto,2001-11-02,5.92,16.73,-2.04,53.34,0.45,3.16,60.04,-15.77948,-70.91799,4470
Crucero_Alto,2001-11-03,4.45,15.88,-5.75,34.17,0.01,2.99,60.01,-15.77948,-70.91799,4470
Crucero_Alto,2001-11-04,7.09,17.54,-2.37,47.47,0.0,1.7,59.99,-15.77948,-70.91799,4470
Crucero_Alto,2001-11-05,7.33,15.36,1.1,56.49,0.0,1.79,60.04,-15.77948,-70.91799,4470
Crucero_Alto,2001-11-06,7.6,17.94,-0.61,31.98,0.07,1.36,60.15,-15.77948,-70.91799,4470
Crucero_Alto,2001-11-07,7.79,18.15,-1.56,30.86,0.0,1.39,60.23,-15.77948,-70.91799,4470
Crucero_Alto,2001-11-08,6.36,15.62,1.39,54.86,0.07,2.08,60.26,-15.77948,-70.91799,4470
Crucero_Alto,2001-11-09,7.94,17.44,0.0,47.47,0.06,2.04,60.26,-15.77948,-70.91799,4470
Crucero_Alto,2001-11-10,8.72,19.53,0.59,39.56,0.05,2.2,60.22,-15.77948,-70.91799,4470
Crucero_Alto,2001-11-11,8.8,20.32,0.28,35.06,0.01,1.66,60.16,-15.77948,-70.91799,4470
Crucero_Alto,2001-11-12,7.51,19.61,-2.11,29.98,0.02,2.4,60.21,-15.77948,-70.91799,4470
Crucero_Alto,2001-11-13,6.5,18.9,-2.28,28.46,0.02,2.8,60.2,-15.77948,-70.91799,4470
Crucero_Alto,2001-11-14,5.52,18.59,-5.47,26.93,0.01,2.9,60.05,-15.77948,-70.91799,4470
Crucero_Alto,2001-11-15,5.85,18.65,-4.98,30.53,0.0,2.67,60.05,-15.77948,-70.91799,4470
Crucero_Alto,2001-11-16,7.33,19.13,-2.08,33.38,0.25,1.69,60.15,-15.77948,-70.91799,4470
Crucero_Alto,2001-11-17,7.21,15.91,-0.01,46.07,0.0,2.0,60.2,-15.77948,-70.91799,4470
Crucero_Alto,2001-11-18,7.71,16.81,-1.0,53.5,0.0,1.54,60.19,-15.77948,-70.91799,4470
Crucero_Alto,2001-11-19,9.23,16.45,2.71,53.52,0.06,2.03,60.22,-15.77948,-70.91799,4470
Crucero_Alto,2001-11-20,9.15,16.51,3.7,55.58,0.01,1.92,60.2,-15.77948,-70.91799,4470
Crucero_Alto,2001-11-21,9.0,16.0,3.06,55.48,0.04,2.2,60.18,-15.77948,-70.91799,4470
Crucero_Alto,2001-11-22,9.18,18.21,1.92,51.99,0.22,2.86,60.21,-15.77948,-70.91799,4470
Crucero_Alto,2001-11-23,9.99,18.95,1.95,51.41,0.01,2.09,60.08,-15.77948,-70.91799,4470
Crucero_Alto,2001-11-24,9.85,18.2,3.17,52.97,0.04,2.41,60.0,-15.77948,-70.91799,4470
Crucero_Alto,2001-11-25,8.34,16.16,2.0,56.23,0.09,2.54,60.09,-15.77948,-70.91799,4470
Crucero_Alto,2001-11-26,9.14,17.61,3.13,53.77,0.03,3.13,60.05,-15.77948,-70.91799,4470
Crucero_Alto,2001-11-27,9.14,16.95,2.96,55.64,0.06,3.02,60.07,-15.77948,-70.91799,4470
Crucero_Alto,2001-11-28,7.07,15.34,1.23,64.34,2.55,2.86,60.12,-15.77948,-70.91799,4470
Crucero_Alto,2001-11-29,7.46,16.02,1.19,66.31,0.34,2.92,60.06,-15.77948,-70.91799,4470
Crucero_Alto,2001-11-30,8.4,18.59,1.02,52.9,0.41,2.53,59.95,-15.77948,-70.91799,4470
Crucero_Alto,2001-12-01,8.4,19.21,-2.28,38.73,0.0,1.88,59.91,-15.77948,-70.91799,4470
Crucero_Alto,2001-12-02,8.35,18.69,0.72,41.88,0.13,2.25,59.87,-15.77948,-70.91799,4470
Crucero_Alto,2001-12-03,5.94,15.77,-2.92,30.5,0.01,4.32,60.0,-15.77948,-70.91799,4470
Crucero_Alto,2001-12-04,5.75,18.57,-5.01,26.41,0.11,2.09,60.05,-15.77948,-70.91799,4470
Crucero_Alto,2001-12-05,6.09,14.79,-1.11,55.16,0.11,1.43,60.05,-15.77948,-70.91799,4470
Crucero_Alto,2001-12-06,7.53,15.52,1.14,54.24,3.08,1.47,60.02,-15.77948,-70.91799,4470
Crucero_Alto,2001-12-07,7.12,15.78,1.05,58.85,10.56,1.35,59.96,-15.77948,-70.91799,4470
Crucero_Alto,2001-12-08,6.01,12.12,1.73,62.51,2.06,1.21,60.04,-15.77948,-70.91799,4470
Crucero_Alto,2001-12-09,6.94,15.76,1.05,55.41,0.58,1.69,60.08,-15.77948,-70.91799,4470
Crucero_Alto,2001-12-10,7.73,19.17,-2.07,39.55,0.04,2.05,60.07,-15.77948,-70.91799,4470
Crucero_Alto,2001-12-11,9.23,18.4,1.69,44.14,0.03,1.78,60.1,-15.77948,-70.91799,4470
Crucero_Alto,2001-12-12,8.64,16.79,2.97,56.44,0.31,1.62,60.08,-15.77948,-70.91799,4470
Crucero_Alto,2001-12-13,7.14,13.7,0.96,56.93,0.01,2.27,59.98,-15.77948,-70.91799,4470
Crucero_Alto,2001-12-14,7.75,15.74,1.66,52.59,0.06,3.15,60.04,-15.77948,-70.91799,4470
Crucero_Alto,2001-12-15,6.4,12.46,1.13,64.0,0.81,4.68,60.14,-15.77948,-70.91799,4470
Crucero_Alto,2001-12-16,6.72,14.32,0.24,66.5,5.88,2.68,60.14,-15.77948,-70.91799,4470
Crucero_Alto,2001-12-17,6.48,13.84,1.64,70.54,16.16,2.13,60.08,-15.77948,-70.91799,4470
Crucero_Alto,2001-12-18,7.35,16.1,-0.47,62.13,5.04,1.29,60.07,-15.77948,-70.91799,4470
Crucero_Alto,2001-12-19,8.64,19.15,-1.72,53.43,1.27,1.22,60.13,-15.77948,-70.91799,4470
Crucero_Alto,2001-12-20,8.68,18.84,1.45,55.38,0.74,2.65,60.19,-15.77948,-70.91799,4470
Crucero_Alto,2001-12-21,7.5,18.55,-2.42,45.76,0.01,2.35,60.15,-15.77948,-70.91799,4470
Crucero_Alto,2001-12-22,6.4,15.17,-0.51,64.14,2.38,2.68,60.05,-15.77948,-70.91799,4470
Crucero_Alto,2001-12-23,5.9,12.31,0.51,64.39,0.37,1.65,60.16,-15.77948,-70.91799,4470
Crucero_Alto,2001-12-24,7.07,15.4,1.14,64.75,0.32,2.24,60.27,-15.77948,-70.91799,4470
Crucero_Alto,2001-12-25,7.94,15.16,3.06,66.04,2.68,2.57,60.22,-15.77948,-70.91799,4470
Crucero_Alto,2001-12-26,6.63,14.31,0.51,68.31,0.6,2.42,60.2,-15.77948,-70.91799,4470
Crucero_Alto,2001-12-27,7.42,17.33,-0.87,51.07,1.12,1.55,60.17,-15.77948,-70.91799,4470
Crucero_Alto,2001-12-28,7.83,17.23,-0.52,47.19,0.08,1.41,60.17,-15.77948,-70.91799,4470
Crucero_Alto,2001-12-29,8.72,19.06,0.75,43.35,0.15,1.36,60.2,-15.77948,-70.91799,4470
Crucero_Alto,2001-12-30,8.26,19.38,-0.3,44.27,0.24,2.46,60.16,-15.77948,-70.91799,4470
Crucero_Alto,2001-12-31,6.38,19.2,-4.53,35.88,0.04,3.02,60.09,-15.77948,-70.91799,4470
Crucero_Alto,2002-01-01,7.13,17.49,-2.13,29.98,0.09,1.94,60.09,-15.77948,-70.91799,4470
Crucero_Alto,2002-01-02,8.03,16.05,0.46,53.96,1.52,1.83,60.15,-15.77948,-70.91799,4470
Crucero_Alto,2002-01-03,6.91,15.4,1.11,57.98,0.72,2.22,60.2,-15.77948,-70.91799,4470
Crucero_Alto,2002-01-04,7.25,19.09,-1.23,34.81,0.05,2.75,60.2,-15.77948,-70.91799,4470
Crucero_Alto,2002-01-05,6.81,19.88,-4.82,34.68,0.39,2.54,60.19,-15.77948,-70.91799,4470
Crucero_Alto,2002-01-06,7.11,18.74,-1.57,44.79,0.57,2.0,60.14,-15.77948,-70.91799,4470
Crucero_Alto,2002-01-07,5.75,17.34,-3.35,38.47,0.08,3.15,60.2,-15.77948,-70.91799,4470
Crucero_Alto,2002-01-08,7.42,19.33,-3.68,33.0,0.08,1.93,60.19,-15.77948,-70.91799,4470
Crucero_Alto,2002-01-09,8.48,16.61,1.59,55.57,0.62,2.27,60.24,-15.77948,-70.91799,4470
Crucero_Alto,2002-01-10,7.74,14.97,1.66,65.16,7.63,2.69,60.2,-15.77948,-70.91799,4470
Crucero_Alto,2002-01-11,7.32,15.35,2.51,66.58,1.19,2.46,60.16,-15.77948,-70.91799,4470
Crucero_Alto,2002-01-12,7.33,16.18,1.87,62.87,0.04,2.62,60.18,-15.77948,-70.91799,4470
Crucero_Alto,2002-01-13,8.18,17.88,-0.88,52.6,0.0,1.98,60.13,-15.77948,-70.91799,4470
Crucero_Alto,2002-01-14,7.75,15.18,0.76,59.64,0.14,1.56,60.17,-15.77948,-70.91799,4470
Crucero_Alto,2002-01-15,6.16,13.4,2.02,70.71,1.08,2.35,60.11,-15.77948,-70.91799,4470
Crucero_Alto,2002-01-16,6.26,17.05,-3.09,50.9,4.32,2.88,60.07,-15.77948,-70.91799,4470
Crucero_Alto,2002-01-17,5.1,15.25,-1.77,69.75,6.55,1.53,60.04,-15.77948,-70.91799,4470
Crucero_Alto,2002-01-18,5.29,13.43,0.7,71.46,11.56,1.59,60.06,-15.77948,-70.91799,4470
Crucero_Alto,2002-01-19,6.3,14.74,0.65,67.16,4.42,2.1,60.09,-15.77948,-70.91799,4470
Crucero_Alto,2002-01-20,5.43,11.85,0.8,69.22,0.62,1.62,60.13,-15.77948,-70.91799,4470
Crucero_Alto,2002-01-21,7.01,13.52,1.09,66.64,2.98,1.83,60.2,-15.77948,-70.91799,4470
Crucero_Alto,2002-01-22,7.23,13.07,3.11,71.51,1.57,1.74,60.24,-15.77948,-70.91799,4470
Crucero_Alto,2002-01-23,6.91,14.81,1.59,72.32,0.56,2.17,60.22,-15.77948,-70.91799,4470
Crucero_Alto,2002-01-24,8.23,16.79,1.46,66.11,0.37,2.05,60.16,-15.77948,-70.91799,4470
Crucero_Alto,2002-01-25,9.53,17.22,4.03,62.25,0.31,2.34,60.17,-15.77948,-70.91799,4470
Crucero_Alto,2002-01-26,10.41,18.86,3.63,60.47,0.35,1.65,60.13,-15.77948,-70.91799,4470
Crucero_Alto,2002-01-27,10.26,18.66,3.8,63.07,3.31,1.67,60.11,-15.77948,-70.91799,4470
Crucero_Alto,2002-01-28,8.87,15.91,4.41,67.68,9.14,1.79,60.11,-15.77948,-70.91799,4470
Crucero_Alto,2002-01-29,8.79,16.77,2.91,67.12,2.39,2.03,60.05,-15.77948,-70.91799,4470
Crucero_Alto,2002-01-30,8.88,16.54,2.29,64.41,3.56,2.48,60.09,-15.77948,-70.91799,4470
Crucero_Alto,2002-01-31,9.49,17.1,3.05,64.22,2.52,1.55,60.12,-15.77948,-70.91799,4470
Crucero_Alto,2002-02-01,8.04,14.63,3.49,71.49,3.38,1.64,60.17,-15.77948,-70.91799,4470
Crucero_Alto,2002-02-02,7.25,14.71,1.24,72.69,11.49,2.65,60.25,-15.77948,-70.91799,4470
Crucero_Alto,2002-02-03,7.33,14.82,2.24,74.56,4.53,2.0,60.2,-15.77948,-70.91799,4470
Crucero_Alto,2002-02-04,6.71,14.65,1.35,75.82,9.15,2.2,60.1,-15.77948,-70.91799,4470
Crucero_Alto,2002-02-05,7.67,16.02,2.86,74.86,9.52,2.18,60.11,-15.77948,-70.91799,4470
Crucero_Alto,2002-02-06,5.82,10.57,2.56,79.36,7.6,1.61,60.15,-15.77948,-70.91799,4470
Crucero_Alto,2002-02-07,4.72,10.6,0.91,79.3,11.19,2.18,60.11,-15.77948,-70.91799,4470
Crucero_Alto,2002-02-08,6.43,14.91,0.21,71.28,0.18,2.49,60.12,-15.77948,-70.91799,4470
Crucero_Alto,2002-02-09,7.84,15.79,0.67,67.58,1.33,1.35,60.1,-15.77948,-70.91799,4470
Crucero_Alto,2002-02-10,7.72,14.51,2.94,71.29,0.25,2.06,60.11,-15.77948,-70.91799,4470
Crucero_Alto,2002-02-11,7.28,15.49,1.82,72.69,6.32,2.7,60.09,-15.77948,-70.91799,4470
Crucero_Alto,2002-02-12,5.9,13.65,0.55,75.18,3.89,1.71,60.14,-15.77948,-70.91799,4470
Crucero_Alto,2002-02-13,5.92,14.23,1.1,74.72,4.67,1.89,60.11,-15.77948,-70.91799,4470
Crucero_Alto,2002-02-14,6.02,14.48,-0.37,73.76,6.59,1.7,60.08,-15.77948,-70.91799,4470
Crucero_Alto,2002-02-15,6.87,15.9,0.28,68.64,4.39,2.05,60.15,-15.77948,-70.91799,4470
Crucero_Alto,2002-02-16,7.77,17.32,0.18,55.53,1.26,0.92,60.22,-15.77948,-70.91799,4470
Crucero_Alto,2002-02-17,6.29,14.97,0.9,73.52,4.81,1.7,60.27,-15.77948,-70.91799,4470
Crucero_Alto,2002-02-18,6.85,16.2,-0.49,69.14,1.65,2.0,60.19,-15.77948,-70.91799,4470
Crucero_Alto,2002-02-19,6.02,14.33,1.05,74.6,1.95,2.33,60.14,-15.77948,-70.91799,4470
Crucero_Alto,2002-02-20,6.59,16.5,-1.0,58.36,2.11,1.58,60.09,-15.77948,-70.91799,4470
Crucero_Alto,2002-02-21,6.49,16.28,-0.4,63.62,7.83,2.28,60.11,-15.77948,-70.91799,4470
Crucero_Alto,2002-02-22,5.66,13.81,-1.32,73.15,0.74,2.45,60.12,-15.77948,-70.91799,4470
Crucero_Alto,2002-02-23,6.78,14.58,1.13,74.93,3.02,2.81,60.14,-15.77948,-70.91799,4470
Crucero_Alto,2002-02-24,6.53,13.74,2.35,77.79,13.94,2.64,60.3,-15.77948,-70.91799,4470
Crucero_Alto,2002-02-25,7.58,15.47,1.89,75.28,5.81,1.72,60.29,-15.77948,-70.91799,4470
Crucero_Alto,2002-02-26,6.73,15.4,1.08,73.67,0.9,2.57,60.17,-15.77948,-70.91799,4470
Crucero_Alto,2002-02-27,5.68,13.42,0.68,66.57,8.55,1.49,60.12,-15.77948,-70.91799,4470
Crucero_Alto,2002-02-28,7.05,16.54,-0.04,64.58,16.32,1.25,60.09,-15.77948,-70.91799,4470
Crucero_Alto,2002-03-01,6.99,14.42,1.29,76.6,17.19,2.45,60.14,-15.77948,-70.91799,4470
Crucero_Alto,2002-03-02,7.06,13.96,2.45,75.08,3.45,2.18,60.23,-15.77948,-70.91799,4470
Crucero_Alto,2002-03-03,7.65,14.78,2.45,73.44,4.04,1.26,60.22,-15.77948,-70.91799,4470
Crucero_Alto,2002-03-04,7.98,14.64,3.7,74.7,3.69,1.89,60.25,-15.77948,-70.91799,4470
Crucero_Alto,2002-03-05,7.38,13.51,3.31,77.17,1.16,2.98,60.32,-15.77948,-70.91799,4470
Crucero_Alto,2002-03-06,7.82,16.07,-0.19,67.94,1.27,2.12,60.22,-15.77948,-70.91799,4470
Crucero_Alto,2002-03-07,5.78,13.26,1.6,79.46,1.18,1.87,60.12,-15.77948,-70.91799,4470
Crucero_Alto,2002-03-08,7.0,14.39,1.75,74.97,3.76,1.9,60.11,-15.77948,-70.91799,4470
Crucero_Alto,2002-03-09,6.36,12.25,2.0,77.63,3.07,1.76,60.19,-15.77948,-70.91799,4470
Crucero_Alto,2002-03-10,5.95,11.82,2.76,80.9,4.47,1.49,60.26,-15.77948,-70.91799,4470
Crucero_Alto,2002-03-11,6.39,14.29,0.67,76.01,1.67,2.07,60.21,-15.77948,-70.91799,4470
Crucero_Alto,2002-03-12,7.2,13.54,2.42,77.12,5.43,1.77,60.26,-15.77948,-70.91799,4470
Crucero_Alto,2002-03-13,8.23,15.67,3.21,74.48,3.0,2.05,60.26,-15.77948,-70.91799,4470
Crucero_Alto,2002-03-14,8.32,16.0,2.53,71.44,0.89,1.29,60.2,-15.77948,-70.91799,4470
Crucero_Alto,2002-03-15,6.55,12.83,2.22,78.23,0.66,1.79,60.2,-15.77948,-70.91799,4470
Crucero_Alto,2002-03-16,6.87,15.45,0.14,72.56,5.1,2.17,60.17,-15.77948,-70.91799,4470
Crucero_Alto,2002-03-17,6.4,15.7,-1.8,68.15,1.66,1.27,60.14,-15.77948,-70.91799,4470
Crucero_Alto,2002-03-18,6.83,17.45,-0.89,65.54,0.47,1.13,60.12,-15.77948,-70.91799,4470
Crucero_Alto,2002-03-19,6.24,17.44,-4.36,53.2,0.01,1.43,60.1,-15.77948,-70.91799,4470
Crucero_Alto,2002-03-20,6.89,14.34,2.76,71.81,1.09,1.24,60.14,-15.77948,-70.91799,4470
Crucero_Alto,2002-03-21,7.15,15.84,0.96,70.68,5.65,1.44,60.22,-15.77948,-70.91799,4470
Crucero_Alto,2002-03-22,6.65,14.69,0.16,71.13,0.52,1.36,60.22,-15.77948,-70.91799,4470
Crucero_Alto,2002-03-23,7.6,13.47,2.94,75.64,0.72,1.74,60.2,-15.77948,-70.91799,4470
Crucero_Alto,2002-03-24,7.6,15.12,2.96,76.12,0.17,1.4,60.22,-15.77948,-70.91799,4470
Crucero_Alto,2002-03-25,8.05,15.92,1.77,69.16,0.02,1.48,60.19,-15.77948,-70.91799,4470
Crucero_Alto,2002-03-26,8.33,15.85,2.35,69.24,0.0,1.74,60.17,-15.77948,-70.91799,4470
Crucero_Alto,2002-03-27,7.42,15.1,1.1,71.35,0.07,1.8,60.16,-15.77948,-70.91799,4470
Crucero_Alto,2002-03-28,7.74,15.54,2.0,71.75,0.03,2.4,60.2,-15.77948,-70.91799,4470
Crucero_Alto,2002-03-29,7.79,16.05,1.93,70.81,0.95,1.54,60.17,-15.77948,-70.91799,4470
Crucero_Alto,2002-03-30,6.99,14.0,2.68,73.94,0.51,1.35,60.15,-15.77948,-70.91799,4470
Crucero_Alto,2002-03-31,7.05,14.46,1.91,72.44,1.61,1.51,60.2,-15.77948,-70.91799,4470
Crucero_Alto,2002-04-01,5.71,13.26,1.03,69.67,0.68,1.53,60.22,-15.77948,-70.91799,4470
Crucero_Alto,2002-04-02,6.64,14.84,-0.64,65.75,0.0,1.44,60.24,-15.77948,-70.91799,4470
Crucero_Alto,2002-04-03,7.78,15.08,2.19,70.98,0.0,2.19,60.36,-15.77948,-70.91799,4470
Crucero_Alto,2002-04-04,7.58,16.44,1.48,68.74,0.22,1.42,60.43,-15.77948,-70.91799,4470
Crucero_Alto,2002-04-05,6.59,14.09,2.0,73.8,0.19,1.38,60.35,-15.77948,-70.91799,4470
Crucero_Alto,2002-04-06,7.5,15.47,1.93,71.86,0.02,1.38,60.2,-15.77948,-70.91799,4470
Crucero_Alto,2002-04-07,6.84,14.39,0.59,72.32,0.0,1.47,60.16,-15.77948,-70.91799,4470
Crucero_Alto,2002-04-08,7.64,14.53,2.86,70.41,0.24,1.47,60.21,-15.77948,-70.91799,4470
Crucero_Alto,2002-04-09,6.65,14.89,1.24,71.72,0.06,1.6,60.26,-15.77948,-70.91799,4470
Crucero_Alto,2002-04-10,5.77,12.82,1.51,74.07,0.05,1.56,60.19,-15.77948,-70.91799,4470
Crucero_Alto,2002-04-11,4.33,9.95,-0.16,78.34,2.31,1.7,60.12,-15.77948,-70.91799,4470
Crucero_Alto,2002-04-12,5.31,12.72,0.66,75.37,0.24,1.38,60.14,-15.77948,-70.91799,4470
Crucero_Alto,2002-04-13,5.66,12.54,0.9,77.32,0.1,2.56,60.13,-15.77948,-70.91799,4470
Crucero_Alto,2002-04-14,5.66,12.4,0.43,77.46,7.11,3.26,60.19,-15.77948,-70.91799,4470
Crucero_Alto,2002-04-15,6.47,13.86,1.01,75.17,1.13,2.78,60.22,-15.77948,-70.91799,4470
Crucero_Alto,2002-04-16,6.47,15.32,1.66,76.52,0.06,1.4,60.23,-15.77948,-70.91799,4470
Crucero_Alto,2002-04-17,7.4,14.69,1.52,72.26,1.08,1.28,60.26,-15.77948,-70.91799,4470
Crucero_Alto,2002-04-18,5.48,10.99,1.4,79.64,1.5,2.01,60.25,-15.77948,-70.91799,4470
Crucero_Alto,2002-04-19,6.77,14.32,0.83,72.73,0.21,1.46,60.19,-15.77948,-70.91799,4470
Crucero_Alto,2002-04-20,6.07,13.65,1.72,77.43,2.82,1.71,60.15,-15.77948,-70.91799,4470
Crucero_Alto,2002-04-21,5.17,12.33,1.08,77.97,5.45,2.01,60.19,-15.77948,-70.91799,4470
Crucero_Alto,2002-04-22,4.75,13.27,0.26,78.43,8.04,1.7,60.17,-15.77948,-70.91799,4470
Crucero_Alto,2002-04-23,4.03,10.27,0.09,73.91,2.68,1.87,60.2,-15.77948,-70.91799,4470
Crucero_Alto,2002-04-24,5.29,14.74,-0.49,61.43,1.12,1.35,60.2,-15.77948,-70.91799,4470
Crucero_Alto,2002-04-25,5.57,14.45,-1.46,63.0,2.55,1.01,60.17,-15.77948,-70.91799,4470
Crucero_Alto,2002-04-26,6.49,15.21,-0.62,68.38,0.53,0.93,60.19,-15.77948,-70.91799,4470
Crucero_Alto,2002-04-27,5.25,10.52,1.47,80.01,0.35,1.82,60.19,-15.77948,-70.91799,4470
Crucero_Alto,2002-04-28,4.18,14.02,-4.48,75.4,0.06,2.73,60.17,-15.77948,-70.91799,4470
Crucero_Alto,2002-04-29,4.57,15.58,-6.25,41.51,0.0,1.52,60.17,-15.77948,-70.91799,4470
Crucero_Alto,2002-04-30,6.3,14.97,-1.67,61.5,0.14,1.26,60.28,-15.77948,-70.91799,4470
Crucero_Alto,2002-05-01,6.14,14.49,-1.55,72.35,0.01,1.49,60.33,-15.77948,-70.91799,4470
Crucero_Alto,2002-05-02,6.73,14.55,1.4,70.03,0.03,1.74,60.32,-15.77948,-70.91799,4470
Crucero_Alto,2002-05-03,5.55,14.29,-0.7,70.51,0.0,1.32,60.23,-15.77948,-70.91799,4470
Crucero_Alto,2002-05-04,3.75,11.24,-0.65,74.69,7.31,1.12,60.28,-15.77948,-70.91799,4470
Crucero_Alto,2002-05-05,4.47,12.9,-2.63,73.14,6.86,1.11,60.32,-15.77948,-70.91799,4470
Crucero_Alto,2002-05-06,4.26,11.76,0.27,79.64,1.27,1.83,60.35,-15.77948,-70.91799,4470
Crucero_Alto,2002-05-07,5.12,13.75,-0.59,66.68,0.0,1.21,60.38,-15.77948,-70.91799,4470
Crucero_Alto,2002-05-08,5.02,14.37,-2.05,61.49,0.09,1.14,60.32,-15.77948,-70.91799,4470
Crucero_Alto,2002-05-09,5.33,14.36,-0.89,70.08,0.66,1.04,60.31,-15.77948,-70.91799,4470
Crucero_Alto,2002-05-10,4.32,11.86,-1.92,75.22,0.76,0.89,60.33,-15.77948,-70.91799,4470
Crucero_Alto,2002-05-11,5.17,12.48,-0.01,75.2,2.37,1.22,60.38,-15.77948,-70.91799,4470
Crucero_Alto,2002-05-12,5.99,13.89,-1.85,68.98,0.0,1.23,60.34,-15.77948,-70.91799,4470
Crucero_Alto,2002-05-13,4.25,12.88,-1.17,77.24,0.0,1.84,60.22,-15.77948,-70.91799,4470
Crucero_Alto,2002-05-14,3.83,12.52,-2.91,75.03,0.0,2.01,60.2,-15.77948,-70.91799,4470
Crucero_Alto,2002-05-15,4.58,14.51,-2.7,70.33,0.0,1.43,60.28,-15.77948,-70.91799,4470
Crucero_Alto,2002-05-16,3.99,13.35,-2.5,69.87,0.0,1.84,60.29,-15.77948,-70.91799,4470
Crucero_Alto,2002-05-17,2.09,10.82,-3.18,67.72,0.0,1.83,60.2,-15.77948,-70.91799,4470
Crucero_Alto,2002-05-18,1.34,9.45,-3.74,77.18,0.0,2.83,60.15,-15.77948,-70.91799,4470
Crucero_Alto,2002-05-19,1.82,11.94,-4.98,75.49,0.0,2.73,60.15,-15.77948,-70.91799,4470
Crucero_Alto,2002-05-20,0.75,11.07,-6.56,56.27,0.0,2.96,60.22,-15.77948,-70.91799,4470
Crucero_Alto,2002-05-21,3.66,14.09,-3.89,40.27,0.21,1.03,60.24,-15.77948,-70.91799,4470
Crucero_Alto,2002-05-22,4.73,13.93,-2.7,49.26,0.01,0.92,60.23,-15.77948,-70.91799,4470
Crucero_Alto,2002-05-23,4.66,11.16,0.17,60.01,0.0,1.06,60.32,-15.77948,-70.91799,4470
Crucero_Alto,2002-05-24,5.31,14.08,-1.47,70.09,0.02,1.51,60.27,-15.77948,-70.91799,4470
Crucero_Alto,2002-05-25,4.15,13.77,-3.09,71.0,0.0,1.38,60.27,-15.77948,-70.91799,4470
Crucero_Alto,2002-05-26,3.32,13.37,-3.13,69.21,0.0,2.3,60.22,-15.77948,-70.91799,4470
Crucero_Alto,2002-05-27,3.45,13.79,-3.73,70.62,0.01,1.94,60.12,-15.77948,-70.91799,4470
Crucero_Alto,2002-05-28,2.34,11.4,-4.3,70.04,0.03,2.13,60.11,-15.77948,-70.91799,4470
Crucero_Alto,2002-05-29,3.38,13.31,-3.97,67.42,0.03,1.85,60.12,-15.77948,-70.91799,4470
Crucero_Alto,2002-05-30,3.67,12.32,-2.88,64.84,0.0,1.58,60.23,-15.77948,-70.91799,4470
Crucero_Alto,2002-05-31,4.61,13.09,-2.19,57.62,0.0,1.48,60.31,-15.77948,-70.91799,4470
Crucero_Alto,2002-06-01,4.19,13.55,-2.22,62.5,0.0,2.04,60.31,-15.77948,-70.91799,4470
Crucero_Alto,2002-06-02,4.13,13.49,-3.09,50.57,0.0,1.97,60.31,-15.77948,-70.91799,4470
Crucero_Alto,2002-06-03,4.19,12.99,-2.3,53.86,0.0,1.4,60.27,-15.77948,-70.91799,4470
Crucero_Alto,2002-06-04,3.59,14.36,-3.57,58.23,0.0,1.63,60.31,-15.77948,-70.91799,4470
Crucero_Alto,2002-06-05,4.34,14.81,-3.2,47.96,0.0,1.57,60.28,-15.77948,-70.91799,4470
Crucero_Alto,2002-06-06,6.13,15.35,-0.2,36.76,0.0,0.92,60.24,-15.77948,-70.91799,4470
Crucero_Alto,2002-06-07,6.49,15.37,0.59,37.01,0.0,0.88,60.28,-15.77948,-70.91799,4470
Crucero_Alto,2002-06-08,6.73,15.48,-0.86,58.59,0.0,1.21,60.31,-15.77948,-70.91799,4470
Crucero_Alto,2002-06-09,4.92,14.8,-1.83,52.86,0.02,1.8,60.29,-15.77948,-70.91799,4470
Crucero_Alto,2002-06-10,5.49,14.6,-1.47,38.86,0.0,1.16,60.25,-15.77948,-70.91799,4470
Crucero_Alto,2002-06-11,3.24,10.87,-2.79,54.63,0.0,1.67,60.31,-15.77948,-70.91799,4470
Crucero_Alto,2002-06-12,3.87,13.63,-2.84,55.86,0.0,1.73,60.27,-15.77948,-70.91799,4470
Crucero_Alto,2002-06-13,2.91,12.17,-3.04,49.85,0.07,2.06,60.28,-15.77948,-70.91799,4470
Crucero_Alto,2002-06-14,3.25,12.91,-3.2,54.45,0.0,1.25,60.3,-15.77948,-70.91799,4470
Crucero_Alto,2002-06-15,4.25,12.07,-2.42,69.98,0.26,1.68,60.29,-15.77948,-70.91799,4470
Crucero_Alto,2002-06-16,3.43,13.0,-4.22,67.85,0.0,2.36,60.23,-15.77948,-70.91799,4470
Crucero_Alto,2002-06-17,1.41,10.74,-5.35,61.1,0.05,3.11,60.2,-15.77948,-70.91799,4470
Crucero_Alto,2002-06-18,1.92,12.42,-5.72,36.46,0.0,1.98,60.22,-15.77948,-70.91799,4470
Crucero_Alto,2002-06-19,3.77,12.69,-3.43,52.27,0.01,1.5,60.25,-15.77948,-70.91799,4470
Crucero_Alto,2002-06-20,3.58,12.02,-3.58,59.3,0.0,1.19,60.29,-15.77948,-70.91799,4470
Crucero_Alto,2002-06-21,2.61,10.13,-2.31,70.9,0.0,2.76,60.34,-15.77948,-70.91799,4470
Crucero_Alto,2002-06-22,3.2,13.12,-3.9,66.08,0.0,1.47,60.36,-15.77948,-70.91799,4470
Crucero_Alto,2002-06-23,4.13,13.12,-3.85,60.41,0.0,0.86,60.33,-15.77948,-70.91799,4470
Crucero_Alto,2002-06-24,4.83,13.58,-2.52,55.02,0.05,0.61,60.31,-15.77948,-70.91799,4470
Crucero_Alto,2002-06-25,5.22,13.8,-2.26,59.96,0.0,1.02,60.31,-15.77948,-70.91799,4470
Crucero_Alto,2002-06-26,3.73,13.43,-3.16,57.7,0.0,2.09,60.32,-15.77948,-70.91799,4470
Crucero_Alto,2002-06-27,2.45,10.71,-3.19,65.97,0.15,2.22,60.31,-15.77948,-70.91799,4470
Crucero_Alto,2002-06-28,2.67,10.13,-4.26,66.17,0.07,2.17,60.29,-15.77948,-70.91799,4470
Crucero_Alto,2002-06-29,3.07,10.75,-3.07,67.27,0.12,2.78,60.26,-15.77948,-70.91799,4470
Crucero_Alto,2002-06-30,2.16,10.49,-3.73,74.72,0.21,3.62,60.28,-15.77948,-70.91799,4470
Crucero_Alto,2002-07-01,1.65,10.39,-4.62,73.47,0.01,3.76,60.27,-15.77948,-70.91799,4470
Crucero_Alto,2002-07-02,1.93,10.03,-4.97,71.08,0.11,3.71,60.14,-15.77948,-70.91799,4470
Crucero_Alto,2002-07-03,0.53,7.01,-4.15,75.37,0.46,3.0,60.0,-15.77948,-70.91799,4470
Crucero_Alto,2002-07-04,1.03,9.43,-5.64,52.28,0.02,3.37,60.09,-15.77948,-70.91799,4470
Crucero_Alto,2002-07-05,-0.23,8.19,-6.62,58.72,0.08,4.13,60.14,-15.77948,-70.91799,4470
Crucero_Alto,2002-07-06,-1.08,8.21,-6.93,44.72,0.02,3.16,60.17,-15.77948,-70.91799,4470
Crucero_Alto,2002-07-07,0.75,8.6,-4.7,48.42,0.0,2.33,60.2,-15.77948,-70.91799,4470
Crucero_Alto,2002-07-08,0.14,9.71,-5.98,60.26,0.0,3.29,60.19,-15.77948,-70.91799,4470
Crucero_Alto,2002-07-09,1.24,9.84,-5.89,58.94,0.04,1.87,60.18,-15.77948,-70.91799,4470
Crucero_Alto,2002-07-10,0.36,5.83,-3.44,82.13,4.19,2.21,60.17,-15.77948,-70.91799,4470
Crucero_Alto,2002-07-11,-0.2,4.07,-3.16,80.52,2.58,1.68,60.26,-15.77948,-70.91799,4470
Crucero_Alto,2002-07-12,1.52,7.92,-3.35,63.34,0.02,1.8,60.3,-15.77948,-70.91799,4470
Crucero_Alto,2002-07-13,0.58,6.56,-3.99,76.99,0.1,1.51,60.25,-15.77948,-70.91799,4470
Crucero_Alto,2002-07-14,0.97,7.13,-4.14,65.53,0.01,1.57,60.29,-15.77948,-70.91799,4470
Crucero_Alto,2002-07-15,1.37,10.85,-5.45,46.33,0.0,1.9,60.27,-15.77948,-70.91799,4470
Crucero_Alto,2002-07-16,1.51,9.41,-3.47,58.76,0.13,1.29,60.27,-15.77948,-70.91799,4470
Crucero_Alto,2002-07-17,1.42,8.58,-2.65,78.49,0.33,1.82,60.32,-15.77948,-70.91799,4470
Crucero_Alto,2002-07-18,1.66,7.47,-2.27,71.82,0.13,1.28,60.31,-15.77948,-70.91799,4470
Crucero_Alto,2002-07-19,0.61,9.09,-5.97,58.07,0.01,2.48,60.21,-15.77948,-70.91799,4470
Crucero_Alto,2002-07-20,-0.91,8.62,-6.63,48.96,0.0,3.31,60.21,-15.77948,-70.91799,4470
Crucero_Alto,2002-07-21,-0.47,8.89,-6.38,34.38,0.0,3.49,60.23,-15.77948,-70.91799,4470
Crucero_Alto,2002-07-22,3.3,12.74,-5.41,28.74,0.0,1.48,60.19,-15.77948,-70.91799,4470
Crucero_Alto,2002-07-23,3.94,13.7,-3.23,49.4,0.0,1.25,60.23,-15.77948,-70.91799,4470
Crucero_Alto,2002-07-24,4.48,13.48,-2.56,57.34,0.0,1.37,60.32,-15.77948,-70.91799,4470
Crucero_Alto,2002-07-25,3.53,11.39,-0.97,73.72,0.0,1.38,60.36,-15.77948,-70.91799,4470
Crucero_Alto,2002-07-26,3.84,10.86,-1.87,59.38,0.0,0.76,60.31,-15.77948,-70.91799,4470
Crucero_Alto,2002-07-27,3.85,12.37,-1.31,56.01,2.35,1.47,60.26,-15.77948,-70.91799,4470
Crucero_Alto,2002-07-28,1.54,6.79,-2.58,81.67,1.12,1.53,60.26,-15.77948,-70.91799,4470
Crucero_Alto,2002-07-29,2.4,10.92,-3.59,75.78,0.01,2.18,60.28,-15.77948,-70.91799,4470
Crucero_Alto,2002-07-30,3.21,12.11,-4.14,67.86,0.0,1.88,60.28,-15.77948,-70.91799,4470
Crucero_Alto,2002-07-31,2.97,11.77,-3.95,62.28,0.0,2.1,60.3,-15.77948,-70.91799,4470
Crucero_Alto,2002-08-01,3.02,13.25,-3.85,46.95,0.01,2.19,60.25,-15.77948,-70.91799,4470
Crucero_Alto,2002-08-02,3.92,12.18,-2.42,54.5,0.0,1.52,60.25,-15.77948,-70.91799,4470
Crucero_Alto,2002-08-03,3.16,11.24,-2.58,74.59,0.0,2.06,60.35,-15.77948,-70.91799,4470
Crucero_Alto,2002-08-04,3.8,13.11,-3.44,60.68,0.0,1.97,60.35,-15.77948,-70.91799,4470
Crucero_Alto,2002-08-05,5.22,14.19,-2.94,44.28,0.01,1.64,60.2,-15.77948,-70.91799,4470
Crucero_Alto,2002-08-06,3.89,11.29,-1.76,65.28,1.23,1.53,60.22,-15.77948,-70.91799,4470
Crucero_Alto,2002-08-07,2.89,9.99,-3.49,74.34,0.0,1.24,60.37,-15.77948,-70.91799,4470
Crucero_Alto,2002-08-08,3.78,11.68,-2.63,67.15,0.01,0.75,60.41,-15.77948,-70.91799,4470
Crucero_Alto,2002-08-09,3.74,11.0,-2.4,66.29,0.0,2.54,60.37,-15.77948,-70.91799,4470
Crucero_Alto,2002-08-10,4.88,12.91,-1.98,57.73,0.0,1.14,60.34,-15.77948,-70.91799,4470
Crucero_Alto,2002-08-11,4.02,12.19,-2.93,64.7,0.0,1.92,60.34,-15.77948,-70.91799,4470
Crucero_Alto,2002-08-12,2.88,10.54,-2.49,70.5,0.02,1.32,60.36,-15.77948,-70.91799,4470
Crucero_Alto,2002-08-13,3.64,12.47,-4.22,63.68,0.0,1.59,60.3,-15.77948,-70.91799,4470
Crucero_Alto,2002-08-14,4.44,12.65,-3.89,60.14,0.29,1.8,60.25,-15.77948,-70.91799,4470
Crucero_Alto,2002-08-15,4.12,11.75,-2.59,67.4,0.02,1.8,60.29,-15.77948,-70.91799,4470
Crucero_Alto,2002-08-16,3.39,12.23,-2.48,72.63,0.0,1.98,60.3,-15.77948,-70.91799,4470
Crucero_Alto,2002-08-17,1.19,6.53,-3.06,78.31,0.09,1.22,60.24,-15.77948,-70.91799,4470
Crucero_Alto,2002-08-18,0.41,10.91,-5.57,59.02,0.0,2.5,60.15,-15.77948,-70.91799,4470
Crucero_Alto,2002-08-19,1.74,11.28,-5.79,46.51,0.0,2.23,60.12,-15.77948,-70.91799,4470
Crucero_Alto,2002-08-20,1.96,12.26,-5.44,39.14,0.02,2.6,60.17,-15.77948,-70.91799,4470
Crucero_Alto,2002-08-21,2.9,12.57,-4.5,50.77,0.04,2.32,60.2,-15.77948,-70.91799,4470
Crucero_Alto,2002-08-22,3.79,11.93,-3.29,55.32,0.04,2.01,60.25,-15.77948,-70.91799,4470
Crucero_Alto,2002-08-23,4.53,13.58,-2.42,49.22,0.0,1.28,60.23,-15.77948,-70.91799,4470
Crucero_Alto,2002-08-24,4.86,13.4,-2.11,62.39,0.0,1.22,60.22,-15.77948,-70.91799,4470
Crucero_Alto,2002-08-25,5.31,14.13,-1.5,66.36,1.08,1.85,60.25,-15.77948,-70.91799,4470
Crucero_Alto,2002-08-26,4.32,11.81,-1.84,71.8,0.83,2.04,60.23,-15.77948,-70.91799,4470
Crucero_Alto,2002-08-27,3.11,10.94,-2.13,75.56,0.04,2.8,60.18,-15.77948,-70.91799,4470
Crucero_Alto,2002-08-28,1.31,12.25,-6.84,45.66,0.0,3.38,60.07,-15.77948,-70.91799,4470
Crucero_Alto,2002-08-29,2.29,13.97,-7.01,32.46,0.04,2.2,60.01,-15.77948,-70.91799,4470
Crucero_Alto,2002-08-30,2.02,9.75,-3.83,50.34,0.2,1.48,60.04,-15.77948,-70.91799,4470
Crucero_Alto,2002-08-31,3.09,12.1,-3.75,65.32,0.13,2.39,60.13,-15.77948,-70.91799,4470
Crucero_Alto,2002-09-01,3.59,12.29,-3.63,69.3,0.57,2.72,60.13,-15.77948,-70.91799,4470
Crucero_Alto,2002-09-02,3.55,12.71,-2.92,69.96,0.17,2.17,60.13,-15.77948,-70.91799,4470
Crucero_Alto,2002-09-03,3.98,13.04,-2.88,64.97,0.2,2.16,60.19,-15.77948,-70.91799,4470
Crucero_Alto,2002-09-04,4.41,13.32,-2.16,65.48,0.02,2.94,60.28,-15.77948,-70.91799,4470
Crucero_Alto,2002-09-05,4.14,14.06,-3.46,60.31,0.0,2.57,60.27,-15.77948,-70.91799,4470
Crucero_Alto,2002-09-06,4.98,15.51,-5.13,42.93,0.0,1.48,60.26,-15.77948,-70.91799,4470
Crucero_Alto,2002-09-07,5.96,15.4,-1.28,62.26,0.0,1.48,60.32,-15.77948,-70.91799,4470
Crucero_Alto,2002-09-08,6.04,14.87,-1.88,50.64,0.0,0.96,60.31,-15.77948,-70.91799,4470
Crucero_Alto,2002-09-09,4.59,13.26,-1.18,54.16,0.0,1.41,60.29,-15.77948,-70.91799,4470
Crucero_Alto,2002-09-10,3.69,11.26,-1.23,61.74,7.35,1.75,60.25,-15.77948,-70.91799,4470
Crucero_Alto,2002-09-11,3.53,11.83,-2.11,66.55,0.73,2.27,60.18,-15.77948,-70.91799,4470
Crucero_Alto,2002-09-12,3.56,13.6,-2.9,56.59,0.13,2.38,60.13,-15.77948,-70.91799,4470
Crucero_Alto,2002-09-13,2.91,10.44,-2.42,54.56,0.0,2.99,60.16,-15.77948,-70.91799,4470
Crucero_Alto,2002-09-14,4.24,11.71,-2.51,43.63,0.0,1.08,60.17,-15.77948,-70.91799,4470
Crucero_Alto,2002-09-15,4.4,15.23,-2.95,44.58,0.01,2.67,60.18,-15.77948,-70.91799,4470
Crucero_Alto,2002-09-16,3.14,11.11,-4.57,44.39,0.0,1.66,60.22,-15.77948,-70.91799,4470
Crucero_Alto,2002-09-17,3.89,11.15,-3.13,58.89,1.75,2.13,60.25,-15.77948,-70.91799,4470
Crucero_Alto,2002-09-18,4.8,14.01,-2.16,58.86,1.96,1.58,60.32,-15.77948,-70.91799,4470
Crucero_Alto,2002-09-19,6.0,15.98,-2.44,46.05,0.0,1.54,60.3,-15.77948,-70.91799,4470
Crucero_Alto,2002-09-20,6.87,18.21,-2.01,33.24,0.01,1.59,60.25,-15.77948,-70.91799,4470
Crucero_Alto,2002-09-21,5.71,16.33,-1.95,39.47,0.02,2.82,60.19,-15.77948,-70.91799,4470
Crucero_Alto,2002-09-22,4.35,16.5,-5.06,36.58,0.0,3.22,60.19,-15.77948,-70.91799,4470
Crucero_Alto,2002-09-23,4.12,15.81,-5.46,27.34,0.04,3.2,60.18,-15.77948,-70.91799,4470
Crucero_Alto,2002-09-24,5.21,16.74,-2.21,27.41,0.1,1.89,60.16,-15.77948,-70.91799,4470
Crucero_Alto,2002-09-25,5.69,14.67,-2.47,43.5,0.0,1.33,60.17,-15.77948,-70.91799,4470
Crucero_Alto,2002-09-26,5.42,11.22,0.62,61.62,0.0,1.24,60.18,-15.77948,-70.91799,4470
Crucero_Alto,2002-09-27,7.25,16.39,-0.85,49.08,0.0,1.15,60.22,-15.77948,-70.91799,4470
Crucero_Alto,2002-09-28,7.82,16.24,0.41,64.62,0.0,1.38,60.26,-15.77948,-70.91799,4470
Crucero_Alto,2002-09-29,7.85,15.56,2.58,64.34,0.0,1.16,60.27,-15.77948,-70.91799,4470
Crucero_Alto,2002-09-30,6.12,13.47,1.47,69.26,0.09,2.27,60.23,-15.77948,-70.91799,4470
Crucero_Alto,2002-10-01,4.04,12.4,-1.02,72.69,16.95,1.92,60.31,-15.77948,-70.91799,4470
Crucero_Alto,2002-10-02,4.86,12.42,-1.74,45.99,5.54,1.82,60.27,-15.77948,-70.91799,4470
Crucero_Alto,2002-10-03,5.48,12.37,-1.69,50.24,0.02,1.54,60.21,-15.77948,-70.91799,4470
Crucero_Alto,2002-10-04,5.4,12.29,0.36,70.8,4.25,1.51,60.18,-15.77948,-70.91799,4470
Crucero_Alto,2002-10-05,6.7,12.58,1.88,67.24,0.01,1.83,60.2,-15.77948,-70.91799,4470
Crucero_Alto,2002-10-06,5.44,11.53,0.14,72.66,0.0,2.19,60.19,-15.77948,-70.91799,4470
Crucero_Alto,2002-10-07,6.42,14.11,0.6,65.77,0.04,1.89,60.15,-15.77948,-70.91799,4470
Crucero_Alto,2002-10-08,5.35,11.5,0.77,73.22,1.28,1.85,60.19,-15.77948,-70.91799,4470
Crucero_Alto,2002-10-09,5.23,13.0,0.08,67.12,2.54,1.75,60.15,-15.77948,-70.91799,4470
Crucero_Alto,2002-10-10,5.6,14.33,-0.92,54.42,0.27,2.18,60.09,-15.77948,-70.91799,4470
Crucero_Alto,2002-10-11,6.19,15.9,-2.21,42.25,0.05,1.6,60.17,-15.77948,-70.91799,4470
Crucero_Alto,2002-10-12,8.31,16.5,1.78,45.65,0.01,2.21,60.28,-15.77948,-70.91799,4470
Crucero_Alto,2002-10-13,7.18,15.66,-2.09,58.65,1.96,2.44,60.24,-15.77948,-70.91799,4470
Crucero_Alto,2002-10-14,3.47,14.66,-4.48,43.26,0.03,3.1,60.15,-15.77948,-70.91799,4470
Crucero_Alto,2002-10-15,4.73,15.67,-5.04,40.61,3.45,1.22,60.1,-15.77948,-70.91799,4470
Crucero_Alto,2002-10-16,6.65,17.11,-1.67,54.14,1.88,2.34,60.1,-15.77948,-70.91799,4470
Crucero_Alto,2002-10-17,5.17,16.85,-3.74,48.39,0.63,3.03,60.19,-15.77948,-70.91799,4470
Crucero_Alto,2002-10-18,5.1,16.89,-4.89,45.48,0.01,1.62,60.12,-15.77948,-70.91799,4470
Crucero_Alto,2002-10-19,6.64,16.17,-1.51,45.63,0.82,1.21,60.09,-15.77948,-70.91799,4470
Crucero_Alto,2002-10-20,8.08,17.29,-0.57,42.13,2.24,1.02,60.1,-15.77948,-70.91799,4470
Crucero_Alto,2002-10-21,8.15,15.93,0.77,56.07,2.78,2.37,60.17,-15.77948,-70.91799,4470
Crucero_Alto,2002-10-22,6.67,15.29,-0.1,64.18,0.42,1.46,60.3,-15.77948,-70.91799,4470
Crucero_Alto,2002-10-23,7.54,16.38,0.8,58.95,0.02,1.77,60.26,-15.77948,-70.91799,4470
Crucero_Alto,2002-10-24,7.06,16.96,1.39,63.12,2.58,2.06,60.18,-15.77948,-70.91799,4470
Crucero_Alto,2002-10-25,6.25,14.26,0.82,67.82,2.68,2.4,60.12,-15.77948,-70.91799,4470
Crucero_Alto,2002-10-26,5.08,11.3,0.71,71.0,0.15,1.73,60.16,-15.77948,-70.91799,4470
Crucero_Alto,2002-10-27,6.91,16.38,-0.31,62.08,1.36,1.67,60.13,-15.77948,-70.91799,4470
Crucero_Alto,2002-10-28,6.77,18.17,-1.46,44.96,1.42,2.02,60.11,-15.77948,-70.91799,4470
Crucero_Alto,2002-10-29,7.7,17.18,-0.84,42.0,0.02,1.02,59.99,-15.77948,-70.91799,4470
Crucero_Alto,2002-10-30,7.12,15.08,1.03,52.65,3.25,2.4,60.02,-15.77948,-70.91799,4470
Crucero_Alto,2002-10-31,7.03,15.51,-0.66,52.17,0.67,1.79,60.09,-15.77948,-70.91799,4470
Crucero_Alto,2002-11-01,8.19,17.36,0.53,47.34,0.05,1.2,60.11,-15.77948,-70.91799,4470
Crucero_Alto,2002-11-02,6.88,14.31,-0.96,54.35,6.23,1.59,60.13,-15.77948,-70.91799,4470
Crucero_Alto,2002-11-03,6.38,17.58,-2.67,37.11,0.0,2.24,60.12,-15.77948,-70.91799,4470
Crucero_Alto,2002-11-04,6.28,17.88,-2.32,39.03,0.46,2.73,60.16,-15.77948,-70.91799,4470
Crucero_Alto,2002-11-05,7.32,18.22,-1.4,34.19,0.15,1.68,60.17,-15.77948,-70.91799,4470
Crucero_Alto,2002-11-06,8.2,17.56,1.24,53.76,0.0,2.48,60.24,-15.77948,-70.91799,4470
Crucero_Alto,2002-11-07,7.42,16.66,-0.56,46.17,0.0,2.47,60.31,-15.77948,-70.91799,4470
Crucero_Alto,2002-11-08,7.99,17.42,-1.17,37.17,0.0,1.42,60.21,-15.77948,-70.91799,4470
Crucero_Alto,2002-11-09,7.62,18.46,-0.65,40.62,0.0,2.37,60.11,-15.77948,-70.91799,4470
Crucero_Alto,2002-11-10,6.64,18.1,-2.68,34.48,0.05,2.5,60.13,-15.77948,-70.91799,4470
Crucero_Alto,2002-11-11,6.87,18.57,-2.01,36.89,0.55,2.24,60.12,-15.77948,-70.91799,4470
Crucero_Alto,2002-11-12,7.18,18.43,-1.41,38.72,3.97,1.55,60.17,-15.77948,-70.91799,4470
Crucero_Alto,2002-11-13,7.72,17.7,-0.91,42.28,2.72,1.23,60.19,-15.77948,-70.91799,4470
Crucero_Alto,2002-11-14,5.37,10.89,0.39,66.45,0.15,2.08,60.19,-15.77948,-70.91799,4470
Crucero_Alto,2002-11-15,8.02,16.49,0.9,59.0,0.0,1.82,60.15,-15.77948,-70.91799,4470
Crucero_Alto,2002-11-16,5.95,12.84,2.31,71.3,0.13,2.41,60.21,-15.77948,-70.91799,4470
Crucero_Alto,2002-11-17,7.25,14.7,1.76,59.34,0.05,1.79,60.21,-15.77948,-70.91799,4470
Crucero_Alto,2002-11-18,5.32,13.22,-0.08,65.13,0.02,1.61,60.14,-15.77948,-70.91799,4470
Crucero_Alto,2002-11-19,6.94,15.21,0.88,66.65,1.73,1.47,60.09,-15.77948,-70.91799,4470
Crucero_Alto,2002-11-20,8.49,16.15,3.04,66.08,1.85,2.98,60.06,-15.77948,-70.91799,4470
Crucero_Alto,2002-11-21,7.56,15.78,1.39,66.28,2.56,3.68,60.17,-15.77948,-70.91799,4470
Crucero_Alto,2002-11-22,7.73,15.27,0.53,64.9,3.01,2.66,60.28,-15.77948,-70.91799,4470
Crucero_Alto,2002-11-23,8.15,13.85,3.25,66.68,3.31,1.71,60.26,-15.77948,-70.91799,4470
Crucero_Alto,2002-11-24,6.4,10.98,2.84,75.1,2.57,1.52,60.17,-15.77948,-70.91799,4470
Crucero_Alto,2002-11-25,6.58,13.41,-0.17,66.21,2.32,1.7,60.12,-15.77948,-70.91799,4470
Crucero_Alto,2002-11-26,6.76,12.28,3.01,72.57,4.44,1.85,60.13,-15.77948,-70.91799,4470
Crucero_Alto,2002-11-27,7.34,16.31,0.69,62.5,0.13,2.04,60.15,-15.77948,-70.91799,4470
Crucero_Alto,2002-11-28,9.09,18.9,2.3,53.16,0.05,2.01,60.12,-15.77948,-70.91799,4470
Crucero_Alto,2002-11-29,8.21,18.97,0.05,50.76,0.0,1.89,60.15,-15.77948,-70.91799,4470
Crucero_Alto,2002-11-30,8.94,19.99,-0.52,42.11,0.01,2.39,60.09,-15.77948,-70.91799,4470
Crucero_Alto,2002-12-01,6.27,10.73,1.72,57.61,6.83,1.51,60.19,-15.77948,-70.91799,4470
Crucero_Alto,2002-12-02,6.79,15.24,1.38,72.71,9.12,2.6,60.07,-15.77948,-70.91799,4470
Crucero_Alto,2002-12-03,4.64,10.48,0.97,74.99,0.54,1.85,60.15,-15.77948,-70.91799,4470
Crucero_Alto,2002-12-04,5.89,14.19,-0.92,66.88,10.59,1.89,60.2,-15.77948,-70.91799,4470
Crucero_Alto,2002-12-05,4.12,9.98,-0.55,69.52,3.79,2.12,60.22,-15.77948,-70.91799,4470
Crucero_Alto,2002-12-06,6.88,17.5,-1.33,48.04,2.6,2.57,60.23,-15.77948,-70.91799,4470
Crucero_Alto,2002-12-07,6.88,18.32,-1.98,50.44,1.36,2.61,60.16,-15.77948,-70.91799,4470
Crucero_Alto,2002-12-08,6.2,16.76,-2.02,52.36,0.15,2.3,60.14,-15.77948,-70.91799,4470
Crucero_Alto,2002-12-09,6.63,18.55,-2.41,49.21,0.07,2.5,60.16,-15.77948,-70.91799,4470
Crucero_Alto,2002-12-10,7.39,18.55,-1.92,39.21,0.08,1.39,60.27,-15.77948,-70.91799,4470
Crucero_Alto,2002-12-11,8.7,19.3,-0.65,40.3,0.07,1.38,60.28,-15.77948,-70.91799,4470
Crucero_Alto,2002-12-12,9.67,17.63,3.53,61.97,0.01,1.98,60.27,-15.77948,-70.91799,4470
Crucero_Alto,2002-12-13,9.86,18.06,3.2,57.8,0.08,1.28,60.21,-15.77948,-70.91799,4470
Crucero_Alto,2002-12-14,8.44,19.67,-0.14,45.56,0.02,2.41,60.21,-15.77948,-70.91799,4470
Crucero_Alto,2002-12-15,7.1,18.99,-1.45,38.62,0.86,2.55,60.18,-15.77948,-70.91799,4470
Crucero_Alto,2002-12-16,6.46,13.42,-1.37,62.27,0.6,2.25,60.2,-15.77948,-70.91799,4470
Crucero_Alto,2002-12-17,8.34,15.4,1.87,66.4,3.47,2.88,60.22,-15.77948,-70.91799,4470
Crucero_Alto,2002-12-18,7.87,15.11,2.13,69.3,10.8,2.05,60.26,-15.77948,-70.91799,4470
Crucero_Alto,2002-12-19,7.06,13.77,2.09,72.79,1.78,1.66,60.23,-15.77948,-70.91799,4470
Crucero_Alto,2002-12-20,6.82,13.8,-0.57,65.13,2.43,1.74,60.25,-15.77948,-70.91799,4470
Crucero_Alto,2002-12-21,6.42,12.95,2.13,71.87,3.83,1.98,60.21,-15.77948,-70.91799,4470
Crucero_Alto,2002-12-22,6.67,16.33,0.18,62.63,10.6,2.3,60.12,-15.77948,-70.91799,4470
Crucero_Alto,2002-12-23,6.56,17.9,-2.09,41.17,0.01,3.0,60.2,-15.77948,-70.91799,4470
Crucero_Alto,2002-12-24,7.88,18.49,-1.43,50.2,2.54,1.52,60.18,-15.77948,-70.91799,4470
Crucero_Alto,2002-12-25,7.0,14.27,0.57,59.73,0.63,2.52,60.26,-15.77948,-70.91799,4470
Crucero_Alto,2002-12-26,9.1,16.25,3.42,65.14,0.14,2.43,60.26,-15.77948,-70.91799,4470
Crucero_Alto,2002-12-27,9.63,17.0,3.24,63.3,0.02,2.24,60.2,-15.77948,-70.91799,4470
Crucero_Alto,2002-12-28,10.43,18.65,4.03,57.17,0.01,2.22,60.15,-15.77948,-70.91799,4470
Crucero_Alto,2002-12-29,7.86,15.56,2.28,65.08,1.63,1.84,60.19,-15.77948,-70.91799,4470
Crucero_Alto,2002-12-30,5.75,13.12,0.99,74.89,4.25,1.66,60.22,-15.77948,-70.91799,4470
Crucero_Alto,2002-12-31,6.88,14.81,2.23,74.08,1.09,1.72,60.25,-15.77948,-70.91799,4470
Crucero_Alto,2003-01-01,5.7,13.2,1.12,76.78,8.81,2.31,60.23,-15.77948,-70.91799,4470
Crucero_Alto,2003-01-02,6.83,14.96,0.71,66.21,0.42,2.41,60.16,-15.77948,-70.91799,4470
Crucero_Alto,2003-01-03,7.24,17.79,-0.84,48.66,0.03,3.42,60.17,-15.77948,-70.91799,4470
Crucero_Alto,2003-01-04,7.53,19.42,-2.27,38.62,0.0,1.75,60.2,-15.77948,-70.91799,4470
Crucero_Alto,2003-01-05,7.95,20.06,-1.97,37.56,0.0,2.25,60.21,-15.77948,-70.91799,4470
Crucero_Alto,2003-01-06,8.32,16.75,0.87,54.84,4.61,2.58,60.3,-15.77948,-70.91799,4470
Crucero_Alto,2003-01-07,8.85,16.64,3.37,66.77,0.93,3.5,60.4,-15.77948,-70.91799,4470
Crucero_Alto,2003-01-08,8.83,16.6,3.11,57.38,0.0,3.03,60.36,-15.77948,-70.91799,4470
Crucero_Alto,2003-01-09,8.81,16.47,2.3,64.58,0.01,2.71,60.34,-15.77948,-70.91799,4470
Crucero_Alto,2003-01-10,9.23,16.81,3.72,66.6,7.1,3.14,60.29,-15.77948,-70.91799,4470
Crucero_Alto,2003-01-11,7.04,14.97,1.35,71.76,4.46,2.69,60.25,-15.77948,-70.91799,4470
Crucero_Alto,2003-01-12,8.64,19.04,0.94,60.3,0.42,2.42,60.2,-15.77948,-70.91799,4470
Crucero_Alto,2003-01-13,7.61,17.62,0.3,64.33,0.13,2.77,60.19,-15.77948,-70.91799,4470
Crucero_Alto,2003-01-14,6.39,13.44,-0.39,68.01,0.29,1.75,60.22,-15.77948,-70.91799,4470
Crucero_Alto,2003-01-15,8.22,17.05,0.38,62.92,1.44,1.04,60.18,-15.77948,-70.91799,4470
Crucero_Alto,2003-01-16,6.93,12.24,3.4,74.61,2.06,1.28,60.2,-15.77948,-70.91799,4470
Crucero_Alto,2003-01-17,5.86,12.47,-0.27,71.1,6.17,2.74,60.29,-15.77948,-70.91799,4470
Crucero_Alto,2003-01-18,5.85,14.47,-2.54,56.19,0.9,2.31,60.28,-15.77948,-70.91799,4470
Crucero_Alto,2003-01-19,5.65,14.22,0.19,69.26,3.68,2.35,60.24,-15.77948,-70.91799,4470
Crucero_Alto,2003-01-20,6.47,15.55,-0.33,66.04,3.21,2.9,60.17,-15.77948,-70.91799,4470
Crucero_Alto,2003-01-21,4.8,12.54,-1.06,72.2,3.18,2.86,60.09,-15.77948,-70.91799,4470
Crucero_Alto,2003-01-22,7.63,16.65,-0.77,65.16,4.16,2.18,60.01,-15.77948,-70.91799,4470
Crucero_Alto,2003-01-23,8.59,14.25,4.47,70.74,4.09,2.4,60.12,-15.77948,-70.91799,4470
Crucero_Alto,2003-01-24,6.66,12.18,3.05,79.31,4.57,3.07,60.2,-15.77948,-70.91799,4470
Crucero_Alto,2003-01-25,7.02,15.61,2.0,74.21,9.5,2.23,60.18,-15.77948,-70.91799,4470
Crucero_Alto,2003-01-26,6.59,14.49,1.59,74.25,4.1,2.07,60.13,-15.77948,-70.91799,4470
Crucero_Alto,2003-01-27,6.89,16.66,0.78,71.23,1.55,2.61,60.13,-15.77948,-70.91799,4470
Crucero_Alto,2003-01-28,6.01,12.89,1.21,74.16,4.34,3.42,60.21,-15.77948,-70.91799,4470
Crucero_Alto,2003-01-29,6.28,14.36,1.74,75.65,5.54,1.73,60.18,-15.77948,-70.91799,4470
Crucero_Alto,2003-01-30,6.5,14.36,1.25,71.73,4.7,1.99,60.16,-15.77948,-70.91799,4470
Crucero_Alto,2003-01-31,6.32,13.44,2.21,72.73,1.63,2.11,60.14,-15.77948,-70.91799,4470
Crucero_Alto,2003-02-01,8.09,15.5,1.37,66.89,0.23,2.17,60.16,-15.77948,-70.91799,4470
Crucero_Alto,2003-02-02,8.42,15.87,3.03,68.16,0.29,2.28,60.25,-15.77948,-70.91799,4470
Crucero_Alto,2003-02-03,8.43,15.75,1.91,68.8,2.51,3.14,60.22,-15.77948,-70.91799,4470
Crucero_Alto,2003-02-04,7.84,15.3,1.72,69.12,1.04,2.14,60.2,-15.77948,-70.91799,4470
Crucero_Alto,2003-02-05,7.52,15.75,1.27,70.1,2.11,1.49,60.15,-15.77948,-70.91799,4470
Crucero_Alto,2003-02-06,8.81,19.01,0.32,61.19,0.82,1.34,60.13,-15.77948,-70.91799,4470
Crucero_Alto,2003-02-07,8.41,16.87,1.06,60.76,0.94,1.73,60.17,-15.77948,-70.91799,4470
Crucero_Alto,2003-02-08,6.66,14.4,1.48,71.79,0.43,2.05,60.22,-15.77948,-70.91799,4470
Crucero_Alto,2003-02-09,8.3,17.14,1.31,65.29,0.03,1.59,60.19,-15.77948,-70.91799,4470
Crucero_Alto,2003-02-10,7.56,15.4,2.21,71.4,0.75,1.78,60.16,-15.77948,-70.91799,4470
Crucero_Alto,2003-02-11,7.7,13.04,3.62,75.96,0.26,1.38,60.18,-15.77948,-70.91799,4470
Crucero_Alto,2003-02-12,8.38,15.24,2.65,68.57,0.6,2.07,60.22,-15.77948,-70.91799,4470
Crucero_Alto,2003-02-13,8.39,17.09,2.72,68.89,0.49,2.13,60.25,-15.77948,-70.91799,4470
Crucero_Alto,2003-02-14,6.28,12.63,1.39,71.21,0.15,2.83,60.17,-15.77948,-70.91799,4470
Crucero_Alto,2003-02-15,6.57,15.27,1.25,74.51,0.43,1.47,60.08,-15.77948,-70.91799,4470
Crucero_Alto,2003-02-16,6.62,12.7,0.28,74.4,0.11,1.72,60.1,-15.77948,-70.91799,4470
Crucero_Alto,2003-02-17,7.29,14.53,2.75,71.3,1.08,2.04,60.13,-15.77948,-70.91799,4470
Crucero_Alto,2003-02-18,7.8,14.18,3.72,71.57,0.44,1.87,60.12,-15.77948,-70.91799,4470
Crucero_Alto,2003-02-19,6.41,14.35,0.63,72.65,0.7,2.09,60.1,-15.77948,-70.91799,4470
Crucero_Alto,2003-02-20,6.71,17.71,-1.32,62.06,5.2,2.02,60.09,-15.77948,-70.91799,4470
Crucero_Alto,2003-02-21,5.83,14.74,0.22,73.54,43.32,1.77,60.1,-15.77948,-70.91799,4470
Crucero_Alto,2003-02-22,6.19,14.39,0.88,75.97,28.1,1.41,60.18,-15.77948,-70.91799,4470
Crucero_Alto,2003-02-23,6.63,13.91,1.41,75.22,4.1,1.23,60.31,-15.77948,-70.91799,4470
Crucero_Alto,2003-02-24,6.5,12.41,2.51,79.37,14.15,1.63,60.28,-15.77948,-70.91799,4470
Crucero_Alto,2003-02-25,5.83,13.43,0.84,74.27,4.74,2.47,60.21,-15.77948,-70.91799,4470
Crucero_Alto,2003-02-26,5.26,11.89,-1.13,79.4,33.44,1.6,60.1,-15.77948,-70.91799,4470
Crucero_Alto,2003-02-27,6.57,12.7,2.68,77.67,14.69,2.38,60.15,-15.77948,-70.91799,4470
Crucero_Alto,2003-02-28,7.0,13.21,2.28,78.33,9.43,2.06,60.22,-15.77948,-70.91799,4470
Crucero_Alto,2003-03-01,7.16,15.14,1.98,75.65,5.1,1.6,60.17,-15.77948,-70.91799,4470
Crucero_Alto,2003-03-02,6.11,12.4,0.86,76.38,3.24,1.85,60.1,-15.77948,-70.91799,4470
Crucero_Alto,2003-03-03,6.62,15.3,1.32,74.94,1.65,1.46,60.07,-15.77948,-70.91799,4470
Crucero_Alto,2003-03-04,6.05,12.81,1.09,75.6,0.82,1.35,60.18,-15.77948,-70.91799,4470
Crucero_Alto,2003-03-05,7.51,16.03,1.48,73.4,0.24,1.41,60.17,-15.77948,-70.91799,4470
Crucero_Alto,2003-03-06,6.91,14.18,1.21,74.49,0.31,1.96,60.12,-15.77948,-70.91799,4470
Crucero_Alto,2003-03-07,7.57,15.57,1.6,67.57,0.71,0.99,60.15,-15.77948,-70.91799,4470
Crucero_Alto,2003-03-08,7.84,16.49,0.78,65.52,0.64,0.98,60.15,-15.77948,-70.91799,4470
Crucero_Alto,2003-03-09,8.33,16.6,1.56,68.05,0.66,0.99,60.1,-15.77948,-70.91799,4470
Crucero_Alto,2003-03-10,7.16,14.57,1.22,70.86,0.06,1.24,60.15,-15.77948,-70.91799,4470
Crucero_Alto,2003-03-11,7.36,14.27,2.1,70.37,1.76,1.53,60.2,-15.77948,-70.91799,4470
Crucero_Alto,2003-03-12,7.04,14.96,1.59,74.16,0.94,1.31,60.19,-15.77948,-70.91799,4470
Crucero_Alto,2003-03-13,8.3,15.32,3.28,70.32,0.41,1.56,60.14,-15.77948,-70.91799,4470
Crucero_Alto,2003-03-14,6.26,13.86,1.45,75.65,0.2,1.61,60.18,-15.77948,-70.91799,4470
Crucero_Alto,2003-03-15,6.62,16.28,-1.67,65.22,0.07,1.73,60.2,-15.77948,-70.91799,4470
Crucero_Alto,2003-03-16,6.16,11.96,0.63,76.99,1.99,1.52,60.27,-15.77948,-70.91799,4470
Crucero_Alto,2003-03-17,6.78,13.5,2.16,78.42,3.41,1.88,60.25,-15.77948,-70.91799,4470
Crucero_Alto,2003-03-18,7.31,14.5,2.2,76.01,1.42,2.01,60.12,-15.77948,-70.91799,4470
Crucero_Alto,2003-03-19,6.11,14.32,1.33,77.51,0.92,1.76,60.15,-15.77948,-70.91799,4470
Crucero_Alto,2003-03-20,4.88,12.27,0.83,79.65,1.06,1.32,60.29,-15.77948,-70.91799,4470
Crucero_Alto,2003-03-21,5.54,9.7,2.2,83.87,2.09,3.04,60.31,-15.77948,-70.91799,4470
Crucero_Alto,2003-03-22,6.94,14.86,1.08,74.89,0.13,2.47,60.27,-15.77948,-70.91799,4470
Crucero_Alto,2003-03-23,7.8,16.13,1.83,71.63,0.34,1.53,60.23,-15.77948,-70.91799,4470
Crucero_Alto,2003-03-24,5.66,14.06,1.52,79.05,0.56,1.72,60.27,-15.77948,-70.91799,4470
Crucero_Alto,2003-03-25,6.13,13.24,-0.4,69.0,0.26,2.33,60.3,-15.77948,-70.91799,4470
Crucero_Alto,2003-03-26,5.6,12.75,0.08,75.34,0.31,2.39,60.19,-15.77948,-70.91799,4470
Crucero_Alto,2003-03-27,5.97,14.12,-1.68,66.56,0.38,2.38,60.19,-15.77948,-70.91799,4470
Crucero_Alto,2003-03-28,6.16,14.22,-1.37,75.05,0.05,1.93,60.28,-15.77948,-70.91799,4470
Crucero_Alto,2003-03-29,7.57,14.6,1.96,73.01,0.08,1.72,60.24,-15.77948,-70.91799,4470
Crucero_Alto,2003-03-30,5.02,10.11,1.42,81.49,0.41,1.42,60.18,-15.77948,-70.91799,4470
Crucero_Alto,2003-03-31,5.09,9.34,1.14,82.47,0.27,1.63,60.16,-15.77948,-70.91799,4470
Crucero_Alto,2003-04-01,5.54,13.32,1.05,80.05,0.14,1.53,60.21,-15.77948,-70.91799,4470
Crucero_Alto,2003-04-02,7.34,15.61,1.26,71.6,4.01,1.22,60.27,-15.77948,-70.91799,4470
Crucero_Alto,2003-04-03,8.23,16.18,3.43,67.97,0.31,1.32,60.21,-15.77948,-70.91799,4470
Crucero_Alto,2003-04-04,6.51,13.37,2.34,70.32,0.71,1.27,60.2,-15.77948,-70.91799,4470
Crucero_Alto,2003-04-05,6.71,14.83,1.01,69.29,0.17,1.47,60.23,-15.77948,-70.91799,4470
Crucero_Alto,2003-04-06,7.91,16.36,1.85,64.99,0.47,0.76,60.22,-15.77948,-70.91799,4470
Crucero_Alto,2003-04-07,5.5,14.17,-0.74,69.36,0.02,2.09,60.14,-15.77948,-70.91799,4470
Crucero_Alto,2003-04-08,4.72,15.08,-2.65,62.83,0.0,2.44,60.13,-15.77948,-70.91799,4470
Crucero_Alto,2003-04-09,3.31,14.84,-5.9,49.17,0.0,2.12,60.19,-15.77948,-70.91799,4470
Crucero_Alto,2003-04-10,4.0,12.19,-2.8,62.07,0.13,1.43,60.28,-15.77948,-70.91799,4470
Crucero_Alto,2003-04-11,5.48,12.96,0.09,73.65,0.05,1.14,60.31,-15.77948,-70.91799,4470
Crucero_Alto,2003-04-12,6.13,14.1,0.31,62.68,0.04,1.28,60.4,-15.77948,-70.91799,4470
Crucero_Alto,2003-04-13,5.31,15.29,-2.6,41.45,0.0,1.13,60.46,-15.77948,-70.91799,4470
Crucero_Alto,2003-04-14,6.2,15.59,-0.51,63.42,0.0,1.07,60.41,-15.77948,-70.91799,4470
Crucero_Alto,2003-04-15,5.63,13.29,0.01,62.09,0.0,0.91,60.34,-15.77948,-70.91799,4470
Crucero_Alto,2003-04-16,5.28,13.6,-0.45,66.16,0.0,1.53,60.15,-15.77948,-70.91799,4470
Crucero_Alto,2003-04-17,4.14,15.37,-5.5,61.54,0.0,3.17,60.12,-15.77948,-70.91799,4470
Crucero_Alto,2003-04-18,2.35,13.81,-6.41,38.07,0.0,2.99,60.18,-15.77948,-70.91799,4470
Crucero_Alto,2003-04-19,4.89,15.56,-4.34,37.02,0.06,1.41,60.23,-15.77948,-70.91799,4470
Crucero_Alto,2003-04-20,6.25,15.42,-1.66,62.41,0.15,1.13,60.18,-15.77948,-70.91799,4470
Crucero_Alto,2003-04-21,6.42,14.94,-1.21,50.78,0.0,0.87,60.14,-15.77948,-70.91799,4470
Crucero_Alto,2003-04-22,5.37,12.59,1.13,75.12,0.35,1.45,60.2,-15.77948,-70.91799,4470
Crucero_Alto,2003-04-23,5.78,13.34,-0.72,73.03,0.28,1.24,60.32,-15.77948,-70.91799,4470
Crucero_Alto,2003-04-24,6.35,13.27,1.72,74.42,0.04,1.14,60.35,-15.77948,-70.91799,4470
Crucero_Alto,2003-04-25,6.25,12.24,2.07,73.74,0.16,1.82,60.29,-15.77948,-70.91799,4470
Crucero_Alto,2003-04-26,6.4,14.07,-0.03,69.64,0.04,1.61,60.33,-15.77948,-70.91799,4470
Crucero_Alto,2003-04-27,6.62,15.16,-0.16,67.23,0.0,1.4,60.41,-15.77948,-70.91799,4470
Crucero_Alto,2003-04-28,7.3,15.27,0.65,61.91,0.0,1.39,60.3,-15.77948,-70.91799,4470
Crucero_Alto,2003-04-29,6.17,12.73,0.9,67.56,0.0,0.8,60.29,-15.77948,-70.91799,4470
Crucero_Alto,2003-04-30,5.51,11.96,0.53,70.22,0.0,1.63,60.37,-15.77948,-70.91799,4470
Crucero_Alto,2003-05-01,5.36,13.56,-0.55,72.07,0.02,2.11,60.44,-15.77948,-70.91799,4470
Crucero_Alto,2003-05-02,5.96,14.33,0.66,72.92,0.02,1.97,60.43,-15.77948,-70.91799,4470
Crucero_Alto,2003-05-03,5.05,14.52,-2.88,71.48,1.69,2.55,60.32,-15.77948,-70.91799,4470
Crucero_Alto,2003-05-04,3.26,14.78,-5.1,50.67,0.04,2.05,60.24,-15.77948,-70.91799,4470
Crucero_Alto,2003-05-05,5.07,15.4,-3.65,41.57,0.0,1.19,60.22,-15.77948,-70.91799,4470
Crucero_Alto,2003-05-06,5.72,14.81,0.35,63.78,0.0,1.26,60.26,-15.77948,-70.91799,4470
Crucero_Alto,2003-05-07,3.38,13.37,-3.41,50.49,0.0,2.33,60.28,-15.77948,-70.91799,4470
Crucero_Alto,2003-05-08,2.96,14.14,-4.54,53.15,0.0,1.79,60.24,-15.77948,-70.91799,4470
Crucero_Alto,2003-05-09,2.89,14.03,-4.04,42.35,0.0,1.65,60.24,-15.77948,-70.91799,4470
Crucero_Alto,2003-05-10,3.97,14.47,-4.63,40.94,0.0,1.23,60.2,-15.77948,-70.91799,4470
Crucero_Alto,2003-05-11,4.24,11.88,-2.07,59.22,0.0,1.28,60.3,-15.77948,-70.91799,4470
Crucero_Alto,2003-05-12,4.5,11.99,-0.89,72.88,0.0,1.52,60.4,-15.77948,-70.91799,4470
Crucero_Alto,2003-05-13,4.38,11.24,-0.93,75.85,0.0,2.0,60.34,-15.77948,-70.91799,4470
Crucero_Alto,2003-05-14,4.44,11.49,-1.67,75.29,0.0,2.21,60.24,-15.77948,-70.91799,4470
Crucero_Alto,2003-05-15,5.11,13.92,-2.5,71.8,0.0,1.63,60.23,-15.77948,-70.91799,4470
Crucero_Alto,2003-05-16,4.62,12.54,-1.52,73.97,0.67,1.49,60.27,-15.77948,-70.91799,4470
Crucero_Alto,2003-05-17,2.96,8.44,-0.9,82.53,0.25,0.89,60.28,-15.77948,-70.91799,4470
Crucero_Alto,2003-05-18,2.69,8.26,-1.37,81.83,0.52,1.49,60.25,-15.77948,-70.91799,4470
Crucero_Alto,2003-05-19,3.62,11.08,-1.14,78.34,0.08,2.06,60.29,-15.77948,-70.91799,4470
Crucero_Alto,2003-05-20,3.87,13.01,-2.85,61.33,0.01,1.72,60.29,-15.77948,-70.91799,4470
Crucero_Alto,2003-05-21,3.9,13.75,-3.54,54.06,0.0,2.24,60.23,-15.77948,-70.91799,4470
Crucero_Alto,2003-05-22,2.54,14.1,-6.03,37.44,0.0,2.39,60.23,-15.77948,-70.91799,4470
Crucero_Alto,2003-05-23,3.67,14.36,-3.62,43.06,0.0,1.53,60.31,-15.77948,-70.91799,4470
Crucero_Alto,2003-05-24,2.2,12.58,-4.57,47.44,0.0,2.54,60.28,-15.77948,-70.91799,4470
Crucero_Alto,2003-05-25,1.69,12.41,-5.21,42.33,0.01,2.09,60.26,-15.77948,-70.91799,4470
Crucero_Alto,2003-05-26,1.6,11.36,-4.48,40.66,0.14,2.79,60.3,-15.77948,-70.91799,4470
Crucero_Alto,2003-05-27,2.93,13.31,-4.32,36.37,0.0,1.64,60.36,-15.77948,-70.91799,4470
Crucero_Alto,2003-05-28,4.17,12.78,-3.16,33.32,0.03,0.79,60.35,-15.77948,-70.91799,4470
Crucero_Alto,2003-05-29,4.78,12.53,-1.01,46.96,0.0,0.94,60.3,-15.77948,-70.91799,4470
Crucero_Alto,2003-05-30,4.32,13.45,-2.2,42.88,0.0,1.21,60.33,-15.77948,-70.91799,4470
Crucero_Alto,2003-05-31,3.82,12.94,-1.9,54.57,0.0,1.5,60.39,-15.77948,-70.91799,4470
Crucero_Alto,2003-06-01,3.94,14.32,-3.03,60.56,0.0,0.9,60.34,-15.77948,-70.91799,4470
Crucero_Alto,2003-06-02,2.38,13.12,-4.49,49.08,0.0,2.47,60.29,-15.77948,-70.91799,4470
Crucero_Alto,2003-06-03,3.16,14.52,-3.68,46.65,0.0,2.5,60.2,-15.77948,-70.91799,4470
Crucero_Alto,2003-06-04,1.21,12.99,-6.19,44.24,0.0,2.96,60.19,-15.77948,-70.91799,4470
Crucero_Alto,2003-06-05,1.74,12.32,-5.65,28.66,0.1,2.13,60.25,-15.77948,-70.91799,4470
Crucero_Alto,2003-06-06,3.78,13.44,-4.22,31.31,0.0,1.25,60.3,-15.77948,-70.91799,4470
Crucero_Alto,2003-06-07,4.39,13.01,-1.76,59.05,0.0,1.18,60.32,-15.77948,-70.91799,4470
Crucero_Alto,2003-06-08,4.36,14.08,-1.66,61.12,0.0,1.2,60.28,-15.77948,-70.91799,4470
Crucero_Alto,2003-06-09,3.07,13.28,-3.53,48.69,0.0,1.91,60.32,-15.77948,-70.91799,4470
Crucero_Alto,2003-06-10,4.41,14.43,-4.77,32.91,0.0,1.61,60.35,-15.77948,-70.91799,4470
Crucero_Alto,2003-06-11,5.18,14.03,-1.01,36.2,0.0,1.55,60.31,-15.77948,-70.91799,4470
Crucero_Alto,2003-06-12,4.89,14.63,-3.12,51.26,0.0,0.94,60.24,-15.77948,-70.91799,4470
Crucero_Alto,2003-06-13,4.46,14.2,-2.17,43.25,0.0,1.92,60.25,-15.77948,-70.91799,4470
Crucero_Alto,2003-06-14,3.75,13.93,-3.17,55.02,0.0,0.99,60.29,-15.77948,-70.91799,4470
Crucero_Alto,2003-06-15,4.16,13.77,-3.74,31.63,0.0,1.4,60.28,-15.77948,-70.91799,4470
Crucero_Alto,2003-06-16,4.52,14.03,-2.2,40.6,0.0,1.1,60.25,-15.77948,-70.91799,4470
Crucero_Alto,2003-06-17,2.99,13.26,-3.78,42.2,0.0,1.68,60.22,-15.77948,-70.91799,4470
Crucero_Alto,2003-06-18,2.48,11.83,-5.57,31.82,0.0,1.31,60.22,-15.77948,-70.91799,4470
Crucero_Alto,2003-06-19,1.4,7.63,-3.07,64.42,0.31,1.78,60.27,-15.77948,-70.91799,4470
Crucero_Alto,2003-06-20,2.21,9.12,-2.05,62.0,0.06,1.43,60.33,-15.77948,-70.91799,4470
Crucero_Alto,2003-06-21,1.98,11.76,-4.37,39.15,0.0,1.8,60.35,-15.77948,-70.91799,4470
Crucero_Alto,2003-06-22,2.36,11.94,-3.31,51.88,0.0,1.81,60.33,-15.77948,-70.91799,4470
Crucero_Alto,2003-06-23,2.25,10.44,-3.03,33.07,0.0,2.22,60.28,-15.77948,-70.91799,4470
Crucero_Alto,2003-06-24,1.69,10.87,-4.05,49.27,0.0,1.47,60.34,-15.77948,-70.91799,4470
Crucero_Alto,2003-06-25,2.78,11.53,-3.75,54.88,0.0,1.04,60.34,-15.77948,-70.91799,4470
Crucero_Alto,2003-06-26,2.7,12.51,-3.23,41.74,0.0,1.32,60.28,-15.77948,-70.91799,4470
Crucero_Alto,2003-06-27,2.7,11.69,-4.1,27.6,0.0,1.68,60.25,-15.77948,-70.91799,4470
Crucero_Alto,2003-06-28,2.43,10.71,-2.89,54.01,0.02,2.08,60.31,-15.77948,-70.91799,4470
Crucero_Alto,2003-06-29,2.8,11.93,-2.6,67.05,0.07,2.19,60.36,-15.77948,-70.91799,4470
Crucero_Alto,2003-06-30,2.61,11.86,-3.62,55.97,0.0,1.89,60.38,-15.77948,-70.91799,4470
Crucero_Alto,2003-07-01,2.37,11.41,-3.16,45.95,0.0,1.98,60.34,-15.77948,-70.91799,4470
Crucero_Alto,2003-07-02,0.91,10.36,-4.83,69.07,0.0,2.96,60.26,-15.77948,-70.91799,4470
Crucero_Alto,2003-07-03,2.97,12.63,-5.04,60.5,0.0,1.02,60.21,-15.77948,-70.91799,4470
Crucero_Alto,2003-07-04,2.77,13.24,-3.82,61.0,0.0,2.23,60.21,-15.77948,-70.91799,4470
Crucero_Alto,2003-07-05,0.97,11.67,-6.31,53.99,0.0,2.49,60.17,-15.77948,-70.91799,4470
Crucero_Alto,2003-07-06,0.22,10.4,-6.85,33.23,0.0,2.57,60.13,-15.77948,-70.91799,4470
Crucero_Alto,2003-07-07,1.35,11.8,-4.68,25.95,0.0,1.66,60.15,-15.77948,-70.91799,4470
Crucero_Alto,2003-07-08,1.2,12.45,-5.35,28.27,0.0,1.92,60.21,-15.77948,-70.91799,4470
Crucero_Alto,2003-07-09,4.06,13.7,-3.96,29.66,0.0,1.22,60.2,-15.77948,-70.91799,4470
Crucero_Alto,2003-07-10,4.58,13.37,-2.5,39.14,0.0,1.12,60.22,-15.77948,-70.91799,4470
Crucero_Alto,2003-07-11,4.27,13.98,-2.3,41.04,0.0,1.6,60.26,-15.77948,-70.91799,4470
Crucero_Alto,2003-07-12,3.71,12.36,-3.35,62.69,0.13,1.01,60.29,-15.77948,-70.91799,4470
Crucero_Alto,2003-07-13,3.09,13.85,-3.63,47.0,0.0,2.13,60.28,-15.77948,-70.91799,4470
Crucero_Alto,2003-07-14,1.69,12.61,-5.07,37.58,0.0,2.62,60.19,-15.77948,-70.91799,4470
Crucero_Alto,2003-07-15,1.92,12.31,-5.94,33.51,0.0,1.55,60.13,-15.77948,-70.91799,4470
Crucero_Alto,2003-07-16,2.68,11.84,-4.05,55.31,0.15,1.91,60.17,-15.77948,-70.91799,4470
Crucero_Alto,2003-07-17,1.88,10.87,-5.06,62.12,0.14,2.57,60.16,-15.77948,-70.91799,4470
Crucero_Alto,2003-07-18,0.61,8.5,-5.51,71.56,0.67,4.75,60.08,-15.77948,-70.91799,4470
Crucero_Alto,2003-07-19,1.11,9.02,-5.02,73.16,0.02,4.56,60.16,-15.77948,-70.91799,4470
Crucero_Alto,2003-07-20,1.97,11.07,-4.84,65.75,0.1,3.64,60.22,-15.77948,-70.91799,4470
Crucero_Alto,2003-07-21,3.53,13.97,-5.67,57.22,0.01,2.14,60.25,-15.77948,-70.91799,4470
Crucero_Alto,2003-07-22,3.29,13.96,-3.98,54.54,0.0,2.02,60.28,-15.77948,-70.91799,4470
Crucero_Alto,2003-07-23,4.24,13.82,-3.54,42.01,0.03,2.06,60.26,-15.77948,-70.91799,4470
Crucero_Alto,2003-07-24,4.15,13.61,-3.63,49.62,0.01,2.23,60.23,-15.77948,-70.91799,4470
Crucero_Alto,2003-07-25,4.32,13.27,-1.17,57.29,0.04,2.81,60.21,-15.77948,-70.91799,4470
Crucero_Alto,2003-07-26,2.63,10.45,-2.73,76.28,0.0,2.43,60.28,-15.77948,-70.91799,4470
Crucero_Alto,2003-07-27,3.81,13.28,-3.59,63.25,0.0,2.43,60.31,-15.77948,-70.91799,4470
Crucero_Alto,2003-07-28,3.01,12.62,-4.4,61.68,0.02,2.99,60.28,-15.77948,-70.91799,4470
Crucero_Alto,2003-07-29,3.47,12.03,-4.15,59.91,0.24,2.17,60.32,-15.77948,-70.91799,4470
Crucero_Alto,2003-07-30,4.08,13.21,-3.06,61.78,0.05,1.26,60.39,-15.77948,-70.91799,4470
Crucero_Alto,2003-07-31,3.29,13.37,-3.7,57.19,0.01,1.46,60.33,-15.77948,-70.91799,4470
Crucero_Alto,2003-08-01,3.38,12.9,-5.08,60.03,0.0,1.36,60.2,-15.77948,-70.91799,4470
Crucero_Alto,2003-08-02,2.56,9.37,-3.53,77.07,0.2,2.05,60.16,-15.77948,-70.91799,4470
Crucero_Alto,2003-08-03,3.14,11.14,-2.46,72.06,0.2,2.69,60.21,-15.77948,-70.91799,4470
Crucero_Alto,2003-08-04,1.75,11.51,-6.41,65.68,0.03,3.72,60.18,-15.77948,-70.91799,4470
Crucero_Alto,2003-08-05,0.59,11.3,-7.19,26.65,0.0,2.76,60.14,-15.77948,-70.91799,4470
Crucero_Alto,2003-08-06,2.94,12.58,-4.17,23.77,0.01,1.93,60.16,-15.77948,-70.91799,4470
Crucero_Alto,2003-08-07,1.86,8.73,-3.95,42.92,0.08,1.71,60.16,-15.77948,-70.91799,4470
Crucero_Alto,2003-08-08,0.89,8.76,-4.78,50.49,0.49,2.0,60.19,-15.77948,-70.91799,4470
Crucero_Alto,2003-08-09,-0.29,3.58,-2.69,77.66,0.13,1.77,60.34,-15.77948,-70.91799,4470
Crucero_Alto,2003-08-10,2.8,10.37,-2.35,68.01,0.03,1.19,60.35,-15.77948,-70.91799,4470
Crucero_Alto,2003-08-11,3.69,13.65,-3.33,49.64,0.0,1.58,60.23,-15.77948,-70.91799,4470
Crucero_Alto,2003-08-12,3.62,14.28,-3.75,37.34,0.0,1.93,60.23,-15.77948,-70.91799,4470
Crucero_Alto,2003-08-13,3.46,13.97,-3.9,22.18,0.0,1.83,60.38,-15.77948,-70.91799,4470
Crucero_Alto,2003-08-14,4.3,12.88,-1.84,21.77,0.0,1.89,60.45,-15.77948,-70.91799,4470
Crucero_Alto,2003-08-15,5.06,14.38,-2.13,23.59,0.0,1.33,60.4,-15.77948,-70.91799,4470
Crucero_Alto,2003-08-16,4.25,14.07,-2.87,48.14,0.0,1.65,60.37,-15.77948,-70.91799,4470
Crucero_Alto,2003-08-17,4.2,14.56,-3.79,54.49,0.0,1.43,60.37,-15.77948,-70.91799,4470
Crucero_Alto,2003-08-18,3.93,13.16,-3.47,50.9,0.0,1.94,60.44,-15.77948,-70.91799,4470
Crucero_Alto,2003-08-19,4.56,14.15,-2.46,29.43,0.0,1.65,60.4,-15.77948,-70.91799,4470
Crucero_Alto,2003-08-20,5.06,14.98,-3.61,35.61,0.0,1.01,60.31,-15.77948,-70.91799,4470
Crucero_Alto,2003-08-21,4.01,14.46,-3.43,43.18,0.0,1.93,60.21,-15.77948,-70.91799,4470
Crucero_Alto,2003-08-22,4.64,15.18,-3.33,37.1,0.03,1.7,60.12,-15.77948,-70.91799,4470
Crucero_Alto,2003-08-23,3.94,12.44,-3.37,48.59,0.16,2.02,60.18,-15.77948,-70.91799,4470
Crucero_Alto,2003-08-24,3.77,14.22,-4.08,44.87,0.04,2.46,60.25,-15.77948,-70.91799,4470
Crucero_Alto,2003-08-25,4.48,14.61,-3.28,40.71,0.02,2.31,60.24,-15.77948,-70.91799,4470
Crucero_Alto,2003-08-26,4.23,14.44,-3.6,39.28,0.01,2.45,60.19,-15.77948,-70.91799,4470
Crucero_Alto,2003-08-27,3.12,12.42,-3.2,47.34,0.0,2.33,60.23,-15.77948,-70.91799,4470
Crucero_Alto,2003-08-28,2.7,13.42,-4.87,48.34,0.0,2.95,60.28,-15.77948,-70.91799,4470
Crucero_Alto,2003-08-29,3.41,14.73,-5.23,35.53,0.0,2.16,60.25,-15.77948,-70.91799,4470
Crucero_Alto,2003-08-30,4.36,14.47,-5.05,29.95,0.0,1.41,60.27,-15.77948,-70.91799,4470
Crucero_Alto,2003-08-31,4.58,13.93,-2.43,40.08,0.0,1.68,60.25,-15.77948,-70.91799,4470
Crucero_Alto,2003-09-01,3.76,13.91,-4.34,38.29,0.0,1.83,60.28,-15.77948,-70.91799,4470
Crucero_Alto,2003-09-02,4.28,13.39,-3.95,47.41,0.0,1.4,60.33,-15.77948,-70.91799,4470
Crucero_Alto,2003-09-03,4.36,12.71,-3.01,48.99,0.03,1.76,60.36,-15.77948,-70.91799,4470
Crucero_Alto,2003-09-04,4.45,12.0,-1.73,49.11,0.0,1.39,60.35,-15.77948,-70.91799,4470
Crucero_Alto,2003-09-05,4.28,12.88,-2.73,55.77,0.14,1.81,60.3,-15.77948,-70.91799,4470
Crucero_Alto,2003-09-06,2.52,8.75,-4.17,56.68,0.01,3.06,60.25,-15.77948,-70.91799,4470
Crucero_Alto,2003-09-07,1.3,12.18,-6.28,40.64,0.01,3.92,60.16,-15.77948,-70.91799,4470
Crucero_Alto,2003-09-08,1.6,13.77,-7.2,29.88,0.0,2.96,60.13,-15.77948,-70.91799,4470
Crucero_Alto,2003-09-09,2.65,13.4,-4.83,25.61,0.07,3.28,60.17,-15.77948,-70.91799,4470
Crucero_Alto,2003-09-10,4.93,15.33,-3.41,23.05,0.31,2.08,60.15,-15.77948,-70.91799,4470
Crucero_Alto,2003-09-11,2.21,9.65,-3.18,58.58,0.49,2.92,60.18,-15.77948,-70.91799,4470
Crucero_Alto,2003-09-12,3.11,12.97,-3.91,48.35,0.08,2.6,60.23,-15.77948,-70.91799,4470
Crucero_Alto,2003-09-13,4.36,13.59,-3.58,52.13,0.1,1.33,60.31,-15.77948,-70.91799,4470
Crucero_Alto,2003-09-14,4.15,13.14,-2.16,60.33,0.04,2.37,60.26,-15.77948,-70.91799,4470
Crucero_Alto,2003-09-15,3.48,14.89,-4.47,52.21,0.11,2.89,60.19,-15.77948,-70.91799,4470
Crucero_Alto,2003-09-16,4.35,15.59,-5.72,39.34,0.02,1.59,60.23,-15.77948,-70.91799,4470
Crucero_Alto,2003-09-17,6.0,15.8,-2.06,56.76,0.01,1.54,60.25,-15.77948,-70.91799,4470
Crucero_Alto,2003-09-18,5.94,14.38,-0.18,58.6,0.0,1.13,60.25,-15.77948,-70.91799,4470
Crucero_Alto,2003-09-19,7.14,15.95,-0.18,48.11,0.04,0.94,60.17,-15.77948,-70.91799,4470
Crucero_Alto,2003-09-20,4.37,11.16,-0.03,71.32,0.06,2.46,60.17,-15.77948,-70.91799,4470
Crucero_Alto,2003-09-21,4.8,12.34,-1.16,70.88,2.42,1.82,60.21,-15.77948,-70.91799,4470
Crucero_Alto,2003-09-22,5.61,14.29,-1.27,68.75,0.04,2.08,60.27,-15.77948,-70.91799,4470
Crucero_Alto,2003-09-23,4.48,12.78,-0.7,69.33,2.44,2.03,60.3,-15.77948,-70.91799,4470
Crucero_Alto,2003-09-24,5.48,13.65,-2.59,62.33,0.08,1.72,60.2,-15.77948,-70.91799,4470
Crucero_Alto,2003-09-25,3.48,15.13,-5.41,37.09,0.0,3.5,60.18,-15.77948,-70.91799,4470
Crucero_Alto,2003-09-26,4.85,16.26,-5.82,17.69,0.01,2.24,60.18,-15.77948,-70.91799,4470
Crucero_Alto,2003-09-27,5.24,16.11,-3.56,33.98,0.0,2.31,60.17,-15.77948,-70.91799,4470
Crucero_Alto,2003-09-28,4.59,16.08,-6.25,27.06,0.01,1.29,60.1,-15.77948,-70.91799,4470
Crucero_Alto,2003-09-29,6.04,16.03,-3.78,50.65,0.01,1.47,60.18,-15.77948,-70.91799,4470
Crucero_Alto,2003-09-30,7.21,16.15,-1.26,41.26,0.0,1.12,60.23,-15.77948,-70.91799,4470
Crucero_Alto,2003-10-01,8.52,16.94,1.65,43.39,0.05,1.26,60.17,-15.77948,-70.91799,4470
Crucero_Alto,2003-10-02,6.07,11.22,0.5,43.65,0.07,0.96,60.15,-15.77948,-70.91799,4470
Crucero_Alto,2003-10-03,4.62,11.04,-1.08,47.74,3.17,1.17,60.15,-15.77948,-70.91799,4470
Crucero_Alto,2003-10-04,5.58,14.92,-1.92,41.74,0.03,1.87,60.23,-15.77948,-70.91799,4470
Crucero_Alto,2003-10-05,4.58,15.79,-4.29,41.9,0.0,2.18,60.19,-15.77948,-70.91799,4470
Crucero_Alto,2003-10-06,4.21,16.0,-5.06,34.24,0.0,3.45,60.14,-15.77948,-70.91799,4470
Crucero_Alto,2003-10-07,4.36,16.8,-6.43,29.49,0.09,2.71,60.14,-15.77948,-70.91799,4470
Crucero_Alto,2003-10-08,5.68,18.38,-4.14,30.7,0.0,2.55,60.18,-15.77948,-70.91799,4470
Crucero_Alto,2003-10-09,5.73,18.24,-5.54,24.98,0.0,1.74,60.12,-15.77948,-70.91799,4470
Crucero_Alto,2003-10-10,6.68,18.73,-3.46,27.0,0.05,2.22,60.12,-15.77948,-70.91799,4470
Crucero_Alto,2003-10-11,8.68,19.28,0.48,47.43,0.32,1.4,60.15,-15.77948,-70.91799,4470
Crucero_Alto,2003-10-12,7.25,18.11,-1.91,37.98,0.14,2.18,60.24,-15.77948,-70.91799,4470
Crucero_Alto,2003-10-13,7.5,17.03,-0.39,58.06,0.02,2.5,60.29,-15.77948,-70.91799,4470
Crucero_Alto,2003-10-14,5.99,15.2,-2.35,52.56,0.0,3.58,60.35,-15.77948,-70.91799,4470
Crucero_Alto,2003-10-15,6.35,16.51,-2.71,47.34,0.0,2.77,60.36,-15.77948,-70.91799,4470
Crucero_Alto,2003-10-16,7.92,18.52,-1.65,42.74,0.0,1.78,60.23,-15.77948,-70.91799,4470
Crucero_Alto,2003-10-17,7.02,18.08,-1.23,47.34,0.0,2.39,60.11,-15.77948,-70.91799,4470
Crucero_Alto,2003-10-18,6.06,18.3,-4.78,31.49,0.0,1.88,60.07,-15.77948,-70.91799,4470
Crucero_Alto,2003-10-19,6.22,18.66,-3.25,26.99,0.07,2.26,60.19,-15.77948,-70.91799,4470
Crucero_Alto,2003-10-20,6.77,18.38,-3.03,27.8,0.02,1.46,60.29,-15.77948,-70.91799,4470
Crucero_Alto,2003-10-21,7.16,19.06,-2.28,25.53,0.01,1.69,60.27,-15.77948,-70.91799,4470
Crucero_Alto,2003-10-22,8.52,19.49,-1.69,38.11,0.0,1.53,60.2,-15.77948,-70.91799,4470
Crucero_Alto,2003-10-23,9.6,20.23,0.4,47.2,0.06,2.03,60.19,-15.77948,-70.91799,4470
Crucero_Alto,2003-10-24,8.09,17.52,-0.45,32.09,0.04,1.69,60.3,-15.77948,-70.91799,4470
Crucero_Alto,2003-10-25,7.48,16.63,0.44,36.84,0.01,3.33,60.34,-15.77948,-70.91799,4470
Crucero_Alto,2003-10-26,6.46,17.82,-2.97,28.53,0.0,2.32,60.15,-15.77948,-70.91799,4470
Crucero_Alto,2003-10-27,7.27,17.2,-2.15,41.6,0.21,1.73,60.08,-15.77948,-70.91799,4470
Crucero_Alto,2003-10-28,5.74,13.06,1.0,67.85,0.05,2.59,60.19,-15.77948,-70.91799,4470
Crucero_Alto,2003-10-29,5.8,13.91,0.32,66.15,3.08,2.27,60.21,-15.77948,-70.91799,4470
Crucero_Alto,2003-10-30,6.46,15.48,0.51,56.94,0.08,2.57,60.16,-15.77948,-70.91799,4470
Crucero_Alto,2003-10-31,6.09,16.62,-2.9,50.17,0.38,2.39,60.04,-15.77948,-70.91799,4470
Crucero_Alto,2003-11-01,6.34,16.86,-2.41,45.18,0.12,1.94,60.02,-15.77948,-70.91799,4470
Crucero_Alto,2003-11-02,7.43,18.12,-1.68,36.15,0.08,1.56,60.01,-15.77948,-70.91799,4470
Crucero_Alto,2003-11-03,6.1,14.3,-1.37,48.82,0.21,3.21,60.07,-15.77948,-70.91799,4470
Crucero_Alto,2003-11-04,4.8,17.01,-5.55,27.97,0.0,3.39,60.14,-15.77948,-70.91799,4470
Crucero_Alto,2003-11-05,5.56,18.11,-5.24,20.54,0.1,2.88,60.16,-15.77948,-70.91799,4470
Crucero_Alto,2003-11-06,8.12,18.66,-1.79,36.52,0.01,1.75,60.14,-15.77948,-70.91799,4470
Crucero_Alto,2003-11-07,8.73,18.29,2.1,56.76,0.0,1.98,60.15,-15.77948,-70.91799,4470
Crucero_Alto,2003-11-08,9.24,18.65,1.24,50.13,0.0,1.96,60.18,-15.77948,-70.91799,4470
Crucero_Alto,2003-11-09,8.84,18.32,1.85,51.48,0.04,1.91,60.18,-15.77948,-70.91799,4470
Crucero_Alto,2003-11-10,7.96,16.22,1.72,50.88,1.12,3.56,60.22,-15.77948,-70.91799,4470
Crucero_Alto,2003-11-11,7.24,16.02,-0.39,56.62,0.4,2.03,60.2,-15.77948,-70.91799,4470
Crucero_Alto,2003-11-12,9.28,19.7,-1.23,45.0,0.0,1.7,60.13,-15.77948,-70.91799,4470
Crucero_Alto,2003-11-13,7.73,13.11,3.0,64.36,11.09,2.81,60.21,-15.77948,-70.91799,4470
Crucero_Alto,2003-11-14,7.6,14.33,2.34,62.13,1.85,1.46,60.23,-15.77948,-70.91799,4470
Crucero_Alto,2003-11-15,8.01,18.93,-0.74,41.65,0.0,2.63,60.19,-15.77948,-70.91799,4470
Crucero_Alto,2003-11-16,7.26,18.59,-0.93,26.27,0.0,2.58,60.2,-15.77948,-70.91799,4470
Crucero_Alto,2003-11-17,4.75,16.57,-5.7,20.63,0.0,3.6,60.15,-15.77948,-70.91799,4470
Crucero_Alto,2003-11-18,5.85,17.42,-5.75,18.04,0.0,1.65,60.1,-15.77948,-70.91799,4470
Crucero_Alto,2003-11-19,8.51,18.11,1.22,34.68,0.0,1.29,60.15,-15.77948,-70.91799,4470
Crucero_Alto,2003-11-20,7.81,15.98,0.87,53.54,0.0,4.57,60.2,-15.77948,-70.91799,4470
Crucero_Alto,2003-11-21,6.24,14.34,-1.34,60.37,0.0,4.0,60.26,-15.77948,-70.91799,4470
Crucero_Alto,2003-11-22,8.13,18.19,-1.59,52.93,0.0,2.09,60.24,-15.77948,-70.91799,4470
Crucero_Alto,2003-11-23,9.82,19.36,1.73,50.45,0.07,2.04,60.16,-15.77948,-70.91799,4470
Crucero_Alto,2003-11-24,9.2,18.49,2.17,52.28,0.04,1.42,60.11,-15.77948,-70.91799,4470
Crucero_Alto,2003-11-25,9.74,20.16,1.07,40.91,0.28,1.52,60.04,-15.77948,-70.91799,4470
Crucero_Alto,2003-11-26,9.08,18.31,1.98,44.65,0.03,1.61,60.09,-15.77948,-70.91799,4470
Crucero_Alto,2003-11-27,9.36,19.56,0.83,39.35,1.4,1.96,60.15,-15.77948,-70.91799,4470
Crucero_Alto,2003-11-28,8.18,15.77,1.65,48.64,0.51,1.64,60.14,-15.77948,-70.91799,4470
Crucero_Alto,2003-11-29,8.67,19.33,-0.35,45.79,0.19,1.59,60.06,-15.77948,-70.91799,4470
Crucero_Alto,2003-11-30,9.81,20.51,-0.3,43.23,0.02,1.54,60.05,-15.77948,-70.91799,4470
Crucero_Alto,2003-12-01,7.41,13.31,2.34,65.83,9.7,2.07,60.12,-15.77948,-70.91799,4470
Crucero_Alto,2003-12-02,6.19,14.76,-1.7,51.94,0.39,2.91,60.12,-15.77948,-70.91799,4470
Crucero_Alto,2003-12-03,7.41,19.99,-3.26,27.99,0.0,1.98,60.02,-15.77948,-70.91799,4470
Crucero_Alto,2003-12-04,8.08,17.22,-0.12,52.59,0.0,1.97,60.08,-15.77948,-70.91799,4470
Crucero_Alto,2003-12-05,9.71,15.33,3.96,56.58,0.0,2.05,60.12,-15.77948,-70.91799,4470
Crucero_Alto,2003-12-06,6.81,11.81,2.93,70.0,0.13,1.34,60.17,-15.77948,-70.91799,4470
Crucero_Alto,2003-12-07,5.34,11.6,1.65,71.71,0.02,1.7,60.17,-15.77948,-70.91799,4470
Crucero_Alto,2003-12-08,6.35,13.06,1.24,68.25,0.08,2.55,60.19,-15.77948,-70.91799,4470
Crucero_Alto,2003-12-09,8.86,19.53,1.67,52.88,0.13,3.03,60.17,-15.77948,-70.91799,4470
Crucero_Alto,2003-12-10,7.5,18.87,-1.9,37.68,0.02,3.76,60.16,-15.77948,-70.91799,4470
Crucero_Alto,2003-12-11,9.13,19.9,-2.12,43.66,0.0,1.56,60.12,-15.77948,-70.91799,4470
Crucero_Alto,2003-12-12,7.25,14.23,0.31,62.15,12.87,1.62,60.12,-15.77948,-70.91799,4470
Crucero_Alto,2003-12-13,6.75,18.65,-1.31,48.85,0.7,3.1,60.06,-15.77948,-70.91799,4470
Crucero_Alto,2003-12-14,6.94,18.96,-2.19,37.16,0.12,2.86,60.08,-15.77948,-70.91799,4470
Crucero_Alto,2003-12-15,8.8,19.86,-1.52,40.08,1.16,1.24,60.08,-15.77948,-70.91799,4470
Crucero_Alto,2003-12-16,8.77,14.05,4.33,64.61,0.15,2.33,60.13,-15.77948,-70.91799,4470
Crucero_Alto,2003-12-17,7.62,15.29,2.53,61.2,0.02,1.93,60.21,-15.77948,-70.91799,4470
Crucero_Alto,2003-12-18,8.07,15.96,1.09,61.86,0.25,2.91,60.25,-15.77948,-70.91799,4470
Crucero_Alto,2003-12-19,9.1,17.2,2.07,60.99,0.27,3.23,60.29,-15.77948,-70.91799,4470
Crucero_Alto,2003-12-20,8.57,15.16,3.17,64.14,1.91,2.42,60.26,-15.77948,-70.91799,4470
Crucero_Alto,2003-12-21,6.75,9.89,3.36,74.15,1.65,2.08,60.26,-15.77948,-70.91799,4470
Crucero_Alto,2003-12-22,8.75,16.49,1.89,61.58,0.19,2.29,60.17,-15.77948,-70.91799,4470
Crucero_Alto,2003-12-23,5.88,10.7,1.96,72.58,7.66,2.34,60.09,-15.77948,-70.91799,4470
Crucero_Alto,2003-12-24,7.3,14.38,1.07,60.79,8.09,1.9,60.16,-15.77948,-70.91799,4470
Crucero_Alto,2003-12-25,7.33,15.06,1.4,70.32,2.53,3.33,60.19,-15.77948,-70.91799,4470
Crucero_Alto,2003-12-26,7.07,14.25,2.94,72.49,3.55,2.59,60.17,-15.77948,-70.91799,4470
Crucero_Alto,2003-12-27,7.13,17.08,0.74,64.84,16.16,3.55,60.07,-15.77948,-70.91799,4470
Crucero_Alto,2003-12-28,7.27,17.85,-0.48,63.65,0.22,2.42,59.95,-15.77948,-70.91799,4470
Crucero_Alto,2003-12-29,5.62,12.29,1.07,69.47,0.16,2.27,59.98,-15.77948,-70.91799,4470
Crucero_Alto,2003-12-30,6.78,16.26,1.37,69.87,4.52,1.88,59.98,-15.77948,-70.91799,4470
Crucero_Alto,2003-12-31,8.82,18.89,-1.51,52.1,0.82,1.27,60.1,-15.77948,-70.91799,4470
Crucero_Alto,2004-01-01,7.65,15.03,3.03,70.99,0.33,1.48,60.22,-15.77948,-70.91799,4470
Crucero_Alto,2004-01-02,7.89,17.24,2.45,69.02,2.08,2.01,60.18,-15.77948,-70.91799,4470
Crucero_Alto,2004-01-03,8.19,17.22,1.5,68.44,0.37,2.01,60.12,-15.77948,-70.91799,4470
Crucero_Alto,2004-01-04,8.36,14.99,2.84,66.11,1.11,2.9,60.13,-15.77948,-70.91799,4470
Crucero_Alto,2004-01-05,6.64,13.3,1.77,67.6,1.01,3.73,60.14,-15.77948,-70.91799,4470
Crucero_Alto,2004-01-06,6.84,14.0,0.87,70.98,3.06,2.47,60.09,-15.77948,-70.91799,4470
Crucero_Alto,2004-01-07,7.3,15.82,1.43,70.98,6.22,1.48,60.13,-15.77948,-70.91799,4470
Crucero_Alto,2004-01-08,5.91,14.41,1.14,73.6,9.96,2.67,60.17,-15.77948,-70.91799,4470
Crucero_Alto,2004-01-09,5.48,12.18,0.95,71.57,8.39,2.79,60.2,-15.77948,-70.91799,4470
Crucero_Alto,2004-01-10,5.24,13.09,0.23,71.88,4.44,2.44,60.17,-15.77948,-70.91799,4470
Crucero_Alto,2004-01-11,6.76,15.32,-0.01,72.04,6.32,1.69,60.18,-15.77948,-70.91799,4470
Crucero_Alto,2004-01-12,7.18,14.2,2.62,73.22,3.92,2.74,60.23,-15.77948,-70.91799,4470
Crucero_Alto,2004-01-13,6.77,15.09,1.56,71.92,5.4,3.35,60.15,-15.77948,-70.91799,4470
Crucero_Alto,2004-01-14,7.56,17.14,0.14,63.97,1.91,2.91,60.07,-15.77948,-70.91799,4470
Crucero_Alto,2004-01-15,5.18,11.98,-0.61,61.97,4.48,3.18,60.08,-15.77948,-70.91799,4470
Crucero_Alto,2004-01-16,5.92,17.44,-3.81,58.66,2.64,2.42,60.06,-15.77948,-70.91799,4470
Crucero_Alto,2004-01-17,5.51,15.44,-2.89,69.18,6.12,1.74,60.1,-15.77948,-70.91799,4470
Crucero_Alto,2004-01-18,6.39,14.93,0.45,68.1,3.37,2.21,60.12,-15.77948,-70.91799,4470
Crucero_Alto,2004-01-19,6.72,15.52,-0.74,62.63,1.89,1.38,60.08,-15.77948,-70.91799,4470
Crucero_Alto,2004-01-20,6.35,16.75,-1.64,50.46,3.54,2.56,60.09,-15.77948,-70.91799,4470
Crucero_Alto,2004-01-21,5.16,12.3,-1.44,52.93,2.34,2.77,60.16,-15.77948,-70.91799,4470
Crucero_Alto,2004-01-22,3.21,11.24,-2.26,70.49,12.86,2.64,60.16,-15.77948,-70.91799,4470
Crucero_Alto,2004-01-23,5.59,13.84,-2.03,73.43,10.4,1.83,60.09,-15.77948,-70.91799,4470
Crucero_Alto,2004-01-24,7.54,15.32,0.89,70.94,4.6,1.7,60.14,-15.77948,-70.91799,4470
Crucero_Alto,2004-01-25,8.08,15.02,2.82,73.76,4.77,2.55,60.12,-15.77948,-70.91799,4470
Crucero_Alto,2004-01-26,9.12,16.6,2.83,61.8,1.37,2.22,60.2,-15.77948,-70.91799,4470
Crucero_Alto,2004-01-27,8.95,16.51,2.04,62.83,0.47,1.49,60.22,-15.77948,-70.91799,4470
Crucero_Alto,2004-01-28,8.97,17.99,2.03,58.63,3.02,1.8,60.24,-15.77948,-70.91799,4470
Crucero_Alto,2004-01-29,7.55,14.96,1.37,67.77,2.96,2.35,60.22,-15.77948,-70.91799,4470
Crucero_Alto,2004-01-30,7.04,15.21,-0.32,61.78,0.89,2.72,60.18,-15.77948,-70.91799,4470
Crucero_Alto,2004-01-31,7.99,16.74,0.36,65.08,0.13,2.46,60.17,-15.77948,-70.91799,4470
Crucero_Alto,2004-02-01,8.36,16.35,0.87,66.82,0.01,2.54,60.2,-15.77948,-70.91799,4470
Crucero_Alto,2004-02-02,8.87,16.19,2.97,66.34,0.23,1.77,60.15,-15.77948,-70.91799,4470
Crucero_Alto,2004-02-03,6.7,13.5,2.43,73.53,0.12,1.59,60.09,-15.77948,-70.91799,4470
Crucero_Alto,2004-02-04,6.32,15.39,1.46,74.16,0.95,2.07,60.08,-15.77948,-70.91799,4470
Crucero_Alto,2004-02-05,6.07,15.62,1.42,77.31,4.56,2.06,60.11,-15.77948,-70.91799,4470
Crucero_Alto,2004-02-06,6.61,14.06,0.9,76.26,5.32,3.33,60.16,-15.77948,-70.91799,4470
Crucero_Alto,2004-02-07,8.31,16.55,2.64,71.87,3.92,2.65,60.13,-15.77948,-70.91799,4470
Crucero_Alto,2004-02-08,7.53,16.31,2.35,74.46,1.94,1.92,60.18,-15.77948,-70.91799,4470
Crucero_Alto,2004-02-09,7.57,14.34,3.12,74.34,2.44,1.7,60.18,-15.77948,-70.91799,4470
Crucero_Alto,2004-02-10,5.58,11.36,1.52,80.44,12.13,1.58,60.12,-15.77948,-70.91799,4470
Crucero_Alto,2004-02-11,6.22,11.87,2.9,78.73,1.25,2.0,60.1,-15.77948,-70.91799,4470
Crucero_Alto,2004-02-12,6.63,15.6,1.88,72.23,1.79,2.02,60.17,-15.77948,-70.91799,4470
Crucero_Alto,2004-02-13,6.14,13.96,0.09,72.38,7.41,1.95,60.24,-15.77948,-70.91799,4470
Crucero_Alto,2004-02-14,6.37,16.83,-2.08,59.32,0.6,2.47,60.18,-15.77948,-70.91799,4470
Crucero_Alto,2004-02-15,6.37,16.49,-1.98,63.13,0.79,2.4,60.19,-15.77948,-70.91799,4470
Crucero_Alto,2004-02-16,7.05,16.6,-0.34,66.1,0.0,2.05,60.23,-15.77948,-70.91799,4470
Crucero_Alto,2004-02-17,7.38,15.14,0.56,67.86,0.0,1.65,60.27,-15.77948,-70.91799,4470
Crucero_Alto,2004-02-18,7.33,16.3,2.1,70.82,0.29,1.63,60.25,-15.77948,-70.91799,4470
Crucero_Alto,2004-02-19,6.39,13.48,2.17,76.32,1.15,2.23,60.18,-15.77948,-70.91799,4470
Crucero_Alto,2004-02-20,6.68,14.62,0.94,70.65,1.1,1.53,60.09,-15.77948,-70.91799,4470
Crucero_Alto,2004-02-21,7.83,17.92,1.52,59.5,0.4,2.41,60.17,-15.77948,-70.91799,4470
Crucero_Alto,2004-02-22,6.63,17.4,-1.32,53.57,0.04,1.94,60.32,-15.77948,-70.91799,4470
Crucero_Alto,2004-02-23,6.62,18.01,-2.22,56.11,0.0,1.69,60.26,-15.77948,-70.91799,4470
Crucero_Alto,2004-02-24,7.52,18.8,-0.41,53.3,0.0,1.48,60.13,-15.77948,-70.91799,4470
Crucero_Alto,2004-02-25,7.12,16.42,-1.11,55.45,0.04,0.91,60.14,-15.77948,-70.91799,4470
Crucero_Alto,2004-02-26,7.87,15.92,1.32,59.24,0.0,1.83,60.32,-15.77948,-70.91799,4470
Crucero_Alto,2004-02-27,6.95,16.41,-1.41,57.49,0.0,2.74,60.38,-15.77948,-70.91799,4470
Crucero_Alto,2004-02-28,7.74,16.93,-1.05,54.31,0.0,2.63,60.26,-15.77948,-70.91799,4470
Crucero_Alto,2004-02-29,9.14,18.24,1.72,51.39,0.0,2.45,60.2,-15.77948,-70.91799,4470
Crucero_Alto,2004-03-01,7.48,17.64,0.37,60.86,0.0,1.87,60.37,-15.77948,-70.91799,4470
Crucero_Alto,2004-03-02,7.62,15.11,0.98,53.74,0.0,1.74,60.38,-15.77948,-70.91799,4470
Crucero_Alto,2004-03-03,7.39,13.69,0.64,67.14,4.44,1.88,60.32,-15.77948,-70.91799,4470
Crucero_Alto,2004-03-04,9.22,18.46,2.81,61.83,2.01,1.78,60.26,-15.77948,-70.91799,4470
Crucero_Alto,2004-03-05,7.92,16.67,1.74,62.15,0.23,2.83,60.35,-15.77948,-70.91799,4470
Crucero_Alto,2004-03-06,8.14,17.68,-1.04,56.05,0.32,2.05,60.32,-15.77948,-70.91799,4470
Crucero_Alto,2004-03-07,8.79,17.46,2.04,56.23,0.22,2.04,60.27,-15.77948,-70.91799,4470
Crucero_Alto,2004-03-08,7.56,14.74,2.26,65.29,0.34,2.66,60.27,-15.77948,-70.91799,4470
Crucero_Alto,2004-03-09,6.21,14.57,2.07,75.93,2.06,2.87,60.26,-15.77948,-70.91799,4470
Crucero_Alto,2004-03-10,6.64,15.61,0.9,74.52,1.29,1.84,60.35,-15.77948,-70.91799,4470
Crucero_Alto,2004-03-11,6.72,15.07,1.09,72.54,1.16,1.56,60.31,-15.77948,-70.91799,4470
Crucero_Alto,2004-03-12,8.17,15.2,3.12,69.64,0.14,1.5,60.16,-15.77948,-70.91799,4470
Crucero_Alto,2004-03-13,9.38,17.06,3.27,66.93,0.0,1.3,60.17,-15.77948,-70.91799,4470
Crucero_Alto,2004-03-14,9.72,16.78,4.62,65.0,0.63,1.27,60.28,-15.77948,-70.91799,4470
Crucero_Alto,2004-03-15,9.59,17.44,4.23,63.88,0.0,2.2,60.27,-15.77948,-70.91799,4470
Crucero_Alto,2004-03-16,9.44,16.42,4.16,63.37,0.0,2.02,60.2,-15.77948,-70.91799,4470
Crucero_Alto,2004-03-17,9.18,16.91,2.82,65.17,0.0,1.67,60.16,-15.77948,-70.91799,4470
Crucero_Alto,2004-03-18,9.84,17.82,4.05,62.99,0.1,1.28,60.11,-15.77948,-70.91799,4470
Crucero_Alto,2004-03-19,6.8,14.53,2.35,75.32,0.16,1.17,60.14,-15.77948,-70.91799,4470
Crucero_Alto,2004-03-20,8.76,17.92,1.75,61.27,0.07,1.63,60.15,-15.77948,-70.91799,4470
Crucero_Alto,2004-03-21,8.57,17.94,3.61,64.06,0.68,2.0,60.12,-15.77948,-70.91799,4470
Crucero_Alto,2004-03-22,6.71,13.43,1.28,71.12,0.6,1.28,60.14,-15.77948,-70.91799,4470
Crucero_Alto,2004-03-23,6.67,15.2,1.93,74.56,0.86,1.4,60.2,-15.77948,-70.91799,4470
Crucero_Alto,2004-03-24,7.22,15.82,1.0,69.1,2.69,1.56,60.21,-15.77948,-70.91799,4470
Crucero_Alto,2004-03-25,7.29,15.04,1.52,71.4,1.62,1.56,60.18,-15.77948,-70.91799,4470
Crucero_Alto,2004-03-26,7.61,18.07,-1.6,60.97,0.08,1.47,60.13,-15.77948,-70.91799,4470
Crucero_Alto,2004-03-27,7.45,16.82,0.41,65.02,1.04,1.79,60.08,-15.77948,-70.91799,4470
Crucero_Alto,2004-03-28,7.52,17.62,-1.33,61.31,1.21,1.39,60.1,-15.77948,-70.91799,4470
Crucero_Alto,2004-03-29,6.07,12.76,1.33,75.88,1.51,1.49,60.15,-15.77948,-70.91799,4470
Crucero_Alto,2004-03-30,5.76,15.29,1.08,74.04,0.39,2.42,60.24,-15.77948,-70.91799,4470
Crucero_Alto,2004-03-31,7.2,16.97,-0.3,68.28,1.57,1.25,60.26,-15.77948,-70.91799,4470
Crucero_Alto,2004-04-01,5.97,15.97,1.46,73.06,1.81,1.8,60.26,-15.77948,-70.91799,4470
Crucero_Alto,2004-04-02,7.14,16.66,0.97,66.06,0.29,1.65,60.29,-15.77948,-70.91799,4470
Crucero_Alto,2004-04-03,8.8,18.16,0.55,61.32,2.49,1.23,60.29,-15.77948,-70.91799,4470
Crucero_Alto,2004-04-04,8.48,16.35,2.72,69.5,1.12,1.66,60.32,-15.77948,-70.91799,4470
Crucero_Alto,2004-04-05,8.34,15.8,3.07,68.14,0.18,1.35,60.4,-15.77948,-70.91799,4470
Crucero_Alto,2004-04-06,9.26,19.17,1.78,60.46,0.0,1.18,60.29,-15.77948,-70.91799,4470
Crucero_Alto,2004-04-07,7.45,15.37,2.51,62.61,0.01,1.3,60.25,-15.77948,-70.91799,4470
Crucero_Alto,2004-04-08,7.72,15.56,1.31,67.86,4.9,1.4,60.27,-15.77948,-70.91799,4470
Crucero_Alto,2004-04-09,8.42,16.22,2.73,63.41,0.8,1.88,60.37,-15.77948,-70.91799,4470
Crucero_Alto,2004-04-10,8.04,16.44,1.36,62.67,0.01,1.56,60.27,-15.77948,-70.91799,4470
Crucero_Alto,2004-04-11,7.97,16.05,1.28,61.77,0.0,1.36,60.15,-15.77948,-70.91799,4470
Crucero_Alto,2004-04-12,7.83,16.75,1.37,57.88,0.0,1.97,60.15,-15.77948,-70.91799,4470
Crucero_Alto,2004-04-13,8.41,18.15,0.93,60.36,0.0,1.27,60.27,-15.77948,-70.91799,4470
Crucero_Alto,2004-04-14,7.39,17.52,-1.12,59.45,0.02,2.07,60.22,-15.77948,-70.91799,4470
Crucero_Alto,2004-04-15,5.91,14.27,0.89,69.34,0.58,1.61,60.14,-15.77948,-70.91799,4470
Crucero_Alto,2004-04-16,6.13,16.31,-0.91,60.22,0.03,1.49,60.16,-15.77948,-70.91799,4470
Crucero_Alto,2004-04-17,5.17,14.07,-1.75,70.45,2.59,0.94,60.23,-15.77948,-70.91799,4470
Crucero_Alto,2004-04-18,6.02,13.77,1.05,71.61,0.17,1.08,60.26,-15.77948,-70.91799,4470
Crucero_Alto,2004-04-19,6.41,14.38,-0.11,67.97,0.03,1.0,60.25,-15.77948,-70.91799,4470
Crucero_Alto,2004-04-20,6.21,16.02,0.09,64.23,0.0,2.42,60.18,-15.77948,-70.91799,4470
Crucero_Alto,2004-04-21,6.04,17.21,-1.21,45.28,0.0,2.39,60.13,-15.77948,-70.91799,4470
Crucero_Alto,2004-04-22,3.92,14.06,-3.69,61.6,0.23,1.94,60.17,-15.77948,-70.91799,4470
Crucero_Alto,2004-04-23,4.33,13.65,-2.05,65.47,0.16,1.53,60.21,-15.77948,-70.91799,4470
Crucero_Alto,2004-04-24,4.54,13.26,-2.13,62.89,0.14,1.51,60.25,-15.77948,-70.91799,4470
Crucero_Alto,2004-04-25,3.66,11.78,-0.54,74.28,0.94,1.11,60.32,-15.77948,-70.91799,4470
Crucero_Alto,2004-04-26,7.39,17.22,-1.03,58.79,0.0,1.76,60.27,-15.77948,-70.91799,4470
Crucero_Alto,2004-04-27,7.43,16.55,0.5,65.64,0.72,1.48,60.25,-15.77948,-70.91799,4470
Crucero_Alto,2004-04-28,6.72,15.5,0.4,64.48,0.03,1.14,60.33,-15.77948,-70.91799,4470
Crucero_Alto,2004-04-29,6.6,16.19,-1.24,56.48,0.0,1.6,60.32,-15.77948,-70.91799,4470
Crucero_Alto,2004-04-30,7.6,16.52,0.19,51.65,0.74,0.87,60.23,-15.77948,-70.91799,4470
Crucero_Alto,2004-05-01,5.72,15.71,-0.73,51.98,0.05,2.39,60.14,-15.77948,-70.91799,4470
Crucero_Alto,2004-05-02,4.72,15.82,-3.59,39.42,0.0,2.0,60.18,-15.77948,-70.91799,4470
Crucero_Alto,2004-05-03,5.57,15.21,-2.87,47.86,0.1,0.98,60.26,-15.77948,-70.91799,4470
Crucero_Alto,2004-05-04,3.87,9.19,-0.2,70.0,0.11,1.28,60.31,-15.77948,-70.91799,4470
Crucero_Alto,2004-05-05,3.68,14.26,-5.11,66.5,0.01,3.43,60.18,-15.77948,-70.91799,4470
Crucero_Alto,2004-05-06,1.19,13.02,-6.86,50.29,0.0,3.44,60.19,-15.77948,-70.91799,4470
Crucero_Alto,2004-05-07,2.78,14.66,-6.7,34.36,0.0,2.48,60.23,-15.77948,-70.91799,4470
Crucero_Alto,2004-05-08,3.89,14.31,-3.07,42.89,0.13,2.17,60.26,-15.77948,-70.91799,4470
Crucero_Alto,2004-05-09,3.09,14.49,-4.54,37.29,0.0,2.35,60.28,-15.77948,-70.91799,4470
Crucero_Alto,2004-05-10,3.4,15.26,-4.31,31.99,0.0,2.26,60.29,-15.77948,-70.91799,4470
Crucero_Alto,2004-05-11,3.39,15.45,-3.6,32.23,0.0,2.56,60.29,-15.77948,-70.91799,4470
Crucero_Alto,2004-05-12,2.65,13.97,-5.03,30.15,0.0,2.78,60.29,-15.77948,-70.91799,4470
Crucero_Alto,2004-05-13,2.96,14.5,-4.9,22.97,0.0,2.35,60.22,-15.77948,-70.91799,4470
Crucero_Alto,2004-05-14,2.26,13.68,-5.85,27.49,0.18,2.98,60.08,-15.77948,-70.91799,4470
Crucero_Alto,2004-05-15,0.88,11.71,-6.12,31.94,0.06,3.07,60.14,-15.77948,-70.91799,4470
Crucero_Alto,2004-05-16,1.19,12.34,-5.84,39.07,0.0,2.88,60.22,-15.77948,-70.91799,4470
Crucero_Alto,2004-05-17,1.58,12.92,-5.74,29.92,0.0,2.62,60.25,-15.77948,-70.91799,4470
Crucero_Alto,2004-05-18,1.65,12.78,-5.23,33.01,0.01,2.65,60.27,-15.77948,-70.91799,4470
Crucero_Alto,2004-05-19,2.99,14.29,-5.01,36.24,0.0,1.79,60.35,-15.77948,-70.91799,4470
Crucero_Alto,2004-05-20,2.64,13.54,-4.42,46.85,0.0,2.04,60.42,-15.77948,-70.91799,4470
Crucero_Alto,2004-05-21,2.29,13.1,-4.53,46.09,0.0,2.55,60.31,-15.77948,-70.91799,4470
Crucero_Alto,2004-05-22,2.56,14.02,-4.6,52.4,0.0,2.66,60.18,-15.77948,-70.91799,4470
Crucero_Alto,2004-05-23,1.89,13.18,-5.29,50.22,0.0,2.89,60.19,-15.77948,-70.91799,4470
Crucero_Alto,2004-05-24,2.56,13.7,-4.33,47.12,0.1,2.58,60.25,-15.77948,-70.91799,4470
Crucero_Alto,2004-05-25,2.73,14.24,-4.46,41.82,0.0,2.62,60.27,-15.77948,-70.91799,4470
Crucero_Alto,2004-05-26,3.26,13.46,-3.22,42.81,0.0,1.87,60.26,-15.77948,-70.91799,4470
Crucero_Alto,2004-05-27,2.12,12.99,-4.84,47.87,0.02,2.41,60.31,-15.77948,-70.91799,4470
Crucero_Alto,2004-05-28,1.86,13.59,-6.1,24.36,0.02,2.16,60.34,-15.77948,-70.91799,4470
Crucero_Alto,2004-05-29,2.38,12.96,-5.23,19.39,0.01,2.41,60.3,-15.77948,-70.91799,4470
Crucero_Alto,2004-05-30,1.86,12.6,-6.22,27.35,0.0,2.79,60.28,-15.77948,-70.91799,4470
Crucero_Alto,2004-05-31,1.67,12.96,-6.22,21.46,0.0,1.46,60.23,-15.77948,-70.91799,4470
Crucero_Alto,2004-06-01,1.66,12.49,-5.06,22.37,0.0,2.25,60.17,-15.77948,-70.91799,4470
Crucero_Alto,2004-06-02,3.45,13.41,-4.3,25.23,0.0,1.37,60.27,-15.77948,-70.91799,4470
Crucero_Alto,2004-06-03,3.55,13.13,-3.04,25.41,0.01,1.25,60.33,-15.77948,-70.91799,4470
Crucero_Alto,2004-06-04,3.67,13.57,-4.38,32.43,0.0,1.04,60.3,-15.77948,-70.91799,4470
Crucero_Alto,2004-06-05,3.14,13.91,-4.77,32.72,0.0,1.54,60.21,-15.77948,-70.91799,4470
Crucero_Alto,2004-06-06,3.6,13.7,-3.52,38.09,0.0,2.23,60.13,-15.77948,-70.91799,4470
Crucero_Alto,2004-06-07,1.73,9.88,-4.1,71.85,0.05,3.15,60.2,-15.77948,-70.91799,4470
Crucero_Alto,2004-06-08,1.9,10.57,-3.99,47.11,0.0,2.79,60.29,-15.77948,-70.91799,4470
Crucero_Alto,2004-06-09,0.56,9.92,-5.92,32.85,0.0,2.97,60.25,-15.77948,-70.91799,4470
Crucero_Alto,2004-06-10,1.07,9.87,-5.75,22.46,0.0,2.15,60.25,-15.77948,-70.91799,4470
Crucero_Alto,2004-06-11,2.6,12.63,-3.55,25.03,0.03,2.48,60.35,-15.77948,-70.91799,4470
Crucero_Alto,2004-06-12,2.85,11.45,-2.29,42.1,0.0,1.24,60.46,-15.77948,-70.91799,4470
Crucero_Alto,2004-06-13,3.06,12.76,-3.09,35.82,0.0,1.9,60.45,-15.77948,-70.91799,4470
Crucero_Alto,2004-06-14,3.07,11.53,-3.61,25.47,0.0,1.44,60.32,-15.77948,-70.91799,4470
Crucero_Alto,2004-06-15,3.87,13.21,-3.61,36.86,0.0,1.85,60.26,-15.77948,-70.91799,4470
Crucero_Alto,2004-06-16,3.37,13.2,-3.68,41.23,0.0,2.16,60.28,-15.77948,-70.91799,4470
Crucero_Alto,2004-06-17,4.68,13.85,-2.65,35.76,0.0,1.06,60.33,-15.77948,-70.91799,4470
Crucero_Alto,2004-06-18,4.56,13.07,-2.56,43.97,0.0,1.21,60.39,-15.77948,-70.91799,4470
Crucero_Alto,2004-06-19,2.83,12.38,-4.14,29.78,0.0,1.72,60.4,-15.77948,-70.91799,4470
Crucero_Alto,2004-06-20,1.86,11.33,-3.67,24.97,0.0,2.53,60.34,-15.77948,-70.91799,4470
Crucero_Alto,2004-06-21,3.8,12.56,-3.0,23.18,0.0,1.22,60.26,-15.77948,-70.91799,4470
Crucero_Alto,2004-06-22,3.15,12.33,-3.26,44.98,0.22,1.64,60.3,-15.77948,-70.91799,4470
Crucero_Alto,2004-06-23,2.84,11.3,-3.33,59.42,0.0,1.66,60.31,-15.77948,-70.91799,4470
Crucero_Alto,2004-06-24,1.12,7.05,-4.26,57.5,0.0,1.77,60.23,-15.77948,-70.91799,4470
Crucero_Alto,2004-06-25,1.67,11.64,-5.24,54.09,0.0,2.59,60.13,-15.77948,-70.91799,4470
Crucero_Alto,2004-06-26,-0.11,5.09,-4.76,66.17,0.06,1.72,60.18,-15.77948,-70.91799,4470
Crucero_Alto,2004-06-27,1.74,10.27,-4.76,47.55,0.0,2.34,60.26,-15.77948,-70.91799,4470
Crucero_Alto,2004-06-28,1.83,12.51,-5.08,37.87,0.0,2.63,60.26,-15.77948,-70.91799,4470
Crucero_Alto,2004-06-29,3.44,12.13,-3.59,40.72,0.0,1.47,60.18,-15.77948,-70.91799,4470
Crucero_Alto,2004-06-30,3.55,11.78,-1.74,64.66,0.0,1.65,60.17,-15.77948,-70.91799,4470
Crucero_Alto,2004-07-01,3.42,12.79,-3.21,67.58,1.15,2.83,60.1,-15.77948,-70.91799,4470
Crucero_Alto,2004-07-02,2.25,9.79,-2.74,76.7,2.33,3.0,60.03,-15.77948,-70.91799,4470
Crucero_Alto,2004-07-03,2.28,8.81,-2.37,75.62,0.9,3.29,60.05,-15.77948,-70.91799,4470
Crucero_Alto,2004-07-04,1.54,7.75,-3.07,81.4,1.13,2.55,60.2,-15.77948,-70.91799,4470
Crucero_Alto,2004-07-05,3.32,11.51,-2.81,74.49,0.98,2.0,60.3,-15.77948,-70.91799,4470
Crucero_Alto,2004-07-06,3.91,12.7,-2.62,72.65,0.23,2.3,60.25,-15.77948,-70.91799,4470
Crucero_Alto,2004-07-07,0.98,11.11,-6.9,54.98,0.09,3.81,60.08,-15.77948,-70.91799,4470
Crucero_Alto,2004-07-08,2.59,12.55,-6.68,21.05,0.0,1.05,60.07,-15.77948,-70.91799,4470
Crucero_Alto,2004-07-09,2.39,12.74,-5.04,32.56,0.0,1.81,60.11,-15.77948,-70.91799,4470
Crucero_Alto,2004-07-10,2.14,12.66,-5.44,41.39,0.0,1.74,60.14,-15.77948,-70.91799,4470
Crucero_Alto,2004-07-11,2.54,12.11,-4.25,60.11,0.0,1.55,60.14,-15.77948,-70.91799,4470
Crucero_Alto,2004-07-12,1.1,11.33,-5.86,37.73,0.0,2.73,60.14,-15.77948,-70.91799,4470
Crucero_Alto,2004-07-13,1.7,12.26,-6.1,31.81,0.0,2.19,60.17,-15.77948,-70.91799,4470
Crucero_Alto,2004-07-14,2.83,12.2,-4.45,28.34,0.0,1.07,60.21,-15.77948,-70.91799,4470
Crucero_Alto,2004-07-15,3.36,11.57,-2.79,59.28,0.0,1.24,60.25,-15.77948,-70.91799,4470
Crucero_Alto,2004-07-16,3.23,11.3,-3.02,66.54,0.0,1.08,60.28,-15.77948,-70.91799,4470
Crucero_Alto,2004-07-17,2.67,10.74,-2.29,62.46,0.33,2.36,60.24,-15.77948,-70.91799,4470
Crucero_Alto,2004-07-18,0.19,10.51,-6.54,32.47,0.0,3.19,60.25,-15.77948,-70.91799,4470
Crucero_Alto,2004-07-19,2.04,12.52,-6.35,21.37,0.0,1.33,60.26,-15.77948,-70.91799,4470
Crucero_Alto,2004-07-20,3.28,13.19,-4.52,42.67,0.0,1.84,60.21,-15.77948,-70.91799,4470
Crucero_Alto,2004-07-21,2.18,12.24,-4.5,49.74,0.0,2.11,60.22,-15.77948,-70.91799,4470
Crucero_Alto,2004-07-22,1.94,11.74,-5.02,23.48,0.0,1.7,60.13,-15.77948,-70.91799,4470
Crucero_Alto,2004-07-23,3.56,12.33,-2.19,29.87,0.0,1.05,60.1,-15.77948,-70.91799,4470
Crucero_Alto,2004-07-24,3.06,11.57,-3.54,42.85,0.0,1.81,60.15,-15.77948,-70.91799,4470
Crucero_Alto,2004-07-25,3.56,13.27,-4.29,60.2,0.0,2.11,60.14,-15.77948,-70.91799,4470
Crucero_Alto,2004-07-26,4.61,13.42,-2.69,63.07,0.0,2.09,60.21,-15.77948,-70.91799,4470
Crucero_Alto,2004-07-27,4.76,15.34,-3.29,63.04,0.0,2.19,60.26,-15.77948,-70.91799,4470
Crucero_Alto,2004-07-28,3.76,15.18,-3.83,57.7,0.0,2.48,60.2,-15.77948,-70.91799,4470
Crucero_Alto,2004-07-29,4.73,15.09,-2.93,47.51,0.1,1.82,60.18,-15.77948,-70.91799,4470
Crucero_Alto,2004-07-30,3.66,12.41,-2.86,69.05,0.28,1.92,60.23,-15.77948,-70.91799,4470
Crucero_Alto,2004-07-31,3.71,14.17,-4.17,59.43,0.01,2.23,60.28,-15.77948,-70.91799,4470
Crucero_Alto,2004-08-01,4.02,15.3,-4.02,47.84,0.0,2.31,60.23,-15.77948,-70.91799,4470
Crucero_Alto,2004-08-02,4.9,15.81,-3.2,41.02,0.0,2.13,60.18,-15.77948,-70.91799,4470
Crucero_Alto,2004-08-03,5.38,16.07,-2.31,44.44,0.0,1.58,60.18,-15.77948,-70.91799,4470
Crucero_Alto,2004-08-04,5.13,14.92,-3.49,34.13,0.0,1.06,60.3,-15.77948,-70.91799,4470
Crucero_Alto,2004-08-05,5.24,14.18,-1.43,55.21,0.01,1.67,60.3,-15.77948,-70.91799,4470
Crucero_Alto,2004-08-06,4.67,13.5,-2.29,59.76,0.14,1.94,60.33,-15.77948,-70.91799,4470
Crucero_Alto,2004-08-07,3.62,11.08,-2.27,69.69,0.05,1.81,60.35,-15.77948,-70.91799,4470
Crucero_Alto,2004-08-08,3.41,9.52,-0.67,70.89,0.0,1.58,60.31,-15.77948,-70.91799,4470
Crucero_Alto,2004-08-09,3.68,10.76,-1.52,67.62,0.01,1.34,60.31,-15.77948,-70.91799,4470
Crucero_Alto,2004-08-10,3.35,12.61,-3.02,63.23,0.0,2.03,60.34,-15.77948,-70.91799,4470
Crucero_Alto,2004-08-11,1.84,5.48,-1.18,70.16,0.0,1.73,60.41,-15.77948,-70.91799,4470
Crucero_Alto,2004-08-12,3.94,12.07,-2.58,62.23,0.0,1.4,60.38,-15.77948,-70.91799,4470
Crucero_Alto,2004-08-13,4.18,13.26,-3.76,59.94,0.0,1.29,60.28,-15.77948,-70.91799,4470
Crucero_Alto,2004-08-14,4.26,14.04,-4.74,51.12,0.0,2.35,60.21,-15.77948,-70.91799,4470
Crucero_Alto,2004-08-15,3.45,12.85,-4.97,60.5,0.01,3.51,60.13,-15.77948,-70.91799,4470
Crucero_Alto,2004-08-16,3.19,12.2,-3.24,67.68,0.0,2.99,60.14,-15.77948,-70.91799,4470
Crucero_Alto,2004-08-17,4.23,14.11,-3.28,61.72,0.43,2.6,60.18,-15.77948,-70.91799,4470
Crucero_Alto,2004-08-18,5.11,14.07,-2.49,64.67,0.18,2.33,60.23,-15.77948,-70.91799,4470
Crucero_Alto,2004-08-19,5.91,14.84,-2.99,61.83,0.0,2.55,60.29,-15.77948,-70.91799,4470
Crucero_Alto,2004-08-20,5.86,16.38,-2.08,63.46,0.49,2.8,60.29,-15.77948,-70.91799,4470
Crucero_Alto,2004-08-21,6.14,16.07,-2.12,59.74,0.3,2.13,60.23,-15.77948,-70.91799,4470
Crucero_Alto,2004-08-22,5.83,14.26,-0.14,61.44,0.43,2.12,60.15,-15.77948,-70.91799,4470
Crucero_Alto,2004-08-23,5.15,13.42,-0.77,63.46,4.49,4.16,60.1,-15.77948,-70.91799,4470
Crucero_Alto,2004-08-24,2.58,8.73,-1.61,76.49,3.19,3.99,60.07,-15.77948,-70.91799,4470
Crucero_Alto,2004-08-25,2.67,12.25,-4.9,54.87,0.25,3.44,60.15,-15.77948,-70.91799,4470
Crucero_Alto,2004-08-26,0.55,11.71,-7.97,39.44,0.0,3.64,60.18,-15.77948,-70.91799,4470
Crucero_Alto,2004-08-27,1.22,11.49,-8.08,22.3,0.0,2.59,60.22,-15.77948,-70.91799,4470
Crucero_Alto,2004-08-28,3.78,13.31,-3.89,33.46,0.0,1.13,60.25,-15.77948,-70.91799,4470
Crucero_Alto,2004-08-29,4.52,11.49,-1.71,64.84,0.0,3.28,60.3,-15.77948,-70.91799,4470
Crucero_Alto,2004-08-30,4.27,12.78,-3.03,58.18,0.0,2.71,60.39,-15.77948,-70.91799,4470
Crucero_Alto,2004-08-31,5.76,14.45,-2.13,58.37,0.0,1.72,60.4,-15.77948,-70.91799,4470
Crucero_Alto,2004-09-01,6.09,14.68,-1.51,62.47,0.0,1.91,60.31,-15.77948,-70.91799,4470
Crucero_Alto,2004-09-02,5.01,10.12,1.12,73.72,0.0,2.37,60.3,-15.77948,-70.91799,4470
Crucero_Alto,2004-09-03,6.04,13.37,0.24,62.63,0.0,2.06,60.35,-15.77948,-70.91799,4470
Crucero_Alto,2004-09-04,6.8,15.8,-1.7,52.93,0.0,1.4,60.29,-15.77948,-70.91799,4470
Crucero_Alto,2004-09-05,7.13,15.33,-0.57,50.27,0.0,1.37,60.19,-15.77948,-70.91799,4470
Crucero_Alto,2004-09-06,6.0,15.76,-2.84,56.67,0.67,1.35,60.08,-15.77948,-70.91799,4470
Crucero_Alto,2004-09-07,3.7,15.85,-6.33,33.76,0.0,2.4,60.03,-15.77948,-70.91799,4470
Crucero_Alto,2004-09-08,4.07,12.24,-2.89,56.36,2.97,1.56,60.06,-15.77948,-70.91799,4470
Crucero_Alto,2004-09-09,3.94,9.54,0.25,77.58,9.85,1.99,60.2,-15.77948,-70.91799,4470
Crucero_Alto,2004-09-10,6.36,15.06,-1.16,64.28,0.07,1.37,60.22,-15.77948,-70.91799,4470
Crucero_Alto,2004-09-11,7.18,17.09,-0.99,58.18,0.01,1.25,60.25,-15.77948,-70.91799,4470
Crucero_Alto,2004-09-12,6.29,16.57,-0.65,48.04,0.0,2.48,60.26,-15.77948,-70.91799,4470
Crucero_Alto,2004-09-13,4.22,16.01,-5.44,35.59,0.01,2.61,60.23,-15.77948,-70.91799,4470
Crucero_Alto,2004-09-14,3.88,16.17,-5.85,30.47,0.15,2.55,60.21,-15.77948,-70.91799,4470
Crucero_Alto,2004-09-15,4.16,16.48,-4.52,31.34,0.0,2.34,60.22,-15.77948,-70.91799,4470
Crucero_Alto,2004-09-16,2.71,14.06,-5.26,37.97,0.0,3.14,60.22,-15.77948,-70.91799,4470
Crucero_Alto,2004-09-17,3.06,14.3,-6.38,22.2,0.0,1.97,60.25,-15.77948,-70.91799,4470
Crucero_Alto,2004-09-18,5.41,15.81,-3.52,32.17,0.0,1.53,60.24,-15.77948,-70.91799,4470
Crucero_Alto,2004-09-19,7.19,16.77,-1.61,55.87,0.0,1.5,60.23,-15.77948,-70.91799,4470
Crucero_Alto,2004-09-20,5.74,10.91,0.96,66.7,0.0,1.9,60.27,-15.77948,-70.91799,4470
Crucero_Alto,2004-09-21,7.01,15.49,-0.18,62.12,0.0,1.12,60.3,-15.77948,-70.91799,4470
Crucero_Alto,2004-09-22,7.96,16.12,1.71,62.05,0.0,3.62,60.38,-15.77948,-70.91799,4470
Crucero_Alto,2004-09-23,7.73,15.49,2.33,64.62,0.02,2.74,60.37,-15.77948,-70.91799,4470
Crucero_Alto,2004-09-24,5.11,10.95,1.77,79.45,0.17,3.25,60.28,-15.77948,-70.91799,4470
Crucero_Alto,2004-09-25,6.27,13.94,1.08,61.4,0.05,2.79,60.28,-15.77948,-70.91799,4470
Crucero_Alto,2004-09-26,5.22,13.09,-0.17,70.23,0.39,1.66,60.29,-15.77948,-70.91799,4470
Crucero_Alto,2004-09-27,6.2,14.82,-0.5,65.85,3.54,1.15,60.28,-15.77948,-70.91799,4470
Crucero_Alto,2004-09-28,5.95,16.21,-4.27,43.84,0.05,1.79,60.21,-15.77948,-70.91799,4470
Crucero_Alto,2004-09-29,6.6,16.1,-0.93,45.24,1.2,1.77,60.07,-15.77948,-70.91799,4470
Crucero_Alto,2004-09-30,4.69,13.73,-2.54,40.26,0.57,2.3,60.07,-15.77948,-70.91799,4470
Crucero_Alto,2004-10-01,5.02,14.15,-2.1,49.81,0.27,2.86,60.13,-15.77948,-70.91799,4470
Crucero_Alto,2004-10-02,4.62,16.11,-3.66,40.73,0.0,3.33,60.18,-15.77948,-70.91799,4470
Crucero_Alto,2004-10-03,5.65,16.63,-4.67,32.07,0.0,1.58,60.18,-15.77948,-70.91799,4470
Crucero_Alto,2004-10-04,5.92,14.28,0.57,64.24,0.0,1.47,60.22,-15.77948,-70.91799,4470
Crucero_Alto,2004-10-05,6.68,14.4,0.55,58.42,0.0,2.51,60.28,-15.77948,-70.91799,4470
Crucero_Alto,2004-10-06,6.79,15.5,-0.99,53.59,0.0,3.06,60.31,-15.77948,-70.91799,4470
Crucero_Alto,2004-10-07,5.88,12.89,1.14,62.61,0.01,1.94,60.32,-15.77948,-70.91799,4470
Crucero_Alto,2004-10-08,7.43,18.71,-1.31,33.18,0.32,1.9,60.17,-15.77948,-70.91799,4470
Crucero_Alto,2004-10-09,6.71,17.61,-0.6,35.78,1.45,2.09,60.12,-15.77948,-70.91799,4470
Crucero_Alto,2004-10-10,6.4,17.46,-1.99,28.22,0.0,2.04,60.17,-15.77948,-70.91799,4470
Crucero_Alto,2004-10-11,6.61,18.14,-1.5,31.81,0.04,2.31,60.11,-15.77948,-70.91799,4470
Crucero_Alto,2004-10-12,4.78,14.54,-3.26,29.2,0.0,3.64,60.08,-15.77948,-70.91799,4470
Crucero_Alto,2004-10-13,4.79,17.03,-5.95,28.59,0.0,3.3,60.08,-15.77948,-70.91799,4470
Crucero_Alto,2004-10-14,6.69,16.96,-2.28,31.59,0.03,2.29,60.03,-15.77948,-70.91799,4470
Crucero_Alto,2004-10-15,6.72,15.99,-1.33,49.48,0.0,2.94,60.07,-15.77948,-70.91799,4470
Crucero_Alto,2004-10-16,7.11,17.04,-1.3,52.71,0.0,2.87,60.16,-15.77948,-70.91799,4470
Crucero_Alto,2004-10-17,6.78,17.39,-1.94,54.81,0.0,2.48,60.2,-15.77948,-70.91799,4470
Crucero_Alto,2004-10-18,8.11,19.51,-3.64,42.1,0.0,1.16,60.16,-15.77948,-70.91799,4470
Crucero_Alto,2004-10-19,8.6,16.46,2.35,53.53,0.06,1.95,60.23,-15.77948,-70.91799,4470
Crucero_Alto,2004-10-20,7.36,16.82,0.28,36.0,0.02,1.34,60.27,-15.77948,-70.91799,4470
Crucero_Alto,2004-10-21,7.4,18.86,-1.88,32.21,0.34,1.65,60.17,-15.77948,-70.91799,4470
Crucero_Alto,2004-10-22,8.25,18.68,-0.63,38.94,1.14,1.15,60.13,-15.77948,-70.91799,4470
Crucero_Alto,2004-10-23,8.55,18.58,-0.48,39.15,0.18,1.46,60.13,-15.77948,-70.91799,4470
Crucero_Alto,2004-10-24,7.05,19.33,-1.75,29.74,0.0,2.92,60.1,-15.77948,-70.91799,4470
Crucero_Alto,2004-10-25,5.13,18.16,-4.9,21.71,0.01,3.38,60.13,-15.77948,-70.91799,4470
Crucero_Alto,2004-10-26,4.67,16.73,-7.0,25.8,0.06,3.54,60.19,-15.77948,-70.91799,4470
Crucero_Alto,2004-10-27,7.83,18.39,0.1,48.76,0.18,2.04,60.2,-15.77948,-70.91799,4470
Crucero_Alto,2004-10-28,7.18,15.54,1.03,65.12,0.01,2.08,60.23,-15.77948,-70.91799,4470
Crucero_Alto,2004-10-29,9.52,18.78,2.61,49.3,0.0,2.05,60.17,-15.77948,-70.91799,4470
Crucero_Alto,2004-10-30,8.22,15.66,2.02,61.57,0.0,2.23,60.17,-15.77948,-70.91799,4470
Crucero_Alto,2004-10-31,8.93,16.86,2.81,57.27,0.0,2.93,60.17,-15.77948,-70.91799,4470
Crucero_Alto,2004-11-01,7.51,14.01,1.47,60.76,1.28,2.26,60.19,-15.77948,-70.91799,4470
Crucero_Alto,2004-11-02,9.01,17.01,3.31,56.26,0.1,1.66,60.13,-15.77948,-70.91799,4470
Crucero_Alto,2004-11-03,8.77,17.91,0.57,54.38,0.0,1.74,60.04,-15.77948,-70.91799,4470
Crucero_Alto,2004-11-04,8.9,16.62,2.68,60.05,16.36,1.76,60.09,-15.77948,-70.91799,4470
Crucero_Alto,2004-11-05,8.58,17.76,1.0,60.04,0.36,1.69,60.08,-15.77948,-70.91799,4470
Crucero_Alto,2004-11-06,7.96,16.57,3.38,60.62,5.49,1.96,60.08,-15.77948,-70.91799,4470
Crucero_Alto,2004-11-07,6.92,14.35,1.86,60.08,8.85,1.44,60.16,-15.77948,-70.91799,4470
Crucero_Alto,2004-11-08,8.01,15.93,1.45,59.3,0.18,1.87,60.2,-15.77948,-70.91799,4470
Crucero_Alto,2004-11-09,8.62,15.42,3.28,61.11,0.0,1.46,60.19,-15.77948,-70.91799,4470
Crucero_Alto,2004-11-10,7.77,19.38,-1.85,42.08,0.0,2.95,60.19,-15.77948,-70.91799,4470
Crucero_Alto,2004-11-11,7.69,19.01,-3.16,28.76,0.0,1.98,60.07,-15.77948,-70.91799,4470
Crucero_Alto,2004-11-12,6.91,17.16,-2.1,34.51,0.0,1.83,59.99,-15.77948,-70.91799,4470
Crucero_Alto,2004-11-13,7.19,18.31,-3.03,32.18,0.0,1.79,59.98,-15.77948,-70.91799,4470
Crucero_Alto,2004-11-14,6.76,17.6,-0.97,39.01,0.03,2.21,60.04,-15.77948,-70.91799,4470
Crucero_Alto,2004-11-15,6.69,18.54,-0.69,49.82,0.0,2.83,60.11,-15.77948,-70.91799,4470
Crucero_Alto,2004-11-16,7.25,17.37,-2.4,50.15,0.06,1.91,60.09,-15.77948,-70.91799,4470
Crucero_Alto,2004-11-17,7.91,17.99,0.97,43.8,0.24,1.54,60.1,-15.77948,-70.91799,4470
Crucero_Alto,2004-11-18,6.21,17.94,-1.78,36.77,0.26,3.24,60.16,-15.77948,-70.91799,4470
Crucero_Alto,2004-11-19,6.65,17.81,-2.13,31.62,0.86,1.63,60.19,-15.77948,-70.91799,4470
Crucero_Alto,2004-11-20,8.12,18.28,-1.04,32.66,0.02,1.16,60.18,-15.77948,-70.91799,4470
Crucero_Alto,2004-11-21,8.86,18.93,1.1,28.68,0.32,2.63,60.2,-15.77948,-70.91799,4470
Crucero_Alto,2004-11-22,7.63,15.86,0.95,47.28,0.02,1.74,60.21,-15.77948,-70.91799,4470
Crucero_Alto,2004-11-23,7.97,15.27,2.8,51.91,0.36,1.34,60.14,-15.77948,-70.91799,4470
Crucero_Alto,2004-11-24,8.24,16.64,1.42,47.08,0.02,1.63,60.15,-15.77948,-70.91799,4470
Crucero_Alto,2004-11-25,7.03,18.95,-1.75,24.03,0.0,2.7,60.19,-15.77948,-70.91799,4470
Crucero_Alto,2004-11-26,7.51,19.08,-3.31,31.25,0.0,2.11,60.13,-15.77948,-70.91799,4470
Crucero_Alto,2004-11-27,8.74,19.31,-0.25,43.68,0.68,1.57,60.05,-15.77948,-70.91799,4470
Crucero_Alto,2004-11-28,7.92,19.11,-1.23,28.7,0.06,3.14,60.07,-15.77948,-70.91799,4470
Crucero_Alto,2004-11-29,8.66,19.85,-0.39,37.19,0.5,1.86,60.07,-15.77948,-70.91799,4470
Crucero_Alto,2004-11-30,9.2,17.81,2.54,58.09,0.2,2.05,60.12,-15.77948,-70.91799,4470
Crucero_Alto,2004-12-01,9.39,19.3,1.79,51.99,3.39,1.84,60.1,-15.77948,-70.91799,4470
Crucero_Alto,2004-12-02,9.15,18.53,1.01,43.77,0.38,1.54,60.08,-15.77948,-70.91799,4470
Crucero_Alto,2004-12-03,9.54,17.59,2.53,42.65,0.0,1.72,60.05,-15.77948,-70.91799,4470
Crucero_Alto,2004-12-04,10.65,18.35,3.76,54.18,0.0,3.17,60.15,-15.77948,-70.91799,4470
Crucero_Alto,2004-12-05,10.23,18.13,4.29,52.98,0.0,2.51,60.2,-15.77948,-70.91799,4470
Crucero_Alto,2004-12-06,9.32,16.9,3.91,53.07,0.0,1.69,60.2,-15.77948,-70.91799,4470
Crucero_Alto,2004-12-07,9.08,21.05,-0.57,35.0,0.0,3.01,60.17,-15.77948,-70.91799,4470
Crucero_Alto,2004-12-08,8.89,20.54,-0.36,37.47,3.47,2.01,60.13,-15.77948,-70.91799,4470
Crucero_Alto,2004-12-09,7.23,12.86,0.37,57.67,2.82,1.99,60.12,-15.77948,-70.91799,4470
Crucero_Alto,2004-12-10,8.18,15.75,2.48,66.41,2.56,3.86,60.16,-15.77948,-70.91799,4470
Crucero_Alto,2004-12-11,8.18,16.98,0.05,60.46,0.56,3.3,60.18,-15.77948,-70.91799,4470
Crucero_Alto,2004-12-12,9.49,18.25,3.47,61.49,1.79,1.92,60.18,-15.77948,-70.91799,4470
Crucero_Alto,2004-12-13,8.33,14.15,4.85,65.39,0.75,2.4,60.22,-15.77948,-70.91799,4470
Crucero_Alto,2004-12-14,7.74,16.53,1.98,67.77,4.13,2.39,60.16,-15.77948,-70.91799,4470
Crucero_Alto,2004-12-15,6.71,13.88,1.76,68.42,2.83,2.27,60.12,-15.77948,-70.91799,4470
Crucero_Alto,2004-12-16,7.4,14.19,2.54,64.73,0.01,2.55,60.12,-15.77948,-70.91799,4470
Crucero_Alto,2004-12-17,8.72,17.79,2.11,59.2,2.06,2.69,60.06,-15.77948,-70.91799,4470
Crucero_Alto,2004-12-18,7.65,14.35,2.57,65.65,0.45,1.56,60.1,-15.77948,-70.91799,4470
Crucero_Alto,2004-12-19,9.44,17.37,3.34,61.69,0.23,2.27,60.14,-15.77948,-70.91799,4470
Crucero_Alto,2004-12-20,10.06,19.06,3.88,58.17,0.24,2.55,60.15,-15.77948,-70.91799,4470
Crucero_Alto,2004-12-21,9.69,17.76,3.88,57.72,0.02,2.45,60.18,-15.77948,-70.91799,4470
Crucero_Alto,2004-12-22,9.96,20.44,1.98,53.82,0.29,2.34,60.11,-15.77948,-70.91799,4470
Crucero_Alto,2004-12-23,8.57,18.12,-0.31,48.82,0.04,2.3,60.09,-15.77948,-70.91799,4470
Crucero_Alto,2004-12-24,9.3,19.16,0.98,40.86,0.0,1.76,60.02,-15.77948,-70.91799,4470
Crucero_Alto,2004-12-25,8.45,17.9,1.26,45.09,0.12,2.63,59.99,-15.77948,-70.91799,4470
Crucero_Alto,2004-12-26,8.16,18.81,-1.03,51.66,0.23,1.8,60.12,-15.77948,-70.91799,4470
Crucero_Alto,2004-12-27,6.92,13.36,1.7,65.89,1.12,1.87,60.16,-15.77948,-70.91799,4470
Crucero_Alto,2004-12-28,9.12,17.87,1.65,54.47,0.75,2.41,60.12,-15.77948,-70.91799,4470
Crucero_Alto,2004-12-29,9.74,18.91,2.45,54.74,0.25,2.22,60.06,-15.77948,-70.91799,4470
Crucero_Alto,2004-12-30,6.79,14.09,1.86,64.59,9.28,2.38,60.08,-15.77948,-70.91799,4470
Crucero_Alto,2004-12-31,5.92,12.87,1.93,74.22,6.28,1.81,60.13,-15.77948,-70.91799,4470
Crucero_Alto,2005-01-01,6.48,13.4,1.15,70.84,0.81,2.06,60.21,-15.77948,-70.91799,4470
Crucero_Alto,2005-01-02,7.61,14.32,1.52,69.83,1.74,1.58,60.18,-15.77948,-70.91799,4470
Crucero_Alto,2005-01-03,6.84,14.18,1.84,76.07,1.3,1.47,60.13,-15.77948,-70.91799,4470
Crucero_Alto,2005-01-04,8.25,16.54,1.51,62.68,0.2,2.96,60.15,-15.77948,-70.91799,4470
Crucero_Alto,2005-01-05,9.16,17.95,1.91,52.06,0.0,3.18,60.15,-15.77948,-70.91799,4470
Crucero_Alto,2005-01-06,9.12,17.9,0.76,52.94,0.46,2.62,60.11,-15.77948,-70.91799,4470
Crucero_Alto,2005-01-07,9.19,17.45,2.68,58.05,0.42,3.4,60.19,-15.77948,-70.91799,4470
Crucero_Alto,2005-01-08,9.48,17.96,2.92,58.25,0.85,1.97,60.24,-15.77948,-70.91799,4470
Crucero_Alto,2005-01-09,8.04,16.1,2.07,67.14,0.56,2.15,60.13,-15.77948,-70.91799,4470
Crucero_Alto,2005-01-10,6.31,13.1,1.4,68.48,1.14,2.53,60.06,-15.77948,-70.91799,4470
Crucero_Alto,2005-01-11,6.65,15.34,0.99,65.85,1.15,2.01,60.08,-15.77948,-70.91799,4470
Crucero_Alto,2005-01-12,7.86,16.52,0.88,66.03,1.06,1.97,60.12,-15.77948,-70.91799,4470
Crucero_Alto,2005-01-13,6.97,14.85,1.61,69.6,1.56,2.31,60.19,-15.77948,-70.91799,4470
Crucero_Alto,2005-01-14,5.09,12.4,-0.57,68.38,0.41,4.65,60.17,-15.77948,-70.91799,4470
Crucero_Alto,2005-01-15,6.53,17.96,-2.87,54.28,0.0,4.38,60.09,-15.77948,-70.91799,4470
Crucero_Alto,2005-01-16,5.08,14.21,-1.39,64.3,1.2,3.38,60.09,-15.77948,-70.91799,4470
Crucero_Alto,2005-01-17,6.6,16.06,0.17,65.02,0.96,3.03,60.06,-15.77948,-70.91799,4470
Crucero_Alto,2005-01-18,8.82,19.06,0.36,55.1,0.12,2.27,60.04,-15.77948,-70.91799,4470
Crucero_Alto,2005-01-19,6.78,16.22,0.01,63.25,0.56,2.89,60.07,-15.77948,-70.91799,4470
Crucero_Alto,2005-01-20,7.22,17.83,0.29,60.86,1.75,2.59,60.08,-15.77948,-70.91799,4470
Crucero_Alto,2005-01-21,7.91,18.44,1.13,50.03,1.71,2.44,60.12,-15.77948,-70.91799,4470
Crucero_Alto,2005-01-22,7.45,19.21,-2.86,45.61,0.06,2.32,60.19,-15.77948,-70.91799,4470
Crucero_Alto,2005-01-23,7.72,17.7,-0.66,58.63,0.08,1.78,60.17,-15.77948,-70.91799,4470
Crucero_Alto,2005-01-24,7.26,18.18,-0.48,54.93,0.57,3.36,60.11,-15.77948,-70.91799,4470
Crucero_Alto,2005-01-25,7.04,19.75,-0.73,37.49,0.77,3.02,60.12,-15.77948,-70.91799,4470
Crucero_Alto,2005-01-26,7.63,16.99,-1.11,50.29,0.36,1.27,60.17,-15.77948,-70.91799,4470
Crucero_Alto,2005-01-27,10.07,20.8,1.12,47.02,0.08,1.38,60.12,-15.77948,-70.91799,4470
Crucero_Alto,2005-01-28,9.64,17.5,3.04,46.27,0.12,1.42,60.08,-15.77948,-70.91799,4470
Crucero_Alto,2005-01-29,8.17,16.01,2.14,53.01,0.01,2.02,60.0,-15.77948,-70.91799,4470
Crucero_Alto,2005-01-30,8.66,18.7,0.55,55.24,0.42,2.15,59.96,-15.77948,-70.91799,4470
Crucero_Alto,2005-01-31,8.99,17.68,2.64,59.76,0.24,2.78,60.01,-15.77948,-70.91799,4470
Crucero_Alto,2005-02-01,6.86,15.26,1.74,70.73,0.81,2.12,60.06,-15.77948,-70.91799,4470
Crucero_Alto,2005-02-02,6.69,16.14,1.67,69.42,0.27,2.27,60.07,-15.77948,-70.91799,4470
Crucero_Alto,2005-02-03,7.33,14.99,1.67,67.0,1.5,1.78,60.16,-15.77948,-70.91799,4470
Crucero_Alto,2005-02-04,9.56,17.25,3.81,60.58,0.25,3.04,60.2,-15.77948,-70.91799,4470
Crucero_Alto,2005-02-05,8.5,16.13,3.38,63.69,3.65,2.48,60.2,-15.77948,-70.91799,4470
Crucero_Alto,2005-02-06,5.64,12.6,1.29,73.29,3.84,2.46,60.19,-15.77948,-70.91799,4470
Crucero_Alto,2005-02-07,6.62,15.13,-0.23,61.55,0.77,1.5,60.19,-15.77948,-70.91799,4470
Crucero_Alto,2005-02-08,6.81,16.23,0.86,65.71,5.03,1.62,60.1,-15.77948,-70.91799,4470
Crucero_Alto,2005-02-09,6.25,15.16,0.07,71.88,9.2,1.84,60.17,-15.77948,-70.91799,4470
Crucero_Alto,2005-02-10,6.29,14.63,0.36,72.54,10.21,1.79,60.2,-15.77948,-70.91799,4470
Crucero_Alto,2005-02-11,5.83,12.95,1.02,72.66,10.02,1.75,60.18,-15.77948,-70.91799,4470
Crucero_Alto,2005-02-12,5.69,14.39,0.53,74.87,11.9,1.92,60.13,-15.77948,-70.91799,4470
Crucero_Alto,2005-02-13,6.22,15.73,0.92,72.26,1.95,2.18,60.11,-15.77948,-70.91799,4470
Crucero_Alto,2005-02-14,7.46,16.01,0.7,65.84,2.6,1.93,60.13,-15.77948,-70.91799,4470
Crucero_Alto,2005-02-15,6.48,15.82,-0.45,68.22,2.11,1.93,60.09,-15.77948,-70.91799,4470
Crucero_Alto,2005-02-16,6.28,15.53,0.01,69.83,10.48,1.98,60.06,-15.77948,-70.91799,4470
Crucero_Alto,2005-02-17,5.77,11.58,2.08,75.86,4.45,4.39,60.14,-15.77948,-70.91799,4470
Crucero_Alto,2005-02-18,6.5,14.68,0.77,69.25,4.93,4.29,60.19,-15.77948,-70.91799,4470
Crucero_Alto,2005-02-19,6.03,13.73,0.59,72.78,6.2,2.86,60.19,-15.77948,-70.91799,4470
Crucero_Alto,2005-02-20,5.38,13.15,1.19,78.2,9.15,1.93,60.2,-15.77948,-70.91799,4470
Crucero_Alto,2005-02-21,7.18,16.65,0.34,71.43,5.12,2.1,60.13,-15.77948,-70.91799,4470
Crucero_Alto,2005-02-22,5.72,15.34,-0.68,72.77,9.32,3.34,60.15,-15.77948,-70.91799,4470
Crucero_Alto,2005-02-23,6.13,13.98,-1.16,58.22,2.99,1.36,60.24,-15.77948,-70.91799,4470
Crucero_Alto,2005-02-24,8.94,18.28,0.4,56.0,0.16,1.51,60.3,-15.77948,-70.91799,4470
Crucero_Alto,2005-02-25,8.56,14.91,3.81,70.31,0.43,2.28,60.32,-15.77948,-70.91799,4470
Crucero_Alto,2005-02-26,9.92,18.59,2.92,63.57,0.12,1.2,60.22,-15.77948,-70.91799,4470
Crucero_Alto,2005-02-27,8.91,19.7,-0.01,56.37,0.01,1.79,60.21,-15.77948,-70.91799,4470
Crucero_Alto,2005-02-28,8.07,19.67,-2.52,42.63,0.12,1.18,60.26,-15.77948,-70.91799,4470
Crucero_Alto,2005-03-01,8.72,17.08,4.16,63.49,1.87,1.36,60.31,-15.77948,-70.91799,4470
Crucero_Alto,2005-03-02,8.98,17.51,2.69,64.5,0.34,1.57,60.31,-15.77948,-70.91799,4470
Crucero_Alto,2005-03-03,8.91,17.29,3.19,69.18,3.56,1.74,60.31,-15.77948,-70.91799,4470
Crucero_Alto,2005-03-04,8.55,17.04,2.6,60.07,0.18,2.68,60.36,-15.77948,-70.91799,4470
Crucero_Alto,2005-03-05,7.55,17.73,-0.45,54.81,0.0,2.63,60.41,-15.77948,-70.91799,4470
Crucero_Alto,2005-03-06,9.03,19.66,-0.18,58.84,0.24,1.51,60.36,-15.77948,-70.91799,4470
Crucero_Alto,2005-03-07,9.61,19.72,2.37,58.67,0.08,1.68,60.25,-15.77948,-70.91799,4470
Crucero_Alto,2005-03-08,8.59,17.47,3.8,65.33,0.69,1.51,60.18,-15.77948,-70.91799,4470
Crucero_Alto,2005-03-09,7.97,17.59,2.75,69.94,3.16,2.69,60.18,-15.77948,-70.91799,4470
Crucero_Alto,2005-03-10,6.88,14.93,1.99,73.51,3.31,1.81,60.19,-15.77948,-70.91799,4470
Crucero_Alto,2005-03-11,7.06,16.14,1.56,70.98,0.64,2.02,60.24,-15.77948,-70.91799,4470
Crucero_Alto,2005-03-12,7.21,16.91,1.35,68.6,1.14,2.99,60.26,-15.77948,-70.91799,4470
Crucero_Alto,2005-03-13,7.87,18.18,-0.1,62.26,0.07,1.99,60.18,-15.77948,-70.91799,4470
Crucero_Alto,2005-03-14,6.42,15.78,1.02,64.14,0.33,1.97,60.15,-15.77948,-70.91799,4470
Crucero_Alto,2005-03-15,8.36,17.13,1.23,63.65,0.13,1.48,60.09,-15.77948,-70.91799,4470
Crucero_Alto,2005-03-16,8.77,17.39,1.1,54.66,0.04,2.29,60.19,-15.77948,-70.91799,4470
Crucero_Alto,2005-03-17,8.13,16.28,1.49,63.56,0.31,1.9,60.26,-15.77948,-70.91799,4470
Crucero_Alto,2005-03-18,8.02,16.33,1.53,63.13,0.14,1.78,60.25,-15.77948,-70.91799,4470
Crucero_Alto,2005-03-19,7.36,15.08,1.95,65.69,0.09,1.88,60.26,-15.77948,-70.91799,4470
Crucero_Alto,2005-03-20,7.3,15.66,1.77,66.18,0.0,1.63,60.15,-15.77948,-70.91799,4470
Crucero_Alto,2005-03-21,6.3,14.38,1.23,70.41,5.39,1.73,60.12,-15.77948,-70.91799,4470
Crucero_Alto,2005-03-22,6.19,15.36,0.29,72.31,1.13,1.8,60.2,-15.77948,-70.91799,4470
Crucero_Alto,2005-03-23,4.66,9.88,1.14,79.3,9.95,1.08,60.35,-15.77948,-70.91799,4470
Crucero_Alto,2005-03-24,6.55,15.1,0.27,73.82,1.22,1.72,60.35,-15.77948,-70.91799,4470
Crucero_Alto,2005-03-25,8.02,16.81,0.66,68.89,0.47,1.56,60.26,-15.77948,-70.91799,4470
Crucero_Alto,2005-03-26,8.76,16.91,3.13,65.9,0.28,1.72,60.21,-15.77948,-70.91799,4470
Crucero_Alto,2005-03-27,7.78,15.52,2.64,70.38,1.15,2.2,60.21,-15.77948,-70.91799,4470
Crucero_Alto,2005-03-28,7.8,15.12,2.9,69.52,1.13,2.12,60.24,-15.77948,-70.91799,4470
Crucero_Alto,2005-03-29,7.75,15.47,2.31,72.5,1.23,2.63,60.22,-15.77948,-70.91799,4470
Crucero_Alto,2005-03-30,7.83,15.08,2.92,72.78,7.84,2.64,60.24,-15.77948,-70.91799,4470
Crucero_Alto,2005-03-31,8.21,16.73,2.49,70.18,1.67,1.79,60.21,-15.77948,-70.91799,4470
Crucero_Alto,2005-04-01,7.0,15.47,1.74,67.11,4.92,1.22,60.19,-15.77948,-70.91799,4470
Crucero_Alto,2005-04-02,6.77,14.89,0.44,60.63,5.83,0.83,60.22,-15.77948,-70.91799,4470
Crucero_Alto,2005-04-03,7.69,16.78,0.87,61.07,0.33,1.31,60.27,-15.77948,-70.91799,4470
Crucero_Alto,2005-04-04,8.18,14.48,4.2,67.44,0.02,1.5,60.31,-15.77948,-70.91799,4470
Crucero_Alto,2005-04-05,8.41,16.38,2.1,67.97,0.14,1.51,60.28,-15.77948,-70.91799,4470
Crucero_Alto,2005-04-06,8.69,16.64,1.58,65.92,0.03,1.85,60.34,-15.77948,-70.91799,4470
Crucero_Alto,2005-04-07,6.85,11.94,3.41,76.18,0.08,1.43,60.32,-15.77948,-70.91799,4470
Crucero_Alto,2005-04-08,8.01,15.87,1.58,68.01,0.14,2.12,60.32,-15.77948,-70.91799,4470
Crucero_Alto,2005-04-09,8.24,16.49,2.16,65.14,0.0,2.41,60.34,-15.77948,-70.91799,4470
Crucero_Alto,2005-04-10,8.43,16.92,1.93,63.79,0.3,1.51,60.28,-15.77948,-70.91799,4470
Crucero_Alto,2005-04-11,8.44,17.83,1.04,61.91,0.09,1.05,60.21,-15.77948,-70.91799,4470
Crucero_Alto,2005-04-12,5.88,13.23,1.45,74.72,7.82,1.94,60.23,-15.77948,-70.91799,4470
Crucero_Alto,2005-04-13,6.11,13.81,0.87,72.08,3.24,1.31,60.29,-15.77948,-70.91799,4470
Crucero_Alto,2005-04-14,8.47,17.68,1.47,63.7,0.15,1.12,60.26,-15.77948,-70.91799,4470
Crucero_Alto,2005-04-15,7.94,14.64,3.21,67.53,0.09,2.88,60.31,-15.77948,-70.91799,4470
Crucero_Alto,2005-04-16,7.95,14.64,2.46,59.89,0.0,1.59,60.38,-15.77948,-70.91799,4470
Crucero_Alto,2005-04-17,8.75,17.9,2.69,53.68,0.02,1.34,60.36,-15.77948,-70.91799,4470
Crucero_Alto,2005-04-18,6.62,17.09,-2.56,49.21,0.01,2.24,60.32,-15.77948,-70.91799,4470
Crucero_Alto,2005-04-19,4.25,16.23,-4.14,28.56,0.0,1.96,60.32,-15.77948,-70.91799,4470
Crucero_Alto,2005-04-20,5.1,16.04,-3.91,34.25,0.03,1.54,60.31,-15.77948,-70.91799,4470
Crucero_Alto,2005-04-21,6.36,14.66,-0.09,44.27,0.26,1.1,60.28,-15.77948,-70.91799,4470
Crucero_Alto,2005-04-22,6.43,16.51,-0.04,43.23,0.12,1.77,60.28,-15.77948,-70.91799,4470
Crucero_Alto,2005-04-23,5.94,16.63,-1.44,54.37,0.0,1.72,60.21,-15.77948,-70.91799,4470
Crucero_Alto,2005-04-24,4.34,11.88,-2.04,69.83,0.11,2.19,60.2,-15.77948,-70.91799,4470
Crucero_Alto,2005-04-25,4.81,15.47,-1.92,64.02,0.02,2.39,60.27,-15.77948,-70.91799,4470
Crucero_Alto,2005-04-26,3.94,14.7,-3.85,61.96,0.0,2.73,60.33,-15.77948,-70.91799,4470
Crucero_Alto,2005-04-27,3.5,15.31,-4.56,42.8,0.0,2.94,60.36,-15.77948,-70.91799,4470
Crucero_Alto,2005-04-28,2.58,14.13,-5.65,37.68,0.0,3.05,60.3,-15.77948,-70.91799,4470
Crucero_Alto,2005-04-29,4.51,15.33,-5.48,29.94,0.0,1.19,60.31,-15.77948,-70.91799,4470
Crucero_Alto,2005-04-30,5.83,15.72,-2.19,52.99,0.0,0.96,60.42,-15.77948,-70.91799,4470
Crucero_Alto,2005-05-01,6.14,15.27,-1.21,56.75,0.0,0.82,60.43,-15.77948,-70.91799,4470
Crucero_Alto,2005-05-02,4.63,15.81,-3.7,53.06,0.0,1.5,60.33,-15.77948,-70.91799,4470
Crucero_Alto,2005-05-03,4.52,15.93,-4.3,61.16,0.0,1.72,60.22,-15.77948,-70.91799,4470
Crucero_Alto,2005-05-04,4.38,15.22,-4.08,48.32,0.0,2.01,60.25,-15.77948,-70.91799,4470
Crucero_Alto,2005-05-05,4.05,14.42,-3.27,46.76,0.0,1.99,60.3,-15.77948,-70.91799,4470
Crucero_Alto,2005-05-06,4.85,14.92,-1.81,49.86,0.0,1.99,60.25,-15.77948,-70.91799,4470
Crucero_Alto,2005-05-07,3.74,14.45,-2.41,34.69,0.01,2.12,60.23,-15.77948,-70.91799,4470
Crucero_Alto,2005-05-08,2.36,13.67,-5.07,27.72,0.06,2.29,60.26,-15.77948,-70.91799,4470
Crucero_Alto,2005-05-09,4.41,14.67,-4.02,19.96,0.0,1.27,60.27,-15.77948,-70.91799,4470
Crucero_Alto,2005-05-10,5.08,15.28,-3.1,26.33,0.0,0.85,60.22,-15.77948,-70.91799,4470
Crucero_Alto,2005-05-11,5.52,15.55,-2.28,42.79,0.0,1.41,60.22,-15.77948,-70.91799,4470
Crucero_Alto,2005-05-12,5.69,15.55,-1.24,55.41,0.0,1.22,60.23,-15.77948,-70.91799,4470
Crucero_Alto,2005-05-13,3.75,13.92,-3.75,42.45,0.0,2.2,60.22,-15.77948,-70.91799,4470
Crucero_Alto,2005-05-14,3.22,14.59,-4.15,33.54,0.11,2.16,60.18,-15.77948,-70.91799,4470
Crucero_Alto,2005-05-15,3.45,14.41,-4.32,37.95,0.01,2.19,60.17,-15.77948,-70.91799,4470
Crucero_Alto,2005-05-16,5.45,15.27,-2.03,44.01,0.1,1.38,60.17,-15.77948,-70.91799,4470
Crucero_Alto,2005-05-17,4.07,13.32,-2.4,58.48,0.02,1.88,60.22,-15.77948,-70.91799,4470
Crucero_Alto,2005-05-18,3.87,14.64,-4.15,59.63,0.0,2.25,60.23,-15.77948,-70.91799,4470
Crucero_Alto,2005-05-19,4.4,16.1,-2.88,53.0,0.0,2.26,60.17,-15.77948,-70.91799,4470
Crucero_Alto,2005-05-20,4.53,16.71,-4.26,47.18,0.0,2.16,60.22,-15.77948,-70.91799,4470
Crucero_Alto,2005-05-21,5.96,15.81,-1.74,37.97,0.0,1.72,60.29,-15.77948,-70.91799,4470
Crucero_Alto,2005-05-22,4.45,16.06,-4.94,35.81,0.05,2.57,60.27,-15.77948,-70.91799,4470
Crucero_Alto,2005-05-23,1.75,13.47,-5.8,23.05,0.0,3.17,60.16,-15.77948,-70.91799,4470
Crucero_Alto,2005-05-24,1.81,14.15,-5.95,20.75,0.0,3.37,60.2,-15.77948,-70.91799,4470
Crucero_Alto,2005-05-25,3.75,15.47,-4.94,17.45,0.0,2.04,60.27,-15.77948,-70.91799,4470
Crucero_Alto,2005-05-26,4.14,14.69,-3.4,16.91,0.12,1.6,60.35,-15.77948,-70.91799,4470
Crucero_Alto,2005-05-27,5.35,14.67,-0.35,24.04,0.0,1.59,60.4,-15.77948,-70.91799,4470
Crucero_Alto,2005-05-28,5.08,13.79,-2.34,48.88,0.0,1.13,60.38,-15.77948,-70.91799,4470
Crucero_Alto,2005-05-29,5.47,14.65,-1.36,32.13,0.0,0.91,60.27,-15.77948,-70.91799,4470
Crucero_Alto,2005-05-30,4.51,14.43,-2.38,57.81,0.02,1.31,60.27,-15.77948,-70.91799,4470
Crucero_Alto,2005-05-31,3.47,14.18,-3.41,53.49,0.01,1.62,60.32,-15.77948,-70.91799,4470
Crucero_Alto,2005-06-01,2.53,14.16,-5.37,29.91,0.0,1.62,60.29,-15.77948,-70.91799,4470
Crucero_Alto,2005-06-02,4.06,14.74,-5.08,20.56,0.0,1.23,60.25,-15.77948,-70.91799,4470
Crucero_Alto,2005-06-03,5.35,15.09,-2.43,17.88,0.0,0.74,60.22,-15.77948,-70.91799,4470
Crucero_Alto,2005-06-04,5.42,14.73,-1.54,31.73,0.0,0.76,60.27,-15.77948,-70.91799,4470
Crucero_Alto,2005-06-05,5.09,14.18,-1.4,60.89,0.0,1.23,60.32,-15.77948,-70.91799,4470
Crucero_Alto,2005-06-06,4.96,13.0,-0.9,57.69,0.0,1.02,60.29,-15.77948,-70.91799,4470
Crucero_Alto,2005-06-07,2.7,13.89,-4.52,29.38,0.0,1.9,60.16,-15.77948,-70.91799,4470
Crucero_Alto,2005-06-08,2.31,13.44,-5.08,23.77,0.0,2.05,60.15,-15.77948,-70.91799,4470
Crucero_Alto,2005-06-09,1.36,11.94,-6.14,33.76,0.12,2.82,60.21,-15.77948,-70.91799,4470
Crucero_Alto,2005-06-10,0.34,11.8,-6.45,37.39,0.0,2.74,60.24,-15.77948,-70.91799,4470
Crucero_Alto,2005-06-11,1.22,12.46,-5.96,31.5,0.0,2.2,60.2,-15.77948,-70.91799,4470
Crucero_Alto,2005-06-12,1.62,12.4,-5.03,32.69,0.07,2.45,60.2,-15.77948,-70.91799,4470
Crucero_Alto,2005-06-13,1.26,11.7,-5.8,37.86,0.0,2.82,60.21,-15.77948,-70.91799,4470
Crucero_Alto,2005-06-14,3.38,13.23,-3.15,23.87,0.0,1.24,60.25,-15.77948,-70.91799,4470
Crucero_Alto,2005-06-15,3.95,13.9,-3.76,33.84,0.0,1.22,60.33,-15.77948,-70.91799,4470
Crucero_Alto,2005-06-16,3.32,13.74,-5.29,33.92,0.1,2.02,60.35,-15.77948,-70.91799,4470
Crucero_Alto,2005-06-17,2.98,13.47,-5.89,19.87,0.0,1.6,60.29,-15.77948,-70.91799,4470
Crucero_Alto,2005-06-18,2.03,12.62,-4.65,21.58,0.0,2.14,60.28,-15.77948,-70.91799,4470
Crucero_Alto,2005-06-19,2.35,12.8,-3.91,22.16,0.0,1.86,60.2,-15.77948,-70.91799,4470
Crucero_Alto,2005-06-20,1.79,12.26,-4.29,23.99,0.0,1.77,60.25,-15.77948,-70.91799,4470
Crucero_Alto,2005-06-21,2.11,9.09,-3.19,22.39,0.0,1.08,60.32,-15.77948,-70.91799,4470
Crucero_Alto,2005-06-22,2.55,12.54,-2.84,17.76,0.01,1.71,60.34,-15.77948,-70.91799,4470
Crucero_Alto,2005-06-23,2.37,11.58,-3.39,30.38,0.21,0.84,60.35,-15.77948,-70.91799,4470
Crucero_Alto,2005-06-24,2.23,12.7,-4.19,36.72,0.01,1.72,60.28,-15.77948,-70.91799,4470
Crucero_Alto,2005-06-25,1.07,11.71,-5.86,47.45,0.0,2.81,60.18,-15.77948,-70.91799,4470
Crucero_Alto,2005-06-26,-0.8,9.08,-6.66,29.49,0.0,4.01,60.14,-15.77948,-70.91799,4470
Crucero_Alto,2005-06-27,0.76,10.89,-6.51,20.1,0.0,3.44,60.19,-15.77948,-70.91799,4470
Crucero_Alto,2005-06-28,3.38,13.44,-3.31,24.77,0.0,1.68,60.21,-15.77948,-70.91799,4470
Crucero_Alto,2005-06-29,3.11,11.85,-2.65,45.93,0.0,2.02,60.33,-15.77948,-70.91799,4470
Crucero_Alto,2005-06-30,3.72,12.16,-1.98,63.07,0.01,1.93,60.43,-15.77948,-70.91799,4470
Crucero_Alto,2005-07-01,4.27,14.1,-3.26,55.31,0.1,1.02,60.39,-15.77948,-70.91799,4470
Crucero_Alto,2005-07-02,6.15,15.89,-1.48,42.7,0.0,1.64,60.33,-15.77948,-70.91799,4470
Crucero_Alto,2005-07-03,5.94,15.6,-1.75,40.21,0.0,1.32,60.42,-15.77948,-70.91799,4470
Crucero_Alto,2005-07-04,6.34,16.25,-2.32,28.32,0.0,1.35,60.44,-15.77948,-70.91799,4470
Crucero_Alto,2005-07-05,5.47,14.69,-0.78,57.76,0.01,1.24,60.42,-15.77948,-70.91799,4470
Crucero_Alto,2005-07-06,5.95,15.19,-1.48,55.8,0.0,0.85,60.41,-15.77948,-70.91799,4470
Crucero_Alto,2005-07-07,5.29,14.32,-1.02,59.2,0.0,1.38,60.46,-15.77948,-70.91799,4470
Crucero_Alto,2005-07-08,4.89,15.13,-1.87,44.31,0.0,1.25,60.42,-15.77948,-70.91799,4470
Crucero_Alto,2005-07-09,4.23,13.88,-3.07,27.67,0.0,1.14,60.34,-15.77948,-70.91799,4470
Crucero_Alto,2005-07-10,2.78,12.34,-3.41,57.54,0.0,2.22,60.36,-15.77948,-70.91799,4470
Crucero_Alto,2005-07-11,1.94,11.41,-3.98,45.11,0.0,2.55,60.4,-15.77948,-70.91799,4470
Crucero_Alto,2005-07-12,2.81,12.48,-4.55,33.24,0.0,1.35,60.37,-15.77948,-70.91799,4470
Crucero_Alto,2005-07-13,2.28,12.55,-4.65,24.74,0.0,2.44,60.2,-15.77948,-70.91799,4470
Crucero_Alto,2005-07-14,1.53,12.84,-5.24,29.48,0.0,3.01,60.08,-15.77948,-70.91799,4470
Crucero_Alto,2005-07-15,0.99,11.82,-5.7,36.9,0.0,3.28,60.08,-15.77948,-70.91799,4470
Crucero_Alto,2005-07-16,0.82,11.59,-5.78,29.7,0.0,3.2,60.12,-15.77948,-70.91799,4470
Crucero_Alto,2005-07-17,1.91,11.04,-4.91,46.56,0.03,2.79,60.18,-15.77948,-70.91799,4470
Crucero_Alto,2005-07-18,1.33,12.06,-5.24,41.51,0.01,3.3,60.18,-15.77948,-70.91799,4470
Crucero_Alto,2005-07-19,1.75,11.26,-5.23,40.64,0.06,2.49,60.1,-15.77948,-70.91799,4470
Crucero_Alto,2005-07-20,1.73,11.04,-4.61,54.98,0.0,2.96,60.16,-15.77948,-70.91799,4470
Crucero_Alto,2005-07-21,2.61,12.63,-5.34,51.54,0.0,2.56,60.15,-15.77948,-70.91799,4470
Crucero_Alto,2005-07-22,2.41,11.69,-3.93,70.48,0.0,2.92,60.24,-15.77948,-70.91799,4470
Crucero_Alto,2005-07-23,1.18,10.56,-5.78,66.92,0.0,3.32,60.26,-15.77948,-70.91799,4470
Crucero_Alto,2005-07-24,1.13,12.7,-6.53,53.68,0.0,2.85,60.25,-15.77948,-70.91799,4470
Crucero_Alto,2005-07-25,2.94,13.48,-4.18,53.34,0.0,2.47,60.25,-15.77948,-70.91799,4470
Crucero_Alto,2005-07-26,3.35,13.53,-4.17,52.3,0.0,2.01,60.25,-15.77948,-70.91799,4470
Crucero_Alto,2005-07-27,3.73,13.4,-3.15,50.53,0.0,1.71,60.26,-15.77948,-70.91799,4470
Crucero_Alto,2005-07-28,4.81,14.71,-3.81,47.83,0.0,1.04,60.28,-15.77948,-70.91799,4470
Crucero_Alto,2005-07-29,5.28,15.36,-2.89,43.14,0.0,1.23,60.33,-15.77948,-70.91799,4470
Crucero_Alto,2005-07-30,5.63,15.47,-2.72,28.68,0.0,1.0,60.32,-15.77948,-70.91799,4470
Crucero_Alto,2005-07-31,5.97,15.42,-1.25,30.29,0.0,1.21,60.27,-15.77948,-70.91799,4470
Crucero_Alto,2005-08-01,4.75,15.02,-2.75,34.56,0.0,1.79,60.3,-15.77948,-70.91799,4470
Crucero_Alto,2005-08-02,4.39,15.23,-3.97,54.62,0.0,1.63,60.29,-15.77948,-70.91799,4470
Crucero_Alto,2005-08-03,4.74,14.05,-3.68,54.19,0.0,1.44,60.26,-15.77948,-70.91799,4470
Crucero_Alto,2005-08-04,3.99,14.45,-3.11,44.62,0.0,2.23,60.27,-15.77948,-70.91799,4470
Crucero_Alto,2005-08-05,4.88,14.56,-3.91,24.79,0.0,1.11,60.25,-15.77948,-70.91799,4470
Crucero_Alto,2005-08-06,4.11,11.89,-2.86,61.89,0.0,1.03,60.24,-15.77948,-70.91799,4470
Crucero_Alto,2005-08-07,3.65,11.26,-2.2,64.29,0.32,1.22,60.32,-15.77948,-70.91799,4470
Crucero_Alto,2005-08-08,3.62,12.22,-2.26,54.75,0.04,1.74,60.38,-15.77948,-70.91799,4470
Crucero_Alto,2005-08-09,3.89,14.12,-4.88,33.13,0.0,1.27,60.34,-15.77948,-70.91799,4470
Crucero_Alto,2005-08-10,4.96,14.77,-3.56,30.53,0.0,1.02,60.32,-15.77948,-70.91799,4470
Crucero_Alto,2005-08-11,4.83,15.03,-2.44,36.19,0.0,1.19,60.33,-15.77948,-70.91799,4470
Crucero_Alto,2005-08-12,4.19,15.06,-4.84,20.74,0.0,1.54,60.28,-15.77948,-70.91799,4470
Crucero_Alto,2005-08-13,3.97,15.23,-4.61,20.5,0.0,1.23,60.23,-15.77948,-70.91799,4470
Crucero_Alto,2005-08-14,2.78,14.91,-5.9,18.65,0.0,2.12,60.3,-15.77948,-70.91799,4470
Crucero_Alto,2005-08-15,4.55,14.87,-4.17,24.54,0.0,1.87,60.31,-15.77948,-70.91799,4470
Crucero_Alto,2005-08-16,4.01,15.71,-3.99,44.06,0.0,1.72,60.32,-15.77948,-70.91799,4470
Crucero_Alto,2005-08-17,4.35,14.79,-3.71,28.6,0.19,1.21,60.23,-15.77948,-70.91799,4470
Crucero_Alto,2005-08-18,3.79,11.58,-2.68,71.66,0.17,1.45,60.33,-15.77948,-70.91799,4470
Crucero_Alto,2005-08-19,5.01,14.22,-3.21,64.67,0.0,1.32,60.38,-15.77948,-70.91799,4470
Crucero_Alto,2005-08-20,5.53,15.84,-1.15,53.11,0.0,2.12,60.37,-15.77948,-70.91799,4470
Crucero_Alto,2005-08-21,4.65,14.9,-4.02,33.13,0.0,1.43,60.21,-15.77948,-70.91799,4470
Crucero_Alto,2005-08-22,2.3,13.74,-6.67,27.2,0.0,3.61,60.15,-15.77948,-70.91799,4470
Crucero_Alto,2005-08-23,1.61,10.38,-7.29,13.7,0.0,2.0,60.22,-15.77948,-70.91799,4470
Crucero_Alto,2005-08-24,4.41,13.86,-2.86,30.17,0.08,1.9,60.29,-15.77948,-70.91799,4470
Crucero_Alto,2005-08-25,2.96,14.03,-4.67,43.65,0.0,2.95,60.27,-15.77948,-70.91799,4470
Crucero_Alto,2005-08-26,3.65,13.7,-6.05,18.1,0.0,1.39,60.23,-15.77948,-70.91799,4470
Crucero_Alto,2005-08-27,5.21,16.67,-2.91,19.44,0.0,2.15,60.23,-15.77948,-70.91799,4470
Crucero_Alto,2005-08-28,4.71,16.23,-3.06,14.77,0.0,1.83,60.21,-15.77948,-70.91799,4470
Crucero_Alto,2005-08-29,3.41,15.3,-4.97,15.66,0.0,2.64,60.15,-15.77948,-70.91799,4470
Crucero_Alto,2005-08-30,2.39,13.7,-5.73,16.64,0.0,3.27,60.08,-15.77948,-70.91799,4470
Crucero_Alto,2005-08-31,1.91,13.07,-6.22,21.41,0.11,3.28,60.11,-15.77948,-70.91799,4470
Crucero_Alto,2005-09-01,3.64,15.19,-4.45,25.94,0.0,2.44,60.15,-15.77948,-70.91799,4470
Crucero_Alto,2005-09-02,3.06,12.33,-3.7,38.16,0.12,1.69,60.24,-15.77948,-70.91799,4470
Crucero_Alto,2005-09-03,2.02,13.16,-6.45,28.27,0.0,3.69,60.26,-15.77948,-70.91799,4470
Crucero_Alto,2005-09-04,4.03,15.5,-6.4,12.87,0.0,2.11,60.23,-15.77948,-70.91799,4470
Crucero_Alto,2005-09-05,4.5,15.75,-3.6,27.72,0.0,1.73,60.2,-15.77948,-70.91799,4470
Crucero_Alto,2005-09-06,4.82,15.21,-4.25,20.91,0.0,1.16,60.22,-15.77948,-70.91799,4470
Crucero_Alto,2005-09-07,4.48,15.06,-2.93,46.56,1.15,1.26,60.22,-15.77948,-70.91799,4470
Crucero_Alto,2005-09-08,4.31,12.8,-2.03,50.02,2.44,1.16,60.23,-15.77948,-70.91799,4470
Crucero_Alto,2005-09-09,3.78,10.14,-2.47,56.09,0.01,1.63,60.22,-15.77948,-70.91799,4470
Crucero_Alto,2005-09-10,3.24,10.14,-3.74,54.43,0.03,2.06,60.2,-15.77948,-70.91799,4470
Crucero_Alto,2005-09-11,3.35,10.33,-2.92,68.05,0.25,2.76,60.16,-15.77948,-70.91799,4470
Crucero_Alto,2005-09-12,3.98,12.17,-3.51,68.66,0.14,3.27,60.08,-15.77948,-70.91799,4470
Crucero_Alto,2005-09-13,4.4,13.94,-2.15,62.64,1.17,4.87,60.0,-15.77948,-70.91799,4470
Crucero_Alto,2005-09-14,2.61,11.49,-3.45,73.59,13.22,3.65,60.12,-15.77948,-70.91799,4470
Crucero_Alto,2005-09-15,3.88,13.04,-2.31,69.91,1.42,2.75,60.21,-15.77948,-70.91799,4470
Crucero_Alto,2005-09-16,4.35,14.76,-3.41,67.52,0.29,3.32,60.22,-15.77948,-70.91799,4470
Crucero_Alto,2005-09-17,3.07,11.25,-2.91,69.13,0.03,3.04,60.19,-15.77948,-70.91799,4470
Crucero_Alto,2005-09-18,3.32,10.1,-2.26,69.06,0.0,1.25,60.19,-15.77948,-70.91799,4470
Crucero_Alto,2005-09-19,5.03,14.48,-1.54,67.41,0.11,1.77,60.24,-15.77948,-70.91799,4470
Crucero_Alto,2005-09-20,5.92,15.94,-1.82,58.32,0.0,2.61,60.23,-15.77948,-70.91799,4470
Crucero_Alto,2005-09-21,5.28,16.75,-3.06,51.78,0.0,2.83,60.19,-15.77948,-70.91799,4470
Crucero_Alto,2005-09-22,5.21,17.57,-1.8,60.14,0.0,3.61,60.12,-15.77948,-70.91799,4470
Crucero_Alto,2005-09-23,4.74,16.37,-3.35,64.85,0.0,3.17,60.13,-15.77948,-70.91799,4470
Crucero_Alto,2005-09-24,3.52,13.67,-4.37,53.72,0.0,4.4,60.18,-15.77948,-70.91799,4470
Crucero_Alto,2005-09-25,3.15,14.83,-6.42,35.65,0.0,3.72,60.16,-15.77948,-70.91799,4470
Crucero_Alto,2005-09-26,3.87,16.27,-5.29,35.1,0.2,3.81,60.17,-15.77948,-70.91799,4470
Crucero_Alto,2005-09-27,4.88,17.28,-5.26,30.15,0.0,2.66,60.26,-15.77948,-70.91799,4470
Crucero_Alto,2005-09-28,6.47,16.88,-2.1,46.06,0.09,1.35,60.27,-15.77948,-70.91799,4470
Crucero_Alto,2005-09-29,6.81,17.07,-2.27,46.85,0.03,2.1,60.21,-15.77948,-70.91799,4470
Crucero_Alto,2005-09-30,6.36,17.3,-1.63,32.22,0.39,2.1,60.11,-15.77948,-70.91799,4470
Crucero_Alto,2005-10-01,6.1,17.2,-2.71,28.9,0.09,2.41,60.15,-15.77948,-70.91799,4470
Crucero_Alto,2005-10-02,5.79,14.68,-0.71,46.9,0.02,1.47,60.22,-15.77948,-70.91799,4470
Crucero_Alto,2005-10-03,5.73,13.21,-0.1,58.31,0.42,1.24,60.22,-15.77948,-70.91799,4470
Crucero_Alto,2005-10-04,7.47,17.71,-1.63,50.16,0.09,1.26,60.18,-15.77948,-70.91799,4470
Crucero_Alto,2005-10-05,7.75,18.45,-1.26,31.92,0.33,1.76,60.16,-15.77948,-70.91799,4470
Crucero_Alto,2005-10-06,6.69,15.49,0.14,36.17,0.68,1.7,60.25,-15.77948,-70.91799,4470
Crucero_Alto,2005-10-07,6.93,16.53,-0.93,30.58,1.67,1.33,60.29,-15.77948,-70.91799,4470
Crucero_Alto,2005-10-08,4.63,10.31,-0.6,59.88,5.72,1.33,60.36,-15.77948,-70.91799,4470
Crucero_Alto,2005-10-09,4.9,9.63,0.41,74.83,13.94,1.99,60.32,-15.77948,-70.91799,4470
Crucero_Alto,2005-10-10,4.09,11.7,-1.23,69.31,3.0,1.96,60.29,-15.77948,-70.91799,4470
Crucero_Alto,2005-10-11,6.56,15.5,0.06,49.48,0.0,1.25,60.25,-15.77948,-70.91799,4470
Crucero_Alto,2005-10-12,6.25,16.87,-1.54,39.22,0.0,1.99,60.2,-15.77948,-70.91799,4470
Crucero_Alto,2005-10-13,6.09,17.61,-2.99,39.09,0.12,1.96,60.15,-15.77948,-70.91799,4470
Crucero_Alto,2005-10-14,6.48,17.61,-3.49,32.59,0.0,1.41,60.12,-15.77948,-70.91799,4470
Crucero_Alto,2005-10-15,6.62,16.88,-1.05,35.95,0.0,1.43,60.09,-15.77948,-70.91799,4470
Crucero_Alto,2005-10-16,7.12,17.9,-2.28,36.03,4.34,1.14,60.03,-15.77948,-70.91799,4470
Crucero_Alto,2005-10-17,5.45,14.37,-1.66,49.62,4.86,2.1,60.13,-15.77948,-70.91799,4470
Crucero_Alto,2005-10-18,7.18,16.6,-1.03,47.51,0.23,1.45,60.14,-15.77948,-70.91799,4470
Crucero_Alto,2005-10-19,6.64,14.38,-0.17,47.63,3.1,1.57,60.15,-15.77948,-70.91799,4470
Crucero_Alto,2005-10-20,6.17,16.35,-1.24,42.49,0.03,3.19,60.17,-15.77948,-70.91799,4470
Crucero_Alto,2005-10-21,5.65,18.23,-3.3,36.11,0.0,2.82,60.14,-15.77948,-70.91799,4470
Crucero_Alto,2005-10-22,6.04,17.71,-4.51,32.3,0.0,1.14,60.15,-15.77948,-70.91799,4470
Crucero_Alto,2005-10-23,6.04,16.03,-0.19,51.04,0.53,1.96,60.14,-15.77948,-70.91799,4470
Crucero_Alto,2005-10-24,6.42,18.18,-1.77,44.47,0.08,2.77,60.17,-15.77948,-70.91799,4470
Crucero_Alto,2005-10-25,6.64,18.22,-1.63,41.03,0.0,2.49,60.25,-15.77948,-70.91799,4470
Crucero_Alto,2005-10-26,7.35,18.46,-1.76,44.83,0.18,1.63,60.15,-15.77948,-70.91799,4470
Crucero_Alto,2005-10-27,7.11,17.58,-0.93,44.35,0.03,1.99,60.16,-15.77948,-70.91799,4470
Crucero_Alto,2005-10-28,6.37,18.03,-2.57,35.19,0.0,2.98,60.2,-15.77948,-70.91799,4470
Crucero_Alto,2005-10-29,6.43,18.76,-2.28,27.62,0.0,2.03,60.21,-15.77948,-70.91799,4470
Crucero_Alto,2005-10-30,6.14,18.75,-3.47,26.85,0.26,2.38,60.25,-15.77948,-70.91799,4470
Crucero_Alto,2005-10-31,6.6,18.38,-4.02,18.86,0.09,2.81,60.28,-15.77948,-70.91799,4470
Crucero_Alto,2005-11-01,8.1,19.21,-1.17,26.75,0.0,1.92,60.27,-15.77948,-70.91799,4470
Crucero_Alto,2005-11-02,8.92,18.59,1.51,42.82,0.0,1.65,60.33,-15.77948,-70.91799,4470
Crucero_Alto,2005-11-03,7.47,15.06,0.69,47.65,0.0,1.8,60.38,-15.77948,-70.91799,4470
Crucero_Alto,2005-11-04,9.33,18.34,0.5,45.74,0.0,1.66,60.25,-15.77948,-70.91799,4470
Crucero_Alto,2005-11-05,8.78,18.79,1.25,48.14,0.01,2.64,60.13,-15.77948,-70.91799,4470
Crucero_Alto,2005-11-06,6.5,14.0,0.85,51.33,1.62,0.84,60.17,-15.77948,-70.91799,4470
Crucero_Alto,2005-11-07,4.94,10.93,1.15,71.17,3.97,2.42,60.17,-15.77948,-70.91799,4470
Crucero_Alto,2005-11-08,4.48,11.6,0.88,73.71,5.01,1.44,60.18,-15.77948,-70.91799,4470
Crucero_Alto,2005-11-09,5.91,13.82,1.43,70.35,1.67,1.87,60.18,-15.77948,-70.91799,4470
Crucero_Alto,2005-11-10,7.81,17.6,0.97,56.57,0.08,2.59,60.15,-15.77948,-70.91799,4470
Crucero_Alto,2005-11-11,6.75,13.53,0.1,44.34,0.33,1.48,60.15,-15.77948,-70.91799,4470
Crucero_Alto,2005-11-12,7.57,18.55,-0.56,38.52,0.04,2.26,60.09,-15.77948,-70.91799,4470
Crucero_Alto,2005-11-13,6.22,16.25,-1.7,36.38,0.0,1.61,60.13,-15.77948,-70.91799,4470
Crucero_Alto,2005-11-14,7.98,18.12,-2.14,33.3,0.0,1.14,60.09,-15.77948,-70.91799,4470
Crucero_Alto,2005-11-15,7.36,16.33,1.68,46.17,0.97,2.02,60.12,-15.77948,-70.91799,4470
Crucero_Alto,2005-11-16,7.76,19.2,-0.37,42.58,0.01,2.29,60.14,-15.77948,-70.91799,4470
Crucero_Alto,2005-11-17,7.24,19.7,-2.2,34.31,0.0,2.37,60.06,-15.77948,-70.91799,4470
Crucero_Alto,2005-11-18,8.47,19.6,-1.9,30.28,0.17,1.54,60.04,-15.77948,-70.91799,4470
Crucero_Alto,2005-11-19,7.42,15.89,1.72,48.7,0.37,2.19,60.12,-15.77948,-70.91799,4470
Crucero_Alto,2005-11-20,5.92,14.01,1.0,62.46,5.38,1.57,60.16,-15.77948,-70.91799,4470
Crucero_Alto,2005-11-21,7.25,15.03,0.84,56.25,4.9,1.3,60.12,-15.77948,-70.91799,4470
Crucero_Alto,2005-11-22,7.56,15.58,1.5,57.65,5.22,2.17,60.02,-15.77948,-70.91799,4470
Crucero_Alto,2005-11-23,6.1,16.99,-2.33,45.06,0.17,4.07,60.03,-15.77948,-70.91799,4470
Crucero_Alto,2005-11-24,7.53,18.66,-4.59,33.26,0.01,1.5,59.96,-15.77948,-70.91799,4470
Crucero_Alto,2005-11-25,7.58,17.38,1.25,45.13,0.63,2.91,60.03,-15.77948,-70.91799,4470
Crucero_Alto,2005-11-26,6.73,16.95,-0.92,49.37,2.28,2.6,59.99,-15.77948,-70.91799,4470
Crucero_Alto,2005-11-27,6.05,18.56,-2.53,37.22,0.02,3.2,59.95,-15.77948,-70.91799,4470
Crucero_Alto,2005-11-28,5.68,18.39,-4.69,29.86,0.0,3.27,59.97,-15.77948,-70.91799,4470
Crucero_Alto,2005-11-29,9.08,20.47,-3.11,27.44,0.0,1.35,59.97,-15.77948,-70.91799,4470
Crucero_Alto,2005-11-30,10.15,18.04,2.96,43.4,0.1,2.04,60.04,-15.77948,-70.91799,4470
Crucero_Alto,2005-12-01,7.08,12.31,2.98,61.21,0.14,2.79,60.08,-15.77948,-70.91799,4470
Crucero_Alto,2005-12-02,7.29,15.64,2.56,65.45,2.67,2.52,60.08,-15.77948,-70.91799,4470
Crucero_Alto,2005-12-03,6.56,15.7,-0.05,59.85,3.07,2.67,60.08,-15.77948,-70.91799,4470
Crucero_Alto,2005-12-04,7.04,16.59,-0.05,58.05,1.36,2.62,60.09,-15.77948,-70.91799,4470
Crucero_Alto,2005-12-05,7.12,18.99,-1.49,49.71,0.22,3.34,60.01,-15.77948,-70.91799,4470
Crucero_Alto,2005-12-06,6.94,19.04,-3.54,41.19,0.01,2.35,59.92,-15.77948,-70.91799,4470
Crucero_Alto,2005-12-07,7.05,15.88,-0.16,52.57,0.2,2.07,59.94,-15.77948,-70.91799,4470
Crucero_Alto,2005-12-08,7.96,17.8,-1.71,47.64,0.09,2.3,60.01,-15.77948,-70.91799,4470
Crucero_Alto,2005-12-09,9.0,17.99,0.4,55.52,0.08,3.15,60.08,-15.77948,-70.91799,4470
Crucero_Alto,2005-12-10,8.79,17.79,0.99,61.07,0.18,4.34,60.12,-15.77948,-70.91799,4470
Crucero_Alto,2005-12-11,8.34,15.7,2.34,62.69,2.4,2.86,60.15,-15.77948,-70.91799,4470
Crucero_Alto,2005-12-12,9.11,16.83,2.53,61.03,0.28,2.19,60.13,-15.77948,-70.91799,4470
Crucero_Alto,2005-12-13,10.16,18.93,4.2,50.83,1.47,2.57,60.07,-15.77948,-70.91799,4470
Crucero_Alto,2005-12-14,7.75,14.74,2.18,66.09,10.81,1.55,60.03,-15.77948,-70.91799,4470
Crucero_Alto,2005-12-15,7.12,16.86,-1.01,62.89,1.03,2.35,59.99,-15.77948,-70.91799,4470
Crucero_Alto,2005-12-16,7.65,15.57,1.83,65.44,1.85,2.0,60.04,-15.77948,-70.91799,4470
Crucero_Alto,2005-12-17,7.36,15.18,0.73,66.04,0.37,2.55,60.14,-15.77948,-70.91799,4470
Crucero_Alto,2005-12-18,8.09,15.55,3.81,66.62,2.93,1.55,60.16,-15.77948,-70.91799,4470
Crucero_Alto,2005-12-19,9.79,18.08,3.9,54.67,0.87,2.65,60.12,-15.77948,-70.91799,4470
Crucero_Alto,2005-12-20,9.08,17.89,1.01,56.38,1.86,3.13,60.16,-15.77948,-70.91799,4470
Crucero_Alto,2005-12-21,8.77,18.8,0.66,54.83,0.23,1.97,60.24,-15.77948,-70.91799,4470
Crucero_Alto,2005-12-22,9.5,17.29,3.24,51.59,0.14,2.07,60.2,-15.77948,-70.91799,4470
Crucero_Alto,2005-12-23,8.95,17.85,0.69,49.18,0.01,2.44,60.16,-15.77948,-70.91799,4470
Crucero_Alto,2005-12-24,9.29,17.11,2.07,59.47,0.21,3.08,60.18,-15.77948,-70.91799,4470
Crucero_Alto,2005-12-25,8.12,15.36,2.34,64.89,4.42,3.21,60.2,-15.77948,-70.91799,4470
Crucero_Alto,2005-12-26,8.1,14.66,2.88,67.55,2.16,3.72,60.14,-15.77948,-70.91799,4470
Crucero_Alto,2005-12-27,7.75,16.04,2.45,67.21,4.07,2.92,60.12,-15.77948,-70.91799,4470
Crucero_Alto,2005-12-28,6.72,15.33,1.59,66.46,2.62,2.02,60.0,-15.77948,-70.91799,4470
Crucero_Alto,2005-12-29,6.07,15.4,0.85,69.44,1.8,1.74,59.9,-15.77948,-70.91799,4470
Crucero_Alto,2005-12-30,7.13,15.87,0.82,66.44,1.48,1.62,59.91,-15.77948,-70.91799,4470
Crucero_Alto,2005-12-31,5.89,14.07,0.25,65.85,6.23,2.98,60.0,-15.77948,-70.91799,4470
Crucero_Alto,2006-01-01,4.77,11.53,-0.78,63.04,4.57,3.48,60.05,-15.77948,-70.91799,4470
Crucero_Alto,2006-01-02,4.57,12.01,-1.02,68.37,6.64,3.71,60.09,-15.77948,-70.91799,4470
Crucero_Alto,2006-01-03,5.73,16.34,-1.13,63.46,2.01,2.96,60.06,-15.77948,-70.91799,4470
Crucero_Alto,2006-01-04,6.63,16.16,0.14,69.81,4.01,1.87,59.98,-15.77948,-70.91799,4470
Crucero_Alto,2006-01-05,6.81,14.74,1.28,70.17,2.33,2.32,59.98,-15.77948,-70.91799,4470
Crucero_Alto,2006-01-06,8.33,17.08,1.48,61.0,0.03,2.65,60.06,-15.77948,-70.91799,4470
Crucero_Alto,2006-01-07,7.53,14.58,1.66,59.75,0.0,2.28,60.12,-15.77948,-70.91799,4470
Crucero_Alto,2006-01-08,8.86,18.25,0.65,55.71,0.11,2.1,60.08,-15.77948,-70.91799,4470
Crucero_Alto,2006-01-09,7.23,16.76,1.23,66.94,0.37,2.6,60.11,-15.77948,-70.91799,4470
Crucero_Alto,2006-01-10,8.24,18.62,0.07,59.02,0.32,3.0,60.05,-15.77948,-70.91799,4470
Crucero_Alto,2006-01-11,7.56,16.11,1.34,67.75,5.9,3.18,59.97,-15.77948,-70.91799,4470
Crucero_Alto,2006-01-12,7.42,15.13,2.32,71.81,8.14,1.95,59.93,-15.77948,-70.91799,4470
Crucero_Alto,2006-01-13,7.13,15.27,2.12,72.39,2.96,2.12,60.0,-15.77948,-70.91799,4470
Crucero_Alto,2006-01-14,5.83,11.53,1.19,74.29,5.83,1.41,60.09,-15.77948,-70.91799,4470
Crucero_Alto,2006-01-15,6.48,15.46,0.64,72.09,5.48,2.27,60.04,-15.77948,-70.91799,4470
Crucero_Alto,2006-01-16,7.67,17.32,0.27,64.83,6.31,1.35,60.09,-15.77948,-70.91799,4470
Crucero_Alto,2006-01-17,6.14,13.73,1.69,75.97,8.35,2.15,60.2,-15.77948,-70.91799,4470
Crucero_Alto,2006-01-18,5.34,12.99,0.9,76.83,7.07,2.49,60.13,-15.77948,-70.91799,4470
Crucero_Alto,2006-01-19,5.34,15.54,-2.56,64.18,0.41,3.94,60.02,-15.77948,-70.91799,4470
Crucero_Alto,2006-01-20,6.56,17.98,-5.26,56.44,0.34,1.58,59.88,-15.77948,-70.91799,4470
Crucero_Alto,2006-01-21,6.13,14.04,-1.25,70.82,4.02,1.8,59.95,-15.77948,-70.91799,4470
Crucero_Alto,2006-01-22,6.92,15.13,1.36,69.96,3.75,1.45,60.05,-15.77948,-70.91799,4470
Crucero_Alto,2006-01-23,6.83,14.12,1.87,74.08,3.81,2.3,59.99,-15.77948,-70.91799,4470
Crucero_Alto,2006-01-24,5.76,15.41,1.16,72.9,3.94,1.7,60.02,-15.77948,-70.91799,4470
Crucero_Alto,2006-01-25,6.36,14.51,0.83,73.68,5.69,1.86,60.18,-15.77948,-70.91799,4470
Crucero_Alto,2006-01-26,6.48,14.72,0.62,74.5,3.36,1.5,60.23,-15.77948,-70.91799,4470
Crucero_Alto,2006-01-27,5.72,14.15,0.45,70.95,2.03,1.71,60.29,-15.77948,-70.91799,4470
Crucero_Alto,2006-01-28,7.23,14.38,1.04,73.16,2.5,2.26,60.3,-15.77948,-70.91799,4470
Crucero_Alto,2006-01-29,8.47,15.53,3.96,70.4,0.87,3.56,60.18,-15.77948,-70.91799,4470
Crucero_Alto,2006-01-30,8.72,16.6,2.74,68.56,1.43,2.71,60.19,-15.77948,-70.91799,4470
Crucero_Alto,2006-01-31,8.65,16.43,2.77,67.06,1.8,2.28,60.19,-15.77948,-70.91799,4470
Crucero_Alto,2006-02-01,9.08,17.93,3.09,64.81,1.14,2.47,60.17,-15.77948,-70.91799,4470
Crucero_Alto,2006-02-02,8.2,15.55,2.46,63.51,0.38,3.85,60.15,-15.77948,-70.91799,4470
Crucero_Alto,2006-02-03,9.28,17.49,2.13,63.8,0.71,2.27,60.12,-15.77948,-70.91799,4470
Crucero_Alto,2006-02-04,9.51,17.15,3.16,63.52,1.61,1.41,60.11,-15.77948,-70.91799,4470
Crucero_Alto,2006-02-05,7.6,13.05,3.28,72.1,2.59,1.73,60.12,-15.77948,-70.91799,4470
Crucero_Alto,2006-02-06,8.91,16.71,3.48,67.2,0.91,1.97,60.15,-15.77948,-70.91799,4470
Crucero_Alto,2006-02-07,8.07,16.47,3.26,69.88,3.14,1.91,60.06,-15.77948,-70.91799,4470
Crucero_Alto,2006-02-08,6.74,15.55,1.41,74.76,5.03,1.57,60.0,-15.77948,-70.91799,4470
Crucero_Alto,2006-02-09,7.31,14.76,1.04,72.69,6.0,1.8,60.1,-15.77948,-70.91799,4470
Crucero_Alto,2006-02-10,5.94,11.83,1.99,79.03,2.76,2.21,60.28,-15.77948,-70.91799,4470
Crucero_Alto,2006-02-11,7.58,15.28,2.25,72.26,0.95,2.76,60.28,-15.77948,-70.91799,4470
Crucero_Alto,2006-02-12,7.28,15.92,1.25,69.23,0.52,3.31,60.19,-15.77948,-70.91799,4470
Crucero_Alto,2006-02-13,6.42,15.97,-0.77,68.4,0.43,3.94,60.16,-15.77948,-70.91799,4470
Crucero_Alto,2006-02-14,5.06,16.77,-4.2,64.75,0.01,3.57,60.17,-15.77948,-70.91799,4470
Crucero_Alto,2006-02-15,4.57,16.27,-5.04,56.91,0.07,3.17,60.2,-15.77948,-70.91799,4470
Crucero_Alto,2006-02-16,5.24,17.66,-5.89,48.83,0.19,2.14,60.19,-15.77948,-70.91799,4470
Crucero_Alto,2006-02-17,8.19,19.1,-1.74,57.04,0.12,1.47,60.17,-15.77948,-70.91799,4470
Crucero_Alto,2006-02-18,8.07,17.07,2.32,64.86,0.08,1.47,60.2,-15.77948,-70.91799,4470
Crucero_Alto,2006-02-19,7.75,15.24,2.29,64.45,0.62,2.7,60.24,-15.77948,-70.91799,4470
Crucero_Alto,2006-02-20,7.35,15.6,-0.12,65.72,0.85,2.72,60.2,-15.77948,-70.91799,4470
Crucero_Alto,2006-02-21,7.97,14.82,2.9,72.03,2.64,3.22,60.1,-15.77948,-70.91799,4470
Crucero_Alto,2006-02-22,9.57,18.4,2.55,64.58,0.16,2.25,60.07,-15.77948,-70.91799,4470
Crucero_Alto,2006-02-23,9.75,18.83,3.71,64.12,0.17,1.67,60.11,-15.77948,-70.91799,4470
Crucero_Alto,2006-02-24,7.93,17.0,2.35,69.81,1.27,1.64,60.1,-15.77948,-70.91799,4470
Crucero_Alto,2006-02-25,7.82,16.96,1.45,65.61,0.9,2.71,60.09,-15.77948,-70.91799,4470
Crucero_Alto,2006-02-26,6.89,14.7,1.66,71.39,0.11,2.54,60.08,-15.77948,-70.91799,4470
Crucero_Alto,2006-02-27,7.47,16.07,0.98,65.45,0.02,2.18,60.09,-15.77948,-70.91799,4470
Crucero_Alto,2006-02-28,6.54,16.07,2.4,72.72,0.01,1.66,60.1,-15.77948,-70.91799,4470
Crucero_Alto,2006-03-01,6.97,16.13,1.7,70.59,5.3,2.08,60.15,-15.77948,-70.91799,4470
Crucero_Alto,2006-03-02,5.84,15.6,0.71,75.46,5.94,1.83,60.2,-15.77948,-70.91799,4470
Crucero_Alto,2006-03-03,7.13,14.82,0.4,74.07,1.94,2.66,60.18,-15.77948,-70.91799,4470
Crucero_Alto,2006-03-04,7.36,12.68,4.13,77.76,0.95,3.5,60.22,-15.77948,-70.91799,4470
Crucero_Alto,2006-03-05,8.7,15.3,3.47,72.12,1.03,2.66,60.3,-15.77948,-70.91799,4470
Crucero_Alto,2006-03-06,8.71,15.63,3.9,70.87,0.71,2.2,60.29,-15.77948,-70.91799,4470
Crucero_Alto,2006-03-07,9.68,18.19,2.35,61.34,0.08,2.12,60.22,-15.77948,-70.91799,4470
Crucero_Alto,2006-03-08,10.24,19.97,1.74,59.18,0.71,1.93,60.22,-15.77948,-70.91799,4470
Crucero_Alto,2006-03-09,8.84,16.13,2.94,65.99,0.11,2.43,60.2,-15.77948,-70.91799,4470
Crucero_Alto,2006-03-10,7.94,16.65,1.21,66.58,1.52,3.09,60.29,-15.77948,-70.91799,4470
Crucero_Alto,2006-03-11,8.07,15.28,2.41,62.93,1.28,2.21,60.26,-15.77948,-70.91799,4470
Crucero_Alto,2006-03-12,8.24,18.13,1.38,61.99,0.67,2.03,60.12,-15.77948,-70.91799,4470
Crucero_Alto,2006-03-13,7.93,16.89,2.27,61.02,0.16,1.96,60.04,-15.77948,-70.91799,4470
Crucero_Alto,2006-03-14,7.67,15.35,0.73,65.35,0.69,2.45,60.06,-15.77948,-70.91799,4470
Crucero_Alto,2006-03-15,7.42,15.14,0.21,70.47,1.44,2.7,60.11,-15.77948,-70.91799,4470
Crucero_Alto,2006-03-16,7.34,13.15,2.86,73.8,1.06,1.67,60.13,-15.77948,-70.91799,4470
Crucero_Alto,2006-03-17,7.36,14.56,2.41,72.12,0.67,1.4,60.1,-15.77948,-70.91799,4470
Crucero_Alto,2006-03-18,7.59,14.26,2.82,69.98,0.89,2.9,60.06,-15.77948,-70.91799,4470
Crucero_Alto,2006-03-19,7.16,16.71,1.13,70.91,0.38,1.81,60.02,-15.77948,-70.91799,4470
Crucero_Alto,2006-03-20,6.92,14.86,1.03,69.62,0.7,1.5,60.02,-15.77948,-70.91799,4470
Crucero_Alto,2006-03-21,7.83,15.79,2.51,69.55,0.77,2.07,60.12,-15.77948,-70.91799,4470
Crucero_Alto,2006-03-22,7.84,14.98,3.2,72.37,2.88,1.59,60.15,-15.77948,-70.91799,4470
Crucero_Alto,2006-03-23,7.23,15.62,1.97,75.16,3.06,1.85,60.17,-15.77948,-70.91799,4470
Crucero_Alto,2006-03-24,7.03,15.53,0.91,72.6,3.04,1.38,60.14,-15.77948,-70.91799,4470
Crucero_Alto,2006-03-25,7.01,12.78,3.16,77.38,1.92,2.47,60.19,-15.77948,-70.91799,4470
Crucero_Alto,2006-03-26,7.37,14.84,2.15,72.39,0.53,2.33,60.25,-15.77948,-70.91799,4470
Crucero_Alto,2006-03-27,8.26,16.57,1.83,68.46,0.16,1.92,60.25,-15.77948,-70.91799,4470
Crucero_Alto,2006-03-28,7.59,16.86,1.62,72.53,0.39,1.7,60.23,-15.77948,-70.91799,4470
Crucero_Alto,2006-03-29,7.21,14.5,1.56,68.02,0.3,1.48,60.17,-15.77948,-70.91799,4470
Crucero_Alto,2006-03-30,7.81,14.28,3.9,72.44,1.66,1.72,60.15,-15.77948,-70.91799,4470
Crucero_Alto,2006-03-31,5.56,11.33,1.95,78.22,1.99,1.82,60.25,-15.77948,-70.91799,4470
Crucero_Alto,2006-04-01,5.56,12.29,1.6,77.49,1.89,2.07,60.29,-15.77948,-70.91799,4470
Crucero_Alto,2006-04-02,5.8,14.32,1.2,75.65,1.85,1.92,60.18,-15.77948,-70.91799,4470
Crucero_Alto,2006-04-03,6.61,14.67,1.01,71.75,1.57,1.27,60.14,-15.77948,-70.91799,4470
Crucero_Alto,2006-04-04,7.66,15.94,1.97,67.11,1.0,1.0,60.07,-15.77948,-70.91799,4470
Crucero_Alto,2006-04-05,7.74,15.45,2.16,68.46,0.13,1.4,60.06,-15.77948,-70.91799,4470
Crucero_Alto,2006-04-06,7.09,13.31,1.94,72.41,0.12,1.35,60.13,-15.77948,-70.91799,4470
Crucero_Alto,2006-04-07,7.44,17.12,-0.16,65.57,0.08,1.46,60.15,-15.77948,-70.91799,4470
Crucero_Alto,2006-04-08,8.11,15.55,2.12,63.42,0.05,1.42,60.17,-15.77948,-70.91799,4470
Crucero_Alto,2006-04-09,8.07,15.73,2.31,66.62,0.33,1.29,60.12,-15.77948,-70.91799,4470
Crucero_Alto,2006-04-10,7.62,15.42,1.62,64.43,0.03,0.86,60.05,-15.77948,-70.91799,4470
Crucero_Alto,2006-04-11,7.77,18.06,-0.05,59.61,0.09,1.17,60.04,-15.77948,-70.91799,4470
Crucero_Alto,2006-04-12,6.44,15.26,0.45,62.95,0.02,1.46,60.12,-15.77948,-70.91799,4470
Crucero_Alto,2006-04-13,6.12,14.49,0.78,67.36,0.0,1.74,60.06,-15.77948,-70.91799,4470
Crucero_Alto,2006-04-14,6.25,15.45,-0.85,60.83,0.25,1.37,60.0,-15.77948,-70.91799,4470
Crucero_Alto,2006-04-15,6.09,14.91,-1.31,64.07,0.11,1.09,60.11,-15.77948,-70.91799,4470
Crucero_Alto,2006-04-16,5.82,14.07,1.67,73.8,1.18,1.63,60.32,-15.77948,-70.91799,4470
Crucero_Alto,2006-04-17,7.08,16.19,0.15,68.61,0.1,1.27,60.35,-15.77948,-70.91799,4470
Crucero_Alto,2006-04-18,8.55,18.22,2.73,59.89,0.02,1.3,60.21,-15.77948,-70.91799,4470
Crucero_Alto,2006-04-19,7.88,17.54,0.69,46.64,0.0,1.07,60.15,-15.77948,-70.91799,4470
Crucero_Alto,2006-04-20,7.72,17.65,-1.78,35.71,0.0,1.17,60.2,-15.77948,-70.91799,4470
Crucero_Alto,2006-04-21,6.9,16.39,0.34,50.54,0.01,2.36,60.28,-15.77948,-70.91799,4470
Crucero_Alto,2006-04-22,6.27,16.17,-1.85,55.82,0.02,1.92,60.3,-15.77948,-70.91799,4470
Crucero_Alto,2006-04-23,5.12,14.21,-0.84,62.18,0.0,2.79,60.31,-15.77948,-70.91799,4470
Crucero_Alto,2006-04-24,5.77,15.54,-2.03,59.49,0.0,1.62,60.29,-15.77948,-70.91799,4470
Crucero_Alto,2006-04-25,5.74,14.66,-1.19,58.88,0.0,1.86,60.29,-15.77948,-70.91799,4470
Crucero_Alto,2006-04-26,6.07,14.5,0.39,64.62,0.0,2.44,60.34,-15.77948,-70.91799,4470
Crucero_Alto,2006-04-27,5.34,14.29,-1.84,64.52,0.0,2.05,60.36,-15.77948,-70.91799,4470
Crucero_Alto,2006-04-28,6.04,14.68,-0.95,66.66,0.0,1.49,60.29,-15.77948,-70.91799,4470
Crucero_Alto,2006-04-29,4.7,12.61,0.59,74.36,0.03,1.09,60.23,-15.77948,-70.91799,4470
Crucero_Alto,2006-04-30,5.42,12.49,0.72,61.32,0.07,2.82,60.22,-15.77948,-70.91799,4470
Crucero_Alto,2006-05-01,4.73,14.41,-2.64,64.12,0.01,1.76,60.22,-15.77948,-70.91799,4470
Crucero_Alto,2006-05-02,6.46,16.15,-1.37,61.86,0.0,1.9,60.22,-15.77948,-70.91799,4470
Crucero_Alto,2006-05-03,6.73,15.86,0.84,61.07,0.0,1.38,60.27,-15.77948,-70.91799,4470
Crucero_Alto,2006-05-04,6.29,15.87,-0.52,58.38,1.24,1.76,60.2,-15.77948,-70.91799,4470
Crucero_Alto,2006-05-05,4.72,12.86,-1.54,56.87,0.01,1.83,60.24,-15.77948,-70.91799,4470
Crucero_Alto,2006-05-06,3.96,15.43,-3.14,40.4,0.0,2.66,60.3,-15.77948,-70.91799,4470
Crucero_Alto,2006-05-07,3.28,14.71,-4.56,32.29,0.0,2.2,60.3,-15.77948,-70.91799,4470
Crucero_Alto,2006-05-08,3.25,14.84,-4.7,40.59,0.03,1.98,60.27,-15.77948,-70.91799,4470
Crucero_Alto,2006-05-09,3.52,14.81,-4.36,46.4,0.0,2.47,60.15,-15.77948,-70.91799,4470
Crucero_Alto,2006-05-10,3.23,14.01,-3.76,44.81,0.0,2.36,60.19,-15.77948,-70.91799,4470
Crucero_Alto,2006-05-11,2.81,13.54,-3.82,40.42,0.0,1.57,60.27,-15.77948,-70.91799,4470
Crucero_Alto,2006-05-12,4.3,14.85,-3.6,26.68,0.0,0.74,60.23,-15.77948,-70.91799,4470
Crucero_Alto,2006-05-13,4.7,15.18,-3.27,38.69,0.0,0.92,60.26,-15.77948,-70.91799,4470
Crucero_Alto,2006-05-14,5.44,15.36,-2.3,39.07,0.0,0.8,60.33,-15.77948,-70.91799,4470
Crucero_Alto,2006-05-15,5.46,16.19,-2.11,37.98,0.0,1.0,60.32,-15.77948,-70.91799,4470
Crucero_Alto,2006-05-16,4.26,15.72,-4.32,31.11,0.0,1.44,60.33,-15.77948,-70.91799,4470
Crucero_Alto,2006-05-17,4.88,15.5,-2.89,26.42,0.0,1.18,60.32,-15.77948,-70.91799,4470
Crucero_Alto,2006-05-18,3.45,14.86,-4.34,24.7,0.0,2.01,60.35,-15.77948,-70.91799,4470
Crucero_Alto,2006-05-19,1.84,13.72,-5.91,24.47,0.0,2.5,60.29,-15.77948,-70.91799,4470
Crucero_Alto,2006-05-20,1.53,13.29,-5.75,22.55,0.0,2.34,60.17,-15.77948,-70.91799,4470
Crucero_Alto,2006-05-21,0.89,11.76,-5.87,24.86,0.0,2.42,60.11,-15.77948,-70.91799,4470
Crucero_Alto,2006-05-22,0.87,11.76,-5.46,32.49,0.01,2.71,60.21,-15.77948,-70.91799,4470
Crucero_Alto,2006-05-23,2.17,13.34,-5.42,28.26,0.0,1.67,60.33,-15.77948,-70.91799,4470
Crucero_Alto,2006-05-24,2.56,14.2,-5.4,25.24,0.0,1.53,60.35,-15.77948,-70.91799,4470
Crucero_Alto,2006-05-25,3.11,14.03,-5.56,34.38,0.0,2.1,60.33,-15.77948,-70.91799,4470
Crucero_Alto,2006-05-26,3.15,12.94,-2.59,47.52,0.0,2.57,60.32,-15.77948,-70.91799,4470
Crucero_Alto,2006-05-27,2.63,12.65,-3.4,41.73,0.0,2.24,60.33,-15.77948,-70.91799,4470
Crucero_Alto,2006-05-28,3.07,12.6,-4.06,41.45,0.0,1.61,60.32,-15.77948,-70.91799,4470
Crucero_Alto,2006-05-29,3.2,14.16,-3.49,33.71,0.0,1.17,60.22,-15.77948,-70.91799,4470
Crucero_Alto,2006-05-30,4.21,14.21,-4.15,38.61,0.0,1.28,60.19,-15.77948,-70.91799,4470
Crucero_Alto,2006-05-31,4.72,12.45,-1.98,59.88,0.0,1.16,60.26,-15.77948,-70.91799,4470
Crucero_Alto,2006-06-01,3.9,11.36,-0.68,70.45,0.21,1.15,60.28,-15.77948,-70.91799,4470
Crucero_Alto,2006-06-02,3.65,13.29,-2.94,72.35,0.17,2.72,60.27,-15.77948,-70.91799,4470
Crucero_Alto,2006-06-03,1.69,12.81,-5.64,53.0,0.05,2.93,60.24,-15.77948,-70.91799,4470
Crucero_Alto,2006-06-04,2.15,13.15,-6.09,19.29,0.0,2.09,60.2,-15.77948,-70.91799,4470
Crucero_Alto,2006-06-05,3.28,13.53,-2.21,21.53,0.01,1.96,60.19,-15.77948,-70.91799,4470
Crucero_Alto,2006-06-06,4.65,14.42,-2.36,20.29,0.21,1.02,60.2,-15.77948,-70.91799,4470
Crucero_Alto,2006-06-07,4.43,13.1,-2.36,44.09,0.0,1.53,60.24,-15.77948,-70.91799,4470
Crucero_Alto,2006-06-08,3.06,11.49,-3.85,69.87,0.0,2.41,60.26,-15.77948,-70.91799,4470
Crucero_Alto,2006-06-09,2.9,12.87,-4.94,55.67,0.0,2.35,60.27,-15.77948,-70.91799,4470
Crucero_Alto,2006-06-10,3.35,14.24,-3.86,45.19,0.0,2.2,60.24,-15.77948,-70.91799,4470
Crucero_Alto,2006-06-11,4.27,14.92,-2.12,36.64,0.02,2.06,60.2,-15.77948,-70.91799,4470
Crucero_Alto,2006-06-12,3.43,13.39,-2.47,42.58,0.06,1.74,60.25,-15.77948,-70.91799,4470
Crucero_Alto,2006-06-13,4.02,13.99,-3.49,40.11,0.0,1.47,60.33,-15.77948,-70.91799,4470
Crucero_Alto,2006-06-14,4.95,13.81,-1.39,36.91,0.12,0.9,60.36,-15.77948,-70.91799,4470
Crucero_Alto,2006-06-15,4.23,13.62,-2.89,51.04,0.11,1.13,60.32,-15.77948,-70.91799,4470
Crucero_Alto,2006-06-16,3.53,12.82,-2.77,60.38,0.0,1.75,60.3,-15.77948,-70.91799,4470
Crucero_Alto,2006-06-17,3.82,13.64,-3.75,53.55,0.0,1.32,60.28,-15.77948,-70.91799,4470
Crucero_Alto,2006-06-18,3.73,12.72,-1.95,41.66,0.0,1.75,60.25,-15.77948,-70.91799,4470
Crucero_Alto,2006-06-19,2.91,13.26,-4.03,39.26,0.0,1.99,60.22,-15.77948,-70.91799,4470
Crucero_Alto,2006-06-20,3.11,13.81,-3.76,35.49,0.0,1.76,60.23,-15.77948,-70.91799,4470
Crucero_Alto,2006-06-21,4.66,14.02,-3.26,37.86,0.0,1.0,60.26,-15.77948,-70.91799,4470
Crucero_Alto,2006-06-22,4.82,13.33,-1.54,55.91,0.0,0.94,60.33,-15.77948,-70.91799,4470
Crucero_Alto,2006-06-23,4.11,12.19,-1.56,42.88,0.14,0.96,60.31,-15.77948,-70.91799,4470
Crucero_Alto,2006-06-24,2.38,12.08,-3.82,33.44,0.01,2.13,60.27,-15.77948,-70.91799,4470
Crucero_Alto,2006-06-25,3.47,13.31,-4.58,30.6,0.0,0.98,60.2,-15.77948,-70.91799,4470
Crucero_Alto,2006-06-26,3.28,11.79,-3.19,70.62,0.0,1.69,60.27,-15.77948,-70.91799,4470
Crucero_Alto,2006-06-27,3.56,13.12,-3.71,59.74,0.11,1.72,60.33,-15.77948,-70.91799,4470
Crucero_Alto,2006-06-28,2.72,12.85,-4.24,46.05,0.03,2.06,60.38,-15.77948,-70.91799,4470
Crucero_Alto,2006-06-29,2.25,13.07,-4.33,27.91,0.11,1.75,60.32,-15.77948,-70.91799,4470
Crucero_Alto,2006-06-30,3.03,13.58,-3.86,20.16,0.0,1.74,60.33,-15.77948,-70.91799,4470
Crucero_Alto,2006-07-01,3.58,13.4,-2.7,26.66,0.0,1.63,60.42,-15.77948,-70.91799,4470
Crucero_Alto,2006-07-02,2.33,11.21,-3.73,60.42,0.0,2.41,60.53,-15.77948,-70.91799,4470
Crucero_Alto,2006-07-03,2.01,11.53,-4.16,61.14,0.0,2.83,60.55,-15.77948,-70.91799,4470
Crucero_Alto,2006-07-04,1.43,11.18,-4.39,53.65,0.0,2.57,60.46,-15.77948,-70.91799,4470
Crucero_Alto,2006-07-05,1.51,11.19,-4.97,40.84,0.0,2.13,60.43,-15.77948,-70.91799,4470
Crucero_Alto,2006-07-06,3.06,12.44,-3.55,33.73,0.0,1.41,60.36,-15.77948,-70.91799,4470
Crucero_Alto,2006-07-07,2.23,13.16,-5.06,33.27,0.0,1.5,60.31,-15.77948,-70.91799,4470
Crucero_Alto,2006-07-08,1.77,11.73,-6.06,20.93,0.0,1.91,60.29,-15.77948,-70.91799,4470
Crucero_Alto,2006-07-09,2.9,12.72,-4.64,18.64,0.0,1.12,60.23,-15.77948,-70.91799,4470
Crucero_Alto,2006-07-10,2.66,12.46,-3.32,36.55,0.0,2.13,60.25,-15.77948,-70.91799,4470
Crucero_Alto,2006-07-11,1.84,13.15,-5.48,31.78,0.0,2.1,60.29,-15.77948,-70.91799,4470
Crucero_Alto,2006-07-12,2.82,12.57,-5.71,18.4,0.0,1.21,60.29,-15.77948,-70.91799,4470
Crucero_Alto,2006-07-13,2.89,11.74,-2.88,34.44,0.0,2.02,60.31,-15.77948,-70.91799,4470
Crucero_Alto,2006-07-14,3.44,11.67,-2.24,67.87,0.01,1.65,60.36,-15.77948,-70.91799,4470
Crucero_Alto,2006-07-15,3.58,10.63,-3.03,65.24,0.04,1.32,60.38,-15.77948,-70.91799,4470
Crucero_Alto,2006-07-16,3.67,13.01,-4.16,46.79,0.0,1.52,60.32,-15.77948,-70.91799,4470
Crucero_Alto,2006-07-17,2.88,12.12,-3.05,52.23,0.0,1.95,60.31,-15.77948,-70.91799,4470
Crucero_Alto,2006-07-18,2.36,12.08,-3.58,56.02,0.0,2.22,60.35,-15.77948,-70.91799,4470
Crucero_Alto,2006-07-19,1.59,11.68,-5.08,58.49,0.0,3.07,60.39,-15.77948,-70.91799,4470
Crucero_Alto,2006-07-20,1.46,12.03,-5.61,41.59,0.0,2.6,60.37,-15.77948,-70.91799,4470
Crucero_Alto,2006-07-21,3.35,13.43,-4.19,30.01,0.0,1.3,60.2,-15.77948,-70.91799,4470
Crucero_Alto,2006-07-22,2.15,13.81,-5.31,32.01,0.0,2.23,60.17,-15.77948,-70.91799,4470
Crucero_Alto,2006-07-23,2.23,13.86,-5.26,28.66,0.0,1.77,60.17,-15.77948,-70.91799,4470
Crucero_Alto,2006-07-24,2.93,14.36,-4.33,30.14,0.04,2.06,60.14,-15.77948,-70.91799,4470
Crucero_Alto,2006-07-25,3.5,14.2,-3.54,36.72,0.01,1.48,60.13,-15.77948,-70.91799,4470
Crucero_Alto,2006-07-26,3.11,13.75,-4.71,42.92,0.0,2.07,60.11,-15.77948,-70.91799,4470
Crucero_Alto,2006-07-27,3.7,14.65,-3.46,39.17,0.07,2.15,60.2,-15.77948,-70.91799,4470
Crucero_Alto,2006-07-28,3.0,12.32,-2.87,58.54,0.0,1.82,60.32,-15.77948,-70.91799,4470
Crucero_Alto,2006-07-29,4.16,12.76,-2.76,47.44,0.03,1.16,60.3,-15.77948,-70.91799,4470
Crucero_Alto,2006-07-30,3.71,15.0,-3.67,46.45,0.01,2.54,60.21,-15.77948,-70.91799,4470
Crucero_Alto,2006-07-31,4.0,15.29,-3.5,51.15,0.13,2.31,60.3,-15.77948,-70.91799,4470
Crucero_Alto,2006-08-01,5.06,14.92,-2.61,45.77,0.0,1.02,60.42,-15.77948,-70.91799,4470
Crucero_Alto,2006-08-02,5.18,14.34,-2.61,47.01,0.0,0.9,60.43,-15.77948,-70.91799,4470
Crucero_Alto,2006-08-03,5.04,14.69,-2.8,41.94,0.0,1.12,60.36,-15.77948,-70.91799,4470
Crucero_Alto,2006-08-04,5.22,15.24,-3.26,50.69,0.0,1.03,60.29,-15.77948,-70.91799,4470
Crucero_Alto,2006-08-05,5.56,15.08,-2.21,33.26,0.0,0.85,60.21,-15.77948,-70.91799,4470
Crucero_Alto,2006-08-06,4.83,14.52,-2.05,48.02,0.0,1.22,60.19,-15.77948,-70.91799,4470
Crucero_Alto,2006-08-07,3.95,14.38,-3.42,28.27,0.0,2.37,60.18,-15.77948,-70.91799,4470
Crucero_Alto,2006-08-08,2.93,13.4,-4.61,33.14,0.0,2.44,60.2,-15.77948,-70.91799,4470
Crucero_Alto,2006-08-09,3.08,13.25,-6.19,20.39,0.0,1.18,60.23,-15.77948,-70.91799,4470
Crucero_Alto,2006-08-10,3.55,11.77,-2.55,60.29,0.2,2.18,60.26,-15.77948,-70.91799,4470
Crucero_Alto,2006-08-11,2.65,8.27,-2.03,67.26,0.0,1.67,60.27,-15.77948,-70.91799,4470
Crucero_Alto,2006-08-12,4.04,12.41,-2.97,59.51,0.0,1.74,60.23,-15.77948,-70.91799,4470
Crucero_Alto,2006-08-13,4.0,12.77,-2.7,66.0,0.0,1.93,60.25,-15.77948,-70.91799,4470
Crucero_Alto,2006-08-14,4.94,15.58,-3.57,57.33,0.0,2.3,60.2,-15.77948,-70.91799,4470
Crucero_Alto,2006-08-15,4.39,14.82,-3.14,62.11,0.39,3.01,60.21,-15.77948,-70.91799,4470
Crucero_Alto,2006-08-16,3.22,11.5,-3.61,50.8,0.07,2.52,60.24,-15.77948,-70.91799,4470
Crucero_Alto,2006-08-17,4.45,13.62,-2.92,38.46,0.03,1.94,60.19,-15.77948,-70.91799,4470
Crucero_Alto,2006-08-18,3.87,11.81,-2.92,42.37,0.01,1.35,60.18,-15.77948,-70.91799,4470
Crucero_Alto,2006-08-19,3.51,13.47,-3.41,52.3,0.0,2.9,60.16,-15.77948,-70.91799,4470
Crucero_Alto,2006-08-20,3.87,14.95,-4.73,40.24,0.54,2.2,60.26,-15.77948,-70.91799,4470
Crucero_Alto,2006-08-21,4.79,14.73,-1.6,53.52,0.17,2.07,60.36,-15.77948,-70.91799,4470
Crucero_Alto,2006-08-22,4.69,15.33,-3.82,30.94,0.0,1.93,60.33,-15.77948,-70.91799,4470
Crucero_Alto,2006-08-23,5.64,14.87,-1.57,55.49,0.02,0.85,60.22,-15.77948,-70.91799,4470
Crucero_Alto,2006-08-24,4.36,13.07,-1.44,67.46,0.15,2.14,60.15,-15.77948,-70.91799,4470
Crucero_Alto,2006-08-25,2.95,14.29,-5.9,52.05,0.0,3.74,60.17,-15.77948,-70.91799,4470
Crucero_Alto,2006-08-26,3.67,16.01,-6.95,32.97,0.0,1.56,60.17,-15.77948,-70.91799,4470
Crucero_Alto,2006-08-27,5.8,16.88,-3.12,34.98,0.0,1.58,60.15,-15.77948,-70.91799,4470
Crucero_Alto,2006-08-28,6.14,16.18,-2.47,41.97,0.12,1.63,60.15,-15.77948,-70.91799,4470
Crucero_Alto,2006-08-29,6.2,16.66,-2.05,50.18,0.02,1.31,60.18,-15.77948,-70.91799,4470
Crucero_Alto,2006-08-30,4.0,12.03,-2.05,47.7,0.01,3.16,60.24,-15.77948,-70.91799,4470
Crucero_Alto,2006-08-31,3.68,15.52,-4.76,31.51,0.0,2.4,60.23,-15.77948,-70.91799,4470
Crucero_Alto,2006-09-01,2.95,14.28,-6.0,17.68,0.0,2.81,60.26,-15.77948,-70.91799,4470
Crucero_Alto,2006-09-02,5.45,15.93,-3.78,14.14,0.0,1.08,60.15,-15.77948,-70.91799,4470
Crucero_Alto,2006-09-03,5.1,16.27,-3.1,36.31,0.0,2.22,60.17,-15.77948,-70.91799,4470
Crucero_Alto,2006-09-04,5.65,16.45,-2.09,27.37,0.0,1.45,60.25,-15.77948,-70.91799,4470
Crucero_Alto,2006-09-05,5.62,16.88,-4.89,20.64,0.0,1.76,60.28,-15.77948,-70.91799,4470
Crucero_Alto,2006-09-06,5.79,16.51,-3.35,30.52,0.0,1.01,60.24,-15.77948,-70.91799,4470
Crucero_Alto,2006-09-07,5.1,15.92,-3.44,22.66,0.0,2.63,60.2,-15.77948,-70.91799,4470
Crucero_Alto,2006-09-08,1.45,12.1,-7.83,19.9,0.0,4.04,60.18,-15.77948,-70.91799,4470
Crucero_Alto,2006-09-09,3.29,14.82,-8.05,9.63,0.01,2.45,60.15,-15.77948,-70.91799,4470
Crucero_Alto,2006-09-10,5.19,16.04,-3.42,26.82,0.01,1.57,60.23,-15.77948,-70.91799,4470
Crucero_Alto,2006-09-11,5.89,16.96,-2.6,20.75,0.0,1.82,60.22,-15.77948,-70.91799,4470
Crucero_Alto,2006-09-12,6.33,17.19,-2.39,30.67,0.0,1.8,60.17,-15.77948,-70.91799,4470
Crucero_Alto,2006-09-13,6.22,16.94,-2.21,44.05,0.05,1.11,60.16,-15.77948,-70.91799,4470
Crucero_Alto,2006-09-14,4.92,17.36,-4.85,25.87,0.0,2.41,60.18,-15.77948,-70.91799,4470
Crucero_Alto,2006-09-15,4.82,14.61,-4.08,30.54,0.01,2.13,60.22,-15.77948,-70.91799,4470
Crucero_Alto,2006-09-16,5.21,17.29,-2.3,28.91,0.01,2.47,60.19,-15.77948,-70.91799,4470
Crucero_Alto,2006-09-17,6.66,16.26,-2.35,33.6,0.0,1.3,60.26,-15.77948,-70.91799,4470
Crucero_Alto,2006-09-18,5.29,13.77,0.88,70.12,0.0,2.37,60.39,-15.77948,-70.91799,4470
Crucero_Alto,2006-09-19,5.83,16.19,-1.05,61.2,0.0,2.23,60.37,-15.77948,-70.91799,4470
Crucero_Alto,2006-09-20,5.87,16.3,-2.26,51.89,0.02,2.04,60.32,-15.77948,-70.91799,4470
Crucero_Alto,2006-09-21,3.82,15.08,-5.42,28.44,0.0,3.56,60.22,-15.77948,-70.91799,4470
Crucero_Alto,2006-09-22,2.56,14.13,-6.97,15.22,0.0,3.52,60.17,-15.77948,-70.91799,4470
Crucero_Alto,2006-09-23,4.38,13.55,-5.5,12.03,0.0,1.35,60.18,-15.77948,-70.91799,4470
Crucero_Alto,2006-09-24,5.51,14.41,-1.56,57.55,0.16,1.97,60.2,-15.77948,-70.91799,4470
Crucero_Alto,2006-09-25,6.22,15.81,-1.5,62.45,0.06,2.3,60.29,-15.77948,-70.91799,4470
Crucero_Alto,2006-09-26,5.05,12.92,0.57,66.29,0.16,1.78,60.31,-15.77948,-70.91799,4470
Crucero_Alto,2006-09-27,5.4,13.9,-1.23,65.98,0.02,1.53,60.31,-15.77948,-70.91799,4470
Crucero_Alto,2006-09-28,3.69,8.85,-0.99,68.69,2.59,1.31,60.3,-15.77948,-70.91799,4470
Crucero_Alto,2006-09-29,4.9,14.48,-1.6,49.63,0.2,2.12,60.22,-15.77948,-70.91799,4470
Crucero_Alto,2006-09-30,4.97,16.84,-4.49,28.16,0.0,2.77,60.22,-15.77948,-70.91799,4470
Crucero_Alto,2006-10-01,6.77,16.6,-2.21,30.67,0.0,1.54,60.2,-15.77948,-70.91799,4470
Crucero_Alto,2006-10-02,7.22,14.1,1.8,51.19,0.1,1.4,60.19,-15.77948,-70.91799,4470
Crucero_Alto,2006-10-03,7.06,16.92,-0.24,25.0,0.35,2.37,60.08,-15.77948,-70.91799,4470
Crucero_Alto,2006-10-04,5.96,17.67,-2.64,26.49,0.01,2.63,60.0,-15.77948,-70.91799,4470
Crucero_Alto,2006-10-05,5.85,15.1,-3.75,29.28,0.49,1.7,60.09,-15.77948,-70.91799,4470
Crucero_Alto,2006-10-06,7.59,17.48,1.35,47.34,0.13,2.3,60.22,-15.77948,-70.91799,4470
Crucero_Alto,2006-10-07,7.4,16.01,-1.27,31.58,0.04,1.4,60.24,-15.77948,-70.91799,4470
Crucero_Alto,2006-10-08,7.42,17.19,-0.67,35.21,0.04,1.75,60.25,-15.77948,-70.91799,4470
Crucero_Alto,2006-10-09,7.7,15.97,1.67,54.21,0.03,1.77,60.26,-15.77948,-70.91799,4470
Crucero_Alto,2006-10-10,8.11,18.27,0.78,32.97,0.04,1.96,60.24,-15.77948,-70.91799,4470
Crucero_Alto,2006-10-11,7.56,16.09,0.03,34.38,0.21,1.93,60.21,-15.77948,-70.91799,4470
Crucero_Alto,2006-10-12,6.68,18.17,-1.66,42.71,0.17,3.43,60.19,-15.77948,-70.91799,4470
Crucero_Alto,2006-10-13,5.0,18.04,-5.53,39.27,0.0,3.2,60.15,-15.77948,-70.91799,4470
Crucero_Alto,2006-10-14,4.33,16.94,-5.37,34.42,0.0,3.82,60.13,-15.77948,-70.91799,4470
Crucero_Alto,2006-10-15,6.81,19.03,-5.18,25.85,0.01,1.6,60.08,-15.77948,-70.91799,4470
Crucero_Alto,2006-10-16,7.71,19.05,-0.28,36.4,0.12,2.55,60.06,-15.77948,-70.91799,4470
Crucero_Alto,2006-10-17,7.19,17.31,0.69,56.14,0.0,3.19,60.12,-15.77948,-70.91799,4470
Crucero_Alto,2006-10-18,7.14,18.7,-1.02,39.51,0.0,3.17,60.14,-15.77948,-70.91799,4470
Crucero_Alto,2006-10-19,7.11,16.59,-2.09,50.15,0.05,1.83,60.12,-15.77948,-70.91799,4470
Crucero_Alto,2006-10-20,8.79,17.84,3.23,58.75,0.03,3.41,60.15,-15.77948,-70.91799,4470
Crucero_Alto,2006-10-21,7.95,15.47,2.28,64.78,0.03,4.21,60.25,-15.77948,-70.91799,4470
Crucero_Alto,2006-10-22,7.84,16.26,2.24,65.68,0.29,2.78,60.25,-15.77948,-70.91799,4470
Crucero_Alto,2006-10-23,7.54,17.88,0.7,55.97,0.1,2.89,60.25,-15.77948,-70.91799,4470
Crucero_Alto,2006-10-24,8.07,15.38,1.13,48.97,0.0,1.98,60.24,-15.77948,-70.91799,4470
Crucero_Alto,2006-10-25,10.23,19.84,3.19,55.33,0.06,2.8,60.23,-15.77948,-70.91799,4470
Crucero_Alto,2006-10-26,9.44,18.05,2.57,56.08,0.1,2.48,60.26,-15.77948,-70.91799,4470
Crucero_Alto,2006-10-27,8.4,16.15,2.97,62.09,0.22,2.31,60.16,-15.77948,-70.91799,4470
Crucero_Alto,2006-10-28,8.56,19.38,-0.12,55.3,3.92,1.94,60.14,-15.77948,-70.91799,4470
Crucero_Alto,2006-10-29,8.48,14.85,3.18,53.8,0.07,2.14,60.15,-15.77948,-70.91799,4470
Crucero_Alto,2006-10-30,8.85,17.72,2.1,52.17,0.05,1.99,60.05,-15.77948,-70.91799,4470
Crucero_Alto,2006-10-31,7.81,16.08,2.11,48.91,0.03,1.93,60.06,-15.77948,-70.91799,4470
Crucero_Alto,2006-11-01,10.25,21.07,1.92,34.87,0.02,2.16,59.99,-15.77948,-70.91799,4470
Crucero_Alto,2006-11-02,8.35,18.98,0.92,31.9,0.24,2.03,60.03,-15.77948,-70.91799,4470
Crucero_Alto,2006-11-03,7.92,17.35,-0.85,42.54,0.02,1.51,60.06,-15.77948,-70.91799,4470
Crucero_Alto,2006-11-04,7.6,16.95,1.51,65.07,0.61,2.69,60.0,-15.77948,-70.91799,4470
Crucero_Alto,2006-11-05,8.46,19.02,1.05,52.64,1.64,2.78,60.01,-15.77948,-70.91799,4470
Crucero_Alto,2006-11-06,6.98,16.74,-0.32,64.08,1.36,2.33,60.02,-15.77948,-70.91799,4470
Crucero_Alto,2006-11-07,5.61,12.66,1.41,70.53,1.42,2.0,60.05,-15.77948,-70.91799,4470
Crucero_Alto,2006-11-08,8.17,17.5,0.71,51.12,0.09,1.97,60.02,-15.77948,-70.91799,4470
Crucero_Alto,2006-11-09,8.7,19.87,-1.69,43.36,0.06,2.18,60.1,-15.77948,-70.91799,4470
Crucero_Alto,2006-11-10,6.22,11.8,1.8,59.45,0.09,2.0,60.2,-15.77948,-70.91799,4470
Crucero_Alto,2006-11-11,6.45,15.58,0.64,65.53,0.01,1.58,60.23,-15.77948,-70.91799,4470
Crucero_Alto,2006-11-12,9.11,18.72,0.33,49.21,0.0,2.43,60.23,-15.77948,-70.91799,4470
Crucero_Alto,2006-11-13,9.74,19.46,1.46,40.11,0.0,2.21,60.21,-15.77948,-70.91799,4470
Crucero_Alto,2006-11-14,10.12,20.0,1.87,44.55,0.0,2.03,60.1,-15.77948,-70.91799,4470
Crucero_Alto,2006-11-15,10.36,20.38,3.03,49.36,0.0,1.66,59.99,-15.77948,-70.91799,4470
Crucero_Alto,2006-11-16,10.22,19.86,3.62,53.41,0.07,2.0,60.01,-15.77948,-70.91799,4470
Crucero_Alto,2006-11-17,9.4,17.68,4.44,58.51,0.01,2.98,60.14,-15.77948,-70.91799,4470
Crucero_Alto,2006-11-18,9.45,16.88,2.29,57.74,0.0,3.6,60.15,-15.77948,-70.91799,4470
Crucero_Alto,2006-11-19,8.69,17.85,2.84,57.86,0.02,3.54,60.21,-15.77948,-70.91799,4470
Crucero_Alto,2006-11-20,8.28,16.74,2.19,56.41,0.12,2.15,60.22,-15.77948,-70.91799,4470
Crucero_Alto,2006-11-21,6.34,12.85,1.51,62.95,0.11,1.92,60.25,-15.77948,-70.91799,4470
Crucero_Alto,2006-11-22,7.75,16.41,0.94,56.52,0.05,1.97,60.22,-15.77948,-70.91799,4470
Crucero_Alto,2006-11-23,7.94,16.98,-0.2,54.78,0.14,1.89,60.09,-15.77948,-70.91799,4470
Crucero_Alto,2006-11-24,9.1,17.92,1.28,47.59,0.0,1.42,60.03,-15.77948,-70.91799,4470
Crucero_Alto,2006-11-25,9.07,17.88,4.09,56.52,0.07,2.66,60.07,-15.77948,-70.91799,4470
Crucero_Alto,2006-11-26,8.81,19.22,1.29,49.83,0.59,2.19,60.13,-15.77948,-70.91799,4470
Crucero_Alto,2006-11-27,8.18,19.56,-0.39,33.47,0.59,3.47,60.12,-15.77948,-70.91799,4470
Crucero_Alto,2006-11-28,6.96,17.16,-4.25,20.81,0.03,2.07,60.03,-15.77948,-70.91799,4470
Crucero_Alto,2006-11-29,8.52,17.71,1.47,36.31,0.16,1.9,60.07,-15.77948,-70.91799,4470
Crucero_Alto,2006-11-30,8.29,15.22,3.09,37.57,2.88,1.68,60.12,-15.77948,-70.91799,4470
Crucero_Alto,2006-12-01,8.61,18.47,0.74,48.87,0.41,2.73,60.12,-15.77948,-70.91799,4470
Crucero_Alto,2006-12-02,9.4,20.33,-0.81,34.67,0.12,2.61,60.07,-15.77948,-70.91799,4470
Crucero_Alto,2006-12-03,9.6,20.42,2.63,49.53,0.35,1.94,60.05,-15.77948,-70.91799,4470
Crucero_Alto,2006-12-04,7.06,16.13,0.87,67.31,0.32,2.35,60.11,-15.77948,-70.91799,4470
Crucero_Alto,2006-12-05,10.11,18.35,4.01,56.33,0.18,2.8,60.14,-15.77948,-70.91799,4470
Crucero_Alto,2006-12-06,9.09,17.02,3.22,64.16,0.32,2.19,60.15,-15.77948,-70.91799,4470
Crucero_Alto,2006-12-07,8.32,17.69,1.67,59.4,0.31,2.54,60.12,-15.77948,-70.91799,4470
Crucero_Alto,2006-12-08,7.83,19.91,-0.16,44.13,0.01,3.63,60.09,-15.77948,-70.91799,4470
Crucero_Alto,2006-12-09,7.33,19.93,-3.66,33.78,0.0,2.89,60.13,-15.77948,-70.91799,4470
Crucero_Alto,2006-12-10,7.96,19.85,-2.22,44.34,4.99,2.46,60.17,-15.77948,-70.91799,4470
Crucero_Alto,2006-12-11,6.65,14.54,-0.12,63.91,4.5,1.98,60.22,-15.77948,-70.91799,4470
Crucero_Alto,2006-12-12,8.55,20.26,-1.19,49.72,0.03,2.19,60.21,-15.77948,-70.91799,4470
Crucero_Alto,2006-12-13,8.62,18.61,-2.52,49.14,0.02,1.81,60.15,-15.77948,-70.91799,4470
Crucero_Alto,2006-12-14,10.81,19.72,3.64,49.59,0.08,3.03,60.12,-15.77948,-70.91799,4470
Crucero_Alto,2006-12-15,9.12,17.28,1.55,53.62,2.57,3.41,60.22,-15.77948,-70.91799,4470
Crucero_Alto,2006-12-16,8.28,15.17,2.19,64.74,0.97,3.04,60.19,-15.77948,-70.91799,4470
Crucero_Alto,2006-12-17,8.67,18.05,2.93,62.57,0.12,2.24,60.17,-15.77948,-70.91799,4470
Crucero_Alto,2006-12-18,9.11,17.6,3.05,58.87,1.5,1.9,60.13,-15.77948,-70.91799,4470
Crucero_Alto,2006-12-19,7.73,14.72,2.33,68.36,3.19,1.74,60.09,-15.77948,-70.91799,4470
Crucero_Alto,2006-12-20,8.5,19.0,0.48,52.03,0.95,2.61,60.11,-15.77948,-70.91799,4470
Crucero_Alto,2006-12-21,7.97,13.92,2.06,61.87,0.57,1.45,60.16,-15.77948,-70.91799,4470
Crucero_Alto,2006-12-22,8.33,17.43,1.53,52.48,0.17,2.53,60.23,-15.77948,-70.91799,4470
Crucero_Alto,2006-12-23,8.87,18.53,2.31,53.3,0.08,2.02,60.19,-15.77948,-70.91799,4470
Crucero_Alto,2006-12-24,9.0,19.87,0.94,52.99,0.05,2.48,60.15,-15.77948,-70.91799,4470
Crucero_Alto,2006-12-25,9.2,19.79,0.28,49.9,0.09,2.21,60.14,-15.77948,-70.91799,4470
Crucero_Alto,2006-12-26,8.69,16.46,4.29,64.8,0.79,2.54,60.18,-15.77948,-70.91799,4470
Crucero_Alto,2006-12-27,8.53,14.8,4.05,64.73,1.71,3.27,60.24,-15.77948,-70.91799,4470
Crucero_Alto,2006-12-28,9.18,16.08,3.73,61.04,0.39,3.83,60.31,-15.77948,-70.91799,4470
Crucero_Alto,2006-12-29,8.22,17.1,2.67,65.72,0.13,2.18,60.34,-15.77948,-70.91799,4470
Crucero_Alto,2006-12-30,8.79,19.19,0.33,60.09,0.05,2.54,60.23,-15.77948,-70.91799,4470
Crucero_Alto,2006-12-31,7.93,16.78,1.99,65.03,0.02,2.41,60.21,-15.77948,-70.91799,4470
Crucero_Alto,2007-01-01,8.29,17.01,1.5,60.38,0.21,1.62,60.13,-15.77948,-70.91799,4470
Crucero_Alto,2007-01-02,8.84,17.45,2.54,57.3,0.0,3.0,60.11,-15.77948,-70.91799,4470
Crucero_Alto,2007-01-03,8.86,19.6,0.73,55.4,0.0,2.66,60.17,-15.77948,-70.91799,4470
Crucero_Alto,2007-01-04,7.64,14.34,2.12,56.3,0.1,2.49,60.19,-15.77948,-70.91799,4470
Crucero_Alto,2007-01-05,8.98,20.14,-0.04,59.49,0.99,1.34,60.1,-15.77948,-70.91799,4470
Crucero_Alto,2007-01-06,8.93,18.39,2.28,60.28,0.64,1.64,60.13,-15.77948,-70.91799,4470
Crucero_Alto,2007-01-07,7.21,12.86,2.8,66.12,0.08,2.82,60.19,-15.77948,-70.91799,4470
Crucero_Alto,2007-01-08,7.52,15.24,0.7,62.81,0.65,2.54,60.11,-15.77948,-70.91799,4470
Crucero_Alto,2007-01-09,8.2,16.87,2.23,65.21,1.34,1.8,60.08,-15.77948,-70.91799,4470
Crucero_Alto,2007-01-10,7.55,15.82,1.33,61.63,1.39,2.72,60.15,-15.77948,-70.91799,4470
Crucero_Alto,2007-01-11,7.12,16.42,1.03,65.89,0.57,2.06,60.17,-15.77948,-70.91799,4470
Crucero_Alto,2007-01-12,7.92,16.8,3.17,67.12,0.71,1.19,60.12,-15.77948,-70.91799,4470
Crucero_Alto,2007-01-13,8.86,18.35,1.55,54.6,2.35,1.27,60.07,-15.77948,-70.91799,4470
Crucero_Alto,2007-01-14,7.53,15.05,1.66,58.59,0.49,1.57,60.08,-15.77948,-70.91799,4470
Crucero_Alto,2007-01-15,7.98,16.92,1.71,63.43,0.49,2.02,60.06,-15.77948,-70.91799,4470
Crucero_Alto,2007-01-16,8.93,18.53,2.63,59.97,1.62,2.41,60.12,-15.77948,-70.91799,4470
Crucero_Alto,2007-01-17,10.41,21.52,1.56,51.87,0.03,1.86,60.17,-15.77948,-70.91799,4470
Crucero_Alto,2007-01-18,10.38,19.64,3.6,55.76,0.0,2.21,60.2,-15.77948,-70.91799,4470
Crucero_Alto,2007-01-19,11.17,20.09,5.33,51.4,0.0,1.8,60.24,-15.77948,-70.91799,4470
Crucero_Alto,2007-01-20,10.08,20.07,4.57,56.61,0.0,2.03,60.31,-15.77948,-70.91799,4470
Crucero_Alto,2007-01-21,9.35,16.57,3.84,61.5,0.05,3.45,60.35,-15.77948,-70.91799,4470
Crucero_Alto,2007-01-22,10.1,17.62,3.88,52.33,0.0,2.99,60.29,-15.77948,-70.91799,4470
Crucero_Alto,2007-01-23,9.37,18.92,3.58,61.01,0.35,2.03,60.15,-15.77948,-70.91799,4470
Crucero_Alto,2007-01-24,9.19,20.55,0.79,56.66,0.06,2.93,60.14,-15.77948,-70.91799,4470
Crucero_Alto,2007-01-25,8.64,21.42,-1.91,43.22,0.0,2.6,60.16,-15.77948,-70.91799,4470
Crucero_Alto,2007-01-26,11.3,21.66,2.86,48.7,0.0,2.05,60.16,-15.77948,-70.91799,4470
Crucero_Alto,2007-01-27,10.19,17.24,4.98,59.07,0.0,1.99,60.22,-15.77948,-70.91799,4470
Crucero_Alto,2007-01-28,10.41,21.0,1.16,55.74,0.0,2.35,60.22,-15.77948,-70.91799,4470
Crucero_Alto,2007-01-29,8.27,22.18,-2.21,46.19,0.0,2.48,60.23,-15.77948,-70.91799,4470
Crucero_Alto,2007-01-30,8.7,19.66,-1.18,45.29,2.33,1.99,60.21,-15.77948,-70.91799,4470
Crucero_Alto,2007-01-31,9.11,19.37,1.88,42.86,5.44,2.56,60.24,-15.77948,-70.91799,4470
Crucero_Alto,2007-02-01,8.06,16.59,1.12,62.48,0.19,2.15,60.28,-15.77948,-70.91799,4470
Crucero_Alto,2007-02-02,10.99,18.58,5.06,56.8,0.04,2.3,60.25,-15.77948,-70.91799,4470
Crucero_Alto,2007-02-03,9.5,18.02,4.95,63.82,0.01,2.75,60.26,-15.77948,-70.91799,4470
Crucero_Alto,2007-02-04,10.86,21.16,1.74,48.63,0.11,1.53,60.21,-15.77948,-70.91799,4470
Crucero_Alto,2007-02-05,9.84,21.1,2.04,58.21,0.02,2.72,60.19,-15.77948,-70.91799,4470
Crucero_Alto,2007-02-06,9.32,19.84,1.31,48.52,0.0,2.97,60.22,-15.77948,-70.91799,4470
Crucero_Alto,2007-02-07,7.22,14.25,2.48,64.4,0.27,3.15,60.26,-15.77948,-70.91799,4470
Crucero_Alto,2007-02-08,8.15,16.62,3.56,65.04,0.14,2.31,60.23,-15.77948,-70.91799,4470
Crucero_Alto,2007-02-09,8.97,17.75,3.15,64.26,1.22,2.15,60.19,-15.77948,-70.91799,4470
Crucero_Alto,2007-02-10,9.73,18.18,3.84,64.52,0.33,3.36,60.24,-15.77948,-70.91799,4470
Crucero_Alto,2007-02-11,9.44,17.32,3.35,65.19,1.47,3.65,60.28,-15.77948,-70.91799,4470
Crucero_Alto,2007-02-12,9.48,18.33,3.68,65.04,0.76,1.99,60.2,-15.77948,-70.91799,4470
Crucero_Alto,2007-02-13,6.46,15.96,0.79,63.6,0.52,3.51,60.15,-15.77948,-70.91799,4470
Crucero_Alto,2007-02-14,6.38,16.52,-1.14,54.83,0.17,5.3,60.14,-15.77948,-70.91799,4470
Crucero_Alto,2007-02-15,5.29,15.35,-1.49,59.55,0.05,5.3,60.07,-15.77948,-70.91799,4470
Crucero_Alto,2007-02-16,3.52,14.43,-3.55,53.99,0.0,4.6,60.01,-15.77948,-70.91799,4470
Crucero_Alto,2007-02-17,4.61,17.63,-6.47,47.62,0.01,3.85,60.02,-15.77948,-70.91799,4470
Crucero_Alto,2007-02-18,6.55,19.38,-4.1,43.2,0.49,2.32,60.04,-15.77948,-70.91799,4470
Crucero_Alto,2007-02-19,6.52,18.85,-1.71,55.04,0.32,2.98,60.06,-15.77948,-70.91799,4470
Crucero_Alto,2007-02-20,5.23,16.04,-3.5,64.42,0.08,1.78,60.0,-15.77948,-70.91799,4470
Crucero_Alto,2007-02-21,6.41,13.19,0.64,60.92,0.87,1.74,59.97,-15.77948,-70.91799,4470
Crucero_Alto,2007-02-22,7.92,16.53,1.14,62.96,0.11,1.96,60.09,-15.77948,-70.91799,4470
Crucero_Alto,2007-02-23,9.38,18.63,3.35,59.11,0.46,3.03,60.17,-15.77948,-70.91799,4470
Crucero_Alto,2007-02-24,8.14,16.22,2.27,62.02,0.25,3.42,60.24,-15.77948,-70.91799,4470
Crucero_Alto,2007-02-25,7.14,14.79,2.02,66.16,0.8,4.59,60.25,-15.77948,-70.91799,4470
Crucero_Alto,2007-02-26,8.86,18.51,0.29,55.9,0.06,2.43,60.17,-15.77948,-70.91799,4470
Crucero_Alto,2007-02-27,9.73,18.48,2.32,55.81,0.2,1.8,60.12,-15.77948,-70.91799,4470
Crucero_Alto,2007-02-28,10.06,19.22,2.95,56.1,0.07,1.92,60.0,-15.77948,-70.91799,4470
Crucero_Alto,2007-03-01,6.42,10.9,3.31,71.11,0.0,2.32,60.01,-15.77948,-70.91799,4470
Crucero_Alto,2007-03-02,7.91,16.36,2.79,65.4,0.46,1.97,60.03,-15.77948,-70.91799,4470
Crucero_Alto,2007-03-03,6.1,15.19,1.27,70.08,0.87,1.81,60.11,-15.77948,-70.91799,4470
Crucero_Alto,2007-03-04,6.42,13.99,1.01,69.94,1.05,1.64,60.16,-15.77948,-70.91799,4470
Crucero_Alto,2007-03-05,7.46,15.65,1.23,68.46,1.66,1.24,60.17,-15.77948,-70.91799,4470
Crucero_Alto,2007-03-06,8.3,16.47,2.67,67.99,1.06,2.75,60.21,-15.77948,-70.91799,4470
Crucero_Alto,2007-03-07,8.87,17.42,1.6,63.44,0.8,2.37,60.25,-15.77948,-70.91799,4470
Crucero_Alto,2007-03-08,8.96,17.72,2.97,64.34,0.28,2.17,60.19,-15.77948,-70.91799,4470
Crucero_Alto,2007-03-09,6.57,15.25,1.44,66.06,0.26,1.66,60.12,-15.77948,-70.91799,4470
Crucero_Alto,2007-03-10,7.67,17.19,1.0,57.02,0.11,1.97,60.1,-15.77948,-70.91799,4470
Crucero_Alto,2007-03-11,8.9,19.97,-1.46,51.05,0.07,1.7,60.1,-15.77948,-70.91799,4470
Crucero_Alto,2007-03-12,8.44,16.69,1.53,58.08,0.03,2.24,60.15,-15.77948,-70.91799,4470
Crucero_Alto,2007-03-13,7.16,13.91,2.44,67.99,0.58,1.44,60.2,-15.77948,-70.91799,4470
Crucero_Alto,2007-03-14,8.18,15.85,2.78,64.65,3.6,1.9,60.15,-15.77948,-70.91799,4470
Crucero_Alto,2007-03-15,7.51,15.39,2.81,68.1,0.83,2.14,60.11,-15.77948,-70.91799,4470
Crucero_Alto,2007-03-16,7.4,16.13,1.41,67.18,3.73,1.81,60.18,-15.77948,-70.91799,4470
Crucero_Alto,2007-03-17,6.96,15.43,2.87,73.01,1.5,1.32,60.18,-15.77948,-70.91799,4470
Crucero_Alto,2007-03-18,6.95,15.44,1.31,72.41,6.52,2.01,60.2,-15.77948,-70.91799,4470
Crucero_Alto,2007-03-19,5.78,12.74,1.13,73.08,0.7,2.25,60.3,-15.77948,-70.91799,4470
Crucero_Alto,2007-03-20,7.51,16.01,0.8,64.45,0.0,1.82,60.28,-15.77948,-70.91799,4470
Crucero_Alto,2007-03-21,7.88,17.71,-0.26,60.27,0.0,1.84,60.15,-15.77948,-70.91799,4470
Crucero_Alto,2007-03-22,7.95,17.18,1.0,63.46,0.03,1.62,60.09,-15.77948,-70.91799,4470
Crucero_Alto,2007-03-23,7.78,18.53,0.24,55.6,0.05,2.41,60.15,-15.77948,-70.91799,4470
Crucero_Alto,2007-03-24,7.34,16.82,-0.9,63.37,0.07,3.67,60.27,-15.77948,-70.91799,4470
Crucero_Alto,2007-03-25,7.5,15.66,1.39,66.38,0.05,2.79,60.25,-15.77948,-70.91799,4470
Crucero_Alto,2007-03-26,8.9,18.07,1.8,59.06,0.0,2.13,60.14,-15.77948,-70.91799,4470
Crucero_Alto,2007-03-27,8.63,16.17,2.79,60.59,0.0,1.58,60.12,-15.77948,-70.91799,4470
Crucero_Alto,2007-03-28,7.87,16.89,2.72,66.84,0.53,1.95,60.14,-15.77948,-70.91799,4470
Crucero_Alto,2007-03-29,7.6,16.46,1.37,64.74,0.82,1.33,60.17,-15.77948,-70.91799,4470
Crucero_Alto,2007-03-30,8.64,17.71,1.39,57.79,0.05,1.51,60.1,-15.77948,-70.91799,4470
Crucero_Alto,2007-03-31,6.53,12.0,2.24,68.85,0.14,1.75,60.15,-15.77948,-70.91799,4470
Crucero_Alto,2007-04-01,6.85,16.18,0.52,67.97,0.62,1.9,60.22,-15.77948,-70.91799,4470
Crucero_Alto,2007-04-02,6.85,15.56,2.14,69.37,0.26,1.3,60.26,-15.77948,-70.91799,4470
Crucero_Alto,2007-04-03,7.2,15.59,1.44,70.01,0.45,1.54,60.21,-15.77948,-70.91799,4470
Crucero_Alto,2007-04-04,7.57,15.8,1.1,67.31,0.26,1.58,60.16,-15.77948,-70.91799,4470
Crucero_Alto,2007-04-05,7.07,18.48,-1.79,57.03,0.31,1.28,60.17,-15.77948,-70.91799,4470
Crucero_Alto,2007-04-06,8.65,18.96,2.02,55.47,0.54,1.23,60.21,-15.77948,-70.91799,4470
Crucero_Alto,2007-04-07,8.61,18.56,1.79,49.51,0.36,1.04,60.29,-15.77948,-70.91799,4470
Crucero_Alto,2007-04-08,8.23,17.67,0.73,46.67,0.28,1.39,60.35,-15.77948,-70.91799,4470
Crucero_Alto,2007-04-09,7.11,16.42,-0.11,56.5,0.07,1.65,60.29,-15.77948,-70.91799,4470
Crucero_Alto,2007-04-10,7.94,18.19,1.61,59.24,0.05,1.39,60.18,-15.77948,-70.91799,4470
Crucero_Alto,2007-04-11,5.92,11.34,1.75,70.84,4.11,1.37,60.27,-15.77948,-70.91799,4470
Crucero_Alto,2007-04-12,7.1,15.78,-0.67,63.07,0.06,1.54,60.36,-15.77948,-70.91799,4470
Crucero_Alto,2007-04-13,7.11,14.18,2.34,68.31,0.01,1.94,60.36,-15.77948,-70.91799,4470
Crucero_Alto,2007-04-14,7.37,15.56,0.72,64.27,0.02,2.86,60.32,-15.77948,-70.91799,4470
Crucero_Alto,2007-04-15,7.26,16.73,0.36,56.91,0.0,3.57,60.44,-15.77948,-70.91799,4470
Crucero_Alto,2007-04-16,7.58,16.64,0.07,54.0,0.0,2.12,60.49,-15.77948,-70.91799,4470
Crucero_Alto,2007-04-17,7.19,15.53,1.69,61.25,0.0,2.96,60.35,-15.77948,-70.91799,4470
Crucero_Alto,2007-04-18,6.51,15.96,-1.27,60.89,0.0,3.35,60.31,-15.77948,-70.91799,4470
Crucero_Alto,2007-04-19,6.69,15.71,-0.58,51.46,0.0,2.81,60.36,-15.77948,-70.91799,4470
Crucero_Alto,2007-04-20,7.34,16.18,0.23,47.78,0.0,2.18,60.32,-15.77948,-70.91799,4470
Crucero_Alto,2007-04-21,7.06,15.78,-0.39,59.47,0.0,1.54,60.3,-15.77948,-70.91799,4470
Crucero_Alto,2007-04-22,7.69,18.08,0.02,52.76,0.0,1.42,60.24,-15.77948,-70.91799,4470
Crucero_Alto,2007-04-23,6.45,15.61,0.12,55.78,0.69,1.03,60.23,-15.77948,-70.91799,4470
Crucero_Alto,2007-04-24,6.73,16.1,0.17,52.83,0.0,1.34,60.18,-15.77948,-70.91799,4470
Crucero_Alto,2007-04-25,6.22,14.86,0.46,60.25,0.04,1.13,60.15,-15.77948,-70.91799,4470
Crucero_Alto,2007-04-26,6.56,15.33,-0.36,64.33,0.12,1.62,60.15,-15.77948,-70.91799,4470
Crucero_Alto,2007-04-27,4.89,12.7,-0.18,72.13,1.73,1.29,60.21,-15.77948,-70.91799,4470
Crucero_Alto,2007-04-28,6.87,15.35,0.2,63.85,0.09,1.02,60.35,-15.77948,-70.91799,4470
Crucero_Alto,2007-04-29,6.84,13.65,3.06,67.48,0.0,1.71,60.32,-15.77948,-70.91799,4470
Crucero_Alto,2007-04-30,6.4,13.63,1.62,69.92,0.0,1.51,60.28,-15.77948,-70.91799,4470
Crucero_Alto,2007-05-01,6.36,12.35,1.19,61.38,0.0,1.57,60.25,-15.77948,-70.91799,4470
Crucero_Alto,2007-05-02,7.76,16.91,1.11,48.92,0.03,1.92,60.26,-15.77948,-70.91799,4470
Crucero_Alto,2007-05-03,6.49,15.89,-1.23,61.96,0.06,1.26,60.33,-15.77948,-70.91799,4470
Crucero_Alto,2007-05-04,7.12,16.06,0.65,63.67,0.0,1.97,60.26,-15.77948,-70.91799,4470
Crucero_Alto,2007-05-05,6.99,16.2,1.34,61.13,0.0,2.2,60.24,-15.77948,-70.91799,4470
Crucero_Alto,2007-05-06,6.76,16.61,-0.98,50.82,0.0,0.99,60.18,-15.77948,-70.91799,4470
Crucero_Alto,2007-05-07,6.25,12.95,1.81,53.43,0.05,1.13,60.18,-15.77948,-70.91799,4470
Crucero_Alto,2007-05-08,6.1,13.33,0.34,46.27,0.17,1.56,60.2,-15.77948,-70.91799,4470
Crucero_Alto,2007-05-09,4.41,9.25,-0.74,58.44,0.02,0.97,60.35,-15.77948,-70.91799,4470
Crucero_Alto,2007-05-10,6.35,16.88,-0.94,42.76,0.0,2.0,60.33,-15.77948,-70.91799,4470
Crucero_Alto,2007-05-11,6.5,17.69,-2.41,40.88,0.0,1.59,60.35,-15.77948,-70.91799,4470
Crucero_Alto,2007-05-12,7.0,16.14,-0.55,46.95,0.0,1.12,60.43,-15.77948,-70.91799,4470
Crucero_Alto,2007-05-13,7.68,17.44,0.19,49.52,0.0,1.11,60.46,-15.77948,-70.91799,4470
Crucero_Alto,2007-05-14,7.77,16.94,0.16,48.16,0.0,1.17,60.4,-15.77948,-70.91799,4470
Crucero_Alto,2007-05-15,6.69,17.33,-1.2,31.69,0.0,1.68,60.33,-15.77948,-70.91799,4470
Crucero_Alto,2007-05-16,5.0,16.44,-4.11,28.25,0.0,2.25,60.18,-15.77948,-70.91799,4470
Crucero_Alto,2007-05-17,4.38,15.19,-2.76,33.09,0.0,2.52,60.19,-15.77948,-70.91799,4470
Crucero_Alto,2007-05-18,4.23,15.71,-4.13,39.77,0.0,2.07,60.25,-15.77948,-70.91799,4470
Crucero_Alto,2007-05-19,5.46,16.53,-2.27,54.86,0.0,2.47,60.21,-15.77948,-70.91799,4470
Crucero_Alto,2007-05-20,3.51,14.52,-4.46,58.41,0.0,3.15,60.17,-15.77948,-70.91799,4470
Crucero_Alto,2007-05-21,1.8,13.11,-6.21,51.99,0.0,3.16,60.09,-15.77948,-70.91799,4470
Crucero_Alto,2007-05-22,1.8,13.31,-5.8,46.7,0.0,3.1,60.07,-15.77948,-70.91799,4470
Crucero_Alto,2007-05-23,4.13,15.51,-5.24,37.9,0.0,1.91,60.11,-15.77948,-70.91799,4470
Crucero_Alto,2007-05-24,3.62,12.17,-3.28,42.71,0.0,1.72,60.16,-15.77948,-70.91799,4470
Crucero_Alto,2007-05-25,3.98,15.25,-3.57,54.81,0.0,2.71,60.19,-15.77948,-70.91799,4470
Crucero_Alto,2007-05-26,2.82,14.57,-5.53,48.01,0.0,2.99,60.25,-15.77948,-70.91799,4470
Crucero_Alto,2007-05-27,3.87,16.37,-5.05,38.31,0.0,2.06,60.24,-15.77948,-70.91799,4470
Crucero_Alto,2007-05-28,3.66,15.25,-4.06,49.41,0.02,2.44,60.26,-15.77948,-70.91799,4470
Crucero_Alto,2007-05-29,3.63,14.35,-3.48,50.61,0.03,2.21,60.22,-15.77948,-70.91799,4470
Crucero_Alto,2007-05-30,3.21,11.69,-2.79,49.48,0.0,2.16,60.23,-15.77948,-70.91799,4470
Crucero_Alto,2007-05-31,3.51,13.43,-3.61,58.68,0.0,2.37,60.2,-15.77948,-70.91799,4470
Crucero_Alto,2007-06-01,4.57,13.75,-4.59,50.02,0.0,1.53,60.26,-15.77948,-70.91799,4470
Crucero_Alto,2007-06-02,5.42,15.46,-1.45,46.46,0.0,1.38,60.32,-15.77948,-70.91799,4470
Crucero_Alto,2007-06-03,5.27,14.31,-2.25,61.45,0.01,1.64,60.4,-15.77948,-70.91799,4470
Crucero_Alto,2007-06-04,6.25,15.78,-1.14,58.78,0.0,1.85,60.38,-15.77948,-70.91799,4470
Crucero_Alto,2007-06-05,6.58,14.83,-0.57,48.42,0.0,1.13,60.36,-15.77948,-70.91799,4470
Crucero_Alto,2007-06-06,6.77,15.93,-1.28,47.73,0.0,0.95,60.31,-15.77948,-70.91799,4470
Crucero_Alto,2007-06-07,6.35,15.44,-0.57,44.75,0.03,1.47,60.28,-15.77948,-70.91799,4470
Crucero_Alto,2007-06-08,5.94,15.96,-1.77,53.36,0.0,1.17,60.27,-15.77948,-70.91799,4470
Crucero_Alto,2007-06-09,5.8,15.5,-2.0,43.65,0.0,1.35,60.24,-15.77948,-70.91799,4470
Crucero_Alto,2007-06-10,5.42,15.33,-2.23,46.84,0.0,1.32,60.22,-15.77948,-70.91799,4470
Crucero_Alto,2007-06-11,4.28,14.85,-4.23,34.75,0.0,1.11,60.24,-15.77948,-70.91799,4470
Crucero_Alto,2007-06-12,4.83,14.44,-2.07,26.53,0.0,1.05,60.28,-15.77948,-70.91799,4470
Crucero_Alto,2007-06-13,5.55,15.12,-1.36,26.69,0.0,1.13,60.22,-15.77948,-70.91799,4470
Crucero_Alto,2007-06-14,5.96,15.62,-2.54,29.27,0.0,0.95,60.22,-15.77948,-70.91799,4470
Crucero_Alto,2007-06-15,5.42,15.19,-0.81,49.16,0.0,2.46,60.32,-15.77948,-70.91799,4470
Crucero_Alto,2007-06-16,4.98,14.31,-3.05,50.06,0.0,2.02,60.37,-15.77948,-70.91799,4470
Crucero_Alto,2007-06-17,5.1,14.83,-1.73,48.07,0.0,1.48,60.3,-15.77948,-70.91799,4470
Crucero_Alto,2007-06-18,3.3,11.23,-2.67,69.21,0.0,1.33,60.24,-15.77948,-70.91799,4470
Crucero_Alto,2007-06-19,4.48,13.17,-2.34,62.78,0.0,1.55,60.26,-15.77948,-70.91799,4470
Crucero_Alto,2007-06-20,4.9,14.59,-2.29,59.5,0.0,1.94,60.23,-15.77948,-70.91799,4470
Crucero_Alto,2007-06-21,4.9,14.96,-3.47,54.45,0.0,2.15,60.26,-15.77948,-70.91799,4470
Crucero_Alto,2007-06-22,5.15,15.5,-3.75,55.0,0.0,2.1,60.22,-15.77948,-70.91799,4470
Crucero_Alto,2007-06-23,4.65,13.51,-2.46,65.03,0.0,1.03,60.19,-15.77948,-70.91799,4470
Crucero_Alto,2007-06-24,3.01,11.32,-1.46,79.63,0.12,1.82,60.22,-15.77948,-70.91799,4470
Crucero_Alto,2007-06-25,4.41,13.87,-1.64,63.68,0.0,2.67,60.25,-15.77948,-70.91799,4470
Crucero_Alto,2007-06-26,4.0,14.46,-3.96,48.2,0.05,2.07,60.33,-15.77948,-70.91799,4470
Crucero_Alto,2007-06-27,5.28,15.02,-2.3,47.94,0.03,1.25,60.29,-15.77948,-70.91799,4470
Crucero_Alto,2007-06-28,3.98,14.9,-3.88,40.15,0.0,2.43,60.32,-15.77948,-70.91799,4470
Crucero_Alto,2007-06-29,4.28,14.57,-3.36,24.44,0.0,1.21,60.37,-15.77948,-70.91799,4470
Crucero_Alto,2007-06-30,3.44,13.59,-3.38,59.52,0.0,1.78,60.48,-15.77948,-70.91799,4470
Crucero_Alto,2007-07-01,2.68,12.98,-4.68,54.75,0.0,2.14,60.5,-15.77948,-70.91799,4470
Crucero_Alto,2007-07-02,3.33,13.24,-4.06,43.3,0.0,1.92,60.42,-15.77948,-70.91799,4470
Crucero_Alto,2007-07-03,4.87,14.86,-2.69,22.29,0.0,0.79,60.29,-15.77948,-70.91799,4470
Crucero_Alto,2007-07-04,4.4,14.98,-4.4,18.7,0.0,1.28,60.18,-15.77948,-70.91799,4470
Crucero_Alto,2007-07-05,4.28,15.61,-4.22,24.34,0.0,1.46,60.17,-15.77948,-70.91799,4470
Crucero_Alto,2007-07-06,3.92,15.14,-3.71,43.43,0.0,1.7,60.15,-15.77948,-70.91799,4470
Crucero_Alto,2007-07-07,3.01,12.76,-4.35,63.32,0.0,2.7,60.11,-15.77948,-70.91799,4470
Crucero_Alto,2007-07-08,1.31,7.92,-4.38,72.5,0.82,2.11,60.15,-15.77948,-70.91799,4470
Crucero_Alto,2007-07-09,0.94,5.55,-2.28,73.37,0.17,1.54,60.25,-15.77948,-70.91799,4470
Crucero_Alto,2007-07-10,2.84,9.79,-2.91,52.75,0.0,2.0,60.2,-15.77948,-70.91799,4470
Crucero_Alto,2007-07-11,2.91,12.22,-2.96,49.3,0.1,2.64,60.13,-15.77948,-70.91799,4470
Crucero_Alto,2007-07-12,2.16,11.93,-5.22,48.82,0.01,2.25,60.17,-15.77948,-70.91799,4470
Crucero_Alto,2007-07-13,3.06,12.08,-4.24,51.65,0.0,2.04,60.19,-15.77948,-70.91799,4470
Crucero_Alto,2007-07-14,4.03,12.69,-3.18,39.07,0.0,1.66,60.22,-15.77948,-70.91799,4470
Crucero_Alto,2007-07-15,3.9,12.87,-2.41,50.18,0.0,2.32,60.18,-15.77948,-70.91799,4470
Crucero_Alto,2007-07-16,2.05,13.03,-5.26,48.31,0.0,3.22,60.21,-15.77948,-70.91799,4470
Crucero_Alto,2007-07-17,1.75,12.99,-6.32,40.71,0.0,2.75,60.24,-15.77948,-70.91799,4470
Crucero_Alto,2007-07-18,4.25,14.47,-3.16,34.23,0.0,1.26,60.27,-15.77948,-70.91799,4470
Crucero_Alto,2007-07-19,3.76,14.06,-2.99,45.36,0.0,2.07,60.24,-15.77948,-70.91799,4470
Crucero_Alto,2007-07-20,4.35,15.01,-4.28,38.13,0.0,1.49,60.22,-15.77948,-70.91799,4470
Crucero_Alto,2007-07-21,2.52,12.18,-4.31,54.62,0.0,3.08,60.28,-15.77948,-70.91799,4470
Crucero_Alto,2007-07-22,1.27,12.29,-6.21,30.37,0.0,3.21,60.2,-15.77948,-70.91799,4470
Crucero_Alto,2007-07-23,1.69,12.99,-5.61,32.42,0.0,2.96,60.13,-15.77948,-70.91799,4470
Crucero_Alto,2007-07-24,-0.13,9.93,-6.7,40.48,0.0,3.77,60.17,-15.77948,-70.91799,4470
Crucero_Alto,2007-07-25,1.86,13.59,-6.58,21.73,0.13,1.97,60.23,-15.77948,-70.91799,4470
Crucero_Alto,2007-07-26,1.75,12.62,-4.63,31.73,0.07,2.25,60.25,-15.77948,-70.91799,4470
Crucero_Alto,2007-07-27,2.8,13.71,-5.35,20.4,0.0,1.62,60.22,-15.77948,-70.91799,4470
Crucero_Alto,2007-07-28,4.16,12.84,-3.1,43.88,0.0,1.59,60.18,-15.77948,-70.91799,4470
Crucero_Alto,2007-07-29,3.89,14.29,-3.98,53.69,0.0,1.9,60.17,-15.77948,-70.91799,4470
Crucero_Alto,2007-07-30,4.06,13.41,-3.59,54.76,0.0,2.02,60.14,-15.77948,-70.91799,4470
Crucero_Alto,2007-07-31,3.07,13.64,-4.39,56.94,0.0,2.65,60.14,-15.77948,-70.91799,4470
Crucero_Alto,2007-08-01,3.81,13.67,-3.45,46.45,0.0,2.44,60.09,-15.77948,-70.91799,4470
Crucero_Alto,2007-08-02,4.02,13.85,-3.74,40.96,0.0,2.52,60.14,-15.77948,-70.91799,4470
Crucero_Alto,2007-08-03,3.71,14.52,-5.21,46.43,0.0,3.05,60.23,-15.77948,-70.91799,4470
Crucero_Alto,2007-08-04,4.47,14.51,-3.89,34.04,0.0,1.98,60.29,-15.77948,-70.91799,4470
Crucero_Alto,2007-08-05,3.91,14.72,-3.92,45.74,0.04,3.09,60.22,-15.77948,-70.91799,4470
Crucero_Alto,2007-08-06,2.93,14.63,-5.29,40.72,0.0,2.89,60.22,-15.77948,-70.91799,4470
Crucero_Alto,2007-08-07,4.22,14.86,-2.79,32.84,0.02,2.84,60.17,-15.77948,-70.91799,4470
Crucero_Alto,2007-08-08,3.79,14.53,-3.9,49.61,0.0,2.75,60.16,-15.77948,-70.91799,4470
Crucero_Alto,2007-08-09,4.96,16.84,-3.83,48.26,0.0,2.48,60.22,-15.77948,-70.91799,4470
Crucero_Alto,2007-08-10,5.48,15.48,-1.96,49.23,0.0,2.62,60.32,-15.77948,-70.91799,4470
Crucero_Alto,2007-08-11,5.5,15.08,-2.62,45.38,0.0,2.18,60.35,-15.77948,-70.91799,4470
Crucero_Alto,2007-08-12,6.35,17.31,-2.92,32.64,0.0,1.76,60.34,-15.77948,-70.91799,4470
Crucero_Alto,2007-08-13,6.36,17.0,-2.84,34.73,0.0,1.69,60.24,-15.77948,-70.91799,4470
Crucero_Alto,2007-08-14,4.99,16.23,-3.52,33.02,0.0,1.87,60.2,-15.77948,-70.91799,4470
Crucero_Alto,2007-08-15,4.97,15.7,-3.05,28.2,0.0,1.39,60.24,-15.77948,-70.91799,4470
Crucero_Alto,2007-08-16,5.29,15.29,-3.13,28.08,0.0,1.2,60.28,-15.77948,-70.91799,4470
Crucero_Alto,2007-08-17,5.23,14.24,-1.89,49.74,0.09,1.52,60.21,-15.77948,-70.91799,4470
Crucero_Alto,2007-08-18,4.67,15.85,-2.74,41.42,0.0,2.26,60.16,-15.77948,-70.91799,4470
Crucero_Alto,2007-08-19,5.26,16.48,-4.28,27.34,0.0,1.6,60.14,-15.77948,-70.91799,4470
Crucero_Alto,2007-08-20,5.19,15.96,-3.79,40.92,0.0,1.33,60.22,-15.77948,-70.91799,4470
Crucero_Alto,2007-08-21,6.01,16.81,-3.3,28.98,0.0,1.03,60.25,-15.77948,-70.91799,4470
Crucero_Alto,2007-08-22,6.04,17.48,-2.63,37.29,0.0,1.4,60.22,-15.77948,-70.91799,4470
Crucero_Alto,2007-08-23,5.22,17.08,-4.2,30.78,0.0,1.43,60.2,-15.77948,-70.91799,4470
Crucero_Alto,2007-08-24,4.93,16.99,-5.31,24.46,0.0,1.26,60.17,-15.77948,-70.91799,4470
Crucero_Alto,2007-08-25,6.78,19.17,-3.18,18.07,0.0,1.89,60.09,-15.77948,-70.91799,4470
Crucero_Alto,2007-08-26,6.54,18.12,-2.85,29.56,0.01,2.27,60.06,-15.77948,-70.91799,4470
Crucero_Alto,2007-08-27,5.36,17.49,-2.17,54.34,0.01,3.58,60.08,-15.77948,-70.91799,4470
Crucero_Alto,2007-08-28,3.77,14.47,-3.88,52.86,0.0,3.6,60.17,-15.77948,-70.91799,4470
Crucero_Alto,2007-08-29,4.76,16.75,-4.94,39.11,0.0,2.05,60.23,-15.77948,-70.91799,4470
Crucero_Alto,2007-08-30,4.98,13.08,-2.4,40.74,0.0,0.92,60.3,-15.77948,-70.91799,4470
Crucero_Alto,2007-08-31,5.84,14.96,-0.91,64.0,0.0,1.68,60.3,-15.77948,-70.91799,4470
Crucero_Alto,2007-09-01,6.16,14.23,-0.23,58.92,0.0,0.95,60.3,-15.77948,-70.91799,4470
Crucero_Alto,2007-09-02,6.34,14.51,-0.98,44.55,0.0,1.24,60.35,-15.77948,-70.91799,4470
Crucero_Alto,2007-09-03,6.36,14.71,-0.66,37.15,0.0,1.39,60.31,-15.77948,-70.91799,4470
Crucero_Alto,2007-09-04,6.37,16.65,-1.21,28.01,0.0,1.77,60.26,-15.77948,-70.91799,4470
Crucero_Alto,2007-09-05,4.96,12.55,-1.46,57.34,0.0,2.14,60.3,-15.77948,-70.91799,4470
Crucero_Alto,2007-09-06,6.13,14.27,-0.52,58.12,0.03,1.85,60.33,-15.77948,-70.91799,4470
Crucero_Alto,2007-09-07,5.81,13.68,-0.8,53.73,0.13,1.22,60.23,-15.77948,-70.91799,4470
Crucero_Alto,2007-09-08,4.58,11.29,-1.07,52.12,0.1,1.03,60.2,-15.77948,-70.91799,4470
Crucero_Alto,2007-09-09,5.33,12.12,-0.1,54.56,0.17,1.84,60.15,-15.77948,-70.91799,4470
Crucero_Alto,2007-09-10,3.67,9.76,-1.99,53.96,0.0,1.49,60.21,-15.77948,-70.91799,4470
Crucero_Alto,2007-09-11,4.74,14.02,-2.17,48.39,0.77,1.62,60.21,-15.77948,-70.91799,4470
Crucero_Alto,2007-09-12,4.57,11.02,0.01,65.75,0.11,1.65,60.23,-15.77948,-70.91799,4470
Crucero_Alto,2007-09-13,6.11,15.57,-1.49,56.49,0.0,2.12,60.19,-15.77948,-70.91799,4470
Crucero_Alto,2007-09-14,7.65,17.99,-0.56,53.58,0.0,1.64,60.19,-15.77948,-70.91799,4470
Crucero_Alto,2007-09-15,7.02,15.91,-0.11,54.94,0.0,2.43,60.27,-15.77948,-70.91799,4470
Crucero_Alto,2007-09-16,6.94,16.94,-1.56,57.71,0.0,2.65,60.23,-15.77948,-70.91799,4470
Crucero_Alto,2007-09-17,5.21,13.64,-1.24,56.33,0.0,2.35,60.24,-15.77948,-70.91799,4470
Crucero_Alto,2007-09-18,6.59,17.5,-3.17,37.57,0.0,1.32,60.2,-15.77948,-70.91799,4470
Crucero_Alto,2007-09-19,3.89,11.12,-1.38,67.01,0.0,2.28,60.26,-15.77948,-70.91799,4470
Crucero_Alto,2007-09-20,5.64,16.3,-2.37,48.68,0.0,2.53,60.21,-15.77948,-70.91799,4470
Crucero_Alto,2007-09-21,5.68,14.92,-2.11,53.35,0.0,1.49,60.18,-15.77948,-70.91799,4470
Crucero_Alto,2007-09-22,4.85,13.42,-1.26,47.38,0.5,2.05,60.22,-15.77948,-70.91799,4470
Crucero_Alto,2007-09-23,7.09,17.12,-1.77,28.81,0.0,1.39,60.16,-15.77948,-70.91799,4470
Crucero_Alto,2007-09-24,6.89,15.57,-1.27,50.11,0.3,2.1,60.21,-15.77948,-70.91799,4470
Crucero_Alto,2007-09-25,5.02,11.93,0.24,67.85,0.02,1.65,60.24,-15.77948,-70.91799,4470
Crucero_Alto,2007-09-26,6.52,15.55,-1.21,48.56,0.15,1.96,60.24,-15.77948,-70.91799,4470
Crucero_Alto,2007-09-27,7.24,17.57,-1.41,43.82,0.02,1.78,60.28,-15.77948,-70.91799,4470
Crucero_Alto,2007-09-28,7.28,15.65,0.66,61.08,0.0,1.96,60.32,-15.77948,-70.91799,4470
Crucero_Alto,2007-09-29,7.04,15.83,0.25,59.85,0.0,4.23,60.37,-15.77948,-70.91799,4470
Crucero_Alto,2007-09-30,6.69,15.66,-0.37,54.72,0.0,2.8,60.42,-15.77948,-70.91799,4470
Crucero_Alto,2007-10-01,7.9,17.42,-1.34,52.56,0.0,2.48,60.35,-15.77948,-70.91799,4470
Crucero_Alto,2007-10-02,8.67,17.96,1.21,53.14,0.0,1.88,60.36,-15.77948,-70.91799,4470
Crucero_Alto,2007-10-03,9.09,18.91,1.07,51.15,0.0,1.71,60.36,-15.77948,-70.91799,4470
Crucero_Alto,2007-10-04,8.66,18.32,1.63,50.66,0.0,1.76,60.29,-15.77948,-70.91799,4470
Crucero_Alto,2007-10-05,8.12,18.61,-0.13,41.36,0.0,1.56,60.21,-15.77948,-70.91799,4470
Crucero_Alto,2007-10-06,7.63,18.31,-2.37,31.93,0.06,1.38,60.1,-15.77948,-70.91799,4470
Crucero_Alto,2007-10-07,7.09,16.58,2.46,58.03,0.71,2.01,60.1,-15.77948,-70.91799,4470
Crucero_Alto,2007-10-08,7.29,15.92,1.39,42.96,0.15,1.82,60.18,-15.77948,-70.91799,4470
Crucero_Alto,2007-10-09,8.33,18.56,-1.42,35.59,0.0,1.28,60.22,-15.77948,-70.91799,4470
Crucero_Alto,2007-10-10,7.93,17.26,-0.72,39.25,0.0,1.62,60.2,-15.77948,-70.91799,4470
Crucero_Alto,2007-10-11,6.43,18.46,-2.22,32.02,0.0,2.89,60.13,-15.77948,-70.91799,4470
Crucero_Alto,2007-10-12,5.86,19.01,-4.35,19.72,0.0,2.69,60.04,-15.77948,-70.91799,4470
Crucero_Alto,2007-10-13,5.24,18.18,-2.46,23.17,0.0,3.05,59.95,-15.77948,-70.91799,4470
Crucero_Alto,2007-10-14,5.25,16.95,-3.36,18.34,0.0,3.24,59.95,-15.77948,-70.91799,4470
Crucero_Alto,2007-10-15,5.68,12.92,-2.09,36.55,0.0,1.04,60.06,-15.77948,-70.91799,4470
Crucero_Alto,2007-10-16,8.11,18.25,1.26,55.81,0.0,2.16,60.15,-15.77948,-70.91799,4470
Crucero_Alto,2007-10-17,6.73,14.56,0.68,51.9,0.0,2.39,60.26,-15.77948,-70.91799,4470
Crucero_Alto,2007-10-18,8.78,18.22,1.56,36.61,0.14,1.89,60.2,-15.77948,-70.91799,4470
Crucero_Alto,2007-10-19,9.3,18.98,2.12,46.07,0.03,1.62,60.18,-15.77948,-70.91799,4470
Crucero_Alto,2007-10-20,8.35,15.48,2.6,52.57,0.0,1.76,60.16,-15.77948,-70.91799,4470
Crucero_Alto,2007-10-21,9.1,18.77,1.21,43.71,0.0,1.56,60.09,-15.77948,-70.91799,4470
Crucero_Alto,2007-10-22,9.17,19.15,1.95,43.86,0.07,1.53,60.1,-15.77948,-70.91799,4470
Crucero_Alto,2007-10-23,8.36,15.98,0.95,52.37,0.33,2.15,60.17,-15.77948,-70.91799,4470
Crucero_Alto,2007-10-24,5.86,10.95,0.64,69.65,0.12,1.82,60.19,-15.77948,-70.91799,4470
Crucero_Alto,2007-10-25,8.93,19.47,-1.33,46.21,0.0,1.99,60.09,-15.77948,-70.91799,4470
Crucero_Alto,2007-10-26,9.73,20.44,0.61,39.86,0.0,2.02,60.08,-15.77948,-70.91799,4470
Crucero_Alto,2007-10-27,8.21,17.97,1.86,51.84,0.0,2.69,60.05,-15.77948,-70.91799,4470
Crucero_Alto,2007-10-28,8.49,16.98,1.84,56.64,0.11,2.38,60.01,-15.77948,-70.91799,4470
Crucero_Alto,2007-10-29,6.77,15.85,1.44,64.2,0.05,2.64,60.05,-15.77948,-70.91799,4470
Crucero_Alto,2007-10-30,7.7,16.92,0.69,49.19,0.37,3.18,60.08,-15.77948,-70.91799,4470
Crucero_Alto,2007-10-31,7.01,18.24,-0.65,48.7,0.0,3.43,60.03,-15.77948,-70.91799,4470
Crucero_Alto,2007-11-01,7.23,19.69,-2.68,33.5,0.0,3.16,60.02,-15.77948,-70.91799,4470
Crucero_Alto,2007-11-02,6.83,20.08,-2.84,18.64,0.0,2.65,60.05,-15.77948,-70.91799,4470
Crucero_Alto,2007-11-03,5.7,18.86,-4.76,13.81,0.0,3.55,60.05,-15.77948,-70.91799,4470
Crucero_Alto,2007-11-04,5.48,19.48,-6.08,15.91,0.0,2.52,60.02,-15.77948,-70.91799,4470
Crucero_Alto,2007-11-05,5.87,19.15,-4.69,16.93,0.0,3.11,60.02,-15.77948,-70.91799,4470
Crucero_Alto,2007-11-06,8.01,20.07,-1.96,21.1,0.0,1.49,60.06,-15.77948,-70.91799,4470
Crucero_Alto,2007-11-07,7.39,19.26,-1.65,24.77,0.08,3.21,60.1,-15.77948,-70.91799,4470
Crucero_Alto,2007-11-08,6.16,19.16,-4.55,19.68,0.0,3.27,60.06,-15.77948,-70.91799,4470
Crucero_Alto,2007-11-09,6.13,19.34,-5.54,11.56,0.0,2.92,60.02,-15.77948,-70.91799,4470
Crucero_Alto,2007-11-10,5.47,17.93,-5.17,11.44,0.0,3.72,59.98,-15.77948,-70.91799,4470
Crucero_Alto,2007-11-11,6.13,19.05,-4.36,13.44,0.03,2.56,60.05,-15.77948,-70.91799,4470
Crucero_Alto,2007-11-12,6.17,19.23,-3.05,31.55,0.04,2.84,60.03,-15.77948,-70.91799,4470
Crucero_Alto,2007-11-13,6.31,18.1,-3.88,36.9,0.0,2.87,59.97,-15.77948,-70.91799,4470
Crucero_Alto,2007-11-14,6.21,16.44,-0.34,54.2,0.16,2.04,59.99,-15.77948,-70.91799,4470
Crucero_Alto,2007-11-15,6.03,11.23,1.17,62.38,0.12,2.46,60.07,-15.77948,-70.91799,4470
Crucero_Alto,2007-11-16,6.42,15.2,1.17,64.25,0.01,1.52,60.12,-15.77948,-70.91799,4470
Crucero_Alto,2007-11-17,7.02,16.58,0.83,58.18,0.27,1.95,60.17,-15.77948,-70.91799,4470
Crucero_Alto,2007-11-18,9.56,20.72,0.45,43.12,0.01,1.72,60.12,-15.77948,-70.91799,4470
Crucero_Alto,2007-11-19,7.24,16.64,1.28,59.23,0.0,1.81,60.12,-15.77948,-70.91799,4470
Crucero_Alto,2007-11-20,5.36,11.97,1.34,70.04,6.53,1.63,60.09,-15.77948,-70.91799,4470
Crucero_Alto,2007-11-21,5.5,10.9,0.88,73.52,2.69,3.08,60.21,-15.77948,-70.91799,4470
Crucero_Alto,2007-11-22,7.39,15.17,2.15,66.78,0.72,2.23,60.21,-15.77948,-70.91799,4470
Crucero_Alto,2007-11-23,6.69,13.39,0.74,56.35,0.39,2.28,60.12,-15.77948,-70.91799,4470
Crucero_Alto,2007-11-24,8.04,18.42,-1.66,37.25,0.0,2.32,59.97,-15.77948,-70.91799,4470
Crucero_Alto,2007-11-25,7.5,17.98,1.42,42.92,0.0,3.17,60.05,-15.77948,-70.91799,4470
Crucero_Alto,2007-11-26,8.23,18.92,0.09,42.85,0.0,2.35,60.17,-15.77948,-70.91799,4470
Crucero_Alto,2007-11-27,6.98,14.63,0.46,53.85,0.0,1.99,60.19,-15.77948,-70.91799,4470
Crucero_Alto,2007-11-28,7.6,17.05,-0.36,51.06,0.0,1.7,60.14,-15.77948,-70.91799,4470
Crucero_Alto,2007-11-29,7.57,18.61,-1.14,45.1,0.0,2.16,60.08,-15.77948,-70.91799,4470
Crucero_Alto,2007-11-30,7.93,18.74,-1.63,39.45,0.2,1.71,60.06,-15.77948,-70.91799,4470
Crucero_Alto,2007-12-01,8.02,18.17,0.51,41.55,0.39,1.97,60.07,-15.77948,-70.91799,4470
Crucero_Alto,2007-12-02,7.72,17.8,1.42,46.87,0.15,2.26,60.1,-15.77948,-70.91799,4470
Crucero_Alto,2007-12-03,6.21,15.8,-0.7,52.0,0.44,4.22,60.11,-15.77948,-70.91799,4470
Crucero_Alto,2007-12-04,6.04,16.98,-1.89,42.38,0.56,4.11,60.04,-15.77948,-70.91799,4470
Crucero_Alto,2007-12-05,6.9,18.61,-2.76,32.32,0.0,2.88,60.06,-15.77948,-70.91799,4470
Crucero_Alto,2007-12-06,8.34,16.78,1.2,43.93,0.0,1.15,60.16,-15.77948,-70.91799,4470
Crucero_Alto,2007-12-07,9.34,18.81,2.53,45.0,0.0,1.79,60.05,-15.77948,-70.91799,4470
Crucero_Alto,2007-12-08,6.81,15.37,0.52,44.69,0.0,2.68,60.02,-15.77948,-70.91799,4470
Crucero_Alto,2007-12-09,6.49,16.38,-1.24,37.87,0.09,4.66,60.13,-15.77948,-70.91799,4470
Crucero_Alto,2007-12-10,7.57,20.17,-4.03,35.43,0.0,2.64,60.16,-15.77948,-70.91799,4470
Crucero_Alto,2007-12-11,9.59,20.27,0.87,44.75,0.0,2.34,60.14,-15.77948,-70.91799,4470
Crucero_Alto,2007-12-12,8.99,15.68,3.34,60.51,0.0,3.69,60.12,-15.77948,-70.91799,4470
Crucero_Alto,2007-12-13,10.52,19.61,3.51,51.17,0.0,3.06,60.1,-15.77948,-70.91799,4470
Crucero_Alto,2007-12-14,9.12,17.54,3.64,57.61,0.31,2.33,60.06,-15.77948,-70.91799,4470
Crucero_Alto,2007-12-15,6.86,15.2,1.38,60.35,3.15,2.33,59.92,-15.77948,-70.91799,4470
Crucero_Alto,2007-12-16,5.84,15.3,0.47,59.51,1.07,2.12,59.92,-15.77948,-70.91799,4470
Crucero_Alto,2007-12-17,6.3,14.13,0.99,61.05,0.08,3.14,60.06,-15.77948,-70.91799,4470
Crucero_Alto,2007-12-18,7.05,16.45,0.78,64.09,1.68,1.46,60.09,-15.77948,-70.91799,4470
Crucero_Alto,2007-12-19,7.63,13.14,3.82,72.7,24.58,2.77,60.05,-15.77948,-70.91799,4470
Crucero_Alto,2007-12-20,8.75,15.11,3.39,64.54,2.56,1.58,60.06,-15.77948,-70.91799,4470
Crucero_Alto,2007-12-21,9.45,17.29,2.68,57.5,0.19,2.14,60.12,-15.77948,-70.91799,4470
Crucero_Alto,2007-12-22,9.35,17.85,1.53,60.45,0.03,2.47,60.22,-15.77948,-70.91799,4470
Crucero_Alto,2007-12-23,8.3,13.98,3.18,61.46,0.0,1.86,60.22,-15.77948,-70.91799,4470
Crucero_Alto,2007-12-24,8.65,17.66,0.8,61.39,0.0,1.51,60.15,-15.77948,-70.91799,4470
Crucero_Alto,2007-12-25,9.5,19.48,1.08,51.33,0.13,1.83,59.99,-15.77948,-70.91799,4470
Crucero_Alto,2007-12-26,8.83,19.32,1.3,48.99,0.01,2.17,59.98,-15.77948,-70.91799,4470
Crucero_Alto,2007-12-27,9.11,18.86,2.34,53.13,0.0,1.94,59.95,-15.77948,-70.91799,4470
Crucero_Alto,2007-12-28,8.5,18.88,0.63,48.65,0.0,2.91,60.04,-15.77948,-70.91799,4470
Crucero_Alto,2007-12-29,9.13,19.09,2.51,38.15,0.11,1.77,60.08,-15.77948,-70.91799,4470
Crucero_Alto,2007-12-30,6.89,15.16,1.81,55.17,0.03,1.87,60.12,-15.77948,-70.91799,4470
Crucero_Alto,2007-12-31,6.26,13.68,1.12,67.18,0.14,2.39,60.1,-15.77948,-70.91799,4470
Crucero_Alto,2008-01-01,7.6,14.64,1.83,67.79,0.94,1.95,60.05,-15.77948,-70.91799,4470
Crucero_Alto,2008-01-02,5.76,10.42,1.68,73.99,2.98,2.5,60.01,-15.77948,-70.91799,4470
Crucero_Alto,2008-01-03,5.16,16.14,-0.96,66.48,2.0,1.59,60.12,-15.77948,-70.91799,4470
Crucero_Alto,2008-01-04,7.09,14.48,0.77,70.1,1.3,3.15,60.22,-15.77948,-70.91799,4470
Crucero_Alto,2008-01-05,7.67,14.64,3.21,66.27,0.45,3.29,60.22,-15.77948,-70.91799,4470
Crucero_Alto,2008-01-06,8.38,15.04,3.37,67.28,0.84,2.28,60.17,-15.77948,-70.91799,4470
Crucero_Alto,2008-01-07,9.29,16.37,3.23,65.36,4.22,1.8,60.14,-15.77948,-70.91799,4470
Crucero_Alto,2008-01-08,7.69,14.48,1.98,67.74,1.29,1.82,60.13,-15.77948,-70.91799,4470
Crucero_Alto,2008-01-09,5.45,13.1,1.33,72.7,4.71,2.85,59.98,-15.77948,-70.91799,4470
Crucero_Alto,2008-01-10,5.69,14.76,-0.4,70.99,2.07,3.21,59.89,-15.77948,-70.91799,4470
Crucero_Alto,2008-01-11,7.28,16.07,0.88,70.81,11.49,2.82,59.85,-15.77948,-70.91799,4470
Crucero_Alto,2008-01-12,7.67,14.31,3.07,75.7,24.52,3.78,59.98,-15.77948,-70.91799,4470
Crucero_Alto,2008-01-13,8.88,16.55,2.3,65.9,3.03,2.11,60.03,-15.77948,-70.91799,4470
Crucero_Alto,2008-01-14,7.15,13.59,3.24,74.32,3.05,3.3,60.06,-15.77948,-70.91799,4470
Crucero_Alto,2008-01-15,7.01,13.82,1.57,71.74,3.93,4.74,60.05,-15.77948,-70.91799,4470
Crucero_Alto,2008-01-16,8.06,16.03,2.42,68.2,0.92,3.82,60.04,-15.77948,-70.91799,4470
Crucero_Alto,2008-01-17,8.6,16.8,1.56,57.85,1.05,2.45,60.07,-15.77948,-70.91799,4470
Crucero_Alto,2008-01-18,8.59,16.53,2.01,62.28,0.3,1.5,60.08,-15.77948,-70.91799,4470
Crucero_Alto,2008-01-19,6.37,13.61,1.84,74.69,0.37,1.59,60.0,-15.77948,-70.91799,4470
Crucero_Alto,2008-01-20,6.49,14.49,1.24,71.93,16.23,3.43,60.05,-15.77948,-70.91799,4470
Crucero_Alto,2008-01-21,7.79,18.12,0.66,62.71,1.27,2.79,60.05,-15.77948,-70.91799,4470
Crucero_Alto,2008-01-22,7.69,18.56,-0.15,55.98,0.6,2.98,60.01,-15.77948,-70.91799,4470
Crucero_Alto,2008-01-23,7.59,17.87,-2.77,55.45,3.13,2.58,59.98,-15.77948,-70.91799,4470
Crucero_Alto,2008-01-24,6.25,14.21,1.11,75.37,51.46,1.69,60.02,-15.77948,-70.91799,4470
Crucero_Alto,2008-01-25,6.35,15.22,0.12,68.7,0.34,3.34,60.1,-15.77948,-70.91799,4470
Crucero_Alto,2008-01-26,6.13,16.54,-2.38,64.56,0.04,2.78,60.12,-15.77948,-70.91799,4470
Crucero_Alto,2008-01-27,8.28,18.37,-1.96,59.18,0.05,1.89,60.07,-15.77948,-70.91799,4470
Crucero_Alto,2008-01-28,6.8,12.01,2.23,70.93,0.02,2.56,60.03,-15.77948,-70.91799,4470
Crucero_Alto,2008-01-29,5.35,11.34,1.08,74.17,0.28,1.87,60.02,-15.77948,-70.91799,4470
Crucero_Alto,2008-01-30,6.26,15.06,0.54,72.15,0.86,2.35,59.98,-15.77948,-70.91799,4470
Crucero_Alto,2008-01-31,6.14,15.91,-0.55,65.55,0.25,3.72,60.0,-15.77948,-70.91799,4470
Crucero_Alto,2008-02-01,5.14,16.78,-4.1,61.79,0.09,3.42,60.0,-15.77948,-70.91799,4470
Crucero_Alto,2008-02-02,6.24,17.97,-5.19,57.47,0.08,1.95,60.01,-15.77948,-70.91799,4470
Crucero_Alto,2008-02-03,5.68,14.36,0.83,75.09,2.69,3.05,60.1,-15.77948,-70.91799,4470
Crucero_Alto,2008-02-04,7.3,15.93,0.97,67.76,0.21,2.84,60.21,-15.77948,-70.91799,4470
Crucero_Alto,2008-02-05,8.35,16.14,2.12,66.56,0.0,2.85,60.23,-15.77948,-70.91799,4470
Crucero_Alto,2008-02-06,9.35,18.01,1.72,59.35,0.0,2.03,60.21,-15.77948,-70.91799,4470
Crucero_Alto,2008-02-07,7.33,11.93,3.69,69.21,5.81,1.22,60.22,-15.77948,-70.91799,4470
Crucero_Alto,2008-02-08,7.16,16.02,1.76,70.48,0.24,1.66,60.16,-15.77948,-70.91799,4470
Crucero_Alto,2008-02-09,8.51,17.69,2.97,62.9,0.01,2.07,60.09,-15.77948,-70.91799,4470
Crucero_Alto,2008-02-10,8.54,16.11,3.55,63.31,0.0,1.92,60.06,-15.77948,-70.91799,4470
Crucero_Alto,2008-02-11,7.18,13.5,3.54,71.28,8.79,1.52,60.09,-15.77948,-70.91799,4470
Crucero_Alto,2008-02-12,7.21,12.7,2.95,69.7,0.88,1.17,60.1,-15.77948,-70.91799,4470
Crucero_Alto,2008-02-13,8.13,16.44,2.53,66.87,0.0,1.26,60.1,-15.77948,-70.91799,4470
Crucero_Alto,2008-02-14,7.17,16.1,1.54,67.37,0.0,1.57,60.15,-15.77948,-70.91799,4470
Crucero_Alto,2008-02-15,8.79,16.25,3.46,62.91,0.0,1.55,60.13,-15.77948,-70.91799,4470
Crucero_Alto,2008-02-16,6.52,12.81,1.31,68.6,2.13,3.08,60.11,-15.77948,-70.91799,4470
Crucero_Alto,2008-02-17,6.33,13.63,0.06,66.29,0.03,2.8,60.16,-15.77948,-70.91799,4470
Crucero_Alto,2008-02-18,6.81,13.64,2.51,72.4,0.67,3.95,60.24,-15.77948,-70.91799,4470
Crucero_Alto,2008-02-19,6.37,12.42,2.28,70.34,0.14,4.25,60.3,-15.77948,-70.91799,4470
Crucero_Alto,2008-02-20,6.92,14.24,0.84,69.55,7.38,2.49,60.21,-15.77948,-70.91799,4470
Crucero_Alto,2008-02-21,6.27,12.81,1.22,72.8,7.66,1.63,60.08,-15.77948,-70.91799,4470
Crucero_Alto,2008-02-22,6.75,15.21,1.52,72.4,1.97,2.05,60.07,-15.77948,-70.91799,4470
Crucero_Alto,2008-02-23,6.38,12.63,0.38,74.16,7.18,1.65,60.16,-15.77948,-70.91799,4470
Crucero_Alto,2008-02-24,6.31,12.32,1.48,74.77,3.93,1.58,60.2,-15.77948,-70.91799,4470
Crucero_Alto,2008-02-25,6.47,12.4,2.26,75.14,0.95,1.74,60.08,-15.77948,-70.91799,4470
Crucero_Alto,2008-02-26,4.62,10.23,0.33,78.87,4.06,2.69,60.03,-15.77948,-70.91799,4470
Crucero_Alto,2008-02-27,5.59,14.71,-0.68,66.28,1.17,2.5,60.07,-15.77948,-70.91799,4470
Crucero_Alto,2008-02-28,5.91,15.27,-0.54,66.11,0.01,1.99,60.1,-15.77948,-70.91799,4470
Crucero_Alto,2008-02-29,5.39,14.05,-0.99,69.36,0.0,2.23,60.1,-15.77948,-70.91799,4470
Crucero_Alto,2008-03-01,6.08,16.75,-2.01,64.84,0.07,2.84,60.03,-15.77948,-70.91799,4470
Crucero_Alto,2008-03-02,5.2,16.53,-3.36,60.12,0.34,1.96,59.98,-15.77948,-70.91799,4470
Crucero_Alto,2008-03-03,6.42,17.01,-3.6,61.98,0.27,1.37,60.08,-15.77948,-70.91799,4470
Crucero_Alto,2008-03-04,5.87,15.57,-1.6,61.4,0.38,2.73,60.12,-15.77948,-70.91799,4470
Crucero_Alto,2008-03-05,3.96,15.69,-4.5,55.34,0.14,2.71,60.13,-15.77948,-70.91799,4470
Crucero_Alto,2008-03-06,3.82,16.61,-6.75,47.94,0.01,2.9,60.03,-15.77948,-70.91799,4470
Crucero_Alto,2008-03-07,5.66,17.41,-4.63,48.46,0.24,1.71,60.03,-15.77948,-70.91799,4470
Crucero_Alto,2008-03-08,6.05,16.0,-1.83,60.51,0.09,2.47,60.12,-15.77948,-70.91799,4470
Crucero_Alto,2008-03-09,4.89,13.79,-1.01,70.29,0.29,2.19,60.12,-15.77948,-70.91799,4470
Crucero_Alto,2008-03-10,5.35,13.72,0.39,72.32,0.98,1.67,60.06,-15.77948,-70.91799,4470
Crucero_Alto,2008-03-11,5.87,14.83,-0.15,70.49,0.09,1.94,60.03,-15.77948,-70.91799,4470
Crucero_Alto,2008-03-12,6.68,14.58,0.31,70.14,0.38,2.15,60.1,-15.77948,-70.91799,4470
Crucero_Alto,2008-03-13,7.84,14.93,2.31,68.88,0.04,2.71,60.22,-15.77948,-70.91799,4470
Crucero_Alto,2008-03-14,7.55,15.01,2.44,66.26,0.0,2.85,60.21,-15.77948,-70.91799,4470
Crucero_Alto,2008-03-15,8.44,16.92,2.3,67.47,0.0,1.78,60.18,-15.77948,-70.91799,4470
Crucero_Alto,2008-03-16,7.51,16.17,0.86,63.19,0.0,2.88,60.25,-15.77948,-70.91799,4470
Crucero_Alto,2008-03-17,5.91,16.26,-1.78,57.65,0.0,2.84,60.23,-15.77948,-70.91799,4470
Crucero_Alto,2008-03-18,4.13,13.6,-3.8,62.51,0.0,3.38,60.22,-15.77948,-70.91799,4470
Crucero_Alto,2008-03-19,5.52,15.13,-2.46,57.28,0.0,2.77,60.18,-15.77948,-70.91799,4470
Crucero_Alto,2008-03-20,5.6,15.29,-1.77,56.3,0.0,3.36,60.24,-15.77948,-70.91799,4470
Crucero_Alto,2008-03-21,4.62,14.61,-4.3,60.79,0.0,2.91,60.23,-15.77948,-70.91799,4470
Crucero_Alto,2008-03-22,5.78,15.43,-2.24,62.86,0.0,2.58,60.15,-15.77948,-70.91799,4470
Crucero_Alto,2008-03-23,6.6,14.96,-0.43,65.86,0.0,2.29,60.23,-15.77948,-70.91799,4470
Crucero_Alto,2008-03-24,6.76,13.7,2.18,69.99,0.0,3.39,60.29,-15.77948,-70.91799,4470
Crucero_Alto,2008-03-25,6.48,15.74,-1.43,66.7,0.0,2.79,60.34,-15.77948,-70.91799,4470
Crucero_Alto,2008-03-26,7.38,16.87,-0.2,57.58,0.0,2.64,60.26,-15.77948,-70.91799,4470
Crucero_Alto,2008-03-27,7.21,16.8,-2.27,50.62,0.0,1.98,60.16,-15.77948,-70.91799,4470
Crucero_Alto,2008-03-28,8.47,18.29,0.51,57.27,0.0,1.54,60.13,-15.77948,-70.91799,4470
Crucero_Alto,2008-03-29,6.41,14.01,0.58,69.63,0.0,1.54,60.2,-15.77948,-70.91799,4470
Crucero_Alto,2008-03-30,7.66,14.46,2.37,66.89,0.42,1.76,60.16,-15.77948,-70.91799,4470
Crucero_Alto,2008-03-31,7.11,13.99,2.97,69.56,0.29,1.8,60.08,-15.77948,-70.91799,4470
Crucero_Alto,2008-04-01,7.25,17.84,-2.14,58.39,0.05,1.79,59.95,-15.77948,-70.91799,4470
Crucero_Alto,2008-04-02,5.96,17.29,-2.24,57.59,0.0,1.65,59.96,-15.77948,-70.91799,4470
Crucero_Alto,2008-04-03,6.14,16.6,-1.22,56.48,0.0,1.28,60.01,-15.77948,-70.91799,4470
Crucero_Alto,2008-04-04,3.92,15.58,-5.49,60.82,0.0,2.81,60.08,-15.77948,-70.91799,4470
Crucero_Alto,2008-04-05,3.51,16.28,-6.22,55.09,0.0,2.13,60.12,-15.77948,-70.91799,4470
Crucero_Alto,2008-04-06,2.5,14.64,-6.34,50.98,0.0,2.94,60.13,-15.77948,-70.91799,4470
Crucero_Alto,2008-04-07,2.58,15.5,-7.72,40.2,0.0,2.37,60.13,-15.77948,-70.91799,4470
Crucero_Alto,2008-04-08,6.24,17.74,-4.3,36.88,0.0,0.87,60.07,-15.77948,-70.91799,4470
Crucero_Alto,2008-04-09,6.84,14.96,1.18,66.29,0.0,1.63,60.16,-15.77948,-70.91799,4470
Crucero_Alto,2008-04-10,6.04,12.12,1.21,65.41,0.0,1.45,60.17,-15.77948,-70.91799,4470
Crucero_Alto,2008-04-11,5.8,14.39,-0.6,65.89,0.0,2.45,60.13,-15.77948,-70.91799,4470
Crucero_Alto,2008-04-12,6.37,15.49,-1.58,55.66,0.0,2.21,60.07,-15.77948,-70.91799,4470
Crucero_Alto,2008-04-13,6.62,17.16,-2.06,56.66,0.0,1.29,60.06,-15.77948,-70.91799,4470
Crucero_Alto,2008-04-14,6.04,13.98,-0.26,64.33,0.17,1.39,60.09,-15.77948,-70.91799,4470
Crucero_Alto,2008-04-15,4.87,16.46,-3.21,53.47,0.01,2.54,60.04,-15.77948,-70.91799,4470
Crucero_Alto,2008-04-16,4.81,13.81,-2.15,67.6,0.0,1.31,60.09,-15.77948,-70.91799,4470
Crucero_Alto,2008-04-17,7.09,15.7,-0.24,65.08,0.0,1.0,60.22,-15.77948,-70.91799,4470
Crucero_Alto,2008-04-18,7.43,15.35,1.55,64.46,0.0,1.07,60.27,-15.77948,-70.91799,4470
Crucero_Alto,2008-04-19,5.07,16.27,-3.33,55.26,0.0,2.41,60.25,-15.77948,-70.91799,4470
Crucero_Alto,2008-04-20,5.28,16.67,-4.48,43.74,0.0,1.62,60.17,-15.77948,-70.91799,4470
Crucero_Alto,2008-04-21,6.86,16.32,0.61,57.98,0.0,1.36,60.17,-15.77948,-70.91799,4470
Crucero_Alto,2008-04-22,6.78,16.23,-2.07,45.14,0.0,1.21,60.23,-15.77948,-70.91799,4470
Crucero_Alto,2008-04-23,6.8,14.57,0.8,53.2,0.0,0.87,60.25,-15.77948,-70.91799,4470
Crucero_Alto,2008-04-24,5.92,15.52,-1.16,59.14,0.0,1.31,60.22,-15.77948,-70.91799,4470
Crucero_Alto,2008-04-25,5.4,16.07,-2.87,43.32,0.0,1.31,60.15,-15.77948,-70.91799,4470
Crucero_Alto,2008-04-26,4.73,16.17,-3.49,33.58,0.0,1.65,60.13,-15.77948,-70.91799,4470
Crucero_Alto,2008-04-27,5.84,16.01,-2.53,39.2,0.0,1.06,60.12,-15.77948,-70.91799,4470
Crucero_Alto,2008-04-28,5.64,16.67,-2.33,30.18,0.0,1.82,60.17,-15.77948,-70.91799,4470
Crucero_Alto,2008-04-29,6.12,16.14,-0.57,35.39,0.01,1.14,60.18,-15.77948,-70.91799,4470
Crucero_Alto,2008-04-30,4.52,16.45,-4.66,34.7,0.0,2.71,60.16,-15.77948,-70.91799,4470
Crucero_Alto,2008-05-01,2.33,13.78,-6.21,30.08,0.0,3.04,60.16,-15.77948,-70.91799,4470
Crucero_Alto,2008-05-02,3.39,15.36,-4.38,24.83,0.0,2.0,60.17,-15.77948,-70.91799,4470
Crucero_Alto,2008-05-03,2.79,14.49,-4.77,31.03,0.0,2.57,60.21,-15.77948,-70.91799,4470
Crucero_Alto,2008-05-04,2.3,13.85,-5.89,29.75,0.0,2.95,60.2,-15.77948,-70.91799,4470
Crucero_Alto,2008-05-05,5.13,16.46,-4.18,20.58,0.0,1.41,60.2,-15.77948,-70.91799,4470
Crucero_Alto,2008-05-06,4.37,15.97,-4.15,28.4,0.0,1.19,60.16,-15.77948,-70.91799,4470
Crucero_Alto,2008-05-07,5.47,15.61,-3.55,28.88,0.0,1.28,60.14,-15.77948,-70.91799,4470
Crucero_Alto,2008-05-08,4.99,15.24,-2.17,31.59,0.14,1.77,60.19,-15.77948,-70.91799,4470
Crucero_Alto,2008-05-09,3.74,12.57,-2.04,37.55,0.02,1.39,60.25,-15.77948,-70.91799,4470
Crucero_Alto,2008-05-10,2.48,9.87,-2.69,29.61,0.0,1.34,60.24,-15.77948,-70.91799,4470
Crucero_Alto,2008-05-11,2.17,10.22,-2.06,38.31,0.0,1.54,60.3,-15.77948,-70.91799,4470
Crucero_Alto,2008-05-12,3.11,10.78,-4.08,50.09,0.09,1.7,60.25,-15.77948,-70.91799,4470
Crucero_Alto,2008-05-13,3.08,9.69,-1.07,68.75,0.0,1.43,60.25,-15.77948,-70.91799,4470
Crucero_Alto,2008-05-14,2.82,13.87,-4.73,52.51,0.0,2.59,60.27,-15.77948,-70.91799,4470
Crucero_Alto,2008-05-15,1.95,12.48,-5.94,40.18,0.0,2.61,60.26,-15.77948,-70.91799,4470
Crucero_Alto,2008-05-16,3.16,13.96,-3.62,30.63,0.0,1.48,60.3,-15.77948,-70.91799,4470
Crucero_Alto,2008-05-17,3.36,14.87,-3.57,31.39,0.0,1.63,60.32,-15.77948,-70.91799,4470
Crucero_Alto,2008-05-18,4.43,15.06,-4.13,24.09,0.0,1.22,60.34,-15.77948,-70.91799,4470
Crucero_Alto,2008-05-19,5.59,15.67,-2.68,18.28,0.0,1.06,60.37,-15.77948,-70.91799,4470
Crucero_Alto,2008-05-20,6.31,15.77,-1.65,33.05,0.0,1.01,60.34,-15.77948,-70.91799,4470
Crucero_Alto,2008-05-21,5.87,14.94,-0.4,28.82,0.0,1.54,60.26,-15.77948,-70.91799,4470
Crucero_Alto,2008-05-22,4.45,14.25,-2.45,42.63,0.0,1.77,60.28,-15.77948,-70.91799,4470
Crucero_Alto,2008-05-23,5.07,15.12,-3.02,41.53,0.0,1.01,60.28,-15.77948,-70.91799,4470
Crucero_Alto,2008-05-24,4.81,13.18,-1.32,38.46,0.0,1.47,60.21,-15.77948,-70.91799,4470
Crucero_Alto,2008-05-25,2.65,12.86,-5.37,49.74,0.0,2.16,60.09,-15.77948,-70.91799,4470
Crucero_Alto,2008-05-26,0.89,12.12,-5.89,28.15,0.0,2.37,60.04,-15.77948,-70.91799,4470
Crucero_Alto,2008-05-27,0.42,12.01,-6.39,38.69,0.0,2.56,60.05,-15.77948,-70.91799,4470
Crucero_Alto,2008-05-28,0.51,11.78,-6.64,34.34,0.0,2.63,60.1,-15.77948,-70.91799,4470
Crucero_Alto,2008-05-29,2.1,13.0,-5.2,24.65,0.0,1.99,60.15,-15.77948,-70.91799,4470
Crucero_Alto,2008-05-30,2.16,13.08,-4.93,26.56,0.0,2.45,60.23,-15.77948,-70.91799,4470
Crucero_Alto,2008-05-31,3.33,13.93,-5.07,22.39,0.0,1.41,60.27,-15.77948,-70.91799,4470
Crucero_Alto,2008-06-01,3.1,12.02,-2.98,51.59,0.0,1.6,60.31,-15.77948,-70.91799,4470
Crucero_Alto,2008-06-02,2.59,13.09,-4.22,48.27,0.0,2.28,60.32,-15.77948,-70.91799,4470
Crucero_Alto,2008-06-03,2.67,12.51,-4.13,25.13,0.0,1.59,60.27,-15.77948,-70.91799,4470
Crucero_Alto,2008-06-04,3.35,12.46,-3.15,27.15,0.0,1.74,60.26,-15.77948,-70.91799,4470
Crucero_Alto,2008-06-05,3.57,12.97,-2.63,25.34,0.0,1.96,60.27,-15.77948,-70.91799,4470
Crucero_Alto,2008-06-06,4.03,13.17,-2.4,25.57,0.0,1.1,60.27,-15.77948,-70.91799,4470
Crucero_Alto,2008-06-07,2.86,13.65,-4.18,33.46,0.0,2.1,60.24,-15.77948,-70.91799,4470
Crucero_Alto,2008-06-08,1.86,12.91,-5.09,30.07,0.0,2.36,60.22,-15.77948,-70.91799,4470
Crucero_Alto,2008-06-09,3.13,13.68,-5.41,32.26,0.0,1.29,60.21,-15.77948,-70.91799,4470
Crucero_Alto,2008-06-10,3.05,11.74,-2.74,72.0,0.0,1.99,60.11,-15.77948,-70.91799,4470
Crucero_Alto,2008-06-11,0.82,8.74,-5.31,65.84,0.24,2.77,60.1,-15.77948,-70.91799,4470
Crucero_Alto,2008-06-12,0.91,11.62,-5.86,52.88,0.0,3.41,60.13,-15.77948,-70.91799,4470
Crucero_Alto,2008-06-13,1.41,12.74,-6.05,35.1,0.0,2.66,60.17,-15.77948,-70.91799,4470
Crucero_Alto,2008-06-14,2.92,12.0,-4.08,26.66,0.0,2.02,60.19,-15.77948,-70.91799,4470
Crucero_Alto,2008-06-15,3.55,10.87,-1.67,46.8,0.0,2.16,60.32,-15.77948,-70.91799,4470
Crucero_Alto,2008-06-16,4.04,11.93,-3.22,67.03,0.0,1.84,60.37,-15.77948,-70.91799,4470
Crucero_Alto,2008-06-17,5.74,14.58,-1.95,53.58,0.0,1.19,60.33,-15.77948,-70.91799,4470
Crucero_Alto,2008-06-18,4.78,15.43,-2.79,45.39,0.0,1.7,60.2,-15.77948,-70.91799,4470
Crucero_Alto,2008-06-19,3.67,14.88,-4.21,43.66,0.0,2.28,60.17,-15.77948,-70.91799,4470
Crucero_Alto,2008-06-20,4.26,15.01,-2.85,42.19,0.0,1.47,60.18,-15.77948,-70.91799,4470
Crucero_Alto,2008-06-21,3.06,14.02,-3.31,41.97,0.0,2.47,60.19,-15.77948,-70.91799,4470
Crucero_Alto,2008-06-22,2.75,13.74,-3.75,37.82,0.0,2.33,60.15,-15.77948,-70.91799,4470
Crucero_Alto,2008-06-23,3.49,13.84,-3.92,45.47,0.0,1.69,60.2,-15.77948,-70.91799,4470
Crucero_Alto,2008-06-24,4.77,13.76,-1.99,51.53,0.0,1.26,60.27,-15.77948,-70.91799,4470
Crucero_Alto,2008-06-25,4.07,14.79,-3.1,61.98,0.02,2.45,60.2,-15.77948,-70.91799,4470
Crucero_Alto,2008-06-26,1.95,12.97,-5.42,57.37,0.06,3.14,60.12,-15.77948,-70.91799,4470
Crucero_Alto,2008-06-27,1.97,12.22,-6.16,22.7,0.0,1.99,60.16,-15.77948,-70.91799,4470
Crucero_Alto,2008-06-28,2.94,13.08,-3.04,38.55,0.0,2.02,60.29,-15.77948,-70.91799,4470
Crucero_Alto,2008-06-29,3.4,13.25,-3.89,23.11,0.0,1.22,60.35,-15.77948,-70.91799,4470
Crucero_Alto,2008-06-30,3.65,13.34,-2.82,25.54,0.0,1.1,60.29,-15.77948,-70.91799,4470
Crucero_Alto,2008-07-01,3.54,13.31,-3.77,27.47,0.0,1.28,60.28,-15.77948,-70.91799,4470
Crucero_Alto,2008-07-02,3.14,12.94,-2.45,32.08,0.0,1.8,60.33,-15.77948,-70.91799,4470
Crucero_Alto,2008-07-03,3.23,14.12,-5.1,50.58,0.0,1.47,60.34,-15.77948,-70.91799,4470
Crucero_Alto,2008-07-04,3.48,13.6,-4.46,42.66,0.0,1.1,60.32,-15.77948,-70.91799,4470
Crucero_Alto,2008-07-05,3.41,14.08,-4.37,23.06,0.0,1.64,60.27,-15.77948,-70.91799,4470
Crucero_Alto,2008-07-06,3.24,14.42,-4.36,24.1,0.0,1.6,60.2,-15.77948,-70.91799,4470
Crucero_Alto,2008-07-07,2.84,13.87,-3.66,24.78,0.0,2.34,60.19,-15.77948,-70.91799,4470
Crucero_Alto,2008-07-08,4.39,14.2,-3.02,29.21,0.0,1.11,60.2,-15.77948,-70.91799,4470
Crucero_Alto,2008-07-09,4.86,14.08,-1.86,50.79,0.0,0.85,60.26,-15.77948,-70.91799,4470
Crucero_Alto,2008-07-10,4.61,13.24,-0.88,68.56,0.0,1.86,60.33,-15.77948,-70.91799,4470
Crucero_Alto,2008-07-11,4.73,13.71,-1.44,55.03,0.0,1.79,60.39,-15.77948,-70.91799,4470
Crucero_Alto,2008-07-12,3.06,13.6,-4.84,46.02,0.0,1.81,60.34,-15.77948,-70.91799,4470
Crucero_Alto,2008-07-13,3.42,13.18,-3.0,40.96,0.0,1.79,60.21,-15.77948,-70.91799,4470
Crucero_Alto,2008-07-14,2.04,8.96,-3.96,66.88,0.0,2.03,60.25,-15.77948,-70.91799,4470
Crucero_Alto,2008-07-15,4.1,12.91,-2.82,58.38,0.0,1.25,60.35,-15.77948,-70.91799,4470
Crucero_Alto,2008-07-16,3.62,13.15,-3.11,41.05,0.0,1.08,60.32,-15.77948,-70.91799,4470
Crucero_Alto,2008-07-17,3.25,13.73,-4.34,29.51,0.0,1.05,60.13,-15.77948,-70.91799,4470
Crucero_Alto,2008-07-18,3.18,13.67,-4.5,34.94,0.08,1.38,60.11,-15.77948,-70.91799,4470
Crucero_Alto,2008-07-19,3.0,14.16,-3.98,36.74,0.0,1.79,60.13,-15.77948,-70.91799,4470
Crucero_Alto,2008-07-20,2.58,12.4,-4.92,40.42,0.0,2.19,60.22,-15.77948,-70.91799,4470
Crucero_Alto,2008-07-21,0.21,10.5,-6.59,34.79,0.0,3.26,60.26,-15.77948,-70.91799,4470
Crucero_Alto,2008-07-22,2.91,12.69,-6.39,13.78,0.0,1.06,60.19,-15.77948,-70.91799,4470
Crucero_Alto,2008-07-23,2.96,14.02,-3.14,22.76,0.0,1.98,60.22,-15.77948,-70.91799,4470
Crucero_Alto,2008-07-24,4.0,13.39,-3.89,23.69,0.0,1.47,60.25,-15.77948,-70.91799,4470
Crucero_Alto,2008-07-25,3.66,11.81,-1.71,49.69,0.0,1.28,60.31,-15.77948,-70.91799,4470
Crucero_Alto,2008-07-26,4.32,14.16,-3.4,25.01,0.0,1.26,60.25,-15.77948,-70.91799,4470
Crucero_Alto,2008-07-27,4.83,14.22,-2.8,33.54,0.0,1.09,60.21,-15.77948,-70.91799,4470
Crucero_Alto,2008-07-28,3.5,12.33,-2.48,57.6,0.0,2.26,60.24,-15.77948,-70.91799,4470
Crucero_Alto,2008-07-29,3.43,13.22,-3.53,63.05,0.11,2.59,60.18,-15.77948,-70.91799,4470
Crucero_Alto,2008-07-30,2.44,10.8,-4.16,52.68,0.01,2.9,60.12,-15.77948,-70.91799,4470
Crucero_Alto,2008-07-31,1.69,12.54,-5.53,33.52,0.0,3.13,60.05,-15.77948,-70.91799,4470
Crucero_Alto,2008-08-01,0.7,10.73,-6.2,22.94,0.0,3.31,60.18,-15.77948,-70.91799,4470
Crucero_Alto,2008-08-02,1.38,12.89,-5.56,14.64,0.0,2.44,60.2,-15.77948,-70.91799,4470
Crucero_Alto,2008-08-03,2.46,12.95,-5.13,12.46,0.0,1.31,60.15,-15.77948,-70.91799,4470
Crucero_Alto,2008-08-04,2.62,12.86,-4.17,20.71,0.0,2.1,60.11,-15.77948,-70.91799,4470
Crucero_Alto,2008-08-05,3.8,12.66,-4.36,31.48,0.0,1.29,60.14,-15.77948,-70.91799,4470
Crucero_Alto,2008-08-06,3.45,12.45,-2.84,36.07,0.0,2.25,60.15,-15.77948,-70.91799,4470
Crucero_Alto,2008-08-07,1.81,11.11,-4.59,42.22,0.02,2.0,60.17,-15.77948,-70.91799,4470
Crucero_Alto,2008-08-08,0.81,9.03,-5.71,70.97,0.15,2.75,60.16,-15.77948,-70.91799,4470
Crucero_Alto,2008-08-09,3.29,14.37,-6.61,37.64,0.0,1.37,60.29,-15.77948,-70.91799,4470
Crucero_Alto,2008-08-10,4.96,15.31,-2.06,39.28,0.01,1.01,60.32,-15.77948,-70.91799,4470
Crucero_Alto,2008-08-11,3.7,15.54,-5.03,32.87,0.05,1.57,60.26,-15.77948,-70.91799,4470
Crucero_Alto,2008-08-12,4.81,15.93,-3.86,23.87,0.15,1.59,60.23,-15.77948,-70.91799,4470
Crucero_Alto,2008-08-13,4.3,16.19,-3.85,28.25,0.01,2.39,60.29,-15.77948,-70.91799,4470
Crucero_Alto,2008-08-14,4.79,15.61,-5.11,18.35,0.0,1.33,60.35,-15.77948,-70.91799,4470
Crucero_Alto,2008-08-15,5.08,16.02,-3.15,22.6,0.0,1.63,60.35,-15.77948,-70.91799,4470
Crucero_Alto,2008-08-16,4.14,15.59,-3.64,15.0,0.0,1.36,60.23,-15.77948,-70.91799,4470
Crucero_Alto,2008-08-17,5.24,16.28,-4.27,16.15,0.0,0.94,60.15,-15.77948,-70.91799,4470
Crucero_Alto,2008-08-18,5.64,15.25,-0.18,50.3,0.0,1.13,60.19,-15.77948,-70.91799,4470
Crucero_Alto,2008-08-19,6.37,16.16,-1.09,48.89,0.0,0.9,60.22,-15.77948,-70.91799,4470
Crucero_Alto,2008-08-20,6.51,16.31,-1.53,45.15,0.49,0.85,60.23,-15.77948,-70.91799,4470
Crucero_Alto,2008-08-21,6.62,15.45,-1.04,52.82,0.0,1.85,60.22,-15.77948,-70.91799,4470
Crucero_Alto,2008-08-22,7.2,16.87,-0.44,50.85,0.0,1.56,60.22,-15.77948,-70.91799,4470
Crucero_Alto,2008-08-23,5.2,16.18,-3.15,29.74,0.0,2.5,60.27,-15.77948,-70.91799,4470
Crucero_Alto,2008-08-24,4.64,15.23,-3.92,43.56,0.0,2.03,60.25,-15.77948,-70.91799,4470
Crucero_Alto,2008-08-25,5.61,15.5,-3.48,50.9,0.0,1.81,60.3,-15.77948,-70.91799,4470
Crucero_Alto,2008-08-26,6.23,16.4,-2.55,44.99,0.0,1.14,60.29,-15.77948,-70.91799,4470
Crucero_Alto,2008-08-27,4.3,15.82,-3.99,27.14,0.0,2.63,60.25,-15.77948,-70.91799,4470
Crucero_Alto,2008-08-28,4.12,15.62,-6.07,26.43,0.0,1.43,60.14,-15.77948,-70.91799,4470
Crucero_Alto,2008-08-29,5.77,18.07,-2.34,50.51,0.0,2.84,60.09,-15.77948,-70.91799,4470
Crucero_Alto,2008-08-30,4.88,17.51,-5.33,19.35,0.0,1.93,60.11,-15.77948,-70.91799,4470
Crucero_Alto,2008-08-31,5.63,16.97,-3.55,16.74,0.0,1.44,60.16,-15.77948,-70.91799,4470
Crucero_Alto,2008-09-01,6.6,16.91,-1.9,31.43,0.0,1.85,60.22,-15.77948,-70.91799,4470
Crucero_Alto,2008-09-02,6.98,17.17,-1.99,36.39,0.0,1.47,60.22,-15.77948,-70.91799,4470
Crucero_Alto,2008-09-03,7.05,17.91,-2.26,35.55,0.0,1.74,60.09,-15.77948,-70.91799,4470
Crucero_Alto,2008-09-04,4.43,14.28,-2.42,65.65,0.24,2.86,60.09,-15.77948,-70.91799,4470
Crucero_Alto,2008-09-05,3.18,13.98,-5.93,35.36,0.01,3.21,60.12,-15.77948,-70.91799,4470
Crucero_Alto,2008-09-06,4.36,15.96,-4.74,12.33,0.0,1.82,60.19,-15.77948,-70.91799,4470
Crucero_Alto,2008-09-07,5.32,15.76,-2.67,22.03,0.0,0.8,60.18,-15.77948,-70.91799,4470
Crucero_Alto,2008-09-08,6.09,16.84,-2.96,22.63,0.0,1.09,60.21,-15.77948,-70.91799,4470
Crucero_Alto,2008-09-09,6.9,15.42,0.52,56.86,0.0,1.53,60.27,-15.77948,-70.91799,4470
Crucero_Alto,2008-09-10,5.2,11.52,-0.08,60.94,0.0,1.09,60.33,-15.77948,-70.91799,4470
Crucero_Alto,2008-09-11,5.07,16.59,-5.02,30.47,0.08,1.96,60.29,-15.77948,-70.91799,4470
Crucero_Alto,2008-09-12,5.46,17.09,-3.0,29.3,0.0,2.1,60.22,-15.77948,-70.91799,4470
Crucero_Alto,2008-09-13,4.72,16.53,-3.52,22.21,0.0,2.29,60.16,-15.77948,-70.91799,4470
Crucero_Alto,2008-09-14,5.38,16.39,-4.12,21.01,0.0,1.53,60.2,-15.77948,-70.91799,4470
Crucero_Alto,2008-09-15,5.38,11.84,-0.95,29.15,0.0,1.72,60.27,-15.77948,-70.91799,4470
Crucero_Alto,2008-09-16,5.28,14.99,-2.74,34.56,0.0,2.88,60.28,-15.77948,-70.91799,4470
Crucero_Alto,2008-09-17,4.25,15.07,-4.37,23.36,0.0,2.55,60.24,-15.77948,-70.91799,4470
Crucero_Alto,2008-09-18,4.73,15.96,-3.78,23.84,0.0,1.78,60.16,-15.77948,-70.91799,4470
Crucero_Alto,2008-09-19,5.12,15.49,-3.27,12.09,0.0,2.37,60.15,-15.77948,-70.91799,4470
Crucero_Alto,2008-09-20,5.48,14.27,-1.67,23.25,0.0,1.52,60.21,-15.77948,-70.91799,4470
Crucero_Alto,2008-09-21,4.06,13.04,-3.95,29.26,0.0,2.08,60.28,-15.77948,-70.91799,4470
Crucero_Alto,2008-09-22,4.95,17.11,-4.83,22.26,0.0,2.13,60.25,-15.77948,-70.91799,4470
Crucero_Alto,2008-09-23,4.73,17.07,-4.29,31.36,0.0,2.77,60.16,-15.77948,-70.91799,4470
Crucero_Alto,2008-09-24,5.35,17.29,-3.64,35.74,0.0,2.48,60.08,-15.77948,-70.91799,4470
Crucero_Alto,2008-09-25,5.51,17.65,-3.45,34.05,0.0,1.97,60.19,-15.77948,-70.91799,4470
Crucero_Alto,2008-09-26,6.01,14.96,-2.49,31.79,0.0,1.08,60.23,-15.77948,-70.91799,4470
Crucero_Alto,2008-09-27,6.33,15.8,-2.41,21.37,0.0,1.41,60.18,-15.77948,-70.91799,4470
Crucero_Alto,2008-09-28,6.32,14.03,1.18,42.68,0.0,1.45,60.22,-15.77948,-70.91799,4470
Crucero_Alto,2008-09-29,7.53,18.55,-1.16,45.51,0.0,1.33,60.24,-15.77948,-70.91799,4470
Crucero_Alto,2008-09-30,7.6,15.9,-0.1,53.19,0.0,2.18,60.35,-15.77948,-70.91799,4470
Crucero_Alto,2008-10-01,7.01,17.47,-1.61,42.33,0.0,3.06,60.3,-15.77948,-70.91799,4470
Crucero_Alto,2008-10-02,6.61,18.46,-1.87,38.12,0.0,2.72,60.21,-15.77948,-70.91799,4470
Crucero_Alto,2008-10-03,5.06,16.38,-4.32,22.33,0.0,3.87,60.11,-15.77948,-70.91799,4470
Crucero_Alto,2008-10-04,4.92,18.15,-5.13,19.04,0.0,3.39,60.1,-15.77948,-70.91799,4470
Crucero_Alto,2008-10-05,4.56,17.8,-4.64,17.58,0.0,3.15,60.11,-15.77948,-70.91799,4470
Crucero_Alto,2008-10-06,4.65,16.71,-5.63,16.28,0.0,2.19,60.17,-15.77948,-70.91799,4470
Crucero_Alto,2008-10-07,4.62,13.57,-1.05,66.13,0.49,2.03,60.32,-15.77948,-70.91799,4470
Crucero_Alto,2008-10-08,6.73,16.06,-0.84,55.25,0.37,1.54,60.29,-15.77948,-70.91799,4470
Crucero_Alto,2008-10-09,7.14,18.11,-0.97,50.73,0.03,2.25,60.2,-15.77948,-70.91799,4470
Crucero_Alto,2008-10-10,5.62,17.94,-4.12,38.3,0.0,2.66,60.14,-15.77948,-70.91799,4470
Crucero_Alto,2008-10-11,7.4,19.03,-2.57,32.71,0.0,1.28,60.14,-15.77948,-70.91799,4470
Crucero_Alto,2008-10-12,8.55,18.31,0.61,51.58,0.0,2.55,60.13,-15.77948,-70.91799,4470
Crucero_Alto,2008-10-13,8.62,19.08,-0.65,53.07,0.0,1.73,60.13,-15.77948,-70.91799,4470
Crucero_Alto,2008-10-14,9.3,18.45,1.07,53.72,0.0,1.9,60.16,-15.77948,-70.91799,4470
Crucero_Alto,2008-10-15,6.64,12.06,3.26,70.25,0.0,2.82,60.26,-15.77948,-70.91799,4470
Crucero_Alto,2008-10-16,8.32,16.79,1.74,56.19,0.0,2.84,60.35,-15.77948,-70.91799,4470
Crucero_Alto,2008-10-17,6.76,13.66,1.55,56.15,0.19,2.06,60.3,-15.77948,-70.91799,4470
Crucero_Alto,2008-10-18,7.62,17.04,-0.05,29.26,0.01,3.0,60.2,-15.77948,-70.91799,4470
Crucero_Alto,2008-10-19,6.65,18.25,-1.61,26.91,0.0,2.7,60.19,-15.77948,-70.91799,4470
Crucero_Alto,2008-10-20,7.46,19.25,-3.19,25.42,0.0,1.31,60.19,-15.77948,-70.91799,4470
Crucero_Alto,2008-10-21,9.48,20.33,0.74,37.92,0.0,1.25,60.14,-15.77948,-70.91799,4470
Crucero_Alto,2008-10-22,10.14,20.11,1.99,37.99,0.0,1.86,60.12,-15.77948,-70.91799,4470
Crucero_Alto,2008-10-23,6.89,12.39,2.89,65.68,0.98,2.02,60.21,-15.77948,-70.91799,4470
Crucero_Alto,2008-10-24,6.12,13.97,0.78,64.13,0.47,2.23,60.27,-15.77948,-70.91799,4470
Crucero_Alto,2008-10-25,8.11,15.97,0.58,50.24,0.0,1.41,60.22,-15.77948,-70.91799,4470
Crucero_Alto,2008-10-26,8.57,17.01,0.46,48.81,0.0,1.98,60.22,-15.77948,-70.91799,4470
Crucero_Alto,2008-10-27,6.42,14.52,2.5,67.95,1.37,1.68,60.26,-15.77948,-70.91799,4470
Crucero_Alto,2008-10-28,7.04,13.8,1.41,58.53,0.91,1.57,60.19,-15.77948,-70.91799,4470
Crucero_Alto,2008-10-29,8.09,18.15,-0.88,37.75,0.6,1.55,60.11,-15.77948,-70.91799,4470
Crucero_Alto,2008-10-30,6.12,13.75,2.14,49.77,0.01,1.97,60.18,-15.77948,-70.91799,4470
Crucero_Alto,2008-10-31,7.69,18.55,-0.23,47.06,0.0,2.5,60.2,-15.77948,-70.91799,4470
Crucero_Alto,2008-11-01,6.99,19.21,-2.94,44.37,0.0,2.91,60.12,-15.77948,-70.91799,4470
Crucero_Alto,2008-11-02,7.13,16.98,-0.75,49.99,0.0,2.08,60.13,-15.77948,-70.91799,4470
Crucero_Alto,2008-11-03,8.71,19.43,-1.76,42.65,0.0,1.57,60.23,-15.77948,-70.91799,4470
Crucero_Alto,2008-11-04,8.57,18.81,-0.18,46.78,0.0,1.54,60.25,-15.77948,-70.91799,4470
Crucero_Alto,2008-11-05,9.13,20.48,-0.39,35.23,0.0,2.3,60.26,-15.77948,-70.91799,4470
Crucero_Alto,2008-11-06,9.91,21.02,0.69,28.69,0.0,1.87,60.2,-15.77948,-70.91799,4470
Crucero_Alto,2008-11-07,9.88,19.73,2.97,39.65,0.0,1.44,60.22,-15.77948,-70.91799,4470
Crucero_Alto,2008-11-08,10.46,18.98,2.76,41.48,0.0,2.19,60.2,-15.77948,-70.91799,4470
Crucero_Alto,2008-11-09,10.29,19.25,2.34,46.36,0.0,3.03,60.27,-15.77948,-70.91799,4470
Crucero_Alto,2008-11-10,9.86,19.21,1.93,51.0,0.0,2.09,60.26,-15.77948,-70.91799,4470
Crucero_Alto,2008-11-11,9.26,20.72,0.84,40.43,0.0,2.8,60.22,-15.77948,-70.91799,4470
Crucero_Alto,2008-11-12,7.63,20.25,-2.56,24.7,0.0,2.56,60.08,-15.77948,-70.91799,4470
Crucero_Alto,2008-11-13,7.45,15.23,0.12,47.51,9.65,1.38,59.98,-15.77948,-70.91799,4470
Crucero_Alto,2008-11-14,7.75,16.35,1.8,52.53,0.91,1.81,59.95,-15.77948,-70.91799,4470
Crucero_Alto,2008-11-15,8.84,18.52,0.84,37.57,0.01,1.82,59.99,-15.77948,-70.91799,4470
Crucero_Alto,2008-11-16,6.28,11.61,0.77,56.74,0.17,2.03,60.1,-15.77948,-70.91799,4470
Crucero_Alto,2008-11-17,6.43,16.56,-0.09,45.55,0.0,2.75,60.14,-15.77948,-70.91799,4470
Crucero_Alto,2008-11-18,8.31,19.17,-2.64,44.51,0.0,1.34,60.06,-15.77948,-70.91799,4470
Crucero_Alto,2008-11-19,9.52,18.8,2.22,42.04,0.16,1.29,60.04,-15.77948,-70.91799,4470
Crucero_Alto,2008-11-20,8.92,17.2,1.68,39.53,0.02,1.45,60.11,-15.77948,-70.91799,4470
Crucero_Alto,2008-11-21,7.53,15.1,2.71,57.82,2.14,1.98,60.22,-15.77948,-70.91799,4470
Crucero_Alto,2008-11-22,8.88,16.84,2.42,50.05,0.71,1.56,60.26,-15.77948,-70.91799,4470
Crucero_Alto,2008-11-23,9.24,18.53,2.1,42.23,0.0,1.93,60.21,-15.77948,-70.91799,4470
Crucero_Alto,2008-11-24,8.55,16.27,3.12,56.25,0.38,2.08,60.2,-15.77948,-70.91799,4470
Crucero_Alto,2008-11-25,8.4,16.54,2.5,55.25,0.15,1.73,60.2,-15.77948,-70.91799,4470
Crucero_Alto,2008-11-26,7.83,16.07,-0.62,39.19,0.0,2.33,60.22,-15.77948,-70.91799,4470
Crucero_Alto,2008-11-27,8.39,16.57,1.75,60.97,0.0,2.71,60.21,-15.77948,-70.91799,4470
Crucero_Alto,2008-11-28,9.42,18.75,2.34,55.81,0.0,2.29,60.18,-15.77948,-70.91799,4470
Crucero_Alto,2008-11-29,8.05,17.33,1.49,58.3,0.0,2.3,60.13,-15.77948,-70.91799,4470
Crucero_Alto,2008-11-30,8.51,16.31,1.25,57.3,0.0,2.39,60.19,-15.77948,-70.91799,4470
Crucero_Alto,2008-12-01,7.0,12.7,1.53,67.95,0.56,1.75,60.22,-15.77948,-70.91799,4470
Crucero_Alto,2008-12-02,6.35,17.71,-2.47,58.72,8.93,3.64,60.25,-15.77948,-70.91799,4470
Crucero_Alto,2008-12-03,4.39,14.52,-2.74,45.84,0.05,3.7,60.12,-15.77948,-70.91799,4470
Crucero_Alto,2008-12-04,4.96,16.45,-5.98,27.4,0.0,3.35,60.02,-15.77948,-70.91799,4470
Crucero_Alto,2008-12-05,6.65,18.65,-3.76,30.13,0.0,2.21,60.11,-15.77948,-70.91799,4470
Crucero_Alto,2008-12-06,6.52,13.99,-0.05,56.32,0.0,2.94,60.19,-15.77948,-70.91799,4470
Crucero_Alto,2008-12-07,7.77,16.1,1.67,58.07,0.0,3.71,60.22,-15.77948,-70.91799,4470
Crucero_Alto,2008-12-08,5.82,13.37,1.55,68.92,0.2,1.5,60.21,-15.77948,-70.91799,4470
Crucero_Alto,2008-12-09,5.85,14.24,1.19,67.63,0.33,1.76,60.17,-15.77948,-70.91799,4470
Crucero_Alto,2008-12-10,6.7,16.35,0.3,60.1,0.99,1.94,60.12,-15.77948,-70.91799,4470
Crucero_Alto,2008-12-11,7.73,17.26,1.15,42.74,0.61,2.3,60.06,-15.77948,-70.91799,4470
Crucero_Alto,2008-12-12,7.72,16.32,0.08,35.31,0.0,1.3,60.12,-15.77948,-70.91799,4470
Crucero_Alto,2008-12-13,8.82,16.09,2.55,49.54,0.0,2.13,60.09,-15.77948,-70.91799,4470
Crucero_Alto,2008-12-14,8.32,16.17,3.36,63.54,2.16,2.54,60.13,-15.77948,-70.91799,4470
Crucero_Alto,2008-12-15,5.16,10.89,1.0,73.64,1.11,2.3,60.09,-15.77948,-70.91799,4470
Crucero_Alto,2008-12-16,7.14,17.92,-0.87,59.39,0.0,2.43,59.94,-15.77948,-70.91799,4470
Crucero_Alto,2008-12-17,9.45,18.18,1.01,50.73,0.11,2.38,59.94,-15.77948,-70.91799,4470
Crucero_Alto,2008-12-18,6.79,11.54,4.01,74.42,12.73,1.73,60.06,-15.77948,-70.91799,4470
Crucero_Alto,2008-12-19,8.29,15.11,3.56,69.89,16.32,3.08,60.04,-15.77948,-70.91799,4470
Crucero_Alto,2008-12-20,7.63,16.25,3.2,69.54,3.71,2.01,60.02,-15.77948,-70.91799,4470
Crucero_Alto,2008-12-21,8.56,17.51,2.11,61.77,0.51,1.78,60.0,-15.77948,-70.91799,4470
Crucero_Alto,2008-12-22,8.14,15.18,2.95,67.55,7.96,1.86,60.03,-15.77948,-70.91799,4470
Crucero_Alto,2008-12-23,7.02,14.27,2.19,72.04,20.09,1.79,60.09,-15.77948,-70.91799,4470
Crucero_Alto,2008-12-24,6.72,15.51,0.84,69.19,2.91,2.54,60.06,-15.77948,-70.91799,4470
Crucero_Alto,2008-12-25,7.06,16.64,0.41,64.91,0.46,2.74,60.01,-15.77948,-70.91799,4470
Crucero_Alto,2008-12-26,4.42,10.79,0.31,69.2,2.06,2.72,59.93,-15.77948,-70.91799,4470
Crucero_Alto,2008-12-27,6.07,15.19,0.56,62.47,0.09,2.67,59.95,-15.77948,-70.91799,4470
Crucero_Alto,2008-12-28,6.24,15.76,0.03,44.01,0.26,3.08,60.05,-15.77948,-70.91799,4470
Crucero_Alto,2008-12-29,7.19,16.57,-1.12,46.6,0.28,1.87,60.09,-15.77948,-70.91799,4470
Crucero_Alto,2008-12-30,7.46,14.02,2.71,66.56,0.0,3.88,60.11,-15.77948,-70.91799,4470
Crucero_Alto,2008-12-31,8.37,16.31,1.01,64.48,0.03,3.45,60.07,-15.77948,-70.91799,4470
Crucero_Alto,2009-01-01,6.7,14.52,1.63,73.15,1.16,2.99,60.03,-15.77948,-70.91799,4470
Crucero_Alto,2009-01-02,7.71,17.86,1.04,63.77,0.15,2.67,60.0,-15.77948,-70.91799,4470
Crucero_Alto,2009-01-03,7.7,17.1,0.72,58.12,0.01,2.78,60.0,-15.77948,-70.91799,4470
Crucero_Alto,2009-01-04,7.1,18.41,-1.46,53.71,0.0,3.37,60.09,-15.77948,-70.91799,4470
Crucero_Alto,2009-01-05,5.77,17.72,-4.73,57.96,0.0,3.4,60.12,-15.77948,-70.91799,4470
Crucero_Alto,2009-01-06,6.11,19.0,-5.06,54.48,0.0,2.73,60.06,-15.77948,-70.91799,4470
Crucero_Alto,2009-01-07,6.32,17.22,-3.21,56.76,0.01,1.96,60.08,-15.77948,-70.91799,4470
Crucero_Alto,2009-01-08,6.96,15.18,1.83,66.53,0.01,1.88,60.12,-15.77948,-70.91799,4470
Crucero_Alto,2009-01-09,7.33,15.17,1.32,67.67,0.0,2.28,60.17,-15.77948,-70.91799,4470
Crucero_Alto,2009-01-10,6.23,11.89,2.88,70.23,0.0,3.49,60.26,-15.77948,-70.91799,4470
Crucero_Alto,2009-01-11,7.57,14.46,2.27,64.11,0.0,3.49,60.22,-15.77948,-70.91799,4470
Crucero_Alto,2009-01-12,7.94,15.31,1.75,64.52,0.0,3.37,60.16,-15.77948,-70.91799,4470
Crucero_Alto,2009-01-13,8.68,15.63,2.26,61.21,0.4,2.98,60.17,-15.77948,-70.91799,4470
Crucero_Alto,2009-01-14,8.25,14.99,1.91,61.86,0.08,2.06,60.24,-15.77948,-70.91799,4470
Crucero_Alto,2009-01-15,8.1,16.61,2.74,66.87,0.26,1.74,60.19,-15.77948,-70.91799,4470
Crucero_Alto,2009-01-16,7.04,15.56,2.46,67.39,0.27,2.43,60.15,-15.77948,-70.91799,4470
Crucero_Alto,2009-01-17,6.91,17.34,-2.31,51.84,0.04,2.78,60.1,-15.77948,-70.91799,4470
Crucero_Alto,2009-01-18,7.59,17.62,-0.17,58.33,0.27,2.29,60.11,-15.77948,-70.91799,4470
Crucero_Alto,2009-01-19,7.11,16.82,0.72,59.04,0.26,3.27,60.18,-15.77948,-70.91799,4470
Crucero_Alto,2009-01-20,6.56,14.31,1.32,64.03,0.39,1.67,60.21,-15.77948,-70.91799,4470
Crucero_Alto,2009-01-21,7.47,18.09,0.25,44.6,0.12,1.97,60.24,-15.77948,-70.91799,4470
Crucero_Alto,2009-01-22,7.37,16.25,-0.86,56.01,0.0,1.41,60.22,-15.77948,-70.91799,4470
Crucero_Alto,2009-01-23,6.8,15.49,1.61,67.98,0.17,2.74,60.2,-15.77948,-70.91799,4470
Crucero_Alto,2009-01-24,7.92,17.38,1.14,58.56,0.4,2.09,60.11,-15.77948,-70.91799,4470
Crucero_Alto,2009-01-25,7.27,16.61,-1.46,64.3,0.01,1.83,60.07,-15.77948,-70.91799,4470
Crucero_Alto,2009-01-26,8.74,15.4,3.36,57.49,0.0,3.0,60.15,-15.77948,-70.91799,4470
Crucero_Alto,2009-01-27,7.17,16.44,0.71,64.45,0.0,2.24,60.19,-15.77948,-70.91799,4470
Crucero_Alto,2009-01-28,7.76,15.88,1.53,63.18,0.01,2.61,60.15,-15.77948,-70.91799,4470
Crucero_Alto,2009-01-29,8.28,15.03,2.53,62.95,0.0,2.82,60.22,-15.77948,-70.91799,4470
Crucero_Alto,2009-01-30,7.85,15.84,-0.08,59.85,0.0,2.87,60.26,-15.77948,-70.91799,4470
Crucero_Alto,2009-01-31,8.15,17.53,-0.12,52.04,0.0,2.83,60.23,-15.77948,-70.91799,4470
Crucero_Alto,2009-02-01,7.54,17.16,-2.22,55.28,0.0,2.68,60.15,-15.77948,-70.91799,4470
Crucero_Alto,2009-02-02,9.18,18.1,1.35,56.89,0.0,1.92,60.08,-15.77948,-70.91799,4470
Crucero_Alto,2009-02-03,9.15,17.42,3.16,59.48,0.04,2.23,60.17,-15.77948,-70.91799,4470
Crucero_Alto,2009-02-04,7.87,17.09,0.85,63.2,0.0,3.04,60.29,-15.77948,-70.91799,4470
Crucero_Alto,2009-02-05,8.58,15.83,1.03,57.93,0.13,2.39,60.31,-15.77948,-70.91799,4470
Crucero_Alto,2009-02-06,10.36,18.81,3.55,56.53,0.18,2.28,60.21,-15.77948,-70.91799,4470
Crucero_Alto,2009-02-07,7.06,10.48,3.85,69.83,0.34,2.49,60.22,-15.77948,-70.91799,4470
Crucero_Alto,2009-02-08,8.54,17.08,2.18,67.81,3.25,1.86,60.13,-15.77948,-70.91799,4470
Crucero_Alto,2009-02-09,5.33,11.87,1.27,75.87,2.27,2.01,60.1,-15.77948,-70.91799,4470
Crucero_Alto,2009-02-10,7.5,17.81,-0.92,58.08,0.18,2.19,60.16,-15.77948,-70.91799,4470
Crucero_Alto,2009-02-11,8.87,15.99,3.53,66.91,1.85,3.15,60.18,-15.77948,-70.91799,4470
Crucero_Alto,2009-02-12,8.53,15.51,4.29,72.26,2.62,3.04,60.17,-15.77948,-70.91799,4470
Crucero_Alto,2009-02-13,8.38,16.89,3.09,68.86,0.45,2.71,60.01,-15.77948,-70.91799,4470
Crucero_Alto,2009-02-14,8.23,17.97,1.59,61.38,0.13,2.35,59.88,-15.77948,-70.91799,4470
Crucero_Alto,2009-02-15,6.64,19.07,-2.23,56.1,0.18,3.37,59.96,-15.77948,-70.91799,4470
Crucero_Alto,2009-02-16,6.07,18.6,-5.34,48.91,0.0,2.32,59.93,-15.77948,-70.91799,4470
Crucero_Alto,2009-02-17,5.71,12.86,0.67,71.18,2.76,3.09,59.99,-15.77948,-70.91799,4470
Crucero_Alto,2009-02-18,6.41,14.93,0.59,70.51,0.68,2.19,60.05,-15.77948,-70.91799,4470
Crucero_Alto,2009-02-19,8.48,17.36,2.48,66.08,0.71,2.0,60.05,-15.77948,-70.91799,4470
Crucero_Alto,2009-02-20,7.62,13.31,3.25,70.97,0.76,3.01,60.04,-15.77948,-70.91799,4470
Crucero_Alto,2009-02-21,8.67,17.75,1.89,66.05,9.78,2.61,60.02,-15.77948,-70.91799,4470
Crucero_Alto,2009-02-22,7.26,13.02,3.43,72.59,16.19,1.46,60.1,-15.77948,-70.91799,4470
Crucero_Alto,2009-02-23,6.48,16.01,1.71,73.95,5.08,1.73,60.12,-15.77948,-70.91799,4470
Crucero_Alto,2009-02-24,7.85,16.34,1.75,65.31,0.61,1.75,60.06,-15.77948,-70.91799,4470
Crucero_Alto,2009-02-25,6.57,15.25,1.54,74.63,16.18,2.24,60.01,-15.77948,-70.91799,4470
Crucero_Alto,2009-02-26,5.31,13.95,0.55,75.41,6.53,1.55,59.97,-15.77948,-70.91799,4470
Crucero_Alto,2009-02-27,5.67,14.93,-0.48,73.67,1.54,2.11,59.97,-15.77948,-70.91799,4470
Crucero_Alto,2009-02-28,5.85,14.06,0.84,72.79,0.68,1.8,60.08,-15.77948,-70.91799,4470
Crucero_Alto,2009-03-01,5.66,13.63,0.27,75.49,8.52,1.14,60.11,-15.77948,-70.91799,4470
Crucero_Alto,2009-03-02,5.89,14.48,0.85,74.04,2.87,1.38,60.16,-15.77948,-70.91799,4470
Crucero_Alto,2009-03-03,6.07,14.98,0.53,72.17,0.87,1.79,60.2,-15.77948,-70.91799,4470
Crucero_Alto,2009-03-04,8.31,17.16,0.95,67.92,3.32,2.06,60.17,-15.77948,-70.91799,4470
Crucero_Alto,2009-03-05,7.54,15.0,2.35,70.01,2.23,4.32,60.24,-15.77948,-70.91799,4470
Crucero_Alto,2009-03-06,7.13,15.28,0.08,68.22,0.46,3.45,60.28,-15.77948,-70.91799,4470
Crucero_Alto,2009-03-07,7.77,16.15,1.12,63.74,0.4,2.73,60.27,-15.77948,-70.91799,4470
Crucero_Alto,2009-03-08,6.68,16.05,1.84,73.09,0.14,2.32,60.19,-15.77948,-70.91799,4470
Crucero_Alto,2009-03-09,8.04,15.87,0.52,64.27,0.01,2.46,60.19,-15.77948,-70.91799,4470
Crucero_Alto,2009-03-10,8.19,16.56,2.98,67.84,0.0,1.52,60.1,-15.77948,-70.91799,4470
Crucero_Alto,2009-03-11,8.31,18.05,0.78,63.13,0.01,2.0,60.01,-15.77948,-70.91799,4470
Crucero_Alto,2009-03-12,6.67,18.42,-2.52,56.34,0.0,1.79,60.03,-15.77948,-70.91799,4470
Crucero_Alto,2009-03-13,7.48,16.92,-0.61,64.73,0.22,1.65,60.04,-15.77948,-70.91799,4470
Crucero_Alto,2009-03-14,6.14,12.04,1.79,70.6,0.41,3.6,60.15,-15.77948,-70.91799,4470
Crucero_Alto,2009-03-15,6.99,14.58,1.31,60.77,0.03,3.8,60.33,-15.77948,-70.91799,4470
Crucero_Alto,2009-03-16,7.18,16.88,-0.42,61.07,0.0,1.82,60.29,-15.77948,-70.91799,4470
Crucero_Alto,2009-03-17,7.57,17.49,-0.69,56.56,0.0,2.59,60.13,-15.77948,-70.91799,4470
Crucero_Alto,2009-03-18,6.42,15.18,-1.53,66.61,0.0,2.47,60.16,-15.77948,-70.91799,4470
Crucero_Alto,2009-03-19,6.06,14.34,1.23,69.21,0.0,1.6,60.12,-15.77948,-70.91799,4470
Crucero_Alto,2009-03-20,6.46,15.72,0.66,67.27,0.02,2.1,60.11,-15.77948,-70.91799,4470
Crucero_Alto,2009-03-21,5.62,15.24,1.12,72.69,0.18,2.2,60.1,-15.77948,-70.91799,4470
Crucero_Alto,2009-03-22,6.86,16.91,0.77,64.06,0.07,2.66,60.06,-15.77948,-70.91799,4470
Crucero_Alto,2009-03-23,6.8,17.64,-1.03,52.92,0.27,2.22,60.05,-15.77948,-70.91799,4470
Crucero_Alto,2009-03-24,7.66,18.35,-1.61,60.25,0.12,1.69,60.07,-15.77948,-70.91799,4470
Crucero_Alto,2009-03-25,7.47,17.77,-0.65,59.21,0.0,1.82,60.05,-15.77948,-70.91799,4470
Crucero_Alto,2009-03-26,5.88,17.89,-2.55,47.44,0.59,2.08,60.02,-15.77948,-70.91799,4470
Crucero_Alto,2009-03-27,6.82,16.71,-0.95,56.76,0.24,1.56,60.1,-15.77948,-70.91799,4470
Crucero_Alto,2009-03-28,7.18,17.02,-0.27,58.38,2.78,1.51,60.11,-15.77948,-70.91799,4470
Crucero_Alto,2009-03-29,5.41,17.59,-3.41,58.27,0.41,2.41,60.09,-15.77948,-70.91799,4470
Crucero_Alto,2009-03-30,7.77,18.67,-1.57,49.18,0.0,1.38,60.12,-15.77948,-70.91799,4470
Crucero_Alto,2009-03-31,8.68,17.93,2.06,55.91,0.0,1.65,60.18,-15.77948,-70.91799,4470
Crucero_Alto,2009-04-01,7.91,16.39,0.73,59.4,0.01,2.45,60.19,-15.77948,-70.91799,4470
Crucero_Alto,2009-04-02,7.5,16.03,1.76,64.84,0.0,1.8,60.18,-15.77948,-70.91799,4470
Crucero_Alto,2009-04-03,7.92,18.32,-0.45,58.97,0.0,1.53,60.12,-15.77948,-70.91799,4470
Crucero_Alto,2009-04-04,8.37,18.83,-0.71,55.44,0.0,0.99,60.1,-15.77948,-70.91799,4470
Crucero_Alto,2009-04-05,8.22,15.1,3.15,60.28,0.01,2.13,60.17,-15.77948,-70.91799,4470
Crucero_Alto,2009-04-06,7.37,14.8,2.96,67.77,0.0,3.22,60.25,-15.77948,-70.91799,4470
Crucero_Alto,2009-04-07,7.15,15.23,1.87,69.39,0.01,2.15,60.23,-15.77948,-70.91799,4470
Crucero_Alto,2009-04-08,6.94,14.46,2.7,71.52,0.01,3.51,60.21,-15.77948,-70.91799,4470
Crucero_Alto,2009-04-09,6.81,13.17,2.46,69.72,0.01,2.36,60.25,-15.77948,-70.91799,4470
Crucero_Alto,2009-04-10,6.58,13.73,2.11,69.6,0.0,4.07,60.28,-15.77948,-70.91799,4470
Crucero_Alto,2009-04-11,5.86,12.78,1.8,70.03,0.0,1.85,60.26,-15.77948,-70.91799,4470
Crucero_Alto,2009-04-12,6.85,15.14,1.84,69.28,0.15,1.58,60.22,-15.77948,-70.91799,4470
Crucero_Alto,2009-04-13,7.19,15.73,0.4,66.99,0.17,1.47,60.22,-15.77948,-70.91799,4470
Crucero_Alto,2009-04-14,6.86,14.11,1.86,67.46,0.16,3.23,60.34,-15.77948,-70.91799,4470
Crucero_Alto,2009-04-15,5.5,12.63,-0.07,71.51,0.4,3.41,60.44,-15.77948,-70.91799,4470
Crucero_Alto,2009-04-16,6.49,14.17,1.14,66.06,0.05,2.95,60.4,-15.77948,-70.91799,4470
Crucero_Alto,2009-04-17,5.14,15.27,-2.63,56.67,0.0,2.81,60.35,-15.77948,-70.91799,4470
Crucero_Alto,2009-04-18,5.03,16.04,-3.33,53.54,0.0,1.96,60.28,-15.77948,-70.91799,4470
Crucero_Alto,2009-04-19,5.17,15.94,-3.03,55.26,0.0,1.91,60.3,-15.77948,-70.91799,4470
Crucero_Alto,2009-04-20,6.31,14.57,-0.25,63.65,0.0,1.66,60.33,-15.77948,-70.91799,4470
Crucero_Alto,2009-04-21,6.66,14.28,1.1,62.38,0.0,1.4,60.32,-15.77948,-70.91799,4470
Crucero_Alto,2009-04-22,6.27,15.95,-1.06,58.55,0.78,1.64,60.3,-15.77948,-70.91799,4470
Crucero_Alto,2009-04-23,4.05,15.55,-4.41,54.78,0.03,2.66,60.23,-15.77948,-70.91799,4470
Crucero_Alto,2009-04-24,4.06,16.76,-4.93,39.21,0.0,1.85,60.17,-15.77948,-70.91799,4470
Crucero_Alto,2009-04-25,4.5,16.85,-4.05,44.02,0.0,1.76,60.22,-15.77948,-70.91799,4470
Crucero_Alto,2009-04-26,6.0,15.07,-1.65,59.64,0.0,1.19,60.26,-15.77948,-70.91799,4470
Crucero_Alto,2009-04-27,5.9,17.09,-0.88,61.32,0.0,2.11,60.28,-15.77948,-70.91799,4470
Crucero_Alto,2009-04-28,4.85,16.88,-3.2,55.29,0.0,2.19,60.26,-15.77948,-70.91799,4470
Crucero_Alto,2009-04-29,4.32,15.73,-4.35,44.13,0.0,2.39,60.28,-15.77948,-70.91799,4470
Crucero_Alto,2009-04-30,6.06,15.41,-2.33,53.81,0.0,1.61,60.34,-15.77948,-70.91799,4470
Crucero_Alto,2009-05-01,5.79,15.11,-2.03,53.39,0.0,1.57,60.35,-15.77948,-70.91799,4470
Crucero_Alto,2009-05-02,5.03,14.57,-1.44,53.33,0.0,1.27,60.34,-15.77948,-70.91799,4470
Crucero_Alto,2009-05-03,4.97,16.03,-2.2,51.26,0.0,1.71,60.26,-15.77948,-70.91799,4470
Crucero_Alto,2009-05-04,2.91,14.51,-5.33,41.02,0.0,2.72,60.16,-15.77948,-70.91799,4470
Crucero_Alto,2009-05-05,3.83,15.76,-4.67,32.91,0.0,1.77,60.16,-15.77948,-70.91799,4470
Crucero_Alto,2009-05-06,3.98,13.79,-3.15,48.81,0.0,1.48,60.18,-15.77948,-70.91799,4470
Crucero_Alto,2009-05-07,3.6,13.55,-3.27,51.38,0.0,1.76,60.19,-15.77948,-70.91799,4470
Crucero_Alto,2009-05-08,4.41,13.93,-4.17,52.78,0.0,0.95,60.22,-15.77948,-70.91799,4470
Crucero_Alto,2009-05-09,5.54,15.17,-1.39,54.52,0.0,1.39,60.27,-15.77948,-70.91799,4470
Crucero_Alto,2009-05-10,4.72,14.86,-3.14,44.72,0.0,0.92,60.24,-15.77948,-70.91799,4470
Crucero_Alto,2009-05-11,5.78,14.83,-2.1,37.04,0.0,0.93,60.18,-15.77948,-70.91799,4470
Crucero_Alto,2009-05-12,4.58,12.02,-0.56,62.0,0.0,1.22,60.24,-15.77948,-70.91799,4470
Crucero_Alto,2009-05-13,4.65,15.85,-2.79,39.85,0.0,1.61,60.21,-15.77948,-70.91799,4470
Crucero_Alto,2009-05-14,4.7,15.74,-4.11,23.68,0.0,1.13,60.2,-15.77948,-70.91799,4470
Crucero_Alto,2009-05-15,3.94,15.11,-4.42,30.33,0.0,1.73,60.15,-15.77948,-70.91799,4470
Crucero_Alto,2009-05-16,2.24,14.07,-5.41,27.31,0.0,1.89,60.11,-15.77948,-70.91799,4470
Crucero_Alto,2009-05-17,3.45,14.34,-6.03,25.94,0.0,1.47,60.14,-15.77948,-70.91799,4470
Crucero_Alto,2009-05-18,4.65,13.89,-2.21,49.07,0.0,1.96,60.24,-15.77948,-70.91799,4470
Crucero_Alto,2009-05-19,4.03,11.54,-0.71,74.3,0.0,2.1,60.31,-15.77948,-70.91799,4470
Crucero_Alto,2009-05-20,5.2,15.21,-1.6,67.88,0.0,1.82,60.3,-15.77948,-70.91799,4470
Crucero_Alto,2009-05-21,4.83,15.15,-2.78,51.9,0.0,1.14,60.28,-15.77948,-70.91799,4470
Crucero_Alto,2009-05-22,4.2,15.3,-2.7,41.76,0.0,1.44,60.3,-15.77948,-70.91799,4470
Crucero_Alto,2009-05-23,3.7,15.17,-3.8,35.1,0.0,1.49,60.34,-15.77948,-70.91799,4470
Crucero_Alto,2009-05-24,3.88,14.94,-2.87,35.34,0.0,1.47,60.35,-15.77948,-70.91799,4470
Crucero_Alto,2009-05-25,4.74,15.5,-3.5,34.73,0.0,1.32,60.28,-15.77948,-70.91799,4470
Crucero_Alto,2009-05-26,5.08,15.2,-2.69,39.93,0.0,1.21,60.2,-15.77948,-70.91799,4470
Crucero_Alto,2009-05-27,4.6,14.52,-1.25,46.79,0.0,2.15,60.16,-15.77948,-70.91799,4470
Crucero_Alto,2009-05-28,4.91,14.23,-2.29,55.45,0.01,1.76,60.14,-15.77948,-70.91799,4470
Crucero_Alto,2009-05-29,3.28,14.3,-4.49,56.46,0.0,3.11,60.19,-15.77948,-70.91799,4470
Crucero_Alto,2009-05-30,1.06,12.07,-6.05,45.65,0.0,2.98,60.23,-15.77948,-70.91799,4470
Crucero_Alto,2009-05-31,1.01,12.26,-6.32,25.28,0.0,2.84,60.25,-15.77948,-70.91799,4470
Crucero_Alto,2009-06-01,1.28,13.43,-6.13,25.57,0.0,2.78,60.23,-15.77948,-70.91799,4470
Crucero_Alto,2009-06-02,1.46,12.69,-6.2,19.91,0.0,2.66,60.24,-15.77948,-70.91799,4470
Crucero_Alto,2009-06-03,3.64,13.54,-5.24,16.03,0.0,1.63,60.21,-15.77948,-70.91799,4470
Crucero_Alto,2009-06-04,4.76,14.23,-1.5,18.71,0.0,1.0,60.27,-15.77948,-70.91799,4470
Crucero_Alto,2009-06-05,4.46,14.39,-2.14,25.48,0.0,1.42,60.34,-15.77948,-70.91799,4470
Crucero_Alto,2009-06-06,4.11,14.47,-3.83,46.9,0.0,1.11,60.35,-15.77948,-70.91799,4470
Crucero_Alto,2009-06-07,3.18,14.43,-4.78,30.47,0.0,1.76,60.32,-15.77948,-70.91799,4470
Crucero_Alto,2009-06-08,2.29,14.22,-5.26,22.0,0.0,1.52,60.29,-15.77948,-70.91799,4470
Crucero_Alto,2009-06-09,3.14,13.25,-4.37,20.06,0.0,1.15,60.25,-15.77948,-70.91799,4470
Crucero_Alto,2009-06-10,2.15,13.21,-5.34,20.75,0.0,1.51,60.32,-15.77948,-70.91799,4470
Crucero_Alto,2009-06-11,3.25,11.13,-2.41,24.36,0.0,1.35,60.35,-15.77948,-70.91799,4470
Crucero_Alto,2009-06-12,3.08,12.56,-2.7,21.67,0.0,1.44,60.38,-15.77948,-70.91799,4470
Crucero_Alto,2009-06-13,2.95,13.53,-4.17,28.79,0.0,1.57,60.31,-15.77948,-70.91799,4470
Crucero_Alto,2009-06-14,1.28,12.71,-6.23,34.54,0.0,2.98,60.21,-15.77948,-70.91799,4470
Crucero_Alto,2009-06-15,0.09,10.46,-6.22,28.07,0.0,3.06,60.22,-15.77948,-70.91799,4470
Crucero_Alto,2009-06-16,2.3,12.01,-4.33,19.25,0.0,1.65,60.25,-15.77948,-70.91799,4470
Crucero_Alto,2009-06-17,1.66,11.75,-4.33,24.24,0.0,2.42,60.25,-15.77948,-70.91799,4470
Crucero_Alto,2009-06-18,3.99,13.56,-4.32,28.65,0.0,1.2,60.14,-15.77948,-70.91799,4470
Crucero_Alto,2009-06-19,3.01,11.89,-3.11,54.93,0.0,1.71,60.16,-15.77948,-70.91799,4470
Crucero_Alto,2009-06-20,2.9,13.48,-4.62,45.23,0.0,1.94,60.22,-15.77948,-70.91799,4470
Crucero_Alto,2009-06-21,3.33,13.43,-2.85,29.17,0.0,1.58,60.19,-15.77948,-70.91799,4470
Crucero_Alto,2009-06-22,2.96,12.91,-2.79,37.82,0.0,2.32,60.19,-15.77948,-70.91799,4470
Crucero_Alto,2009-06-23,1.89,10.35,-4.95,64.6,0.0,1.86,60.21,-15.77948,-70.91799,4470
Crucero_Alto,2009-06-24,2.85,12.79,-3.75,51.79,0.0,2.03,60.27,-15.77948,-70.91799,4470
Crucero_Alto,2009-06-25,1.35,11.37,-5.59,25.03,0.0,2.77,60.32,-15.77948,-70.91799,4470
Crucero_Alto,2009-06-26,2.13,12.83,-4.4,19.15,0.0,2.03,60.34,-15.77948,-70.91799,4470
Crucero_Alto,2009-06-27,2.59,12.98,-3.47,16.14,0.0,1.43,60.41,-15.77948,-70.91799,4470
Crucero_Alto,2009-06-28,2.65,13.32,-4.38,14.43,0.0,1.54,60.38,-15.77948,-70.91799,4470
Crucero_Alto,2009-06-29,3.87,13.92,-3.8,10.01,0.0,1.67,60.24,-15.77948,-70.91799,4470
Crucero_Alto,2009-06-30,3.25,13.45,-3.47,20.9,0.0,1.22,60.15,-15.77948,-70.91799,4470
Crucero_Alto,2009-07-01,2.42,13.19,-4.37,26.91,0.0,2.4,60.21,-15.77948,-70.91799,4470
Crucero_Alto,2009-07-02,2.43,13.34,-3.88,22.14,0.0,2.31,60.26,-15.77948,-70.91799,4470
Crucero_Alto,2009-07-03,2.29,12.72,-3.56,19.98,0.0,2.23,60.25,-15.77948,-70.91799,4470
Crucero_Alto,2009-07-04,1.4,12.0,-5.1,23.7,0.0,2.76,60.24,-15.77948,-70.91799,4470
Crucero_Alto,2009-07-05,1.36,11.49,-5.17,14.27,0.0,2.21,60.24,-15.77948,-70.91799,4470
Crucero_Alto,2009-07-06,3.35,12.51,-2.6,17.93,0.0,1.2,60.18,-15.77948,-70.91799,4470
Crucero_Alto,2009-07-07,1.96,12.37,-4.18,24.63,0.0,2.58,60.18,-15.77948,-70.91799,4470
Crucero_Alto,2009-07-08,2.41,12.81,-4.11,28.93,0.0,2.04,60.18,-15.77948,-70.91799,4470
Crucero_Alto,2009-07-09,2.59,13.32,-4.32,31.72,0.0,2.13,60.23,-15.77948,-70.91799,4470
Crucero_Alto,2009-07-10,1.73,12.2,-4.81,37.97,0.0,3.01,60.26,-15.77948,-70.91799,4470
Crucero_Alto,2009-07-11,4.31,14.45,-4.51,31.95,0.01,1.11,60.24,-15.77948,-70.91799,4470
Crucero_Alto,2009-07-12,4.05,14.02,-2.76,38.63,0.0,1.95,60.12,-15.77948,-70.91799,4470
Crucero_Alto,2009-07-13,4.98,14.89,-3.84,57.59,0.0,2.38,60.18,-15.77948,-70.91799,4470
Crucero_Alto,2009-07-14,4.62,14.15,-2.59,62.99,0.0,2.5,60.32,-15.77948,-70.91799,4470
Crucero_Alto,2009-07-15,4.62,15.79,-3.07,56.37,0.0,2.37,60.27,-15.77948,-70.91799,4470
Crucero_Alto,2009-07-16,5.21,15.86,-2.96,49.81,0.0,1.87,60.21,-15.77948,-70.91799,4470
Crucero_Alto,2009-07-17,4.6,12.82,-2.41,60.84,0.0,1.91,60.29,-15.77948,-70.91799,4470
Crucero_Alto,2009-07-18,5.7,14.58,0.21,58.63,0.0,1.75,60.43,-15.77948,-70.91799,4470
Crucero_Alto,2009-07-19,5.64,15.26,-1.73,51.57,0.0,1.83,60.28,-15.77948,-70.91799,4470
Crucero_Alto,2009-07-20,2.48,11.66,-4.3,63.7,0.92,2.77,60.14,-15.77948,-70.91799,4470
Crucero_Alto,2009-07-21,-0.11,10.2,-6.9,45.5,0.0,3.79,60.1,-15.77948,-70.91799,4470
Crucero_Alto,2009-07-22,0.48,11.36,-6.78,23.57,0.0,3.25,60.12,-15.77948,-70.91799,4470
Crucero_Alto,2009-07-23,1.06,10.84,-6.13,20.03,0.0,2.8,60.12,-15.77948,-70.91799,4470
Crucero_Alto,2009-07-24,1.68,10.9,-4.34,29.48,0.0,3.07,60.09,-15.77948,-70.91799,4470
Crucero_Alto,2009-07-25,1.9,10.12,-4.6,50.24,0.0,2.62,60.09,-15.77948,-70.91799,4470
Crucero_Alto,2009-07-26,2.04,10.47,-3.5,72.42,0.36,2.7,60.18,-15.77948,-70.91799,4470
Crucero_Alto,2009-07-27,1.5,9.02,-3.23,75.13,0.01,2.56,60.3,-15.77948,-70.91799,4470
Crucero_Alto,2009-07-28,3.4,12.66,-4.45,57.19,0.0,1.47,60.25,-15.77948,-70.91799,4470
Crucero_Alto,2009-07-29,4.39,14.32,-2.88,52.05,0.0,2.09,60.22,-15.77948,-70.91799,4470
Crucero_Alto,2009-07-30,3.29,14.33,-4.43,58.34,0.0,2.54,60.27,-15.77948,-70.91799,4470
Crucero_Alto,2009-07-31,4.1,15.41,-3.64,47.97,0.0,2.11,60.29,-15.77948,-70.91799,4470
Crucero_Alto,2009-08-01,2.95,14.31,-4.95,40.66,0.0,3.14,60.25,-15.77948,-70.91799,4470
Crucero_Alto,2009-08-02,3.7,15.65,-5.98,32.39,0.0,1.57,60.23,-15.77948,-70.91799,4470
Crucero_Alto,2009-08-03,5.88,15.64,-3.25,53.34,0.01,1.6,60.27,-15.77948,-70.91799,4470
Crucero_Alto,2009-08-04,5.15,16.01,-3.99,33.34,0.0,1.36,60.31,-15.77948,-70.91799,4470
Crucero_Alto,2009-08-05,4.69,15.83,-3.3,21.87,0.0,1.33,60.28,-15.77948,-70.91799,4470
Crucero_Alto,2009-08-06,4.87,15.45,-3.51,27.06,0.0,1.21,60.21,-15.77948,-70.91799,4470
Crucero_Alto,2009-08-07,3.26,10.98,-2.2,49.83,0.13,1.75,60.22,-15.77948,-70.91799,4470
Crucero_Alto,2009-08-08,1.73,11.6,-5.52,46.5,0.04,3.73,60.32,-15.77948,-70.91799,4470
Crucero_Alto,2009-08-09,2.17,13.02,-5.64,11.05,0.0,2.01,60.33,-15.77948,-70.91799,4470
Crucero_Alto,2009-08-10,4.26,14.15,-3.43,13.78,0.0,1.63,60.26,-15.77948,-70.91799,4470
Crucero_Alto,2009-08-11,3.85,11.9,-1.93,17.56,0.0,1.88,60.29,-15.77948,-70.91799,4470
Crucero_Alto,2009-08-12,3.46,14.35,-4.86,18.81,0.0,1.42,60.28,-15.77948,-70.91799,4470
Crucero_Alto,2009-08-13,4.64,15.09,-4.22,19.88,0.0,1.23,60.27,-15.77948,-70.91799,4470
Crucero_Alto,2009-08-14,4.57,15.49,-2.46,24.07,0.0,1.82,60.22,-15.77948,-70.91799,4470
Crucero_Alto,2009-08-15,3.36,15.47,-4.84,37.17,0.0,3.21,60.12,-15.77948,-70.91799,4470
Crucero_Alto,2009-08-16,1.76,13.57,-6.62,25.36,0.0,3.04,60.11,-15.77948,-70.91799,4470
Crucero_Alto,2009-08-17,1.68,13.1,-6.09,16.8,0.0,2.9,60.2,-15.77948,-70.91799,4470
Crucero_Alto,2009-08-18,2.7,15.04,-5.8,14.54,0.0,2.52,60.24,-15.77948,-70.91799,4470
Crucero_Alto,2009-08-19,2.53,14.21,-5.44,7.3,0.0,3.0,60.22,-15.77948,-70.91799,4470
Crucero_Alto,2009-08-20,3.99,15.71,-5.19,8.37,0.0,2.12,60.23,-15.77948,-70.91799,4470
Crucero_Alto,2009-08-21,2.13,13.21,-7.36,13.98,0.0,3.32,60.19,-15.77948,-70.91799,4470
Crucero_Alto,2009-08-22,0.35,11.76,-7.48,10.5,0.0,4.24,60.1,-15.77948,-70.91799,4470
Crucero_Alto,2009-08-23,0.52,11.99,-7.19,10.3,0.0,3.41,60.09,-15.77948,-70.91799,4470
Crucero_Alto,2009-08-24,2.59,13.61,-6.05,8.66,0.01,2.2,60.12,-15.77948,-70.91799,4470
Crucero_Alto,2009-08-25,4.83,14.94,-2.98,49.83,0.0,1.6,60.23,-15.77948,-70.91799,4470
Crucero_Alto,2009-08-26,6.15,15.13,-0.52,53.59,0.0,1.8,60.32,-15.77948,-70.91799,4470
Crucero_Alto,2009-08-27,5.46,14.68,-1.57,54.95,0.0,2.08,60.35,-15.77948,-70.91799,4470
Crucero_Alto,2009-08-28,4.62,13.8,-3.51,47.96,0.0,2.01,60.35,-15.77948,-70.91799,4470
Crucero_Alto,2009-08-29,4.62,14.38,-3.17,46.79,0.0,1.62,60.25,-15.77948,-70.91799,4470
Crucero_Alto,2009-08-30,3.89,15.38,-4.64,40.54,0.0,2.55,60.22,-15.77948,-70.91799,4470
Crucero_Alto,2009-08-31,5.36,16.27,-3.98,30.44,0.0,1.12,60.17,-15.77948,-70.91799,4470
Crucero_Alto,2009-09-01,5.4,16.17,-3.25,47.94,0.13,2.61,60.19,-15.77948,-70.91799,4470
Crucero_Alto,2009-09-02,2.98,13.5,-4.24,61.01,0.14,3.02,60.2,-15.77948,-70.91799,4470
Crucero_Alto,2009-09-03,2.36,13.27,-5.93,47.07,0.01,3.98,60.26,-15.77948,-70.91799,4470
Crucero_Alto,2009-09-04,3.88,15.71,-4.78,19.47,0.0,2.57,60.38,-15.77948,-70.91799,4470
Crucero_Alto,2009-09-05,5.14,16.38,-2.86,8.29,0.0,2.93,60.46,-15.77948,-70.91799,4470
Crucero_Alto,2009-09-06,6.29,18.08,-3.07,8.15,0.0,2.06,60.4,-15.77948,-70.91799,4470
Crucero_Alto,2009-09-07,5.83,17.73,-2.75,10.59,0.0,2.64,60.3,-15.77948,-70.91799,4470
Crucero_Alto,2009-09-08,5.35,18.15,-3.94,11.63,0.0,2.21,60.15,-15.77948,-70.91799,4470
Crucero_Alto,2009-09-09,4.44,16.82,-5.11,12.16,0.0,2.95,60.14,-15.77948,-70.91799,4470
Crucero_Alto,2009-09-10,4.83,14.35,-3.17,26.89,0.0,1.61,60.23,-15.77948,-70.91799,4470
Crucero_Alto,2009-09-11,5.17,12.4,-0.25,40.39,0.0,1.68,60.39,-15.77948,-70.91799,4470
Crucero_Alto,2009-09-12,6.59,16.5,-1.62,38.38,0.0,1.71,60.37,-15.77948,-70.91799,4470
Crucero_Alto,2009-09-13,8.24,19.22,-0.96,29.16,0.0,1.15,60.3,-15.77948,-70.91799,4470
Crucero_Alto,2009-09-14,8.27,18.78,-0.61,31.06,0.0,1.15,60.31,-15.77948,-70.91799,4470
Crucero_Alto,2009-09-15,8.18,18.28,0.97,38.17,0.0,1.13,60.27,-15.77948,-70.91799,4470
Crucero_Alto,2009-09-16,6.73,16.12,0.07,52.13,0.0,1.89,60.29,-15.77948,-70.91799,4470
Crucero_Alto,2009-09-17,6.55,14.26,-0.19,59.96,0.0,1.9,60.31,-15.77948,-70.91799,4470
Crucero_Alto,2009-09-18,8.06,17.82,0.93,39.41,0.0,1.16,60.22,-15.77948,-70.91799,4470
Crucero_Alto,2009-09-19,7.76,18.4,-1.06,35.65,0.08,1.61,60.21,-15.77948,-70.91799,4470
Crucero_Alto,2009-09-20,6.48,14.85,-0.43,30.18,0.02,2.23,60.22,-15.77948,-70.91799,4470
Crucero_Alto,2009-09-21,6.07,13.72,0.32,12.94,0.0,2.73,60.17,-15.77948,-70.91799,4470
Crucero_Alto,2009-09-22,4.21,14.35,-4.86,12.34,0.0,3.5,60.11,-15.77948,-70.91799,4470
Crucero_Alto,2009-09-23,5.98,18.13,-3.74,21.53,0.0,2.44,60.06,-15.77948,-70.91799,4470
Crucero_Alto,2009-09-24,6.98,17.52,-0.69,44.01,0.0,3.11,60.12,-15.77948,-70.91799,4470
Crucero_Alto,2009-09-25,6.91,18.08,-1.67,41.59,0.0,2.21,60.18,-15.77948,-70.91799,4470
Crucero_Alto,2009-09-26,7.03,18.24,-1.83,44.24,0.09,2.44,60.19,-15.77948,-70.91799,4470
Crucero_Alto,2009-09-27,8.16,19.21,-1.19,33.23,0.0,1.88,60.16,-15.77948,-70.91799,4470
Crucero_Alto,2009-09-28,6.83,15.93,1.78,47.87,6.81,1.72,60.27,-15.77948,-70.91799,4470
Crucero_Alto,2009-09-29,6.22,15.63,1.16,68.42,0.93,2.9,60.34,-15.77948,-70.91799,4470
Crucero_Alto,2009-09-30,6.79,15.7,-0.05,67.01,0.02,2.76,60.31,-15.77948,-70.91799,4470
Crucero_Alto,2009-10-01,7.21,17.7,-1.04,52.16,0.52,2.33,60.26,-15.77948,-70.91799,4470
Crucero_Alto,2009-10-02,6.45,17.38,-2.6,36.87,0.0,1.8,60.28,-15.77948,-70.91799,4470
Crucero_Alto,2009-10-03,6.59,17.38,-3.68,30.98,0.0,1.55,60.26,-15.77948,-70.91799,4470
Crucero_Alto,2009-10-04,7.77,17.67,0.17,53.84,0.0,1.83,60.26,-15.77948,-70.91799,4470
Crucero_Alto,2009-10-05,8.21,18.1,0.05,39.57,0.0,1.45,60.18,-15.77948,-70.91799,4470
Crucero_Alto,2009-10-06,5.69,12.74,-0.22,38.45,0.0,1.75,60.25,-15.77948,-70.91799,4470
Crucero_Alto,2009-10-07,7.71,16.62,-0.48,37.39,0.0,1.53,60.32,-15.77948,-70.91799,4470
Crucero_Alto,2009-10-08,8.7,18.95,0.04,45.58,0.0,1.78,60.33,-15.77948,-70.91799,4470
Crucero_Alto,2009-10-09,8.94,19.11,1.88,44.58,0.0,1.23,60.25,-15.77948,-70.91799,4470
Crucero_Alto,2009-10-10,6.65,18.31,-2.67,21.18,0.0,3.01,60.19,-15.77948,-70.91799,4470
Crucero_Alto,2009-10-11,5.8,18.62,-4.21,19.59,0.0,2.9,60.15,-15.77948,-70.91799,4470
Crucero_Alto,2009-10-12,5.93,18.9,-4.18,18.51,0.0,2.27,60.13,-15.77948,-70.91799,4470
Crucero_Alto,2009-10-13,5.63,18.84,-4.11,28.2,0.0,3.2,60.09,-15.77948,-70.91799,4470
Crucero_Alto,2009-10-14,6.18,19.14,-4.43,25.89,0.0,2.33,60.03,-15.77948,-70.91799,4470
Crucero_Alto,2009-10-15,7.78,18.47,-1.81,49.06,0.0,2.17,60.02,-15.77948,-70.91799,4470
Crucero_Alto,2009-10-16,7.71,18.91,-2.16,47.63,0.18,2.44,60.18,-15.77948,-70.91799,4470
Crucero_Alto,2009-10-17,6.2,14.56,1.43,61.83,0.01,2.47,60.28,-15.77948,-70.91799,4470
Crucero_Alto,2009-10-18,7.79,18.09,0.7,61.03,12.91,1.77,60.23,-15.77948,-70.91799,4470
Crucero_Alto,2009-10-19,7.5,15.55,0.11,53.78,2.46,1.61,60.16,-15.77948,-70.91799,4470
Crucero_Alto,2009-10-20,7.83,18.57,-1.12,36.67,0.18,1.76,60.08,-15.77948,-70.91799,4470
Crucero_Alto,2009-10-21,7.98,18.64,-0.49,46.34,0.01,2.2,60.13,-15.77948,-70.91799,4470
Crucero_Alto,2009-10-22,9.95,18.39,2.66,52.94,0.04,2.06,60.11,-15.77948,-70.91799,4470
Crucero_Alto,2009-10-23,6.34,15.09,1.41,66.73,0.26,2.67,60.12,-15.77948,-70.91799,4470
Crucero_Alto,2009-10-24,8.1,17.81,-0.99,51.43,0.45,1.38,60.1,-15.77948,-70.91799,4470
Crucero_Alto,2009-10-25,8.48,17.59,0.91,43.44,0.25,1.39,60.09,-15.77948,-70.91799,4470
Crucero_Alto,2009-10-26,8.48,18.19,-0.42,43.79,0.0,2.41,60.1,-15.77948,-70.91799,4470
Crucero_Alto,2009-10-27,8.34,19.42,0.28,40.87,0.0,2.43,60.09,-15.77948,-70.91799,4470
Crucero_Alto,2009-10-28,8.24,18.1,-1.93,42.98,0.0,2.93,60.17,-15.77948,-70.91799,4470
Crucero_Alto,2009-10-29,7.56,16.08,-0.6,53.49,0.0,4.46,60.27,-15.77948,-70.91799,4470
Crucero_Alto,2009-10-30,7.88,16.71,2.08,57.88,0.0,2.55,60.2,-15.77948,-70.91799,4470
Crucero_Alto,2009-10-31,8.19,16.41,0.29,56.25,0.0,2.15,60.17,-15.77948,-70.91799,4470
Crucero_Alto,2009-11-01,9.75,19.01,1.81,49.65,0.0,2.03,60.12,-15.77948,-70.91799,4470
Crucero_Alto,2009-11-02,8.11,16.97,2.07,59.23,0.0,1.9,60.13,-15.77948,-70.91799,4470
Crucero_Alto,2009-11-03,7.67,15.8,1.57,61.87,0.0,1.87,60.06,-15.77948,-70.91799,4470
Crucero_Alto,2009-11-04,7.31,15.96,0.9,60.79,0.0,1.84,60.04,-15.77948,-70.91799,4470
Crucero_Alto,2009-11-05,7.18,19.71,-2.39,56.46,0.0,3.2,60.04,-15.77948,-70.91799,4470
Crucero_Alto,2009-11-06,5.73,18.51,-3.34,54.24,0.0,4.52,60.03,-15.77948,-70.91799,4470
Crucero_Alto,2009-11-07,6.26,18.76,-2.93,44.32,0.0,3.25,60.0,-15.77948,-70.91799,4470
Crucero_Alto,2009-11-08,7.03,19.75,-3.08,34.17,0.0,3.06,60.05,-15.77948,-70.91799,4470
Crucero_Alto,2009-11-09,8.0,18.47,-0.75,35.52,0.0,2.22,60.09,-15.77948,-70.91799,4470
Crucero_Alto,2009-11-10,10.51,20.8,2.05,34.94,0.0,1.84,60.08,-15.77948,-70.91799,4470
Crucero_Alto,2009-11-11,9.97,16.31,5.41,60.46,0.0,2.57,60.05,-15.77948,-70.91799,4470
Crucero_Alto,2009-11-12,10.18,18.71,4.77,58.17,0.17,2.32,60.04,-15.77948,-70.91799,4470
Crucero_Alto,2009-11-13,8.43,15.46,4.16,63.02,0.02,3.03,60.12,-15.77948,-70.91799,4470
Crucero_Alto,2009-11-14,8.83,15.54,3.27,64.29,8.6,2.72,60.16,-15.77948,-70.91799,4470
Crucero_Alto,2009-11-15,7.53,14.71,4.11,72.84,4.54,1.75,60.14,-15.77948,-70.91799,4470
Crucero_Alto,2009-11-16,7.57,14.37,4.05,70.14,2.6,2.09,60.09,-15.77948,-70.91799,4470
Crucero_Alto,2009-11-17,7.08,16.51,1.74,67.82,3.41,2.03,60.08,-15.77948,-70.91799,4470
Crucero_Alto,2009-11-18,6.25,15.37,1.12,67.53,2.21,2.51,60.14,-15.77948,-70.91799,4470
Crucero_Alto,2009-11-19,9.75,18.9,2.5,57.3,0.12,2.17,60.15,-15.77948,-70.91799,4470
Crucero_Alto,2009-11-20,8.75,14.83,4.28,67.28,5.21,2.2,60.19,-15.77948,-70.91799,4470
Crucero_Alto,2009-11-21,9.59,16.23,3.28,58.44,0.7,1.93,60.14,-15.77948,-70.91799,4470
Crucero_Alto,2009-11-22,9.98,16.75,5.33,61.27,0.0,2.07,60.18,-15.77948,-70.91799,4470
Crucero_Alto,2009-11-23,10.52,19.02,5.08,58.19,0.0,2.86,60.13,-15.77948,-70.91799,4470
Crucero_Alto,2009-11-24,8.04,14.89,3.29,64.7,2.45,2.85,60.08,-15.77948,-70.91799,4470
Crucero_Alto,2009-11-25,8.83,17.18,1.69,60.12,0.54,2.37,60.07,-15.77948,-70.91799,4470
Crucero_Alto,2009-11-26,9.62,16.2,4.22,60.8,0.14,1.96,60.12,-15.77948,-70.91799,4470
Crucero_Alto,2009-11-27,9.02,15.02,4.47,65.37,0.62,2.31,60.11,-15.77948,-70.91799,4470
Crucero_Alto,2009-11-28,10.18,17.23,5.06,59.17,1.56,3.07,60.05,-15.77948,-70.91799,4470
Crucero_Alto,2009-11-29,8.14,13.48,4.63,68.4,0.62,2.17,60.08,-15.77948,-70.91799,4470
Crucero_Alto,2009-11-30,8.65,17.42,2.44,66.13,0.12,1.97,60.02,-15.77948,-70.91799,4470
Crucero_Alto,2009-12-01,6.74,15.67,1.73,68.74,8.18,2.4,59.99,-15.77948,-70.91799,4470
Crucero_Alto,2009-12-02,7.97,18.49,-0.45,60.91,0.0,2.61,60.03,-15.77948,-70.91799,4470
Crucero_Alto,2009-12-03,8.69,17.19,2.47,57.96,0.01,2.6,60.06,-15.77948,-70.91799,4470
Crucero_Alto,2009-12-04,8.71,20.47,-1.54,52.47,0.1,2.86,60.04,-15.77948,-70.91799,4470
Crucero_Alto,2009-12-05,7.7,20.08,-2.43,43.76,0.01,3.01,60.04,-15.77948,-70.91799,4470
Crucero_Alto,2009-12-06,7.86,20.29,-1.13,36.89,0.0,2.57,60.06,-15.77948,-70.91799,4470
Crucero_Alto,2009-12-07,7.57,20.11,-2.79,41.42,0.0,2.87,60.1,-15.77948,-70.91799,4470
Crucero_Alto,2009-12-08,7.55,15.91,-0.55,46.9,0.01,1.43,60.11,-15.77948,-70.91799,4470
Crucero_Alto,2009-12-09,7.92,16.14,2.39,60.82,2.5,2.2,60.11,-15.77948,-70.91799,4470
Crucero_Alto,2009-12-10,6.26,15.61,1.04,65.4,2.9,2.43,60.11,-15.77948,-70.91799,4470
Crucero_Alto,2009-12-11,7.94,19.35,-0.24,48.42,0.02,3.07,60.15,-15.77948,-70.91799,4470
Crucero_Alto,2009-12-12,8.89,19.44,-1.88,33.67,0.0,1.85,60.12,-15.77948,-70.91799,4470
Crucero_Alto,2009-12-13,8.69,15.73,3.99,61.23,0.0,1.86,60.11,-15.77948,-70.91799,4470
Crucero_Alto,2009-12-14,9.79,19.09,2.24,50.58,0.0,2.03,60.07,-15.77948,-70.91799,4470
Crucero_Alto,2009-12-15,8.92,16.4,2.98,57.27,0.0,2.69,60.14,-15.77948,-70.91799,4470
Crucero_Alto,2009-12-16,8.88,18.18,2.58,58.25,4.17,2.14,60.12,-15.77948,-70.91799,4470
Crucero_Alto,2009-12-17,6.44,13.64,0.57,70.27,9.13,2.44,60.08,-15.77948,-70.91799,4470
Crucero_Alto,2009-12-18,6.87,14.92,1.97,70.35,3.81,1.97,60.12,-15.77948,-70.91799,4470
Crucero_Alto,2009-12-19,6.01,15.2,1.14,71.08,1.11,2.72,60.15,-15.77948,-70.91799,4470
Crucero_Alto,2009-12-20,7.9,17.74,0.86,53.41,0.5,2.89,60.19,-15.77948,-70.91799,4470
Crucero_Alto,2009-12-21,4.94,11.2,0.44,59.46,0.71,2.02,60.27,-15.77948,-70.91799,4470
Crucero_Alto,2009-12-22,7.75,18.58,-0.74,58.63,3.17,2.24,60.24,-15.77948,-70.91799,4470
Crucero_Alto,2009-12-23,7.65,14.87,1.15,66.4,4.2,1.95,60.22,-15.77948,-70.91799,4470
Crucero_Alto,2009-12-24,8.84,15.71,4.19,66.41,3.45,2.37,60.18,-15.77948,-70.91799,4470
Crucero_Alto,2009-12-25,8.38,14.67,4.12,69.98,7.76,2.42,60.14,-15.77948,-70.91799,4470
Crucero_Alto,2009-12-26,7.73,15.29,3.07,64.89,0.9,2.18,60.1,-15.77948,-70.91799,4470
Crucero_Alto,2009-12-27,7.18,14.4,1.79,62.44,1.56,2.25,60.08,-15.77948,-70.91799,4470
Crucero_Alto,2009-12-28,7.15,17.36,-1.03,58.62,3.14,2.45,60.06,-15.77948,-70.91799,4470
Crucero_Alto,2009-12-29,6.34,17.71,-1.25,50.98,9.66,3.92,60.06,-15.77948,-70.91799,4470
Crucero_Alto,2009-12-30,6.62,18.18,-3.6,47.97,0.09,2.96,60.08,-15.77948,-70.91799,4470
Crucero_Alto,2009-12-31,7.2,19.11,-1.9,45.84,0.0,3.2,60.15,-15.77948,-70.91799,4470
Crucero_Alto,2010-01-01,8.24,17.65,-0.8,47.82,0.0,1.61,60.1,-15.77948,-70.91799,4470
Crucero_Alto,2010-01-02,9.65,17.45,4.05,59.28,0.16,2.36,60.06,-15.77948,-70.91799,4470
Crucero_Alto,2010-01-03,7.48,13.86,2.61,69.52,5.38,2.02,60.07,-15.77948,-70.91799,4470
Crucero_Alto,2010-01-04,8.19,16.18,1.76,66.46,0.33,2.27,60.09,-15.77948,-70.91799,4470
Crucero_Alto,2010-01-05,10.06,18.22,3.8,61.33,0.0,2.63,60.15,-15.77948,-70.91799,4470
Crucero_Alto,2010-01-06,10.2,18.22,3.09,58.34,0.19,2.5,60.12,-15.77948,-70.91799,4470
Crucero_Alto,2010-01-07,9.81,17.77,3.7,61.37,1.1,1.92,60.17,-15.77948,-70.91799,4470
Crucero_Alto,2010-01-08,6.76,17.24,2.12,70.99,0.57,2.12,60.16,-15.77948,-70.91799,4470
Crucero_Alto,2010-01-09,8.41,15.86,2.66,66.5,2.93,2.09,60.12,-15.77948,-70.91799,4470
Crucero_Alto,2010-01-10,9.37,17.64,3.69,65.67,0.88,2.18,60.06,-15.77948,-70.91799,4470
Crucero_Alto,2010-01-11,7.25,15.88,0.95,63.89,0.17,2.59,60.13,-15.77948,-70.91799,4470
Crucero_Alto,2010-01-12,8.87,20.19,0.99,57.45,0.0,2.12,60.13,-15.77948,-70.91799,4470
Crucero_Alto,2010-01-13,7.89,14.37,2.99,65.03,0.0,1.96,60.18,-15.77948,-70.91799,4470
Crucero_Alto,2010-01-14,7.59,15.37,1.37,64.19,0.01,2.06,60.19,-15.77948,-70.91799,4470
Crucero_Alto,2010-01-15,6.02,12.03,1.42,70.75,0.12,2.43,60.25,-15.77948,-70.91799,4470
Crucero_Alto,2010-01-16,7.19,15.59,2.66,72.77,2.41,2.14,60.24,-15.77948,-70.91799,4470
Crucero_Alto,2010-01-17,8.28,15.68,1.51,65.57,0.09,1.84,60.28,-15.77948,-70.91799,4470
Crucero_Alto,2010-01-18,8.49,16.32,3.6,66.29,0.69,2.49,60.24,-15.77948,-70.91799,4470
Crucero_Alto,2010-01-19,8.72,18.55,1.45,60.1,1.0,2.79,60.15,-15.77948,-70.91799,4470
Crucero_Alto,2010-01-20,8.17,19.44,-1.08,45.77,0.19,2.31,60.13,-15.77948,-70.91799,4470
Crucero_Alto,2010-01-21,8.63,17.87,1.66,57.49,0.14,1.27,60.15,-15.77948,-70.91799,4470
Crucero_Alto,2010-01-22,8.07,15.69,2.86,63.45,0.42,1.66,60.21,-15.77948,-70.91799,4470
Crucero_Alto,2010-01-23,7.88,17.17,-0.02,61.92,7.46,1.73,60.12,-15.77948,-70.91799,4470
Crucero_Alto,2010-01-24,6.59,16.25,1.29,71.99,10.24,2.21,60.08,-15.77948,-70.91799,4470
Crucero_Alto,2010-01-25,6.24,14.59,0.83,66.9,11.37,2.14,60.16,-15.77948,-70.91799,4470
Crucero_Alto,2010-01-26,6.63,17.32,-0.66,56.54,2.22,1.56,60.18,-15.77948,-70.91799,4470
Crucero_Alto,2010-01-27,8.74,20.17,-1.46,54.68,0.17,0.99,60.03,-15.77948,-70.91799,4470
Crucero_Alto,2010-01-28,7.89,17.04,1.59,57.09,2.36,1.96,60.06,-15.77948,-70.91799,4470
Crucero_Alto,2010-01-29,8.75,19.24,1.83,41.15,0.17,2.05,60.01,-15.77948,-70.91799,4470
Crucero_Alto,2010-01-30,7.9,16.99,1.75,52.59,0.19,1.81,60.05,-15.77948,-70.91799,4470
Crucero_Alto,2010-01-31,7.27,18.47,0.59,48.08,1.52,1.88,60.15,-15.77948,-70.91799,4470
Crucero_Alto,2010-02-01,7.38,15.11,0.5,52.2,4.71,1.29,60.18,-15.77948,-70.91799,4470
Crucero_Alto,2010-02-02,8.26,17.71,0.78,58.53,0.35,1.69,60.13,-15.77948,-70.91799,4470
Crucero_Alto,2010-02-03,8.63,18.63,0.65,52.97,1.38,1.51,60.18,-15.77948,-70.91799,4470
Crucero_Alto,2010-02-04,6.99,15.76,1.87,66.75,6.02,2.06,60.19,-15.77948,-70.91799,4470
Crucero_Alto,2010-02-05,6.63,16.31,1.15,62.92,2.39,2.23,60.22,-15.77948,-70.91799,4470
Crucero_Alto,2010-02-06,7.0,16.62,0.67,62.82,0.18,2.86,60.18,-15.77948,-70.91799,4470
Crucero_Alto,2010-02-07,8.93,18.59,1.06,56.24,1.42,2.71,60.2,-15.77948,-70.91799,4470
Crucero_Alto,2010-02-08,8.58,14.85,3.25,68.93,0.35,2.1,60.33,-15.77948,-70.91799,4470
Crucero_Alto,2010-02-09,7.34,14.29,2.44,78.32,1.31,2.0,60.19,-15.77948,-70.91799,4470
Crucero_Alto,2010-02-10,9.89,21.6,0.31,51.95,0.05,2.23,60.06,-15.77948,-70.91799,4470
Crucero_Alto,2010-02-11,9.16,19.65,-1.1,49.68,0.0,2.06,60.11,-15.77948,-70.91799,4470
Crucero_Alto,2010-02-12,9.63,18.31,1.95,60.9,0.0,1.99,60.18,-15.77948,-70.91799,4470
Crucero_Alto,2010-02-13,8.29,12.76,3.66,68.55,0.28,1.53,60.18,-15.77948,-70.91799,4470
Crucero_Alto,2010-02-14,7.8,17.31,2.54,69.04,0.26,1.55,60.17,-15.77948,-70.91799,4470
Crucero_Alto,2010-02-15,9.28,19.96,2.9,63.83,0.0,2.17,60.1,-15.77948,-70.91799,4470
Crucero_Alto,2010-02-16,9.18,18.6,0.21,59.27,2.54,1.77,60.05,-15.77948,-70.91799,4470
Crucero_Alto,2010-02-17,7.49,16.47,1.47,71.78,11.08,2.18,60.13,-15.77948,-70.91799,4470
Crucero_Alto,2010-02-18,6.34,14.67,0.6,74.7,2.89,2.86,60.23,-15.77948,-70.91799,4470
Crucero_Alto,2010-02-19,7.31,18.48,1.19,71.15,0.54,2.05,60.29,-15.77948,-70.91799,4470
Crucero_Alto,2010-02-20,7.43,17.29,1.16,70.71,0.49,1.91,60.31,-15.77948,-70.91799,4470
Crucero_Alto,2010-02-21,8.63,15.69,4.44,71.13,2.04,2.18,60.22,-15.77948,-70.91799,4470
Crucero_Alto,2010-02-22,8.09,16.82,3.34,72.49,4.33,2.09,60.16,-15.77948,-70.91799,4470
Crucero_Alto,2010-02-23,7.95,17.34,2.93,69.5,1.4,1.89,60.13,-15.77948,-70.91799,4470
Crucero_Alto,2010-02-24,7.63,14.43,2.41,71.81,0.62,2.46,60.17,-15.77948,-70.91799,4470
Crucero_Alto,2010-02-25,6.7,11.84,3.24,73.8,0.94,1.54,60.25,-15.77948,-70.91799,4470
Crucero_Alto,2010-02-26,7.66,16.7,2.4,70.11,0.62,2.02,60.17,-15.77948,-70.91799,4470
Crucero_Alto,2010-02-27,6.56,14.79,1.0,71.07,1.93,1.87,60.18,-15.77948,-70.91799,4470
Crucero_Alto,2010-02-28,8.2,17.4,0.76,66.63,0.92,1.28,60.21,-15.77948,-70.91799,4470
Crucero_Alto,2010-03-01,8.34,14.91,3.24,68.1,0.37,2.27,60.23,-15.77948,-70.91799,4470
Crucero_Alto,2010-03-02,9.52,18.24,2.47,60.51,0.04,1.57,60.22,-15.77948,-70.91799,4470
Crucero_Alto,2010-03-03,7.66,15.94,2.32,66.79,0.09,1.89,60.27,-15.77948,-70.91799,4470
Crucero_Alto,2010-03-04,8.7,16.2,2.24,61.94,0.01,2.04,60.33,-15.77948,-70.91799,4470
Crucero_Alto,2010-03-05,8.37,15.59,2.82,68.69,1.79,3.6,60.32,-15.77948,-70.91799,4470
Crucero_Alto,2010-03-06,8.91,16.79,2.93,66.67,0.41,2.84,60.33,-15.77948,-70.91799,4470
Crucero_Alto,2010-03-07,9.08,16.96,2.38,64.15,0.0,2.36,60.36,-15.77948,-70.91799,4470
Crucero_Alto,2010-03-08,9.53,18.68,2.4,57.65,0.0,2.22,60.31,-15.77948,-70.91799,4470
Crucero_Alto,2010-03-09,9.39,19.0,1.94,57.94,0.0,2.11,60.32,-15.77948,-70.91799,4470
Crucero_Alto,2010-03-10,9.65,19.75,0.44,53.69,0.0,1.45,60.32,-15.77948,-70.91799,4470
Crucero_Alto,2010-03-11,9.56,19.02,1.18,56.18,0.0,1.96,60.24,-15.77948,-70.91799,4470
Crucero_Alto,2010-03-12,7.75,16.1,2.46,64.87,0.68,2.03,60.19,-15.77948,-70.91799,4470
Crucero_Alto,2010-03-13,7.61,18.19,0.67,52.59,0.42,2.82,60.22,-15.77948,-70.91799,4470
Crucero_Alto,2010-03-14,8.63,19.52,-2.27,55.61,0.01,1.56,60.22,-15.77948,-70.91799,4470
Crucero_Alto,2010-03-15,7.71,16.59,1.3,66.53,0.01,1.93,60.27,-15.77948,-70.91799,4470
Crucero_Alto,2010-03-16,7.43,12.73,3.83,77.24,3.36,3.53,60.29,-15.77948,-70.91799,4470
Crucero_Alto,2010-03-17,9.07,16.47,3.25,68.26,0.31,1.77,60.3,-15.77948,-70.91799,4470
Crucero_Alto,2010-03-18,9.49,17.74,4.2,65.07,0.0,2.7,60.31,-15.77948,-70.91799,4470
Crucero_Alto,2010-03-19,9.14,17.31,3.68,67.41,0.0,2.5,60.35,-15.77948,-70.91799,4470
Crucero_Alto,2010-03-20,10.07,18.22,3.94,60.54,0.0,1.63,60.4,-15.77948,-70.91799,4470
Crucero_Alto,2010-03-21,8.53,15.94,3.41,68.69,0.0,1.65,60.3,-15.77948,-70.91799,4470
Crucero_Alto,2010-03-22,8.93,19.81,1.22,58.53,0.09,2.29,60.15,-15.77948,-70.91799,4470
Crucero_Alto,2010-03-23,7.88,16.97,-0.35,60.15,0.0,1.63,60.19,-15.77948,-70.91799,4470
Crucero_Alto,2010-03-24,8.39,16.03,3.85,68.55,1.24,2.18,60.21,-15.77948,-70.91799,4470
Crucero_Alto,2010-03-25,8.07,15.65,2.83,68.07,0.21,2.95,60.24,-15.77948,-70.91799,4470
Crucero_Alto,2010-03-26,8.64,16.74,1.92,64.73,0.0,2.29,60.27,-15.77948,-70.91799,4470
Crucero_Alto,2010-03-27,8.57,16.62,2.31,64.08,0.0,2.41,60.28,-15.77948,-70.91799,4470
Crucero_Alto,2010-03-28,7.41,13.92,3.25,68.35,0.3,1.8,60.19,-15.77948,-70.91799,4470
Crucero_Alto,2010-03-29,8.44,18.84,1.79,55.15,0.51,1.25,60.15,-15.77948,-70.91799,4470
Crucero_Alto,2010-03-30,7.8,18.83,-0.57,55.45,3.68,1.5,60.18,-15.77948,-70.91799,4470
Crucero_Alto,2010-03-31,6.18,17.7,-1.52,57.16,1.12,1.82,60.25,-15.77948,-70.91799,4470
Crucero_Alto,2010-04-01,7.01,17.93,-2.82,50.61,0.0,1.33,60.23,-15.77948,-70.91799,4470
Crucero_Alto,2010-04-02,8.44,17.71,0.8,54.87,0.0,1.77,60.17,-15.77948,-70.91799,4470
Crucero_Alto,2010-04-03,8.74,18.17,0.52,60.7,0.0,1.31,60.16,-15.77948,-70.91799,4470
Crucero_Alto,2010-04-04,8.68,15.92,4.17,64.13,0.01,2.91,60.25,-15.77948,-70.91799,4470
Crucero_Alto,2010-04-05,7.67,15.96,3.22,67.91,0.0,1.96,60.33,-15.77948,-70.91799,4470
Crucero_Alto,2010-04-06,8.03,15.85,3.28,63.95,0.0,1.39,60.31,-15.77948,-70.91799,4470
Crucero_Alto,2010-04-07,7.74,14.77,2.92,65.97,0.0,1.39,60.25,-15.77948,-70.91799,4470
Crucero_Alto,2010-04-08,8.09,16.99,2.77,61.84,0.07,1.58,60.28,-15.77948,-70.91799,4470
Crucero_Alto,2010-04-09,8.08,16.05,2.83,62.27,0.34,1.21,60.32,-15.77948,-70.91799,4470
Crucero_Alto,2010-04-10,7.89,18.12,0.89,54.97,0.0,1.45,60.29,-15.77948,-70.91799,4470
Crucero_Alto,2010-04-11,6.59,18.56,-1.49,44.61,0.0,1.66,60.18,-15.77948,-70.91799,4470
Crucero_Alto,2010-04-12,6.4,17.49,-2.95,33.95,0.0,1.12,60.07,-15.77948,-70.91799,4470
Crucero_Alto,2010-04-13,6.12,16.85,-1.38,51.62,0.0,1.56,60.12,-15.77948,-70.91799,4470
Crucero_Alto,2010-04-14,6.88,17.24,-0.92,58.98,0.13,2.24,60.3,-15.77948,-70.91799,4470
Crucero_Alto,2010-04-15,7.03,15.25,0.14,58.59,0.01,0.95,60.33,-15.77948,-70.91799,4470
Crucero_Alto,2010-04-16,6.91,15.4,1.69,62.51,0.0,1.32,60.23,-15.77948,-70.91799,4470
Crucero_Alto,2010-04-17,6.01,12.69,1.12,64.2,0.0,1.92,60.31,-15.77948,-70.91799,4470
Crucero_Alto,2010-04-18,7.46,16.71,1.07,67.31,0.0,1.66,60.43,-15.77948,-70.91799,4470
Crucero_Alto,2010-04-19,6.17,14.53,1.62,74.55,0.33,1.62,60.45,-15.77948,-70.91799,4470
Crucero_Alto,2010-04-20,8.81,18.94,0.83,58.36,0.09,1.03,60.39,-15.77948,-70.91799,4470
Crucero_Alto,2010-04-21,8.24,17.52,1.51,62.08,0.23,1.6,60.34,-15.77948,-70.91799,4470
Crucero_Alto,2010-04-22,7.86,16.09,2.1,64.14,0.0,1.34,60.34,-15.77948,-70.91799,4470
Crucero_Alto,2010-04-23,9.22,19.83,1.82,58.68,0.63,1.75,60.35,-15.77948,-70.91799,4470
Crucero_Alto,2010-04-24,7.57,18.74,0.11,55.91,0.09,2.21,60.38,-15.77948,-70.91799,4470
Crucero_Alto,2010-04-25,6.33,18.38,-1.6,44.45,0.0,2.67,60.38,-15.77948,-70.91799,4470
Crucero_Alto,2010-04-26,6.6,17.8,-3.69,26.81,0.0,1.64,60.38,-15.77948,-70.91799,4470
Crucero_Alto,2010-04-27,8.21,18.81,0.22,44.74,0.0,1.0,60.42,-15.77948,-70.91799,4470
Crucero_Alto,2010-04-28,7.86,17.77,-1.19,47.94,0.0,1.07,60.43,-15.77948,-70.91799,4470
Crucero_Alto,2010-04-29,8.37,17.68,1.88,63.45,0.05,2.19,60.33,-15.77948,-70.91799,4470
Crucero_Alto,2010-04-30,6.06,15.1,0.66,72.7,0.05,2.14,60.21,-15.77948,-70.91799,4470
Crucero_Alto,2010-05-01,6.28,14.64,0.42,73.84,2.69,2.22,60.32,-15.77948,-70.91799,4470
Crucero_Alto,2010-05-02,3.9,13.54,-4.88,61.1,0.37,3.45,60.36,-15.77948,-70.91799,4470
Crucero_Alto,2010-05-03,3.25,15.62,-6.21,33.22,0.0,2.42,60.29,-15.77948,-70.91799,4470
Crucero_Alto,2010-05-04,3.82,15.88,-3.85,37.39,0.02,1.76,60.25,-15.77948,-70.91799,4470
Crucero_Alto,2010-05-05,3.5,15.97,-3.87,34.98,0.0,2.33,60.23,-15.77948,-70.91799,4470
Crucero_Alto,2010-05-06,4.89,16.9,-5.63,21.92,0.0,1.21,60.26,-15.77948,-70.91799,4470
Crucero_Alto,2010-05-07,6.85,16.98,-1.03,33.63,0.0,0.97,60.34,-15.77948,-70.91799,4470
Crucero_Alto,2010-05-08,7.52,17.19,-0.03,35.1,0.0,0.95,60.39,-15.77948,-70.91799,4470
Crucero_Alto,2010-05-09,5.68,17.1,-1.83,31.81,0.0,2.1,60.4,-15.77948,-70.91799,4470
Crucero_Alto,2010-05-10,3.55,15.8,-5.34,19.7,0.0,2.35,60.35,-15.77948,-70.91799,4470
Crucero_Alto,2010-05-11,4.25,15.06,-3.71,15.66,0.0,1.76,60.24,-15.77948,-70.91799,4470
Crucero_Alto,2010-05-12,5.07,15.77,-4.45,24.66,0.0,1.32,60.18,-15.77948,-70.91799,4470
Crucero_Alto,2010-05-13,5.4,15.98,-1.58,38.6,0.0,1.5,60.19,-15.77948,-70.91799,4470
Crucero_Alto,2010-05-14,4.19,14.05,-2.76,66.8,0.14,2.68,60.23,-15.77948,-70.91799,4470
Crucero_Alto,2010-05-15,4.28,13.5,-3.52,66.16,0.01,3.23,60.23,-15.77948,-70.91799,4470
Crucero_Alto,2010-05-16,3.61,12.66,-2.35,71.46,0.0,3.15,60.26,-15.77948,-70.91799,4470
Crucero_Alto,2010-05-17,4.48,14.12,-1.73,56.35,0.0,3.22,60.29,-15.77948,-70.91799,4470
Crucero_Alto,2010-05-18,5.25,16.59,-2.56,38.99,0.0,2.18,60.31,-15.77948,-70.91799,4470
Crucero_Alto,2010-05-19,5.75,14.66,-2.72,48.54,0.0,0.98,60.31,-15.77948,-70.91799,4470
Crucero_Alto,2010-05-20,5.91,15.43,-1.43,54.18,0.0,1.47,60.33,-15.77948,-70.91799,4470
Crucero_Alto,2010-05-21,5.48,14.08,-1.03,58.89,0.0,1.54,60.35,-15.77948,-70.91799,4470
Crucero_Alto,2010-05-22,4.42,14.21,-2.3,58.02,0.0,2.21,60.23,-15.77948,-70.91799,4470
Crucero_Alto,2010-05-23,2.43,12.97,-5.95,64.22,0.0,3.38,60.06,-15.77948,-70.91799,4470
Crucero_Alto,2010-05-24,4.05,15.19,-4.81,54.59,0.01,2.3,60.05,-15.77948,-70.91799,4470
Crucero_Alto,2010-05-25,5.04,15.96,-2.4,60.14,0.0,2.2,60.13,-15.77948,-70.91799,4470
Crucero_Alto,2010-05-26,4.62,13.37,-0.9,71.67,2.45,1.62,60.24,-15.77948,-70.91799,4470
Crucero_Alto,2010-05-27,4.45,11.0,0.35,80.93,2.45,2.0,60.35,-15.77948,-70.91799,4470
Crucero_Alto,2010-05-28,5.73,13.57,0.2,74.97,0.2,2.1,60.35,-15.77948,-70.91799,4470
Crucero_Alto,2010-05-29,5.89,16.84,-1.53,66.34,0.0,2.54,60.34,-15.77948,-70.91799,4470
Crucero_Alto,2010-05-30,6.43,16.23,-1.92,51.76,0.01,1.71,60.43,-15.77948,-70.91799,4470
Crucero_Alto,2010-05-31,5.52,14.43,-0.76,61.12,0.0,2.11,60.46,-15.77948,-70.91799,4470
Crucero_Alto,2010-06-01,3.05,14.25,-5.32,51.09,0.0,2.58,60.35,-15.77948,-70.91799,4470
Crucero_Alto,2010-06-02,3.9,15.27,-4.05,45.96,0.0,2.17,60.2,-15.77948,-70.91799,4470
Crucero_Alto,2010-06-03,5.12,16.04,-3.28,47.47,0.0,1.74,60.27,-15.77948,-70.91799,4470
Crucero_Alto,2010-06-04,5.9,14.87,-1.67,47.44,0.0,0.81,60.41,-15.77948,-70.91799,4470
Crucero_Alto,2010-06-05,5.81,13.69,-0.2,63.91,0.0,0.68,60.44,-15.77948,-70.91799,4470
Crucero_Alto,2010-06-06,5.0,14.45,-2.08,45.58,0.0,1.92,60.39,-15.77948,-70.91799,4470
Crucero_Alto,2010-06-07,5.64,14.14,-1.55,48.28,0.0,0.86,60.4,-15.77948,-70.91799,4470
Crucero_Alto,2010-06-08,5.42,13.63,-1.74,57.42,0.0,1.12,60.47,-15.77948,-70.91799,4470
Crucero_Alto,2010-06-09,4.52,13.85,-2.24,49.21,0.0,1.6,60.5,-15.77948,-70.91799,4470
Crucero_Alto,2010-06-10,3.53,12.54,-2.97,63.49,0.0,2.3,60.46,-15.77948,-70.91799,4470
Crucero_Alto,2010-06-11,5.1,14.58,-2.61,54.36,0.0,1.37,60.46,-15.77948,-70.91799,4470
Crucero_Alto,2010-06-12,5.52,14.79,-1.9,43.65,0.0,1.24,60.4,-15.77948,-70.91799,4470
Crucero_Alto,2010-06-13,4.7,15.34,-2.96,51.21,0.0,1.08,60.29,-15.77948,-70.91799,4470
Crucero_Alto,2010-06-14,4.15,15.14,-4.81,41.46,0.0,1.62,60.26,-15.77948,-70.91799,4470
Crucero_Alto,2010-06-15,4.56,15.91,-3.05,40.17,0.0,1.9,60.27,-15.77948,-70.91799,4470
Crucero_Alto,2010-06-16,4.36,15.38,-3.35,50.24,0.0,2.01,60.36,-15.77948,-70.91799,4470
Crucero_Alto,2010-06-17,4.25,15.23,-2.76,51.71,0.0,2.46,60.28,-15.77948,-70.91799,4470
Crucero_Alto,2010-06-18,3.78,14.55,-3.9,49.13,0.01,2.49,60.24,-15.77948,-70.91799,4470
Crucero_Alto,2010-06-19,5.05,14.4,-2.92,50.32,0.0,1.53,60.21,-15.77948,-70.91799,4470
Crucero_Alto,2010-06-20,5.07,13.34,-0.7,59.43,7.08,1.28,60.24,-15.77948,-70.91799,4470
Crucero_Alto,2010-06-21,6.11,13.55,0.62,64.95,0.12,1.37,60.35,-15.77948,-70.91799,4470
Crucero_Alto,2010-06-22,6.02,14.37,1.06,70.76,0.01,2.45,60.42,-15.77948,-70.91799,4470
Crucero_Alto,2010-06-23,6.81,16.49,0.33,59.7,0.0,1.67,60.36,-15.77948,-70.91799,4470
Crucero_Alto,2010-06-24,5.84,15.56,-1.58,57.08,0.0,1.58,60.35,-15.77948,-70.91799,4470
Crucero_Alto,2010-06-25,6.45,15.43,-0.42,60.54,0.0,2.07,60.35,-15.77948,-70.91799,4470
Crucero_Alto,2010-06-26,5.37,15.5,-2.61,55.4,0.0,1.63,60.35,-15.77948,-70.91799,4470
Crucero_Alto,2010-06-27,5.3,15.17,-2.07,59.76,0.0,1.77,60.24,-15.77948,-70.91799,4470
Crucero_Alto,2010-06-28,4.52,12.3,-2.1,69.06,0.0,2.26,60.27,-15.77948,-70.91799,4470
Crucero_Alto,2010-06-29,4.02,14.22,-2.71,66.08,0.0,2.44,60.31,-15.77948,-70.91799,4470
Crucero_Alto,2010-06-30,4.24,14.59,-5.18,56.35,0.0,1.2,60.28,-15.77948,-70.91799,4470
Crucero_Alto,2010-07-01,5.31,14.53,-1.61,55.23,0.0,1.36,60.31,-15.77948,-70.91799,4470
Crucero_Alto,2010-07-02,5.37,15.28,-3.26,43.23,0.0,0.81,60.25,-15.77948,-70.91799,4470
Crucero_Alto,2010-07-03,5.96,15.16,-1.33,42.46,0.0,1.32,60.3,-15.77948,-70.91799,4470
Crucero_Alto,2010-07-04,5.9,15.12,-2.24,42.98,0.0,1.39,60.32,-15.77948,-70.91799,4470
Crucero_Alto,2010-07-05,5.42,16.54,-2.61,41.7,0.0,1.58,60.3,-15.77948,-70.91799,4470
Crucero_Alto,2010-07-06,3.12,14.81,-5.07,37.92,0.0,1.9,60.33,-15.77948,-70.91799,4470
Crucero_Alto,2010-07-07,4.07,14.25,-4.79,28.91,0.0,1.17,60.2,-15.77948,-70.91799,4470
Crucero_Alto,2010-07-08,4.22,14.93,-2.03,34.41,0.0,1.98,60.2,-15.77948,-70.91799,4470
Crucero_Alto,2010-07-09,2.77,13.52,-3.91,37.33,0.0,1.89,60.24,-15.77948,-70.91799,4470
Crucero_Alto,2010-07-10,2.65,13.0,-4.58,34.28,0.0,2.24,60.27,-15.77948,-70.91799,4470
Crucero_Alto,2010-07-11,0.88,12.18,-6.53,26.21,0.0,2.65,60.2,-15.77948,-70.91799,4470
Crucero_Alto,2010-07-12,2.97,14.51,-5.62,15.87,0.0,1.8,60.16,-15.77948,-70.91799,4470
Crucero_Alto,2010-07-13,1.31,12.65,-5.69,17.86,0.0,2.19,60.21,-15.77948,-70.91799,4470
Crucero_Alto,2010-07-14,0.35,10.97,-6.08,20.44,0.01,2.93,60.14,-15.77948,-70.91799,4470
Crucero_Alto,2010-07-15,-0.26,9.17,-6.19,30.89,0.0,3.78,60.07,-15.77948,-70.91799,4470
Crucero_Alto,2010-07-16,0.98,9.39,-5.61,50.3,0.01,2.85,60.06,-15.77948,-70.91799,4470
Crucero_Alto,2010-07-17,1.03,12.07,-7.1,55.25,0.1,4.15,60.14,-15.77948,-70.91799,4470
Crucero_Alto,2010-07-18,-0.84,9.64,-7.34,22.5,0.0,3.77,60.33,-15.77948,-70.91799,4470
Crucero_Alto,2010-07-19,1.06,12.9,-6.82,15.02,0.0,1.97,60.31,-15.77948,-70.91799,4470
Crucero_Alto,2010-07-20,1.61,13.96,-5.61,23.56,0.0,2.87,60.3,-15.77948,-70.91799,4470
Crucero_Alto,2010-07-21,1.61,12.77,-5.69,29.3,0.0,3.19,60.3,-15.77948,-70.91799,4470
Crucero_Alto,2010-07-22,2.72,14.67,-4.91,20.74,0.0,2.25,60.34,-15.77948,-70.91799,4470
Crucero_Alto,2010-07-23,4.48,14.9,-4.44,21.58,0.0,1.36,60.37,-15.77948,-70.91799,4470
Crucero_Alto,2010-07-24,3.27,14.01,-3.22,24.2,0.0,2.44,60.4,-15.77948,-70.91799,4470
Crucero_Alto,2010-07-25,4.56,15.1,-3.48,25.56,0.0,0.93,60.31,-15.77948,-70.91799,4470
Crucero_Alto,2010-07-26,5.39,13.19,-0.49,58.9,0.0,1.62,60.26,-15.77948,-70.91799,4470
Crucero_Alto,2010-07-27,4.62,14.76,-2.66,42.09,0.0,1.67,60.31,-15.77948,-70.91799,4470
Crucero_Alto,2010-07-28,5.33,15.1,-2.58,26.86,0.0,1.26,60.32,-15.77948,-70.91799,4470
Crucero_Alto,2010-07-29,4.93,15.62,-2.54,44.69,0.0,2.11,60.28,-15.77948,-70.91799,4470
Crucero_Alto,2010-07-30,2.27,12.95,-5.78,46.2,0.0,3.53,60.15,-15.77948,-70.91799,4470
Crucero_Alto,2010-07-31,1.36,11.88,-5.69,31.92,0.0,3.18,60.11,-15.77948,-70.91799,4470
Crucero_Alto,2010-08-01,2.74,13.8,-4.48,28.98,0.0,2.6,60.12,-15.77948,-70.91799,4470
Crucero_Alto,2010-08-02,4.9,14.66,-3.5,37.94,0.0,1.52,60.22,-15.77948,-70.91799,4470
Crucero_Alto,2010-08-03,4.9,15.16,-1.54,49.47,0.0,2.39,60.31,-15.77948,-70.91799,4470
Crucero_Alto,2010-08-04,4.98,16.36,-5.68,32.0,0.0,1.64,60.29,-15.77948,-70.91799,4470
Crucero_Alto,2010-08-05,4.57,14.5,-2.25,35.23,0.0,2.29,60.36,-15.77948,-70.91799,4470
Crucero_Alto,2010-08-06,5.16,14.68,-2.27,31.0,0.0,1.82,60.35,-15.77948,-70.91799,4470
Crucero_Alto,2010-08-07,6.19,16.03,-2.98,21.86,0.0,0.92,60.4,-15.77948,-70.91799,4470
Crucero_Alto,2010-08-08,6.01,16.14,-1.02,25.26,0.0,1.78,60.39,-15.77948,-70.91799,4470
Crucero_Alto,2010-08-09,4.27,15.39,-3.68,47.47,0.0,1.88,60.29,-15.77948,-70.91799,4470
Crucero_Alto,2010-08-10,4.42,15.76,-4.82,47.6,0.0,1.84,60.26,-15.77948,-70.91799,4470
Crucero_Alto,2010-08-11,3.59,15.35,-4.04,48.88,0.0,3.53,60.26,-15.77948,-70.91799,4470
Crucero_Alto,2010-08-12,3.53,14.45,-5.52,29.9,0.0,2.43,60.32,-15.77948,-70.91799,4470
Crucero_Alto,2010-08-13,5.07,14.31,-2.47,57.16,0.0,2.07,60.37,-15.77948,-70.91799,4470
Crucero_Alto,2010-08-14,6.33,16.18,-3.01,49.17,0.0,1.02,60.39,-15.77948,-70.91799,4470
Crucero_Alto,2010-08-15,5.66,16.26,-2.69,41.43,0.0,0.99,60.35,-15.77948,-70.91799,4470
Crucero_Alto,2010-08-16,6.33,17.16,-3.68,30.31,0.0,1.26,60.28,-15.77948,-70.91799,4470
Crucero_Alto,2010-08-17,7.16,16.52,-0.8,43.23,0.0,0.83,60.32,-15.77948,-70.91799,4470
Crucero_Alto,2010-08-18,7.3,16.65,-0.62,50.58,0.0,1.01,60.36,-15.77948,-70.91799,4470
Crucero_Alto,2010-08-19,6.78,15.7,-0.83,50.52,0.0,1.15,60.24,-15.77948,-70.91799,4470
Crucero_Alto,2010-08-20,5.67,14.05,-0.69,59.19,0.0,1.74,60.25,-15.77948,-70.91799,4470
Crucero_Alto,2010-08-21,4.77,15.4,-3.56,52.17,0.0,2.15,60.31,-15.77948,-70.91799,4470
Crucero_Alto,2010-08-22,5.32,16.65,-3.28,41.6,0.0,1.15,60.37,-15.77948,-70.91799,4470
Crucero_Alto,2010-08-23,6.0,17.62,-3.47,29.8,0.0,1.14,60.3,-15.77948,-70.91799,4470
Crucero_Alto,2010-08-24,7.0,17.39,-2.37,33.27,0.0,1.44,60.28,-15.77948,-70.91799,4470
Crucero_Alto,2010-08-25,7.93,17.86,-0.75,49.57,0.0,0.98,60.31,-15.77948,-70.91799,4470
Crucero_Alto,2010-08-26,7.04,17.1,-0.98,36.55,0.0,1.16,60.31,-15.77948,-70.91799,4470
Crucero_Alto,2010-08-27,6.4,17.33,-2.71,24.9,0.0,1.41,60.23,-15.77948,-70.91799,4470
Crucero_Alto,2010-08-28,6.29,15.01,-1.58,26.41,0.0,1.25,60.18,-15.77948,-70.91799,4470
Crucero_Alto,2010-08-29,6.81,15.61,-0.49,34.83,0.0,1.27,60.2,-15.77948,-70.91799,4470
Crucero_Alto,2010-08-30,6.04,15.99,-0.85,35.28,0.41,1.85,60.16,-15.77948,-70.91799,4470
Crucero_Alto,2010-08-31,3.75,11.93,-2.18,51.49,0.39,2.3,60.02,-15.77948,-70.91799,4470
Crucero_Alto,2010-09-01,4.34,11.72,-2.15,63.32,0.27,3.6,60.0,-15.77948,-70.91799,4470
Crucero_Alto,2010-09-02,5.65,14.72,-1.65,65.0,0.22,3.81,60.23,-15.77948,-70.91799,4470
Crucero_Alto,2010-09-03,6.17,16.64,-0.7,61.79,0.0,2.98,60.38,-15.77948,-70.91799,4470
Crucero_Alto,2010-09-04,6.61,17.61,-2.93,42.39,0.0,1.41,60.27,-15.77948,-70.91799,4470
Crucero_Alto,2010-09-05,5.48,16.75,-3.42,29.82,0.0,2.49,60.27,-15.77948,-70.91799,4470
Crucero_Alto,2010-09-06,6.84,17.32,-0.55,37.1,0.0,1.51,60.35,-15.77948,-70.91799,4470
Crucero_Alto,2010-09-07,7.42,17.14,0.4,50.85,0.0,1.5,60.41,-15.77948,-70.91799,4470
Crucero_Alto,2010-09-08,6.86,15.57,0.46,54.73,0.0,2.12,60.37,-15.77948,-70.91799,4470
Crucero_Alto,2010-09-09,6.86,17.14,-2.3,49.06,0.0,1.56,60.28,-15.77948,-70.91799,4470
Crucero_Alto,2010-09-10,7.63,18.6,-1.48,46.42,0.0,1.53,60.24,-15.77948,-70.91799,4470
Crucero_Alto,2010-09-11,7.61,18.66,-1.62,45.38,0.0,1.79,60.19,-15.77948,-70.91799,4470
Crucero_Alto,2010-09-12,5.13,13.82,-2.04,52.96,0.22,3.43,60.15,-15.77948,-70.91799,4470
Crucero_Alto,2010-09-13,2.84,13.82,-7.61,20.63,0.0,3.24,60.19,-15.77948,-70.91799,4470
Crucero_Alto,2010-09-14,6.11,17.19,-2.15,22.24,0.0,1.53,60.31,-15.77948,-70.91799,4470
Crucero_Alto,2010-09-15,6.62,17.63,-2.97,51.66,0.0,2.84,60.35,-15.77948,-70.91799,4470
Crucero_Alto,2010-09-16,5.89,16.74,-2.62,48.1,0.0,2.76,60.34,-15.77948,-70.91799,4470
Crucero_Alto,2010-09-17,4.67,15.27,-4.46,52.66,0.0,3.88,60.35,-15.77948,-70.91799,4470
Crucero_Alto,2010-09-18,4.16,14.39,-4.43,57.83,0.0,3.67,60.42,-15.77948,-70.91799,4470
Crucero_Alto,2010-09-19,5.59,15.61,-3.07,48.62,0.0,2.13,60.37,-15.77948,-70.91799,4470
Crucero_Alto,2010-09-20,7.3,17.6,-1.21,50.35,0.0,1.17,60.2,-15.77948,-70.91799,4470
Crucero_Alto,2010-09-21,6.85,14.64,-0.61,50.2,0.0,1.11,60.18,-15.77948,-70.91799,4470
Crucero_Alto,2010-09-22,6.81,17.7,-1.69,44.07,0.0,1.7,60.18,-15.77948,-70.91799,4470
Crucero_Alto,2010-09-23,7.37,18.64,-2.97,41.55,0.0,1.15,60.18,-15.77948,-70.91799,4470
Crucero_Alto,2010-09-24,8.36,18.52,-0.32,42.69,0.26,1.54,60.16,-15.77948,-70.91799,4470
Crucero_Alto,2010-09-25,6.53,18.13,-1.89,39.11,0.01,2.84,60.22,-15.77948,-70.91799,4470
Crucero_Alto,2010-09-26,5.91,18.52,-4.31,33.95,0.0,3.19,60.21,-15.77948,-70.91799,4470
Crucero_Alto,2010-09-27,5.46,17.69,-4.68,22.01,0.0,3.33,60.18,-15.77948,-70.91799,4470
Crucero_Alto,2010-09-28,5.68,18.68,-3.48,20.93,0.0,2.83,60.11,-15.77948,-70.91799,4470
Crucero_Alto,2010-09-29,5.82,19.08,-4.81,19.72,0.0,2.7,60.11,-15.77948,-70.91799,4470
Crucero_Alto,2010-09-30,6.09,18.42,-2.9,19.48,0.0,2.28,60.17,-15.77948,-70.91799,4470
Crucero_Alto,2010-10-01,5.82,15.78,-2.17,39.0,1.3,2.53,60.15,-15.77948,-70.91799,4470
Crucero_Alto,2010-10-02,3.61,10.12,-0.48,58.95,0.5,1.94,60.07,-15.77948,-70.91799,4470
Crucero_Alto,2010-10-03,2.33,11.65,-6.14,47.83,0.05,3.08,60.12,-15.77948,-70.91799,4470
Crucero_Alto,2010-10-04,5.16,17.51,-7.01,15.82,0.0,2.04,60.2,-15.77948,-70.91799,4470
Crucero_Alto,2010-10-05,6.81,17.37,-1.98,30.13,0.0,1.88,60.25,-15.77948,-70.91799,4470
Crucero_Alto,2010-10-06,5.36,16.74,-3.42,18.49,0.0,3.42,60.26,-15.77948,-70.91799,4470
Crucero_Alto,2010-10-07,7.19,19.1,-4.05,16.53,0.01,1.27,60.22,-15.77948,-70.91799,4470
Crucero_Alto,2010-10-08,6.84,17.49,-1.82,44.95,0.0,2.97,60.3,-15.77948,-70.91799,4470
Crucero_Alto,2010-10-09,8.43,18.27,0.23,31.57,0.05,1.36,60.28,-15.77948,-70.91799,4470
Crucero_Alto,2010-10-10,5.92,14.17,0.46,56.84,6.49,1.59,60.23,-15.77948,-70.91799,4470
Crucero_Alto,2010-10-11,6.11,14.63,0.78,67.0,0.38,2.72,60.15,-15.77948,-70.91799,4470
Crucero_Alto,2010-10-12,4.94,11.55,0.68,70.37,6.55,2.19,60.22,-15.77948,-70.91799,4470
Crucero_Alto,2010-10-13,5.9,14.6,-1.2,47.02,1.16,2.42,60.2,-15.77948,-70.91799,4470
Crucero_Alto,2010-10-14,5.38,15.73,-3.33,40.0,0.0,1.68,60.23,-15.77948,-70.91799,4470
Crucero_Alto,2010-10-15,6.28,16.27,-2.3,39.25,0.03,1.19,60.24,-15.77948,-70.91799,4470
Crucero_Alto,2010-10-16,7.4,16.57,-0.41,51.57,0.0,1.71,60.28,-15.77948,-70.91799,4470
Crucero_Alto,2010-10-17,8.07,15.49,1.81,53.19,0.19,1.52,60.28,-15.77948,-70.91799,4470
Crucero_Alto,2010-10-18,7.75,18.89,-0.22,41.67,0.17,1.88,60.22,-15.77948,-70.91799,4470
Crucero_Alto,2010-10-19,7.23,18.27,-2.57,31.6,0.0,1.61,60.17,-15.77948,-70.91799,4470
Crucero_Alto,2010-10-20,5.79,13.81,-0.18,30.85,0.0,2.65,60.18,-15.77948,-70.91799,4470
Crucero_Alto,2010-10-21,5.54,16.51,-0.97,45.56,2.49,2.53,60.13,-15.77948,-70.91799,4470
Crucero_Alto,2010-10-22,5.25,15.56,-3.28,38.0,0.0,3.54,60.14,-15.77948,-70.91799,4470
Crucero_Alto,2010-10-23,4.98,17.68,-6.16,28.24,0.0,2.1,60.11,-15.77948,-70.91799,4470
Crucero_Alto,2010-10-24,7.42,18.87,-3.55,28.72,0.0,1.9,60.1,-15.77948,-70.91799,4470
Crucero_Alto,2010-10-25,9.05,17.71,1.13,48.31,0.0,2.42,60.11,-15.77948,-70.91799,4470
Crucero_Alto,2010-10-26,8.11,17.32,0.87,57.25,0.0,2.16,60.19,-15.77948,-70.91799,4470
Crucero_Alto,2010-10-27,7.94,17.59,0.97,48.75,0.0,1.65,60.12,-15.77948,-70.91799,4470
Crucero_Alto,2010-10-28,7.19,18.86,-1.77,37.71,0.0,2.34,60.07,-15.77948,-70.91799,4470
Crucero_Alto,2010-10-29,6.76,18.99,-2.44,36.66,0.0,3.38,60.03,-15.77948,-70.91799,4470
Crucero_Alto,2010-10-30,7.37,18.82,-1.57,36.5,1.78,1.81,60.03,-15.77948,-70.91799,4470
Crucero_Alto,2010-10-31,6.52,17.61,-1.62,46.87,1.14,2.82,60.2,-15.77948,-70.91799,4470
Crucero_Alto,2010-11-01,8.09,19.14,-0.99,42.02,0.0,1.39,60.23,-15.77948,-70.91799,4470
Crucero_Alto,2010-11-02,7.26,18.67,-1.86,39.87,0.0,2.53,60.18,-15.77948,-70.91799,4470
Crucero_Alto,2010-11-03,5.0,18.53,-6.36,24.55,0.0,3.13,60.05,-15.77948,-70.91799,4470
Crucero_Alto,2010-11-04,4.19,16.78,-7.44,17.24,0.0,3.58,60.05,-15.77948,-70.91799,4470
Crucero_Alto,2010-11-05,7.28,19.38,-5.31,18.58,0.0,1.64,60.13,-15.77948,-70.91799,4470
Crucero_Alto,2010-11-06,8.44,18.2,-0.17,51.93,0.0,1.83,60.18,-15.77948,-70.91799,4470
Crucero_Alto,2010-11-07,7.48,18.42,-0.81,44.23,0.0,2.14,60.12,-15.77948,-70.91799,4470
Crucero_Alto,2010-11-08,6.27,18.75,-3.33,28.19,0.0,2.73,60.04,-15.77948,-70.91799,4470
Crucero_Alto,2010-11-09,6.51,15.26,-2.02,41.67,0.01,1.64,60.07,-15.77948,-70.91799,4470
Crucero_Alto,2010-11-10,8.22,18.14,1.49,55.89,0.0,1.78,60.13,-15.77948,-70.91799,4470
Crucero_Alto,2010-11-11,8.1,16.07,3.96,60.51,2.86,1.8,60.2,-15.77948,-70.91799,4470
Crucero_Alto,2010-11-12,6.61,12.45,1.79,64.19,0.03,2.17,60.27,-15.77948,-70.91799,4470
Crucero_Alto,2010-11-13,8.35,18.64,-0.35,50.28,0.0,1.87,60.2,-15.77948,-70.91799,4470
Crucero_Alto,2010-11-14,8.76,17.27,1.72,51.43,0.0,2.23,60.14,-15.77948,-70.91799,4470
Crucero_Alto,2010-11-15,8.47,19.14,-0.75,52.4,0.45,2.19,60.11,-15.77948,-70.91799,4470
Crucero_Alto,2010-11-16,5.72,18.45,-4.37,34.69,0.26,3.36,60.09,-15.77948,-70.91799,4470
Crucero_Alto,2010-11-17,5.32,18.66,-6.11,25.91,0.0,2.85,60.08,-15.77948,-70.91799,4470
Crucero_Alto,2010-11-18,4.97,18.08,-5.33,35.7,0.0,3.56,60.03,-15.77948,-70.91799,4470
Crucero_Alto,2010-11-19,4.23,17.34,-7.35,33.39,0.0,2.85,59.95,-15.77948,-70.91799,4470
Crucero_Alto,2010-11-20,5.51,17.85,-4.01,48.96,0.0,2.45,60.04,-15.77948,-70.91799,4470
Crucero_Alto,2010-11-21,6.26,19.34,-5.19,23.83,0.0,2.16,60.08,-15.77948,-70.91799,4470
Crucero_Alto,2010-11-22,7.49,18.32,-1.14,36.56,0.0,1.82,59.98,-15.77948,-70.91799,4470
Crucero_Alto,2010-11-23,6.24,17.09,-2.34,32.02,0.0,3.4,59.92,-15.77948,-70.91799,4470
Crucero_Alto,2010-11-24,7.37,20.0,-3.81,23.75,0.0,1.69,59.88,-15.77948,-70.91799,4470
Crucero_Alto,2010-11-25,7.56,16.27,-0.21,54.57,0.0,1.89,59.99,-15.77948,-70.91799,4470
Crucero_Alto,2010-11-26,8.75,15.24,3.7,56.77,0.0,2.12,60.05,-15.77948,-70.91799,4470
Crucero_Alto,2010-11-27,7.93,16.82,2.24,61.16,0.0,2.14,60.06,-15.77948,-70.91799,4470
Crucero_Alto,2010-11-28,9.32,19.8,1.99,53.21,0.0,2.26,60.01,-15.77948,-70.91799,4470
Crucero_Alto,2010-11-29,8.89,16.53,4.15,56.86,0.01,2.28,60.02,-15.77948,-70.91799,4470
Crucero_Alto,2010-11-30,8.38,17.39,3.37,59.5,0.0,2.16,60.07,-15.77948,-70.91799,4470
Crucero_Alto,2010-12-01,9.83,19.09,2.97,44.11,0.0,1.94,60.04,-15.77948,-70.91799,4470
Crucero_Alto,2010-12-02,11.04,20.54,3.02,42.93,0.0,2.37,60.03,-15.77948,-70.91799,4470
Crucero_Alto,2010-12-03,10.79,20.25,2.27,48.19,0.0,2.43,60.04,-15.77948,-70.91799,4470
Crucero_Alto,2010-12-04,9.77,17.89,3.41,52.96,0.01,2.47,60.07,-15.77948,-70.91799,4470
Crucero_Alto,2010-12-05,6.53,11.17,3.68,66.9,2.95,1.57,60.12,-15.77948,-70.91799,4470
Crucero_Alto,2010-12-06,7.73,16.54,2.41,62.44,0.71,2.41,60.17,-15.77948,-70.91799,4470
Crucero_Alto,2010-12-07,5.92,13.16,1.46,67.8,0.0,1.89,60.12,-15.77948,-70.91799,4470
Crucero_Alto,2010-12-08,8.24,15.57,0.98,60.36,0.12,1.64,60.09,-15.77948,-70.91799,4470
Crucero_Alto,2010-12-09,8.14,15.41,3.37,63.69,0.02,2.33,60.05,-15.77948,-70.91799,4470
Crucero_Alto,2010-12-10,7.37,16.94,1.44,59.1,0.0,2.74,59.99,-15.77948,-70.91799,4470
Crucero_Alto,2010-12-11,6.67,15.51,1.22,64.6,4.82,2.53,59.98,-15.77948,-70.91799,4470
Crucero_Alto,2010-12-12,6.85,14.53,1.62,66.86,1.21,2.36,59.95,-15.77948,-70.91799,4470
Crucero_Alto,2010-12-13,6.01,14.08,0.78,70.11,3.7,2.82,59.88,-15.77948,-70.91799,4470
Crucero_Alto,2010-12-14,6.11,17.47,-2.26,44.97,0.03,3.71,59.85,-15.77948,-70.91799,4470
Crucero_Alto,2010-12-15,5.94,18.6,-5.43,34.37,0.0,2.32,59.91,-15.77948,-70.91799,4470
Crucero_Alto,2010-12-16,8.32,19.91,-3.06,42.9,0.0,1.42,59.95,-15.77948,-70.91799,4470
Crucero_Alto,2010-12-17,9.35,17.81,2.93,51.39,0.0,2.09,59.94,-15.77948,-70.91799,4470
Crucero_Alto,2010-12-18,8.79,18.84,0.5,48.0,0.01,2.48,59.88,-15.77948,-70.91799,4470
Crucero_Alto,2010-12-19,6.61,14.13,0.68,59.99,5.05,1.88,59.93,-15.77948,-70.91799,4470
Crucero_Alto,2010-12-20,6.8,13.67,0.75,62.78,1.02,2.2,60.01,-15.77948,-70.91799,4470
Crucero_Alto,2010-12-21,6.23,13.24,1.04,71.0,0.11,3.53,60.1,-15.77948,-70.91799,4470
Crucero_Alto,2010-12-22,7.94,15.52,2.26,68.02,2.11,2.21,60.08,-15.77948,-70.91799,4470
Crucero_Alto,2010-12-23,7.17,13.81,2.32,69.14,5.51,1.99,60.02,-15.77948,-70.91799,4470
Crucero_Alto,2010-12-24,6.97,14.96,0.87,63.79,3.99,2.08,59.99,-15.77948,-70.91799,4470
Crucero_Alto,2010-12-25,7.59,14.35,2.69,68.82,5.59,1.61,60.03,-15.77948,-70.91799,4470
Crucero_Alto,2010-12-26,7.16,15.8,1.41,67.39,0.52,2.26,60.07,-15.77948,-70.91799,4470
Crucero_Alto,2010-12-27,7.4,16.68,2.07,63.95,1.81,2.51,60.04,-15.77948,-70.91799,4470
Crucero_Alto,2010-12-28,7.62,15.59,1.26,67.26,14.06,1.8,59.99,-15.77948,-70.91799,4470
Crucero_Alto,2010-12-29,7.04,13.62,1.69,72.55,4.66,2.03,59.94,-15.77948,-70.91799,4470
Crucero_Alto,2010-12-30,6.04,15.2,0.24,63.53,0.03,3.77,59.92,-15.77948,-70.91799,4470
Crucero_Alto,2010-12-31,5.0,15.94,-2.75,53.09,0.01,3.36,59.92,-15.77948,-70.91799,4470
Crucero_Alto,2011-01-01,5.08,17.97,-6.39,41.8,0.0,3.42,59.99,-15.77948,-70.91799,4470
Crucero_Alto,2011-01-02,5.46,13.04,-2.35,49.18,0.0,2.07,59.92,-15.77948,-70.91799,4470
Crucero_Alto,2011-01-03,7.7,18.65,-2.13,53.65,0.0,2.19,59.85,-15.77948,-70.91799,4470
Crucero_Alto,2011-01-04,6.71,16.53,-0.45,57.07,0.0,2.72,59.94,-15.77948,-70.91799,4470
Crucero_Alto,2011-01-05,8.3,16.9,0.1,59.36,0.0,2.23,59.97,-15.77948,-70.91799,4470
Crucero_Alto,2011-01-06,7.1,15.0,1.92,69.43,0.17,1.64,60.03,-15.77948,-70.91799,4470
Crucero_Alto,2011-01-07,6.96,14.7,0.91,61.59,0.01,1.53,60.03,-15.77948,-70.91799,4470
Crucero_Alto,2011-01-08,8.24,14.57,3.62,65.41,0.12,3.77,60.03,-15.77948,-70.91799,4470
Crucero_Alto,2011-01-09,7.22,14.3,1.46,68.15,0.02,2.83,60.08,-15.77948,-70.91799,4470
Crucero_Alto,2011-01-10,8.18,15.77,2.89,63.42,0.01,1.74,60.08,-15.77948,-70.91799,4470
Crucero_Alto,2011-01-11,8.65,15.29,4.25,63.87,0.35,2.21,59.98,-15.77948,-70.91799,4470
Crucero_Alto,2011-01-12,7.73,16.61,1.71,69.24,0.56,2.62,59.96,-15.77948,-70.91799,4470
Crucero_Alto,2011-01-13,5.73,14.28,-0.16,67.11,0.19,2.67,60.0,-15.77948,-70.91799,4470
Crucero_Alto,2011-01-14,7.23,17.06,-0.45,65.8,0.0,2.02,60.06,-15.77948,-70.91799,4470
Crucero_Alto,2011-01-15,8.05,15.23,1.8,61.53,0.14,1.75,60.1,-15.77948,-70.91799,4470
Crucero_Alto,2011-01-16,9.12,17.24,1.81,59.89,0.01,1.81,60.04,-15.77948,-70.91799,4470
Crucero_Alto,2011-01-17,9.47,19.15,2.41,59.56,0.0,1.83,60.09,-15.77948,-70.91799,4470
Crucero_Alto,2011-01-18,9.31,17.32,3.76,57.92,0.0,1.96,60.08,-15.77948,-70.91799,4470
Crucero_Alto,2011-01-19,8.28,16.73,2.42,58.04,0.0,2.15,60.07,-15.77948,-70.91799,4470
Crucero_Alto,2011-01-20,7.68,14.54,1.71,62.84,3.16,1.82,59.99,-15.77948,-70.91799,4470
Crucero_Alto,2011-01-21,7.2,16.32,1.86,67.06,1.86,2.07,59.94,-15.77948,-70.91799,4470
Crucero_Alto,2011-01-22,7.56,15.25,0.97,63.96,0.14,2.5,59.89,-15.77948,-70.91799,4470
Crucero_Alto,2011-01-23,7.1,13.83,1.33,68.07,0.61,3.52,59.97,-15.77948,-70.91799,4470
Crucero_Alto,2011-01-24,6.7,13.41,1.82,70.33,2.95,3.35,60.0,-15.77948,-70.91799,4470
Crucero_Alto,2011-01-25,7.85,15.81,2.44,67.7,1.55,2.41,59.99,-15.77948,-70.91799,4470
Crucero_Alto,2011-01-26,7.54,15.71,2.05,65.99,0.6,1.91,60.03,-15.77948,-70.91799,4470
Crucero_Alto,2011-01-27,7.78,15.17,2.52,66.73,1.13,2.85,59.98,-15.77948,-70.91799,4470
Crucero_Alto,2011-01-28,8.83,16.78,2.19,60.72,0.25,3.08,60.04,-15.77948,-70.91799,4470
Crucero_Alto,2011-01-29,7.14,13.34,2.75,68.77,1.36,3.32,60.18,-15.77948,-70.91799,4470
Crucero_Alto,2011-01-30,8.29,15.7,2.09,64.34,0.58,2.84,60.17,-15.77948,-70.91799,4470
Crucero_Alto,2011-01-31,8.29,15.33,3.99,66.91,0.28,1.6,60.08,-15.77948,-70.91799,4470
Crucero_Alto,2011-02-01,7.73,14.83,2.85,68.17,3.49,1.26,60.12,-15.77948,-70.91799,4470
Crucero_Alto,2011-02-02,8.25,14.9,3.73,67.52,1.83,1.5,60.15,-15.77948,-70.91799,4470
Crucero_Alto,2011-02-03,8.75,16.05,3.78,63.52,0.01,1.2,60.09,-15.77948,-70.91799,4470
Crucero_Alto,2011-02-04,7.65,15.84,2.52,69.79,0.25,2.3,59.97,-15.77948,-70.91799,4470
Crucero_Alto,2011-02-05,6.04,15.51,0.86,66.86,0.11,2.55,59.96,-15.77948,-70.91799,4470
Crucero_Alto,2011-02-06,6.4,13.52,2.28,73.02,4.81,2.11,60.01,-15.77948,-70.91799,4470
Crucero_Alto,2011-02-07,7.13,15.64,1.43,70.46,2.1,1.7,60.1,-15.77948,-70.91799,4470
Crucero_Alto,2011-02-08,5.84,14.08,0.96,72.2,4.63,2.45,60.09,-15.77948,-70.91799,4470
Crucero_Alto,2011-02-09,6.37,14.64,1.17,70.89,6.2,2.94,60.06,-15.77948,-70.91799,4470
Crucero_Alto,2011-02-10,5.85,12.82,1.33,72.38,1.38,1.95,59.95,-15.77948,-70.91799,4470
Crucero_Alto,2011-02-11,7.25,17.56,0.96,64.39,2.19,3.75,60.0,-15.77948,-70.91799,4470
Crucero_Alto,2011-02-12,6.4,17.93,-3.73,62.49,0.04,3.6,60.11,-15.77948,-70.91799,4470
Crucero_Alto,2011-02-13,7.25,16.77,-0.32,65.09,2.56,1.75,60.08,-15.77948,-70.91799,4470
Crucero_Alto,2011-02-14,4.16,8.0,1.03,81.06,15.36,3.54,60.14,-15.77948,-70.91799,4470
Crucero_Alto,2011-02-15,5.68,14.42,0.51,73.99,4.73,2.33,60.11,-15.77948,-70.91799,4470
Crucero_Alto,2011-02-16,6.71,15.42,1.0,68.85,1.45,2.17,60.1,-15.77948,-70.91799,4470
Crucero_Alto,2011-02-17,7.76,16.05,1.36,65.92,8.09,2.11,60.11,-15.77948,-70.91799,4470
Crucero_Alto,2011-02-18,6.65,12.85,2.27,76.5,15.34,2.71,60.08,-15.77948,-70.91799,4470
Crucero_Alto,2011-02-19,6.8,13.98,2.39,74.13,7.15,2.28,60.0,-15.77948,-70.91799,4470
Crucero_Alto,2011-02-20,6.85,14.35,2.3,72.68,1.91,2.28,59.97,-15.77948,-70.91799,4470
Crucero_Alto,2011-02-21,6.92,14.32,1.96,72.43,0.77,2.86,60.03,-15.77948,-70.91799,4470
Crucero_Alto,2011-02-22,7.53,16.41,2.49,70.56,0.2,2.34,60.02,-15.77948,-70.91799,4470
Crucero_Alto,2011-02-23,5.31,14.79,0.92,75.69,13.83,1.92,59.94,-15.77948,-70.91799,4470
Crucero_Alto,2011-02-24,4.52,12.99,-1.5,73.51,22.87,2.22,59.95,-15.77948,-70.91799,4470
Crucero_Alto,2011-02-25,5.18,14.09,0.11,73.9,13.58,1.97,60.04,-15.77948,-70.91799,4470
Crucero_Alto,2011-02-26,4.93,14.26,-0.95,75.47,3.9,1.87,60.08,-15.77948,-70.91799,4470
Crucero_Alto,2011-02-27,5.49,12.97,0.92,76.54,0.37,2.21,60.11,-15.77948,-70.91799,4470
Crucero_Alto,2011-02-28,6.52,15.86,0.53,69.35,0.06,2.39,60.08,-15.77948,-70.91799,4470
Crucero_Alto,2011-03-01,5.29,15.89,-2.37,66.29,2.81,2.52,60.02,-15.77948,-70.91799,4470
Crucero_Alto,2011-03-02,4.35,17.13,-5.53,47.57,0.26,2.05,59.98,-15.77948,-70.91799,4470
Crucero_Alto,2011-03-03,5.68,14.91,-3.05,66.42,0.01,1.66,59.97,-15.77948,-70.91799,4470
Crucero_Alto,2011-03-04,6.43,14.84,1.38,72.15,0.0,2.17,60.03,-15.77948,-70.91799,4470
Crucero_Alto,2011-03-05,7.05,14.85,2.33,69.89,1.59,2.06,60.03,-15.77948,-70.91799,4470
Crucero_Alto,2011-03-06,5.71,13.84,-0.69,69.97,0.89,1.88,59.99,-15.77948,-70.91799,4470
Crucero_Alto,2011-03-07,6.16,17.04,-4.44,56.32,0.39,1.1,59.94,-15.77948,-70.91799,4470
Crucero_Alto,2011-03-08,7.0,15.27,1.51,68.49,0.17,1.49,60.0,-15.77948,-70.91799,4470
Crucero_Alto,2011-03-09,6.59,15.05,0.81,71.24,2.32,2.22,60.06,-15.77948,-70.91799,4470
Crucero_Alto,2011-03-10,6.44,17.15,-1.22,61.07,0.07,2.71,60.07,-15.77948,-70.91799,4470
Crucero_Alto,2011-03-11,5.72,13.67,-1.1,71.14,0.11,1.87,60.03,-15.77948,-70.91799,4470
Crucero_Alto,2011-03-12,7.29,14.75,0.96,68.77,0.0,2.55,60.04,-15.77948,-70.91799,4470
Crucero_Alto,2011-03-13,6.58,13.33,1.93,75.11,12.54,1.91,60.01,-15.77948,-70.91799,4470
Crucero_Alto,2011-03-14,4.53,12.09,-0.24,79.14,6.12,1.93,60.03,-15.77948,-70.91799,4470
Crucero_Alto,2011-03-15,4.01,11.96,-1.51,75.87,0.19,1.78,60.11,-15.77948,-70.91799,4470
Crucero_Alto,2011-03-16,6.25,15.57,-2.47,69.11,0.0,0.95,60.14,-15.77948,-70.91799,4470
Crucero_Alto,2011-03-17,7.13,14.64,1.52,74.14,12.04,1.28,60.13,-15.77948,-70.91799,4470
Crucero_Alto,2011-03-18,7.01,13.13,3.89,77.96,9.06,1.66,60.17,-15.77948,-70.91799,4470
Crucero_Alto,2011-03-19,5.96,10.71,3.1,83.51,3.47,2.37,60.16,-15.77948,-70.91799,4470
Crucero_Alto,2011-03-20,7.6,15.06,1.93,74.71,1.33,1.77,60.13,-15.77948,-70.91799,4470
Crucero_Alto,2011-03-21,6.58,14.58,2.26,76.5,7.69,1.27,60.06,-15.77948,-70.91799,4470
Crucero_Alto,2011-03-22,6.94,14.5,0.52,73.86,3.33,1.41,60.0,-15.77948,-70.91799,4470
Crucero_Alto,2011-03-23,8.09,15.89,2.91,71.44,0.01,2.46,60.06,-15.77948,-70.91799,4470
Crucero_Alto,2011-03-24,7.09,14.09,2.21,72.67,0.0,2.71,60.16,-15.77948,-70.91799,4470
Crucero_Alto,2011-03-25,7.42,16.0,0.5,69.74,0.0,1.72,60.16,-15.77948,-70.91799,4470
Crucero_Alto,2011-03-26,7.27,14.09,3.0,73.1,0.01,1.69,60.09,-15.77948,-70.91799,4470
Crucero_Alto,2011-03-27,6.01,14.06,0.06,79.32,9.94,1.62,60.11,-15.77948,-70.91799,4470
Crucero_Alto,2011-03-28,6.72,17.85,-2.42,61.7,0.41,1.38,60.17,-15.77948,-70.91799,4470
Crucero_Alto,2011-03-29,6.72,14.23,1.0,67.08,0.16,1.38,60.25,-15.77948,-70.91799,4470
Crucero_Alto,2011-03-30,7.01,14.7,2.1,71.61,0.0,1.79,60.24,-15.77948,-70.91799,4470
Crucero_Alto,2011-03-31,7.48,15.05,1.78,74.7,0.0,2.11,60.18,-15.77948,-70.91799,4470
Crucero_Alto,2011-04-01,8.28,15.56,2.56,70.98,0.0,1.68,60.16,-15.77948,-70.91799,4470
Crucero_Alto,2011-04-02,6.01,12.16,2.56,77.58,0.07,1.49,60.19,-15.77948,-70.91799,4470
Crucero_Alto,2011-04-03,6.29,13.58,1.46,74.28,0.05,1.1,60.13,-15.77948,-70.91799,4470
Crucero_Alto,2011-04-04,7.32,15.67,0.72,68.6,0.0,1.35,60.12,-15.77948,-70.91799,4470
Crucero_Alto,2011-04-05,7.98,15.08,1.94,68.35,0.0,2.01,60.17,-15.77948,-70.91799,4470
Crucero_Alto,2011-04-06,3.91,9.67,1.28,81.13,0.01,2.73,60.28,-15.77948,-70.91799,4470
Crucero_Alto,2011-04-07,6.8,14.32,2.03,72.17,0.1,2.2,60.21,-15.77948,-70.91799,4470
Crucero_Alto,2011-04-08,6.37,14.03,2.21,75.8,0.18,4.09,60.2,-15.77948,-70.91799,4470
Crucero_Alto,2011-04-09,5.07,11.94,0.0,76.98,1.8,3.21,60.35,-15.77948,-70.91799,4470
Crucero_Alto,2011-04-10,6.14,16.1,-1.5,62.51,0.03,1.65,60.27,-15.77948,-70.91799,4470
Crucero_Alto,2011-04-11,6.18,15.89,-0.74,69.1,0.0,2.02,60.16,-15.77948,-70.91799,4470
Crucero_Alto,2011-04-12,4.42,16.82,-5.43,58.81,0.0,2.15,60.14,-15.77948,-70.91799,4470
Crucero_Alto,2011-04-13,3.61,15.99,-5.56,43.66,0.0,2.16,60.16,-15.77948,-70.91799,4470
Crucero_Alto,2011-04-14,4.75,13.89,-4.52,58.07,0.0,1.6,60.2,-15.77948,-70.91799,4470
Crucero_Alto,2011-04-15,5.71,13.11,1.39,74.23,0.02,2.72,60.23,-15.77948,-70.91799,4470
Crucero_Alto,2011-04-16,5.3,11.36,0.04,75.83,0.0,2.32,60.22,-15.77948,-70.91799,4470
Crucero_Alto,2011-04-17,6.3,13.89,0.57,71.91,0.0,1.86,60.22,-15.77948,-70.91799,4470
Crucero_Alto,2011-04-18,6.02,13.22,0.32,73.34,0.0,2.36,60.31,-15.77948,-70.91799,4470
Crucero_Alto,2011-04-19,6.95,15.57,-0.05,66.7,0.0,1.29,60.33,-15.77948,-70.91799,4470
Crucero_Alto,2011-04-20,7.56,17.34,-0.87,62.49,0.0,1.38,60.2,-15.77948,-70.91799,4470
Crucero_Alto,2011-04-21,6.73,15.2,-0.33,64.63,0.0,1.51,60.16,-15.77948,-70.91799,4470
Crucero_Alto,2011-04-22,7.29,16.62,0.06,58.43,0.0,1.0,60.21,-15.77948,-70.91799,4470
Crucero_Alto,2011-04-23,7.38,16.54,0.94,63.01,0.01,1.88,60.27,-15.77948,-70.91799,4470
Crucero_Alto,2011-04-24,7.66,16.27,1.33,63.68,0.0,1.06,60.25,-15.77948,-70.91799,4470
Crucero_Alto,2011-04-25,7.46,16.91,-0.75,58.76,0.01,1.3,60.23,-15.77948,-70.91799,4470
Crucero_Alto,2011-04-26,6.56,13.99,0.82,70.89,0.0,1.73,60.26,-15.77948,-70.91799,4470
Crucero_Alto,2011-04-27,6.96,15.97,-0.28,66.28,0.0,1.25,60.32,-15.77948,-70.91799,4470
Crucero_Alto,2011-04-28,5.2,15.8,-2.63,64.4,0.0,2.23,60.3,-15.77948,-70.91799,4470
Crucero_Alto,2011-04-29,3.34,15.14,-5.61,51.64,0.0,1.86,60.16,-15.77948,-70.91799,4470
Crucero_Alto,2011-04-30,2.83,14.08,-5.24,43.61,0.0,2.24,60.09,-15.77948,-70.91799,4470
Crucero_Alto,2011-05-01,5.12,14.87,-3.73,32.95,0.01,0.99,60.08,-15.77948,-70.91799,4470
Crucero_Alto,2011-05-02,5.99,14.88,-0.52,54.32,0.07,1.54,60.19,-15.77948,-70.91799,4470
Crucero_Alto,2011-05-03,5.36,14.88,-2.39,55.58,0.0,1.54,60.26,-15.77948,-70.91799,4470
Crucero_Alto,2011-05-04,6.11,14.51,-0.23,57.55,1.02,1.27,60.23,-15.77948,-70.91799,4470
Crucero_Alto,2011-05-05,5.83,14.54,-1.42,55.78,1.88,1.9,60.24,-15.77948,-70.91799,4470
Crucero_Alto,2011-05-06,5.06,14.19,-1.18,54.21,0.0,2.4,60.33,-15.77948,-70.91799,4470
Crucero_Alto,2011-05-07,3.63,12.51,-3.86,64.44,0.0,2.39,60.4,-15.77948,-70.91799,4470
Crucero_Alto,2011-05-08,4.58,12.05,-1.38,68.5,0.0,1.98,60.36,-15.77948,-70.91799,4470
Crucero_Alto,2011-05-09,5.86,14.17,-1.38,59.77,0.0,1.6,60.25,-15.77948,-70.91799,4470
Crucero_Alto,2011-05-10,4.53,11.23,0.44,71.23,0.0,1.22,60.27,-15.77948,-70.91799,4470
Crucero_Alto,2011-05-11,4.65,13.9,-1.68,69.13,0.0,1.66,60.23,-15.77948,-70.91799,4470
Crucero_Alto,2011-05-12,4.36,15.44,-3.61,59.79,0.0,1.34,60.25,-15.77948,-70.91799,4470
Crucero_Alto,2011-05-13,3.29,14.76,-4.31,41.24,0.0,2.05,60.24,-15.77948,-70.91799,4470
Crucero_Alto,2011-05-14,3.36,13.87,-5.11,38.0,0.0,1.12,60.23,-15.77948,-70.91799,4470
Crucero_Alto,2011-05-15,4.03,14.5,-2.1,41.38,0.0,1.48,60.25,-15.77948,-70.91799,4470
Crucero_Alto,2011-05-16,3.07,14.14,-4.2,36.21,0.0,1.93,60.2,-15.77948,-70.91799,4470
Crucero_Alto,2011-05-17,1.78,13.03,-5.29,42.51,0.0,2.59,60.1,-15.77948,-70.91799,4470
Crucero_Alto,2011-05-18,2.44,13.71,-5.05,41.98,0.0,2.24,60.12,-15.77948,-70.91799,4470
Crucero_Alto,2011-05-19,2.36,13.36,-4.63,45.28,0.0,2.46,60.15,-15.77948,-70.91799,4470
Crucero_Alto,2011-05-20,3.78,14.08,-3.78,45.12,0.0,1.74,60.18,-15.77948,-70.91799,4470
Crucero_Alto,2011-05-21,4.53,13.53,-1.79,48.76,0.0,1.36,60.23,-15.77948,-70.91799,4470
Crucero_Alto,2011-05-22,5.86,15.25,-1.85,59.06,0.0,1.43,60.24,-15.77948,-70.91799,4470
Crucero_Alto,2011-05-23,4.37,11.01,0.1,76.31,0.0,2.39,60.31,-15.77948,-70.91799,4470
Crucero_Alto,2011-05-24,5.53,16.02,-1.23,67.27,0.0,2.11,60.29,-15.77948,-70.91799,4470
Crucero_Alto,2011-05-25,5.51,14.74,-1.74,66.7,0.03,1.52,60.38,-15.77948,-70.91799,4470
Crucero_Alto,2011-05-26,5.7,12.32,1.2,74.12,0.01,2.02,60.47,-15.77948,-70.91799,4470
Crucero_Alto,2011-05-27,5.7,14.83,-1.49,64.96,0.0,1.54,60.38,-15.77948,-70.91799,4470
Crucero_Alto,2011-05-28,4.8,13.77,-1.58,54.74,0.0,2.29,60.3,-15.77948,-70.91799,4470
Crucero_Alto,2011-05-29,3.97,13.25,-1.91,44.86,0.0,2.09,60.34,-15.77948,-70.91799,4470
Crucero_Alto,2011-05-30,4.83,14.08,-1.8,42.05,0.0,1.35,60.38,-15.77948,-70.91799,4470
Crucero_Alto,2011-05-31,5.1,14.04,-0.35,29.19,0.0,1.66,60.38,-15.77948,-70.91799,4470
Crucero_Alto,2011-06-01,4.2,14.42,-2.29,44.78,0.0,1.57,60.34,-15.77948,-70.91799,4470
Crucero_Alto,2011-06-02,4.37,14.64,-2.71,40.95,0.0,1.43,60.24,-15.77948,-70.91799,4470
Crucero_Alto,2011-06-03,4.6,13.25,-2.38,46.97,0.0,1.06,60.31,-15.77948,-70.91799,4470
Crucero_Alto,2011-06-04,3.56,9.65,-1.1,71.71,0.0,1.34,60.38,-15.77948,-70.91799,4470
Crucero_Alto,2011-06-05,3.08,12.29,-4.15,72.94,0.0,2.43,60.3,-15.77948,-70.91799,4470
Crucero_Alto,2011-06-06,1.23,12.03,-5.79,55.61,0.0,3.12,60.21,-15.77948,-70.91799,4470
Crucero_Alto,2011-06-07,3.13,13.07,-4.93,23.03,0.0,1.23,60.27,-15.77948,-70.91799,4470
Crucero_Alto,2011-06-08,1.23,11.39,-6.02,33.42,0.0,2.78,60.31,-15.77948,-70.91799,4470
Crucero_Alto,2011-06-09,2.49,12.7,-6.16,21.71,0.0,1.52,60.31,-15.77948,-70.91799,4470
Crucero_Alto,2011-06-10,3.3,12.59,-2.92,38.26,0.01,1.57,60.3,-15.77948,-70.91799,4470
Crucero_Alto,2011-06-11,4.5,14.03,-3.01,58.37,0.0,1.07,60.27,-15.77948,-70.91799,4470
Crucero_Alto,2011-06-12,4.51,14.1,-2.68,46.28,0.0,0.94,60.26,-15.77948,-70.91799,4470
Crucero_Alto,2011-06-13,3.81,12.32,-2.42,53.65,0.0,1.81,60.33,-15.77948,-70.91799,4470
Crucero_Alto,2011-06-14,3.09,13.07,-3.77,59.34,0.0,2.16,60.26,-15.77948,-70.91799,4470
Crucero_Alto,2011-06-15,2.66,12.98,-3.97,49.13,0.0,1.87,60.14,-15.77948,-70.91799,4470
Crucero_Alto,2011-06-16,2.91,12.11,-4.09,54.18,0.0,1.8,60.14,-15.77948,-70.91799,4470
Crucero_Alto,2011-06-17,2.48,10.33,-4.24,62.66,0.0,1.49,60.23,-15.77948,-70.91799,4470
Crucero_Alto,2011-06-18,2.73,12.08,-4.08,63.17,0.0,2.13,60.24,-15.77948,-70.91799,4470
Crucero_Alto,2011-06-19,2.53,9.74,-3.81,73.16,0.0,2.08,60.15,-15.77948,-70.91799,4470
Crucero_Alto,2011-06-20,3.9,13.59,-3.64,69.92,0.0,1.86,60.14,-15.77948,-70.91799,4470
Crucero_Alto,2011-06-21,5.03,14.79,-1.99,66.9,0.03,1.65,60.19,-15.77948,-70.91799,4470
Crucero_Alto,2011-06-22,3.67,12.34,-2.34,74.97,0.0,1.62,60.29,-15.77948,-70.91799,4470
Crucero_Alto,2011-06-23,4.29,15.07,-4.3,57.28,0.01,1.6,60.33,-15.77948,-70.91799,4470
Crucero_Alto,2011-06-24,5.31,15.08,-1.99,46.32,0.02,0.97,60.24,-15.77948,-70.91799,4470
Crucero_Alto,2011-06-25,4.96,13.7,-0.49,44.85,0.09,1.45,60.28,-15.77948,-70.91799,4470
Crucero_Alto,2011-06-26,4.36,14.65,-2.31,58.35,0.0,1.82,60.27,-15.77948,-70.91799,4470
Crucero_Alto,2011-06-27,3.24,14.54,-4.67,56.04,0.0,2.8,60.15,-15.77948,-70.91799,4470
Crucero_Alto,2011-06-28,1.3,10.31,-5.39,62.14,0.0,3.73,60.0,-15.77948,-70.91799,4470
Crucero_Alto,2011-06-29,-0.06,8.95,-6.07,58.67,0.01,3.5,59.94,-15.77948,-70.91799,4470
Crucero_Alto,2011-06-30,-0.52,8.47,-6.05,50.21,0.0,3.5,59.95,-15.77948,-70.91799,4470
Crucero_Alto,2011-07-01,-0.75,4.77,-5.94,63.96,0.22,2.0,60.05,-15.77948,-70.91799,4470
Crucero_Alto,2011-07-02,1.07,8.36,-3.36,78.52,0.69,1.83,60.07,-15.77948,-70.91799,4470
Crucero_Alto,2011-07-03,2.57,11.14,-3.46,77.11,0.21,2.5,60.08,-15.77948,-70.91799,4470
Crucero_Alto,2011-07-04,3.06,11.65,-3.57,70.95,0.0,2.47,60.11,-15.77948,-70.91799,4470
Crucero_Alto,2011-07-05,4.25,13.84,-3.49,61.49,0.02,2.15,60.15,-15.77948,-70.91799,4470
Crucero_Alto,2011-07-06,3.76,13.21,-3.14,61.54,0.0,2.5,60.17,-15.77948,-70.91799,4470
Crucero_Alto,2011-07-07,2.24,12.98,-5.97,59.09,0.0,3.7,60.09,-15.77948,-70.91799,4470
Crucero_Alto,2011-07-08,2.61,12.14,-4.58,63.75,0.0,3.57,60.09,-15.77948,-70.91799,4470
Crucero_Alto,2011-07-09,1.91,12.02,-4.83,62.02,0.0,2.69,60.16,-15.77948,-70.91799,4470
Crucero_Alto,2011-07-10,3.5,13.28,-4.33,50.48,0.0,1.36,60.24,-15.77948,-70.91799,4470
Crucero_Alto,2011-07-11,2.88,12.58,-3.97,44.86,0.0,1.18,60.36,-15.77948,-70.91799,4470
Crucero_Alto,2011-07-12,4.42,14.41,-3.87,34.03,0.0,1.02,60.3,-15.77948,-70.91799,4470
Crucero_Alto,2011-07-13,5.71,14.7,-1.99,37.93,0.0,1.1,60.22,-15.77948,-70.91799,4470
Crucero_Alto,2011-07-14,3.87,14.45,-3.27,39.74,0.0,2.31,60.14,-15.77948,-70.91799,4470
Crucero_Alto,2011-07-15,3.04,14.19,-4.19,52.67,0.0,2.64,60.15,-15.77948,-70.91799,4470
Crucero_Alto,2011-07-16,3.83,13.83,-3.8,53.33,0.0,1.9,60.17,-15.77948,-70.91799,4470
Crucero_Alto,2011-07-17,2.33,13.12,-4.65,48.87,0.0,2.31,60.23,-15.77948,-70.91799,4470
Crucero_Alto,2011-07-18,3.44,13.39,-5.19,27.06,0.0,0.95,60.22,-15.77948,-70.91799,4470
Crucero_Alto,2011-07-19,3.53,12.63,-2.84,57.54,0.04,2.79,60.12,-15.77948,-70.91799,4470
Crucero_Alto,2011-07-20,2.69,13.25,-4.52,57.07,0.0,2.95,60.18,-15.77948,-70.91799,4470
Crucero_Alto,2011-07-21,2.94,14.05,-4.52,40.43,0.0,2.64,60.23,-15.77948,-70.91799,4470
Crucero_Alto,2011-07-22,3.39,13.65,-3.63,44.36,0.0,2.28,60.3,-15.77948,-70.91799,4470
Crucero_Alto,2011-07-23,4.2,13.3,-2.95,41.79,0.0,1.37,60.38,-15.77948,-70.91799,4470
Crucero_Alto,2011-07-24,4.63,13.49,-2.57,49.53,0.0,1.15,60.37,-15.77948,-70.91799,4470
Crucero_Alto,2011-07-25,4.11,14.05,-3.2,28.81,0.0,1.36,60.24,-15.77948,-70.91799,4470
Crucero_Alto,2011-07-26,4.53,12.92,-2.5,35.03,0.0,1.27,60.18,-15.77948,-70.91799,4470
Crucero_Alto,2011-07-27,3.12,12.61,-4.0,46.06,0.0,2.04,60.19,-15.77948,-70.91799,4470
Crucero_Alto,2011-07-28,2.21,13.24,-5.41,32.76,0.0,2.0,60.09,-15.77948,-70.91799,4470
Crucero_Alto,2011-07-29,0.49,11.11,-6.38,33.42,0.0,3.2,60.01,-15.77948,-70.91799,4470
Crucero_Alto,2011-07-30,1.05,12.08,-6.37,29.08,0.0,2.86,59.99,-15.77948,-70.91799,4470
Crucero_Alto,2011-07-31,0.53,11.1,-5.78,33.94,0.01,3.54,60.1,-15.77948,-70.91799,4470
Crucero_Alto,2011-08-01,1.5,10.95,-5.76,24.26,0.0,2.76,60.21,-15.77948,-70.91799,4470
Crucero_Alto,2011-08-02,2.41,12.83,-4.22,20.94,0.0,2.83,60.18,-15.77948,-70.91799,4470
Crucero_Alto,2011-08-03,4.17,15.26,-3.98,30.87,0.0,1.99,60.17,-15.77948,-70.91799,4470
Crucero_Alto,2011-08-04,3.13,8.68,-1.11,64.17,0.0,1.51,60.26,-15.77948,-70.91799,4470
Crucero_Alto,2011-08-05,3.24,10.38,-2.01,60.51,0.0,1.63,60.35,-15.77948,-70.91799,4470
Crucero_Alto,2011-08-06,5.36,14.83,-2.12,46.74,0.0,1.82,60.31,-15.77948,-70.91799,4470
Crucero_Alto,2011-08-07,4.78,15.37,-3.56,45.89,0.0,1.94,60.33,-15.77948,-70.91799,4470
Crucero_Alto,2011-08-08,5.38,14.08,-2.26,41.79,0.0,0.9,60.4,-15.77948,-70.91799,4470
Crucero_Alto,2011-08-09,3.89,11.99,-1.18,69.65,0.0,2.01,60.43,-15.77948,-70.91799,4470
Crucero_Alto,2011-08-10,3.86,13.3,-3.15,61.76,0.0,1.98,60.37,-15.77948,-70.91799,4470
Crucero_Alto,2011-08-11,4.7,13.21,-3.23,56.83,0.0,1.68,60.27,-15.77948,-70.91799,4470
Crucero_Alto,2011-08-12,4.01,11.6,-1.59,60.47,0.0,1.51,60.21,-15.77948,-70.91799,4470
Crucero_Alto,2011-08-13,4.25,12.72,-3.05,53.49,0.0,1.18,60.19,-15.77948,-70.91799,4470
Crucero_Alto,2011-08-14,5.26,14.02,-3.13,52.82,0.0,1.83,60.1,-15.77948,-70.91799,4470
Crucero_Alto,2011-08-15,4.25,14.31,-3.04,61.4,0.0,2.94,60.15,-15.77948,-70.91799,4470
Crucero_Alto,2011-08-16,4.76,15.21,-5.14,54.46,0.0,1.42,60.18,-15.77948,-70.91799,4470
Crucero_Alto,2011-08-17,5.52,15.68,-1.61,55.37,0.0,2.08,60.2,-15.77948,-70.91799,4470
Crucero_Alto,2011-08-18,3.42,14.86,-4.74,51.28,0.0,2.92,60.15,-15.77948,-70.91799,4470
Crucero_Alto,2011-08-19,4.29,16.13,-5.2,40.5,0.0,2.44,60.11,-15.77948,-70.91799,4470
Crucero_Alto,2011-08-20,5.93,16.41,-1.71,41.89,0.0,2.02,60.15,-15.77948,-70.91799,4470
Crucero_Alto,2011-08-21,4.28,13.57,-2.54,48.98,0.0,2.64,60.19,-15.77948,-70.91799,4470
Crucero_Alto,2011-08-22,2.12,12.6,-6.02,40.22,0.0,3.34,60.17,-15.77948,-70.91799,4470
Crucero_Alto,2011-08-23,4.16,14.97,-4.35,22.81,0.0,2.18,60.11,-15.77948,-70.91799,4470
Crucero_Alto,2011-08-24,3.16,12.4,-3.8,47.45,0.0,2.4,60.22,-15.77948,-70.91799,4470
Crucero_Alto,2011-08-25,5.1,14.06,-2.43,44.39,0.0,1.66,60.36,-15.77948,-70.91799,4470
Crucero_Alto,2011-08-26,5.69,15.61,-1.85,55.08,0.0,1.7,60.4,-15.77948,-70.91799,4470
Crucero_Alto,2011-08-27,5.12,16.44,-3.87,44.57,0.0,1.96,60.3,-15.77948,-70.91799,4470
Crucero_Alto,2011-08-28,5.65,16.78,-2.96,46.68,0.0,1.67,60.25,-15.77948,-70.91799,4470
Crucero_Alto,2011-08-29,5.97,16.79,-2.0,38.89,0.0,1.53,60.23,-15.77948,-70.91799,4470
Crucero_Alto,2011-08-30,5.92,14.49,-1.1,49.0,0.0,1.63,60.33,-15.77948,-70.91799,4470
Crucero_Alto,2011-08-31,5.43,13.12,-0.16,64.77,0.0,2.7,60.43,-15.77948,-70.91799,4470
Crucero_Alto,2011-09-01,5.72,14.67,-0.92,62.99,0.0,2.72,60.46,-15.77948,-70.91799,4470
Crucero_Alto,2011-09-02,4.83,14.94,-3.86,51.5,0.0,1.94,60.38,-15.77948,-70.91799,4470
Crucero_Alto,2011-09-03,5.4,16.02,-2.23,55.58,0.0,1.62,60.28,-15.77948,-70.91799,4470
Crucero_Alto,2011-09-04,5.82,16.81,-3.62,39.44,0.0,1.23,60.25,-15.77948,-70.91799,4470
Crucero_Alto,2011-09-05,6.26,16.14,-1.93,36.56,0.0,1.31,60.25,-15.77948,-70.91799,4470
Crucero_Alto,2011-09-06,6.18,16.68,-1.51,43.85,0.02,1.9,60.25,-15.77948,-70.91799,4470
Crucero_Alto,2011-09-07,4.5,15.58,-4.09,43.89,0.0,2.67,60.31,-15.77948,-70.91799,4470
Crucero_Alto,2011-09-08,4.23,17.11,-5.53,37.9,0.05,2.87,60.21,-15.77948,-70.91799,4470
Crucero_Alto,2011-09-09,3.76,15.69,-4.66,30.05,0.0,2.93,60.16,-15.77948,-70.91799,4470
Crucero_Alto,2011-09-10,4.2,15.01,-6.23,22.65,0.0,1.43,60.27,-15.77948,-70.91799,4470
Crucero_Alto,2011-09-11,5.21,15.31,-2.97,62.08,0.02,2.62,60.43,-15.77948,-70.91799,4470
Crucero_Alto,2011-09-12,5.16,14.6,-3.66,57.54,0.0,1.86,60.46,-15.77948,-70.91799,4470
Crucero_Alto,2011-09-13,5.39,12.16,-0.71,55.1,0.0,1.29,60.36,-15.77948,-70.91799,4470
Crucero_Alto,2011-09-14,6.23,13.89,0.1,49.91,0.0,0.91,60.27,-15.77948,-70.91799,4470
Crucero_Alto,2011-09-15,5.76,16.31,-1.99,49.73,0.0,1.55,60.23,-15.77948,-70.91799,4470
Crucero_Alto,2011-09-16,4.65,16.81,-4.1,41.29,0.0,2.12,60.23,-15.77948,-70.91799,4470
Crucero_Alto,2011-09-17,5.63,16.58,-4.1,39.53,1.84,1.32,60.21,-15.77948,-70.91799,4470
Crucero_Alto,2011-09-18,5.04,12.84,-2.76,47.15,3.91,1.89,60.31,-15.77948,-70.91799,4470
Crucero_Alto,2011-09-19,6.01,14.45,-1.52,40.05,0.0,1.82,60.29,-15.77948,-70.91799,4470
Crucero_Alto,2011-09-20,5.96,13.68,-0.11,46.38,0.11,1.38,60.26,-15.77948,-70.91799,4470
Crucero_Alto,2011-09-21,6.1,15.05,-1.49,47.37,0.07,1.49,60.22,-15.77948,-70.91799,4470
Crucero_Alto,2011-09-22,4.27,12.1,-1.79,39.77,0.01,2.94,60.25,-15.77948,-70.91799,4470
Crucero_Alto,2011-09-23,3.58,12.45,-3.86,51.99,0.04,1.61,60.2,-15.77948,-70.91799,4470
Crucero_Alto,2011-09-24,4.66,10.79,-1.06,66.6,6.36,1.45,60.26,-15.77948,-70.91799,4470
Crucero_Alto,2011-09-25,5.85,13.31,-0.14,63.51,0.6,1.48,60.33,-15.77948,-70.91799,4470
Crucero_Alto,2011-09-26,6.58,14.56,0.05,60.54,0.02,2.21,60.36,-15.77948,-70.91799,4470
Crucero_Alto,2011-09-27,5.55,11.92,0.77,67.09,0.0,3.01,60.43,-15.77948,-70.91799,4470
Crucero_Alto,2011-09-28,6.24,13.25,0.58,64.76,0.71,1.91,60.32,-15.77948,-70.91799,4470
Crucero_Alto,2011-09-29,7.15,16.09,-0.67,54.87,0.02,1.2,60.19,-15.77948,-70.91799,4470
Crucero_Alto,2011-09-30,6.26,17.47,-2.21,45.29,0.0,2.42,60.16,-15.77948,-70.91799,4470
Crucero_Alto,2011-10-01,4.57,16.8,-4.76,27.61,0.0,2.2,60.16,-15.77948,-70.91799,4470
Crucero_Alto,2011-10-02,6.28,16.99,-3.17,34.13,0.0,1.18,60.17,-15.77948,-70.91799,4470
Crucero_Alto,2011-10-03,5.98,12.98,0.11,55.13,0.7,1.81,60.22,-15.77948,-70.91799,4470
Crucero_Alto,2011-10-04,5.88,16.9,-1.87,29.75,0.02,2.41,60.16,-15.77948,-70.91799,4470
Crucero_Alto,2011-10-05,5.55,13.67,-2.09,46.34,0.0,1.54,60.14,-15.77948,-70.91799,4470
Crucero_Alto,2011-10-06,6.58,15.25,-0.79,47.27,0.0,1.83,60.11,-15.77948,-70.91799,4470
Crucero_Alto,2011-10-07,5.73,15.0,-1.43,49.89,1.43,2.5,60.14,-15.77948,-70.91799,4470
Crucero_Alto,2011-10-08,4.36,13.75,-1.78,59.28,0.38,1.97,60.17,-15.77948,-70.91799,4470
Crucero_Alto,2011-10-09,4.79,13.44,-1.92,66.2,0.09,2.26,60.14,-15.77948,-70.91799,4470
Crucero_Alto,2011-10-10,5.33,13.54,-1.32,67.47,3.07,1.77,60.17,-15.77948,-70.91799,4470
Crucero_Alto,2011-10-11,6.38,15.83,-0.77,60.65,0.74,2.44,60.1,-15.77948,-70.91799,4470
Crucero_Alto,2011-10-12,6.01,18.53,-2.9,56.87,0.03,3.08,59.98,-15.77948,-70.91799,4470
Crucero_Alto,2011-10-13,5.74,18.13,-2.79,46.53,0.0,3.55,59.95,-15.77948,-70.91799,4470
Crucero_Alto,2011-10-14,5.61,18.06,-3.12,31.73,0.0,3.16,59.97,-15.77948,-70.91799,4470
Crucero_Alto,2011-10-15,6.73,19.72,-1.92,32.27,0.0,2.8,59.99,-15.77948,-70.91799,4470
Crucero_Alto,2011-10-16,6.81,19.74,-1.95,33.37,0.0,2.91,60.03,-15.77948,-70.91799,4470
Crucero_Alto,2011-10-17,5.39,15.09,-2.56,26.8,0.0,2.68,60.09,-15.77948,-70.91799,4470
Crucero_Alto,2011-10-18,5.34,18.18,-4.14,26.22,0.0,2.42,60.13,-15.77948,-70.91799,4470
Crucero_Alto,2011-10-19,7.0,18.91,-3.25,31.71,0.0,1.24,60.12,-15.77948,-70.91799,4470
Crucero_Alto,2011-10-20,6.03,17.89,-4.09,41.86,0.0,3.07,60.17,-15.77948,-70.91799,4470
Crucero_Alto,2011-10-21,3.78,16.8,-6.78,22.4,0.0,2.85,60.1,-15.77948,-70.91799,4470
Crucero_Alto,2011-10-22,6.94,17.77,-2.59,42.96,0.0,1.18,60.04,-15.77948,-70.91799,4470
Crucero_Alto,2011-10-23,8.65,17.75,1.71,54.14,0.0,2.17,60.21,-15.77948,-70.91799,4470
Crucero_Alto,2011-10-24,8.53,18.32,1.75,56.22,0.0,2.19,60.28,-15.77948,-70.91799,4470
Crucero_Alto,2011-10-25,9.81,18.76,2.01,43.45,0.0,2.01,60.16,-15.77948,-70.91799,4470
Crucero_Alto,2011-10-26,9.35,18.57,1.23,50.49,0.0,1.71,60.07,-15.77948,-70.91799,4470
Crucero_Alto,2011-10-27,9.0,16.87,2.26,52.65,0.0,3.75,60.12,-15.77948,-70.91799,4470
Crucero_Alto,2011-10-28,9.09,17.92,1.16,52.5,0.0,2.53,60.14,-15.77948,-70.91799,4470
Crucero_Alto,2011-10-29,5.86,12.69,1.38,63.95,0.01,2.02,60.17,-15.77948,-70.91799,4470
Crucero_Alto,2011-10-30,6.1,12.34,1.27,61.61,1.46,1.76,60.12,-15.77948,-70.91799,4470
Crucero_Alto,2011-10-31,7.73,18.31,-0.98,49.68,0.82,2.39,60.09,-15.77948,-70.91799,4470
Crucero_Alto,2011-11-01,7.94,18.46,-1.62,41.52,0.27,1.37,60.1,-15.77948,-70.91799,4470
Crucero_Alto,2011-11-02,7.1,15.87,0.72,56.72,0.0,1.62,60.15,-15.77948,-70.91799,4470
Crucero_Alto,2011-11-03,8.12,16.4,0.52,56.1,2.92,1.76,60.19,-15.77948,-70.91799,4470
Crucero_Alto,2011-11-04,7.67,18.45,-0.11,42.5,0.14,1.86,60.17,-15.77948,-70.91799,4470
Crucero_Alto,2011-11-05,7.19,19.29,-2.51,29.36,0.0,2.49,60.17,-15.77948,-70.91799,4470
Crucero_Alto,2011-11-06,8.24,20.19,-2.78,35.02,0.0,2.02,60.14,-15.77948,-70.91799,4470
Crucero_Alto,2011-11-07,9.87,19.04,1.63,47.79,0.0,2.28,60.16,-15.77948,-70.91799,4470
Crucero_Alto,2011-11-08,9.13,18.6,0.64,48.27,0.0,2.42,60.14,-15.77948,-70.91799,4470
Crucero_Alto,2011-11-09,9.01,20.81,-0.15,52.29,0.0,2.06,60.16,-15.77948,-70.91799,4470
Crucero_Alto,2011-11-10,9.17,16.28,1.67,53.1,0.0,1.88,60.15,-15.77948,-70.91799,4470
Crucero_Alto,2011-11-11,8.88,17.47,2.57,54.46,0.0,1.85,60.18,-15.77948,-70.91799,4470
Crucero_Alto,2011-11-12,9.35,17.85,3.23,48.48,0.0,2.97,60.17,-15.77948,-70.91799,4470
Crucero_Alto,2011-11-13,8.92,19.58,1.07,52.97,0.0,2.39,60.11,-15.77948,-70.91799,4470
Crucero_Alto,2011-11-14,10.93,21.01,2.27,37.32,0.0,2.05,60.01,-15.77948,-70.91799,4470
Crucero_Alto,2011-11-15,9.92,19.85,2.9,47.96,0.0,1.96,60.08,-15.77948,-70.91799,4470
Crucero_Alto,2011-11-16,8.74,18.16,3.94,50.49,0.0,1.44,60.07,-15.77948,-70.91799,4470
Crucero_Alto,2011-11-17,8.61,19.07,2.28,53.9,0.0,2.09,60.05,-15.77948,-70.91799,4470
Crucero_Alto,2011-11-18,6.43,16.61,1.3,61.05,0.0,1.94,60.06,-15.77948,-70.91799,4470
Crucero_Alto,2011-11-19,6.33,14.81,1.02,65.82,19.87,2.71,60.07,-15.77948,-70.91799,4470
Crucero_Alto,2011-11-20,5.09,12.1,0.55,72.37,7.69,2.3,60.08,-15.77948,-70.91799,4470
Crucero_Alto,2011-11-21,7.94,17.43,-1.66,54.91,0.0,1.77,60.07,-15.77948,-70.91799,4470
Crucero_Alto,2011-11-22,5.69,11.64,2.64,72.57,0.45,0.93,60.16,-15.77948,-70.91799,4470
Crucero_Alto,2011-11-23,7.69,17.23,0.1,60.1,0.06,1.79,60.22,-15.77948,-70.91799,4470
Crucero_Alto,2011-11-24,9.49,20.52,0.41,43.33,0.0,1.7,60.17,-15.77948,-70.91799,4470
Crucero_Alto,2011-11-25,8.55,20.15,-1.86,32.09,0.0,2.06,60.13,-15.77948,-70.91799,4470
Crucero_Alto,2011-11-26,8.96,19.77,-0.61,42.72,0.01,2.13,60.11,-15.77948,-70.91799,4470
Crucero_Alto,2011-11-27,9.94,19.29,3.06,54.39,0.0,2.53,60.13,-15.77948,-70.91799,4470
Crucero_Alto,2011-11-28,9.0,17.51,2.16,55.84,0.0,2.71,60.17,-15.77948,-70.91799,4470
Crucero_Alto,2011-11-29,8.08,16.78,0.65,61.26,0.0,2.53,60.26,-15.77948,-70.91799,4470
Crucero_Alto,2011-11-30,10.0,19.27,2.36,51.6,0.0,2.13,60.16,-15.77948,-70.91799,4470
Crucero_Alto,2011-12-01,8.86,17.85,0.18,49.63,0.18,2.53,60.25,-15.77948,-70.91799,4470
Crucero_Alto,2011-12-02,8.59,17.5,1.77,57.67,0.06,2.29,60.25,-15.77948,-70.91799,4470
Crucero_Alto,2011-12-03,10.34,19.19,2.72,49.49,0.0,2.05,60.13,-15.77948,-70.91799,4470
Crucero_Alto,2011-12-04,9.22,19.83,-0.11,36.86,0.0,2.7,60.03,-15.77948,-70.91799,4470
Crucero_Alto,2011-12-05,7.76,18.83,-2.9,28.72,0.01,1.86,59.98,-15.77948,-70.91799,4470
Crucero_Alto,2011-12-06,8.59,18.32,1.08,51.81,0.12,2.59,60.01,-15.77948,-70.91799,4470
Crucero_Alto,2011-12-07,7.92,19.52,-1.14,48.6,0.05,2.24,60.05,-15.77948,-70.91799,4470
Crucero_Alto,2011-12-08,8.47,18.6,-0.35,48.49,0.04,1.4,60.02,-15.77948,-70.91799,4470
Crucero_Alto,2011-12-09,6.9,14.34,1.51,57.08,0.03,1.54,60.02,-15.77948,-70.91799,4470
Crucero_Alto,2011-12-10,7.57,15.66,1.77,57.95,0.0,1.66,60.04,-15.77948,-70.91799,4470
Crucero_Alto,2011-12-11,6.83,11.9,2.82,66.36,0.12,1.86,60.04,-15.77948,-70.91799,4470
Crucero_Alto,2011-12-12,5.59,12.44,1.32,72.39,0.02,2.2,60.04,-15.77948,-70.91799,4470
Crucero_Alto,2011-12-13,6.24,14.35,-0.09,63.06,13.66,2.24,60.06,-15.77948,-70.91799,4470
Crucero_Alto,2011-12-14,5.32,10.19,0.09,70.1,2.4,1.54,60.0,-15.77948,-70.91799,4470
Crucero_Alto,2011-12-15,7.03,14.49,2.34,69.89,0.9,2.04,60.01,-15.77948,-70.91799,4470
Crucero_Alto,2011-12-16,7.62,19.08,-0.56,51.27,0.36,2.95,60.05,-15.77948,-70.91799,4470
Crucero_Alto,2011-12-17,6.48,18.56,-2.44,50.63,0.0,2.95,60.09,-15.77948,-70.91799,4470
Crucero_Alto,2011-12-18,6.89,18.41,-3.86,45.65,0.16,1.43,60.06,-15.77948,-70.91799,4470
Crucero_Alto,2011-12-19,7.2,18.47,-2.24,52.22,0.12,1.15,60.03,-15.77948,-70.91799,4470
Crucero_Alto,2011-12-20,6.77,16.57,-0.01,61.78,0.0,1.65,60.08,-15.77948,-70.91799,4470
Crucero_Alto,2011-12-21,5.62,13.29,1.29,72.66,13.44,2.19,60.07,-15.77948,-70.91799,4470
Crucero_Alto,2011-12-22,5.37,13.22,-0.28,72.79,11.38,2.01,60.02,-15.77948,-70.91799,4470
Crucero_Alto,2011-12-23,5.89,14.41,0.98,70.71,1.01,2.7,60.04,-15.77948,-70.91799,4470
Crucero_Alto,2011-12-24,6.17,15.84,-0.04,62.44,0.86,1.82,60.14,-15.77948,-70.91799,4470
Crucero_Alto,2011-12-25,5.18,11.62,0.97,69.65,0.64,1.23,60.22,-15.77948,-70.91799,4470
Crucero_Alto,2011-12-26,7.48,15.05,2.13,67.31,0.1,5.0,60.21,-15.77948,-70.91799,4470
Crucero_Alto,2011-12-27,7.66,15.24,1.73,67.03,0.18,3.71,60.28,-15.77948,-70.91799,4470
Crucero_Alto,2011-12-28,7.48,13.65,2.51,70.8,3.2,3.74,60.29,-15.77948,-70.91799,4470
Crucero_Alto,2011-12-29,8.37,17.48,2.4,65.14,0.28,1.64,60.17,-15.77948,-70.91799,4470
Crucero_Alto,2011-12-30,7.8,16.37,1.4,61.34,0.01,3.12,60.11,-15.77948,-70.91799,4470
Crucero_Alto,2011-12-31,6.89,15.49,1.45,67.56,5.26,2.36,60.12,-15.77948,-70.91799,4470
Crucero_Alto,2012-01-01,6.38,14.54,1.16,68.64,6.99,3.86,60.16,-15.77948,-70.91799,4470
Crucero_Alto,2012-01-02,4.08,9.92,0.75,79.4,7.53,2.05,60.19,-15.77948,-70.91799,4470
Crucero_Alto,2012-01-03,7.11,14.44,0.94,69.16,2.32,1.79,60.17,-15.77948,-70.91799,4470
Crucero_Alto,2012-01-04,7.98,15.61,1.51,63.28,2.1,1.85,60.2,-15.77948,-70.91799,4470
Crucero_Alto,2012-01-05,6.55,14.48,2.2,71.34,7.8,2.16,60.12,-15.77948,-70.91799,4470
Crucero_Alto,2012-01-06,4.95,12.7,1.12,76.46,5.35,1.9,60.09,-15.77948,-70.91799,4470
Crucero_Alto,2012-01-07,5.49,13.51,0.55,73.39,3.76,2.48,60.1,-15.77948,-70.91799,4470
Crucero_Alto,2012-01-08,7.65,17.36,0.49,59.79,0.99,1.89,60.14,-15.77948,-70.91799,4470
Crucero_Alto,2012-01-09,6.89,14.58,1.2,61.07,0.13,2.73,60.16,-15.77948,-70.91799,4470
Crucero_Alto,2012-01-10,6.33,16.36,-0.92,57.12,9.56,2.85,60.09,-15.77948,-70.91799,4470
Crucero_Alto,2012-01-11,6.67,18.55,-3.28,44.95,0.24,2.46,59.99,-15.77948,-70.91799,4470
Crucero_Alto,2012-01-12,7.93,19.26,-0.9,49.33,0.01,2.08,60.03,-15.77948,-70.91799,4470
Crucero_Alto,2012-01-13,7.06,18.81,-2.04,46.82,0.0,2.94,60.15,-15.77948,-70.91799,4470
Crucero_Alto,2012-01-14,6.69,18.59,-1.28,49.71,3.55,2.13,60.26,-15.77948,-70.91799,4470
Crucero_Alto,2012-01-15,5.83,17.82,-4.48,44.33,0.01,2.71,60.27,-15.77948,-70.91799,4470
Crucero_Alto,2012-01-16,7.3,18.38,-2.46,50.44,0.0,2.23,60.25,-15.77948,-70.91799,4470
Crucero_Alto,2012-01-17,6.87,14.16,0.77,64.81,3.4,2.4,60.22,-15.77948,-70.91799,4470
Crucero_Alto,2012-01-18,6.39,13.56,0.88,64.86,0.25,1.97,60.11,-15.77948,-70.91799,4470
Crucero_Alto,2012-01-19,6.17,13.18,0.62,65.71,0.73,1.9,60.07,-15.77948,-70.91799,4470
Crucero_Alto,2012-01-20,5.99,12.47,0.98,68.72,0.96,2.48,60.01,-15.77948,-70.91799,4470
Crucero_Alto,2012-01-21,6.28,13.63,2.04,70.36,3.62,2.44,60.03,-15.77948,-70.91799,4470
Crucero_Alto,2012-01-22,5.25,12.33,-0.55,69.86,11.54,2.25,60.03,-15.77948,-70.91799,4470
Crucero_Alto,2012-01-23,5.25,14.44,-2.7,65.07,4.5,2.14,60.03,-15.77948,-70.91799,4470
Crucero_Alto,2012-01-24,5.01,14.3,-2.34,61.71,2.88,1.86,60.04,-15.77948,-70.91799,4470
Crucero_Alto,2012-01-25,5.48,13.48,-0.04,66.79,1.51,1.57,60.03,-15.77948,-70.91799,4470
Crucero_Alto,2012-01-26,4.67,10.38,-0.15,75.3,1.36,1.51,60.08,-15.77948,-70.91799,4470
Crucero_Alto,2012-01-27,7.31,15.19,1.83,73.18,8.51,2.33,60.04,-15.77948,-70.91799,4470
Crucero_Alto,2012-01-28,7.44,15.0,1.64,68.63,2.12,1.96,60.09,-15.77948,-70.91799,4470
Crucero_Alto,2012-01-29,5.64,13.2,1.06,74.12,8.63,1.96,60.08,-15.77948,-70.91799,4470
Crucero_Alto,2012-01-30,5.19,13.39,0.49,74.09,8.86,2.82,60.09,-15.77948,-70.91799,4470
Crucero_Alto,2012-01-31,5.02,11.02,0.77,77.68,0.64,1.56,60.1,-15.77948,-70.91799,4470
Crucero_Alto,2012-02-01,7.49,15.86,1.2,70.36,5.15,1.67,60.04,-15.77948,-70.91799,4470
Crucero_Alto,2012-02-02,4.61,10.72,1.25,80.99,3.68,1.76,60.01,-15.77948,-70.91799,4470
Crucero_Alto,2012-02-03,6.39,13.91,1.52,76.92,7.88,1.43,60.01,-15.77948,-70.91799,4470
Crucero_Alto,2012-02-04,7.26,15.05,1.56,75.05,4.43,2.3,60.02,-15.77948,-70.91799,4470
Crucero_Alto,2012-02-05,7.9,15.86,2.6,73.9,1.1,2.03,60.08,-15.77948,-70.91799,4470
Crucero_Alto,2012-02-06,8.37,16.29,3.28,71.64,3.54,3.37,60.12,-15.77948,-70.91799,4470
Crucero_Alto,2012-02-07,7.8,15.14,2.55,64.51,1.16,2.85,60.12,-15.77948,-70.91799,4470
Crucero_Alto,2012-02-08,7.31,14.1,0.94,65.76,4.13,1.83,60.09,-15.77948,-70.91799,4470
Crucero_Alto,2012-02-09,8.37,15.97,2.06,66.28,1.05,2.33,60.14,-15.77948,-70.91799,4470
Crucero_Alto,2012-02-10,6.25,13.8,1.69,77.84,2.22,2.45,60.14,-15.77948,-70.91799,4470
Crucero_Alto,2012-02-11,6.81,14.47,1.55,74.0,3.46,2.27,60.09,-15.77948,-70.91799,4470
Crucero_Alto,2012-02-12,6.24,14.86,1.2,72.92,1.34,2.0,60.03,-15.77948,-70.91799,4470
Crucero_Alto,2012-02-13,4.95,10.54,0.78,77.79,6.03,2.4,60.0,-15.77948,-70.91799,4470
Crucero_Alto,2012-02-14,4.7,11.76,0.81,79.55,12.72,2.85,60.04,-15.77948,-70.91799,4470
Crucero_Alto,2012-02-15,3.81,8.09,0.48,83.63,11.75,2.18,60.07,-15.77948,-70.91799,4470
Crucero_Alto,2012-02-16,6.17,13.3,0.54,77.36,7.95,2.38,60.04,-15.77948,-70.91799,4470
Crucero_Alto,2012-02-17,5.9,12.54,1.25,76.8,1.23,2.0,60.02,-15.77948,-70.91799,4470
Crucero_Alto,2012-02-18,5.72,11.73,1.21,76.16,1.57,2.17,59.99,-15.77948,-70.91799,4470
Crucero_Alto,2012-02-19,5.48,13.84,1.23,74.23,0.37,1.72,60.0,-15.77948,-70.91799,4470
Crucero_Alto,2012-02-20,4.97,12.03,0.38,76.32,1.19,2.71,60.06,-15.77948,-70.91799,4470
Crucero_Alto,2012-02-21,5.72,15.82,-1.64,69.44,0.0,2.49,60.04,-15.77948,-70.91799,4470
Crucero_Alto,2012-02-22,4.09,10.02,-1.77,76.46,0.1,2.09,60.0,-15.77948,-70.91799,4470
Crucero_Alto,2012-02-23,6.26,16.05,-2.79,68.14,0.16,1.68,59.97,-15.77948,-70.91799,4470
Crucero_Alto,2012-02-24,5.52,14.37,-1.63,68.12,2.73,2.42,60.08,-15.77948,-70.91799,4470
Crucero_Alto,2012-02-25,4.17,12.97,-4.55,71.93,0.1,2.45,60.04,-15.77948,-70.91799,4470
Crucero_Alto,2012-02-26,7.31,17.54,-0.39,65.72,0.0,2.24,60.01,-15.77948,-70.91799,4470
Crucero_Alto,2012-02-27,5.31,11.45,1.37,76.33,0.0,2.55,60.03,-15.77948,-70.91799,4470
Crucero_Alto,2012-02-28,6.15,13.82,-0.55,71.91,0.0,2.2,59.98,-15.77948,-70.91799,4470
Crucero_Alto,2012-02-29,5.27,12.59,1.23,77.35,0.36,2.59,59.97,-15.77948,-70.91799,4470
Crucero_Alto,2012-03-01,6.88,15.97,0.7,70.12,0.56,2.05,60.05,-15.77948,-70.91799,4470
Crucero_Alto,2012-03-02,5.02,13.0,1.24,80.23,5.57,1.59,60.11,-15.77948,-70.91799,4470
Crucero_Alto,2012-03-03,5.73,13.92,1.17,77.71,9.44,1.27,60.14,-15.77948,-70.91799,4470
Crucero_Alto,2012-03-04,6.8,16.39,0.42,70.38,3.11,2.05,60.13,-15.77948,-70.91799,4470
Crucero_Alto,2012-03-05,5.89,13.79,0.7,75.83,4.54,1.87,60.08,-15.77948,-70.91799,4470
Crucero_Alto,2012-03-06,5.94,11.72,0.59,75.55,5.52,1.48,60.03,-15.77948,-70.91799,4470
Crucero_Alto,2012-03-07,5.53,10.8,0.63,79.26,5.33,3.23,60.09,-15.77948,-70.91799,4470
Crucero_Alto,2012-03-08,5.55,13.23,1.15,76.41,0.54,3.58,60.19,-15.77948,-70.91799,4470
Crucero_Alto,2012-03-09,5.01,13.31,-1.46,70.97,0.01,3.57,60.2,-15.77948,-70.91799,4470
Crucero_Alto,2012-03-10,5.73,14.35,-1.75,68.31,0.39,2.57,60.16,-15.77948,-70.91799,4470
Crucero_Alto,2012-03-11,5.47,13.23,0.15,73.06,4.36,1.88,60.17,-15.77948,-70.91799,4470
Crucero_Alto,2012-03-12,4.62,10.46,0.9,79.4,6.28,2.16,60.14,-15.77948,-70.91799,4470
Crucero_Alto,2012-03-13,6.05,16.52,-1.02,68.12,0.34,2.56,60.18,-15.77948,-70.91799,4470
Crucero_Alto,2012-03-14,5.62,17.02,-4.69,55.42,0.0,1.65,60.2,-15.77948,-70.91799,4470
Crucero_Alto,2012-03-15,7.0,14.96,0.97,70.0,2.05,1.27,60.27,-15.77948,-70.91799,4470
Crucero_Alto,2012-03-16,6.59,14.25,1.03,73.98,4.66,1.37,60.27,-15.77948,-70.91799,4470
Crucero_Alto,2012-03-17,8.09,15.84,2.43,70.9,2.18,1.7,60.23,-15.77948,-70.91799,4470
Crucero_Alto,2012-03-18,8.16,15.15,3.03,69.96,0.47,1.25,60.17,-15.77948,-70.91799,4470
Crucero_Alto,2012-03-19,8.33,15.48,2.21,66.81,0.0,1.79,60.12,-15.77948,-70.91799,4470
Crucero_Alto,2012-03-20,7.21,16.09,3.02,73.51,1.31,1.64,60.17,-15.77948,-70.91799,4470
Crucero_Alto,2012-03-21,7.59,16.58,0.97,67.6,0.14,2.25,60.18,-15.77948,-70.91799,4470
Crucero_Alto,2012-03-22,7.2,16.2,0.46,71.98,0.0,1.78,60.14,-15.77948,-70.91799,4470
Crucero_Alto,2012-03-23,8.24,18.25,-0.51,62.99,0.0,1.56,60.07,-15.77948,-70.91799,4470
Crucero_Alto,2012-03-24,6.74,13.23,2.22,74.5,0.0,2.01,60.14,-15.77948,-70.91799,4470
Crucero_Alto,2012-03-25,7.6,15.84,1.02,67.34,0.0,2.03,60.13,-15.77948,-70.91799,4470
Crucero_Alto,2012-03-26,6.39,11.94,2.33,77.3,9.2,1.37,60.14,-15.77948,-70.91799,4470
Crucero_Alto,2012-03-27,4.42,9.96,0.83,81.98,5.72,2.1,60.17,-15.77948,-70.91799,4470
Crucero_Alto,2012-03-28,3.83,7.76,0.87,84.03,6.06,1.87,60.21,-15.77948,-70.91799,4470
Crucero_Alto,2012-03-29,5.4,9.88,2.19,81.03,0.57,1.18,60.2,-15.77948,-70.91799,4470
Crucero_Alto,2012-03-30,5.17,10.63,1.35,78.87,4.14,2.36,60.36,-15.77948,-70.91799,4470
Crucero_Alto,2012-03-31,5.23,13.52,0.61,77.06,1.02,1.77,60.38,-15.77948,-70.91799,4470
Crucero_Alto,2012-04-01,4.89,11.16,0.76,78.82,0.47,1.08,60.28,-15.77948,-70.91799,4470
Crucero_Alto,2012-04-02,6.89,15.57,-1.26,69.92,0.01,1.04,60.19,-15.77948,-70.91799,4470
Crucero_Alto,2012-04-03,5.43,11.44,2.17,81.97,1.77,2.01,60.17,-15.77948,-70.91799,4470
Crucero_Alto,2012-04-04,5.63,13.29,1.35,78.08,6.1,1.54,60.13,-15.77948,-70.91799,4470
Crucero_Alto,2012-04-05,5.5,13.03,0.8,75.52,1.21,1.58,60.17,-15.77948,-70.91799,4470
Crucero_Alto,2012-04-06,5.55,14.31,-0.78,73.27,0.12,1.71,60.29,-15.77948,-70.91799,4470
Crucero_Alto,2012-04-07,6.72,15.07,1.41,75.86,0.02,1.74,60.24,-15.77948,-70.91799,4470
Crucero_Alto,2012-04-08,6.8,12.79,2.51,73.52,0.0,1.67,60.14,-15.77948,-70.91799,4470
Crucero_Alto,2012-04-09,6.69,14.41,0.3,72.83,8.6,1.41,60.05,-15.77948,-70.91799,4470
Crucero_Alto,2012-04-10,5.33,11.37,0.97,77.54,7.5,0.9,60.08,-15.77948,-70.91799,4470
Crucero_Alto,2012-04-11,4.9,11.93,0.5,80.26,3.7,2.82,60.17,-15.77948,-70.91799,4470
Crucero_Alto,2012-04-12,4.96,12.87,0.18,79.69,5.44,2.2,60.24,-15.77948,-70.91799,4470
Crucero_Alto,2012-04-13,5.66,14.88,-1.25,72.9,1.5,1.63,60.23,-15.77948,-70.91799,4470
Crucero_Alto,2012-04-14,5.82,13.81,-0.78,74.71,0.08,1.27,60.18,-15.77948,-70.91799,4470
Crucero_Alto,2012-04-15,5.22,13.54,0.47,77.44,9.57,1.63,60.17,-15.77948,-70.91799,4470
Crucero_Alto,2012-04-16,6.64,15.08,-0.17,73.76,8.01,0.97,60.19,-15.77948,-70.91799,4470
Crucero_Alto,2012-04-17,6.65,13.37,2.13,76.99,0.65,2.58,60.24,-15.77948,-70.91799,4470
Crucero_Alto,2012-04-18,6.63,13.98,1.36,77.58,2.65,1.86,60.27,-15.77948,-70.91799,4470
Crucero_Alto,2012-04-19,7.04,14.39,2.0,75.97,0.33,1.65,60.22,-15.77948,-70.91799,4470
Crucero_Alto,2012-04-20,7.78,14.94,1.9,69.59,0.0,1.34,60.2,-15.77948,-70.91799,4470
Crucero_Alto,2012-04-21,6.52,13.66,1.04,75.85,0.0,1.7,60.25,-15.77948,-70.91799,4470
Crucero_Alto,2012-04-22,6.1,13.34,1.8,75.87,0.0,1.77,60.29,-15.77948,-70.91799,4470
Crucero_Alto,2012-04-23,4.77,12.7,0.38,79.29,1.07,2.13,60.24,-15.77948,-70.91799,4470
Crucero_Alto,2012-04-24,4.98,12.8,-0.04,77.14,2.93,1.72,60.17,-15.77948,-70.91799,4470
Crucero_Alto,2012-04-25,3.57,10.75,-2.65,75.08,1.19,2.81,60.16,-15.77948,-70.91799,4470
Crucero_Alto,2012-04-26,3.11,13.65,-5.2,61.85,0.01,2.25,60.19,-15.77948,-70.91799,4470
Crucero_Alto,2012-04-27,2.53,12.3,-4.7,64.55,0.01,2.83,60.17,-15.77948,-70.91799,4470
Crucero_Alto,2012-04-28,2.36,13.75,-5.93,53.2,0.0,2.47,60.19,-15.77948,-70.91799,4470
Crucero_Alto,2012-04-29,3.96,15.33,-3.75,36.12,0.0,1.15,60.2,-15.77948,-70.91799,4470
Crucero_Alto,2012-04-30,5.11,14.92,-3.44,43.66,0.0,1.04,60.22,-15.77948,-70.91799,4470
Crucero_Alto,2012-05-01,4.95,13.31,-2.25,65.5,0.0,1.06,60.19,-15.77948,-70.91799,4470
Crucero_Alto,2012-05-02,4.54,11.48,1.05,78.28,0.0,1.37,60.23,-15.77948,-70.91799,4470
Crucero_Alto,2012-05-03,6.25,14.17,-0.37,66.11,0.0,0.99,60.3,-15.77948,-70.91799,4470
Crucero_Alto,2012-05-04,6.29,15.43,-1.59,60.1,0.0,0.99,60.29,-15.77948,-70.91799,4470
Crucero_Alto,2012-05-05,5.85,14.32,-1.96,57.51,0.0,1.12,60.31,-15.77948,-70.91799,4470
Crucero_Alto,2012-05-06,5.89,13.12,0.55,69.16,0.0,1.27,60.33,-15.77948,-70.91799,4470
Crucero_Alto,2012-05-07,5.38,13.91,-0.11,62.01,0.0,1.67,60.34,-15.77948,-70.91799,4470
Crucero_Alto,2012-05-08,4.12,13.36,-2.84,63.18,0.0,1.84,60.32,-15.77948,-70.91799,4470
Crucero_Alto,2012-05-09,4.75,14.63,-2.65,59.8,0.0,1.05,60.2,-15.77948,-70.91799,4470
Crucero_Alto,2012-05-10,4.4,14.71,-2.64,53.73,0.0,1.94,60.12,-15.77948,-70.91799,4470
Crucero_Alto,2012-05-11,4.05,14.13,-3.34,57.64,0.0,2.38,60.15,-15.77948,-70.91799,4470
Crucero_Alto,2012-05-12,4.07,12.6,-2.53,70.67,0.05,2.36,60.14,-15.77948,-70.91799,4470
Crucero_Alto,2012-05-13,1.94,11.12,-5.31,72.41,0.0,3.14,60.13,-15.77948,-70.91799,4470
Crucero_Alto,2012-05-14,1.87,13.55,-5.99,63.64,0.0,2.45,60.16,-15.77948,-70.91799,4470
Crucero_Alto,2012-05-15,2.45,13.77,-4.49,54.74,0.0,2.28,60.23,-15.77948,-70.91799,4470
Crucero_Alto,2012-05-16,2.36,12.86,-4.86,36.26,0.0,2.14,60.21,-15.77948,-70.91799,4470
Crucero_Alto,2012-05-17,2.79,12.86,-3.49,33.74,0.0,1.75,60.18,-15.77948,-70.91799,4470
Crucero_Alto,2012-05-18,2.47,12.74,-3.59,42.16,0.0,2.25,60.16,-15.77948,-70.91799,4470
Crucero_Alto,2012-05-19,3.16,13.9,-2.94,44.89,0.0,1.97,60.17,-15.77948,-70.91799,4470
Crucero_Alto,2012-05-20,3.38,13.67,-2.95,44.8,0.0,1.73,60.23,-15.77948,-70.91799,4470
Crucero_Alto,2012-05-21,4.41,13.62,-1.61,46.76,0.0,1.13,60.29,-15.77948,-70.91799,4470
Crucero_Alto,2012-05-22,3.13,13.33,-3.28,48.09,0.0,2.01,60.3,-15.77948,-70.91799,4470
Crucero_Alto,2012-05-23,2.83,13.99,-4.4,45.72,0.0,2.13,60.27,-15.77948,-70.91799,4470
Crucero_Alto,2012-05-24,3.35,14.06,-3.21,46.34,0.0,1.78,60.32,-15.77948,-70.91799,4470
Crucero_Alto,2012-05-25,2.11,11.66,-4.67,46.63,0.0,2.27,60.33,-15.77948,-70.91799,4470
Crucero_Alto,2012-05-26,2.92,13.71,-4.22,36.96,0.0,1.61,60.34,-15.77948,-70.91799,4470
Crucero_Alto,2012-05-27,3.85,13.22,-3.09,31.22,0.0,1.69,60.32,-15.77948,-70.91799,4470
Crucero_Alto,2012-05-28,4.43,13.22,-0.91,36.36,0.0,1.47,60.37,-15.77948,-70.91799,4470
Crucero_Alto,2012-05-29,3.68,12.4,-1.96,49.92,0.0,1.5,60.37,-15.77948,-70.91799,4470
Crucero_Alto,2012-05-30,3.34,12.09,-2.89,54.07,0.0,1.57,60.34,-15.77948,-70.91799,4470
Crucero_Alto,2012-05-31,4.19,13.03,-2.89,58.37,0.0,1.09,60.37,-15.77948,-70.91799,4470
Crucero_Alto,2012-06-01,3.79,11.28,-1.43,61.75,0.0,1.71,60.42,-15.77948,-70.91799,4470
Crucero_Alto,2012-06-02,4.86,14.38,-2.78,53.92,0.0,1.16,60.38,-15.77948,-70.91799,4470
Crucero_Alto,2012-06-03,4.23,13.91,-2.41,43.32,0.0,1.04,60.22,-15.77948,-70.91799,4470
Crucero_Alto,2012-06-04,1.97,12.79,-4.93,40.71,0.01,2.22,60.13,-15.77948,-70.91799,4470
Crucero_Alto,2012-06-05,1.73,12.05,-5.3,39.34,0.0,1.98,60.14,-15.77948,-70.91799,4470
Crucero_Alto,2012-06-06,3.04,12.16,-3.85,39.28,0.02,1.66,60.19,-15.77948,-70.91799,4470
Crucero_Alto,2012-06-07,2.8,11.7,-2.58,57.54,0.0,2.13,60.21,-15.77948,-70.91799,4470
Crucero_Alto,2012-06-08,2.51,10.53,-2.57,71.56,0.11,1.46,60.17,-15.77948,-70.91799,4470
Crucero_Alto,2012-06-09,2.08,9.2,-3.04,64.65,0.75,1.51,60.16,-15.77948,-70.91799,4470
Crucero_Alto,2012-06-10,3.36,10.92,-2.6,51.07,0.01,1.25,60.24,-15.77948,-70.91799,4470
Crucero_Alto,2012-06-11,3.16,12.42,-3.12,61.18,0.0,1.8,60.2,-15.77948,-70.91799,4470
Crucero_Alto,2012-06-12,2.78,11.84,-4.23,56.65,0.0,1.48,60.19,-15.77948,-70.91799,4470
Crucero_Alto,2012-06-13,3.86,12.44,-2.59,56.14,0.0,1.62,60.21,-15.77948,-70.91799,4470
Crucero_Alto,2012-06-14,4.02,12.59,-2.9,60.51,0.0,0.97,60.27,-15.77948,-70.91799,4470
Crucero_Alto,2012-06-15,4.04,13.02,-3.02,59.01,0.0,0.91,60.31,-15.77948,-70.91799,4470
Crucero_Alto,2012-06-16,3.78,14.08,-3.5,51.73,0.0,0.96,60.24,-15.77948,-70.91799,4470
Crucero_Alto,2012-06-17,2.93,14.1,-4.16,56.38,0.0,1.99,60.18,-15.77948,-70.91799,4470
Crucero_Alto,2012-06-18,3.99,15.16,-3.27,60.24,0.0,1.99,60.13,-15.77948,-70.91799,4470
Crucero_Alto,2012-06-19,3.38,14.39,-4.1,73.16,0.0,2.83,60.2,-15.77948,-70.91799,4470
Crucero_Alto,2012-06-20,1.58,12.26,-5.02,57.38,0.0,2.95,60.23,-15.77948,-70.91799,4470
Crucero_Alto,2012-06-21,0.95,10.8,-5.62,42.74,0.0,2.93,60.25,-15.77948,-70.91799,4470
Crucero_Alto,2012-06-22,2.63,12.73,-4.02,33.94,0.0,1.32,60.29,-15.77948,-70.91799,4470
Crucero_Alto,2012-06-23,3.51,13.52,-2.86,41.6,0.0,1.83,60.32,-15.77948,-70.91799,4470
Crucero_Alto,2012-06-24,1.77,11.39,-3.78,46.65,0.0,2.0,60.41,-15.77948,-70.91799,4470
Crucero_Alto,2012-06-25,2.25,11.09,-3.78,39.95,0.0,1.08,60.33,-15.77948,-70.91799,4470
Crucero_Alto,2012-06-26,1.56,8.18,-2.61,78.1,0.0,1.19,60.34,-15.77948,-70.91799,4470
Crucero_Alto,2012-06-27,2.93,12.92,-4.31,67.12,0.0,1.41,60.36,-15.77948,-70.91799,4470
Crucero_Alto,2012-06-28,3.2,13.36,-5.56,40.4,0.0,1.23,60.33,-15.77948,-70.91799,4470
Crucero_Alto,2012-06-29,3.73,13.27,-2.62,36.35,0.0,1.64,60.22,-15.77948,-70.91799,4470
Crucero_Alto,2012-06-30,2.84,12.16,-4.13,56.41,0.0,2.14,60.22,-15.77948,-70.91799,4470
Crucero_Alto,2012-07-01,3.94,13.2,-3.26,53.82,0.0,1.44,60.28,-15.77948,-70.91799,4470
Crucero_Alto,2012-07-02,3.37,13.18,-4.21,57.43,0.0,1.41,60.27,-15.77948,-70.91799,4470
Crucero_Alto,2012-07-03,3.97,12.42,-2.2,64.73,0.0,1.6,60.15,-15.77948,-70.91799,4470
Crucero_Alto,2012-07-04,3.18,12.27,-3.39,58.51,0.01,1.93,60.02,-15.77948,-70.91799,4470
Crucero_Alto,2012-07-05,1.79,10.82,-4.2,51.74,0.04,2.45,59.96,-15.77948,-70.91799,4470
Crucero_Alto,2012-07-06,1.87,11.76,-5.04,46.34,0.0,2.32,60.1,-15.77948,-70.91799,4470
Crucero_Alto,2012-07-07,2.67,9.39,-2.93,58.8,0.14,1.58,60.21,-15.77948,-70.91799,4470
Crucero_Alto,2012-07-08,2.53,9.63,-1.9,76.57,0.01,1.22,60.16,-15.77948,-70.91799,4470
Crucero_Alto,2012-07-09,3.45,13.08,-4.04,56.54,0.02,2.72,60.18,-15.77948,-70.91799,4470
Crucero_Alto,2012-07-10,4.02,13.87,-3.58,39.39,0.0,1.83,60.26,-15.77948,-70.91799,4470
Crucero_Alto,2012-07-11,2.97,13.48,-4.83,40.87,0.0,2.04,60.27,-15.77948,-70.91799,4470
Crucero_Alto,2012-07-12,4.05,14.43,-5.16,39.66,0.0,1.47,60.24,-15.77948,-70.91799,4470
Crucero_Alto,2012-07-13,5.15,14.65,-2.54,48.12,0.0,0.98,60.24,-15.77948,-70.91799,4470
Crucero_Alto,2012-07-14,5.25,14.56,-1.79,58.53,0.0,1.31,60.31,-15.77948,-70.91799,4470
Crucero_Alto,2012-07-15,4.19,14.52,-1.98,46.21,0.0,2.03,60.31,-15.77948,-70.91799,4470
Crucero_Alto,2012-07-16,2.04,13.03,-5.26,33.97,0.0,2.13,60.27,-15.77948,-70.91799,4470
Crucero_Alto,2012-07-17,1.71,10.84,-5.53,25.76,0.0,1.41,60.27,-15.77948,-70.91799,4470
Crucero_Alto,2012-07-18,2.33,11.94,-5.4,48.42,0.0,1.37,60.32,-15.77948,-70.91799,4470
Crucero_Alto,2012-07-19,3.02,11.8,-3.0,43.86,0.0,1.57,60.35,-15.77948,-70.91799,4470
Crucero_Alto,2012-07-20,3.26,12.42,-2.1,26.64,0.0,1.98,60.26,-15.77948,-70.91799,4470
Crucero_Alto,2012-07-21,4.72,13.42,-1.75,23.56,0.0,0.94,60.23,-15.77948,-70.91799,4470
Crucero_Alto,2012-07-22,4.78,13.05,-0.88,24.83,0.0,1.35,60.27,-15.77948,-70.91799,4470
Crucero_Alto,2012-07-23,2.69,13.32,-5.05,35.67,0.0,2.21,60.38,-15.77948,-70.91799,4470
Crucero_Alto,2012-07-24,3.04,12.95,-5.39,26.53,0.0,1.42,60.35,-15.77948,-70.91799,4470
Crucero_Alto,2012-07-25,4.07,13.23,-2.15,26.88,0.0,1.06,60.25,-15.77948,-70.91799,4470
Crucero_Alto,2012-07-26,3.2,13.04,-3.87,31.02,0.0,2.11,60.22,-15.77948,-70.91799,4470
Crucero_Alto,2012-07-27,2.82,11.01,-2.68,53.74,0.05,1.91,60.27,-15.77948,-70.91799,4470
Crucero_Alto,2012-07-28,2.17,9.58,-3.59,71.38,0.0,2.25,60.26,-15.77948,-70.91799,4470
Crucero_Alto,2012-07-29,3.78,12.99,-3.54,60.17,0.0,1.49,60.2,-15.77948,-70.91799,4470
Crucero_Alto,2012-07-30,3.44,12.36,-3.6,66.49,0.0,1.91,60.24,-15.77948,-70.91799,4470
Crucero_Alto,2012-07-31,3.42,13.6,-3.95,60.45,0.0,2.31,60.36,-15.77948,-70.91799,4470
Crucero_Alto,2012-08-01,3.77,13.91,-2.49,55.38,0.0,1.54,60.33,-15.77948,-70.91799,4470
Crucero_Alto,2012-08-02,3.89,15.43,-4.03,52.89,0.0,1.71,60.25,-15.77948,-70.91799,4470
Crucero_Alto,2012-08-03,4.98,15.78,-3.42,47.54,0.04,1.5,60.25,-15.77948,-70.91799,4470
Crucero_Alto,2012-08-04,4.56,13.1,-1.31,60.36,0.09,2.11,60.39,-15.77948,-70.91799,4470
Crucero_Alto,2012-08-05,3.71,12.89,-3.89,64.29,0.0,2.86,60.48,-15.77948,-70.91799,4470
Crucero_Alto,2012-08-06,4.18,13.98,-3.5,49.28,0.0,1.88,60.46,-15.77948,-70.91799,4470
Crucero_Alto,2012-08-07,5.13,14.71,-1.19,28.6,0.0,1.71,60.36,-15.77948,-70.91799,4470
Crucero_Alto,2012-08-08,4.4,13.79,-1.23,32.14,0.0,2.31,60.42,-15.77948,-70.91799,4470
Crucero_Alto,2012-08-09,4.04,13.41,-2.63,34.89,0.0,1.86,60.39,-15.77948,-70.91799,4470
Crucero_Alto,2012-08-10,4.94,13.99,-2.1,36.63,0.0,1.38,60.31,-15.77948,-70.91799,4470
Crucero_Alto,2012-08-11,3.03,13.7,-4.5,30.09,0.0,2.56,60.29,-15.77948,-70.91799,4470
Crucero_Alto,2012-08-12,3.6,13.09,-3.97,22.41,0.0,1.8,60.23,-15.77948,-70.91799,4470
Crucero_Alto,2012-08-13,2.44,9.28,-3.06,71.36,0.0,2.3,60.29,-15.77948,-70.91799,4470
Crucero_Alto,2012-08-14,1.94,13.37,-6.41,52.49,0.0,2.65,60.23,-15.77948,-70.91799,4470
Crucero_Alto,2012-08-15,1.95,13.5,-6.76,25.36,0.0,1.74,60.16,-15.77948,-70.91799,4470
Crucero_Alto,2012-08-16,2.61,13.19,-4.38,49.68,0.03,2.9,60.17,-15.77948,-70.91799,4470
Crucero_Alto,2012-08-17,1.43,10.91,-5.23,44.32,0.0,3.23,60.25,-15.77948,-70.91799,4470
Crucero_Alto,2012-08-18,3.06,12.1,-4.88,29.19,0.0,1.22,60.25,-15.77948,-70.91799,4470
Crucero_Alto,2012-08-19,2.1,11.21,-5.82,53.91,0.0,2.0,60.37,-15.77948,-70.91799,4470
Crucero_Alto,2012-08-20,2.66,12.54,-7.44,21.32,0.0,1.35,60.34,-15.77948,-70.91799,4470
Crucero_Alto,2012-08-21,3.44,13.02,-3.19,34.91,0.0,1.24,60.34,-15.77948,-70.91799,4470
Crucero_Alto,2012-08-22,4.3,14.5,-4.76,59.03,0.0,1.52,60.3,-15.77948,-70.91799,4470
Crucero_Alto,2012-08-23,5.28,14.46,-3.12,52.25,0.44,1.24,60.26,-15.77948,-70.91799,4470
Crucero_Alto,2012-08-24,5.22,14.21,-1.89,59.77,0.0,1.88,60.2,-15.77948,-70.91799,4470
Crucero_Alto,2012-08-25,3.88,9.2,0.23,79.77,13.47,2.08,60.23,-15.77948,-70.91799,4470
Crucero_Alto,2012-08-26,5.26,14.2,-2.28,70.06,0.34,1.73,60.3,-15.77948,-70.91799,4470
Crucero_Alto,2012-08-27,5.26,15.57,-1.52,59.47,0.0,2.33,60.33,-15.77948,-70.91799,4470
Crucero_Alto,2012-08-28,3.77,14.41,-4.31,48.69,0.0,2.09,60.31,-15.77948,-70.91799,4470
Crucero_Alto,2012-08-29,3.25,12.95,-3.99,58.8,0.05,3.03,60.3,-15.77948,-70.91799,4470
Crucero_Alto,2012-08-30,2.78,12.82,-4.78,50.07,0.0,2.57,60.32,-15.77948,-70.91799,4470
Crucero_Alto,2012-08-31,4.2,14.24,-3.55,54.36,0.0,2.18,60.32,-15.77948,-70.91799,4470
Crucero_Alto,2012-09-01,4.29,13.68,-3.06,62.04,0.0,1.9,60.3,-15.77948,-70.91799,4470
Crucero_Alto,2012-09-02,5.52,15.38,-3.76,59.78,0.0,1.48,60.3,-15.77948,-70.91799,4470
Crucero_Alto,2012-09-03,5.35,12.91,-0.38,67.47,0.0,1.8,60.43,-15.77948,-70.91799,4470
Crucero_Alto,2012-09-04,5.7,13.66,-1.27,67.08,0.0,1.91,60.42,-15.77948,-70.91799,4470
Crucero_Alto,2012-09-05,6.7,15.93,-0.06,60.54,0.0,1.81,60.42,-15.77948,-70.91799,4470
Crucero_Alto,2012-09-06,7.65,17.72,-0.92,55.81,0.0,1.16,60.33,-15.77948,-70.91799,4470
Crucero_Alto,2012-09-07,7.5,17.73,-1.2,54.39,0.01,1.52,60.28,-15.77948,-70.91799,4470
Crucero_Alto,2012-09-08,7.62,15.95,1.21,64.65,0.0,2.03,60.36,-15.77948,-70.91799,4470
Crucero_Alto,2012-09-09,5.92,11.91,1.39,72.06,0.2,3.19,60.42,-15.77948,-70.91799,4470
Crucero_Alto,2012-09-10,7.23,16.42,0.09,61.74,0.0,2.53,60.39,-15.77948,-70.91799,4470
Crucero_Alto,2012-09-11,7.31,16.96,-0.08,55.96,0.0,1.89,60.31,-15.77948,-70.91799,4470
Crucero_Alto,2012-09-12,6.36,15.36,-0.99,60.01,0.0,3.33,60.29,-15.77948,-70.91799,4470
Crucero_Alto,2012-09-13,5.04,12.79,-1.1,63.08,0.0,3.65,60.35,-15.77948,-70.91799,4470
Crucero_Alto,2012-09-14,4.8,13.33,-2.84,58.77,0.0,2.49,60.35,-15.77948,-70.91799,4470
Crucero_Alto,2012-09-15,5.5,12.01,0.14,63.12,0.0,1.42,60.33,-15.77948,-70.91799,4470
Crucero_Alto,2012-09-16,6.61,15.01,-0.39,54.24,0.06,1.24,60.28,-15.77948,-70.91799,4470
Crucero_Alto,2012-09-17,6.92,15.78,-0.68,54.78,0.01,1.07,60.28,-15.77948,-70.91799,4470
Crucero_Alto,2012-09-18,5.41,16.22,-2.72,38.58,0.0,2.63,60.29,-15.77948,-70.91799,4470
Crucero_Alto,2012-09-19,5.38,17.7,-4.16,27.19,0.0,1.67,60.22,-15.77948,-70.91799,4470
Crucero_Alto,2012-09-20,3.55,14.71,-5.44,25.6,0.11,3.55,60.14,-15.77948,-70.91799,4470
Crucero_Alto,2012-09-21,4.99,16.03,-5.9,24.96,0.4,1.29,60.13,-15.77948,-70.91799,4470
Crucero_Alto,2012-09-22,6.77,17.08,-0.4,50.55,0.0,2.08,60.21,-15.77948,-70.91799,4470
Crucero_Alto,2012-09-23,5.53,16.55,-4.26,28.71,0.0,2.48,60.25,-15.77948,-70.91799,4470
Crucero_Alto,2012-09-24,6.15,16.63,-4.4,35.6,0.0,1.29,60.21,-15.77948,-70.91799,4470
Crucero_Alto,2012-09-25,7.19,15.3,-0.83,61.43,0.0,3.0,60.25,-15.77948,-70.91799,4470
Crucero_Alto,2012-09-26,5.84,14.59,-0.53,64.5,0.0,2.78,60.31,-15.77948,-70.91799,4470
Crucero_Alto,2012-09-27,4.64,9.33,0.17,66.76,0.07,1.55,60.32,-15.77948,-70.91799,4470
Crucero_Alto,2012-09-28,6.82,16.19,-1.89,43.1,0.0,1.69,60.26,-15.77948,-70.91799,4470
Crucero_Alto,2012-09-29,7.18,15.73,-0.53,43.47,0.0,1.49,60.28,-15.77948,-70.91799,4470
Crucero_Alto,2012-09-30,6.86,16.25,0.88,56.48,0.0,1.12,60.24,-15.77948,-70.91799,4470
Crucero_Alto,2012-10-01,6.49,15.55,-0.37,50.39,0.0,2.04,60.16,-15.77948,-70.91799,4470
Crucero_Alto,2012-10-02,4.75,16.51,-4.85,42.98,0.0,2.87,60.22,-15.77948,-70.91799,4470
Crucero_Alto,2012-10-03,5.64,17.03,-4.08,29.73,0.0,1.31,60.27,-15.77948,-70.91799,4470
Crucero_Alto,2012-10-04,6.99,17.06,-0.76,44.39,0.02,1.96,60.22,-15.77948,-70.91799,4470
Crucero_Alto,2012-10-05,5.04,15.57,-3.32,35.15,0.0,2.45,60.1,-15.77948,-70.91799,4470
Crucero_Alto,2012-10-06,4.72,13.08,-2.77,37.29,0.0,2.36,60.07,-15.77948,-70.91799,4470
Crucero_Alto,2012-10-07,6.04,15.79,-2.93,33.05,0.0,1.44,60.17,-15.77948,-70.91799,4470
Crucero_Alto,2012-10-08,6.19,14.04,-0.05,45.1,0.26,2.15,60.28,-15.77948,-70.91799,4470
Crucero_Alto,2012-10-09,6.19,17.21,-1.66,34.83,0.01,2.53,60.27,-15.77948,-70.91799,4470
Crucero_Alto,2012-10-10,6.65,16.01,-0.76,40.22,0.81,1.77,60.14,-15.77948,-70.91799,4470
Crucero_Alto,2012-10-11,5.71,14.23,-3.07,39.73,0.1,2.19,60.14,-15.77948,-70.91799,4470
Crucero_Alto,2012-10-12,8.07,17.56,1.09,41.91,0.0,1.41,60.17,-15.77948,-70.91799,4470
Crucero_Alto,2012-10-13,6.78,14.6,1.15,63.35,0.0,1.9,60.22,-15.77948,-70.91799,4470
Crucero_Alto,2012-10-14,8.03,16.75,1.4,55.77,0.0,1.46,60.24,-15.77948,-70.91799,4470
Crucero_Alto,2012-10-15,7.68,19.59,-1.78,39.95,0.0,1.8,60.22,-15.77948,-70.91799,4470
Crucero_Alto,2012-10-16,8.2,17.52,-0.65,45.22,0.0,2.33,60.22,-15.77948,-70.91799,4470
Crucero_Alto,2012-10-17,8.13,17.3,0.78,61.2,0.0,2.2,60.24,-15.77948,-70.91799,4470
Crucero_Alto,2012-10-18,8.26,16.56,0.78,59.86,0.0,2.52,60.23,-15.77948,-70.91799,4470
Crucero_Alto,2012-10-19,8.96,18.1,2.85,54.88,0.0,1.81,60.14,-15.77948,-70.91799,4470
Crucero_Alto,2012-10-20,7.75,15.44,2.44,58.22,0.0,1.24,60.16,-15.77948,-70.91799,4470
Crucero_Alto,2012-10-21,7.71,16.26,0.85,52.71,0.0,2.1,60.13,-15.77948,-70.91799,4470
Crucero_Alto,2012-10-22,7.05,19.12,-2.92,32.44,0.0,2.76,60.08,-15.77948,-70.91799,4470
Crucero_Alto,2012-10-23,8.55,19.26,-1.24,28.74,0.0,1.51,60.07,-15.77948,-70.91799,4470
Crucero_Alto,2012-10-24,9.55,18.02,2.67,54.99,0.0,2.12,60.12,-15.77948,-70.91799,4470
Crucero_Alto,2012-10-25,9.94,19.31,2.85,55.31,0.0,1.35,60.16,-15.77948,-70.91799,4470
Crucero_Alto,2012-10-26,9.02,16.61,3.22,59.65,0.0,2.48,60.18,-15.77948,-70.91799,4470
Crucero_Alto,2012-10-27,7.97,15.09,3.56,65.54,0.18,3.44,60.21,-15.77948,-70.91799,4470
Crucero_Alto,2012-10-28,8.73,16.74,3.03,60.8,0.02,3.05,60.22,-15.77948,-70.91799,4470
Crucero_Alto,2012-10-29,9.11,16.52,3.88,60.19,1.24,2.99,60.22,-15.77948,-70.91799,4470
Crucero_Alto,2012-10-30,9.61,18.48,2.57,55.85,0.23,2.45,60.18,-15.77948,-70.91799,4470
Crucero_Alto,2012-10-31,8.72,17.64,3.25,57.92,3.76,2.25,60.18,-15.77948,-70.91799,4470
Crucero_Alto,2012-11-01,6.57,13.01,0.72,61.04,1.0,1.69,60.2,-15.77948,-70.91799,4470
Crucero_Alto,2012-11-02,7.08,18.54,-1.61,55.54,0.05,2.89,60.17,-15.77948,-70.91799,4470
Crucero_Alto,2012-11-03,6.37,15.61,-0.15,64.71,0.0,1.85,60.15,-15.77948,-70.91799,4470
Crucero_Alto,2012-11-04,8.45,17.77,0.57,57.75,0.0,1.85,60.13,-15.77948,-70.91799,4470
Crucero_Alto,2012-11-05,5.5,11.07,-0.18,63.23,0.86,2.14,60.1,-15.77948,-70.91799,4470
Crucero_Alto,2012-11-06,6.91,18.73,-2.19,54.26,1.42,2.78,60.06,-15.77948,-70.91799,4470
Crucero_Alto,2012-11-07,6.62,18.93,-3.56,45.8,0.0,2.86,60.07,-15.77948,-70.91799,4470
Crucero_Alto,2012-11-08,7.19,19.54,-2.62,38.69,0.0,2.13,60.03,-15.77948,-70.91799,4470
Crucero_Alto,2012-11-09,7.91,20.7,-3.04,29.2,0.0,2.04,60.02,-15.77948,-70.91799,4470
Crucero_Alto,2012-11-10,9.77,19.97,-1.0,34.08,0.0,1.96,60.09,-15.77948,-70.91799,4470
Crucero_Alto,2012-11-11,9.94,19.0,1.92,47.79,0.0,2.41,60.25,-15.77948,-70.91799,4470
Crucero_Alto,2012-11-12,8.31,15.83,1.32,60.36,0.0,3.19,60.31,-15.77948,-70.91799,4470
Crucero_Alto,2012-11-13,8.79,19.64,0.58,57.88,0.0,2.14,60.26,-15.77948,-70.91799,4470
Crucero_Alto,2012-11-14,9.81,18.79,2.85,50.25,0.0,1.83,60.2,-15.77948,-70.91799,4470
Crucero_Alto,2012-11-15,9.39,19.81,1.95,40.95,0.08,1.96,60.11,-15.77948,-70.91799,4470
Crucero_Alto,2012-11-16,7.35,17.29,1.06,48.28,0.08,1.93,60.11,-15.77948,-70.91799,4470
Crucero_Alto,2012-11-17,8.3,16.67,1.64,56.99,1.28,2.44,60.21,-15.77948,-70.91799,4470
Crucero_Alto,2012-11-18,7.13,13.57,3.06,66.9,0.19,2.06,60.22,-15.77948,-70.91799,4470
Crucero_Alto,2012-11-19,7.32,15.89,1.96,62.73,1.81,2.04,60.17,-15.77948,-70.91799,4470
Crucero_Alto,2012-11-20,6.98,15.72,1.15,62.12,2.87,2.01,60.12,-15.77948,-70.91799,4470
Crucero_Alto,2012-11-21,5.74,14.08,1.17,66.65,5.2,2.25,60.16,-15.77948,-70.91799,4470
Crucero_Alto,2012-11-22,7.45,19.43,-1.6,50.37,0.16,2.74,60.15,-15.77948,-70.91799,4470
Crucero_Alto,2012-11-23,6.87,18.76,-2.96,29.19,0.0,2.78,60.15,-15.77948,-70.91799,4470
Crucero_Alto,2012-11-24,7.31,19.86,-2.4,25.88,0.14,1.95,60.15,-15.77948,-70.91799,4470
Crucero_Alto,2012-11-25,8.02,18.92,-1.21,37.56,0.05,1.78,60.18,-15.77948,-70.91799,4470
Crucero_Alto,2012-11-26,8.58,17.46,1.69,59.1,0.0,2.29,60.25,-15.77948,-70.91799,4470
Crucero_Alto,2012-11-27,9.7,18.12,2.06,51.19,0.0,1.81,60.2,-15.77948,-70.91799,4470
Crucero_Alto,2012-11-28,6.54,13.75,0.08,45.79,0.0,2.29,60.17,-15.77948,-70.91799,4470
Crucero_Alto,2012-11-29,7.71,17.8,0.47,28.76,0.0,2.68,60.18,-15.77948,-70.91799,4470
Crucero_Alto,2012-11-30,6.78,14.62,1.84,55.64,3.14,2.74,60.16,-15.77948,-70.91799,4470
Crucero_Alto,2012-12-01,7.81,15.14,2.63,61.23,0.28,4.13,60.19,-15.77948,-70.91799,4470
Crucero_Alto,2012-12-02,7.94,15.39,0.67,64.12,2.04,3.21,60.14,-15.77948,-70.91799,4470
Crucero_Alto,2012-12-03,8.71,15.74,2.94,63.97,3.23,2.35,60.11,-15.77948,-70.91799,4470
Crucero_Alto,2012-12-04,8.3,15.47,3.46,66.53,0.29,2.19,60.1,-15.77948,-70.91799,4470
Crucero_Alto,2012-12-05,8.2,14.41,3.97,70.79,6.74,3.79,60.02,-15.77948,-70.91799,4470
Crucero_Alto,2012-12-06,8.65,16.47,2.52,63.94,0.87,1.94,59.95,-15.77948,-70.91799,4470
Crucero_Alto,2012-12-07,7.94,15.89,0.2,65.49,0.4,2.19,59.96,-15.77948,-70.91799,4470
Crucero_Alto,2012-12-08,8.52,15.49,3.9,64.08,0.12,1.81,60.13,-15.77948,-70.91799,4470
Crucero_Alto,2012-12-09,7.36,12.32,3.51,72.52,9.79,1.93,60.19,-15.77948,-70.91799,4470
Crucero_Alto,2012-12-10,6.14,13.48,1.4,73.76,8.86,2.34,60.1,-15.77948,-70.91799,4470
Crucero_Alto,2012-12-11,6.92,15.82,1.99,70.6,2.97,2.48,60.03,-15.77948,-70.91799,4470
Crucero_Alto,2012-12-12,6.24,14.24,0.85,71.52,1.59,2.9,60.01,-15.77948,-70.91799,4470
Crucero_Alto,2012-12-13,6.03,14.27,0.59,68.44,8.77,3.04,60.01,-15.77948,-70.91799,4470
Crucero_Alto,2012-12-14,4.56,12.23,-0.55,72.94,10.07,2.12,60.02,-15.77948,-70.91799,4470
Crucero_Alto,2012-12-15,5.89,13.28,0.65,74.99,2.57,2.31,59.97,-15.77948,-70.91799,4470
Crucero_Alto,2012-12-16,7.84,15.45,2.91,70.11,2.73,2.57,59.99,-15.77948,-70.91799,4470
Crucero_Alto,2012-12-17,8.2,16.43,2.12,70.07,1.13,2.2,59.95,-15.77948,-70.91799,4470
Crucero_Alto,2012-12-18,5.56,13.49,1.01,71.96,10.95,3.13,60.0,-15.77948,-70.91799,4470
Crucero_Alto,2012-12-19,6.08,14.12,-0.08,68.92,2.58,3.31,60.05,-15.77948,-70.91799,4470
Crucero_Alto,2012-12-20,7.92,17.73,0.57,61.93,0.0,2.41,60.04,-15.77948,-70.91799,4470
Crucero_Alto,2012-12-21,7.7,16.5,-0.24,62.96,0.68,1.84,60.04,-15.77948,-70.91799,4470
Crucero_Alto,2012-12-22,7.09,14.06,0.93,67.9,1.24,4.14,60.16,-15.77948,-70.91799,4470
Crucero_Alto,2012-12-23,8.05,14.71,2.61,66.73,0.82,2.81,60.16,-15.77948,-70.91799,4470
Crucero_Alto,2012-12-24,8.68,15.87,2.79,64.11,0.19,1.98,60.1,-15.77948,-70.91799,4470
Crucero_Alto,2012-12-25,7.6,16.5,1.74,69.0,0.15,2.04,60.02,-15.77948,-70.91799,4470
Crucero_Alto,2012-12-26,7.04,15.76,0.96,66.92,7.07,2.44,60.03,-15.77948,-70.91799,4470
Crucero_Alto,2012-12-27,6.64,15.19,0.93,67.1,4.82,2.72,60.03,-15.77948,-70.91799,4470
Crucero_Alto,2012-12-28,7.17,16.61,1.05,55.05,0.37,1.62,59.97,-15.77948,-70.91799,4470
Crucero_Alto,2012-12-29,6.7,13.66,1.22,58.29,0.15,2.06,60.05,-15.77948,-70.91799,4470
Crucero_Alto,2012-12-30,7.3,17.69,-0.93,50.8,1.19,2.66,60.15,-15.77948,-70.91799,4470
Crucero_Alto,2012-12-31,7.07,15.36,-0.19,54.99,0.87,1.47,60.17,-15.77948,-70.91799,4470
Crucero_Alto,2013-01-01,8.04,16.5,0.42,57.08,2.4,1.33,60.17,-15.77948,-70.91799,4470
Crucero_Alto,2013-01-02,6.6,11.35,1.83,71.23,2.82,1.81,60.21,-15.77948,-70.91799,4470
Crucero_Alto,2013-01-03,6.75,12.57,1.54,67.57,0.0,2.24,60.28,-15.77948,-70.91799,4470
Crucero_Alto,2013-01-04,7.14,12.67,2.79,70.61,1.3,2.8,60.3,-15.77948,-70.91799,4470
Crucero_Alto,2013-01-05,6.31,14.12,1.34,73.29,8.52,2.99,60.22,-15.77948,-70.91799,4470
Crucero_Alto,2013-01-06,6.58,15.5,0.52,68.28,5.01,2.39,60.13,-15.77948,-70.91799,4470
Crucero_Alto,2013-01-07,8.16,18.12,-0.83,52.41,2.07,1.44,60.07,-15.77948,-70.91799,4470
Crucero_Alto,2013-01-08,7.35,15.01,1.87,61.04,0.27,1.14,60.15,-15.77948,-70.91799,4470
Crucero_Alto,2013-01-09,6.8,12.91,2.46,68.94,1.59,1.8,60.23,-15.77948,-70.91799,4470
Crucero_Alto,2013-01-10,6.11,14.61,1.53,73.46,10.67,1.25,60.28,-15.77948,-70.91799,4470
Crucero_Alto,2013-01-11,6.72,15.04,1.47,71.88,4.69,2.55,60.15,-15.77948,-70.91799,4470
Crucero_Alto,2013-01-12,6.38,15.04,1.01,72.45,7.26,2.11,60.04,-15.77948,-70.91799,4470
Crucero_Alto,2013-01-13,6.46,13.86,0.44,73.63,3.3,1.48,60.11,-15.77948,-70.91799,4470
Crucero_Alto,2013-01-14,7.17,15.49,2.46,71.59,1.37,1.68,60.11,-15.77948,-70.91799,4470
Crucero_Alto,2013-01-15,7.34,15.3,2.15,67.4,0.37,1.86,60.04,-15.77948,-70.91799,4470
Crucero_Alto,2013-01-16,7.14,14.43,2.07,69.77,2.51,1.86,59.95,-15.77948,-70.91799,4470
Crucero_Alto,2013-01-17,6.13,12.08,1.15,73.27,9.85,1.53,60.12,-15.77948,-70.91799,4470
Crucero_Alto,2013-01-18,6.43,13.36,1.8,75.58,5.28,2.13,60.21,-15.77948,-70.91799,4470
Crucero_Alto,2013-01-19,4.1,8.68,0.22,77.24,9.99,1.18,60.22,-15.77948,-70.91799,4470
Crucero_Alto,2013-01-20,6.08,15.03,-1.13,60.13,2.98,1.46,60.16,-15.77948,-70.91799,4470
Crucero_Alto,2013-01-21,6.01,14.35,-2.0,58.67,0.65,1.28,60.17,-15.77948,-70.91799,4470
Crucero_Alto,2013-01-22,6.25,15.72,-1.26,52.92,2.32,1.69,60.28,-15.77948,-70.91799,4470
Crucero_Alto,2013-01-23,6.04,13.57,1.14,68.21,4.92,1.83,60.33,-15.77948,-70.91799,4470
Crucero_Alto,2013-01-24,6.41,15.02,-0.75,56.56,5.23,2.41,60.31,-15.77948,-70.91799,4470
Crucero_Alto,2013-01-25,7.46,16.71,0.43,57.82,0.73,1.77,60.25,-15.77948,-70.91799,4470
Crucero_Alto,2013-01-26,6.16,13.8,1.46,74.13,4.84,2.11,60.25,-15.77948,-70.91799,4470
Crucero_Alto,2013-01-27,6.88,15.13,0.63,64.79,0.63,1.59,60.35,-15.77948,-70.91799,4470
Crucero_Alto,2013-01-28,6.44,14.13,1.63,73.03,0.0,2.44,60.34,-15.77948,-70.91799,4470
Crucero_Alto,2013-01-29,6.23,14.99,0.54,73.12,7.4,1.76,60.29,-15.77948,-70.91799,4470
Crucero_Alto,2013-01-30,6.93,14.64,1.23,71.69,4.54,1.75,60.2,-15.77948,-70.91799,4470
Crucero_Alto,2013-01-31,7.76,15.76,1.93,68.85,0.8,2.02,60.12,-15.77948,-70.91799,4470
Crucero_Alto,2013-02-01,5.51,14.65,-1.22,61.87,4.85,2.92,60.28,-15.77948,-70.91799,4470
Crucero_Alto,2013-02-02,6.66,16.51,-0.38,62.1,0.58,2.65,60.32,-15.77948,-70.91799,4470
Crucero_Alto,2013-02-03,5.85,11.98,1.2,78.85,4.79,3.41,60.29,-15.77948,-70.91799,4470
Crucero_Alto,2013-02-04,7.49,14.42,2.69,71.79,2.12,4.15,60.18,-15.77948,-70.91799,4470
Crucero_Alto,2013-02-05,8.18,15.11,2.74,69.04,1.5,3.0,60.16,-15.77948,-70.91799,4470
Crucero_Alto,2013-02-06,6.42,14.59,2.24,78.79,17.4,1.68,60.16,-15.77948,-70.91799,4470
Crucero_Alto,2013-02-07,7.19,15.94,1.09,72.7,2.05,2.29,60.1,-15.77948,-70.91799,4470
Crucero_Alto,2013-02-08,7.12,17.06,0.12,67.39,7.82,2.1,60.07,-15.77948,-70.91799,4470
Crucero_Alto,2013-02-09,6.75,15.17,1.15,74.46,10.3,2.16,60.05,-15.77948,-70.91799,4470
Crucero_Alto,2013-02-10,6.07,14.62,0.34,72.78,3.98,2.59,60.06,-15.77948,-70.91799,4470
Crucero_Alto,2013-02-11,5.6,17.38,-3.8,64.12,7.5,2.53,60.03,-15.77948,-70.91799,4470
Crucero_Alto,2013-02-12,5.19,17.06,-3.62,63.66,2.93,2.64,60.0,-15.77948,-70.91799,4470
Crucero_Alto,2013-02-13,4.88,16.68,-4.53,60.39,5.6,2.86,60.03,-15.77948,-70.91799,4470
Crucero_Alto,2013-02-14,6.15,17.19,-2.16,55.25,2.21,1.63,60.1,-15.77948,-70.91799,4470
Crucero_Alto,2013-02-15,4.61,9.53,0.0,81.12,4.32,2.25,60.14,-15.77948,-70.91799,4470
Crucero_Alto,2013-02-16,7.53,16.63,1.51,69.84,2.48,1.93,60.11,-15.77948,-70.91799,4470
Crucero_Alto,2013-02-17,7.54,16.95,0.67,60.95,0.31,1.44,60.13,-15.77948,-70.91799,4470
Crucero_Alto,2013-02-18,7.39,14.48,3.42,71.85,0.81,2.66,60.12,-15.77948,-70.91799,4470
Crucero_Alto,2013-02-19,7.33,15.08,2.44,73.7,3.94,2.51,60.12,-15.77948,-70.91799,4470
Crucero_Alto,2013-02-20,6.94,12.9,2.94,76.3,5.08,2.18,60.08,-15.77948,-70.91799,4470
Crucero_Alto,2013-02-21,7.44,14.3,1.62,75.19,4.27,2.69,60.1,-15.77948,-70.91799,4470
Crucero_Alto,2013-02-22,7.22,12.99,2.79,78.45,2.89,3.52,60.21,-15.77948,-70.91799,4470
Crucero_Alto,2013-02-23,8.2,14.97,2.92,71.97,0.17,2.4,60.23,-15.77948,-70.91799,4470
Crucero_Alto,2013-02-24,9.11,17.34,1.75,65.43,0.0,2.0,60.16,-15.77948,-70.91799,4470
Crucero_Alto,2013-02-25,8.21,16.76,2.76,69.7,1.29,1.28,60.12,-15.77948,-70.91799,4470
Crucero_Alto,2013-02-26,8.08,16.44,2.08,69.06,0.25,1.65,60.19,-15.77948,-70.91799,4470
Crucero_Alto,2013-02-27,8.18,15.4,3.39,73.34,2.8,2.37,60.21,-15.77948,-70.91799,4470
Crucero_Alto,2013-02-28,7.53,12.61,3.57,77.0,5.09,2.07,60.18,-15.77948,-70.91799,4470
Crucero_Alto,2013-03-01,7.67,13.37,3.07,74.56,0.68,2.15,60.15,-15.77948,-70.91799,4470
Crucero_Alto,2013-03-02,8.49,14.87,2.2,72.29,0.17,2.25,60.16,-15.77948,-70.91799,4470
Crucero_Alto,2013-03-03,8.68,15.63,4.25,72.13,0.06,3.13,60.31,-15.77948,-70.91799,4470
Crucero_Alto,2013-03-04,8.7,17.48,2.6,69.89,1.92,2.1,60.33,-15.77948,-70.91799,4470
Crucero_Alto,2013-03-05,8.85,16.89,2.76,69.31,0.64,1.7,60.26,-15.77948,-70.91799,4470
Crucero_Alto,2013-03-06,8.89,15.69,3.52,69.55,0.33,1.0,60.24,-15.77948,-70.91799,4470
Crucero_Alto,2013-03-07,6.68,10.89,4.03,81.74,10.37,2.71,60.27,-15.77948,-70.91799,4470
Crucero_Alto,2013-03-08,6.47,13.86,1.95,76.62,0.97,1.75,60.34,-15.77948,-70.91799,4470
Crucero_Alto,2013-03-09,7.78,14.98,3.29,74.69,8.36,1.89,60.3,-15.77948,-70.91799,4470
Crucero_Alto,2013-03-10,6.82,15.18,1.74,76.86,2.77,1.77,60.23,-15.77948,-70.91799,4470
Crucero_Alto,2013-03-11,6.36,14.09,1.71,75.75,12.74,1.86,60.15,-15.77948,-70.91799,4470
Crucero_Alto,2013-03-12,6.39,14.7,0.61,72.29,0.85,1.79,60.19,-15.77948,-70.91799,4470
Crucero_Alto,2013-03-13,5.46,15.03,-3.27,65.93,0.23,1.46,60.19,-15.77948,-70.91799,4470
Crucero_Alto,2013-03-14,7.51,17.85,-1.41,55.75,0.03,1.34,60.15,-15.77948,-70.91799,4470
Crucero_Alto,2013-03-15,6.16,10.42,3.53,81.92,0.64,1.38,60.21,-15.77948,-70.91799,4470
Crucero_Alto,2013-03-16,7.02,14.47,1.77,77.56,1.38,2.13,60.23,-15.77948,-70.91799,4470
Crucero_Alto,2013-03-17,5.3,10.18,1.15,80.57,4.07,1.58,60.3,-15.77948,-70.91799,4470
Crucero_Alto,2013-03-18,6.84,14.0,2.15,77.54,1.51,1.46,60.23,-15.77948,-70.91799,4470
Crucero_Alto,2013-03-19,6.89,17.47,-0.67,68.5,0.0,2.21,60.17,-15.77948,-70.91799,4470
Crucero_Alto,2013-03-20,4.96,17.25,-6.07,61.0,0.0,2.26,60.16,-15.77948,-70.91799,4470
Crucero_Alto,2013-03-21,6.86,16.69,-2.47,67.64,0.0,1.39,60.16,-15.77948,-70.91799,4470
Crucero_Alto,2013-03-22,7.54,15.78,1.97,72.32,1.26,1.39,60.28,-15.77948,-70.91799,4470
Crucero_Alto,2013-03-23,5.75,16.8,-2.69,61.19,0.08,2.37,60.28,-15.77948,-70.91799,4470
Crucero_Alto,2013-03-24,3.61,15.63,-5.25,54.13,0.0,2.78,60.12,-15.77948,-70.91799,4470
Crucero_Alto,2013-03-25,3.89,16.24,-5.85,39.4,0.06,2.37,60.08,-15.77948,-70.91799,4470
Crucero_Alto,2013-03-26,6.03,15.97,-2.51,46.22,0.04,1.27,60.21,-15.77948,-70.91799,4470
Crucero_Alto,2013-03-27,5.65,14.29,-0.17,69.47,0.0,1.66,60.26,-15.77948,-70.91799,4470
Crucero_Alto,2013-03-28,5.84,15.91,-1.28,55.7,0.0,1.38,60.26,-15.77948,-70.91799,4470
Crucero_Alto,2013-03-29,5.4,16.13,-2.35,63.0,0.0,1.77,60.27,-15.77948,-70.91799,4470
Crucero_Alto,2013-03-30,6.21,17.79,-3.14,60.23,0.0,1.67,60.28,-15.77948,-70.91799,4470
Crucero_Alto,2013-03-31,6.82,15.48,-0.29,64.18,0.0,1.41,60.29,-15.77948,-70.91799,4470
Crucero_Alto,2013-04-01,6.73,14.32,1.73,68.15,0.0,1.73,60.33,-15.77948,-70.91799,4470
Crucero_Alto,2013-04-02,8.03,17.52,-0.14,51.47,0.04,1.01,60.3,-15.77948,-70.91799,4470
Crucero_Alto,2013-04-03,7.12,14.95,0.13,66.31,5.38,1.25,60.28,-15.77948,-70.91799,4470
Crucero_Alto,2013-04-04,4.62,14.2,-2.67,67.04,0.52,2.84,60.29,-15.77948,-70.91799,4470
Crucero_Alto,2013-04-05,6.45,17.28,-2.09,57.54,0.0,1.4,60.28,-15.77948,-70.91799,4470
Crucero_Alto,2013-04-06,6.57,16.5,-1.81,60.26,0.05,1.27,60.28,-15.77948,-70.91799,4470
Crucero_Alto,2013-04-07,6.64,14.14,0.63,60.74,0.15,1.3,60.26,-15.77948,-70.91799,4470
Crucero_Alto,2013-04-08,6.21,16.91,-0.94,49.21,0.02,1.66,60.26,-15.77948,-70.91799,4470
Crucero_Alto,2013-04-09,5.57,15.76,-1.66,47.58,0.0,1.18,60.25,-15.77948,-70.91799,4470
Crucero_Alto,2013-04-10,6.09,18.0,-1.81,41.86,0.0,1.59,60.2,-15.77948,-70.91799,4470
Crucero_Alto,2013-04-11,5.29,16.85,-2.98,45.73,0.0,2.32,60.15,-15.77948,-70.91799,4470
Crucero_Alto,2013-04-12,4.51,16.83,-3.49,43.37,0.0,2.59,60.22,-15.77948,-70.91799,4470
Crucero_Alto,2013-04-13,4.5,16.43,-4.27,30.56,0.0,1.3,60.26,-15.77948,-70.91799,4470
Crucero_Alto,2013-04-14,4.8,15.25,-2.68,36.3,0.0,1.09,60.3,-15.77948,-70.91799,4470
Crucero_Alto,2013-04-15,4.99,16.2,-2.25,38.32,0.0,1.98,60.37,-15.77948,-70.91799,4470
Crucero_Alto,2013-04-16,4.47,16.03,-3.75,39.5,0.0,1.48,60.34,-15.77948,-70.91799,4470
Crucero_Alto,2013-04-17,5.03,15.02,-2.96,51.02,1.26,0.93,60.27,-15.77948,-70.91799,4470
Crucero_Alto,2013-04-18,5.1,13.65,-0.24,70.58,0.19,1.37,60.22,-15.77948,-70.91799,4470
Crucero_Alto,2013-04-19,4.14,10.9,-0.7,68.03,1.27,1.07,60.31,-15.77948,-70.91799,4470
Crucero_Alto,2013-04-20,4.62,15.0,-2.83,57.74,0.18,1.7,60.34,-15.77948,-70.91799,4470
Crucero_Alto,2013-04-21,4.99,14.3,-3.84,54.09,0.0,1.54,60.31,-15.77948,-70.91799,4470
Crucero_Alto,2013-04-22,6.73,14.97,-0.94,55.45,0.0,1.4,60.32,-15.77948,-70.91799,4470
Crucero_Alto,2013-04-23,6.3,14.2,-1.14,58.84,0.0,1.69,60.28,-15.77948,-70.91799,4470
Crucero_Alto,2013-04-24,5.84,15.16,-1.9,56.66,0.0,1.9,60.29,-15.77948,-70.91799,4470
Crucero_Alto,2013-04-25,6.28,17.08,-1.76,46.76,0.0,1.27,60.3,-15.77948,-70.91799,4470
Crucero_Alto,2013-04-26,4.42,16.62,-5.03,47.43,0.0,1.98,60.3,-15.77948,-70.91799,4470
Crucero_Alto,2013-04-27,4.09,15.94,-4.14,38.66,0.0,2.25,60.22,-15.77948,-70.91799,4470
Crucero_Alto,2013-04-28,6.11,16.38,-1.18,39.16,0.0,0.85,60.17,-15.77948,-70.91799,4470
Crucero_Alto,2013-04-29,6.83,14.84,1.98,71.15,0.0,1.59,60.24,-15.77948,-70.91799,4470
Crucero_Alto,2013-04-30,7.17,16.12,1.53,65.9,0.0,1.28,60.28,-15.77948,-70.91799,4470
Crucero_Alto,2013-05-01,5.05,12.46,0.53,73.06,0.0,1.65,60.33,-15.77948,-70.91799,4470
Crucero_Alto,2013-05-02,5.31,15.32,-1.32,61.15,0.0,1.93,60.37,-15.77948,-70.91799,4470
Crucero_Alto,2013-05-03,4.99,13.54,-1.47,58.37,0.0,1.33,60.32,-15.77948,-70.91799,4470
Crucero_Alto,2013-05-04,5.99,14.32,0.17,62.57,0.0,1.24,60.3,-15.77948,-70.91799,4470
Crucero_Alto,2013-05-05,5.54,15.34,-2.62,56.99,0.0,1.43,60.36,-15.77948,-70.91799,4470
Crucero_Alto,2013-05-06,6.63,15.56,0.31,66.65,0.0,1.4,60.43,-15.77948,-70.91799,4470
Crucero_Alto,2013-05-07,5.69,13.39,0.05,68.3,0.0,2.16,60.46,-15.77948,-70.91799,4470
Crucero_Alto,2013-05-08,6.02,16.16,-2.14,65.17,0.0,1.23,60.44,-15.77948,-70.91799,4470
Crucero_Alto,2013-05-09,5.54,16.09,-2.92,64.53,0.0,1.38,60.41,-15.77948,-70.91799,4470
Crucero_Alto,2013-05-10,5.86,16.64,-3.11,59.49,0.0,1.48,60.34,-15.77948,-70.91799,4470
Crucero_Alto,2013-05-11,5.55,16.16,-1.64,44.85,0.0,1.85,60.29,-15.77948,-70.91799,4470
Crucero_Alto,2013-05-12,5.91,15.57,-0.72,50.83,0.0,0.99,60.2,-15.77948,-70.91799,4470
Crucero_Alto,2013-05-13,5.54,14.35,-1.61,60.13,0.0,1.16,60.24,-15.77948,-70.91799,4470
Crucero_Alto,2013-05-14,5.69,15.21,-0.67,51.25,0.0,1.08,60.27,-15.77948,-70.91799,4470
Crucero_Alto,2013-05-15,3.43,10.28,-0.89,71.44,0.19,1.46,60.24,-15.77948,-70.91799,4470
Crucero_Alto,2013-05-16,4.18,12.53,-2.04,76.14,0.15,2.24,60.15,-15.77948,-70.91799,4470
Crucero_Alto,2013-05-17,4.96,13.25,-0.88,76.4,0.83,2.71,60.16,-15.77948,-70.91799,4470
Crucero_Alto,2013-05-18,4.83,12.91,-0.5,75.48,0.23,1.91,60.3,-15.77948,-70.91799,4470
Crucero_Alto,2013-05-19,5.1,14.12,-2.44,71.52,0.03,1.57,60.34,-15.77948,-70.91799,4470
Crucero_Alto,2013-05-20,6.31,14.33,0.89,69.04,0.01,1.25,60.3,-15.77948,-70.91799,4470
Crucero_Alto,2013-05-21,5.24,14.29,-0.85,69.88,0.0,1.6,60.26,-15.77948,-70.91799,4470
Crucero_Alto,2013-05-22,5.58,15.38,-2.51,64.14,0.0,1.26,60.23,-15.77948,-70.91799,4470
Crucero_Alto,2013-05-23,6.11,14.67,-1.38,59.51,0.0,1.61,60.27,-15.77948,-70.91799,4470
Crucero_Alto,2013-05-24,4.8,12.37,-0.13,71.2,0.89,1.28,60.3,-15.77948,-70.91799,4470
Crucero_Alto,2013-05-25,4.35,13.68,-2.8,63.77,0.03,1.94,60.3,-15.77948,-70.91799,4470
Crucero_Alto,2013-05-26,2.0,12.63,-5.24,46.68,0.0,2.62,60.3,-15.77948,-70.91799,4470
Crucero_Alto,2013-05-27,1.78,13.41,-5.47,37.53,0.0,2.59,60.24,-15.77948,-70.91799,4470
Crucero_Alto,2013-05-28,1.68,12.93,-5.27,38.48,0.0,2.48,60.15,-15.77948,-70.91799,4470
Crucero_Alto,2013-05-29,1.01,11.81,-5.39,37.02,0.0,2.61,60.16,-15.77948,-70.91799,4470
Crucero_Alto,2013-05-30,1.49,13.2,-6.19,31.14,0.0,1.52,60.2,-15.77948,-70.91799,4470
Crucero_Alto,2013-05-31,0.79,11.6,-6.32,36.62,0.0,2.6,60.22,-15.77948,-70.91799,4470
Crucero_Alto,2013-06-01,2.67,13.29,-5.39,32.59,0.0,1.57,60.2,-15.77948,-70.91799,4470
Crucero_Alto,2013-06-02,3.54,13.26,-2.06,25.44,0.0,1.53,60.34,-15.77948,-70.91799,4470
Crucero_Alto,2013-06-03,3.41,12.62,-2.45,44.02,0.0,1.37,60.37,-15.77948,-70.91799,4470
Crucero_Alto,2013-06-04,4.2,13.5,-3.35,55.76,0.0,1.11,60.33,-15.77948,-70.91799,4470
Crucero_Alto,2013-06-05,4.51,12.26,-1.65,48.68,0.0,0.99,60.23,-15.77948,-70.91799,4470
Crucero_Alto,2013-06-06,3.19,9.61,-1.41,67.86,0.72,2.99,60.2,-15.77948,-70.91799,4470
Crucero_Alto,2013-06-07,2.85,10.55,-1.17,78.53,0.19,1.69,60.27,-15.77948,-70.91799,4470
Crucero_Alto,2013-06-08,2.98,10.0,-2.4,77.4,0.05,1.67,60.3,-15.77948,-70.91799,4470
Crucero_Alto,2013-06-09,3.4,11.57,-2.5,70.12,0.0,2.12,60.3,-15.77948,-70.91799,4470
Crucero_Alto,2013-06-10,3.87,11.29,-2.69,60.29,0.0,1.09,60.29,-15.77948,-70.91799,4470
Crucero_Alto,2013-06-11,4.16,11.66,-1.5,69.9,0.15,1.39,60.24,-15.77948,-70.91799,4470
Crucero_Alto,2013-06-12,3.35,10.6,-1.1,78.09,2.23,2.2,60.22,-15.77948,-70.91799,4470
Crucero_Alto,2013-06-13,2.85,10.27,-1.74,79.18,1.98,2.43,60.19,-15.77948,-70.91799,4470
Crucero_Alto,2013-06-14,3.14,12.28,-3.17,70.77,0.03,2.32,60.22,-15.77948,-70.91799,4470
Crucero_Alto,2013-06-15,1.35,12.21,-5.66,61.23,0.0,2.72,60.24,-15.77948,-70.91799,4470
Crucero_Alto,2013-06-16,2.09,12.7,-6.56,31.34,0.0,1.62,60.18,-15.77948,-70.91799,4470
Crucero_Alto,2013-06-17,2.97,11.32,-2.5,53.7,0.0,1.97,60.17,-15.77948,-70.91799,4470
Crucero_Alto,2013-06-18,2.27,11.85,-4.15,67.32,0.0,2.13,60.16,-15.77948,-70.91799,4470
Crucero_Alto,2013-06-19,1.45,10.67,-4.88,70.69,0.0,2.39,60.09,-15.77948,-70.91799,4470
Crucero_Alto,2013-06-20,1.84,11.21,-4.72,68.22,0.0,2.55,60.09,-15.77948,-70.91799,4470
Crucero_Alto,2013-06-21,2.65,13.1,-4.6,50.63,0.0,2.17,60.17,-15.77948,-70.91799,4470
Crucero_Alto,2013-06-22,2.56,11.3,-3.97,67.73,0.0,2.34,60.15,-15.77948,-70.91799,4470
Crucero_Alto,2013-06-23,2.05,10.89,-3.85,76.08,0.0,2.86,60.16,-15.77948,-70.91799,4470
Crucero_Alto,2013-06-24,2.22,11.58,-4.21,73.75,0.08,3.02,60.17,-15.77948,-70.91799,4470
Crucero_Alto,2013-06-25,1.42,10.46,-4.21,77.11,0.08,2.89,60.18,-15.77948,-70.91799,4470
Crucero_Alto,2013-06-26,1.06,10.81,-5.18,52.67,0.0,2.82,60.25,-15.77948,-70.91799,4470
Crucero_Alto,2013-06-27,1.14,11.94,-6.21,26.46,0.0,2.21,60.4,-15.77948,-70.91799,4470
Crucero_Alto,2013-06-28,3.47,13.17,-4.49,24.76,0.0,1.54,60.33,-15.77948,-70.91799,4470
Crucero_Alto,2013-06-29,4.12,12.0,-1.52,22.31,0.0,1.41,60.23,-15.77948,-70.91799,4470
Crucero_Alto,2013-06-30,2.65,12.48,-3.12,37.26,0.0,1.46,60.22,-15.77948,-70.91799,4470
Crucero_Alto,2013-07-01,4.15,12.66,-3.06,43.23,0.01,1.03,60.25,-15.77948,-70.91799,4470
Crucero_Alto,2013-07-02,3.3,10.7,-1.73,63.19,0.0,2.11,60.23,-15.77948,-70.91799,4470
Crucero_Alto,2013-07-03,1.77,10.98,-3.79,54.05,0.0,2.02,60.2,-15.77948,-70.91799,4470
Crucero_Alto,2013-07-04,2.16,10.43,-4.0,54.02,0.11,1.47,60.22,-15.77948,-70.91799,4470
Crucero_Alto,2013-07-05,3.67,11.66,-1.58,56.88,0.04,1.11,60.32,-15.77948,-70.91799,4470
Crucero_Alto,2013-07-06,4.03,11.27,-0.77,74.74,0.01,1.79,60.26,-15.77948,-70.91799,4470
Crucero_Alto,2013-07-07,4.32,12.58,-1.76,64.56,0.0,1.82,60.24,-15.77948,-70.91799,4470
Crucero_Alto,2013-07-08,4.3,12.3,-2.94,61.84,0.0,1.41,60.37,-15.77948,-70.91799,4470
Crucero_Alto,2013-07-09,4.55,13.16,-1.28,62.23,0.76,1.06,60.38,-15.77948,-70.91799,4470
Crucero_Alto,2013-07-10,4.4,13.09,-3.44,49.89,0.0,1.28,60.32,-15.77948,-70.91799,4470
Crucero_Alto,2013-07-11,4.94,14.36,-2.03,39.25,0.0,0.96,60.25,-15.77948,-70.91799,4470
Crucero_Alto,2013-07-12,4.33,13.49,-1.81,34.71,0.0,1.12,60.23,-15.77948,-70.91799,4470
Crucero_Alto,2013-07-13,3.43,12.72,-3.6,37.06,0.0,1.53,60.17,-15.77948,-70.91799,4470
Crucero_Alto,2013-07-14,2.63,9.18,-1.65,60.97,0.0,1.47,60.2,-15.77948,-70.91799,4470
Crucero_Alto,2013-07-15,2.45,10.19,-3.07,74.66,0.0,1.74,60.26,-15.77948,-70.91799,4470
Crucero_Alto,2013-07-16,2.69,9.59,-2.13,74.72,0.0,1.44,60.27,-15.77948,-70.91799,4470
Crucero_Alto,2013-07-17,3.75,11.62,-3.66,62.15,0.0,0.94,60.28,-15.77948,-70.91799,4470
Crucero_Alto,2013-07-18,3.5,9.88,-0.99,52.33,0.0,1.48,60.28,-15.77948,-70.91799,4470
Crucero_Alto,2013-07-19,2.78,10.47,-1.8,69.47,0.27,2.59,60.22,-15.77948,-70.91799,4470
Crucero_Alto,2013-07-20,0.77,8.9,-5.74,69.89,0.0,3.29,60.2,-15.77948,-70.91799,4470
Crucero_Alto,2013-07-21,1.83,12.74,-6.28,53.91,0.0,2.52,60.11,-15.77948,-70.91799,4470
Crucero_Alto,2013-07-22,2.98,12.37,-4.5,62.9,0.0,2.6,60.18,-15.77948,-70.91799,4470
Crucero_Alto,2013-07-23,2.58,11.68,-4.59,66.2,0.0,2.5,60.17,-15.77948,-70.91799,4470
Crucero_Alto,2013-07-24,3.85,13.5,-4.26,62.53,0.0,1.48,60.14,-15.77948,-70.91799,4470
Crucero_Alto,2013-07-25,4.74,13.6,-1.73,63.44,0.0,2.21,60.21,-15.77948,-70.91799,4470
Crucero_Alto,2013-07-26,3.58,13.23,-4.8,55.03,0.0,2.35,60.34,-15.77948,-70.91799,4470
Crucero_Alto,2013-07-27,4.2,13.62,-3.17,49.78,0.0,1.67,60.39,-15.77948,-70.91799,4470
Crucero_Alto,2013-07-28,3.96,13.49,-3.08,61.05,0.0,2.29,60.37,-15.77948,-70.91799,4470
Crucero_Alto,2013-07-29,3.14,12.61,-4.23,54.05,0.0,2.33,60.43,-15.77948,-70.91799,4470
Crucero_Alto,2013-07-30,3.95,13.3,-3.46,46.9,0.0,1.8,60.4,-15.77948,-70.91799,4470
Crucero_Alto,2013-07-31,5.25,14.58,-2.52,45.52,0.01,1.64,60.27,-15.77948,-70.91799,4470
Crucero_Alto,2013-08-01,3.88,14.48,-4.07,53.01,0.0,2.78,60.22,-15.77948,-70.91799,4470
Crucero_Alto,2013-08-02,4.48,13.95,-2.97,57.71,0.0,1.88,60.26,-15.77948,-70.91799,4470
Crucero_Alto,2013-08-03,3.35,11.78,-3.01,53.28,0.0,2.22,60.35,-15.77948,-70.91799,4470
Crucero_Alto,2013-08-04,4.52,12.99,-2.45,44.22,0.0,2.52,60.33,-15.77948,-70.91799,4470
Crucero_Alto,2013-08-05,5.29,13.05,-0.93,70.38,0.0,1.25,60.31,-15.77948,-70.91799,4470
Crucero_Alto,2013-08-06,3.44,10.15,0.17,74.12,0.0,1.57,60.36,-15.77948,-70.91799,4470
Crucero_Alto,2013-08-07,3.92,11.74,-2.26,66.05,0.0,1.74,60.29,-15.77948,-70.91799,4470
Crucero_Alto,2013-08-08,3.1,13.2,-4.6,53.22,0.0,2.45,60.17,-15.77948,-70.91799,4470
Crucero_Alto,2013-08-09,2.77,12.15,-3.97,28.32,0.0,2.87,60.19,-15.77948,-70.91799,4470
Crucero_Alto,2013-08-10,2.49,9.65,-4.01,23.57,0.0,1.32,60.26,-15.77948,-70.91799,4470
Crucero_Alto,2013-08-11,1.75,13.01,-5.87,21.22,0.0,2.23,60.25,-15.77948,-70.91799,4470
Crucero_Alto,2013-08-12,2.81,14.02,-5.22,17.74,0.0,1.58,60.14,-15.77948,-70.91799,4470
Crucero_Alto,2013-08-13,3.34,14.67,-5.77,20.0,0.0,1.87,60.16,-15.77948,-70.91799,4470
Crucero_Alto,2013-08-14,4.05,14.19,-2.07,34.29,0.0,1.31,60.25,-15.77948,-70.91799,4470
Crucero_Alto,2013-08-15,2.81,13.55,-5.19,29.1,0.0,2.36,60.3,-15.77948,-70.91799,4470
Crucero_Alto,2013-08-16,4.16,14.57,-5.43,23.5,0.0,1.6,60.27,-15.77948,-70.91799,4470
Crucero_Alto,2013-08-17,4.89,15.11,-3.54,49.05,0.0,1.38,60.27,-15.77948,-70.91799,4470
Crucero_Alto,2013-08-18,5.82,15.62,-1.9,38.38,0.0,1.67,60.23,-15.77948,-70.91799,4470
Crucero_Alto,2013-08-19,5.77,15.24,-2.39,37.14,0.0,1.62,60.22,-15.77948,-70.91799,4470
Crucero_Alto,2013-08-20,6.24,15.73,-2.25,47.57,0.0,1.38,60.21,-15.77948,-70.91799,4470
Crucero_Alto,2013-08-21,5.77,15.68,-3.3,43.15,0.0,1.45,60.21,-15.77948,-70.91799,4470
Crucero_Alto,2013-08-22,5.08,14.52,-2.37,36.26,0.0,1.18,60.1,-15.77948,-70.91799,4470
Crucero_Alto,2013-08-23,3.06,9.24,-2.82,46.67,0.19,2.15,59.93,-15.77948,-70.91799,4470
Crucero_Alto,2013-08-24,1.42,8.75,-3.5,73.27,3.13,3.98,59.91,-15.77948,-70.91799,4470
Crucero_Alto,2013-08-25,0.65,7.79,-5.58,40.89,0.24,4.1,60.22,-15.77948,-70.91799,4470
Crucero_Alto,2013-08-26,2.23,11.29,-5.53,16.71,0.0,2.81,60.28,-15.77948,-70.91799,4470
Crucero_Alto,2013-08-27,3.55,10.98,-2.86,22.7,0.0,1.05,60.22,-15.77948,-70.91799,4470
Crucero_Alto,2013-08-28,1.08,6.87,-2.97,75.58,5.09,2.96,60.27,-15.77948,-70.91799,4470
Crucero_Alto,2013-08-29,1.79,10.56,-4.49,72.36,0.25,2.86,60.29,-15.77948,-70.91799,4470
Crucero_Alto,2013-08-30,2.74,11.52,-3.21,58.46,0.0,2.38,60.3,-15.77948,-70.91799,4470
Crucero_Alto,2013-08-31,3.58,14.88,-4.15,45.32,0.0,2.02,60.27,-15.77948,-70.91799,4470
Crucero_Alto,2013-09-01,1.96,12.9,-6.54,39.17,0.0,3.33,60.28,-15.77948,-70.91799,4470
Crucero_Alto,2013-09-02,1.69,12.56,-6.72,19.91,0.0,3.13,60.25,-15.77948,-70.91799,4470
Crucero_Alto,2013-09-03,3.97,14.08,-3.61,18.97,0.0,1.58,60.24,-15.77948,-70.91799,4470
Crucero_Alto,2013-09-04,3.17,10.59,-3.71,66.48,0.0,1.62,60.33,-15.77948,-70.91799,4470
Crucero_Alto,2013-09-05,4.92,13.32,-1.94,56.6,0.0,1.2,60.36,-15.77948,-70.91799,4470
Crucero_Alto,2013-09-06,5.2,15.46,-3.53,31.3,0.0,1.95,60.36,-15.77948,-70.91799,4470
Crucero_Alto,2013-09-07,6.01,15.91,-1.26,23.91,0.0,1.9,60.35,-15.77948,-70.91799,4470
Crucero_Alto,2013-09-08,5.73,14.75,-0.6,41.78,0.0,2.2,60.34,-15.77948,-70.91799,4470
Crucero_Alto,2013-09-09,4.16,11.88,-2.4,63.11,0.0,3.01,60.38,-15.77948,-70.91799,4470
Crucero_Alto,2013-09-10,4.93,14.82,-3.03,57.7,0.0,1.34,60.32,-15.77948,-70.91799,4470
Crucero_Alto,2013-09-11,4.98,16.34,-2.81,50.02,0.0,1.97,60.2,-15.77948,-70.91799,4470
Crucero_Alto,2013-09-12,5.15,16.25,-4.9,39.84,0.0,1.23,60.03,-15.77948,-70.91799,4470
Crucero_Alto,2013-09-13,5.76,15.49,-2.11,40.95,0.01,1.48,59.98,-15.77948,-70.91799,4470
Crucero_Alto,2013-09-14,5.3,15.39,-4.27,38.45,0.0,1.94,60.05,-15.77948,-70.91799,4470
Crucero_Alto,2013-09-15,4.9,15.9,-2.92,39.36,0.0,3.0,60.18,-15.77948,-70.91799,4470
Crucero_Alto,2013-09-16,3.71,15.81,-4.82,19.85,0.0,3.11,60.19,-15.77948,-70.91799,4470
Crucero_Alto,2013-09-17,3.89,16.26,-6.13,15.87,0.0,2.58,60.17,-15.77948,-70.91799,4470
Crucero_Alto,2013-09-18,5.18,16.81,-4.67,26.84,0.0,2.27,60.18,-15.77948,-70.91799,4470
Crucero_Alto,2013-09-19,5.7,15.09,-2.26,35.22,0.0,1.59,60.34,-15.77948,-70.91799,4470
Crucero_Alto,2013-09-20,5.53,16.1,-2.94,39.54,0.72,2.57,60.22,-15.77948,-70.91799,4470
Crucero_Alto,2013-09-21,4.69,16.18,-3.73,56.33,0.03,3.37,60.15,-15.77948,-70.91799,4470
Crucero_Alto,2013-09-22,5.61,18.0,-5.49,43.14,0.0,2.46,60.25,-15.77948,-70.91799,4470
Crucero_Alto,2013-09-23,6.28,15.44,-0.85,57.44,1.88,1.88,60.33,-15.77948,-70.91799,4470
Crucero_Alto,2013-09-24,6.42,15.84,-0.71,43.4,2.56,2.07,60.29,-15.77948,-70.91799,4470
Crucero_Alto,2013-09-25,5.94,17.0,-2.73,52.67,0.16,1.42,60.2,-15.77948,-70.91799,4470
Crucero_Alto,2013-09-26,7.76,18.35,-1.0,55.06,0.0,1.9,60.16,-15.77948,-70.91799,4470
Crucero_Alto,2013-09-27,5.64,16.44,-2.71,51.94,0.0,3.09,60.23,-15.77948,-70.91799,4470
Crucero_Alto,2013-09-28,4.78,14.3,-4.63,36.08,0.0,1.64,60.22,-15.77948,-70.91799,4470
Crucero_Alto,2013-09-29,5.71,17.35,-2.58,36.22,0.0,2.12,60.28,-15.77948,-70.91799,4470
Crucero_Alto,2013-09-30,5.25,15.31,-2.76,54.41,0.0,2.36,60.19,-15.77948,-70.91799,4470
Crucero_Alto,2013-10-01,5.64,16.38,-3.18,49.26,0.0,3.22,60.09,-15.77948,-70.91799,4470
Crucero_Alto,2013-10-02,3.01,10.51,-3.21,42.07,0.0,1.88,60.21,-15.77948,-70.91799,4470
Crucero_Alto,2013-10-03,5.58,16.99,-4.32,32.54,0.0,2.08,60.21,-15.77948,-70.91799,4470
Crucero_Alto,2013-10-04,6.09,14.31,-1.04,44.32,0.0,1.87,60.23,-15.77948,-70.91799,4470
Crucero_Alto,2013-10-05,6.08,16.31,-1.32,50.78,0.05,2.58,60.2,-15.77948,-70.91799,4470
Crucero_Alto,2013-10-06,3.92,14.18,-3.06,56.0,0.0,2.02,60.25,-15.77948,-70.91799,4470
Crucero_Alto,2013-10-07,4.51,15.28,-3.13,43.5,0.0,2.44,60.26,-15.77948,-70.91799,4470
Crucero_Alto,2013-10-08,5.47,16.81,-3.54,35.02,0.0,2.15,60.25,-15.77948,-70.91799,4470
Crucero_Alto,2013-10-09,6.31,15.73,-1.48,37.77,0.0,1.27,60.23,-15.77948,-70.91799,4470
Crucero_Alto,2013-10-10,6.58,15.11,-1.61,40.5,0.05,1.77,60.21,-15.77948,-70.91799,4470
Crucero_Alto,2013-10-11,5.31,17.58,-3.81,28.27,0.01,2.39,60.14,-15.77948,-70.91799,4470
Crucero_Alto,2013-10-12,5.79,17.47,-2.66,23.67,0.0,1.74,60.12,-15.77948,-70.91799,4470
Crucero_Alto,2013-10-13,4.08,11.9,-2.06,47.05,9.6,1.69,60.13,-15.77948,-70.91799,4470
Crucero_Alto,2013-10-14,3.39,11.95,-3.13,58.61,3.31,1.98,60.16,-15.77948,-70.91799,4470
Crucero_Alto,2013-10-15,5.6,15.38,-2.61,59.02,1.78,2.04,60.22,-15.77948,-70.91799,4470
Crucero_Alto,2013-10-16,6.94,18.66,-0.85,50.2,0.0,2.11,60.26,-15.77948,-70.91799,4470
Crucero_Alto,2013-10-17,5.89,18.12,-4.16,41.12,0.0,2.51,60.28,-15.77948,-70.91799,4470
Crucero_Alto,2013-10-18,7.03,19.15,-1.73,34.3,0.0,1.77,60.22,-15.77948,-70.91799,4470
Crucero_Alto,2013-10-19,6.77,19.06,-4.02,28.08,0.0,2.56,60.2,-15.77948,-70.91799,4470
Crucero_Alto,2013-10-20,6.7,18.79,-3.05,27.73,0.0,2.2,60.23,-15.77948,-70.91799,4470
Crucero_Alto,2013-10-21,9.0,19.47,0.17,43.1,0.0,2.15,60.16,-15.77948,-70.91799,4470
Crucero_Alto,2013-10-22,7.17,17.34,-0.5,51.7,0.0,1.98,60.17,-15.77948,-70.91799,4470
Crucero_Alto,2013-10-23,7.75,17.93,-0.82,42.39,0.0,1.66,60.11,-15.77948,-70.91799,4470
Crucero_Alto,2013-10-24,7.44,16.6,1.85,62.39,0.82,2.45,60.16,-15.77948,-70.91799,4470
Crucero_Alto,2013-10-25,5.53,11.49,1.08,65.68,4.2,2.28,60.27,-15.77948,-70.91799,4470
Crucero_Alto,2013-10-26,7.95,17.02,-1.05,56.41,0.01,1.67,60.21,-15.77948,-70.91799,4470
Crucero_Alto,2013-10-27,8.24,16.02,3.24,65.47,0.1,2.53,60.13,-15.77948,-70.91799,4470
Crucero_Alto,2013-10-28,6.14,14.24,1.42,68.61,1.16,2.61,60.19,-15.77948,-70.91799,4470
Crucero_Alto,2013-10-29,6.91,16.49,-0.07,42.0,0.0,2.54,60.21,-15.77948,-70.91799,4470
Crucero_Alto,2013-10-30,8.07,18.94,-1.08,43.38,1.31,1.53,60.07,-15.77948,-70.91799,4470
Crucero_Alto,2013-10-31,7.03,15.63,-1.13,59.53,0.25,2.55,60.02,-15.77948,-70.91799,4470
Crucero_Alto,2013-11-01,5.69,17.84,-3.25,38.46,0.0,3.35,60.05,-15.77948,-70.91799,4470
Crucero_Alto,2013-11-02,7.73,18.46,-2.41,36.86,0.01,1.4,60.04,-15.77948,-70.91799,4470
Crucero_Alto,2013-11-03,6.27,14.16,1.99,69.11,0.18,2.55,60.08,-15.77948,-70.91799,4470
Crucero_Alto,2013-11-04,6.7,17.56,-1.06,52.65,0.12,3.25,60.13,-15.77948,-70.91799,4470
Crucero_Alto,2013-11-05,7.05,18.43,-3.95,49.97,0.01,1.68,60.11,-15.77948,-70.91799,4470
Crucero_Alto,2013-11-06,8.0,16.8,0.34,55.22,0.0,1.97,60.17,-15.77948,-70.91799,4470
Crucero_Alto,2013-11-07,9.1,19.25,0.67,43.83,0.0,1.97,60.15,-15.77948,-70.91799,4470
Crucero_Alto,2013-11-08,8.79,18.65,0.13,41.29,0.0,2.33,60.14,-15.77948,-70.91799,4470
Crucero_Alto,2013-11-09,8.44,19.28,-1.27,42.99,0.0,2.1,60.06,-15.77948,-70.91799,4470
Crucero_Alto,2013-11-10,6.6,17.8,-2.22,30.7,0.0,3.81,60.09,-15.77948,-70.91799,4470
Crucero_Alto,2013-11-11,7.0,19.21,-3.63,22.78,0.0,1.82,60.09,-15.77948,-70.91799,4470
Crucero_Alto,2013-11-12,7.42,16.52,-0.31,48.61,0.01,1.39,60.08,-15.77948,-70.91799,4470
Crucero_Alto,2013-11-13,6.76,12.66,1.69,61.43,0.0,2.75,60.19,-15.77948,-70.91799,4470
Crucero_Alto,2013-11-14,8.08,14.96,1.34,59.76,0.0,1.91,60.21,-15.77948,-70.91799,4470
Crucero_Alto,2013-11-15,9.86,18.39,1.37,50.7,0.0,2.3,60.2,-15.77948,-70.91799,4470
Crucero_Alto,2013-11-16,8.56,16.23,4.07,61.61,0.16,2.51,60.21,-15.77948,-70.91799,4470
Crucero_Alto,2013-11-17,7.53,13.97,2.06,55.94,0.02,1.77,60.14,-15.77948,-70.91799,4470
Crucero_Alto,2013-11-18,8.12,18.04,1.13,39.4,0.0,2.2,59.97,-15.77948,-70.91799,4470
Crucero_Alto,2013-11-19,6.59,17.97,-1.78,36.83,0.0,3.6,59.99,-15.77948,-70.91799,4470
Crucero_Alto,2013-11-20,7.05,19.3,-4.37,30.33,0.01,1.66,60.06,-15.77948,-70.91799,4470
Crucero_Alto,2013-11-21,4.51,8.33,1.51,70.18,0.11,2.83,60.15,-15.77948,-70.91799,4470
Crucero_Alto,2013-11-22,6.54,14.41,0.57,64.62,0.39,2.07,60.06,-15.77948,-70.91799,4470
Crucero_Alto,2013-11-23,6.85,18.72,-2.76,51.98,0.01,2.15,59.96,-15.77948,-70.91799,4470
Crucero_Alto,2013-11-24,7.35,19.7,-3.42,43.05,0.0,2.25,59.98,-15.77948,-70.91799,4470
Crucero_Alto,2013-11-25,9.11,20.1,-1.24,31.32,0.0,1.56,60.05,-15.77948,-70.91799,4470
Crucero_Alto,2013-11-26,9.69,18.93,3.43,49.11,0.0,2.05,60.05,-15.77948,-70.91799,4470
Crucero_Alto,2013-11-27,10.1,19.25,2.43,45.75,0.0,1.83,60.02,-15.77948,-70.91799,4470
Crucero_Alto,2013-11-28,9.66,17.84,3.89,50.32,0.0,1.67,60.09,-15.77948,-70.91799,4470
Crucero_Alto,2013-11-29,9.27,16.59,2.57,54.84,0.0,1.69,60.08,-15.77948,-70.91799,4470
Crucero_Alto,2013-11-30,10.54,19.41,3.7,50.25,0.01,3.46,60.09,-15.77948,-70.91799,4470
Crucero_Alto,2013-12-01,9.69,17.92,3.17,48.74,0.0,3.28,60.15,-15.77948,-70.91799,4470
Crucero_Alto,2013-12-02,7.78,13.61,2.71,54.56,0.0,4.16,60.24,-15.77948,-70.91799,4470
Crucero_Alto,2013-12-03,7.9,16.73,2.23,59.22,0.01,6.63,60.26,-15.77948,-70.91799,4470
Crucero_Alto,2013-12-04,5.96,10.45,0.53,72.22,0.19,2.68,60.23,-15.77948,-70.91799,4470
Crucero_Alto,2013-12-05,9.45,17.9,2.55,55.34,0.01,2.08,60.16,-15.77948,-70.91799,4470
Crucero_Alto,2013-12-06,9.33,17.48,1.85,55.51,1.45,1.7,60.08,-15.77948,-70.91799,4470
Crucero_Alto,2013-12-07,8.29,14.66,3.94,65.27,5.68,2.47,60.08,-15.77948,-70.91799,4470
Crucero_Alto,2013-12-08,7.51,14.76,2.75,69.66,17.89,2.24,60.08,-15.77948,-70.91799,4470
Crucero_Alto,2013-12-09,6.11,12.67,0.7,70.02,4.48,2.24,60.12,-15.77948,-70.91799,4470
Crucero_Alto,2013-12-10,6.07,13.36,2.0,73.86,1.62,2.74,60.15,-15.77948,-70.91799,4470
Crucero_Alto,2013-12-11,6.52,15.33,-0.29,67.62,3.8,3.89,60.15,-15.77948,-70.91799,4470
Crucero_Alto,2013-12-12,6.54,17.02,-2.54,52.55,2.19,3.3,60.1,-15.77948,-70.91799,4470
Crucero_Alto,2013-12-13,7.4,19.2,-2.73,56.53,0.09,2.82,59.98,-15.77948,-70.91799,4470
Crucero_Alto,2013-12-14,6.06,15.0,0.48,65.6,4.23,2.66,60.04,-15.77948,-70.91799,4470
Crucero_Alto,2013-12-15,6.7,16.32,-0.19,52.02,1.17,2.75,60.13,-15.77948,-70.91799,4470
Crucero_Alto,2013-12-16,6.68,17.61,-2.14,53.05,6.58,3.61,60.16,-15.77948,-70.91799,4470
Crucero_Alto,2013-12-17,6.05,16.09,-3.35,48.22,1.76,3.2,60.14,-15.77948,-70.91799,4470
Crucero_Alto,2013-12-18,8.15,19.68,-1.62,51.13,0.31,3.31,60.06,-15.77948,-70.91799,4470
Crucero_Alto,2013-12-19,7.49,16.9,0.89,57.44,0.15,2.4,60.04,-15.77948,-70.91799,4470
Crucero_Alto,2013-12-20,8.02,16.28,1.68,61.84,1.31,2.08,59.97,-15.77948,-70.91799,4470
Crucero_Alto,2013-12-21,7.45,16.29,1.78,65.71,4.56,2.71,60.03,-15.77948,-70.91799,4470
Crucero_Alto,2013-12-22,7.4,16.4,-0.28,54.13,5.42,2.0,60.08,-15.77948,-70.91799,4470
Crucero_Alto,2013-12-23,4.26,12.07,-1.46,62.46,5.01,2.68,60.12,-15.77948,-70.91799,4470
Crucero_Alto,2013-12-24,5.85,16.21,-1.44,57.49,5.55,2.21,60.02,-15.77948,-70.91799,4470
Crucero_Alto,2013-12-25,6.76,14.87,0.36,64.6,5.51,1.45,60.02,-15.77948,-70.91799,4470
Crucero_Alto,2013-12-26,9.03,18.32,1.12,57.44,0.33,1.15,60.12,-15.77948,-70.91799,4470
Crucero_Alto,2013-12-27,7.11,13.38,2.67,70.76,1.2,1.89,60.25,-15.77948,-70.91799,4470
Crucero_Alto,2013-12-28,7.99,14.1,1.73,60.95,0.21,1.94,60.22,-15.77948,-70.91799,4470
Crucero_Alto,2013-12-29,7.67,14.27,1.65,68.99,16.34,1.22,60.16,-15.77948,-70.91799,4470
Crucero_Alto,2013-12-30,6.54,14.16,0.5,68.53,9.0,1.85,60.12,-15.77948,-70.91799,4470
Crucero_Alto,2013-12-31,6.8,16.37,-1.66,64.55,5.18,3.83,60.11,-15.77948,-70.91799,4470
Crucero_Alto,2014-01-01,6.32,14.8,-1.34,64.17,0.07,2.81,60.05,-15.77948,-70.91799,4470
Crucero_Alto,2014-01-02,7.63,19.39,-1.68,59.5,0.92,2.86,59.99,-15.77948,-70.91799,4470
Crucero_Alto,2014-01-03,8.66,19.43,-0.82,44.45,0.33,1.77,60.03,-15.77948,-70.91799,4470
Crucero_Alto,2014-01-04,6.49,13.83,1.98,66.87,0.16,1.31,60.16,-15.77948,-70.91799,4470
Crucero_Alto,2014-01-05,8.69,17.28,1.69,63.59,0.91,1.38,60.23,-15.77948,-70.91799,4470
Crucero_Alto,2014-01-06,8.23,14.77,3.65,68.61,3.57,1.47,60.13,-15.77948,-70.91799,4470
Crucero_Alto,2014-01-07,6.57,14.02,2.48,74.67,1.38,1.58,60.06,-15.77948,-70.91799,4470
Crucero_Alto,2014-01-08,6.8,15.58,2.2,70.8,0.98,1.52,60.1,-15.77948,-70.91799,4470
Crucero_Alto,2014-01-09,8.41,15.89,2.65,64.0,0.12,2.62,60.11,-15.77948,-70.91799,4470
Crucero_Alto,2014-01-10,9.41,17.42,3.5,61.66,0.0,2.37,60.02,-15.77948,-70.91799,4470
Crucero_Alto,2014-01-11,9.37,17.7,3.22,59.56,0.01,3.98,60.17,-15.77948,-70.91799,4470
Crucero_Alto,2014-01-12,7.3,15.05,2.01,67.61,0.01,2.53,60.3,-15.77948,-70.91799,4470
Crucero_Alto,2014-01-13,8.49,16.21,2.08,61.32,0.0,2.3,60.27,-15.77948,-70.91799,4470
Crucero_Alto,2014-01-14,9.39,18.26,2.28,57.51,3.24,2.56,60.21,-15.77948,-70.91799,4470
Crucero_Alto,2014-01-15,6.58,11.67,3.17,69.85,12.35,2.2,60.15,-15.77948,-70.91799,4470
Crucero_Alto,2014-01-16,4.25,9.65,0.93,80.12,14.83,1.48,60.12,-15.77948,-70.91799,4470
Crucero_Alto,2014-01-17,5.15,12.74,-0.22,75.85,9.07,1.93,60.15,-15.77948,-70.91799,4470
Crucero_Alto,2014-01-18,5.85,13.86,-0.77,71.13,9.31,2.67,60.24,-15.77948,-70.91799,4470
Crucero_Alto,2014-01-19,5.71,12.04,0.52,76.75,6.59,1.62,60.22,-15.77948,-70.91799,4470
Crucero_Alto,2014-01-20,6.7,12.44,1.56,73.25,2.68,1.48,60.16,-15.77948,-70.91799,4470
Crucero_Alto,2014-01-21,8.3,16.58,1.91,68.39,2.33,1.38,60.11,-15.77948,-70.91799,4470
Crucero_Alto,2014-01-22,5.41,10.98,0.26,77.65,0.64,2.92,60.09,-15.77948,-70.91799,4470
Crucero_Alto,2014-01-23,6.06,16.35,-0.92,71.0,0.5,3.38,60.1,-15.77948,-70.91799,4470
Crucero_Alto,2014-01-24,5.25,15.89,-3.25,62.25,0.28,4.72,60.13,-15.77948,-70.91799,4470
Crucero_Alto,2014-01-25,5.0,15.59,-3.79,58.38,0.14,4.19,60.08,-15.77948,-70.91799,4470
Crucero_Alto,2014-01-26,6.05,15.11,-2.25,55.07,0.15,1.64,60.02,-15.77948,-70.91799,4470
Crucero_Alto,2014-01-27,6.49,16.52,-2.01,65.65,3.47,2.14,60.04,-15.77948,-70.91799,4470
Crucero_Alto,2014-01-28,7.74,18.34,-1.03,53.81,2.08,1.77,60.02,-15.77948,-70.91799,4470
Crucero_Alto,2014-01-29,7.19,16.39,0.77,64.17,5.68,1.39,59.97,-15.77948,-70.91799,4470
Crucero_Alto,2014-01-30,7.43,17.32,-0.86,58.1,4.98,1.24,60.04,-15.77948,-70.91799,4470
Crucero_Alto,2014-01-31,6.44,14.84,-1.13,67.07,3.79,1.31,60.09,-15.77948,-70.91799,4470
Crucero_Alto,2014-02-01,6.79,14.78,2.01,72.99,11.06,1.74,60.06,-15.77948,-70.91799,4470
Crucero_Alto,2014-02-02,6.21,15.31,-0.82,62.31,1.72,3.37,60.1,-15.77948,-70.91799,4470
Crucero_Alto,2014-02-03,5.54,16.05,-2.96,62.52,0.01,3.37,60.13,-15.77948,-70.91799,4470
Crucero_Alto,2014-02-04,5.15,15.93,-4.53,57.82,0.01,3.33,60.07,-15.77948,-70.91799,4470
Crucero_Alto,2014-02-05,6.25,15.41,-2.52,69.08,3.18,1.71,60.03,-15.77948,-70.91799,4470
Crucero_Alto,2014-02-06,4.26,10.38,0.94,78.95,1.44,2.41,60.03,-15.77948,-70.91799,4470
Crucero_Alto,2014-02-07,7.12,17.26,-0.82,66.58,0.04,1.71,60.05,-15.77948,-70.91799,4470
Crucero_Alto,2014-02-08,7.67,15.92,0.13,66.74,4.65,1.94,60.05,-15.77948,-70.91799,4470
Crucero_Alto,2014-02-09,6.64,17.7,-1.39,60.41,0.15,2.9,60.1,-15.77948,-70.91799,4470
Crucero_Alto,2014-02-10,6.57,17.84,-2.87,60.01,0.22,2.42,60.12,-15.77948,-70.91799,4470
Crucero_Alto,2014-02-11,6.97,17.06,-1.94,63.77,0.1,2.03,60.1,-15.77948,-70.91799,4470
Crucero_Alto,2014-02-12,7.24,15.89,0.77,67.28,0.37,2.39,60.08,-15.77948,-70.91799,4470
Crucero_Alto,2014-02-13,6.94,17.72,-2.27,58.19,0.0,2.76,60.1,-15.77948,-70.91799,4470
Crucero_Alto,2014-02-14,6.47,17.34,-1.46,67.54,9.57,2.11,60.15,-15.77948,-70.91799,4470
Crucero_Alto,2014-02-15,5.75,13.18,0.6,74.35,0.35,2.31,60.18,-15.77948,-70.91799,4470
Crucero_Alto,2014-02-16,7.28,17.24,-0.1,64.03,0.0,2.25,60.15,-15.77948,-70.91799,4470
Crucero_Alto,2014-02-17,7.37,18.53,-2.06,55.11,0.0,1.46,60.1,-15.77948,-70.91799,4470
Crucero_Alto,2014-02-18,7.93,16.86,1.0,59.2,1.26,1.16,60.08,-15.77948,-70.91799,4470
Crucero_Alto,2014-02-19,7.42,17.61,-0.77,57.5,0.17,1.26,60.06,-15.77948,-70.91799,4470
Crucero_Alto,2014-02-20,7.78,18.46,-1.62,54.86,0.11,1.21,60.02,-15.77948,-70.91799,4470
Crucero_Alto,2014-02-21,7.61,19.02,-1.04,56.55,0.01,2.3,60.12,-15.77948,-70.91799,4470
Crucero_Alto,2014-02-22,7.52,16.58,-1.22,64.26,0.0,2.25,60.12,-15.77948,-70.91799,4470
Crucero_Alto,2014-02-23,8.77,15.6,3.47,67.47,0.0,2.26,60.13,-15.77948,-70.91799,4470
Crucero_Alto,2014-02-24,8.5,15.81,4.06,68.13,0.0,2.08,60.16,-15.77948,-70.91799,4470
Crucero_Alto,2014-02-25,8.65,17.13,1.29,61.24,0.0,2.52,60.17,-15.77948,-70.91799,4470
Crucero_Alto,2014-02-26,8.83,16.63,2.06,62.17,0.0,3.05,60.23,-15.77948,-70.91799,4470
Crucero_Alto,2014-02-27,8.67,16.89,0.48,60.87,0.02,2.9,60.28,-15.77948,-70.91799,4470
Crucero_Alto,2014-02-28,9.75,18.61,2.63,58.34,0.0,1.68,60.22,-15.77948,-70.91799,4470
Crucero_Alto,2014-03-01,7.51,16.57,0.98,68.6,0.5,1.65,60.19,-15.77948,-70.91799,4470
Crucero_Alto,2014-03-02,7.5,17.49,-0.24,63.97,4.32,1.87,60.13,-15.77948,-70.91799,4470
Crucero_Alto,2014-03-03,6.19,17.05,-3.59,64.59,0.04,1.7,60.1,-15.77948,-70.91799,4470
Crucero_Alto,2014-03-04,7.89,15.95,1.37,63.09,0.0,1.49,60.11,-15.77948,-70.91799,4470
Crucero_Alto,2014-03-05,7.0,15.43,2.37,73.42,0.0,2.82,60.17,-15.77948,-70.91799,4470
Crucero_Alto,2014-03-06,8.05,15.4,2.4,67.03,0.0,2.19,60.26,-15.77948,-70.91799,4470
Crucero_Alto,2014-03-07,9.21,17.85,2.42,64.82,1.62,2.27,60.23,-15.77948,-70.91799,4470
Crucero_Alto,2014-03-08,7.57,14.41,2.74,67.65,0.53,2.56,60.28,-15.77948,-70.91799,4470
Crucero_Alto,2014-03-09,8.02,18.1,0.59,64.55,0.09,1.69,60.24,-15.77948,-70.91799,4470
Crucero_Alto,2014-03-10,8.8,19.02,1.08,59.95,0.19,1.85,60.2,-15.77948,-70.91799,4470
Crucero_Alto,2014-03-11,6.61,12.6,2.92,74.08,2.55,1.98,60.14,-15.77948,-70.91799,4470
Crucero_Alto,2014-03-12,7.75,16.87,0.84,69.04,0.6,1.64,60.13,-15.77948,-70.91799,4470
Crucero_Alto,2014-03-13,7.05,16.12,1.48,70.3,0.03,1.86,60.17,-15.77948,-70.91799,4470
Crucero_Alto,2014-03-14,6.44,13.56,0.33,67.75,0.0,1.6,60.17,-15.77948,-70.91799,4470
Crucero_Alto,2014-03-15,7.13,14.13,2.88,72.19,0.33,1.35,60.09,-15.77948,-70.91799,4470
Crucero_Alto,2014-03-16,7.84,15.6,3.02,69.48,0.44,1.73,60.09,-15.77948,-70.91799,4470
Crucero_Alto,2014-03-17,7.63,14.57,3.1,73.29,9.1,1.61,60.03,-15.77948,-70.91799,4470
Crucero_Alto,2014-03-18,7.94,17.07,2.42,68.33,1.82,2.54,60.1,-15.77948,-70.91799,4470
Crucero_Alto,2014-03-19,6.83,15.06,1.34,70.33,1.46,2.85,60.16,-15.77948,-70.91799,4470
Crucero_Alto,2014-03-20,7.29,18.32,-1.5,60.95,0.73,2.64,60.1,-15.77948,-70.91799,4470
Crucero_Alto,2014-03-21,6.89,17.13,-0.52,51.52,0.06,2.18,60.23,-15.77948,-70.91799,4470
Crucero_Alto,2014-03-22,8.26,18.76,-0.62,54.99,0.0,1.1,60.35,-15.77948,-70.91799,4470
Crucero_Alto,2014-03-23,6.72,14.18,1.68,69.84,0.09,2.01,60.33,-15.77948,-70.91799,4470
Crucero_Alto,2014-03-24,7.35,18.78,-1.98,55.85,0.03,1.61,60.26,-15.77948,-70.91799,4470
Crucero_Alto,2014-03-25,5.9,14.13,0.26,69.56,1.78,1.48,60.25,-15.77948,-70.91799,4470
Crucero_Alto,2014-03-26,6.48,14.99,0.24,72.31,10.13,1.42,60.28,-15.77948,-70.91799,4470
Crucero_Alto,2014-03-27,5.68,14.03,0.72,74.63,11.74,1.79,60.21,-15.77948,-70.91799,4470
Crucero_Alto,2014-03-28,4.78,15.56,-2.49,69.03,0.41,3.54,60.11,-15.77948,-70.91799,4470
Crucero_Alto,2014-03-29,2.76,14.01,-5.92,55.12,0.01,3.58,60.06,-15.77948,-70.91799,4470
Crucero_Alto,2014-03-30,2.01,13.38,-6.54,50.64,0.0,3.15,60.08,-15.77948,-70.91799,4470
Crucero_Alto,2014-03-31,4.66,13.91,-4.37,54.16,0.0,1.28,60.22,-15.77948,-70.91799,4470
Crucero_Alto,2014-04-01,6.55,14.71,0.77,72.14,0.08,2.21,60.32,-15.77948,-70.91799,4470
Crucero_Alto,2014-04-02,7.61,15.22,2.39,70.84,0.01,2.63,60.34,-15.77948,-70.91799,4470
Crucero_Alto,2014-04-03,7.87,14.7,2.22,69.34,0.0,2.45,60.3,-15.77948,-70.91799,4470
Crucero_Alto,2014-04-04,7.07,13.83,2.09,71.3,3.03,3.62,60.35,-15.77948,-70.91799,4470
Crucero_Alto,2014-04-05,6.58,14.23,1.63,72.8,0.27,3.85,60.35,-15.77948,-70.91799,4470
Crucero_Alto,2014-04-06,7.87,15.36,1.85,68.84,1.38,1.75,60.32,-15.77948,-70.91799,4470
Crucero_Alto,2014-04-07,7.11,15.06,1.77,73.11,0.13,1.45,60.32,-15.77948,-70.91799,4470
Crucero_Alto,2014-04-08,8.37,16.29,2.05,64.22,1.39,1.97,60.3,-15.77948,-70.91799,4470
Crucero_Alto,2014-04-09,7.49,15.04,2.76,68.87,1.71,1.17,60.28,-15.77948,-70.91799,4470
Crucero_Alto,2014-04-10,6.45,15.17,-1.22,68.37,2.63,1.62,60.25,-15.77948,-70.91799,4470
Crucero_Alto,2014-04-11,5.02,17.52,-4.47,53.96,0.22,2.06,60.23,-15.77948,-70.91799,4470
Crucero_Alto,2014-04-12,6.69,17.14,-2.57,49.93,0.0,1.58,60.2,-15.77948,-70.91799,4470
Crucero_Alto,2014-04-13,7.69,18.01,2.12,69.92,0.01,2.41,60.24,-15.77948,-70.91799,4470
Crucero_Alto,2014-04-14,6.78,14.37,1.27,66.92,0.0,1.63,60.23,-15.77948,-70.91799,4470
Crucero_Alto,2014-04-15,7.11,15.16,1.57,67.51,0.0,1.35,60.22,-15.77948,-70.91799,4470
Crucero_Alto,2014-04-16,7.8,16.95,2.88,63.73,0.0,1.5,60.2,-15.77948,-70.91799,4470
Crucero_Alto,2014-04-17,6.41,12.74,0.73,66.03,1.32,1.46,60.21,-15.77948,-70.91799,4470
Crucero_Alto,2014-04-18,6.49,12.82,2.64,68.0,0.17,1.33,60.23,-15.77948,-70.91799,4470
Crucero_Alto,2014-04-19,6.67,13.11,2.39,66.78,0.0,1.43,60.31,-15.77948,-70.91799,4470
Crucero_Alto,2014-04-20,6.34,13.97,1.64,68.96,0.29,1.72,60.37,-15.77948,-70.91799,4470
Crucero_Alto,2014-04-21,5.73,13.91,0.06,67.87,0.72,0.83,60.28,-15.77948,-70.91799,4470
Crucero_Alto,2014-04-22,6.21,16.54,-0.75,63.67,0.04,1.57,60.2,-15.77948,-70.91799,4470
Crucero_Alto,2014-04-23,5.81,15.87,-2.24,60.99,0.12,0.79,60.26,-15.77948,-70.91799,4470
Crucero_Alto,2014-04-24,6.42,14.24,1.72,69.47,0.1,1.17,60.32,-15.77948,-70.91799,4470
Crucero_Alto,2014-04-25,6.15,16.55,-0.46,48.89,0.0,1.86,60.32,-15.77948,-70.91799,4470
Crucero_Alto,2014-04-26,4.63,14.79,-2.24,38.47,0.0,2.47,60.3,-15.77948,-70.91799,4470
Crucero_Alto,2014-04-27,5.55,16.6,-3.28,28.46,0.0,1.23,60.24,-15.77948,-70.91799,4470
Crucero_Alto,2014-04-28,7.43,17.47,-0.82,53.8,0.01,1.37,60.2,-15.77948,-70.91799,4470
Crucero_Alto,2014-04-29,5.56,13.69,1.34,68.91,1.41,1.7,60.19,-15.77948,-70.91799,4470
Crucero_Alto,2014-04-30,4.29,13.73,-2.57,59.49,0.05,2.84,60.19,-15.77948,-70.91799,4470
Crucero_Alto,2014-05-01,2.75,14.76,-5.15,36.08,0.0,2.64,60.19,-15.77948,-70.91799,4470
Crucero_Alto,2014-05-02,4.78,15.87,-4.93,39.38,0.01,1.13,60.24,-15.77948,-70.91799,4470
Crucero_Alto,2014-05-03,7.21,16.45,1.27,62.12,0.01,0.85,60.35,-15.77948,-70.91799,4470
Crucero_Alto,2014-05-04,5.33,12.69,0.7,66.52,0.0,1.31,60.42,-15.77948,-70.91799,4470
Crucero_Alto,2014-05-05,5.2,15.47,-1.86,53.6,0.0,2.22,60.32,-15.77948,-70.91799,4470
Crucero_Alto,2014-05-06,4.49,15.3,-4.52,39.25,0.0,1.65,60.32,-15.77948,-70.91799,4470
Crucero_Alto,2014-05-07,4.37,10.42,-1.56,41.97,0.0,1.04,60.35,-15.77948,-70.91799,4470
Crucero_Alto,2014-05-08,4.79,11.71,-0.91,66.15,0.0,1.55,60.39,-15.77948,-70.91799,4470
Crucero_Alto,2014-05-09,5.31,14.06,-0.45,56.88,0.0,1.24,60.32,-15.77948,-70.91799,4470
Crucero_Alto,2014-05-10,5.16,14.52,-2.43,48.29,0.0,1.3,60.2,-15.77948,-70.91799,4470
Crucero_Alto,2014-05-11,4.87,13.82,-0.85,50.71,0.11,1.92,60.15,-15.77948,-70.91799,4470
Crucero_Alto,2014-05-12,3.45,11.0,-1.59,66.64,0.39,1.74,60.15,-15.77948,-70.91799,4470
Crucero_Alto,2014-05-13,3.83,12.31,-2.3,66.7,0.27,1.78,60.17,-15.77948,-70.91799,4470
Crucero_Alto,2014-05-14,4.04,13.86,-2.92,58.64,0.02,1.99,60.24,-15.77948,-70.91799,4470
Crucero_Alto,2014-05-15,4.34,14.57,-1.92,49.06,0.0,1.94,60.29,-15.77948,-70.91799,4470
Crucero_Alto,2014-05-16,3.87,15.16,-3.69,46.59,0.0,2.45,60.27,-15.77948,-70.91799,4470
Crucero_Alto,2014-05-17,4.19,15.01,-5.32,33.5,0.0,1.16,60.24,-15.77948,-70.91799,4470
Crucero_Alto,2014-05-18,5.72,13.8,-0.5,54.43,0.0,1.24,60.28,-15.77948,-70.91799,4470
Crucero_Alto,2014-05-19,5.77,14.81,-1.47,51.1,0.0,0.95,60.29,-15.77948,-70.91799,4470
Crucero_Alto,2014-05-20,4.1,14.53,-2.89,41.28,0.0,2.03,60.25,-15.77948,-70.91799,4470
Crucero_Alto,2014-05-21,3.55,13.71,-3.12,42.36,0.0,2.52,60.15,-15.77948,-70.91799,4470
Crucero_Alto,2014-05-22,2.1,10.88,-4.1,59.29,0.0,2.7,60.02,-15.77948,-70.91799,4470
Crucero_Alto,2014-05-23,2.52,12.82,-5.0,69.53,0.29,3.09,60.09,-15.77948,-70.91799,4470
Crucero_Alto,2014-05-24,1.49,12.51,-6.76,55.17,0.0,4.55,60.15,-15.77948,-70.91799,4470
Crucero_Alto,2014-05-25,1.5,13.34,-6.68,29.78,0.0,2.99,60.23,-15.77948,-70.91799,4470
Crucero_Alto,2014-05-26,3.62,14.92,-4.75,24.37,0.0,1.32,60.33,-15.77948,-70.91799,4470
Crucero_Alto,2014-05-27,3.36,14.74,-4.12,27.12,0.0,1.15,60.4,-15.77948,-70.91799,4470
Crucero_Alto,2014-05-28,3.29,14.98,-3.91,26.07,0.0,1.63,60.33,-15.77948,-70.91799,4470
Crucero_Alto,2014-05-29,3.35,15.32,-4.31,33.72,0.0,1.85,60.21,-15.77948,-70.91799,4470
Crucero_Alto,2014-05-30,2.95,14.75,-4.15,40.48,0.0,2.69,60.22,-15.77948,-70.91799,4470
Crucero_Alto,2014-05-31,3.35,15.67,-5.25,29.7,0.0,2.23,60.26,-15.77948,-70.91799,4470
Crucero_Alto,2014-06-01,4.82,15.15,-1.92,23.57,0.0,1.19,60.26,-15.77948,-70.91799,4470
Crucero_Alto,2014-06-02,3.62,14.75,-3.72,27.82,0.0,1.9,60.23,-15.77948,-70.91799,4470
Crucero_Alto,2014-06-03,2.3,13.9,-5.31,27.57,0.0,2.2,60.23,-15.77948,-70.91799,4470
Crucero_Alto,2014-06-04,3.13,14.77,-4.4,21.64,0.0,1.99,60.22,-15.77948,-70.91799,4470
Crucero_Alto,2014-06-05,4.13,15.46,-3.5,23.2,0.0,1.81,60.19,-15.77948,-70.91799,4470
Crucero_Alto,2014-06-06,4.69,15.91,-2.28,27.66,0.0,1.97,60.2,-15.77948,-70.91799,4470
Crucero_Alto,2014-06-07,3.56,15.17,-3.91,30.76,0.0,2.87,60.21,-15.77948,-70.91799,4470
Crucero_Alto,2014-06-08,2.91,14.78,-4.82,26.17,0.0,2.58,60.2,-15.77948,-70.91799,4470
Crucero_Alto,2014-06-09,4.36,14.67,-3.15,34.67,0.0,1.85,60.25,-15.77948,-70.91799,4470
Crucero_Alto,2014-06-10,5.57,15.3,-1.44,43.36,0.0,0.83,60.32,-15.77948,-70.91799,4470
Crucero_Alto,2014-06-11,4.28,13.62,-1.95,65.36,0.0,1.89,60.35,-15.77948,-70.91799,4470
Crucero_Alto,2014-06-12,2.71,13.4,-4.59,49.9,0.0,2.52,60.32,-15.77948,-70.91799,4470
Crucero_Alto,2014-06-13,3.85,13.98,-4.09,24.86,0.0,1.35,60.33,-15.77948,-70.91799,4470
Crucero_Alto,2014-06-14,4.62,13.67,-1.31,34.18,0.0,1.2,60.32,-15.77948,-70.91799,4470
Crucero_Alto,2014-06-15,4.17,13.13,-1.67,41.63,0.0,1.29,60.36,-15.77948,-70.91799,4470
Crucero_Alto,2014-06-16,4.63,13.94,-1.97,62.13,0.0,1.04,60.33,-15.77948,-70.91799,4470
Crucero_Alto,2014-06-17,5.09,13.49,-0.41,60.46,0.0,0.86,60.32,-15.77948,-70.91799,4470
Crucero_Alto,2014-06-18,4.11,12.6,-1.33,65.64,0.0,1.78,60.39,-15.77948,-70.91799,4470
Crucero_Alto,2014-06-19,5.42,14.43,-1.43,62.2,0.0,1.22,60.39,-15.77948,-70.91799,4470
Crucero_Alto,2014-06-20,4.88,15.32,-2.0,59.06,0.0,1.64,60.31,-15.77948,-70.91799,4470
Crucero_Alto,2014-06-21,3.25,13.33,-3.71,42.64,0.0,2.45,60.26,-15.77948,-70.91799,4470
Crucero_Alto,2014-06-22,4.63,14.61,-2.73,37.53,0.01,1.57,60.29,-15.77948,-70.91799,4470
Crucero_Alto,2014-06-23,5.14,14.55,-1.53,40.68,0.0,1.11,60.39,-15.77948,-70.91799,4470
Crucero_Alto,2014-06-24,4.64,12.28,-2.55,52.59,0.01,1.53,60.41,-15.77948,-70.91799,4470
Crucero_Alto,2014-06-25,4.06,14.52,-2.77,54.47,0.02,2.17,60.27,-15.77948,-70.91799,4470
Crucero_Alto,2014-06-26,2.04,11.84,-4.47,52.88,0.03,2.6,60.23,-15.77948,-70.91799,4470
Crucero_Alto,2014-06-27,2.76,13.45,-4.43,41.78,0.0,2.59,60.22,-15.77948,-70.91799,4470
Crucero_Alto,2014-06-28,4.11,14.99,-3.13,41.43,0.0,2.14,60.29,-15.77948,-70.91799,4470
Crucero_Alto,2014-06-29,3.3,13.59,-3.58,51.05,0.0,2.6,60.36,-15.77948,-70.91799,4470
Crucero_Alto,2014-06-30,3.15,12.34,-3.09,48.1,0.0,2.01,60.27,-15.77948,-70.91799,4470
Crucero_Alto,2014-07-01,2.66,13.62,-4.56,37.96,0.0,2.65,60.18,-15.77948,-70.91799,4470
Crucero_Alto,2014-07-02,3.27,11.87,-4.0,48.46,0.0,1.93,60.24,-15.77948,-70.91799,4470
Crucero_Alto,2014-07-03,3.29,11.52,-2.91,56.46,0.0,1.38,60.29,-15.77948,-70.91799,4470
Crucero_Alto,2014-07-04,2.68,12.53,-3.75,68.13,0.01,2.92,60.29,-15.77948,-70.91799,4470
Crucero_Alto,2014-07-05,1.39,11.71,-5.46,51.62,0.01,3.21,60.27,-15.77948,-70.91799,4470
Crucero_Alto,2014-07-06,3.73,14.46,-4.54,25.32,0.0,1.92,60.3,-15.77948,-70.91799,4470
Crucero_Alto,2014-07-07,4.14,13.58,-2.39,46.32,0.0,1.07,60.36,-15.77948,-70.91799,4470
Crucero_Alto,2014-07-08,3.81,13.89,-2.94,39.92,0.0,1.73,60.39,-15.77948,-70.91799,4470
Crucero_Alto,2014-07-09,4.11,14.58,-3.38,42.04,0.0,2.29,60.32,-15.77948,-70.91799,4470
Crucero_Alto,2014-07-10,4.23,13.44,-2.71,42.7,0.0,1.86,60.27,-15.77948,-70.91799,4470
Crucero_Alto,2014-07-11,3.71,13.14,-2.99,43.4,0.0,1.86,60.25,-15.77948,-70.91799,4470
Crucero_Alto,2014-07-12,5.2,14.27,-2.57,44.7,0.0,1.34,60.29,-15.77948,-70.91799,4470
Crucero_Alto,2014-07-13,4.67,11.94,-0.65,61.96,0.0,1.63,60.39,-15.77948,-70.91799,4470
Crucero_Alto,2014-07-14,5.01,13.73,-2.85,53.68,0.0,1.1,60.46,-15.77948,-70.91799,4470
Crucero_Alto,2014-07-15,5.9,13.89,-1.28,32.66,0.0,1.49,60.43,-15.77948,-70.91799,4470
Crucero_Alto,2014-07-16,3.52,7.68,-1.82,50.01,0.0,0.95,60.46,-15.77948,-70.91799,4470
Crucero_Alto,2014-07-17,2.84,11.07,-3.73,35.24,0.0,1.73,60.42,-15.77948,-70.91799,4470
Crucero_Alto,2014-07-18,1.02,5.61,-2.89,70.44,0.08,1.42,60.39,-15.77948,-70.91799,4470
Crucero_Alto,2014-07-19,1.01,6.99,-2.73,79.42,2.07,1.52,60.32,-15.77948,-70.91799,4470
Crucero_Alto,2014-07-20,1.78,9.14,-2.68,76.93,0.9,2.03,60.29,-15.77948,-70.91799,4470
Crucero_Alto,2014-07-21,1.35,10.42,-5.45,58.74,0.0,2.76,60.28,-15.77948,-70.91799,4470
Crucero_Alto,2014-07-22,0.91,12.07,-6.18,51.98,0.0,3.08,60.17,-15.77948,-70.91799,4470
Crucero_Alto,2014-07-23,-0.29,10.28,-6.67,35.94,0.0,3.51,60.17,-15.77948,-70.91799,4470
Crucero_Alto,2014-07-24,2.49,13.12,-5.82,24.55,0.0,2.24,60.12,-15.77948,-70.91799,4470
Crucero_Alto,2014-07-25,0.61,8.79,-5.67,48.34,0.0,3.62,60.15,-15.77948,-70.91799,4470
Crucero_Alto,2014-07-26,0.85,11.32,-5.35,34.18,0.0,3.14,60.22,-15.77948,-70.91799,4470
Crucero_Alto,2014-07-27,0.29,10.42,-6.6,23.43,0.0,2.95,60.27,-15.77948,-70.91799,4470
Crucero_Alto,2014-07-28,2.41,12.38,-5.47,19.56,0.0,1.89,60.3,-15.77948,-70.91799,4470
Crucero_Alto,2014-07-29,2.59,11.31,-3.51,32.58,0.0,1.46,60.37,-15.77948,-70.91799,4470
Crucero_Alto,2014-07-30,3.54,11.85,-3.59,38.95,0.0,1.01,60.39,-15.77948,-70.91799,4470
Crucero_Alto,2014-07-31,4.18,13.54,-2.3,33.28,0.0,1.2,60.32,-15.77948,-70.91799,4470
Crucero_Alto,2014-08-01,4.63,14.22,-2.99,23.88,0.0,1.63,60.3,-15.77948,-70.91799,4470
Crucero_Alto,2014-08-02,3.96,12.94,-1.92,34.19,0.0,1.98,60.35,-15.77948,-70.91799,4470
Crucero_Alto,2014-08-03,5.18,14.62,-2.11,33.13,0.0,1.87,60.33,-15.77948,-70.91799,4470
Crucero_Alto,2014-08-04,4.6,14.08,-3.67,38.13,0.0,2.85,60.36,-15.77948,-70.91799,4470
Crucero_Alto,2014-08-05,4.29,14.06,-4.02,58.79,0.0,1.72,60.38,-15.77948,-70.91799,4470
Crucero_Alto,2014-08-06,3.82,14.02,-4.1,52.02,0.0,2.21,60.3,-15.77948,-70.91799,4470
Crucero_Alto,2014-08-07,4.27,12.55,-2.2,55.69,0.02,2.37,60.22,-15.77948,-70.91799,4470
Crucero_Alto,2014-08-08,2.89,10.85,-1.57,77.74,3.56,2.72,60.25,-15.77948,-70.91799,4470
Crucero_Alto,2014-08-09,3.41,13.16,-3.18,69.91,0.04,2.49,60.24,-15.77948,-70.91799,4470
Crucero_Alto,2014-08-10,4.0,13.89,-2.48,66.41,0.0,2.07,60.26,-15.77948,-70.91799,4470
Crucero_Alto,2014-08-11,4.08,13.37,-3.74,56.98,0.0,1.26,60.29,-15.77948,-70.91799,4470
Crucero_Alto,2014-08-12,4.17,14.57,-4.26,50.35,0.0,2.06,60.33,-15.77948,-70.91799,4470
Crucero_Alto,2014-08-13,3.58,9.66,-2.48,53.35,0.0,1.66,60.35,-15.77948,-70.91799,4470
Crucero_Alto,2014-08-14,3.76,12.58,-3.71,56.53,0.0,1.84,60.28,-15.77948,-70.91799,4470
Crucero_Alto,2014-08-15,3.15,11.13,-2.19,65.13,1.45,1.26,60.37,-15.77948,-70.91799,4470
Crucero_Alto,2014-08-16,4.9,14.81,-2.92,56.79,0.02,1.85,60.42,-15.77948,-70.91799,4470
Crucero_Alto,2014-08-17,4.97,15.06,-2.08,42.4,0.0,1.74,60.34,-15.77948,-70.91799,4470
Crucero_Alto,2014-08-18,4.12,13.49,-2.8,54.4,0.12,1.64,60.25,-15.77948,-70.91799,4470
Crucero_Alto,2014-08-19,3.69,11.29,-1.64,68.71,0.02,2.0,60.26,-15.77948,-70.91799,4470
Crucero_Alto,2014-08-20,5.17,14.53,-2.46,59.25,0.0,1.99,60.26,-15.77948,-70.91799,4470
Crucero_Alto,2014-08-21,4.75,15.41,-2.77,54.7,0.0,2.1,60.25,-15.77948,-70.91799,4470
Crucero_Alto,2014-08-22,3.52,15.38,-5.1,42.75,0.0,2.36,60.26,-15.77948,-70.91799,4470
Crucero_Alto,2014-08-23,3.59,15.6,-5.24,31.4,0.0,2.21,60.18,-15.77948,-70.91799,4470
Crucero_Alto,2014-08-24,3.4,14.62,-4.83,30.14,0.0,2.36,60.13,-15.77948,-70.91799,4470
Crucero_Alto,2014-08-25,4.42,14.39,-3.43,33.32,0.0,1.36,60.12,-15.77948,-70.91799,4470
Crucero_Alto,2014-08-26,3.76,14.85,-4.34,36.43,0.0,2.29,60.16,-15.77948,-70.91799,4470
Crucero_Alto,2014-08-27,3.13,12.42,-3.54,35.84,0.0,2.41,60.24,-15.77948,-70.91799,4470
Crucero_Alto,2014-08-28,5.61,15.14,-2.11,41.47,0.0,1.25,60.19,-15.77948,-70.91799,4470
Crucero_Alto,2014-08-29,5.11,12.98,0.03,67.57,0.8,2.31,60.2,-15.77948,-70.91799,4470
Crucero_Alto,2014-08-30,3.43,11.73,-2.49,72.77,0.3,1.74,60.3,-15.77948,-70.91799,4470
Crucero_Alto,2014-08-31,3.6,11.61,-2.69,73.56,3.33,1.57,60.29,-15.77948,-70.91799,4470
Crucero_Alto,2014-09-01,3.2,10.06,-0.85,72.06,2.84,1.46,60.27,-15.77948,-70.91799,4470
Crucero_Alto,2014-09-02,4.0,12.92,-2.24,55.22,2.25,1.44,60.2,-15.77948,-70.91799,4470
Crucero_Alto,2014-09-03,4.06,13.16,-2.41,61.5,0.74,2.03,60.21,-15.77948,-70.91799,4470
Crucero_Alto,2014-09-04,3.06,11.96,-3.14,67.44,0.85,1.36,60.24,-15.77948,-70.91799,4470
Crucero_Alto,2014-09-05,3.56,11.44,-1.9,60.77,2.21,1.95,60.29,-15.77948,-70.91799,4470
Crucero_Alto,2014-09-06,4.26,12.07,-2.36,62.01,2.57,1.42,60.26,-15.77948,-70.91799,4470
Crucero_Alto,2014-09-07,4.14,10.8,-0.33,71.88,1.76,1.4,60.29,-15.77948,-70.91799,4470
Crucero_Alto,2014-09-08,5.74,14.01,-2.17,53.86,0.7,0.94,60.36,-15.77948,-70.91799,4470
Crucero_Alto,2014-09-09,6.77,16.62,-0.62,47.8,0.07,1.49,60.27,-15.77948,-70.91799,4470
Crucero_Alto,2014-09-10,7.39,17.72,-1.75,40.12,0.02,1.59,60.11,-15.77948,-70.91799,4470
Crucero_Alto,2014-09-11,5.94,11.8,1.69,66.38,1.17,1.55,60.1,-15.77948,-70.91799,4470
Crucero_Alto,2014-09-12,4.63,12.23,-0.11,70.42,1.13,1.88,60.08,-15.77948,-70.91799,4470
Crucero_Alto,2014-09-13,4.29,13.12,-2.48,70.48,1.57,2.03,60.21,-15.77948,-70.91799,4470
Crucero_Alto,2014-09-14,5.72,16.61,-4.21,52.91,0.02,1.37,60.29,-15.77948,-70.91799,4470
Crucero_Alto,2014-09-15,7.43,16.42,-0.19,60.41,0.0,2.41,60.35,-15.77948,-70.91799,4470
Crucero_Alto,2014-09-16,6.66,15.37,0.95,61.49,0.0,1.63,60.34,-15.77948,-70.91799,4470
Crucero_Alto,2014-09-17,4.33,12.71,-0.5,65.28,0.0,1.69,60.25,-15.77948,-70.91799,4470
Crucero_Alto,2014-09-18,3.87,12.44,-2.36,69.93,0.81,2.1,60.22,-15.77948,-70.91799,4470
Crucero_Alto,2014-09-19,3.14,14.67,-4.83,39.37,0.01,2.91,60.23,-15.77948,-70.91799,4470
Crucero_Alto,2014-09-20,5.45,15.55,-4.13,30.67,0.0,1.63,60.21,-15.77948,-70.91799,4470
Crucero_Alto,2014-09-21,5.06,15.22,-2.5,52.82,2.16,2.16,60.24,-15.77948,-70.91799,4470
Crucero_Alto,2014-09-22,3.79,13.7,-3.47,63.77,5.24,1.78,60.23,-15.77948,-70.91799,4470
Crucero_Alto,2014-09-23,4.69,14.19,-3.11,64.0,1.12,1.98,60.2,-15.77948,-70.91799,4470
Crucero_Alto,2014-09-24,6.63,18.67,-1.44,53.25,0.04,2.82,60.22,-15.77948,-70.91799,4470
Crucero_Alto,2014-09-25,6.03,17.71,-3.02,46.63,0.0,2.58,60.26,-15.77948,-70.91799,4470
Crucero_Alto,2014-09-26,5.93,13.48,0.16,59.71,0.08,1.36,60.25,-15.77948,-70.91799,4470
Crucero_Alto,2014-09-27,5.94,14.97,-0.92,68.21,0.13,1.99,60.25,-15.77948,-70.91799,4470
Crucero_Alto,2014-09-28,5.66,15.63,-0.01,69.96,48.61,2.32,60.26,-15.77948,-70.91799,4470
Crucero_Alto,2014-09-29,2.22,6.19,-0.68,84.29,18.52,1.17,60.28,-15.77948,-70.91799,4470
Crucero_Alto,2014-09-30,3.94,11.5,-0.44,74.85,0.74,1.38,60.31,-15.77948,-70.91799,4470
Crucero_Alto,2014-10-01,3.26,8.06,-1.73,77.94,3.64,2.34,60.32,-15.77948,-70.91799,4470
Crucero_Alto,2014-10-02,5.11,13.64,-1.18,68.3,5.84,2.72,60.37,-15.77948,-70.91799,4470
Crucero_Alto,2014-10-03,4.69,12.16,-1.67,73.4,2.94,2.31,60.35,-15.77948,-70.91799,4470
Crucero_Alto,2014-10-04,5.47,12.94,-1.31,70.9,0.0,1.76,60.24,-15.77948,-70.91799,4470
Crucero_Alto,2014-10-05,7.53,15.07,1.65,66.39,0.0,2.46,60.2,-15.77948,-70.91799,4470
Crucero_Alto,2014-10-06,7.06,13.77,2.84,72.28,0.16,2.51,60.28,-15.77948,-70.91799,4470
Crucero_Alto,2014-10-07,6.48,13.26,2.33,70.74,0.72,1.98,60.28,-15.77948,-70.91799,4470
Crucero_Alto,2014-10-08,7.03,15.01,1.26,70.95,0.15,1.75,60.16,-15.77948,-70.91799,4470
Crucero_Alto,2014-10-09,7.87,15.71,0.54,61.73,0.0,1.32,60.15,-15.77948,-70.91799,4470
Crucero_Alto,2014-10-10,8.04,15.76,1.27,58.1,0.0,2.33,60.2,-15.77948,-70.91799,4470
Crucero_Alto,2014-10-11,7.81,15.92,0.41,62.59,1.68,3.41,60.35,-15.77948,-70.91799,4470
Crucero_Alto,2014-10-12,7.92,15.95,1.55,63.7,0.38,2.67,60.36,-15.77948,-70.91799,4470
Crucero_Alto,2014-10-13,7.24,15.18,1.52,61.92,0.0,3.6,60.4,-15.77948,-70.91799,4470
Crucero_Alto,2014-10-14,5.97,14.72,-1.74,61.06,0.0,4.01,60.48,-15.77948,-70.91799,4470
Crucero_Alto,2014-10-15,5.5,15.02,-3.22,61.02,0.0,3.6,60.51,-15.77948,-70.91799,4470
Crucero_Alto,2014-10-16,6.49,16.01,-1.94,58.52,0.0,3.0,60.46,-15.77948,-70.91799,4470
Crucero_Alto,2014-10-17,7.8,16.48,0.12,57.97,0.0,2.47,60.34,-15.77948,-70.91799,4470
Crucero_Alto,2014-10-18,7.02,14.49,1.35,57.43,0.0,1.8,60.22,-15.77948,-70.91799,4470
Crucero_Alto,2014-10-19,4.6,11.95,0.7,63.52,2.3,1.91,60.21,-15.77948,-70.91799,4470
Crucero_Alto,2014-10-20,3.61,8.37,-0.17,78.55,6.43,2.01,60.18,-15.77948,-70.91799,4470
Crucero_Alto,2014-10-21,3.9,9.01,0.44,78.09,6.93,1.84,60.23,-15.77948,-70.91799,4470
Crucero_Alto,2014-10-22,4.24,11.83,-0.35,76.99,2.3,1.88,60.28,-15.77948,-70.91799,4470
Crucero_Alto,2014-10-23,6.0,17.14,-1.62,61.76,1.53,1.98,60.32,-15.77948,-70.91799,4470
Crucero_Alto,2014-10-24,6.59,17.33,-4.01,49.13,0.52,1.24,60.24,-15.77948,-70.91799,4470
Crucero_Alto,2014-10-25,7.29,14.97,0.97,60.1,0.76,1.84,60.19,-15.77948,-70.91799,4470
Crucero_Alto,2014-10-26,7.94,15.69,1.63,59.38,0.27,2.14,60.13,-15.77948,-70.91799,4470
Crucero_Alto,2014-10-27,7.62,15.9,0.08,59.34,0.0,1.67,60.14,-15.77948,-70.91799,4470
Crucero_Alto,2014-10-28,7.33,18.52,-0.93,54.11,0.0,2.55,60.2,-15.77948,-70.91799,4470
Crucero_Alto,2014-10-29,5.55,17.81,-5.01,46.6,0.0,3.06,60.12,-15.77948,-70.91799,4470
Crucero_Alto,2014-10-30,6.52,18.57,-3.85,37.63,0.0,1.97,60.05,-15.77948,-70.91799,4470
Crucero_Alto,2014-10-31,5.48,14.81,-1.96,59.24,0.0,1.78,60.13,-15.77948,-70.91799,4470
Crucero_Alto,2014-11-01,7.5,17.22,1.35,62.2,0.0,1.7,60.2,-15.77948,-70.91799,4470
Crucero_Alto,2014-11-02,7.08,15.99,-0.26,53.13,0.15,1.62,60.22,-15.77948,-70.91799,4470
Crucero_Alto,2014-11-03,7.05,18.61,-3.3,35.65,0.0,1.92,60.17,-15.77948,-70.91799,4470
Crucero_Alto,2014-11-04,8.19,18.42,-1.79,40.52,0.0,2.33,60.16,-15.77948,-70.91799,4470
Crucero_Alto,2014-11-05,8.61,15.32,1.31,61.96,0.0,2.33,60.29,-15.77948,-70.91799,4470
Crucero_Alto,2014-11-06,8.63,17.31,0.05,58.64,0.0,3.36,60.41,-15.77948,-70.91799,4470
Crucero_Alto,2014-11-07,9.7,18.94,1.09,49.17,0.0,2.25,60.34,-15.77948,-70.91799,4470
Crucero_Alto,2014-11-08,10.42,19.7,1.53,46.98,0.0,1.88,60.26,-15.77948,-70.91799,4470
Crucero_Alto,2014-11-09,8.07,16.01,2.67,61.72,0.0,1.62,60.27,-15.77948,-70.91799,4470
Crucero_Alto,2014-11-10,7.67,15.44,0.88,53.71,0.0,1.94,60.25,-15.77948,-70.91799,4470
Crucero_Alto,2014-11-11,7.52,17.06,-0.5,48.61,0.0,2.08,60.16,-15.77948,-70.91799,4470
Crucero_Alto,2014-11-12,7.44,18.95,-2.02,49.22,0.0,2.69,60.1,-15.77948,-70.91799,4470
Crucero_Alto,2014-11-13,6.27,17.76,-2.87,47.83,0.0,3.21,60.06,-15.77948,-70.91799,4470
Crucero_Alto,2014-11-14,6.32,15.4,-1.06,55.37,0.0,1.47,60.07,-15.77948,-70.91799,4470
Crucero_Alto,2014-11-15,6.04,15.44,-0.08,65.89,0.08,1.52,60.14,-15.77948,-70.91799,4470
Crucero_Alto,2014-11-16,5.6,14.17,0.35,69.99,1.99,2.23,60.2,-15.77948,-70.91799,4470
Crucero_Alto,2014-11-17,5.99,14.27,0.38,62.14,1.11,2.39,60.2,-15.77948,-70.91799,4470
Crucero_Alto,2014-11-18,5.86,16.78,-2.7,40.65,0.0,4.11,60.12,-15.77948,-70.91799,4470
Crucero_Alto,2014-11-19,4.79,17.42,-6.07,39.67,0.0,2.97,60.08,-15.77948,-70.91799,4470
Crucero_Alto,2014-11-20,6.67,17.72,-3.29,39.98,0.0,1.89,60.05,-15.77948,-70.91799,4470
Crucero_Alto,2014-11-21,7.28,17.93,-1.36,41.19,0.0,1.51,60.11,-15.77948,-70.91799,4470
Crucero_Alto,2014-11-22,7.12,16.08,-1.09,39.67,0.08,2.0,60.13,-15.77948,-70.91799,4470
Crucero_Alto,2014-11-23,7.56,17.18,-0.02,40.21,1.93,1.73,60.09,-15.77948,-70.91799,4470
Crucero_Alto,2014-11-24,6.79,17.59,-0.49,42.07,0.01,2.88,60.12,-15.77948,-70.91799,4470
Crucero_Alto,2014-11-25,5.63,17.32,-3.99,28.04,0.0,3.47,60.16,-15.77948,-70.91799,4470
Crucero_Alto,2014-11-26,6.0,18.07,-3.85,30.85,0.0,2.32,60.12,-15.77948,-70.91799,4470
Crucero_Alto,2014-11-27,7.31,16.66,-2.77,43.59,0.0,1.43,60.15,-15.77948,-70.91799,4470
Crucero_Alto,2014-11-28,8.97,17.52,3.16,58.83,0.0,1.78,60.12,-15.77948,-70.91799,4470
Crucero_Alto,2014-11-29,8.56,15.25,2.36,52.93,0.0,1.64,60.13,-15.77948,-70.91799,4470
Crucero_Alto,2014-11-30,7.95,15.68,1.96,50.32,1.21,1.94,60.14,-15.77948,-70.91799,4470
Crucero_Alto,2014-12-01,8.03,16.64,1.29,54.73,1.41,1.21,60.13,-15.77948,-70.91799,4470
Crucero_Alto,2014-12-02,8.98,19.3,-0.18,44.16,0.0,2.41,60.09,-15.77948,-70.91799,4470
Crucero_Alto,2014-12-03,7.73,13.49,3.53,69.88,4.17,2.1,60.12,-15.77948,-70.91799,4470
Crucero_Alto,2014-12-04,8.76,16.33,3.39,62.71,0.86,2.5,60.18,-15.77948,-70.91799,4470
Crucero_Alto,2014-12-05,8.78,17.45,0.48,51.41,0.0,2.52,60.23,-15.77948,-70.91799,4470
Crucero_Alto,2014-12-06,8.73,17.98,2.17,58.92,0.0,2.34,60.19,-15.77948,-70.91799,4470
Crucero_Alto,2014-12-07,8.94,19.96,-0.38,50.46,2.72,2.37,60.12,-15.77948,-70.91799,4470
Crucero_Alto,2014-12-08,8.79,18.95,0.3,50.7,0.75,1.6,60.07,-15.77948,-70.91799,4470
Crucero_Alto,2014-12-09,7.03,16.08,-1.85,47.48,0.0,3.14,60.06,-15.77948,-70.91799,4470
Crucero_Alto,2014-12-10,6.59,17.12,-2.62,55.42,0.0,2.28,60.12,-15.77948,-70.91799,4470
Crucero_Alto,2014-12-11,7.78,16.93,-0.71,62.05,0.13,2.36,60.18,-15.77948,-70.91799,4470
Crucero_Alto,2014-12-12,8.69,16.92,3.38,64.6,0.18,2.7,60.21,-15.77948,-70.91799,4470
Crucero_Alto,2014-12-13,7.7,16.06,-0.07,52.93,0.29,1.97,60.15,-15.77948,-70.91799,4470
Crucero_Alto,2014-12-14,7.08,13.03,2.82,66.49,0.1,1.64,60.11,-15.77948,-70.91799,4470
Crucero_Alto,2014-12-15,7.37,16.19,1.88,68.55,0.13,2.41,60.14,-15.77948,-70.91799,4470
Crucero_Alto,2014-12-16,8.19,17.3,1.13,62.51,1.57,2.45,60.2,-15.77948,-70.91799,4470
Crucero_Alto,2014-12-17,5.73,10.03,1.77,73.74,3.52,2.35,60.18,-15.77948,-70.91799,4470
Crucero_Alto,2014-12-18,4.96,9.91,1.0,77.44,10.32,2.44,60.07,-15.77948,-70.91799,4470
Crucero_Alto,2014-12-19,5.79,15.19,-0.43,60.27,0.31,2.91,60.02,-15.77948,-70.91799,4470
Crucero_Alto,2014-12-20,6.68,17.62,-1.04,52.2,0.0,4.08,60.01,-15.77948,-70.91799,4470
Crucero_Alto,2014-12-21,6.41,18.12,-4.12,34.85,0.0,3.41,60.11,-15.77948,-70.91799,4470
Crucero_Alto,2014-12-22,8.88,19.43,-0.87,35.38,0.04,1.59,60.08,-15.77948,-70.91799,4470
Crucero_Alto,2014-12-23,8.49,18.36,1.22,48.86,2.15,1.93,60.12,-15.77948,-70.91799,4470
Crucero_Alto,2014-12-24,9.15,18.87,2.47,47.02,3.05,2.22,60.14,-15.77948,-70.91799,4470
Crucero_Alto,2014-12-25,9.3,18.93,1.83,42.68,1.38,2.08,60.16,-15.77948,-70.91799,4470
Crucero_Alto,2014-12-26,6.36,15.18,1.05,64.86,6.28,2.33,60.27,-15.77948,-70.91799,4470
Crucero_Alto,2014-12-27,8.13,16.15,1.42,68.27,15.65,2.53,60.25,-15.77948,-70.91799,4470
Crucero_Alto,2014-12-28,6.24,14.41,2.2,75.41,1.58,1.99,60.22,-15.77948,-70.91799,4470
Crucero_Alto,2014-12-29,6.58,13.58,1.41,68.58,2.31,1.81,60.21,-15.77948,-70.91799,4470
Crucero_Alto,2014-12-30,7.43,15.15,2.2,64.45,1.3,2.55,60.14,-15.77948,-70.91799,4470
Crucero_Alto,2014-12-31,7.67,18.29,0.15,40.71,0.03,3.22,60.12,-15.77948,-70.91799,4470
Crucero_Alto,2015-01-01,7.79,17.5,0.03,51.05,0.05,1.71,60.12,-15.77948,-70.91799,4470
Crucero_Alto,2015-01-02,4.9,10.84,1.1,72.46,6.62,1.41,60.19,-15.77948,-70.91799,4470
Crucero_Alto,2015-01-03,6.75,15.22,0.57,60.91,0.37,1.44,60.2,-15.77948,-70.91799,4470
Crucero_Alto,2015-01-04,5.55,12.96,1.03,69.06,3.29,2.33,60.25,-15.77948,-70.91799,4470
Crucero_Alto,2015-01-05,5.37,10.77,0.13,70.84,8.97,1.4,60.21,-15.77948,-70.91799,4470
Crucero_Alto,2015-01-06,6.02,12.84,0.22,67.71,0.47,1.95,60.18,-15.77948,-70.91799,4470
Crucero_Alto,2015-01-07,6.57,15.9,1.32,66.44,0.98,1.89,60.15,-15.77948,-70.91799,4470
Crucero_Alto,2015-01-08,6.56,13.27,1.27,68.1,0.75,1.58,60.12,-15.77948,-70.91799,4470
Crucero_Alto,2015-01-09,7.26,14.03,2.54,69.9,0.29,2.4,60.21,-15.77948,-70.91799,4470
Crucero_Alto,2015-01-10,6.01,12.99,1.38,72.9,4.23,1.88,60.23,-15.77948,-70.91799,4470
Crucero_Alto,2015-01-11,5.43,14.14,0.92,71.6,0.95,2.47,60.17,-15.77948,-70.91799,4470
Crucero_Alto,2015-01-12,6.02,14.93,-0.45,58.78,5.11,3.89,60.17,-15.77948,-70.91799,4470
Crucero_Alto,2015-01-13,5.47,14.17,-2.34,51.0,1.07,2.48,60.14,-15.77948,-70.91799,4470
Crucero_Alto,2015-01-14,7.11,17.35,-2.2,43.71,0.0,1.32,60.14,-15.77948,-70.91799,4470
Crucero_Alto,2015-01-15,7.61,16.72,1.06,54.54,2.98,1.6,60.19,-15.77948,-70.91799,4470
Crucero_Alto,2015-01-16,7.77,18.38,-0.54,50.58,0.6,2.6,60.26,-15.77948,-70.91799,4470
Crucero_Alto,2015-01-17,5.71,13.77,-1.29,64.95,3.5,1.94,60.21,-15.77948,-70.91799,4470
Crucero_Alto,2015-01-18,5.52,12.83,0.58,73.1,1.56,1.43,60.17,-15.77948,-70.91799,4470
Crucero_Alto,2015-01-19,7.23,16.68,0.5,64.75,0.21,1.88,60.15,-15.77948,-70.91799,4470
Crucero_Alto,2015-01-20,5.9,12.66,0.57,72.91,3.41,2.57,60.13,-15.77948,-70.91799,4470
Crucero_Alto,2015-01-21,6.71,14.41,1.45,70.31,1.19,4.55,60.2,-15.77948,-70.91799,4470
Crucero_Alto,2015-01-22,7.14,14.85,0.63,69.59,0.38,2.65,60.23,-15.77948,-70.91799,4470
Crucero_Alto,2015-01-23,7.88,14.39,2.98,68.2,1.54,3.16,60.21,-15.77948,-70.91799,4470
Crucero_Alto,2015-01-24,7.64,14.7,2.57,67.82,0.29,2.31,60.18,-15.77948,-70.91799,4470
Crucero_Alto,2015-01-25,7.23,15.23,2.56,67.05,0.09,2.16,60.1,-15.77948,-70.91799,4470
Crucero_Alto,2015-01-26,6.52,14.9,1.34,69.18,0.11,1.87,60.07,-15.77948,-70.91799,4470
Crucero_Alto,2015-01-27,7.39,15.69,0.68,65.34,0.0,2.13,60.08,-15.77948,-70.91799,4470
Crucero_Alto,2015-01-28,7.02,14.9,2.08,69.54,0.09,1.89,60.04,-15.77948,-70.91799,4470
Crucero_Alto,2015-01-29,6.42,13.83,1.58,71.87,1.84,1.56,60.13,-15.77948,-70.91799,4470
Crucero_Alto,2015-01-30,5.72,13.76,1.02,74.97,2.09,3.36,60.18,-15.77948,-70.91799,4470
Crucero_Alto,2015-01-31,7.47,14.88,1.82,71.03,1.01,4.06,60.22,-15.77948,-70.91799,4470
Crucero_Alto,2015-02-01,7.55,14.66,2.2,70.01,2.33,3.78,60.29,-15.77948,-70.91799,4470
Crucero_Alto,2015-02-02,8.19,16.15,2.19,65.92,0.09,3.55,60.31,-15.77948,-70.91799,4470
Crucero_Alto,2015-02-03,9.24,17.13,3.5,61.64,0.0,2.85,60.27,-15.77948,-70.91799,4470
Crucero_Alto,2015-02-04,7.44,12.51,3.77,68.55,0.15,1.12,60.21,-15.77948,-70.91799,4470
Crucero_Alto,2015-02-05,7.66,15.15,2.9,66.19,0.18,1.35,60.17,-15.77948,-70.91799,4470
Crucero_Alto,2015-02-06,6.32,13.6,1.67,70.67,0.37,1.42,60.16,-15.77948,-70.91799,4470
Crucero_Alto,2015-02-07,7.07,14.23,1.79,70.25,1.58,2.69,60.12,-15.77948,-70.91799,4470
Crucero_Alto,2015-02-08,7.51,15.43,0.58,70.06,2.09,2.82,60.1,-15.77948,-70.91799,4470
Crucero_Alto,2015-02-09,6.66,13.68,2.11,74.54,7.61,2.43,60.07,-15.77948,-70.91799,4470
Crucero_Alto,2015-02-10,6.42,15.6,0.61,71.4,8.87,1.99,60.11,-15.77948,-70.91799,4470
Crucero_Alto,2015-02-11,5.98,14.19,1.46,76.14,8.91,1.71,60.21,-15.77948,-70.91799,4470
Crucero_Alto,2015-02-12,7.48,15.25,0.81,70.07,2.76,1.65,60.29,-15.77948,-70.91799,4470
Crucero_Alto,2015-02-13,8.83,15.77,3.16,69.83,0.99,2.04,60.28,-15.77948,-70.91799,4470
Crucero_Alto,2015-02-14,8.19,16.28,3.04,71.34,1.28,1.49,60.23,-15.77948,-70.91799,4470
Crucero_Alto,2015-02-15,6.59,11.66,0.98,73.41,3.57,1.33,60.19,-15.77948,-70.91799,4470
Crucero_Alto,2015-02-16,7.59,14.31,2.02,71.89,0.19,1.94,60.17,-15.77948,-70.91799,4470
Crucero_Alto,2015-02-17,8.02,16.28,2.89,69.98,0.0,2.27,60.16,-15.77948,-70.91799,4470
Crucero_Alto,2015-02-18,7.06,18.87,-1.97,60.52,0.0,3.54,60.14,-15.77948,-70.91799,4470
Crucero_Alto,2015-02-19,5.45,18.0,-5.98,52.08,0.0,3.01,60.07,-15.77948,-70.91799,4470
Crucero_Alto,2015-02-20,6.8,17.97,-2.68,61.5,0.03,1.44,60.04,-15.77948,-70.91799,4470
Crucero_Alto,2015-02-21,5.71,14.85,1.39,71.68,1.67,1.78,60.11,-15.77948,-70.91799,4470
Crucero_Alto,2015-02-22,7.74,16.07,1.28,67.02,0.73,2.81,60.17,-15.77948,-70.91799,4470
Crucero_Alto,2015-02-23,7.24,14.4,1.61,71.7,0.22,4.07,60.23,-15.77948,-70.91799,4470
Crucero_Alto,2015-02-24,7.94,16.09,2.05,66.38,0.01,4.07,60.22,-15.77948,-70.91799,4470
Crucero_Alto,2015-02-25,8.5,17.46,1.63,63.18,0.0,2.54,60.18,-15.77948,-70.91799,4470
Crucero_Alto,2015-02-26,8.98,17.12,3.23,64.56,0.01,2.25,60.14,-15.77948,-70.91799,4470
Crucero_Alto,2015-02-27,6.15,14.1,1.93,76.11,6.38,1.57,60.21,-15.77948,-70.91799,4470
Crucero_Alto,2015-02-28,5.77,13.77,0.49,76.17,3.04,2.37,60.22,-15.77948,-70.91799,4470
Crucero_Alto,2015-03-01,7.63,14.83,1.16,70.36,2.74,1.94,60.22,-15.77948,-70.91799,4470
Crucero_Alto,2015-03-02,8.16,15.33,3.66,69.48,2.37,1.5,60.15,-15.77948,-70.91799,4470
Crucero_Alto,2015-03-03,7.75,13.78,3.15,73.02,6.94,1.75,60.1,-15.77948,-70.91799,4470
Crucero_Alto,2015-03-04,7.48,14.8,3.92,75.84,13.64,2.41,60.11,-15.77948,-70.91799,4470
Crucero_Alto,2015-03-05,6.76,13.49,1.49,77.4,4.54,2.81,60.13,-15.77948,-70.91799,4470
Crucero_Alto,2015-03-06,7.79,14.07,3.53,77.56,9.46,2.11,60.15,-15.77948,-70.91799,4470
Crucero_Alto,2015-03-07,8.31,15.22,3.11,74.67,3.1,3.28,60.17,-15.77948,-70.91799,4470
Crucero_Alto,2015-03-08,7.7,13.79,3.7,77.11,0.27,3.1,60.19,-15.77948,-70.91799,4470
Crucero_Alto,2015-03-09,8.52,16.82,1.89,68.96,0.32,2.82,60.22,-15.77948,-70.91799,4470
Crucero_Alto,2015-03-10,8.62,15.6,3.66,71.85,0.29,3.59,60.27,-15.77948,-70.91799,4470
Crucero_Alto,2015-03-11,8.2,15.89,1.59,67.83,0.0,1.61,60.3,-15.77948,-70.91799,4470
Crucero_Alto,2015-03-12,8.2,15.28,2.99,70.93,0.0,1.68,60.24,-15.77948,-70.91799,4470
Crucero_Alto,2015-03-13,8.48,16.08,3.69,69.72,1.02,1.11,60.13,-15.77948,-70.91799,4470
Crucero_Alto,2015-03-14,8.45,15.95,3.06,67.96,0.85,2.05,60.14,-15.77948,-70.91799,4470
Crucero_Alto,2015-03-15,6.75,12.79,0.94,73.7,0.26,3.6,60.23,-15.77948,-70.91799,4470
Crucero_Alto,2015-03-16,7.4,15.74,-0.35,66.74,0.02,2.43,60.28,-15.77948,-70.91799,4470
Crucero_Alto,2015-03-17,7.65,14.37,2.04,72.28,0.21,1.84,60.23,-15.77948,-70.91799,4470
Crucero_Alto,2015-03-18,6.77,13.06,2.09,72.45,1.03,2.96,60.23,-15.77948,-70.91799,4470
Crucero_Alto,2015-03-19,7.57,15.16,1.55,70.73,1.12,2.27,60.23,-15.77948,-70.91799,4470
Crucero_Alto,2015-03-20,7.68,15.38,2.6,70.05,2.05,2.37,60.26,-15.77948,-70.91799,4470
Crucero_Alto,2015-03-21,6.08,11.24,2.94,78.3,5.15,2.61,60.3,-15.77948,-70.91799,4470
Crucero_Alto,2015-03-22,6.54,14.55,1.2,71.83,1.0,2.36,60.3,-15.77948,-70.91799,4470
Crucero_Alto,2015-03-23,5.84,14.57,-1.91,61.67,0.99,2.63,60.33,-15.77948,-70.91799,4470
Crucero_Alto,2015-03-24,5.17,15.86,-3.29,67.74,1.94,1.72,60.26,-15.77948,-70.91799,4470
Crucero_Alto,2015-03-25,4.55,12.61,-0.07,77.91,7.62,1.93,60.23,-15.77948,-70.91799,4470
Crucero_Alto,2015-03-26,4.05,11.79,-1.38,76.17,18.66,2.17,60.21,-15.77948,-70.91799,4470
Crucero_Alto,2015-03-27,4.75,14.17,-2.98,65.25,0.5,1.67,60.28,-15.77948,-70.91799,4470
Crucero_Alto,2015-03-28,4.82,15.42,-2.88,60.86,0.02,2.28,60.44,-15.77948,-70.91799,4470
Crucero_Alto,2015-03-29,5.51,17.45,-2.96,54.51,0.04,1.72,60.39,-15.77948,-70.91799,4470
Crucero_Alto,2015-03-30,6.24,15.98,-1.97,56.54,0.07,1.26,60.29,-15.77948,-70.91799,4470
Crucero_Alto,2015-03-31,6.36,14.9,0.76,65.95,0.0,1.53,60.23,-15.77948,-70.91799,4470
Crucero_Alto,2015-04-01,7.12,16.21,0.53,66.97,0.08,1.05,60.26,-15.77948,-70.91799,4470
Crucero_Alto,2015-04-02,7.81,17.04,1.33,61.48,6.08,1.48,60.3,-15.77948,-70.91799,4470
Crucero_Alto,2015-04-03,7.35,17.54,-0.08,59.28,6.64,1.79,60.23,-15.77948,-70.91799,4470
Crucero_Alto,2015-04-04,7.19,14.8,0.53,65.23,0.0,1.45,60.12,-15.77948,-70.91799,4470
Crucero_Alto,2015-04-05,7.72,16.02,2.36,63.66,0.0,2.56,60.16,-15.77948,-70.91799,4470
Crucero_Alto,2015-04-06,5.34,10.06,2.15,76.44,0.0,3.04,60.27,-15.77948,-70.91799,4470
Crucero_Alto,2015-04-07,4.99,10.79,1.53,79.12,0.54,1.83,60.24,-15.77948,-70.91799,4470
Crucero_Alto,2015-04-08,3.99,9.64,1.0,83.77,11.1,1.8,60.17,-15.77948,-70.91799,4470
Crucero_Alto,2015-04-09,4.14,10.42,-0.15,78.9,6.93,1.72,60.2,-15.77948,-70.91799,4470
Crucero_Alto,2015-04-10,4.57,11.42,0.21,80.42,3.76,2.29,60.26,-15.77948,-70.91799,4470
Crucero_Alto,2015-04-11,4.14,11.69,0.05,80.27,5.34,0.71,60.29,-15.77948,-70.91799,4470
Crucero_Alto,2015-04-12,4.96,12.41,-0.46,78.31,1.05,1.95,60.28,-15.77948,-70.91799,4470
Crucero_Alto,2015-04-13,5.6,14.52,0.35,72.26,2.19,1.63,60.35,-15.77948,-70.91799,4470
Crucero_Alto,2015-04-14,6.53,15.36,0.35,61.49,0.38,1.54,60.33,-15.77948,-70.91799,4470
Crucero_Alto,2015-04-15,4.78,13.25,-0.53,68.55,1.03,1.93,60.29,-15.77948,-70.91799,4470
Crucero_Alto,2015-04-16,4.54,13.32,-1.67,62.53,1.15,2.23,60.3,-15.77948,-70.91799,4470
Crucero_Alto,2015-04-17,4.88,13.01,-2.11,63.05,0.01,0.95,60.23,-15.77948,-70.91799,4470
Crucero_Alto,2015-04-18,4.9,12.78,-0.99,72.46,0.11,1.68,60.19,-15.77948,-70.91799,4470
Crucero_Alto,2015-04-19,4.45,11.57,-1.04,78.46,2.56,1.34,60.17,-15.77948,-70.91799,4470
Crucero_Alto,2015-04-20,4.82,12.43,-1.28,77.52,10.37,1.46,60.19,-15.77948,-70.91799,4470
Crucero_Alto,2015-04-21,4.84,12.25,0.61,79.64,4.49,1.65,60.23,-15.77948,-70.91799,4470
Crucero_Alto,2015-04-22,5.22,13.37,0.04,78.11,0.26,1.33,60.24,-15.77948,-70.91799,4470
Crucero_Alto,2015-04-23,5.16,13.27,0.55,77.83,0.23,1.47,60.28,-15.77948,-70.91799,4470
Crucero_Alto,2015-04-24,5.44,12.13,0.66,79.73,2.73,1.63,60.37,-15.77948,-70.91799,4470
Crucero_Alto,2015-04-25,6.34,13.06,2.06,76.67,0.85,2.71,60.4,-15.77948,-70.91799,4470
Crucero_Alto,2015-04-26,6.48,13.94,1.33,74.57,0.06,1.33,60.37,-15.77948,-70.91799,4470
Crucero_Alto,2015-04-27,7.25,13.66,2.73,70.47,0.1,1.48,60.31,-15.77948,-70.91799,4470
Crucero_Alto,2015-04-28,6.14,10.72,2.31,79.59,0.71,1.22,60.26,-15.77948,-70.91799,4470
Crucero_Alto,2015-04-29,6.3,13.72,1.34,74.93,0.09,1.62,60.27,-15.77948,-70.91799,4470
Crucero_Alto,2015-04-30,5.4,12.65,1.44,78.04,0.0,1.81,60.27,-15.77948,-70.91799,4470
Crucero_Alto,2015-05-01,5.59,15.24,-1.68,68.43,0.0,2.18,60.24,-15.77948,-70.91799,4470
Crucero_Alto,2015-05-02,3.32,14.79,-4.47,66.2,0.01,2.77,60.14,-15.77948,-70.91799,4470
Crucero_Alto,2015-05-03,2.14,13.92,-6.4,56.97,0.0,2.73,60.17,-15.77948,-70.91799,4470
Crucero_Alto,2015-05-04,3.8,15.31,-3.72,42.08,0.0,1.95,60.24,-15.77948,-70.91799,4470
Crucero_Alto,2015-05-05,4.22,15.49,-3.68,44.42,0.0,1.53,60.29,-15.77948,-70.91799,4470
Crucero_Alto,2015-05-06,5.6,14.05,-1.86,53.14,0.0,1.24,60.27,-15.77948,-70.91799,4470
Crucero_Alto,2015-05-07,4.95,12.47,-1.24,71.31,0.69,1.79,60.25,-15.77948,-70.91799,4470
Crucero_Alto,2015-05-08,4.57,13.62,-0.8,74.36,0.03,1.67,60.3,-15.77948,-70.91799,4470
Crucero_Alto,2015-05-09,4.74,14.33,-1.13,61.52,0.0,1.73,60.33,-15.77948,-70.91799,4470
Crucero_Alto,2015-05-10,5.23,15.43,-2.4,49.71,0.0,1.33,60.29,-15.77948,-70.91799,4470
Crucero_Alto,2015-05-11,5.36,12.93,-0.07,67.24,0.74,1.04,60.32,-15.77948,-70.91799,4470
Crucero_Alto,2015-05-12,4.89,14.55,-1.55,60.56,0.01,1.75,60.25,-15.77948,-70.91799,4470
Crucero_Alto,2015-05-13,3.17,13.61,-3.93,66.28,0.0,2.34,60.24,-15.77948,-70.91799,4470
Crucero_Alto,2015-05-14,2.23,12.95,-4.62,63.9,0.0,2.78,60.22,-15.77948,-70.91799,4470
Crucero_Alto,2015-05-15,1.94,9.66,-4.77,52.72,0.0,2.04,60.2,-15.77948,-70.91799,4470
Crucero_Alto,2015-05-16,1.23,6.07,-1.94,67.01,0.0,1.13,60.34,-15.77948,-70.91799,4470
Crucero_Alto,2015-05-17,3.88,13.08,-3.46,68.87,0.0,1.98,60.35,-15.77948,-70.91799,4470
Crucero_Alto,2015-05-18,4.2,14.89,-3.35,67.5,0.0,2.14,60.41,-15.77948,-70.91799,4470
Crucero_Alto,2015-05-19,4.76,13.51,-2.03,61.0,0.0,0.89,60.4,-15.77948,-70.91799,4470
Crucero_Alto,2015-05-20,4.19,13.92,-3.0,46.57,0.0,1.27,60.34,-15.77948,-70.91799,4470
Crucero_Alto,2015-05-21,2.27,13.15,-4.61,33.77,0.0,2.17,60.37,-15.77948,-70.91799,4470
Crucero_Alto,2015-05-22,2.67,14.18,-5.12,38.36,0.0,1.62,60.35,-15.77948,-70.91799,4470
Crucero_Alto,2015-05-23,2.14,13.19,-5.11,37.66,0.0,2.83,60.35,-15.77948,-70.91799,4470
Crucero_Alto,2015-05-24,4.53,14.61,-3.69,29.33,0.0,1.03,60.27,-15.77948,-70.91799,4470
Crucero_Alto,2015-05-25,2.7,9.74,-0.91,66.99,0.0,1.65,60.28,-15.77948,-70.91799,4470
Crucero_Alto,2015-05-26,3.06,11.73,-3.03,71.69,0.15,2.07,60.27,-15.77948,-70.91799,4470
Crucero_Alto,2015-05-27,2.48,13.84,-4.96,60.65,0.0,2.4,60.27,-15.77948,-70.91799,4470
Crucero_Alto,2015-05-28,4.03,14.42,-2.65,47.01,0.02,1.68,60.26,-15.77948,-70.91799,4470
Crucero_Alto,2015-05-29,2.45,13.61,-4.76,48.77,0.0,2.62,60.21,-15.77948,-70.91799,4470
Crucero_Alto,2015-05-30,3.6,13.67,-4.89,45.65,0.0,1.95,60.17,-15.77948,-70.91799,4470
Crucero_Alto,2015-05-31,4.4,13.9,-2.24,47.19,0.01,1.62,60.27,-15.77948,-70.91799,4470
Crucero_Alto,2015-06-01,4.43,14.69,-2.68,36.64,0.0,1.57,60.34,-15.77948,-70.91799,4470
Crucero_Alto,2015-06-02,5.07,14.15,-2.03,35.5,0.0,1.32,60.34,-15.77948,-70.91799,4470
Crucero_Alto,2015-06-03,4.81,12.43,-1.73,34.44,0.0,0.85,60.36,-15.77948,-70.91799,4470
Crucero_Alto,2015-06-04,4.49,12.79,-0.53,70.05,0.0,1.63,60.47,-15.77948,-70.91799,4470
Crucero_Alto,2015-06-05,4.97,13.35,0.18,63.56,0.0,2.06,60.47,-15.77948,-70.91799,4470
Crucero_Alto,2015-06-06,4.83,13.48,-1.1,52.65,0.0,1.95,60.37,-15.77948,-70.91799,4470
Crucero_Alto,2015-06-07,4.11,12.97,-1.79,42.13,0.0,2.08,60.36,-15.77948,-70.91799,4470
Crucero_Alto,2015-06-08,3.66,12.7,-3.2,45.04,0.0,1.3,60.31,-15.77948,-70.91799,4470
Crucero_Alto,2015-06-09,3.75,14.12,-2.87,44.89,0.0,1.42,60.24,-15.77948,-70.91799,4470
Crucero_Alto,2015-06-10,3.58,14.34,-3.36,47.74,0.0,1.54,60.29,-15.77948,-70.91799,4470
Crucero_Alto,2015-06-11,3.93,14.11,-3.29,34.5,0.0,1.41,60.35,-15.77948,-70.91799,4470
Crucero_Alto,2015-06-12,3.53,13.8,-3.82,36.94,0.0,1.65,60.36,-15.77948,-70.91799,4470
Crucero_Alto,2015-06-13,1.88,13.15,-5.5,35.93,0.0,2.21,60.28,-15.77948,-70.91799,4470
Crucero_Alto,2015-06-14,4.61,14.59,-3.24,26.84,0.0,1.13,60.21,-15.77948,-70.91799,4470
Crucero_Alto,2015-06-15,4.21,11.87,-1.54,68.87,0.0,2.25,60.28,-15.77948,-70.91799,4470
Crucero_Alto,2015-06-16,4.1,13.2,-2.69,68.17,0.0,1.98,60.27,-15.77948,-70.91799,4470
Crucero_Alto,2015-06-17,3.61,13.08,-3.71,54.44,0.0,1.93,60.3,-15.77948,-70.91799,4470
Crucero_Alto,2015-06-18,4.45,14.54,-2.14,55.55,0.0,1.27,60.3,-15.77948,-70.91799,4470
Crucero_Alto,2015-06-19,4.96,13.95,-1.98,56.19,0.0,0.98,60.33,-15.77948,-70.91799,4470
Crucero_Alto,2015-06-20,4.45,13.81,-2.35,45.51,0.0,1.02,60.34,-15.77948,-70.91799,4470
Crucero_Alto,2015-06-21,3.72,12.5,-2.31,45.2,0.0,1.58,60.37,-15.77948,-70.91799,4470
Crucero_Alto,2015-06-22,4.67,14.12,-4.09,54.42,0.0,0.9,60.33,-15.77948,-70.91799,4470
Crucero_Alto,2015-06-23,5.35,14.5,-2.16,59.42,0.0,1.24,60.37,-15.77948,-70.91799,4470
Crucero_Alto,2015-06-24,5.71,12.67,0.41,67.99,0.0,1.16,60.43,-15.77948,-70.91799,4470
Crucero_Alto,2015-06-25,6.13,14.15,-0.8,59.94,0.0,0.77,60.41,-15.77948,-70.91799,4470
Crucero_Alto,2015-06-26,5.48,14.14,-0.96,63.38,0.0,1.56,60.43,-15.77948,-70.91799,4470
Crucero_Alto,2015-06-27,6.1,14.51,-0.89,57.93,0.0,1.07,60.42,-15.77948,-70.91799,4470
Crucero_Alto,2015-06-28,4.32,14.21,-3.09,42.98,0.0,1.11,60.34,-15.77948,-70.91799,4470
Crucero_Alto,2015-06-29,1.6,11.54,-5.5,30.95,0.0,2.9,60.35,-15.77948,-70.91799,4470
Crucero_Alto,2015-06-30,2.25,13.18,-5.31,34.14,0.0,1.72,60.32,-15.77948,-70.91799,4470
Crucero_Alto,2015-07-01,3.17,13.51,-2.98,37.76,0.02,1.95,60.29,-15.77948,-70.91799,4470
Crucero_Alto,2015-07-02,2.8,12.78,-4.11,37.49,0.0,1.85,60.22,-15.77948,-70.91799,4470
Crucero_Alto,2015-07-03,1.65,9.96,-3.52,58.94,0.29,1.8,60.13,-15.77948,-70.91799,4470
Crucero_Alto,2015-07-04,0.63,7.67,-5.39,69.62,1.2,3.12,60.12,-15.77948,-70.91799,4470
Crucero_Alto,2015-07-05,-1.08,5.92,-5.65,46.13,0.0,2.84,60.17,-15.77948,-70.91799,4470
Crucero_Alto,2015-07-06,-1.96,6.59,-7.39,49.75,0.03,3.99,60.14,-15.77948,-70.91799,4470
Crucero_Alto,2015-07-07,-1.38,7.72,-7.15,38.19,0.0,4.1,60.17,-15.77948,-70.91799,4470
Crucero_Alto,2015-07-08,0.86,10.66,-5.98,31.53,0.0,1.71,60.22,-15.77948,-70.91799,4470
Crucero_Alto,2015-07-09,1.88,12.24,-4.01,21.75,0.0,1.51,60.28,-15.77948,-70.91799,4470
Crucero_Alto,2015-07-10,3.8,12.55,-3.73,15.49,0.0,1.27,60.33,-15.77948,-70.91799,4470
Crucero_Alto,2015-07-11,4.3,13.06,-2.0,15.47,0.0,1.34,60.36,-15.77948,-70.91799,4470
Crucero_Alto,2015-07-12,1.73,12.0,-4.91,25.11,0.0,2.4,60.32,-15.77948,-70.91799,4470
Crucero_Alto,2015-07-13,0.24,10.61,-5.84,31.52,0.0,3.38,60.14,-15.77948,-70.91799,4470
Crucero_Alto,2015-07-14,0.64,11.65,-5.55,44.22,0.0,3.31,60.08,-15.77948,-70.91799,4470
Crucero_Alto,2015-07-15,-0.35,6.48,-5.43,50.15,0.0,1.98,60.25,-15.77948,-70.91799,4470
Crucero_Alto,2015-07-16,0.51,10.53,-5.45,42.39,0.0,3.52,60.31,-15.77948,-70.91799,4470
Crucero_Alto,2015-07-17,1.71,12.12,-4.88,34.24,0.0,2.37,60.38,-15.77948,-70.91799,4470
Crucero_Alto,2015-07-18,1.85,12.82,-4.5,36.83,0.0,2.36,60.36,-15.77948,-70.91799,4470
Crucero_Alto,2015-07-19,1.4,12.5,-5.54,32.75,0.0,2.52,60.4,-15.77948,-70.91799,4470
Crucero_Alto,2015-07-20,3.14,13.5,-5.61,23.06,0.0,1.5,60.35,-15.77948,-70.91799,4470
Crucero_Alto,2015-07-21,3.18,10.74,-3.5,65.24,0.0,1.78,60.3,-15.77948,-70.91799,4470
Crucero_Alto,2015-07-22,4.07,14.54,-2.8,66.74,0.0,2.38,60.32,-15.77948,-70.91799,4470
Crucero_Alto,2015-07-23,4.06,12.75,-3.07,62.43,0.0,1.96,60.38,-15.77948,-70.91799,4470
Crucero_Alto,2015-07-24,4.78,14.01,-1.55,52.33,0.0,1.71,60.41,-15.77948,-70.91799,4470
Crucero_Alto,2015-07-25,5.19,15.0,-2.76,42.93,0.0,1.57,60.34,-15.77948,-70.91799,4470
Crucero_Alto,2015-07-26,5.25,14.74,-2.29,35.28,0.0,1.58,60.3,-15.77948,-70.91799,4470
Crucero_Alto,2015-07-27,4.95,14.95,-2.29,31.85,0.0,1.61,60.3,-15.77948,-70.91799,4470
Crucero_Alto,2015-07-28,5.39,14.39,-0.82,39.26,0.0,1.71,60.29,-15.77948,-70.91799,4470
Crucero_Alto,2015-07-29,4.8,13.9,-2.23,57.04,0.0,1.68,60.35,-15.77948,-70.91799,4470
Crucero_Alto,2015-07-30,4.3,14.2,-2.24,46.73,0.0,1.2,60.38,-15.77948,-70.91799,4470
Crucero_Alto,2015-07-31,4.53,13.87,-2.85,30.69,0.0,1.66,60.33,-15.77948,-70.91799,4470
Crucero_Alto,2015-08-01,5.07,14.4,-1.28,39.72,0.0,1.19,60.27,-15.77948,-70.91799,4470
Crucero_Alto,2015-08-02,4.42,14.45,-3.19,28.21,0.0,1.8,60.26,-15.77948,-70.91799,4470
Crucero_Alto,2015-08-03,5.65,15.13,-2.43,32.15,0.0,1.1,60.26,-15.77948,-70.91799,4470
Crucero_Alto,2015-08-04,5.11,14.93,-2.21,31.82,0.0,1.91,60.34,-15.77948,-70.91799,4470
Crucero_Alto,2015-08-05,3.9,14.25,-2.67,26.11,0.0,2.22,60.39,-15.77948,-70.91799,4470
Crucero_Alto,2015-08-06,5.24,15.37,-2.11,27.82,0.0,1.65,60.3,-15.77948,-70.91799,4470
Crucero_Alto,2015-08-07,5.69,15.62,-2.03,34.48,0.0,0.99,60.21,-15.77948,-70.91799,4470
Crucero_Alto,2015-08-08,5.87,16.23,-1.97,40.82,0.05,2.23,60.08,-15.77948,-70.91799,4470
Crucero_Alto,2015-08-09,1.17,9.79,-6.34,42.21,0.02,4.83,60.05,-15.77948,-70.91799,4470
Crucero_Alto,2015-08-10,2.34,11.31,-6.5,32.66,0.0,1.96,60.05,-15.77948,-70.91799,4470
Crucero_Alto,2015-08-11,1.47,7.61,-2.58,77.4,0.1,2.48,60.1,-15.77948,-70.91799,4470
Crucero_Alto,2015-08-12,2.24,6.87,-2.26,62.74,0.23,1.88,60.19,-15.77948,-70.91799,4470
Crucero_Alto,2015-08-13,0.02,5.1,-3.31,69.59,0.31,1.44,60.21,-15.77948,-70.91799,4470
Crucero_Alto,2015-08-14,1.51,11.79,-5.05,49.86,0.1,2.97,60.31,-15.77948,-70.91799,4470
Crucero_Alto,2015-08-15,3.15,14.04,-5.22,28.32,0.01,1.82,60.28,-15.77948,-70.91799,4470
Crucero_Alto,2015-08-16,3.77,13.28,-3.31,54.72,0.02,2.78,60.25,-15.77948,-70.91799,4470
Crucero_Alto,2015-08-17,2.52,11.61,-4.21,71.24,0.0,3.11,60.31,-15.77948,-70.91799,4470
Crucero_Alto,2015-08-18,1.52,7.1,-2.74,78.63,0.0,1.61,60.36,-15.77948,-70.91799,4470
Crucero_Alto,2015-08-19,4.12,14.59,-4.1,64.33,0.0,3.54,60.29,-15.77948,-70.91799,4470
Crucero_Alto,2015-08-20,4.09,12.64,-3.84,60.53,0.0,1.35,60.32,-15.77948,-70.91799,4470
Crucero_Alto,2015-08-21,4.86,13.2,-1.08,61.03,0.0,2.05,60.25,-15.77948,-70.91799,4470
Crucero_Alto,2015-08-22,4.05,13.31,-3.87,63.2,0.0,2.47,60.28,-15.77948,-70.91799,4470
Crucero_Alto,2015-08-23,4.32,10.99,-0.61,61.0,1.22,1.7,60.28,-15.77948,-70.91799,4470
Crucero_Alto,2015-08-24,4.46,14.52,-2.57,53.76,0.27,2.49,60.26,-15.77948,-70.91799,4470
Crucero_Alto,2015-08-25,4.47,15.22,-3.37,41.97,0.0,1.42,60.25,-15.77948,-70.91799,4470
Crucero_Alto,2015-08-26,3.79,15.62,-4.33,31.06,0.0,2.29,60.27,-15.77948,-70.91799,4470
Crucero_Alto,2015-08-27,4.26,15.41,-4.22,37.72,0.0,1.96,60.33,-15.77948,-70.91799,4470
Crucero_Alto,2015-08-28,4.01,13.48,-3.35,58.62,0.0,3.0,60.41,-15.77948,-70.91799,4470
Crucero_Alto,2015-08-29,3.57,13.56,-4.03,41.01,0.0,3.09,60.42,-15.77948,-70.91799,4470
Crucero_Alto,2015-08-30,3.69,13.59,-3.74,48.96,0.0,2.78,60.41,-15.77948,-70.91799,4470
Crucero_Alto,2015-08-31,2.91,13.16,-4.98,49.62,0.0,2.71,60.4,-15.77948,-70.91799,4470
Crucero_Alto,2015-09-01,3.83,13.27,-4.75,64.38,0.0,2.7,60.42,-15.77948,-70.91799,4470
Crucero_Alto,2015-09-02,4.48,12.62,-1.56,73.68,9.4,1.68,60.39,-15.77948,-70.91799,4470
Crucero_Alto,2015-09-03,4.34,12.17,-0.05,74.82,9.08,1.81,60.29,-15.77948,-70.91799,4470
Crucero_Alto,2015-09-04,4.93,13.63,-2.63,71.94,4.03,1.32,60.27,-15.77948,-70.91799,4470
Crucero_Alto,2015-09-05,3.61,10.75,-1.95,72.66,3.65,2.44,60.3,-15.77948,-70.91799,4470
Crucero_Alto,2015-09-06,3.07,13.92,-4.88,61.43,0.02,2.97,60.29,-15.77948,-70.91799,4470
Crucero_Alto,2015-09-07,2.29,14.42,-6.31,48.93,0.0,3.5,60.2,-15.77948,-70.91799,4470
Crucero_Alto,2015-09-08,2.17,13.89,-6.78,25.69,0.0,3.37,60.17,-15.77948,-70.91799,4470
Crucero_Alto,2015-09-09,3.14,15.09,-5.84,26.94,0.0,3.01,60.16,-15.77948,-70.91799,4470
Crucero_Alto,2015-09-10,3.6,15.62,-5.07,23.98,0.0,3.14,60.2,-15.77948,-70.91799,4470
Crucero_Alto,2015-09-11,4.75,17.17,-3.02,23.21,0.0,2.41,60.3,-15.77948,-70.91799,4470
Crucero_Alto,2015-09-12,3.68,14.86,-4.5,28.17,0.0,2.99,60.36,-15.77948,-70.91799,4470
Crucero_Alto,2015-09-13,4.72,16.31,-4.82,24.32,0.0,2.45,60.34,-15.77948,-70.91799,4470
Crucero_Alto,2015-09-14,5.47,16.83,-3.02,24.97,0.0,2.31,60.33,-15.77948,-70.91799,4470
Crucero_Alto,2015-09-15,5.9,16.99,-2.76,30.94,0.02,1.36,60.39,-15.77948,-70.91799,4470
Crucero_Alto,2015-09-16,6.69,17.41,-2.75,34.84,0.03,1.12,60.29,-15.77948,-70.91799,4470
Crucero_Alto,2015-09-17,6.78,16.76,-1.66,37.1,0.07,1.74,60.24,-15.77948,-70.91799,4470
Crucero_Alto,2015-09-18,5.31,13.77,-0.56,56.79,5.62,1.2,60.3,-15.77948,-70.91799,4470
Crucero_Alto,2015-09-19,4.89,12.75,0.57,71.79,1.53,1.21,60.31,-15.77948,-70.91799,4470
Crucero_Alto,2015-09-20,6.35,16.68,-1.0,58.03,0.01,1.8,60.31,-15.77948,-70.91799,4470
Crucero_Alto,2015-09-21,6.67,15.4,-2.03,50.12,0.0,1.37,60.23,-15.77948,-70.91799,4470
Crucero_Alto,2015-09-22,8.07,15.52,2.59,58.56,0.08,0.86,60.17,-15.77948,-70.91799,4470
Crucero_Alto,2015-09-23,6.78,16.71,0.1,45.87,0.44,2.24,60.18,-15.77948,-70.91799,4470
Crucero_Alto,2015-09-24,7.77,17.44,-0.54,46.51,0.03,1.3,60.2,-15.77948,-70.91799,4470
Crucero_Alto,2015-09-25,7.08,17.41,-0.26,49.62,0.29,2.17,60.21,-15.77948,-70.91799,4470
Crucero_Alto,2015-09-26,5.42,15.08,-1.58,40.95,0.01,2.58,60.28,-15.77948,-70.91799,4470
Crucero_Alto,2015-09-27,4.73,15.81,-5.43,26.01,0.0,2.59,60.22,-15.77948,-70.91799,4470
Crucero_Alto,2015-09-28,5.66,17.53,-3.02,36.58,0.0,2.36,60.13,-15.77948,-70.91799,4470
Crucero_Alto,2015-09-29,4.54,16.64,-5.34,28.6,0.0,2.58,60.03,-15.77948,-70.91799,4470
Crucero_Alto,2015-09-30,3.46,13.83,-5.42,32.18,0.0,2.48,60.07,-15.77948,-70.91799,4470
Crucero_Alto,2015-10-01,5.22,13.81,-2.99,35.94,0.0,1.3,60.13,-15.77948,-70.91799,4470
Crucero_Alto,2015-10-02,4.59,12.14,-0.19,55.36,5.28,2.13,60.13,-15.77948,-70.91799,4470
Crucero_Alto,2015-10-03,3.47,9.49,-1.12,67.43,0.89,1.6,60.22,-15.77948,-70.91799,4470
Crucero_Alto,2015-10-04,6.99,17.2,-2.17,53.5,0.0,1.34,60.33,-15.77948,-70.91799,4470
Crucero_Alto,2015-10-05,8.25,18.51,-1.13,41.92,0.0,1.53,60.38,-15.77948,-70.91799,4470
Crucero_Alto,2015-10-06,8.58,17.12,1.57,57.12,0.0,1.84,60.32,-15.77948,-70.91799,4470
Crucero_Alto,2015-10-07,8.34,17.84,0.91,44.62,0.04,1.17,60.25,-15.77948,-70.91799,4470
Crucero_Alto,2015-10-08,6.82,17.72,-3.03,36.85,0.01,3.02,60.22,-15.77948,-70.91799,4470
Crucero_Alto,2015-10-09,4.77,16.67,-4.92,24.33,0.0,3.06,60.26,-15.77948,-70.91799,4470
Crucero_Alto,2015-10-10,4.96,17.31,-4.58,21.14,0.0,2.86,60.29,-15.77948,-70.91799,4470
Crucero_Alto,2015-10-11,5.19,17.99,-5.66,19.74,0.0,3.14,60.19,-15.77948,-70.91799,4470
Crucero_Alto,2015-10-12,5.21,18.32,-4.37,23.01,0.0,2.92,60.23,-15.77948,-70.91799,4470
Crucero_Alto,2015-10-13,4.84,18.12,-6.88,24.47,0.0,2.66,60.25,-15.77948,-70.91799,4470
Crucero_Alto,2015-10-14,5.38,17.37,-4.54,26.78,0.0,3.16,60.26,-15.77948,-70.91799,4470
Crucero_Alto,2015-10-15,7.73,18.06,-1.2,37.02,0.0,1.53,60.19,-15.77948,-70.91799,4470
Crucero_Alto,2015-10-16,6.46,12.54,1.71,63.43,0.0,2.29,60.28,-15.77948,-70.91799,4470
Crucero_Alto,2015-10-17,7.84,17.32,-0.57,61.59,0.0,4.55,60.31,-15.77948,-70.91799,4470
Crucero_Alto,2015-10-18,8.03,17.29,-0.73,51.92,0.0,4.19,60.37,-15.77948,-70.91799,4470
Crucero_Alto,2015-10-19,6.43,16.49,1.11,64.8,0.0,2.06,60.35,-15.77948,-70.91799,4470
Crucero_Alto,2015-10-20,6.58,15.27,0.48,61.27,0.51,1.23,60.34,-15.77948,-70.91799,4470
Crucero_Alto,2015-10-21,8.57,18.94,-0.37,50.12,0.02,1.8,60.31,-15.77948,-70.91799,4470
Crucero_Alto,2015-10-22,6.59,12.79,1.28,56.1,0.13,2.36,60.31,-15.77948,-70.91799,4470
Crucero_Alto,2015-10-23,6.88,15.96,0.39,67.39,0.02,3.19,60.28,-15.77948,-70.91799,4470
Crucero_Alto,2015-10-24,6.3,14.78,0.12,67.21,2.35,1.63,60.33,-15.77948,-70.91799,4470
Crucero_Alto,2015-10-25,5.42,13.85,1.11,70.47,9.27,1.86,60.36,-15.77948,-70.91799,4470
Crucero_Alto,2015-10-26,4.8,13.61,0.46,71.42,3.57,2.25,60.35,-15.77948,-70.91799,4470
Crucero_Alto,2015-10-27,6.23,14.1,0.4,61.88,0.09,1.76,60.34,-15.77948,-70.91799,4470
Crucero_Alto,2015-10-28,6.96,17.19,-1.91,57.14,9.62,2.4,60.29,-15.77948,-70.91799,4470
Crucero_Alto,2015-10-29,5.37,12.48,-0.28,67.2,2.98,2.1,60.28,-15.77948,-70.91799,4470
Crucero_Alto,2015-10-30,6.69,18.46,-2.71,45.11,0.24,2.28,60.18,-15.77948,-70.91799,4470
Crucero_Alto,2015-10-31,6.89,18.54,-2.03,40.33,0.33,2.34,60.13,-15.77948,-70.91799,4470
Crucero_Alto,2015-11-01,4.93,13.9,-1.77,38.98,0.02,3.06,60.06,-15.77948,-70.91799,4470
Crucero_Alto,2015-11-02,4.87,16.79,-3.34,46.54,0.39,3.26,59.97,-15.77948,-70.91799,4470
Crucero_Alto,2015-11-03,5.16,15.68,-2.39,55.09,0.03,3.58,60.05,-15.77948,-70.91799,4470
Crucero_Alto,2015-11-04,5.23,17.59,-5.48,31.08,0.0,2.98,60.2,-15.77948,-70.91799,4470
Crucero_Alto,2015-11-05,7.78,18.38,-1.88,43.11,0.04,1.47,60.21,-15.77948,-70.91799,4470
Crucero_Alto,2015-11-06,8.49,17.71,0.53,48.2,0.0,1.51,60.21,-15.77948,-70.91799,4470
Crucero_Alto,2015-11-07,9.03,19.77,1.31,43.42,0.0,1.47,60.2,-15.77948,-70.91799,4470
Crucero_Alto,2015-11-08,8.45,19.66,-1.54,34.53,0.0,1.68,60.15,-15.77948,-70.91799,4470
Crucero_Alto,2015-11-09,7.31,14.62,-1.4,41.84,2.84,1.65,60.25,-15.77948,-70.91799,4470
Crucero_Alto,2015-11-10,6.42,15.42,1.61,63.66,4.67,2.06,60.28,-15.77948,-70.91799,4470
Crucero_Alto,2015-11-11,5.43,11.4,0.18,71.61,0.79,1.92,60.26,-15.77948,-70.91799,4470
Crucero_Alto,2015-11-12,5.76,14.46,0.98,71.27,3.06,2.19,60.21,-15.77948,-70.91799,4470
Crucero_Alto,2015-11-13,6.14,15.93,-0.25,68.32,2.01,1.73,60.19,-15.77948,-70.91799,4470
Crucero_Alto,2015-11-14,6.03,13.68,0.92,63.59,1.49,1.68,60.25,-15.77948,-70.91799,4470
Crucero_Alto,2015-11-15,6.77,14.31,0.46,54.85,3.23,1.16,60.23,-15.77948,-70.91799,4470
Crucero_Alto,2015-11-16,6.98,18.22,-2.23,43.72,0.04,2.6,60.11,-15.77948,-70.91799,4470
Crucero_Alto,2015-11-17,7.21,19.58,-2.49,33.17,0.0,2.18,60.09,-15.77948,-70.91799,4470
Crucero_Alto,2015-11-18,7.26,20.43,-2.39,33.19,0.0,2.63,60.11,-15.77948,-70.91799,4470
Crucero_Alto,2015-11-19,6.56,19.72,-5.29,27.66,0.0,2.98,60.19,-15.77948,-70.91799,4470
Crucero_Alto,2015-11-20,9.3,19.63,-1.3,34.76,0.0,1.84,60.09,-15.77948,-70.91799,4470
Crucero_Alto,2015-11-21,9.54,18.84,3.5,55.77,0.0,1.13,60.14,-15.77948,-70.91799,4470
Crucero_Alto,2015-11-22,11.14,21.38,3.25,39.72,0.0,1.62,60.23,-15.77948,-70.91799,4470
Crucero_Alto,2015-11-23,11.41,20.21,4.69,50.48,0.0,2.03,60.23,-15.77948,-70.91799,4470
Crucero_Alto,2015-11-24,11.19,19.84,2.98,49.41,0.0,1.99,60.16,-15.77948,-70.91799,4470
Crucero_Alto,2015-11-25,10.28,19.53,2.64,51.8,0.0,1.66,60.24,-15.77948,-70.91799,4470
Crucero_Alto,2015-11-26,10.22,19.72,2.4,53.16,0.0,1.95,60.29,-15.77948,-70.91799,4470
Crucero_Alto,2015-11-27,9.8,16.63,3.7,53.37,0.0,1.89,60.22,-15.77948,-70.91799,4470
Crucero_Alto,2015-11-28,9.66,20.06,0.93,40.2,0.08,1.8,60.14,-15.77948,-70.91799,4470
Crucero_Alto,2015-11-29,8.91,20.71,-0.49,37.89,0.05,2.09,60.1,-15.77948,-70.91799,4470
Crucero_Alto,2015-11-30,9.04,18.85,0.05,34.14,0.02,1.32,60.12,-15.77948,-70.91799,4470
Crucero_Alto,2015-12-01,7.99,16.68,2.64,51.79,0.0,1.55,60.19,-15.77948,-70.91799,4470
Crucero_Alto,2015-12-02,6.25,14.91,1.39,65.03,0.24,2.15,60.31,-15.77948,-70.91799,4470
Crucero_Alto,2015-12-03,8.55,19.24,0.34,37.16,0.0,3.24,60.31,-15.77948,-70.91799,4470
Crucero_Alto,2015-12-04,7.82,18.66,-0.84,44.46,15.38,1.8,60.31,-15.77948,-70.91799,4470
Crucero_Alto,2015-12-05,6.57,17.22,-1.46,40.5,0.78,2.38,60.28,-15.77948,-70.91799,4470
Crucero_Alto,2015-12-06,8.16,18.66,-1.84,37.78,0.0,1.33,60.18,-15.77948,-70.91799,4470
Crucero_Alto,2015-12-07,5.93,13.97,0.8,61.3,2.17,1.9,60.18,-15.77948,-70.91799,4470
Crucero_Alto,2015-12-08,6.96,13.82,-0.26,56.38,1.03,1.76,60.19,-15.77948,-70.91799,4470
Crucero_Alto,2015-12-09,8.01,18.96,-1.42,38.8,0.0,1.79,60.22,-15.77948,-70.91799,4470
Crucero_Alto,2015-12-10,8.59,18.41,-1.54,45.17,0.0,2.26,60.28,-15.77948,-70.91799,4470
Crucero_Alto,2015-12-11,9.72,20.05,1.96,38.4,0.21,2.49,60.29,-15.77948,-70.91799,4470
Crucero_Alto,2015-12-12,8.96,20.73,0.46,42.62,0.29,2.56,60.29,-15.77948,-70.91799,4470
Crucero_Alto,2015-12-13,8.21,19.74,-1.63,37.89,0.0,2.84,60.31,-15.77948,-70.91799,4470
Crucero_Alto,2015-12-14,8.96,19.72,-1.54,35.24,0.14,1.57,60.2,-15.77948,-70.91799,4470
Crucero_Alto,2015-12-15,10.67,18.64,4.52,48.84,0.18,2.16,60.19,-15.77948,-70.91799,4470
Crucero_Alto,2015-12-16,8.5,15.31,2.85,63.41,0.73,2.21,60.19,-15.77948,-70.91799,4470
Crucero_Alto,2015-12-17,9.41,18.54,1.7,53.99,3.19,1.98,60.13,-15.77948,-70.91799,4470
Crucero_Alto,2015-12-18,7.76,14.79,2.42,60.47,2.65,1.27,60.17,-15.77948,-70.91799,4470
Crucero_Alto,2015-12-19,7.57,12.62,3.18,67.2,0.21,2.62,60.22,-15.77948,-70.91799,4470
Crucero_Alto,2015-12-20,7.7,15.02,3.21,66.48,4.06,2.31,60.25,-15.77948,-70.91799,4470
Crucero_Alto,2015-12-21,6.95,14.69,1.42,64.43,7.6,2.09,60.14,-15.77948,-70.91799,4470
Crucero_Alto,2015-12-22,7.48,15.73,2.1,47.42,2.71,2.91,60.14,-15.77948,-70.91799,4470
Crucero_Alto,2015-12-23,5.96,14.06,-0.86,57.96,4.31,1.36,60.18,-15.77948,-70.91799,4470
Crucero_Alto,2015-12-24,6.21,12.88,1.96,63.97,4.21,1.88,60.3,-15.77948,-70.91799,4470
Crucero_Alto,2015-12-25,8.09,17.67,-0.88,57.14,9.07,1.74,60.3,-15.77948,-70.91799,4470
Crucero_Alto,2015-12-26,4.94,10.45,0.68,68.21,2.01,1.79,60.27,-15.77948,-70.91799,4470
Crucero_Alto,2015-12-27,7.78,17.55,-0.55,58.52,0.18,1.5,60.14,-15.77948,-70.91799,4470
Crucero_Alto,2015-12-28,8.67,19.44,0.71,44.62,0.75,2.18,60.18,-15.77948,-70.91799,4470
Crucero_Alto,2015-12-29,8.05,19.24,-2.46,41.84,0.14,1.48,60.34,-15.77948,-70.91799,4470
Crucero_Alto,2015-12-30,9.97,19.99,1.77,41.65,0.66,1.18,60.32,-15.77948,-70.91799,4470
Crucero_Alto,2015-12-31,8.34,19.39,-0.2,37.16,0.0,2.44,60.24,-15.77948,-70.91799,4470
Crucero_Alto,2016-01-01,7.14,18.05,-3.18,26.88,0.0,2.01,60.19,-15.77948,-70.91799,4470
Crucero_Alto,2016-01-02,6.32,12.53,0.6,44.73,0.0,1.3,60.23,-15.77948,-70.91799,4470
Crucero_Alto,2016-01-03,8.18,19.39,0.58,36.84,0.63,2.44,60.19,-15.77948,-70.91799,4470
Crucero_Alto,2016-01-04,8.19,19.62,-2.46,41.77,0.31,1.53,60.2,-15.77948,-70.91799,4470
Crucero_Alto,2016-01-05,8.77,18.23,-0.61,51.24,0.44,1.79,60.3,-15.77948,-70.91799,4470
Crucero_Alto,2016-01-06,7.03,13.88,1.62,65.66,0.88,1.51,60.39,-15.77948,-70.91799,4470
Crucero_Alto,2016-01-07,6.3,11.8,0.52,69.96,0.18,1.91,60.33,-15.77948,-70.91799,4470
Crucero_Alto,2016-01-08,7.59,18.04,-2.28,56.94,0.0,2.4,60.24,-15.77948,-70.91799,4470
Crucero_Alto,2016-01-09,8.72,20.29,-1.25,47.34,0.49,2.27,60.22,-15.77948,-70.91799,4470
Crucero_Alto,2016-01-10,5.97,13.88,0.27,69.24,14.65,2.57,60.23,-15.77948,-70.91799,4470
Crucero_Alto,2016-01-11,7.53,14.83,2.03,71.4,11.53,3.0,60.2,-15.77948,-70.91799,4470
Crucero_Alto,2016-01-12,6.26,17.29,1.11,71.02,4.75,2.99,60.22,-15.77948,-70.91799,4470
Crucero_Alto,2016-01-13,7.35,17.84,0.12,57.57,1.56,3.84,60.29,-15.77948,-70.91799,4470
Crucero_Alto,2016-01-14,6.24,17.46,-3.84,34.79,0.0,3.09,60.29,-15.77948,-70.91799,4470
Crucero_Alto,2016-01-15,8.65,20.0,-1.68,29.49,0.08,1.46,60.22,-15.77948,-70.91799,4470
Crucero_Alto,2016-01-16,9.06,17.61,2.58,45.93,0.17,1.57,60.26,-15.77948,-70.91799,4470
Crucero_Alto,2016-01-17,9.62,18.92,2.25,52.24,6.28,1.67,60.25,-15.77948,-70.91799,4470
Crucero_Alto,2016-01-18,8.54,17.3,2.78,61.47,3.38,1.38,60.28,-15.77948,-70.91799,4470
Crucero_Alto,2016-01-19,7.4,14.78,1.61,72.27,1.89,2.39,60.32,-15.77948,-70.91799,4470
Crucero_Alto,2016-01-20,9.07,14.55,4.51,71.32,1.96,1.9,60.31,-15.77948,-70.91799,4470
Crucero_Alto,2016-01-21,8.92,16.36,4.39,67.96,0.0,2.84,60.33,-15.77948,-70.91799,4470
Crucero_Alto,2016-01-22,9.3,18.47,0.57,56.97,0.0,2.79,60.39,-15.77948,-70.91799,4470
Crucero_Alto,2016-01-23,8.89,17.74,1.31,61.5,0.0,2.91,60.43,-15.77948,-70.91799,4470
Crucero_Alto,2016-01-24,9.79,20.78,1.12,55.83,0.0,2.28,60.33,-15.77948,-70.91799,4470
Crucero_Alto,2016-01-25,8.98,19.78,-0.53,60.04,0.14,1.82,60.28,-15.77948,-70.91799,4470
Crucero_Alto,2016-01-26,8.13,16.17,1.7,67.04,0.55,2.03,60.28,-15.77948,-70.91799,4470
Crucero_Alto,2016-01-27,9.69,18.81,1.17,57.46,0.0,1.98,60.25,-15.77948,-70.91799,4470
Crucero_Alto,2016-01-28,9.24,16.42,3.54,64.69,0.0,2.27,60.24,-15.77948,-70.91799,4470
Crucero_Alto,2016-01-29,9.1,19.46,0.6,57.95,0.0,2.93,60.25,-15.77948,-70.91799,4470
Crucero_Alto,2016-01-30,7.75,19.24,-1.53,55.12,0.13,3.46,60.23,-15.77948,-70.91799,4470
Crucero_Alto,2016-01-31,8.9,17.49,0.19,56.15,5.23,1.45,60.21,-15.77948,-70.91799,4470
Crucero_Alto,2016-02-01,5.49,14.26,1.07,76.83,8.53,2.61,60.23,-15.77948,-70.91799,4470
Crucero_Alto,2016-02-02,7.32,15.81,1.59,67.58,7.39,1.65,60.19,-15.77948,-70.91799,4470
Crucero_Alto,2016-02-03,8.2,16.88,2.02,61.38,2.22,2.28,60.15,-15.77948,-70.91799,4470
Crucero_Alto,2016-02-04,7.1,19.17,-2.35,47.44,0.01,2.81,60.21,-15.77948,-70.91799,4470
Crucero_Alto,2016-02-05,8.26,19.05,-3.27,45.61,0.0,1.58,60.22,-15.77948,-70.91799,4470
Crucero_Alto,2016-02-06,8.57,14.74,3.7,69.62,5.94,2.42,60.27,-15.77948,-70.91799,4470
Crucero_Alto,2016-02-07,6.6,13.76,1.65,78.12,6.81,2.45,60.32,-15.77948,-70.91799,4470
Crucero_Alto,2016-02-08,7.56,17.45,0.6,67.46,3.54,2.16,60.32,-15.77948,-70.91799,4470
Crucero_Alto,2016-02-09,8.62,16.67,1.08,66.36,1.99,1.95,60.37,-15.77948,-70.91799,4470
Crucero_Alto,2016-02-10,7.86,14.97,2.62,72.23,3.58,1.82,60.38,-15.77948,-70.91799,4470
Crucero_Alto,2016-02-11,9.1,16.14,3.3,68.53,0.33,2.73,60.34,-15.77948,-70.91799,4470
Crucero_Alto,2016-02-12,9.35,16.59,3.58,68.64,5.13,1.82,60.26,-15.77948,-70.91799,4470
Crucero_Alto,2016-02-13,10.07,19.17,1.77,59.77,2.41,1.98,60.23,-15.77948,-70.91799,4470
Crucero_Alto,2016-02-14,10.88,19.25,4.88,62.73,0.0,2.53,60.22,-15.77948,-70.91799,4470
Crucero_Alto,2016-02-15,9.28,16.58,4.87,71.38,3.4,2.71,60.21,-15.77948,-70.91799,4470
Crucero_Alto,2016-02-16,7.22,15.41,1.45,76.46,7.77,2.23,60.23,-15.77948,-70.91799,4470
Crucero_Alto,2016-02-17,7.93,16.91,1.04,70.17,3.65,1.84,60.22,-15.77948,-70.91799,4470
Crucero_Alto,2016-02-18,7.17,15.25,2.4,75.07,0.77,1.93,60.28,-15.77948,-70.91799,4470
Crucero_Alto,2016-02-19,9.0,17.78,1.65,69.15,7.44,1.25,60.28,-15.77948,-70.91799,4470
Crucero_Alto,2016-02-20,9.35,15.73,5.22,74.88,6.03,2.41,60.19,-15.77948,-70.91799,4470
Crucero_Alto,2016-02-21,9.73,16.51,4.06,67.63,1.17,2.16,60.13,-15.77948,-70.91799,4470
Crucero_Alto,2016-02-22,8.88,15.46,4.17,73.2,9.97,2.21,60.13,-15.77948,-70.91799,4470
Crucero_Alto,2016-02-23,6.66,15.51,1.57,77.69,2.66,2.63,60.24,-15.77948,-70.91799,4470
Crucero_Alto,2016-02-24,7.91,17.28,1.16,73.75,12.36,1.73,60.28,-15.77948,-70.91799,4470
Crucero_Alto,2016-02-25,6.51,14.52,1.93,78.86,14.84,2.42,60.22,-15.77948,-70.91799,4470
Crucero_Alto,2016-02-26,7.58,15.76,2.57,75.56,3.71,3.45,60.17,-15.77948,-70.91799,4470
Crucero_Alto,2016-02-27,7.74,15.49,2.13,75.57,11.18,1.99,60.21,-15.77948,-70.91799,4470
Crucero_Alto,2016-02-28,7.8,18.67,-0.71,64.24,3.33,2.54,60.35,-15.77948,-70.91799,4470
Crucero_Alto,2016-02-29,7.92,18.86,-2.24,60.1,2.33,1.52,60.43,-15.77948,-70.91799,4470
Crucero_Alto,2016-03-01,9.38,16.09,3.14,68.41,0.21,1.41,60.41,-15.77948,-70.91799,4470
Crucero_Alto,2016-03-02,8.78,18.13,1.95,69.38,0.0,1.3,60.4,-15.77948,-70.91799,4470
Crucero_Alto,2016-03-03,9.57,19.29,1.71,61.28,0.0,2.11,60.41,-15.77948,-70.91799,4470
Crucero_Alto,2016-03-04,9.9,19.41,2.59,57.88,0.0,1.75,60.32,-15.77948,-70.91799,4470
Crucero_Alto,2016-03-05,8.5,18.75,0.82,50.61,0.0,2.54,60.36,-15.77948,-70.91799,4470
Crucero_Alto,2016-03-06,6.71,18.38,-3.88,55.85,0.0,2.16,60.35,-15.77948,-70.91799,4470
Crucero_Alto,2016-03-07,8.37,18.49,-1.27,60.28,0.64,1.08,60.29,-15.77948,-70.91799,4470
Crucero_Alto,2016-03-08,7.21,15.32,2.29,75.38,6.24,1.41,60.3,-15.77948,-70.91799,4470
Crucero_Alto,2016-03-09,8.78,17.34,2.09,69.55,9.88,1.35,60.29,-15.77948,-70.91799,4470
Crucero_Alto,2016-03-10,6.78,14.71,2.18,76.81,1.73,1.79,60.36,-15.77948,-70.91799,4470
Crucero_Alto,2016-03-11,7.67,18.82,-0.46,60.25,0.02,2.02,60.35,-15.77948,-70.91799,4470
Crucero_Alto,2016-03-12,7.86,17.57,-0.68,64.24,0.0,1.46,60.33,-15.77948,-70.91799,4470
Crucero_Alto,2016-03-13,7.43,14.52,1.29,75.42,8.15,1.86,60.34,-15.77948,-70.91799,4470
Crucero_Alto,2016-03-14,8.95,16.91,3.21,66.28,2.16,2.49,60.36,-15.77948,-70.91799,4470
Crucero_Alto,2016-03-15,8.25,16.55,1.62,61.88,0.0,3.08,60.44,-15.77948,-70.91799,4470
Crucero_Alto,2016-03-16,7.0,16.15,0.08,63.88,0.0,2.82,60.47,-15.77948,-70.91799,4470
Crucero_Alto,2016-03-17,7.23,17.25,-1.74,64.28,0.0,2.15,60.44,-15.77948,-70.91799,4470
Crucero_Alto,2016-03-18,7.61,17.48,0.51,60.32,0.0,2.18,60.37,-15.77948,-70.91799,4470
Crucero_Alto,2016-03-19,8.5,18.04,1.77,64.49,0.0,1.99,60.36,-15.77948,-70.91799,4470
Crucero_Alto,2016-03-20,7.64,16.05,1.42,71.98,0.0,1.52,60.4,-15.77948,-70.91799,4470
Crucero_Alto,2016-03-21,8.55,16.47,1.85,68.8,0.0,1.64,60.44,-15.77948,-70.91799,4470
Crucero_Alto,2016-03-22,9.62,17.58,4.32,70.05,0.01,1.93,60.45,-15.77948,-70.91799,4470
Crucero_Alto,2016-03-23,8.63,14.39,3.1,76.98,5.1,1.55,60.4,-15.77948,-70.91799,4470
Crucero_Alto,2016-03-24,7.28,18.36,-1.88,55.96,0.07,2.95,60.33,-15.77948,-70.91799,4470
Crucero_Alto,2016-03-25,7.47,19.62,-1.47,37.7,0.02,2.24,60.29,-15.77948,-70.91799,4470
Crucero_Alto,2016-03-26,7.87,17.92,0.24,52.05,0.02,1.48,60.41,-15.77948,-70.91799,4470
Crucero_Alto,2016-03-27,7.24,17.93,-1.37,58.71,0.0,2.3,60.46,-15.77948,-70.91799,4470
Crucero_Alto,2016-03-28,7.84,19.23,-0.45,52.1,0.0,1.61,60.41,-15.77948,-70.91799,4470
Crucero_Alto,2016-03-29,8.28,18.09,-0.16,53.74,0.0,1.0,60.41,-15.77948,-70.91799,4470
Crucero_Alto,2016-03-30,8.63,16.56,2.52,67.95,0.0,1.5,60.46,-15.77948,-70.91799,4470
Crucero_Alto,2016-03-31,7.6,16.42,2.02,69.56,0.0,1.55,60.49,-15.77948,-70.91799,4470
Crucero_Alto,2016-04-01,6.89,14.71,2.28,72.09,0.0,1.42,60.45,-15.77948,-70.91799,4470
Crucero_Alto,2016-04-02,8.57,16.82,2.74,67.61,0.0,1.67,60.35,-15.77948,-70.91799,4470
Crucero_Alto,2016-04-03,7.71,13.81,2.86,72.25,0.0,1.3,60.35,-15.77948,-70.91799,4470
Crucero_Alto,2016-04-04,9.65,17.95,4.12,62.7,2.68,1.66,60.37,-15.77948,-70.91799,4470
Crucero_Alto,2016-04-05,7.93,15.43,2.57,71.87,5.25,1.44,60.38,-15.77948,-70.91799,4470
Crucero_Alto,2016-04-06,6.81,14.49,2.06,73.88,5.28,1.92,60.38,-15.77948,-70.91799,4470
Crucero_Alto,2016-04-07,5.57,12.39,1.62,76.94,14.36,2.11,60.33,-15.77948,-70.91799,4470
Crucero_Alto,2016-04-08,6.95,15.03,0.84,68.73,5.13,1.83,60.3,-15.77948,-70.91799,4470
Crucero_Alto,2016-04-09,6.18,13.82,0.8,72.15,5.07,0.97,60.33,-15.77948,-70.91799,4470
Crucero_Alto,2016-04-10,7.57,16.63,1.11,67.79,1.23,1.51,60.31,-15.77948,-70.91799,4470
Crucero_Alto,2016-04-11,5.56,13.62,0.21,72.01,0.24,2.21,60.33,-15.77948,-70.91799,4470
Crucero_Alto,2016-04-12,6.94,14.06,2.0,70.51,0.14,1.39,60.37,-15.77948,-70.91799,4470
Crucero_Alto,2016-04-13,7.57,17.39,-0.36,56.9,0.0,0.89,60.31,-15.77948,-70.91799,4470
Crucero_Alto,2016-04-14,8.23,16.95,0.54,59.02,0.0,1.49,60.28,-15.77948,-70.91799,4470
Crucero_Alto,2016-04-15,6.71,14.94,1.4,74.59,0.72,1.7,60.25,-15.77948,-70.91799,4470
Crucero_Alto,2016-04-16,6.21,15.4,0.06,74.3,0.89,1.42,60.23,-15.77948,-70.91799,4470
Crucero_Alto,2016-04-17,6.47,14.25,1.65,76.48,1.09,2.22,60.37,-15.77948,-70.91799,4470
Crucero_Alto,2016-04-18,6.92,16.69,-0.09,70.86,0.66,2.4,60.4,-15.77948,-70.91799,4470
Crucero_Alto,2016-04-19,4.53,9.84,0.52,80.05,5.62,1.66,60.33,-15.77948,-70.91799,4470
Crucero_Alto,2016-04-20,6.22,16.82,-1.65,62.34,0.17,1.71,60.25,-15.77948,-70.91799,4470
Crucero_Alto,2016-04-21,6.45,14.08,0.41,59.65,0.0,1.23,60.36,-15.77948,-70.91799,4470
Crucero_Alto,2016-04-22,5.92,14.05,0.41,71.72,0.06,1.81,60.42,-15.77948,-70.91799,4470
Crucero_Alto,2016-04-23,4.9,15.54,-2.53,51.99,0.0,2.65,60.38,-15.77948,-70.91799,4470
Crucero_Alto,2016-04-24,3.09,15.33,-5.48,50.56,0.0,2.84,60.31,-15.77948,-70.91799,4470
Crucero_Alto,2016-04-25,3.8,15.93,-4.77,39.4,0.0,2.08,60.21,-15.77948,-70.91799,4470
Crucero_Alto,2016-04-26,3.98,15.49,-4.44,31.89,0.05,2.27,60.22,-15.77948,-70.91799,4470
Crucero_Alto,2016-04-27,3.78,16.11,-4.97,37.08,0.01,2.33,60.23,-15.77948,-70.91799,4470
Crucero_Alto,2016-04-28,4.58,16.98,-4.53,36.22,0.0,2.38,60.31,-15.77948,-70.91799,4470
Crucero_Alto,2016-04-29,6.32,17.32,-3.69,40.04,0.0,1.33,60.27,-15.77948,-70.91799,4470
Crucero_Alto,2016-04-30,6.52,17.44,-1.38,49.78,0.0,1.0,60.23,-15.77948,-70.91799,4470
Crucero_Alto,2016-05-01,4.69,14.93,-3.88,62.68,0.0,2.09,60.32,-15.77948,-70.91799,4470
Crucero_Alto,2016-05-02,6.02,15.13,-2.57,61.48,0.0,1.29,60.35,-15.77948,-70.91799,4470
Crucero_Alto,2016-05-03,6.78,15.15,1.05,61.74,0.0,1.35,60.32,-15.77948,-70.91799,4470
Crucero_Alto,2016-05-04,5.28,13.72,-1.84,69.05,0.0,2.12,60.32,-15.77948,-70.91799,4470
Crucero_Alto,2016-05-05,3.73,15.39,-4.85,62.46,0.0,2.45,60.33,-15.77948,-70.91799,4470
Crucero_Alto,2016-05-06,3.59,15.56,-4.98,54.38,0.0,2.4,60.36,-15.77948,-70.91799,4470
Crucero_Alto,2016-05-07,3.87,15.19,-3.83,47.68,0.0,1.92,60.33,-15.77948,-70.91799,4470
Crucero_Alto,2016-05-08,3.54,14.75,-3.4,56.35,0.0,2.32,60.24,-15.77948,-70.91799,4470
Crucero_Alto,2016-05-09,2.08,13.11,-5.56,57.16,0.0,3.0,60.27,-15.77948,-70.91799,4470
Crucero_Alto,2016-05-10,3.74,16.05,-4.57,64.53,0.01,2.42,60.29,-15.77948,-70.91799,4470
Crucero_Alto,2016-05-11,3.66,14.8,-4.27,55.41,0.01,2.43,60.35,-15.77948,-70.91799,4470
Crucero_Alto,2016-05-12,5.57,16.05,-3.11,50.84,0.0,1.57,60.38,-15.77948,-70.91799,4470
Crucero_Alto,2016-05-13,6.25,14.64,0.05,62.69,0.0,1.59,60.44,-15.77948,-70.91799,4470
Crucero_Alto,2016-05-14,6.03,14.63,-0.41,50.15,0.0,1.22,60.47,-15.77948,-70.91799,4470
Crucero_Alto,2016-05-15,6.04,15.95,-3.7,42.72,0.0,0.84,60.43,-15.77948,-70.91799,4470
Crucero_Alto,2016-05-16,6.54,16.29,0.15,38.94,0.0,1.21,60.44,-15.77948,-70.91799,4470
Crucero_Alto,2016-05-17,4.07,14.47,-2.93,40.69,0.0,2.48,60.4,-15.77948,-70.91799,4470
Crucero_Alto,2016-05-18,2.56,13.33,-4.34,35.37,0.0,2.68,60.35,-15.77948,-70.91799,4470
Crucero_Alto,2016-05-19,2.03,12.82,-5.03,30.8,0.0,2.74,60.34,-15.77948,-70.91799,4470
Crucero_Alto,2016-05-20,4.24,14.32,-4.22,26.54,0.0,1.68,60.38,-15.77948,-70.91799,4470
Crucero_Alto,2016-05-21,3.79,14.68,-3.41,29.73,0.0,2.14,60.47,-15.77948,-70.91799,4470
Crucero_Alto,2016-05-22,5.17,15.34,-3.43,35.05,0.0,1.03,60.44,-15.77948,-70.91799,4470
Crucero_Alto,2016-05-23,4.93,12.11,-0.3,64.93,0.0,1.01,60.53,-15.77948,-70.91799,4470
Crucero_Alto,2016-05-24,4.8,13.99,-1.86,52.7,1.41,1.41,60.59,-15.77948,-70.91799,4470
Crucero_Alto,2016-05-25,3.14,14.7,-4.15,49.49,0.07,2.4,60.53,-15.77948,-70.91799,4470
Crucero_Alto,2016-05-26,1.93,13.17,-5.41,37.59,0.0,2.4,60.35,-15.77948,-70.91799,4470
Crucero_Alto,2016-05-27,2.01,13.49,-5.29,36.18,0.0,2.83,60.29,-15.77948,-70.91799,4470
Crucero_Alto,2016-05-28,1.48,12.32,-5.62,36.92,0.0,2.93,60.39,-15.77948,-70.91799,4470
Crucero_Alto,2016-05-29,1.23,12.43,-5.74,38.68,0.0,2.9,60.4,-15.77948,-70.91799,4470
Crucero_Alto,2016-05-30,1.21,12.14,-5.6,30.19,0.0,2.54,60.25,-15.77948,-70.91799,4470
Crucero_Alto,2016-05-31,1.19,12.82,-5.8,32.16,0.0,2.66,60.19,-15.77948,-70.91799,4470
Crucero_Alto,2016-06-01,0.73,11.82,-5.97,32.97,0.0,2.83,60.29,-15.77948,-70.91799,4470
Crucero_Alto,2016-06-02,1.36,13.07,-5.57,28.54,0.0,2.36,60.3,-15.77948,-70.91799,4470
Crucero_Alto,2016-06-03,2.6,13.74,-4.77,31.74,0.0,1.97,60.28,-15.77948,-70.91799,4470
Crucero_Alto,2016-06-04,3.17,13.99,-3.86,35.55,0.0,2.26,60.24,-15.77948,-70.91799,4470
Crucero_Alto,2016-06-05,4.15,14.63,-2.97,36.5,0.0,2.32,60.25,-15.77948,-70.91799,4470
Crucero_Alto,2016-06-06,3.17,13.66,-3.16,35.42,0.0,2.28,60.35,-15.77948,-70.91799,4470
Crucero_Alto,2016-06-07,3.15,13.9,-4.1,37.55,0.01,2.11,60.41,-15.77948,-70.91799,4470
Crucero_Alto,2016-06-08,3.55,13.17,-3.21,30.77,0.0,1.99,60.45,-15.77948,-70.91799,4470
Crucero_Alto,2016-06-09,3.5,13.05,-2.95,29.47,0.0,1.79,60.43,-15.77948,-70.91799,4470
Crucero_Alto,2016-06-10,3.81,13.12,-3.52,34.47,0.0,1.58,60.51,-15.77948,-70.91799,4470
Crucero_Alto,2016-06-11,5.52,14.67,-2.43,48.13,0.0,0.93,60.45,-15.77948,-70.91799,4470
Crucero_Alto,2016-06-12,4.8,12.54,-0.85,65.28,0.0,1.43,60.45,-15.77948,-70.91799,4470
Crucero_Alto,2016-06-13,4.19,13.65,-3.19,65.95,0.0,1.62,60.49,-15.77948,-70.91799,4470
Crucero_Alto,2016-06-14,4.68,12.23,-1.94,62.39,0.0,1.27,60.52,-15.77948,-70.91799,4470
Crucero_Alto,2016-06-15,5.68,12.95,-0.7,59.15,0.0,1.09,60.58,-15.77948,-70.91799,4470
Crucero_Alto,2016-06-16,5.52,14.27,-1.15,47.61,0.0,0.98,60.45,-15.77948,-70.91799,4470
Crucero_Alto,2016-06-17,2.87,13.48,-4.44,37.62,0.0,2.21,60.33,-15.77948,-70.91799,4470
Crucero_Alto,2016-06-18,2.16,13.16,-5.07,26.34,0.0,1.91,60.26,-15.77948,-70.91799,4470
Crucero_Alto,2016-06-19,2.35,12.14,-3.75,48.19,0.0,2.33,60.27,-15.77948,-70.91799,4470
Crucero_Alto,2016-06-20,1.34,12.11,-5.18,56.22,0.0,2.61,60.29,-15.77948,-70.91799,4470
Crucero_Alto,2016-06-21,0.82,11.53,-5.82,35.3,0.0,2.64,60.33,-15.77948,-70.91799,4470
Crucero_Alto,2016-06-22,1.59,12.74,-5.2,22.97,0.0,2.03,60.35,-15.77948,-70.91799,4470
Crucero_Alto,2016-06-23,2.53,13.07,-3.87,22.78,0.0,1.23,60.31,-15.77948,-70.91799,4470
Crucero_Alto,2016-06-24,1.72,11.62,-4.52,40.71,0.0,2.7,60.23,-15.77948,-70.91799,4470
Crucero_Alto,2016-06-25,1.93,12.21,-4.37,55.13,0.0,3.22,60.08,-15.77948,-70.91799,4470
Crucero_Alto,2016-06-26,3.59,13.41,-4.66,63.13,0.0,2.2,60.15,-15.77948,-70.91799,4470
Crucero_Alto,2016-06-27,1.85,8.59,-2.5,79.36,0.0,1.26,60.26,-15.77948,-70.91799,4470
Crucero_Alto,2016-06-28,2.11,10.49,-2.61,77.56,0.17,2.22,60.27,-15.77948,-70.91799,4470
Crucero_Alto,2016-06-29,3.5,11.21,-1.78,62.13,0.0,1.59,60.32,-15.77948,-70.91799,4470
Crucero_Alto,2016-06-30,4.51,14.09,-2.56,49.75,0.0,1.57,60.34,-15.77948,-70.91799,4470
Crucero_Alto,2016-07-01,4.79,13.18,-1.51,56.2,0.0,1.15,60.35,-15.77948,-70.91799,4470
Crucero_Alto,2016-07-02,3.82,12.46,-2.13,61.57,0.03,1.59,60.4,-15.77948,-70.91799,4470
Crucero_Alto,2016-07-03,3.38,12.74,-3.43,51.93,0.0,2.45,60.33,-15.77948,-70.91799,4470
Crucero_Alto,2016-07-04,2.24,12.11,-4.59,62.03,0.0,2.84,60.26,-15.77948,-70.91799,4470
Crucero_Alto,2016-07-05,1.78,12.03,-4.78,55.55,0.0,2.91,60.3,-15.77948,-70.91799,4470
Crucero_Alto,2016-07-06,2.71,12.26,-3.68,59.66,0.0,1.16,60.33,-15.77948,-70.91799,4470
Crucero_Alto,2016-07-07,0.55,5.18,-2.28,88.33,29.95,1.48,60.26,-15.77948,-70.91799,4470
Crucero_Alto,2016-07-08,0.6,8.44,-4.82,81.21,1.0,2.9,60.35,-15.77948,-70.91799,4470
Crucero_Alto,2016-07-09,2.1,11.56,-5.39,59.53,0.03,1.36,60.4,-15.77948,-70.91799,4470
Crucero_Alto,2016-07-10,2.58,12.76,-4.29,64.59,0.08,1.5,60.36,-15.77948,-70.91799,4470
Crucero_Alto,2016-07-11,2.02,12.85,-5.08,44.74,0.0,2.02,60.33,-15.77948,-70.91799,4470
Crucero_Alto,2016-07-12,3.39,13.38,-3.5,27.3,0.0,1.01,60.28,-15.77948,-70.91799,4470
Crucero_Alto,2016-07-13,4.01,13.59,-2.39,32.49,0.04,1.16,60.26,-15.77948,-70.91799,4470
Crucero_Alto,2016-07-14,3.3,13.4,-3.87,35.21,0.0,1.71,60.3,-15.77948,-70.91799,4470
Crucero_Alto,2016-07-15,2.94,13.75,-3.32,35.2,0.0,2.4,60.28,-15.77948,-70.91799,4470
Crucero_Alto,2016-07-16,4.25,14.04,-3.23,33.96,0.01,1.1,60.29,-15.77948,-70.91799,4470
Crucero_Alto,2016-07-17,3.23,12.06,-3.24,44.92,0.0,1.66,60.33,-15.77948,-70.91799,4470
Crucero_Alto,2016-07-18,4.3,13.98,-3.03,46.35,0.0,1.42,60.31,-15.77948,-70.91799,4470
Crucero_Alto,2016-07-19,4.38,13.55,-1.82,43.55,0.0,1.3,60.33,-15.77948,-70.91799,4470
Crucero_Alto,2016-07-20,4.59,13.82,-3.65,38.8,0.0,1.13,60.4,-15.77948,-70.91799,4470
Crucero_Alto,2016-07-21,4.93,13.95,-2.72,42.2,0.0,1.27,60.42,-15.77948,-70.91799,4470
Crucero_Alto,2016-07-22,5.27,14.47,-1.43,39.3,0.0,1.13,60.34,-15.77948,-70.91799,4470
Crucero_Alto,2016-07-23,4.68,13.9,-2.14,36.76,0.0,1.71,60.27,-15.77948,-70.91799,4470
Crucero_Alto,2016-07-24,4.6,15.0,-2.97,45.57,0.0,1.47,60.24,-15.77948,-70.91799,4470
Crucero_Alto,2016-07-25,3.65,15.5,-4.64,43.33,0.0,2.45,60.28,-15.77948,-70.91799,4470
Crucero_Alto,2016-07-26,4.1,13.35,-1.42,31.66,0.0,2.14,60.26,-15.77948,-70.91799,4470
Crucero_Alto,2016-07-27,4.56,14.27,-3.26,60.46,0.0,1.5,60.32,-15.77948,-70.91799,4470
Crucero_Alto,2016-07-28,5.03,14.6,-3.79,50.5,0.0,1.19,60.31,-15.77948,-70.91799,4470
Crucero_Alto,2016-07-29,5.42,14.19,-1.64,48.44,0.0,1.24,60.28,-15.77948,-70.91799,4470
Crucero_Alto,2016-07-30,5.16,13.61,-2.19,54.65,0.0,1.57,60.26,-15.77948,-70.91799,4470
Crucero_Alto,2016-07-31,4.61,14.86,-3.8,41.4,0.0,1.46,60.29,-15.77948,-70.91799,4470
Crucero_Alto,2016-08-01,4.61,13.54,-2.35,45.32,0.0,1.73,60.33,-15.77948,-70.91799,4470
Crucero_Alto,2016-08-02,5.22,14.13,-1.62,58.64,0.0,1.23,60.36,-15.77948,-70.91799,4470
Crucero_Alto,2016-08-03,5.26,14.77,-1.31,50.86,0.0,0.82,60.34,-15.77948,-70.91799,4470
Crucero_Alto,2016-08-04,5.37,14.51,-2.88,34.41,0.0,1.29,60.3,-15.77948,-70.91799,4470
Crucero_Alto,2016-08-05,4.98,15.75,-3.03,34.57,0.0,2.39,60.27,-15.77948,-70.91799,4470
Crucero_Alto,2016-08-06,5.28,16.54,-4.8,53.39,0.0,2.87,60.22,-15.77948,-70.91799,4470
Crucero_Alto,2016-08-07,5.35,16.07,-2.16,64.13,6.11,2.62,60.26,-15.77948,-70.91799,4470
Crucero_Alto,2016-08-08,4.31,13.53,-2.44,63.2,0.59,2.43,60.25,-15.77948,-70.91799,4470
Crucero_Alto,2016-08-09,3.4,11.82,-2.9,69.5,0.41,2.08,60.25,-15.77948,-70.91799,4470
Crucero_Alto,2016-08-10,2.1,6.77,-2.68,66.03,0.07,1.21,60.35,-15.77948,-70.91799,4470
Crucero_Alto,2016-08-11,3.2,14.49,-3.7,53.8,0.0,2.41,60.28,-15.77948,-70.91799,4470
Crucero_Alto,2016-08-12,4.03,14.08,-4.86,39.38,0.0,1.12,60.22,-15.77948,-70.91799,4470
Crucero_Alto,2016-08-13,3.62,13.51,-3.5,39.25,0.0,1.84,60.25,-15.77948,-70.91799,4470
Crucero_Alto,2016-08-14,4.12,14.39,-4.26,34.27,0.0,1.46,60.25,-15.77948,-70.91799,4470
Crucero_Alto,2016-08-15,4.13,14.86,-3.11,24.92,0.0,1.98,60.27,-15.77948,-70.91799,4470
Crucero_Alto,2016-08-16,4.53,14.87,-2.75,24.36,0.0,1.22,60.3,-15.77948,-70.91799,4470
Crucero_Alto,2016-08-17,4.46,14.58,-3.77,29.7,0.0,1.62,60.33,-15.77948,-70.91799,4470
Crucero_Alto,2016-08-18,4.02,10.92,-0.9,66.87,0.0,1.39,60.31,-15.77948,-70.91799,4470
Crucero_Alto,2016-08-19,3.02,11.32,-3.6,49.37,0.0,1.96,60.23,-15.77948,-70.91799,4470
Crucero_Alto,2016-08-20,2.11,10.62,-5.74,29.16,0.0,1.32,60.28,-15.77948,-70.91799,4470
Crucero_Alto,2016-08-21,3.93,12.43,-4.03,51.6,0.0,2.61,60.34,-15.77948,-70.91799,4470
Crucero_Alto,2016-08-22,5.27,14.38,-2.58,68.37,0.0,1.21,60.38,-15.77948,-70.91799,4470
Crucero_Alto,2016-08-23,5.97,13.33,0.57,69.73,0.0,0.98,60.35,-15.77948,-70.91799,4470
Crucero_Alto,2016-08-24,6.53,15.02,-0.97,54.88,0.0,1.22,60.32,-15.77948,-70.91799,4470
Crucero_Alto,2016-08-25,5.03,10.66,0.65,48.12,0.0,1.68,60.29,-15.77948,-70.91799,4470
Crucero_Alto,2016-08-26,5.35,14.58,-2.4,54.15,0.0,1.16,60.24,-15.77948,-70.91799,4470
Crucero_Alto,2016-08-27,3.96,14.8,-3.58,43.06,0.03,2.68,60.22,-15.77948,-70.91799,4470
Crucero_Alto,2016-08-28,1.21,11.52,-7.41,37.26,0.0,3.89,60.18,-15.77948,-70.91799,4470
Crucero_Alto,2016-08-29,0.6,11.32,-7.75,20.96,0.0,4.03,60.22,-15.77948,-70.91799,4470
Crucero_Alto,2016-08-30,2.56,14.31,-5.09,20.88,0.0,2.76,60.22,-15.77948,-70.91799,4470
Crucero_Alto,2016-08-31,3.2,14.48,-6.33,23.71,0.0,1.23,60.24,-15.77948,-70.91799,4470
Crucero_Alto,2016-09-01,4.21,14.8,-4.72,33.02,0.0,1.76,60.27,-15.77948,-70.91799,4470
Crucero_Alto,2016-09-02,3.5,12.2,-3.54,44.05,0.17,2.99,60.24,-15.77948,-70.91799,4470
Crucero_Alto,2016-09-03,1.7,12.63,-6.4,39.42,0.0,3.81,60.17,-15.77948,-70.91799,4470
Crucero_Alto,2016-09-04,0.81,11.11,-5.69,53.32,0.0,2.97,60.17,-15.77948,-70.91799,4470
Crucero_Alto,2016-09-05,1.93,12.55,-6.45,40.36,0.0,3.15,60.27,-15.77948,-70.91799,4470
Crucero_Alto,2016-09-06,5.21,15.04,-3.36,34.29,0.0,1.21,60.35,-15.77948,-70.91799,4470
Crucero_Alto,2016-09-07,4.39,15.48,-3.88,41.65,0.0,2.69,60.4,-15.77948,-70.91799,4470
Crucero_Alto,2016-09-08,3.9,15.76,-4.76,30.39,0.0,2.63,60.35,-15.77948,-70.91799,4470
Crucero_Alto,2016-09-09,4.99,15.88,-5.63,25.75,0.0,1.26,60.36,-15.77948,-70.91799,4470
Crucero_Alto,2016-09-10,5.63,14.81,-0.97,54.74,0.0,2.55,60.51,-15.77948,-70.91799,4470
Crucero_Alto,2016-09-11,6.63,16.2,-2.62,47.59,0.0,1.93,60.46,-15.77948,-70.91799,4470
Crucero_Alto,2016-09-12,8.67,19.18,-1.29,27.72,0.0,2.38,60.29,-15.77948,-70.91799,4470
Crucero_Alto,2016-09-13,8.21,18.72,-0.38,36.69,0.0,2.54,60.28,-15.77948,-70.91799,4470
Crucero_Alto,2016-09-14,7.26,16.48,-0.08,59.34,0.0,1.82,60.44,-15.77948,-70.91799,4470
Crucero_Alto,2016-09-15,6.22,15.72,1.33,66.89,0.0,1.07,60.39,-15.77948,-70.91799,4470
Crucero_Alto,2016-09-16,6.89,15.95,-1.0,58.97,0.0,1.5,60.36,-15.77948,-70.91799,4470
Crucero_Alto,2016-09-17,7.45,15.7,-0.03,51.93,0.0,1.44,60.33,-15.77948,-70.91799,4470
Crucero_Alto,2016-09-18,6.91,14.54,1.81,54.08,0.0,2.19,60.34,-15.77948,-70.91799,4470
Crucero_Alto,2016-09-19,5.51,11.66,0.91,59.91,0.09,2.31,60.39,-15.77948,-70.91799,4470
Crucero_Alto,2016-09-20,6.16,16.01,-1.72,50.79,0.04,1.18,60.27,-15.77948,-70.91799,4470
Crucero_Alto,2016-09-21,6.58,16.24,-2.15,43.76,0.14,1.09,60.18,-15.77948,-70.91799,4470
Crucero_Alto,2016-09-22,7.34,16.75,-0.09,47.75,0.03,0.89,60.2,-15.77948,-70.91799,4470
Crucero_Alto,2016-09-23,5.19,10.25,1.98,68.08,0.11,2.35,60.39,-15.77948,-70.91799,4470
Crucero_Alto,2016-09-24,7.23,16.89,0.46,54.65,0.27,1.67,60.37,-15.77948,-70.91799,4470
Crucero_Alto,2016-09-25,6.24,14.54,-1.39,43.2,0.01,1.28,60.27,-15.77948,-70.91799,4470
Crucero_Alto,2016-09-26,7.26,16.39,0.6,55.21,0.0,1.22,60.21,-15.77948,-70.91799,4470
Crucero_Alto,2016-09-27,8.12,17.01,0.95,54.72,0.0,1.85,60.25,-15.77948,-70.91799,4470
Crucero_Alto,2016-09-28,6.29,12.85,1.3,66.96,0.0,2.05,60.34,-15.77948,-70.91799,4470
Crucero_Alto,2016-09-29,6.83,16.39,-0.52,57.96,0.0,1.72,60.3,-15.77948,-70.91799,4470
Crucero_Alto,2016-09-30,7.22,18.07,-2.29,37.38,0.0,1.19,60.17,-15.77948,-70.91799,4470
Crucero_Alto,2016-10-01,6.23,15.85,0.98,54.64,0.0,2.02,60.18,-15.77948,-70.91799,4470
Crucero_Alto,2016-10-02,6.27,15.22,0.65,62.36,0.0,1.95,60.28,-15.77948,-70.91799,4470
Crucero_Alto,2016-10-03,6.62,14.79,0.93,56.6,0.0,1.99,60.23,-15.77948,-70.91799,4470
Crucero_Alto,2016-10-04,7.17,18.04,-1.73,43.59,0.0,1.78,60.22,-15.77948,-70.91799,4470
Crucero_Alto,2016-10-05,6.34,17.45,-5.04,23.82,0.0,1.78,60.23,-15.77948,-70.91799,4470
Crucero_Alto,2016-10-06,5.9,16.64,-4.27,33.4,0.01,2.64,60.12,-15.77948,-70.91799,4470
Crucero_Alto,2016-10-07,3.37,15.85,-7.17,23.03,0.0,3.14,60.03,-15.77948,-70.91799,4470
Crucero_Alto,2016-10-08,5.93,17.46,-5.18,32.2,0.01,1.59,60.06,-15.77948,-70.91799,4470
Crucero_Alto,2016-10-09,6.73,16.15,-1.54,55.07,0.0,1.91,60.15,-15.77948,-70.91799,4470
Crucero_Alto,2016-10-10,5.87,14.28,-0.52,54.86,2.77,1.11,60.23,-15.77948,-70.91799,4470
Crucero_Alto,2016-10-11,6.21,13.22,1.02,44.97,0.93,1.34,60.23,-15.77948,-70.91799,4470
Crucero_Alto,2016-10-12,5.98,16.44,-2.03,38.41,0.0,3.17,60.2,-15.77948,-70.91799,4470
Crucero_Alto,2016-10-13,5.98,18.06,-3.48,24.15,0.0,2.5,60.2,-15.77948,-70.91799,4470
Crucero_Alto,2016-10-14,4.39,13.49,-2.33,47.01,20.4,1.7,60.31,-15.77948,-70.91799,4470
Crucero_Alto,2016-10-15,6.19,15.58,-2.54,57.01,0.15,1.9,60.28,-15.77948,-70.91799,4470
Crucero_Alto,2016-10-16,5.57,15.87,-1.11,51.71,0.16,1.75,60.19,-15.77948,-70.91799,4470
Crucero_Alto,2016-10-17,4.35,11.87,-1.17,61.15,7.69,2.24,60.18,-15.77948,-70.91799,4470
Crucero_Alto,2016-10-18,6.09,15.67,-1.16,47.27,1.31,2.89,60.23,-15.77948,-70.91799,4470
Crucero_Alto,2016-10-19,6.98,17.16,-4.11,39.41,0.0,1.82,60.2,-15.77948,-70.91799,4470
Crucero_Alto,2016-10-20,5.44,12.78,0.24,65.28,0.48,2.44,60.19,-15.77948,-70.91799,4470
Crucero_Alto,2016-10-21,4.89,14.36,-2.23,58.22,0.01,1.84,60.17,-15.77948,-70.91799,4470
Crucero_Alto,2016-10-22,4.25,10.69,-0.93,59.87,0.0,1.93,60.3,-15.77948,-70.91799,4470
Crucero_Alto,2016-10-23,6.97,16.14,-1.62,50.1,0.0,1.65,60.32,-15.77948,-70.91799,4470
Crucero_Alto,2016-10-24,7.4,18.07,-0.74,47.09,0.0,1.87,60.22,-15.77948,-70.91799,4470
Crucero_Alto,2016-10-25,6.58,17.46,-3.47,49.02,0.0,1.9,60.11,-15.77948,-70.91799,4470
Crucero_Alto,2016-10-26,6.3,14.85,-2.2,44.87,0.0,1.85,60.04,-15.77948,-70.91799,4470
Crucero_Alto,2016-10-27,4.95,12.53,0.04,74.45,2.08,2.86,60.09,-15.77948,-70.91799,4470
Crucero_Alto,2016-10-28,5.27,15.39,-1.57,69.58,3.04,1.75,60.16,-15.77948,-70.91799,4470
Crucero_Alto,2016-10-29,6.66,14.95,0.4,61.75,4.14,2.37,60.26,-15.77948,-70.91799,4470
Crucero_Alto,2016-10-30,6.97,17.17,-0.99,48.74,0.21,2.57,60.27,-15.77948,-70.91799,4470
Crucero_Alto,2016-10-31,5.41,17.88,-4.59,35.71,0.0,2.78,60.13,-15.77948,-70.91799,4470
Crucero_Alto,2016-11-01,5.4,18.0,-5.1,33.71,0.0,2.51,60.11,-15.77948,-70.91799,4470
Crucero_Alto,2016-11-02,5.96,17.47,-3.9,28.25,0.0,1.91,60.16,-15.77948,-70.91799,4470
Crucero_Alto,2016-11-03,7.52,18.26,-1.81,36.87,0.0,1.5,60.21,-15.77948,-70.91799,4470
Crucero_Alto,2016-11-04,6.54,15.35,1.35,66.63,0.0,2.77,60.39,-15.77948,-70.91799,4470
Crucero_Alto,2016-11-05,6.2,12.51,1.13,61.87,0.0,1.97,60.44,-15.77948,-70.91799,4470
Crucero_Alto,2016-11-06,8.34,16.68,0.7,51.24,0.0,2.11,60.3,-15.77948,-70.91799,4470
Crucero_Alto,2016-11-07,8.28,16.36,1.45,47.54,0.0,1.66,60.24,-15.77948,-70.91799,4470
Crucero_Alto,2016-11-08,6.9,14.58,1.2,53.24,0.17,1.33,60.21,-15.77948,-70.91799,4470
Crucero_Alto,2016-11-09,8.09,17.58,-0.92,43.38,0.02,1.31,60.17,-15.77948,-70.91799,4470
Crucero_Alto,2016-11-10,6.51,15.09,-0.41,49.99,0.21,2.82,60.26,-15.77948,-70.91799,4470
Crucero_Alto,2016-11-11,4.97,16.77,-4.88,39.26,0.0,3.38,60.21,-15.77948,-70.91799,4470
Crucero_Alto,2016-11-12,5.09,17.24,-5.19,39.15,0.0,3.33,60.08,-15.77948,-70.91799,4470
Crucero_Alto,2016-11-13,4.56,17.13,-5.44,31.37,0.0,3.71,60.07,-15.77948,-70.91799,4470
Crucero_Alto,2016-11-14,3.82,17.57,-8.31,28.64,0.0,3.15,60.02,-15.77948,-70.91799,4470
Crucero_Alto,2016-11-15,4.81,17.72,-5.56,28.6,0.0,3.81,60.0,-15.77948,-70.91799,4470
Crucero_Alto,2016-11-16,5.66,18.21,-4.34,22.48,0.0,2.93,60.0,-15.77948,-70.91799,4470
Crucero_Alto,2016-11-17,7.03,16.36,-2.64,33.93,0.0,1.82,60.05,-15.77948,-70.91799,4470
Crucero_Alto,2016-11-18,6.16,15.48,0.74,49.26,0.0,1.86,60.17,-15.77948,-70.91799,4470
Crucero_Alto,2016-11-19,6.56,17.01,-0.98,46.14,0.0,2.86,60.15,-15.77948,-70.91799,4470
Crucero_Alto,2016-11-20,5.35,17.29,-3.85,30.46,0.0,2.91,60.03,-15.77948,-70.91799,4470
Crucero_Alto,2016-11-21,6.46,18.98,-3.4,29.14,0.01,2.69,59.99,-15.77948,-70.91799,4470
Crucero_Alto,2016-11-22,6.52,18.66,-3.3,32.76,0.0,2.71,60.06,-15.77948,-70.91799,4470
Crucero_Alto,2016-11-23,6.27,17.43,-2.45,29.42,0.0,2.73,60.1,-15.77948,-70.91799,4470
Crucero_Alto,2016-11-24,7.47,19.02,-1.64,29.89,0.0,2.32,60.15,-15.77948,-70.91799,4470
Crucero_Alto,2016-11-25,7.22,16.46,-1.36,28.89,0.0,1.5,60.18,-15.77948,-70.91799,4470
Crucero_Alto,2016-11-26,8.17,17.44,0.67,27.89,0.0,2.24,60.12,-15.77948,-70.91799,4470
Crucero_Alto,2016-11-27,6.2,13.91,0.52,32.68,0.0,1.54,60.17,-15.77948,-70.91799,4470
Crucero_Alto,2016-11-28,6.2,15.59,-0.68,48.37,0.61,2.26,60.21,-15.77948,-70.91799,4470
Crucero_Alto,2016-11-29,6.98,14.96,0.26,50.52,0.17,1.45,60.27,-15.77948,-70.91799,4470
Crucero_Alto,2016-11-30,6.94,13.88,2.48,62.17,0.0,1.96,60.28,-15.77948,-70.91799,4470
Crucero_Alto,2016-12-01,7.77,15.33,1.28,59.03,0.68,1.85,60.2,-15.77948,-70.91799,4470
Crucero_Alto,2016-12-02,8.8,18.79,-0.25,48.7,0.1,1.61,60.18,-15.77948,-70.91799,4470
Crucero_Alto,2016-12-03,6.83,14.9,0.48,55.07,0.0,1.62,60.22,-15.77948,-70.91799,4470
Crucero_Alto,2016-12-04,5.85,13.97,0.56,62.0,0.52,2.23,60.2,-15.77948,-70.91799,4470
Crucero_Alto,2016-12-05,8.41,17.29,1.22,55.38,0.01,1.9,60.14,-15.77948,-70.91799,4470
Crucero_Alto,2016-12-06,5.76,13.39,1.1,64.21,0.0,2.15,60.19,-15.77948,-70.91799,4470
Crucero_Alto,2016-12-07,9.0,18.01,0.15,53.9,0.16,1.76,60.11,-15.77948,-70.91799,4470
Crucero_Alto,2016-12-08,7.73,15.65,0.97,61.59,4.95,2.07,60.04,-15.77948,-70.91799,4470
Crucero_Alto,2016-12-09,6.72,18.46,-0.31,40.98,0.47,3.87,60.06,-15.77948,-70.91799,4470
Crucero_Alto,2016-12-10,5.26,15.18,-4.02,35.97,0.0,2.34,60.11,-15.77948,-70.91799,4470
Crucero_Alto,2016-12-11,6.45,17.69,-3.46,50.34,0.0,2.1,60.14,-15.77948,-70.91799,4470
Crucero_Alto,2016-12-12,7.56,16.83,0.12,50.32,0.0,2.25,60.12,-15.77948,-70.91799,4470
Crucero_Alto,2016-12-13,8.2,19.02,-2.13,35.92,0.0,1.97,60.13,-15.77948,-70.91799,4470
Crucero_Alto,2016-12-14,7.91,15.5,1.99,64.43,2.46,3.71,60.23,-15.77948,-70.91799,4470
Crucero_Alto,2016-12-15,6.17,11.82,1.56,71.28,0.59,2.6,60.32,-15.77948,-70.91799,4470
Crucero_Alto,2016-12-16,9.86,18.42,3.26,58.04,1.7,2.28,60.25,-15.77948,-70.91799,4470
Crucero_Alto,2016-12-17,9.54,17.83,2.44,56.02,0.5,2.52,60.19,-15.77948,-70.91799,4470
Crucero_Alto,2016-12-18,10.43,20.72,1.03,52.03,0.03,1.68,60.13,-15.77948,-70.91799,4470
Crucero_Alto,2016-12-19,8.07,15.94,1.4,64.32,0.17,1.88,60.12,-15.77948,-70.91799,4470
Crucero_Alto,2016-12-20,9.0,20.4,-2.28,47.12,0.01,2.5,60.07,-15.77948,-70.91799,4470
Crucero_Alto,2016-12-21,9.53,16.63,3.45,54.97,0.0,2.09,60.0,-15.77948,-70.91799,4470
Crucero_Alto,2016-12-22,7.75,15.4,2.66,64.45,0.02,2.09,60.08,-15.77948,-70.91799,4470
Crucero_Alto,2016-12-23,7.35,16.19,0.67,56.8,0.02,1.27,60.12,-15.77948,-70.91799,4470
Crucero_Alto,2016-12-24,10.14,19.05,4.09,53.7,0.0,2.12,60.11,-15.77948,-70.91799,4470
Crucero_Alto,2016-12-25,8.07,15.12,2.25,61.45,0.0,2.09,60.11,-15.77948,-70.91799,4470
Crucero_Alto,2016-12-26,6.85,14.44,1.27,67.51,2.19,2.27,60.1,-15.77948,-70.91799,4470
Crucero_Alto,2016-12-27,7.76,18.01,-0.99,61.21,0.39,2.31,60.08,-15.77948,-70.91799,4470
Crucero_Alto,2016-12-28,7.6,15.69,1.68,60.44,0.26,1.78,60.07,-15.77948,-70.91799,4470
Crucero_Alto,2016-12-29,7.87,16.87,1.61,67.7,4.52,1.98,60.15,-15.77948,-70.91799,4470
Crucero_Alto,2016-12-30,8.15,15.99,2.06,66.15,3.41,2.05,60.15,-15.77948,-70.91799,4470
Crucero_Alto,2016-12-31,6.99,12.73,1.88,71.38,0.98,2.54,60.16,-15.77948,-70.91799,4470
Crucero_Alto,2017-01-01,9.75,17.09,3.48,61.4,0.05,2.02,60.23,-15.77948,-70.91799,4470
Crucero_Alto,2017-01-02,9.25,15.72,4.47,62.22,0.23,3.05,60.23,-15.77948,-70.91799,4470
Crucero_Alto,2017-01-03,8.49,15.7,3.17,67.72,5.43,1.98,60.15,-15.77948,-70.91799,4470
Crucero_Alto,2017-01-04,8.07,13.03,3.72,70.11,6.52,1.61,60.03,-15.77948,-70.91799,4470
Crucero_Alto,2017-01-05,6.86,15.1,1.71,72.23,1.85,1.33,60.02,-15.77948,-70.91799,4470
Crucero_Alto,2017-01-06,6.71,15.81,1.2,70.11,4.74,2.24,60.17,-15.77948,-70.91799,4470
Crucero_Alto,2017-01-07,5.23,12.23,1.14,75.81,1.21,2.51,60.25,-15.77948,-70.91799,4470
Crucero_Alto,2017-01-08,6.27,15.91,0.61,70.12,6.69,3.53,60.18,-15.77948,-70.91799,4470
Crucero_Alto,2017-01-09,5.96,11.11,-0.14,71.15,4.31,1.52,60.05,-15.77948,-70.91799,4470
Crucero_Alto,2017-01-10,8.99,16.46,3.61,64.4,0.84,2.14,60.01,-15.77948,-70.91799,4470
Crucero_Alto,2017-01-11,7.91,14.24,3.93,70.61,0.16,3.98,60.1,-15.77948,-70.91799,4470
Crucero_Alto,2017-01-12,8.46,15.64,2.59,65.18,1.67,3.2,60.2,-15.77948,-70.91799,4470
Crucero_Alto,2017-01-13,8.62,15.23,3.04,67.84,4.4,2.15,60.17,-15.77948,-70.91799,4470
Crucero_Alto,2017-01-14,8.29,14.94,2.47,68.13,9.95,2.59,60.06,-15.77948,-70.91799,4470
Crucero_Alto,2017-01-15,8.17,14.65,3.21,69.14,4.99,1.7,60.01,-15.77948,-70.91799,4470
Crucero_Alto,2017-01-16,8.41,15.32,3.83,66.07,6.39,2.9,60.05,-15.77948,-70.91799,4470
Crucero_Alto,2017-01-17,9.06,17.67,1.78,58.31,1.02,3.71,60.14,-15.77948,-70.91799,4470
Crucero_Alto,2017-01-18,8.67,15.52,3.73,61.8,0.59,3.78,60.22,-15.77948,-70.91799,4470
Crucero_Alto,2017-01-19,7.98,15.16,2.68,65.1,0.4,2.67,60.2,-15.77948,-70.91799,4470
Crucero_Alto,2017-01-20,8.13,15.94,2.23,63.34,0.06,4.04,60.23,-15.77948,-70.91799,4470
Crucero_Alto,2017-01-21,7.28,14.0,2.37,61.73,0.84,3.29,60.28,-15.77948,-70.91799,4470
Crucero_Alto,2017-01-22,7.54,16.21,1.23,66.11,1.17,2.24,60.23,-15.77948,-70.91799,4470
Crucero_Alto,2017-01-23,7.13,14.95,1.37,68.58,1.48,2.45,60.12,-15.77948,-70.91799,4470
Crucero_Alto,2017-01-24,6.83,16.74,1.11,65.52,12.39,2.01,60.06,-15.77948,-70.91799,4470
Crucero_Alto,2017-01-25,4.41,11.03,1.09,80.78,16.79,2.04,60.18,-15.77948,-70.91799,4470
Crucero_Alto,2017-01-26,5.14,11.62,0.46,77.7,10.9,1.68,60.3,-15.77948,-70.91799,4470
Crucero_Alto,2017-01-27,6.55,14.31,0.86,69.33,1.21,3.65,60.35,-15.77948,-70.91799,4470
Crucero_Alto,2017-01-28,7.59,15.6,1.23,68.01,0.39,3.49,60.27,-15.77948,-70.91799,4470
Crucero_Alto,2017-01-29,7.92,16.08,1.21,62.53,0.0,2.24,60.3,-15.77948,-70.91799,4470
Crucero_Alto,2017-01-30,8.74,18.36,1.96,61.28,0.03,1.46,60.28,-15.77948,-70.91799,4470
Crucero_Alto,2017-01-31,8.21,16.82,2.34,66.45,0.17,1.76,60.22,-15.77948,-70.91799,4470
Crucero_Alto,2017-02-01,7.11,18.83,-2.91,57.41,0.56,2.97,60.17,-15.77948,-70.91799,4470
Crucero_Alto,2017-02-02,6.81,19.03,-3.2,56.09,0.11,2.52,60.13,-15.77948,-70.91799,4470
Crucero_Alto,2017-02-03,8.34,20.05,-1.92,55.02,0.41,1.67,60.12,-15.77948,-70.91799,4470
Crucero_Alto,2017-02-04,9.73,19.57,1.32,51.29,0.0,1.42,60.15,-15.77948,-70.91799,4470
Crucero_Alto,2017-02-05,10.52,19.36,4.25,55.6,0.0,1.95,60.17,-15.77948,-70.91799,4470
Crucero_Alto,2017-02-06,8.51,16.95,2.06,67.55,0.01,2.0,60.18,-15.77948,-70.91799,4470
Crucero_Alto,2017-02-07,8.66,16.02,2.19,61.92,0.0,1.72,60.19,-15.77948,-70.91799,4470
Crucero_Alto,2017-02-08,10.38,19.31,4.63,57.02,0.0,2.22,60.21,-15.77948,-70.91799,4470
Crucero_Alto,2017-02-09,9.52,16.62,2.76,53.23,0.0,2.45,60.26,-15.77948,-70.91799,4470
Crucero_Alto,2017-02-10,9.32,20.15,2.01,59.96,0.0,2.09,60.2,-15.77948,-70.91799,4470
Crucero_Alto,2017-02-11,9.3,18.89,1.48,58.71,0.0,2.02,60.11,-15.77948,-70.91799,4470
Crucero_Alto,2017-02-12,8.13,16.65,2.69,67.74,0.0,1.68,60.07,-15.77948,-70.91799,4470
Crucero_Alto,2017-02-13,8.0,15.43,2.3,69.46,0.0,2.52,60.04,-15.77948,-70.91799,4470
Crucero_Alto,2017-02-14,9.89,18.8,3.4,55.87,0.06,2.61,60.16,-15.77948,-70.91799,4470
Crucero_Alto,2017-02-15,8.96,17.05,1.88,56.36,2.19,2.9,60.28,-15.77948,-70.91799,4470
Crucero_Alto,2017-02-16,7.2,14.31,2.17,73.3,9.28,2.03,60.21,-15.77948,-70.91799,4470
Crucero_Alto,2017-02-17,6.61,15.51,1.5,71.39,1.73,2.57,60.13,-15.77948,-70.91799,4470
Crucero_Alto,2017-02-18,7.03,16.64,0.77,66.0,2.86,2.14,60.12,-15.77948,-70.91799,4470
Crucero_Alto,2017-02-19,7.58,18.26,-1.17,62.92,4.15,1.44,60.16,-15.77948,-70.91799,4470
Crucero_Alto,2017-02-20,7.7,15.47,2.88,68.77,1.38,1.66,60.25,-15.77948,-70.91799,4470
Crucero_Alto,2017-02-21,6.85,13.69,0.9,72.74,5.98,2.68,60.2,-15.77948,-70.91799,4470
Crucero_Alto,2017-02-22,7.34,14.51,2.47,68.94,1.61,3.81,60.14,-15.77948,-70.91799,4470
Crucero_Alto,2017-02-23,6.61,14.05,0.52,70.33,1.08,3.75,60.14,-15.77948,-70.91799,4470
Crucero_Alto,2017-02-24,7.38,15.18,1.06,69.66,1.35,3.12,60.14,-15.77948,-70.91799,4470
Crucero_Alto,2017-02-25,7.06,15.55,1.47,73.15,6.25,2.16,60.09,-15.77948,-70.91799,4470
Crucero_Alto,2017-02-26,6.0,15.69,0.28,73.98,8.03,1.33,60.05,-15.77948,-70.91799,4470
Crucero_Alto,2017-02-27,6.55,15.15,0.87,71.26,1.71,2.62,60.12,-15.77948,-70.91799,4470
Crucero_Alto,2017-02-28,5.9,14.4,0.85,75.78,3.1,2.34,60.06,-15.77948,-70.91799,4470
Crucero_Alto,2017-03-01,6.67,16.08,1.68,72.9,2.09,2.75,59.96,-15.77948,-70.91799,4470
Crucero_Alto,2017-03-02,7.66,17.61,0.79,63.48,2.54,2.66,60.04,-15.77948,-70.91799,4470
Crucero_Alto,2017-03-03,8.55,18.42,0.68,62.87,0.52,1.57,60.12,-15.77948,-70.91799,4470
Crucero_Alto,2017-03-04,8.46,17.15,2.69,64.6,0.05,1.18,60.11,-15.77948,-70.91799,4470
Crucero_Alto,2017-03-05,8.68,14.62,4.56,67.4,0.0,1.92,60.1,-15.77948,-70.91799,4470
Crucero_Alto,2017-03-06,8.65,15.16,3.62,68.19,0.38,2.81,60.17,-15.77948,-70.91799,4470
Crucero_Alto,2017-03-07,7.99,14.98,2.89,69.48,0.66,3.62,60.21,-15.77948,-70.91799,4470
Crucero_Alto,2017-03-08,8.55,16.43,2.77,69.91,0.66,2.81,60.19,-15.77948,-70.91799,4470
Crucero_Alto,2017-03-09,8.79,14.32,4.34,71.27,0.45,1.01,60.1,-15.77948,-70.91799,4470
Crucero_Alto,2017-03-10,9.24,17.08,3.15,66.64,0.38,2.91,60.17,-15.77948,-70.91799,4470
Crucero_Alto,2017-03-11,7.38,14.43,2.93,68.9,0.14,3.53,60.3,-15.77948,-70.91799,4470
Crucero_Alto,2017-03-12,7.34,15.31,-0.06,64.67,0.1,3.7,60.29,-15.77948,-70.91799,4470
Crucero_Alto,2017-03-13,6.79,14.54,1.25,72.43,1.37,3.05,60.25,-15.77948,-70.91799,4470
Crucero_Alto,2017-03-14,7.8,16.29,1.38,68.66,0.67,2.05,60.17,-15.77948,-70.91799,4470
Crucero_Alto,2017-03-15,6.27,15.62,1.77,74.55,20.45,2.29,60.15,-15.77948,-70.91799,4470
Crucero_Alto,2017-03-16,6.0,14.85,1.09,76.58,6.76,2.4,60.15,-15.77948,-70.91799,4470
Crucero_Alto,2017-03-17,5.43,10.45,1.41,76.93,1.68,1.75,60.21,-15.77948,-70.91799,4470
Crucero_Alto,2017-03-18,8.02,16.05,2.03,70.82,0.0,1.2,60.22,-15.77948,-70.91799,4470
Crucero_Alto,2017-03-19,8.61,16.42,2.67,66.79,0.0,1.91,60.25,-15.77948,-70.91799,4470
Crucero_Alto,2017-03-20,8.22,17.63,1.78,62.28,0.0,1.99,60.25,-15.77948,-70.91799,4470
Crucero_Alto,2017-03-21,6.09,14.18,1.89,74.91,0.0,1.74,60.28,-15.77948,-70.91799,4470
Crucero_Alto,2017-03-22,6.09,14.73,1.0,73.58,1.75,1.67,60.29,-15.77948,-70.91799,4470
Crucero_Alto,2017-03-23,5.25,13.23,0.89,79.0,9.96,1.93,60.29,-15.77948,-70.91799,4470
Crucero_Alto,2017-03-24,6.34,15.63,0.04,74.22,7.81,1.33,60.25,-15.77948,-70.91799,4470
Crucero_Alto,2017-03-25,6.78,15.7,-0.37,72.04,9.6,1.61,60.21,-15.77948,-70.91799,4470
Crucero_Alto,2017-03-26,7.62,16.54,0.72,65.79,0.67,1.6,60.18,-15.77948,-70.91799,4470
Crucero_Alto,2017-03-27,6.62,12.23,1.92,77.35,1.4,1.42,60.19,-15.77948,-70.91799,4470
Crucero_Alto,2017-03-28,6.16,13.8,1.74,76.37,1.34,2.13,60.25,-15.77948,-70.91799,4470
Crucero_Alto,2017-03-29,6.0,14.2,1.6,75.5,0.81,1.83,60.24,-15.77948,-70.91799,4470
Crucero_Alto,2017-03-30,6.0,14.44,0.09,74.32,0.77,1.75,60.14,-15.77948,-70.91799,4470
Crucero_Alto,2017-03-31,6.62,15.08,0.64,71.41,2.24,2.19,60.24,-15.77948,-70.91799,4470
Crucero_Alto,2017-04-01,6.49,12.4,1.22,73.83,0.57,0.89,60.34,-15.77948,-70.91799,4470
Crucero_Alto,2017-04-02,7.73,16.65,2.12,72.59,16.37,1.61,60.24,-15.77948,-70.91799,4470
Crucero_Alto,2017-04-03,6.83,15.75,0.48,70.89,13.42,1.52,60.17,-15.77948,-70.91799,4470
Crucero_Alto,2017-04-04,6.14,16.96,-1.44,62.68,0.7,2.52,60.2,-15.77948,-70.91799,4470
Crucero_Alto,2017-04-05,7.77,15.89,1.78,70.58,0.0,1.87,60.25,-15.77948,-70.91799,4470
Crucero_Alto,2017-04-06,6.86,14.64,1.33,76.22,0.86,2.1,60.3,-15.77948,-70.91799,4470
Crucero_Alto,2017-04-07,6.23,16.03,0.07,62.59,0.67,2.18,60.27,-15.77948,-70.91799,4470
Crucero_Alto,2017-04-08,5.34,14.78,-1.27,52.15,0.27,1.27,60.17,-15.77948,-70.91799,4470
Crucero_Alto,2017-04-09,5.84,16.75,-2.4,59.08,0.34,1.35,60.16,-15.77948,-70.91799,4470
Crucero_Alto,2017-04-10,7.05,15.59,0.1,65.43,0.07,0.9,60.17,-15.77948,-70.91799,4470
Crucero_Alto,2017-04-11,6.84,13.45,2.14,75.55,0.49,2.44,60.23,-15.77948,-70.91799,4470
Crucero_Alto,2017-04-12,6.74,14.1,1.9,73.88,0.5,2.59,60.29,-15.77948,-70.91799,4470
Crucero_Alto,2017-04-13,7.63,15.72,1.37,70.31,0.1,1.61,60.26,-15.77948,-70.91799,4470
Crucero_Alto,2017-04-14,8.22,15.6,2.63,65.85,0.0,1.32,60.29,-15.77948,-70.91799,4470
Crucero_Alto,2017-04-15,7.36,14.67,1.94,69.33,0.0,1.23,60.34,-15.77948,-70.91799,4470
Crucero_Alto,2017-04-16,7.59,14.99,2.32,68.96,0.0,1.58,60.34,-15.77948,-70.91799,4470
Crucero_Alto,2017-04-17,5.9,11.86,2.18,76.77,0.15,1.37,60.3,-15.77948,-70.91799,4470
Crucero_Alto,2017-04-18,5.75,14.08,-0.38,73.54,0.0,2.42,60.24,-15.77948,-70.91799,4470
Crucero_Alto,2017-04-19,3.34,13.63,-4.3,66.52,0.0,3.46,60.25,-15.77948,-70.91799,4470
Crucero_Alto,2017-04-20,4.05,16.0,-5.82,48.87,0.0,1.77,60.23,-15.77948,-70.91799,4470
Crucero_Alto,2017-04-21,6.51,17.09,-2.82,46.97,0.0,0.97,60.23,-15.77948,-70.91799,4470
Crucero_Alto,2017-04-22,7.28,16.06,1.17,68.12,0.0,1.68,60.33,-15.77948,-70.91799,4470
Crucero_Alto,2017-04-23,7.06,14.95,0.49,67.59,0.0,1.08,60.31,-15.77948,-70.91799,4470
Crucero_Alto,2017-04-24,6.03,14.32,0.93,71.75,2.31,1.46,60.24,-15.77948,-70.91799,4470
Crucero_Alto,2017-04-25,4.54,14.2,-2.31,50.36,0.19,2.62,60.2,-15.77948,-70.91799,4470
Crucero_Alto,2017-04-26,4.64,13.33,-2.29,55.26,0.0,1.63,60.18,-15.77948,-70.91799,4470
Crucero_Alto,2017-04-27,5.04,13.78,-0.8,62.39,0.1,1.91,60.25,-15.77948,-70.91799,4470
Crucero_Alto,2017-04-28,4.43,12.08,-0.05,69.85,5.49,1.46,60.34,-15.77948,-70.91799,4470
Crucero_Alto,2017-04-29,4.29,12.67,-1.07,76.75,11.31,1.56,60.32,-15.77948,-70.91799,4470
Crucero_Alto,2017-04-30,4.92,14.21,-2.31,74.13,0.57,2.02,60.35,-15.77948,-70.91799,4470
Crucero_Alto,2017-05-01,4.97,14.77,-2.13,63.48,0.03,1.77,60.39,-15.77948,-70.91799,4470
Crucero_Alto,2017-05-02,4.22,15.46,-4.15,49.45,0.0,2.06,60.37,-15.77948,-70.91799,4470
Crucero_Alto,2017-05-03,6.24,15.6,-1.23,40.07,0.0,0.98,60.28,-15.77948,-70.91799,4470
Crucero_Alto,2017-05-04,5.32,15.44,-1.36,47.99,0.0,2.03,60.27,-15.77948,-70.91799,4470
Crucero_Alto,2017-05-05,6.07,15.59,-1.99,48.14,0.0,0.79,60.24,-15.77948,-70.91799,4470
Crucero_Alto,2017-05-06,6.2,14.49,0.84,72.06,0.03,1.04,60.28,-15.77948,-70.91799,4470
Crucero_Alto,2017-05-07,4.67,13.75,-1.93,68.27,0.02,2.09,60.29,-15.77948,-70.91799,4470
Crucero_Alto,2017-05-08,5.97,16.18,-2.95,56.59,0.0,1.0,60.2,-15.77948,-70.91799,4470
Crucero_Alto,2017-05-09,6.41,14.59,1.17,72.59,0.0,1.54,60.19,-15.77948,-70.91799,4470
Crucero_Alto,2017-05-10,5.55,14.09,0.09,72.45,0.05,2.03,60.33,-15.77948,-70.91799,4470
Crucero_Alto,2017-05-11,5.4,13.92,-1.02,73.13,0.0,1.85,60.34,-15.77948,-70.91799,4470
Crucero_Alto,2017-05-12,5.42,16.07,-2.17,70.18,0.0,2.38,60.29,-15.77948,-70.91799,4470
Crucero_Alto,2017-05-13,4.95,16.5,-3.75,64.19,0.0,1.85,60.35,-15.77948,-70.91799,4470
Crucero_Alto,2017-05-14,5.59,17.04,-1.94,57.65,0.0,1.77,60.38,-15.77948,-70.91799,4470
Crucero_Alto,2017-05-15,6.22,15.92,-1.62,47.5,0.0,1.05,60.37,-15.77948,-70.91799,4470
Crucero_Alto,2017-05-16,4.91,13.9,-1.88,53.37,0.0,1.86,60.36,-15.77948,-70.91799,4470
Crucero_Alto,2017-05-17,3.37,12.36,-3.44,56.09,0.0,2.3,60.27,-15.77948,-70.91799,4470
Crucero_Alto,2017-05-18,2.35,12.29,-4.99,48.72,0.0,2.93,60.16,-15.77948,-70.91799,4470
Crucero_Alto,2017-05-19,3.06,12.86,-4.21,51.45,0.0,2.26,60.07,-15.77948,-70.91799,4470
Crucero_Alto,2017-05-20,2.99,11.88,-3.62,51.38,0.0,2.5,60.16,-15.77948,-70.91799,4470
Crucero_Alto,2017-05-21,5.14,14.87,-1.64,45.77,0.0,1.26,60.22,-15.77948,-70.91799,4470
Crucero_Alto,2017-05-22,3.75,12.52,-1.91,69.96,1.77,2.79,60.23,-15.77948,-70.91799,4470
Crucero_Alto,2017-05-23,3.09,12.8,-2.26,78.36,2.91,1.82,60.23,-15.77948,-70.91799,4470
Crucero_Alto,2017-05-24,4.74,12.47,-0.85,75.92,0.61,2.71,60.23,-15.77948,-70.91799,4470
Crucero_Alto,2017-05-25,4.84,12.46,-1.47,76.56,0.24,2.44,60.3,-15.77948,-70.91799,4470
Crucero_Alto,2017-05-26,4.99,11.89,0.57,75.68,0.62,1.87,60.43,-15.77948,-70.91799,4470
Crucero_Alto,2017-05-27,4.85,12.9,-0.16,74.91,1.99,1.45,60.4,-15.77948,-70.91799,4470
Crucero_Alto,2017-05-28,3.13,7.55,-0.7,80.4,0.13,1.24,60.41,-15.77948,-70.91799,4470
Crucero_Alto,2017-05-29,3.39,11.46,-1.03,81.5,6.74,1.27,60.4,-15.77948,-70.91799,4470
Crucero_Alto,2017-05-30,2.0,9.33,-2.88,76.85,3.11,1.81,60.45,-15.77948,-70.91799,4470
Crucero_Alto,2017-05-31,2.71,12.69,-3.68,43.67,0.0,2.2,60.43,-15.77948,-70.91799,4470
Crucero_Alto,2017-06-01,2.27,11.82,-4.42,33.84,0.0,2.25,60.38,-15.77948,-70.91799,4470
Crucero_Alto,2017-06-02,3.98,12.5,-2.66,37.96,0.0,1.6,60.31,-15.77948,-70.91799,4470
Crucero_Alto,2017-06-03,3.9,12.72,-3.37,70.89,0.0,2.13,60.27,-15.77948,-70.91799,4470
Crucero_Alto,2017-06-04,4.33,13.26,-2.44,71.56,0.0,2.36,60.25,-15.77948,-70.91799,4470
Crucero_Alto,2017-06-05,4.4,13.71,-3.07,71.12,0.0,2.32,60.25,-15.77948,-70.91799,4470
Crucero_Alto,2017-06-06,4.46,14.19,-3.47,63.53,0.0,2.73,60.22,-15.77948,-70.91799,4470
Crucero_Alto,2017-06-07,3.36,13.21,-3.04,75.12,0.02,3.85,60.2,-15.77948,-70.91799,4470
Crucero_Alto,2017-06-08,1.81,10.99,-4.57,73.16,0.02,3.47,60.32,-15.77948,-70.91799,4470
Crucero_Alto,2017-06-09,4.05,14.4,-4.78,56.65,0.0,1.61,60.34,-15.77948,-70.91799,4470
Crucero_Alto,2017-06-10,4.39,15.31,-2.44,68.88,0.01,2.23,60.32,-15.77948,-70.91799,4470
Crucero_Alto,2017-06-11,1.3,11.8,-5.49,55.51,0.0,3.53,60.29,-15.77948,-70.91799,4470
Crucero_Alto,2017-06-12,1.05,12.62,-5.97,37.39,0.0,2.75,60.26,-15.77948,-70.91799,4470
Crucero_Alto,2017-06-13,2.34,12.91,-6.29,29.36,0.0,1.76,60.27,-15.77948,-70.91799,4470
Crucero_Alto,2017-06-14,4.4,13.35,-1.52,38.79,0.0,1.18,60.4,-15.77948,-70.91799,4470
Crucero_Alto,2017-06-15,4.74,14.08,-2.1,45.41,0.0,1.33,60.42,-15.77948,-70.91799,4470
Crucero_Alto,2017-06-16,3.49,14.91,-4.0,41.83,0.0,1.42,60.4,-15.77948,-70.91799,4470
Crucero_Alto,2017-06-17,5.77,16.53,-4.15,24.03,0.0,1.09,60.28,-15.77948,-70.91799,4470
Crucero_Alto,2017-06-18,6.39,16.2,-0.77,25.32,0.0,1.02,60.23,-15.77948,-70.91799,4470
Crucero_Alto,2017-06-19,5.68,15.0,-1.54,58.81,0.0,1.47,60.2,-15.77948,-70.91799,4470
Crucero_Alto,2017-06-20,3.08,12.99,-3.72,55.84,0.0,2.09,60.28,-15.77948,-70.91799,4470
Crucero_Alto,2017-06-21,3.12,13.66,-5.07,54.98,0.0,1.25,60.26,-15.77948,-70.91799,4470
Crucero_Alto,2017-06-22,4.09,14.33,-2.78,54.69,0.0,1.63,60.2,-15.77948,-70.91799,4470
Crucero_Alto,2017-06-23,4.25,14.25,-2.77,57.9,0.0,1.83,60.22,-15.77948,-70.91799,4470
Crucero_Alto,2017-06-24,4.8,13.75,-1.79,56.98,0.0,1.47,60.28,-15.77948,-70.91799,4470
Crucero_Alto,2017-06-25,4.32,13.66,-2.69,67.99,0.0,1.43,60.3,-15.77948,-70.91799,4470
Crucero_Alto,2017-06-26,3.44,14.42,-4.16,67.05,0.0,2.08,60.25,-15.77948,-70.91799,4470
Crucero_Alto,2017-06-27,4.08,13.49,-4.35,63.98,0.04,1.3,60.22,-15.77948,-70.91799,4470
Crucero_Alto,2017-06-28,4.06,10.77,-1.2,68.31,0.03,1.06,60.28,-15.77948,-70.91799,4470
Crucero_Alto,2017-06-29,4.99,12.46,-0.81,62.42,0.0,0.98,60.34,-15.77948,-70.91799,4470
Crucero_Alto,2017-06-30,5.08,12.48,-0.15,65.44,0.0,0.91,60.34,-15.77948,-70.91799,4470
Crucero_Alto,2017-07-01,4.08,12.09,-0.16,75.63,0.0,1.51,60.36,-15.77948,-70.91799,4470
Crucero_Alto,2017-07-02,3.78,11.4,-1.11,67.04,0.13,1.3,60.38,-15.77948,-70.91799,4470
Crucero_Alto,2017-07-03,2.31,12.26,-4.48,60.06,0.12,1.57,60.3,-15.77948,-70.91799,4470
Crucero_Alto,2017-07-04,1.78,12.55,-5.48,33.28,0.03,2.04,60.25,-15.77948,-70.91799,4470
Crucero_Alto,2017-07-05,3.89,12.62,-3.29,29.35,0.0,1.13,60.35,-15.77948,-70.91799,4470
Crucero_Alto,2017-07-06,3.9,12.26,-2.52,34.52,0.0,1.01,60.39,-15.77948,-70.91799,4470
Crucero_Alto,2017-07-07,3.15,13.29,-3.37,32.85,0.0,1.62,60.38,-15.77948,-70.91799,4470
Crucero_Alto,2017-07-08,2.56,12.54,-4.53,26.07,0.0,1.76,60.38,-15.77948,-70.91799,4470
Crucero_Alto,2017-07-09,3.01,12.33,-2.66,35.5,0.0,1.33,60.38,-15.77948,-70.91799,4470
Crucero_Alto,2017-07-10,3.54,12.24,-2.25,66.49,0.0,2.05,60.38,-15.77948,-70.91799,4470
Crucero_Alto,2017-07-11,3.29,12.28,-2.44,60.95,0.0,1.78,60.4,-15.77948,-70.91799,4470
Crucero_Alto,2017-07-12,4.12,12.9,-3.04,57.83,0.0,1.18,60.4,-15.77948,-70.91799,4470
Crucero_Alto,2017-07-13,4.52,14.19,-3.55,44.63,0.0,1.16,60.39,-15.77948,-70.91799,4470
Crucero_Alto,2017-07-14,3.18,14.08,-4.15,34.24,0.0,2.05,60.4,-15.77948,-70.91799,4470
Crucero_Alto,2017-07-15,1.71,12.22,-5.04,36.52,0.0,2.71,60.31,-15.77948,-70.91799,4470
Crucero_Alto,2017-07-16,3.96,14.91,-5.05,31.25,0.0,1.52,60.22,-15.77948,-70.91799,4470
Crucero_Alto,2017-07-17,5.44,15.69,-2.2,57.33,0.03,1.95,60.27,-15.77948,-70.91799,4470
Crucero_Alto,2017-07-18,3.81,14.96,-3.51,57.9,0.0,2.27,60.4,-15.77948,-70.91799,4470
Crucero_Alto,2017-07-19,4.88,15.56,-4.74,30.49,0.0,1.31,60.36,-15.77948,-70.91799,4470
Crucero_Alto,2017-07-20,6.46,16.25,-1.22,27.65,0.0,0.97,60.28,-15.77948,-70.91799,4470
Crucero_Alto,2017-07-21,5.22,15.16,-1.62,48.12,0.0,1.44,60.28,-15.77948,-70.91799,4470
Crucero_Alto,2017-07-22,4.05,15.67,-4.28,59.22,0.0,2.03,60.31,-15.77948,-70.91799,4470
Crucero_Alto,2017-07-23,2.55,13.71,-5.43,42.59,0.0,2.61,60.37,-15.77948,-70.91799,4470
Crucero_Alto,2017-07-24,4.82,15.07,-3.91,35.36,0.0,1.35,60.36,-15.77948,-70.91799,4470
Crucero_Alto,2017-07-25,5.41,13.99,-1.01,55.86,0.0,1.33,60.43,-15.77948,-70.91799,4470
Crucero_Alto,2017-07-26,4.79,13.58,-0.78,66.33,0.01,1.94,60.38,-15.77948,-70.91799,4470
Crucero_Alto,2017-07-27,4.79,13.32,-0.88,65.62,0.04,1.93,60.36,-15.77948,-70.91799,4470
Crucero_Alto,2017-07-28,5.2,14.5,-2.74,57.43,0.04,1.23,60.29,-15.77948,-70.91799,4470
Crucero_Alto,2017-07-29,5.89,14.88,-1.24,43.25,0.04,0.82,60.29,-15.77948,-70.91799,4470
Crucero_Alto,2017-07-30,5.28,14.1,-1.54,46.73,0.0,0.91,60.39,-15.77948,-70.91799,4470
Crucero_Alto,2017-07-31,4.49,14.9,-2.81,32.19,0.0,1.26,60.37,-15.77948,-70.91799,4470
Crucero_Alto,2017-08-01,2.91,14.31,-4.99,36.66,0.0,2.46,60.32,-15.77948,-70.91799,4470
Crucero_Alto,2017-08-02,4.76,17.17,-5.54,35.94,0.0,1.24,60.32,-15.77948,-70.91799,4470
Crucero_Alto,2017-08-03,6.18,16.52,-1.2,61.81,0.0,2.01,60.42,-15.77948,-70.91799,4470
Crucero_Alto,2017-08-04,5.6,15.8,-3.52,37.75,0.0,1.51,60.42,-15.77948,-70.91799,4470
Crucero_Alto,2017-08-05,6.62,16.12,0.04,24.27,0.0,0.84,60.36,-15.77948,-70.91799,4470
Crucero_Alto,2017-08-06,6.27,16.12,-2.01,27.05,0.0,0.89,60.32,-15.77948,-70.91799,4470
Crucero_Alto,2017-08-07,5.7,15.9,-3.62,30.83,0.0,1.33,60.31,-15.77948,-70.91799,4470
Crucero_Alto,2017-08-08,6.76,15.49,-1.65,31.71,0.0,0.94,60.29,-15.77948,-70.91799,4470
Crucero_Alto,2017-08-09,5.8,14.29,-0.74,48.4,0.0,1.45,60.31,-15.77948,-70.91799,4470
Crucero_Alto,2017-08-10,3.06,12.45,-3.88,48.55,0.02,2.78,60.31,-15.77948,-70.91799,4470
Crucero_Alto,2017-08-11,1.32,12.5,-6.3,44.09,0.0,3.41,60.18,-15.77948,-70.91799,4470
Crucero_Alto,2017-08-12,-0.06,10.3,-6.88,36.55,0.05,4.14,60.19,-15.77948,-70.91799,4470
Crucero_Alto,2017-08-13,1.86,13.01,-6.44,24.15,0.0,2.77,60.23,-15.77948,-70.91799,4470
Crucero_Alto,2017-08-14,3.49,13.77,-3.69,27.92,0.0,2.18,60.17,-15.77948,-70.91799,4470
Crucero_Alto,2017-08-15,3.6,13.03,-3.72,38.39,0.0,2.47,60.18,-15.77948,-70.91799,4470
Crucero_Alto,2017-08-16,3.36,12.44,-3.98,42.15,0.0,1.84,60.19,-15.77948,-70.91799,4470
Crucero_Alto,2017-08-17,2.15,10.91,-3.96,38.38,0.0,3.09,60.15,-15.77948,-70.91799,4470
Crucero_Alto,2017-08-18,2.02,11.91,-4.78,24.46,0.0,2.72,60.19,-15.77948,-70.91799,4470
Crucero_Alto,2017-08-19,1.57,12.66,-6.83,20.41,0.01,2.63,60.21,-15.77948,-70.91799,4470
Crucero_Alto,2017-08-20,3.15,13.22,-5.19,31.79,0.0,2.2,60.29,-15.77948,-70.91799,4470
Crucero_Alto,2017-08-21,4.89,15.83,-3.38,47.59,0.0,1.9,60.36,-15.77948,-70.91799,4470
Crucero_Alto,2017-08-22,3.02,14.59,-5.25,29.44,0.0,1.71,60.32,-15.77948,-70.91799,4470
Crucero_Alto,2017-08-23,3.3,14.42,-7.09,20.43,0.0,1.75,60.15,-15.77948,-70.91799,4470
Crucero_Alto,2017-08-24,4.62,15.45,-2.75,36.03,0.0,2.21,60.11,-15.77948,-70.91799,4470
Crucero_Alto,2017-08-25,3.95,13.99,-3.73,47.34,0.0,1.93,60.2,-15.77948,-70.91799,4470
Crucero_Alto,2017-08-26,5.27,15.83,-2.7,41.98,0.0,1.04,60.2,-15.77948,-70.91799,4470
Crucero_Alto,2017-08-27,5.09,14.63,-2.97,50.18,0.0,1.94,60.19,-15.77948,-70.91799,4470
Crucero_Alto,2017-08-28,4.6,11.86,-0.63,64.99,0.0,1.68,60.25,-15.77948,-70.91799,4470
Crucero_Alto,2017-08-29,5.77,15.45,-2.57,48.86,0.0,1.4,60.34,-15.77948,-70.91799,4470
Crucero_Alto,2017-08-30,4.76,13.55,-1.3,59.91,0.0,3.62,60.38,-15.77948,-70.91799,4470
Crucero_Alto,2017-08-31,5.78,15.37,-3.61,59.14,0.0,1.36,60.39,-15.77948,-70.91799,4470
Crucero_Alto,2017-09-01,7.27,16.69,-1.0,51.41,0.0,0.9,60.37,-15.77948,-70.91799,4470
Crucero_Alto,2017-09-02,6.13,12.42,-0.6,64.92,0.0,1.74,60.4,-15.77948,-70.91799,4470
Crucero_Alto,2017-09-03,5.6,11.7,0.1,66.43,0.0,0.64,60.45,-15.77948,-70.91799,4470
Crucero_Alto,2017-09-04,6.26,13.35,0.26,63.5,0.0,1.34,60.39,-15.77948,-70.91799,4470
Crucero_Alto,2017-09-05,4.24,9.91,0.3,73.91,10.86,1.54,60.36,-15.77948,-70.91799,4470
Crucero_Alto,2017-09-06,4.16,11.07,-0.78,72.9,2.58,1.5,60.29,-15.77948,-70.91799,4470
Crucero_Alto,2017-09-07,3.01,12.58,-2.76,72.34,3.08,2.94,60.18,-15.77948,-70.91799,4470
Crucero_Alto,2017-09-08,2.74,12.04,-4.68,65.79,1.06,2.75,60.09,-15.77948,-70.91799,4470
Crucero_Alto,2017-09-09,3.91,15.41,-4.17,55.14,0.02,3.17,60.13,-15.77948,-70.91799,4470
Crucero_Alto,2017-09-10,4.08,15.9,-5.4,43.49,0.01,2.79,60.18,-15.77948,-70.91799,4470
Crucero_Alto,2017-09-11,4.96,15.21,-2.08,52.62,0.14,1.6,60.22,-15.77948,-70.91799,4470
Crucero_Alto,2017-09-12,4.28,13.98,-1.01,72.32,0.24,1.59,60.27,-15.77948,-70.91799,4470
Crucero_Alto,2017-09-13,4.53,12.87,-1.94,69.7,0.25,2.18,60.31,-15.77948,-70.91799,4470
Crucero_Alto,2017-09-14,5.22,14.34,-1.7,61.25,0.42,2.35,60.26,-15.77948,-70.91799,4470
Crucero_Alto,2017-09-15,4.06,13.05,-2.25,71.64,6.63,2.11,60.26,-15.77948,-70.91799,4470
Crucero_Alto,2017-09-16,3.62,10.79,-1.06,76.93,1.71,1.99,60.34,-15.77948,-70.91799,4470
Crucero_Alto,2017-09-17,6.12,14.53,-1.14,64.96,0.6,1.65,60.37,-15.77948,-70.91799,4470
Crucero_Alto,2017-09-18,7.04,15.38,0.31,56.63,0.03,1.53,60.38,-15.77948,-70.91799,4470
Crucero_Alto,2017-09-19,7.8,16.35,-0.55,53.14,0.0,1.87,60.4,-15.77948,-70.91799,4470
Crucero_Alto,2017-09-20,9.0,19.13,0.21,54.23,0.0,1.15,60.33,-15.77948,-70.91799,4470
Crucero_Alto,2017-09-21,8.42,17.83,-0.25,46.89,0.05,1.09,60.28,-15.77948,-70.91799,4470
Crucero_Alto,2017-09-22,7.39,15.3,0.87,47.84,0.18,2.17,60.23,-15.77948,-70.91799,4470
Crucero_Alto,2017-09-23,4.7,10.5,-0.31,61.46,0.24,1.32,60.28,-15.77948,-70.91799,4470
Crucero_Alto,2017-09-24,5.37,15.52,-2.49,51.04,0.05,3.12,60.28,-15.77948,-70.91799,4470
Crucero_Alto,2017-09-25,5.37,16.03,-4.24,33.28,0.0,1.26,60.25,-15.77948,-70.91799,4470
Crucero_Alto,2017-09-26,6.63,17.5,-2.2,43.51,0.0,1.48,60.15,-15.77948,-70.91799,4470
Crucero_Alto,2017-09-27,5.71,16.51,-1.85,39.15,0.27,2.54,60.13,-15.77948,-70.91799,4470
Crucero_Alto,2017-09-28,4.29,16.14,-4.0,43.41,0.0,3.05,60.21,-15.77948,-70.91799,4470
Crucero_Alto,2017-09-29,5.33,17.68,-4.99,25.64,0.0,2.47,60.27,-15.77948,-70.91799,4470
Crucero_Alto,2017-09-30,6.22,17.78,-3.0,23.58,0.0,1.73,60.21,-15.77948,-70.91799,4470
Crucero_Alto,2017-10-01,2.31,14.16,-7.29,22.22,0.0,4.45,60.13,-15.77948,-70.91799,4470
Crucero_Alto,2017-10-02,2.3,14.28,-7.15,18.48,0.0,3.16,60.09,-15.77948,-70.91799,4470
Crucero_Alto,2017-10-03,4.24,16.16,-6.21,18.53,0.0,2.87,60.14,-15.77948,-70.91799,4470
Crucero_Alto,2017-10-04,5.98,18.18,-4.69,26.96,0.0,1.76,60.17,-15.77948,-70.91799,4470
Crucero_Alto,2017-10-05,6.5,17.89,-5.26,30.14,0.0,1.35,60.19,-15.77948,-70.91799,4470
Crucero_Alto,2017-10-06,8.61,18.38,-0.75,33.59,0.0,1.52,60.25,-15.77948,-70.91799,4470
Crucero_Alto,2017-10-07,8.33,17.87,1.14,46.56,0.0,1.39,60.32,-15.77948,-70.91799,4470
Crucero_Alto,2017-10-08,7.95,18.18,0.3,47.12,0.0,1.67,60.25,-15.77948,-70.91799,4470
Crucero_Alto,2017-10-09,9.46,18.47,2.81,49.55,0.0,1.66,60.16,-15.77948,-70.91799,4470
Crucero_Alto,2017-10-10,8.43,16.87,1.81,51.31,0.0,1.77,60.13,-15.77948,-70.91799,4470
Crucero_Alto,2017-10-11,5.86,13.27,1.72,64.19,3.12,1.65,60.07,-15.77948,-70.91799,4470
Crucero_Alto,2017-10-12,6.17,15.36,-0.28,55.52,0.98,1.94,60.11,-15.77948,-70.91799,4470
Crucero_Alto,2017-10-13,6.31,15.0,-1.33,61.46,1.03,1.95,60.16,-15.77948,-70.91799,4470
Crucero_Alto,2017-10-14,5.1,10.36,-0.14,67.76,8.81,2.21,60.25,-15.77948,-70.91799,4470
Crucero_Alto,2017-10-15,4.3,10.23,0.82,78.15,23.86,1.84,60.29,-15.77948,-70.91799,4470
Crucero_Alto,2017-10-16,4.94,11.38,-0.53,73.89,15.07,1.41,60.31,-15.77948,-70.91799,4470
Crucero_Alto,2017-10-17,4.23,10.8,-0.1,75.74,3.4,2.14,60.39,-15.77948,-70.91799,4470
Crucero_Alto,2017-10-18,6.88,14.46,0.15,60.06,0.77,1.54,60.38,-15.77948,-70.91799,4470
Crucero_Alto,2017-10-19,8.21,15.4,1.04,50.83,0.07,1.43,60.26,-15.77948,-70.91799,4470
Crucero_Alto,2017-10-20,7.98,18.27,0.57,41.4,0.08,2.67,60.17,-15.77948,-70.91799,4470
Crucero_Alto,2017-10-21,6.35,15.78,-3.12,31.81,0.01,1.34,60.23,-15.77948,-70.91799,4470
Crucero_Alto,2017-10-22,8.39,17.69,1.76,46.59,0.0,1.57,60.28,-15.77948,-70.91799,4470
Crucero_Alto,2017-10-23,6.53,16.6,-1.6,40.09,0.0,2.31,60.3,-15.77948,-70.91799,4470
Crucero_Alto,2017-10-24,6.97,17.62,-2.86,41.46,0.0,1.65,60.22,-15.77948,-70.91799,4470
Crucero_Alto,2017-10-25,5.37,12.56,-0.83,50.23,0.0,1.0,60.24,-15.77948,-70.91799,4470
Crucero_Alto,2017-10-26,7.27,18.42,-2.09,35.51,0.0,1.52,60.17,-15.77948,-70.91799,4470
Crucero_Alto,2017-10-27,7.23,18.94,-2.27,33.94,0.0,2.0,60.15,-15.77948,-70.91799,4470
Crucero_Alto,2017-10-28,5.85,18.25,-3.72,40.18,0.0,3.01,60.08,-15.77948,-70.91799,4470
Crucero_Alto,2017-10-29,5.42,16.94,-3.67,37.74,0.0,3.52,60.14,-15.77948,-70.91799,4470
Crucero_Alto,2017-10-30,5.78,17.37,-2.94,42.67,0.0,3.59,60.2,-15.77948,-70.91799,4470
Crucero_Alto,2017-10-31,5.45,18.46,-5.36,39.05,0.0,2.89,60.17,-15.77948,-70.91799,4470
Crucero_Alto,2017-11-01,6.38,18.32,-2.1,44.59,0.0,2.63,60.16,-15.77948,-70.91799,4470
Crucero_Alto,2017-11-02,8.32,18.65,-1.81,40.38,0.0,1.47,60.16,-15.77948,-70.91799,4470
Crucero_Alto,2017-11-03,6.83,14.5,2.66,57.12,0.0,1.85,60.22,-15.77948,-70.91799,4470
Crucero_Alto,2017-11-04,6.62,13.25,0.86,58.73,0.0,1.51,60.17,-15.77948,-70.91799,4470
Crucero_Alto,2017-11-05,8.67,18.4,1.46,51.87,0.0,1.82,60.17,-15.77948,-70.91799,4470
Crucero_Alto,2017-11-06,8.11,17.07,0.96,45.72,5.08,1.5,60.16,-15.77948,-70.91799,4470
Crucero_Alto,2017-11-07,8.68,18.59,0.61,51.57,0.08,1.67,60.1,-15.77948,-70.91799,4470
Crucero_Alto,2017-11-08,7.71,18.79,-2.96,45.61,0.0,1.87,60.07,-15.77948,-70.91799,4470
Crucero_Alto,2017-11-09,7.84,15.72,1.02,59.03,0.01,2.34,60.07,-15.77948,-70.91799,4470
Crucero_Alto,2017-11-10,8.52,17.04,1.01,56.79,0.03,2.58,60.08,-15.77948,-70.91799,4470
Crucero_Alto,2017-11-11,8.96,18.5,1.36,59.4,1.0,2.16,60.07,-15.77948,-70.91799,4470
Crucero_Alto,2017-11-12,7.0,13.2,1.76,65.74,2.88,3.0,60.12,-15.77948,-70.91799,4470
Crucero_Alto,2017-11-13,6.69,14.63,1.63,68.73,0.29,2.7,60.11,-15.77948,-70.91799,4470
Crucero_Alto,2017-11-14,7.99,18.37,0.67,54.57,0.1,2.57,60.14,-15.77948,-70.91799,4470
Crucero_Alto,2017-11-15,6.72,15.97,-2.37,65.12,0.19,2.47,60.15,-15.77948,-70.91799,4470
Crucero_Alto,2017-11-16,8.01,17.21,0.94,62.7,0.36,2.04,60.14,-15.77948,-70.91799,4470
Crucero_Alto,2017-11-17,8.1,17.42,-0.68,57.89,0.36,2.35,60.05,-15.77948,-70.91799,4470
Crucero_Alto,2017-11-18,6.96,18.81,-4.7,44.75,0.0,2.39,60.02,-15.77948,-70.91799,4470
Crucero_Alto,2017-11-19,7.63,18.88,-1.8,49.67,0.0,2.58,60.0,-15.77948,-70.91799,4470
Crucero_Alto,2017-11-20,6.47,18.44,-3.63,48.84,0.0,3.37,60.1,-15.77948,-70.91799,4470
Crucero_Alto,2017-11-21,7.38,19.45,-4.45,30.89,0.0,1.66,60.14,-15.77948,-70.91799,4470
Crucero_Alto,2017-11-22,10.0,19.73,2.37,39.39,0.0,1.24,60.13,-15.77948,-70.91799,4470
Crucero_Alto,2017-11-23,9.21,17.92,3.42,46.56,0.0,1.78,60.17,-15.77948,-70.91799,4470
Crucero_Alto,2017-11-24,10.17,20.33,0.99,41.03,0.0,1.69,60.19,-15.77948,-70.91799,4470
Crucero_Alto,2017-11-25,10.77,20.94,2.81,49.08,0.0,1.78,60.24,-15.77948,-70.91799,4470
Crucero_Alto,2017-11-26,9.5,17.42,2.79,48.74,0.01,1.86,60.2,-15.77948,-70.91799,4470
Crucero_Alto,2017-11-27,9.25,19.86,1.35,41.26,0.39,1.68,60.13,-15.77948,-70.91799,4470
Crucero_Alto,2017-11-28,6.62,14.9,1.09,62.49,2.09,2.55,60.26,-15.77948,-70.91799,4470
Crucero_Alto,2017-11-29,8.0,17.17,1.05,59.51,0.08,2.23,60.23,-15.77948,-70.91799,4470
Crucero_Alto,2017-11-30,8.45,18.03,0.89,56.81,1.55,3.1,60.08,-15.77948,-70.91799,4470
Crucero_Alto,2017-12-01,8.04,19.61,-0.22,38.7,0.11,3.15,60.02,-15.77948,-70.91799,4470
Crucero_Alto,2017-12-02,8.03,19.21,-2.56,32.1,0.0,2.18,60.06,-15.77948,-70.91799,4470
Crucero_Alto,2017-12-03,7.0,15.64,1.2,55.9,0.64,2.14,60.02,-15.77948,-70.91799,4470
Crucero_Alto,2017-12-04,7.19,15.68,0.51,49.48,1.06,2.37,60.04,-15.77948,-70.91799,4470
Crucero_Alto,2017-12-05,5.58,14.3,1.1,60.22,0.31,1.85,60.18,-15.77948,-70.91799,4470
Crucero_Alto,2017-12-06,8.35,17.56,0.94,43.42,0.01,1.63,60.18,-15.77948,-70.91799,4470
Crucero_Alto,2017-12-07,7.41,15.61,1.55,47.98,0.17,2.33,60.14,-15.77948,-70.91799,4470
Crucero_Alto,2017-12-08,7.81,16.77,-0.69,45.19,0.01,2.08,60.15,-15.77948,-70.91799,4470
Crucero_Alto,2017-12-09,8.24,19.82,-0.48,49.68,8.0,2.81,60.2,-15.77948,-70.91799,4470
Crucero_Alto,2017-12-10,7.58,19.62,-2.86,36.7,0.0,3.03,60.22,-15.77948,-70.91799,4470
Crucero_Alto,2017-12-11,8.58,19.48,-1.97,35.87,0.0,1.96,60.17,-15.77948,-70.91799,4470
Crucero_Alto,2017-12-12,9.61,18.45,2.29,56.5,0.0,1.99,60.16,-15.77948,-70.91799,4470
Crucero_Alto,2017-12-13,9.96,18.14,3.11,52.13,0.0,2.63,60.24,-15.77948,-70.91799,4470
Crucero_Alto,2017-12-14,9.72,19.71,3.52,56.52,0.02,2.74,60.27,-15.77948,-70.91799,4470
Crucero_Alto,2017-12-15,8.01,15.47,3.1,62.87,0.01,2.84,60.25,-15.77948,-70.91799,4470
Crucero_Alto,2017-12-16,9.69,18.47,2.13,52.15,0.0,2.58,60.14,-15.77948,-70.91799,4470
Crucero_Alto,2017-12-17,8.67,16.22,2.05,58.64,1.61,3.52,60.17,-15.77948,-70.91799,4470
Crucero_Alto,2017-12-18,6.93,14.41,2.29,68.48,0.03,2.96,60.17,-15.77948,-70.91799,4470
Crucero_Alto,2017-12-19,5.3,11.68,1.48,75.22,0.84,2.31,60.18,-15.77948,-70.91799,4470
Crucero_Alto,2017-12-20,7.56,16.63,1.67,69.62,24.11,1.82,60.08,-15.77948,-70.91799,4470
Crucero_Alto,2017-12-21,6.25,13.77,0.92,72.23,21.48,2.54,60.09,-15.77948,-70.91799,4470
Crucero_Alto,2017-12-22,6.96,17.69,-1.32,60.16,4.5,3.64,60.08,-15.77948,-70.91799,4470
Crucero_Alto,2017-12-23,7.1,17.89,-0.05,49.86,0.02,3.3,60.1,-15.77948,-70.91799,4470
Crucero_Alto,2017-12-24,7.04,18.74,-1.92,51.97,0.09,3.4,60.13,-15.77948,-70.91799,4470
Crucero_Alto,2017-12-25,8.25,18.73,-0.87,42.01,0.03,1.91,60.04,-15.77948,-70.91799,4470
Crucero_Alto,2017-12-26,5.53,11.64,0.79,64.96,3.23,2.92,60.1,-15.77948,-70.91799,4470
Crucero_Alto,2017-12-27,6.16,13.14,0.38,72.09,2.06,1.29,60.1,-15.77948,-70.91799,4470
Crucero_Alto,2017-12-28,6.84,15.44,0.29,67.56,1.65,2.28,60.11,-15.77948,-70.91799,4470
Crucero_Alto,2017-12-29,7.48,14.38,2.0,69.0,0.32,2.98,60.14,-15.77948,-70.91799,4470
Crucero_Alto,2017-12-30,8.31,16.22,3.1,64.43,1.12,1.85,60.15,-15.77948,-70.91799,4470
Crucero_Alto,2017-12-31,9.07,17.76,1.46,60.58,0.32,2.21,60.12,-15.77948,-70.91799,4470
Crucero_Alto,2018-01-01,8.12,17.17,2.32,66.62,6.68,2.64,60.13,-15.77948,-70.91799,4470
Crucero_Alto,2018-01-02,6.5,15.49,-0.17,63.75,2.09,3.96,60.1,-15.77948,-70.91799,4470
Crucero_Alto,2018-01-03,6.37,13.81,-1.27,63.81,0.0,1.94,60.09,-15.77948,-70.91799,4470
Crucero_Alto,2018-01-04,8.29,16.12,2.39,63.81,0.0,1.54,60.16,-15.77948,-70.91799,4470
Crucero_Alto,2018-01-05,8.3,19.2,0.07,59.69,0.19,3.17,60.19,-15.77948,-70.91799,4470
Crucero_Alto,2018-01-06,7.98,18.82,-0.06,57.61,3.18,1.86,60.15,-15.77948,-70.91799,4470
Crucero_Alto,2018-01-07,4.62,8.82,1.13,77.43,5.06,2.05,60.17,-15.77948,-70.91799,4470
Crucero_Alto,2018-01-08,6.54,14.02,0.81,71.23,1.44,2.65,60.13,-15.77948,-70.91799,4470
Crucero_Alto,2018-01-09,6.87,15.21,2.29,69.58,0.09,2.35,60.08,-15.77948,-70.91799,4470
Crucero_Alto,2018-01-10,7.44,15.97,1.23,64.64,0.01,1.52,60.09,-15.77948,-70.91799,4470
Crucero_Alto,2018-01-11,6.49,13.71,3.16,72.95,6.81,2.09,60.15,-15.77948,-70.91799,4470
Crucero_Alto,2018-01-12,6.59,14.68,1.41,70.46,7.28,2.41,60.1,-15.77948,-70.91799,4470
Crucero_Alto,2018-01-13,5.71,15.19,-1.67,67.97,1.9,4.29,60.04,-15.77948,-70.91799,4470
Crucero_Alto,2018-01-14,6.46,17.61,-1.89,61.19,1.31,2.83,60.03,-15.77948,-70.91799,4470
Crucero_Alto,2018-01-15,5.1,12.07,-1.52,77.34,11.56,1.98,60.05,-15.77948,-70.91799,4470
Crucero_Alto,2018-01-16,6.6,13.8,0.95,71.73,1.27,2.17,60.15,-15.77948,-70.91799,4470
Crucero_Alto,2018-01-17,8.64,16.11,2.97,65.23,0.1,2.71,60.14,-15.77948,-70.91799,4470
Crucero_Alto,2018-01-18,8.08,14.44,3.66,68.9,0.2,3.27,60.16,-15.77948,-70.91799,4470
Crucero_Alto,2018-01-19,7.96,15.7,3.05,68.76,0.36,3.22,60.15,-15.77948,-70.91799,4470
Crucero_Alto,2018-01-20,7.2,15.21,2.66,69.97,1.11,2.47,60.13,-15.77948,-70.91799,4470
Crucero_Alto,2018-01-21,7.71,14.42,2.77,69.35,1.18,1.83,60.07,-15.77948,-70.91799,4470
Crucero_Alto,2018-01-22,7.77,14.05,3.8,68.32,3.95,2.17,59.98,-15.77948,-70.91799,4470
Crucero_Alto,2018-01-23,5.79,13.57,1.43,74.21,6.75,2.83,59.99,-15.77948,-70.91799,4470
Crucero_Alto,2018-01-24,4.59,12.97,0.84,77.31,2.43,1.96,60.1,-15.77948,-70.91799,4470
Crucero_Alto,2018-01-25,6.6,16.29,0.03,68.31,3.94,1.64,60.19,-15.77948,-70.91799,4470
Crucero_Alto,2018-01-26,6.59,15.88,-0.26,63.19,0.31,2.73,60.15,-15.77948,-70.91799,4470
Crucero_Alto,2018-01-27,6.8,17.01,-2.15,58.77,0.06,3.45,60.08,-15.77948,-70.91799,4470
Crucero_Alto,2018-01-28,6.5,16.68,-1.87,57.78,1.06,2.57,59.97,-15.77948,-70.91799,4470
Crucero_Alto,2018-01-29,6.15,14.52,-0.82,54.69,0.02,2.31,59.98,-15.77948,-70.91799,4470
Crucero_Alto,2018-01-30,7.31,17.44,-0.23,63.29,0.01,2.74,60.0,-15.77948,-70.91799,4470
Crucero_Alto,2018-01-31,7.48,16.65,0.83,62.61,5.0,2.52,60.07,-15.77948,-70.91799,4470
Crucero_Alto,2018-02-01,6.36,14.0,0.76,68.28,0.9,3.1,60.09,-15.77948,-70.91799,4470
Crucero_Alto,2018-02-02,7.13,16.56,0.57,59.59,0.22,3.18,60.12,-15.77948,-70.91799,4470
Crucero_Alto,2018-02-03,7.14,16.55,-0.43,61.18,1.08,2.18,60.12,-15.77948,-70.91799,4470
Crucero_Alto,2018-02-04,8.84,17.57,1.2,65.29,0.05,1.67,60.13,-15.77948,-70.91799,4470
Crucero_Alto,2018-02-05,9.92,16.69,4.05,66.56,0.0,1.42,60.12,-15.77948,-70.91799,4470
Crucero_Alto,2018-02-06,8.83,16.31,2.65,68.96,0.88,1.94,60.1,-15.77948,-70.91799,4470
Crucero_Alto,2018-02-07,7.69,17.26,0.25,68.25,1.16,3.12,60.12,-15.77948,-70.91799,4470
Crucero_Alto,2018-02-08,5.66,14.07,1.4,75.62,0.8,2.72,60.04,-15.77948,-70.91799,4470
Crucero_Alto,2018-02-09,5.95,12.12,0.88,73.81,2.13,1.86,60.02,-15.77948,-70.91799,4470
Crucero_Alto,2018-02-10,6.98,17.49,-1.75,66.33,5.23,2.3,60.05,-15.77948,-70.91799,4470
Crucero_Alto,2018-02-11,6.92,16.28,-1.03,59.26,3.25,2.47,60.15,-15.77948,-70.91799,4470
Crucero_Alto,2018-02-12,7.07,16.72,0.06,72.24,5.55,1.34,60.17,-15.77948,-70.91799,4470
Crucero_Alto,2018-02-13,5.6,10.91,1.36,78.32,3.87,1.8,60.25,-15.77948,-70.91799,4470
Crucero_Alto,2018-02-14,7.23,14.04,2.38,75.52,6.73,3.75,60.26,-15.77948,-70.91799,4470
Crucero_Alto,2018-02-15,6.38,10.78,2.61,77.72,3.27,2.75,60.23,-15.77948,-70.91799,4470
Crucero_Alto,2018-02-16,6.53,15.5,1.63,75.31,8.77,1.85,60.27,-15.77948,-70.91799,4470
Crucero_Alto,2018-02-17,7.59,15.14,1.92,70.69,2.98,1.52,60.16,-15.77948,-70.91799,4470
Crucero_Alto,2018-02-18,7.14,15.57,-0.45,70.67,3.4,2.45,60.08,-15.77948,-70.91799,4470
Crucero_Alto,2018-02-19,5.52,18.31,-6.25,52.41,0.42,1.99,60.03,-15.77948,-70.91799,4470
Crucero_Alto,2018-02-20,6.2,15.91,-2.42,66.27,1.37,1.54,60.08,-15.77948,-70.91799,4470
Crucero_Alto,2018-02-21,6.34,13.57,0.83,73.19,6.72,1.84,60.16,-15.77948,-70.91799,4470
Crucero_Alto,2018-02-22,5.58,12.25,2.29,79.19,7.6,2.0,60.15,-15.77948,-70.91799,4470
Crucero_Alto,2018-02-23,6.24,15.14,0.99,72.91,3.08,2.25,60.11,-15.77948,-70.91799,4470
Crucero_Alto,2018-02-24,5.86,14.71,-1.58,69.76,5.77,1.8,60.08,-15.77948,-70.91799,4470
Crucero_Alto,2018-02-25,7.3,15.98,0.44,68.4,0.51,2.03,60.1,-15.77948,-70.91799,4470
Crucero_Alto,2018-02-26,7.95,15.77,2.0,70.4,0.99,2.22,60.12,-15.77948,-70.91799,4470
Crucero_Alto,2018-02-27,7.14,15.68,1.79,73.1,1.02,1.7,60.09,-15.77948,-70.91799,4470
Crucero_Alto,2018-02-28,7.5,17.29,0.25,66.16,0.14,1.7,60.08,-15.77948,-70.91799,4470
Crucero_Alto,2018-03-01,7.12,16.42,1.68,71.21,2.0,1.63,60.15,-15.77948,-70.91799,4470
Crucero_Alto,2018-03-02,7.76,15.48,1.39,69.23,3.2,1.75,60.22,-15.77948,-70.91799,4470
Crucero_Alto,2018-03-03,8.11,15.81,2.32,70.39,1.43,2.19,60.15,-15.77948,-70.91799,4470
Crucero_Alto,2018-03-04,7.16,14.05,2.42,73.43,3.63,1.59,60.12,-15.77948,-70.91799,4470
Crucero_Alto,2018-03-05,6.79,15.22,1.98,76.12,5.36,1.78,60.05,-15.77948,-70.91799,4470
Crucero_Alto,2018-03-06,6.09,15.5,0.93,74.69,20.09,2.03,60.05,-15.77948,-70.91799,4470
Crucero_Alto,2018-03-07,5.26,12.18,0.35,78.7,9.92,1.64,60.16,-15.77948,-70.91799,4470
Crucero_Alto,2018-03-08,6.37,14.83,0.79,76.05,5.58,1.67,60.2,-15.77948,-70.91799,4470
Crucero_Alto,2018-03-09,6.29,14.83,0.58,75.81,8.84,2.05,60.21,-15.77948,-70.91799,4470
Crucero_Alto,2018-03-10,5.46,10.25,-0.06,74.97,0.14,1.71,60.21,-15.77948,-70.91799,4470
Crucero_Alto,2018-03-11,8.07,14.95,2.44,75.41,0.0,2.37,60.19,-15.77948,-70.91799,4470
Crucero_Alto,2018-03-12,7.86,14.31,3.07,76.36,3.63,1.96,60.18,-15.77948,-70.91799,4470
Crucero_Alto,2018-03-13,6.65,13.86,1.92,74.69,0.24,2.11,60.19,-15.77948,-70.91799,4470
Crucero_Alto,2018-03-14,6.22,14.47,0.76,75.33,7.06,2.1,60.21,-15.77948,-70.91799,4470
Crucero_Alto,2018-03-15,6.69,13.32,1.23,77.71,5.06,2.12,60.19,-15.77948,-70.91799,4470
Crucero_Alto,2018-03-16,5.66,14.58,1.26,78.93,5.12,2.07,60.16,-15.77948,-70.91799,4470
Crucero_Alto,2018-03-17,6.55,15.92,0.97,74.05,0.75,1.82,60.11,-15.77948,-70.91799,4470
Crucero_Alto,2018-03-18,5.99,14.8,0.78,75.73,0.53,1.69,60.05,-15.77948,-70.91799,4470
Crucero_Alto,2018-03-19,6.08,11.42,3.47,83.18,0.31,2.61,60.04,-15.77948,-70.91799,4470
Crucero_Alto,2018-03-20,7.44,15.28,3.45,79.01,0.73,2.96,60.1,-15.77948,-70.91799,4470
Crucero_Alto,2018-03-21,6.55,12.9,1.95,80.95,7.85,3.82,60.22,-15.77948,-70.91799,4470
Crucero_Alto,2018-03-22,7.95,15.81,2.1,72.63,1.59,1.53,60.24,-15.77948,-70.91799,4470
Crucero_Alto,2018-03-23,7.62,14.36,2.36,72.72,0.0,1.83,60.16,-15.77948,-70.91799,4470
Crucero_Alto,2018-03-24,7.84,14.86,2.43,70.16,2.05,1.53,60.16,-15.77948,-70.91799,4470
Crucero_Alto,2018-03-25,7.19,14.34,1.74,71.92,0.13,2.12,60.17,-15.77948,-70.91799,4470
Crucero_Alto,2018-03-26,6.97,16.75,0.91,68.27,0.0,2.03,60.15,-15.77948,-70.91799,4470
Crucero_Alto,2018-03-27,6.34,17.34,-2.54,62.89,0.25,1.24,60.11,-15.77948,-70.91799,4470
Crucero_Alto,2018-03-28,4.8,16.33,-3.74,67.46,0.04,2.72,60.12,-15.77948,-70.91799,4470
Crucero_Alto,2018-03-29,4.0,16.34,-5.85,51.6,0.0,2.25,60.15,-15.77948,-70.91799,4470
Crucero_Alto,2018-03-30,4.11,15.73,-3.91,53.36,4.0,2.71,60.16,-15.77948,-70.91799,4470
Crucero_Alto,2018-03-31,2.71,14.99,-6.35,50.07,0.07,2.25,60.12,-15.77948,-70.91799,4470
Crucero_Alto,2018-04-01,3.27,15.78,-6.78,51.06,0.0,2.01,60.1,-15.77948,-70.91799,4470
Crucero_Alto,2018-04-02,4.64,16.76,-3.85,52.75,0.02,1.62,60.12,-15.77948,-70.91799,4470
Crucero_Alto,2018-04-03,4.22,15.74,-4.54,56.85,0.0,2.24,60.17,-15.77948,-70.91799,4470
Crucero_Alto,2018-04-04,3.82,16.07,-4.91,56.85,0.0,2.44,60.19,-15.77948,-70.91799,4470
Crucero_Alto,2018-04-05,4.25,15.86,-4.34,44.88,0.0,1.89,60.19,-15.77948,-70.91799,4470
Crucero_Alto,2018-04-06,5.65,14.66,-1.68,67.26,0.01,1.42,60.18,-15.77948,-70.91799,4470
Crucero_Alto,2018-04-07,6.57,14.36,0.1,67.68,0.01,2.12,60.22,-15.77948,-70.91799,4470
Crucero_Alto,2018-04-08,6.06,14.27,0.33,67.29,0.0,2.83,60.28,-15.77948,-70.91799,4470
Crucero_Alto,2018-04-09,5.41,12.83,0.2,73.76,0.0,3.29,60.29,-15.77948,-70.91799,4470
Crucero_Alto,2018-04-10,6.37,14.12,0.83,71.23,0.0,1.97,60.32,-15.77948,-70.91799,4470
Crucero_Alto,2018-04-11,7.45,16.78,0.57,62.73,0.0,1.48,60.25,-15.77948,-70.91799,4470
Crucero_Alto,2018-04-12,6.88,16.33,-0.69,67.04,0.06,2.66,60.27,-15.77948,-70.91799,4470
Crucero_Alto,2018-04-13,5.8,12.59,1.9,76.59,1.61,3.56,60.38,-15.77948,-70.91799,4470
Crucero_Alto,2018-04-14,5.69,14.19,0.05,69.75,0.16,2.99,60.43,-15.77948,-70.91799,4470
Crucero_Alto,2018-04-15,5.76,14.83,-1.75,69.63,0.0,2.51,60.48,-15.77948,-70.91799,4470
Crucero_Alto,2018-04-16,6.05,15.65,-0.67,70.07,0.0,1.83,60.43,-15.77948,-70.91799,4470
Crucero_Alto,2018-04-17,7.11,16.78,-1.54,61.89,0.0,1.3,60.3,-15.77948,-70.91799,4470
Crucero_Alto,2018-04-18,6.85,15.17,0.25,67.18,0.0,1.42,60.3,-15.77948,-70.91799,4470
Crucero_Alto,2018-04-19,6.54,15.33,0.64,66.05,0.0,1.44,60.32,-15.77948,-70.91799,4470
Crucero_Alto,2018-04-20,6.97,15.92,0.47,64.27,0.0,1.47,60.26,-15.77948,-70.91799,4470
Crucero_Alto,2018-04-21,6.41,14.43,1.02,71.56,0.0,2.19,60.27,-15.77948,-70.91799,4470
Crucero_Alto,2018-04-22,5.81,13.37,0.35,71.21,0.0,1.24,60.26,-15.77948,-70.91799,4470
Crucero_Alto,2018-04-23,5.25,12.28,1.06,74.88,0.0,2.3,60.29,-15.77948,-70.91799,4470
Crucero_Alto,2018-04-24,5.48,13.01,0.79,74.86,2.09,1.66,60.32,-15.77948,-70.91799,4470
Crucero_Alto,2018-04-25,4.51,12.56,0.29,78.88,9.02,1.24,60.33,-15.77948,-70.91799,4470
Crucero_Alto,2018-04-26,5.39,13.02,0.44,76.78,2.13,1.2,60.37,-15.77948,-70.91799,4470
Crucero_Alto,2018-04-27,5.29,12.85,1.04,78.15,0.26,1.22,60.34,-15.77948,-70.91799,4470
Crucero_Alto,2018-04-28,5.98,13.37,0.67,73.04,4.54,2.02,60.36,-15.77948,-70.91799,4470
Crucero_Alto,2018-04-29,6.03,13.46,1.16,72.99,1.59,2.08,60.39,-15.77948,-70.91799,4470
Crucero_Alto,2018-04-30,6.19,14.64,-0.14,71.37,0.0,1.83,60.38,-15.77948,-70.91799,4470
Crucero_Alto,2018-05-01,5.72,14.05,-1.57,64.41,0.0,2.52,60.43,-15.77948,-70.91799,4470
Crucero_Alto,2018-05-02,6.03,15.16,-2.01,54.2,0.01,1.76,60.41,-15.77948,-70.91799,4470
Crucero_Alto,2018-05-03,6.2,15.17,-0.99,63.82,0.04,1.31,60.32,-15.77948,-70.91799,4470
Crucero_Alto,2018-05-04,5.26,15.29,-2.53,53.13,2.38,2.12,60.26,-15.77948,-70.91799,4470
Crucero_Alto,2018-05-05,4.56,9.79,0.46,76.56,8.8,1.57,60.34,-15.77948,-70.91799,4470
Crucero_Alto,2018-05-06,4.88,12.84,-1.35,71.59,3.14,1.2,60.41,-15.77948,-70.91799,4470
Crucero_Alto,2018-05-07,5.65,14.16,-0.47,65.29,0.07,1.16,60.39,-15.77948,-70.91799,4470
Crucero_Alto,2018-05-08,4.29,12.07,-0.5,79.38,9.45,1.75,60.3,-15.77948,-70.91799,4470
Crucero_Alto,2018-05-09,3.47,10.62,-2.09,81.09,2.38,1.55,60.36,-15.77948,-70.91799,4470
Crucero_Alto,2018-05-10,3.82,14.52,-4.06,61.92,0.0,2.04,60.36,-15.77948,-70.91799,4470
Crucero_Alto,2018-05-11,4.69,15.48,-2.19,34.07,0.0,1.31,60.34,-15.77948,-70.91799,4470
Crucero_Alto,2018-05-12,3.21,14.2,-4.07,39.38,0.0,1.61,60.33,-15.77948,-70.91799,4470
Crucero_Alto,2018-05-13,1.48,12.62,-6.23,45.95,0.0,2.53,60.26,-15.77948,-70.91799,4470
Crucero_Alto,2018-05-14,1.21,12.14,-6.3,38.29,0.0,2.63,60.21,-15.77948,-70.91799,4470
Crucero_Alto,2018-05-15,2.61,13.45,-4.76,29.14,0.0,1.87,60.27,-15.77948,-70.91799,4470
Crucero_Alto,2018-05-16,4.04,13.35,-2.03,32.73,0.0,1.12,60.28,-15.77948,-70.91799,4470
Crucero_Alto,2018-05-17,4.29,14.35,-2.55,54.93,0.0,1.03,60.24,-15.77948,-70.91799,4470
Crucero_Alto,2018-05-18,2.11,13.47,-4.71,33.6,0.0,1.9,60.23,-15.77948,-70.91799,4470
Crucero_Alto,2018-05-19,3.24,12.67,-4.39,45.55,0.02,1.85,60.31,-15.77948,-70.91799,4470
Crucero_Alto,2018-05-20,3.03,14.0,-4.34,60.15,0.0,2.05,60.28,-15.77948,-70.91799,4470
Crucero_Alto,2018-05-21,2.19,13.27,-5.54,47.19,0.0,1.82,60.23,-15.77948,-70.91799,4470
Crucero_Alto,2018-05-22,4.28,14.47,-3.82,41.83,0.0,1.19,60.22,-15.77948,-70.91799,4470
Crucero_Alto,2018-05-23,3.88,13.41,-2.88,60.61,0.0,1.93,60.33,-15.77948,-70.91799,4470
Crucero_Alto,2018-05-24,4.4,13.42,-2.93,63.5,0.0,1.15,60.37,-15.77948,-70.91799,4470
Crucero_Alto,2018-05-25,5.2,14.41,-2.43,53.58,0.0,1.06,60.32,-15.77948,-70.91799,4470
Crucero_Alto,2018-05-26,5.6,14.29,-1.24,51.89,0.0,0.93,60.27,-15.77948,-70.91799,4470
Crucero_Alto,2018-05-27,5.23,14.46,-1.76,52.56,0.0,1.12,60.27,-15.77948,-70.91799,4470
Crucero_Alto,2018-05-28,3.06,13.7,-4.45,52.73,0.0,2.27,60.33,-15.77948,-70.91799,4470
Crucero_Alto,2018-05-29,1.17,11.89,-5.82,41.38,0.0,2.61,60.31,-15.77948,-70.91799,4470
Crucero_Alto,2018-05-30,1.47,12.63,-5.93,30.01,0.0,2.02,60.24,-15.77948,-70.91799,4470
Crucero_Alto,2018-05-31,2.11,12.64,-4.32,26.36,0.0,2.1,60.19,-15.77948,-70.91799,4470
Crucero_Alto,2018-06-01,3.42,13.0,-3.43,23.67,0.0,1.28,60.14,-15.77948,-70.91799,4470
Crucero_Alto,2018-06-02,3.77,12.56,-1.79,48.44,0.25,1.68,60.18,-15.77948,-70.91799,4470
Crucero_Alto,2018-06-03,1.85,9.23,-2.65,77.77,3.69,1.35,60.31,-15.77948,-70.91799,4470
Crucero_Alto,2018-06-04,2.42,8.8,-2.59,81.6,0.43,1.84,60.39,-15.77948,-70.91799,4470
Crucero_Alto,2018-06-05,3.63,11.84,-2.79,71.56,0.12,2.32,60.29,-15.77948,-70.91799,4470
Crucero_Alto,2018-06-06,2.76,11.45,-3.6,77.54,0.06,2.47,60.17,-15.77948,-70.91799,4470
Crucero_Alto,2018-06-07,2.94,11.89,-2.84,68.83,0.46,2.47,60.25,-15.77948,-70.91799,4470
Crucero_Alto,2018-06-08,1.71,10.51,-4.29,74.89,0.42,2.74,60.27,-15.77948,-70.91799,4470
Crucero_Alto,2018-06-09,0.49,6.43,-3.8,79.94,1.27,2.35,60.25,-15.77948,-70.91799,4470
Crucero_Alto,2018-06-10,1.27,8.31,-4.71,77.01,1.08,2.68,60.19,-15.77948,-70.91799,4470
Crucero_Alto,2018-06-11,0.44,10.37,-5.59,72.69,0.02,3.07,60.2,-15.77948,-70.91799,4470
Crucero_Alto,2018-06-12,1.04,8.59,-5.13,73.65,0.15,1.72,60.22,-15.77948,-70.91799,4470
Crucero_Alto,2018-06-13,2.75,10.86,-2.92,76.4,0.01,2.69,60.21,-15.77948,-70.91799,4470
Crucero_Alto,2018-06-14,3.07,12.28,-3.76,65.88,0.0,3.56,60.2,-15.77948,-70.91799,4470
Crucero_Alto,2018-06-15,3.12,11.62,-3.6,70.41,0.0,2.11,60.29,-15.77948,-70.91799,4470
Crucero_Alto,2018-06-16,4.0,12.96,-2.46,69.45,0.0,1.62,60.34,-15.77948,-70.91799,4470
Crucero_Alto,2018-06-17,4.26,13.83,-2.77,63.24,0.0,1.34,60.37,-15.77948,-70.91799,4470
Crucero_Alto,2018-06-18,4.11,13.1,-3.54,64.38,0.0,0.97,60.43,-15.77948,-70.91799,4470
Crucero_Alto,2018-06-19,3.1,10.85,-3.53,71.01,0.0,0.86,60.43,-15.77948,-70.91799,4470
Crucero_Alto,2018-06-20,4.05,12.58,-2.21,63.32,0.0,1.26,60.34,-15.77948,-70.91799,4470
Crucero_Alto,2018-06-21,3.34,13.1,-4.46,61.65,0.0,2.12,60.32,-15.77948,-70.91799,4470
Crucero_Alto,2018-06-22,3.53,14.17,-3.58,61.88,0.0,1.71,60.27,-15.77948,-70.91799,4470
Crucero_Alto,2018-06-23,2.68,13.5,-4.72,50.57,0.0,1.85,60.2,-15.77948,-70.91799,4470
Crucero_Alto,2018-06-24,3.43,12.88,-2.75,54.7,0.0,1.76,60.21,-15.77948,-70.91799,4470
Crucero_Alto,2018-06-25,2.98,12.35,-3.53,64.09,0.01,1.91,60.27,-15.77948,-70.91799,4470
Crucero_Alto,2018-06-26,3.19,13.87,-3.6,55.04,0.03,2.01,60.19,-15.77948,-70.91799,4470
Crucero_Alto,2018-06-27,3.63,14.13,-3.47,55.81,0.04,2.17,60.17,-15.77948,-70.91799,4470
Crucero_Alto,2018-06-28,3.62,13.65,-3.18,64.93,0.02,1.66,60.23,-15.77948,-70.91799,4470
Crucero_Alto,2018-06-29,4.82,14.17,-3.34,52.46,0.0,0.67,60.27,-15.77948,-70.91799,4470
Crucero_Alto,2018-06-30,4.96,14.21,-1.92,52.95,0.0,0.9,60.23,-15.77948,-70.91799,4470
Crucero_Alto,2018-07-01,4.94,14.2,-2.25,44.8,0.0,1.0,60.21,-15.77948,-70.91799,4470
Crucero_Alto,2018-07-02,4.06,13.17,-2.09,55.62,0.01,2.24,60.22,-15.77948,-70.91799,4470
Crucero_Alto,2018-07-03,3.93,13.62,-3.52,56.21,0.02,2.22,60.24,-15.77948,-70.91799,4470
Crucero_Alto,2018-07-04,4.18,14.27,-4.32,55.17,0.0,1.79,60.22,-15.77948,-70.91799,4470
Crucero_Alto,2018-07-05,4.78,14.39,-3.01,59.73,0.0,1.58,60.31,-15.77948,-70.91799,4470
Crucero_Alto,2018-07-06,5.54,14.27,-1.11,57.7,0.0,1.72,60.34,-15.77948,-70.91799,4470
Crucero_Alto,2018-07-07,5.07,14.12,-1.47,59.45,0.0,2.12,60.31,-15.77948,-70.91799,4470
Crucero_Alto,2018-07-08,4.57,13.73,-4.02,54.48,0.0,1.35,60.31,-15.77948,-70.91799,4470
Crucero_Alto,2018-07-09,4.33,12.31,-1.34,58.26,0.0,0.95,60.33,-15.77948,-70.91799,4470
Crucero_Alto,2018-07-10,3.25,10.17,-2.99,61.46,0.0,0.92,60.29,-15.77948,-70.91799,4470
Crucero_Alto,2018-07-11,3.01,10.61,-1.86,70.55,0.01,1.52,60.21,-15.77948,-70.91799,4470
Crucero_Alto,2018-07-12,2.4,10.43,-3.11,72.06,0.01,2.03,60.27,-15.77948,-70.91799,4470
Crucero_Alto,2018-07-13,2.45,10.08,-3.24,71.35,0.0,2.33,60.3,-15.77948,-70.91799,4470
Crucero_Alto,2018-07-14,1.58,10.55,-4.57,72.48,0.12,2.73,60.26,-15.77948,-70.91799,4470
Crucero_Alto,2018-07-15,2.96,12.4,-4.79,59.23,0.0,1.26,60.24,-15.77948,-70.91799,4470
Crucero_Alto,2018-07-16,3.81,12.56,-2.58,63.03,0.0,1.39,60.31,-15.77948,-70.91799,4470
Crucero_Alto,2018-07-17,3.65,13.52,-4.78,54.51,0.01,2.08,60.27,-15.77948,-70.91799,4470
Crucero_Alto,2018-07-18,2.7,10.78,-2.82,69.33,0.02,2.62,60.15,-15.77948,-70.91799,4470
Crucero_Alto,2018-07-19,1.97,9.79,-3.08,78.28,0.45,3.09,60.1,-15.77948,-70.91799,4470
Crucero_Alto,2018-07-20,1.57,9.33,-3.36,80.2,1.42,2.16,60.12,-15.77948,-70.91799,4470
Crucero_Alto,2018-07-21,0.25,5.23,-2.72,86.45,0.77,2.52,60.14,-15.77948,-70.91799,4470
Crucero_Alto,2018-07-22,2.65,12.2,-4.41,64.4,0.1,1.8,60.25,-15.77948,-70.91799,4470
Crucero_Alto,2018-07-23,3.9,12.36,-2.29,59.76,0.04,2.3,60.28,-15.77948,-70.91799,4470
Crucero_Alto,2018-07-24,3.63,13.86,-3.46,62.43,0.0,2.36,60.35,-15.77948,-70.91799,4470
Crucero_Alto,2018-07-25,4.03,13.15,-3.65,58.52,0.0,1.36,60.37,-15.77948,-70.91799,4470
Crucero_Alto,2018-07-26,3.9,13.62,-3.29,57.68,0.02,1.91,60.31,-15.77948,-70.91799,4470
Crucero_Alto,2018-07-27,3.18,13.86,-4.48,60.6,0.02,2.02,60.33,-15.77948,-70.91799,4470
Crucero_Alto,2018-07-28,3.35,14.61,-4.34,54.66,0.0,2.01,60.31,-15.77948,-70.91799,4470
Crucero_Alto,2018-07-29,3.26,14.75,-4.19,46.32,0.03,2.17,60.3,-15.77948,-70.91799,4470
Crucero_Alto,2018-07-30,2.36,12.29,-5.81,26.53,0.02,2.59,60.3,-15.77948,-70.91799,4470
Crucero_Alto,2018-07-31,4.55,13.84,-2.53,25.9,0.0,1.03,60.26,-15.77948,-70.91799,4470
Crucero_Alto,2018-08-01,3.27,11.67,-2.39,44.55,0.0,1.56,60.25,-15.77948,-70.91799,4470
Crucero_Alto,2018-08-02,3.48,10.85,-1.13,69.36,0.0,2.06,60.2,-15.77948,-70.91799,4470
Crucero_Alto,2018-08-03,2.84,11.92,-3.69,71.45,0.11,2.72,60.15,-15.77948,-70.91799,4470
Crucero_Alto,2018-08-04,2.29,11.55,-3.69,74.94,0.44,3.37,60.03,-15.77948,-70.91799,4470
Crucero_Alto,2018-08-05,0.82,10.66,-6.02,50.28,0.0,4.74,60.04,-15.77948,-70.91799,4470
Crucero_Alto,2018-08-06,1.86,8.74,-5.91,27.5,0.0,1.35,60.2,-15.77948,-70.91799,4470
Crucero_Alto,2018-08-07,2.71,10.29,-2.04,36.72,0.01,1.71,60.27,-15.77948,-70.91799,4470
Crucero_Alto,2018-08-08,3.65,13.07,-3.74,52.23,0.15,1.14,60.36,-15.77948,-70.91799,4470
Crucero_Alto,2018-08-09,5.21,14.0,-1.46,55.96,0.0,1.08,60.4,-15.77948,-70.91799,4470
Crucero_Alto,2018-08-10,5.25,13.96,-1.99,52.66,0.0,0.79,60.35,-15.77948,-70.91799,4470
Crucero_Alto,2018-08-11,4.75,12.16,-1.64,61.88,0.0,1.37,60.39,-15.77948,-70.91799,4470
Crucero_Alto,2018-08-12,4.07,10.06,-0.97,60.1,0.29,0.9,60.38,-15.77948,-70.91799,4470
Crucero_Alto,2018-08-13,3.7,12.3,-3.32,40.73,0.0,1.94,60.31,-15.77948,-70.91799,4470
Crucero_Alto,2018-08-14,2.65,12.85,-4.14,37.1,0.0,2.04,60.24,-15.77948,-70.91799,4470
Crucero_Alto,2018-08-15,3.54,13.09,-3.68,30.57,0.0,1.75,60.28,-15.77948,-70.91799,4470
Crucero_Alto,2018-08-16,4.65,13.63,-3.15,36.56,0.0,1.25,60.37,-15.77948,-70.91799,4470
Crucero_Alto,2018-08-17,4.34,13.75,-3.28,43.27,0.0,1.51,60.42,-15.77948,-70.91799,4470
Crucero_Alto,2018-08-18,2.59,13.6,-5.71,37.98,0.0,2.42,60.34,-15.77948,-70.91799,4470
Crucero_Alto,2018-08-19,4.17,14.51,-4.11,36.16,0.0,1.73,60.22,-15.77948,-70.91799,4470
Crucero_Alto,2018-08-20,2.79,9.9,-2.04,56.04,4.82,1.52,60.27,-15.77948,-70.91799,4470
Crucero_Alto,2018-08-21,1.66,9.81,-3.88,62.06,0.27,2.07,60.31,-15.77948,-70.91799,4470
Crucero_Alto,2018-08-22,2.13,13.73,-5.56,49.56,0.0,2.64,60.31,-15.77948,-70.91799,4470
Crucero_Alto,2018-08-23,2.28,13.05,-5.71,24.33,0.0,2.87,60.25,-15.77948,-70.91799,4470
Crucero_Alto,2018-08-24,3.65,14.11,-4.66,26.44,0.0,1.56,60.23,-15.77948,-70.91799,4470
Crucero_Alto,2018-08-25,5.2,12.58,-1.15,57.2,0.0,1.87,60.27,-15.77948,-70.91799,4470
Crucero_Alto,2018-08-26,3.79,10.18,-1.21,49.78,0.0,1.47,60.31,-15.77948,-70.91799,4470
Crucero_Alto,2018-08-27,4.92,13.74,-1.97,49.97,0.39,1.1,60.28,-15.77948,-70.91799,4470
Crucero_Alto,2018-08-28,5.32,13.68,-0.79,64.76,0.36,1.46,60.26,-15.77948,-70.91799,4470
Crucero_Alto,2018-08-29,5.05,14.02,-2.55,59.21,0.0,1.71,60.26,-15.77948,-70.91799,4470
Crucero_Alto,2018-08-30,4.58,14.63,-3.78,48.8,0.0,2.15,60.25,-15.77948,-70.91799,4470
Crucero_Alto,2018-08-31,4.54,13.93,-2.42,48.54,0.0,1.75,60.22,-15.77948,-70.91799,4470
Crucero_Alto,2018-09-01,3.0,13.13,-5.97,40.65,0.0,3.77,60.22,-15.77948,-70.91799,4470
Crucero_Alto,2018-09-02,4.04,14.82,-7.02,17.53,0.0,2.13,60.27,-15.77948,-70.91799,4470
Crucero_Alto,2018-09-03,4.29,13.93,-2.93,47.12,0.0,2.58,60.32,-15.77948,-70.91799,4470
Crucero_Alto,2018-09-04,4.74,14.75,-4.67,54.96,0.0,1.16,60.27,-15.77948,-70.91799,4470
Crucero_Alto,2018-09-05,5.86,15.54,-2.58,43.57,0.0,1.21,60.23,-15.77948,-70.91799,4470
Crucero_Alto,2018-09-06,6.59,16.21,-1.33,43.47,0.0,1.08,60.24,-15.77948,-70.91799,4470
Crucero_Alto,2018-09-07,7.13,16.51,-1.13,41.96,0.0,1.04,60.25,-15.77948,-70.91799,4470
Crucero_Alto,2018-09-08,7.01,15.0,0.87,48.6,0.0,0.91,60.26,-15.77948,-70.91799,4470
Crucero_Alto,2018-09-09,6.45,15.26,-0.63,55.35,0.0,0.93,60.26,-15.77948,-70.91799,4470
Crucero_Alto,2018-09-10,6.75,14.93,0.61,60.48,0.04,1.07,60.27,-15.77948,-70.91799,4470
Crucero_Alto,2018-09-11,6.09,16.15,-0.94,55.33,0.02,2.04,60.27,-15.77948,-70.91799,4470
Crucero_Alto,2018-09-12,4.88,16.47,-3.67,35.01,0.0,1.97,60.25,-15.77948,-70.91799,4470
Crucero_Alto,2018-09-13,4.29,16.36,-5.19,34.59,0.0,2.37,60.18,-15.77948,-70.91799,4470
Crucero_Alto,2018-09-14,4.86,16.15,-3.11,36.44,0.0,2.1,60.12,-15.77948,-70.91799,4470
Crucero_Alto,2018-09-15,4.42,15.2,-4.0,42.72,0.06,2.6,60.11,-15.77948,-70.91799,4470
Crucero_Alto,2018-09-16,4.24,15.0,-3.58,39.45,0.0,3.39,60.13,-15.77948,-70.91799,4470
Crucero_Alto,2018-09-17,3.29,14.67,-4.79,22.42,0.0,2.78,60.19,-15.77948,-70.91799,4470
Crucero_Alto,2018-09-18,3.96,15.44,-5.44,20.37,0.02,1.78,60.15,-15.77948,-70.91799,4470
Crucero_Alto,2018-09-19,4.89,17.01,-4.4,22.62,0.01,1.61,60.21,-15.77948,-70.91799,4470
Crucero_Alto,2018-09-20,5.96,17.35,-3.01,24.34,0.0,1.56,60.25,-15.77948,-70.91799,4470
Crucero_Alto,2018-09-21,7.49,17.1,-1.5,31.33,0.0,1.6,60.23,-15.77948,-70.91799,4470
Crucero_Alto,2018-09-22,6.63,14.51,0.15,55.52,0.0,1.86,60.2,-15.77948,-70.91799,4470
Crucero_Alto,2018-09-23,7.05,16.22,0.14,53.81,0.0,1.56,60.17,-15.77948,-70.91799,4470
Crucero_Alto,2018-09-24,6.3,14.15,-0.29,43.24,0.21,0.91,60.17,-15.77948,-70.91799,4470
Crucero_Alto,2018-09-25,4.7,13.9,-2.93,32.9,0.13,2.23,60.18,-15.77948,-70.91799,4470
Crucero_Alto,2018-09-26,5.1,15.57,-2.16,29.91,0.0,2.42,60.2,-15.77948,-70.91799,4470
Crucero_Alto,2018-09-27,6.02,14.27,-2.82,28.87,0.0,1.45,60.17,-15.77948,-70.91799,4470
Crucero_Alto,2018-09-28,6.46,12.94,-0.11,55.43,0.0,1.75,60.23,-15.77948,-70.91799,4470
Crucero_Alto,2018-09-29,5.86,17.45,-3.61,34.61,0.0,2.1,60.19,-15.77948,-70.91799,4470
Crucero_Alto,2018-09-30,6.9,18.73,-1.52,29.94,0.0,1.21,60.16,-15.77948,-70.91799,4470
Crucero_Alto,2018-10-01,7.26,17.05,-1.93,46.21,0.0,1.87,60.23,-15.77948,-70.91799,4470
Crucero_Alto,2018-10-02,9.03,18.28,-0.25,54.75,0.0,2.44,60.24,-15.77948,-70.91799,4470
Crucero_Alto,2018-10-03,7.51,14.06,3.14,65.73,0.0,3.19,60.24,-15.77948,-70.91799,4470
Crucero_Alto,2018-10-04,6.01,15.46,-1.88,69.02,0.0,2.0,60.24,-15.77948,-70.91799,4470
Crucero_Alto,2018-10-05,4.92,11.04,0.98,79.31,114.36,2.05,60.22,-15.77948,-70.91799,4470
Crucero_Alto,2018-10-06,4.74,11.94,-0.57,73.87,39.86,2.33,60.2,-15.77948,-70.91799,4470
Crucero_Alto,2018-10-07,4.16,12.91,-1.43,72.91,0.96,3.0,60.23,-15.77948,-70.91799,4470
Crucero_Alto,2018-10-08,4.46,14.52,-4.38,66.52,0.0,2.46,60.23,-15.77948,-70.91799,4470
Crucero_Alto,2018-10-09,5.64,15.35,-3.2,68.49,8.48,1.7,60.19,-15.77948,-70.91799,4470
Crucero_Alto,2018-10-10,5.41,13.34,-0.28,74.07,6.98,2.25,60.15,-15.77948,-70.91799,4470
Crucero_Alto,2018-10-11,6.22,14.38,-0.16,64.32,0.38,1.62,60.21,-15.77948,-70.91799,4470
Crucero_Alto,2018-10-12,5.76,12.27,0.17,71.86,0.12,1.47,60.21,-15.77948,-70.91799,4470
Crucero_Alto,2018-10-13,4.71,12.32,0.79,78.77,0.03,1.96,60.24,-15.77948,-70.91799,4470
Crucero_Alto,2018-10-14,6.02,12.84,0.32,70.79,0.19,1.95,60.22,-15.77948,-70.91799,4470
Crucero_Alto,2018-10-15,5.69,14.44,0.02,68.72,0.56,1.81,60.18,-15.77948,-70.91799,4470
Crucero_Alto,2018-10-16,5.37,13.61,-1.5,66.57,0.08,3.64,60.17,-15.77948,-70.91799,4470
Crucero_Alto,2018-10-17,6.28,15.49,-1.83,59.11,0.06,1.71,60.18,-15.77948,-70.91799,4470
Crucero_Alto,2018-10-18,6.6,13.47,0.08,72.09,0.34,2.56,60.23,-15.77948,-70.91799,4470
Crucero_Alto,2018-10-19,6.77,15.0,1.64,73.63,1.32,2.12,60.21,-15.77948,-70.91799,4470
Crucero_Alto,2018-10-20,4.99,11.93,1.03,74.74,0.61,1.79,60.19,-15.77948,-70.91799,4470
Crucero_Alto,2018-10-21,6.95,14.67,0.17,69.83,0.0,2.65,60.13,-15.77948,-70.91799,4470
Crucero_Alto,2018-10-22,7.52,15.11,2.58,69.74,0.01,1.98,60.11,-15.77948,-70.91799,4470
Crucero_Alto,2018-10-23,7.33,16.2,0.83,62.33,0.36,1.86,60.13,-15.77948,-70.91799,4470
Crucero_Alto,2018-10-24,7.03,15.46,-0.22,58.57,0.02,1.9,60.17,-15.77948,-70.91799,4470
Crucero_Alto,2018-10-25,5.26,12.92,-0.48,67.18,0.33,2.37,60.13,-15.77948,-70.91799,4470
Crucero_Alto,2018-10-26,6.69,14.68,-0.55,64.13,0.02,1.3,60.12,-15.77948,-70.91799,4470
Crucero_Alto,2018-10-27,7.42,15.72,1.1,57.92,0.38,1.84,60.19,-15.77948,-70.91799,4470
Crucero_Alto,2018-10-28,6.93,18.1,-1.09,40.49,0.0,1.99,60.23,-15.77948,-70.91799,4470
Crucero_Alto,2018-10-29,7.7,16.94,-0.71,53.25,0.0,1.45,60.19,-15.77948,-70.91799,4470
Crucero_Alto,2018-10-30,7.91,14.52,2.38,62.49,0.0,1.7,60.26,-15.77948,-70.91799,4470
Crucero_Alto,2018-10-31,7.89,16.17,2.71,66.7,0.0,2.1,60.32,-15.77948,-70.91799,4470
Crucero_Alto,2018-11-01,8.2,15.57,2.35,62.93,0.07,2.16,60.24,-15.77948,-70.91799,4470
Crucero_Alto,2018-11-02,6.47,13.59,1.7,69.45,2.26,2.21,60.22,-15.77948,-70.91799,4470
Crucero_Alto,2018-11-03,6.73,17.53,-1.13,58.66,0.04,3.29,60.13,-15.77948,-70.91799,4470
Crucero_Alto,2018-11-04,6.52,16.54,-1.43,55.08,0.0,2.33,60.11,-15.77948,-70.91799,4470
Crucero_Alto,2018-11-05,6.84,16.44,-2.3,59.95,0.14,2.76,60.08,-15.77948,-70.91799,4470
Crucero_Alto,2018-11-06,8.56,17.49,0.93,62.09,0.01,1.74,60.12,-15.77948,-70.91799,4470
Crucero_Alto,2018-11-07,6.65,14.67,1.55,73.83,3.28,2.41,60.16,-15.77948,-70.91799,4470
Crucero_Alto,2018-11-08,8.38,16.36,2.89,66.54,1.29,2.2,60.19,-15.77948,-70.91799,4470
Crucero_Alto,2018-11-09,7.74,14.96,1.02,66.07,0.0,1.59,60.21,-15.77948,-70.91799,4470
Crucero_Alto,2018-11-10,9.13,16.77,2.81,63.5,0.0,1.93,60.15,-15.77948,-70.91799,4470
Crucero_Alto,2018-11-11,7.82,15.2,3.05,66.61,0.0,1.7,60.12,-15.77948,-70.91799,4470
Crucero_Alto,2018-11-12,7.21,16.66,0.18,58.55,0.0,2.86,60.14,-15.77948,-70.91799,4470
Crucero_Alto,2018-11-13,6.64,17.23,-2.61,46.09,0.0,3.17,60.22,-15.77948,-70.91799,4470
Crucero_Alto,2018-11-14,8.07,18.54,-1.18,39.83,0.0,1.54,60.16,-15.77948,-70.91799,4470
Crucero_Alto,2018-11-15,9.55,19.54,0.76,43.85,0.0,1.74,60.1,-15.77948,-70.91799,4470
Crucero_Alto,2018-11-16,7.43,11.49,2.08,66.57,0.0,1.58,60.22,-15.77948,-70.91799,4470
Crucero_Alto,2018-11-17,6.64,16.08,-1.71,45.32,0.0,1.94,60.21,-15.77948,-70.91799,4470
Crucero_Alto,2018-11-18,7.43,17.93,0.36,57.24,0.02,1.82,60.22,-15.77948,-70.91799,4470
Crucero_Alto,2018-11-19,7.51,14.26,3.24,67.49,0.0,1.65,60.21,-15.77948,-70.91799,4470
Crucero_Alto,2018-11-20,8.8,16.82,2.43,63.08,0.0,2.18,60.25,-15.77948,-70.91799,4470
Crucero_Alto,2018-11-21,8.86,17.55,2.88,61.65,0.38,2.34,60.23,-15.77948,-70.91799,4470
Crucero_Alto,2018-11-22,8.59,19.83,0.24,44.08,0.56,2.45,60.2,-15.77948,-70.91799,4470
Crucero_Alto,2018-11-23,7.44,19.78,-2.2,40.2,0.07,2.76,60.14,-15.77948,-70.91799,4470
Crucero_Alto,2018-11-24,8.48,20.03,-2.26,33.1,0.13,1.7,60.1,-15.77948,-70.91799,4470
Crucero_Alto,2018-11-25,7.49,13.44,1.57,66.2,2.51,2.26,60.15,-15.77948,-70.91799,4470
Crucero_Alto,2018-11-26,8.49,18.79,-0.52,42.71,4.24,1.76,60.17,-15.77948,-70.91799,4470
Crucero_Alto,2018-11-27,7.55,15.24,-0.55,57.85,11.61,1.71,60.09,-15.77948,-70.91799,4470
Crucero_Alto,2018-11-28,6.88,17.76,-2.88,46.43,7.79,1.81,60.07,-15.77948,-70.91799,4470
Crucero_Alto,2018-11-29,6.1,17.34,-3.42,41.71,0.93,2.99,60.12,-15.77948,-70.91799,4470
Crucero_Alto,2018-11-30,5.48,16.7,-3.98,38.32,0.01,3.46,60.12,-15.77948,-70.91799,4470
Crucero_Alto,2018-12-01,4.93,17.6,-5.52,32.53,0.01,2.92,60.12,-15.77948,-70.91799,4470
Crucero_Alto,2018-12-02,6.81,17.77,-2.11,45.18,0.01,1.44,60.11,-15.77948,-70.91799,4470
Crucero_Alto,2018-12-03,5.49,16.87,-4.5,37.46,0.0,3.38,60.15,-15.77948,-70.91799,4470
Crucero_Alto,2018-12-04,4.24,16.46,-6.32,30.24,0.0,3.44,60.07,-15.77948,-70.91799,4470
Crucero_Alto,2018-12-05,6.28,18.91,-4.68,35.73,0.0,1.67,60.04,-15.77948,-70.91799,4470
Crucero_Alto,2018-12-06,7.58,18.11,-1.9,46.75,0.0,1.88,60.21,-15.77948,-70.91799,4470
Crucero_Alto,2018-12-07,8.57,16.58,1.4,59.93,0.0,2.84,60.36,-15.77948,-70.91799,4470
Crucero_Alto,2018-12-08,8.51,16.41,2.13,56.88,0.0,3.98,60.43,-15.77948,-70.91799,4470
Crucero_Alto,2018-12-09,9.67,18.04,2.25,47.04,0.0,2.9,60.39,-15.77948,-70.91799,4470
Crucero_Alto,2018-12-10,8.82,17.87,0.3,50.4,0.0,3.3,60.47,-15.77948,-70.91799,4470
Crucero_Alto,2018-12-11,8.99,17.99,0.91,49.01,0.0,2.75,60.51,-15.77948,-70.91799,4470
Crucero_Alto,2018-12-12,9.88,19.04,1.69,50.54,0.0,1.92,60.41,-15.77948,-70.91799,4470
Crucero_Alto,2018-12-13,9.15,16.06,2.71,55.66,0.09,2.05,60.34,-15.77948,-70.91799,4470
Crucero_Alto,2018-12-14,8.23,16.75,1.91,62.6,2.54,2.1,60.28,-15.77948,-70.91799,4470
Crucero_Alto,2018-12-15,5.85,13.78,0.01,72.94,1.87,2.08,60.27,-15.77948,-70.91799,4470
Crucero_Alto,2018-12-16,6.88,16.15,0.85,66.54,1.44,2.28,60.24,-15.77948,-70.91799,4470
Crucero_Alto,2018-12-17,7.6,16.81,1.04,60.95,0.96,2.72,60.19,-15.77948,-70.91799,4470
Crucero_Alto,2018-12-18,6.21,13.91,1.21,67.59,2.71,2.15,60.23,-15.77948,-70.91799,4470
Crucero_Alto,2018-12-19,6.56,15.56,-0.32,69.4,57.18,2.1,60.22,-15.77948,-70.91799,4470
Crucero_Alto,2018-12-20,5.77,15.4,-1.15,59.55,7.81,2.42,60.18,-15.77948,-70.91799,4470
Crucero_Alto,2018-12-21,4.6,14.24,-3.86,66.06,0.0,2.4,60.16,-15.77948,-70.91799,4470
Crucero_Alto,2018-12-22,6.58,17.27,-1.46,55.48,0.01,2.51,60.19,-15.77948,-70.91799,4470
Crucero_Alto,2018-12-23,7.81,18.71,-1.69,53.27,0.9,1.68,60.16,-15.77948,-70.91799,4470
Crucero_Alto,2018-12-24,6.18,11.68,0.84,68.94,0.71,1.94,60.2,-15.77948,-70.91799,4470
Crucero_Alto,2018-12-25,7.69,15.6,1.72,67.09,0.02,1.26,60.15,-15.77948,-70.91799,4470
Crucero_Alto,2018-12-26,6.14,13.95,1.85,76.14,6.61,1.81,60.11,-15.77948,-70.91799,4470
Crucero_Alto,2018-12-27,6.4,13.63,1.26,73.04,3.19,1.55,60.07,-15.77948,-70.91799,4470
Crucero_Alto,2018-12-28,7.83,16.79,0.89,56.72,0.8,2.13,60.08,-15.77948,-70.91799,4470
Crucero_Alto,2018-12-29,5.47,14.19,-1.36,63.52,1.2,3.42,60.1,-15.77948,-70.91799,4470
Crucero_Alto,2018-12-30,4.53,12.92,-1.05,67.66,4.81,3.08,60.05,-15.77948,-70.91799,4470
Crucero_Alto,2018-12-31,6.9,17.0,-0.46,61.8,4.76,1.89,60.06,-15.77948,-70.91799,4470
Crucero_Alto,2019-01-01,7.83,16.47,-0.1,61.41,0.29,1.16,60.13,-15.77948,-70.91799,4470
Crucero_Alto,2019-01-02,9.01,17.12,2.11,67.04,1.02,1.8,60.16,-15.77948,-70.91799,4470
Crucero_Alto,2019-01-03,6.09,14.08,1.62,79.47,11.42,3.6,60.15,-15.77948,-70.91799,4470
Crucero_Alto,2019-01-04,6.81,14.21,1.0,73.74,4.97,3.25,60.21,-15.77948,-70.91799,4470
Crucero_Alto,2019-01-05,7.07,15.53,0.65,68.9,0.54,3.22,60.26,-15.77948,-70.91799,4470
Crucero_Alto,2019-01-06,6.47,17.12,-3.29,57.91,0.08,3.74,60.28,-15.77948,-70.91799,4470
Crucero_Alto,2019-01-07,7.17,19.16,-3.54,53.14,0.01,2.25,60.2,-15.77948,-70.91799,4470
Crucero_Alto,2019-01-08,7.67,16.65,0.21,65.43,0.0,1.75,60.21,-15.77948,-70.91799,4470
Crucero_Alto,2019-01-09,7.97,18.92,-0.5,64.61,0.0,1.8,60.13,-15.77948,-70.91799,4470
Crucero_Alto,2019-01-10,7.98,16.67,2.19,66.53,0.0,1.48,60.04,-15.77948,-70.91799,4470
Crucero_Alto,2019-01-11,6.73,14.16,1.39,68.1,0.0,1.64,60.14,-15.77948,-70.91799,4470
Crucero_Alto,2019-01-12,6.52,15.5,1.92,72.19,0.0,1.7,60.1,-15.77948,-70.91799,4470
Crucero_Alto,2019-01-13,6.9,15.4,0.96,64.65,0.43,1.98,60.13,-15.77948,-70.91799,4470
Crucero_Alto,2019-01-14,6.72,16.08,0.92,67.52,0.44,2.26,60.15,-15.77948,-70.91799,4470
Crucero_Alto,2019-01-15,6.96,12.28,1.31,70.68,0.61,2.21,60.24,-15.77948,-70.91799,4470
Crucero_Alto,2019-01-16,8.4,16.12,0.95,66.57,0.09,3.34,60.28,-15.77948,-70.91799,4470
Crucero_Alto,2019-01-17,8.2,14.3,3.45,71.92,2.44,2.6,60.27,-15.77948,-70.91799,4470
Crucero_Alto,2019-01-18,7.66,13.07,4.0,73.78,0.31,3.35,60.23,-15.77948,-70.91799,4470
Crucero_Alto,2019-01-19,7.08,12.08,3.2,71.21,1.28,1.82,60.28,-15.77948,-70.91799,4470
Crucero_Alto,2019-01-20,9.15,16.76,2.75,68.91,1.65,1.57,60.26,-15.77948,-70.91799,4470
Crucero_Alto,2019-01-21,9.4,17.27,3.57,65.76,0.36,2.73,60.29,-15.77948,-70.91799,4470
Crucero_Alto,2019-01-22,8.54,15.53,3.03,67.32,1.84,3.52,60.31,-15.77948,-70.91799,4470
Crucero_Alto,2019-01-23,8.71,16.37,2.87,68.99,0.31,3.59,60.29,-15.77948,-70.91799,4470
Crucero_Alto,2019-01-24,8.0,15.13,3.34,69.67,0.26,4.34,60.34,-15.77948,-70.91799,4470
Crucero_Alto,2019-01-25,8.11,15.84,1.91,64.59,0.09,3.37,60.37,-15.77948,-70.91799,4470
Crucero_Alto,2019-01-26,8.04,15.61,1.5,69.92,0.71,2.73,60.28,-15.77948,-70.91799,4470
Crucero_Alto,2019-01-27,8.06,14.5,3.15,72.86,1.56,3.78,60.23,-15.77948,-70.91799,4470
Crucero_Alto,2019-01-28,7.24,12.59,3.63,76.31,1.94,1.86,60.18,-15.77948,-70.91799,4470
Crucero_Alto,2019-01-29,7.24,15.5,1.56,74.5,2.54,1.73,60.15,-15.77948,-70.91799,4470
Crucero_Alto,2019-01-30,6.86,15.47,1.12,72.01,1.92,1.9,60.1,-15.77948,-70.91799,4470
Crucero_Alto,2019-01-31,6.03,12.14,1.27,77.37,7.38,2.64,60.14,-15.77948,-70.91799,4470
Crucero_Alto,2019-02-01,6.01,14.38,1.28,75.89,2.54,2.65,60.21,-15.77948,-70.91799,4470
Crucero_Alto,2019-02-02,6.56,14.09,0.17,72.32,0.05,1.24,60.2,-15.77948,-70.91799,4470
Crucero_Alto,2019-02-03,7.2,15.7,2.23,73.53,1.66,3.27,60.2,-15.77948,-70.91799,4470
Crucero_Alto,2019-02-04,7.2,15.23,2.78,75.14,3.62,3.14,60.28,-15.77948,-70.91799,4470
Crucero_Alto,2019-02-05,7.68,14.09,3.03,74.66,12.98,3.17,60.25,-15.77948,-70.91799,4470
Crucero_Alto,2019-02-06,8.05,15.66,2.36,70.62,2.77,2.83,60.19,-15.77948,-70.91799,4470
Crucero_Alto,2019-02-07,6.21,11.94,1.43,75.45,2.1,2.3,60.15,-15.77948,-70.91799,4470
Crucero_Alto,2019-02-08,5.53,12.29,1.4,78.17,4.43,1.91,60.12,-15.77948,-70.91799,4470
Crucero_Alto,2019-02-09,5.9,13.72,1.25,73.38,3.28,1.54,60.19,-15.77948,-70.91799,4470
Crucero_Alto,2019-02-10,6.04,15.8,-1.12,72.89,2.64,2.0,60.17,-15.77948,-70.91799,4470
Crucero_Alto,2019-02-11,6.11,14.39,0.6,76.44,5.7,1.73,60.13,-15.77948,-70.91799,4470
Crucero_Alto,2019-02-12,5.27,12.7,1.13,80.15,5.27,2.94,60.26,-15.77948,-70.91799,4470
Crucero_Alto,2019-02-13,7.21,16.15,1.19,70.48,3.41,2.9,60.36,-15.77948,-70.91799,4470
Crucero_Alto,2019-02-14,6.95,15.68,1.05,75.04,1.21,2.27,60.24,-15.77948,-70.91799,4470
Crucero_Alto,2019-02-15,7.98,17.46,1.02,70.47,1.67,1.18,60.23,-15.77948,-70.91799,4470
Crucero_Alto,2019-02-16,6.31,13.6,0.78,71.51,3.79,1.86,60.26,-15.77948,-70.91799,4470
Crucero_Alto,2019-02-17,6.99,15.99,0.07,69.11,1.54,1.81,60.21,-15.77948,-70.91799,4470
Crucero_Alto,2019-02-18,7.26,16.51,0.56,71.18,0.16,2.55,60.25,-15.77948,-70.91799,4470
Crucero_Alto,2019-02-19,7.06,15.98,2.09,71.6,1.08,1.7,60.25,-15.77948,-70.91799,4470
Crucero_Alto,2019-02-20,6.5,15.79,1.58,71.97,0.34,2.07,60.2,-15.77948,-70.91799,4470
Crucero_Alto,2019-02-21,7.99,14.36,2.05,69.66,0.02,2.31,60.27,-15.77948,-70.91799,4470
Crucero_Alto,2019-02-22,8.98,16.15,3.45,71.3,0.0,2.22,60.34,-15.77948,-70.91799,4470
Crucero_Alto,2019-02-23,7.71,16.72,2.53,71.99,0.0,1.84,60.22,-15.77948,-70.91799,4470
Crucero_Alto,2019-02-24,7.42,15.54,1.64,70.46,0.0,2.89,60.12,-15.77948,-70.91799,4470
Crucero_Alto,2019-02-25,7.44,17.78,0.52,66.03,0.0,3.83,60.09,-15.77948,-70.91799,4470
Crucero_Alto,2019-02-26,8.09,18.8,-3.28,57.26,0.0,2.01,60.1,-15.77948,-70.91799,4470
Crucero_Alto,2019-02-27,5.87,9.82,2.15,78.05,1.03,2.48,60.16,-15.77948,-70.91799,4470
Crucero_Alto,2019-02-28,5.28,8.8,1.52,76.24,1.1,2.05,60.26,-15.77948,-70.91799,4470
Crucero_Alto,2019-03-01,8.46,16.49,2.29,69.82,1.08,1.15,60.25,-15.77948,-70.91799,4470
Crucero_Alto,2019-03-02,9.12,17.14,4.03,69.22,1.89,1.39,60.28,-15.77948,-70.91799,4470
Crucero_Alto,2019-03-03,8.43,16.25,3.06,68.17,0.83,1.56,60.26,-15.77948,-70.91799,4470
Crucero_Alto,2019-03-04,7.76,16.05,1.32,66.16,0.0,1.06,60.26,-15.77948,-70.91799,4470
Crucero_Alto,2019-03-05,9.27,17.92,1.91,61.43,0.0,1.99,60.32,-15.77948,-70.91799,4470
Crucero_Alto,2019-03-06,8.45,15.41,2.69,66.78,0.28,2.42,60.39,-15.77948,-70.91799,4470
Crucero_Alto,2019-03-07,9.39,17.46,1.86,58.6,0.28,1.74,60.31,-15.77948,-70.91799,4470
Crucero_Alto,2019-03-08,9.82,18.43,2.57,62.33,0.0,1.68,60.23,-15.77948,-70.91799,4470
Crucero_Alto,2019-03-09,9.12,16.52,3.78,64.76,0.2,2.79,60.26,-15.77948,-70.91799,4470
Crucero_Alto,2019-03-10,7.17,12.61,1.66,72.67,1.04,1.8,60.31,-15.77948,-70.91799,4470
Crucero_Alto,2019-03-11,6.59,14.31,2.62,75.18,0.06,1.41,60.27,-15.77948,-70.91799,4470
Crucero_Alto,2019-03-12,7.04,15.57,2.39,73.62,1.75,1.52,60.2,-15.77948,-70.91799,4470
Crucero_Alto,2019-03-13,7.29,15.89,0.03,71.01,5.36,1.61,60.19,-15.77948,-70.91799,4470
Crucero_Alto,2019-03-14,6.74,15.53,1.72,75.75,5.18,1.71,60.22,-15.77948,-70.91799,4470
Crucero_Alto,2019-03-15,7.7,18.16,0.82,63.37,2.4,2.48,60.25,-15.77948,-70.91799,4470
Crucero_Alto,2019-03-16,6.91,17.06,-1.27,71.67,7.05,2.35,60.19,-15.77948,-70.91799,4470
Crucero_Alto,2019-03-17,7.09,17.63,-1.58,60.72,0.34,1.81,60.23,-15.77948,-70.91799,4470
Crucero_Alto,2019-03-18,7.52,17.79,-0.58,56.47,0.54,1.55,60.24,-15.77948,-70.91799,4470
Crucero_Alto,2019-03-19,6.82,17.37,-0.49,65.1,2.87,1.91,60.23,-15.77948,-70.91799,4470
Crucero_Alto,2019-03-20,5.88,13.04,0.56,76.88,3.24,1.29,60.22,-15.77948,-70.91799,4470
Crucero_Alto,2019-03-21,7.46,16.57,1.41,69.03,2.06,1.44,60.24,-15.77948,-70.91799,4470
Crucero_Alto,2019-03-22,7.22,16.74,-1.26,64.67,0.17,1.54,60.26,-15.77948,-70.91799,4470
Crucero_Alto,2019-03-23,8.29,17.7,1.51,67.29,0.0,1.49,60.31,-15.77948,-70.91799,4470
Crucero_Alto,2019-03-24,6.55,12.67,1.9,71.26,0.58,1.78,60.31,-15.77948,-70.91799,4470
Crucero_Alto,2019-03-25,6.7,14.83,0.75,71.71,1.48,1.54,60.25,-15.77948,-70.91799,4470
Crucero_Alto,2019-03-26,6.63,15.41,0.36,72.21,1.03,1.63,60.18,-15.77948,-70.91799,4470
Crucero_Alto,2019-03-27,6.36,14.83,1.57,76.21,3.84,2.16,60.29,-15.77948,-70.91799,4470
Crucero_Alto,2019-03-28,7.24,14.66,2.05,73.27,0.79,2.37,60.37,-15.77948,-70.91799,4470
Crucero_Alto,2019-03-29,7.6,15.15,1.77,72.31,0.03,3.11,60.33,-15.77948,-70.91799,4470
Crucero_Alto,2019-03-30,7.84,15.79,2.84,70.97,0.0,2.15,60.35,-15.77948,-70.91799,4470
Crucero_Alto,2019-03-31,7.64,17.31,1.16,66.73,0.19,1.98,60.34,-15.77948,-70.91799,4470
Crucero_Alto,2019-04-01,6.21,15.58,0.88,74.39,1.0,1.63,60.28,-15.77948,-70.91799,4470
Crucero_Alto,2019-04-02,6.28,14.45,-0.21,74.31,3.78,1.69,60.25,-15.77948,-70.91799,4470
Crucero_Alto,2019-04-03,5.37,14.71,0.7,76.4,1.28,2.07,60.26,-15.77948,-70.91799,4470
Crucero_Alto,2019-04-04,4.49,14.83,-3.09,67.45,0.0,3.73,60.13,-15.77948,-70.91799,4470
Crucero_Alto,2019-04-05,3.79,15.18,-5.58,55.55,0.0,3.16,60.21,-15.77948,-70.91799,4470
Crucero_Alto,2019-04-06,6.08,16.61,-1.79,39.09,0.0,1.78,60.31,-15.77948,-70.91799,4470
Crucero_Alto,2019-04-07,7.2,16.02,0.48,65.61,0.0,1.87,60.38,-15.77948,-70.91799,4470
Crucero_Alto,2019-04-08,7.32,15.63,-0.46,60.55,0.0,1.93,60.38,-15.77948,-70.91799,4470
Crucero_Alto,2019-04-09,8.24,17.64,0.61,57.16,0.0,1.32,60.31,-15.77948,-70.91799,4470
Crucero_Alto,2019-04-10,7.17,15.79,0.7,67.91,0.0,1.63,60.23,-15.77948,-70.91799,4470
Crucero_Alto,2019-04-11,7.32,13.97,1.96,60.68,1.19,1.15,60.24,-15.77948,-70.91799,4470
Crucero_Alto,2019-04-12,5.77,15.61,-1.54,65.05,0.29,2.42,60.27,-15.77948,-70.91799,4470
Crucero_Alto,2019-04-13,4.7,16.63,-4.86,54.91,0.0,2.41,60.26,-15.77948,-70.91799,4470
Crucero_Alto,2019-04-14,6.08,14.9,-0.99,54.72,0.0,1.26,60.32,-15.77948,-70.91799,4470
Crucero_Alto,2019-04-15,5.1,13.24,0.18,71.17,0.3,1.56,60.4,-15.77948,-70.91799,4470
Crucero_Alto,2019-04-16,6.86,13.97,1.75,73.17,0.37,2.16,60.4,-15.77948,-70.91799,4470
Crucero_Alto,2019-04-17,6.98,13.7,2.39,75.23,0.08,1.49,60.33,-15.77948,-70.91799,4470
Crucero_Alto,2019-04-18,7.86,14.38,3.29,72.41,4.07,1.67,60.26,-15.77948,-70.91799,4470
Crucero_Alto,2019-04-19,7.17,12.64,4.01,77.83,7.24,1.28,60.32,-15.77948,-70.91799,4470
Crucero_Alto,2019-04-20,7.98,16.23,2.65,71.53,2.2,1.72,60.37,-15.77948,-70.91799,4470
Crucero_Alto,2019-04-21,7.07,15.18,2.13,70.53,5.52,1.26,60.34,-15.77948,-70.91799,4470
Crucero_Alto,2019-04-22,6.68,15.94,-0.51,69.01,0.01,1.13,60.21,-15.77948,-70.91799,4470
Crucero_Alto,2019-04-23,5.77,15.23,-1.77,72.25,6.54,1.54,60.21,-15.77948,-70.91799,4470
Crucero_Alto,2019-04-24,5.91,13.95,0.84,78.09,1.06,1.49,60.27,-15.77948,-70.91799,4470
Crucero_Alto,2019-04-25,7.41,14.36,1.96,72.38,0.41,1.08,60.38,-15.77948,-70.91799,4470
Crucero_Alto,2019-04-26,6.82,13.08,2.12,74.9,5.18,1.52,60.42,-15.77948,-70.91799,4470
Crucero_Alto,2019-04-27,6.66,16.99,-2.36,56.69,0.19,1.01,60.35,-15.77948,-70.91799,4470
Crucero_Alto,2019-04-28,7.42,14.56,2.21,64.38,0.02,1.19,60.33,-15.77948,-70.91799,4470
Crucero_Alto,2019-04-29,7.02,15.48,0.14,69.0,0.0,1.15,60.31,-15.77948,-70.91799,4470
Crucero_Alto,2019-04-30,5.89,13.36,1.01,70.82,1.06,1.35,60.28,-15.77948,-70.91799,4470
Crucero_Alto,2019-05-01,6.22,15.2,-0.69,54.06,0.48,1.47,60.29,-15.77948,-70.91799,4470
Crucero_Alto,2019-05-02,5.01,16.45,-3.17,44.78,0.0,2.77,60.26,-15.77948,-70.91799,4470
Crucero_Alto,2019-05-03,4.79,16.41,-5.11,39.29,0.0,2.01,60.25,-15.77948,-70.91799,4470
Crucero_Alto,2019-05-04,6.04,16.05,-1.47,41.92,0.23,1.55,60.28,-15.77948,-70.91799,4470
Crucero_Alto,2019-05-05,6.02,13.46,0.57,72.19,0.52,1.39,60.37,-15.77948,-70.91799,4470
Crucero_Alto,2019-05-06,5.68,11.22,1.47,83.45,58.89,1.8,60.43,-15.77948,-70.91799,4470
Crucero_Alto,2019-05-07,4.16,11.38,0.02,81.88,7.91,1.35,60.42,-15.77948,-70.91799,4470
Crucero_Alto,2019-05-08,4.53,12.46,-1.61,77.96,0.82,1.94,60.33,-15.77948,-70.91799,4470
Crucero_Alto,2019-05-09,4.6,13.21,-1.59,68.36,0.07,1.49,60.32,-15.77948,-70.91799,4470
Crucero_Alto,2019-05-10,5.35,16.08,-2.42,56.22,0.0,1.8,60.22,-15.77948,-70.91799,4470
Crucero_Alto,2019-05-11,5.04,14.6,-1.6,60.17,0.0,2.21,60.2,-15.77948,-70.91799,4470
Crucero_Alto,2019-05-12,3.26,10.43,-1.27,75.33,2.35,1.92,60.28,-15.77948,-70.91799,4470
Crucero_Alto,2019-05-13,3.71,11.75,-2.36,75.79,0.5,1.3,60.44,-15.77948,-70.91799,4470
Crucero_Alto,2019-05-14,4.06,13.32,-2.95,73.09,0.02,1.94,60.45,-15.77948,-70.91799,4470
Crucero_Alto,2019-05-15,2.52,12.72,-4.63,64.91,0.0,2.42,60.41,-15.77948,-70.91799,4470
Crucero_Alto,2019-05-16,2.34,13.29,-5.44,61.13,0.0,2.2,60.37,-15.77948,-70.91799,4470
Crucero_Alto,2019-05-17,2.09,13.36,-5.62,43.29,0.0,2.31,60.26,-15.77948,-70.91799,4470
Crucero_Alto,2019-05-18,4.37,14.9,-4.94,30.86,0.0,0.96,60.2,-15.77948,-70.91799,4470
Crucero_Alto,2019-05-19,4.16,14.65,-3.24,43.8,0.0,1.69,60.24,-15.77948,-70.91799,4470
Crucero_Alto,2019-05-20,3.31,13.54,-3.59,56.42,0.0,2.4,60.28,-15.77948,-70.91799,4470
Crucero_Alto,2019-05-21,4.38,12.89,-3.14,60.69,0.0,1.35,60.27,-15.77948,-70.91799,4470
Crucero_Alto,2019-05-22,4.04,12.81,-1.72,68.12,0.0,2.3,60.27,-15.77948,-70.91799,4470
Crucero_Alto,2019-05-23,2.3,12.13,-4.74,62.48,0.0,3.33,60.3,-15.77948,-70.91799,4470
Crucero_Alto,2019-05-24,2.18,12.86,-4.99,48.53,0.01,2.17,60.25,-15.77948,-70.91799,4470
Crucero_Alto,2019-05-25,3.21,13.28,-3.36,55.51,0.02,2.04,60.25,-15.77948,-70.91799,4470
Crucero_Alto,2019-05-26,3.08,13.59,-4.24,60.59,0.0,2.33,60.31,-15.77948,-70.91799,4470
Crucero_Alto,2019-05-27,2.67,13.63,-4.38,67.47,0.0,2.48,60.28,-15.77948,-70.91799,4470
Crucero_Alto,2019-05-28,3.99,14.11,-4.44,58.74,0.0,1.58,60.3,-15.77948,-70.91799,4470
Crucero_Alto,2019-05-29,4.31,14.71,-2.45,63.97,0.0,2.07,60.38,-15.77948,-70.91799,4470
Crucero_Alto,2019-05-30,3.81,14.15,-2.7,59.53,0.0,2.08,60.42,-15.77948,-70.91799,4470
Crucero_Alto,2019-05-31,3.8,15.11,-3.76,47.47,0.0,1.39,60.36,-15.77948,-70.91799,4470
Crucero_Alto,2019-06-01,4.05,14.1,-2.72,37.75,0.0,2.07,60.34,-15.77948,-70.91799,4470
Crucero_Alto,2019-06-02,3.2,13.7,-3.83,36.43,0.0,1.82,60.37,-15.77948,-70.91799,4470
Crucero_Alto,2019-06-03,3.55,13.63,-2.42,40.9,0.0,1.28,60.46,-15.77948,-70.91799,4470
Crucero_Alto,2019-06-04,3.96,13.66,-3.24,67.34,0.0,1.67,60.52,-15.77948,-70.91799,4470
Crucero_Alto,2019-06-05,3.59,12.21,-2.09,52.11,0.02,1.94,60.46,-15.77948,-70.91799,4470
Crucero_Alto,2019-06-06,4.14,12.64,-1.0,29.53,0.01,1.65,60.33,-15.77948,-70.91799,4470
Crucero_Alto,2019-06-07,5.03,13.35,-0.58,25.47,0.0,1.3,60.24,-15.77948,-70.91799,4470
Crucero_Alto,2019-06-08,5.0,13.74,-3.25,37.28,0.0,0.86,60.29,-15.77948,-70.91799,4470
Crucero_Alto,2019-06-09,4.65,14.0,-2.19,44.18,0.0,1.04,60.35,-15.77948,-70.91799,4470
Crucero_Alto,2019-06-10,4.16,14.62,-4.22,47.26,0.0,1.37,60.39,-15.77948,-70.91799,4470
Crucero_Alto,2019-06-11,4.58,14.01,-2.0,44.14,0.0,1.2,60.4,-15.77948,-70.91799,4470
Crucero_Alto,2019-06-12,5.33,13.5,-0.41,46.92,0.0,0.97,60.41,-15.77948,-70.91799,4470
Crucero_Alto,2019-06-13,5.6,14.2,-1.88,47.92,0.0,0.99,60.44,-15.77948,-70.91799,4470
Crucero_Alto,2019-06-14,5.69,11.94,0.85,59.69,0.23,1.09,60.39,-15.77948,-70.91799,4470
Crucero_Alto,2019-06-15,4.2,11.45,-1.67,66.87,1.92,2.04,60.25,-15.77948,-70.91799,4470
Crucero_Alto,2019-06-16,2.18,10.0,-1.56,74.42,0.14,1.14,60.28,-15.77948,-70.91799,4470
Crucero_Alto,2019-06-17,4.2,13.62,-2.5,66.92,0.13,1.94,60.39,-15.77948,-70.91799,4470
Crucero_Alto,2019-06-18,5.08,14.62,-2.1,54.04,0.01,1.22,60.42,-15.77948,-70.91799,4470
Crucero_Alto,2019-06-19,5.03,13.65,-0.39,52.54,0.56,1.89,60.46,-15.77948,-70.91799,4470
Crucero_Alto,2019-06-20,4.56,12.04,0.26,79.38,0.08,2.62,60.51,-15.77948,-70.91799,4470
Crucero_Alto,2019-06-21,3.78,12.41,-2.3,56.08,0.0,2.25,60.58,-15.77948,-70.91799,4470
Crucero_Alto,2019-06-22,3.46,11.81,-1.68,44.25,0.0,2.41,60.58,-15.77948,-70.91799,4470
Crucero_Alto,2019-06-23,2.44,11.68,-3.54,50.37,0.0,2.04,60.47,-15.77948,-70.91799,4470
Crucero_Alto,2019-06-24,2.09,12.86,-5.26,41.95,0.0,2.36,60.28,-15.77948,-70.91799,4470
Crucero_Alto,2019-06-25,0.29,10.51,-6.04,45.85,0.0,3.42,60.17,-15.77948,-70.91799,4470
Crucero_Alto,2019-06-26,1.74,12.16,-5.85,38.55,0.0,2.36,60.12,-15.77948,-70.91799,4470
Crucero_Alto,2019-06-27,2.16,10.14,-3.15,56.65,0.08,1.79,60.13,-15.77948,-70.91799,4470
Crucero_Alto,2019-06-28,2.61,10.82,-3.56,67.26,0.0,1.9,60.2,-15.77948,-70.91799,4470
Crucero_Alto,2019-06-29,3.76,12.59,-3.55,66.29,0.0,1.72,60.29,-15.77948,-70.91799,4470
Crucero_Alto,2019-06-30,3.46,9.81,-0.6,71.35,0.0,1.05,60.33,-15.77948,-70.91799,4470
Crucero_Alto,2019-07-01,5.18,14.0,-2.48,58.24,0.0,1.67,60.38,-15.77948,-70.91799,4470
Crucero_Alto,2019-07-02,3.81,15.17,-3.32,53.05,0.0,2.11,60.3,-15.77948,-70.91799,4470
Crucero_Alto,2019-07-03,3.22,14.38,-4.41,36.62,0.06,2.51,60.16,-15.77948,-70.91799,4470
Crucero_Alto,2019-07-04,3.7,14.33,-2.9,27.4,0.03,2.48,60.23,-15.77948,-70.91799,4470
Crucero_Alto,2019-07-05,3.68,12.85,-2.74,43.23,0.0,1.96,60.38,-15.77948,-70.91799,4470
Crucero_Alto,2019-07-06,4.12,12.58,-2.22,64.34,0.0,1.58,60.42,-15.77948,-70.91799,4470
Crucero_Alto,2019-07-07,4.18,14.14,-3.16,46.73,0.0,1.64,60.42,-15.77948,-70.91799,4470
Crucero_Alto,2019-07-08,4.29,13.34,-2.38,39.98,0.0,1.93,60.39,-15.77948,-70.91799,4470
Crucero_Alto,2019-07-09,4.65,13.22,-1.57,39.43,0.0,1.4,60.43,-15.77948,-70.91799,4470
Crucero_Alto,2019-07-10,4.83,13.4,-1.47,27.6,0.0,1.26,60.36,-15.77948,-70.91799,4470
Crucero_Alto,2019-07-11,3.55,13.94,-3.35,43.05,0.0,1.26,60.25,-15.77948,-70.91799,4470
Crucero_Alto,2019-07-12,4.2,13.52,-3.87,36.16,0.0,0.86,60.23,-15.77948,-70.91799,4470
Crucero_Alto,2019-07-13,4.47,12.19,-1.97,43.15,0.0,1.07,60.21,-15.77948,-70.91799,4470
Crucero_Alto,2019-07-14,3.24,13.79,-3.86,37.6,0.0,1.58,60.22,-15.77948,-70.91799,4470
Crucero_Alto,2019-07-15,4.36,13.12,-3.5,31.85,0.0,0.89,60.25,-15.77948,-70.91799,4470
Crucero_Alto,2019-07-16,2.74,6.57,-1.02,53.03,0.0,0.72,60.26,-15.77948,-70.91799,4470
Crucero_Alto,2019-07-17,2.95,9.01,-1.77,53.82,0.57,0.83,60.33,-15.77948,-70.91799,4470
Crucero_Alto,2019-07-18,1.84,9.69,-2.86,63.39,0.17,1.2,60.34,-15.77948,-70.91799,4470
Crucero_Alto,2019-07-19,3.53,12.75,-3.25,56.98,0.93,1.65,60.28,-15.77948,-70.91799,4470
Crucero_Alto,2019-07-20,0.62,5.4,-3.63,78.33,0.79,1.46,60.28,-15.77948,-70.91799,4470
Crucero_Alto,2019-07-21,2.08,10.19,-3.46,72.88,0.0,2.1,60.21,-15.77948,-70.91799,4470
Crucero_Alto,2019-07-22,2.89,11.99,-3.32,63.7,0.02,1.87,60.2,-15.77948,-70.91799,4470
Crucero_Alto,2019-07-23,1.34,8.7,-4.56,78.76,0.06,3.06,60.06,-15.77948,-70.91799,4470
Crucero_Alto,2019-07-24,1.85,10.56,-6.57,73.03,0.13,4.66,60.07,-15.77948,-70.91799,4470
Crucero_Alto,2019-07-25,-0.4,9.8,-6.64,31.1,0.0,3.43,60.26,-15.77948,-70.91799,4470
Crucero_Alto,2019-07-26,2.82,12.11,-5.03,18.61,0.0,1.14,60.31,-15.77948,-70.91799,4470
Crucero_Alto,2019-07-27,2.75,11.15,-3.16,49.87,0.0,1.33,60.36,-15.77948,-70.91799,4470
Crucero_Alto,2019-07-28,2.37,10.67,-4.03,57.48,0.0,2.2,60.37,-15.77948,-70.91799,4470
Crucero_Alto,2019-07-29,3.18,13.33,-4.86,25.98,0.0,2.0,60.35,-15.77948,-70.91799,4470
Crucero_Alto,2019-07-30,3.83,13.03,-2.39,51.68,0.0,2.07,60.41,-15.77948,-70.91799,4470
Crucero_Alto,2019-07-31,4.55,13.74,-3.61,56.02,0.0,1.22,60.37,-15.77948,-70.91799,4470
Crucero_Alto,2019-08-01,3.59,14.59,-4.0,40.62,0.0,2.21,60.3,-15.77948,-70.91799,4470
Crucero_Alto,2019-08-02,3.04,14.09,-4.47,29.67,0.0,2.43,60.34,-15.77948,-70.91799,4470
Crucero_Alto,2019-08-03,2.86,14.1,-5.71,27.31,0.0,2.05,60.37,-15.77948,-70.91799,4470
Crucero_Alto,2019-08-04,3.82,13.99,-3.56,30.49,0.0,1.71,60.41,-15.77948,-70.91799,4470
Crucero_Alto,2019-08-05,4.43,13.5,-2.76,30.96,0.0,1.78,60.42,-15.77948,-70.91799,4470
Crucero_Alto,2019-08-06,5.27,14.85,-2.34,28.69,0.0,0.99,60.38,-15.77948,-70.91799,4470
Crucero_Alto,2019-08-07,5.22,15.28,-2.05,34.6,0.0,1.34,60.36,-15.77948,-70.91799,4470
Crucero_Alto,2019-08-08,4.61,15.42,-3.61,41.76,0.01,1.37,60.33,-15.77948,-70.91799,4470
Crucero_Alto,2019-08-09,3.76,14.0,-4.49,36.34,0.01,2.01,60.33,-15.77948,-70.91799,4470
Crucero_Alto,2019-08-10,4.72,14.5,-2.81,40.82,0.0,2.15,60.29,-15.77948,-70.91799,4470
Crucero_Alto,2019-08-11,3.72,14.85,-4.77,50.12,0.0,2.68,60.33,-15.77948,-70.91799,4470
Crucero_Alto,2019-08-12,5.69,15.92,-3.19,47.44,0.0,1.54,60.33,-15.77948,-70.91799,4470
Crucero_Alto,2019-08-13,5.08,13.94,-3.75,67.74,0.0,2.21,60.39,-15.77948,-70.91799,4470
Crucero_Alto,2019-08-14,6.34,15.45,-1.13,64.53,0.0,1.4,60.41,-15.77948,-70.91799,4470
Crucero_Alto,2019-08-15,6.4,14.69,-0.35,60.63,0.0,1.54,60.38,-15.77948,-70.91799,4470
Crucero_Alto,2019-08-16,6.31,15.89,-1.13,45.53,0.0,1.27,60.39,-15.77948,-70.91799,4470
Crucero_Alto,2019-08-17,5.45,16.48,-2.1,35.43,0.0,1.48,60.32,-15.77948,-70.91799,4470
Crucero_Alto,2019-08-18,4.85,15.89,-4.66,32.64,0.0,1.39,60.31,-15.77948,-70.91799,4470
Crucero_Alto,2019-08-19,5.27,15.27,-1.82,30.6,0.0,1.38,60.33,-15.77948,-70.91799,4470
Crucero_Alto,2019-08-20,4.89,13.15,-1.54,49.85,0.0,1.68,60.37,-15.77948,-70.91799,4470
Crucero_Alto,2019-08-21,5.61,14.8,-2.95,57.53,0.0,1.28,60.43,-15.77948,-70.91799,4470
Crucero_Alto,2019-08-22,5.96,15.43,-1.16,56.05,0.0,1.94,60.43,-15.77948,-70.91799,4470
Crucero_Alto,2019-08-23,5.39,12.25,-0.59,62.34,0.03,2.05,60.46,-15.77948,-70.91799,4470
Crucero_Alto,2019-08-24,5.19,13.77,-1.9,51.15,0.03,2.01,60.38,-15.77948,-70.91799,4470
Crucero_Alto,2019-08-25,2.56,13.33,-5.04,44.31,0.0,2.75,60.34,-15.77948,-70.91799,4470
Crucero_Alto,2019-08-26,3.26,12.98,-4.68,26.91,0.0,1.5,60.35,-15.77948,-70.91799,4470
Crucero_Alto,2019-08-27,3.53,13.09,-4.69,63.59,0.0,2.62,60.38,-15.77948,-70.91799,4470
Crucero_Alto,2019-08-28,4.71,13.63,-4.09,53.52,0.0,1.53,60.43,-15.77948,-70.91799,4470
Crucero_Alto,2019-08-29,5.9,14.58,-1.58,36.41,0.0,1.7,60.35,-15.77948,-70.91799,4470
Crucero_Alto,2019-08-30,5.81,16.21,-2.27,28.79,0.0,1.51,60.28,-15.77948,-70.91799,4470
Crucero_Alto,2019-08-31,5.67,15.42,-0.29,23.59,0.0,1.13,60.27,-15.77948,-70.91799,4470
Crucero_Alto,2019-09-01,5.56,15.9,-2.37,23.14,0.0,1.14,60.21,-15.77948,-70.91799,4470
Crucero_Alto,2019-09-02,4.49,15.61,-4.66,31.01,0.0,2.12,60.17,-15.77948,-70.91799,4470
Crucero_Alto,2019-09-03,4.11,13.82,-2.83,54.35,0.0,1.68,60.2,-15.77948,-70.91799,4470
Crucero_Alto,2019-09-04,3.23,9.21,-1.73,75.49,4.23,2.23,60.31,-15.77948,-70.91799,4470
Crucero_Alto,2019-09-05,4.79,13.13,-2.42,70.61,1.56,2.51,60.34,-15.77948,-70.91799,4470
Crucero_Alto,2019-09-06,3.36,12.71,-2.7,76.61,1.5,2.34,60.29,-15.77948,-70.91799,4470
Crucero_Alto,2019-09-07,4.5,12.93,-2.67,66.68,0.51,3.08,60.2,-15.77948,-70.91799,4470
Crucero_Alto,2019-09-08,4.13,12.42,-2.63,69.55,0.14,4.18,60.33,-15.77948,-70.91799,4470
Crucero_Alto,2019-09-09,4.33,16.39,-5.39,47.08,0.0,3.12,60.28,-15.77948,-70.91799,4470
Crucero_Alto,2019-09-10,5.01,15.32,-2.96,54.81,0.05,2.64,60.22,-15.77948,-70.91799,4470
Crucero_Alto,2019-09-11,5.86,16.45,-2.21,62.43,0.07,3.03,60.17,-15.77948,-70.91799,4470
Crucero_Alto,2019-09-12,5.64,14.81,-1.41,68.75,0.53,1.78,60.17,-15.77948,-70.91799,4470
Crucero_Alto,2019-09-13,5.26,13.21,-0.3,73.25,7.24,2.28,60.27,-15.77948,-70.91799,4470
Crucero_Alto,2019-09-14,5.7,14.36,-0.84,68.45,0.97,1.62,60.35,-15.77948,-70.91799,4470
Crucero_Alto,2019-09-15,6.89,15.18,-0.07,59.74,0.0,1.39,60.34,-15.77948,-70.91799,4470
Crucero_Alto,2019-09-16,7.61,15.29,1.04,65.53,0.0,1.72,60.38,-15.77948,-70.91799,4470
Crucero_Alto,2019-09-17,8.07,16.88,1.12,59.46,0.0,1.66,60.39,-15.77948,-70.91799,4470
Crucero_Alto,2019-09-18,7.26,17.96,-1.67,45.61,0.03,1.46,60.22,-15.77948,-70.91799,4470
Crucero_Alto,2019-09-19,5.13,14.15,-3.51,38.07,0.0,2.8,60.2,-15.77948,-70.91799,4470
Crucero_Alto,2019-09-20,7.34,17.08,-0.94,41.85,0.0,2.67,60.25,-15.77948,-70.91799,4470
Crucero_Alto,2019-09-21,6.16,14.84,1.19,73.83,0.0,2.8,60.36,-15.77948,-70.91799,4470
Crucero_Alto,2019-09-22,7.71,15.99,1.43,62.86,0.0,2.19,60.48,-15.77948,-70.91799,4470
Crucero_Alto,2019-09-23,6.76,16.08,-1.48,58.76,0.0,3.27,60.55,-15.77948,-70.91799,4470
Crucero_Alto,2019-09-24,7.64,16.45,-0.2,60.22,0.0,3.16,60.53,-15.77948,-70.91799,4470
Crucero_Alto,2019-09-25,8.35,17.83,1.17,61.15,0.0,1.76,60.45,-15.77948,-70.91799,4470
Crucero_Alto,2019-09-26,9.18,18.77,2.31,54.54,0.0,1.54,60.33,-15.77948,-70.91799,4470
Crucero_Alto,2019-09-27,8.54,17.29,2.34,53.86,0.0,2.45,60.35,-15.77948,-70.91799,4470
Crucero_Alto,2019-09-28,7.69,17.16,0.31,52.0,0.0,2.87,60.32,-15.77948,-70.91799,4470
Crucero_Alto,2019-09-29,6.6,16.49,-3.14,53.78,0.0,2.53,60.28,-15.77948,-70.91799,4470
Crucero_Alto,2019-09-30,7.43,15.2,2.08,59.39,0.0,1.07,60.13,-15.77948,-70.91799,4470
Crucero_Alto,2019-10-01,4.99,9.38,1.5,68.98,0.3,1.67,60.0,-15.77948,-70.91799,4470
Crucero_Alto,2019-10-02,5.59,14.34,-0.42,69.23,5.32,2.43,60.06,-15.77948,-70.91799,4470
Crucero_Alto,2019-10-03,5.52,14.13,-0.28,68.12,1.29,2.49,60.2,-15.77948,-70.91799,4470
Crucero_Alto,2019-10-04,5.15,12.85,-0.53,60.87,0.03,1.69,60.21,-15.77948,-70.91799,4470
Crucero_Alto,2019-10-05,4.35,12.91,-1.27,64.75,0.23,2.77,60.08,-15.77948,-70.91799,4470
Crucero_Alto,2019-10-06,3.07,12.53,-3.95,33.6,0.02,3.21,60.1,-15.77948,-70.91799,4470
Crucero_Alto,2019-10-07,2.3,13.87,-5.28,20.65,0.0,2.77,60.17,-15.77948,-70.91799,4470
Crucero_Alto,2019-10-08,3.9,14.62,-5.82,31.73,0.0,2.12,60.27,-15.77948,-70.91799,4470
Crucero_Alto,2019-10-09,5.17,14.73,-2.98,58.66,0.0,2.89,60.31,-15.77948,-70.91799,4470
Crucero_Alto,2019-10-10,5.14,15.62,-4.17,52.07,0.0,2.92,60.25,-15.77948,-70.91799,4470
Crucero_Alto,2019-10-11,5.76,16.04,-3.94,49.52,0.0,2.26,60.18,-15.77948,-70.91799,4470
Crucero_Alto,2019-10-12,6.33,15.96,-1.69,62.62,0.0,1.56,60.13,-15.77948,-70.91799,4470
Crucero_Alto,2019-10-13,6.2,14.71,0.48,65.44,1.2,2.54,60.14,-15.77948,-70.91799,4470
Crucero_Alto,2019-10-14,6.81,17.06,-2.02,49.37,0.27,1.9,60.2,-15.77948,-70.91799,4470
Crucero_Alto,2019-10-15,6.54,16.15,-0.78,57.41,0.62,1.61,60.25,-15.77948,-70.91799,4470
Crucero_Alto,2019-10-16,7.77,17.07,0.79,56.85,0.6,2.21,60.25,-15.77948,-70.91799,4470
Crucero_Alto,2019-10-17,5.82,14.82,0.7,71.78,4.56,1.76,60.23,-15.77948,-70.91799,4470
Crucero_Alto,2019-10-18,5.92,12.89,1.06,71.46,8.99,2.38,60.18,-15.77948,-70.91799,4470
Crucero_Alto,2019-10-19,4.15,10.14,0.96,78.62,3.5,2.01,60.26,-15.77948,-70.91799,4470
Crucero_Alto,2019-10-20,6.23,17.4,-1.61,43.65,0.01,2.13,60.26,-15.77948,-70.91799,4470
Crucero_Alto,2019-10-21,6.85,17.12,-2.26,29.44,0.0,1.7,60.2,-15.77948,-70.91799,4470
Crucero_Alto,2019-10-22,7.01,18.99,-1.8,40.42,0.0,2.79,60.18,-15.77948,-70.91799,4470
Crucero_Alto,2019-10-23,6.38,17.61,-4.08,35.16,0.04,1.91,60.17,-15.77948,-70.91799,4470
Crucero_Alto,2019-10-24,8.13,18.15,-1.01,54.04,0.05,1.31,60.25,-15.77948,-70.91799,4470
Crucero_Alto,2019-10-25,8.95,18.21,2.54,60.61,0.15,1.69,60.3,-15.77948,-70.91799,4470
Crucero_Alto,2019-10-26,9.13,16.59,3.74,59.38,0.03,2.21,60.29,-15.77948,-70.91799,4470
Crucero_Alto,2019-10-27,8.92,16.33,3.11,61.05,0.0,2.76,60.25,-15.77948,-70.91799,4470
Crucero_Alto,2019-10-28,8.91,17.5,2.03,55.84,0.0,2.62,60.28,-15.77948,-70.91799,4470
Crucero_Alto,2019-10-29,8.81,17.76,1.95,58.15,0.0,3.28,60.21,-15.77948,-70.91799,4470
Crucero_Alto,2019-10-30,8.5,17.88,0.05,52.94,0.0,2.95,60.24,-15.77948,-70.91799,4470
Crucero_Alto,2019-10-31,8.05,15.99,1.4,60.57,0.63,3.09,60.27,-15.77948,-70.91799,4470
Crucero_Alto,2019-11-01,7.66,13.76,2.52,62.82,0.08,2.66,60.28,-15.77948,-70.91799,4470
Crucero_Alto,2019-11-02,9.01,17.32,2.74,54.88,0.0,2.73,60.18,-15.77948,-70.91799,4470
Crucero_Alto,2019-11-03,7.98,17.11,1.56,62.69,0.63,2.2,60.08,-15.77948,-70.91799,4470
Crucero_Alto,2019-11-04,7.7,17.17,-0.58,55.5,4.4,1.71,60.08,-15.77948,-70.91799,4470
Crucero_Alto,2019-11-05,7.55,15.32,0.23,62.17,0.4,1.98,60.15,-15.77948,-70.91799,4470
Crucero_Alto,2019-11-06,6.46,14.6,1.04,69.05,2.53,2.32,60.22,-15.77948,-70.91799,4470
Crucero_Alto,2019-11-07,8.72,16.39,3.02,63.36,0.54,2.93,60.15,-15.77948,-70.91799,4470
Crucero_Alto,2019-11-08,8.35,17.88,2.97,63.28,1.39,2.15,60.13,-15.77948,-70.91799,4470
Crucero_Alto,2019-11-09,8.58,18.95,-0.01,55.43,0.23,1.68,60.16,-15.77948,-70.91799,4470
Crucero_Alto,2019-11-10,7.82,15.71,1.61,64.97,12.05,1.83,60.19,-15.77948,-70.91799,4470
Crucero_Alto,2019-11-11,4.42,11.19,-0.61,74.84,5.47,1.37,60.19,-15.77948,-70.91799,4470
Crucero_Alto,2019-11-12,6.41,15.89,-1.97,66.49,13.25,1.84,60.16,-15.77948,-70.91799,4470
Crucero_Alto,2019-11-13,6.42,16.17,-1.53,55.38,0.53,2.36,60.18,-15.77948,-70.91799,4470
Crucero_Alto,2019-11-14,8.59,19.23,-1.56,50.08,0.45,1.19,60.14,-15.77948,-70.91799,4470
Crucero_Alto,2019-11-15,7.41,15.31,2.13,64.73,0.54,2.14,60.14,-15.77948,-70.91799,4470
Crucero_Alto,2019-11-16,8.4,15.83,2.94,60.3,0.0,2.61,60.08,-15.77948,-70.91799,4470
Crucero_Alto,2019-11-17,8.3,16.31,2.52,52.91,0.0,2.43,60.09,-15.77948,-70.91799,4470
Crucero_Alto,2019-11-18,7.76,16.68,-0.53,52.68,0.0,2.82,60.18,-15.77948,-70.91799,4470
Crucero_Alto,2019-11-19,6.63,15.19,-2.11,56.23,0.0,3.0,60.29,-15.77948,-70.91799,4470
Crucero_Alto,2019-11-20,7.87,16.46,-0.99,54.37,0.0,2.77,60.29,-15.77948,-70.91799,4470
Crucero_Alto,2019-11-21,7.85,16.92,2.7,65.28,0.17,1.89,60.26,-15.77948,-70.91799,4470
Crucero_Alto,2019-11-22,7.95,17.32,1.29,64.3,0.97,2.33,60.19,-15.77948,-70.91799,4470
Crucero_Alto,2019-11-23,7.9,14.9,1.57,65.89,1.18,4.22,60.18,-15.77948,-70.91799,4470
Crucero_Alto,2019-11-24,8.31,14.31,3.54,65.94,0.38,2.32,60.12,-15.77948,-70.91799,4470
Crucero_Alto,2019-11-25,7.26,13.78,3.51,68.91,0.38,2.17,60.07,-15.77948,-70.91799,4470
Crucero_Alto,2019-11-26,7.26,15.18,1.39,62.6,0.01,2.58,60.14,-15.77948,-70.91799,4470
Crucero_Alto,2019-11-27,8.63,19.86,0.48,46.7,0.12,2.77,60.24,-15.77948,-70.91799,4470
Crucero_Alto,2019-11-28,8.39,19.28,-0.1,41.91,0.0,2.91,60.28,-15.77948,-70.91799,4470
Crucero_Alto,2019-11-29,8.42,20.15,-0.7,39.78,0.0,2.09,60.18,-15.77948,-70.91799,4470
Crucero_Alto,2019-11-30,8.38,16.1,1.02,53.28,0.0,1.81,60.15,-15.77948,-70.91799,4470
Crucero_Alto,2019-12-01,9.48,17.19,3.64,61.75,1.71,2.01,60.27,-15.77948,-70.91799,4470
Crucero_Alto,2019-12-02,7.65,12.48,4.07,72.12,11.7,1.74,60.25,-15.77948,-70.91799,4470
Crucero_Alto,2019-12-03,7.82,18.56,0.58,54.42,0.25,3.24,60.15,-15.77948,-70.91799,4470
Crucero_Alto,2019-12-04,7.52,16.71,-0.28,50.71,0.02,1.74,60.09,-15.77948,-70.91799,4470
Crucero_Alto,2019-12-05,6.24,11.09,1.7,64.1,0.47,2.32,60.18,-15.77948,-70.91799,4470
Crucero_Alto,2019-12-06,6.27,14.52,1.04,69.99,4.76,3.3,60.17,-15.77948,-70.91799,4470
Crucero_Alto,2019-12-07,6.84,16.5,0.49,67.93,9.75,3.18,60.13,-15.77948,-70.91799,4470
Crucero_Alto,2019-12-08,6.45,17.87,-2.19,55.92,0.5,2.65,60.11,-15.77948,-70.91799,4470
Crucero_Alto,2019-12-09,8.77,18.04,-0.71,55.2,0.73,1.29,60.09,-15.77948,-70.91799,4470
Crucero_Alto,2019-12-10,9.54,17.42,4.61,60.45,0.67,1.59,60.13,-15.77948,-70.91799,4470
Crucero_Alto,2019-12-11,8.53,16.48,1.19,61.56,0.06,1.22,60.15,-15.77948,-70.91799,4470
Crucero_Alto,2019-12-12,8.75,19.74,-2.97,50.85,0.4,1.92,60.09,-15.77948,-70.91799,4470
Crucero_Alto,2019-12-13,8.13,15.49,3.1,63.17,1.22,4.12,60.17,-15.77948,-70.91799,4470
Crucero_Alto,2019-12-14,7.78,15.51,2.31,68.36,0.36,3.08,60.18,-15.77948,-70.91799,4470
Crucero_Alto,2019-12-15,6.5,13.03,0.74,65.25,0.32,2.0,60.2,-15.77948,-70.91799,4470
Crucero_Alto,2019-12-16,7.86,18.66,-0.95,56.87,1.27,2.12,60.11,-15.77948,-70.91799,4470
Crucero_Alto,2019-12-17,7.78,19.59,-3.79,44.45,1.76,1.9,60.03,-15.77948,-70.91799,4470
Crucero_Alto,2019-12-18,6.91,13.85,1.07,67.8,0.47,2.02,60.08,-15.77948,-70.91799,4470
Crucero_Alto,2019-12-19,8.02,14.67,3.34,67.38,0.31,2.11,60.17,-15.77948,-70.91799,4470
Crucero_Alto,2019-12-20,9.49,20.26,1.17,53.3,0.38,2.71,60.15,-15.77948,-70.91799,4470
Crucero_Alto,2019-12-21,8.83,18.27,0.33,55.92,0.0,1.95,60.15,-15.77948,-70.91799,4470
Crucero_Alto,2019-12-22,7.54,15.86,2.25,64.61,0.31,1.44,60.23,-15.77948,-70.91799,4470
Crucero_Alto,2019-12-23,9.15,16.22,4.23,65.48,0.21,2.73,60.26,-15.77948,-70.91799,4470
Crucero_Alto,2019-12-24,8.88,16.35,3.42,64.77,0.09,2.66,60.17,-15.77948,-70.91799,4470
Crucero_Alto,2019-12-25,8.17,15.5,1.57,68.27,0.0,2.16,60.16,-15.77948,-70.91799,4470
Crucero_Alto,2019-12-26,7.75,17.69,1.9,72.58,9.74,2.07,60.22,-15.77948,-70.91799,4470
Crucero_Alto,2019-12-27,7.08,13.52,1.87,74.41,12.82,2.34,60.3,-15.77948,-70.91799,4470
Crucero_Alto,2019-12-28,8.22,15.82,3.12,70.61,0.17,1.85,60.21,-15.77948,-70.91799,4470
Crucero_Alto,2019-12-29,9.25,19.58,1.34,59.12,0.41,2.45,60.17,-15.77948,-70.91799,4470
Crucero_Alto,2019-12-30,7.16,16.38,-0.98,59.98,0.92,2.51,60.19,-15.77948,-70.91799,4470
Crucero_Alto,2019-12-31,7.78,17.4,-0.47,58.64,0.25,2.29,60.14,-15.77948,-70.91799,4470
Crucero_Alto,2020-01-01,6.71,13.99,1.05,69.58,2.74,2.12,60.11,-15.77948,-70.91799,4470
Crucero_Alto,2020-01-02,7.82,15.25,3.09,71.85,3.06,3.57,60.14,-15.77948,-70.91799,4470
Crucero_Alto,2020-01-03,7.6,15.15,3.44,71.73,3.18,2.83,60.31,-15.77948,-70.91799,4470
Crucero_Alto,2020-01-04,6.89,15.88,2.24,72.78,6.32,2.57,60.24,-15.77948,-70.91799,4470
Crucero_Alto,2020-01-05,5.85,15.3,-1.61,67.0,2.79,4.45,60.14,-15.77948,-70.91799,4470
Crucero_Alto,2020-01-06,5.73,16.72,-3.5,51.49,0.0,4.4,60.1,-15.77948,-70.91799,4470
Crucero_Alto,2020-01-07,6.78,18.61,-2.74,54.32,0.0,3.41,60.15,-15.77948,-70.91799,4470
Crucero_Alto,2020-01-08,7.06,18.01,-2.92,42.04,0.0,3.4,60.21,-15.77948,-70.91799,4470
Crucero_Alto,2020-01-09,7.56,18.85,-1.05,51.66,0.0,1.67,60.17,-15.77948,-70.91799,4470
Crucero_Alto,2020-01-10,6.23,12.56,0.17,57.71,0.0,1.61,60.24,-15.77948,-70.91799,4470
Crucero_Alto,2020-01-11,8.0,15.94,2.16,58.19,0.38,1.43,60.23,-15.77948,-70.91799,4470
Crucero_Alto,2020-01-12,7.66,14.95,2.36,67.61,10.26,2.45,60.28,-15.77948,-70.91799,4470
Crucero_Alto,2020-01-13,7.43,14.92,1.97,69.0,4.89,1.64,60.21,-15.77948,-70.91799,4470
Crucero_Alto,2020-01-14,7.21,15.2,2.36,70.74,0.48,1.72,60.12,-15.77948,-70.91799,4470
Crucero_Alto,2020-01-15,7.77,16.14,2.74,67.34,0.2,1.21,60.16,-15.77948,-70.91799,4470
Crucero_Alto,2020-01-16,8.72,16.29,1.32,63.81,0.1,3.63,60.27,-15.77948,-70.91799,4470
Crucero_Alto,2020-01-17,6.72,13.14,1.34,71.51,0.12,4.63,60.4,-15.77948,-70.91799,4470
Crucero_Alto,2020-01-18,8.76,16.11,2.46,65.49,0.0,3.75,60.34,-15.77948,-70.91799,4470
Crucero_Alto,2020-01-19,9.41,16.17,3.54,68.07,2.15,2.45,60.31,-15.77948,-70.91799,4470
Crucero_Alto,2020-01-20,8.61,15.58,3.87,69.79,1.05,2.28,60.3,-15.77948,-70.91799,4470
Crucero_Alto,2020-01-21,6.64,13.13,2.85,74.74,3.61,2.52,60.21,-15.77948,-70.91799,4470
Crucero_Alto,2020-01-22,6.8,13.76,1.03,70.94,3.44,2.43,60.17,-15.77948,-70.91799,4470
Crucero_Alto,2020-01-23,8.09,15.96,1.11,69.16,3.61,2.15,60.19,-15.77948,-70.91799,4470
Crucero_Alto,2020-01-24,9.17,15.77,3.59,68.65,1.28,1.4,60.19,-15.77948,-70.91799,4470
Crucero_Alto,2020-01-25,9.36,15.19,5.36,67.62,0.89,1.41,60.29,-15.77948,-70.91799,4470
Crucero_Alto,2020-01-26,9.21,15.46,3.6,63.47,1.07,1.33,60.34,-15.77948,-70.91799,4470
Crucero_Alto,2020-01-27,7.58,13.53,2.18,71.58,6.86,2.19,60.36,-15.77948,-70.91799,4470
Crucero_Alto,2020-01-28,7.48,17.38,-0.32,66.71,0.03,3.05,60.23,-15.77948,-70.91799,4470
Crucero_Alto,2020-01-29,7.13,16.95,-0.04,65.88,0.0,1.98,60.12,-15.77948,-70.91799,4470
Crucero_Alto,2020-01-30,7.4,18.18,1.44,65.37,0.0,2.2,60.18,-15.77948,-70.91799,4470
Crucero_Alto,2020-01-31,7.92,15.75,1.76,60.41,0.1,1.97,60.28,-15.77948,-70.91799,4470
Crucero_Alto,2020-02-01,10.13,19.24,2.76,53.2,0.0,1.03,60.27,-15.77948,-70.91799,4470
Crucero_Alto,2020-02-02,8.39,15.26,3.05,66.87,8.89,1.57,60.31,-15.77948,-70.91799,4470
Crucero_Alto,2020-02-03,7.12,15.91,1.57,73.71,18.24,2.01,60.29,-15.77948,-70.91799,4470
Crucero_Alto,2020-02-04,6.62,15.08,0.7,76.5,15.53,1.91,60.22,-15.77948,-70.91799,4470
Crucero_Alto,2020-02-05,7.87,16.49,2.31,72.42,1.63,2.3,60.14,-15.77948,-70.91799,4470
Crucero_Alto,2020-02-06,7.84,16.13,1.67,70.28,2.21,2.58,60.16,-15.77948,-70.91799,4470
Crucero_Alto,2020-02-07,6.92,15.69,1.72,73.34,6.45,3.13,60.22,-15.77948,-70.91799,4470
Crucero_Alto,2020-02-08,6.97,13.52,2.03,77.49,12.82,2.21,60.19,-15.77948,-70.91799,4470
Crucero_Alto,2020-02-09,7.82,15.83,3.2,75.25,4.26,1.35,60.22,-15.77948,-70.91799,4470
Crucero_Alto,2020-02-10,7.76,14.5,2.81,74.67,4.69,3.98,60.27,-15.77948,-70.91799,4470
Crucero_Alto,2020-02-11,7.7,15.44,2.29,74.53,2.08,2.53,60.28,-15.77948,-70.91799,4470
Crucero_Alto,2020-02-12,6.87,13.41,1.45,77.5,3.43,1.68,60.18,-15.77948,-70.91799,4470
Crucero_Alto,2020-02-13,5.81,14.32,1.06,77.82,5.13,1.68,60.15,-15.77948,-70.91799,4470
Crucero_Alto,2020-02-14,5.95,14.28,1.43,77.39,2.8,1.36,60.24,-15.77948,-70.91799,4470
Crucero_Alto,2020-02-15,7.41,15.57,0.71,75.24,6.7,1.36,60.24,-15.77948,-70.91799,4470
Crucero_Alto,2020-02-16,6.64,14.77,1.74,77.35,0.24,1.96,60.22,-15.77948,-70.91799,4470
Crucero_Alto,2020-02-17,7.03,14.8,1.34,75.63,1.13,1.95,60.16,-15.77948,-70.91799,4470
Crucero_Alto,2020-02-18,8.75,15.72,3.63,74.63,0.06,2.71,60.21,-15.77948,-70.91799,4470
Crucero_Alto,2020-02-19,8.66,16.42,3.67,70.27,0.11,1.08,60.26,-15.77948,-70.91799,4470
Crucero_Alto,2020-02-20,6.54,13.23,2.16,75.9,2.34,2.05,60.21,-15.77948,-70.91799,4470
Crucero_Alto,2020-02-21,5.3,11.08,1.16,81.51,11.6,1.84,60.26,-15.77948,-70.91799,4470
Crucero_Alto,2020-02-22,7.66,14.58,2.58,76.74,4.05,3.05,60.28,-15.77948,-70.91799,4470
Crucero_Alto,2020-02-23,7.62,17.37,2.39,76.29,3.92,2.28,60.25,-15.77948,-70.91799,4470
Crucero_Alto,2020-02-24,6.58,14.79,1.9,79.73,25.81,2.89,60.22,-15.77948,-70.91799,4470
Crucero_Alto,2020-02-25,9.2,17.56,2.97,69.94,22.69,1.8,60.18,-15.77948,-70.91799,4470
Crucero_Alto,2020-02-26,5.51,12.4,1.56,82.98,13.36,2.27,60.23,-15.77948,-70.91799,4470
Crucero_Alto,2020-02-27,6.9,16.89,-0.12,71.55,11.91,1.97,60.28,-15.77948,-70.91799,4470
Crucero_Alto,2020-02-28,6.72,14.7,0.15,74.78,0.86,1.08,60.33,-15.77948,-70.91799,4470
Crucero_Alto,2020-02-29,7.68,14.97,1.64,75.36,0.01,1.32,60.36,-15.77948,-70.91799,4470
Crucero_Alto,2020-03-01,7.14,15.73,2.95,75.69,0.0,1.61,60.35,-15.77948,-70.91799,4470
Crucero_Alto,2020-03-02,6.87,14.59,1.22,75.21,8.44,1.99,60.3,-15.77948,-70.91799,4470
Crucero_Alto,2020-03-03,7.33,17.74,-2.65,60.09,0.47,1.65,60.27,-15.77948,-70.91799,4470
Crucero_Alto,2020-03-04,7.93,16.69,1.64,67.93,1.15,1.41,60.33,-15.77948,-70.91799,4470
Crucero_Alto,2020-03-05,8.44,16.93,0.89,68.19,0.0,1.45,60.4,-15.77948,-70.91799,4470
Crucero_Alto,2020-03-06,8.57,16.47,2.25,69.13,0.64,1.11,60.34,-15.77948,-70.91799,4470
Crucero_Alto,2020-03-07,7.5,15.21,1.97,73.64,0.08,1.5,60.28,-15.77948,-70.91799,4470
Crucero_Alto,2020-03-08,7.83,14.87,1.95,68.0,0.0,2.07,60.29,-15.77948,-70.91799,4470
Crucero_Alto,2020-03-09,8.19,16.45,2.69,66.5,0.05,2.22,60.38,-15.77948,-70.91799,4470
Crucero_Alto,2020-03-10,6.5,14.01,1.49,73.54,0.16,2.27,60.38,-15.77948,-70.91799,4470
Crucero_Alto,2020-03-11,6.84,14.63,0.55,68.16,0.39,1.35,60.22,-15.77948,-70.91799,4470
Crucero_Alto,2020-03-12,7.44,13.84,2.77,75.13,3.76,2.26,60.17,-15.77948,-70.91799,4470
Crucero_Alto,2020-03-13,6.98,12.99,3.15,77.8,44.55,1.53,60.33,-15.77948,-70.91799,4470
Crucero_Alto,2020-03-14,7.66,14.54,2.63,76.54,9.74,1.66,60.38,-15.77948,-70.91799,4470
Crucero_Alto,2020-03-15,8.12,15.61,3.0,74.9,0.6,1.68,60.31,-15.77948,-70.91799,4470
Crucero_Alto,2020-03-16,6.94,14.49,0.18,75.89,5.6,2.48,60.24,-15.77948,-70.91799,4470
Crucero_Alto,2020-03-17,6.71,14.81,2.07,77.62,19.02,1.73,60.2,-15.77948,-70.91799,4470
Crucero_Alto,2020-03-18,6.02,14.39,0.77,79.33,8.84,1.99,60.24,-15.77948,-70.91799,4470
Crucero_Alto,2020-03-19,5.98,14.17,0.01,77.55,0.25,1.82,60.26,-15.77948,-70.91799,4470
Crucero_Alto,2020-03-20,5.95,14.24,1.13,77.31,0.41,1.97,60.15,-15.77948,-70.91799,4470
Crucero_Alto,2020-03-21,5.68,15.34,0.12,73.17,0.67,2.13,60.11,-15.77948,-70.91799,4470
Crucero_Alto,2020-03-22,6.78,14.5,-0.8,75.59,0.01,2.52,60.18,-15.77948,-70.91799,4470
Crucero_Alto,2020-03-23,7.96,14.68,2.45,76.79,0.0,2.74,60.35,-15.77948,-70.91799,4470
Crucero_Alto,2020-03-24,8.57,14.58,3.79,77.52,2.69,1.96,60.31,-15.77948,-70.91799,4470
Crucero_Alto,2020-03-25,9.15,17.01,3.34,72.69,0.38,1.63,60.21,-15.77948,-70.91799,4470
Crucero_Alto,2020-03-26,8.41,15.95,3.07,73.56,0.03,1.47,60.13,-15.77948,-70.91799,4470
Crucero_Alto,2020-03-27,6.58,15.14,1.25,74.74,0.07,2.28,60.05,-15.77948,-70.91799,4470
Crucero_Alto,2020-03-28,6.44,15.09,-0.62,76.34,0.0,1.44,60.11,-15.77948,-70.91799,4470
Crucero_Alto,2020-03-29,7.54,14.03,2.61,80.27,0.0,3.11,60.22,-15.77948,-70.91799,4470
Crucero_Alto,2020-03-30,7.83,14.32,2.11,76.7,0.0,2.81,60.32,-15.77948,-70.91799,4470
Crucero_Alto,2020-03-31,7.18,12.98,3.32,80.84,0.23,3.27,60.27,-15.77948,-70.91799,4470
Crucero_Alto,2020-04-01,6.91,14.25,1.94,74.7,0.02,2.93,60.35,-15.77948,-70.91799,4470
Crucero_Alto,2020-04-02,7.26,14.98,0.93,69.85,0.0,3.14,60.43,-15.77948,-70.91799,4470
Crucero_Alto,2020-04-03,7.76,15.55,2.15,71.68,0.0,1.8,60.33,-15.77948,-70.91799,4470
Crucero_Alto,2020-04-04,5.94,13.04,1.32,75.32,0.16,2.3,60.22,-15.77948,-70.91799,4470
Crucero_Alto,2020-04-05,6.47,14.34,0.14,71.75,0.03,2.22,60.34,-15.77948,-70.91799,4470
Crucero_Alto,2020-04-06,7.37,15.08,-0.04,69.56,0.04,1.5,60.42,-15.77948,-70.91799,4470
Crucero_Alto,2020-04-07,8.22,17.01,1.36,68.38,0.24,1.07,60.41,-15.77948,-70.91799,4470
Crucero_Alto,2020-04-08,6.78,15.96,0.45,70.82,0.01,2.24,60.42,-15.77948,-70.91799,4470
Crucero_Alto,2020-04-09,5.44,16.95,-3.21,65.07,0.0,1.94,60.37,-15.77948,-70.91799,4470
Crucero_Alto,2020-04-10,4.21,15.07,-4.43,64.93,0.0,2.62,60.34,-15.77948,-70.91799,4470
Crucero_Alto,2020-04-11,3.79,15.52,-4.79,51.29,0.0,2.5,60.34,-15.77948,-70.91799,4470
Crucero_Alto,2020-04-12,4.14,15.71,-3.91,42.33,0.0,2.17,60.34,-15.77948,-70.91799,4470
Crucero_Alto,2020-04-13,3.53,14.84,-4.3,46.78,0.0,2.71,60.34,-15.77948,-70.91799,4470
Crucero_Alto,2020-04-14,2.72,14.53,-5.08,43.76,0.0,2.49,60.23,-15.77948,-70.91799,4470
Crucero_Alto,2020-04-15,2.35,14.22,-6.08,57.35,0.0,2.58,60.21,-15.77948,-70.91799,4470
Crucero_Alto,2020-04-16,2.88,13.03,-4.99,56.0,0.24,1.69,60.33,-15.77948,-70.91799,4470
Crucero_Alto,2020-04-17,4.29,13.11,-3.04,63.36,0.04,1.23,60.39,-15.77948,-70.91799,4470
Crucero_Alto,2020-04-18,5.46,13.19,-0.87,63.16,0.01,0.93,60.39,-15.77948,-70.91799,4470
Crucero_Alto,2020-04-19,4.89,12.17,0.26,75.16,0.47,1.67,60.41,-15.77948,-70.91799,4470
Crucero_Alto,2020-04-20,4.6,12.48,-0.13,79.06,8.72,1.52,60.43,-15.77948,-70.91799,4470
Crucero_Alto,2020-04-21,5.24,14.09,-1.15,71.17,1.76,1.15,60.43,-15.77948,-70.91799,4470
Crucero_Alto,2020-04-22,5.55,14.92,-3.13,55.62,0.0,0.98,60.37,-15.77948,-70.91799,4470
Crucero_Alto,2020-04-23,6.89,15.35,-0.01,58.55,0.0,1.11,60.29,-15.77948,-70.91799,4470
Crucero_Alto,2020-04-24,6.46,16.58,-2.23,61.0,0.0,1.06,60.25,-15.77948,-70.91799,4470
Crucero_Alto,2020-04-25,5.37,15.91,-3.15,64.64,0.0,1.48,60.35,-15.77948,-70.91799,4470
Crucero_Alto,2020-04-26,5.22,13.35,-2.13,72.8,0.0,1.92,60.42,-15.77948,-70.91799,4470
Crucero_Alto,2020-04-27,6.85,13.86,1.75,75.12,0.0,1.72,60.46,-15.77948,-70.91799,4470
Crucero_Alto,2020-04-28,7.76,15.36,1.76,65.53,0.0,1.28,60.42,-15.77948,-70.91799,4470
Crucero_Alto,2020-04-29,7.24,15.2,1.69,74.5,0.0,1.62,60.4,-15.77948,-70.91799,4470
Crucero_Alto,2020-04-30,7.45,14.37,2.83,75.79,0.0,1.54,60.46,-15.77948,-70.91799,4470
Crucero_Alto,2020-05-01,7.06,14.05,2.13,71.75,0.0,1.73,60.5,-15.77948,-70.91799,4470
Crucero_Alto,2020-05-02,5.18,8.86,2.62,80.44,0.0,1.62,60.47,-15.77948,-70.91799,4470
Crucero_Alto,2020-05-03,5.15,11.86,0.87,76.8,0.09,1.74,60.38,-15.77948,-70.91799,4470
Crucero_Alto,2020-05-04,5.16,12.54,-0.24,69.62,0.01,1.53,60.29,-15.77948,-70.91799,4470
Crucero_Alto,2020-05-05,5.78,16.12,-1.5,60.49,0.0,1.4,60.27,-15.77948,-70.91799,4470
Crucero_Alto,2020-05-06,5.58,14.94,-1.62,59.46,0.0,1.56,60.38,-15.77948,-70.91799,4470
Crucero_Alto,2020-05-07,4.74,12.99,-2.44,62.2,0.0,1.25,60.41,-15.77948,-70.91799,4470
Crucero_Alto,2020-05-08,5.82,14.67,-0.77,54.56,0.0,0.96,60.44,-15.77948,-70.91799,4470
Crucero_Alto,2020-05-09,6.12,15.5,-0.56,71.16,0.0,1.26,60.44,-15.77948,-70.91799,4470
Crucero_Alto,2020-05-10,5.79,15.62,-1.5,63.58,0.0,2.06,60.38,-15.77948,-70.91799,4470
Crucero_Alto,2020-05-11,3.81,15.26,-3.5,43.52,0.0,2.15,60.36,-15.77948,-70.91799,4470
Crucero_Alto,2020-05-12,1.95,12.53,-4.94,43.61,0.0,2.93,60.41,-15.77948,-70.91799,4470
Crucero_Alto,2020-05-13,2.68,13.08,-4.92,48.22,0.0,2.28,60.39,-15.77948,-70.91799,4470
Crucero_Alto,2020-05-14,3.04,13.84,-3.97,53.47,0.0,2.49,60.33,-15.77948,-70.91799,4470
Crucero_Alto,2020-05-15,2.76,13.4,-5.08,37.28,0.0,1.98,60.34,-15.77948,-70.91799,4470
Crucero_Alto,2020-05-16,4.99,13.78,-1.92,41.48,0.0,0.93,60.37,-15.77948,-70.91799,4470
Crucero_Alto,2020-05-17,4.13,12.44,-2.05,68.77,0.0,1.54,60.4,-15.77948,-70.91799,4470
Crucero_Alto,2020-05-18,2.76,13.1,-3.99,55.82,0.0,2.42,60.46,-15.77948,-70.91799,4470
Crucero_Alto,2020-05-19,1.86,13.3,-5.64,50.86,0.0,2.5,60.4,-15.77948,-70.91799,4470
Crucero_Alto,2020-05-20,2.8,13.68,-5.04,45.11,0.0,2.27,60.37,-15.77948,-70.91799,4470
Crucero_Alto,2020-05-21,3.56,13.81,-2.61,48.72,0.0,2.64,60.38,-15.77948,-70.91799,4470
Crucero_Alto,2020-05-22,3.48,12.34,-4.27,53.07,0.0,1.75,60.42,-15.77948,-70.91799,4470
Crucero_Alto,2020-05-23,3.07,12.48,-4.73,41.47,0.0,2.63,60.5,-15.77948,-70.91799,4470
Crucero_Alto,2020-05-24,2.58,12.36,-5.07,33.89,0.0,2.02,60.5,-15.77948,-70.91799,4470
Crucero_Alto,2020-05-25,2.52,11.83,-3.81,40.18,0.0,2.63,60.53,-15.77948,-70.91799,4470
Crucero_Alto,2020-05-26,2.51,11.4,-4.17,33.86,0.0,1.82,60.53,-15.77948,-70.91799,4470
Crucero_Alto,2020-05-27,4.32,12.78,-1.44,30.58,0.0,1.17,60.36,-15.77948,-70.91799,4470
Crucero_Alto,2020-05-28,3.02,13.65,-4.08,44.71,0.0,1.51,60.29,-15.77948,-70.91799,4470
Crucero_Alto,2020-05-29,4.15,13.15,-4.19,46.91,0.0,1.24,60.27,-15.77948,-70.91799,4470
Crucero_Alto,2020-05-30,3.3,13.58,-3.14,55.91,0.0,2.1,60.27,-15.77948,-70.91799,4470
Crucero_Alto,2020-05-31,3.21,13.2,-3.55,65.91,0.0,2.05,60.29,-15.77948,-70.91799,4470
Crucero_Alto,2020-06-01,2.14,11.76,-3.99,75.4,0.0,2.75,60.34,-15.77948,-70.91799,4470
Crucero_Alto,2020-06-02,2.14,11.44,-5.22,69.89,0.0,2.39,60.23,-15.77948,-70.91799,4470
Crucero_Alto,2020-06-03,1.24,9.62,-4.34,76.14,0.0,3.09,60.1,-15.77948,-70.91799,4470
Crucero_Alto,2020-06-04,1.74,9.82,-4.49,65.85,0.0,2.25,60.26,-15.77948,-70.91799,4470
Crucero_Alto,2020-06-05,3.62,12.8,-3.27,66.68,0.0,2.01,60.35,-15.77948,-70.91799,4470
Crucero_Alto,2020-06-06,4.13,13.13,-3.02,72.0,0.0,1.55,60.45,-15.77948,-70.91799,4470
Crucero_Alto,2020-06-07,5.7,13.48,-1.77,65.7,0.0,0.84,60.5,-15.77948,-70.91799,4470
Crucero_Alto,2020-06-08,6.1,14.82,-0.03,68.79,0.0,1.26,60.47,-15.77948,-70.91799,4470
Crucero_Alto,2020-06-09,5.85,14.97,-1.08,62.76,0.0,0.93,60.38,-15.77948,-70.91799,4470
Crucero_Alto,2020-06-10,5.34,14.3,-1.96,56.58,0.0,1.45,60.31,-15.77948,-70.91799,4470
Crucero_Alto,2020-06-11,6.25,15.0,-0.68,69.01,0.05,1.43,60.33,-15.77948,-70.91799,4470
Crucero_Alto,2020-06-12,4.55,15.14,-3.7,54.43,0.0,1.32,60.26,-15.77948,-70.91799,4470
Crucero_Alto,2020-06-13,4.8,13.31,-2.0,60.72,0.0,2.13,60.29,-15.77948,-70.91799,4470
Crucero_Alto,2020-06-14,6.03,13.76,0.21,68.4,0.0,1.23,60.38,-15.77948,-70.91799,4470
Crucero_Alto,2020-06-15,5.34,12.58,-0.33,66.22,0.0,1.33,60.44,-15.77948,-70.91799,4470
Crucero_Alto,2020-06-16,5.03,14.25,-0.99,66.35,0.0,1.61,60.39,-15.77948,-70.91799,4470
Crucero_Alto,2020-06-17,3.99,14.68,-2.86,54.25,0.0,1.98,60.39,-15.77948,-70.91799,4470
Crucero_Alto,2020-06-18,4.86,15.31,-3.58,27.24,0.0,1.36,60.35,-15.77948,-70.91799,4470
Crucero_Alto,2020-06-19,5.08,14.12,-1.43,53.42,0.0,1.17,60.36,-15.77948,-70.91799,4470
Crucero_Alto,2020-06-20,5.08,14.47,-1.57,43.15,0.0,0.9,60.36,-15.77948,-70.91799,4470
Crucero_Alto,2020-06-21,4.79,14.25,-2.44,29.51,0.0,1.4,60.36,-15.77948,-70.91799,4470
Crucero_Alto,2020-06-22,4.18,13.87,-1.73,34.76,0.0,1.25,60.28,-15.77948,-70.91799,4470
Crucero_Alto,2020-06-23,2.13,13.02,-5.77,32.8,0.0,2.29,60.18,-15.77948,-70.91799,4470
Crucero_Alto,2020-06-24,0.19,10.56,-6.05,35.89,0.0,2.93,60.13,-15.77948,-70.91799,4470
Crucero_Alto,2020-06-25,1.81,13.05,-6.03,32.87,0.0,2.09,60.21,-15.77948,-70.91799,4470
Crucero_Alto,2020-06-26,1.79,12.68,-5.62,37.72,0.0,2.27,60.28,-15.77948,-70.91799,4470
Crucero_Alto,2020-06-27,1.38,12.4,-5.7,30.52,0.0,2.3,60.21,-15.77948,-70.91799,4470
Crucero_Alto,2020-06-28,1.01,11.24,-4.83,31.32,0.01,2.48,60.21,-15.77948,-70.91799,4470
Crucero_Alto,2020-06-29,0.71,11.06,-5.2,30.74,0.0,2.46,60.27,-15.77948,-70.91799,4470
Crucero_Alto,2020-06-30,3.1,11.9,-4.4,23.5,0.0,1.21,60.27,-15.77948,-70.91799,4470
Crucero_Alto,2020-07-01,3.12,13.14,-4.48,25.12,0.0,1.22,60.22,-15.77948,-70.91799,4470
Crucero_Alto,2020-07-02,1.78,13.45,-4.94,25.58,0.0,1.79,60.19,-15.77948,-70.91799,4470
Crucero_Alto,2020-07-03,1.37,13.36,-5.53,27.48,0.0,1.95,60.18,-15.77948,-70.91799,4470
Crucero_Alto,2020-07-04,1.6,12.99,-5.92,37.35,0.0,2.32,60.21,-15.77948,-70.91799,4470
Crucero_Alto,2020-07-05,4.51,14.74,-3.83,48.09,0.0,1.6,60.18,-15.77948,-70.91799,4470
Crucero_Alto,2020-07-06,4.26,12.97,-1.24,66.43,0.0,2.02,60.22,-15.77948,-70.91799,4470
Crucero_Alto,2020-07-07,1.16,12.01,-6.95,52.68,0.0,3.23,60.21,-15.77948,-70.91799,4470
Crucero_Alto,2020-07-08,0.3,10.1,-6.88,23.14,0.0,2.5,60.22,-15.77948,-70.91799,4470
Crucero_Alto,2020-07-09,2.17,10.23,-3.5,39.52,0.03,1.43,60.24,-15.77948,-70.91799,4470
Crucero_Alto,2020-07-10,1.92,12.09,-4.72,45.27,0.02,2.02,60.26,-15.77948,-70.91799,4470
Crucero_Alto,2020-07-11,2.85,13.31,-4.92,24.28,0.0,1.56,60.24,-15.77948,-70.91799,4470
Crucero_Alto,2020-07-12,3.91,14.01,-1.77,25.76,0.0,1.44,60.27,-15.77948,-70.91799,4470
Crucero_Alto,2020-07-13,4.26,13.4,-3.16,33.41,0.0,1.11,60.32,-15.77948,-70.91799,4470
Crucero_Alto,2020-07-14,4.03,11.54,-1.4,52.29,0.0,0.96,60.33,-15.77948,-70.91799,4470
Crucero_Alto,2020-07-15,3.58,14.15,-3.32,43.58,0.0,1.44,60.33,-15.77948,-70.91799,4470
Crucero_Alto,2020-07-16,4.49,13.99,-3.13,31.59,0.0,1.4,60.34,-15.77948,-70.91799,4470
Crucero_Alto,2020-07-17,5.19,14.57,-2.4,50.12,0.0,0.98,60.31,-15.77948,-70.91799,4470
Crucero_Alto,2020-07-18,6.11,15.59,-1.52,35.65,0.0,1.15,60.28,-15.77948,-70.91799,4470
Crucero_Alto,2020-07-19,6.5,15.43,-0.75,33.7,0.0,1.12,60.3,-15.77948,-70.91799,4470
Crucero_Alto,2020-07-20,6.02,14.45,0.19,51.83,0.0,1.85,60.33,-15.77948,-70.91799,4470
Crucero_Alto,2020-07-21,5.71,15.54,-1.94,50.6,0.0,1.21,60.26,-15.77948,-70.91799,4470
Crucero_Alto,2020-07-22,4.49,14.62,-2.95,39.7,0.0,1.95,60.2,-15.77948,-70.91799,4470
Crucero_Alto,2020-07-23,2.14,11.0,-5.43,35.08,0.0,2.82,60.22,-15.77948,-70.91799,4470
Crucero_Alto,2020-07-24,0.5,9.16,-5.42,30.61,0.0,3.33,60.2,-15.77948,-70.91799,4470
Crucero_Alto,2020-07-25,2.58,10.92,-3.8,22.98,0.0,1.27,60.28,-15.77948,-70.91799,4470
Crucero_Alto,2020-07-26,2.16,12.61,-5.77,36.24,0.0,1.07,60.33,-15.77948,-70.91799,4470
Crucero_Alto,2020-07-27,1.97,13.53,-5.91,21.83,0.0,1.64,60.32,-15.77948,-70.91799,4470
Crucero_Alto,2020-07-28,4.01,13.5,-3.78,18.98,0.0,0.91,60.28,-15.77948,-70.91799,4470
Crucero_Alto,2020-07-29,4.32,14.75,-3.18,40.73,0.0,1.36,60.27,-15.77948,-70.91799,4470
Crucero_Alto,2020-07-30,4.11,14.71,-3.97,33.88,0.0,1.8,60.33,-15.77948,-70.91799,4470
Crucero_Alto,2020-07-31,6.47,16.22,-0.93,29.8,0.0,0.91,60.36,-15.77948,-70.91799,4470
Crucero_Alto,2020-08-01,6.03,15.79,-1.73,53.38,0.0,1.39,60.42,-15.77948,-70.91799,4470
Crucero_Alto,2020-08-02,6.67,16.97,-0.81,49.16,0.0,1.59,60.43,-15.77948,-70.91799,4470
Crucero_Alto,2020-08-03,5.96,16.35,-1.55,59.49,0.0,1.62,60.5,-15.77948,-70.91799,4470
Crucero_Alto,2020-08-04,5.52,16.62,-2.92,50.81,0.0,1.56,60.48,-15.77948,-70.91799,4470
Crucero_Alto,2020-08-05,5.35,14.77,-1.79,32.78,0.0,1.79,60.4,-15.77948,-70.91799,4470
Crucero_Alto,2020-08-06,5.24,14.73,-1.98,50.42,0.0,1.51,60.32,-15.77948,-70.91799,4470
Crucero_Alto,2020-08-07,4.58,13.75,-3.31,52.23,0.0,1.49,60.42,-15.77948,-70.91799,4470
Crucero_Alto,2020-08-08,5.4,14.78,-2.15,30.84,0.0,1.1,60.4,-15.77948,-70.91799,4470
Crucero_Alto,2020-08-09,5.12,14.28,-1.58,38.17,0.0,0.85,60.36,-15.77948,-70.91799,4470
Crucero_Alto,2020-08-10,4.22,14.37,-4.19,28.61,0.0,1.7,60.2,-15.77948,-70.91799,4470
Crucero_Alto,2020-08-11,3.06,11.47,-4.0,41.32,0.0,1.61,60.11,-15.77948,-70.91799,4470
Crucero_Alto,2020-08-12,1.38,11.9,-5.65,34.78,0.0,3.26,60.11,-15.77948,-70.91799,4470
Crucero_Alto,2020-08-13,1.08,12.72,-6.48,34.14,0.0,3.57,60.07,-15.77948,-70.91799,4470
Crucero_Alto,2020-08-14,1.07,12.9,-6.4,38.04,0.0,3.36,60.08,-15.77948,-70.91799,4470
Crucero_Alto,2020-08-15,2.92,14.52,-5.53,42.04,0.0,3.02,60.09,-15.77948,-70.91799,4470
Crucero_Alto,2020-08-16,3.79,14.41,-4.39,61.04,0.19,2.91,60.13,-15.77948,-70.91799,4470
Crucero_Alto,2020-08-17,3.88,14.44,-4.25,66.54,0.0,3.41,60.09,-15.77948,-70.91799,4470
Crucero_Alto,2020-08-18,2.9,13.89,-4.47,65.78,0.0,3.44,60.07,-15.77948,-70.91799,4470
Crucero_Alto,2020-08-19,3.6,15.56,-5.36,60.0,0.0,3.1,60.09,-15.77948,-70.91799,4470
Crucero_Alto,2020-08-20,4.9,14.38,-2.86,61.79,0.0,2.05,60.2,-15.77948,-70.91799,4470
Crucero_Alto,2020-08-21,4.39,15.52,-3.32,55.32,0.0,2.92,60.25,-15.77948,-70.91799,4470
Crucero_Alto,2020-08-22,4.37,16.43,-4.65,56.75,0.0,2.72,60.15,-15.77948,-70.91799,4470
Crucero_Alto,2020-08-23,4.83,15.31,-3.84,62.69,0.0,2.43,60.14,-15.77948,-70.91799,4470
Crucero_Alto,2020-08-24,5.4,17.44,-3.27,58.68,0.01,2.91,60.07,-15.77948,-70.91799,4470
Crucero_Alto,2020-08-25,5.27,17.11,-3.82,65.6,0.05,2.77,60.09,-15.77948,-70.91799,4470
Crucero_Alto,2020-08-26,6.42,17.56,-2.83,58.82,0.0,2.61,60.14,-15.77948,-70.91799,4470
Crucero_Alto,2020-08-27,6.54,17.46,-3.3,58.13,0.0,1.93,60.32,-15.77948,-70.91799,4470
Crucero_Alto,2020-08-28,6.8,17.17,-2.02,59.53,0.0,1.43,60.37,-15.77948,-70.91799,4470
Crucero_Alto,2020-08-29,7.49,17.33,-0.62,52.86,0.0,1.66,60.25,-15.77948,-70.91799,4470
Crucero_Alto,2020-08-30,7.7,16.46,0.82,60.16,0.0,3.34,60.2,-15.77948,-70.91799,4470
Crucero_Alto,2020-08-31,6.33,14.96,-0.32,60.11,0.0,3.3,60.27,-15.77948,-70.91799,4470
Crucero_Alto,2020-09-01,6.44,15.47,-1.33,63.92,0.0,2.75,60.28,-15.77948,-70.91799,4470
Crucero_Alto,2020-09-02,6.63,15.24,0.58,53.06,0.0,1.84,60.2,-15.77948,-70.91799,4470
Crucero_Alto,2020-09-03,6.51,16.06,-1.12,36.33,0.0,1.19,60.17,-15.77948,-70.91799,4470
Crucero_Alto,2020-09-04,6.91,15.87,-1.76,39.42,0.0,1.33,60.28,-15.77948,-70.91799,4470
Crucero_Alto,2020-09-05,8.03,17.82,-0.96,39.47,0.0,1.09,60.37,-15.77948,-70.91799,4470
Crucero_Alto,2020-09-06,8.33,17.22,2.68,40.9,0.0,1.23,60.32,-15.77948,-70.91799,4470
Crucero_Alto,2020-09-07,7.57,16.61,0.28,37.38,0.16,1.5,60.19,-15.77948,-70.91799,4470
Crucero_Alto,2020-09-08,6.91,13.65,0.78,46.14,0.04,0.86,60.23,-15.77948,-70.91799,4470
Crucero_Alto,2020-09-09,7.72,17.61,-0.17,44.44,0.0,1.2,60.34,-15.77948,-70.91799,4470
Crucero_Alto,2020-09-10,7.59,15.73,0.98,58.66,0.0,1.42,60.36,-15.77948,-70.91799,4470
Crucero_Alto,2020-09-11,6.69,15.49,-0.19,60.07,0.0,0.91,60.22,-15.77948,-70.91799,4470
Crucero_Alto,2020-09-12,6.22,15.52,0.36,59.24,0.0,1.8,60.19,-15.77948,-70.91799,4470
Crucero_Alto,2020-09-13,5.44,13.32,-0.08,65.21,0.26,1.26,60.28,-15.77948,-70.91799,4470
Crucero_Alto,2020-09-14,4.15,10.36,-0.76,74.98,0.01,1.97,60.4,-15.77948,-70.91799,4470
Crucero_Alto,2020-09-15,5.48,14.32,-1.47,64.18,0.24,2.38,60.35,-15.77948,-70.91799,4470
Crucero_Alto,2020-09-16,5.5,15.95,-1.68,54.13,0.06,3.18,60.25,-15.77948,-70.91799,4470
Crucero_Alto,2020-09-17,5.38,16.09,-3.39,64.24,0.59,1.69,60.15,-15.77948,-70.91799,4470
Crucero_Alto,2020-09-18,4.67,11.66,-0.58,73.21,0.97,1.55,60.2,-15.77948,-70.91799,4470
Crucero_Alto,2020-09-19,6.64,16.21,-1.64,54.88,0.0,1.34,60.28,-15.77948,-70.91799,4470
Crucero_Alto,2020-09-20,6.78,17.88,-0.55,48.38,0.0,2.17,60.27,-15.77948,-70.91799,4470
Crucero_Alto,2020-09-21,4.88,16.76,-3.53,41.07,0.01,3.55,60.27,-15.77948,-70.91799,4470
Crucero_Alto,2020-09-22,4.95,16.25,-6.33,33.68,0.01,1.6,60.27,-15.77948,-70.91799,4470
Crucero_Alto,2020-09-23,4.73,14.27,-2.51,55.44,0.01,3.78,60.45,-15.77948,-70.91799,4470
Crucero_Alto,2020-09-24,3.56,14.07,-5.12,51.57,0.0,3.3,60.47,-15.77948,-70.91799,4470
Crucero_Alto,2020-09-25,6.06,17.42,-4.24,46.63,0.0,1.77,60.38,-15.77948,-70.91799,4470
Crucero_Alto,2020-09-26,6.46,17.47,-2.02,39.09,0.0,2.02,60.24,-15.77948,-70.91799,4470
Crucero_Alto,2020-09-27,6.42,16.99,-3.36,35.86,0.0,1.36,60.06,-15.77948,-70.91799,4470
Crucero_Alto,2020-09-28,4.71,13.32,-0.57,54.84,0.2,1.62,60.09,-15.77948,-70.91799,4470
Crucero_Alto,2020-09-29,5.08,14.68,-2.56,65.75,0.09,2.24,60.17,-15.77948,-70.91799,4470
Crucero_Alto,2020-09-30,4.55,13.11,-1.36,64.91,0.01,1.9,60.25,-15.77948,-70.91799,4470
Crucero_Alto,2020-10-01,6.34,15.33,-1.78,55.4,0.0,1.58,60.21,-15.77948,-70.91799,4470
Crucero_Alto,2020-10-02,6.79,15.32,0.38,64.76,0.0,2.71,60.17,-15.77948,-70.91799,4470
Crucero_Alto,2020-10-03,7.42,15.42,2.21,62.23,0.0,4.05,60.28,-15.77948,-70.91799,4470
Crucero_Alto,2020-10-04,6.74,14.34,0.96,67.79,0.0,3.8,60.35,-15.77948,-70.91799,4470
Crucero_Alto,2020-10-05,7.82,16.62,1.34,60.13,0.02,4.06,60.34,-15.77948,-70.91799,4470
Crucero_Alto,2020-10-06,6.67,13.89,1.97,68.11,0.01,2.74,60.31,-15.77948,-70.91799,4470
Crucero_Alto,2020-10-07,7.15,15.44,0.6,66.99,0.0,2.87,60.36,-15.77948,-70.91799,4470
Crucero_Alto,2020-10-08,8.11,15.86,2.19,60.7,0.0,2.43,60.44,-15.77948,-70.91799,4470
Crucero_Alto,2020-10-09,8.97,17.43,2.55,56.65,0.0,1.73,60.41,-15.77948,-70.91799,4470
Crucero_Alto,2020-10-10,7.18,16.63,0.88,64.68,0.0,1.26,60.38,-15.77948,-70.91799,4470
Crucero_Alto,2020-10-11,7.43,15.31,2.23,58.31,6.44,2.4,60.34,-15.77948,-70.91799,4470
Crucero_Alto,2020-10-12,6.77,13.15,1.53,63.84,1.05,2.6,60.32,-15.77948,-70.91799,4470
Crucero_Alto,2020-10-13,6.48,13.71,1.71,65.25,1.66,2.24,60.26,-15.77948,-70.91799,4470
Crucero_Alto,2020-10-14,5.63,13.18,0.5,69.46,1.95,2.4,60.19,-15.77948,-70.91799,4470
Crucero_Alto,2020-10-15,6.42,14.02,1.85,68.54,0.09,2.78,60.22,-15.77948,-70.91799,4470
Crucero_Alto,2020-10-16,6.46,13.76,0.93,60.17,0.2,1.45,60.31,-15.77948,-70.91799,4470
Crucero_Alto,2020-10-17,7.76,16.58,1.44,53.57,0.13,1.23,60.26,-15.77948,-70.91799,4470
Crucero_Alto,2020-10-18,7.0,17.23,-1.71,41.17,0.31,1.9,60.17,-15.77948,-70.91799,4470
Crucero_Alto,2020-10-19,6.76,13.98,-0.25,49.54,0.08,1.93,60.14,-15.77948,-70.91799,4470
Crucero_Alto,2020-10-20,7.0,14.33,0.54,59.63,0.08,2.74,60.17,-15.77948,-70.91799,4470
Crucero_Alto,2020-10-21,6.88,14.48,1.67,64.53,0.34,2.72,60.28,-15.77948,-70.91799,4470
Crucero_Alto,2020-10-22,7.42,16.51,-0.84,52.34,2.15,1.88,60.3,-15.77948,-70.91799,4470
Crucero_Alto,2020-10-23,8.12,18.87,-1.0,46.0,0.03,2.65,60.3,-15.77948,-70.91799,4470
Crucero_Alto,2020-10-24,8.03,18.47,-0.97,43.87,0.0,2.12,60.28,-15.77948,-70.91799,4470
Crucero_Alto,2020-10-25,8.31,18.1,-0.82,41.43,0.0,1.77,60.23,-15.77948,-70.91799,4470
Crucero_Alto,2020-10-26,9.79,19.23,2.15,44.05,0.02,2.49,60.19,-15.77948,-70.91799,4470
Crucero_Alto,2020-10-27,7.56,18.69,-2.62,40.91,0.02,4.07,60.14,-15.77948,-70.91799,4470
Crucero_Alto,2020-10-28,4.49,16.72,-5.63,23.12,0.0,3.97,60.11,-15.77948,-70.91799,4470
Crucero_Alto,2020-10-29,5.86,19.28,-4.82,24.65,0.01,2.75,60.09,-15.77948,-70.91799,4470
Crucero_Alto,2020-10-30,6.09,17.88,-1.26,39.86,0.01,2.64,60.13,-15.77948,-70.91799,4470
Crucero_Alto,2020-10-31,7.69,19.42,-2.21,44.62,0.0,1.68,60.16,-15.77948,-70.91799,4470
Crucero_Alto,2020-11-01,6.95,18.47,-1.91,46.17,0.0,3.57,60.18,-15.77948,-70.91799,4470
Crucero_Alto,2020-11-02,7.11,18.74,-2.27,36.57,0.0,3.03,60.09,-15.77948,-70.91799,4470
Crucero_Alto,2020-11-03,8.97,19.65,-0.26,41.15,0.0,1.62,60.13,-15.77948,-70.91799,4470
Crucero_Alto,2020-11-04,8.07,16.59,1.43,53.01,0.0,3.64,60.33,-15.77948,-70.91799,4470
Crucero_Alto,2020-11-05,8.43,19.12,-0.47,50.17,0.0,1.79,60.25,-15.77948,-70.91799,4470
Crucero_Alto,2020-11-06,9.18,17.92,2.66,53.62,0.0,3.44,60.19,-15.77948,-70.91799,4470
Crucero_Alto,2020-11-07,8.76,17.34,3.11,57.05,0.0,4.06,60.31,-15.77948,-70.91799,4470
Crucero_Alto,2020-11-08,7.55,13.67,3.3,57.77,0.0,2.27,60.39,-15.77948,-70.91799,4470
Crucero_Alto,2020-11-09,9.33,19.15,1.35,49.8,0.0,1.53,60.26,-15.77948,-70.91799,4470
Crucero_Alto,2020-11-10,7.05,18.42,-1.79,30.04,0.03,3.33,60.25,-15.77948,-70.91799,4470
Crucero_Alto,2020-11-11,6.04,19.42,-5.48,25.5,0.04,2.66,60.22,-15.77948,-70.91799,4470
Crucero_Alto,2020-11-12,5.56,18.43,-5.37,25.67,0.06,3.14,60.26,-15.77948,-70.91799,4470
Crucero_Alto,2020-11-13,5.79,19.16,-5.39,26.58,0.33,2.91,60.23,-15.77948,-70.91799,4470
Crucero_Alto,2020-11-14,6.98,19.08,-4.66,22.47,0.63,1.78,60.18,-15.77948,-70.91799,4470
Crucero_Alto,2020-11-15,9.49,19.91,0.28,31.67,0.0,1.45,60.18,-15.77948,-70.91799,4470
Crucero_Alto,2020-11-16,8.82,19.96,0.18,34.14,0.04,2.06,60.22,-15.77948,-70.91799,4470
Crucero_Alto,2020-11-17,6.38,18.79,-4.12,25.77,0.01,3.59,60.18,-15.77948,-70.91799,4470
Crucero_Alto,2020-11-18,6.65,20.09,-4.68,18.55,0.0,2.51,60.14,-15.77948,-70.91799,4470
Crucero_Alto,2020-11-19,6.44,19.48,-3.77,26.34,0.05,3.1,60.16,-15.77948,-70.91799,4470
Crucero_Alto,2020-11-20,6.94,19.46,-4.63,30.35,0.01,2.75,60.18,-15.77948,-70.91799,4470
Crucero_Alto,2020-11-21,8.73,17.54,1.34,43.15,0.0,1.5,60.17,-15.77948,-70.91799,4470
Crucero_Alto,2020-11-22,9.8,18.64,2.26,42.08,0.0,2.86,60.24,-15.77948,-70.91799,4470
Crucero_Alto,2020-11-23,9.91,18.8,3.21,50.34,0.0,3.44,60.35,-15.77948,-70.91799,4470
Crucero_Alto,2020-11-24,10.58,20.78,2.12,47.9,0.0,2.39,60.37,-15.77948,-70.91799,4470
Crucero_Alto,2020-11-25,9.18,20.41,3.66,58.88,0.0,2.28,60.34,-15.77948,-70.91799,4470
Crucero_Alto,2020-11-26,9.33,19.69,2.25,51.38,0.11,1.92,60.22,-15.77948,-70.91799,4470
Crucero_Alto,2020-11-27,7.44,15.49,0.95,61.35,0.14,2.55,60.21,-15.77948,-70.91799,4470
Crucero_Alto,2020-11-28,9.11,16.44,3.33,61.33,0.29,2.75,60.26,-15.77948,-70.91799,4470
Crucero_Alto,2020-11-29,10.44,19.02,4.42,56.95,0.0,2.45,60.26,-15.77948,-70.91799,4470
Crucero_Alto,2020-11-30,11.22,20.38,3.51,53.43,1.58,2.44,60.23,-15.77948,-70.91799,4470
Crucero_Alto,2020-12-01,7.63,13.36,3.97,68.23,2.07,2.28,60.26,-15.77948,-70.91799,4470
Crucero_Alto,2020-12-02,8.73,17.99,2.64,60.65,0.05,1.91,60.15,-15.77948,-70.91799,4470
Crucero_Alto,2020-12-03,8.79,19.66,1.07,60.28,1.44,1.47,60.08,-15.77948,-70.91799,4470
Crucero_Alto,2020-12-04,6.78,15.76,1.74,69.18,1.9,2.26,60.15,-15.77948,-70.91799,4470
Crucero_Alto,2020-12-05,8.67,18.05,0.78,55.57,0.95,1.61,60.25,-15.77948,-70.91799,4470
Crucero_Alto,2020-12-06,7.83,13.91,3.32,69.35,2.35,1.83,60.18,-15.77948,-70.91799,4470
Crucero_Alto,2020-12-07,8.2,16.78,2.51,69.05,1.26,2.25,60.21,-15.77948,-70.91799,4470
Crucero_Alto,2020-12-08,8.62,16.46,1.32,57.9,0.31,1.82,60.28,-15.77948,-70.91799,4470
Crucero_Alto,2020-12-09,10.38,21.79,0.64,48.74,0.4,1.98,60.21,-15.77948,-70.91799,4470
Crucero_Alto,2020-12-10,7.76,18.94,-2.07,40.3,0.07,2.04,60.16,-15.77948,-70.91799,4470
Crucero_Alto,2020-12-11,8.64,20.57,-1.49,45.95,0.0,2.0,60.09,-15.77948,-70.91799,4470
Crucero_Alto,2020-12-12,9.09,19.56,0.14,53.68,0.0,2.11,60.12,-15.77948,-70.91799,4470
Crucero_Alto,2020-12-13,8.83,20.21,-1.71,49.36,0.58,2.15,60.21,-15.77948,-70.91799,4470
Crucero_Alto,2020-12-14,8.54,20.05,-1.16,45.39,0.4,2.02,60.18,-15.77948,-70.91799,4470
Crucero_Alto,2020-12-15,8.39,19.56,-2.1,37.94,0.0,2.35,60.11,-15.77948,-70.91799,4470
Crucero_Alto,2020-12-16,9.23,16.3,3.21,52.43,1.46,2.19,60.15,-15.77948,-70.91799,4470
Crucero_Alto,2020-12-17,9.7,18.09,4.13,58.24,0.29,3.04,60.2,-15.77948,-70.91799,4470
Crucero_Alto,2020-12-18,8.9,15.91,4.4,63.17,2.18,2.54,60.16,-15.77948,-70.91799,4470
Crucero_Alto,2020-12-19,8.73,17.21,3.13,60.57,0.13,2.25,60.11,-15.77948,-70.91799,4470
Crucero_Alto,2020-12-20,8.96,18.14,1.73,59.84,0.0,2.14,60.1,-15.77948,-70.91799,4470
Crucero_Alto,2020-12-21,7.26,16.28,2.45,69.61,0.92,2.4,60.18,-15.77948,-70.91799,4470
Crucero_Alto,2020-12-22,7.73,15.37,1.06,66.38,2.75,3.69,60.18,-15.77948,-70.91799,4470
Crucero_Alto,2020-12-23,8.68,15.6,3.15,66.46,0.7,3.17,60.1,-15.77948,-70.91799,4470
Crucero_Alto,2020-12-24,8.66,15.94,4.18,67.38,5.13,2.36,60.11,-15.77948,-70.91799,4470
Crucero_Alto,2020-12-25,8.38,16.37,3.15,68.9,1.91,2.32,60.06,-15.77948,-70.91799,4470
Crucero_Alto,2020-12-26,6.52,12.99,2.52,73.55,6.31,1.45,59.97,-15.77948,-70.91799,4470
Crucero_Alto,2020-12-27,7.13,13.73,2.36,70.83,1.99,3.88,59.98,-15.77948,-70.91799,4470
Crucero_Alto,2020-12-28,6.14,11.28,2.62,76.88,4.1,3.49,60.07,-15.77948,-70.91799,4470
Crucero_Alto,2020-12-29,7.73,14.13,2.4,71.64,2.25,2.53,60.03,-15.77948,-70.91799,4470
Crucero_Alto,2020-12-30,5.96,15.05,1.06,80.54,46.07,2.23,60.01,-15.77948,-70.91799,4470
Crucero_Alto,2020-12-31,3.11,6.91,0.08,90.34,17.16,2.41,60.09,-15.77948,-70.91799,4470
Crucero_Alto,2021-01-01,5.89,12.35,-0.05,78.63,2.2,2.94,60.26,-15.77948,-70.91799,4470
Crucero_Alto,2021-01-02,7.34,13.29,2.04,75.25,1.46,1.77,60.21,-15.77948,-70.91799,4470
Crucero_Alto,2021-01-03,7.46,15.22,2.01,74.01,4.21,1.76,60.11,-15.77948,-70.91799,4470
Crucero_Alto,2021-01-04,7.6,17.35,0.66,66.78,0.09,2.74,60.0,-15.77948,-70.91799,4470
Crucero_Alto,2021-01-05,7.42,18.46,-2.36,58.42,0.23,2.37,59.96,-15.77948,-70.91799,4470
Crucero_Alto,2021-01-06,5.42,12.88,-0.18,75.02,6.38,1.99,60.02,-15.77948,-70.91799,4470
Crucero_Alto,2021-01-07,5.06,13.37,0.96,77.71,11.8,2.01,60.13,-15.77948,-70.91799,4470
Crucero_Alto,2021-01-08,5.13,13.38,0.8,77.29,22.18,2.25,60.2,-15.77948,-70.91799,4470
Crucero_Alto,2021-01-09,5.0,13.04,0.31,75.04,0.45,1.64,60.14,-15.77948,-70.91799,4470
Crucero_Alto,2021-01-10,6.29,13.79,0.19,73.1,0.14,1.48,60.16,-15.77948,-70.91799,4470
Crucero_Alto,2021-01-11,7.05,12.99,3.04,74.79,0.65,1.74,60.18,-15.77948,-70.91799,4470
Crucero_Alto,2021-01-12,8.16,15.09,3.54,71.68,4.05,1.9,60.18,-15.77948,-70.91799,4470
Crucero_Alto,2021-01-13,7.89,14.67,3.66,75.37,2.76,2.2,60.16,-15.77948,-70.91799,4470
Crucero_Alto,2021-01-14,8.52,14.94,4.15,73.64,2.32,3.4,60.1,-15.77948,-70.91799,4470
Crucero_Alto,2021-01-15,8.17,15.52,3.06,74.81,2.56,2.15,60.03,-15.77948,-70.91799,4470
Crucero_Alto,2021-01-16,6.79,13.56,1.38,74.41,3.93,2.33,60.0,-15.77948,-70.91799,4470
Crucero_Alto,2021-01-17,5.36,11.53,-0.14,76.54,2.57,2.32,59.95,-15.77948,-70.91799,4470
Crucero_Alto,2021-01-18,6.61,14.48,1.19,73.24,2.74,1.56,60.01,-15.77948,-70.91799,4470
Crucero_Alto,2021-01-19,8.27,17.25,0.91,66.96,0.49,1.45,60.07,-15.77948,-70.91799,4470
Crucero_Alto,2021-01-20,6.69,15.43,1.79,74.89,1.45,2.17,60.05,-15.77948,-70.91799,4470
Crucero_Alto,2021-01-21,6.4,14.06,1.13,74.14,6.55,1.51,60.08,-15.77948,-70.91799,4470
Crucero_Alto,2021-01-22,5.3,11.98,1.17,78.3,11.7,1.89,60.14,-15.77948,-70.91799,4470
Crucero_Alto,2021-01-23,6.38,14.72,0.85,74.96,7.39,2.39,60.12,-15.77948,-70.91799,4470
Crucero_Alto,2021-01-24,5.48,14.75,1.11,78.24,1.59,1.83,60.05,-15.77948,-70.91799,4470
Crucero_Alto,2021-01-25,6.74,15.68,0.93,72.69,8.19,2.53,60.02,-15.77948,-70.91799,4470
Crucero_Alto,2021-01-26,5.89,15.85,-1.05,70.83,0.02,3.55,60.1,-15.77948,-70.91799,4470
Crucero_Alto,2021-01-27,5.74,18.04,-4.5,59.45,0.0,2.52,60.09,-15.77948,-70.91799,4470
Crucero_Alto,2021-01-28,5.15,17.52,-4.71,55.27,0.36,3.09,60.02,-15.77948,-70.91799,4470
Crucero_Alto,2021-01-29,4.38,16.42,-5.19,49.71,0.42,2.87,60.01,-15.77948,-70.91799,4470
Crucero_Alto,2021-01-30,7.18,18.21,-3.76,53.12,0.05,0.94,60.08,-15.77948,-70.91799,4470
Crucero_Alto,2021-01-31,6.08,16.54,-1.16,69.82,0.23,1.74,60.15,-15.77948,-70.91799,4470
Crucero_Alto,2021-02-01,6.63,14.89,0.99,70.85,0.08,2.08,60.15,-15.77948,-70.91799,4470
Crucero_Alto,2021-02-02,7.53,15.62,3.23,72.59,0.91,2.24,60.12,-15.77948,-70.91799,4470
Crucero_Alto,2021-02-03,7.76,14.74,3.5,74.44,1.45,3.13,60.2,-15.77948,-70.91799,4470
Crucero_Alto,2021-02-04,7.85,14.27,2.48,73.38,1.64,3.11,60.27,-15.77948,-70.91799,4470
Crucero_Alto,2021-02-05,8.67,15.53,2.9,72.03,1.38,2.59,60.2,-15.77948,-70.91799,4470
Crucero_Alto,2021-02-06,9.74,17.48,3.31,67.71,0.0,2.3,60.17,-15.77948,-70.91799,4470
Crucero_Alto,2021-02-07,10.09,18.41,3.62,64.12,0.01,1.95,60.17,-15.77948,-70.91799,4470
Crucero_Alto,2021-02-08,8.18,14.5,4.98,72.36,0.02,1.88,60.15,-15.77948,-70.91799,4470
Crucero_Alto,2021-02-09,8.18,16.04,3.19,69.64,1.6,1.59,60.1,-15.77948,-70.91799,4470
Crucero_Alto,2021-02-10,7.31,15.69,1.18,68.3,8.37,3.04,60.07,-15.77948,-70.91799,4470
Crucero_Alto,2021-02-11,8.16,18.72,1.0,62.27,2.17,1.77,60.02,-15.77948,-70.91799,4470
Crucero_Alto,2021-02-12,6.06,14.83,-0.49,73.21,1.14,1.8,60.05,-15.77948,-70.91799,4470
Crucero_Alto,2021-02-13,5.86,14.41,1.01,69.16,0.98,2.19,60.11,-15.77948,-70.91799,4470
Crucero_Alto,2021-02-14,6.26,15.88,-0.46,60.1,0.18,2.53,60.14,-15.77948,-70.91799,4470
Crucero_Alto,2021-02-15,4.19,13.02,-2.0,71.99,1.67,2.98,60.15,-15.77948,-70.91799,4470
Crucero_Alto,2021-02-16,5.6,17.07,-4.73,56.66,2.19,2.83,60.1,-15.77948,-70.91799,4470
Crucero_Alto,2021-02-17,4.93,14.95,-1.69,70.7,5.9,3.07,60.06,-15.77948,-70.91799,4470
Crucero_Alto,2021-02-18,4.75,14.5,-2.5,61.91,4.13,2.99,60.12,-15.77948,-70.91799,4470
Crucero_Alto,2021-02-19,5.55,15.42,-3.0,64.55,1.02,2.63,60.15,-15.77948,-70.91799,4470
Crucero_Alto,2021-02-20,6.0,15.61,-1.19,68.3,0.04,2.0,60.23,-15.77948,-70.91799,4470
Crucero_Alto,2021-02-21,7.34,15.01,2.87,74.18,1.37,4.32,60.18,-15.77948,-70.91799,4470
Crucero_Alto,2021-02-22,7.38,14.79,1.79,71.01,0.14,4.25,60.23,-15.77948,-70.91799,4470
Crucero_Alto,2021-02-23,7.1,13.89,1.47,74.14,0.0,4.78,60.26,-15.77948,-70.91799,4470
Crucero_Alto,2021-02-24,7.58,16.22,1.15,66.11,0.0,4.28,60.34,-15.77948,-70.91799,4470
Crucero_Alto,2021-02-25,7.81,17.1,-0.46,62.47,0.0,2.58,60.29,-15.77948,-70.91799,4470
Crucero_Alto,2021-02-26,7.2,17.76,0.51,68.9,0.17,1.72,60.17,-15.77948,-70.91799,4470
Crucero_Alto,2021-02-27,7.57,15.39,1.6,65.39,0.02,3.55,60.2,-15.77948,-70.91799,4470
Crucero_Alto,2021-02-28,7.64,14.8,1.68,68.76,0.36,2.62,60.12,-15.77948,-70.91799,4470
Crucero_Alto,2021-03-01,6.6,13.68,1.8,74.93,0.82,1.36,60.01,-15.77948,-70.91799,4470
Crucero_Alto,2021-03-02,7.14,15.59,1.79,71.21,0.77,1.14,60.04,-15.77948,-70.91799,4470
Crucero_Alto,2021-03-03,8.34,16.43,2.67,69.4,0.13,2.12,60.16,-15.77948,-70.91799,4470
Crucero_Alto,2021-03-04,8.49,16.58,1.81,65.52,0.01,2.3,60.17,-15.77948,-70.91799,4470
Crucero_Alto,2021-03-05,7.27,14.73,2.38,72.38,1.0,1.47,60.08,-15.77948,-70.91799,4470
Crucero_Alto,2021-03-06,6.44,14.09,0.85,73.06,0.38,2.43,60.14,-15.77948,-70.91799,4470
Crucero_Alto,2021-03-07,7.24,14.23,2.05,73.16,11.67,2.14,60.25,-15.77948,-70.91799,4470
Crucero_Alto,2021-03-08,6.38,12.51,1.85,75.52,4.85,1.28,60.25,-15.77948,-70.91799,4470
Crucero_Alto,2021-03-09,5.73,13.03,0.77,73.48,0.16,2.66,60.23,-15.77948,-70.91799,4470
Crucero_Alto,2021-03-10,6.32,15.55,0.89,67.73,0.46,1.85,60.18,-15.77948,-70.91799,4470
Crucero_Alto,2021-03-11,6.65,14.67,-0.51,65.54,0.07,1.7,60.09,-15.77948,-70.91799,4470
Crucero_Alto,2021-03-12,6.13,14.79,1.2,71.17,0.0,1.84,60.14,-15.77948,-70.91799,4470
Crucero_Alto,2021-03-13,6.1,14.2,0.01,69.14,0.0,1.65,60.15,-15.77948,-70.91799,4470
Crucero_Alto,2021-03-14,5.94,13.32,1.04,72.42,0.04,2.53,60.14,-15.77948,-70.91799,4470
Crucero_Alto,2021-03-15,5.66,13.92,0.87,77.5,11.77,2.27,60.15,-15.77948,-70.91799,4470
Crucero_Alto,2021-03-16,6.18,14.78,-0.23,74.04,1.25,1.92,60.12,-15.77948,-70.91799,4470
Crucero_Alto,2021-03-17,6.45,12.12,1.14,75.16,0.4,1.32,60.08,-15.77948,-70.91799,4470
Crucero_Alto,2021-03-18,5.71,13.04,1.78,78.01,4.38,1.56,60.09,-15.77948,-70.91799,4470
Crucero_Alto,2021-03-19,5.89,14.28,0.46,71.94,0.28,1.78,60.03,-15.77948,-70.91799,4470
Crucero_Alto,2021-03-20,6.53,15.4,-2.01,70.7,0.02,1.57,60.05,-15.77948,-70.91799,4470
Crucero_Alto,2021-03-21,6.1,10.14,3.22,80.13,1.21,2.8,60.17,-15.77948,-70.91799,4470
Crucero_Alto,2021-03-22,5.98,12.12,1.88,80.26,4.62,2.42,60.21,-15.77948,-70.91799,4470
Crucero_Alto,2021-03-23,6.84,14.23,1.12,74.55,1.57,3.08,60.19,-15.77948,-70.91799,4470
Crucero_Alto,2021-03-24,6.12,14.27,1.48,76.63,0.7,2.19,60.21,-15.77948,-70.91799,4470
Crucero_Alto,2021-03-25,7.43,15.39,0.4,69.07,0.07,1.43,60.23,-15.77948,-70.91799,4470
Crucero_Alto,2021-03-26,7.84,14.67,3.92,71.89,0.09,1.49,60.21,-15.77948,-70.91799,4470
Crucero_Alto,2021-03-27,7.66,14.65,2.89,72.27,0.0,1.54,60.14,-15.77948,-70.91799,4470
Crucero_Alto,2021-03-28,6.34,14.14,2.11,75.6,2.01,1.95,60.15,-15.77948,-70.91799,4470
Crucero_Alto,2021-03-29,6.59,15.01,0.34,72.55,3.73,1.55,60.19,-15.77948,-70.91799,4470
Crucero_Alto,2021-03-30,6.29,14.72,0.97,74.7,4.53,1.89,60.17,-15.77948,-70.91799,4470
Crucero_Alto,2021-03-31,4.96,13.49,1.41,75.95,0.25,1.89,60.16,-15.77948,-70.91799,4470
Crucero_Alto,2021-04-01,5.87,12.55,1.36,71.48,0.23,1.27,60.1,-15.77948,-70.91799,4470
Crucero_Alto,2021-04-02,5.98,14.2,-1.02,71.98,1.37,1.41,60.17,-15.77948,-70.91799,4470
Crucero_Alto,2021-04-03,5.52,12.13,1.18,77.2,7.24,1.48,60.23,-15.77948,-70.91799,4470
Crucero_Alto,2021-04-04,4.81,13.61,-0.19,78.32,10.4,1.35,60.2,-15.77948,-70.91799,4470
Crucero_Alto,2021-04-05,5.66,13.5,-0.15,72.32,1.77,1.62,60.26,-15.77948,-70.91799,4470
Crucero_Alto,2021-04-06,7.69,16.96,0.05,62.41,0.01,1.06,60.23,-15.77948,-70.91799,4470
Crucero_Alto,2021-04-07,7.12,14.51,0.73,68.15,0.47,1.34,60.26,-15.77948,-70.91799,4470
Crucero_Alto,2021-04-08,6.43,12.49,2.5,77.13,0.04,1.32,60.25,-15.77948,-70.91799,4470
Crucero_Alto,2021-04-09,7.79,15.91,2.48,70.09,0.0,2.22,60.26,-15.77948,-70.91799,4470
Crucero_Alto,2021-04-10,6.29,14.59,1.53,75.36,0.0,1.68,60.19,-15.77948,-70.91799,4470
Crucero_Alto,2021-04-11,6.14,12.6,1.39,74.89,0.71,1.95,60.16,-15.77948,-70.91799,4470
Crucero_Alto,2021-04-12,6.96,14.62,0.6,72.04,0.16,2.63,60.25,-15.77948,-70.91799,4470
Crucero_Alto,2021-04-13,6.39,12.98,1.86,74.65,0.0,1.88,60.32,-15.77948,-70.91799,4470
Crucero_Alto,2021-04-14,4.99,11.68,1.37,79.04,2.24,1.24,60.29,-15.77948,-70.91799,4470
Crucero_Alto,2021-04-15,7.09,17.7,-2.1,57.89,0.02,1.31,60.22,-15.77948,-70.91799,4470
Crucero_Alto,2021-04-16,7.07,18.27,-1.88,57.83,0.0,1.41,60.21,-15.77948,-70.91799,4470
Crucero_Alto,2021-04-17,4.99,17.08,-3.99,49.41,0.0,1.64,60.27,-15.77948,-70.91799,4470
Crucero_Alto,2021-04-18,4.78,17.34,-3.74,42.17,0.0,2.13,60.28,-15.77948,-70.91799,4470
Crucero_Alto,2021-04-19,4.68,16.81,-3.94,39.92,0.05,1.97,60.31,-15.77948,-70.91799,4470
Crucero_Alto,2021-04-20,6.04,16.86,-2.55,45.15,0.34,1.42,60.28,-15.77948,-70.91799,4470
Crucero_Alto,2021-04-21,6.43,16.47,-1.11,57.11,0.0,1.07,60.24,-15.77948,-70.91799,4470
Crucero_Alto,2021-04-22,5.26,15.43,-2.01,51.56,0.0,1.77,60.19,-15.77948,-70.91799,4470
Crucero_Alto,2021-04-23,4.7,15.24,-2.23,67.18,0.14,2.55,60.17,-15.77948,-70.91799,4470
Crucero_Alto,2021-04-24,3.38,14.63,-5.03,56.03,0.0,3.1,60.16,-15.77948,-70.91799,4470
Crucero_Alto,2021-04-25,3.6,14.93,-3.93,44.07,0.0,2.91,60.19,-15.77948,-70.91799,4470
Crucero_Alto,2021-04-26,2.86,14.8,-5.27,43.67,0.0,2.61,60.2,-15.77948,-70.91799,4470
Crucero_Alto,2021-04-27,4.37,15.22,-4.18,50.21,0.0,2.04,60.19,-15.77948,-70.91799,4470
Crucero_Alto,2021-04-28,4.06,15.12,-3.8,58.86,0.25,2.08,60.19,-15.77948,-70.91799,4470
Crucero_Alto,2021-04-29,3.75,14.43,-3.12,58.79,0.1,1.49,60.24,-15.77948,-70.91799,4470
Crucero_Alto,2021-04-30,2.81,14.48,-4.78,47.25,0.0,2.38,60.26,-15.77948,-70.91799,4470
Crucero_Alto,2021-05-01,3.54,15.41,-6.21,38.21,0.0,1.47,60.29,-15.77948,-70.91799,4470
Crucero_Alto,2021-05-02,4.91,15.79,-4.73,40.84,0.0,1.33,60.28,-15.77948,-70.91799,4470
Crucero_Alto,2021-05-03,5.23,14.83,-2.12,52.05,0.0,1.11,60.29,-15.77948,-70.91799,4470
Crucero_Alto,2021-05-04,6.94,16.79,-1.12,58.44,0.0,1.38,60.34,-15.77948,-70.91799,4470
Crucero_Alto,2021-05-05,5.52,15.31,0.34,72.72,0.0,1.55,60.43,-15.77948,-70.91799,4470
Crucero_Alto,2021-05-06,4.6,10.88,-0.4,73.64,0.07,1.18,60.38,-15.77948,-70.91799,4470
Crucero_Alto,2021-05-07,5.11,13.38,-1.28,65.51,0.14,1.53,60.31,-15.77948,-70.91799,4470
Crucero_Alto,2021-05-08,6.03,15.37,-1.14,50.94,0.03,1.17,60.34,-15.77948,-70.91799,4470
Crucero_Alto,2021-05-09,6.06,14.19,-0.53,64.73,0.0,0.98,60.33,-15.77948,-70.91799,4470
Crucero_Alto,2021-05-10,5.81,13.53,-0.13,64.41,0.0,0.92,60.32,-15.77948,-70.91799,4470
Crucero_Alto,2021-05-11,5.98,13.94,-1.14,62.58,0.0,1.04,60.29,-15.77948,-70.91799,4470
Crucero_Alto,2021-05-12,5.87,12.99,1.11,61.47,0.0,1.39,60.27,-15.77948,-70.91799,4470
Crucero_Alto,2021-05-13,4.42,13.95,-2.58,65.51,0.0,2.52,60.33,-15.77948,-70.91799,4470
Crucero_Alto,2021-05-14,5.15,15.09,-1.97,59.2,0.0,1.6,60.33,-15.77948,-70.91799,4470
Crucero_Alto,2021-05-15,3.87,14.36,-2.36,60.12,0.0,2.17,60.36,-15.77948,-70.91799,4470
Crucero_Alto,2021-05-16,4.17,14.94,-3.94,48.83,0.0,1.07,60.35,-15.77948,-70.91799,4470
Crucero_Alto,2021-05-17,5.35,14.77,-1.74,48.36,0.01,0.99,60.35,-15.77948,-70.91799,4470
Crucero_Alto,2021-05-18,4.56,14.19,-2.64,56.92,0.02,1.74,60.35,-15.77948,-70.91799,4470
Crucero_Alto,2021-05-19,3.43,15.01,-4.18,38.36,0.0,2.28,60.25,-15.77948,-70.91799,4470
Crucero_Alto,2021-05-20,2.57,13.83,-4.6,39.81,0.0,2.78,60.26,-15.77948,-70.91799,4470
Crucero_Alto,2021-05-21,2.36,13.77,-5.41,37.15,0.0,2.63,60.22,-15.77948,-70.91799,4470
Crucero_Alto,2021-05-22,3.19,14.66,-3.43,28.73,0.0,2.35,60.3,-15.77948,-70.91799,4470
Crucero_Alto,2021-05-23,3.06,12.64,-3.42,29.56,0.0,1.05,60.34,-15.77948,-70.91799,4470
Crucero_Alto,2021-05-24,2.98,9.77,-2.49,36.67,0.04,1.04,60.33,-15.77948,-70.91799,4470
Crucero_Alto,2021-05-25,2.05,6.64,-2.61,67.49,0.5,1.05,60.41,-15.77948,-70.91799,4470
Crucero_Alto,2021-05-26,3.89,12.47,-1.91,74.25,0.21,1.69,60.45,-15.77948,-70.91799,4470
Crucero_Alto,2021-05-27,4.38,12.86,-1.91,69.64,0.0,2.21,60.36,-15.77948,-70.91799,4470
Crucero_Alto,2021-05-28,3.19,13.63,-4.0,69.56,0.03,2.51,60.23,-15.77948,-70.91799,4470
Crucero_Alto,2021-05-29,4.29,13.73,-3.3,66.53,0.0,1.96,60.21,-15.77948,-70.91799,4470
Crucero_Alto,2021-05-30,4.0,13.09,-2.62,73.13,1.37,1.97,60.33,-15.77948,-70.91799,4470
Crucero_Alto,2021-05-31,4.01,14.0,-2.86,56.5,0.28,1.44,60.39,-15.77948,-70.91799,4470
Crucero_Alto,2021-06-01,2.94,13.7,-3.68,37.19,0.0,2.53,60.34,-15.77948,-70.91799,4470
Crucero_Alto,2021-06-02,4.69,14.76,-3.09,22.99,0.0,1.17,60.25,-15.77948,-70.91799,4470
Crucero_Alto,2021-06-03,5.16,14.45,-2.59,50.18,0.0,1.32,60.28,-15.77948,-70.91799,4470
Crucero_Alto,2021-06-04,4.98,11.88,-0.17,44.29,0.05,1.06,60.3,-15.77948,-70.91799,4470
Crucero_Alto,2021-06-05,3.4,13.4,-3.56,51.2,0.14,2.24,60.26,-15.77948,-70.91799,4470
Crucero_Alto,2021-06-06,2.14,12.51,-4.48,34.3,0.0,2.42,60.24,-15.77948,-70.91799,4470
Crucero_Alto,2021-06-07,1.31,11.54,-4.71,39.45,0.06,2.89,60.25,-15.77948,-70.91799,4470
Crucero_Alto,2021-06-08,2.61,13.59,-4.72,37.98,0.0,2.02,60.28,-15.77948,-70.91799,4470
Crucero_Alto,2021-06-09,2.32,13.02,-3.95,46.27,0.04,2.43,60.33,-15.77948,-70.91799,4470
Crucero_Alto,2021-06-10,2.1,13.32,-4.96,36.58,1.02,2.16,60.33,-15.77948,-70.91799,4470
Crucero_Alto,2021-06-11,3.18,13.54,-2.84,32.63,3.48,1.61,60.26,-15.77948,-70.91799,4470
Crucero_Alto,2021-06-12,2.05,11.92,-3.67,47.32,1.33,2.3,60.26,-15.77948,-70.91799,4470
Crucero_Alto,2021-06-13,1.83,12.86,-4.45,47.77,0.0,2.23,60.28,-15.77948,-70.91799,4470
Crucero_Alto,2021-06-14,2.44,13.3,-4.48,44.73,0.0,1.81,60.32,-15.77948,-70.91799,4470
Crucero_Alto,2021-06-15,2.92,12.21,-2.69,51.27,0.62,1.75,60.31,-15.77948,-70.91799,4470
Crucero_Alto,2021-06-16,2.65,12.18,-3.39,68.28,0.7,2.09,60.26,-15.77948,-70.91799,4470
Crucero_Alto,2021-06-17,2.44,10.34,-3.04,75.65,0.0,1.7,60.23,-15.77948,-70.91799,4470
Crucero_Alto,2021-06-18,2.95,12.87,-3.59,71.76,0.0,2.36,60.3,-15.77948,-70.91799,4470
Crucero_Alto,2021-06-19,3.51,12.78,-4.08,67.41,0.0,1.37,60.38,-15.77948,-70.91799,4470
Crucero_Alto,2021-06-20,3.98,14.22,-2.81,64.93,0.0,1.93,60.38,-15.77948,-70.91799,4470
Crucero_Alto,2021-06-21,5.0,13.87,-2.65,64.92,0.0,1.25,60.34,-15.77948,-70.91799,4470
Crucero_Alto,2021-06-22,5.18,12.42,-0.44,64.85,0.0,1.03,60.32,-15.77948,-70.91799,4470
Crucero_Alto,2021-06-23,2.88,12.74,-4.21,65.57,0.0,2.77,60.37,-15.77948,-70.91799,4470
Crucero_Alto,2021-06-24,3.33,13.85,-4.59,44.38,0.0,1.61,60.28,-15.77948,-70.91799,4470
Crucero_Alto,2021-06-25,3.66,13.48,-3.35,38.44,0.0,1.85,60.22,-15.77948,-70.91799,4470
Crucero_Alto,2021-06-26,2.68,12.56,-3.78,50.51,0.0,2.57,60.17,-15.77948,-70.91799,4470
Crucero_Alto,2021-06-27,2.3,11.15,-4.08,43.6,0.07,2.48,60.17,-15.77948,-70.91799,4470
Crucero_Alto,2021-06-28,1.65,9.89,-5.0,44.85,0.02,2.83,60.28,-15.77948,-70.91799,4470
Crucero_Alto,2021-06-29,2.31,12.11,-4.12,35.97,0.0,1.93,60.35,-15.77948,-70.91799,4470
Crucero_Alto,2021-06-30,3.17,12.51,-3.92,31.23,0.0,1.07,60.31,-15.77948,-70.91799,4470
Crucero_Alto,2021-07-01,3.57,12.88,-1.98,38.07,0.0,1.72,60.34,-15.77948,-70.91799,4470
Crucero_Alto,2021-07-02,2.46,11.89,-3.3,32.71,0.0,2.12,60.42,-15.77948,-70.91799,4470
Crucero_Alto,2021-07-03,1.7,10.67,-4.58,33.48,0.0,1.95,60.47,-15.77948,-70.91799,4470
Crucero_Alto,2021-07-04,2.98,11.76,-2.94,22.8,0.0,1.66,60.41,-15.77948,-70.91799,4470
Crucero_Alto,2021-07-05,4.06,13.04,-2.18,23.63,0.0,1.47,60.39,-15.77948,-70.91799,4470
Crucero_Alto,2021-07-06,4.73,14.64,-2.36,27.85,0.0,1.09,60.35,-15.77948,-70.91799,4470
Crucero_Alto,2021-07-07,5.1,15.11,-2.79,31.44,0.0,1.22,60.22,-15.77948,-70.91799,4470
Crucero_Alto,2021-07-08,4.47,14.38,-2.52,48.39,0.0,1.08,60.26,-15.77948,-70.91799,4470
Crucero_Alto,2021-07-09,3.78,13.28,-2.36,31.23,0.0,1.78,60.32,-15.77948,-70.91799,4470
Crucero_Alto,2021-07-10,4.49,13.77,-1.82,39.29,0.0,1.44,60.28,-15.77948,-70.91799,4470
Crucero_Alto,2021-07-11,4.42,12.62,-2.13,60.87,0.0,1.28,60.29,-15.77948,-70.91799,4470
Crucero_Alto,2021-07-12,4.72,12.16,-0.93,62.73,0.0,1.1,60.31,-15.77948,-70.91799,4470
Crucero_Alto,2021-07-13,4.02,12.35,-2.25,53.18,0.02,1.76,60.38,-15.77948,-70.91799,4470
Crucero_Alto,2021-07-14,5.05,13.52,-2.36,54.56,0.03,1.27,60.33,-15.77948,-70.91799,4470
Crucero_Alto,2021-07-15,5.0,15.12,-1.84,56.18,0.0,2.17,60.3,-15.77948,-70.91799,4470
Crucero_Alto,2021-07-16,3.14,13.71,-3.81,51.92,0.0,2.57,60.3,-15.77948,-70.91799,4470
Crucero_Alto,2021-07-17,3.68,14.53,-4.39,35.87,0.01,1.42,60.32,-15.77948,-70.91799,4470
Crucero_Alto,2021-07-18,3.16,10.31,-2.37,51.54,0.0,1.27,60.4,-15.77948,-70.91799,4470
Crucero_Alto,2021-07-19,2.78,11.21,-3.95,49.74,0.01,2.23,60.34,-15.77948,-70.91799,4470
Crucero_Alto,2021-07-20,2.65,7.45,-2.04,50.45,0.01,0.77,60.3,-15.77948,-70.91799,4470
Crucero_Alto,2021-07-21,4.57,13.05,-2.2,38.24,0.0,0.88,60.37,-15.77948,-70.91799,4470
Crucero_Alto,2021-07-22,4.8,12.48,-1.95,55.53,0.0,1.68,60.46,-15.77948,-70.91799,4470
Crucero_Alto,2021-07-23,4.9,13.68,-1.9,51.11,0.0,1.3,60.43,-15.77948,-70.91799,4470
Crucero_Alto,2021-07-24,4.87,13.98,-1.69,38.15,0.0,1.61,60.37,-15.77948,-70.91799,4470
Crucero_Alto,2021-07-25,4.36,13.1,-1.5,42.04,0.0,1.95,60.29,-15.77948,-70.91799,4470
Crucero_Alto,2021-07-26,3.33,13.64,-3.78,52.32,0.03,2.62,60.28,-15.77948,-70.91799,4470
Crucero_Alto,2021-07-27,2.9,13.37,-4.37,53.38,0.0,2.19,60.31,-15.77948,-70.91799,4470
Crucero_Alto,2021-07-28,2.6,13.14,-4.65,54.82,0.0,2.94,60.19,-15.77948,-70.91799,4470
Crucero_Alto,2021-07-29,2.65,10.98,-4.01,65.69,0.0,2.65,60.17,-15.77948,-70.91799,4470
Crucero_Alto,2021-07-30,3.49,12.9,-3.43,61.61,0.0,2.21,60.18,-15.77948,-70.91799,4470
Crucero_Alto,2021-07-31,3.41,13.18,-4.75,53.73,0.0,2.77,60.27,-15.77948,-70.91799,4470
Crucero_Alto,2021-08-01,4.28,12.6,-2.85,58.23,0.0,1.45,60.41,-15.77948,-70.91799,4470
Crucero_Alto,2021-08-02,3.57,11.3,-1.37,70.1,0.05,1.36,60.43,-15.77948,-70.91799,4470
Crucero_Alto,2021-08-03,3.09,10.47,-2.65,68.45,3.23,1.69,60.35,-15.77948,-70.91799,4470
Crucero_Alto,2021-08-04,2.62,10.69,-3.51,69.06,0.75,2.49,60.4,-15.77948,-70.91799,4470
Crucero_Alto,2021-08-05,3.27,13.8,-4.09,61.91,0.0,2.46,60.44,-15.77948,-70.91799,4470
Crucero_Alto,2021-08-06,4.19,13.83,-3.57,43.27,0.0,1.6,60.41,-15.77948,-70.91799,4470
Crucero_Alto,2021-08-07,4.14,15.07,-3.17,45.17,0.0,2.18,60.32,-15.77948,-70.91799,4470
Crucero_Alto,2021-08-08,4.24,15.08,-4.09,39.27,0.0,1.52,60.34,-15.77948,-70.91799,4470
Crucero_Alto,2021-08-09,6.19,16.24,-1.96,30.99,0.0,1.01,60.35,-15.77948,-70.91799,4470
Crucero_Alto,2021-08-10,5.72,15.76,-2.9,42.15,0.0,1.56,60.34,-15.77948,-70.91799,4470
Crucero_Alto,2021-08-11,4.68,14.22,-2.68,43.51,0.0,1.64,60.31,-15.77948,-70.91799,4470
Crucero_Alto,2021-08-12,2.45,13.08,-5.19,46.89,0.0,3.08,60.34,-15.77948,-70.91799,4470
Crucero_Alto,2021-08-13,2.53,14.38,-5.38,49.73,0.0,2.97,60.35,-15.77948,-70.91799,4470
Crucero_Alto,2021-08-14,3.12,14.31,-5.23,44.02,0.0,2.64,60.36,-15.77948,-70.91799,4470
Crucero_Alto,2021-08-15,3.32,14.6,-3.94,44.18,0.0,2.52,60.3,-15.77948,-70.91799,4470
Crucero_Alto,2021-08-16,4.07,14.14,-5.6,32.09,0.0,1.29,60.28,-15.77948,-70.91799,4470
Crucero_Alto,2021-08-17,5.65,15.46,-1.13,32.42,0.0,1.58,60.33,-15.77948,-70.91799,4470
Crucero_Alto,2021-08-18,5.22,14.67,-2.58,54.6,0.0,1.76,60.41,-15.77948,-70.91799,4470
Crucero_Alto,2021-08-19,4.44,15.12,-3.26,49.06,0.0,1.96,60.31,-15.77948,-70.91799,4470
Crucero_Alto,2021-08-20,4.46,14.65,-5.12,22.42,0.0,1.32,60.19,-15.77948,-70.91799,4470
Crucero_Alto,2021-08-21,5.78,14.78,-1.98,51.89,0.0,1.09,60.18,-15.77948,-70.91799,4470
Crucero_Alto,2021-08-22,6.13,16.02,-1.45,49.64,0.0,1.24,60.18,-15.77948,-70.91799,4470
Crucero_Alto,2021-08-23,4.67,15.94,-3.59,32.95,0.0,2.09,60.11,-15.77948,-70.91799,4470
Crucero_Alto,2021-08-24,3.66,14.82,-4.51,37.25,0.06,3.03,60.04,-15.77948,-70.91799,4470
Crucero_Alto,2021-08-25,2.55,14.15,-5.99,41.26,0.02,3.89,60.06,-15.77948,-70.91799,4470
Crucero_Alto,2021-08-26,3.56,16.22,-5.36,41.63,0.0,3.24,60.09,-15.77948,-70.91799,4470
Crucero_Alto,2021-08-27,3.22,14.63,-4.88,42.21,0.0,3.61,60.16,-15.77948,-70.91799,4470
Crucero_Alto,2021-08-28,3.46,14.6,-5.55,45.04,0.0,2.8,60.3,-15.77948,-70.91799,4470
Crucero_Alto,2021-08-29,5.07,15.4,-2.33,47.43,0.0,1.19,60.38,-15.77948,-70.91799,4470
Crucero_Alto,2021-08-30,6.05,15.11,-1.47,50.49,0.0,1.24,60.31,-15.77948,-70.91799,4470
Crucero_Alto,2021-08-31,6.16,15.33,-0.88,59.8,0.0,2.16,60.3,-15.77948,-70.91799,4470
Crucero_Alto,2021-09-01,7.45,17.53,-1.75,58.47,0.0,1.6,60.33,-15.77948,-70.91799,4470
Crucero_Alto,2021-09-02,8.26,17.71,0.05,53.15,0.0,1.18,60.29,-15.77948,-70.91799,4470
Crucero_Alto,2021-09-03,8.32,17.32,2.13,52.69,0.03,1.11,60.32,-15.77948,-70.91799,4470
Crucero_Alto,2021-09-04,8.59,18.42,1.12,45.38,0.02,1.47,60.27,-15.77948,-70.91799,4470
Crucero_Alto,2021-09-05,7.49,14.92,2.35,63.63,0.02,2.28,60.29,-15.77948,-70.91799,4470
Crucero_Alto,2021-09-06,6.87,15.48,0.72,63.9,0.01,2.07,60.29,-15.77948,-70.91799,4470
Crucero_Alto,2021-09-07,6.41,15.16,0.15,48.04,0.05,1.89,60.22,-15.77948,-70.91799,4470
Crucero_Alto,2021-09-08,6.85,18.14,-2.12,41.34,0.0,1.73,60.16,-15.77948,-70.91799,4470
Crucero_Alto,2021-09-09,5.91,15.01,-1.03,52.24,0.09,2.97,60.23,-15.77948,-70.91799,4470
Crucero_Alto,2021-09-10,6.57,17.87,-1.33,32.9,0.0,2.47,60.22,-15.77948,-70.91799,4470
Crucero_Alto,2021-09-11,7.1,17.25,-1.82,30.73,0.0,0.95,60.28,-15.77948,-70.91799,4470
Crucero_Alto,2021-09-12,7.22,16.47,-0.5,42.51,0.0,1.95,60.32,-15.77948,-70.91799,4470
Crucero_Alto,2021-09-13,7.03,18.7,-1.71,49.66,0.0,2.62,60.28,-15.77948,-70.91799,4470
Crucero_Alto,2021-09-14,7.2,18.7,-1.8,47.09,0.0,2.23,60.24,-15.77948,-70.91799,4470
Crucero_Alto,2021-09-15,7.28,16.57,-0.99,43.05,0.0,1.38,60.28,-15.77948,-70.91799,4470
Crucero_Alto,2021-09-16,7.0,13.82,0.95,61.11,3.59,3.1,60.41,-15.77948,-70.91799,4470
Crucero_Alto,2021-09-17,7.65,14.72,2.5,62.16,3.32,1.88,60.4,-15.77948,-70.91799,4470
Crucero_Alto,2021-09-18,7.21,15.72,0.1,63.16,0.0,3.12,60.28,-15.77948,-70.91799,4470
Crucero_Alto,2021-09-19,5.74,13.59,1.59,69.23,0.11,2.62,60.2,-15.77948,-70.91799,4470
Crucero_Alto,2021-09-20,5.59,15.69,-0.33,62.84,2.28,1.36,60.22,-15.77948,-70.91799,4470
Crucero_Alto,2021-09-21,3.39,8.18,0.05,77.99,5.93,1.37,60.39,-15.77948,-70.91799,4470
Crucero_Alto,2021-09-22,4.67,12.44,-1.79,68.68,7.36,1.47,60.36,-15.77948,-70.91799,4470
Crucero_Alto,2021-09-23,5.12,11.97,-0.93,70.58,4.65,3.21,60.32,-15.77948,-70.91799,4470
Crucero_Alto,2021-09-24,6.2,14.33,0.4,68.25,0.01,2.15,60.42,-15.77948,-70.91799,4470
Crucero_Alto,2021-09-25,7.07,14.76,1.49,62.9,0.0,2.29,60.46,-15.77948,-70.91799,4470
Crucero_Alto,2021-09-26,8.08,18.02,-0.33,51.45,0.0,1.55,60.4,-15.77948,-70.91799,4470
Crucero_Alto,2021-09-27,8.37,18.67,-0.06,39.27,0.0,1.64,60.41,-15.77948,-70.91799,4470
Crucero_Alto,2021-09-28,8.23,17.58,0.76,43.42,0.0,2.06,60.33,-15.77948,-70.91799,4470
Crucero_Alto,2021-09-29,7.61,16.09,1.49,62.6,0.0,3.45,60.3,-15.77948,-70.91799,4470
Crucero_Alto,2021-09-30,5.66,11.42,-0.15,63.12,0.0,1.58,60.3,-15.77948,-70.91799,4470
Crucero_Alto,2021-10-01,7.67,16.74,0.84,57.76,0.0,1.22,60.21,-15.77948,-70.91799,4470
Crucero_Alto,2021-10-02,7.3,18.84,-1.67,36.88,0.0,2.07,60.14,-15.77948,-70.91799,4470
Crucero_Alto,2021-10-03,8.27,18.31,-0.63,39.66,0.01,1.23,60.07,-15.77948,-70.91799,4470
Crucero_Alto,2021-10-04,8.1,17.12,0.69,62.31,4.53,1.5,60.12,-15.77948,-70.91799,4470
Crucero_Alto,2021-10-05,4.9,12.43,0.96,73.66,18.85,1.69,60.18,-15.77948,-70.91799,4470
Crucero_Alto,2021-10-06,4.47,12.49,0.01,71.88,32.35,1.77,60.23,-15.77948,-70.91799,4470
Crucero_Alto,2021-10-07,4.47,12.0,-1.63,75.58,12.99,1.98,60.25,-15.77948,-70.91799,4470
Crucero_Alto,2021-10-08,6.3,14.77,-2.24,68.27,9.66,1.5,60.21,-15.77948,-70.91799,4470
Crucero_Alto,2021-10-09,7.23,15.48,1.83,70.24,0.03,1.91,60.26,-15.77948,-70.91799,4470
Crucero_Alto,2021-10-10,7.94,18.06,-0.26,60.0,2.65,1.75,60.28,-15.77948,-70.91799,4470
Crucero_Alto,2021-10-11,7.93,17.54,-0.43,61.69,2.15,2.01,60.32,-15.77948,-70.91799,4470
Crucero_Alto,2021-10-12,7.91,15.51,2.51,62.1,0.0,2.22,60.37,-15.77948,-70.91799,4470
Crucero_Alto,2021-10-13,7.68,17.08,0.63,39.86,0.0,2.47,60.35,-15.77948,-70.91799,4470
Crucero_Alto,2021-10-14,6.73,18.74,-1.86,42.33,0.0,2.88,60.22,-15.77948,-70.91799,4470
Crucero_Alto,2021-10-15,6.37,18.3,-2.94,37.86,0.0,2.07,60.24,-15.77948,-70.91799,4470
Crucero_Alto,2021-10-16,5.83,17.47,-3.84,38.09,0.0,3.12,60.28,-15.77948,-70.91799,4470
Crucero_Alto,2021-10-17,6.41,18.12,-2.38,34.83,0.0,2.35,60.32,-15.77948,-70.91799,4470
Crucero_Alto,2021-10-18,5.97,17.8,-4.54,34.45,0.0,1.44,60.28,-15.77948,-70.91799,4470
Crucero_Alto,2021-10-19,7.06,15.55,-0.32,51.98,0.0,1.74,60.26,-15.77948,-70.91799,4470
Crucero_Alto,2021-10-20,6.71,18.84,-3.28,40.52,0.0,2.25,60.36,-15.77948,-70.91799,4470
Crucero_Alto,2021-10-21,7.66,18.45,-0.49,43.12,0.0,1.37,60.3,-15.77948,-70.91799,4470
Crucero_Alto,2021-10-22,7.91,19.26,-0.21,38.62,0.0,1.55,60.25,-15.77948,-70.91799,4470
Crucero_Alto,2021-10-23,6.69,17.83,-3.11,32.86,0.0,3.26,60.28,-15.77948,-70.91799,4470
Crucero_Alto,2021-10-24,6.31,18.72,-3.15,30.55,0.01,3.23,60.24,-15.77948,-70.91799,4470
Crucero_Alto,2021-10-25,5.03,15.75,-4.34,24.81,0.0,3.09,60.25,-15.77948,-70.91799,4470
Crucero_Alto,2021-10-26,5.16,17.39,-4.35,32.92,0.0,2.56,60.26,-15.77948,-70.91799,4470
Crucero_Alto,2021-10-27,6.31,17.61,-4.84,34.03,0.0,1.3,60.31,-15.77948,-70.91799,4470
Crucero_Alto,2021-10-28,7.0,14.19,2.14,68.59,2.12,2.39,60.42,-15.77948,-70.91799,4470
Crucero_Alto,2021-10-29,7.78,14.6,1.75,64.98,1.25,2.17,60.36,-15.77948,-70.91799,4470
Crucero_Alto,2021-10-30,8.66,16.91,2.45,60.62,5.07,1.33,60.23,-15.77948,-70.91799,4470
Crucero_Alto,2021-10-31,7.68,15.53,0.64,56.4,0.6,1.63,60.3,-15.77948,-70.91799,4470
Crucero_Alto,2021-11-01,8.94,18.67,1.18,46.27,0.01,1.22,60.25,-15.77948,-70.91799,4470
Crucero_Alto,2021-11-02,8.41,18.8,0.7,42.38,0.44,1.78,60.21,-15.77948,-70.91799,4470
Crucero_Alto,2021-11-03,7.22,17.95,-3.11,41.18,0.02,1.52,60.13,-15.77948,-70.91799,4470
Crucero_Alto,2021-11-04,7.3,15.23,0.47,54.29,0.34,1.67,60.09,-15.77948,-70.91799,4470
Crucero_Alto,2021-11-05,6.91,18.75,-1.97,42.7,0.0,2.64,60.13,-15.77948,-70.91799,4470
Crucero_Alto,2021-11-06,6.17,18.7,-4.59,34.34,0.0,2.72,60.2,-15.77948,-70.91799,4470
Crucero_Alto,2021-11-07,6.05,15.37,-2.6,40.31,0.34,1.47,60.2,-15.77948,-70.91799,4470
Crucero_Alto,2021-11-08,7.58,19.06,-1.08,38.03,0.05,2.02,60.16,-15.77948,-70.91799,4470
Crucero_Alto,2021-11-09,7.46,18.26,-1.32,42.82,1.96,2.07,60.17,-15.77948,-70.91799,4470
Crucero_Alto,2021-11-10,7.26,17.78,-2.59,46.91,3.24,1.06,60.09,-15.77948,-70.91799,4470
Crucero_Alto,2021-11-11,8.02,17.58,-0.57,49.95,7.37,1.34,60.16,-15.77948,-70.91799,4470
Crucero_Alto,2021-11-12,6.83,13.37,0.78,58.8,0.65,1.69,60.24,-15.77948,-70.91799,4470
Crucero_Alto,2021-11-13,8.4,17.87,2.71,60.64,0.08,2.0,60.11,-15.77948,-70.91799,4470
Crucero_Alto,2021-11-14,8.73,19.41,-1.15,46.77,0.0,2.13,60.09,-15.77948,-70.91799,4470
Crucero_Alto,2021-11-15,8.84,17.82,2.37,51.25,4.73,1.73,60.1,-15.77948,-70.91799,4470
Crucero_Alto,2021-11-16,8.74,18.88,1.73,44.61,0.1,2.09,60.12,-15.77948,-70.91799,4470
Crucero_Alto,2021-11-17,8.45,19.21,0.67,48.15,0.32,2.46,60.09,-15.77948,-70.91799,4470
Crucero_Alto,2021-11-18,6.75,17.67,-2.14,44.19,0.01,2.73,60.07,-15.77948,-70.91799,4470
Crucero_Alto,2021-11-19,7.62,18.99,-2.76,35.95,0.04,1.65,60.06,-15.77948,-70.91799,4470
Crucero_Alto,2021-11-20,6.58,15.96,0.49,62.34,1.17,1.89,60.13,-15.77948,-70.91799,4470
Crucero_Alto,2021-11-21,7.65,16.86,1.4,62.1,0.49,1.52,60.18,-15.77948,-70.91799,4470
Crucero_Alto,2021-11-22,8.06,15.16,1.1,60.39,0.0,1.91,60.15,-15.77948,-70.91799,4470
Crucero_Alto,2021-11-23,8.82,15.44,4.29,63.47,0.0,3.56,60.23,-15.77948,-70.91799,4470
Crucero_Alto,2021-11-24,7.57,14.8,1.17,68.96,0.06,2.7,60.21,-15.77948,-70.91799,4470
Crucero_Alto,2021-11-25,8.75,15.05,3.88,67.65,12.77,2.45,60.18,-15.77948,-70.91799,4470
Crucero_Alto,2021-11-26,7.81,12.83,4.21,70.06,1.03,3.0,60.16,-15.77948,-70.91799,4470
Crucero_Alto,2021-11-27,8.19,16.3,3.28,66.23,0.4,3.7,60.12,-15.77948,-70.91799,4470
Crucero_Alto,2021-11-28,7.21,15.97,2.5,70.96,7.01,2.52,60.04,-15.77948,-70.91799,4470
Crucero_Alto,2021-11-29,8.04,16.55,1.66,63.36,2.38,1.44,60.06,-15.77948,-70.91799,4470
Crucero_Alto,2021-11-30,8.18,17.86,0.5,59.3,0.03,1.15,60.08,-15.77948,-70.91799,4470
Crucero_Alto,2021-12-01,9.77,19.64,1.89,58.62,0.0,1.51,60.08,-15.77948,-70.91799,4470
Crucero_Alto,2021-12-02,6.38,13.29,1.29,77.2,33.35,2.6,60.13,-15.77948,-70.91799,4470
Crucero_Alto,2021-12-03,4.67,12.44,-0.22,77.65,2.88,2.49,60.09,-15.77948,-70.91799,4470
Crucero_Alto,2021-12-04,5.63,12.49,0.06,75.77,1.14,1.8,60.19,-15.77948,-70.91799,4470
Crucero_Alto,2021-12-05,6.54,14.08,1.85,77.43,3.91,1.55,60.23,-15.77948,-70.91799,4470
Crucero_Alto,2021-12-06,7.51,13.86,2.57,75.83,5.84,3.6,60.22,-15.77948,-70.91799,4470
Crucero_Alto,2021-12-07,7.51,13.95,3.34,73.97,0.65,2.67,60.28,-15.77948,-70.91799,4470
Crucero_Alto,2021-12-08,6.62,15.08,1.07,71.48,0.39,1.31,60.19,-15.77948,-70.91799,4470
Crucero_Alto,2021-12-09,6.28,12.18,1.35,76.84,2.9,2.69,60.16,-15.77948,-70.91799,4470
Crucero_Alto,2021-12-10,6.45,13.8,2.35,75.63,8.14,2.55,60.06,-15.77948,-70.91799,4470
Crucero_Alto,2021-12-11,6.01,15.92,-2.2,62.63,1.26,3.69,60.02,-15.77948,-70.91799,4470
Crucero_Alto,2021-12-12,5.22,16.58,-4.82,49.23,0.0,3.85,59.95,-15.77948,-70.91799,4470
Crucero_Alto,2021-12-13,5.87,17.07,-4.44,51.79,0.16,2.82,60.07,-15.77948,-70.91799,4470
Crucero_Alto,2021-12-14,6.54,17.85,-2.54,48.06,2.32,2.19,60.12,-15.77948,-70.91799,4470
Crucero_Alto,2021-12-15,7.31,17.86,-2.65,54.04,0.06,1.69,60.09,-15.77948,-70.91799,4470
Crucero_Alto,2021-12-16,7.24,15.47,1.58,56.2,3.17,1.66,60.15,-15.77948,-70.91799,4470
Crucero_Alto,2021-12-17,7.98,16.53,1.65,51.93,1.92,2.48,60.17,-15.77948,-70.91799,4470
Crucero_Alto,2021-12-18,7.07,13.21,2.45,66.52,3.05,1.9,60.21,-15.77948,-70.91799,4470
Crucero_Alto,2021-12-19,8.18,17.62,0.87,61.95,0.8,2.13,60.13,-15.77948,-70.91799,4470
Crucero_Alto,2021-12-20,7.51,14.56,2.2,64.09,1.16,3.32,60.11,-15.77948,-70.91799,4470
Crucero_Alto,2021-12-21,5.66,12.76,1.15,76.05,6.89,3.71,60.04,-15.77948,-70.91799,4470
Crucero_Alto,2021-12-22,5.81,13.4,0.21,67.78,1.78,3.02,60.05,-15.77948,-70.91799,4470
Crucero_Alto,2021-12-23,7.22,15.8,-1.96,52.55,0.2,1.2,60.11,-15.77948,-70.91799,4470
Crucero_Alto,2021-12-24,6.99,17.33,0.48,59.94,1.28,1.7,60.11,-15.77948,-70.91799,4470
Crucero_Alto,2021-12-25,6.77,16.44,0.95,69.87,0.03,2.35,60.16,-15.77948,-70.91799,4470
Crucero_Alto,2021-12-26,6.77,14.62,0.83,68.27,2.67,3.13,60.25,-15.77948,-70.91799,4470
Crucero_Alto,2021-12-27,6.99,15.78,0.01,66.32,0.66,2.55,60.25,-15.77948,-70.91799,4470
Crucero_Alto,2021-12-28,6.47,15.39,-0.32,73.66,0.1,1.98,60.17,-15.77948,-70.91799,4470
Crucero_Alto,2021-12-29,8.49,15.33,1.53,66.28,0.84,2.65,60.22,-15.77948,-70.91799,4470
Crucero_Alto,2021-12-30,8.58,14.89,3.08,68.13,1.06,3.15,60.23,-15.77948,-70.91799,4470
Crucero_Alto,2021-12-31,8.76,16.96,1.61,52.45,0.04,3.38,60.26,-15.77948,-70.91799,4470
Crucero_Alto,2022-01-01,9.6,18.22,1.95,47.54,0.0,2.25,60.26,-15.77948,-70.91799,4470
Crucero_Alto,2022-01-02,8.81,16.73,2.73,60.54,2.99,1.48,60.28,-15.77948,-70.91799,4470
Crucero_Alto,2022-01-03,8.83,18.51,0.73,52.88,0.94,2.05,60.23,-15.77948,-70.91799,4470
Crucero_Alto,2022-01-04,7.72,19.14,-2.38,50.81,0.26,2.4,60.08,-15.77948,-70.91799,4470
Crucero_Alto,2022-01-05,6.17,13.36,0.64,71.06,0.15,1.72,60.01,-15.77948,-70.91799,4470
Crucero_Alto,2022-01-06,7.06,14.68,0.88,66.93,1.17,1.51,60.07,-15.77948,-70.91799,4470
Crucero_Alto,2022-01-07,6.59,15.6,-0.04,66.44,0.12,2.01,60.14,-15.77948,-70.91799,4470
Crucero_Alto,2022-01-08,6.65,16.15,0.57,65.93,3.64,2.14,60.16,-15.77948,-70.91799,4470
Crucero_Alto,2022-01-09,6.7,15.24,0.97,67.65,2.26,1.81,60.12,-15.77948,-70.91799,4470
Crucero_Alto,2022-01-10,5.35,12.91,1.07,74.69,6.2,3.13,60.16,-15.77948,-70.91799,4470
Crucero_Alto,2022-01-11,4.66,9.99,0.91,78.31,2.82,1.91,60.16,-15.77948,-70.91799,4470
Crucero_Alto,2022-01-12,6.98,13.17,2.15,72.04,1.48,2.45,60.19,-15.77948,-70.91799,4470
Crucero_Alto,2022-01-13,6.58,14.18,2.46,73.78,0.2,2.21,60.15,-15.77948,-70.91799,4470
Crucero_Alto,2022-01-14,6.31,13.94,-0.07,67.7,0.38,2.4,60.18,-15.77948,-70.91799,4470
Crucero_Alto,2022-01-15,5.4,12.17,1.07,74.31,0.53,1.67,60.24,-15.77948,-70.91799,4470
Crucero_Alto,2022-01-16,6.49,15.32,1.67,72.93,2.87,1.37,60.19,-15.77948,-70.91799,4470
Crucero_Alto,2022-01-17,7.06,15.73,-0.3,67.66,2.99,1.87,60.13,-15.77948,-70.91799,4470
Crucero_Alto,2022-01-18,5.17,10.85,0.85,72.0,0.1,2.0,60.16,-15.77948,-70.91799,4470
Crucero_Alto,2022-01-19,7.44,14.69,1.21,71.89,5.55,1.6,60.22,-15.77948,-70.91799,4470
Crucero_Alto,2022-01-20,8.41,16.71,1.4,66.67,3.4,2.42,60.17,-15.77948,-70.91799,4470
Crucero_Alto,2022-01-21,8.44,15.69,3.23,69.75,2.44,2.44,60.1,-15.77948,-70.91799,4470
Crucero_Alto,2022-01-22,7.42,16.49,1.7,70.77,1.44,1.86,60.02,-15.77948,-70.91799,4470
Crucero_Alto,2022-01-23,6.29,15.31,1.32,73.12,3.35,2.46,60.06,-15.77948,-70.91799,4470
Crucero_Alto,2022-01-24,7.0,14.5,1.32,72.91,3.27,2.92,60.05,-15.77948,-70.91799,4470
Crucero_Alto,2022-01-25,6.74,14.2,1.24,73.61,1.18,2.81,60.13,-15.77948,-70.91799,4470
Crucero_Alto,2022-01-26,7.52,15.09,2.57,70.78,1.82,2.15,60.15,-15.77948,-70.91799,4470
Crucero_Alto,2022-01-27,6.81,14.94,1.5,71.98,0.94,1.54,60.12,-15.77948,-70.91799,4470
Crucero_Alto,2022-01-28,7.68,15.84,1.88,68.91,8.55,1.51,60.07,-15.77948,-70.91799,4470
Crucero_Alto,2022-01-29,6.2,12.98,0.88,74.66,3.02,1.92,60.0,-15.77948,-70.91799,4470
Crucero_Alto,2022-01-30,7.24,15.93,1.01,71.47,4.83,1.8,59.97,-15.77948,-70.91799,4470
Crucero_Alto,2022-01-31,7.05,15.61,-0.26,68.37,6.19,2.5,59.94,-15.77948,-70.91799,4470
Crucero_Alto,2022-02-01,6.8,15.99,0.37,67.6,6.14,1.57,59.99,-15.77948,-70.91799,4470
Crucero_Alto,2022-02-02,7.42,16.03,1.41,71.25,7.82,1.98,60.04,-15.77948,-70.91799,4470
Crucero_Alto,2022-02-03,6.27,14.71,-0.27,69.5,5.11,1.63,60.11,-15.77948,-70.91799,4470
Crucero_Alto,2022-02-04,5.07,14.11,-1.17,68.88,0.12,2.72,60.19,-15.77948,-70.91799,4470
Crucero_Alto,2022-02-05,6.36,18.37,-3.52,57.59,0.0,2.25,60.12,-15.77948,-70.91799,4470
Crucero_Alto,2022-02-06,5.39,15.58,-0.55,75.49,4.79,1.82,60.15,-15.77948,-70.91799,4470
Crucero_Alto,2022-02-07,7.38,15.81,0.13,67.52,0.52,1.39,60.2,-15.77948,-70.91799,4470
Crucero_Alto,2022-02-08,6.87,14.27,1.57,74.06,5.16,1.78,60.16,-15.77948,-70.91799,4470
Crucero_Alto,2022-02-09,6.52,15.25,0.56,74.07,6.94,1.82,60.06,-15.77948,-70.91799,4470
Crucero_Alto,2022-02-10,6.07,16.36,-1.66,59.04,0.22,2.86,60.02,-15.77948,-70.91799,4470
Crucero_Alto,2022-02-11,6.47,17.82,-4.06,48.08,0.38,1.54,60.0,-15.77948,-70.91799,4470
Crucero_Alto,2022-02-12,5.99,15.02,-1.09,65.67,0.25,1.88,60.06,-15.77948,-70.91799,4470
Crucero_Alto,2022-02-13,7.14,14.71,1.2,70.02,0.02,2.61,60.11,-15.77948,-70.91799,4470
Crucero_Alto,2022-02-14,6.43,13.15,2.44,74.31,0.19,2.1,60.13,-15.77948,-70.91799,4470
Crucero_Alto,2022-02-15,7.75,16.26,2.04,70.44,0.75,3.08,60.17,-15.77948,-70.91799,4470
Crucero_Alto,2022-02-16,7.24,14.08,1.79,75.88,4.32,3.75,60.25,-15.77948,-70.91799,4470
Crucero_Alto,2022-02-17,7.21,12.9,2.49,78.08,5.76,3.45,60.21,-15.77948,-70.91799,4470
Crucero_Alto,2022-02-18,6.88,14.47,2.0,76.43,0.36,1.41,60.11,-15.77948,-70.91799,4470
Crucero_Alto,2022-02-19,7.36,15.74,1.53,71.17,2.54,2.07,60.05,-15.77948,-70.91799,4470
Crucero_Alto,2022-02-20,6.91,14.95,1.86,71.05,2.32,1.72,60.06,-15.77948,-70.91799,4470
Crucero_Alto,2022-02-21,7.02,16.71,1.03,68.85,0.54,1.63,60.1,-15.77948,-70.91799,4470
Crucero_Alto,2022-02-22,8.15,15.51,1.51,68.67,0.41,2.64,60.16,-15.77948,-70.91799,4470
Crucero_Alto,2022-02-23,5.76,10.13,1.66,79.02,3.56,1.2,60.18,-15.77948,-70.91799,4470
Crucero_Alto,2022-02-24,8.39,15.38,2.81,73.83,2.46,2.3,60.13,-15.77948,-70.91799,4470
Crucero_Alto,2022-02-25,8.01,14.88,2.99,75.41,0.82,4.32,60.24,-15.77948,-70.91799,4470
Crucero_Alto,2022-02-26,7.2,12.19,3.81,77.0,1.63,4.51,60.33,-15.77948,-70.91799,4470
Crucero_Alto,2022-02-27,8.08,15.32,2.33,71.72,2.73,2.68,60.3,-15.77948,-70.91799,4470
Crucero_Alto,2022-02-28,8.36,14.73,3.51,70.79,1.0,2.66,60.23,-15.77948,-70.91799,4470
Crucero_Alto,2022-03-01,8.0,14.56,2.78,70.55,0.14,3.4,60.21,-15.77948,-70.91799,4470
Crucero_Alto,2022-03-02,8.58,16.36,1.87,67.42,0.35,2.85,60.2,-15.77948,-70.91799,4470
Crucero_Alto,2022-03-03,8.45,16.08,2.87,70.75,2.16,2.05,60.19,-15.77948,-70.91799,4470
Crucero_Alto,2022-03-04,8.19,14.28,3.98,74.99,2.08,1.67,60.16,-15.77948,-70.91799,4470
Crucero_Alto,2022-03-05,7.82,13.13,4.33,74.76,3.38,2.02,60.14,-15.77948,-70.91799,4470
Crucero_Alto,2022-03-06,8.99,16.09,3.1,68.69,2.14,1.59,60.1,-15.77948,-70.91799,4470
Crucero_Alto,2022-03-07,7.57,13.94,2.71,72.8,1.47,2.11,60.12,-15.77948,-70.91799,4470
Crucero_Alto,2022-03-08,5.47,10.48,1.46,80.0,2.54,2.15,60.1,-15.77948,-70.91799,4470
Crucero_Alto,2022-03-09,7.59,14.95,2.36,72.93,1.64,2.68,60.09,-15.77948,-70.91799,4470
Crucero_Alto,2022-03-10,6.91,14.84,2.22,75.58,1.55,1.42,60.09,-15.77948,-70.91799,4470
Crucero_Alto,2022-03-11,7.24,14.67,1.27,72.78,8.39,1.09,60.05,-15.77948,-70.91799,4470
Crucero_Alto,2022-03-12,7.55,16.55,2.03,70.84,1.34,1.86,60.09,-15.77948,-70.91799,4470
Crucero_Alto,2022-03-13,8.05,16.41,1.77,68.37,0.83,1.02,60.13,-15.77948,-70.91799,4470
Crucero_Alto,2022-03-14,6.26,14.46,0.98,74.73,6.8,2.72,60.12,-15.77948,-70.91799,4470
Crucero_Alto,2022-03-15,3.49,11.01,0.63,81.27,6.85,2.01,60.17,-15.77948,-70.91799,4470
Crucero_Alto,2022-03-16,4.76,13.8,-0.54,75.3,1.22,1.83,60.15,-15.77948,-70.91799,4470
Crucero_Alto,2022-03-17,6.14,15.99,-1.64,67.48,0.0,1.43,60.12,-15.77948,-70.91799,4470
Crucero_Alto,2022-03-18,6.07,15.18,0.0,72.79,6.92,1.39,60.2,-15.77948,-70.91799,4470
Crucero_Alto,2022-03-19,6.01,13.91,0.77,78.56,10.42,2.11,60.25,-15.77948,-70.91799,4470
Crucero_Alto,2022-03-20,7.33,13.47,2.5,78.36,4.37,2.83,60.23,-15.77948,-70.91799,4470
Crucero_Alto,2022-03-21,7.72,15.09,2.81,75.74,0.88,2.05,60.16,-15.77948,-70.91799,4470
Crucero_Alto,2022-03-22,7.15,16.5,2.13,72.7,0.69,2.2,60.13,-15.77948,-70.91799,4470
Crucero_Alto,2022-03-23,6.68,17.44,-1.22,69.0,3.85,2.04,60.18,-15.77948,-70.91799,4470
Crucero_Alto,2022-03-24,5.94,15.74,-3.04,64.12,0.02,1.38,60.14,-15.77948,-70.91799,4470
Crucero_Alto,2022-03-25,8.26,18.35,1.25,68.81,6.11,1.84,60.11,-15.77948,-70.91799,4470
Crucero_Alto,2022-03-26,6.97,16.26,0.59,68.81,1.4,2.28,60.15,-15.77948,-70.91799,4470
Crucero_Alto,2022-03-27,7.0,15.4,0.46,74.48,0.17,2.24,60.21,-15.77948,-70.91799,4470
Crucero_Alto,2022-03-28,6.97,12.69,3.05,78.67,4.04,2.81,60.29,-15.77948,-70.91799,4470
Crucero_Alto,2022-03-29,8.09,15.59,2.8,73.09,0.08,1.82,60.21,-15.77948,-70.91799,4470
Crucero_Alto,2022-03-30,7.89,15.51,1.98,68.06,0.0,1.54,60.12,-15.77948,-70.91799,4470
Crucero_Alto,2022-03-31,7.32,15.46,2.13,73.07,0.11,1.56,60.11,-15.77948,-70.91799,4470
Crucero_Alto,2022-04-01,6.94,15.42,2.11,72.83,2.08,1.61,60.13,-15.77948,-70.91799,4470
Crucero_Alto,2022-04-02,5.97,14.78,0.89,73.19,10.96,2.3,60.18,-15.77948,-70.91799,4470
Crucero_Alto,2022-04-03,5.04,14.3,-0.66,70.65,7.33,1.78,60.2,-15.77948,-70.91799,4470
Crucero_Alto,2022-04-04,5.42,13.86,-0.6,75.47,13.34,1.61,60.2,-15.77948,-70.91799,4470
Crucero_Alto,2022-04-05,5.69,13.3,-0.36,77.28,3.95,1.42,60.28,-15.77948,-70.91799,4470
Crucero_Alto,2022-04-06,7.23,15.2,1.48,72.76,0.05,1.38,60.27,-15.77948,-70.91799,4470
Crucero_Alto,2022-04-07,6.42,14.05,1.58,75.17,0.51,0.98,60.25,-15.77948,-70.91799,4470
Crucero_Alto,2022-04-08,6.94,12.73,3.19,77.29,0.19,1.19,60.27,-15.77948,-70.91799,4470
Crucero_Alto,2022-04-09,6.55,12.18,3.5,77.5,1.26,1.58,60.28,-15.77948,-70.91799,4470
Crucero_Alto,2022-04-10,6.76,14.49,-0.01,72.75,1.8,1.28,60.18,-15.77948,-70.91799,4470
Crucero_Alto,2022-04-11,4.28,16.02,-4.79,48.84,0.0,2.57,60.16,-15.77948,-70.91799,4470
Crucero_Alto,2022-04-12,3.48,16.21,-5.28,37.98,0.0,2.65,60.18,-15.77948,-70.91799,4470
Crucero_Alto,2022-04-13,3.9,15.55,-5.09,29.8,0.0,2.27,60.23,-15.77948,-70.91799,4470
Crucero_Alto,2022-04-14,5.05,17.21,-3.17,34.85,0.28,1.93,60.27,-15.77948,-70.91799,4470
Crucero_Alto,2022-04-15,4.59,16.32,-3.77,33.38,0.26,2.08,60.26,-15.77948,-70.91799,4470
Crucero_Alto,2022-04-16,4.59,16.28,-3.61,29.87,0.0,2.61,60.27,-15.77948,-70.91799,4470
Crucero_Alto,2022-04-17,4.65,16.33,-3.82,30.24,0.0,2.2,60.28,-15.77948,-70.91799,4470
Crucero_Alto,2022-04-18,4.4,16.42,-4.04,35.84,0.0,1.96,60.28,-15.77948,-70.91799,4470
Crucero_Alto,2022-04-19,4.84,16.89,-4.53,38.59,0.0,1.24,60.24,-15.77948,-70.91799,4470
Crucero_Alto,2022-04-20,5.22,16.29,-3.06,49.08,0.0,1.27,60.28,-15.77948,-70.91799,4470
Crucero_Alto,2022-04-21,5.98,15.1,-1.71,52.66,0.0,1.26,60.32,-15.77948,-70.91799,4470
Crucero_Alto,2022-04-22,5.45,16.44,-2.36,48.03,0.0,2.31,60.22,-15.77948,-70.91799,4470
Crucero_Alto,2022-04-23,5.56,16.32,-3.57,43.91,0.0,1.14,60.14,-15.77948,-70.91799,4470
Crucero_Alto,2022-04-24,6.06,16.42,-0.81,47.86,0.0,1.44,60.23,-15.77948,-70.91799,4470
Crucero_Alto,2022-04-25,6.81,15.96,-0.24,53.43,0.0,1.5,60.28,-15.77948,-70.91799,4470
Crucero_Alto,2022-04-26,6.71,16.04,0.09,62.54,0.0,1.34,60.32,-15.77948,-70.91799,4470
Crucero_Alto,2022-04-27,7.2,17.06,-0.73,44.53,0.0,1.51,60.25,-15.77948,-70.91799,4470
Crucero_Alto,2022-04-28,6.83,15.41,0.65,58.79,0.0,2.61,60.28,-15.77948,-70.91799,4470
Crucero_Alto,2022-04-29,6.61,14.76,-1.2,70.23,0.0,2.73,60.37,-15.77948,-70.91799,4470
Crucero_Alto,2022-04-30,5.29,10.88,1.26,75.13,0.0,1.63,60.33,-15.77948,-70.91799,4470
Crucero_Alto,2022-05-01,6.25,16.62,-1.33,55.52,0.0,1.28,60.21,-15.77948,-70.91799,4470
Crucero_Alto,2022-05-02,4.82,16.51,-3.07,48.68,0.0,2.25,60.26,-15.77948,-70.91799,4470
Crucero_Alto,2022-05-03,5.66,17.28,-3.17,53.6,0.05,2.03,60.24,-15.77948,-70.91799,4470
Crucero_Alto,2022-05-04,4.55,16.01,-2.97,59.38,0.01,2.01,60.32,-15.77948,-70.91799,4470
Crucero_Alto,2022-05-05,5.4,16.35,-4.89,47.63,0.0,1.37,60.34,-15.77948,-70.91799,4470
Crucero_Alto,2022-05-06,6.52,16.02,-1.5,49.03,0.0,1.06,60.35,-15.77948,-70.91799,4470
Crucero_Alto,2022-05-07,6.4,15.52,-0.98,69.16,0.0,1.42,60.31,-15.77948,-70.91799,4470
Crucero_Alto,2022-05-08,4.8,14.73,-2.48,61.74,0.0,2.45,60.28,-15.77948,-70.91799,4470
Crucero_Alto,2022-05-09,4.26,15.47,-4.29,47.33,0.0,2.01,60.24,-15.77948,-70.91799,4470
Crucero_Alto,2022-05-10,4.27,12.95,-2.07,45.07,0.0,1.49,60.28,-15.77948,-70.91799,4470
Crucero_Alto,2022-05-11,3.66,13.9,-4.22,35.57,0.23,1.44,60.23,-15.77948,-70.91799,4470
Crucero_Alto,2022-05-12,3.44,14.24,-3.07,51.93,1.51,1.89,60.23,-15.77948,-70.91799,4470
Crucero_Alto,2022-05-13,3.89,14.95,-3.19,50.22,0.0,2.05,60.22,-15.77948,-70.91799,4470
Crucero_Alto,2022-05-14,3.66,15.05,-3.19,50.31,0.0,2.51,60.27,-15.77948,-70.91799,4470
Crucero_Alto,2022-05-15,3.61,14.96,-4.27,46.19,0.0,2.11,60.33,-15.77948,-70.91799,4470
Crucero_Alto,2022-05-16,3.87,14.39,-3.45,45.27,0.0,2.34,60.42,-15.77948,-70.91799,4470
Crucero_Alto,2022-05-17,2.84,13.83,-4.75,39.89,0.0,2.68,60.45,-15.77948,-70.91799,4470
Crucero_Alto,2022-05-18,4.39,15.84,-4.58,35.4,0.0,1.87,60.42,-15.77948,-70.91799,4470
Crucero_Alto,2022-05-19,2.53,12.51,-4.54,52.18,0.0,2.8,60.4,-15.77948,-70.91799,4470
Crucero_Alto,2022-05-20,2.63,13.95,-5.18,52.66,0.0,1.66,60.35,-15.77948,-70.91799,4470
Crucero_Alto,2022-05-21,3.14,14.27,-4.14,51.65,0.0,2.09,60.39,-15.77948,-70.91799,4470
Crucero_Alto,2022-05-22,1.12,11.84,-6.85,47.27,0.0,3.06,60.37,-15.77948,-70.91799,4470
Crucero_Alto,2022-05-23,0.61,11.97,-6.99,35.19,0.0,2.37,60.24,-15.77948,-70.91799,4470
Crucero_Alto,2022-05-24,2.41,12.45,-5.93,31.73,0.0,1.36,60.19,-15.77948,-70.91799,4470
Crucero_Alto,2022-05-25,3.52,13.96,-3.54,34.45,0.04,1.34,60.28,-15.77948,-70.91799,4470
Crucero_Alto,2022-05-26,3.68,14.31,-3.54,40.94,0.06,1.27,60.33,-15.77948,-70.91799,4470
Crucero_Alto,2022-05-27,2.92,13.82,-4.2,39.37,0.01,1.78,60.3,-15.77948,-70.91799,4470
Crucero_Alto,2022-05-28,3.28,13.56,-3.52,39.12,0.0,1.84,60.2,-15.77948,-70.91799,4470
Crucero_Alto,2022-05-29,3.18,13.61,-3.71,42.54,0.0,2.19,60.17,-15.77948,-70.91799,4470
Crucero_Alto,2022-05-30,4.07,14.47,-3.63,43.54,0.01,1.94,60.12,-15.77948,-70.91799,4470
Crucero_Alto,2022-05-31,3.29,11.91,-3.57,66.87,0.07,2.17,60.07,-15.77948,-70.91799,4470
Crucero_Alto,2022-06-01,3.13,12.69,-3.31,69.92,0.02,2.4,60.08,-15.77948,-70.91799,4470
Crucero_Alto,2022-06-02,3.47,13.96,-3.74,65.73,0.0,2.03,60.16,-15.77948,-70.91799,4470
Crucero_Alto,2022-06-03,5.26,15.02,-2.79,63.26,0.0,1.45,60.22,-15.77948,-70.91799,4470
Crucero_Alto,2022-06-04,4.43,11.6,0.1,78.39,0.04,1.8,60.24,-15.77948,-70.91799,4470
Crucero_Alto,2022-06-05,4.03,12.79,-1.95,75.21,0.08,2.09,60.25,-15.77948,-70.91799,4470
Crucero_Alto,2022-06-06,3.33,14.26,-4.09,58.34,0.01,2.52,60.14,-15.77948,-70.91799,4470
Crucero_Alto,2022-06-07,2.25,13.26,-6.26,53.55,0.0,2.57,60.16,-15.77948,-70.91799,4470
Crucero_Alto,2022-06-08,-0.23,10.3,-6.85,42.08,0.0,2.92,60.18,-15.77948,-70.91799,4470
Crucero_Alto,2022-06-09,0.43,11.17,-6.79,31.99,0.0,2.19,60.15,-15.77948,-70.91799,4470
Crucero_Alto,2022-06-10,0.88,10.87,-4.68,26.07,0.0,1.99,60.18,-15.77948,-70.91799,4470
Crucero_Alto,2022-06-11,0.38,10.93,-6.3,30.26,0.0,2.25,60.25,-15.77948,-70.91799,4470
Crucero_Alto,2022-06-12,-0.26,10.32,-6.53,34.5,0.0,2.48,60.22,-15.77948,-70.91799,4470
Crucero_Alto,2022-06-13,0.29,11.65,-6.19,31.49,0.0,1.77,60.24,-15.77948,-70.91799,4470
Crucero_Alto,2022-06-14,2.02,12.36,-5.81,28.83,0.0,1.42,60.16,-15.77948,-70.91799,4470
Crucero_Alto,2022-06-15,3.04,13.22,-4.34,33.12,0.0,1.35,60.15,-15.77948,-70.91799,4470
Crucero_Alto,2022-06-16,2.38,13.52,-5.41,43.49,0.0,2.67,60.21,-15.77948,-70.91799,4470
Crucero_Alto,2022-06-17,0.47,10.73,-6.6,29.64,0.0,2.95,60.17,-15.77948,-70.91799,4470
Crucero_Alto,2022-06-18,1.24,11.65,-4.9,33.65,0.0,2.68,60.2,-15.77948,-70.91799,4470
Crucero_Alto,2022-06-19,1.19,11.19,-5.09,36.49,0.0,2.52,60.29,-15.77948,-70.91799,4470
Crucero_Alto,2022-06-20,2.77,11.29,-2.73,47.6,0.0,1.82,60.21,-15.77948,-70.91799,4470
Crucero_Alto,2022-06-21,2.1,11.81,-4.23,62.05,0.0,2.6,60.2,-15.77948,-70.91799,4470
Crucero_Alto,2022-06-22,2.42,13.47,-4.36,56.95,0.0,2.0,60.14,-15.77948,-70.91799,4470
Crucero_Alto,2022-06-23,3.34,13.2,-4.75,52.96,0.0,1.98,60.17,-15.77948,-70.91799,4470
Crucero_Alto,2022-06-24,3.8,13.06,-2.9,54.24,0.0,1.77,60.29,-15.77948,-70.91799,4470
Crucero_Alto,2022-06-25,3.09,11.31,-3.64,66.89,0.0,3.1,60.36,-15.77948,-70.91799,4470
Crucero_Alto,2022-06-26,3.82,12.19,-3.62,51.16,0.0,1.99,60.32,-15.77948,-70.91799,4470
Crucero_Alto,2022-06-27,3.47,14.81,-4.54,40.36,0.0,1.85,60.31,-15.77948,-70.91799,4470
Crucero_Alto,2022-06-28,4.14,15.39,-4.92,46.02,0.0,1.61,60.37,-15.77948,-70.91799,4470
Crucero_Alto,2022-06-29,5.57,15.12,-1.06,58.03,0.06,1.12,60.34,-15.77948,-70.91799,4470
Crucero_Alto,2022-06-30,4.78,15.22,-4.38,35.6,0.0,1.42,60.28,-15.77948,-70.91799,4470
Crucero_Alto,2022-07-01,4.43,14.57,-3.25,33.27,0.0,1.13,60.21,-15.77948,-70.91799,4470
Crucero_Alto,2022-07-02,4.52,14.02,-2.39,42.57,0.0,1.76,60.26,-15.77948,-70.91799,4470
Crucero_Alto,2022-07-03,4.38,13.07,-2.91,68.26,0.0,1.42,60.4,-15.77948,-70.91799,4470
Crucero_Alto,2022-07-04,4.49,11.34,-1.64,68.03,0.0,1.28,60.45,-15.77948,-70.91799,4470
Crucero_Alto,2022-07-05,4.96,13.07,-1.02,62.57,0.0,1.26,60.39,-15.77948,-70.91799,4470
Crucero_Alto,2022-07-06,5.51,13.36,-1.4,46.63,0.0,0.95,60.25,-15.77948,-70.91799,4470
Crucero_Alto,2022-07-07,4.89,12.07,-0.89,59.6,0.0,1.75,60.24,-15.77948,-70.91799,4470
Crucero_Alto,2022-07-08,5.09,13.68,-2.3,61.93,0.0,1.59,60.32,-15.77948,-70.91799,4470
Crucero_Alto,2022-07-09,4.41,14.87,-3.37,58.38,0.0,2.08,60.39,-15.77948,-70.91799,4470
Crucero_Alto,2022-07-10,3.41,13.87,-4.21,73.01,0.0,2.67,60.33,-15.77948,-70.91799,4470
Crucero_Alto,2022-07-11,2.98,13.32,-3.9,50.13,0.0,2.98,60.23,-15.77948,-70.91799,4470
Crucero_Alto,2022-07-12,4.52,15.29,-2.48,31.66,0.0,1.72,60.21,-15.77948,-70.91799,4470
Crucero_Alto,2022-07-13,3.04,13.56,-3.24,48.26,0.04,2.86,60.23,-15.77948,-70.91799,4470
Crucero_Alto,2022-07-14,1.51,10.92,-4.86,44.78,0.0,3.19,60.24,-15.77948,-70.91799,4470
Crucero_Alto,2022-07-15,1.59,12.26,-5.86,46.06,0.0,3.2,60.16,-15.77948,-70.91799,4470
Crucero_Alto,2022-07-16,2.03,13.65,-6.47,27.59,0.0,2.22,60.17,-15.77948,-70.91799,4470
Crucero_Alto,2022-07-17,4.39,14.64,-3.12,39.0,0.04,2.1,60.25,-15.77948,-70.91799,4470
Crucero_Alto,2022-07-18,2.21,7.97,-2.12,71.58,0.02,1.31,60.43,-15.77948,-70.91799,4470
Crucero_Alto,2022-07-19,4.19,13.26,-2.11,66.53,0.0,1.96,60.45,-15.77948,-70.91799,4470
Crucero_Alto,2022-07-20,5.68,15.35,-1.59,56.36,0.0,1.24,60.34,-15.77948,-70.91799,4470
Crucero_Alto,2022-07-21,6.2,15.26,-1.21,43.88,0.0,1.28,60.27,-15.77948,-70.91799,4470
Crucero_Alto,2022-07-22,5.83,15.76,-1.21,43.6,0.0,0.99,60.21,-15.77948,-70.91799,4470
Crucero_Alto,2022-07-23,4.16,14.87,-4.15,37.72,0.0,1.74,60.25,-15.77948,-70.91799,4470
Crucero_Alto,2022-07-24,4.44,14.23,-2.6,41.41,0.0,1.42,60.26,-15.77948,-70.91799,4470
Crucero_Alto,2022-07-25,4.82,13.46,-2.59,36.36,0.0,1.31,60.28,-15.77948,-70.91799,4470
Crucero_Alto,2022-07-26,5.7,13.78,-0.4,62.93,0.0,1.18,60.34,-15.77948,-70.91799,4470
Crucero_Alto,2022-07-27,6.01,14.47,0.75,58.06,0.0,1.84,60.42,-15.77948,-70.91799,4470
Crucero_Alto,2022-07-28,6.31,16.36,-2.65,47.46,0.0,1.22,60.33,-15.77948,-70.91799,4470
Crucero_Alto,2022-07-29,5.38,14.63,-2.5,47.08,0.0,2.0,60.33,-15.77948,-70.91799,4470
Crucero_Alto,2022-07-30,5.03,16.69,-3.49,42.93,0.0,1.99,60.28,-15.77948,-70.91799,4470
Crucero_Alto,2022-07-31,4.72,16.28,-4.14,33.38,0.0,1.55,60.23,-15.77948,-70.91799,4470
Crucero_Alto,2022-08-01,5.19,15.71,-2.49,30.11,0.0,1.44,60.18,-15.77948,-70.91799,4470
Crucero_Alto,2022-08-02,4.34,14.69,-1.68,37.94,0.09,2.48,60.16,-15.77948,-70.91799,4470
Crucero_Alto,2022-08-03,3.54,12.57,-3.14,32.8,0.0,2.55,60.22,-15.77948,-70.91799,4470
Crucero_Alto,2022-08-04,4.25,14.29,-2.29,27.34,0.0,0.98,60.14,-15.77948,-70.91799,4470
Crucero_Alto,2022-08-05,3.02,12.39,-2.95,42.54,0.07,1.95,60.14,-15.77948,-70.91799,4470
Crucero_Alto,2022-08-06,1.09,9.88,-4.33,55.81,0.01,3.22,60.18,-15.77948,-70.91799,4470
Crucero_Alto,2022-08-07,2.35,13.02,-3.95,35.38,0.0,2.52,60.11,-15.77948,-70.91799,4470
Crucero_Alto,2022-08-08,2.05,10.5,-3.48,38.58,0.04,2.87,60.17,-15.77948,-70.91799,4470
Crucero_Alto,2022-08-09,2.8,13.78,-4.37,36.99,0.0,2.77,60.35,-15.77948,-70.91799,4470
Crucero_Alto,2022-08-10,4.33,14.16,-2.78,46.33,0.04,1.28,60.41,-15.77948,-70.91799,4470
Crucero_Alto,2022-08-11,4.98,15.12,-4.07,37.93,0.0,1.69,60.35,-15.77948,-70.91799,4470
Crucero_Alto,2022-08-12,5.43,15.63,-2.32,39.36,0.0,0.91,60.33,-15.77948,-70.91799,4470
Crucero_Alto,2022-08-13,4.71,16.4,-4.03,36.42,0.0,1.85,60.34,-15.77948,-70.91799,4470
Crucero_Alto,2022-08-14,3.29,14.61,-4.59,37.34,0.0,2.59,60.35,-15.77948,-70.91799,4470
Crucero_Alto,2022-08-15,3.72,15.28,-4.45,48.07,0.0,2.72,60.26,-15.77948,-70.91799,4470
Crucero_Alto,2022-08-16,3.25,14.79,-5.02,36.49,0.0,2.97,60.15,-15.77948,-70.91799,4470
Crucero_Alto,2022-08-17,1.38,12.96,-6.34,28.25,0.0,4.25,60.14,-15.77948,-70.91799,4470
Crucero_Alto,2022-08-18,2.33,13.75,-7.16,26.08,0.01,1.67,60.2,-15.77948,-70.91799,4470
Crucero_Alto,2022-08-19,4.36,15.14,-3.18,38.65,0.02,2.53,60.28,-15.77948,-70.91799,4470
Crucero_Alto,2022-08-20,4.54,15.55,-4.6,16.47,0.0,1.8,60.28,-15.77948,-70.91799,4470
Crucero_Alto,2022-08-21,4.98,15.63,-2.43,19.11,0.0,1.63,60.26,-15.77948,-70.91799,4470
Crucero_Alto,2022-08-22,3.03,14.82,-5.16,26.02,0.0,2.38,60.22,-15.77948,-70.91799,4470
Crucero_Alto,2022-08-23,4.17,14.73,-4.63,18.56,0.0,1.43,60.23,-15.77948,-70.91799,4470
Crucero_Alto,2022-08-24,5.56,15.31,-2.15,28.6,0.0,1.44,60.33,-15.77948,-70.91799,4470
Crucero_Alto,2022-08-25,5.78,14.92,-2.35,37.39,0.0,1.36,60.34,-15.77948,-70.91799,4470
Crucero_Alto,2022-08-26,5.85,15.15,-1.33,39.73,0.0,0.96,60.27,-15.77948,-70.91799,4470
Crucero_Alto,2022-08-27,5.57,15.37,-3.28,31.1,0.0,1.75,60.27,-15.77948,-70.91799,4470
Crucero_Alto,2022-08-28,4.22,11.1,-0.43,59.77,0.0,2.32,60.36,-15.77948,-70.91799,4470
Crucero_Alto,2022-08-29,5.45,13.66,-0.77,65.37,0.0,1.76,60.38,-15.77948,-70.91799,4470
Crucero_Alto,2022-08-30,7.29,16.51,0.4,53.76,0.0,0.66,60.31,-15.77948,-70.91799,4470
Crucero_Alto,2022-08-31,6.08,16.04,-2.8,50.32,0.01,1.34,60.25,-15.77948,-70.91799,4470
Crucero_Alto,2022-09-01,4.59,15.32,-3.19,39.49,0.0,3.03,60.19,-15.77948,-70.91799,4470
Crucero_Alto,2022-09-02,5.67,14.86,-1.77,38.24,0.03,1.79,60.22,-15.77948,-70.91799,4470
Crucero_Alto,2022-09-03,5.22,15.98,-2.52,41.45,0.01,2.74,60.24,-15.77948,-70.91799,4470
Crucero_Alto,2022-09-04,4.18,15.05,-3.9,42.36,0.0,3.18,60.27,-15.77948,-70.91799,4470
Crucero_Alto,2022-09-05,3.07,15.55,-5.67,31.49,0.0,3.21,60.3,-15.77948,-70.91799,4470
Crucero_Alto,2022-09-06,4.09,16.94,-5.22,21.67,0.0,2.23,60.37,-15.77948,-70.91799,4470
Crucero_Alto,2022-09-07,4.11,16.13,-5.44,30.62,0.0,2.83,60.32,-15.77948,-70.91799,4470
Crucero_Alto,2022-09-08,5.35,16.94,-4.68,29.8,0.0,1.84,60.17,-15.77948,-70.91799,4470
Crucero_Alto,2022-09-09,6.79,17.58,-2.43,35.16,0.0,2.01,60.2,-15.77948,-70.91799,4470
Crucero_Alto,2022-09-10,6.56,16.57,-1.36,55.97,0.0,1.32,60.35,-15.77948,-70.91799,4470
Crucero_Alto,2022-09-11,5.66,17.07,-2.17,38.7,0.0,2.69,60.37,-15.77948,-70.91799,4470
Crucero_Alto,2022-09-12,5.27,18.26,-4.4,38.66,13.77,2.71,60.21,-15.77948,-70.91799,4470
Crucero_Alto,2022-09-13,4.38,16.23,-3.72,41.24,8.74,2.83,60.15,-15.77948,-70.91799,4470
Crucero_Alto,2022-09-14,4.84,14.94,-4.32,33.31,0.35,1.81,60.17,-15.77948,-70.91799,4470
Crucero_Alto,2022-09-15,3.93,13.22,-3.33,32.97,0.01,2.41,60.26,-15.77948,-70.91799,4470
Crucero_Alto,2022-09-16,5.96,15.11,-0.99,40.14,0.0,1.74,60.26,-15.77948,-70.91799,4470
Crucero_Alto,2022-09-17,4.62,16.3,-4.2,43.21,0.0,2.91,60.25,-15.77948,-70.91799,4470
Crucero_Alto,2022-09-18,4.31,16.78,-5.12,34.04,0.0,3.03,60.24,-15.77948,-70.91799,4470
Crucero_Alto,2022-09-19,4.61,17.04,-5.68,32.6,0.0,2.41,60.25,-15.77948,-70.91799,4470
Crucero_Alto,2022-09-20,5.17,17.41,-3.02,31.39,0.01,2.39,60.25,-15.77948,-70.91799,4470
Crucero_Alto,2022-09-21,5.09,16.61,-4.33,21.59,0.0,2.77,60.26,-15.77948,-70.91799,4470
Crucero_Alto,2022-09-22,6.73,17.47,-3.25,25.6,0.22,1.33,60.22,-15.77948,-70.91799,4470
Crucero_Alto,2022-09-23,5.33,15.37,-1.85,27.03,0.07,2.31,60.23,-15.77948,-70.91799,4470
Crucero_Alto,2022-09-24,4.53,15.8,-3.19,28.61,0.09,3.16,60.19,-15.77948,-70.91799,4470
Crucero_Alto,2022-09-25,3.8,14.59,-5.59,25.58,0.0,3.29,60.14,-15.77948,-70.91799,4470
Crucero_Alto,2022-09-26,5.05,16.24,-2.82,24.66,0.0,2.68,60.17,-15.77948,-70.91799,4470
Crucero_Alto,2022-09-27,3.98,16.71,-5.7,21.59,0.0,3.42,60.24,-15.77948,-70.91799,4470
Crucero_Alto,2022-09-28,3.72,16.3,-6.34,19.68,0.01,3.27,60.21,-15.77948,-70.91799,4470
Crucero_Alto,2022-09-29,3.31,14.56,-5.63,19.53,0.03,3.49,60.15,-15.77948,-70.91799,4470
Crucero_Alto,2022-09-30,5.0,15.59,-5.44,26.68,0.02,1.66,60.16,-15.77948,-70.91799,4470
Crucero_Alto,2022-10-01,7.07,16.97,-2.27,57.22,0.0,1.26,60.29,-15.77948,-70.91799,4470
Crucero_Alto,2022-10-02,7.8,16.16,1.98,54.08,0.19,1.03,60.35,-15.77948,-70.91799,4470
Crucero_Alto,2022-10-03,6.2,15.53,-1.61,49.68,0.23,1.94,60.32,-15.77948,-70.91799,4470
Crucero_Alto,2022-10-04,5.73,16.35,-2.47,46.51,0.02,2.75,60.2,-15.77948,-70.91799,4470
Crucero_Alto,2022-10-05,4.15,14.41,-4.56,32.68,0.0,3.96,60.16,-15.77948,-70.91799,4470
Crucero_Alto,2022-10-06,4.16,15.56,-4.47,20.44,0.0,2.77,60.2,-15.77948,-70.91799,4470
Crucero_Alto,2022-10-07,5.95,16.74,-2.96,26.38,0.06,1.47,60.18,-15.77948,-70.91799,4470
Crucero_Alto,2022-10-08,7.22,17.77,-1.04,43.27,0.03,2.23,60.11,-15.77948,-70.91799,4470
Crucero_Alto,2022-10-09,5.74,18.28,-3.08,30.07,0.0,2.42,60.14,-15.77948,-70.91799,4470
Crucero_Alto,2022-10-10,4.62,16.59,-5.21,21.07,0.0,3.24,60.25,-15.77948,-70.91799,4470
Crucero_Alto,2022-10-11,4.03,15.74,-5.27,20.1,0.0,3.66,60.28,-15.77948,-70.91799,4470
Crucero_Alto,2022-10-12,2.78,15.13,-6.81,19.45,0.0,3.66,60.14,-15.77948,-70.91799,4470
Crucero_Alto,2022-10-13,2.96,15.33,-7.26,21.84,0.02,3.32,60.05,-15.77948,-70.91799,4470
Crucero_Alto,2022-10-14,3.89,12.14,-3.08,60.87,0.05,1.61,60.2,-15.77948,-70.91799,4470
Crucero_Alto,2022-10-15,7.77,17.9,-1.68,49.69,0.0,1.05,60.28,-15.77948,-70.91799,4470
Crucero_Alto,2022-10-16,7.0,16.07,-0.17,52.11,0.21,1.61,60.25,-15.77948,-70.91799,4470
Crucero_Alto,2022-10-17,6.06,18.55,-2.53,51.09,0.0,2.76,60.17,-15.77948,-70.91799,4470
Crucero_Alto,2022-10-18,6.45,19.04,-3.4,33.47,0.0,2.22,60.2,-15.77948,-70.91799,4470
Crucero_Alto,2022-10-19,5.65,18.64,-3.75,28.33,0.0,3.08,60.28,-15.77948,-70.91799,4470
Crucero_Alto,2022-10-20,4.67,17.83,-6.39,20.7,0.0,3.08,60.19,-15.77948,-70.91799,4470
Crucero_Alto,2022-10-21,5.67,18.81,-3.83,21.42,0.0,2.78,60.13,-15.77948,-70.91799,4470
Crucero_Alto,2022-10-22,5.34,18.29,-5.8,17.65,0.0,3.26,60.19,-15.77948,-70.91799,4470
Crucero_Alto,2022-10-23,6.47,18.53,-4.9,18.31,0.0,1.5,60.27,-15.77948,-70.91799,4470
Crucero_Alto,2022-10-24,8.49,18.41,1.04,44.44,0.0,1.86,60.27,-15.77948,-70.91799,4470
Crucero_Alto,2022-10-25,7.88,19.85,-0.27,35.83,0.0,1.89,60.23,-15.77948,-70.91799,4470
Crucero_Alto,2022-10-26,7.16,19.69,-2.94,27.86,0.0,2.74,60.2,-15.77948,-70.91799,4470
Crucero_Alto,2022-10-27,6.69,19.29,-3.2,27.16,0.02,2.24,60.19,-15.77948,-70.91799,4470
Crucero_Alto,2022-10-28,5.9,17.75,-4.16,30.27,0.07,3.62,60.22,-15.77948,-70.91799,4470
Crucero_Alto,2022-10-29,6.0,19.5,-4.12,27.98,0.0,2.81,60.13,-15.77948,-70.91799,4470
Crucero_Alto,2022-10-30,5.4,18.52,-4.63,25.56,0.0,3.69,60.06,-15.77948,-70.91799,4470
Crucero_Alto,2022-10-31,6.49,18.76,-4.75,16.38,0.21,1.3,60.13,-15.77948,-70.91799,4470
Crucero_Alto,2022-11-01,7.18,17.2,-1.42,26.65,0.01,2.99,60.27,-15.77948,-70.91799,4470
Crucero_Alto,2022-11-02,9.1,19.86,0.38,39.15,0.0,1.61,60.36,-15.77948,-70.91799,4470
Crucero_Alto,2022-11-03,9.37,20.1,1.43,33.4,0.0,2.05,60.32,-15.77948,-70.91799,4470
Crucero_Alto,2022-11-04,9.0,20.13,0.28,34.38,0.0,2.08,60.21,-15.77948,-70.91799,4470
Crucero_Alto,2022-11-05,7.86,19.91,-1.72,24.48,0.0,2.37,60.13,-15.77948,-70.91799,4470
Crucero_Alto,2022-11-06,7.74,19.34,-2.62,27.33,0.0,1.75,60.13,-15.77948,-70.91799,4470
Crucero_Alto,2022-11-07,7.6,19.44,-1.76,29.33,0.0,2.25,60.22,-15.77948,-70.91799,4470
Crucero_Alto,2022-11-08,6.38,19.34,-4.1,28.4,0.0,2.49,60.23,-15.77948,-70.91799,4470
Crucero_Alto,2022-11-09,5.94,18.11,-3.42,33.46,0.06,3.51,60.19,-15.77948,-70.91799,4470
Crucero_Alto,2022-11-10,4.97,17.13,-5.41,28.95,0.0,3.5,60.16,-15.77948,-70.91799,4470
Crucero_Alto,2022-11-11,5.36,18.51,-5.09,26.33,0.0,3.15,60.17,-15.77948,-70.91799,4470
Crucero_Alto,2022-11-12,4.68,17.68,-6.13,20.04,0.0,4.38,60.17,-15.77948,-70.91799,4470
Crucero_Alto,2022-11-13,5.59,18.4,-6.66,16.68,0.0,3.59,60.14,-15.77948,-70.91799,4470
Crucero_Alto,2022-11-14,8.31,19.18,-2.43,27.05,0.01,1.84,60.15,-15.77948,-70.91799,4470
Crucero_Alto,2022-11-15,10.09,19.51,2.82,57.68,0.04,2.26,60.29,-15.77948,-70.91799,4470
Crucero_Alto,2022-11-16,9.56,18.23,1.85,51.48,0.0,3.34,60.41,-15.77948,-70.91799,4470
Crucero_Alto,2022-11-17,7.95,17.91,-0.98,48.28,0.0,3.3,60.36,-15.77948,-70.91799,4470
Crucero_Alto,2022-11-18,9.25,18.84,0.04,42.24,0.0,2.6,60.28,-15.77948,-70.91799,4470
Crucero_Alto,2022-11-19,10.24,20.8,1.95,41.73,0.26,1.47,60.2,-15.77948,-70.91799,4470
Crucero_Alto,2022-11-20,8.96,20.56,-0.06,32.82,0.0,3.31,60.13,-15.77948,-70.91799,4470
Crucero_Alto,2022-11-21,8.67,20.8,-2.47,25.85,0.07,2.62,60.05,-15.77948,-70.91799,4470
Crucero_Alto,2022-11-22,7.45,16.34,2.85,59.78,3.1,1.87,60.09,-15.77948,-70.91799,4470
Crucero_Alto,2022-11-23,7.68,14.36,2.74,58.82,0.14,1.84,60.1,-15.77948,-70.91799,4470
Crucero_Alto,2022-11-24,7.65,14.73,1.66,53.13,0.0,3.42,60.2,-15.77948,-70.91799,4470
Crucero_Alto,2022-11-25,6.17,12.36,-0.38,55.53,0.0,3.5,60.3,-15.77948,-70.91799,4470
Crucero_Alto,2022-11-26,8.02,15.79,-0.12,56.24,0.0,3.01,60.31,-15.77948,-70.91799,4470
Crucero_Alto,2022-11-27,7.56,15.29,0.69,57.21,0.0,3.29,60.3,-15.77948,-70.91799,4470
Crucero_Alto,2022-11-28,7.89,16.29,1.24,59.66,0.0,2.05,60.12,-15.77948,-70.91799,4470
Crucero_Alto,2022-11-29,6.3,18.17,-2.84,52.57,0.0,3.54,59.99,-15.77948,-70.91799,4470
Crucero_Alto,2022-11-30,4.64,17.18,-6.16,38.2,0.0,4.36,59.92,-15.77948,-70.91799,4470
Crucero_Alto,2022-12-01,3.77,15.93,-6.55,21.79,0.0,3.79,59.9,-15.77948,-70.91799,4470
Crucero_Alto,2022-12-02,3.84,17.53,-7.38,20.1,0.22,3.53,59.96,-15.77948,-70.91799,4470
Crucero_Alto,2022-12-03,3.95,17.06,-6.56,21.73,0.0,3.34,60.03,-15.77948,-70.91799,4470
Crucero_Alto,2022-12-04,5.58,17.68,-7.59,20.31,0.03,1.56,59.99,-15.77948,-70.91799,4470
Crucero_Alto,2022-12-05,5.82,13.13,1.21,63.89,0.14,2.31,60.02,-15.77948,-70.91799,4470
Crucero_Alto,2022-12-06,5.94,14.5,0.28,64.95,4.32,1.89,60.12,-15.77948,-70.91799,4470
Crucero_Alto,2022-12-07,6.34,13.93,0.41,65.14,1.7,2.06,60.16,-15.77948,-70.91799,4470
Crucero_Alto,2022-12-08,6.19,14.99,0.81,68.53,0.38,2.0,60.14,-15.77948,-70.91799,4470
Crucero_Alto,2022-12-09,7.09,13.81,1.91,68.78,0.22,4.04,60.11,-15.77948,-70.91799,4470
Crucero_Alto,2022-12-10,7.7,14.95,0.89,59.53,0.52,2.79,60.2,-15.77948,-70.91799,4470
Crucero_Alto,2022-12-11,7.34,14.2,2.82,67.18,2.27,1.78,60.18,-15.77948,-70.91799,4470
Crucero_Alto,2022-12-12,8.0,16.02,0.32,66.74,2.45,2.45,60.02,-15.77948,-70.91799,4470
Crucero_Alto,2022-12-13,8.66,15.99,3.72,66.39,0.21,2.05,60.05,-15.77948,-70.91799,4470
Crucero_Alto,2022-12-14,7.6,14.91,1.59,66.44,3.41,1.75,60.18,-15.77948,-70.91799,4470
Crucero_Alto,2022-12-15,6.92,12.58,2.94,70.06,6.15,2.57,60.15,-15.77948,-70.91799,4470
Crucero_Alto,2022-12-16,7.29,15.79,2.44,71.04,0.48,2.94,60.04,-15.77948,-70.91799,4470
Crucero_Alto,2022-12-17,8.56,18.61,2.08,58.91,2.14,3.21,59.91,-15.77948,-70.91799,4470
Crucero_Alto,2022-12-18,7.21,18.47,-1.92,54.34,0.41,3.75,60.0,-15.77948,-70.91799,4470
Crucero_Alto,2022-12-19,6.4,17.64,-3.13,55.51,1.48,3.77,60.13,-15.77948,-70.91799,4470
Crucero_Alto,2022-12-20,7.63,19.23,-3.21,53.2,1.61,2.22,60.14,-15.77948,-70.91799,4470
Crucero_Alto,2022-12-21,7.61,15.04,2.32,68.06,1.17,2.45,60.13,-15.77948,-70.91799,4470
Crucero_Alto,2022-12-22,7.28,15.51,-0.23,66.53,0.12,1.88,60.14,-15.77948,-70.91799,4470
Crucero_Alto,2022-12-23,9.04,20.03,-0.81,53.74,0.25,2.59,60.14,-15.77948,-70.91799,4470
Crucero_Alto,2022-12-24,7.14,18.65,-3.71,28.29,0.0,3.55,60.14,-15.77948,-70.91799,4470
Crucero_Alto,2022-12-25,8.89,18.85,0.34,27.41,0.01,1.74,60.06,-15.77948,-70.91799,4470
Crucero_Alto,2022-12-26,8.1,16.68,2.41,61.06,0.0,2.71,60.15,-15.77948,-70.91799,4470
Crucero_Alto,2022-12-27,6.89,14.8,1.7,63.84,0.8,3.89,60.23,-15.77948,-70.91799,4470
Crucero_Alto,2022-12-28,8.52,18.78,-1.17,51.34,0.12,2.36,60.2,-15.77948,-70.91799,4470
Crucero_Alto,2022-12-29,7.95,15.28,2.07,54.37,0.01,1.93,60.18,-15.77948,-70.91799,4470
Crucero_Alto,2022-12-30,7.33,17.53,1.62,60.32,2.28,1.65,60.13,-15.77948,-70.91799,4470
Crucero_Alto,2022-12-31,7.6,15.37,2.56,66.09,1.57,2.5,60.13,-15.77948,-70.91799,4470
Crucero_Alto,2023-01-01,7.96,16.14,2.61,67.87,13.73,1.97,60.14,-15.77948,-70.91799,4470
Crucero_Alto,2023-01-02,6.99,14.02,0.76,68.11,5.98,2.46,60.14,-15.77948,-70.91799,4470
Crucero_Alto,2023-01-03,7.35,14.84,2.18,68.21,2.98,2.75,60.06,-15.77948,-70.91799,4470
Crucero_Alto,2023-01-04,7.34,16.16,1.31,66.61,3.36,2.43,60.07,-15.77948,-70.91799,4470
Crucero_Alto,2023-01-05,7.47,18.94,-0.93,54.09,0.76,2.14,60.15,-15.77948,-70.91799,4470
Crucero_Alto,2023-01-06,8.4,19.09,-2.04,47.67,0.75,1.23,60.14,-15.77948,-70.91799,4470
Crucero_Alto,2023-01-07,9.13,17.25,3.39,59.96,0.01,1.97,60.22,-15.77948,-70.91799,4470
Crucero_Alto,2023-01-08,7.88,16.3,1.22,57.33,0.35,2.07,60.27,-15.77948,-70.91799,4470
Crucero_Alto,2023-01-09,7.59,18.92,-0.09,51.01,0.14,2.87,60.2,-15.77948,-70.91799,4470
Crucero_Alto,2023-01-10,7.68,19.88,-2.96,44.19,0.05,2.12,60.2,-15.77948,-70.91799,4470
Crucero_Alto,2023-01-11,8.86,18.4,0.81,45.14,0.0,1.55,60.24,-15.77948,-70.91799,4470
Crucero_Alto,2023-01-12,8.82,17.52,1.96,54.6,0.0,2.27,60.21,-15.77948,-70.91799,4470
Crucero_Alto,2023-01-13,7.84,19.63,-1.49,46.72,0.0,3.21,60.12,-15.77948,-70.91799,4470
Crucero_Alto,2023-01-14,6.52,18.24,-5.3,25.26,0.0,3.1,60.14,-15.77948,-70.91799,4470
Crucero_Alto,2023-01-15,9.19,20.66,-0.25,37.99,0.0,1.93,60.11,-15.77948,-70.91799,4470
Crucero_Alto,2023-01-16,8.01,15.57,2.64,60.66,0.26,1.77,60.12,-15.77948,-70.91799,4470
Crucero_Alto,2023-01-17,7.72,14.52,3.04,65.78,1.93,2.71,60.14,-15.77948,-70.91799,4470
Crucero_Alto,2023-01-18,7.43,14.72,1.2,67.89,3.52,3.69,60.19,-15.77948,-70.91799,4470
Crucero_Alto,2023-01-19,5.5,11.93,1.41,73.87,2.25,4.65,60.25,-15.77948,-70.91799,4470
Crucero_Alto,2023-01-20,7.88,15.42,1.55,62.13,0.45,3.12,60.19,-15.77948,-70.91799,4470
Crucero_Alto,2023-01-21,9.25,17.79,1.75,54.92,0.0,2.08,60.05,-15.77948,-70.91799,4470
Crucero_Alto,2023-01-22,8.79,17.59,0.86,56.45,0.0,3.39,60.07,-15.77948,-70.91799,4470
Crucero_Alto,2023-01-23,9.68,19.37,2.01,53.97,0.0,2.23,60.15,-15.77948,-70.91799,4470
Crucero_Alto,2023-01-24,9.19,19.97,3.13,59.22,0.13,1.88,60.16,-15.77948,-70.91799,4470
Crucero_Alto,2023-01-25,8.5,16.11,2.16,59.93,0.99,2.06,60.08,-15.77948,-70.91799,4470
Crucero_Alto,2023-01-26,7.76,14.47,1.18,69.12,6.17,2.55,60.03,-15.77948,-70.91799,4470
Crucero_Alto,2023-01-27,9.22,16.67,3.86,66.28,1.13,2.1,59.99,-15.77948,-70.91799,4470
Crucero_Alto,2023-01-28,8.13,16.33,1.93,68.73,3.79,3.37,60.06,-15.77948,-70.91799,4470
Crucero_Alto,2023-01-29,7.81,15.07,2.15,70.34,6.01,4.11,60.09,-15.77948,-70.91799,4470
Crucero_Alto,2023-01-30,8.65,15.74,2.23,68.68,5.05,2.82,60.03,-15.77948,-70.91799,4470
Crucero_Alto,2023-01-31,8.6,14.01,4.34,69.66,4.31,1.7,60.05,-15.77948,-70.91799,4470
Crucero_Alto,2023-02-01,8.19,14.08,3.52,70.72,8.92,2.53,60.14,-15.77948,-70.91799,4470
Crucero_Alto,2023-02-02,8.93,16.73,3.21,67.88,3.41,2.33,60.17,-15.77948,-70.91799,4470
Crucero_Alto,2023-02-03,7.79,14.09,2.59,70.58,3.14,2.46,60.14,-15.77948,-70.91799,4470
Crucero_Alto,2023-02-04,6.79,12.95,2.3,74.59,8.81,2.34,60.14,-15.77948,-70.91799,4470
Crucero_Alto,2023-02-05,5.53,13.27,0.97,76.41,11.06,2.35,60.12,-15.77948,-70.91799,4470
Crucero_Alto,2023-02-06,4.6,12.45,-0.08,76.92,4.38,1.86,60.12,-15.77948,-70.91799,4470
Crucero_Alto,2023-02-07,5.91,15.21,-0.12,72.93,2.46,2.18,60.13,-15.77948,-70.91799,4470
Crucero_Alto,2023-02-08,5.92,13.78,-0.33,72.86,1.76,1.93,60.16,-15.77948,-70.91799,4470
Crucero_Alto,2023-02-09,6.95,16.45,1.1,72.02,1.33,1.45,60.15,-15.77948,-70.91799,4470
Crucero_Alto,2023-02-10,7.74,17.51,0.64,67.38,0.58,2.47,60.15,-15.77948,-70.91799,4470
Crucero_Alto,2023-02-11,7.74,14.79,3.13,72.89,0.82,3.31,60.15,-15.77948,-70.91799,4470
Crucero_Alto,2023-02-12,8.91,17.6,0.34,62.6,0.82,1.39,60.11,-15.77948,-70.91799,4470
Crucero_Alto,2023-02-13,8.28,17.44,2.14,68.94,0.4,2.17,60.12,-15.77948,-70.91799,4470
Crucero_Alto,2023-02-14,6.49,15.17,-0.15,71.18,1.59,1.61,60.14,-15.77948,-70.91799,4470
Crucero_Alto,2023-02-15,8.4,17.47,0.32,69.27,1.37,2.01,60.12,-15.77948,-70.91799,4470
Crucero_Alto,2023-02-16,8.18,18.45,2.46,66.08,0.41,3.93,60.03,-15.77948,-70.91799,4470
Crucero_Alto,2023-02-17,8.67,20.32,0.11,59.76,0.06,2.74,59.96,-15.77948,-70.91799,4470
Crucero_Alto,2023-02-18,8.25,16.88,2.01,64.86,0.06,2.15,60.09,-15.77948,-70.91799,4470
Crucero_Alto,2023-02-19,9.05,19.92,1.18,57.64,0.0,2.66,60.12,-15.77948,-70.91799,4470
Crucero_Alto,2023-02-20,8.16,16.52,2.31,67.36,0.02,1.74,60.08,-15.77948,-70.91799,4470
Crucero_Alto,2023-02-21,8.03,13.0,3.25,63.0,0.0,1.84,60.11,-15.77948,-70.91799,4470
Crucero_Alto,2023-02-22,7.85,17.63,2.19,68.19,1.09,1.8,60.23,-15.77948,-70.91799,4470
Crucero_Alto,2023-02-23,8.72,17.48,1.73,61.52,0.5,2.19,60.29,-15.77948,-70.91799,4470
Crucero_Alto,2023-02-24,9.46,19.08,2.47,62.53,0.0,2.24,60.3,-15.77948,-70.91799,4470
Crucero_Alto,2023-02-25,9.69,18.5,4.26,60.6,0.0,2.0,60.28,-15.77948,-70.91799,4470
Crucero_Alto,2023-02-26,10.34,19.39,2.63,55.79,2.2,2.17,60.28,-15.77948,-70.91799,4470
Crucero_Alto,2023-02-27,7.23,15.5,2.46,73.88,3.24,3.95,60.39,-15.77948,-70.91799,4470
Crucero_Alto,2023-02-28,9.51,18.63,2.74,61.3,0.02,2.73,60.43,-15.77948,-70.91799,4470
Crucero_Alto,2023-03-01,9.62,17.0,3.69,60.19,0.48,1.87,60.32,-15.77948,-70.91799,4470
Crucero_Alto,2023-03-02,9.41,17.88,2.53,61.23,0.43,1.17,60.19,-15.77948,-70.91799,4470
Crucero_Alto,2023-03-03,7.76,15.73,2.07,69.36,0.91,1.23,60.17,-15.77948,-70.91799,4470
Crucero_Alto,2023-03-04,9.11,17.25,1.67,60.84,0.06,2.49,60.24,-15.77948,-70.91799,4470
Crucero_Alto,2023-03-05,9.61,17.23,4.32,65.6,3.21,2.47,60.29,-15.77948,-70.91799,4470
Crucero_Alto,2023-03-06,9.87,18.78,2.62,62.36,0.21,1.91,60.23,-15.77948,-70.91799,4470
Crucero_Alto,2023-03-07,10.03,17.68,4.95,62.49,0.24,1.4,60.19,-15.77948,-70.91799,4470
Crucero_Alto,2023-03-08,8.7,15.75,4.16,70.89,1.67,1.46,60.22,-15.77948,-70.91799,4470
Crucero_Alto,2023-03-09,7.6,16.21,2.32,72.94,0.82,1.51,60.18,-15.77948,-70.91799,4470
Crucero_Alto,2023-03-10,8.44,16.89,2.08,67.88,0.99,2.83,60.2,-15.77948,-70.91799,4470
Crucero_Alto,2023-03-11,8.65,15.96,3.15,68.76,0.77,2.51,60.22,-15.77948,-70.91799,4470
Crucero_Alto,2023-03-12,8.84,17.9,1.86,64.95,0.05,2.31,60.22,-15.77948,-70.91799,4470
Crucero_Alto,2023-03-13,8.0,16.21,2.26,69.47,0.58,2.26,60.16,-15.77948,-70.91799,4470
Crucero_Alto,2023-03-14,5.87,13.96,1.51,73.97,2.8,1.62,60.2,-15.77948,-70.91799,4470
Crucero_Alto,2023-03-15,6.41,15.33,1.7,74.61,5.33,2.73,60.17,-15.77948,-70.91799,4470
Crucero_Alto,2023-03-16,5.95,14.9,1.53,75.22,3.42,2.28,60.12,-15.77948,-70.91799,4470
Crucero_Alto,2023-03-17,7.04,14.31,0.95,68.99,0.54,2.63,60.14,-15.77948,-70.91799,4470
Crucero_Alto,2023-03-18,6.36,12.77,3.14,75.04,0.74,2.17,60.15,-15.77948,-70.91799,4470
Crucero_Alto,2023-03-19,7.27,15.78,1.46,68.72,2.01,1.98,60.15,-15.77948,-70.91799,4470
Crucero_Alto,2023-03-20,4.99,10.46,0.22,75.19,1.44,1.91,60.14,-15.77948,-70.91799,4470
Crucero_Alto,2023-03-21,4.93,13.02,-0.22,77.24,1.62,1.45,60.13,-15.77948,-70.91799,4470
Crucero_Alto,2023-03-22,5.56,14.03,0.84,75.72,2.92,2.5,60.18,-15.77948,-70.91799,4470
Crucero_Alto,2023-03-23,6.36,13.12,0.88,75.74,7.75,2.51,60.17,-15.77948,-70.91799,4470
Crucero_Alto,2023-03-24,6.85,13.49,1.64,76.65,8.87,2.93,60.18,-15.77948,-70.91799,4470
Crucero_Alto,2023-03-25,7.91,15.38,0.9,69.18,0.35,1.77,60.18,-15.77948,-70.91799,4470
Crucero_Alto,2023-03-26,7.68,15.89,1.15,71.48,7.41,3.13,60.23,-15.77948,-70.91799,4470
Crucero_Alto,2023-03-27,5.67,12.29,0.36,72.65,4.01,2.26,60.28,-15.77948,-70.91799,4470
Crucero_Alto,2023-03-28,7.81,16.45,1.73,71.02,0.15,1.7,60.17,-15.77948,-70.91799,4470
Crucero_Alto,2023-03-29,7.75,14.3,3.19,70.37,0.87,1.91,60.17,-15.77948,-70.91799,4470
Crucero_Alto,2023-03-30,7.27,13.25,3.47,73.65,2.11,2.58,60.28,-15.77948,-70.91799,4470
Crucero_Alto,2023-03-31,7.36,15.47,1.29,71.0,1.14,3.75,60.36,-15.77948,-70.91799,4470
Crucero_Alto,2023-04-01,6.8,14.45,0.61,71.17,0.09,3.49,60.34,-15.77948,-70.91799,4470
Crucero_Alto,2023-04-02,8.29,16.36,2.06,67.43,0.47,1.61,60.22,-15.77948,-70.91799,4470
Crucero_Alto,2023-04-03,6.81,15.5,2.02,75.25,4.48,1.35,60.14,-15.77948,-70.91799,4470
Crucero_Alto,2023-04-04,6.59,14.38,1.04,72.24,2.69,1.68,60.06,-15.77948,-70.91799,4470
Crucero_Alto,2023-04-05,5.43,16.13,-1.95,66.65,2.83,2.92,60.08,-15.77948,-70.91799,4470
Crucero_Alto,2023-04-06,5.96,15.91,-3.39,50.51,0.06,1.37,60.08,-15.77948,-70.91799,4470
Crucero_Alto,2023-04-07,6.01,13.26,0.6,71.97,0.0,2.24,60.14,-15.77948,-70.91799,4470
Crucero_Alto,2023-04-08,4.78,12.62,1.37,74.99,0.1,2.49,60.22,-15.77948,-70.91799,4470
Crucero_Alto,2023-04-09,6.22,13.51,1.02,67.86,0.02,1.86,60.33,-15.77948,-70.91799,4470
Crucero_Alto,2023-04-10,7.83,16.09,1.07,59.94,0.0,1.18,60.3,-15.77948,-70.91799,4470
Crucero_Alto,2023-04-11,7.39,17.16,0.02,61.19,0.0,2.01,60.25,-15.77948,-70.91799,4470
Crucero_Alto,2023-04-12,6.97,18.26,-2.32,59.42,0.0,1.52,60.17,-15.77948,-70.91799,4470
Crucero_Alto,2023-04-13,5.88,17.46,-2.52,57.73,0.0,2.46,60.15,-15.77948,-70.91799,4470
Crucero_Alto,2023-04-14,6.41,16.36,-2.58,54.38,0.0,1.52,60.2,-15.77948,-70.91799,4470
Crucero_Alto,2023-04-15,5.91,13.23,0.36,69.63,0.01,1.08,60.33,-15.77948,-70.91799,4470
Crucero_Alto,2023-04-16,8.37,18.2,0.75,64.45,0.0,1.33,60.27,-15.77948,-70.91799,4470
Crucero_Alto,2023-04-17,7.16,17.91,-0.79,53.69,0.0,1.71,60.15,-15.77948,-70.91799,4470
Crucero_Alto,2023-04-18,6.85,19.43,-2.36,41.42,0.0,1.64,60.14,-15.77948,-70.91799,4470
Crucero_Alto,2023-04-19,8.48,19.61,-0.77,36.88,2.42,1.4,60.19,-15.77948,-70.91799,4470
Crucero_Alto,2023-04-20,7.59,14.9,2.65,70.44,4.11,1.55,60.33,-15.77948,-70.91799,4470
Crucero_Alto,2023-04-21,7.88,16.01,1.33,66.62,0.06,1.28,60.27,-15.77948,-70.91799,4470
Crucero_Alto,2023-04-22,7.58,18.15,-1.68,57.91,0.0,1.15,60.18,-15.77948,-70.91799,4470
Crucero_Alto,2023-04-23,5.64,17.34,-2.69,54.04,0.0,2.21,60.23,-15.77948,-70.91799,4470
Crucero_Alto,2023-04-24,4.78,16.83,-4.86,37.35,0.0,1.91,60.25,-15.77948,-70.91799,4470
Crucero_Alto,2023-04-25,7.19,17.08,-1.13,50.99,0.0,1.36,60.29,-15.77948,-70.91799,4470
Crucero_Alto,2023-04-26,7.55,16.72,0.62,62.73,0.0,1.46,60.34,-15.77948,-70.91799,4470
Crucero_Alto,2023-04-27,7.05,16.01,1.18,64.43,0.0,2.16,60.34,-15.77948,-70.91799,4470
Crucero_Alto,2023-04-28,7.6,16.78,0.91,65.72,0.0,2.09,60.35,-15.77948,-70.91799,4470
Crucero_Alto,2023-04-29,7.91,17.01,0.85,56.72,0.0,1.74,60.37,-15.77948,-70.91799,4470
Crucero_Alto,2023-04-30,7.65,17.1,-0.66,56.61,0.0,1.61,60.35,-15.77948,-70.91799,4470
Crucero_Alto,2023-05-01,8.0,17.21,-0.56,53.45,0.01,1.51,60.3,-15.77948,-70.91799,4470
Crucero_Alto,2023-05-02,8.61,18.73,0.93,57.45,0.05,1.21,60.21,-15.77948,-70.91799,4470
Crucero_Alto,2023-05-03,7.32,14.2,2.32,67.77,0.02,1.03,60.24,-15.77948,-70.91799,4470
Crucero_Alto,2023-05-04,7.0,15.12,0.28,68.08,0.33,1.5,60.2,-15.77948,-70.91799,4470
Crucero_Alto,2023-05-05,5.49,14.32,0.07,72.42,3.02,2.2,60.25,-15.77948,-70.91799,4470
Crucero_Alto,2023-05-06,3.77,13.3,-1.47,74.66,2.63,2.29,60.3,-15.77948,-70.91799,4470
Crucero_Alto,2023-05-07,2.48,7.09,-1.21,55.87,0.15,1.03,60.4,-15.77948,-70.91799,4470
Crucero_Alto,2023-05-08,2.81,7.6,-0.85,66.88,0.18,1.78,60.47,-15.77948,-70.91799,4470
Crucero_Alto,2023-05-09,2.7,7.53,-1.03,74.25,0.12,1.32,60.49,-15.77948,-70.91799,4470
Crucero_Alto,2023-05-10,5.35,14.46,-1.77,59.06,0.0,0.95,60.43,-15.77948,-70.91799,4470
Crucero_Alto,2023-05-11,4.44,11.46,-0.29,72.16,0.0,0.78,60.36,-15.77948,-70.91799,4470
Crucero_Alto,2023-05-12,3.59,9.59,0.18,76.98,2.66,2.34,60.4,-15.77948,-70.91799,4470
Crucero_Alto,2023-05-13,3.48,11.49,-1.95,79.31,4.14,1.08,60.42,-15.77948,-70.91799,4470
Crucero_Alto,2023-05-14,5.46,14.03,-0.74,73.33,0.05,1.07,60.51,-15.77948,-70.91799,4470
Crucero_Alto,2023-05-15,5.68,15.17,-0.56,68.74,0.05,1.7,60.57,-15.77948,-70.91799,4470
Crucero_Alto,2023-05-16,4.36,15.92,-5.42,47.93,0.0,1.55,60.45,-15.77948,-70.91799,4470
Crucero_Alto,2023-05-17,4.31,16.0,-4.08,39.33,0.0,2.46,60.34,-15.77948,-70.91799,4470
Crucero_Alto,2023-05-18,6.32,16.89,-2.38,40.75,0.0,1.17,60.36,-15.77948,-70.91799,4470
Crucero_Alto,2023-05-19,6.8,17.08,-0.08,54.89,0.0,1.18,60.35,-15.77948,-70.91799,4470
Crucero_Alto,2023-05-20,4.95,14.67,-1.77,43.13,0.0,2.14,60.36,-15.77948,-70.91799,4470
Crucero_Alto,2023-05-21,3.48,14.22,-4.31,42.37,0.0,2.84,60.27,-15.77948,-70.91799,4470
Crucero_Alto,2023-05-22,3.72,15.18,-4.87,30.81,0.37,1.84,60.28,-15.77948,-70.91799,4470
Crucero_Alto,2023-05-23,4.24,15.5,-2.51,40.4,0.01,1.94,60.34,-15.77948,-70.91799,4470
Crucero_Alto,2023-05-24,4.35,15.6,-3.62,44.73,0.0,1.2,60.22,-15.77948,-70.91799,4470
Crucero_Alto,2023-05-25,5.25,15.18,-1.97,39.59,0.0,1.2,60.22,-15.77948,-70.91799,4470
Crucero_Alto,2023-05-26,6.34,14.98,-0.33,44.49,0.0,1.1,60.35,-15.77948,-70.91799,4470
Crucero_Alto,2023-05-27,6.68,14.44,2.58,45.4,0.0,1.18,60.4,-15.77948,-70.91799,4470
Crucero_Alto,2023-05-28,6.04,13.69,0.39,52.89,0.45,1.16,60.41,-15.77948,-70.91799,4470
Crucero_Alto,2023-05-29,2.31,13.04,-5.41,52.21,0.05,2.81,60.39,-15.77948,-70.91799,4470
Crucero_Alto,2023-05-30,4.33,14.97,-5.74,25.25,0.0,1.5,60.39,-15.77948,-70.91799,4470
Crucero_Alto,2023-05-31,4.83,13.58,-0.32,30.89,0.0,2.15,60.47,-15.77948,-70.91799,4470
Crucero_Alto,2023-06-01,4.59,13.75,-0.86,31.55,0.0,2.07,60.49,-15.77948,-70.91799,4470
Crucero_Alto,2023-06-02,5.04,15.03,-2.38,26.1,0.0,1.21,60.42,-15.77948,-70.91799,4470
Crucero_Alto,2023-06-03,4.45,14.79,-3.89,33.43,0.0,1.64,60.32,-15.77948,-70.91799,4470
Crucero_Alto,2023-06-04,5.49,14.67,-1.71,34.07,0.0,0.84,60.34,-15.77948,-70.91799,4470
Crucero_Alto,2023-06-05,5.01,13.32,-2.03,56.08,0.0,1.35,60.4,-15.77948,-70.91799,4470
Crucero_Alto,2023-06-06,4.53,14.87,-2.59,33.4,0.0,1.61,60.34,-15.77948,-70.91799,4470
Crucero_Alto,2023-06-07,4.9,14.42,-3.47,32.16,0.0,0.75,60.35,-15.77948,-70.91799,4470
Crucero_Alto,2023-06-08,5.7,15.41,-1.12,39.23,0.0,0.9,60.41,-15.77948,-70.91799,4470
Crucero_Alto,2023-06-09,5.3,15.28,-1.96,32.5,0.0,1.13,60.38,-15.77948,-70.91799,4470
Crucero_Alto,2023-06-10,3.73,15.06,-3.37,32.38,0.0,1.65,60.3,-15.77948,-70.91799,4470
Crucero_Alto,2023-06-11,3.63,15.05,-3.07,28.44,0.0,1.88,60.3,-15.77948,-70.91799,4470
Crucero_Alto,2023-06-12,3.59,15.19,-3.3,30.71,0.0,2.26,60.25,-15.77948,-70.91799,4470
Crucero_Alto,2023-06-13,2.1,13.66,-6.35,34.45,0.21,3.28,60.2,-15.77948,-70.91799,4470
Crucero_Alto,2023-06-14,0.44,11.12,-6.58,27.81,0.05,3.19,60.25,-15.77948,-70.91799,4470
Crucero_Alto,2023-06-15,0.7,11.49,-6.2,28.13,0.09,2.98,60.28,-15.77948,-70.91799,4470
Crucero_Alto,2023-06-16,1.62,12.4,-6.23,21.8,0.0,2.48,60.37,-15.77948,-70.91799,4470
Crucero_Alto,2023-06-17,3.19,12.66,-4.16,22.92,0.0,0.99,60.33,-15.77948,-70.91799,4470
Crucero_Alto,2023-06-18,3.27,13.97,-3.22,34.84,0.0,1.65,60.31,-15.77948,-70.91799,4470
Crucero_Alto,2023-06-19,2.28,12.7,-4.09,32.96,0.0,2.54,60.34,-15.77948,-70.91799,4470
Crucero_Alto,2023-06-20,2.75,13.99,-4.69,24.82,0.0,2.0,60.35,-15.77948,-70.91799,4470
Crucero_Alto,2023-06-21,2.43,12.97,-4.1,24.58,0.0,2.31,60.31,-15.77948,-70.91799,4470
Crucero_Alto,2023-06-22,2.43,12.68,-3.97,22.62,0.0,1.95,60.31,-15.77948,-70.91799,4470
Crucero_Alto,2023-06-23,3.53,12.84,-4.33,20.48,0.0,1.29,60.35,-15.77948,-70.91799,4470
Crucero_Alto,2023-06-24,4.69,13.74,-1.39,18.49,0.0,1.34,60.35,-15.77948,-70.91799,4470
Crucero_Alto,2023-06-25,4.12,13.43,-1.49,29.89,0.0,1.72,60.38,-15.77948,-70.91799,4470
Crucero_Alto,2023-06-26,4.6,14.2,-2.04,42.22,0.0,1.34,60.4,-15.77948,-70.91799,4470
Crucero_Alto,2023-06-27,5.56,14.55,-0.61,28.62,0.0,1.19,60.32,-15.77948,-70.91799,4470
Crucero_Alto,2023-06-28,4.69,13.84,-0.94,43.7,0.0,1.85,60.38,-15.77948,-70.91799,4470
Crucero_Alto,2023-06-29,5.44,14.51,-0.64,57.81,0.0,1.8,60.41,-15.77948,-70.91799,4470
Crucero_Alto,2023-06-30,5.41,14.8,-1.48,51.75,0.0,1.45,60.41,-15.77948,-70.91799,4470
Crucero_Alto,2023-07-01,5.28,16.01,-2.08,54.42,0.0,1.03,60.34,-15.77948,-70.91799,4470
Crucero_Alto,2023-07-02,4.93,15.59,-4.43,31.3,0.0,1.31,60.32,-15.77948,-70.91799,4470
Crucero_Alto,2023-07-03,6.7,16.6,-0.69,22.43,0.0,1.35,60.33,-15.77948,-70.91799,4470
Crucero_Alto,2023-07-04,4.53,16.13,-3.05,30.52,0.0,2.07,60.43,-15.77948,-70.91799,4470
Crucero_Alto,2023-07-05,4.43,16.43,-3.72,25.86,0.0,1.64,60.44,-15.77948,-70.91799,4470
Crucero_Alto,2023-07-06,3.87,16.41,-4.59,27.57,0.0,1.84,60.34,-15.77948,-70.91799,4470
Crucero_Alto,2023-07-07,3.91,15.54,-3.99,22.17,0.0,2.22,60.31,-15.77948,-70.91799,4470
Crucero_Alto,2023-07-08,5.15,16.01,-2.45,19.76,0.0,1.61,60.33,-15.77948,-70.91799,4470
Crucero_Alto,2023-07-09,6.08,15.66,-1.45,26.54,0.0,1.22,60.32,-15.77948,-70.91799,4470
Crucero_Alto,2023-07-10,5.8,16.2,-1.62,40.03,0.0,1.21,60.31,-15.77948,-70.91799,4470
Crucero_Alto,2023-07-11,5.18,16.67,-2.17,46.83,0.0,2.38,60.29,-15.77948,-70.91799,4470
Crucero_Alto,2023-07-12,3.55,14.26,-4.57,38.19,0.0,2.88,60.27,-15.77948,-70.91799,4470
Crucero_Alto,2023-07-13,5.91,16.43,-2.06,25.83,0.18,1.38,60.22,-15.77948,-70.91799,4470
Crucero_Alto,2023-07-14,3.85,14.67,-3.7,33.98,0.09,2.79,60.27,-15.77948,-70.91799,4470
Crucero_Alto,2023-07-15,3.11,14.2,-4.45,30.3,0.14,2.61,60.31,-15.77948,-70.91799,4470
Crucero_Alto,2023-07-16,4.41,15.6,-3.61,28.0,0.07,1.55,60.3,-15.77948,-70.91799,4470
Crucero_Alto,2023-07-17,4.27,13.74,-2.43,29.76,0.0,2.08,60.37,-15.77948,-70.91799,4470
Crucero_Alto,2023-07-18,5.76,15.7,-1.2,33.34,0.0,1.33,60.43,-15.77948,-70.91799,4470
Crucero_Alto,2023-07-19,5.19,15.4,-3.44,52.48,0.0,1.51,60.53,-15.77948,-70.91799,4470
Crucero_Alto,2023-07-20,4.73,15.23,-2.46,57.46,0.0,2.28,60.48,-15.77948,-70.91799,4470
Crucero_Alto,2023-07-21,5.72,15.27,-1.85,51.28,0.0,1.22,60.43,-15.77948,-70.91799,4470
Crucero_Alto,2023-07-22,6.21,15.72,-2.83,29.07,0.0,1.6,60.4,-15.77948,-70.91799,4470
Crucero_Alto,2023-07-23,7.4,15.61,0.3,29.38,0.0,1.58,60.46,-15.77948,-70.91799,4470
Crucero_Alto,2023-07-24,5.36,15.85,-2.18,40.48,0.0,2.15,60.46,-15.77948,-70.91799,4470
Crucero_Alto,2023-07-25,3.22,14.26,-4.4,29.12,0.0,2.86,60.34,-15.77948,-70.91799,4470
Crucero_Alto,2023-07-26,-0.51,8.58,-8.26,50.54,258.56,2.49,60.26,-15.77948,-70.91799,4470
Crucero_Alto,2023-07-27,0.06,10.15,-6.35,42.81,0.06,2.37,60.26,-15.77948,-70.91799,4470
Crucero_Alto,2023-07-28,2.61,11.73,-5.27,46.68,0.02,2.08,60.32,-15.77948,-70.91799,4470
Crucero_Alto,2023-07-29,3.11,10.81,-1.83,75.22,1.94,1.28,60.44,-15.77948,-70.91799,4470
Crucero_Alto,2023-07-30,4.33,11.94,-1.52,70.77,0.36,1.03,60.46,-15.77948,-70.91799,4470
Crucero_Alto,2023-07-31,4.2,12.14,-2.71,67.25,0.0,2.77,60.55,-15.77948,-70.91799,4470
Crucero_Alto,2023-08-01,2.8,12.04,-4.12,55.53,0.0,2.06,60.53,-15.77948,-70.91799,4470
Crucero_Alto,2023-08-02,4.59,13.81,-2.07,46.25,0.0,0.96,60.46,-15.77948,-70.91799,4470
Crucero_Alto,2023-08-03,4.3,13.4,-2.96,66.1,0.0,2.26,60.43,-15.77948,-70.91799,4470
Crucero_Alto,2023-08-04,4.65,13.14,-0.77,58.51,0.0,1.56,60.39,-15.77948,-70.91799,4470
Crucero_Alto,2023-08-05,4.3,14.11,-3.09,65.1,0.0,1.46,60.35,-15.77948,-70.91799,4470
Crucero_Alto,2023-08-06,4.21,11.31,-2.61,64.25,0.0,1.46,60.44,-15.77948,-70.91799,4470
Crucero_Alto,2023-08-07,4.71,11.68,-1.19,56.45,0.29,1.0,60.52,-15.77948,-70.91799,4470
Crucero_Alto,2023-08-08,4.68,15.42,-2.46,41.37,0.0,1.79,60.52,-15.77948,-70.91799,4470
Crucero_Alto,2023-08-09,4.14,14.82,-3.31,42.83,0.0,1.36,60.48,-15.77948,-70.91799,4470
Crucero_Alto,2023-08-10,4.94,14.73,-4.71,38.74,0.0,1.47,60.37,-15.77948,-70.91799,4470
Crucero_Alto,2023-08-11,5.1,12.64,-2.23,52.02,0.03,1.57,60.3,-15.77948,-70.91799,4470
Crucero_Alto,2023-08-12,4.75,12.22,-0.35,60.94,0.0,1.19,60.28,-15.77948,-70.91799,4470
Crucero_Alto,2023-08-13,4.32,13.31,-2.16,55.88,0.0,1.83,60.26,-15.77948,-70.91799,4470
Crucero_Alto,2023-08-14,3.49,12.64,-4.0,55.76,0.0,0.85,60.26,-15.77948,-70.91799,4470
Crucero_Alto,2023-08-15,4.83,14.18,-3.73,54.68,0.0,1.41,60.28,-15.77948,-70.91799,4470
Crucero_Alto,2023-08-16,5.84,16.0,-2.65,44.96,0.0,1.18,60.26,-15.77948,-70.91799,4470
Crucero_Alto,2023-08-17,4.99,16.5,-3.15,34.79,0.0,2.38,60.27,-15.77948,-70.91799,4470
Crucero_Alto,2023-08-18,3.56,15.26,-4.43,23.0,0.0,3.17,60.25,-15.77948,-70.91799,4470
Crucero_Alto,2023-08-19,3.08,15.11,-4.95,22.55,0.0,2.99,60.25,-15.77948,-70.91799,4470
Crucero_Alto,2023-08-20,3.83,15.69,-4.78,21.99,0.0,2.42,60.24,-15.77948,-70.91799,4470
Crucero_Alto,2023-08-21,5.01,14.96,-4.63,17.34,0.0,1.35,60.26,-15.77948,-70.91799,4470
Crucero_Alto,2023-08-22,6.67,16.03,-0.73,20.96,0.0,1.1,60.23,-15.77948,-70.91799,4470
Crucero_Alto,2023-08-23,6.99,17.69,-0.33,28.24,0.0,1.2,60.23,-15.77948,-70.91799,4470
Crucero_Alto,2023-08-24,6.5,18.0,-1.77,32.18,0.0,1.22,60.29,-15.77948,-70.91799,4470
Crucero_Alto,2023-08-25,5.91,17.8,-2.7,31.61,0.0,1.89,60.33,-15.77948,-70.91799,4470
Crucero_Alto,2023-08-26,6.6,16.92,-0.57,33.9,0.0,1.35,60.3,-15.77948,-70.91799,4470
Crucero_Alto,2023-08-27,6.67,16.98,-1.01,26.12,0.0,1.12,60.3,-15.77948,-70.91799,4470
Crucero_Alto,2023-08-28,4.82,17.42,-4.81,32.35,0.0,2.26,60.41,-15.77948,-70.91799,4470
Crucero_Alto,2023-08-29,5.71,17.5,-4.62,26.76,0.0,1.47,60.42,-15.77948,-70.91799,4470
Crucero_Alto,2023-08-30,6.59,17.14,-0.12,41.92,0.02,1.47,60.36,-15.77948,-70.91799,4470
Crucero_Alto,2023-08-31,6.75,17.26,-1.2,36.96,1.07,1.12,60.32,-15.77948,-70.91799,4470
Crucero_Alto,2023-09-01,5.38,16.03,-2.58,50.0,0.5,2.65,60.3,-15.77948,-70.91799,4470
Crucero_Alto,2023-09-02,3.54,13.38,-3.48,47.35,0.0,2.75,60.25,-15.77948,-70.91799,4470
Crucero_Alto,2023-09-03,2.74,14.2,-5.36,40.63,0.01,3.11,60.26,-15.77948,-70.91799,4470
Crucero_Alto,2023-09-04,5.99,16.68,-4.16,21.93,0.0,1.16,60.37,-15.77948,-70.91799,4470
Crucero_Alto,2023-09-05,6.41,14.01,0.02,61.49,0.0,1.84,60.45,-15.77948,-70.91799,4470
Crucero_Alto,2023-09-06,5.47,11.07,1.19,64.2,1.48,1.55,60.41,-15.77948,-70.91799,4470
Crucero_Alto,2023-09-07,5.58,15.54,-1.08,48.1,0.11,2.17,60.25,-15.77948,-70.91799,4470
Crucero_Alto,2023-09-08,3.52,14.57,-5.33,29.48,0.0,2.57,60.31,-15.77948,-70.91799,4470
Crucero_Alto,2023-09-09,5.38,15.85,-3.09,23.54,0.0,1.34,60.36,-15.77948,-70.91799,4470
Crucero_Alto,2023-09-10,6.07,16.32,-1.75,63.0,0.0,2.47,60.4,-15.77948,-70.91799,4470
Crucero_Alto,2023-09-11,7.61,17.54,-0.27,54.19,0.0,1.31,60.34,-15.77948,-70.91799,4470
Crucero_Alto,2023-09-12,5.93,15.42,-2.07,39.63,0.0,2.47,60.29,-15.77948,-70.91799,4470
Crucero_Alto,2023-09-13,4.13,15.33,-5.57,25.87,0.0,2.55,60.31,-15.77948,-70.91799,4470
Crucero_Alto,2023-09-14,5.89,15.51,-3.14,24.26,0.0,1.39,60.32,-15.77948,-70.91799,4470
Crucero_Alto,2023-09-15,6.86,17.87,-2.93,33.56,0.0,1.37,60.28,-15.77948,-70.91799,4470
Crucero_Alto,2023-09-16,7.14,17.89,-1.56,37.65,0.0,1.37,60.23,-15.77948,-70.91799,4470
Crucero_Alto,2023-09-17,6.28,16.35,-1.39,36.48,0.0,2.42,60.27,-15.77948,-70.91799,4470
Crucero_Alto,2023-09-18,6.97,16.45,-1.82,46.28,0.0,1.46,60.27,-15.77948,-70.91799,4470
Crucero_Alto,2023-09-19,5.86,15.87,-1.38,46.58,0.0,2.14,60.28,-15.77948,-70.91799,4470
Crucero_Alto,2023-09-20,6.89,16.44,-1.16,40.65,0.04,1.86,60.31,-15.77948,-70.91799,4470
Crucero_Alto,2023-09-21,7.81,16.45,-0.01,58.07,0.0,1.91,60.32,-15.77948,-70.91799,4470
Crucero_Alto,2023-09-22,9.3,17.52,3.69,64.96,0.0,2.13,60.29,-15.77948,-70.91799,4470
Crucero_Alto,2023-09-23,8.92,17.24,3.42,65.17,0.0,3.04,60.32,-15.77948,-70.91799,4470
Crucero_Alto,2023-09-24,9.0,17.33,3.63,59.91,0.0,3.05,60.34,-15.77948,-70.91799,4470
Crucero_Alto,2023-09-25,8.34,18.37,2.82,65.55,0.36,1.82,60.4,-15.77948,-70.91799,4470
Crucero_Alto,2023-09-26,10.14,20.06,0.26,49.52,0.0,1.29,60.31,-15.77948,-70.91799,4470
Crucero_Alto,2023-09-27,9.1,16.79,2.56,57.84,0.08,1.59,60.28,-15.77948,-70.91799,4470
Crucero_Alto,2023-09-28,9.42,19.4,0.45,47.83,0.06,1.93,60.26,-15.77948,-70.91799,4470
Crucero_Alto,2023-09-29,9.4,20.45,2.12,50.64,0.01,2.22,60.28,-15.77948,-70.91799,4470
Crucero_Alto,2023-09-30,8.85,16.95,2.95,60.63,0.55,2.03,60.38,-15.77948,-70.91799,4470
Crucero_Alto,2023-10-01,5.71,12.53,1.87,77.54,1.71,2.15,60.33,-15.77948,-70.91799,4470
Crucero_Alto,2023-10-02,8.36,17.9,0.64,63.9,0.01,2.11,60.24,-15.77948,-70.91799,4470
Crucero_Alto,2023-10-03,8.64,20.19,-0.86,50.51,0.0,2.45,60.21,-15.77948,-70.91799,4470
Crucero_Alto,2023-10-04,9.56,20.0,-0.27,45.22,0.0,2.61,60.25,-15.77948,-70.91799,4470
Crucero_Alto,2023-10-05,8.41,15.41,1.79,64.17,0.0,1.95,60.28,-15.77948,-70.91799,4470
Crucero_Alto,2023-10-06,8.12,18.63,-0.32,53.77,0.0,2.85,60.39,-15.77948,-70.91799,4470
Crucero_Alto,2023-10-07,9.88,21.68,0.79,45.78,0.0,1.57,60.36,-15.77948,-70.91799,4470
Crucero_Alto,2023-10-08,9.01,21.01,-0.96,43.91,0.0,2.89,60.36,-15.77948,-70.91799,4470
Crucero_Alto,2023-10-09,10.25,21.33,0.66,40.54,0.0,1.48,60.36,-15.77948,-70.91799,4470
Crucero_Alto,2023-10-10,11.28,20.36,3.87,55.83,0.0,2.03,60.38,-15.77948,-70.91799,4470
Crucero_Alto,2023-10-11,10.96,20.33,4.18,56.68,0.0,2.34,60.4,-15.77948,-70.91799,4470
Crucero_Alto,2023-10-12,9.91,17.48,4.06,59.28,0.0,2.73,60.4,-15.77948,-70.91799,4470
Crucero_Alto,2023-10-13,8.94,13.94,5.05,61.56,0.0,2.62,60.4,-15.77948,-70.91799,4470
Crucero_Alto,2023-10-14,9.65,17.57,2.99,58.61,0.0,3.88,60.41,-15.77948,-70.91799,4470
Crucero_Alto,2023-10-15,10.06,18.64,3.35,55.37,0.0,3.47,60.4,-15.77948,-70.91799,4470
Crucero_Alto,2023-10-16,9.9,18.37,3.68,57.67,0.0,2.81,60.34,-15.77948,-70.91799,4470
Crucero_Alto,2023-10-17,9.19,17.73,3.4,61.85,0.0,3.83,60.26,-15.77948,-70.91799,4470
Crucero_Alto,2023-10-18,8.68,17.09,3.79,59.59,0.0,2.51,60.3,-15.77948,-70.91799,4470
Crucero_Alto,2023-10-19,7.07,13.33,3.1,69.02,0.63,1.61,60.35,-15.77948,-70.91799,4470
Crucero_Alto,2023-10-20,7.38,14.83,2.13,67.45,0.7,2.56,60.35,-15.77948,-70.91799,4470
Crucero_Alto,2023-10-21,8.98,17.94,1.34,58.45,0.14,3.28,60.34,-15.77948,-70.91799,4470
Crucero_Alto,2023-10-22,8.44,16.58,2.19,65.46,7.3,2.23,60.35,-15.77948,-70.91799,4470
Crucero_Alto,2023-10-23,6.42,15.06,1.32,73.61,9.26,1.81,60.36,-15.77948,-70.91799,4470
Crucero_Alto,2023-10-24,8.17,16.31,1.7,59.4,0.38,2.73,60.33,-15.77948,-70.91799,4470
Crucero_Alto,2023-10-25,10.34,18.87,3.81,55.73,0.04,1.34,60.21,-15.77948,-70.91799,4470
Crucero_Alto,2023-10-26,9.63,20.98,-0.29,39.12,0.0,1.68,60.07,-15.77948,-70.91799,4470
Crucero_Alto,2023-10-27,9.25,18.75,1.34,44.46,0.0,2.26,60.01,-15.77948,-70.91799,4470
Crucero_Alto,2023-10-28,7.59,19.0,0.01,48.47,0.0,4.08,60.09,-15.77948,-70.91799,4470
Crucero_Alto,2023-10-29,5.44,18.74,-5.66,36.09,0.0,3.58,60.16,-15.77948,-70.91799,4470
Crucero_Alto,2023-10-30,6.24,20.13,-4.79,29.96,0.0,2.76,60.19,-15.77948,-70.91799,4470
Crucero_Alto,2023-10-31,6.97,19.88,-5.19,28.71,0.0,1.66,60.18,-15.77948,-70.91799,4470
Crucero_Alto,2023-11-01,8.0,20.48,-2.21,37.43,0.0,2.47,60.15,-15.77948,-70.91799,4470
Crucero_Alto,2023-11-02,8.92,21.19,-3.14,35.26,0.0,1.52,60.13,-15.77948,-70.91799,4470
Crucero_Alto,2023-11-03,9.87,17.24,3.33,50.78,0.0,3.54,60.15,-15.77948,-70.91799,4470
Crucero_Alto,2023-11-04,8.66,14.05,4.9,62.58,0.14,2.9,60.22,-15.77948,-70.91799,4470
Crucero_Alto,2023-11-05,8.97,15.18,4.11,66.22,0.01,2.9,60.18,-15.77948,-70.91799,4470
Crucero_Alto,2023-11-06,9.72,17.99,3.93,63.58,0.0,2.57,60.31,-15.77948,-70.91799,4470
Crucero_Alto,2023-11-07,9.52,17.02,3.45,64.14,0.0,4.04,60.36,-15.77948,-70.91799,4470
Crucero_Alto,2023-11-08,10.31,18.98,3.36,56.82,0.0,5.04,60.37,-15.77948,-70.91799,4470
Crucero_Alto,2023-11-09,8.88,16.31,4.05,62.41,0.08,5.13,60.27,-15.77948,-70.91799,4470
Crucero_Alto,2023-11-10,7.32,16.99,1.25,68.43,0.11,3.11,60.23,-15.77948,-70.91799,4470
Crucero_Alto,2023-11-11,7.97,15.83,2.22,62.63,0.11,2.17,60.25,-15.77948,-70.91799,4470
Crucero_Alto,2023-11-12,6.4,16.27,0.88,67.8,0.55,2.81,60.24,-15.77948,-70.91799,4470
Crucero_Alto,2023-11-13,9.15,21.57,-0.69,46.15,0.01,2.35,60.23,-15.77948,-70.91799,4470
Crucero_Alto,2023-11-14,9.56,21.09,1.03,41.72,0.01,2.21,60.16,-15.77948,-70.91799,4470
Crucero_Alto,2023-11-15,7.36,15.9,0.48,47.35,0.0,1.31,60.28,-15.77948,-70.91799,4470
Crucero_Alto,2023-11-16,9.07,18.05,0.62,40.52,0.08,1.69,60.25,-15.77948,-70.91799,4470
Crucero_Alto,2023-11-17,9.01,20.84,1.78,47.03,14.94,1.78,60.27,-15.77948,-70.91799,4470
Crucero_Alto,2023-11-18,10.01,22.0,0.07,45.56,0.87,2.62,60.3,-15.77948,-70.91799,4470
Crucero_Alto,2023-11-19,9.3,21.22,-1.01,39.96,0.03,2.68,60.35,-15.77948,-70.91799,4470
Crucero_Alto,2023-11-20,9.78,20.89,-0.89,41.77,0.01,2.04,60.2,-15.77948,-70.91799,4470
Crucero_Alto,2023-11-21,9.13,20.1,0.79,50.8,0.0,3.03,60.14,-15.77948,-70.91799,4470
Crucero_Alto,2023-11-22,8.93,19.83,-2.66,40.54,0.13,2.21,60.05,-15.77948,-70.91799,4470
Crucero_Alto,2023-11-23,8.67,15.86,2.28,59.89,0.71,2.08,60.16,-15.77948,-70.91799,4470
Crucero_Alto,2023-11-24,7.49,14.01,2.41,61.98,4.72,1.45,60.3,-15.77948,-70.91799,4470
Crucero_Alto,2023-11-25,7.34,12.47,2.58,71.3,8.02,1.39,60.2,-15.77948,-70.91799,4470
Crucero_Alto,2023-11-26,7.58,16.29,1.67,68.74,8.87,2.24,60.14,-15.77948,-70.91799,4470
Crucero_Alto,2023-11-27,8.1,17.82,0.95,60.35,3.87,2.33,60.26,-15.77948,-70.91799,4470
Crucero_Alto,2023-11-28,9.0,19.04,-2.1,55.23,0.48,1.96,60.27,-15.77948,-70.91799,4470
Crucero_Alto,2023-11-29,8.72,15.62,3.71,69.1,2.08,1.99,60.13,-15.77948,-70.91799,4470
Crucero_Alto,2023-11-30,7.42,17.47,2.48,69.74,3.85,2.72,60.12,-15.77948,-70.91799,4470
Crucero_Alto,2023-12-01,8.49,19.23,1.8,57.03,20.86,2.39,60.22,-15.77948,-70.91799,4470
Crucero_Alto,2023-12-02,8.53,19.32,0.67,62.95,23.5,2.93,60.2,-15.77948,-70.91799,4470
Crucero_Alto,2023-12-03,8.83,20.14,-0.58,50.35,1.96,2.44,60.16,-15.77948,-70.91799,4470
Crucero_Alto,2023-12-04,9.95,20.69,0.66,46.68,0.83,1.65,60.14,-15.77948,-70.91799,4470
Crucero_Alto,2023-12-05,9.61,19.65,2.08,48.76,0.12,1.81,60.21,-15.77948,-70.91799,4470
Crucero_Alto,2023-12-06,8.66,18.08,-0.18,60.03,0.15,2.33,60.22,-15.77948,-70.91799,4470
Crucero_Alto,2023-12-07,10.12,16.95,5.01,66.15,0.12,3.24,60.26,-15.77948,-70.91799,4470
Crucero_Alto,2023-12-08,9.47,16.16,4.63,67.56,0.09,4.81,60.33,-15.77948,-70.91799,4470
Crucero_Alto,2023-12-09,10.15,17.32,4.91,63.96,0.0,2.98,60.29,-15.77948,-70.91799,4470
Crucero_Alto,2023-12-10,9.96,16.64,4.8,68.27,7.36,2.29,60.17,-15.77948,-70.91799,4470
Crucero_Alto,2023-12-11,8.51,15.6,3.62,69.84,2.13,2.57,60.18,-15.77948,-70.91799,4470
Crucero_Alto,2023-12-12,7.76,17.59,2.08,72.67,2.2,1.57,60.22,-15.77948,-70.91799,4470
Crucero_Alto,2023-12-13,7.77,16.84,1.9,70.86,0.68,1.17,60.14,-15.77948,-70.91799,4470
Crucero_Alto,2023-12-14,8.12,16.49,1.82,69.64,1.47,1.96,60.12,-15.77948,-70.91799,4470
Crucero_Alto,2023-12-15,7.32,17.43,1.61,72.86,4.18,1.27,60.23,-15.77948,-70.91799,4470
Crucero_Alto,2023-12-16,7.84,16.26,2.27,71.86,0.76,1.96,60.28,-15.77948,-70.91799,4470
Crucero_Alto,2023-12-17,7.8,15.42,2.03,68.69,0.1,1.46,60.3,-15.77948,-70.91799,4470
Crucero_Alto,2023-12-18,9.24,19.14,2.12,64.24,0.06,1.86,60.16,-15.77948,-70.91799,4470
Crucero_Alto,2023-12-19,7.66,14.86,2.17,68.31,5.42,2.59,60.18,-15.77948,-70.91799,4470
Crucero_Alto,2023-12-20,9.08,17.64,1.6,61.88,13.55,1.46,60.19,-15.77948,-70.91799,4470
Crucero_Alto,2023-12-21,10.47,18.91,3.04,62.29,0.01,2.37,60.27,-15.77948,-70.91799,4470
Crucero_Alto,2023-12-22,9.25,14.91,5.04,72.24,0.0,2.55,60.36,-15.77948,-70.91799,4470
Crucero_Alto,2023-12-23,10.72,17.69,5.02,62.58,0.0,2.41,60.38,-15.77948,-70.91799,4470
Crucero_Alto,2023-12-24,10.19,18.78,2.08,63.37,0.0,3.19,60.41,-15.77948,-70.91799,4470
Crucero_Alto,2023-12-25,10.69,18.38,4.63,59.86,0.0,3.01,60.44,-15.77948,-70.91799,4470
Crucero_Alto,2023-12-26,8.56,15.59,3.21,65.22,0.0,4.05,60.47,-15.77948,-70.91799,4470
Crucero_Alto,2023-12-27,9.04,17.16,0.82,66.77,5.77,2.52,60.35,-15.77948,-70.91799,4470
Crucero_Alto,2023-12-28,8.5,15.89,4.29,71.02,4.07,1.9,60.31,-15.77948,-70.91799,4470
Crucero_Alto,2023-12-29,7.39,16.54,2.44,70.2,0.17,1.91,60.34,-15.77948,-70.91799,4470
Crucero_Alto,2023-12-30,6.69,16.22,1.31,72.1,0.36,1.87,60.36,-15.77948,-70.91799,4470
Crucero_Alto,2023-12-31,8.46,17.72,2.47,66.94,0.02,3.27,60.31,-15.77948,-70.91799,4470
Crucero_Alto,2024-01-01,8.68,18.13,1.39,61.51,3.23,2.37,60.28,-15.77948,-70.91799,4470
Crucero_Alto,2024-01-02,7.85,15.78,2.66,71.19,2.06,1.35,60.22,-15.77948,-70.91799,4470
Crucero_Alto,2024-01-03,7.43,15.33,1.77,76.87,16.91,2.59,60.2,-15.77948,-70.91799,4470
Crucero_Alto,2024-01-04,6.87,12.54,1.29,73.11,6.52,2.6,60.31,-15.77948,-70.91799,4470
Crucero_Alto,2024-01-05,8.82,15.67,3.3,70.6,0.62,3.12,60.3,-15.77948,-70.91799,4470
Crucero_Alto,2024-01-06,9.03,17.17,2.79,62.01,0.0,3.47,60.3,-15.77948,-70.91799,4470
Crucero_Alto,2024-01-07,9.74,18.96,1.53,60.62,0.0,2.48,60.26,-15.77948,-70.91799,4470
Crucero_Alto,2024-01-08,10.63,20.04,3.98,56.18,0.0,2.49,60.28,-15.77948,-70.91799,4470
Crucero_Alto,2024-01-09,10.81,20.08,3.32,54.09,0.0,2.2,60.32,-15.77948,-70.91799,4470
Crucero_Alto,2024-01-10,10.79,20.55,3.27,58.94,0.0,2.37,60.28,-15.77948,-70.91799,4470
Crucero_Alto,2024-01-11,10.05,17.37,4.74,61.74,0.02,2.71,60.28,-15.77948,-70.91799,4470
Crucero_Alto,2024-01-12,9.78,18.43,2.03,57.65,0.0,2.5,60.29,-15.77948,-70.91799,4470
Crucero_Alto,2024-01-13,10.32,18.82,3.44,57.07,0.0,2.48,60.27,-15.77948,-70.91799,4470
Crucero_Alto,2024-01-14,10.44,18.18,3.08,64.19,0.2,2.69,60.28,-15.77948,-70.91799,4470
Crucero_Alto,2024-01-15,9.47,15.68,4.8,70.41,1.65,4.84,60.28,-15.77948,-70.91799,4470
Crucero_Alto,2024-01-16,9.68,15.75,4.87,70.4,0.78,2.71,60.31,-15.77948,-70.91799,4470
Crucero_Alto,2024-01-17,10.58,18.12,5.03,65.4,0.07,3.89,60.37,-15.77948,-70.91799,4470
Crucero_Alto,2024-01-18,10.24,17.86,3.9,67.38,0.18,2.5,60.35,-15.77948,-70.91799,4470
Crucero_Alto,2024-01-19,10.06,16.06,5.53,70.64,3.67,2.91,60.35,-15.77948,-70.91799,4470
Crucero_Alto,2024-01-20,11.21,18.99,5.4,61.1,1.72,2.94,60.31,-15.77948,-70.91799,4470
Crucero_Alto,2024-01-21,10.16,17.7,5.13,66.96,0.0,2.94,60.37,-15.77948,-70.91799,4470
Crucero_Alto,2024-01-22,11.41,20.17,4.07,61.24,0.0,2.52,60.36,-15.77948,-70.91799,4470
Crucero_Alto,2024-01-23,8.9,18.04,2.76,70.96,0.24,2.47,60.36,-15.77948,-70.91799,4470
Crucero_Alto,2024-01-24,8.81,17.65,2.61,66.43,0.66,2.7,60.28,-15.77948,-70.91799,4470
Crucero_Alto,2024-01-25,7.98,17.53,3.05,73.67,9.14,2.78,60.25,-15.77948,-70.91799,4470
Crucero_Alto,2024-01-26,9.35,18.02,2.87,67.32,3.58,2.52,60.32,-15.77948,-70.91799,4470
Crucero_Alto,2024-01-27,9.22,18.34,2.52,65.81,1.77,2.27,60.29,-15.77948,-70.91799,4470
Crucero_Alto,2024-01-28,8.48,17.11,1.5,70.59,10.88,1.88,60.28,-15.77948,-70.91799,4470
Crucero_Alto,2024-01-29,9.69,18.22,2.94,64.84,6.08,2.08,60.35,-15.77948,-70.91799,4470
Crucero_Alto,2024-01-30,9.44,19.42,0.15,63.06,6.79,1.68,60.33,-15.77948,-70.91799,4470
Crucero_Alto,2024-01-31,9.24,17.27,2.59,69.56,2.73,3.01,60.36,-15.77948,-70.91799,4470
Crucero_Alto,2024-02-01,9.96,17.51,3.81,67.43,0.94,2.64,60.42,-15.77948,-70.91799,4470
Crucero_Alto,2024-02-02,8.67,16.09,2.74,70.03,4.1,3.04,60.39,-15.77948,-70.91799,4470
Crucero_Alto,2024-02-03,8.78,16.28,2.93,69.84,0.81,2.78,60.31,-15.77948,-70.91799,4470
Crucero_Alto,2024-02-04,9.07,16.49,3.33,67.07,0.0,3.38,60.3,-15.77948,-70.91799,4470
Crucero_Alto,2024-02-05,7.6,15.3,2.44,73.65,15.48,2.21,60.3,-15.77948,-70.91799,4470
Crucero_Alto,2024-02-06,8.18,15.58,3.12,69.32,0.56,2.07,60.28,-15.77948,-70.91799,4470
Crucero_Alto,2024-02-07,8.05,16.67,1.5,69.28,0.29,2.63,60.27,-15.77948,-70.91799,4470
Crucero_Alto,2024-02-08,8.18,18.2,2.12,56.35,0.04,3.63,60.29,-15.77948,-70.91799,4470
Crucero_Alto,2024-02-09,7.74,18.32,0.35,56.99,0.0,2.73,60.35,-15.77948,-70.91799,4470
Crucero_Alto,2024-02-10,6.91,16.94,0.39,71.12,0.71,2.07,60.35,-15.77948,-70.91799,4470
Crucero_Alto,2024-02-11,7.24,16.46,0.77,71.63,8.78,1.86,60.32,-15.77948,-70.91799,4470
Crucero_Alto,2024-02-12,7.0,12.42,2.96,78.49,4.79,1.89,60.28,-15.77948,-70.91799,4470
Crucero_Alto,2024-02-13,8.33,17.23,3.3,74.03,2.07,1.78,60.35,-15.77948,-70.91799,4470
Crucero_Alto,2024-02-14,8.42,17.55,2.16,71.89,4.03,1.95,60.44,-15.77948,-70.91799,4470
Crucero_Alto,2024-02-15,9.31,16.58,2.42,72.74,4.87,2.24,60.45,-15.77948,-70.91799,4470
Crucero_Alto,2024-02-16,10.01,17.53,3.83,70.76,1.2,2.53,60.43,-15.77948,-70.91799,4470
Crucero_Alto,2024-02-17,10.15,17.23,6.0,70.8,1.85,2.37,60.37,-15.77948,-70.91799,4470
Crucero_Alto,2024-02-18,10.48,18.33,4.49,68.71,1.2,2.18,60.34,-15.77948,-70.91799,4470
Crucero_Alto,2024-02-19,7.74,15.1,1.87,77.18,4.87,2.05,60.34,-15.77948,-70.91799,4470
Crucero_Alto,2024-02-20,6.6,14.58,1.67,75.79,1.64,2.04,60.28,-15.77948,-70.91799,4470
Crucero_Alto,2024-02-21,7.48,16.4,1.47,71.85,2.54,3.33,60.15,-15.77948,-70.91799,4470
Crucero_Alto,2024-02-22,6.83,16.63,-0.88,67.93,0.08,3.83,60.13,-15.77948,-70.91799,4470
Crucero_Alto,2024-02-23,7.31,16.47,0.83,72.74,0.13,1.73,60.19,-15.77948,-70.91799,4470
Crucero_Alto,2024-02-24,7.15,12.41,3.21,79.02,3.19,3.28,60.29,-15.77948,-70.91799,4470
Crucero_Alto,2024-02-25,7.6,13.59,3.28,79.78,5.77,3.34,60.38,-15.77948,-70.91799,4470
Crucero_Alto,2024-02-26,8.63,15.57,3.71,75.34,2.61,2.97,60.35,-15.77948,-70.91799,4470
Crucero_Alto,2024-02-27,8.67,15.72,3.06,75.32,3.54,3.19,60.27,-15.77948,-70.91799,4470
Crucero_Alto,2024-02-28,7.73,13.61,3.05,78.56,12.9,1.95,60.31,-15.77948,-70.91799,4470
Crucero_Alto,2024-02-29,6.88,12.18,3.49,79.97,1.09,1.46,60.33,-15.77948,-70.91799,4470
Crucero_Alto,2024-03-01,7.78,14.09,3.38,73.97,0.15,3.93,60.34,-15.77948,-70.91799,4470
Crucero_Alto,2024-03-02,7.9,16.46,2.1,70.9,0.47,2.97,60.37,-15.77948,-70.91799,4470
Crucero_Alto,2024-03-03,8.32,16.07,1.68,71.39,2.07,1.74,60.32,-15.77948,-70.91799,4470
Crucero_Alto,2024-03-04,8.96,16.31,4.04,71.66,2.06,2.15,60.25,-15.77948,-70.91799,4470
Crucero_Alto,2024-03-05,7.8,16.41,2.15,76.61,1.37,2.19,60.19,-15.77948,-70.91799,4470
Crucero_Alto,2024-03-06,7.53,16.49,1.33,74.36,7.77,2.15,60.23,-15.77948,-70.91799,4470
Crucero_Alto,2024-03-07,6.85,13.13,1.29,78.73,14.07,1.78,60.33,-15.77948,-70.91799,4470
Crucero_Alto,2024-03-08,8.41,15.54,1.33,75.98,11.33,1.49,60.34,-15.77948,-70.91799,4470
Crucero_Alto,2024-03-09,6.65,14.84,1.72,79.13,6.56,1.06,60.41,-15.77948,-70.91799,4470
Crucero_Alto,2024-03-10,6.78,15.14,1.87,77.63,9.58,1.69,60.42,-15.77948,-70.91799,4470
Crucero_Alto,2024-03-11,8.12,16.35,1.47,74.85,1.62,2.76,60.48,-15.77948,-70.91799,4470
Crucero_Alto,2024-03-12,9.15,15.63,3.3,74.44,0.19,2.11,60.53,-15.77948,-70.91799,4470
Crucero_Alto,2024-03-13,9.67,16.39,4.22,76.16,0.51,2.3,60.43,-15.77948,-70.91799,4470
Crucero_Alto,2024-03-14,9.78,16.72,4.46,73.97,0.02,2.37,60.41,-15.77948,-70.91799,4470
Crucero_Alto,2024-03-15,10.46,19.43,2.64,68.78,0.0,1.78,60.33,-15.77948,-70.91799,4470
Crucero_Alto,2024-03-16,7.42,16.56,2.32,73.45,1.07,1.25,60.3,-15.77948,-70.91799,4470
Crucero_Alto,2024-03-17,8.81,15.91,3.03,74.22,3.61,2.49,60.24,-15.77948,-70.91799,4470
Crucero_Alto,2024-03-18,8.13,16.87,2.2,76.3,0.54,2.2,60.27,-15.77948,-70.91799,4470
Crucero_Alto,2024-03-19,7.64,15.79,1.79,75.82,0.75,2.17,60.3,-15.77948,-70.91799,4470
Crucero_Alto,2024-03-20,8.67,17.78,3.22,71.12,3.76,2.46,60.26,-15.77948,-70.91799,4470
Crucero_Alto,2024-03-21,9.28,18.62,1.11,65.55,0.25,1.67,60.31,-15.77948,-70.91799,4470
Crucero_Alto,2024-03-22,8.34,15.67,3.02,77.29,2.81,2.51,60.38,-15.77948,-70.91799,4470
Crucero_Alto,2024-03-23,8.62,16.75,2.15,67.75,0.01,2.24,60.38,-15.77948,-70.91799,4470
Crucero_Alto,2024-03-24,9.24,17.9,2.59,67.79,0.0,1.71,60.31,-15.77948,-70.91799,4470
Crucero_Alto,2024-03-25,8.52,15.52,3.84,74.53,0.74,2.1,60.31,-15.77948,-70.91799,4470
Crucero_Alto,2024-03-26,7.11,14.59,2.65,76.22,2.57,2.25,60.3,-15.77948,-70.91799,4470
Crucero_Alto,2024-03-27,5.83,14.49,1.26,76.56,0.53,1.53,60.29,-15.77948,-70.91799,4470
Crucero_Alto,2024-03-28,6.31,15.23,0.02,69.83,0.02,1.86,60.35,-15.77948,-70.91799,4470
Crucero_Alto,2024-03-29,7.26,16.25,-0.9,65.93,0.0,2.05,60.43,-15.77948,-70.91799,4470
Crucero_Alto,2024-03-30,8.34,18.05,0.4,66.45,0.0,1.21,60.38,-15.77948,-70.91799,4470
Crucero_Alto,2024-03-31,6.87,14.91,1.96,77.24,3.35,1.87,60.41,-15.77948,-70.91799,4470
Crucero_Alto,2024-04-01,8.36,17.24,1.67,67.86,1.01,1.58,60.38,-15.77948,-70.91799,4470
Crucero_Alto,2024-04-02,9.34,18.86,1.57,60.48,0.3,1.22,60.28,-15.77948,-70.91799,4470
Crucero_Alto,2024-04-03,6.61,14.71,2.0,77.66,9.13,1.34,60.29,-15.77948,-70.91799,4470
Crucero_Alto,2024-04-04,7.78,15.17,2.33,75.81,0.1,1.29,60.34,-15.77948,-70.91799,4470
Crucero_Alto,2024-04-05,9.19,17.16,3.83,72.76,0.0,2.15,60.44,-15.77948,-70.91799,4470
Crucero_Alto,2024-04-06,9.35,16.68,3.5,73.49,0.0,1.8,60.37,-15.77948,-70.91799,4470
Crucero_Alto,2024-04-07,8.95,16.11,4.49,72.2,0.0,2.37,60.32,-15.77948,-70.91799,4470
Crucero_Alto,2024-04-08,8.64,18.36,2.34,72.36,0.46,1.59,60.36,-15.77948,-70.91799,4470
Crucero_Alto,2024-04-09,9.24,17.08,2.99,72.21,0.35,1.95,60.3,-15.77948,-70.91799,4470
Crucero_Alto,2024-04-10,8.87,14.84,4.75,73.19,0.0,1.54,60.26,-15.77948,-70.91799,4470
Crucero_Alto,2024-04-11,7.05,14.0,1.48,75.69,5.42,2.21,60.31,-15.77948,-70.91799,4470
Crucero_Alto,2024-04-12,6.88,17.14,-0.48,70.73,1.63,2.4,60.34,-15.77948,-70.91799,4470
Crucero_Alto,2024-04-13,7.13,17.71,0.31,65.59,0.0,2.53,60.28,-15.77948,-70.91799,4470
Crucero_Alto,2024-04-14,6.07,18.35,-2.44,61.27,0.02,2.76,60.17,-15.77948,-70.91799,4470
Crucero_Alto,2024-04-15,4.53,15.93,-4.02,49.77,0.25,2.8,60.26,-15.77948,-70.91799,4470
Crucero_Alto,2024-04-16,7.4,18.27,-2.38,26.7,0.0,0.9,60.36,-15.77948,-70.91799,4470
Crucero_Alto,2024-04-17,8.89,17.81,2.34,65.09,0.08,0.93,60.42,-15.77948,-70.91799,4470
Crucero_Alto,2024-04-18,8.43,16.42,2.76,73.06,0.02,1.69,60.4,-15.77948,-70.91799,4470
Crucero_Alto,2024-04-19,8.65,16.07,3.57,71.6,0.07,1.41,60.39,-15.77948,-70.91799,4470
Crucero_Alto,2024-04-20,8.21,16.19,3.31,74.54,0.06,1.65,60.38,-15.77948,-70.91799,4470
Crucero_Alto,2024-04-21,9.06,18.01,1.47,65.48,0.0,1.3,60.39,-15.77948,-70.91799,4470
Crucero_Alto,2024-04-22,9.58,17.31,4.31,68.09,0.0,1.12,60.35,-15.77948,-70.91799,4470
Crucero_Alto,2024-04-23,9.25,17.26,3.53,70.33,0.0,1.88,60.4,-15.77948,-70.91799,4470
Crucero_Alto,2024-04-24,8.75,16.87,3.94,73.4,0.0,1.9,60.47,-15.77948,-70.91799,4470
Crucero_Alto,2024-04-25,8.93,17.44,3.63,71.14,0.0,2.58,60.44,-15.77948,-70.91799,4470
Crucero_Alto,2024-04-26,8.55,16.92,2.86,59.41,0.0,2.23,60.39,-15.77948,-70.91799,4470
Crucero_Alto,2024-04-27,8.0,17.39,0.58,55.07,0.0,2.08,60.34,-15.77948,-70.91799,4470
Crucero_Alto,2024-04-28,8.2,16.77,1.04,65.59,0.0,1.38,60.29,-15.77948,-70.91799,4470
Crucero_Alto,2024-04-29,7.77,15.02,3.17,70.48,0.0,1.17,60.35,-15.77948,-70.91799,4470
Crucero_Alto,2024-04-30,7.67,16.46,1.97,65.5,3.21,1.33,60.32,-15.77948,-70.91799,4470
Crucero_Alto,2024-05-01,6.93,15.61,0.35,70.73,4.44,1.47,60.31,-15.77948,-70.91799,4470
Crucero_Alto,2024-05-02,6.45,11.84,1.82,75.62,3.99,1.17,60.22,-15.77948,-70.91799,4470
Crucero_Alto,2024-05-03,5.54,11.67,1.84,69.03,1.27,2.12,60.27,-15.77948,-70.91799,4470
Crucero_Alto,2024-05-04,6.53,14.44,-0.9,51.11,4.87,0.79,60.32,-15.77948,-70.91799,4470
Crucero_Alto,2024-05-05,8.03,17.45,1.03,58.68,1.39,1.2,60.42,-15.77948,-70.91799,4470
Crucero_Alto,2024-05-06,7.93,15.87,1.62,69.37,0.21,1.4,60.37,-15.77948,-70.91799,4470
Crucero_Alto,2024-05-07,6.94,15.89,1.21,70.03,0.0,1.87,60.32,-15.77948,-70.91799,4470
Crucero_Alto,2024-05-08,7.5,16.57,-0.07,63.18,0.0,1.13,60.4,-15.77948,-70.91799,4470
Crucero_Alto,2024-05-09,7.63,14.63,3.07,77.62,0.0,2.26,60.48,-15.77948,-70.91799,4470
Crucero_Alto,2024-05-10,8.49,17.11,1.34,64.48,0.0,1.52,60.43,-15.77948,-70.91799,4470
Crucero_Alto,2024-05-11,9.07,18.81,-0.44,51.21,0.0,0.91,60.4,-15.77948,-70.91799,4470
Crucero_Alto,2024-05-12,8.99,19.16,0.87,46.12,0.0,0.93,60.36,-15.77948,-70.91799,4470
Crucero_Alto,2024-05-13,9.17,17.65,1.5,45.48,0.0,0.9,60.35,-15.77948,-70.91799,4470
Crucero_Alto,2024-05-14,5.6,10.41,2.01,74.27,0.68,1.28,60.39,-15.77948,-70.91799,4470
Crucero_Alto,2024-05-15,5.85,13.57,0.98,71.22,0.18,1.65,60.33,-15.77948,-70.91799,4470
Crucero_Alto,2024-05-16,5.11,13.44,0.1,70.53,0.58,1.84,60.31,-15.77948,-70.91799,4470
Crucero_Alto,2024-05-17,5.11,14.34,-0.99,65.32,0.74,1.93,60.37,-15.77948,-70.91799,4470
Crucero_Alto,2024-05-18,4.73,15.64,-2.91,54.15,0.0,2.42,60.46,-15.77948,-70.91799,4470
Crucero_Alto,2024-05-19,5.52,16.08,-1.44,43.16,0.0,2.02,60.42,-15.77948,-70.91799,4470
Crucero_Alto,2024-05-20,4.68,15.1,-2.39,36.42,0.0,2.27,60.35,-15.77948,-70.91799,4470
Crucero_Alto,2024-05-21,4.31,15.75,-3.26,31.54,0.0,2.02,60.36,-15.77948,-70.91799,4470
Crucero_Alto,2024-05-22,4.02,16.15,-3.64,34.58,0.0,2.24,60.42,-15.77948,-70.91799,4470
Crucero_Alto,2024-05-23,2.66,13.29,-4.94,31.77,0.0,2.91,60.45,-15.77948,-70.91799,4470
Crucero_Alto,2024-05-24,4.2,15.99,-2.76,33.0,0.0,2.21,60.44,-15.77948,-70.91799,4470
Crucero_Alto,2024-05-25,3.21,14.26,-4.14,41.97,0.0,2.91,60.44,-15.77948,-70.91799,4470
Crucero_Alto,2024-05-26,1.93,13.32,-6.16,38.74,0.0,3.02,60.42,-15.77948,-70.91799,4470
Crucero_Alto,2024-05-27,2.14,13.98,-6.18,27.42,0.07,2.35,60.42,-15.77948,-70.91799,4470
Crucero_Alto,2024-05-28,3.14,14.1,-5.22,22.97,0.0,1.93,60.44,-15.77948,-70.91799,4470
Crucero_Alto,2024-05-29,5.2,15.07,-2.32,20.54,0.0,1.05,60.47,-15.77948,-70.91799,4470
Crucero_Alto,2024-05-30,4.0,15.11,-3.08,29.45,0.0,1.9,60.48,-15.77948,-70.91799,4470
Crucero_Alto,2024-05-31,3.69,14.74,-3.7,29.35,0.03,2.27,60.48,-15.77948,-70.91799,4470
Crucero_Alto,2024-06-01,4.01,15.8,-4.54,28.74,0.0,1.73,60.43,-15.77948,-70.91799,4470
Crucero_Alto,2024-06-02,5.18,15.29,-4.41,24.95,0.0,1.16,60.45,-15.77948,-70.91799,4470
Crucero_Alto,2024-06-03,5.48,14.57,-0.74,40.65,0.0,2.07,60.48,-15.77948,-70.91799,4470
Crucero_Alto,2024-06-04,5.7,16.6,-2.17,52.82,0.0,1.48,60.47,-15.77948,-70.91799,4470
Crucero_Alto,2024-06-05,5.75,15.63,-2.59,38.93,0.0,1.65,60.45,-15.77948,-70.91799,4470
Crucero_Alto,2024-06-06,5.17,15.02,-1.32,45.62,0.0,1.98,60.45,-15.77948,-70.91799,4470
Crucero_Alto,2024-06-07,4.54,14.93,-3.66,52.82,0.0,2.3,60.55,-15.77948,-70.91799,4470
Crucero_Alto,2024-06-08,4.62,15.54,-2.22,40.63,0.0,1.01,60.57,-15.77948,-70.91799,4470
Crucero_Alto,2024-06-09,5.09,15.08,-2.2,31.44,0.0,1.59,60.4,-15.77948,-70.91799,4470
Crucero_Alto,2024-06-10,5.48,15.07,-2.09,33.44,0.0,1.11,60.33,-15.77948,-70.91799,4470
Crucero_Alto,2024-06-11,6.73,16.36,-1.34,42.19,0.0,1.25,60.39,-15.77948,-70.91799,4470
Crucero_Alto,2024-06-12,6.49,16.53,-1.2,43.46,0.0,0.96,60.38,-15.77948,-70.91799,4470
Crucero_Alto,2024-06-13,3.85,13.49,-3.6,61.12,0.0,2.8,60.4,-15.77948,-70.91799,4470
Crucero_Alto,2024-06-14,3.43,14.67,-4.23,51.36,0.0,2.43,60.4,-15.77948,-70.91799,4470
Crucero_Alto,2024-06-15,5.87,16.33,-2.41,44.65,0.0,1.08,60.37,-15.77948,-70.91799,4470
Crucero_Alto,2024-06-16,5.19,15.43,-1.66,44.36,0.03,1.88,60.34,-15.77948,-70.91799,4470
Crucero_Alto,2024-06-17,4.62,14.84,-2.21,58.22,0.0,2.36,60.21,-15.77948,-70.91799,4470
Crucero_Alto,2024-06-18,3.71,13.66,-2.55,52.6,0.04,2.45,60.1,-15.77948,-70.91799,4470
Crucero_Alto,2024-06-19,2.41,9.31,-4.11,51.95,0.01,1.54,60.14,-15.77948,-70.91799,4470
Crucero_Alto,2024-06-20,3.05,11.11,-2.45,61.19,0.0,2.31,60.24,-15.77948,-70.91799,4470
Crucero_Alto,2024-06-21,3.65,12.19,-2.32,68.08,0.0,2.11,60.34,-15.77948,-70.91799,4470
Crucero_Alto,2024-06-22,4.27,14.92,-3.18,56.22,0.0,2.32,60.39,-15.77948,-70.91799,4470
Crucero_Alto,2024-06-23,4.83,14.98,-1.67,46.22,0.0,1.79,60.39,-15.77948,-70.91799,4470
Crucero_Alto,2024-06-24,5.94,15.98,-1.79,43.63,0.0,1.28,60.36,-15.77948,-70.91799,4470
Crucero_Alto,2024-06-25,5.69,15.6,-0.95,46.0,0.0,1.4,60.41,-15.77948,-70.91799,4470
Crucero_Alto,2024-06-26,5.6,15.39,-2.9,32.3,0.0,1.52,60.43,-15.77948,-70.91799,4470
Crucero_Alto,2024-06-27,6.28,16.02,-0.65,32.53,0.0,0.98,60.29,-15.77948,-70.91799,4470
Crucero_Alto,2024-06-28,4.41,15.61,-4.07,40.53,0.0,1.84,60.3,-15.77948,-70.91799,4470
Crucero_Alto,2024-06-29,5.29,16.17,-2.34,52.67,1.94,1.67,60.31,-15.77948,-70.91799,4470
Crucero_Alto,2024-06-30,3.01,13.15,-3.62,50.02,0.9,2.49,60.33,-15.77948,-70.91799,4470
Crucero_Alto,2024-07-01,4.28,13.59,-3.26,29.93,0.02,1.63,60.37,-15.77948,-70.91799,4470
Crucero_Alto,2024-07-02,5.74,14.91,0.28,24.73,0.0,1.39,60.4,-15.77948,-70.91799,4470
Crucero_Alto,2024-07-03,5.98,14.85,-0.23,28.72,0.0,1.53,60.3,-15.77948,-70.91799,4470
Crucero_Alto,2024-07-04,5.08,15.81,-2.77,32.4,0.0,1.28,60.25,-15.77948,-70.91799,4470
Crucero_Alto,2024-07-05,3.97,14.64,-3.06,25.91,0.0,2.21,60.32,-15.77948,-70.91799,4470
Crucero_Alto,2024-07-06,4.06,15.12,-2.31,43.22,0.0,2.44,60.36,-15.77948,-70.91799,4470
Crucero_Alto,2024-07-07,4.1,15.04,-3.25,52.23,0.0,2.04,60.35,-15.77948,-70.91799,4470
Crucero_Alto,2024-07-08,2.86,13.92,-5.73,54.48,0.01,3.08,60.26,-15.77948,-70.91799,4470
Crucero_Alto,2024-07-09,1.0,12.01,-6.01,31.7,0.0,3.4,60.15,-15.77948,-70.91799,4470
Crucero_Alto,2024-07-10,0.66,11.41,-6.38,29.63,0.0,4.11,60.03,-15.77948,-70.91799,4470
Crucero_Alto,2024-07-11,0.05,10.15,-6.27,33.55,0.01,3.86,60.01,-15.77948,-70.91799,4470
Crucero_Alto,2024-07-12,1.38,11.6,-5.29,61.72,0.0,3.15,60.25,-15.77948,-70.91799,4470
Crucero_Alto,2024-07-13,1.63,12.97,-5.37,45.15,0.0,2.98,60.38,-15.77948,-70.91799,4470
Crucero_Alto,2024-07-14,2.34,13.81,-4.88,30.9,0.0,2.71,60.37,-15.77948,-70.91799,4470
Crucero_Alto,2024-07-15,3.09,13.91,-3.95,23.49,0.0,2.37,60.37,-15.77948,-70.91799,4470
Crucero_Alto,2024-07-16,5.29,15.09,-1.13,24.52,0.0,0.85,60.44,-15.77948,-70.91799,4470
Crucero_Alto,2024-07-17,4.9,15.01,-2.84,60.62,0.0,2.05,60.51,-15.77948,-70.91799,4470
Crucero_Alto,2024-07-18,5.48,15.41,-3.1,54.85,0.0,1.2,60.44,-15.77948,-70.91799,4470
Crucero_Alto,2024-07-19,4.36,14.34,-2.89,48.86,0.0,2.6,60.4,-15.77948,-70.91799,4470
Crucero_Alto,2024-07-20,2.15,12.72,-6.05,43.66,0.0,3.34,60.36,-15.77948,-70.91799,4470
Crucero_Alto,2024-07-21,3.67,14.24,-5.42,58.42,0.0,2.4,60.25,-15.77948,-70.91799,4470
Crucero_Alto,2024-07-22,4.22,13.94,-4.54,53.84,0.02,2.89,60.28,-15.77948,-70.91799,4470
Crucero_Alto,2024-07-23,4.69,15.56,-3.88,57.67,0.0,2.01,60.39,-15.77948,-70.91799,4470
Crucero_Alto,2024-07-24,4.71,15.26,-3.43,52.26,0.0,1.48,60.47,-15.77948,-70.91799,4470
Crucero_Alto,2024-07-25,4.92,15.1,-2.54,48.34,0.0,2.62,60.46,-15.77948,-70.91799,4470
Crucero_Alto,2024-07-26,4.98,15.18,-3.43,49.46,0.0,1.77,60.43,-15.77948,-70.91799,4470
Crucero_Alto,2024-07-27,6.4,16.35,-1.21,46.18,0.0,0.97,60.37,-15.77948,-70.91799,4470
Crucero_Alto,2024-07-28,6.2,17.09,-0.98,43.07,0.01,1.86,60.4,-15.77948,-70.91799,4470
Crucero_Alto,2024-07-29,5.96,16.82,-1.85,52.83,0.01,1.56,60.38,-15.77948,-70.91799,4470
Crucero_Alto,2024-07-30,5.08,15.23,-3.16,59.05,0.0,1.81,60.36,-15.77948,-70.91799,4470
Crucero_Alto,2024-07-31,4.96,15.51,-3.28,51.71,0.0,2.34,60.35,-15.77948,-70.91799,4470
Crucero_Alto,2024-08-01,3.74,15.33,-3.98,48.53,0.0,2.61,60.35,-15.77948,-70.91799,4470
Crucero_Alto,2024-08-02,2.26,14.43,-5.65,37.86,0.0,2.86,60.31,-15.77948,-70.91799,4470
Crucero_Alto,2024-08-03,2.53,14.5,-6.1,26.82,0.0,2.36,60.22,-15.77948,-70.91799,4470
Crucero_Alto,2024-08-04,2.7,13.44,-4.87,32.9,0.0,1.83,60.29,-15.77948,-70.91799,4470
Crucero_Alto,2024-08-05,2.95,12.36,-3.9,47.98,0.0,2.2,60.3,-15.77948,-70.91799,4470
Crucero_Alto,2024-08-06,2.15,11.9,-4.71,59.53,0.0,3.36,60.19,-15.77948,-70.91799,4470
Crucero_Alto,2024-08-07,0.68,10.71,-6.53,40.49,0.0,3.7,60.14,-15.77948,-70.91799,4470
Crucero_Alto,2024-08-08,2.28,12.35,-4.55,25.42,0.0,2.28,60.15,-15.77948,-70.91799,4470
Crucero_Alto,2024-08-09,2.7,13.76,-4.84,25.6,0.0,2.47,60.32,-15.77948,-70.91799,4470
Crucero_Alto,2024-08-10,2.81,13.43,-4.44,28.38,0.0,3.1,60.35,-15.77948,-70.91799,4470
Crucero_Alto,2024-08-11,4.63,15.73,-5.08,33.6,0.0,2.1,60.28,-15.77948,-70.91799,4470
Crucero_Alto,2024-08-12,5.72,15.86,-2.22,55.9,0.0,2.02,60.3,-15.77948,-70.91799,4470
Crucero_Alto,2024-08-13,4.46,15.7,-3.45,44.35,0.0,2.53,60.34,-15.77948,-70.91799,4470
Crucero_Alto,2024-08-14,4.93,16.71,-3.7,37.11,0.0,1.6,60.36,-15.77948,-70.91799,4470
Crucero_Alto,2024-08-15,5.44,15.75,-3.71,46.68,0.0,1.98,60.4,-15.77948,-70.91799,4470
Crucero_Alto,2024-08-16,6.37,15.84,-2.38,61.12,0.0,1.82,60.4,-15.77948,-70.91799,4470
Crucero_Alto,2024-08-17,6.58,15.8,-0.1,60.7,0.0,1.35,60.36,-15.77948,-70.91799,4470
Crucero_Alto,2024-08-18,6.94,16.4,0.16,53.98,0.0,0.76,60.35,-15.77948,-70.91799,4470
Crucero_Alto,2024-08-19,7.04,16.92,-1.4,59.27,0.0,1.68,60.36,-15.77948,-70.91799,4470
Crucero_Alto,2024-08-20,6.83,17.65,-1.31,58.72,0.04,2.93,60.33,-15.77948,-70.91799,4470
Crucero_Alto,2024-08-21,5.53,16.83,-1.66,53.41,0.03,3.27,60.34,-15.77948,-70.91799,4470
Crucero_Alto,2024-08-22,4.37,16.13,-4.39,34.14,0.01,3.38,60.36,-15.77948,-70.91799,4470
Crucero_Alto,2024-08-23,5.34,17.68,-4.98,16.27,0.01,2.36,60.34,-15.77948,-70.91799,4470
Crucero_Alto,2024-08-24,6.68,18.27,-3.59,26.71,0.0,1.19,60.38,-15.77948,-70.91799,4470
Crucero_Alto,2024-08-25,7.72,17.48,-1.44,48.41,0.0,1.23,60.4,-15.77948,-70.91799,4470
Crucero_Alto,2024-08-26,6.75,16.4,-2.39,44.83,0.0,2.7,60.41,-15.77948,-70.91799,4470
Crucero_Alto,2024-08-27,6.92,17.7,-1.94,45.33,0.0,2.27,60.38,-15.77948,-70.91799,4470
Crucero_Alto,2024-08-28,7.32,18.15,-1.98,51.08,0.0,1.84,60.32,-15.77948,-70.91799,4470
Crucero_Alto,2024-08-29,7.61,18.4,-0.14,53.99,0.0,1.92,60.36,-15.77948,-70.91799,4470
Crucero_Alto,2024-08-30,6.55,17.65,-2.0,49.95,0.0,1.92,60.33,-15.77948,-70.91799,4470
Crucero_Alto,2024-08-31,5.39,14.58,-2.11,48.66,0.0,2.56,60.33,-15.77948,-70.91799,4470
Crucero_Alto,2024-09-01,5.45,13.92,-0.64,61.29,0.0,2.56,60.34,-15.77948,-70.91799,4470
Crucero_Alto,2024-09-02,4.87,15.58,-2.35,57.18,0.0,2.92,60.33,-15.77948,-70.91799,4470
Crucero_Alto,2024-09-03,6.3,16.47,-3.81,41.42,0.02,1.27,60.31,-15.77948,-70.91799,4470
Crucero_Alto,2024-09-04,8.28,18.63,0.07,38.53,0.0,1.75,60.37,-15.77948,-70.91799,4470
Crucero_Alto,2024-09-05,8.06,17.7,1.27,59.88,0.0,1.9,60.38,-15.77948,-70.91799,4470
Crucero_Alto,2024-09-06,8.51,17.84,0.85,49.84,0.0,0.9,60.28,-15.77948,-70.91799,4470
Crucero_Alto,2024-09-07,8.36,17.07,1.73,40.78,0.0,1.05,60.27,-15.77948,-70.91799,4470
Crucero_Alto,2024-09-08,7.23,16.98,-0.08,46.56,0.0,1.38,60.42,-15.77948,-70.91799,4470
Crucero_Alto,2024-09-09,6.85,16.21,-0.37,61.46,0.0,1.16,60.49,-15.77948,-70.91799,4470
Crucero_Alto,2024-09-10,7.13,15.69,2.26,60.86,0.0,1.77,60.4,-15.77948,-70.91799,4470
Crucero_Alto,2024-09-11,8.16,17.97,-1.4,48.34,0.0,1.24,60.29,-15.77948,-70.91799,4470
Crucero_Alto,2024-09-12,7.37,18.08,-0.32,45.7,0.0,2.55,60.29,-15.77948,-70.91799,4470
Crucero_Alto,2024-09-13,6.94,17.47,-1.73,49.42,0.0,2.86,60.32,-15.77948,-70.91799,4470
Crucero_Alto,2024-09-14,6.29,16.99,-1.6,47.24,0.11,2.38,60.33,-15.77948,-70.91799,4470
Crucero_Alto,2024-09-15,7.3,17.93,-0.92,41.94,0.0,2.17,60.29,-15.77948,-70.91799,4470
Crucero_Alto,2024-09-16,6.83,15.73,-0.31,44.61,2.31,1.94,60.38,-15.77948,-70.91799,4470
Crucero_Alto,2024-09-17,7.14,17.57,-1.1,44.47,0.04,2.29,60.36,-15.77948,-70.91799,4470
Crucero_Alto,2024-09-18,7.14,15.66,0.56,51.49,5.2,1.44,60.31,-15.77948,-70.91799,4470
Crucero_Alto,2024-09-19,6.98,18.4,-0.81,43.19,0.0,1.97,60.27,-15.77948,-70.91799,4470
Crucero_Alto,2024-09-20,7.3,18.65,-3.74,40.14,0.0,1.74,60.26,-15.77948,-70.91799,4470
Crucero_Alto,2024-09-21,8.05,16.78,2.54,65.22,0.02,2.37,60.28,-15.77948,-70.91799,4470
Crucero_Alto,2024-09-22,8.33,17.08,0.0,45.04,0.01,1.0,60.32,-15.77948,-70.91799,4470
Crucero_Alto,2024-09-23,8.95,16.97,2.77,54.24,0.08,1.76,60.32,-15.77948,-70.91799,4470
Crucero_Alto,2024-09-24,8.4,17.01,0.92,56.36,0.19,1.74,60.33,-15.77948,-70.91799,4470
Crucero_Alto,2024-09-25,9.3,19.31,1.16,48.69,0.01,1.52,60.27,-15.77948,-70.91799,4470
Crucero_Alto,2024-09-26,8.34,17.91,1.03,51.34,4.79,1.1,60.28,-15.77948,-70.91799,4470
Crucero_Alto,2024-09-27,7.6,17.3,0.67,55.73,1.14,2.19,60.35,-15.77948,-70.91799,4470
Crucero_Alto,2024-09-28,6.75,17.69,-2.46,32.43,0.05,1.7,60.33,-15.77948,-70.91799,4470
Crucero_Alto,2024-09-29,7.79,18.4,-2.66,37.08,0.02,1.17,60.31,-15.77948,-70.91799,4470
Crucero_Alto,2024-09-30,9.73,18.41,2.8,56.91,0.0,1.63,60.33,-15.77948,-70.91799,4470
Crucero_Alto,2024-10-01,10.61,18.53,3.93,53.65,0.0,1.75,60.32,-15.77948,-70.91799,4470
Crucero_Alto,2024-10-02,10.55,18.38,3.77,53.82,0.0,1.94,60.31,-15.77948,-70.91799,4470
Crucero_Alto,2024-10-03,7.18,12.24,4.45,75.78,0.0,3.45,60.37,-15.77948,-70.91799,4470
Crucero_Alto,2024-10-04,7.42,15.97,2.14,64.17,0.0,3.22,60.48,-15.77948,-70.91799,4470
Crucero_Alto,2024-10-05,8.64,16.71,2.75,61.88,0.0,3.83,60.47,-15.77948,-70.91799,4470
Crucero_Alto,2024-10-06,8.52,17.0,2.21,58.12,0.0,3.64,60.39,-15.77948,-70.91799,4470
Crucero_Alto,2024-10-07,8.28,18.59,0.14,58.72,0.01,2.21,60.26,-15.77948,-70.91799,4470
Crucero_Alto,2024-10-08,6.52,15.69,0.57,64.98,4.26,2.84,60.25,-15.77948,-70.91799,4470
Crucero_Alto,2024-10-09,5.9,17.34,-2.77,44.34,0.0,3.21,60.31,-15.77948,-70.91799,4470
Crucero_Alto,2024-10-10,4.38,16.11,-5.73,28.26,0.0,3.68,60.29,-15.77948,-70.91799,4470
Crucero_Alto,2024-10-11,5.56,17.98,-5.93,20.38,0.0,1.73,60.26,-15.77948,-70.91799,4470
Crucero_Alto,2024-10-12,6.95,15.66,-0.34,42.57,0.0,2.05,60.36,-15.77948,-70.91799,4470
Crucero_Alto,2024-10-13,7.62,15.42,-0.48,59.19,0.0,2.91,60.49,-15.77948,-70.91799,4470
Crucero_Alto,2024-10-14,5.93,11.87,1.28,70.24,0.05,2.27,60.55,-15.77948,-70.91799,4470
Crucero_Alto,2024-10-15,9.03,18.72,1.29,50.99,0.08,1.98,60.43,-15.77948,-70.91799,4470
Crucero_Alto,2024-10-16,8.48,17.24,1.35,43.66,0.44,1.37,60.32,-15.77948,-70.91799,4470
Crucero_Alto,2024-10-17,7.5,19.55,-2.32,32.58,0.01,2.43,60.3,-15.77948,-70.91799,4470
Crucero_Alto,2024-10-18,6.89,19.12,-3.23,24.47,0.0,2.23,60.27,-15.77948,-70.91799,4470
Crucero_Alto,2024-10-19,7.75,18.84,-2.7,25.92,0.0,1.43,60.18,-15.77948,-70.91799,4470
Crucero_Alto,2024-10-20,8.81,20.64,-0.84,34.96,0.0,1.82,60.07,-15.77948,-70.91799,4470
Crucero_Alto,2024-10-21,7.2,17.91,-1.23,52.51,0.0,1.81,60.11,-15.77948,-70.91799,4470
Crucero_Alto,2024-10-22,8.59,17.82,3.82,61.15,0.0,2.32,60.25,-15.77948,-70.91799,4470
Crucero_Alto,2024-10-23,9.08,19.36,1.31,46.16,0.0,2.36,60.27,-15.77948,-70.91799,4470
Crucero_Alto,2024-10-24,9.29,20.84,-2.39,43.59,0.0,1.84,60.19,-15.77948,-70.91799,4470
Crucero_Alto,2024-10-25,9.27,17.66,3.44,53.44,1.09,2.25,60.22,-15.77948,-70.91799,4470
Crucero_Alto,2024-10-26,7.98,15.93,2.71,63.87,4.92,1.75,60.28,-15.77948,-70.91799,4470
Crucero_Alto,2024-10-27,9.4,18.99,0.26,41.93,0.03,1.14,60.3,-15.77948,-70.91799,4470
Crucero_Alto,2024-10-28,10.09,17.39,3.96,58.98,0.0,2.77,60.31,-15.77948,-70.91799,4470
Crucero_Alto,2024-10-29,8.42,15.72,4.53,67.01,5.79,1.99,60.34,-15.77948,-70.91799,4470
Crucero_Alto,2024-10-30,8.64,16.57,2.24,57.07,2.67,2.21,60.31,-15.77948,-70.91799,4470
Crucero_Alto,2024-10-31,8.88,20.43,0.44,46.4,0.21,3.1,60.18,-15.77948,-70.91799,4470
Crucero_Alto,2024-11-01,6.3,17.9,-4.41,27.45,0.0,2.94,60.12,-15.77948,-70.91799,4470
Crucero_Alto,2024-11-02,8.25,19.91,-3.31,25.88,0.0,2.07,60.15,-15.77948,-70.91799,4470
Crucero_Alto,2024-11-03,9.43,18.89,1.94,47.56,0.0,1.9,60.18,-15.77948,-70.91799,4470
Crucero_Alto,2024-11-04,8.07,16.43,-1.34,43.94,0.0,1.67,60.22,-15.77948,-70.91799,4470
Crucero_Alto,2024-11-05,10.49,19.37,3.54,54.86,0.0,1.43,60.19,-15.77948,-70.91799,4470
Crucero_Alto,2024-11-06,8.73,19.52,0.45,43.2,0.0,3.06,60.19,-15.77948,-70.91799,4470
Crucero_Alto,2024-11-07,8.25,20.04,-2.56,32.93,0.0,2.28,60.17,-15.77948,-70.91799,4470
Crucero_Alto,2024-11-08,9.65,20.27,-0.92,43.02,0.0,2.33,60.15,-15.77948,-70.91799,4470
Crucero_Alto,2024-11-09,9.86,18.22,2.29,56.17,0.0,3.37,60.23,-15.77948,-70.91799,4470
Crucero_Alto,2024-11-10,10.64,18.75,4.87,53.93,0.0,2.35,60.24,-15.77948,-70.91799,4470
Crucero_Alto,2024-11-11,8.71,16.83,2.8,60.66,0.06,2.06,60.22,-15.77948,-70.91799,4470
Crucero_Alto,2024-11-12,7.5,14.03,2.77,67.36,0.29,1.79,60.17,-15.77948,-70.91799,4470
Crucero_Alto,2024-11-13,9.09,17.37,3.59,64.38,1.04,1.81,60.07,-15.77948,-70.91799,4470
Crucero_Alto,2024-11-14,9.39,17.45,4.33,61.85,0.44,1.8,60.06,-15.77948,-70.91799,4470
Crucero_Alto,2024-11-15,8.08,17.05,2.57,63.57,1.93,2.04,60.05,-15.77948,-70.91799,4470
Crucero_Alto,2024-11-16,8.25,17.85,0.93,49.41,2.41,2.4,60.12,-15.77948,-70.91799,4470
Crucero_Alto,2024-11-17,7.39,15.78,0.35,50.79,2.09,1.44,60.17,-15.77948,-70.91799,4470
Crucero_Alto,2024-11-18,8.38,16.04,2.48,51.27,0.23,1.68,60.14,-15.77948,-70.91799,4470
Crucero_Alto,2024-11-19,9.79,20.0,1.98,42.63,1.16,1.82,60.14,-15.77948,-70.91799,4470
Crucero_Alto,2024-11-20,9.3,20.39,1.0,48.91,0.48,1.96,60.22,-15.77948,-70.91799,4470
Crucero_Alto,2024-11-21,6.97,12.44,1.66,69.96,14.54,2.85,60.26,-15.77948,-70.91799,4470
Crucero_Alto,2024-11-22,8.36,15.85,3.92,72.39,13.18,2.82,60.24,-15.77948,-70.91799,4470
Crucero_Alto,2024-11-23,8.91,16.38,3.27,69.8,8.41,2.51,60.24,-15.77948,-70.91799,4470
Crucero_Alto,2024-11-24,9.97,17.48,4.44,67.08,2.04,3.51,60.24,-15.77948,-70.91799,4470
Crucero_Alto,2024-11-25,11.71,20.27,4.22,55.81,0.35,2.41,60.29,-15.77948,-70.91799,4470
Crucero_Alto,2024-11-26,11.53,18.69,5.82,57.21,0.21,1.83,60.24,-15.77948,-70.91799,4470
Crucero_Alto,2024-11-27,8.19,14.77,2.56,69.25,0.65,1.65,60.22,-15.77948,-70.91799,4470
Crucero_Alto,2024-11-28,9.3,16.31,2.49,63.14,0.27,2.21,60.19,-15.77948,-70.91799,4470
Crucero_Alto,2024-11-29,10.44,18.19,4.56,63.17,0.04,3.27,60.21,-15.77948,-70.91799,4470
Crucero_Alto,2024-11-30,10.75,19.31,3.24,56.37,0.24,2.73,60.25,-15.77948,-70.91799,4470
Crucero_Alto,2024-12-01,7.99,14.57,2.69,65.41,0.1,2.88,60.26,-15.77948,-70.91799,4470
Crucero_Alto,2024-12-02,8.54,18.87,1.06,65.83,0.09,2.26,60.15,-15.77948,-70.91799,4470
Crucero_Alto,2024-12-03,5.9,10.31,1.64,62.29,0.33,2.69,60.2,-15.77948,-70.91799,4470
Crucero_Alto,2024-12-04,7.65,17.66,-0.12,58.62,0.0,2.33,60.2,-15.77948,-70.91799,4470
Crucero_Alto,2024-12-05,8.38,16.81,1.84,60.11,0.0,1.83,60.15,-15.77948,-70.91799,4470
Crucero_Alto,2024-12-06,9.23,18.81,-0.54,46.62,0.0,1.48,60.08,-15.77948,-70.91799,4470
Crucero_Alto,2024-12-07,9.5,17.05,3.17,54.96,0.0,1.61,60.1,-15.77948,-70.91799,4470
Crucero_Alto,2024-12-08,9.26,17.94,2.18,62.1,1.29,2.31,60.16,-15.77948,-70.91799,4470
Crucero_Alto,2024-12-09,9.51,18.35,1.93,59.08,0.36,2.44,60.21,-15.77948,-70.91799,4470
Crucero_Alto,2024-12-10,10.15,17.37,5.05,60.81,0.0,4.22,60.27,-15.77948,-70.91799,4470
Crucero_Alto,2024-12-11,10.03,18.87,1.65,57.79,0.0,3.47,60.27,-15.77948,-70.91799,4470
Crucero_Alto,2024-12-12,10.33,18.15,3.08,58.21,0.0,2.09,60.19,-15.77948,-70.91799,4470
Crucero_Alto,2024-12-13,10.63,20.12,5.0,56.81,1.07,2.27,60.13,-15.77948,-70.91799,4470
Crucero_Alto,2024-12-14,10.18,19.37,2.83,47.97,0.41,1.79,60.12,-15.77948,-70.91799,4470
Crucero_Alto,2024-12-15,8.66,17.84,2.91,62.97,0.0,2.41,60.16,-15.77948,-70.91799,4470
Crucero_Alto,2024-12-16,8.93,16.78,1.74,58.39,0.0,2.93,60.26,-15.77948,-70.91799,4470
Crucero_Alto,2024-12-17,9.53,16.59,4.27,60.68,0.06,3.14,60.28,-15.77948,-70.91799,4470
Crucero_Alto,2024-12-18,7.5,16.06,2.1,68.87,0.0,2.39,60.23,-15.77948,-70.91799,4470
Crucero_Alto,2024-12-19,7.23,16.39,1.41,64.41,0.06,2.8,60.22,-15.77948,-70.91799,4470
Crucero_Alto,2024-12-20,9.12,19.91,-0.34,52.11,0.2,3.29,60.19,-15.77948,-70.91799,4470
Crucero_Alto,2024-12-21,9.41,19.93,2.13,52.16,7.48,2.05,60.25,-15.77948,-70.91799,4470
Crucero_Alto,2024-12-22,9.12,18.47,1.49,56.0,2.35,1.68,60.3,-15.77948,-70.91799,4470
Crucero_Alto,2024-12-23,10.4,20.89,2.28,55.8,0.0,2.92,60.32,-15.77948,-70.91799,4470
Crucero_Alto,2024-12-24,9.2,21.24,-2.21,45.45,0.0,2.69,60.23,-15.77948,-70.91799,4470
Crucero_Alto,2024-12-25,9.67,20.39,0.41,44.54,0.0,1.29,60.15,-15.77948,-70.91799,4470
Crucero_Alto,2024-12-26,8.82,19.49,0.31,47.7,0.0,3.34,60.17,-15.77948,-70.91799,4470
Crucero_Alto,2024-12-27,8.69,19.62,-1.51,53.51,0.82,1.98,60.21,-15.77948,-70.91799,4470
Crucero_Alto,2024-12-28,9.18,18.33,0.38,49.91,0.58,1.31,60.29,-15.77948,-70.91799,4470
Crucero_Alto,2024-12-29,9.12,16.2,4.74,64.91,1.18,2.28,60.23,-15.77948,-70.91799,4470
Crucero_Alto,2024-12-30,8.21,14.9,4.42,67.33,0.23,1.92,60.16,-15.77948,-70.91799,4470
Crucero_Alto,2024-12-31,10.02,18.56,2.97,55.33,0.0,1.76,60.14,-15.77948,-70.91799,4470
