station,date,tmean,tmax,tmin,rh,precip,wind,pressure,latitude,longitude,elevation
Desaguadero,2000-01-01,6.72,10.27,2.51,82.61,5.95,1.72,63.04,-16.56556,-69.04167,3808
Desaguadero,2000-01-02,9.13,15.27,4.53,70.96,1.07,2.93,63.03,-16.56556,-69.04167,3808
Desaguadero,2000-01-03,9.6,17.45,2.7,61.66,0.58,2.5,63.0,-16.56556,-69.04167,3808
Desaguadero,2000-01-04,9.12,16.5,4.02,66.49,0.67,1.74,62.93,-16.56556,-69.04167,3808
Desaguadero,2000-01-05,9.06,15.6,4.88,68.74,1.01,2.74,62.97,-16.56556,-69.04167,3808
Desaguadero,2000-01-06,8.18,15.47,2.59,67.72,0.32,4.04,63.07,-16.56556,-69.04167,3808
Desaguadero,2000-01-07,8.55,16.44,1.29,64.59,3.63,3.06,63.04,-16.56556,-69.04167,3808
Desaguadero,2000-01-08,9.2,15.79,3.68,67.79,10.13,2.79,63.03,-16.56556,-69.04167,3808
Desaguadero,2000-01-09,8.91,15.48,4.17,70.13,3.82,4.07,63.06,-16.56556,-69.04167,3808
Desaguadero,2000-01-10,8.43,15.93,1.83,71.17,7.36,3.07,63.06,-16.56556,-69.04167,3808
Desaguadero,2000-01-11,9.25,17.08,3.15,68.47,0.8,3.4,63.03,-16.56556,-69.04167,3808
Desaguadero,2000-01-12,9.65,17.28,3.1,69.27,0.25,3.15,63.0,-16.56556,-69.04167,3808
Desaguadero,2000-01-13,9.15,15.96,3.69,70.97,8.49,2.98,63.03,-16.56556,-69.04167,3808
Desaguadero,2000-01-14,9.81,16.29,4.25,69.81,1.58,2.44,62.97,-16.56556,-69.04167,3808
Desaguadero,2000-01-15,7.8,14.0,2.94,77.3,11.61,2.12,62.89,-16.56556,-69.04167,3808
Desaguadero,2000-01-16,6.1,12.06,1.68,81.62,3.32,3.16,62.89,-16.56556,-69.04167,3808
Desaguadero,2000-01-17,8.61,15.52,3.42,73.75,1.59,4.03,63.01,-16.56556,-69.04167,3808
Desaguadero,2000-01-18,8.91,15.9,2.8,72.47,2.81,4.25,63.3,-16.56556,-69.04167,3808
Desaguadero,2000-01-19,7.96,14.12,3.16,72.59,1.93,4.39,63.31,-16.56556,-69.04167,3808
Desaguadero,2000-01-20,8.06,13.52,3.41,72.09,3.45,2.97,63.2,-16.56556,-69.04167,3808
Desaguadero,2000-01-21,9.36,14.74,4.43,75.42,3.3,1.92,63.05,-16.56556,-69.04167,3808
Desaguadero,2000-01-22,8.05,13.66,2.82,78.96,0.43,2.97,63.08,-16.56556,-69.04167,3808
Desaguadero,2000-01-23,8.86,14.56,4.11,72.86,0.14,3.69,63.12,-16.56556,-69.04167,3808
Desaguadero,2000-01-24,9.6,16.74,3.89,69.98,8.59,2.85,63.09,-16.56556,-69.04167,3808
Desaguadero,2000-01-25,9.28,15.55,4.63,74.48,6.7,2.52,63.09,-16.56556,-69.04167,3808
Desaguadero,2000-01-26,8.25,14.75,4.14,73.48,3.47,2.96,63.16,-16.56556,-69.04167,3808
Desaguadero,2000-01-27,8.93,15.99,3.17,74.32,15.46,2.98,63.17,-16.56556,-69.04167,3808
Desaguadero,2000-01-28,8.43,16.35,3.77,76.22,7.97,2.0,63.08,-16.56556,-69.04167,3808
Desaguadero,2000-01-29,9.37,16.44,4.67,75.27,5.0,2.99,62.99,-16.56556,-69.04167,3808
Desaguadero,2000-01-30,7.08,11.72,3.0,79.78,2.67,2.14,63.11,-16.56556,-69.04167,3808
Desaguadero,2000-01-31,7.87,14.31,2.25,79.27,3.67,3.89,63.28,-16.56556,-69.04167,3808
Desaguadero,2000-02-01,9.05,15.43,3.21,76.25,7.81,3.57,63.32,-16.56556,-69.04167,3808
Desaguadero,2000-02-02,9.81,16.39,4.16,74.47,1.42,2.67,63.16,-16.56556,-69.04167,3808
Desaguadero,2000-02-03,6.82,12.65,2.78,78.74,5.71,2.77,63.07,-16.56556,-69.04167,3808
Desaguadero,2000-02-04,7.89,15.35,2.46,73.42,3.52,1.91,63.03,-16.56556,-69.04167,3808
Desaguadero,2000-02-05,9.23,16.93,2.42,67.69,0.87,1.52,63.13,-16.56556,-69.04167,3808
Desaguadero,2000-02-06,9.54,15.91,3.9,70.8,0.84,2.89,63.21,-16.56556,-69.04167,3808
Desaguadero,2000-02-07,9.4,15.44,4.75,76.99,8.32,3.28,63.25,-16.56556,-69.04167,3808
Desaguadero,2000-02-08,9.88,16.69,4.17,74.41,2.6,2.29,63.18,-16.56556,-69.04167,3808
Desaguadero,2000-02-09,7.42,12.46,3.67,81.28,3.43,1.37,63.11,-16.56556,-69.04167,3808
Desaguadero,2000-02-10,8.53,15.89,2.1,73.77,2.29,2.31,63.07,-16.56556,-69.04167,3808
Desaguadero,2000-02-11,10.49,17.31,5.38,66.72,0.76,1.96,63.05,-16.56556,-69.04167,3808
Desaguadero,2000-02-12,8.75,13.48,5.06,73.05,1.24,1.9,63.05,-16.56556,-69.04167,3808
Desaguadero,2000-02-13,8.88,14.93,3.94,70.58,0.27,3.01,63.07,-16.56556,-69.04167,3808
Desaguadero,2000-02-14,8.88,15.99,3.87,70.64,0.52,3.97,63.2,-16.56556,-69.04167,3808
Desaguadero,2000-02-15,8.12,15.91,2.53,72.64,0.58,3.37,63.24,-16.56556,-69.04167,3808
Desaguadero,2000-02-16,7.67,13.73,3.8,77.48,40.71,3.35,63.25,-16.56556,-69.04167,3808
Desaguadero,2000-02-17,7.31,14.12,2.79,78.04,16.63,3.5,63.21,-16.56556,-69.04167,3808
Desaguadero,2000-02-18,7.73,14.97,2.1,75.14,0.26,3.07,63.16,-16.56556,-69.04167,3808
Desaguadero,2000-02-19,8.13,15.11,2.16,74.22,0.19,3.05,63.2,-16.56556,-69.04167,3808
Desaguadero,2000-02-20,8.1,14.18,3.52,77.65,11.84,3.26,63.22,-16.56556,-69.04167,3808
Desaguadero,2000-02-21,8.32,15.05,3.41,75.43,3.13,3.41,63.17,-16.56556,-69.04167,3808
Desaguadero,2000-02-22,8.04,14.83,3.03,77.69,10.96,2.67,63.13,-16.56556,-69.04167,3808
Desaguadero,2000-02-23,8.43,14.95,3.45,76.84,3.68,2.77,63.1,-16.56556,-69.04167,3808
Desaguadero,2000-02-24,8.33,15.25,3.1,78.32,3.71,3.29,63.11,-16.56556,-69.04167,3808
Desaguadero,2000-02-25,8.25,14.96,3.5,78.48,5.46,3.61,63.1,-16.56556,-69.04167,3808
Desaguadero,2000-02-26,8.61,15.57,3.44,75.2,5.44,2.24,63.13,-16.56556,-69.04167,3808
Desaguadero,2000-02-27,9.72,16.51,5.21,72.95,2.21,2.07,63.09,-16.56556,-69.04167,3808
Desaguadero,2000-02-28,9.05,15.14,3.96,75.98,0.57,3.94,63.12,-16.56556,-69.04167,3808
Desaguadero,2000-02-29,8.35,13.66,4.35,78.32,2.3,3.57,63.25,-16.56556,-69.04167,3808
Desaguadero,2000-03-01,9.28,16.41,3.72,76.24,1.17,2.44,63.26,-16.56556,-69.04167,3808
Desaguadero,2000-03-02,9.41,15.68,4.76,74.96,1.03,2.8,63.2,-16.56556,-69.04167,3808
Desaguadero,2000-03-03,9.42,16.44,3.58,73.95,1.39,2.49,63.13,-16.56556,-69.04167,3808
Desaguadero,2000-03-04,8.89,13.69,5.94,79.43,0.89,2.62,63.15,-16.56556,-69.04167,3808
Desaguadero,2000-03-05,9.44,15.92,4.04,76.3,0.45,3.25,63.21,-16.56556,-69.04167,3808
Desaguadero,2000-03-06,8.47,14.21,4.55,78.93,6.91,3.11,63.26,-16.56556,-69.04167,3808
Desaguadero,2000-03-07,8.11,14.12,3.89,78.16,3.67,3.37,63.23,-16.56556,-69.04167,3808
Desaguadero,2000-03-08,8.6,15.2,3.92,77.67,6.5,2.71,63.06,-16.56556,-69.04167,3808
Desaguadero,2000-03-09,8.68,14.77,3.89,79.33,9.26,3.76,63.04,-16.56556,-69.04167,3808
Desaguadero,2000-03-10,7.11,11.66,2.58,82.08,8.5,2.17,63.13,-16.56556,-69.04167,3808
Desaguadero,2000-03-11,6.83,13.01,2.02,77.68,6.05,2.12,63.11,-16.56556,-69.04167,3808
Desaguadero,2000-03-12,8.14,14.85,2.53,77.15,9.18,1.75,63.02,-16.56556,-69.04167,3808
Desaguadero,2000-03-13,9.06,18.2,1.64,63.3,3.87,2.29,62.96,-16.56556,-69.04167,3808
Desaguadero,2000-03-14,9.27,17.59,1.01,66.67,1.01,2.15,62.98,-16.56556,-69.04167,3808
Desaguadero,2000-03-15,8.32,14.57,3.08,77.11,0.61,1.93,63.03,-16.56556,-69.04167,3808
Desaguadero,2000-03-16,8.72,16.6,2.5,62.65,0.37,1.28,63.06,-16.56556,-69.04167,3808
Desaguadero,2000-03-17,8.21,14.41,2.72,74.41,0.2,2.41,63.05,-16.56556,-69.04167,3808
Desaguadero,2000-03-18,8.42,13.81,4.2,75.2,5.0,2.42,63.03,-16.56556,-69.04167,3808
Desaguadero,2000-03-19,8.29,15.28,1.7,73.56,1.5,2.35,63.0,-16.56556,-69.04167,3808
Desaguadero,2000-03-20,7.6,12.14,4.39,83.04,0.84,2.69,63.04,-16.56556,-69.04167,3808
Desaguadero,2000-03-21,8.09,15.16,2.8,75.51,1.27,2.53,63.19,-16.56556,-69.04167,3808
Desaguadero,2000-03-22,6.96,13.34,2.96,79.43,1.53,2.38,63.26,-16.56556,-69.04167,3808
Desaguadero,2000-03-23,7.72,14.92,2.29,76.2,0.89,2.52,63.12,-16.56556,-69.04167,3808
Desaguadero,2000-03-24,6.64,14.4,1.22,78.04,3.67,3.23,63.24,-16.56556,-69.04167,3808
Desaguadero,2000-03-25,6.95,14.31,0.76,74.45,0.7,2.82,63.37,-16.56556,-69.04167,3808
Desaguadero,2000-03-26,9.36,17.02,3.04,65.81,0.28,1.29,63.18,-16.56556,-69.04167,3808
Desaguadero,2000-03-27,9.34,16.84,3.66,72.53,0.23,2.34,63.1,-16.56556,-69.04167,3808
Desaguadero,2000-03-28,8.46,14.24,3.77,77.13,0.46,3.41,63.2,-16.56556,-69.04167,3808
Desaguadero,2000-03-29,7.32,13.24,3.39,79.21,0.09,1.7,63.22,-16.56556,-69.04167,3808
Desaguadero,2000-03-30,8.6,15.59,3.76,69.75,0.01,2.14,63.1,-16.56556,-69.04167,3808
Desaguadero,2000-03-31,6.68,13.81,1.44,68.16,0.0,3.24,63.12,-16.56556,-69.04167,3808
Desaguadero,2000-04-01,5.81,14.08,-1.2,72.43,0.1,3.42,63.24,-16.56556,-69.04167,3808
Desaguadero,2000-04-02,7.03,14.34,1.21,73.43,0.09,3.23,63.36,-16.56556,-69.04167,3808
Desaguadero,2000-04-03,8.04,15.66,2.39,70.42,0.0,2.77,63.32,-16.56556,-69.04167,3808
Desaguadero,2000-04-04,8.09,15.94,2.82,66.82,0.68,2.44,63.32,-16.56556,-69.04167,3808
Desaguadero,2000-04-05,7.16,15.62,1.38,64.34,0.7,2.6,63.36,-16.56556,-69.04167,3808
Desaguadero,2000-04-06,6.94,14.91,0.35,72.5,0.06,2.47,63.36,-16.56556,-69.04167,3808
Desaguadero,2000-04-07,8.88,16.94,2.97,71.49,0.06,1.94,63.2,-16.56556,-69.04167,3808
Desaguadero,2000-04-08,8.25,15.87,3.05,70.93,0.67,2.85,63.23,-16.56556,-69.04167,3808
Desaguadero,2000-04-09,7.89,15.67,2.41,71.33,0.7,2.22,63.3,-16.56556,-69.04167,3808
Desaguadero,2000-04-10,8.47,17.5,2.44,70.65,0.09,2.6,63.32,-16.56556,-69.04167,3808
Desaguadero,2000-04-11,8.43,16.9,2.41,70.76,0.1,2.22,63.35,-16.56556,-69.04167,3808
Desaguadero,2000-04-12,9.41,16.52,4.87,68.8,0.1,1.99,63.25,-16.56556,-69.04167,3808
Desaguadero,2000-04-13,7.92,13.49,3.71,75.63,0.17,1.93,63.15,-16.56556,-69.04167,3808
Desaguadero,2000-04-14,6.7,12.84,1.8,73.16,0.06,1.98,63.19,-16.56556,-69.04167,3808
Desaguadero,2000-04-15,7.51,14.41,2.2,70.45,0.81,2.75,63.26,-16.56556,-69.04167,3808
Desaguadero,2000-04-16,7.31,14.57,0.68,73.58,3.83,2.71,63.28,-16.56556,-69.04167,3808
Desaguadero,2000-04-17,7.71,16.09,0.77,59.65,0.09,1.44,63.14,-16.56556,-69.04167,3808
Desaguadero,2000-04-18,6.65,14.91,-0.34,67.72,0.4,2.14,63.14,-16.56556,-69.04167,3808
Desaguadero,2000-04-19,7.01,11.52,4.05,81.08,0.19,2.21,63.2,-16.56556,-69.04167,3808
Desaguadero,2000-04-20,8.23,14.85,3.77,74.11,0.0,1.77,63.25,-16.56556,-69.04167,3808
Desaguadero,2000-04-21,8.42,16.21,2.77,71.79,0.42,2.17,63.23,-16.56556,-69.04167,3808
Desaguadero,2000-04-22,7.84,13.52,3.39,71.89,0.76,1.95,63.22,-16.56556,-69.04167,3808
Desaguadero,2000-04-23,7.68,15.18,2.32,68.67,0.08,2.55,63.27,-16.56556,-69.04167,3808
Desaguadero,2000-04-24,8.45,15.31,3.33,70.41,1.84,2.07,63.26,-16.56556,-69.04167,3808
Desaguadero,2000-04-25,8.95,15.85,4.65,73.36,0.66,1.56,63.24,-16.56556,-69.04167,3808
Desaguadero,2000-04-26,8.18,14.23,3.99,76.58,0.04,1.86,63.27,-16.56556,-69.04167,3808
Desaguadero,2000-04-27,8.0,14.37,3.47,73.71,0.15,1.87,63.35,-16.56556,-69.04167,3808
Desaguadero,2000-04-28,8.2,14.5,3.55,73.66,0.32,1.48,63.39,-16.56556,-69.04167,3808
Desaguadero,2000-04-29,7.9,15.09,2.81,72.33,0.06,1.79,63.36,-16.56556,-69.04167,3808
Desaguadero,2000-04-30,8.78,17.3,2.62,64.72,0.0,1.3,63.21,-16.56556,-69.04167,3808
Desaguadero,2000-05-01,7.98,16.83,0.43,60.0,0.04,1.57,63.16,-16.56556,-69.04167,3808
Desaguadero,2000-05-02,8.26,15.34,3.19,74.04,0.16,2.98,63.1,-16.56556,-69.04167,3808
Desaguadero,2000-05-03,8.31,14.75,3.66,70.73,0.04,2.48,63.13,-16.56556,-69.04167,3808
Desaguadero,2000-05-04,7.39,13.66,2.1,70.45,0.06,1.76,63.21,-16.56556,-69.04167,3808
Desaguadero,2000-05-05,7.98,14.98,3.17,69.77,0.06,2.24,63.28,-16.56556,-69.04167,3808
Desaguadero,2000-05-06,7.9,15.36,3.32,69.06,0.05,2.19,63.28,-16.56556,-69.04167,3808
Desaguadero,2000-05-07,8.0,14.81,3.38,75.19,0.12,1.69,63.25,-16.56556,-69.04167,3808
Desaguadero,2000-05-08,7.42,14.27,1.69,70.54,0.05,2.88,63.3,-16.56556,-69.04167,3808
Desaguadero,2000-05-09,7.27,16.52,1.19,68.78,0.0,2.0,63.36,-16.56556,-69.04167,3808
Desaguadero,2000-05-10,5.54,13.74,0.33,59.68,0.0,2.57,63.46,-16.56556,-69.04167,3808
Desaguadero,2000-05-11,7.18,16.05,0.16,72.64,0.0,1.65,63.33,-16.56556,-69.04167,3808
Desaguadero,2000-05-12,7.0,14.53,1.88,76.6,0.0,2.5,63.25,-16.56556,-69.04167,3808
Desaguadero,2000-05-13,6.57,13.18,1.55,75.71,0.04,3.11,63.19,-16.56556,-69.04167,3808
Desaguadero,2000-05-14,7.22,12.55,3.49,80.38,7.24,4.24,63.19,-16.56556,-69.04167,3808
Desaguadero,2000-05-15,7.91,15.26,2.1,69.65,0.24,3.15,63.12,-16.56556,-69.04167,3808
Desaguadero,2000-05-16,6.9,15.15,-0.12,60.1,0.03,2.1,63.14,-16.56556,-69.04167,3808
Desaguadero,2000-05-17,6.69,12.74,2.9,77.06,0.03,2.04,63.25,-16.56556,-69.04167,3808
Desaguadero,2000-05-18,7.17,16.21,1.31,58.84,0.0,1.57,63.27,-16.56556,-69.04167,3808
Desaguadero,2000-05-19,6.15,15.47,-1.16,46.94,0.0,1.91,63.2,-16.56556,-69.04167,3808
Desaguadero,2000-05-20,4.84,14.93,-2.59,49.91,0.0,2.28,63.22,-16.56556,-69.04167,3808
Desaguadero,2000-05-21,5.65,14.79,-1.23,71.29,0.0,2.13,63.29,-16.56556,-69.04167,3808
Desaguadero,2000-05-22,5.9,15.59,-1.51,59.87,0.0,1.53,63.37,-16.56556,-69.04167,3808
Desaguadero,2000-05-23,6.15,14.67,0.34,69.75,0.0,1.96,63.42,-16.56556,-69.04167,3808
Desaguadero,2000-05-24,6.95,15.57,1.09,68.59,0.0,1.66,63.38,-16.56556,-69.04167,3808
Desaguadero,2000-05-25,6.83,16.5,-0.65,59.81,0.0,1.69,63.27,-16.56556,-69.04167,3808
Desaguadero,2000-05-26,7.29,16.08,1.29,68.54,0.0,1.88,63.29,-16.56556,-69.04167,3808
Desaguadero,2000-05-27,7.45,15.1,2.67,73.63,0.0,2.14,63.3,-16.56556,-69.04167,3808
Desaguadero,2000-05-28,6.63,14.91,1.78,69.71,0.0,1.96,63.26,-16.56556,-69.04167,3808
Desaguadero,2000-05-29,7.24,16.38,0.59,60.19,0.02,1.64,63.12,-16.56556,-69.04167,3808
Desaguadero,2000-05-30,5.97,14.33,0.21,70.83,0.53,2.42,63.16,-16.56556,-69.04167,3808
Desaguadero,2000-05-31,5.77,11.86,2.36,76.93,0.22,1.73,63.18,-16.56556,-69.04167,3808
Desaguadero,2000-06-01,4.79,11.26,0.55,79.71,3.43,3.13,63.04,-16.56556,-69.04167,3808
Desaguadero,2000-06-02,3.5,12.54,-4.63,61.77,1.15,4.05,63.07,-16.56556,-69.04167,3808
Desaguadero,2000-06-03,3.24,13.33,-5.32,49.37,0.0,2.06,63.24,-16.56556,-69.04167,3808
Desaguadero,2000-06-04,5.79,14.25,-0.69,69.45,0.0,1.99,63.3,-16.56556,-69.04167,3808
Desaguadero,2000-06-05,6.14,12.97,1.74,78.24,0.0,1.69,63.29,-16.56556,-69.04167,3808
Desaguadero,2000-06-06,4.72,9.95,1.34,76.49,1.25,1.73,63.31,-16.56556,-69.04167,3808
Desaguadero,2000-06-07,5.85,12.44,1.46,78.14,0.89,2.15,63.27,-16.56556,-69.04167,3808
Desaguadero,2000-06-08,5.22,11.68,0.85,78.88,10.13,2.13,63.25,-16.56556,-69.04167,3808
Desaguadero,2000-06-09,4.86,10.13,0.54,81.17,3.42,2.28,63.24,-16.56556,-69.04167,3808
Desaguadero,2000-06-10,4.68,10.66,0.98,80.08,0.52,1.7,63.21,-16.56556,-69.04167,3808
Desaguadero,2000-06-11,5.01,12.25,0.18,71.02,0.33,2.29,63.2,-16.56556,-69.04167,3808
Desaguadero,2000-06-12,4.48,13.8,-2.06,54.97,0.03,2.53,63.19,-16.56556,-69.04167,3808
Desaguadero,2000-06-13,3.85,13.0,-3.24,42.1,0.0,2.11,63.15,-16.56556,-69.04167,3808
Desaguadero,2000-06-14,4.24,13.29,-2.72,46.66,0.3,2.26,63.09,-16.56556,-69.04167,3808
Desaguadero,2000-06-15,4.48,13.18,-1.88,49.44,0.12,2.32,63.08,-16.56556,-69.04167,3808
Desaguadero,2000-06-16,4.82,11.28,-0.26,67.7,0.26,2.04,63.12,-16.56556,-69.04167,3808
Desaguadero,2000-06-17,4.47,11.39,-0.09,81.33,1.02,2.95,63.14,-16.56556,-69.04167,3808
Desaguadero,2000-06-18,4.64,12.59,-1.78,68.84,0.19,2.87,63.14,-16.56556,-69.04167,3808
Desaguadero,2000-06-19,2.87,12.35,-3.7,46.53,0.0,2.98,63.19,-16.56556,-69.04167,3808
Desaguadero,2000-06-20,3.57,12.67,-3.84,40.57,0.0,1.93,63.25,-16.56556,-69.04167,3808
Desaguadero,2000-06-21,4.19,12.73,-2.0,65.3,0.0,1.98,63.31,-16.56556,-69.04167,3808
Desaguadero,2000-06-22,4.79,13.64,-1.52,68.16,0.0,1.96,63.21,-16.56556,-69.04167,3808
Desaguadero,2000-06-23,5.1,14.23,-0.67,57.75,0.0,2.34,63.16,-16.56556,-69.04167,3808
Desaguadero,2000-06-24,5.08,13.74,-1.92,52.82,0.0,2.45,63.15,-16.56556,-69.04167,3808
Desaguadero,2000-06-25,6.49,13.01,2.65,75.1,0.0,2.41,63.1,-16.56556,-69.04167,3808
Desaguadero,2000-06-26,6.22,13.35,1.57,71.45,0.0,2.36,63.13,-16.56556,-69.04167,3808
Desaguadero,2000-06-27,6.46,13.1,1.4,69.82,0.0,2.12,63.16,-16.56556,-69.04167,3808
Desaguadero,2000-06-28,5.19,14.13,-1.1,52.37,0.0,2.24,63.13,-16.56556,-69.04167,3808
Desaguadero,2000-06-29,5.11,15.54,-2.66,37.89,0.0,2.55,63.14,-16.56556,-69.04167,3808
Desaguadero,2000-06-30,5.43,13.97,-0.35,49.13,0.0,2.05,63.22,-16.56556,-69.04167,3808
Desaguadero,2000-07-01,5.59,14.06,-1.32,60.7,0.0,2.01,63.17,-16.56556,-69.04167,3808
Desaguadero,2000-07-02,3.8,13.23,-3.79,46.98,0.0,1.65,63.27,-16.56556,-69.04167,3808
Desaguadero,2000-07-03,4.81,11.0,0.76,72.99,0.07,1.42,63.33,-16.56556,-69.04167,3808
Desaguadero,2000-07-04,4.18,12.12,-0.77,70.2,0.0,1.71,63.33,-16.56556,-69.04167,3808
Desaguadero,2000-07-05,3.93,12.28,-1.56,67.59,0.01,1.17,63.25,-16.56556,-69.04167,3808
Desaguadero,2000-07-06,4.75,12.93,-1.31,65.36,0.0,1.93,63.1,-16.56556,-69.04167,3808
Desaguadero,2000-07-07,4.88,13.68,-1.97,59.98,0.0,2.48,63.03,-16.56556,-69.04167,3808
Desaguadero,2000-07-08,5.44,13.57,-1.28,57.41,0.05,2.87,62.99,-16.56556,-69.04167,3808
Desaguadero,2000-07-09,4.92,13.11,-1.86,61.05,0.01,3.7,62.93,-16.56556,-69.04167,3808
Desaguadero,2000-07-10,2.63,13.1,-4.53,44.37,0.01,3.92,63.04,-16.56556,-69.04167,3808
Desaguadero,2000-07-11,2.67,11.93,-5.03,46.31,0.04,2.62,63.18,-16.56556,-69.04167,3808
Desaguadero,2000-07-12,3.82,12.05,-2.37,54.31,0.03,2.29,63.26,-16.56556,-69.04167,3808
Desaguadero,2000-07-13,3.9,12.99,-2.49,33.46,0.01,1.85,63.28,-16.56556,-69.04167,3808
Desaguadero,2000-07-14,3.38,12.67,-3.06,41.01,0.0,1.88,63.24,-16.56556,-69.04167,3808
Desaguadero,2000-07-15,3.27,13.15,-3.73,42.82,0.0,1.99,63.25,-16.56556,-69.04167,3808
Desaguadero,2000-07-16,3.82,13.52,-2.75,49.55,0.01,1.96,63.16,-16.56556,-69.04167,3808
Desaguadero,2000-07-17,3.17,13.16,-3.75,43.24,0.0,2.42,63.08,-16.56556,-69.04167,3808
Desaguadero,2000-07-18,3.07,12.37,-3.88,54.09,0.08,2.49,63.07,-16.56556,-69.04167,3808
Desaguadero,2000-07-19,1.91,7.43,-2.03,80.06,0.06,2.0,63.14,-16.56556,-69.04167,3808
Desaguadero,2000-07-20,3.81,12.75,-2.13,67.46,0.01,2.68,62.98,-16.56556,-69.04167,3808
Desaguadero,2000-07-21,3.01,11.84,-3.96,66.99,0.0,3.63,62.84,-16.56556,-69.04167,3808
Desaguadero,2000-07-22,2.85,12.27,-3.68,49.32,0.45,4.39,63.01,-16.56556,-69.04167,3808
Desaguadero,2000-07-23,3.13,11.34,-2.98,52.42,0.62,2.76,63.17,-16.56556,-69.04167,3808
Desaguadero,2000-07-24,3.15,10.89,-4.93,44.12,0.01,1.42,63.23,-16.56556,-69.04167,3808
Desaguadero,2000-07-25,2.18,13.09,-5.36,43.69,0.0,3.18,63.31,-16.56556,-69.04167,3808
Desaguadero,2000-07-26,3.2,12.36,-3.83,55.17,0.0,1.73,63.32,-16.56556,-69.04167,3808
Desaguadero,2000-07-27,4.8,13.39,-0.86,55.97,0.0,1.58,63.27,-16.56556,-69.04167,3808
Desaguadero,2000-07-28,4.53,12.95,-0.85,57.26,0.0,1.91,63.29,-16.56556,-69.04167,3808
Desaguadero,2000-07-29,4.22,13.13,-1.91,50.47,0.0,1.62,63.18,-16.56556,-69.04167,3808
Desaguadero,2000-07-30,4.18,13.06,-1.66,66.68,0.0,2.51,63.1,-16.56556,-69.04167,3808
Desaguadero,2000-07-31,3.62,13.46,-3.23,49.08,0.0,2.4,63.1,-16.56556,-69.04167,3808
Desaguadero,2000-08-01,3.67,13.53,-3.38,37.48,0.0,2.46,63.11,-16.56556,-69.04167,3808
Desaguadero,2000-08-02,4.85,13.29,-1.24,52.46,0.01,2.07,63.18,-16.56556,-69.04167,3808
Desaguadero,2000-08-03,5.59,12.14,1.42,76.69,0.04,2.89,63.3,-16.56556,-69.04167,3808
Desaguadero,2000-08-04,5.6,12.63,0.76,74.98,0.04,1.86,63.3,-16.56556,-69.04167,3808
Desaguadero,2000-08-05,6.75,15.58,-0.55,53.68,0.0,1.75,63.19,-16.56556,-69.04167,3808
Desaguadero,2000-08-06,6.04,13.38,0.51,73.9,0.0,2.08,63.22,-16.56556,-69.04167,3808
Desaguadero,2000-08-07,7.01,14.54,2.39,68.99,0.49,2.38,63.22,-16.56556,-69.04167,3808
Desaguadero,2000-08-08,6.86,13.76,0.8,65.64,0.06,1.84,63.2,-16.56556,-69.04167,3808
Desaguadero,2000-08-09,5.73,14.59,-2.42,47.74,0.0,1.72,63.29,-16.56556,-69.04167,3808
Desaguadero,2000-08-10,5.33,10.59,0.58,79.15,0.5,3.79,63.37,-16.56556,-69.04167,3808
Desaguadero,2000-08-11,4.12,8.84,1.24,82.38,0.22,3.79,63.39,-16.56556,-69.04167,3808
Desaguadero,2000-08-12,6.49,14.59,1.47,71.71,0.33,2.09,63.27,-16.56556,-69.04167,3808
Desaguadero,2000-08-13,5.38,12.37,1.14,76.0,5.51,2.31,63.22,-16.56556,-69.04167,3808
Desaguadero,2000-08-14,5.91,13.31,-0.39,66.02,0.6,2.3,63.28,-16.56556,-69.04167,3808
Desaguadero,2000-08-15,5.66,11.21,1.68,77.67,3.83,2.57,63.33,-16.56556,-69.04167,3808
Desaguadero,2000-08-16,5.77,13.59,0.62,64.65,0.81,1.82,63.28,-16.56556,-69.04167,3808
Desaguadero,2000-08-17,5.72,14.51,-1.54,53.89,0.0,2.13,63.28,-16.56556,-69.04167,3808
Desaguadero,2000-08-18,6.34,12.73,2.23,76.28,0.0,3.15,63.37,-16.56556,-69.04167,3808
Desaguadero,2000-08-19,5.54,10.47,2.24,75.76,0.0,2.48,63.38,-16.56556,-69.04167,3808
Desaguadero,2000-08-20,4.97,10.56,1.48,75.3,0.94,2.29,63.34,-16.56556,-69.04167,3808
Desaguadero,2000-08-21,3.97,9.24,0.76,80.56,1.39,2.19,63.27,-16.56556,-69.04167,3808
Desaguadero,2000-08-22,6.47,14.42,0.7,68.34,0.21,2.21,63.23,-16.56556,-69.04167,3808
Desaguadero,2000-08-23,7.13,13.82,2.23,70.27,0.0,2.36,63.18,-16.56556,-69.04167,3808
Desaguadero,2000-08-24,7.54,14.42,2.9,71.15,0.0,2.73,63.15,-16.56556,-69.04167,3808
Desaguadero,2000-08-25,7.49,14.5,2.8,73.32,1.93,3.45,63.08,-16.56556,-69.04167,3808
Desaguadero,2000-08-26,7.08,14.72,0.57,63.86,0.14,3.04,63.07,-16.56556,-69.04167,3808
Desaguadero,2000-08-27,5.91,16.07,-2.64,45.83,0.01,3.56,63.1,-16.56556,-69.04167,3808
Desaguadero,2000-08-28,5.93,16.81,-4.2,39.17,0.03,2.71,63.08,-16.56556,-69.04167,3808
Desaguadero,2000-08-29,7.63,17.48,-0.16,41.36,0.09,2.47,63.03,-16.56556,-69.04167,3808
Desaguadero,2000-08-30,7.85,15.54,2.27,63.69,0.02,2.46,63.1,-16.56556,-69.04167,3808
Desaguadero,2000-08-31,7.09,14.0,3.3,71.07,0.21,2.8,63.21,-16.56556,-69.04167,3808
Desaguadero,2000-09-01,7.19,14.98,2.73,69.86,0.5,3.92,63.1,-16.56556,-69.04167,3808
Desaguadero,2000-09-02,7.13,15.57,0.79,56.83,0.21,3.69,63.03,-16.56556,-69.04167,3808
Desaguadero,2000-09-03,6.84,16.61,-0.33,53.15,0.04,3.08,63.09,-16.56556,-69.04167,3808
Desaguadero,2000-09-04,6.09,16.86,-3.16,42.53,0.0,2.82,63.1,-16.56556,-69.04167,3808
Desaguadero,2000-09-05,6.64,17.24,-1.43,39.84,0.0,2.86,63.11,-16.56556,-69.04167,3808
Desaguadero,2000-09-06,7.36,16.66,-0.34,56.34,0.0,2.59,63.1,-16.56556,-69.04167,3808
Desaguadero,2000-09-07,7.14,16.76,0.21,47.16,0.03,2.4,63.02,-16.56556,-69.04167,3808
Desaguadero,2000-09-08,6.98,16.58,-2.2,40.82,0.01,2.29,62.96,-16.56556,-69.04167,3808
Desaguadero,2000-09-09,6.27,14.47,0.31,63.14,0.0,2.57,63.03,-16.56556,-69.04167,3808
Desaguadero,2000-09-10,6.23,14.98,0.56,54.34,0.0,2.53,63.12,-16.56556,-69.04167,3808
Desaguadero,2000-09-11,7.99,16.49,0.96,45.54,0.0,2.47,63.08,-16.56556,-69.04167,3808
Desaguadero,2000-09-12,8.63,17.41,1.21,54.44,0.0,2.28,63.14,-16.56556,-69.04167,3808
Desaguadero,2000-09-13,8.75,17.59,1.21,65.17,0.0,2.57,63.23,-16.56556,-69.04167,3808
Desaguadero,2000-09-14,9.13,16.81,3.98,67.57,0.05,2.89,63.3,-16.56556,-69.04167,3808
Desaguadero,2000-09-15,7.45,13.24,3.77,75.74,0.05,3.73,63.31,-16.56556,-69.04167,3808
Desaguadero,2000-09-16,8.22,15.21,3.19,70.93,0.0,2.73,63.32,-16.56556,-69.04167,3808
Desaguadero,2000-09-17,7.13,14.91,1.06,64.94,0.0,3.58,63.33,-16.56556,-69.04167,3808
Desaguadero,2000-09-18,7.81,16.19,0.62,68.0,0.0,3.09,63.29,-16.56556,-69.04167,3808
Desaguadero,2000-09-19,8.01,15.07,3.07,64.81,0.84,4.28,63.33,-16.56556,-69.04167,3808
Desaguadero,2000-09-20,7.82,14.56,3.52,65.84,0.32,3.57,63.33,-16.56556,-69.04167,3808
Desaguadero,2000-09-21,9.1,16.65,3.36,66.77,0.41,2.73,63.26,-16.56556,-69.04167,3808
Desaguadero,2000-09-22,7.49,13.32,2.92,73.29,1.67,4.5,63.24,-16.56556,-69.04167,3808
Desaguadero,2000-09-23,8.21,17.7,0.0,46.67,0.3,2.22,63.14,-16.56556,-69.04167,3808
Desaguadero,2000-09-24,6.5,16.36,-4.2,42.38,0.34,3.2,63.17,-16.56556,-69.04167,3808
Desaguadero,2000-09-25,7.23,13.61,2.22,73.05,0.45,3.97,63.2,-16.56556,-69.04167,3808
Desaguadero,2000-09-26,7.8,17.91,1.14,57.87,0.02,2.2,63.26,-16.56556,-69.04167,3808
Desaguadero,2000-09-27,7.58,17.74,0.48,55.68,0.0,1.9,63.28,-16.56556,-69.04167,3808
Desaguadero,2000-09-28,7.3,17.11,-0.46,55.68,0.0,2.51,63.22,-16.56556,-69.04167,3808
Desaguadero,2000-09-29,7.52,16.05,0.79,62.69,0.0,2.8,63.21,-16.56556,-69.04167,3808
Desaguadero,2000-09-30,8.42,17.32,2.17,63.6,0.0,3.48,63.28,-16.56556,-69.04167,3808
Desaguadero,2000-10-01,8.65,17.71,2.27,61.4,0.0,2.76,63.38,-16.56556,-69.04167,3808
Desaguadero,2000-10-02,8.74,17.71,2.51,61.27,0.0,3.05,63.37,-16.56556,-69.04167,3808
Desaguadero,2000-10-03,9.22,18.37,1.97,62.77,0.0,2.13,63.21,-16.56556,-69.04167,3808
Desaguadero,2000-10-04,8.99,16.56,3.1,63.16,1.03,3.1,63.14,-16.56556,-69.04167,3808
Desaguadero,2000-10-05,9.47,16.91,4.66,62.33,0.53,3.02,63.17,-16.56556,-69.04167,3808
Desaguadero,2000-10-06,7.86,13.97,4.26,71.55,0.36,3.73,63.19,-16.56556,-69.04167,3808
Desaguadero,2000-10-07,8.22,15.05,3.15,67.36,0.04,3.28,63.23,-16.56556,-69.04167,3808
Desaguadero,2000-10-08,6.67,13.56,2.03,66.91,1.81,3.36,63.22,-16.56556,-69.04167,3808
Desaguadero,2000-10-09,7.0,13.59,2.8,72.73,1.68,3.54,63.21,-16.56556,-69.04167,3808
Desaguadero,2000-10-10,5.75,11.64,2.1,78.83,9.53,2.91,63.26,-16.56556,-69.04167,3808
Desaguadero,2000-10-11,6.61,11.35,2.62,74.1,8.53,3.65,63.22,-16.56556,-69.04167,3808
Desaguadero,2000-10-12,7.04,13.2,1.88,71.17,1.81,2.44,63.19,-16.56556,-69.04167,3808
Desaguadero,2000-10-13,5.99,9.72,3.6,78.61,1.09,2.76,63.27,-16.56556,-69.04167,3808
Desaguadero,2000-10-14,6.17,11.9,2.02,73.41,1.9,3.24,63.3,-16.56556,-69.04167,3808
Desaguadero,2000-10-15,4.3,9.29,1.25,80.28,1.78,3.1,63.37,-16.56556,-69.04167,3808
Desaguadero,2000-10-16,5.97,12.83,1.23,73.86,0.44,3.11,63.31,-16.56556,-69.04167,3808
Desaguadero,2000-10-17,8.51,16.77,2.04,64.69,0.11,2.7,63.3,-16.56556,-69.04167,3808
Desaguadero,2000-10-18,8.38,15.55,3.42,69.34,0.65,3.91,63.4,-16.56556,-69.04167,3808
Desaguadero,2000-10-19,9.24,17.4,3.07,64.97,0.56,3.17,63.35,-16.56556,-69.04167,3808
Desaguadero,2000-10-20,9.11,16.35,4.09,66.77,1.29,3.94,63.31,-16.56556,-69.04167,3808
Desaguadero,2000-10-21,9.08,16.26,4.27,66.29,2.17,2.8,63.2,-16.56556,-69.04167,3808
Desaguadero,2000-10-22,7.75,13.52,3.22,65.96,2.92,1.94,63.09,-16.56556,-69.04167,3808
Desaguadero,2000-10-23,10.0,18.45,2.63,51.99,0.37,2.23,63.07,-16.56556,-69.04167,3808
Desaguadero,2000-10-24,5.96,10.59,2.36,79.39,0.61,2.74,63.08,-16.56556,-69.04167,3808
Desaguadero,2000-10-25,6.33,11.95,2.29,76.82,1.89,2.16,63.07,-16.56556,-69.04167,3808
Desaguadero,2000-10-26,8.29,14.93,3.94,72.99,0.56,2.49,63.1,-16.56556,-69.04167,3808
Desaguadero,2000-10-27,8.79,15.92,2.87,70.33,0.5,3.59,63.26,-16.56556,-69.04167,3808
Desaguadero,2000-10-28,7.14,12.11,3.09,74.97,0.6,1.93,63.31,-16.56556,-69.04167,3808
Desaguadero,2000-10-29,8.16,15.1,2.47,70.46,4.42,2.42,63.21,-16.56556,-69.04167,3808
Desaguadero,2000-10-30,9.58,17.6,3.75,65.26,1.24,2.29,63.15,-16.56556,-69.04167,3808
Desaguadero,2000-10-31,11.01,19.37,4.69,56.13,0.05,1.65,63.09,-16.56556,-69.04167,3808
Desaguadero,2000-11-01,10.03,17.92,1.99,50.99,0.0,2.08,63.07,-16.56556,-69.04167,3808
Desaguadero,2000-11-02,10.29,16.83,4.36,62.3,1.18,2.81,63.05,-16.56556,-69.04167,3808
Desaguadero,2000-11-03,10.22,18.25,2.67,57.79,1.06,2.02,62.94,-16.56556,-69.04167,3808
Desaguadero,2000-11-04,8.49,18.48,-2.64,40.53,0.0,1.84,62.91,-16.56556,-69.04167,3808
Desaguadero,2000-11-05,9.43,18.3,1.35,48.27,0.0,2.19,62.84,-16.56556,-69.04167,3808
Desaguadero,2000-11-06,9.11,18.2,-0.09,41.66,2.91,2.26,62.86,-16.56556,-69.04167,3808
Desaguadero,2000-11-07,8.63,18.05,-0.64,42.92,2.33,1.68,62.92,-16.56556,-69.04167,3808
Desaguadero,2000-11-08,8.13,18.73,-2.75,35.28,0.01,2.13,62.92,-16.56556,-69.04167,3808
Desaguadero,2000-11-09,8.78,18.59,-1.93,43.11,0.02,2.09,62.9,-16.56556,-69.04167,3808
Desaguadero,2000-11-10,9.81,18.65,1.08,48.29,0.05,1.68,62.94,-16.56556,-69.04167,3808
Desaguadero,2000-11-11,9.46,18.72,1.14,41.55,0.03,2.38,62.91,-16.56556,-69.04167,3808
Desaguadero,2000-11-12,8.88,19.85,-0.25,32.43,0.27,2.75,62.86,-16.56556,-69.04167,3808
Desaguadero,2000-11-13,7.79,19.58,-3.27,29.29,0.15,2.86,62.91,-16.56556,-69.04167,3808
Desaguadero,2000-11-14,8.04,18.72,-4.26,39.15,0.1,2.48,62.94,-16.56556,-69.04167,3808
Desaguadero,2000-11-15,8.38,15.51,3.76,66.62,0.1,3.13,62.97,-16.56556,-69.04167,3808
Desaguadero,2000-11-16,9.66,18.54,2.25,58.14,0.0,2.06,63.02,-16.56556,-69.04167,3808
Desaguadero,2000-11-17,10.07,19.21,3.54,57.63,0.0,2.63,63.15,-16.56556,-69.04167,3808
Desaguadero,2000-11-18,10.64,20.44,2.79,56.76,0.0,1.96,63.14,-16.56556,-69.04167,3808
Desaguadero,2000-11-19,10.76,20.42,1.74,40.65,0.0,1.48,63.06,-16.56556,-69.04167,3808
Desaguadero,2000-11-20,10.6,20.3,1.05,47.57,0.28,1.58,63.07,-16.56556,-69.04167,3808
Desaguadero,2000-11-21,9.64,19.62,3.29,53.52,0.63,2.83,63.16,-16.56556,-69.04167,3808
Desaguadero,2000-11-22,9.53,18.41,3.23,56.36,0.07,3.74,63.21,-16.56556,-69.04167,3808
Desaguadero,2000-11-23,8.97,17.51,0.99,56.96,0.2,3.35,63.25,-16.56556,-69.04167,3808
Desaguadero,2000-11-24,10.12,17.84,4.03,63.15,1.33,2.76,63.21,-16.56556,-69.04167,3808
Desaguadero,2000-11-25,10.6,17.38,5.34,63.59,0.83,3.55,63.24,-16.56556,-69.04167,3808
Desaguadero,2000-11-26,9.33,14.09,5.31,68.65,0.22,2.39,63.18,-16.56556,-69.04167,3808
Desaguadero,2000-11-27,10.77,17.14,6.45,64.26,0.04,3.1,63.17,-16.56556,-69.04167,3808
Desaguadero,2000-11-28,10.0,15.24,6.47,69.78,0.02,3.0,63.18,-16.56556,-69.04167,3808
Desaguadero,2000-11-29,7.95,12.6,5.5,73.33,3.47,2.18,63.23,-16.56556,-69.04167,3808
Desaguadero,2000-11-30,7.47,12.27,4.54,78.06,1.32,3.29,63.22,-16.56556,-69.04167,3808
Desaguadero,2000-12-01,8.42,14.33,3.79,70.17,1.08,1.96,63.18,-16.56556,-69.04167,3808
Desaguadero,2000-12-02,10.3,20.0,1.34,47.44,0.2,1.61,63.11,-16.56556,-69.04167,3808
Desaguadero,2000-12-03,9.6,18.69,0.46,34.77,0.01,1.98,63.08,-16.56556,-69.04167,3808
Desaguadero,2000-12-04,10.17,19.73,0.23,40.66,3.13,2.62,63.04,-16.56556,-69.04167,3808
Desaguadero,2000-12-05,6.58,9.85,2.41,79.77,9.65,3.44,63.12,-16.56556,-69.04167,3808
Desaguadero,2000-12-06,6.59,14.05,1.22,72.77,1.65,2.1,63.17,-16.56556,-69.04167,3808
Desaguadero,2000-12-07,9.7,17.04,3.25,62.13,4.6,1.89,63.14,-16.56556,-69.04167,3808
Desaguadero,2000-12-08,7.59,12.87,3.37,74.94,3.08,1.4,63.24,-16.56556,-69.04167,3808
Desaguadero,2000-12-09,8.36,15.22,2.42,72.05,3.03,3.14,63.26,-16.56556,-69.04167,3808
Desaguadero,2000-12-10,8.87,14.32,4.94,74.71,10.96,2.92,63.12,-16.56556,-69.04167,3808
Desaguadero,2000-12-11,7.8,15.44,1.85,67.77,2.41,2.26,63.0,-16.56556,-69.04167,3808
Desaguadero,2000-12-12,8.22,16.16,2.12,57.01,1.01,2.08,62.96,-16.56556,-69.04167,3808
Desaguadero,2000-12-13,9.3,17.78,2.94,36.84,0.21,2.87,63.0,-16.56556,-69.04167,3808
Desaguadero,2000-12-14,9.5,20.18,-0.29,36.1,0.06,2.0,62.99,-16.56556,-69.04167,3808
Desaguadero,2000-12-15,9.9,19.74,0.54,39.1,0.76,2.33,62.94,-16.56556,-69.04167,3808
Desaguadero,2000-12-16,7.35,11.11,3.75,66.98,3.0,2.18,63.17,-16.56556,-69.04167,3808
Desaguadero,2000-12-17,10.39,19.03,3.79,60.37,0.8,2.49,63.16,-16.56556,-69.04167,3808
Desaguadero,2000-12-18,10.24,17.68,5.36,63.21,0.16,2.72,63.08,-16.56556,-69.04167,3808
Desaguadero,2000-12-19,10.37,19.35,4.45,59.25,0.0,2.64,63.05,-16.56556,-69.04167,3808
Desaguadero,2000-12-20,9.69,16.96,3.9,62.85,0.0,2.46,63.07,-16.56556,-69.04167,3808
Desaguadero,2000-12-21,9.54,17.17,3.22,61.05,0.0,3.12,63.11,-16.56556,-69.04167,3808
Desaguadero,2000-12-22,8.78,15.42,4.12,69.06,5.08,4.0,63.15,-16.56556,-69.04167,3808
Desaguadero,2000-12-23,9.7,16.85,4.01,66.66,1.22,3.01,63.18,-16.56556,-69.04167,3808
Desaguadero,2000-12-24,8.11,14.64,3.47,74.54,1.83,2.39,63.2,-16.56556,-69.04167,3808
Desaguadero,2000-12-25,9.06,15.36,3.72,69.38,1.37,2.03,63.15,-16.56556,-69.04167,3808
Desaguadero,2000-12-26,8.5,14.78,3.1,66.42,1.31,1.63,63.15,-16.56556,-69.04167,3808
Desaguadero,2000-12-27,9.31,16.36,4.38,65.28,0.42,2.96,63.12,-16.56556,-69.04167,3808
Desaguadero,2000-12-28,9.19,15.75,4.13,69.96,3.21,5.1,63.11,-16.56556,-69.04167,3808
Desaguadero,2000-12-29,8.44,13.56,4.82,76.95,8.13,3.89,63.1,-16.56556,-69.04167,3808
Desaguadero,2000-12-30,8.64,13.76,4.79,77.58,13.35,3.63,63.1,-16.56556,-69.04167,3808
Desaguadero,2000-12-31,7.43,11.69,3.88,78.09,5.25,2.45,63.21,-16.56556,-69.04167,3808
Desaguadero,2001-01-01,9.14,15.53,4.37,70.02,3.57,3.21,63.23,-16.56556,-69.04167,3808
Desaguadero,2001-01-02,9.22,16.2,2.62,70.6,3.67,3.66,63.2,-16.56556,-69.04167,3808
Desaguadero,2001-01-03,9.91,16.14,4.74,74.31,58.81,3.08,63.2,-16.56556,-69.04167,3808
Desaguadero,2001-01-04,7.38,11.93,3.73,82.3,19.77,2.79,63.21,-16.56556,-69.04167,3808
Desaguadero,2001-01-05,8.44,14.96,3.87,75.07,1.2,4.52,63.2,-16.56556,-69.04167,3808
Desaguadero,2001-01-06,8.87,15.39,4.54,77.34,2.77,2.43,63.08,-16.56556,-69.04167,3808
Desaguadero,2001-01-07,9.27,15.25,4.65,73.08,3.14,2.28,63.03,-16.56556,-69.04167,3808
Desaguadero,2001-01-08,8.97,16.53,2.06,72.82,1.91,2.62,63.0,-16.56556,-69.04167,3808
Desaguadero,2001-01-09,8.35,15.1,4.28,73.6,2.37,2.15,63.01,-16.56556,-69.04167,3808
Desaguadero,2001-01-10,7.82,13.65,4.11,76.55,3.96,1.36,63.0,-16.56556,-69.04167,3808
Desaguadero,2001-01-11,7.8,12.98,4.19,77.15,9.99,3.15,63.1,-16.56556,-69.04167,3808
Desaguadero,2001-01-12,8.29,14.98,3.82,75.73,8.58,3.07,63.08,-16.56556,-69.04167,3808
Desaguadero,2001-01-13,8.01,13.3,4.44,78.5,4.09,3.57,63.01,-16.56556,-69.04167,3808
Desaguadero,2001-01-14,4.8,9.26,2.04,85.84,1.78,3.38,63.13,-16.56556,-69.04167,3808
Desaguadero,2001-01-15,6.92,13.67,1.77,77.58,8.32,3.5,63.12,-16.56556,-69.04167,3808
Desaguadero,2001-01-16,7.46,14.27,2.37,76.42,8.14,3.18,63.06,-16.56556,-69.04167,3808
Desaguadero,2001-01-17,6.81,10.92,3.21,79.67,4.68,3.45,63.11,-16.56556,-69.04167,3808
Desaguadero,2001-01-18,7.04,11.79,3.07,79.73,3.78,2.41,63.15,-16.56556,-69.04167,3808
Desaguadero,2001-01-19,6.89,13.1,1.74,79.13,10.94,3.24,63.24,-16.56556,-69.04167,3808
Desaguadero,2001-01-20,7.25,12.18,3.8,79.11,10.63,3.68,63.3,-16.56556,-69.04167,3808
Desaguadero,2001-01-21,7.19,12.94,3.17,77.51,9.73,1.92,63.18,-16.56556,-69.04167,3808
Desaguadero,2001-01-22,6.18,11.72,2.07,78.94,4.61,1.56,63.15,-16.56556,-69.04167,3808
Desaguadero,2001-01-23,7.97,14.47,3.17,76.16,7.99,2.66,63.16,-16.56556,-69.04167,3808
Desaguadero,2001-01-24,7.5,13.3,2.82,77.57,3.86,3.5,63.28,-16.56556,-69.04167,3808
Desaguadero,2001-01-25,8.04,14.97,2.35,77.67,2.5,3.15,63.26,-16.56556,-69.04167,3808
Desaguadero,2001-01-26,8.16,14.82,3.92,78.68,0.88,3.27,63.15,-16.56556,-69.04167,3808
Desaguadero,2001-01-27,7.85,13.31,4.13,80.11,6.58,3.25,63.12,-16.56556,-69.04167,3808
Desaguadero,2001-01-28,8.61,15.4,2.95,78.35,8.65,2.53,63.12,-16.56556,-69.04167,3808
Desaguadero,2001-01-29,9.13,14.61,4.43,76.7,2.61,2.4,63.06,-16.56556,-69.04167,3808
Desaguadero,2001-01-30,7.92,12.81,3.66,81.11,2.6,2.62,63.04,-16.56556,-69.04167,3808
Desaguadero,2001-01-31,9.06,15.73,3.31,77.6,6.68,3.07,63.02,-16.56556,-69.04167,3808
Desaguadero,2001-02-01,9.14,14.82,4.83,77.87,6.65,3.71,62.97,-16.56556,-69.04167,3808
Desaguadero,2001-02-02,8.51,14.75,3.57,79.57,2.85,3.86,62.93,-16.56556,-69.04167,3808
Desaguadero,2001-02-03,8.44,14.0,4.33,78.51,0.98,3.19,62.97,-16.56556,-69.04167,3808
Desaguadero,2001-02-04,8.58,15.08,3.52,76.26,0.53,4.26,63.13,-16.56556,-69.04167,3808
Desaguadero,2001-02-05,8.09,14.76,2.65,75.58,0.9,3.52,63.23,-16.56556,-69.04167,3808
Desaguadero,2001-02-06,8.62,15.63,2.82,74.6,0.13,3.59,63.22,-16.56556,-69.04167,3808
Desaguadero,2001-02-07,9.24,16.96,2.74,68.95,0.0,2.92,63.19,-16.56556,-69.04167,3808
Desaguadero,2001-02-08,9.44,16.58,4.22,69.17,0.05,2.95,63.18,-16.56556,-69.04167,3808
Desaguadero,2001-02-09,9.6,16.53,4.21,70.63,1.33,2.56,63.11,-16.56556,-69.04167,3808
Desaguadero,2001-02-10,9.69,17.36,5.07,71.11,2.3,2.91,63.03,-16.56556,-69.04167,3808
Desaguadero,2001-02-11,8.77,15.27,2.65,70.52,0.41,3.53,63.13,-16.56556,-69.04167,3808
Desaguadero,2001-02-12,8.42,14.62,3.87,76.33,2.95,4.35,63.18,-16.56556,-69.04167,3808
Desaguadero,2001-02-13,8.84,15.1,3.87,74.47,1.95,3.5,63.18,-16.56556,-69.04167,3808
Desaguadero,2001-02-14,8.01,12.39,4.51,77.16,5.96,1.25,63.06,-16.56556,-69.04167,3808
Desaguadero,2001-02-15,7.76,14.25,3.21,81.59,7.32,3.05,63.05,-16.56556,-69.04167,3808
Desaguadero,2001-02-16,9.16,15.78,3.51,75.62,0.51,3.82,63.14,-16.56556,-69.04167,3808
Desaguadero,2001-02-17,8.25,14.68,4.1,79.21,4.04,4.36,63.18,-16.56556,-69.04167,3808
Desaguadero,2001-02-18,6.95,11.15,4.3,83.26,3.37,3.4,63.22,-16.56556,-69.04167,3808
Desaguadero,2001-02-19,7.91,13.71,3.31,78.28,5.32,3.01,63.24,-16.56556,-69.04167,3808
Desaguadero,2001-02-20,6.59,14.25,1.66,79.16,6.21,1.98,63.17,-16.56556,-69.04167,3808
Desaguadero,2001-02-21,7.94,15.94,2.05,72.62,0.73,1.21,63.05,-16.56556,-69.04167,3808
Desaguadero,2001-02-22,8.81,15.72,4.04,72.35,1.17,2.86,63.05,-16.56556,-69.04167,3808
Desaguadero,2001-02-23,8.95,16.07,3.42,75.52,1.55,3.28,63.06,-16.56556,-69.04167,3808
Desaguadero,2001-02-24,8.54,15.28,4.67,77.77,8.6,3.05,63.16,-16.56556,-69.04167,3808
Desaguadero,2001-02-25,8.53,14.83,3.28,77.99,4.21,3.17,63.2,-16.56556,-69.04167,3808
Desaguadero,2001-02-26,8.1,14.52,3.72,79.62,2.96,3.9,63.09,-16.56556,-69.04167,3808
Desaguadero,2001-02-27,7.45,13.1,2.8,80.48,1.7,3.09,63.12,-16.56556,-69.04167,3808
Desaguadero,2001-02-28,8.14,15.17,2.95,76.03,0.83,3.44,63.17,-16.56556,-69.04167,3808
Desaguadero,2001-03-01,8.11,15.12,2.55,73.21,0.2,3.39,63.14,-16.56556,-69.04167,3808
Desaguadero,2001-03-02,7.01,12.78,1.66,76.61,9.08,3.64,63.22,-16.56556,-69.04167,3808
Desaguadero,2001-03-03,8.08,14.01,3.96,78.46,0.94,2.9,63.27,-16.56556,-69.04167,3808
Desaguadero,2001-03-04,8.52,15.71,2.51,76.58,0.08,2.84,63.35,-16.56556,-69.04167,3808
Desaguadero,2001-03-05,7.84,13.96,4.02,78.68,2.22,1.66,63.25,-16.56556,-69.04167,3808
Desaguadero,2001-03-06,7.62,13.13,3.34,80.32,3.51,3.51,63.2,-16.56556,-69.04167,3808
Desaguadero,2001-03-07,8.74,14.83,3.7,76.92,2.44,3.17,63.28,-16.56556,-69.04167,3808
Desaguadero,2001-03-08,9.05,15.79,3.61,76.47,2.72,3.03,63.25,-16.56556,-69.04167,3808
Desaguadero,2001-03-09,8.92,15.71,2.83,76.98,1.58,3.26,63.19,-16.56556,-69.04167,3808
Desaguadero,2001-03-10,8.83,15.37,3.47,74.1,2.75,1.62,63.11,-16.56556,-69.04167,3808
Desaguadero,2001-03-11,7.36,12.31,4.13,82.37,6.06,1.55,63.19,-16.56556,-69.04167,3808
Desaguadero,2001-03-12,9.39,16.53,4.03,76.03,7.45,2.88,63.28,-16.56556,-69.04167,3808
Desaguadero,2001-03-13,8.01,15.4,3.93,78.82,0.69,1.77,63.22,-16.56556,-69.04167,3808
Desaguadero,2001-03-14,7.73,15.2,3.23,78.21,2.24,2.23,63.1,-16.56556,-69.04167,3808
Desaguadero,2001-03-15,6.83,14.09,1.71,76.16,4.87,1.81,63.1,-16.56556,-69.04167,3808
Desaguadero,2001-03-16,7.44,13.99,2.9,78.04,2.46,3.48,63.25,-16.56556,-69.04167,3808
Desaguadero,2001-03-17,7.68,14.34,2.58,79.91,1.59,3.32,63.26,-16.56556,-69.04167,3808
Desaguadero,2001-03-18,8.12,15.96,1.96,75.04,1.03,2.67,63.13,-16.56556,-69.04167,3808
Desaguadero,2001-03-19,8.54,15.88,3.36,74.55,1.15,2.68,63.09,-16.56556,-69.04167,3808
Desaguadero,2001-03-20,8.22,15.18,2.25,75.22,0.48,3.01,63.18,-16.56556,-69.04167,3808
Desaguadero,2001-03-21,8.44,15.02,3.17,77.47,4.32,3.6,63.15,-16.56556,-69.04167,3808
Desaguadero,2001-03-22,8.23,15.23,3.3,73.1,1.8,1.81,63.06,-16.56556,-69.04167,3808
Desaguadero,2001-03-23,8.49,17.37,0.29,64.42,0.36,1.69,63.0,-16.56556,-69.04167,3808
Desaguadero,2001-03-24,8.23,13.56,4.68,79.27,1.55,2.68,63.08,-16.56556,-69.04167,3808
Desaguadero,2001-03-25,8.28,14.05,3.85,77.22,0.66,3.7,63.19,-16.56556,-69.04167,3808
Desaguadero,2001-03-26,8.78,14.47,4.64,75.78,0.37,2.16,63.21,-16.56556,-69.04167,3808
Desaguadero,2001-03-27,8.5,14.29,4.36,77.51,1.04,2.41,63.22,-16.56556,-69.04167,3808
Desaguadero,2001-03-28,8.69,14.86,4.39,77.07,2.91,2.5,63.23,-16.56556,-69.04167,3808
Desaguadero,2001-03-29,8.31,14.7,4.02,78.08,0.58,3.45,63.28,-16.56556,-69.04167,3808
Desaguadero,2001-03-30,8.85,15.63,4.15,72.65,0.0,2.98,63.33,-16.56556,-69.04167,3808
Desaguadero,2001-03-31,9.07,16.97,2.1,71.71,0.0,2.12,63.25,-16.56556,-69.04167,3808
Desaguadero,2001-04-01,9.39,16.43,4.66,70.55,0.0,2.28,63.26,-16.56556,-69.04167,3808
Desaguadero,2001-04-02,8.17,16.28,1.74,68.19,0.03,2.61,63.35,-16.56556,-69.04167,3808
Desaguadero,2001-04-03,8.07,15.28,3.12,73.59,0.4,2.72,63.33,-16.56556,-69.04167,3808
Desaguadero,2001-04-04,8.16,15.46,2.62,71.92,0.03,2.21,63.23,-16.56556,-69.04167,3808
Desaguadero,2001-04-05,7.8,15.07,2.53,69.88,2.98,2.88,63.18,-16.56556,-69.04167,3808
Desaguadero,2001-04-06,6.36,14.14,0.29,71.07,1.92,3.51,63.31,-16.56556,-69.04167,3808
Desaguadero,2001-04-07,6.33,12.44,2.77,80.78,5.03,2.99,63.43,-16.56556,-69.04167,3808
Desaguadero,2001-04-08,7.64,14.94,2.14,76.27,1.24,2.6,63.39,-16.56556,-69.04167,3808
Desaguadero,2001-04-09,7.66,15.09,1.52,73.8,0.87,2.61,63.23,-16.56556,-69.04167,3808
Desaguadero,2001-04-10,7.88,14.92,2.43,75.25,0.3,3.01,63.17,-16.56556,-69.04167,3808
Desaguadero,2001-04-11,7.07,14.95,1.41,73.77,0.36,3.06,63.26,-16.56556,-69.04167,3808
Desaguadero,2001-04-12,6.49,14.33,1.33,64.69,0.1,2.87,63.42,-16.56556,-69.04167,3808
Desaguadero,2001-04-13,6.67,15.09,0.39,70.43,0.54,2.71,63.43,-16.56556,-69.04167,3808
Desaguadero,2001-04-14,8.3,17.38,1.25,65.75,0.0,1.89,63.33,-16.56556,-69.04167,3808
Desaguadero,2001-04-15,6.42,14.97,-0.06,71.78,0.0,3.23,63.43,-16.56556,-69.04167,3808
Desaguadero,2001-04-16,6.74,15.34,-0.38,69.96,0.09,2.31,63.48,-16.56556,-69.04167,3808
Desaguadero,2001-04-17,8.13,16.46,2.29,65.47,0.01,1.9,63.46,-16.56556,-69.04167,3808
Desaguadero,2001-04-18,9.04,17.07,3.28,65.41,0.0,1.2,63.33,-16.56556,-69.04167,3808
Desaguadero,2001-04-19,8.81,16.84,1.93,67.66,0.12,1.78,63.27,-16.56556,-69.04167,3808
Desaguadero,2001-04-20,9.06,15.5,4.54,69.85,0.04,1.43,63.24,-16.56556,-69.04167,3808
Desaguadero,2001-04-21,8.53,16.62,1.46,58.58,0.0,1.59,63.21,-16.56556,-69.04167,3808
Desaguadero,2001-04-22,7.68,15.56,0.68,60.02,0.01,1.88,62.98,-16.56556,-69.04167,3808
Desaguadero,2001-04-23,5.86,14.4,-3.43,55.33,0.21,3.11,62.97,-16.56556,-69.04167,3808
Desaguadero,2001-04-24,6.19,11.42,2.14,77.79,0.41,4.55,63.2,-16.56556,-69.04167,3808
Desaguadero,2001-04-25,7.13,14.45,2.44,73.46,0.02,3.57,63.3,-16.56556,-69.04167,3808
Desaguadero,2001-04-26,6.8,13.64,1.47,76.21,0.26,2.79,63.28,-16.56556,-69.04167,3808
Desaguadero,2001-04-27,7.97,14.14,3.16,71.69,0.15,2.05,63.22,-16.56556,-69.04167,3808
Desaguadero,2001-04-28,8.65,15.32,3.31,68.59,0.18,2.35,63.22,-16.56556,-69.04167,3808
Desaguadero,2001-04-29,7.5,14.05,2.57,75.46,0.3,2.99,63.32,-16.56556,-69.04167,3808
Desaguadero,2001-04-30,7.52,14.06,2.55,75.04,0.02,2.4,63.3,-16.56556,-69.04167,3808
Desaguadero,2001-05-01,8.63,16.42,3.3,71.32,0.0,1.89,63.23,-16.56556,-69.04167,3808
Desaguadero,2001-05-02,8.27,13.83,5.01,78.14,0.07,3.06,63.33,-16.56556,-69.04167,3808
Desaguadero,2001-05-03,8.32,15.06,3.7,75.59,0.16,2.19,63.43,-16.56556,-69.04167,3808
Desaguadero,2001-05-04,6.72,14.26,1.41,72.53,4.25,2.84,63.39,-16.56556,-69.04167,3808
Desaguadero,2001-05-05,7.72,15.8,0.67,69.87,1.15,1.98,63.2,-16.56556,-69.04167,3808
Desaguadero,2001-05-06,7.36,13.06,2.73,71.58,0.03,1.85,63.17,-16.56556,-69.04167,3808
Desaguadero,2001-05-07,6.26,12.43,1.06,68.86,0.0,2.0,63.23,-16.56556,-69.04167,3808
Desaguadero,2001-05-08,6.48,15.33,-0.5,55.97,0.0,2.42,63.23,-16.56556,-69.04167,3808
Desaguadero,2001-05-09,7.49,15.36,-0.63,64.91,0.05,2.43,63.16,-16.56556,-69.04167,3808
Desaguadero,2001-05-10,5.81,14.72,-1.87,51.02,0.0,2.38,63.15,-16.56556,-69.04167,3808
Desaguadero,2001-05-11,6.71,13.13,2.42,72.78,0.68,2.55,63.14,-16.56556,-69.04167,3808
Desaguadero,2001-05-12,4.93,11.94,0.61,68.83,0.42,2.55,63.17,-16.56556,-69.04167,3808
Desaguadero,2001-05-13,5.05,11.1,1.23,75.04,3.95,1.67,63.28,-16.56556,-69.04167,3808
Desaguadero,2001-05-14,4.66,11.95,0.93,77.91,2.87,1.76,63.28,-16.56556,-69.04167,3808
Desaguadero,2001-05-15,3.56,8.53,-0.93,67.07,1.33,3.2,63.24,-16.56556,-69.04167,3808
Desaguadero,2001-05-16,4.92,13.42,-1.87,55.96,0.03,2.24,63.25,-16.56556,-69.04167,3808
Desaguadero,2001-05-17,5.93,12.06,1.12,77.74,0.02,2.51,63.31,-16.56556,-69.04167,3808
Desaguadero,2001-05-18,6.55,13.19,1.59,72.73,1.1,1.76,63.33,-16.56556,-69.04167,3808
Desaguadero,2001-05-19,5.65,12.83,1.09,75.76,1.69,2.44,63.26,-16.56556,-69.04167,3808
Desaguadero,2001-05-20,5.37,13.61,-0.37,62.47,0.04,1.54,63.28,-16.56556,-69.04167,3808
Desaguadero,2001-05-21,5.97,14.87,-0.09,51.13,0.0,1.87,63.32,-16.56556,-69.04167,3808
Desaguadero,2001-05-22,5.74,15.23,-1.61,42.35,0.0,1.77,63.27,-16.56556,-69.04167,3808
Desaguadero,2001-05-23,5.89,13.09,-0.58,54.94,0.21,1.53,63.26,-16.56556,-69.04167,3808
Desaguadero,2001-05-24,5.63,13.38,-1.13,60.25,1.39,1.99,63.21,-16.56556,-69.04167,3808
Desaguadero,2001-05-25,4.32,13.17,-3.6,37.52,0.28,3.13,63.14,-16.56556,-69.04167,3808
Desaguadero,2001-05-26,4.12,14.35,-3.82,35.71,0.01,1.59,63.11,-16.56556,-69.04167,3808
Desaguadero,2001-05-27,5.27,13.77,-0.64,53.32,0.06,1.35,63.18,-16.56556,-69.04167,3808
Desaguadero,2001-05-28,6.24,14.05,1.02,71.19,0.03,1.95,63.23,-16.56556,-69.04167,3808
Desaguadero,2001-05-29,7.36,14.84,1.7,56.13,0.0,1.18,63.27,-16.56556,-69.04167,3808
Desaguadero,2001-05-30,6.47,14.24,0.65,59.3,0.0,1.33,63.33,-16.56556,-69.04167,3808
Desaguadero,2001-05-31,6.74,14.62,1.02,67.41,0.0,1.6,63.33,-16.56556,-69.04167,3808
Desaguadero,2001-06-01,6.83,13.89,2.41,77.09,0.02,2.22,63.3,-16.56556,-69.04167,3808
Desaguadero,2001-06-02,5.61,12.8,0.38,78.01,0.0,2.62,63.35,-16.56556,-69.04167,3808
Desaguadero,2001-06-03,4.53,13.06,-0.92,65.84,0.0,2.26,63.35,-16.56556,-69.04167,3808
Desaguadero,2001-06-04,4.76,12.33,-0.48,73.76,0.0,2.58,63.35,-16.56556,-69.04167,3808
Desaguadero,2001-06-05,6.42,13.42,1.12,74.84,0.0,2.07,63.3,-16.56556,-69.04167,3808
Desaguadero,2001-06-06,6.81,14.99,1.06,69.49,0.0,1.95,63.28,-16.56556,-69.04167,3808
Desaguadero,2001-06-07,6.73,12.79,3.37,79.75,0.23,2.97,63.28,-16.56556,-69.04167,3808
Desaguadero,2001-06-08,6.65,14.07,2.23,75.91,0.05,1.98,63.34,-16.56556,-69.04167,3808
Desaguadero,2001-06-09,6.92,15.15,1.96,72.36,0.0,1.7,63.4,-16.56556,-69.04167,3808
Desaguadero,2001-06-10,6.06,13.2,1.48,77.45,0.06,2.18,63.52,-16.56556,-69.04167,3808
Desaguadero,2001-06-11,6.9,14.54,2.25,68.05,0.0,1.06,63.42,-16.56556,-69.04167,3808
Desaguadero,2001-06-12,6.57,15.19,1.7,67.55,0.0,2.22,63.3,-16.56556,-69.04167,3808
Desaguadero,2001-06-13,6.68,14.95,1.38,65.26,0.02,1.56,63.26,-16.56556,-69.04167,3808
Desaguadero,2001-06-14,6.33,15.3,0.09,65.62,0.0,1.66,63.17,-16.56556,-69.04167,3808
Desaguadero,2001-06-15,6.41,15.23,-0.09,51.88,0.01,1.4,63.07,-16.56556,-69.04167,3808
Desaguadero,2001-06-16,5.89,13.31,0.86,60.72,0.57,2.93,63.06,-16.56556,-69.04167,3808
Desaguadero,2001-06-17,5.09,11.27,-0.52,69.77,0.67,4.32,63.0,-16.56556,-69.04167,3808
Desaguadero,2001-06-18,3.74,12.68,-2.99,50.14,0.03,3.57,62.99,-16.56556,-69.04167,3808
Desaguadero,2001-06-19,3.28,13.46,-3.83,35.57,0.0,3.69,63.11,-16.56556,-69.04167,3808
Desaguadero,2001-06-20,2.98,13.12,-4.55,39.92,0.0,1.91,63.26,-16.56556,-69.04167,3808
Desaguadero,2001-06-21,4.62,12.34,-0.98,51.83,0.0,2.18,63.29,-16.56556,-69.04167,3808
Desaguadero,2001-06-22,2.78,6.57,-0.76,68.91,0.67,1.8,63.38,-16.56556,-69.04167,3808
Desaguadero,2001-06-23,3.98,10.48,-0.34,63.18,0.0,2.43,63.33,-16.56556,-69.04167,3808
Desaguadero,2001-06-24,4.53,12.42,-1.44,60.69,1.07,2.81,63.26,-16.56556,-69.04167,3808
Desaguadero,2001-06-25,4.49,12.35,-1.72,66.23,0.04,2.76,63.3,-16.56556,-69.04167,3808
Desaguadero,2001-06-26,3.75,11.44,-1.2,74.86,0.0,2.44,63.4,-16.56556,-69.04167,3808
Desaguadero,2001-06-27,2.94,9.88,-1.92,77.45,2.37,2.49,63.39,-16.56556,-69.04167,3808
Desaguadero,2001-06-28,3.04,10.08,-1.57,76.26,0.03,2.65,63.28,-16.56556,-69.04167,3808
Desaguadero,2001-06-29,4.27,12.49,-1.26,64.06,0.0,2.01,63.28,-16.56556,-69.04167,3808
Desaguadero,2001-06-30,5.26,13.12,-0.1,65.12,1.35,2.43,63.26,-16.56556,-69.04167,3808
Desaguadero,2001-07-01,5.19,13.45,-1.39,56.24,0.02,1.99,63.21,-16.56556,-69.04167,3808
Desaguadero,2001-07-02,4.33,11.35,-0.37,69.52,0.0,2.2,63.28,-16.56556,-69.04167,3808
Desaguadero,2001-07-03,5.0,13.48,-1.11,66.31,0.0,2.08,63.29,-16.56556,-69.04167,3808
Desaguadero,2001-07-04,4.77,13.3,-2.07,54.85,0.0,2.0,63.26,-16.56556,-69.04167,3808
Desaguadero,2001-07-05,3.17,7.07,0.63,84.59,3.1,2.25,63.32,-16.56556,-69.04167,3808
Desaguadero,2001-07-06,2.55,6.43,-0.08,77.59,1.05,1.19,63.27,-16.56556,-69.04167,3808
Desaguadero,2001-07-07,1.58,6.04,-2.06,62.56,0.17,1.95,63.33,-16.56556,-69.04167,3808
Desaguadero,2001-07-08,3.0,11.22,-3.06,56.82,0.0,2.37,63.32,-16.56556,-69.04167,3808
Desaguadero,2001-07-09,4.68,12.79,-1.11,71.46,0.05,2.42,63.24,-16.56556,-69.04167,3808
Desaguadero,2001-07-10,4.17,9.9,-2.6,68.8,0.11,3.19,63.15,-16.56556,-69.04167,3808
Desaguadero,2001-07-11,2.96,12.08,-4.18,51.9,0.64,2.15,63.26,-16.56556,-69.04167,3808
Desaguadero,2001-07-12,5.49,12.7,0.85,72.21,0.81,1.97,63.28,-16.56556,-69.04167,3808
Desaguadero,2001-07-13,5.88,14.17,-0.54,59.88,0.01,1.29,63.26,-16.56556,-69.04167,3808
Desaguadero,2001-07-14,6.03,13.79,0.27,64.06,0.0,1.7,63.22,-16.56556,-69.04167,3808
Desaguadero,2001-07-15,5.58,13.14,0.11,60.32,0.0,1.41,63.21,-16.56556,-69.04167,3808
Desaguadero,2001-07-16,5.58,14.17,-1.33,46.51,0.0,1.53,63.2,-16.56556,-69.04167,3808
Desaguadero,2001-07-17,5.46,14.2,-1.65,48.1,0.23,1.67,63.19,-16.56556,-69.04167,3808
Desaguadero,2001-07-18,5.79,14.11,-0.92,44.57,0.41,1.2,63.22,-16.56556,-69.04167,3808
Desaguadero,2001-07-19,6.31,14.54,-0.39,46.45,0.02,1.48,63.3,-16.56556,-69.04167,3808
Desaguadero,2001-07-20,5.85,15.76,-2.05,45.69,0.0,1.74,63.3,-16.56556,-69.04167,3808
Desaguadero,2001-07-21,6.0,14.81,0.48,65.42,0.0,1.8,63.32,-16.56556,-69.04167,3808
Desaguadero,2001-07-22,4.41,11.86,-1.38,75.37,0.02,3.03,63.37,-16.56556,-69.04167,3808
Desaguadero,2001-07-23,5.45,12.39,0.05,76.95,0.02,2.31,63.3,-16.56556,-69.04167,3808
Desaguadero,2001-07-24,5.37,12.75,0.65,75.68,0.0,2.59,63.24,-16.56556,-69.04167,3808
Desaguadero,2001-07-25,5.87,12.66,1.34,73.93,0.21,2.88,63.13,-16.56556,-69.04167,3808
Desaguadero,2001-07-26,4.81,11.51,0.44,73.6,59.8,3.28,63.17,-16.56556,-69.04167,3808
Desaguadero,2001-07-27,1.51,5.41,-1.27,89.32,20.22,2.79,63.32,-16.56556,-69.04167,3808
Desaguadero,2001-07-28,1.89,8.89,-4.06,68.82,0.02,2.1,63.31,-16.56556,-69.04167,3808
Desaguadero,2001-07-29,2.34,11.2,-5.99,39.54,0.0,1.78,63.23,-16.56556,-69.04167,3808
Desaguadero,2001-07-30,4.02,13.19,-2.26,48.24,0.0,1.77,63.27,-16.56556,-69.04167,3808
Desaguadero,2001-07-31,5.02,14.65,-1.18,70.66,0.0,1.73,63.36,-16.56556,-69.04167,3808
Desaguadero,2001-08-01,4.68,13.18,-0.08,56.12,1.05,2.48,63.49,-16.56556,-69.04167,3808
Desaguadero,2001-08-02,2.56,10.51,-2.82,55.13,75.62,1.75,63.48,-16.56556,-69.04167,3808
Desaguadero,2001-08-03,2.89,11.27,-2.62,57.0,0.0,1.82,63.41,-16.56556,-69.04167,3808
Desaguadero,2001-08-04,3.91,12.73,-2.31,68.01,0.0,1.63,63.32,-16.56556,-69.04167,3808
Desaguadero,2001-08-05,4.98,13.93,-0.86,73.71,0.0,2.39,63.26,-16.56556,-69.04167,3808
Desaguadero,2001-08-06,5.25,13.58,-0.74,67.72,0.01,2.19,63.32,-16.56556,-69.04167,3808
Desaguadero,2001-08-07,4.04,9.37,-0.52,83.3,75.64,3.0,63.43,-16.56556,-69.04167,3808
Desaguadero,2001-08-08,4.23,11.08,-1.1,69.49,3.46,0.94,63.46,-16.56556,-69.04167,3808
Desaguadero,2001-08-09,4.5,12.52,-2.06,75.49,0.0,1.69,63.47,-16.56556,-69.04167,3808
Desaguadero,2001-08-10,3.87,11.66,-2.05,78.13,0.0,2.47,63.52,-16.56556,-69.04167,3808
Desaguadero,2001-08-11,3.94,12.15,-1.61,65.8,0.0,2.56,63.44,-16.56556,-69.04167,3808
Desaguadero,2001-08-12,4.67,12.83,-1.42,74.81,0.0,2.9,63.33,-16.56556,-69.04167,3808
Desaguadero,2001-08-13,4.7,12.85,-0.7,70.92,55.98,2.83,63.22,-16.56556,-69.04167,3808
Desaguadero,2001-08-14,3.21,8.3,-1.34,80.94,22.14,2.68,63.16,-16.56556,-69.04167,3808
Desaguadero,2001-08-15,3.66,9.19,0.22,75.54,0.21,2.28,63.28,-16.56556,-69.04167,3808
Desaguadero,2001-08-16,2.46,7.37,-0.93,88.41,9.99,1.99,63.31,-16.56556,-69.04167,3808
Desaguadero,2001-08-17,2.2,6.2,-0.61,88.24,4.08,2.92,63.27,-16.56556,-69.04167,3808
Desaguadero,2001-08-18,2.48,6.73,-1.28,60.75,0.55,2.54,63.23,-16.56556,-69.04167,3808
Desaguadero,2001-08-19,1.44,5.29,-1.07,56.48,1.02,1.71,63.37,-16.56556,-69.04167,3808
Desaguadero,2001-08-20,1.64,6.14,-1.2,85.79,0.89,3.46,63.45,-16.56556,-69.04167,3808
Desaguadero,2001-08-21,3.08,8.79,-1.66,79.14,0.07,2.29,63.46,-16.56556,-69.04167,3808
Desaguadero,2001-08-22,4.36,10.5,0.12,79.92,0.09,2.86,63.36,-16.56556,-69.04167,3808
Desaguadero,2001-08-23,4.85,11.13,-0.77,75.05,0.0,1.91,63.31,-16.56556,-69.04167,3808
Desaguadero,2001-08-24,3.91,10.56,-1.53,70.68,0.0,1.96,63.25,-16.56556,-69.04167,3808
Desaguadero,2001-08-25,3.85,12.7,-4.34,58.19,0.0,1.86,63.22,-16.56556,-69.04167,3808
Desaguadero,2001-08-26,5.69,14.11,-0.71,62.96,0.0,1.97,63.19,-16.56556,-69.04167,3808
Desaguadero,2001-08-27,5.3,14.38,-2.48,53.46,0.0,2.14,63.32,-16.56556,-69.04167,3808
Desaguadero,2001-08-28,6.81,13.42,2.8,75.05,0.0,2.41,63.37,-16.56556,-69.04167,3808
Desaguadero,2001-08-29,6.72,14.16,1.94,72.0,0.0,2.28,63.3,-16.56556,-69.04167,3808
Desaguadero,2001-08-30,6.43,13.51,2.14,76.68,0.0,2.47,63.31,-16.56556,-69.04167,3808
Desaguadero,2001-08-31,5.44,11.62,0.91,74.08,0.16,3.43,63.35,-16.56556,-69.04167,3808
Desaguadero,2001-09-01,4.88,8.74,1.69,79.51,0.0,2.14,63.29,-16.56556,-69.04167,3808
Desaguadero,2001-09-02,5.33,11.66,0.73,77.02,0.03,2.2,63.21,-16.56556,-69.04167,3808
Desaguadero,2001-09-03,5.75,12.16,1.16,78.19,0.14,2.81,63.13,-16.56556,-69.04167,3808
Desaguadero,2001-09-04,4.81,9.39,0.32,81.76,0.38,2.39,63.26,-16.56556,-69.04167,3808
Desaguadero,2001-09-05,6.14,11.9,1.94,81.94,0.47,3.52,63.43,-16.56556,-69.04167,3808
Desaguadero,2001-09-06,6.59,13.52,0.88,78.35,0.04,2.72,63.42,-16.56556,-69.04167,3808
Desaguadero,2001-09-07,8.08,15.54,2.41,74.31,0.0,2.22,63.3,-16.56556,-69.04167,3808
Desaguadero,2001-09-08,8.29,15.83,3.24,74.27,0.0,2.81,63.24,-16.56556,-69.04167,3808
Desaguadero,2001-09-09,7.95,14.47,4.18,77.89,0.07,3.6,63.33,-16.56556,-69.04167,3808
Desaguadero,2001-09-10,7.86,13.56,3.94,75.84,0.3,4.12,63.39,-16.56556,-69.04167,3808
Desaguadero,2001-09-11,7.06,12.45,3.15,76.95,0.13,4.81,63.34,-16.56556,-69.04167,3808
Desaguadero,2001-09-12,7.01,13.16,3.25,77.78,0.01,3.68,63.17,-16.56556,-69.04167,3808
Desaguadero,2001-09-13,7.6,13.44,2.98,75.98,0.22,2.97,63.16,-16.56556,-69.04167,3808
Desaguadero,2001-09-14,7.16,12.91,2.62,75.06,0.83,2.47,63.23,-16.56556,-69.04167,3808
Desaguadero,2001-09-15,7.8,15.83,2.31,61.87,0.63,1.57,63.18,-16.56556,-69.04167,3808
Desaguadero,2001-09-16,5.4,12.67,0.15,69.62,0.51,2.66,63.28,-16.56556,-69.04167,3808
Desaguadero,2001-09-17,6.81,15.91,-0.4,52.87,0.0,1.61,63.2,-16.56556,-69.04167,3808
Desaguadero,2001-09-18,5.55,15.34,-2.19,51.33,0.0,2.68,63.16,-16.56556,-69.04167,3808
Desaguadero,2001-09-19,6.71,14.46,0.11,75.29,0.02,3.26,63.14,-16.56556,-69.04167,3808
Desaguadero,2001-09-20,7.44,14.11,2.73,73.57,2.09,3.33,63.14,-16.56556,-69.04167,3808
Desaguadero,2001-09-21,6.9,13.83,0.94,68.02,0.42,2.22,63.18,-16.56556,-69.04167,3808
Desaguadero,2001-09-22,6.46,11.47,3.31,77.01,1.49,2.52,63.2,-16.56556,-69.04167,3808
Desaguadero,2001-09-23,7.87,14.04,3.07,68.65,0.03,1.58,63.17,-16.56556,-69.04167,3808
Desaguadero,2001-09-24,7.84,15.81,1.25,54.22,1.55,1.62,63.14,-16.56556,-69.04167,3808
Desaguadero,2001-09-25,7.95,15.7,1.08,56.46,0.02,1.68,63.13,-16.56556,-69.04167,3808
Desaguadero,2001-09-26,8.37,15.99,1.68,56.67,0.11,2.36,63.13,-16.56556,-69.04167,3808
Desaguadero,2001-09-27,8.51,15.91,2.26,57.79,0.07,2.87,63.1,-16.56556,-69.04167,3808
Desaguadero,2001-09-28,6.37,11.36,2.36,81.61,0.13,3.09,63.19,-16.56556,-69.04167,3808
Desaguadero,2001-09-29,8.08,16.28,1.91,66.01,0.0,2.48,63.27,-16.56556,-69.04167,3808
Desaguadero,2001-09-30,9.35,16.29,4.32,68.66,0.32,2.12,63.3,-16.56556,-69.04167,3808
Desaguadero,2001-10-01,9.05,17.62,0.47,58.49,0.46,2.31,63.27,-16.56556,-69.04167,3808
Desaguadero,2001-10-02,9.4,15.38,5.69,73.31,0.05,3.14,63.29,-16.56556,-69.04167,3808
Desaguadero,2001-10-03,8.5,13.3,5.05,77.19,1.54,3.14,63.37,-16.56556,-69.04167,3808
Desaguadero,2001-10-04,7.58,13.28,2.65,74.53,1.03,2.79,63.39,-16.56556,-69.04167,3808
Desaguadero,2001-10-05,7.01,12.65,2.31,79.19,4.65,3.38,63.33,-16.56556,-69.04167,3808
Desaguadero,2001-10-06,5.52,12.62,1.79,79.37,13.68,2.74,63.31,-16.56556,-69.04167,3808
Desaguadero,2001-10-07,7.4,15.77,0.88,51.59,0.17,1.86,63.19,-16.56556,-69.04167,3808
Desaguadero,2001-10-08,7.36,15.44,-0.53,53.9,0.0,2.74,63.16,-16.56556,-69.04167,3808
Desaguadero,2001-10-09,7.46,13.7,2.85,71.6,0.0,3.58,63.15,-16.56556,-69.04167,3808
Desaguadero,2001-10-10,7.96,15.73,1.71,65.42,0.0,2.48,63.11,-16.56556,-69.04167,3808
Desaguadero,2001-10-11,6.27,10.85,3.17,72.88,3.72,2.1,63.25,-16.56556,-69.04167,3808
Desaguadero,2001-10-12,6.85,13.06,0.56,72.65,2.74,3.32,63.28,-16.56556,-69.04167,3808
Desaguadero,2001-10-13,7.11,11.86,3.29,74.92,1.03,2.87,63.29,-16.56556,-69.04167,3808
Desaguadero,2001-10-14,7.98,14.63,2.85,70.83,0.22,2.32,63.21,-16.56556,-69.04167,3808
Desaguadero,2001-10-15,8.02,13.52,4.4,74.88,0.5,2.31,63.13,-16.56556,-69.04167,3808
Desaguadero,2001-10-16,8.88,14.01,5.34,73.82,31.35,2.01,63.12,-16.56556,-69.04167,3808
Desaguadero,2001-10-17,6.71,12.64,2.54,77.73,8.48,2.09,63.11,-16.56556,-69.04167,3808
Desaguadero,2001-10-18,9.08,16.76,3.37,64.46,0.05,1.42,63.04,-16.56556,-69.04167,3808
Desaguadero,2001-10-19,9.62,15.97,4.53,69.3,0.0,2.44,63.03,-16.56556,-69.04167,3808
Desaguadero,2001-10-20,8.85,18.17,-0.67,42.72,0.0,1.36,63.09,-16.56556,-69.04167,3808
Desaguadero,2001-10-21,9.14,17.98,0.32,44.24,0.3,2.3,63.17,-16.56556,-69.04167,3808
Desaguadero,2001-10-22,8.35,14.55,4.56,77.77,0.46,3.19,63.18,-16.56556,-69.04167,3808
Desaguadero,2001-10-23,8.92,16.5,3.62,68.42,0.01,3.41,63.22,-16.56556,-69.04167,3808
Desaguadero,2001-10-24,8.27,15.36,3.34,69.27,0.0,3.83,63.35,-16.56556,-69.04167,3808
Desaguadero,2001-10-25,7.93,15.32,2.66,67.97,0.0,3.57,63.46,-16.56556,-69.04167,3808
Desaguadero,2001-10-26,8.0,15.53,2.93,67.45,0.0,3.15,63.36,-16.56556,-69.04167,3808
Desaguadero,2001-10-27,8.95,16.87,2.37,68.84,0.67,2.66,63.2,-16.56556,-69.04167,3808
Desaguadero,2001-10-28,9.11,17.13,2.37,65.13,2.24,1.69,63.2,-16.56556,-69.04167,3808
Desaguadero,2001-10-29,10.13,17.98,3.04,64.24,0.73,2.01,63.2,-16.56556,-69.04167,3808
Desaguadero,2001-10-30,9.44,15.09,5.39,73.74,0.95,3.62,63.19,-16.56556,-69.04167,3808
Desaguadero,2001-10-31,8.64,15.4,5.02,75.23,2.03,3.95,63.22,-16.56556,-69.04167,3808
Desaguadero,2001-11-01,8.24,14.63,4.32,74.08,4.73,3.82,63.15,-16.56556,-69.04167,3808
Desaguadero,2001-11-02,8.6,16.15,1.89,67.51,5.12,1.42,63.02,-16.56556,-69.04167,3808
Desaguadero,2001-11-03,8.54,16.54,0.67,55.46,0.29,1.91,62.98,-16.56556,-69.04167,3808
Desaguadero,2001-11-04,9.0,17.22,1.7,60.79,0.02,2.35,63.01,-16.56556,-69.04167,3808
Desaguadero,2001-11-05,9.12,16.29,3.47,66.89,0.0,2.62,63.06,-16.56556,-69.04167,3808
Desaguadero,2001-11-06,9.28,16.7,3.9,68.27,0.29,2.37,63.14,-16.56556,-69.04167,3808
Desaguadero,2001-11-07,9.96,16.12,5.36,72.07,0.03,2.44,63.25,-16.56556,-69.04167,3808
Desaguadero,2001-11-08,9.15,14.26,5.28,73.44,0.49,3.28,63.3,-16.56556,-69.04167,3808
Desaguadero,2001-11-09,9.38,14.8,4.79,73.59,0.52,3.07,63.28,-16.56556,-69.04167,3808
Desaguadero,2001-11-10,10.02,16.1,5.6,69.13,0.0,1.65,63.21,-16.56556,-69.04167,3808
Desaguadero,2001-11-11,10.88,16.59,6.41,73.8,0.32,3.04,63.15,-16.56556,-69.04167,3808
Desaguadero,2001-11-12,9.69,15.17,5.83,70.71,0.03,1.88,63.21,-16.56556,-69.04167,3808
Desaguadero,2001-11-13,10.89,18.72,2.6,57.07,0.0,1.27,63.13,-16.56556,-69.04167,3808
Desaguadero,2001-11-14,9.11,18.98,-1.18,40.29,0.0,1.94,62.99,-16.56556,-69.04167,3808
Desaguadero,2001-11-15,9.59,17.99,0.66,51.76,0.0,1.97,63.02,-16.56556,-69.04167,3808
Desaguadero,2001-11-16,9.35,16.57,2.78,64.26,1.39,1.76,63.15,-16.56556,-69.04167,3808
Desaguadero,2001-11-17,9.25,14.68,5.65,71.51,0.34,2.25,63.22,-16.56556,-69.04167,3808
Desaguadero,2001-11-18,10.18,15.89,6.32,68.07,0.0,1.51,63.2,-16.56556,-69.04167,3808
Desaguadero,2001-11-19,11.04,17.59,6.55,66.14,0.1,2.35,63.23,-16.56556,-69.04167,3808
Desaguadero,2001-11-20,11.17,17.46,6.99,67.71,0.01,2.41,63.21,-16.56556,-69.04167,3808
Desaguadero,2001-11-21,10.59,17.03,5.57,65.88,0.23,2.72,63.21,-16.56556,-69.04167,3808
Desaguadero,2001-11-22,10.08,18.07,4.28,63.01,0.62,3.3,63.27,-16.56556,-69.04167,3808
Desaguadero,2001-11-23,11.31,19.7,4.36,62.63,0.1,2.6,63.09,-16.56556,-69.04167,3808
Desaguadero,2001-11-24,11.12,17.51,6.88,68.48,0.67,2.84,63.03,-16.56556,-69.04167,3808
Desaguadero,2001-11-25,9.65,17.17,3.75,64.6,0.91,3.53,63.15,-16.56556,-69.04167,3808
Desaguadero,2001-11-26,10.36,16.92,5.98,68.68,2.03,3.36,63.1,-16.56556,-69.04167,3808
Desaguadero,2001-11-27,8.94,14.67,4.26,73.64,1.45,2.5,63.12,-16.56556,-69.04167,3808
Desaguadero,2001-11-28,9.56,14.96,5.44,70.3,0.61,2.55,63.12,-16.56556,-69.04167,3808
Desaguadero,2001-11-29,11.23,18.98,5.26,65.25,0.39,2.78,63.02,-16.56556,-69.04167,3808
Desaguadero,2001-11-30,8.29,13.51,4.52,75.33,4.63,2.45,62.98,-16.56556,-69.04167,3808
Desaguadero,2001-12-01,9.33,17.36,2.77,66.65,0.07,2.0,62.93,-16.56556,-69.04167,3808
Desaguadero,2001-12-02,8.7,15.85,2.95,68.63,2.99,2.93,62.89,-16.56556,-69.04167,3808
Desaguadero,2001-12-03,9.01,18.77,2.11,52.12,0.24,1.91,62.95,-16.56556,-69.04167,3808
Desaguadero,2001-12-04,8.2,17.14,-1.31,48.13,0.5,2.71,63.05,-16.56556,-69.04167,3808
Desaguadero,2001-12-05,8.75,15.14,5.31,72.33,0.29,3.17,63.08,-16.56556,-69.04167,3808
Desaguadero,2001-12-06,8.76,15.28,4.03,67.92,0.23,3.33,63.06,-16.56556,-69.04167,3808
Desaguadero,2001-12-07,8.7,15.39,3.81,67.27,2.8,2.67,62.99,-16.56556,-69.04167,3808
Desaguadero,2001-12-08,8.0,13.85,3.81,74.0,8.33,2.85,63.05,-16.56556,-69.04167,3808
Desaguadero,2001-12-09,7.77,13.86,2.91,72.9,2.66,1.65,63.09,-16.56556,-69.04167,3808
Desaguadero,2001-12-10,10.37,17.79,4.48,59.37,0.02,1.8,63.04,-16.56556,-69.04167,3808
Desaguadero,2001-12-11,10.05,16.37,5.35,67.64,0.95,1.87,63.13,-16.56556,-69.04167,3808
Desaguadero,2001-12-12,10.13,16.23,5.16,67.95,0.66,1.89,63.1,-16.56556,-69.04167,3808
Desaguadero,2001-12-13,9.62,15.23,4.65,66.17,0.07,2.59,63.0,-16.56556,-69.04167,3808
Desaguadero,2001-12-14,9.96,17.93,4.89,56.46,1.17,3.14,63.05,-16.56556,-69.04167,3808
Desaguadero,2001-12-15,8.57,14.88,3.59,67.45,1.82,4.43,63.2,-16.56556,-69.04167,3808
Desaguadero,2001-12-16,7.85,13.81,3.09,70.99,1.17,3.15,63.2,-16.56556,-69.04167,3808
Desaguadero,2001-12-17,7.21,12.46,1.64,72.45,12.14,2.45,63.13,-16.56556,-69.04167,3808
Desaguadero,2001-12-18,8.69,15.14,3.23,71.6,8.67,2.55,63.12,-16.56556,-69.04167,3808
Desaguadero,2001-12-19,9.48,17.49,3.26,70.47,3.57,1.59,63.15,-16.56556,-69.04167,3808
Desaguadero,2001-12-20,8.07,14.62,3.39,70.31,3.03,0.99,63.19,-16.56556,-69.04167,3808
Desaguadero,2001-12-21,9.59,18.32,1.52,52.61,0.29,2.0,63.12,-16.56556,-69.04167,3808
Desaguadero,2001-12-22,8.7,15.43,2.14,65.18,6.73,4.47,63.06,-16.56556,-69.04167,3808
Desaguadero,2001-12-23,5.61,11.3,1.8,83.55,3.72,3.27,63.22,-16.56556,-69.04167,3808
Desaguadero,2001-12-24,8.42,15.13,3.66,72.1,1.04,3.09,63.32,-16.56556,-69.04167,3808
Desaguadero,2001-12-25,8.89,15.74,3.3,71.82,1.36,3.4,63.27,-16.56556,-69.04167,3808
Desaguadero,2001-12-26,9.39,16.43,3.23,68.03,2.03,2.6,63.21,-16.56556,-69.04167,3808
Desaguadero,2001-12-27,9.77,16.39,4.55,68.39,0.17,1.77,63.17,-16.56556,-69.04167,3808
Desaguadero,2001-12-28,9.89,17.26,3.29,68.81,0.27,1.68,63.19,-16.56556,-69.04167,3808
Desaguadero,2001-12-29,8.61,15.31,2.09,73.75,1.43,2.08,63.26,-16.56556,-69.04167,3808
Desaguadero,2001-12-30,8.69,15.59,2.37,71.55,5.44,1.57,63.15,-16.56556,-69.04167,3808
Desaguadero,2001-12-31,10.57,19.24,1.33,50.4,0.91,1.38,63.02,-16.56556,-69.04167,3808
Desaguadero,2002-01-01,9.74,17.99,2.07,53.47,1.71,2.85,63.08,-16.56556,-69.04167,3808
Desaguadero,2002-01-02,9.95,15.44,6.4,72.0,0.9,2.46,63.18,-16.56556,-69.04167,3808
Desaguadero,2002-01-03,9.64,16.11,4.16,72.99,3.76,2.25,63.19,-16.56556,-69.04167,3808
Desaguadero,2002-01-04,9.97,18.22,2.62,60.15,5.16,1.84,63.16,-16.56556,-69.04167,3808
Desaguadero,2002-01-05,10.45,18.79,2.07,58.15,1.25,2.11,63.16,-16.56556,-69.04167,3808
Desaguadero,2002-01-06,9.63,14.59,5.84,74.5,0.92,1.81,63.15,-16.56556,-69.04167,3808
Desaguadero,2002-01-07,10.64,18.78,3.99,59.69,0.23,1.23,63.13,-16.56556,-69.04167,3808
Desaguadero,2002-01-08,9.83,17.95,1.72,58.74,0.02,2.31,63.19,-16.56556,-69.04167,3808
Desaguadero,2002-01-09,10.15,16.93,5.35,69.52,0.85,2.96,63.28,-16.56556,-69.04167,3808
Desaguadero,2002-01-10,9.19,17.64,0.48,60.73,1.01,3.36,63.24,-16.56556,-69.04167,3808
Desaguadero,2002-01-11,9.45,17.29,3.49,66.41,0.13,2.73,63.19,-16.56556,-69.04167,3808
Desaguadero,2002-01-12,10.02,18.22,3.34,62.7,0.24,2.11,63.17,-16.56556,-69.04167,3808
Desaguadero,2002-01-13,10.37,17.1,4.58,62.95,0.01,1.84,63.13,-16.56556,-69.04167,3808
Desaguadero,2002-01-14,9.72,15.6,5.67,70.17,1.13,2.53,63.19,-16.56556,-69.04167,3808
Desaguadero,2002-01-15,9.62,15.81,5.19,70.81,7.03,2.93,63.12,-16.56556,-69.04167,3808
Desaguadero,2002-01-16,6.47,10.16,2.93,71.66,7.68,1.37,63.09,-16.56556,-69.04167,3808
Desaguadero,2002-01-17,7.9,15.62,1.5,68.45,10.2,2.68,63.08,-16.56556,-69.04167,3808
Desaguadero,2002-01-18,7.28,14.06,2.86,75.02,2.87,3.98,63.13,-16.56556,-69.04167,3808
Desaguadero,2002-01-19,8.69,15.07,3.01,69.59,12.99,2.3,63.12,-16.56556,-69.04167,3808
Desaguadero,2002-01-20,7.98,15.24,2.68,73.37,2.74,2.71,63.17,-16.56556,-69.04167,3808
Desaguadero,2002-01-21,8.37,16.11,2.15,68.59,7.32,3.0,63.26,-16.56556,-69.04167,3808
Desaguadero,2002-01-22,7.9,14.15,2.94,74.33,5.23,2.56,63.32,-16.56556,-69.04167,3808
Desaguadero,2002-01-23,9.19,16.1,4.26,74.21,8.56,2.93,63.27,-16.56556,-69.04167,3808
Desaguadero,2002-01-24,9.86,17.17,3.32,74.05,6.08,2.54,63.2,-16.56556,-69.04167,3808
Desaguadero,2002-01-25,10.39,16.64,6.02,71.6,1.14,2.82,63.23,-16.56556,-69.04167,3808
Desaguadero,2002-01-26,10.56,17.6,4.83,70.36,4.36,2.93,63.18,-16.56556,-69.04167,3808
Desaguadero,2002-01-27,10.33,17.84,4.25,69.26,5.93,3.19,63.18,-16.56556,-69.04167,3808
Desaguadero,2002-01-28,10.01,17.45,3.54,72.22,19.74,2.75,63.14,-16.56556,-69.04167,3808
Desaguadero,2002-01-29,10.56,17.64,5.47,70.26,8.64,2.88,63.09,-16.56556,-69.04167,3808
Desaguadero,2002-01-30,9.75,16.52,3.8,73.54,4.26,3.19,63.16,-16.56556,-69.04167,3808
Desaguadero,2002-01-31,10.43,18.01,3.88,70.26,1.42,2.75,63.16,-16.56556,-69.04167,3808
Desaguadero,2002-02-01,10.02,16.06,4.99,73.18,8.18,3.54,63.24,-16.56556,-69.04167,3808
Desaguadero,2002-02-02,9.37,15.35,4.51,74.8,7.21,4.22,63.33,-16.56556,-69.04167,3808
Desaguadero,2002-02-03,9.51,15.79,4.66,75.43,5.41,3.17,63.26,-16.56556,-69.04167,3808
Desaguadero,2002-02-04,9.39,15.64,4.09,76.16,3.99,3.13,63.15,-16.56556,-69.04167,3808
Desaguadero,2002-02-05,10.04,16.6,4.87,74.59,4.39,3.49,63.17,-16.56556,-69.04167,3808
Desaguadero,2002-02-06,8.76,13.4,5.28,78.48,3.36,3.36,63.17,-16.56556,-69.04167,3808
Desaguadero,2002-02-07,7.46,13.13,3.04,78.83,4.35,2.45,63.11,-16.56556,-69.04167,3808
Desaguadero,2002-02-08,9.75,17.41,3.23,70.21,0.23,1.98,63.1,-16.56556,-69.04167,3808
Desaguadero,2002-02-09,10.31,16.45,6.45,71.33,1.51,1.99,63.13,-16.56556,-69.04167,3808
Desaguadero,2002-02-10,10.25,17.56,5.72,68.98,0.27,2.71,63.15,-16.56556,-69.04167,3808
Desaguadero,2002-02-11,9.75,16.55,4.8,72.7,0.32,3.46,63.15,-16.56556,-69.04167,3808
Desaguadero,2002-02-12,9.57,16.51,4.15,73.31,6.03,3.36,63.19,-16.56556,-69.04167,3808
Desaguadero,2002-02-13,8.59,15.77,3.02,73.54,2.27,4.16,63.17,-16.56556,-69.04167,3808
Desaguadero,2002-02-14,8.72,15.48,3.43,75.77,9.84,2.82,63.12,-16.56556,-69.04167,3808
Desaguadero,2002-02-15,9.05,15.76,3.35,76.55,4.19,3.05,63.18,-16.56556,-69.04167,3808
Desaguadero,2002-02-16,9.52,15.54,5.58,78.46,13.02,3.76,63.27,-16.56556,-69.04167,3808
Desaguadero,2002-02-17,9.0,15.17,4.32,78.16,8.21,3.2,63.33,-16.56556,-69.04167,3808
Desaguadero,2002-02-18,9.7,15.85,4.47,75.05,7.29,2.23,63.23,-16.56556,-69.04167,3808
Desaguadero,2002-02-19,9.49,16.18,3.47,75.73,6.53,2.61,63.13,-16.56556,-69.04167,3808
Desaguadero,2002-02-20,8.53,14.47,2.47,77.27,5.39,2.43,63.09,-16.56556,-69.04167,3808
Desaguadero,2002-02-21,9.66,15.44,4.31,77.25,3.48,2.63,63.1,-16.56556,-69.04167,3808
Desaguadero,2002-02-22,8.19,14.84,1.6,57.59,1.2,1.8,63.12,-16.56556,-69.04167,3808
Desaguadero,2002-02-23,9.06,16.19,3.11,73.78,4.81,2.59,63.2,-16.56556,-69.04167,3808
Desaguadero,2002-02-24,8.14,14.12,4.09,78.37,8.34,3.65,63.38,-16.56556,-69.04167,3808
Desaguadero,2002-02-25,9.58,16.38,3.52,76.01,1.92,2.3,63.31,-16.56556,-69.04167,3808
Desaguadero,2002-02-26,10.02,16.99,4.16,71.97,0.33,2.48,63.16,-16.56556,-69.04167,3808
Desaguadero,2002-02-27,7.61,13.4,1.75,78.43,5.29,1.77,63.12,-16.56556,-69.04167,3808
Desaguadero,2002-02-28,9.09,14.42,5.08,79.58,8.0,2.51,63.11,-16.56556,-69.04167,3808
Desaguadero,2002-03-01,9.7,16.06,5.74,75.14,11.02,3.1,63.21,-16.56556,-69.04167,3808
Desaguadero,2002-03-02,8.45,15.18,3.59,77.56,3.63,3.41,63.3,-16.56556,-69.04167,3808
Desaguadero,2002-03-03,8.99,15.7,3.34,78.01,4.5,2.31,63.28,-16.56556,-69.04167,3808
Desaguadero,2002-03-04,9.42,15.7,4.97,78.56,4.45,2.8,63.31,-16.56556,-69.04167,3808
Desaguadero,2002-03-05,9.62,16.8,4.77,74.66,0.7,3.03,63.38,-16.56556,-69.04167,3808
Desaguadero,2002-03-06,9.28,15.44,4.99,75.24,11.59,2.23,63.26,-16.56556,-69.04167,3808
Desaguadero,2002-03-07,7.24,13.37,3.18,82.22,5.1,2.51,63.15,-16.56556,-69.04167,3808
Desaguadero,2002-03-08,8.02,14.63,3.24,78.22,2.13,3.32,63.19,-16.56556,-69.04167,3808
Desaguadero,2002-03-09,8.13,15.14,1.87,75.68,4.91,2.64,63.25,-16.56556,-69.04167,3808
Desaguadero,2002-03-10,8.81,15.56,3.56,75.83,2.73,1.56,63.27,-16.56556,-69.04167,3808
Desaguadero,2002-03-11,8.89,14.36,4.79,78.1,0.78,1.78,63.22,-16.56556,-69.04167,3808
Desaguadero,2002-03-12,8.76,15.31,4.89,78.35,4.23,3.13,63.33,-16.56556,-69.04167,3808
Desaguadero,2002-03-13,8.74,15.56,3.48,76.47,4.33,2.69,63.35,-16.56556,-69.04167,3808
Desaguadero,2002-03-14,8.65,15.93,2.73,76.54,1.56,2.57,63.26,-16.56556,-69.04167,3808
Desaguadero,2002-03-15,9.33,15.97,3.91,74.68,0.77,2.59,63.23,-16.56556,-69.04167,3808
Desaguadero,2002-03-16,8.88,16.09,2.29,76.12,4.75,1.4,63.17,-16.56556,-69.04167,3808
Desaguadero,2002-03-17,8.26,14.95,2.52,77.14,6.29,2.49,63.16,-16.56556,-69.04167,3808
Desaguadero,2002-03-18,8.79,14.53,4.25,79.36,4.69,3.15,63.14,-16.56556,-69.04167,3808
Desaguadero,2002-03-19,8.9,16.48,2.49,70.64,1.48,1.73,63.1,-16.56556,-69.04167,3808
Desaguadero,2002-03-20,6.99,12.39,3.59,84.32,4.59,2.82,63.22,-16.56556,-69.04167,3808
Desaguadero,2002-03-21,8.6,15.17,4.08,77.81,1.39,2.9,63.28,-16.56556,-69.04167,3808
Desaguadero,2002-03-22,9.27,16.22,3.54,74.04,0.34,1.75,63.23,-16.56556,-69.04167,3808
Desaguadero,2002-03-23,8.98,14.7,5.06,78.23,1.02,2.47,63.24,-16.56556,-69.04167,3808
Desaguadero,2002-03-24,9.83,16.68,5.28,74.74,0.33,1.64,63.25,-16.56556,-69.04167,3808
Desaguadero,2002-03-25,10.35,16.87,5.6,73.63,0.01,1.86,63.22,-16.56556,-69.04167,3808
Desaguadero,2002-03-26,10.52,17.54,5.53,71.74,0.01,2.07,63.18,-16.56556,-69.04167,3808
Desaguadero,2002-03-27,9.76,15.78,5.28,73.68,0.12,2.64,63.2,-16.56556,-69.04167,3808
Desaguadero,2002-03-28,8.93,16.07,3.79,73.59,0.05,2.91,63.25,-16.56556,-69.04167,3808
Desaguadero,2002-03-29,9.12,16.76,3.37,71.96,0.74,2.44,63.19,-16.56556,-69.04167,3808
Desaguadero,2002-03-30,9.4,16.46,4.53,71.61,1.84,2.76,63.17,-16.56556,-69.04167,3808
Desaguadero,2002-03-31,7.91,13.39,2.82,79.56,13.57,4.38,63.27,-16.56556,-69.04167,3808
Desaguadero,2002-04-01,8.13,13.17,4.66,78.68,4.27,2.48,63.25,-16.56556,-69.04167,3808
Desaguadero,2002-04-02,8.88,16.09,3.22,72.27,0.04,2.1,63.27,-16.56556,-69.04167,3808
Desaguadero,2002-04-03,8.16,16.02,2.74,71.09,0.0,2.87,63.44,-16.56556,-69.04167,3808
Desaguadero,2002-04-04,8.19,16.75,2.61,62.5,0.76,2.36,63.46,-16.56556,-69.04167,3808
Desaguadero,2002-04-05,9.22,17.85,2.47,70.71,0.65,1.82,63.35,-16.56556,-69.04167,3808
Desaguadero,2002-04-06,10.19,17.02,5.69,71.71,0.03,1.43,63.19,-16.56556,-69.04167,3808
Desaguadero,2002-04-07,9.18,15.34,4.89,73.42,0.0,1.58,63.19,-16.56556,-69.04167,3808
Desaguadero,2002-04-08,9.45,17.42,3.97,69.85,0.27,2.14,63.23,-16.56556,-69.04167,3808
Desaguadero,2002-04-09,8.96,16.82,3.32,68.58,0.16,1.82,63.27,-16.56556,-69.04167,3808
Desaguadero,2002-04-10,9.29,15.17,5.03,70.26,0.33,1.22,63.18,-16.56556,-69.04167,3808
Desaguadero,2002-04-11,7.47,12.99,3.34,77.72,0.44,1.89,63.12,-16.56556,-69.04167,3808
Desaguadero,2002-04-12,8.18,13.95,4.56,74.4,1.0,2.18,63.16,-16.56556,-69.04167,3808
Desaguadero,2002-04-13,7.05,13.9,1.76,76.82,0.67,3.5,63.21,-16.56556,-69.04167,3808
Desaguadero,2002-04-14,7.02,13.19,2.9,79.51,0.96,4.15,63.27,-16.56556,-69.04167,3808
Desaguadero,2002-04-15,6.6,13.4,1.82,81.15,1.55,3.31,63.29,-16.56556,-69.04167,3808
Desaguadero,2002-04-16,7.89,15.39,2.58,76.13,0.43,2.24,63.28,-16.56556,-69.04167,3808
Desaguadero,2002-04-17,8.41,15.76,3.87,70.59,0.23,2.44,63.3,-16.56556,-69.04167,3808
Desaguadero,2002-04-18,6.96,13.8,1.65,76.2,1.35,2.77,63.32,-16.56556,-69.04167,3808
Desaguadero,2002-04-19,6.94,14.23,1.44,78.93,0.21,2.66,63.25,-16.56556,-69.04167,3808
Desaguadero,2002-04-20,7.6,15.1,2.64,75.68,1.16,2.8,63.21,-16.56556,-69.04167,3808
Desaguadero,2002-04-21,6.6,13.6,-0.16,74.18,1.06,3.0,63.27,-16.56556,-69.04167,3808
Desaguadero,2002-04-22,7.54,13.76,2.27,79.33,4.53,2.98,63.21,-16.56556,-69.04167,3808
Desaguadero,2002-04-23,6.28,9.55,3.74,78.83,45.9,0.78,63.2,-16.56556,-69.04167,3808
Desaguadero,2002-04-24,8.38,15.22,3.48,64.96,2.73,1.24,63.17,-16.56556,-69.04167,3808
Desaguadero,2002-04-25,7.58,14.01,2.42,70.3,3.8,1.45,63.17,-16.56556,-69.04167,3808
Desaguadero,2002-04-26,8.36,14.16,4.85,76.97,1.43,1.85,63.2,-16.56556,-69.04167,3808
Desaguadero,2002-04-27,6.96,11.21,3.95,83.1,2.92,3.52,63.24,-16.56556,-69.04167,3808
Desaguadero,2002-04-28,7.39,15.2,-0.69,72.86,0.15,2.52,63.12,-16.56556,-69.04167,3808
Desaguadero,2002-04-29,5.89,15.69,-2.42,55.41,0.0,2.02,63.18,-16.56556,-69.04167,3808
Desaguadero,2002-04-30,8.31,14.33,4.29,79.87,0.34,2.93,63.31,-16.56556,-69.04167,3808
Desaguadero,2002-05-01,8.18,13.27,4.96,82.35,0.18,2.72,63.38,-16.56556,-69.04167,3808
Desaguadero,2002-05-02,7.96,15.82,2.34,71.35,0.01,2.14,63.36,-16.56556,-69.04167,3808
Desaguadero,2002-05-03,7.31,15.26,2.0,70.22,0.01,2.4,63.26,-16.56556,-69.04167,3808
Desaguadero,2002-05-04,5.83,11.69,1.48,71.69,4.25,2.5,63.33,-16.56556,-69.04167,3808
Desaguadero,2002-05-05,6.59,13.21,1.89,75.7,0.67,2.02,63.37,-16.56556,-69.04167,3808
Desaguadero,2002-05-06,6.32,11.53,3.09,78.5,1.43,3.28,63.42,-16.56556,-69.04167,3808
Desaguadero,2002-05-07,7.2,13.89,1.97,74.88,0.06,1.66,63.39,-16.56556,-69.04167,3808
Desaguadero,2002-05-08,7.19,13.66,3.26,75.74,0.23,2.31,63.36,-16.56556,-69.04167,3808
Desaguadero,2002-05-09,6.51,12.75,1.78,78.7,0.16,2.55,63.35,-16.56556,-69.04167,3808
Desaguadero,2002-05-10,7.29,13.19,3.24,78.86,2.12,2.29,63.38,-16.56556,-69.04167,3808
Desaguadero,2002-05-11,7.03,13.36,3.12,76.37,0.1,2.52,63.43,-16.56556,-69.04167,3808
Desaguadero,2002-05-12,7.54,14.32,2.92,78.06,0.0,2.17,63.38,-16.56556,-69.04167,3808
Desaguadero,2002-05-13,6.78,12.35,3.46,82.24,0.09,2.37,63.24,-16.56556,-69.04167,3808
Desaguadero,2002-05-14,7.61,13.61,3.23,73.46,0.01,2.29,63.19,-16.56556,-69.04167,3808
Desaguadero,2002-05-15,7.55,14.06,1.87,71.41,0.0,1.77,63.3,-16.56556,-69.04167,3808
Desaguadero,2002-05-16,7.4,14.51,1.33,67.4,0.0,1.16,63.28,-16.56556,-69.04167,3808
Desaguadero,2002-05-17,6.73,14.76,1.38,60.01,0.0,1.73,63.19,-16.56556,-69.04167,3808
Desaguadero,2002-05-18,5.06,12.71,-0.69,61.34,0.0,2.21,63.13,-16.56556,-69.04167,3808
Desaguadero,2002-05-19,4.63,12.71,-2.16,67.48,0.0,2.27,63.14,-16.56556,-69.04167,3808
Desaguadero,2002-05-20,4.53,13.86,-3.03,54.21,0.01,2.31,63.2,-16.56556,-69.04167,3808
Desaguadero,2002-05-21,5.74,13.03,0.42,72.46,0.34,2.04,63.26,-16.56556,-69.04167,3808
Desaguadero,2002-05-22,6.93,14.73,1.63,67.5,0.03,1.16,63.26,-16.56556,-69.04167,3808
Desaguadero,2002-05-23,6.64,15.21,-1.23,67.06,0.0,1.67,63.33,-16.56556,-69.04167,3808
Desaguadero,2002-05-24,6.55,14.18,1.72,73.81,0.05,2.16,63.32,-16.56556,-69.04167,3808
Desaguadero,2002-05-25,6.88,14.25,1.42,76.05,0.0,1.51,63.28,-16.56556,-69.04167,3808
Desaguadero,2002-05-26,7.05,14.79,1.08,61.89,0.01,2.22,63.18,-16.56556,-69.04167,3808
Desaguadero,2002-05-27,6.8,14.49,0.72,72.06,0.48,2.06,63.09,-16.56556,-69.04167,3808
Desaguadero,2002-05-28,6.51,14.15,-0.41,68.08,0.82,1.89,63.08,-16.56556,-69.04167,3808
Desaguadero,2002-05-29,6.87,13.88,1.21,70.68,0.33,2.02,63.12,-16.56556,-69.04167,3808
Desaguadero,2002-05-30,6.07,12.69,2.19,77.63,0.39,2.21,63.22,-16.56556,-69.04167,3808
Desaguadero,2002-05-31,5.86,13.16,1.13,70.22,0.12,1.85,63.33,-16.56556,-69.04167,3808
Desaguadero,2002-06-01,7.79,14.66,3.52,70.26,0.01,1.93,63.29,-16.56556,-69.04167,3808
Desaguadero,2002-06-02,7.6,15.16,1.58,65.49,0.0,1.81,63.28,-16.56556,-69.04167,3808
Desaguadero,2002-06-03,8.05,13.75,4.12,75.99,0.0,2.09,63.26,-16.56556,-69.04167,3808
Desaguadero,2002-06-04,7.33,14.76,1.66,65.73,0.0,1.19,63.28,-16.56556,-69.04167,3808
Desaguadero,2002-06-05,7.15,15.73,0.35,59.42,0.0,1.71,63.26,-16.56556,-69.04167,3808
Desaguadero,2002-06-06,8.42,15.55,4.42,73.54,0.11,2.1,63.25,-16.56556,-69.04167,3808
Desaguadero,2002-06-07,8.35,15.9,3.55,74.97,0.0,2.1,63.29,-16.56556,-69.04167,3808
Desaguadero,2002-06-08,8.05,14.55,3.92,79.15,0.1,2.85,63.35,-16.56556,-69.04167,3808
Desaguadero,2002-06-09,8.39,15.24,4.31,74.93,0.06,2.0,63.27,-16.56556,-69.04167,3808
Desaguadero,2002-06-10,7.19,13.52,3.17,79.07,0.13,2.69,63.28,-16.56556,-69.04167,3808
Desaguadero,2002-06-11,7.66,14.25,3.05,72.03,0.16,2.16,63.28,-16.56556,-69.04167,3808
Desaguadero,2002-06-12,7.21,13.56,3.11,71.74,0.46,2.64,63.26,-16.56556,-69.04167,3808
Desaguadero,2002-06-13,6.89,13.17,2.65,72.03,0.08,2.47,63.26,-16.56556,-69.04167,3808
Desaguadero,2002-06-14,5.96,12.08,2.14,76.32,0.4,2.93,63.36,-16.56556,-69.04167,3808
Desaguadero,2002-06-15,5.43,11.52,2.06,80.89,0.09,3.02,63.37,-16.56556,-69.04167,3808
Desaguadero,2002-06-16,5.53,11.9,1.54,78.29,0.08,3.46,63.25,-16.56556,-69.04167,3808
Desaguadero,2002-06-17,5.61,13.98,0.46,60.32,0.01,2.88,63.15,-16.56556,-69.04167,3808
Desaguadero,2002-06-18,4.58,12.08,-1.45,59.13,0.02,3.37,63.24,-16.56556,-69.04167,3808
Desaguadero,2002-06-19,4.72,11.19,0.71,78.8,0.0,2.76,63.33,-16.56556,-69.04167,3808
Desaguadero,2002-06-20,4.8,12.18,0.24,74.22,0.0,1.55,63.34,-16.56556,-69.04167,3808
Desaguadero,2002-06-21,2.87,11.41,-2.8,74.24,0.0,3.04,63.44,-16.56556,-69.04167,3808
Desaguadero,2002-06-22,3.44,12.09,-2.58,74.32,0.0,2.35,63.46,-16.56556,-69.04167,3808
Desaguadero,2002-06-23,4.51,13.37,-1.79,72.78,0.0,1.49,63.38,-16.56556,-69.04167,3808
Desaguadero,2002-06-24,5.04,14.0,-0.45,71.58,0.07,1.49,63.38,-16.56556,-69.04167,3808
Desaguadero,2002-06-25,5.14,13.84,-0.1,72.11,0.01,1.86,63.37,-16.56556,-69.04167,3808
Desaguadero,2002-06-26,5.14,13.42,-0.67,73.62,0.0,2.3,63.33,-16.56556,-69.04167,3808
Desaguadero,2002-06-27,5.16,11.84,0.38,74.17,4.16,2.4,63.33,-16.56556,-69.04167,3808
Desaguadero,2002-06-28,4.59,11.33,0.29,73.81,0.78,2.6,63.34,-16.56556,-69.04167,3808
Desaguadero,2002-06-29,5.07,11.19,0.49,80.31,0.14,3.44,63.33,-16.56556,-69.04167,3808
Desaguadero,2002-06-30,4.66,8.78,1.54,83.92,0.55,5.96,63.37,-16.56556,-69.04167,3808
Desaguadero,2002-07-01,3.52,9.26,-0.98,79.86,0.06,5.36,63.41,-16.56556,-69.04167,3808
Desaguadero,2002-07-02,4.56,9.87,1.03,80.56,0.04,5.68,63.22,-16.56556,-69.04167,3808
Desaguadero,2002-07-03,2.32,5.38,0.21,87.98,0.55,4.99,63.04,-16.56556,-69.04167,3808
Desaguadero,2002-07-04,3.81,9.85,-0.45,76.75,0.11,3.91,63.1,-16.56556,-69.04167,3808
Desaguadero,2002-07-05,3.24,10.76,-5.01,66.54,0.27,4.31,63.1,-16.56556,-69.04167,3808
Desaguadero,2002-07-06,1.34,10.55,-5.48,40.57,0.0,2.51,63.17,-16.56556,-69.04167,3808
Desaguadero,2002-07-07,2.81,9.27,-2.72,68.43,0.0,2.58,63.24,-16.56556,-69.04167,3808
Desaguadero,2002-07-08,3.28,12.5,-2.81,57.63,0.0,2.94,63.17,-16.56556,-69.04167,3808
Desaguadero,2002-07-09,3.22,10.8,-2.94,59.75,0.29,2.6,63.22,-16.56556,-69.04167,3808
Desaguadero,2002-07-10,1.76,6.78,-1.15,85.74,4.26,1.93,63.24,-16.56556,-69.04167,3808
Desaguadero,2002-07-11,1.2,4.67,-1.71,77.14,1.46,1.58,63.33,-16.56556,-69.04167,3808
Desaguadero,2002-07-12,2.01,7.52,-1.69,75.95,0.01,2.33,63.35,-16.56556,-69.04167,3808
Desaguadero,2002-07-13,2.35,7.1,-0.78,83.34,2.49,1.33,63.33,-16.56556,-69.04167,3808
Desaguadero,2002-07-14,3.11,9.23,-1.53,69.9,0.04,1.66,63.32,-16.56556,-69.04167,3808
Desaguadero,2002-07-15,3.75,11.16,-1.91,56.1,0.0,1.84,63.3,-16.56556,-69.04167,3808
Desaguadero,2002-07-16,4.13,11.03,-0.68,75.15,0.9,2.04,63.32,-16.56556,-69.04167,3808
Desaguadero,2002-07-17,2.63,8.06,-0.57,82.08,0.42,2.66,63.41,-16.56556,-69.04167,3808
Desaguadero,2002-07-18,3.1,8.45,-0.1,78.98,0.5,1.95,63.37,-16.56556,-69.04167,3808
Desaguadero,2002-07-19,3.86,10.45,-1.32,64.97,0.01,1.98,63.21,-16.56556,-69.04167,3808
Desaguadero,2002-07-20,1.9,11.45,-4.49,46.51,0.0,3.52,63.15,-16.56556,-69.04167,3808
Desaguadero,2002-07-21,1.61,11.42,-4.78,40.35,0.0,4.45,63.15,-16.56556,-69.04167,3808
Desaguadero,2002-07-22,3.67,13.28,-3.79,51.79,0.05,2.2,63.19,-16.56556,-69.04167,3808
Desaguadero,2002-07-23,5.11,13.95,-1.33,72.2,0.01,2.16,63.25,-16.56556,-69.04167,3808
Desaguadero,2002-07-24,6.67,12.49,3.21,77.17,0.0,2.18,63.35,-16.56556,-69.04167,3808
Desaguadero,2002-07-25,4.25,8.05,0.75,88.35,0.22,2.64,63.43,-16.56556,-69.04167,3808
Desaguadero,2002-07-26,3.94,9.41,-0.16,80.38,0.05,1.77,63.37,-16.56556,-69.04167,3808
Desaguadero,2002-07-27,5.12,12.39,0.36,73.92,0.65,2.72,63.32,-16.56556,-69.04167,3808
Desaguadero,2002-07-28,2.1,6.6,-0.09,86.69,8.96,1.9,63.37,-16.56556,-69.04167,3808
Desaguadero,2002-07-29,4.16,10.82,-0.89,77.78,0.02,2.34,63.32,-16.56556,-69.04167,3808
Desaguadero,2002-07-30,4.72,11.39,-0.18,77.12,0.0,2.7,63.3,-16.56556,-69.04167,3808
Desaguadero,2002-07-31,5.66,12.4,0.18,72.72,0.0,2.6,63.3,-16.56556,-69.04167,3808
Desaguadero,2002-08-01,5.77,12.28,1.42,76.1,0.05,3.02,63.26,-16.56556,-69.04167,3808
Desaguadero,2002-08-02,5.16,11.37,0.76,79.57,0.02,3.18,63.31,-16.56556,-69.04167,3808
Desaguadero,2002-08-03,6.12,12.63,1.74,74.63,0.0,2.4,63.37,-16.56556,-69.04167,3808
Desaguadero,2002-08-04,6.59,14.5,-0.06,61.17,0.0,2.41,63.31,-16.56556,-69.04167,3808
Desaguadero,2002-08-05,7.13,14.85,1.75,64.46,0.0,2.22,63.22,-16.56556,-69.04167,3808
Desaguadero,2002-08-06,5.71,11.0,1.76,78.42,0.11,2.76,63.28,-16.56556,-69.04167,3808
Desaguadero,2002-08-07,5.63,10.71,1.47,77.66,0.36,2.34,63.4,-16.56556,-69.04167,3808
Desaguadero,2002-08-08,6.84,13.57,2.26,69.9,0.02,1.69,63.43,-16.56556,-69.04167,3808
Desaguadero,2002-08-09,4.74,9.5,-0.07,76.71,0.09,2.97,63.45,-16.56556,-69.04167,3808
Desaguadero,2002-08-10,5.87,14.18,-0.33,70.66,0.0,2.16,63.39,-16.56556,-69.04167,3808
Desaguadero,2002-08-11,5.44,12.9,-0.61,70.11,0.0,2.52,63.43,-16.56556,-69.04167,3808
Desaguadero,2002-08-12,4.67,13.09,-0.93,66.94,0.53,2.35,63.42,-16.56556,-69.04167,3808
Desaguadero,2002-08-13,5.83,13.18,0.24,69.86,0.15,1.96,63.33,-16.56556,-69.04167,3808
Desaguadero,2002-08-14,5.5,11.19,0.89,73.63,0.62,3.01,63.31,-16.56556,-69.04167,3808
Desaguadero,2002-08-15,5.21,11.0,1.47,77.52,0.06,2.53,63.38,-16.56556,-69.04167,3808
Desaguadero,2002-08-16,5.43,11.74,1.28,75.73,0.01,2.46,63.36,-16.56556,-69.04167,3808
Desaguadero,2002-08-17,3.3,7.21,0.44,79.94,2.21,2.05,63.31,-16.56556,-69.04167,3808
Desaguadero,2002-08-18,3.91,11.63,-1.44,59.8,0.0,2.49,63.15,-16.56556,-69.04167,3808
Desaguadero,2002-08-19,4.64,12.74,-3.22,51.64,0.0,2.21,63.12,-16.56556,-69.04167,3808
Desaguadero,2002-08-20,5.87,12.92,-0.04,59.21,0.04,2.62,63.18,-16.56556,-69.04167,3808
Desaguadero,2002-08-21,5.58,12.36,0.5,72.32,0.33,2.4,63.24,-16.56556,-69.04167,3808
Desaguadero,2002-08-22,6.02,12.72,1.46,70.62,0.48,1.87,63.28,-16.56556,-69.04167,3808
Desaguadero,2002-08-23,6.56,14.06,1.38,68.46,0.0,2.26,63.26,-16.56556,-69.04167,3808
Desaguadero,2002-08-24,5.4,10.45,1.48,77.2,0.0,2.45,63.29,-16.56556,-69.04167,3808
Desaguadero,2002-08-25,6.39,12.43,1.44,77.16,0.75,2.66,63.29,-16.56556,-69.04167,3808
Desaguadero,2002-08-26,7.31,13.19,2.74,75.27,0.73,2.01,63.27,-16.56556,-69.04167,3808
Desaguadero,2002-08-27,5.32,11.89,1.44,79.45,0.59,2.83,63.2,-16.56556,-69.04167,3808
Desaguadero,2002-08-28,5.15,14.68,-2.8,47.07,0.02,2.95,63.03,-16.56556,-69.04167,3808
Desaguadero,2002-08-29,4.61,14.0,-4.36,50.59,0.06,2.56,63.04,-16.56556,-69.04167,3808
Desaguadero,2002-08-30,5.21,12.25,0.64,74.76,0.31,2.18,63.05,-16.56556,-69.04167,3808
Desaguadero,2002-08-31,5.61,12.98,0.73,68.44,2.25,2.35,63.17,-16.56556,-69.04167,3808
Desaguadero,2002-09-01,5.65,13.5,-0.3,66.03,0.78,2.22,63.17,-16.56556,-69.04167,3808
Desaguadero,2002-09-02,6.29,14.48,-1.09,53.51,1.59,1.86,63.16,-16.56556,-69.04167,3808
Desaguadero,2002-09-03,5.96,13.73,-0.74,67.9,3.54,2.65,63.23,-16.56556,-69.04167,3808
Desaguadero,2002-09-04,6.42,13.88,0.98,70.6,0.63,2.84,63.29,-16.56556,-69.04167,3808
Desaguadero,2002-09-05,7.3,15.51,-0.04,62.45,0.0,2.69,63.24,-16.56556,-69.04167,3808
Desaguadero,2002-09-06,6.91,15.87,-2.03,50.55,0.0,2.23,63.29,-16.56556,-69.04167,3808
Desaguadero,2002-09-07,7.44,13.57,2.41,74.69,0.0,3.81,63.39,-16.56556,-69.04167,3808
Desaguadero,2002-09-08,7.86,14.57,2.6,68.48,0.0,2.42,63.35,-16.56556,-69.04167,3808
Desaguadero,2002-09-09,6.67,12.62,1.76,70.73,0.0,3.41,63.35,-16.56556,-69.04167,3808
Desaguadero,2002-09-10,5.85,12.05,1.36,70.7,6.37,2.75,63.3,-16.56556,-69.04167,3808
Desaguadero,2002-09-11,3.81,7.9,0.36,78.04,2.31,2.24,63.26,-16.56556,-69.04167,3808
Desaguadero,2002-09-12,4.71,10.46,0.58,65.71,3.18,1.38,63.2,-16.56556,-69.04167,3808
Desaguadero,2002-09-13,4.56,10.62,-0.37,60.92,0.29,3.18,63.18,-16.56556,-69.04167,3808
Desaguadero,2002-09-14,6.06,11.33,2.62,46.17,0.0,2.33,63.22,-16.56556,-69.04167,3808
Desaguadero,2002-09-15,7.25,14.72,0.4,65.71,0.09,2.71,63.18,-16.56556,-69.04167,3808
Desaguadero,2002-09-16,6.97,14.03,0.69,64.98,0.01,2.06,63.21,-16.56556,-69.04167,3808
Desaguadero,2002-09-17,6.48,12.36,1.78,73.63,12.7,2.96,63.28,-16.56556,-69.04167,3808
Desaguadero,2002-09-18,6.79,13.36,0.94,73.63,0.64,2.27,63.37,-16.56556,-69.04167,3808
Desaguadero,2002-09-19,8.26,15.9,1.34,64.47,0.01,2.01,63.31,-16.56556,-69.04167,3808
Desaguadero,2002-09-20,9.4,16.6,4.04,70.56,0.02,2.85,63.25,-16.56556,-69.04167,3808
Desaguadero,2002-09-21,8.88,16.33,3.8,67.56,0.01,2.83,63.17,-16.56556,-69.04167,3808
Desaguadero,2002-09-22,8.77,17.96,1.77,54.62,0.0,2.11,63.12,-16.56556,-69.04167,3808
Desaguadero,2002-09-23,8.08,17.22,0.04,45.25,0.44,2.25,63.15,-16.56556,-69.04167,3808
Desaguadero,2002-09-24,7.25,12.22,2.6,77.03,0.45,3.18,63.19,-16.56556,-69.04167,3808
Desaguadero,2002-09-25,8.0,16.52,2.24,65.35,0.0,2.56,63.19,-16.56556,-69.04167,3808
Desaguadero,2002-09-26,6.77,15.28,-0.34,59.14,0.0,2.73,63.23,-16.56556,-69.04167,3808
Desaguadero,2002-09-27,7.84,15.92,1.75,66.9,0.0,3.09,63.3,-16.56556,-69.04167,3808
Desaguadero,2002-09-28,8.6,16.93,2.96,67.9,0.0,3.24,63.32,-16.56556,-69.04167,3808
Desaguadero,2002-09-29,9.34,17.53,3.36,67.02,0.0,2.87,63.29,-16.56556,-69.04167,3808
Desaguadero,2002-09-30,8.13,12.33,5.2,76.19,0.95,3.2,63.29,-16.56556,-69.04167,3808
Desaguadero,2002-10-01,7.97,14.99,1.26,66.02,1.87,3.48,63.36,-16.56556,-69.04167,3808
Desaguadero,2002-10-02,8.54,15.3,2.79,66.8,0.54,2.76,63.28,-16.56556,-69.04167,3808
Desaguadero,2002-10-03,9.67,15.86,5.68,71.82,0.1,3.0,63.2,-16.56556,-69.04167,3808
Desaguadero,2002-10-04,7.3,10.95,4.1,79.67,0.38,2.89,63.23,-16.56556,-69.04167,3808
Desaguadero,2002-10-05,8.65,15.1,3.8,71.38,0.01,2.73,63.24,-16.56556,-69.04167,3808
Desaguadero,2002-10-06,8.74,15.54,3.91,70.64,0.34,2.67,63.22,-16.56556,-69.04167,3808
Desaguadero,2002-10-07,9.13,16.39,4.58,72.14,0.03,3.12,63.17,-16.56556,-69.04167,3808
Desaguadero,2002-10-08,8.99,16.05,3.71,68.31,3.51,3.34,63.22,-16.56556,-69.04167,3808
Desaguadero,2002-10-09,6.49,12.78,1.46,75.57,8.05,2.46,63.19,-16.56556,-69.04167,3808
Desaguadero,2002-10-10,8.42,15.77,2.25,63.12,2.81,1.96,63.08,-16.56556,-69.04167,3808
Desaguadero,2002-10-11,7.04,13.86,1.37,51.8,0.39,2.62,63.2,-16.56556,-69.04167,3808
Desaguadero,2002-10-12,8.08,13.51,3.35,69.2,0.06,2.39,63.34,-16.56556,-69.04167,3808
Desaguadero,2002-10-13,8.24,15.66,2.26,74.19,6.77,2.91,63.25,-16.56556,-69.04167,3808
Desaguadero,2002-10-14,7.6,15.42,-0.07,56.85,1.04,3.05,63.15,-16.56556,-69.04167,3808
Desaguadero,2002-10-15,6.99,14.66,3.19,73.53,1.77,3.09,63.16,-16.56556,-69.04167,3808
Desaguadero,2002-10-16,7.16,12.86,2.39,73.41,3.38,3.24,63.17,-16.56556,-69.04167,3808
Desaguadero,2002-10-17,8.19,16.28,2.28,67.99,1.88,3.41,63.18,-16.56556,-69.04167,3808
Desaguadero,2002-10-18,8.29,17.09,-0.19,60.48,0.14,1.82,63.12,-16.56556,-69.04167,3808
Desaguadero,2002-10-19,9.08,16.7,3.15,66.64,0.27,2.48,63.1,-16.56556,-69.04167,3808
Desaguadero,2002-10-20,9.47,16.12,4.17,68.31,0.12,2.14,63.13,-16.56556,-69.04167,3808
Desaguadero,2002-10-21,9.57,16.03,5.18,64.5,0.22,4.23,63.23,-16.56556,-69.04167,3808
Desaguadero,2002-10-22,7.28,9.89,4.68,81.62,4.05,3.06,63.35,-16.56556,-69.04167,3808
Desaguadero,2002-10-23,8.87,17.56,2.85,65.95,0.29,2.81,63.3,-16.56556,-69.04167,3808
Desaguadero,2002-10-24,9.2,17.87,1.98,65.56,2.95,3.01,63.19,-16.56556,-69.04167,3808
Desaguadero,2002-10-25,8.95,14.96,5.22,70.66,21.32,2.3,63.14,-16.56556,-69.04167,3808
Desaguadero,2002-10-26,9.62,16.04,5.11,70.67,2.3,3.04,63.16,-16.56556,-69.04167,3808
Desaguadero,2002-10-27,8.61,15.69,2.89,72.56,3.6,3.41,63.15,-16.56556,-69.04167,3808
Desaguadero,2002-10-28,8.84,15.82,2.28,72.09,3.73,3.28,63.11,-16.56556,-69.04167,3808
Desaguadero,2002-10-29,8.62,13.2,5.59,78.76,1.18,4.3,63.02,-16.56556,-69.04167,3808
Desaguadero,2002-10-30,7.61,13.01,2.96,78.0,3.41,3.55,63.04,-16.56556,-69.04167,3808
Desaguadero,2002-10-31,6.71,13.78,2.19,74.76,2.02,1.74,63.13,-16.56556,-69.04167,3808
Desaguadero,2002-11-01,8.95,16.0,4.0,67.88,0.27,1.98,63.14,-16.56556,-69.04167,3808
Desaguadero,2002-11-02,9.86,16.72,3.7,67.33,3.77,1.89,63.11,-16.56556,-69.04167,3808
Desaguadero,2002-11-03,9.08,15.35,2.57,59.57,0.08,2.04,63.12,-16.56556,-69.04167,3808
Desaguadero,2002-11-04,9.65,16.45,2.85,60.18,0.89,1.83,63.12,-16.56556,-69.04167,3808
Desaguadero,2002-11-05,9.55,18.47,3.82,56.98,0.36,2.21,63.17,-16.56556,-69.04167,3808
Desaguadero,2002-11-06,9.07,19.01,1.86,61.56,0.0,2.88,63.28,-16.56556,-69.04167,3808
Desaguadero,2002-11-07,8.68,18.31,1.52,54.37,0.0,2.56,63.33,-16.56556,-69.04167,3808
Desaguadero,2002-11-08,9.29,18.37,2.17,52.85,0.0,2.75,63.24,-16.56556,-69.04167,3808
Desaguadero,2002-11-09,10.38,18.97,2.48,59.22,0.0,2.38,63.08,-16.56556,-69.04167,3808
Desaguadero,2002-11-10,9.1,15.95,3.05,64.17,0.01,2.65,63.11,-16.56556,-69.04167,3808
Desaguadero,2002-11-11,8.48,13.42,4.81,76.06,0.16,3.23,63.11,-16.56556,-69.04167,3808
Desaguadero,2002-11-12,8.81,15.16,4.17,72.5,0.46,2.85,63.19,-16.56556,-69.04167,3808
Desaguadero,2002-11-13,9.66,16.73,3.5,68.78,0.49,2.71,63.22,-16.56556,-69.04167,3808
Desaguadero,2002-11-14,8.64,15.26,3.94,70.38,0.05,3.89,63.23,-16.56556,-69.04167,3808
Desaguadero,2002-11-15,9.12,17.31,2.52,64.08,0.21,3.63,63.23,-16.56556,-69.04167,3808
Desaguadero,2002-11-16,9.56,16.43,2.9,65.05,3.24,2.92,63.24,-16.56556,-69.04167,3808
Desaguadero,2002-11-17,10.88,17.95,5.56,60.96,0.38,1.38,63.19,-16.56556,-69.04167,3808
Desaguadero,2002-11-18,10.09,16.01,5.36,67.39,0.41,2.13,63.15,-16.56556,-69.04167,3808
Desaguadero,2002-11-19,8.33,13.74,5.71,77.35,0.36,2.42,63.13,-16.56556,-69.04167,3808
Desaguadero,2002-11-20,10.22,16.95,5.89,70.24,1.81,3.27,63.12,-16.56556,-69.04167,3808
Desaguadero,2002-11-21,9.57,15.99,3.77,71.09,5.48,4.3,63.26,-16.56556,-69.04167,3808
Desaguadero,2002-11-22,8.61,15.62,2.79,70.02,6.24,4.23,63.37,-16.56556,-69.04167,3808
Desaguadero,2002-11-23,9.3,14.92,4.88,73.59,1.12,2.75,63.31,-16.56556,-69.04167,3808
Desaguadero,2002-11-24,9.24,14.28,5.45,73.17,8.5,2.87,63.2,-16.56556,-69.04167,3808
Desaguadero,2002-11-25,8.9,15.24,2.92,74.62,1.04,2.56,63.14,-16.56556,-69.04167,3808
Desaguadero,2002-11-26,9.31,13.59,5.82,77.55,1.18,3.53,63.17,-16.56556,-69.04167,3808
Desaguadero,2002-11-27,8.9,14.37,3.17,73.34,1.05,1.87,63.12,-16.56556,-69.04167,3808
Desaguadero,2002-11-28,8.91,12.7,5.83,76.39,0.24,1.89,63.14,-16.56556,-69.04167,3808
Desaguadero,2002-11-29,11.27,18.33,5.49,64.77,0.02,1.82,63.13,-16.56556,-69.04167,3808
Desaguadero,2002-11-30,10.07,18.46,2.08,63.62,0.05,3.15,63.11,-16.56556,-69.04167,3808
Desaguadero,2002-12-01,8.5,14.74,2.83,73.01,0.9,1.62,63.2,-16.56556,-69.04167,3808
Desaguadero,2002-12-02,10.01,16.11,6.2,76.29,11.02,4.56,63.08,-16.56556,-69.04167,3808
Desaguadero,2002-12-03,6.51,12.99,2.57,79.93,10.95,1.49,63.18,-16.56556,-69.04167,3808
Desaguadero,2002-12-04,6.8,15.08,1.91,78.45,5.19,2.14,63.23,-16.56556,-69.04167,3808
Desaguadero,2002-12-05,6.43,10.49,3.5,74.65,1.54,1.69,63.23,-16.56556,-69.04167,3808
Desaguadero,2002-12-06,9.5,17.1,1.73,57.48,0.68,1.46,63.2,-16.56556,-69.04167,3808
Desaguadero,2002-12-07,9.6,16.01,3.46,61.8,5.48,1.79,63.14,-16.56556,-69.04167,3808
Desaguadero,2002-12-08,8.71,15.89,2.5,56.94,1.23,1.76,63.12,-16.56556,-69.04167,3808
Desaguadero,2002-12-09,8.23,15.67,1.18,61.6,0.17,2.29,63.16,-16.56556,-69.04167,3808
Desaguadero,2002-12-10,9.72,16.14,3.62,65.94,0.21,1.99,63.28,-16.56556,-69.04167,3808
Desaguadero,2002-12-11,9.84,17.04,4.17,66.71,0.17,2.11,63.33,-16.56556,-69.04167,3808
Desaguadero,2002-12-12,10.76,17.48,5.79,70.96,0.01,3.19,63.3,-16.56556,-69.04167,3808
Desaguadero,2002-12-13,10.5,16.85,6.02,70.35,0.88,3.21,63.23,-16.56556,-69.04167,3808
Desaguadero,2002-12-14,11.04,17.87,6.36,70.28,0.1,2.68,63.19,-16.56556,-69.04167,3808
Desaguadero,2002-12-15,10.19,15.45,4.61,66.34,1.93,2.11,63.17,-16.56556,-69.04167,3808
Desaguadero,2002-12-16,10.26,16.79,4.99,66.48,1.54,2.24,63.22,-16.56556,-69.04167,3808
Desaguadero,2002-12-17,10.03,17.46,5.13,69.1,0.43,3.31,63.28,-16.56556,-69.04167,3808
Desaguadero,2002-12-18,10.81,18.5,4.45,63.71,1.29,2.99,63.28,-16.56556,-69.04167,3808
Desaguadero,2002-12-19,10.34,15.6,5.92,72.68,3.21,2.42,63.22,-16.56556,-69.04167,3808
Desaguadero,2002-12-20,7.56,13.75,2.44,74.76,2.66,1.92,63.3,-16.56556,-69.04167,3808
Desaguadero,2002-12-21,8.48,14.76,5.07,75.56,5.31,3.32,63.26,-16.56556,-69.04167,3808
Desaguadero,2002-12-22,9.11,16.14,2.95,71.68,8.75,3.03,63.12,-16.56556,-69.04167,3808
Desaguadero,2002-12-23,8.47,17.13,2.13,59.4,0.95,1.98,63.17,-16.56556,-69.04167,3808
Desaguadero,2002-12-24,10.11,17.32,3.16,65.03,0.32,2.18,63.19,-16.56556,-69.04167,3808
Desaguadero,2002-12-25,7.64,12.13,3.09,78.67,0.41,2.72,63.3,-16.56556,-69.04167,3808
Desaguadero,2002-12-26,9.43,17.35,1.8,70.43,0.2,3.09,63.33,-16.56556,-69.04167,3808
Desaguadero,2002-12-27,10.82,17.56,5.12,70.67,0.02,2.75,63.25,-16.56556,-69.04167,3808
Desaguadero,2002-12-28,11.8,19.43,6.29,65.16,0.0,2.93,63.17,-16.56556,-69.04167,3808
Desaguadero,2002-12-29,11.54,18.85,6.11,68.49,0.14,1.77,63.16,-16.56556,-69.04167,3808
Desaguadero,2002-12-30,8.11,11.57,5.2,79.87,0.44,2.31,63.26,-16.56556,-69.04167,3808
Desaguadero,2002-12-31,8.98,13.82,5.06,73.23,1.54,2.55,63.32,-16.56556,-69.04167,3808
Desaguadero,2003-01-01,9.6,15.98,5.04,76.15,4.49,3.41,63.23,-16.56556,-69.04167,3808
Desaguadero,2003-01-02,9.22,15.03,4.04,71.02,4.5,2.02,63.14,-16.56556,-69.04167,3808
Desaguadero,2003-01-03,11.06,19.93,2.93,50.29,0.66,1.48,63.09,-16.56556,-69.04167,3808
Desaguadero,2003-01-04,10.68,18.46,3.85,50.77,0.11,2.05,63.17,-16.56556,-69.04167,3808
Desaguadero,2003-01-05,11.25,17.04,7.46,68.16,0.01,2.51,63.18,-16.56556,-69.04167,3808
Desaguadero,2003-01-06,10.41,14.95,6.85,72.94,0.94,2.32,63.33,-16.56556,-69.04167,3808
Desaguadero,2003-01-07,11.43,19.49,5.79,65.07,0.15,3.56,63.42,-16.56556,-69.04167,3808
Desaguadero,2003-01-08,11.51,18.87,6.24,62.94,0.03,2.65,63.38,-16.56556,-69.04167,3808
Desaguadero,2003-01-09,10.82,17.65,5.67,62.91,0.13,2.89,63.38,-16.56556,-69.04167,3808
Desaguadero,2003-01-10,10.63,16.96,6.28,70.6,4.6,3.68,63.36,-16.56556,-69.04167,3808
Desaguadero,2003-01-11,10.38,16.88,5.36,73.16,10.21,3.05,63.28,-16.56556,-69.04167,3808
Desaguadero,2003-01-12,9.67,17.29,4.02,70.14,8.25,1.6,63.19,-16.56556,-69.04167,3808
Desaguadero,2003-01-13,8.95,15.67,4.6,73.36,8.26,1.9,63.19,-16.56556,-69.04167,3808
Desaguadero,2003-01-14,8.93,17.44,1.61,71.1,5.48,2.58,63.19,-16.56556,-69.04167,3808
Desaguadero,2003-01-15,9.17,15.91,3.41,76.52,9.87,2.9,63.23,-16.56556,-69.04167,3808
Desaguadero,2003-01-16,9.45,15.29,4.7,79.72,4.06,4.07,63.24,-16.56556,-69.04167,3808
Desaguadero,2003-01-17,10.07,16.35,5.24,71.91,5.53,1.8,63.26,-16.56556,-69.04167,3808
Desaguadero,2003-01-18,9.17,15.82,5.0,75.41,7.57,2.98,63.27,-16.56556,-69.04167,3808
Desaguadero,2003-01-19,9.09,14.52,4.66,74.46,6.18,2.14,63.26,-16.56556,-69.04167,3808
Desaguadero,2003-01-20,9.3,17.54,2.14,72.31,6.81,2.22,63.13,-16.56556,-69.04167,3808
Desaguadero,2003-01-21,10.35,18.45,2.24,69.08,23.38,2.49,63.01,-16.56556,-69.04167,3808
Desaguadero,2003-01-22,8.89,15.27,2.42,75.98,5.22,2.14,63.02,-16.56556,-69.04167,3808
Desaguadero,2003-01-23,10.09,15.17,7.17,79.52,5.12,3.36,63.17,-16.56556,-69.04167,3808
Desaguadero,2003-01-24,8.9,13.11,4.65,78.95,3.92,4.91,63.26,-16.56556,-69.04167,3808
Desaguadero,2003-01-25,8.52,13.81,4.07,77.85,15.18,1.34,63.23,-16.56556,-69.04167,3808
Desaguadero,2003-01-26,9.24,15.48,4.07,75.86,6.24,2.21,63.15,-16.56556,-69.04167,3808
Desaguadero,2003-01-27,9.91,16.37,5.18,76.16,4.34,2.15,63.15,-16.56556,-69.04167,3808
Desaguadero,2003-01-28,8.83,15.37,3.39,73.29,0.8,3.67,63.27,-16.56556,-69.04167,3808
Desaguadero,2003-01-29,8.18,14.81,2.29,71.99,4.63,3.71,63.24,-16.56556,-69.04167,3808
Desaguadero,2003-01-30,8.39,14.75,4.39,72.26,4.95,3.28,63.21,-16.56556,-69.04167,3808
Desaguadero,2003-01-31,9.61,16.71,4.15,69.19,1.18,2.1,63.16,-16.56556,-69.04167,3808
Desaguadero,2003-02-01,10.04,16.47,5.42,71.12,0.72,2.02,63.2,-16.56556,-69.04167,3808
Desaguadero,2003-02-02,10.35,17.25,5.1,71.03,0.51,2.34,63.28,-16.56556,-69.04167,3808
Desaguadero,2003-02-03,9.39,15.86,5.08,74.8,0.66,3.2,63.28,-16.56556,-69.04167,3808
Desaguadero,2003-02-04,10.12,16.83,4.62,73.48,3.32,2.67,63.22,-16.56556,-69.04167,3808
Desaguadero,2003-02-05,9.45,14.38,4.28,77.82,5.49,3.29,63.17,-16.56556,-69.04167,3808
Desaguadero,2003-02-06,9.25,15.71,3.76,76.69,4.95,3.22,63.16,-16.56556,-69.04167,3808
Desaguadero,2003-02-07,9.14,14.67,5.24,78.82,2.49,2.86,63.2,-16.56556,-69.04167,3808
Desaguadero,2003-02-08,9.66,14.82,5.99,76.44,2.36,3.41,63.25,-16.56556,-69.04167,3808
Desaguadero,2003-02-09,8.35,14.89,2.39,77.33,0.68,2.36,63.23,-16.56556,-69.04167,3808
Desaguadero,2003-02-10,9.56,15.26,5.25,76.42,1.68,2.05,63.19,-16.56556,-69.04167,3808
Desaguadero,2003-02-11,8.63,13.03,5.44,80.65,9.33,1.56,63.2,-16.56556,-69.04167,3808
Desaguadero,2003-02-12,9.87,16.14,5.0,74.67,4.1,1.91,63.25,-16.56556,-69.04167,3808
Desaguadero,2003-02-13,10.27,18.11,3.6,70.26,5.84,1.89,63.23,-16.56556,-69.04167,3808
Desaguadero,2003-02-14,8.05,14.04,3.25,79.14,2.44,1.95,63.15,-16.56556,-69.04167,3808
Desaguadero,2003-02-15,9.61,15.02,4.78,73.36,0.81,1.49,63.06,-16.56556,-69.04167,3808
Desaguadero,2003-02-16,10.63,16.26,6.43,77.92,0.42,1.86,63.08,-16.56556,-69.04167,3808
Desaguadero,2003-02-17,8.42,14.46,2.74,77.59,0.63,1.69,63.15,-16.56556,-69.04167,3808
Desaguadero,2003-02-18,9.75,15.24,6.15,76.56,0.55,2.41,63.16,-16.56556,-69.04167,3808
Desaguadero,2003-02-19,10.48,16.76,6.29,72.31,3.54,2.54,63.09,-16.56556,-69.04167,3808
Desaguadero,2003-02-20,9.49,15.19,5.85,77.22,6.71,3.59,63.11,-16.56556,-69.04167,3808
Desaguadero,2003-02-21,6.96,11.27,3.54,84.36,11.66,3.59,63.15,-16.56556,-69.04167,3808
Desaguadero,2003-02-22,7.78,15.05,3.44,79.05,7.62,2.57,63.23,-16.56556,-69.04167,3808
Desaguadero,2003-02-23,6.86,11.89,2.52,82.86,3.29,2.03,63.37,-16.56556,-69.04167,3808
Desaguadero,2003-02-24,8.57,14.94,3.65,78.64,6.02,3.33,63.35,-16.56556,-69.04167,3808
Desaguadero,2003-02-25,8.29,14.57,3.87,77.25,11.03,2.31,63.23,-16.56556,-69.04167,3808
Desaguadero,2003-02-26,7.99,14.59,3.0,74.75,2.75,3.07,63.15,-16.56556,-69.04167,3808
Desaguadero,2003-02-27,7.78,15.28,1.49,75.45,1.49,2.72,63.22,-16.56556,-69.04167,3808
Desaguadero,2003-02-28,8.46,15.7,2.22,77.22,1.03,2.62,63.28,-16.56556,-69.04167,3808
Desaguadero,2003-03-01,8.85,15.53,3.5,78.73,1.96,2.65,63.22,-16.56556,-69.04167,3808
Desaguadero,2003-03-02,8.62,15.59,3.12,79.49,8.39,2.93,63.11,-16.56556,-69.04167,3808
Desaguadero,2003-03-03,8.38,14.81,3.23,80.09,4.72,3.27,63.1,-16.56556,-69.04167,3808
Desaguadero,2003-03-04,7.39,11.99,4.87,85.38,3.05,3.46,63.23,-16.56556,-69.04167,3808
Desaguadero,2003-03-05,8.57,13.96,4.11,81.92,5.27,2.65,63.21,-16.56556,-69.04167,3808
Desaguadero,2003-03-06,9.06,15.2,4.37,79.91,2.77,3.41,63.15,-16.56556,-69.04167,3808
Desaguadero,2003-03-07,9.28,15.33,5.09,80.25,3.36,3.18,63.18,-16.56556,-69.04167,3808
Desaguadero,2003-03-08,9.42,14.88,5.21,80.0,3.28,3.35,63.17,-16.56556,-69.04167,3808
Desaguadero,2003-03-09,9.85,16.09,5.11,78.75,1.95,3.19,63.12,-16.56556,-69.04167,3808
Desaguadero,2003-03-10,9.84,15.73,5.38,75.78,0.32,2.45,63.15,-16.56556,-69.04167,3808
Desaguadero,2003-03-11,10.32,15.83,5.95,76.86,3.98,2.07,63.2,-16.56556,-69.04167,3808
Desaguadero,2003-03-12,8.39,14.9,2.05,79.57,2.02,2.43,63.23,-16.56556,-69.04167,3808
Desaguadero,2003-03-13,10.19,17.05,5.35,72.86,4.63,2.63,63.18,-16.56556,-69.04167,3808
Desaguadero,2003-03-14,8.03,10.93,5.72,74.5,3.66,1.0,63.19,-16.56556,-69.04167,3808
Desaguadero,2003-03-15,8.65,16.44,2.34,71.6,0.41,1.71,63.21,-16.56556,-69.04167,3808
Desaguadero,2003-03-16,8.91,14.93,5.25,78.96,11.79,2.91,63.31,-16.56556,-69.04167,3808
Desaguadero,2003-03-17,7.56,13.74,3.72,81.91,9.72,3.42,63.32,-16.56556,-69.04167,3808
Desaguadero,2003-03-18,8.68,16.29,3.08,75.52,1.32,2.04,63.16,-16.56556,-69.04167,3808
Desaguadero,2003-03-19,9.27,16.23,4.0,73.73,0.33,2.72,63.18,-16.56556,-69.04167,3808
Desaguadero,2003-03-20,7.91,12.02,5.03,80.37,1.12,1.71,63.32,-16.56556,-69.04167,3808
Desaguadero,2003-03-21,7.81,13.66,3.7,82.29,10.6,4.13,63.37,-16.56556,-69.04167,3808
Desaguadero,2003-03-22,8.37,16.34,2.17,74.65,2.06,2.53,63.32,-16.56556,-69.04167,3808
Desaguadero,2003-03-23,9.13,17.01,2.18,69.38,0.64,1.62,63.25,-16.56556,-69.04167,3808
Desaguadero,2003-03-24,9.4,16.36,4.97,72.83,0.49,2.33,63.29,-16.56556,-69.04167,3808
Desaguadero,2003-03-25,8.19,16.23,1.13,69.98,0.05,2.91,63.33,-16.56556,-69.04167,3808
Desaguadero,2003-03-26,8.33,15.69,3.49,72.88,0.03,2.71,63.23,-16.56556,-69.04167,3808
Desaguadero,2003-03-27,8.28,15.97,2.12,70.33,0.17,2.62,63.22,-16.56556,-69.04167,3808
Desaguadero,2003-03-28,8.42,15.25,3.69,75.57,1.35,2.54,63.33,-16.56556,-69.04167,3808
Desaguadero,2003-03-29,9.29,15.94,4.48,75.48,0.18,2.41,63.3,-16.56556,-69.04167,3808
Desaguadero,2003-03-30,8.91,13.89,5.09,77.03,0.07,1.85,63.21,-16.56556,-69.04167,3808
Desaguadero,2003-03-31,8.12,13.28,5.37,82.43,1.33,2.94,63.2,-16.56556,-69.04167,3808
Desaguadero,2003-04-01,7.74,12.44,4.23,81.57,0.32,3.56,63.29,-16.56556,-69.04167,3808
Desaguadero,2003-04-02,8.01,14.57,3.46,79.12,6.28,2.67,63.33,-16.56556,-69.04167,3808
Desaguadero,2003-04-03,8.51,14.43,3.2,78.79,3.96,2.14,63.25,-16.56556,-69.04167,3808
Desaguadero,2003-04-04,8.92,14.08,5.72,78.54,1.42,1.96,63.22,-16.56556,-69.04167,3808
Desaguadero,2003-04-05,8.61,14.21,4.04,76.7,1.41,2.64,63.26,-16.56556,-69.04167,3808
Desaguadero,2003-04-06,8.75,15.12,3.96,77.01,0.39,2.36,63.25,-16.56556,-69.04167,3808
Desaguadero,2003-04-07,8.9,14.79,5.42,72.95,0.03,1.24,63.1,-16.56556,-69.04167,3808
Desaguadero,2003-04-08,8.71,15.97,2.83,62.09,0.03,1.37,63.09,-16.56556,-69.04167,3808
Desaguadero,2003-04-09,6.87,15.61,-1.17,58.11,0.36,1.57,63.17,-16.56556,-69.04167,3808
Desaguadero,2003-04-10,7.45,14.99,1.05,68.85,0.59,2.12,63.3,-16.56556,-69.04167,3808
Desaguadero,2003-04-11,7.45,13.32,4.06,77.3,0.06,2.9,63.35,-16.56556,-69.04167,3808
Desaguadero,2003-04-12,7.32,14.32,1.93,72.39,0.4,1.99,63.45,-16.56556,-69.04167,3808
Desaguadero,2003-04-13,8.27,15.65,3.45,67.11,0.02,1.65,63.49,-16.56556,-69.04167,3808
Desaguadero,2003-04-14,8.2,16.5,2.25,66.63,0.0,1.58,63.45,-16.56556,-69.04167,3808
Desaguadero,2003-04-15,8.63,16.5,3.3,63.01,0.0,2.05,63.34,-16.56556,-69.04167,3808
Desaguadero,2003-04-16,7.25,14.65,1.24,62.8,0.0,2.41,63.16,-16.56556,-69.04167,3808
Desaguadero,2003-04-17,7.56,15.35,0.24,67.64,0.06,2.89,63.07,-16.56556,-69.04167,3808
Desaguadero,2003-04-18,6.63,17.49,-1.9,37.56,0.06,2.19,63.1,-16.56556,-69.04167,3808
Desaguadero,2003-04-19,7.78,16.38,0.17,49.48,0.49,2.24,63.25,-16.56556,-69.04167,3808
Desaguadero,2003-04-20,8.22,14.82,3.97,75.65,0.21,3.21,63.22,-16.56556,-69.04167,3808
Desaguadero,2003-04-21,8.13,14.82,3.69,74.08,0.0,2.35,63.17,-16.56556,-69.04167,3808
Desaguadero,2003-04-22,7.23,13.68,2.69,78.14,0.51,3.14,63.28,-16.56556,-69.04167,3808
Desaguadero,2003-04-23,7.48,14.39,2.19,74.86,0.46,2.54,63.4,-16.56556,-69.04167,3808
Desaguadero,2003-04-24,8.2,15.64,2.34,73.55,0.67,1.98,63.4,-16.56556,-69.04167,3808
Desaguadero,2003-04-25,8.56,14.94,4.26,72.81,0.27,2.1,63.33,-16.56556,-69.04167,3808
Desaguadero,2003-04-26,7.31,14.89,1.46,70.85,0.03,2.53,63.38,-16.56556,-69.04167,3808
Desaguadero,2003-04-27,7.87,16.36,2.26,69.57,0.0,1.7,63.43,-16.56556,-69.04167,3808
Desaguadero,2003-04-28,7.45,16.23,1.98,65.47,0.0,2.08,63.34,-16.56556,-69.04167,3808
Desaguadero,2003-04-29,8.28,16.45,1.67,71.61,0.0,1.83,63.29,-16.56556,-69.04167,3808
Desaguadero,2003-04-30,8.86,16.3,4.25,73.64,0.01,2.12,63.39,-16.56556,-69.04167,3808
Desaguadero,2003-05-01,8.22,15.84,2.76,70.43,0.05,2.12,63.49,-16.56556,-69.04167,3808
Desaguadero,2003-05-02,7.55,15.1,1.95,70.63,0.04,2.5,63.49,-16.56556,-69.04167,3808
Desaguadero,2003-05-03,7.73,15.12,1.34,71.9,0.09,2.39,63.3,-16.56556,-69.04167,3808
Desaguadero,2003-05-04,6.84,15.82,-1.47,58.53,0.02,1.76,63.19,-16.56556,-69.04167,3808
Desaguadero,2003-05-05,7.13,14.61,1.4,72.5,0.01,2.54,63.27,-16.56556,-69.04167,3808
Desaguadero,2003-05-06,6.93,13.95,2.38,76.22,0.0,2.46,63.3,-16.56556,-69.04167,3808
Desaguadero,2003-05-07,7.05,15.65,1.06,65.62,0.0,1.63,63.26,-16.56556,-69.04167,3808
Desaguadero,2003-05-08,6.4,14.3,0.76,67.93,0.0,1.62,63.26,-16.56556,-69.04167,3808
Desaguadero,2003-05-09,6.34,14.83,0.58,68.7,0.0,1.77,63.25,-16.56556,-69.04167,3808
Desaguadero,2003-05-10,6.47,14.69,0.95,69.64,0.0,2.21,63.23,-16.56556,-69.04167,3808
Desaguadero,2003-05-11,6.17,13.67,0.74,74.92,0.0,2.63,63.36,-16.56556,-69.04167,3808
Desaguadero,2003-05-12,6.38,13.32,0.07,72.1,0.0,2.51,63.47,-16.56556,-69.04167,3808
Desaguadero,2003-05-13,6.19,13.09,1.29,75.86,0.47,2.79,63.43,-16.56556,-69.04167,3808
Desaguadero,2003-05-14,6.04,13.6,0.49,77.01,0.09,2.56,63.31,-16.56556,-69.04167,3808
Desaguadero,2003-05-15,6.02,13.66,0.75,77.4,0.0,3.05,63.29,-16.56556,-69.04167,3808
Desaguadero,2003-05-16,7.44,13.82,2.74,74.2,0.88,1.92,63.3,-16.56556,-69.04167,3808
Desaguadero,2003-05-17,6.58,12.56,1.89,79.1,1.53,2.15,63.3,-16.56556,-69.04167,3808
Desaguadero,2003-05-18,6.26,11.37,2.7,82.34,0.89,2.61,63.28,-16.56556,-69.04167,3808
Desaguadero,2003-05-19,6.17,11.91,2.31,80.99,1.38,2.83,63.32,-16.56556,-69.04167,3808
Desaguadero,2003-05-20,6.66,14.19,0.28,62.02,0.0,1.6,63.29,-16.56556,-69.04167,3808
Desaguadero,2003-05-21,6.44,16.02,-1.18,51.77,0.0,1.54,63.18,-16.56556,-69.04167,3808
Desaguadero,2003-05-22,6.4,15.96,-1.03,43.33,0.01,1.55,63.19,-16.56556,-69.04167,3808
Desaguadero,2003-05-23,6.3,15.02,-0.54,50.93,0.13,1.79,63.31,-16.56556,-69.04167,3808
Desaguadero,2003-05-24,5.58,14.94,-1.02,45.31,0.14,2.01,63.25,-16.56556,-69.04167,3808
Desaguadero,2003-05-25,4.69,13.34,-2.48,47.82,0.18,1.64,63.25,-16.56556,-69.04167,3808
Desaguadero,2003-05-26,5.35,14.72,-0.98,49.02,0.05,2.06,63.27,-16.56556,-69.04167,3808
Desaguadero,2003-05-27,5.28,13.82,-1.23,48.46,0.12,1.7,63.38,-16.56556,-69.04167,3808
Desaguadero,2003-05-28,4.49,9.65,1.46,78.46,0.06,1.51,63.41,-16.56556,-69.04167,3808
Desaguadero,2003-05-29,6.11,12.54,1.56,76.09,0.01,1.64,63.35,-16.56556,-69.04167,3808
Desaguadero,2003-05-30,6.47,13.51,1.75,72.68,0.0,1.39,63.35,-16.56556,-69.04167,3808
Desaguadero,2003-05-31,6.65,14.79,1.36,71.44,0.0,1.81,63.41,-16.56556,-69.04167,3808
Desaguadero,2003-06-01,6.47,14.78,1.25,68.48,0.0,1.69,63.34,-16.56556,-69.04167,3808
Desaguadero,2003-06-02,6.47,15.1,-0.77,59.23,0.0,1.8,63.24,-16.56556,-69.04167,3808
Desaguadero,2003-06-03,7.2,14.28,2.04,72.11,0.07,3.0,63.18,-16.56556,-69.04167,3808
Desaguadero,2003-06-04,6.27,15.57,-1.94,52.46,0.21,2.6,63.13,-16.56556,-69.04167,3808
Desaguadero,2003-06-05,5.48,14.34,-1.67,35.86,0.01,1.65,63.22,-16.56556,-69.04167,3808
Desaguadero,2003-06-06,5.9,15.32,-0.54,51.12,0.0,1.84,63.32,-16.56556,-69.04167,3808
Desaguadero,2003-06-07,5.25,13.14,-0.53,72.52,0.0,2.85,63.39,-16.56556,-69.04167,3808
Desaguadero,2003-06-08,6.05,12.88,1.54,78.76,0.0,2.43,63.31,-16.56556,-69.04167,3808
Desaguadero,2003-06-09,7.14,15.14,2.18,67.84,0.0,1.67,63.29,-16.56556,-69.04167,3808
Desaguadero,2003-06-10,6.35,15.95,-1.93,53.3,0.0,1.98,63.34,-16.56556,-69.04167,3808
Desaguadero,2003-06-11,6.79,16.06,0.06,64.38,0.02,2.14,63.33,-16.56556,-69.04167,3808
Desaguadero,2003-06-12,6.77,15.12,0.54,69.32,0.0,1.6,63.26,-16.56556,-69.04167,3808
Desaguadero,2003-06-13,7.31,16.03,1.39,70.12,0.11,2.23,63.27,-16.56556,-69.04167,3808
Desaguadero,2003-06-14,6.46,14.66,1.72,64.45,0.0,1.76,63.31,-16.56556,-69.04167,3808
Desaguadero,2003-06-15,6.63,15.66,-0.15,65.92,0.0,1.69,63.27,-16.56556,-69.04167,3808
Desaguadero,2003-06-16,6.99,13.0,3.51,79.92,0.0,2.14,63.27,-16.56556,-69.04167,3808
Desaguadero,2003-06-17,7.16,14.38,2.48,71.66,0.0,1.48,63.2,-16.56556,-69.04167,3808
Desaguadero,2003-06-18,5.04,13.46,-2.75,50.81,0.02,1.48,63.24,-16.56556,-69.04167,3808
Desaguadero,2003-06-19,4.26,9.16,1.44,82.28,0.28,2.11,63.34,-16.56556,-69.04167,3808
Desaguadero,2003-06-20,5.09,11.39,0.6,67.45,0.04,0.96,63.35,-16.56556,-69.04167,3808
Desaguadero,2003-06-21,4.92,13.54,-2.06,64.7,0.0,2.72,63.38,-16.56556,-69.04167,3808
Desaguadero,2003-06-22,4.34,13.93,-2.8,66.67,0.0,1.92,63.37,-16.56556,-69.04167,3808
Desaguadero,2003-06-23,3.7,14.22,-3.32,62.7,0.0,2.37,63.31,-16.56556,-69.04167,3808
Desaguadero,2003-06-24,3.29,12.61,-3.6,62.06,0.0,1.87,63.4,-16.56556,-69.04167,3808
Desaguadero,2003-06-25,4.47,13.01,-1.16,68.36,0.0,1.46,63.38,-16.56556,-69.04167,3808
Desaguadero,2003-06-26,5.51,14.02,-0.41,67.08,0.0,1.34,63.28,-16.56556,-69.04167,3808
Desaguadero,2003-06-27,5.06,13.86,-2.02,58.24,0.0,1.6,63.26,-16.56556,-69.04167,3808
Desaguadero,2003-06-28,5.32,13.03,0.74,71.36,0.18,1.97,63.37,-16.56556,-69.04167,3808
Desaguadero,2003-06-29,5.65,12.95,1.37,75.83,0.09,2.02,63.42,-16.56556,-69.04167,3808
Desaguadero,2003-06-30,5.66,14.29,0.65,69.39,0.0,1.58,63.43,-16.56556,-69.04167,3808
Desaguadero,2003-07-01,5.12,14.63,-1.2,63.6,0.0,1.72,63.39,-16.56556,-69.04167,3808
Desaguadero,2003-07-02,2.81,12.49,-2.74,74.55,0.0,3.04,63.33,-16.56556,-69.04167,3808
Desaguadero,2003-07-03,3.31,12.4,-3.11,66.14,0.0,2.0,63.27,-16.56556,-69.04167,3808
Desaguadero,2003-07-04,5.33,14.16,-0.93,63.81,0.0,2.01,63.18,-16.56556,-69.04167,3808
Desaguadero,2003-07-05,3.77,13.56,-3.3,47.21,0.0,2.2,63.13,-16.56556,-69.04167,3808
Desaguadero,2003-07-06,2.99,12.86,-3.86,35.11,0.0,2.15,63.1,-16.56556,-69.04167,3808
Desaguadero,2003-07-07,3.89,12.24,-2.37,42.2,0.02,1.87,63.16,-16.56556,-69.04167,3808
Desaguadero,2003-07-08,4.74,13.59,-1.93,48.24,0.0,1.86,63.2,-16.56556,-69.04167,3808
Desaguadero,2003-07-09,5.03,13.33,-1.21,54.16,0.03,2.34,63.23,-16.56556,-69.04167,3808
Desaguadero,2003-07-10,6.87,14.32,1.94,73.91,0.0,2.1,63.23,-16.56556,-69.04167,3808
Desaguadero,2003-07-11,5.66,13.23,0.95,76.76,0.19,2.17,63.3,-16.56556,-69.04167,3808
Desaguadero,2003-07-12,5.08,13.7,-0.47,69.72,0.01,1.92,63.32,-16.56556,-69.04167,3808
Desaguadero,2003-07-13,5.2,13.5,-0.3,71.9,0.0,2.46,63.27,-16.56556,-69.04167,3808
Desaguadero,2003-07-14,4.91,13.72,-0.74,55.89,0.0,2.03,63.17,-16.56556,-69.04167,3808
Desaguadero,2003-07-15,4.0,12.76,-1.43,51.3,0.13,2.72,63.16,-16.56556,-69.04167,3808
Desaguadero,2003-07-16,2.58,9.53,-1.99,80.49,0.22,3.38,63.27,-16.56556,-69.04167,3808
Desaguadero,2003-07-17,2.96,11.35,-2.42,75.22,0.5,3.65,63.29,-16.56556,-69.04167,3808
Desaguadero,2003-07-18,1.7,8.47,-3.09,81.83,1.1,5.06,63.26,-16.56556,-69.04167,3808
Desaguadero,2003-07-19,2.87,9.23,-1.07,80.2,0.17,5.28,63.33,-16.56556,-69.04167,3808
Desaguadero,2003-07-20,3.39,11.59,-2.8,76.17,0.18,3.67,63.32,-16.56556,-69.04167,3808
Desaguadero,2003-07-21,5.26,13.61,-1.29,72.43,0.02,3.62,63.32,-16.56556,-69.04167,3808
Desaguadero,2003-07-22,6.27,13.78,1.62,71.63,0.0,2.84,63.32,-16.56556,-69.04167,3808
Desaguadero,2003-07-23,6.08,14.03,0.74,71.83,0.0,2.87,63.32,-16.56556,-69.04167,3808
Desaguadero,2003-07-24,6.52,13.29,1.96,72.2,0.0,3.33,63.28,-16.56556,-69.04167,3808
Desaguadero,2003-07-25,5.27,11.17,2.02,81.39,0.39,3.51,63.28,-16.56556,-69.04167,3808
Desaguadero,2003-07-26,4.33,10.38,0.97,78.71,0.21,4.28,63.34,-16.56556,-69.04167,3808
Desaguadero,2003-07-27,5.01,11.71,0.56,74.23,0.16,2.82,63.39,-16.56556,-69.04167,3808
Desaguadero,2003-07-28,5.3,12.3,0.6,71.2,0.62,2.82,63.32,-16.56556,-69.04167,3808
Desaguadero,2003-07-29,4.28,10.41,-0.58,72.87,0.49,2.66,63.41,-16.56556,-69.04167,3808
Desaguadero,2003-07-30,4.61,12.03,-0.9,74.88,0.02,2.0,63.46,-16.56556,-69.04167,3808
Desaguadero,2003-07-31,5.53,14.05,-0.45,62.55,0.0,1.4,63.34,-16.56556,-69.04167,3808
Desaguadero,2003-08-01,5.22,14.25,-1.97,65.21,0.0,2.17,63.24,-16.56556,-69.04167,3808
Desaguadero,2003-08-02,5.01,12.41,0.42,78.27,0.37,2.81,63.21,-16.56556,-69.04167,3808
Desaguadero,2003-08-03,5.54,11.96,0.92,77.6,3.53,3.11,63.26,-16.56556,-69.04167,3808
Desaguadero,2003-08-04,6.1,13.54,-0.9,64.91,0.21,3.99,63.14,-16.56556,-69.04167,3808
Desaguadero,2003-08-05,3.89,12.63,-3.96,37.3,0.0,2.37,63.13,-16.56556,-69.04167,3808
Desaguadero,2003-08-06,5.51,12.97,0.23,49.51,0.42,1.74,63.18,-16.56556,-69.04167,3808
Desaguadero,2003-08-07,4.15,9.7,-0.24,67.44,0.5,1.45,63.19,-16.56556,-69.04167,3808
Desaguadero,2003-08-08,3.37,8.39,-2.26,52.04,0.35,1.21,63.23,-16.56556,-69.04167,3808
Desaguadero,2003-08-09,1.76,5.75,-1.1,77.83,2.09,1.58,63.43,-16.56556,-69.04167,3808
Desaguadero,2003-08-10,3.08,8.02,-0.09,79.94,0.33,1.8,63.43,-16.56556,-69.04167,3808
Desaguadero,2003-08-11,4.9,12.89,-0.18,71.72,0.01,2.19,63.27,-16.56556,-69.04167,3808
Desaguadero,2003-08-12,5.6,14.46,-0.78,67.29,0.0,2.0,63.25,-16.56556,-69.04167,3808
Desaguadero,2003-08-13,6.07,15.2,-1.31,56.23,0.0,1.31,63.39,-16.56556,-69.04167,3808
Desaguadero,2003-08-14,6.1,15.74,-1.29,56.44,0.0,1.82,63.46,-16.56556,-69.04167,3808
Desaguadero,2003-08-15,6.41,15.72,-1.23,60.96,0.01,1.85,63.43,-16.56556,-69.04167,3808
Desaguadero,2003-08-16,6.94,14.54,1.94,68.14,0.03,1.63,63.41,-16.56556,-69.04167,3808
Desaguadero,2003-08-17,6.44,15.09,0.39,67.03,0.0,1.89,63.43,-16.56556,-69.04167,3808
Desaguadero,2003-08-18,6.2,15.26,-0.18,60.33,0.0,1.86,63.47,-16.56556,-69.04167,3808
Desaguadero,2003-08-19,6.5,16.09,-0.27,54.82,0.0,2.04,63.43,-16.56556,-69.04167,3808
Desaguadero,2003-08-20,5.93,15.4,-0.8,62.33,0.0,2.37,63.35,-16.56556,-69.04167,3808
Desaguadero,2003-08-21,6.62,15.67,-0.79,65.72,0.0,2.21,63.19,-16.56556,-69.04167,3808
Desaguadero,2003-08-22,6.82,14.74,0.95,69.17,0.13,3.06,63.15,-16.56556,-69.04167,3808
Desaguadero,2003-08-23,7.21,13.65,2.57,73.41,0.54,3.9,63.17,-16.56556,-69.04167,3808
Desaguadero,2003-08-24,7.48,15.74,1.4,62.36,0.15,2.65,63.23,-16.56556,-69.04167,3808
Desaguadero,2003-08-25,6.75,15.76,0.93,66.33,0.1,2.24,63.26,-16.56556,-69.04167,3808
Desaguadero,2003-08-26,7.21,16.7,0.79,57.76,0.01,1.97,63.17,-16.56556,-69.04167,3808
Desaguadero,2003-08-27,5.0,12.56,0.23,70.68,0.06,2.44,63.25,-16.56556,-69.04167,3808
Desaguadero,2003-08-28,6.08,15.29,-0.81,54.74,0.0,1.95,63.26,-16.56556,-69.04167,3808
Desaguadero,2003-08-29,5.98,15.8,-1.2,47.56,0.0,1.91,63.25,-16.56556,-69.04167,3808
Desaguadero,2003-08-30,6.27,16.23,-0.92,52.81,0.0,2.04,63.27,-16.56556,-69.04167,3808
Desaguadero,2003-08-31,6.58,14.54,0.89,62.18,0.0,2.76,63.28,-16.56556,-69.04167,3808
Desaguadero,2003-09-01,5.97,14.37,0.1,66.42,0.0,3.13,63.31,-16.56556,-69.04167,3808
Desaguadero,2003-09-02,5.14,11.9,0.44,73.95,0.04,2.94,63.4,-16.56556,-69.04167,3808
Desaguadero,2003-09-03,5.7,12.5,0.13,74.58,0.78,2.54,63.4,-16.56556,-69.04167,3808
Desaguadero,2003-09-04,7.56,15.16,1.98,60.92,0.01,2.14,63.38,-16.56556,-69.04167,3808
Desaguadero,2003-09-05,6.64,12.76,2.84,72.61,2.94,2.9,63.34,-16.56556,-69.04167,3808
Desaguadero,2003-09-06,5.95,14.06,1.22,56.39,0.6,2.52,63.23,-16.56556,-69.04167,3808
Desaguadero,2003-09-07,5.25,14.61,-2.09,36.0,0.08,2.35,63.14,-16.56556,-69.04167,3808
Desaguadero,2003-09-08,4.98,14.33,-4.02,42.27,0.51,2.45,63.12,-16.56556,-69.04167,3808
Desaguadero,2003-09-09,7.25,16.29,0.41,48.66,0.59,2.36,63.15,-16.56556,-69.04167,3808
Desaguadero,2003-09-10,5.66,13.64,0.74,60.88,2.13,2.87,63.22,-16.56556,-69.04167,3808
Desaguadero,2003-09-11,4.5,11.95,-0.06,73.42,12.81,2.72,63.21,-16.56556,-69.04167,3808
Desaguadero,2003-09-12,2.61,8.17,-0.94,72.89,0.92,3.06,63.32,-16.56556,-69.04167,3808
Desaguadero,2003-09-13,5.66,12.97,0.29,73.62,1.86,3.34,63.38,-16.56556,-69.04167,3808
Desaguadero,2003-09-14,5.86,12.86,0.34,70.36,0.76,2.37,63.29,-16.56556,-69.04167,3808
Desaguadero,2003-09-15,6.54,14.42,-0.51,59.47,0.15,2.18,63.18,-16.56556,-69.04167,3808
Desaguadero,2003-09-16,5.88,14.35,-1.31,57.55,0.21,2.17,63.3,-16.56556,-69.04167,3808
Desaguadero,2003-09-17,7.05,15.28,0.51,68.86,0.02,2.68,63.32,-16.56556,-69.04167,3808
Desaguadero,2003-09-18,7.51,16.48,1.1,63.79,0.0,2.87,63.3,-16.56556,-69.04167,3808
Desaguadero,2003-09-19,7.89,17.23,0.85,59.09,0.0,2.62,63.2,-16.56556,-69.04167,3808
Desaguadero,2003-09-20,6.28,12.62,1.22,69.44,0.0,3.52,63.24,-16.56556,-69.04167,3808
Desaguadero,2003-09-21,5.85,12.73,-1.48,72.22,0.21,4.16,63.3,-16.56556,-69.04167,3808
Desaguadero,2003-09-22,8.28,15.02,3.21,71.52,0.15,2.92,63.32,-16.56556,-69.04167,3808
Desaguadero,2003-09-23,7.65,14.13,1.69,63.15,0.44,1.36,63.33,-16.56556,-69.04167,3808
Desaguadero,2003-09-24,6.94,13.34,1.85,73.59,0.48,2.73,63.21,-16.56556,-69.04167,3808
Desaguadero,2003-09-25,7.07,17.53,-1.86,45.48,0.3,2.2,63.14,-16.56556,-69.04167,3808
Desaguadero,2003-09-26,6.66,17.43,-2.96,38.83,0.0,2.9,63.18,-16.56556,-69.04167,3808
Desaguadero,2003-09-27,8.38,16.99,1.71,50.12,0.0,1.2,63.15,-16.56556,-69.04167,3808
Desaguadero,2003-09-28,6.63,16.03,-2.04,43.04,0.19,3.36,63.15,-16.56556,-69.04167,3808
Desaguadero,2003-09-29,8.49,16.52,2.52,65.71,0.23,3.12,63.21,-16.56556,-69.04167,3808
Desaguadero,2003-09-30,9.1,17.53,2.6,62.59,0.0,2.06,63.26,-16.56556,-69.04167,3808
Desaguadero,2003-10-01,9.48,17.25,4.09,63.86,0.57,2.55,63.19,-16.56556,-69.04167,3808
Desaguadero,2003-10-02,6.89,11.72,3.41,76.22,0.32,2.06,63.19,-16.56556,-69.04167,3808
Desaguadero,2003-10-03,5.49,10.93,2.07,78.31,1.61,2.34,63.22,-16.56556,-69.04167,3808
Desaguadero,2003-10-04,8.51,15.63,3.02,64.18,0.12,1.84,63.22,-16.56556,-69.04167,3808
Desaguadero,2003-10-05,8.66,16.38,1.2,53.72,0.02,1.59,63.16,-16.56556,-69.04167,3808
Desaguadero,2003-10-06,7.99,17.05,0.33,44.07,0.41,2.32,63.1,-16.56556,-69.04167,3808
Desaguadero,2003-10-07,7.4,17.07,-2.82,43.55,0.14,2.08,63.13,-16.56556,-69.04167,3808
Desaguadero,2003-10-08,9.76,19.47,1.29,50.49,0.0,1.5,63.12,-16.56556,-69.04167,3808
Desaguadero,2003-10-09,9.33,19.1,-1.56,41.66,0.02,2.5,63.1,-16.56556,-69.04167,3808
Desaguadero,2003-10-10,10.4,19.51,1.86,51.37,0.26,2.01,63.1,-16.56556,-69.04167,3808
Desaguadero,2003-10-11,8.95,17.03,3.69,68.7,2.64,3.79,63.22,-16.56556,-69.04167,3808
Desaguadero,2003-10-12,8.79,17.57,2.87,64.71,1.96,3.14,63.28,-16.56556,-69.04167,3808
Desaguadero,2003-10-13,7.27,15.78,0.52,66.14,0.07,2.88,63.37,-16.56556,-69.04167,3808
Desaguadero,2003-10-14,7.51,17.58,0.18,59.74,0.0,3.1,63.39,-16.56556,-69.04167,3808
Desaguadero,2003-10-15,8.22,18.49,0.88,59.07,0.0,3.08,63.39,-16.56556,-69.04167,3808
Desaguadero,2003-10-16,8.58,18.84,1.54,56.56,0.0,2.69,63.27,-16.56556,-69.04167,3808
Desaguadero,2003-10-17,8.93,18.49,1.82,58.13,0.0,2.1,63.08,-16.56556,-69.04167,3808
Desaguadero,2003-10-18,9.69,19.67,0.6,48.69,0.0,2.64,63.02,-16.56556,-69.04167,3808
Desaguadero,2003-10-19,10.05,18.17,3.51,61.08,0.12,2.49,63.17,-16.56556,-69.04167,3808
Desaguadero,2003-10-20,10.23,18.74,1.96,52.34,0.14,1.56,63.28,-16.56556,-69.04167,3808
Desaguadero,2003-10-21,10.83,19.73,2.67,48.54,0.0,1.53,63.23,-16.56556,-69.04167,3808
Desaguadero,2003-10-22,10.55,20.25,0.94,49.4,0.22,3.31,63.22,-16.56556,-69.04167,3808
Desaguadero,2003-10-23,10.74,17.24,5.39,67.84,1.45,3.97,63.2,-16.56556,-69.04167,3808
Desaguadero,2003-10-24,11.31,18.05,5.29,60.66,0.31,2.46,63.28,-16.56556,-69.04167,3808
Desaguadero,2003-10-25,9.98,15.52,4.87,49.47,0.0,2.77,63.32,-16.56556,-69.04167,3808
Desaguadero,2003-10-26,10.45,19.28,1.27,41.43,0.0,2.32,63.11,-16.56556,-69.04167,3808
Desaguadero,2003-10-27,9.94,16.13,3.6,58.14,1.42,3.1,63.1,-16.56556,-69.04167,3808
Desaguadero,2003-10-28,8.28,14.92,3.16,66.16,0.53,4.26,63.24,-16.56556,-69.04167,3808
Desaguadero,2003-10-29,8.33,15.42,3.68,65.67,6.97,2.59,63.25,-16.56556,-69.04167,3808
Desaguadero,2003-10-30,8.19,14.94,2.38,65.78,1.45,2.44,63.17,-16.56556,-69.04167,3808
Desaguadero,2003-10-31,7.78,15.15,0.95,65.33,6.98,2.81,63.03,-16.56556,-69.04167,3808
Desaguadero,2003-11-01,8.01,16.11,2.69,71.18,3.1,3.46,63.03,-16.56556,-69.04167,3808
Desaguadero,2003-11-02,8.13,16.03,2.34,67.6,1.04,3.27,63.06,-16.56556,-69.04167,3808
Desaguadero,2003-11-03,8.59,16.32,3.71,65.9,2.16,2.63,63.05,-16.56556,-69.04167,3808
Desaguadero,2003-11-04,9.05,18.9,-0.72,38.28,0.14,1.72,63.09,-16.56556,-69.04167,3808
Desaguadero,2003-11-05,9.1,18.33,0.01,45.78,0.06,1.43,63.14,-16.56556,-69.04167,3808
Desaguadero,2003-11-06,10.24,18.99,2.52,56.69,0.01,2.25,63.16,-16.56556,-69.04167,3808
Desaguadero,2003-11-07,10.3,18.24,4.56,61.75,0.0,3.41,63.19,-16.56556,-69.04167,3808
Desaguadero,2003-11-08,10.25,19.43,3.28,59.01,0.0,3.15,63.22,-16.56556,-69.04167,3808
Desaguadero,2003-11-09,10.31,19.0,4.99,59.43,0.91,3.63,63.22,-16.56556,-69.04167,3808
Desaguadero,2003-11-10,7.9,15.77,1.51,63.64,2.42,4.09,63.31,-16.56556,-69.04167,3808
Desaguadero,2003-11-11,9.11,17.18,2.06,57.88,1.04,2.55,63.22,-16.56556,-69.04167,3808
Desaguadero,2003-11-12,10.53,19.72,2.32,56.12,0.0,3.07,63.15,-16.56556,-69.04167,3808
Desaguadero,2003-11-13,9.77,16.9,5.09,62.52,1.09,4.25,63.27,-16.56556,-69.04167,3808
Desaguadero,2003-11-14,8.16,13.2,4.47,71.42,1.22,1.14,63.23,-16.56556,-69.04167,3808
Desaguadero,2003-11-15,11.07,18.82,5.17,52.58,0.08,1.71,63.15,-16.56556,-69.04167,3808
Desaguadero,2003-11-16,10.41,19.45,2.4,33.51,0.03,1.57,63.14,-16.56556,-69.04167,3808
Desaguadero,2003-11-17,8.63,19.08,-2.17,28.35,0.03,2.16,63.08,-16.56556,-69.04167,3808
Desaguadero,2003-11-18,8.62,18.78,-2.67,40.81,0.04,3.01,63.1,-16.56556,-69.04167,3808
Desaguadero,2003-11-19,9.23,17.21,3.47,66.63,0.02,2.18,63.2,-16.56556,-69.04167,3808
Desaguadero,2003-11-20,9.34,18.32,0.58,58.53,0.0,4.16,63.24,-16.56556,-69.04167,3808
Desaguadero,2003-11-21,9.66,17.78,3.64,61.06,0.0,4.56,63.29,-16.56556,-69.04167,3808
Desaguadero,2003-11-22,10.74,20.54,3.31,56.36,0.0,2.83,63.24,-16.56556,-69.04167,3808
Desaguadero,2003-11-23,12.0,20.43,6.44,59.22,0.21,2.48,63.16,-16.56556,-69.04167,3808
Desaguadero,2003-11-24,11.35,17.55,6.4,63.45,0.27,2.6,63.1,-16.56556,-69.04167,3808
Desaguadero,2003-11-25,10.7,17.3,6.29,64.85,0.6,2.72,63.06,-16.56556,-69.04167,3808
Desaguadero,2003-11-26,10.63,16.38,5.87,68.96,0.63,3.25,63.1,-16.56556,-69.04167,3808
Desaguadero,2003-11-27,9.99,13.77,6.81,74.82,2.91,1.99,63.16,-16.56556,-69.04167,3808
Desaguadero,2003-11-28,10.25,15.34,6.96,73.32,1.78,1.58,63.14,-16.56556,-69.04167,3808
Desaguadero,2003-11-29,9.97,17.11,5.64,73.6,4.94,1.84,63.04,-16.56556,-69.04167,3808
Desaguadero,2003-11-30,10.67,18.08,4.46,65.99,0.76,1.96,63.07,-16.56556,-69.04167,3808
Desaguadero,2003-12-01,8.94,12.93,5.37,73.99,1.99,2.71,63.14,-16.56556,-69.04167,3808
Desaguadero,2003-12-02,11.11,19.43,5.16,55.76,0.18,1.59,63.05,-16.56556,-69.04167,3808
Desaguadero,2003-12-03,11.11,20.52,1.43,44.76,0.03,2.38,62.99,-16.56556,-69.04167,3808
Desaguadero,2003-12-04,9.79,12.72,7.56,71.17,0.01,1.83,63.1,-16.56556,-69.04167,3808
Desaguadero,2003-12-05,11.49,18.42,7.13,66.1,0.0,2.46,63.13,-16.56556,-69.04167,3808
Desaguadero,2003-12-06,9.48,12.8,7.0,74.76,0.36,3.03,63.19,-16.56556,-69.04167,3808
Desaguadero,2003-12-07,8.04,12.99,2.86,79.18,0.08,2.41,63.18,-16.56556,-69.04167,3808
Desaguadero,2003-12-08,11.29,18.92,6.09,68.03,2.0,2.9,63.17,-16.56556,-69.04167,3808
Desaguadero,2003-12-09,8.03,15.22,3.66,77.35,3.43,2.53,63.18,-16.56556,-69.04167,3808
Desaguadero,2003-12-10,8.06,14.16,2.5,69.31,0.33,2.79,63.13,-16.56556,-69.04167,3808
Desaguadero,2003-12-11,10.67,20.29,1.13,51.06,0.22,3.09,63.13,-16.56556,-69.04167,3808
Desaguadero,2003-12-12,9.28,14.72,3.72,76.63,13.96,3.2,63.12,-16.56556,-69.04167,3808
Desaguadero,2003-12-13,9.92,18.26,2.31,61.83,5.55,1.41,63.02,-16.56556,-69.04167,3808
Desaguadero,2003-12-14,10.79,19.08,3.08,55.9,0.88,1.7,63.03,-16.56556,-69.04167,3808
Desaguadero,2003-12-15,10.6,17.52,4.66,64.22,0.16,2.46,63.11,-16.56556,-69.04167,3808
Desaguadero,2003-12-16,10.41,16.49,5.78,70.4,0.28,4.5,63.18,-16.56556,-69.04167,3808
Desaguadero,2003-12-17,9.27,16.33,5.87,70.82,0.05,3.97,63.26,-16.56556,-69.04167,3808
Desaguadero,2003-12-18,9.54,16.82,3.73,65.59,0.02,3.68,63.33,-16.56556,-69.04167,3808
Desaguadero,2003-12-19,9.64,17.23,2.68,66.48,0.57,3.78,63.37,-16.56556,-69.04167,3808
Desaguadero,2003-12-20,10.47,18.73,4.05,67.74,1.06,3.43,63.33,-16.56556,-69.04167,3808
Desaguadero,2003-12-21,10.79,17.39,5.65,65.79,0.32,2.57,63.29,-16.56556,-69.04167,3808
Desaguadero,2003-12-22,11.29,17.8,6.69,66.33,2.27,2.68,63.19,-16.56556,-69.04167,3808
Desaguadero,2003-12-23,7.92,12.32,3.89,81.67,9.19,3.12,63.14,-16.56556,-69.04167,3808
Desaguadero,2003-12-24,6.92,15.6,2.58,79.17,7.51,1.74,63.22,-16.56556,-69.04167,3808
Desaguadero,2003-12-25,8.76,14.72,4.88,73.53,7.57,3.07,63.28,-16.56556,-69.04167,3808
Desaguadero,2003-12-26,8.9,15.42,3.86,75.23,34.41,3.26,63.19,-16.56556,-69.04167,3808
Desaguadero,2003-12-27,10.3,18.04,2.63,64.78,8.56,2.56,63.01,-16.56556,-69.04167,3808
Desaguadero,2003-12-28,8.56,15.64,4.72,74.7,2.81,2.25,62.96,-16.56556,-69.04167,3808
Desaguadero,2003-12-29,7.72,12.33,3.29,77.73,1.7,3.69,63.02,-16.56556,-69.04167,3808
Desaguadero,2003-12-30,9.52,16.1,3.78,73.05,5.03,3.7,62.98,-16.56556,-69.04167,3808
Desaguadero,2003-12-31,9.83,17.72,2.38,69.95,3.52,2.0,63.12,-16.56556,-69.04167,3808
Desaguadero,2004-01-01,7.83,14.06,2.42,81.1,9.82,2.54,63.25,-16.56556,-69.04167,3808
Desaguadero,2004-01-02,9.83,16.35,5.65,75.24,1.34,2.88,63.2,-16.56556,-69.04167,3808
Desaguadero,2004-01-03,10.57,16.63,6.33,74.28,0.23,2.11,63.15,-16.56556,-69.04167,3808
Desaguadero,2004-01-04,10.92,16.44,6.23,68.34,0.15,2.2,63.14,-16.56556,-69.04167,3808
Desaguadero,2004-01-05,9.59,17.19,4.19,62.6,0.75,3.65,63.16,-16.56556,-69.04167,3808
Desaguadero,2004-01-06,8.54,14.76,3.63,72.29,4.42,3.79,63.13,-16.56556,-69.04167,3808
Desaguadero,2004-01-07,10.11,17.05,5.12,74.05,5.06,2.84,63.16,-16.56556,-69.04167,3808
Desaguadero,2004-01-08,7.4,10.99,2.19,81.89,7.22,2.0,63.19,-16.56556,-69.04167,3808
Desaguadero,2004-01-09,8.48,16.77,1.68,73.69,7.55,1.47,63.16,-16.56556,-69.04167,3808
Desaguadero,2004-01-10,8.96,16.18,4.14,74.98,5.88,2.64,63.15,-16.56556,-69.04167,3808
Desaguadero,2004-01-11,8.37,14.67,3.87,76.0,11.98,2.68,63.23,-16.56556,-69.04167,3808
Desaguadero,2004-01-12,9.18,16.42,3.9,74.98,4.06,2.93,63.25,-16.56556,-69.04167,3808
Desaguadero,2004-01-13,8.89,17.44,2.85,74.39,6.33,1.58,63.13,-16.56556,-69.04167,3808
Desaguadero,2004-01-14,6.86,11.45,2.46,81.04,24.85,2.8,63.07,-16.56556,-69.04167,3808
Desaguadero,2004-01-15,5.57,8.64,2.27,85.26,13.41,1.9,63.09,-16.56556,-69.04167,3808
Desaguadero,2004-01-16,7.69,15.32,1.7,74.14,5.23,1.51,63.08,-16.56556,-69.04167,3808
Desaguadero,2004-01-17,7.99,15.75,1.86,72.09,7.13,2.43,63.14,-16.56556,-69.04167,3808
Desaguadero,2004-01-18,8.9,15.66,2.37,69.49,3.16,1.78,63.13,-16.56556,-69.04167,3808
Desaguadero,2004-01-19,8.69,14.27,4.54,74.59,1.68,2.09,63.09,-16.56556,-69.04167,3808
Desaguadero,2004-01-20,8.06,14.41,3.31,75.23,4.82,1.39,63.08,-16.56556,-69.04167,3808
Desaguadero,2004-01-21,6.57,14.18,1.88,77.85,6.0,1.61,63.14,-16.56556,-69.04167,3808
Desaguadero,2004-01-22,7.43,14.43,1.69,77.23,8.91,2.14,63.15,-16.56556,-69.04167,3808
Desaguadero,2004-01-23,7.87,12.97,3.69,77.46,9.17,1.98,63.13,-16.56556,-69.04167,3808
Desaguadero,2004-01-24,8.87,15.63,3.5,75.59,2.07,2.58,63.18,-16.56556,-69.04167,3808
Desaguadero,2004-01-25,8.71,13.97,4.13,78.84,5.01,2.91,63.19,-16.56556,-69.04167,3808
Desaguadero,2004-01-26,10.03,17.35,4.16,72.24,0.76,2.39,63.23,-16.56556,-69.04167,3808
Desaguadero,2004-01-27,9.09,14.55,4.17,76.4,0.67,2.25,63.28,-16.56556,-69.04167,3808
Desaguadero,2004-01-28,9.2,17.73,1.6,66.99,7.57,2.76,63.3,-16.56556,-69.04167,3808
Desaguadero,2004-01-29,8.31,15.16,3.06,70.43,2.52,2.8,63.27,-16.56556,-69.04167,3808
Desaguadero,2004-01-30,8.34,15.99,1.39,69.28,0.7,2.98,63.22,-16.56556,-69.04167,3808
Desaguadero,2004-01-31,9.75,18.51,3.21,69.9,0.14,2.8,63.19,-16.56556,-69.04167,3808
Desaguadero,2004-02-01,10.01,17.13,4.83,72.97,0.01,2.74,63.23,-16.56556,-69.04167,3808
Desaguadero,2004-02-02,10.03,16.28,4.38,72.45,3.81,2.61,63.18,-16.56556,-69.04167,3808
Desaguadero,2004-02-03,9.37,14.26,5.58,75.6,0.6,2.03,63.1,-16.56556,-69.04167,3808
Desaguadero,2004-02-04,9.56,15.81,5.3,77.52,3.92,2.14,63.08,-16.56556,-69.04167,3808
Desaguadero,2004-02-05,8.09,12.44,5.32,82.79,4.57,4.13,63.2,-16.56556,-69.04167,3808
Desaguadero,2004-02-06,8.73,15.2,3.95,77.31,9.35,4.14,63.23,-16.56556,-69.04167,3808
Desaguadero,2004-02-07,8.73,15.5,4.11,78.64,5.21,3.47,63.18,-16.56556,-69.04167,3808
Desaguadero,2004-02-08,9.4,16.15,4.03,77.3,5.17,3.05,63.22,-16.56556,-69.04167,3808
Desaguadero,2004-02-09,9.18,16.61,3.51,76.73,6.98,3.43,63.21,-16.56556,-69.04167,3808
Desaguadero,2004-02-10,8.8,15.25,3.67,76.41,3.29,3.43,63.15,-16.56556,-69.04167,3808
Desaguadero,2004-02-11,8.42,15.19,2.81,77.16,6.06,3.41,63.13,-16.56556,-69.04167,3808
Desaguadero,2004-02-12,9.42,15.19,4.58,76.19,2.74,2.06,63.19,-16.56556,-69.04167,3808
Desaguadero,2004-02-13,9.22,14.43,5.34,76.31,5.99,1.62,63.23,-16.56556,-69.04167,3808
Desaguadero,2004-02-14,7.35,12.73,3.89,81.64,3.99,2.36,63.18,-16.56556,-69.04167,3808
Desaguadero,2004-02-15,7.75,13.23,2.58,81.05,1.41,2.58,63.19,-16.56556,-69.04167,3808
Desaguadero,2004-02-16,9.71,17.29,3.02,71.99,0.08,1.8,63.22,-16.56556,-69.04167,3808
Desaguadero,2004-02-17,10.83,17.84,5.16,69.55,0.82,2.28,63.27,-16.56556,-69.04167,3808
Desaguadero,2004-02-18,8.97,12.85,5.52,79.45,2.47,2.18,63.3,-16.56556,-69.04167,3808
Desaguadero,2004-02-19,8.19,14.83,3.58,74.59,4.56,3.26,63.24,-16.56556,-69.04167,3808
Desaguadero,2004-02-20,7.78,14.55,3.17,74.84,6.95,3.24,63.15,-16.56556,-69.04167,3808
Desaguadero,2004-02-21,7.61,14.4,2.89,74.7,3.86,2.84,63.23,-16.56556,-69.04167,3808
Desaguadero,2004-02-22,9.29,17.37,3.39,66.23,0.35,1.51,63.3,-16.56556,-69.04167,3808
Desaguadero,2004-02-23,9.45,16.59,3.9,69.66,0.0,2.09,63.26,-16.56556,-69.04167,3808
Desaguadero,2004-02-24,9.59,16.56,4.16,69.95,0.0,2.52,63.14,-16.56556,-69.04167,3808
Desaguadero,2004-02-25,8.94,15.7,3.98,68.94,0.0,2.74,63.18,-16.56556,-69.04167,3808
Desaguadero,2004-02-26,8.85,17.25,2.45,61.37,0.0,2.79,63.38,-16.56556,-69.04167,3808
Desaguadero,2004-02-27,7.99,17.18,0.92,59.52,0.0,2.66,63.44,-16.56556,-69.04167,3808
Desaguadero,2004-02-28,8.49,17.62,1.29,53.31,0.0,2.22,63.31,-16.56556,-69.04167,3808
Desaguadero,2004-02-29,9.3,18.15,3.03,52.16,0.0,2.78,63.25,-16.56556,-69.04167,3808
Desaguadero,2004-03-01,10.22,18.99,2.89,59.47,0.44,1.9,63.36,-16.56556,-69.04167,3808
Desaguadero,2004-03-02,10.79,19.59,2.97,59.88,0.01,2.69,63.36,-16.56556,-69.04167,3808
Desaguadero,2004-03-03,9.38,14.29,5.29,77.01,2.9,2.69,63.35,-16.56556,-69.04167,3808
Desaguadero,2004-03-04,10.28,18.19,4.67,70.01,1.67,2.26,63.3,-16.56556,-69.04167,3808
Desaguadero,2004-03-05,10.15,18.44,3.16,64.75,0.04,2.91,63.39,-16.56556,-69.04167,3808
Desaguadero,2004-03-06,9.88,18.89,2.68,63.97,0.6,2.17,63.35,-16.56556,-69.04167,3808
Desaguadero,2004-03-07,9.78,18.13,3.49,66.28,0.36,2.42,63.32,-16.56556,-69.04167,3808
Desaguadero,2004-03-08,8.2,14.57,3.55,73.84,0.72,3.18,63.34,-16.56556,-69.04167,3808
Desaguadero,2004-03-09,6.83,12.16,2.69,77.8,2.58,3.77,63.37,-16.56556,-69.04167,3808
Desaguadero,2004-03-10,8.11,14.65,3.49,79.47,2.86,3.34,63.43,-16.56556,-69.04167,3808
Desaguadero,2004-03-11,9.68,17.37,3.56,72.26,0.43,2.39,63.34,-16.56556,-69.04167,3808
Desaguadero,2004-03-12,9.59,16.41,4.2,71.62,0.23,2.8,63.2,-16.56556,-69.04167,3808
Desaguadero,2004-03-13,10.01,17.76,3.46,72.14,0.02,2.56,63.22,-16.56556,-69.04167,3808
Desaguadero,2004-03-14,10.33,17.48,4.91,73.46,0.52,2.46,63.34,-16.56556,-69.04167,3808
Desaguadero,2004-03-15,9.75,16.71,6.03,73.55,0.04,1.47,63.33,-16.56556,-69.04167,3808
Desaguadero,2004-03-16,10.38,17.3,5.68,71.97,0.0,2.17,63.23,-16.56556,-69.04167,3808
Desaguadero,2004-03-17,10.36,17.52,5.03,72.47,0.07,2.13,63.17,-16.56556,-69.04167,3808
Desaguadero,2004-03-18,11.27,18.03,5.73,70.41,0.84,2.14,63.13,-16.56556,-69.04167,3808
Desaguadero,2004-03-19,7.65,11.56,2.98,84.03,0.65,3.17,63.19,-16.56556,-69.04167,3808
Desaguadero,2004-03-20,9.71,17.39,5.13,70.84,0.16,2.99,63.2,-16.56556,-69.04167,3808
Desaguadero,2004-03-21,9.16,17.05,3.51,71.42,1.85,2.85,63.17,-16.56556,-69.04167,3808
Desaguadero,2004-03-22,8.29,14.86,4.51,76.12,0.35,3.01,63.2,-16.56556,-69.04167,3808
Desaguadero,2004-03-23,7.92,13.96,2.73,76.82,9.19,2.48,63.27,-16.56556,-69.04167,3808
Desaguadero,2004-03-24,7.38,12.73,3.87,82.91,12.79,1.76,63.26,-16.56556,-69.04167,3808
Desaguadero,2004-03-25,7.86,12.78,3.56,78.24,4.23,1.84,63.2,-16.56556,-69.04167,3808
Desaguadero,2004-03-26,9.29,16.44,4.16,73.47,3.04,1.62,63.14,-16.56556,-69.04167,3808
Desaguadero,2004-03-27,7.77,14.13,3.14,77.29,0.88,2.62,63.11,-16.56556,-69.04167,3808
Desaguadero,2004-03-28,7.94,14.23,3.01,77.0,2.15,2.23,63.14,-16.56556,-69.04167,3808
Desaguadero,2004-03-29,7.99,14.6,2.93,79.57,2.96,3.1,63.22,-16.56556,-69.04167,3808
Desaguadero,2004-03-30,8.01,14.08,4.29,79.11,4.83,3.81,63.3,-16.56556,-69.04167,3808
Desaguadero,2004-03-31,9.15,16.19,3.76,75.58,0.45,2.03,63.28,-16.56556,-69.04167,3808
Desaguadero,2004-04-01,10.15,16.58,6.16,74.99,1.09,2.29,63.27,-16.56556,-69.04167,3808
Desaguadero,2004-04-02,9.9,16.08,5.33,73.9,2.22,3.01,63.31,-16.56556,-69.04167,3808
Desaguadero,2004-04-03,10.15,17.11,5.4,71.6,4.63,2.0,63.32,-16.56556,-69.04167,3808
Desaguadero,2004-04-04,9.07,16.11,3.85,75.37,3.22,2.59,63.38,-16.56556,-69.04167,3808
Desaguadero,2004-04-05,9.31,16.97,3.4,70.17,0.51,2.22,63.44,-16.56556,-69.04167,3808
Desaguadero,2004-04-06,11.37,18.06,6.43,67.21,0.01,1.64,63.29,-16.56556,-69.04167,3808
Desaguadero,2004-04-07,8.94,12.28,6.19,79.78,0.58,1.52,63.26,-16.56556,-69.04167,3808
Desaguadero,2004-04-08,9.88,16.12,5.3,70.29,3.04,2.37,63.3,-16.56556,-69.04167,3808
Desaguadero,2004-04-09,9.05,16.16,4.04,71.51,0.31,2.59,63.43,-16.56556,-69.04167,3808
Desaguadero,2004-04-10,9.45,16.61,3.87,72.33,0.29,1.79,63.29,-16.56556,-69.04167,3808
Desaguadero,2004-04-11,10.15,17.72,4.73,69.76,0.15,1.79,63.14,-16.56556,-69.04167,3808
Desaguadero,2004-04-12,9.65,17.18,4.72,72.66,0.0,2.15,63.18,-16.56556,-69.04167,3808
Desaguadero,2004-04-13,10.14,18.48,4.14,67.61,0.0,1.93,63.27,-16.56556,-69.04167,3808
Desaguadero,2004-04-14,10.52,18.66,4.04,64.44,0.02,1.66,63.18,-16.56556,-69.04167,3808
Desaguadero,2004-04-15,7.98,12.36,4.69,73.65,1.07,2.22,63.17,-16.56556,-69.04167,3808
Desaguadero,2004-04-16,7.99,14.85,2.2,73.18,1.48,1.93,63.17,-16.56556,-69.04167,3808
Desaguadero,2004-04-17,7.94,12.47,4.64,78.61,4.35,2.06,63.24,-16.56556,-69.04167,3808
Desaguadero,2004-04-18,7.1,13.61,2.8,78.22,0.67,1.56,63.3,-16.56556,-69.04167,3808
Desaguadero,2004-04-19,8.11,14.08,4.52,78.5,1.31,2.3,63.27,-16.56556,-69.04167,3808
Desaguadero,2004-04-20,7.64,15.03,2.35,77.66,0.92,2.46,63.18,-16.56556,-69.04167,3808
Desaguadero,2004-04-21,7.59,15.18,1.96,67.07,0.06,2.43,63.12,-16.56556,-69.04167,3808
Desaguadero,2004-04-22,8.29,14.81,3.32,65.24,0.4,2.14,63.14,-16.56556,-69.04167,3808
Desaguadero,2004-04-23,8.14,15.98,1.18,62.47,0.34,1.55,63.2,-16.56556,-69.04167,3808
Desaguadero,2004-04-24,5.85,10.95,1.77,72.46,0.95,1.35,63.3,-16.56556,-69.04167,3808
Desaguadero,2004-04-25,6.72,11.85,3.45,81.43,4.89,1.29,63.37,-16.56556,-69.04167,3808
Desaguadero,2004-04-26,7.92,14.99,2.11,72.33,0.06,2.44,63.31,-16.56556,-69.04167,3808
Desaguadero,2004-04-27,6.29,14.75,0.25,71.89,1.36,2.59,63.32,-16.56556,-69.04167,3808
Desaguadero,2004-04-28,6.98,16.06,0.71,66.7,0.06,2.08,63.36,-16.56556,-69.04167,3808
Desaguadero,2004-04-29,8.4,16.29,2.24,72.61,0.71,2.11,63.31,-16.56556,-69.04167,3808
Desaguadero,2004-04-30,8.06,13.31,3.7,80.44,1.01,2.31,63.26,-16.56556,-69.04167,3808
Desaguadero,2004-05-01,7.96,15.85,2.87,72.5,0.12,1.92,63.12,-16.56556,-69.04167,3808
Desaguadero,2004-05-02,8.16,16.16,2.46,68.12,0.0,1.63,63.16,-16.56556,-69.04167,3808
Desaguadero,2004-05-03,6.58,10.42,3.36,79.8,3.19,2.31,63.31,-16.56556,-69.04167,3808
Desaguadero,2004-05-04,6.15,10.92,3.37,81.78,2.08,3.31,63.34,-16.56556,-69.04167,3808
Desaguadero,2004-05-05,5.62,12.91,-0.38,70.5,0.19,2.47,63.17,-16.56556,-69.04167,3808
Desaguadero,2004-05-06,4.63,15.78,-3.77,42.61,0.01,2.74,63.15,-16.56556,-69.04167,3808
Desaguadero,2004-05-07,4.73,14.76,-2.97,47.37,0.11,1.87,63.24,-16.56556,-69.04167,3808
Desaguadero,2004-05-08,6.62,14.15,0.71,61.36,0.13,1.62,63.29,-16.56556,-69.04167,3808
Desaguadero,2004-05-09,6.07,15.09,-1.36,44.76,0.0,2.03,63.26,-16.56556,-69.04167,3808
Desaguadero,2004-05-10,6.5,15.51,-0.72,47.26,0.0,1.81,63.26,-16.56556,-69.04167,3808
Desaguadero,2004-05-11,8.01,16.22,2.18,58.59,0.0,1.81,63.24,-16.56556,-69.04167,3808
Desaguadero,2004-05-12,6.89,16.01,0.5,44.14,0.24,2.05,63.22,-16.56556,-69.04167,3808
Desaguadero,2004-05-13,6.42,14.9,0.17,48.52,0.71,2.07,63.19,-16.56556,-69.04167,3808
Desaguadero,2004-05-14,6.55,14.71,0.96,62.77,0.61,2.79,63.04,-16.56556,-69.04167,3808
Desaguadero,2004-05-15,4.69,14.94,-2.05,37.47,0.01,2.72,63.08,-16.56556,-69.04167,3808
Desaguadero,2004-05-16,4.0,14.32,-3.05,35.47,0.0,2.74,63.17,-16.56556,-69.04167,3808
Desaguadero,2004-05-17,4.84,14.43,-2.8,38.0,0.02,1.8,63.21,-16.56556,-69.04167,3808
Desaguadero,2004-05-18,5.16,14.59,-1.54,52.88,0.0,1.92,63.24,-16.56556,-69.04167,3808
Desaguadero,2004-05-19,5.25,13.37,-0.67,62.21,0.0,2.13,63.37,-16.56556,-69.04167,3808
Desaguadero,2004-05-20,6.32,13.17,1.85,72.26,0.0,1.93,63.42,-16.56556,-69.04167,3808
Desaguadero,2004-05-21,6.01,14.38,-0.31,59.44,0.0,1.97,63.29,-16.56556,-69.04167,3808
Desaguadero,2004-05-22,6.15,13.91,0.45,70.54,0.0,2.73,63.15,-16.56556,-69.04167,3808
Desaguadero,2004-05-23,5.74,13.25,-0.5,66.86,0.22,3.21,63.15,-16.56556,-69.04167,3808
Desaguadero,2004-05-24,6.15,13.6,-0.19,64.63,0.26,2.99,63.23,-16.56556,-69.04167,3808
Desaguadero,2004-05-25,6.31,14.64,0.93,57.44,0.05,2.07,63.25,-16.56556,-69.04167,3808
Desaguadero,2004-05-26,6.24,13.55,1.47,67.17,0.04,2.11,63.27,-16.56556,-69.04167,3808
Desaguadero,2004-05-27,5.48,14.51,-0.23,49.37,0.03,1.51,63.29,-16.56556,-69.04167,3808
Desaguadero,2004-05-28,4.94,14.83,-1.81,30.74,0.03,1.57,63.31,-16.56556,-69.04167,3808
Desaguadero,2004-05-29,5.49,14.63,-1.25,39.33,0.0,1.71,63.28,-16.56556,-69.04167,3808
Desaguadero,2004-05-30,5.29,13.56,0.05,63.31,0.07,2.88,63.26,-16.56556,-69.04167,3808
Desaguadero,2004-05-31,4.41,12.34,-0.73,59.11,0.03,2.44,63.24,-16.56556,-69.04167,3808
Desaguadero,2004-06-01,5.13,12.56,0.14,70.54,0.0,3.4,63.18,-16.56556,-69.04167,3808
Desaguadero,2004-06-02,5.15,13.01,-0.24,70.76,0.01,2.31,63.31,-16.56556,-69.04167,3808
Desaguadero,2004-06-03,4.67,13.43,-1.74,72.13,0.0,2.01,63.39,-16.56556,-69.04167,3808
Desaguadero,2004-06-04,5.56,14.53,-0.99,65.63,0.0,1.48,63.33,-16.56556,-69.04167,3808
Desaguadero,2004-06-05,6.13,15.09,0.06,59.68,0.0,1.56,63.2,-16.56556,-69.04167,3808
Desaguadero,2004-06-06,5.32,12.29,0.41,73.24,0.05,3.13,63.17,-16.56556,-69.04167,3808
Desaguadero,2004-06-07,3.47,8.68,0.35,84.3,2.66,3.26,63.23,-16.56556,-69.04167,3808
Desaguadero,2004-06-08,4.55,12.73,-1.52,53.39,0.01,2.71,63.27,-16.56556,-69.04167,3808
Desaguadero,2004-06-09,4.02,11.78,-1.92,36.91,0.0,2.56,63.22,-16.56556,-69.04167,3808
Desaguadero,2004-06-10,3.29,11.14,-2.84,43.26,0.04,2.27,63.24,-16.56556,-69.04167,3808
Desaguadero,2004-06-11,5.5,12.63,0.27,71.28,0.02,2.94,63.37,-16.56556,-69.04167,3808
Desaguadero,2004-06-12,5.32,11.15,1.52,78.39,0.0,2.56,63.51,-16.56556,-69.04167,3808
Desaguadero,2004-06-13,5.81,14.33,-0.04,56.67,0.0,1.61,63.44,-16.56556,-69.04167,3808
Desaguadero,2004-06-14,4.57,13.5,-1.56,48.73,0.0,1.87,63.35,-16.56556,-69.04167,3808
Desaguadero,2004-06-15,4.84,12.69,-0.67,74.53,0.0,2.49,63.3,-16.56556,-69.04167,3808
Desaguadero,2004-06-16,5.74,14.03,-0.85,60.27,0.0,1.91,63.28,-16.56556,-69.04167,3808
Desaguadero,2004-06-17,5.09,14.38,-1.6,55.7,0.0,2.07,63.38,-16.56556,-69.04167,3808
Desaguadero,2004-06-18,5.63,14.3,-0.24,68.69,0.0,1.57,63.43,-16.56556,-69.04167,3808
Desaguadero,2004-06-19,5.82,14.01,0.2,66.84,0.0,1.28,63.41,-16.56556,-69.04167,3808
Desaguadero,2004-06-20,5.6,13.95,0.57,54.71,0.0,1.97,63.33,-16.56556,-69.04167,3808
Desaguadero,2004-06-21,5.11,12.88,-0.06,44.38,0.02,1.8,63.32,-16.56556,-69.04167,3808
Desaguadero,2004-06-22,6.2,12.89,1.47,75.85,0.55,2.32,63.3,-16.56556,-69.04167,3808
Desaguadero,2004-06-23,6.79,12.36,2.83,68.74,0.02,1.5,63.31,-16.56556,-69.04167,3808
Desaguadero,2004-06-24,3.73,9.85,-0.35,61.38,0.0,2.23,63.26,-16.56556,-69.04167,3808
Desaguadero,2004-06-25,4.61,12.88,-1.55,56.16,0.1,2.0,63.1,-16.56556,-69.04167,3808
Desaguadero,2004-06-26,4.77,11.12,1.11,60.42,0.09,2.72,63.16,-16.56556,-69.04167,3808
Desaguadero,2004-06-27,4.39,11.01,-0.12,62.65,0.01,2.55,63.26,-16.56556,-69.04167,3808
Desaguadero,2004-06-28,5.09,13.75,-1.34,51.72,0.11,1.68,63.25,-16.56556,-69.04167,3808
Desaguadero,2004-06-29,5.29,13.16,-0.42,60.72,1.22,2.03,63.2,-16.56556,-69.04167,3808
Desaguadero,2004-06-30,3.94,7.22,1.86,87.37,0.13,3.35,63.26,-16.56556,-69.04167,3808
Desaguadero,2004-07-01,5.26,10.62,1.83,79.56,1.47,4.64,63.2,-16.56556,-69.04167,3808
Desaguadero,2004-07-02,4.87,9.83,1.3,82.44,5.44,4.76,63.13,-16.56556,-69.04167,3808
Desaguadero,2004-07-03,4.89,9.53,1.59,85.19,2.55,5.15,63.17,-16.56556,-69.04167,3808
Desaguadero,2004-07-04,4.98,10.39,1.21,82.9,1.54,3.75,63.28,-16.56556,-69.04167,3808
Desaguadero,2004-07-05,5.29,11.01,1.86,82.87,3.28,3.33,63.38,-16.56556,-69.04167,3808
Desaguadero,2004-07-06,5.69,11.88,0.56,76.96,0.53,2.35,63.27,-16.56556,-69.04167,3808
Desaguadero,2004-07-07,5.28,14.14,-2.79,60.64,0.02,3.43,63.01,-16.56556,-69.04167,3808
Desaguadero,2004-07-08,3.48,13.07,-4.05,47.46,0.04,1.44,63.1,-16.56556,-69.04167,3808
Desaguadero,2004-07-09,6.09,14.53,-0.86,60.35,0.02,1.67,63.08,-16.56556,-69.04167,3808
Desaguadero,2004-07-10,4.39,13.3,-2.45,53.84,0.01,2.42,63.2,-16.56556,-69.04167,3808
Desaguadero,2004-07-11,3.83,8.76,-1.48,74.63,0.0,1.19,63.17,-16.56556,-69.04167,3808
Desaguadero,2004-07-12,3.9,13.87,-3.19,44.0,0.0,2.44,63.09,-16.56556,-69.04167,3808
Desaguadero,2004-07-13,4.56,14.31,-3.39,41.99,0.0,1.74,63.13,-16.56556,-69.04167,3808
Desaguadero,2004-07-14,5.07,13.63,-1.15,55.34,0.0,1.4,63.23,-16.56556,-69.04167,3808
Desaguadero,2004-07-15,5.16,12.1,1.02,71.06,0.0,2.71,63.31,-16.56556,-69.04167,3808
Desaguadero,2004-07-16,4.91,11.22,0.17,75.69,0.47,2.96,63.34,-16.56556,-69.04167,3808
Desaguadero,2004-07-17,3.75,9.05,0.53,81.31,3.15,3.31,63.27,-16.56556,-69.04167,3808
Desaguadero,2004-07-18,3.49,12.94,-3.95,46.38,0.07,2.99,63.23,-16.56556,-69.04167,3808
Desaguadero,2004-07-19,3.03,13.42,-4.39,43.62,0.0,1.49,63.3,-16.56556,-69.04167,3808
Desaguadero,2004-07-20,2.62,12.01,-2.87,66.77,0.0,2.89,63.3,-16.56556,-69.04167,3808
Desaguadero,2004-07-21,4.07,12.82,-2.78,62.99,0.0,1.78,63.23,-16.56556,-69.04167,3808
Desaguadero,2004-07-22,3.86,12.56,-2.11,47.42,0.0,1.85,63.15,-16.56556,-69.04167,3808
Desaguadero,2004-07-23,3.72,9.7,0.51,81.65,0.0,2.28,63.16,-16.56556,-69.04167,3808
Desaguadero,2004-07-24,4.54,11.68,-0.5,73.06,0.0,2.15,63.19,-16.56556,-69.04167,3808
Desaguadero,2004-07-25,4.47,9.74,0.19,81.63,0.03,2.45,63.21,-16.56556,-69.04167,3808
Desaguadero,2004-07-26,5.56,11.73,1.17,80.03,0.0,2.63,63.27,-16.56556,-69.04167,3808
Desaguadero,2004-07-27,7.07,14.15,2.12,76.81,0.01,3.26,63.27,-16.56556,-69.04167,3808
Desaguadero,2004-07-28,7.62,14.94,3.04,73.57,0.06,2.56,63.18,-16.56556,-69.04167,3808
Desaguadero,2004-07-29,6.45,13.35,2.0,76.91,3.43,3.4,63.2,-16.56556,-69.04167,3808
Desaguadero,2004-07-30,4.68,11.11,0.09,78.21,2.93,2.74,63.27,-16.56556,-69.04167,3808
Desaguadero,2004-07-31,6.11,14.75,-0.24,64.4,0.0,1.74,63.26,-16.56556,-69.04167,3808
Desaguadero,2004-08-01,6.35,15.37,-0.49,52.4,0.0,1.91,63.21,-16.56556,-69.04167,3808
Desaguadero,2004-08-02,6.64,15.79,0.14,57.57,0.0,2.49,63.17,-16.56556,-69.04167,3808
Desaguadero,2004-08-03,6.98,16.12,1.48,70.05,0.0,2.83,63.21,-16.56556,-69.04167,3808
Desaguadero,2004-08-04,7.21,15.67,1.44,67.56,0.0,2.08,63.33,-16.56556,-69.04167,3808
Desaguadero,2004-08-05,5.46,14.41,-0.73,70.44,0.18,2.85,63.37,-16.56556,-69.04167,3808
Desaguadero,2004-08-06,4.28,12.4,-2.29,70.55,0.12,3.49,63.45,-16.56556,-69.04167,3808
Desaguadero,2004-08-07,4.12,11.21,-1.42,73.19,0.05,3.37,63.46,-16.56556,-69.04167,3808
Desaguadero,2004-08-08,4.58,11.08,-0.34,70.3,0.0,1.94,63.4,-16.56556,-69.04167,3808
Desaguadero,2004-08-09,4.32,11.36,-0.53,65.62,0.0,1.74,63.37,-16.56556,-69.04167,3808
Desaguadero,2004-08-10,5.22,13.51,0.19,66.92,0.0,2.58,63.39,-16.56556,-69.04167,3808
Desaguadero,2004-08-11,4.25,11.66,0.11,70.36,0.19,2.57,63.49,-16.56556,-69.04167,3808
Desaguadero,2004-08-12,5.63,13.95,0.63,67.59,0.07,2.83,63.44,-16.56556,-69.04167,3808
Desaguadero,2004-08-13,4.64,13.01,-0.85,71.58,0.0,3.0,63.38,-16.56556,-69.04167,3808
Desaguadero,2004-08-14,5.02,13.05,-0.72,71.29,0.0,3.6,63.28,-16.56556,-69.04167,3808
Desaguadero,2004-08-15,5.28,11.18,0.08,76.58,0.2,4.51,63.19,-16.56556,-69.04167,3808
Desaguadero,2004-08-16,5.98,11.76,2.15,79.74,0.0,4.28,63.18,-16.56556,-69.04167,3808
Desaguadero,2004-08-17,5.81,12.34,1.97,78.07,1.58,2.79,63.24,-16.56556,-69.04167,3808
Desaguadero,2004-08-18,4.63,9.52,1.72,84.16,1.5,3.39,63.3,-16.56556,-69.04167,3808
Desaguadero,2004-08-19,6.36,11.93,2.43,77.92,0.32,4.23,63.36,-16.56556,-69.04167,3808
Desaguadero,2004-08-20,7.71,14.0,3.26,74.75,2.02,2.71,63.32,-16.56556,-69.04167,3808
Desaguadero,2004-08-21,6.45,13.47,1.75,77.2,2.18,2.65,63.29,-16.56556,-69.04167,3808
Desaguadero,2004-08-22,6.16,11.74,3.65,81.27,0.63,4.57,63.22,-16.56556,-69.04167,3808
Desaguadero,2004-08-23,5.84,10.81,3.15,78.92,0.3,5.88,63.22,-16.56556,-69.04167,3808
Desaguadero,2004-08-24,4.76,10.73,0.82,78.24,10.27,5.88,63.16,-16.56556,-69.04167,3808
Desaguadero,2004-08-25,4.21,9.85,0.73,76.25,1.13,2.77,63.18,-16.56556,-69.04167,3808
Desaguadero,2004-08-26,4.23,11.95,-2.64,53.63,0.01,2.81,63.17,-16.56556,-69.04167,3808
Desaguadero,2004-08-27,4.15,13.23,-4.86,39.48,0.0,2.3,63.22,-16.56556,-69.04167,3808
Desaguadero,2004-08-28,3.83,9.29,0.17,68.27,0.0,1.85,63.35,-16.56556,-69.04167,3808
Desaguadero,2004-08-29,5.45,13.7,-0.32,70.75,0.0,2.81,63.4,-16.56556,-69.04167,3808
Desaguadero,2004-08-30,6.08,14.34,0.78,61.21,0.0,2.34,63.47,-16.56556,-69.04167,3808
Desaguadero,2004-08-31,7.01,15.59,-0.04,67.0,0.0,2.04,63.45,-16.56556,-69.04167,3808
Desaguadero,2004-09-01,7.83,15.67,2.67,71.33,0.0,2.48,63.36,-16.56556,-69.04167,3808
Desaguadero,2004-09-02,7.24,13.22,2.88,75.17,0.06,2.77,63.38,-16.56556,-69.04167,3808
Desaguadero,2004-09-03,7.13,15.28,0.42,68.39,0.17,2.71,63.42,-16.56556,-69.04167,3808
Desaguadero,2004-09-04,8.72,16.83,2.71,64.34,0.07,1.76,63.32,-16.56556,-69.04167,3808
Desaguadero,2004-09-05,8.79,16.93,2.76,67.77,0.12,2.49,63.2,-16.56556,-69.04167,3808
Desaguadero,2004-09-06,8.35,15.38,3.81,70.08,0.88,2.15,63.08,-16.56556,-69.04167,3808
Desaguadero,2004-09-07,7.57,16.27,-1.13,50.3,0.0,1.94,63.01,-16.56556,-69.04167,3808
Desaguadero,2004-09-08,6.33,11.31,2.14,74.15,0.46,2.64,63.12,-16.56556,-69.04167,3808
Desaguadero,2004-09-09,6.55,12.39,2.86,77.75,1.63,3.86,63.27,-16.56556,-69.04167,3808
Desaguadero,2004-09-10,6.92,14.9,1.24,73.31,1.15,2.99,63.27,-16.56556,-69.04167,3808
Desaguadero,2004-09-11,7.15,15.86,1.25,72.38,0.58,2.94,63.29,-16.56556,-69.04167,3808
Desaguadero,2004-09-12,6.36,15.91,-0.19,68.21,0.22,2.96,63.27,-16.56556,-69.04167,3808
Desaguadero,2004-09-13,6.78,17.05,-1.19,55.8,0.26,1.94,63.2,-16.56556,-69.04167,3808
Desaguadero,2004-09-14,6.98,16.93,-0.42,51.53,0.07,2.05,63.19,-16.56556,-69.04167,3808
Desaguadero,2004-09-15,6.0,14.43,-0.22,69.18,0.02,3.46,63.25,-16.56556,-69.04167,3808
Desaguadero,2004-09-16,6.36,14.58,-0.2,62.44,0.0,2.41,63.24,-16.56556,-69.04167,3808
Desaguadero,2004-09-17,6.48,14.76,-0.82,60.27,0.0,1.91,63.27,-16.56556,-69.04167,3808
Desaguadero,2004-09-18,7.75,16.7,1.75,64.41,0.0,2.61,63.28,-16.56556,-69.04167,3808
Desaguadero,2004-09-19,8.45,16.63,2.03,66.09,0.0,3.08,63.28,-16.56556,-69.04167,3808
Desaguadero,2004-09-20,7.4,14.6,1.42,67.31,0.0,3.73,63.33,-16.56556,-69.04167,3808
Desaguadero,2004-09-21,8.7,15.79,3.64,72.4,0.08,2.96,63.35,-16.56556,-69.04167,3808
Desaguadero,2004-09-22,8.76,15.01,4.68,72.65,0.1,3.78,63.47,-16.56556,-69.04167,3808
Desaguadero,2004-09-23,8.51,15.48,2.81,70.84,0.04,4.06,63.46,-16.56556,-69.04167,3808
Desaguadero,2004-09-24,8.63,14.49,4.63,74.74,0.48,4.0,63.35,-16.56556,-69.04167,3808
Desaguadero,2004-09-25,7.05,14.43,0.89,66.76,0.06,3.64,63.37,-16.56556,-69.04167,3808
Desaguadero,2004-09-26,8.06,15.11,3.1,69.44,0.84,3.01,63.33,-16.56556,-69.04167,3808
Desaguadero,2004-09-27,7.63,14.0,4.38,76.01,3.23,3.65,63.33,-16.56556,-69.04167,3808
Desaguadero,2004-09-28,9.07,17.3,1.63,57.77,0.97,2.46,63.21,-16.56556,-69.04167,3808
Desaguadero,2004-09-29,6.83,11.82,4.23,79.9,4.04,3.79,63.13,-16.56556,-69.04167,3808
Desaguadero,2004-09-30,8.41,16.6,3.0,65.7,2.07,3.02,63.04,-16.56556,-69.04167,3808
Desaguadero,2004-10-01,7.7,14.72,3.45,69.51,4.07,2.58,63.13,-16.56556,-69.04167,3808
Desaguadero,2004-10-02,8.16,17.45,1.13,50.17,0.37,1.46,63.17,-16.56556,-69.04167,3808
Desaguadero,2004-10-03,8.14,16.73,-0.14,57.6,0.15,2.46,63.21,-16.56556,-69.04167,3808
Desaguadero,2004-10-04,8.26,14.1,4.57,72.68,0.17,3.83,63.28,-16.56556,-69.04167,3808
Desaguadero,2004-10-05,8.11,16.12,2.48,65.3,0.0,3.65,63.36,-16.56556,-69.04167,3808
Desaguadero,2004-10-06,8.16,16.07,3.02,68.29,0.0,3.72,63.38,-16.56556,-69.04167,3808
Desaguadero,2004-10-07,8.31,17.26,2.3,59.11,0.79,2.46,63.34,-16.56556,-69.04167,3808
Desaguadero,2004-10-08,9.82,18.29,2.97,61.66,0.03,2.6,63.16,-16.56556,-69.04167,3808
Desaguadero,2004-10-09,8.94,14.75,5.02,70.5,3.04,2.86,63.12,-16.56556,-69.04167,3808
Desaguadero,2004-10-10,9.58,17.92,2.76,51.95,0.27,2.38,63.16,-16.56556,-69.04167,3808
Desaguadero,2004-10-11,9.87,16.5,4.49,63.46,0.21,2.82,63.08,-16.56556,-69.04167,3808
Desaguadero,2004-10-12,9.4,17.65,2.93,40.54,0.05,2.32,63.0,-16.56556,-69.04167,3808
Desaguadero,2004-10-13,8.87,17.66,-0.38,39.22,0.05,2.47,63.06,-16.56556,-69.04167,3808
Desaguadero,2004-10-14,9.39,17.02,3.66,65.81,0.13,3.01,63.01,-16.56556,-69.04167,3808
Desaguadero,2004-10-15,8.66,17.04,2.05,60.39,1.2,2.85,63.08,-16.56556,-69.04167,3808
Desaguadero,2004-10-16,9.4,17.09,1.9,55.45,0.22,2.48,63.16,-16.56556,-69.04167,3808
Desaguadero,2004-10-17,9.91,18.92,1.34,49.85,0.0,2.13,63.18,-16.56556,-69.04167,3808
Desaguadero,2004-10-18,9.82,19.53,-0.7,49.38,0.0,2.82,63.18,-16.56556,-69.04167,3808
Desaguadero,2004-10-19,10.1,17.73,4.28,67.25,1.08,3.38,63.27,-16.56556,-69.04167,3808
Desaguadero,2004-10-20,9.05,16.64,3.88,63.34,0.3,2.72,63.29,-16.56556,-69.04167,3808
Desaguadero,2004-10-21,9.7,17.06,4.74,64.03,0.27,2.72,63.19,-16.56556,-69.04167,3808
Desaguadero,2004-10-22,9.7,17.04,3.94,68.08,1.43,2.91,63.17,-16.56556,-69.04167,3808
Desaguadero,2004-10-23,11.1,18.25,6.25,64.23,0.05,2.39,63.13,-16.56556,-69.04167,3808
Desaguadero,2004-10-24,11.08,18.09,4.02,55.63,0.0,1.73,63.06,-16.56556,-69.04167,3808
Desaguadero,2004-10-25,9.27,19.99,-1.06,33.62,0.09,1.88,63.05,-16.56556,-69.04167,3808
Desaguadero,2004-10-26,8.82,19.44,-2.71,36.96,0.1,2.81,63.13,-16.56556,-69.04167,3808
Desaguadero,2004-10-27,7.43,13.64,2.29,69.79,0.57,4.35,63.28,-16.56556,-69.04167,3808
Desaguadero,2004-10-28,9.15,17.79,0.77,65.57,0.02,3.22,63.27,-16.56556,-69.04167,3808
Desaguadero,2004-10-29,10.44,17.92,5.01,64.72,0.0,3.38,63.21,-16.56556,-69.04167,3808
Desaguadero,2004-10-30,10.54,19.14,4.62,59.1,0.0,3.01,63.21,-16.56556,-69.04167,3808
Desaguadero,2004-10-31,9.49,16.24,5.1,69.65,0.39,3.9,63.25,-16.56556,-69.04167,3808
Desaguadero,2004-11-01,9.83,16.3,5.19,68.05,2.12,3.29,63.23,-16.56556,-69.04167,3808
Desaguadero,2004-11-02,10.49,16.28,6.34,67.18,0.46,2.14,63.14,-16.56556,-69.04167,3808
Desaguadero,2004-11-03,11.01,17.7,6.42,66.2,0.1,2.61,63.05,-16.56556,-69.04167,3808
Desaguadero,2004-11-04,11.47,18.76,6.29,62.02,1.62,2.65,63.09,-16.56556,-69.04167,3808
Desaguadero,2004-11-05,10.27,14.54,7.36,71.7,1.31,3.92,63.11,-16.56556,-69.04167,3808
Desaguadero,2004-11-06,7.57,12.46,2.68,79.8,6.61,4.22,63.14,-16.56556,-69.04167,3808
Desaguadero,2004-11-07,7.32,13.72,2.49,75.76,8.07,2.55,63.23,-16.56556,-69.04167,3808
Desaguadero,2004-11-08,7.84,12.29,4.09,75.91,0.61,2.14,63.27,-16.56556,-69.04167,3808
Desaguadero,2004-11-09,10.13,16.45,4.82,68.18,0.0,2.12,63.19,-16.56556,-69.04167,3808
Desaguadero,2004-11-10,11.07,20.81,1.27,41.07,0.01,1.68,63.1,-16.56556,-69.04167,3808
Desaguadero,2004-11-11,10.3,20.13,-0.29,41.99,0.68,2.16,63.04,-16.56556,-69.04167,3808
Desaguadero,2004-11-12,9.95,18.65,2.64,58.66,0.16,2.39,62.99,-16.56556,-69.04167,3808
Desaguadero,2004-11-13,10.5,18.69,5.07,57.13,0.0,2.67,62.98,-16.56556,-69.04167,3808
Desaguadero,2004-11-14,9.35,15.99,5.38,65.25,0.32,1.9,63.06,-16.56556,-69.04167,3808
Desaguadero,2004-11-15,9.69,17.13,2.7,56.4,2.48,1.83,63.07,-16.56556,-69.04167,3808
Desaguadero,2004-11-16,8.28,13.47,2.18,61.17,2.37,2.43,63.1,-16.56556,-69.04167,3808
Desaguadero,2004-11-17,7.43,13.06,2.68,77.07,4.23,4.16,63.12,-16.56556,-69.04167,3808
Desaguadero,2004-11-18,8.91,16.77,2.58,62.19,1.41,2.12,63.14,-16.56556,-69.04167,3808
Desaguadero,2004-11-19,8.66,15.66,2.36,62.07,0.75,3.15,63.22,-16.56556,-69.04167,3808
Desaguadero,2004-11-20,9.08,14.74,5.06,70.93,1.07,3.49,63.23,-16.56556,-69.04167,3808
Desaguadero,2004-11-21,9.62,18.1,2.99,64.52,1.05,1.53,63.2,-16.56556,-69.04167,3808
Desaguadero,2004-11-22,8.84,13.95,4.61,63.42,0.14,2.55,63.22,-16.56556,-69.04167,3808
Desaguadero,2004-11-23,9.19,16.89,3.09,61.3,0.77,3.42,63.17,-16.56556,-69.04167,3808
Desaguadero,2004-11-24,9.15,16.25,3.22,63.74,0.15,2.67,63.17,-16.56556,-69.04167,3808
Desaguadero,2004-11-25,10.08,16.51,5.24,63.67,0.0,1.38,63.17,-16.56556,-69.04167,3808
Desaguadero,2004-11-26,10.35,17.29,3.26,59.06,0.0,2.53,63.11,-16.56556,-69.04167,3808
Desaguadero,2004-11-27,11.79,18.52,6.19,60.4,1.78,1.93,63.05,-16.56556,-69.04167,3808
Desaguadero,2004-11-28,11.58,20.38,3.67,55.68,0.41,2.02,63.0,-16.56556,-69.04167,3808
Desaguadero,2004-11-29,8.24,13.68,3.19,70.96,0.38,3.16,63.13,-16.56556,-69.04167,3808
Desaguadero,2004-11-30,9.66,15.84,4.93,69.99,1.89,3.5,63.16,-16.56556,-69.04167,3808
Desaguadero,2004-12-01,9.6,16.15,4.56,68.09,1.94,3.27,63.14,-16.56556,-69.04167,3808
Desaguadero,2004-12-02,10.48,18.26,4.08,63.26,0.21,2.8,63.11,-16.56556,-69.04167,3808
Desaguadero,2004-12-03,10.87,17.7,5.31,64.0,0.0,2.7,63.09,-16.56556,-69.04167,3808
Desaguadero,2004-12-04,10.79,17.04,5.31,68.21,0.0,3.84,63.2,-16.56556,-69.04167,3808
Desaguadero,2004-12-05,11.15,18.49,4.84,62.85,0.0,2.93,63.27,-16.56556,-69.04167,3808
Desaguadero,2004-12-06,11.1,18.33,4.52,64.37,0.0,2.19,63.18,-16.56556,-69.04167,3808
Desaguadero,2004-12-07,11.8,21.19,3.62,54.98,0.0,1.64,63.14,-16.56556,-69.04167,3808
Desaguadero,2004-12-08,11.6,19.67,4.6,57.95,0.68,2.44,63.11,-16.56556,-69.04167,3808
Desaguadero,2004-12-09,10.98,18.93,4.41,62.21,1.49,3.69,63.13,-16.56556,-69.04167,3808
Desaguadero,2004-12-10,9.92,15.73,4.67,67.11,0.52,4.16,63.23,-16.56556,-69.04167,3808
Desaguadero,2004-12-11,9.77,17.79,3.73,67.22,0.31,3.87,63.24,-16.56556,-69.04167,3808
Desaguadero,2004-12-12,11.08,20.11,4.66,61.99,2.51,2.98,63.21,-16.56556,-69.04167,3808
Desaguadero,2004-12-13,9.44,15.08,4.75,72.34,4.88,3.68,63.26,-16.56556,-69.04167,3808
Desaguadero,2004-12-14,9.99,16.26,5.69,71.41,5.14,2.3,63.17,-16.56556,-69.04167,3808
Desaguadero,2004-12-15,9.34,16.38,4.54,70.3,2.45,2.36,63.13,-16.56556,-69.04167,3808
Desaguadero,2004-12-16,9.1,16.97,3.56,69.61,0.85,1.61,63.11,-16.56556,-69.04167,3808
Desaguadero,2004-12-17,7.01,11.53,2.94,80.51,0.8,2.41,63.1,-16.56556,-69.04167,3808
Desaguadero,2004-12-18,7.4,12.48,3.1,80.7,0.66,2.19,63.14,-16.56556,-69.04167,3808
Desaguadero,2004-12-19,11.64,19.94,5.45,63.67,0.58,2.37,63.16,-16.56556,-69.04167,3808
Desaguadero,2004-12-20,11.53,18.65,6.01,64.05,1.42,2.24,63.16,-16.56556,-69.04167,3808
Desaguadero,2004-12-21,11.24,18.68,4.12,59.16,0.19,2.51,63.17,-16.56556,-69.04167,3808
Desaguadero,2004-12-22,13.07,20.51,7.06,56.16,0.66,2.0,63.06,-16.56556,-69.04167,3808
Desaguadero,2004-12-23,11.18,18.0,6.55,63.93,0.14,3.26,63.08,-16.56556,-69.04167,3808
Desaguadero,2004-12-24,11.51,18.93,5.37,58.65,0.44,2.14,63.01,-16.56556,-69.04167,3808
Desaguadero,2004-12-25,10.69,17.55,4.07,59.01,1.16,2.69,62.98,-16.56556,-69.04167,3808
Desaguadero,2004-12-26,11.06,18.85,5.64,61.36,0.38,2.77,63.13,-16.56556,-69.04167,3808
Desaguadero,2004-12-27,9.81,16.32,5.32,66.15,2.09,3.98,63.19,-16.56556,-69.04167,3808
Desaguadero,2004-12-28,10.04,16.56,4.57,62.83,0.76,2.7,63.16,-16.56556,-69.04167,3808
Desaguadero,2004-12-29,10.42,18.3,5.19,62.06,1.32,3.35,63.11,-16.56556,-69.04167,3808
Desaguadero,2004-12-30,8.75,15.77,4.29,70.46,8.82,3.76,63.12,-16.56556,-69.04167,3808
Desaguadero,2004-12-31,9.31,16.92,2.57,69.71,2.69,3.47,63.16,-16.56556,-69.04167,3808
Desaguadero,2005-01-01,10.53,17.64,4.03,69.03,3.42,2.87,63.22,-16.56556,-69.04167,3808
Desaguadero,2005-01-02,9.77,15.45,6.18,74.7,3.74,1.85,63.22,-16.56556,-69.04167,3808
Desaguadero,2005-01-03,7.15,12.98,3.26,80.1,1.41,1.68,63.21,-16.56556,-69.04167,3808
Desaguadero,2005-01-04,11.27,19.88,5.22,64.79,0.08,3.04,63.18,-16.56556,-69.04167,3808
Desaguadero,2005-01-05,11.75,20.39,5.34,62.55,0.0,3.0,63.14,-16.56556,-69.04167,3808
Desaguadero,2005-01-06,9.61,15.33,3.86,69.97,2.35,3.04,63.15,-16.56556,-69.04167,3808
Desaguadero,2005-01-07,10.05,18.5,2.94,60.32,1.18,3.5,63.25,-16.56556,-69.04167,3808
Desaguadero,2005-01-08,11.2,19.05,4.75,58.76,0.39,1.91,63.25,-16.56556,-69.04167,3808
Desaguadero,2005-01-09,10.84,17.6,6.39,63.27,2.25,3.15,63.16,-16.56556,-69.04167,3808
Desaguadero,2005-01-10,9.9,15.81,5.39,71.87,2.85,4.26,63.09,-16.56556,-69.04167,3808
Desaguadero,2005-01-11,8.56,12.91,5.2,74.24,3.39,3.17,63.11,-16.56556,-69.04167,3808
Desaguadero,2005-01-12,10.57,18.46,4.13,69.51,2.99,3.13,63.14,-16.56556,-69.04167,3808
Desaguadero,2005-01-13,10.52,17.2,5.14,73.53,2.35,2.91,63.19,-16.56556,-69.04167,3808
Desaguadero,2005-01-14,10.4,18.29,4.65,64.52,4.92,3.16,63.06,-16.56556,-69.04167,3808
Desaguadero,2005-01-15,10.89,20.24,2.21,52.25,0.24,2.97,62.99,-16.56556,-69.04167,3808
Desaguadero,2005-01-16,8.49,14.08,4.65,70.15,3.53,3.29,63.09,-16.56556,-69.04167,3808
Desaguadero,2005-01-17,10.01,17.75,4.43,68.9,2.02,2.49,63.05,-16.56556,-69.04167,3808
Desaguadero,2005-01-18,10.94,18.96,4.21,62.73,0.09,2.46,63.06,-16.56556,-69.04167,3808
Desaguadero,2005-01-19,9.92,15.46,4.81,68.85,1.93,2.18,63.05,-16.56556,-69.04167,3808
Desaguadero,2005-01-20,7.66,13.55,3.36,76.22,9.69,2.31,63.11,-16.56556,-69.04167,3808
Desaguadero,2005-01-21,9.17,15.47,3.23,67.74,4.96,1.7,63.14,-16.56556,-69.04167,3808
Desaguadero,2005-01-22,10.26,18.45,2.55,61.55,1.99,2.19,63.16,-16.56556,-69.04167,3808
Desaguadero,2005-01-23,9.51,15.15,6.11,71.51,0.66,1.28,63.19,-16.56556,-69.04167,3808
Desaguadero,2005-01-24,7.8,14.77,2.69,75.91,1.09,2.29,63.1,-16.56556,-69.04167,3808
Desaguadero,2005-01-25,9.03,17.6,1.38,68.18,3.41,2.3,63.11,-16.56556,-69.04167,3808
Desaguadero,2005-01-26,5.96,11.83,2.33,82.08,1.75,2.24,63.23,-16.56556,-69.04167,3808
Desaguadero,2005-01-27,10.69,19.4,3.27,67.01,0.23,2.36,63.15,-16.56556,-69.04167,3808
Desaguadero,2005-01-28,11.2,19.03,5.18,64.63,0.03,2.31,63.09,-16.56556,-69.04167,3808
Desaguadero,2005-01-29,10.51,18.98,2.46,66.29,0.16,2.05,63.02,-16.56556,-69.04167,3808
Desaguadero,2005-01-30,11.86,18.5,7.56,66.22,3.07,1.5,62.95,-16.56556,-69.04167,3808
Desaguadero,2005-01-31,9.73,14.75,5.83,69.44,1.55,2.94,63.08,-16.56556,-69.04167,3808
Desaguadero,2005-02-01,8.79,14.75,5.12,75.93,2.02,3.73,63.1,-16.56556,-69.04167,3808
Desaguadero,2005-02-02,9.39,17.23,3.3,69.54,0.49,3.73,63.11,-16.56556,-69.04167,3808
Desaguadero,2005-02-03,9.88,18.46,3.5,66.49,3.35,3.2,63.2,-16.56556,-69.04167,3808
Desaguadero,2005-02-04,9.68,17.87,3.19,66.79,0.3,3.56,63.29,-16.56556,-69.04167,3808
Desaguadero,2005-02-05,9.43,16.94,3.81,67.09,0.92,3.68,63.28,-16.56556,-69.04167,3808
Desaguadero,2005-02-06,8.82,16.59,2.4,67.43,2.57,3.41,63.24,-16.56556,-69.04167,3808
Desaguadero,2005-02-07,8.13,16.34,1.83,71.91,3.69,1.35,63.2,-16.56556,-69.04167,3808
Desaguadero,2005-02-08,9.48,16.51,4.02,70.76,1.06,4.02,63.15,-16.56556,-69.04167,3808
Desaguadero,2005-02-09,9.31,16.53,4.26,72.46,12.68,4.15,63.21,-16.56556,-69.04167,3808
Desaguadero,2005-02-10,8.83,16.03,4.17,73.69,11.1,3.36,63.25,-16.56556,-69.04167,3808
Desaguadero,2005-02-11,9.0,16.5,3.77,73.6,4.51,3.42,63.21,-16.56556,-69.04167,3808
Desaguadero,2005-02-12,8.07,15.05,3.47,73.99,8.04,3.61,63.18,-16.56556,-69.04167,3808
Desaguadero,2005-02-13,9.16,17.03,3.18,71.5,2.65,2.94,63.15,-16.56556,-69.04167,3808
Desaguadero,2005-02-14,9.25,17.15,3.11,72.87,3.71,2.14,63.14,-16.56556,-69.04167,3808
Desaguadero,2005-02-15,9.02,16.41,2.94,71.49,2.27,1.2,63.08,-16.56556,-69.04167,3808
Desaguadero,2005-02-16,8.79,15.12,5.1,74.6,3.54,1.82,63.07,-16.56556,-69.04167,3808
Desaguadero,2005-02-17,8.9,15.72,4.3,71.25,1.66,4.33,63.21,-16.56556,-69.04167,3808
Desaguadero,2005-02-18,8.24,15.5,2.87,73.32,1.41,4.84,63.24,-16.56556,-69.04167,3808
Desaguadero,2005-02-19,7.71,15.81,0.58,74.17,2.12,3.66,63.26,-16.56556,-69.04167,3808
Desaguadero,2005-02-20,9.23,17.17,4.28,74.05,5.87,3.4,63.24,-16.56556,-69.04167,3808
Desaguadero,2005-02-21,8.86,16.66,3.96,76.24,5.27,3.56,63.18,-16.56556,-69.04167,3808
Desaguadero,2005-02-22,8.01,16.42,2.82,78.44,12.53,2.51,63.13,-16.56556,-69.04167,3808
Desaguadero,2005-02-23,9.25,17.36,3.0,64.13,5.35,1.96,63.23,-16.56556,-69.04167,3808
Desaguadero,2005-02-24,10.35,17.85,4.83,66.69,2.64,2.54,63.31,-16.56556,-69.04167,3808
Desaguadero,2005-02-25,9.79,17.56,4.06,72.73,3.11,3.14,63.35,-16.56556,-69.04167,3808
Desaguadero,2005-02-26,10.84,17.91,5.27,69.06,1.89,2.15,63.24,-16.56556,-69.04167,3808
Desaguadero,2005-02-27,11.01,18.26,5.61,68.05,0.89,2.31,63.19,-16.56556,-69.04167,3808
Desaguadero,2005-02-28,10.39,18.92,3.72,66.44,0.84,1.93,63.28,-16.56556,-69.04167,3808
Desaguadero,2005-03-01,10.3,17.04,5.48,72.31,2.08,2.87,63.35,-16.56556,-69.04167,3808
Desaguadero,2005-03-02,10.19,17.7,5.24,72.5,0.4,3.31,63.35,-16.56556,-69.04167,3808
Desaguadero,2005-03-03,9.42,15.84,4.08,71.75,0.24,3.43,63.4,-16.56556,-69.04167,3808
Desaguadero,2005-03-04,10.84,19.39,4.08,65.87,0.02,2.92,63.4,-16.56556,-69.04167,3808
Desaguadero,2005-03-05,9.69,19.03,3.0,62.74,0.0,3.07,63.45,-16.56556,-69.04167,3808
Desaguadero,2005-03-06,10.28,20.49,1.66,56.37,0.0,2.05,63.37,-16.56556,-69.04167,3808
Desaguadero,2005-03-07,11.8,21.17,5.08,59.97,0.0,2.13,63.23,-16.56556,-69.04167,3808
Desaguadero,2005-03-08,11.16,19.67,5.36,54.85,0.8,2.47,63.18,-16.56556,-69.04167,3808
Desaguadero,2005-03-09,9.43,15.09,5.62,73.24,7.88,3.39,63.25,-16.56556,-69.04167,3808
Desaguadero,2005-03-10,9.14,15.36,5.1,74.14,2.49,2.7,63.23,-16.56556,-69.04167,3808
Desaguadero,2005-03-11,9.7,17.26,3.72,72.12,0.79,2.89,63.26,-16.56556,-69.04167,3808
Desaguadero,2005-03-12,10.83,18.83,5.0,66.27,2.03,1.83,63.22,-16.56556,-69.04167,3808
Desaguadero,2005-03-13,8.84,17.49,2.41,73.03,1.57,2.1,63.18,-16.56556,-69.04167,3808
Desaguadero,2005-03-14,5.32,9.22,2.88,82.58,1.02,1.35,63.18,-16.56556,-69.04167,3808
Desaguadero,2005-03-15,9.71,19.09,3.16,66.24,0.01,2.43,63.13,-16.56556,-69.04167,3808
Desaguadero,2005-03-16,9.84,18.9,3.15,61.58,0.53,2.29,63.22,-16.56556,-69.04167,3808
Desaguadero,2005-03-17,9.83,17.64,3.32,66.63,0.24,1.68,63.26,-16.56556,-69.04167,3808
Desaguadero,2005-03-18,11.12,19.12,5.45,65.09,0.35,2.76,63.25,-16.56556,-69.04167,3808
Desaguadero,2005-03-19,10.14,18.06,4.35,65.85,0.07,2.71,63.28,-16.56556,-69.04167,3808
Desaguadero,2005-03-20,10.06,17.06,5.47,65.82,0.0,2.18,63.17,-16.56556,-69.04167,3808
Desaguadero,2005-03-21,9.8,17.61,4.12,62.13,1.5,2.08,63.13,-16.56556,-69.04167,3808
Desaguadero,2005-03-22,9.83,16.61,5.48,70.98,5.75,2.8,63.25,-16.56556,-69.04167,3808
Desaguadero,2005-03-23,6.96,10.8,3.02,85.01,2.66,2.84,63.42,-16.56556,-69.04167,3808
Desaguadero,2005-03-24,8.22,16.4,1.96,74.47,0.27,2.33,63.41,-16.56556,-69.04167,3808
Desaguadero,2005-03-25,9.67,18.26,2.72,66.81,1.09,2.71,63.3,-16.56556,-69.04167,3808
Desaguadero,2005-03-26,9.94,18.39,3.81,67.01,0.41,2.61,63.27,-16.56556,-69.04167,3808
Desaguadero,2005-03-27,8.98,16.57,3.22,69.72,0.26,2.93,63.27,-16.56556,-69.04167,3808
Desaguadero,2005-03-28,8.05,15.92,1.67,72.56,2.97,3.0,63.3,-16.56556,-69.04167,3808
Desaguadero,2005-03-29,8.0,15.38,2.86,74.96,2.42,3.49,63.29,-16.56556,-69.04167,3808
Desaguadero,2005-03-30,8.21,15.41,3.5,75.98,3.44,3.29,63.31,-16.56556,-69.04167,3808
Desaguadero,2005-03-31,8.21,15.08,3.82,77.93,5.63,3.03,63.27,-16.56556,-69.04167,3808
Desaguadero,2005-04-01,9.07,16.01,3.57,73.98,0.92,2.53,63.21,-16.56556,-69.04167,3808
Desaguadero,2005-04-02,9.4,15.63,4.79,78.12,4.61,2.7,63.23,-16.56556,-69.04167,3808
Desaguadero,2005-04-03,5.24,8.41,3.61,87.74,5.03,2.0,63.33,-16.56556,-69.04167,3808
Desaguadero,2005-04-04,8.83,16.57,3.19,74.94,0.21,2.29,63.33,-16.56556,-69.04167,3808
Desaguadero,2005-04-05,9.16,16.6,3.81,73.23,0.32,3.39,63.35,-16.56556,-69.04167,3808
Desaguadero,2005-04-06,8.7,16.48,2.63,74.28,0.7,2.99,63.39,-16.56556,-69.04167,3808
Desaguadero,2005-04-07,9.08,16.9,2.78,74.91,4.72,2.15,63.33,-16.56556,-69.04167,3808
Desaguadero,2005-04-08,10.0,18.04,4.48,67.61,0.86,2.74,63.36,-16.56556,-69.04167,3808
Desaguadero,2005-04-09,8.96,16.14,3.86,74.28,0.5,2.71,63.4,-16.56556,-69.04167,3808
Desaguadero,2005-04-10,8.37,17.33,2.25,70.25,0.58,2.59,63.33,-16.56556,-69.04167,3808
Desaguadero,2005-04-11,9.64,18.53,3.28,66.98,0.31,2.05,63.22,-16.56556,-69.04167,3808
Desaguadero,2005-04-12,7.83,14.19,3.71,75.91,0.49,3.24,63.29,-16.56556,-69.04167,3808
Desaguadero,2005-04-13,6.47,10.75,3.31,79.53,3.36,2.53,63.36,-16.56556,-69.04167,3808
Desaguadero,2005-04-14,9.03,16.0,4.15,74.52,0.45,1.69,63.28,-16.56556,-69.04167,3808
Desaguadero,2005-04-15,9.35,16.39,4.75,72.1,0.23,2.77,63.37,-16.56556,-69.04167,3808
Desaguadero,2005-04-16,8.63,15.28,4.4,70.81,0.47,2.14,63.43,-16.56556,-69.04167,3808
Desaguadero,2005-04-17,9.57,17.13,4.76,68.78,0.07,1.48,63.39,-16.56556,-69.04167,3808
Desaguadero,2005-04-18,9.58,16.95,3.45,66.93,0.43,1.09,63.29,-16.56556,-69.04167,3808
Desaguadero,2005-04-19,8.27,17.54,0.08,46.05,0.02,0.92,63.28,-16.56556,-69.04167,3808
Desaguadero,2005-04-20,8.59,17.01,1.44,57.55,0.85,1.21,63.32,-16.56556,-69.04167,3808
Desaguadero,2005-04-21,8.56,15.2,4.76,69.94,0.46,1.92,63.29,-16.56556,-69.04167,3808
Desaguadero,2005-04-22,8.94,15.73,3.91,70.34,0.22,2.12,63.27,-16.56556,-69.04167,3808
Desaguadero,2005-04-23,8.78,15.23,3.55,68.96,0.05,1.65,63.22,-16.56556,-69.04167,3808
Desaguadero,2005-04-24,7.38,14.18,3.56,71.72,0.43,1.47,63.21,-16.56556,-69.04167,3808
Desaguadero,2005-04-25,6.21,12.63,-0.13,66.84,0.83,2.08,63.29,-16.56556,-69.04167,3808
Desaguadero,2005-04-26,8.04,17.59,1.22,54.25,0.0,2.13,63.3,-16.56556,-69.04167,3808
Desaguadero,2005-04-27,7.24,18.68,-1.48,43.82,0.0,2.22,63.28,-16.56556,-69.04167,3808
Desaguadero,2005-04-28,5.92,17.41,-3.46,36.91,0.0,2.91,63.24,-16.56556,-69.04167,3808
Desaguadero,2005-04-29,5.18,15.94,-4.32,50.98,0.0,2.51,63.35,-16.56556,-69.04167,3808
Desaguadero,2005-04-30,6.75,16.88,-0.28,63.82,0.0,2.03,63.46,-16.56556,-69.04167,3808
Desaguadero,2005-05-01,7.34,17.2,-0.24,61.79,0.0,2.0,63.44,-16.56556,-69.04167,3808
Desaguadero,2005-05-02,7.85,17.31,0.62,61.02,0.0,1.53,63.3,-16.56556,-69.04167,3808
Desaguadero,2005-05-03,6.91,16.83,-2.0,57.08,0.0,1.92,63.2,-16.56556,-69.04167,3808
Desaguadero,2005-05-04,7.56,16.19,-0.09,62.19,0.0,1.93,63.24,-16.56556,-69.04167,3808
Desaguadero,2005-05-05,7.96,14.09,3.41,68.75,0.0,2.17,63.29,-16.56556,-69.04167,3808
Desaguadero,2005-05-06,7.23,13.83,2.69,67.81,0.12,2.29,63.27,-16.56556,-69.04167,3808
Desaguadero,2005-05-07,4.19,10.25,0.62,72.35,0.44,1.91,63.29,-16.56556,-69.04167,3808
Desaguadero,2005-05-08,6.39,15.1,-0.12,49.78,0.0,1.24,63.25,-16.56556,-69.04167,3808
Desaguadero,2005-05-09,5.53,15.5,-2.45,44.4,0.0,1.69,63.3,-16.56556,-69.04167,3808
Desaguadero,2005-05-10,6.69,16.01,-0.46,63.95,0.0,1.51,63.25,-16.56556,-69.04167,3808
Desaguadero,2005-05-11,6.86,15.78,1.11,70.67,0.0,2.38,63.26,-16.56556,-69.04167,3808
Desaguadero,2005-05-12,6.62,13.36,1.87,75.46,0.0,2.4,63.26,-16.56556,-69.04167,3808
Desaguadero,2005-05-13,7.65,16.01,0.61,54.73,0.0,1.39,63.19,-16.56556,-69.04167,3808
Desaguadero,2005-05-14,6.8,15.7,-0.67,46.53,0.64,1.96,63.15,-16.56556,-69.04167,3808
Desaguadero,2005-05-15,7.26,15.54,0.89,60.82,0.32,1.91,63.14,-16.56556,-69.04167,3808
Desaguadero,2005-05-16,6.87,12.97,2.83,75.51,0.24,2.48,63.18,-16.56556,-69.04167,3808
Desaguadero,2005-05-17,8.27,14.42,4.23,72.77,0.11,2.27,63.19,-16.56556,-69.04167,3808
Desaguadero,2005-05-18,7.84,16.73,1.42,52.52,0.0,2.24,63.17,-16.56556,-69.04167,3808
Desaguadero,2005-05-19,7.29,17.13,-0.2,51.27,0.1,1.83,63.13,-16.56556,-69.04167,3808
Desaguadero,2005-05-20,7.35,17.64,-0.94,46.1,0.14,1.56,63.18,-16.56556,-69.04167,3808
Desaguadero,2005-05-21,6.04,13.4,1.85,71.12,0.3,1.37,63.28,-16.56556,-69.04167,3808
Desaguadero,2005-05-22,8.2,17.95,-0.3,61.75,0.09,2.43,63.19,-16.56556,-69.04167,3808
Desaguadero,2005-05-23,5.95,17.97,-2.1,31.99,0.02,2.27,63.06,-16.56556,-69.04167,3808
Desaguadero,2005-05-24,4.83,17.51,-3.91,30.62,0.07,3.29,63.09,-16.56556,-69.04167,3808
Desaguadero,2005-05-25,5.64,15.18,-2.42,45.2,0.46,1.84,63.25,-16.56556,-69.04167,3808
Desaguadero,2005-05-26,7.65,16.46,2.12,62.37,0.1,1.33,63.33,-16.56556,-69.04167,3808
Desaguadero,2005-05-27,7.45,16.89,0.97,62.16,0.0,1.71,63.41,-16.56556,-69.04167,3808
Desaguadero,2005-05-28,7.84,15.61,3.13,70.48,0.0,1.8,63.39,-16.56556,-69.04167,3808
Desaguadero,2005-05-29,7.84,16.08,2.42,67.64,0.0,1.64,63.28,-16.56556,-69.04167,3808
Desaguadero,2005-05-30,6.88,12.87,3.13,75.11,0.07,3.01,63.34,-16.56556,-69.04167,3808
Desaguadero,2005-05-31,6.12,14.17,-0.17,67.6,0.02,2.05,63.33,-16.56556,-69.04167,3808
Desaguadero,2005-06-01,6.79,15.31,1.08,63.08,0.0,1.42,63.27,-16.56556,-69.04167,3808
Desaguadero,2005-06-02,6.53,16.08,-0.34,57.06,0.02,1.41,63.24,-16.56556,-69.04167,3808
Desaguadero,2005-06-03,6.82,15.96,-0.21,65.29,0.07,2.04,63.24,-16.56556,-69.04167,3808
Desaguadero,2005-06-04,7.65,14.98,3.11,74.26,0.0,2.09,63.29,-16.56556,-69.04167,3808
Desaguadero,2005-06-05,7.79,14.76,3.54,74.04,0.0,2.13,63.35,-16.56556,-69.04167,3808
Desaguadero,2005-06-06,7.07,14.71,2.21,66.93,0.0,1.94,63.31,-16.56556,-69.04167,3808
Desaguadero,2005-06-07,6.85,15.05,0.31,58.46,0.0,1.64,63.12,-16.56556,-69.04167,3808
Desaguadero,2005-06-08,5.07,13.97,-2.11,48.86,0.0,2.13,63.16,-16.56556,-69.04167,3808
Desaguadero,2005-06-09,5.65,13.6,-1.54,59.01,0.25,2.72,63.18,-16.56556,-69.04167,3808
Desaguadero,2005-06-10,3.6,13.93,-3.37,39.07,0.04,2.52,63.21,-16.56556,-69.04167,3808
Desaguadero,2005-06-11,3.85,13.3,-4.17,39.73,0.23,1.96,63.2,-16.56556,-69.04167,3808
Desaguadero,2005-06-12,5.33,13.93,0.24,51.93,0.43,1.82,63.18,-16.56556,-69.04167,3808
Desaguadero,2005-06-13,4.66,13.98,-2.05,38.83,0.11,1.99,63.18,-16.56556,-69.04167,3808
Desaguadero,2005-06-14,5.79,13.55,0.18,68.96,0.17,2.75,63.26,-16.56556,-69.04167,3808
Desaguadero,2005-06-15,6.7,13.94,2.49,72.18,0.25,2.09,63.36,-16.56556,-69.04167,3808
Desaguadero,2005-06-16,6.45,13.86,0.93,66.65,0.07,2.11,63.34,-16.56556,-69.04167,3808
Desaguadero,2005-06-17,5.28,14.77,-1.74,44.85,0.07,1.81,63.28,-16.56556,-69.04167,3808
Desaguadero,2005-06-18,6.13,14.96,0.02,50.56,0.0,1.57,63.26,-16.56556,-69.04167,3808
Desaguadero,2005-06-19,5.68,14.44,-0.69,46.02,0.71,1.84,63.18,-16.56556,-69.04167,3808
Desaguadero,2005-06-20,6.69,14.08,1.95,62.34,0.21,1.77,63.24,-16.56556,-69.04167,3808
Desaguadero,2005-06-21,5.38,11.27,0.86,59.88,0.08,1.06,63.33,-16.56556,-69.04167,3808
Desaguadero,2005-06-22,5.25,13.77,-1.24,47.14,0.0,1.37,63.35,-16.56556,-69.04167,3808
Desaguadero,2005-06-23,4.73,12.95,-0.34,67.88,0.49,1.64,63.39,-16.56556,-69.04167,3808
Desaguadero,2005-06-24,4.76,13.42,-1.07,68.9,0.01,2.07,63.28,-16.56556,-69.04167,3808
Desaguadero,2005-06-25,4.96,13.92,-1.54,58.08,0.0,2.13,63.13,-16.56556,-69.04167,3808
Desaguadero,2005-06-26,2.69,12.43,-5.11,35.13,0.0,3.41,63.07,-16.56556,-69.04167,3808
Desaguadero,2005-06-27,2.52,14.41,-5.87,29.12,0.0,3.65,63.1,-16.56556,-69.04167,3808
Desaguadero,2005-06-28,4.31,14.84,-3.34,46.75,0.0,1.87,63.2,-16.56556,-69.04167,3808
Desaguadero,2005-06-29,5.24,14.07,-1.33,73.61,0.0,2.15,63.38,-16.56556,-69.04167,3808
Desaguadero,2005-06-30,6.08,14.41,0.82,72.38,0.2,1.96,63.48,-16.56556,-69.04167,3808
Desaguadero,2005-07-01,6.36,13.73,0.58,61.4,0.03,1.87,63.43,-16.56556,-69.04167,3808
Desaguadero,2005-07-02,7.63,15.98,2.88,63.89,0.0,2.12,63.36,-16.56556,-69.04167,3808
Desaguadero,2005-07-03,7.81,17.13,1.81,68.16,0.0,1.84,63.43,-16.56556,-69.04167,3808
Desaguadero,2005-07-04,8.09,17.56,1.59,67.51,0.0,1.68,63.45,-16.56556,-69.04167,3808
Desaguadero,2005-07-05,5.89,10.74,2.5,85.11,0.11,2.43,63.47,-16.56556,-69.04167,3808
Desaguadero,2005-07-06,6.4,15.31,0.68,71.31,0.01,2.09,63.47,-16.56556,-69.04167,3808
Desaguadero,2005-07-07,6.25,15.44,0.43,66.17,0.0,1.82,63.5,-16.56556,-69.04167,3808
Desaguadero,2005-07-08,7.03,15.88,1.8,58.01,0.0,1.2,63.42,-16.56556,-69.04167,3808
Desaguadero,2005-07-09,5.46,14.35,-0.17,59.28,0.0,1.15,63.38,-16.56556,-69.04167,3808
Desaguadero,2005-07-10,4.71,14.59,-2.24,63.17,0.0,2.09,63.39,-16.56556,-69.04167,3808
Desaguadero,2005-07-11,4.94,14.41,-0.26,51.37,0.0,1.86,63.46,-16.56556,-69.04167,3808
Desaguadero,2005-07-12,5.09,14.7,-2.28,49.57,0.0,1.14,63.38,-16.56556,-69.04167,3808
Desaguadero,2005-07-13,5.61,15.02,-0.38,40.65,0.0,1.75,63.15,-16.56556,-69.04167,3808
Desaguadero,2005-07-14,5.42,14.7,-1.42,39.52,0.0,2.83,63.02,-16.56556,-69.04167,3808
Desaguadero,2005-07-15,4.76,14.32,-2.07,45.99,0.0,3.4,63.02,-16.56556,-69.04167,3808
Desaguadero,2005-07-16,4.49,13.71,-2.61,38.22,0.0,3.18,63.07,-16.56556,-69.04167,3808
Desaguadero,2005-07-17,5.27,13.72,-1.63,48.87,0.36,3.47,63.14,-16.56556,-69.04167,3808
Desaguadero,2005-07-18,4.49,14.13,-2.58,41.38,0.23,2.82,63.14,-16.56556,-69.04167,3808
Desaguadero,2005-07-19,4.85,12.92,-1.37,53.37,0.02,2.41,63.09,-16.56556,-69.04167,3808
Desaguadero,2005-07-20,5.17,13.26,-0.59,59.93,0.0,2.87,63.12,-16.56556,-69.04167,3808
Desaguadero,2005-07-21,5.11,12.85,-1.47,60.92,0.05,3.32,63.15,-16.56556,-69.04167,3808
Desaguadero,2005-07-22,5.43,11.75,1.5,73.25,0.1,3.77,63.23,-16.56556,-69.04167,3808
Desaguadero,2005-07-23,4.93,13.06,-0.87,63.17,0.01,3.28,63.23,-16.56556,-69.04167,3808
Desaguadero,2005-07-24,4.47,14.27,-3.04,53.46,0.0,2.83,63.24,-16.56556,-69.04167,3808
Desaguadero,2005-07-25,4.14,11.92,-1.66,61.6,0.0,2.71,63.3,-16.56556,-69.04167,3808
Desaguadero,2005-07-26,4.77,13.26,-1.39,71.12,0.02,2.43,63.29,-16.56556,-69.04167,3808
Desaguadero,2005-07-27,5.03,12.62,-0.82,73.55,0.0,2.33,63.3,-16.56556,-69.04167,3808
Desaguadero,2005-07-28,6.33,15.02,0.27,68.46,0.0,2.09,63.32,-16.56556,-69.04167,3808
Desaguadero,2005-07-29,6.75,15.3,1.02,70.06,0.0,2.18,63.36,-16.56556,-69.04167,3808
Desaguadero,2005-07-30,7.36,16.83,1.33,60.93,0.0,1.22,63.33,-16.56556,-69.04167,3808
Desaguadero,2005-07-31,7.29,16.56,1.35,61.8,0.0,1.93,63.29,-16.56556,-69.04167,3808
Desaguadero,2005-08-01,6.93,16.82,-0.38,63.3,0.0,2.43,63.33,-16.56556,-69.04167,3808
Desaguadero,2005-08-02,5.51,16.14,-2.15,61.73,0.0,2.41,63.34,-16.56556,-69.04167,3808
Desaguadero,2005-08-03,4.77,14.17,-1.6,65.23,0.0,2.54,63.33,-16.56556,-69.04167,3808
Desaguadero,2005-08-04,6.6,15.54,0.02,62.74,0.0,1.86,63.26,-16.56556,-69.04167,3808
Desaguadero,2005-08-05,6.35,15.76,-0.67,48.7,0.0,1.64,63.27,-16.56556,-69.04167,3808
Desaguadero,2005-08-06,5.9,12.99,0.91,72.75,0.06,3.18,63.31,-16.56556,-69.04167,3808
Desaguadero,2005-08-07,4.86,10.95,0.43,75.37,0.69,2.39,63.38,-16.56556,-69.04167,3808
Desaguadero,2005-08-08,4.71,11.07,0.89,76.18,0.14,2.31,63.44,-16.56556,-69.04167,3808
Desaguadero,2005-08-09,5.62,14.96,-0.39,61.34,0.0,1.75,63.37,-16.56556,-69.04167,3808
Desaguadero,2005-08-10,5.86,16.33,-1.19,56.42,0.0,2.02,63.35,-16.56556,-69.04167,3808
Desaguadero,2005-08-11,6.13,15.92,-0.16,49.47,0.0,1.89,63.35,-16.56556,-69.04167,3808
Desaguadero,2005-08-12,6.03,16.8,-1.98,51.16,0.0,1.88,63.27,-16.56556,-69.04167,3808
Desaguadero,2005-08-13,6.42,16.67,-1.01,55.05,0.0,1.54,63.22,-16.56556,-69.04167,3808
Desaguadero,2005-08-14,6.59,17.07,-1.89,38.07,0.0,1.44,63.26,-16.56556,-69.04167,3808
Desaguadero,2005-08-15,6.18,15.66,-0.53,41.31,0.0,1.91,63.34,-16.56556,-69.04167,3808
Desaguadero,2005-08-16,7.06,16.58,-0.05,59.51,0.0,1.65,63.32,-16.56556,-69.04167,3808
Desaguadero,2005-08-17,6.34,16.21,-1.92,45.8,0.17,2.68,63.26,-16.56556,-69.04167,3808
Desaguadero,2005-08-18,6.66,13.4,2.4,73.0,0.25,3.52,63.38,-16.56556,-69.04167,3808
Desaguadero,2005-08-19,7.05,13.77,2.74,71.0,0.0,3.61,63.44,-16.56556,-69.04167,3808
Desaguadero,2005-08-20,7.32,15.07,2.58,67.5,0.0,2.73,63.39,-16.56556,-69.04167,3808
Desaguadero,2005-08-21,7.41,16.09,0.57,59.25,0.0,2.29,63.22,-16.56556,-69.04167,3808
Desaguadero,2005-08-22,6.83,16.12,-0.53,50.89,0.0,2.47,63.11,-16.56556,-69.04167,3808
Desaguadero,2005-08-23,4.95,12.39,-1.83,23.28,0.0,1.72,63.23,-16.56556,-69.04167,3808
Desaguadero,2005-08-24,5.24,12.75,-1.43,51.7,1.56,3.26,63.37,-16.56556,-69.04167,3808
Desaguadero,2005-08-25,6.78,14.88,1.34,58.98,0.32,2.16,63.27,-16.56556,-69.04167,3808
Desaguadero,2005-08-26,5.88,15.1,-1.39,41.06,0.0,1.49,63.25,-16.56556,-69.04167,3808
Desaguadero,2005-08-27,7.55,18.59,-1.53,50.93,0.0,2.12,63.2,-16.56556,-69.04167,3808
Desaguadero,2005-08-28,7.46,17.59,-1.08,38.14,0.0,1.55,63.18,-16.56556,-69.04167,3808
Desaguadero,2005-08-29,8.11,17.78,-0.03,45.5,0.0,2.03,63.09,-16.56556,-69.04167,3808
Desaguadero,2005-08-30,8.73,17.32,1.92,47.74,0.2,3.16,63.0,-16.56556,-69.04167,3808
Desaguadero,2005-08-31,7.38,16.36,0.29,40.02,0.09,2.73,63.06,-16.56556,-69.04167,3808
Desaguadero,2005-09-01,6.95,15.61,0.13,58.26,0.09,3.12,63.15,-16.56556,-69.04167,3808
Desaguadero,2005-09-02,5.16,10.32,0.27,71.68,0.24,2.55,63.25,-16.56556,-69.04167,3808
Desaguadero,2005-09-03,5.99,17.38,-2.94,33.1,0.01,3.75,63.19,-16.56556,-69.04167,3808
Desaguadero,2005-09-04,5.77,16.98,-3.31,35.48,0.0,2.6,63.21,-16.56556,-69.04167,3808
Desaguadero,2005-09-05,7.09,16.19,-0.43,64.73,0.0,2.94,63.22,-16.56556,-69.04167,3808
Desaguadero,2005-09-06,6.69,13.62,1.31,68.21,0.0,2.72,63.28,-16.56556,-69.04167,3808
Desaguadero,2005-09-07,6.72,14.49,0.75,69.47,0.56,4.09,63.29,-16.56556,-69.04167,3808
Desaguadero,2005-09-08,6.28,12.7,0.83,68.94,0.29,3.25,63.3,-16.56556,-69.04167,3808
Desaguadero,2005-09-09,5.64,11.08,1.94,75.54,0.07,2.86,63.24,-16.56556,-69.04167,3808
Desaguadero,2005-09-10,6.5,13.56,1.64,67.73,0.64,3.06,63.2,-16.56556,-69.04167,3808
Desaguadero,2005-09-11,5.75,12.39,1.16,74.52,2.3,3.31,63.18,-16.56556,-69.04167,3808
Desaguadero,2005-09-12,4.3,10.71,1.12,79.43,1.17,4.06,63.13,-16.56556,-69.04167,3808
Desaguadero,2005-09-13,4.39,11.46,0.35,76.88,6.41,5.33,63.06,-16.56556,-69.04167,3808
Desaguadero,2005-09-14,4.84,12.32,0.68,76.92,9.03,3.6,63.14,-16.56556,-69.04167,3808
Desaguadero,2005-09-15,5.0,12.23,-0.24,74.96,3.76,4.13,63.27,-16.56556,-69.04167,3808
Desaguadero,2005-09-16,5.89,13.17,0.85,72.83,3.73,4.75,63.28,-16.56556,-69.04167,3808
Desaguadero,2005-09-17,5.69,12.08,1.89,71.44,4.15,3.53,63.21,-16.56556,-69.04167,3808
Desaguadero,2005-09-18,5.88,12.05,0.54,60.47,0.04,2.63,63.24,-16.56556,-69.04167,3808
Desaguadero,2005-09-19,6.95,14.13,1.94,68.37,0.25,3.06,63.29,-16.56556,-69.04167,3808
Desaguadero,2005-09-20,6.84,14.25,1.27,69.31,0.07,3.34,63.27,-16.56556,-69.04167,3808
Desaguadero,2005-09-21,8.11,16.3,1.85,63.47,0.0,2.67,63.18,-16.56556,-69.04167,3808
Desaguadero,2005-09-22,9.05,16.85,3.53,65.62,0.0,2.71,63.1,-16.56556,-69.04167,3808
Desaguadero,2005-09-23,7.41,15.69,-0.45,59.45,0.0,2.63,63.08,-16.56556,-69.04167,3808
Desaguadero,2005-09-24,7.87,17.61,-0.36,44.05,0.0,4.0,63.11,-16.56556,-69.04167,3808
Desaguadero,2005-09-25,7.49,18.02,-2.3,38.53,0.2,3.42,63.1,-16.56556,-69.04167,3808
Desaguadero,2005-09-26,8.11,19.1,-0.67,42.84,0.14,2.37,63.12,-16.56556,-69.04167,3808
Desaguadero,2005-09-27,7.77,18.27,0.14,55.64,0.0,2.52,63.24,-16.56556,-69.04167,3808
Desaguadero,2005-09-28,8.07,17.06,0.64,63.1,0.16,3.19,63.28,-16.56556,-69.04167,3808
Desaguadero,2005-09-29,9.36,17.51,3.34,64.14,0.92,3.52,63.2,-16.56556,-69.04167,3808
Desaguadero,2005-09-30,7.32,12.69,3.59,73.76,3.06,3.32,63.14,-16.56556,-69.04167,3808
Desaguadero,2005-10-01,8.43,16.24,2.36,65.37,1.01,3.71,63.18,-16.56556,-69.04167,3808
Desaguadero,2005-10-02,8.74,14.83,4.69,67.42,0.04,3.11,63.22,-16.56556,-69.04167,3808
Desaguadero,2005-10-03,8.77,13.89,4.83,73.1,3.46,2.65,63.22,-16.56556,-69.04167,3808
Desaguadero,2005-10-04,8.78,16.55,2.61,67.3,1.03,2.4,63.2,-16.56556,-69.04167,3808
Desaguadero,2005-10-05,8.42,15.12,4.41,76.76,7.73,4.43,63.16,-16.56556,-69.04167,3808
Desaguadero,2005-10-06,8.21,15.08,2.97,71.48,3.98,3.53,63.27,-16.56556,-69.04167,3808
Desaguadero,2005-10-07,8.13,13.54,3.83,72.24,5.95,2.5,63.32,-16.56556,-69.04167,3808
Desaguadero,2005-10-08,6.52,11.36,2.82,76.21,6.54,3.16,63.44,-16.56556,-69.04167,3808
Desaguadero,2005-10-09,6.11,11.78,2.09,78.01,7.93,4.02,63.37,-16.56556,-69.04167,3808
Desaguadero,2005-10-10,5.97,13.45,1.05,73.77,2.31,1.72,63.36,-16.56556,-69.04167,3808
Desaguadero,2005-10-11,6.26,11.8,1.77,73.42,0.15,2.19,63.32,-16.56556,-69.04167,3808
Desaguadero,2005-10-12,9.25,16.98,3.03,64.94,0.0,2.16,63.18,-16.56556,-69.04167,3808
Desaguadero,2005-10-13,10.1,17.69,3.71,61.83,0.21,2.17,63.12,-16.56556,-69.04167,3808
Desaguadero,2005-10-14,8.21,15.84,0.99,57.09,0.42,2.41,63.14,-16.56556,-69.04167,3808
Desaguadero,2005-10-15,8.99,16.07,3.41,67.59,0.33,2.25,63.1,-16.56556,-69.04167,3808
Desaguadero,2005-10-16,9.2,14.63,4.62,73.11,5.84,4.06,63.06,-16.56556,-69.04167,3808
Desaguadero,2005-10-17,8.19,14.25,4.29,70.82,2.19,2.9,63.13,-16.56556,-69.04167,3808
Desaguadero,2005-10-18,8.48,15.09,4.24,72.19,0.24,3.83,63.16,-16.56556,-69.04167,3808
Desaguadero,2005-10-19,7.29,14.54,2.38,73.16,0.73,4.36,63.19,-16.56556,-69.04167,3808
Desaguadero,2005-10-20,9.23,17.35,2.89,60.05,0.12,2.35,63.13,-16.56556,-69.04167,3808
Desaguadero,2005-10-21,9.41,18.45,1.26,44.5,0.0,2.06,63.11,-16.56556,-69.04167,3808
Desaguadero,2005-10-22,8.65,18.1,-1.45,44.23,0.0,2.11,63.16,-16.56556,-69.04167,3808
Desaguadero,2005-10-23,9.56,16.72,4.34,69.03,5.31,3.69,63.15,-16.56556,-69.04167,3808
Desaguadero,2005-10-24,10.01,18.31,2.65,56.32,2.11,2.01,63.13,-16.56556,-69.04167,3808
Desaguadero,2005-10-25,9.59,16.97,2.22,51.31,0.13,1.9,63.22,-16.56556,-69.04167,3808
Desaguadero,2005-10-26,7.03,11.76,2.25,73.06,4.0,1.41,63.18,-16.56556,-69.04167,3808
Desaguadero,2005-10-27,7.4,13.54,1.64,74.77,0.63,2.79,63.17,-16.56556,-69.04167,3808
Desaguadero,2005-10-28,10.81,19.62,4.33,50.65,0.0,1.4,63.13,-16.56556,-69.04167,3808
Desaguadero,2005-10-29,10.12,18.07,2.11,48.58,0.86,1.96,63.18,-16.56556,-69.04167,3808
Desaguadero,2005-10-30,10.71,18.45,4.61,59.04,0.85,2.37,63.21,-16.56556,-69.04167,3808
Desaguadero,2005-10-31,10.43,19.6,3.51,55.1,0.17,2.06,63.23,-16.56556,-69.04167,3808
Desaguadero,2005-11-01,10.19,19.74,1.92,57.67,0.0,1.53,63.26,-16.56556,-69.04167,3808
Desaguadero,2005-11-02,10.46,18.02,4.99,62.84,0.0,2.62,63.36,-16.56556,-69.04167,3808
Desaguadero,2005-11-03,9.83,15.84,5.53,64.53,0.0,2.27,63.41,-16.56556,-69.04167,3808
Desaguadero,2005-11-04,10.52,18.84,4.6,59.94,0.0,3.48,63.29,-16.56556,-69.04167,3808
Desaguadero,2005-11-05,9.64,16.12,4.31,63.3,0.01,3.61,63.17,-16.56556,-69.04167,3808
Desaguadero,2005-11-06,6.48,12.27,2.25,64.92,0.16,2.98,63.25,-16.56556,-69.04167,3808
Desaguadero,2005-11-07,7.58,14.57,3.14,72.19,2.75,3.49,63.23,-16.56556,-69.04167,3808
Desaguadero,2005-11-08,6.85,12.26,3.29,74.37,6.09,2.72,63.25,-16.56556,-69.04167,3808
Desaguadero,2005-11-09,8.5,14.78,3.78,72.37,7.67,2.91,63.21,-16.56556,-69.04167,3808
Desaguadero,2005-11-10,9.1,16.81,2.01,66.31,1.2,1.13,63.16,-16.56556,-69.04167,3808
Desaguadero,2005-11-11,8.39,13.66,4.24,65.7,3.15,1.59,63.17,-16.56556,-69.04167,3808
Desaguadero,2005-11-12,10.3,17.6,4.41,64.58,0.93,2.17,63.08,-16.56556,-69.04167,3808
Desaguadero,2005-11-13,10.57,18.19,3.2,54.66,0.05,1.82,63.1,-16.56556,-69.04167,3808
Desaguadero,2005-11-14,10.4,16.34,5.03,64.87,2.6,2.22,63.1,-16.56556,-69.04167,3808
Desaguadero,2005-11-15,9.89,15.57,5.34,70.83,2.57,3.12,63.12,-16.56556,-69.04167,3808
Desaguadero,2005-11-16,10.32,17.79,2.77,64.57,0.31,2.03,63.11,-16.56556,-69.04167,3808
Desaguadero,2005-11-17,10.76,19.63,1.52,45.08,0.04,1.97,63.01,-16.56556,-69.04167,3808
Desaguadero,2005-11-18,10.39,18.35,3.53,58.48,1.58,2.75,63.04,-16.56556,-69.04167,3808
Desaguadero,2005-11-19,9.5,14.45,5.89,70.5,7.83,3.02,63.17,-16.56556,-69.04167,3808
Desaguadero,2005-11-20,7.4,13.18,3.35,77.52,8.32,3.44,63.2,-16.56556,-69.04167,3808
Desaguadero,2005-11-21,9.97,16.98,4.36,67.01,2.64,2.42,63.12,-16.56556,-69.04167,3808
Desaguadero,2005-11-22,10.34,17.08,5.58,68.35,4.29,2.34,62.99,-16.56556,-69.04167,3808
Desaguadero,2005-11-23,10.26,17.16,4.12,50.38,3.15,2.45,62.94,-16.56556,-69.04167,3808
Desaguadero,2005-11-24,9.32,18.13,1.79,52.54,1.44,3.36,62.99,-16.56556,-69.04167,3808
Desaguadero,2005-11-25,9.02,13.76,6.05,77.73,4.75,4.41,63.02,-16.56556,-69.04167,3808
Desaguadero,2005-11-26,9.97,16.69,4.35,66.28,5.23,1.85,62.95,-16.56556,-69.04167,3808
Desaguadero,2005-11-27,10.8,19.39,3.03,51.93,0.08,1.35,62.88,-16.56556,-69.04167,3808
Desaguadero,2005-11-28,10.79,20.09,1.84,49.73,0.0,1.16,62.88,-16.56556,-69.04167,3808
Desaguadero,2005-11-29,10.34,20.59,1.12,51.28,0.04,2.38,62.98,-16.56556,-69.04167,3808
Desaguadero,2005-11-30,10.73,18.19,3.76,62.89,0.09,3.18,63.07,-16.56556,-69.04167,3808
Desaguadero,2005-12-01,9.31,15.99,4.16,66.47,0.4,4.37,63.12,-16.56556,-69.04167,3808
Desaguadero,2005-12-02,9.25,16.82,3.01,67.51,1.87,3.27,63.12,-16.56556,-69.04167,3808
Desaguadero,2005-12-03,9.88,16.24,5.82,70.44,2.37,1.7,63.07,-16.56556,-69.04167,3808
Desaguadero,2005-12-04,10.53,17.84,4.42,58.97,0.91,2.05,63.04,-16.56556,-69.04167,3808
Desaguadero,2005-12-05,11.47,19.75,4.44,48.35,0.04,2.09,62.93,-16.56556,-69.04167,3808
Desaguadero,2005-12-06,10.58,18.18,3.01,48.11,3.25,2.39,62.89,-16.56556,-69.04167,3808
Desaguadero,2005-12-07,9.44,19.05,2.11,55.77,1.18,2.35,62.94,-16.56556,-69.04167,3808
Desaguadero,2005-12-08,10.26,19.4,3.05,58.51,0.28,2.71,63.01,-16.56556,-69.04167,3808
Desaguadero,2005-12-09,10.52,19.96,2.89,57.21,0.1,3.19,63.11,-16.56556,-69.04167,3808
Desaguadero,2005-12-10,10.41,18.67,4.39,65.0,0.84,4.08,63.17,-16.56556,-69.04167,3808
Desaguadero,2005-12-11,10.15,18.45,4.75,64.38,3.31,3.74,63.19,-16.56556,-69.04167,3808
Desaguadero,2005-12-12,10.52,18.12,4.72,67.72,0.53,3.21,63.15,-16.56556,-69.04167,3808
Desaguadero,2005-12-13,11.24,19.59,4.32,60.14,2.1,3.31,63.09,-16.56556,-69.04167,3808
Desaguadero,2005-12-14,8.66,14.77,3.61,73.74,2.23,2.79,63.06,-16.56556,-69.04167,3808
Desaguadero,2005-12-15,10.13,17.29,4.69,67.87,0.79,2.75,63.0,-16.56556,-69.04167,3808
Desaguadero,2005-12-16,10.88,17.68,5.3,65.93,0.39,1.59,63.03,-16.56556,-69.04167,3808
Desaguadero,2005-12-17,10.73,16.84,6.59,65.97,0.09,3.09,63.15,-16.56556,-69.04167,3808
Desaguadero,2005-12-18,10.69,17.77,5.61,66.56,2.17,2.27,63.18,-16.56556,-69.04167,3808
Desaguadero,2005-12-19,11.37,19.69,5.68,61.53,0.63,3.72,63.16,-16.56556,-69.04167,3808
Desaguadero,2005-12-20,9.84,18.45,4.43,63.44,2.12,3.67,63.23,-16.56556,-69.04167,3808
Desaguadero,2005-12-21,10.7,19.42,3.55,60.38,0.38,2.65,63.27,-16.56556,-69.04167,3808
Desaguadero,2005-12-22,10.57,18.62,4.18,60.87,0.09,3.12,63.24,-16.56556,-69.04167,3808
Desaguadero,2005-12-23,10.65,20.05,3.03,58.8,0.01,2.87,63.19,-16.56556,-69.04167,3808
Desaguadero,2005-12-24,10.43,17.17,5.64,66.75,0.32,3.49,63.25,-16.56556,-69.04167,3808
Desaguadero,2005-12-25,8.94,14.44,3.8,69.7,2.71,3.36,63.27,-16.56556,-69.04167,3808
Desaguadero,2005-12-26,9.35,16.63,4.11,71.15,4.23,4.32,63.2,-16.56556,-69.04167,3808
Desaguadero,2005-12-27,9.61,16.94,3.3,71.22,7.22,3.15,63.14,-16.56556,-69.04167,3808
Desaguadero,2005-12-28,9.47,15.69,4.78,71.84,2.89,2.96,63.02,-16.56556,-69.04167,3808
Desaguadero,2005-12-29,8.12,12.54,3.91,74.89,4.87,3.37,62.96,-16.56556,-69.04167,3808
Desaguadero,2005-12-30,9.64,17.36,3.71,70.36,0.75,2.96,62.93,-16.56556,-69.04167,3808
Desaguadero,2005-12-31,9.36,15.5,5.22,73.83,3.86,1.95,62.96,-16.56556,-69.04167,3808
Desaguadero,2006-01-01,7.81,13.72,1.79,73.21,6.8,1.91,62.99,-16.56556,-69.04167,3808
Desaguadero,2006-01-02,5.55,8.7,3.15,79.49,4.78,2.27,63.08,-16.56556,-69.04167,3808
Desaguadero,2006-01-03,9.13,17.09,2.82,71.18,3.88,3.64,63.07,-16.56556,-69.04167,3808
Desaguadero,2006-01-04,9.01,15.14,4.51,74.47,5.25,3.32,63.03,-16.56556,-69.04167,3808
Desaguadero,2006-01-05,9.7,17.21,3.54,67.42,0.63,2.63,63.02,-16.56556,-69.04167,3808
Desaguadero,2006-01-06,10.35,18.46,4.05,62.47,0.01,3.47,63.09,-16.56556,-69.04167,3808
Desaguadero,2006-01-07,9.98,18.17,4.0,61.38,0.0,2.89,63.15,-16.56556,-69.04167,3808
Desaguadero,2006-01-08,10.47,18.53,5.2,64.87,0.28,2.49,63.1,-16.56556,-69.04167,3808
Desaguadero,2006-01-09,10.64,17.31,5.46,65.32,0.58,1.57,63.1,-16.56556,-69.04167,3808
Desaguadero,2006-01-10,12.57,20.76,6.62,59.54,1.57,2.86,62.98,-16.56556,-69.04167,3808
Desaguadero,2006-01-11,5.85,9.04,3.23,84.83,5.1,3.08,62.95,-16.56556,-69.04167,3808
Desaguadero,2006-01-12,8.34,13.25,4.23,81.05,14.11,3.65,63.0,-16.56556,-69.04167,3808
Desaguadero,2006-01-13,9.1,15.58,4.26,76.9,11.27,3.81,63.05,-16.56556,-69.04167,3808
Desaguadero,2006-01-14,8.81,15.57,4.05,78.35,12.42,3.91,63.12,-16.56556,-69.04167,3808
Desaguadero,2006-01-15,8.89,15.39,4.21,76.89,8.21,4.16,63.09,-16.56556,-69.04167,3808
Desaguadero,2006-01-16,7.92,13.66,3.51,80.27,3.97,3.86,63.17,-16.56556,-69.04167,3808
Desaguadero,2006-01-17,7.73,13.68,3.93,75.38,8.05,4.71,63.29,-16.56556,-69.04167,3808
Desaguadero,2006-01-18,5.93,11.83,1.5,80.1,14.1,2.72,63.2,-16.56556,-69.04167,3808
Desaguadero,2006-01-19,9.36,18.16,0.78,61.68,1.15,1.67,62.94,-16.56556,-69.04167,3808
Desaguadero,2006-01-20,8.35,16.24,1.33,71.37,1.45,2.82,62.89,-16.56556,-69.04167,3808
Desaguadero,2006-01-21,6.97,12.49,4.1,83.07,6.47,3.0,62.99,-16.56556,-69.04167,3808
Desaguadero,2006-01-22,7.46,12.81,3.66,80.17,13.98,3.04,63.1,-16.56556,-69.04167,3808
Desaguadero,2006-01-23,8.99,16.15,3.39,76.07,7.17,3.22,63.04,-16.56556,-69.04167,3808
Desaguadero,2006-01-24,9.08,14.67,4.99,78.58,12.29,4.08,63.06,-16.56556,-69.04167,3808
Desaguadero,2006-01-25,8.5,14.21,3.71,77.9,5.79,4.55,63.23,-16.56556,-69.04167,3808
Desaguadero,2006-01-26,8.89,14.76,4.1,78.09,15.23,3.83,63.3,-16.56556,-69.04167,3808
Desaguadero,2006-01-27,6.8,11.04,3.73,83.03,6.42,2.91,63.37,-16.56556,-69.04167,3808
Desaguadero,2006-01-28,8.43,14.07,4.23,78.42,3.0,2.36,63.37,-16.56556,-69.04167,3808
Desaguadero,2006-01-29,9.34,16.8,3.69,74.0,1.55,3.47,63.25,-16.56556,-69.04167,3808
Desaguadero,2006-01-30,9.49,17.33,3.1,71.51,0.37,2.85,63.24,-16.56556,-69.04167,3808
Desaguadero,2006-01-31,9.58,16.21,4.43,72.37,2.47,2.83,63.25,-16.56556,-69.04167,3808
Desaguadero,2006-02-01,9.53,16.64,5.02,73.9,1.44,3.06,63.23,-16.56556,-69.04167,3808
Desaguadero,2006-02-02,9.17,16.02,3.27,71.16,1.2,3.67,63.21,-16.56556,-69.04167,3808
Desaguadero,2006-02-03,9.88,16.82,4.97,72.4,1.14,2.46,63.18,-16.56556,-69.04167,3808
Desaguadero,2006-02-04,10.3,18.28,4.08,70.92,4.33,2.08,63.15,-16.56556,-69.04167,3808
Desaguadero,2006-02-05,8.76,12.11,5.55,78.49,4.41,1.79,63.16,-16.56556,-69.04167,3808
Desaguadero,2006-02-06,9.53,17.0,3.06,69.7,4.13,2.65,63.19,-16.56556,-69.04167,3808
Desaguadero,2006-02-07,9.56,17.48,4.34,70.54,7.23,2.76,63.08,-16.56556,-69.04167,3808
Desaguadero,2006-02-08,9.53,16.93,5.09,75.23,5.03,2.46,63.01,-16.56556,-69.04167,3808
Desaguadero,2006-02-09,9.34,15.44,4.18,78.07,10.66,3.15,63.17,-16.56556,-69.04167,3808
Desaguadero,2006-02-10,8.91,14.33,5.04,79.52,7.6,4.92,63.36,-16.56556,-69.04167,3808
Desaguadero,2006-02-11,9.17,16.31,3.83,76.77,12.77,3.27,63.32,-16.56556,-69.04167,3808
Desaguadero,2006-02-12,10.49,18.01,4.64,69.47,12.44,1.34,63.15,-16.56556,-69.04167,3808
Desaguadero,2006-02-13,9.0,16.83,3.37,71.36,10.49,1.98,63.11,-16.56556,-69.04167,3808
Desaguadero,2006-02-14,8.75,17.32,1.81,60.87,2.33,1.86,63.15,-16.56556,-69.04167,3808
Desaguadero,2006-02-15,8.31,17.16,0.03,55.14,0.21,1.56,63.15,-16.56556,-69.04167,3808
Desaguadero,2006-02-16,8.57,18.09,-1.87,58.0,0.13,1.84,63.17,-16.56556,-69.04167,3808
Desaguadero,2006-02-17,10.26,17.12,4.91,72.99,0.16,2.98,63.19,-16.56556,-69.04167,3808
Desaguadero,2006-02-18,9.11,15.9,4.65,74.23,0.21,2.89,63.23,-16.56556,-69.04167,3808
Desaguadero,2006-02-19,9.09,16.53,2.99,68.49,0.82,3.26,63.3,-16.56556,-69.04167,3808
Desaguadero,2006-02-20,9.16,16.54,3.2,70.73,2.38,3.36,63.26,-16.56556,-69.04167,3808
Desaguadero,2006-02-21,8.8,15.77,3.46,76.58,3.21,3.13,63.17,-16.56556,-69.04167,3808
Desaguadero,2006-02-22,9.65,17.64,3.43,73.13,0.16,2.52,63.13,-16.56556,-69.04167,3808
Desaguadero,2006-02-23,10.66,18.84,4.01,69.67,0.25,2.3,63.12,-16.56556,-69.04167,3808
Desaguadero,2006-02-24,10.91,17.75,5.88,68.23,3.2,2.14,63.12,-16.56556,-69.04167,3808
Desaguadero,2006-02-25,6.74,10.75,3.85,85.75,1.01,3.33,63.14,-16.56556,-69.04167,3808
Desaguadero,2006-02-26,9.21,16.2,3.43,74.37,0.16,2.33,63.09,-16.56556,-69.04167,3808
Desaguadero,2006-02-27,10.58,17.42,4.88,69.09,0.61,2.31,63.07,-16.56556,-69.04167,3808
Desaguadero,2006-02-28,9.09,14.95,4.52,76.25,0.29,3.15,63.15,-16.56556,-69.04167,3808
Desaguadero,2006-03-01,10.18,16.16,5.59,76.01,2.16,3.71,63.17,-16.56556,-69.04167,3808
Desaguadero,2006-03-02,9.03,14.34,4.83,79.69,7.77,2.97,63.24,-16.56556,-69.04167,3808
Desaguadero,2006-03-03,9.62,15.72,5.29,78.7,3.07,3.25,63.24,-16.56556,-69.04167,3808
Desaguadero,2006-03-04,9.28,15.43,5.72,78.15,1.69,3.37,63.31,-16.56556,-69.04167,3808
Desaguadero,2006-03-05,9.26,15.84,4.78,77.93,3.02,2.95,63.38,-16.56556,-69.04167,3808
Desaguadero,2006-03-06,10.19,17.61,5.07,73.34,0.2,2.26,63.35,-16.56556,-69.04167,3808
Desaguadero,2006-03-07,10.97,19.2,4.59,70.35,0.0,2.33,63.25,-16.56556,-69.04167,3808
Desaguadero,2006-03-08,11.98,19.91,6.71,68.3,0.45,2.19,63.23,-16.56556,-69.04167,3808
Desaguadero,2006-03-09,10.62,17.5,6.3,71.16,0.37,2.57,63.22,-16.56556,-69.04167,3808
Desaguadero,2006-03-10,9.56,15.52,5.17,74.82,5.22,2.75,63.33,-16.56556,-69.04167,3808
Desaguadero,2006-03-11,9.19,14.53,5.21,71.15,2.48,2.08,63.29,-16.56556,-69.04167,3808
Desaguadero,2006-03-12,10.43,17.74,4.87,65.29,3.97,1.99,63.12,-16.56556,-69.04167,3808
Desaguadero,2006-03-13,7.03,13.97,2.21,73.31,1.7,2.48,63.08,-16.56556,-69.04167,3808
Desaguadero,2006-03-14,8.47,15.21,3.49,71.79,0.78,2.45,63.11,-16.56556,-69.04167,3808
Desaguadero,2006-03-15,8.8,16.37,3.77,74.99,1.97,2.65,63.17,-16.56556,-69.04167,3808
Desaguadero,2006-03-16,8.84,16.38,2.89,74.96,1.3,2.55,63.16,-16.56556,-69.04167,3808
Desaguadero,2006-03-17,9.73,17.19,3.47,72.46,0.36,2.31,63.13,-16.56556,-69.04167,3808
Desaguadero,2006-03-18,7.57,12.73,2.81,75.69,0.97,3.21,63.14,-16.56556,-69.04167,3808
Desaguadero,2006-03-19,8.6,16.09,2.64,73.87,2.21,1.63,63.06,-16.56556,-69.04167,3808
Desaguadero,2006-03-20,8.49,14.78,3.69,76.43,1.57,3.06,63.08,-16.56556,-69.04167,3808
Desaguadero,2006-03-21,8.46,15.09,3.16,76.61,8.71,2.89,63.17,-16.56556,-69.04167,3808
Desaguadero,2006-03-22,8.5,13.76,4.98,79.97,4.62,2.26,63.22,-16.56556,-69.04167,3808
Desaguadero,2006-03-23,8.23,14.69,3.26,80.6,15.57,2.87,63.24,-16.56556,-69.04167,3808
Desaguadero,2006-03-24,8.15,14.82,3.34,79.71,3.96,2.85,63.2,-16.56556,-69.04167,3808
Desaguadero,2006-03-25,7.31,13.11,3.47,80.58,2.91,3.38,63.29,-16.56556,-69.04167,3808
Desaguadero,2006-03-26,8.1,15.28,2.06,77.28,3.43,3.19,63.32,-16.56556,-69.04167,3808
Desaguadero,2006-03-27,8.71,15.92,2.88,76.57,0.44,2.79,63.32,-16.56556,-69.04167,3808
Desaguadero,2006-03-28,9.34,16.37,3.4,76.05,3.55,2.54,63.28,-16.56556,-69.04167,3808
Desaguadero,2006-03-29,8.94,15.43,3.97,77.78,3.68,2.51,63.21,-16.56556,-69.04167,3808
Desaguadero,2006-03-30,8.88,14.53,5.13,80.26,1.0,3.11,63.21,-16.56556,-69.04167,3808
Desaguadero,2006-03-31,8.99,13.97,5.32,79.52,1.52,3.15,63.3,-16.56556,-69.04167,3808
Desaguadero,2006-04-01,8.36,14.74,4.01,77.76,3.32,3.48,63.34,-16.56556,-69.04167,3808
Desaguadero,2006-04-02,8.53,15.28,3.17,77.88,2.26,3.01,63.22,-16.56556,-69.04167,3808
Desaguadero,2006-04-03,8.27,15.1,3.36,79.65,6.43,2.78,63.19,-16.56556,-69.04167,3808
Desaguadero,2006-04-04,8.88,15.91,3.49,77.3,1.99,2.26,63.1,-16.56556,-69.04167,3808
Desaguadero,2006-04-05,9.23,16.08,4.49,74.38,0.73,2.22,63.09,-16.56556,-69.04167,3808
Desaguadero,2006-04-06,8.22,13.04,4.68,83.26,0.69,2.43,63.14,-16.56556,-69.04167,3808
Desaguadero,2006-04-07,8.48,15.63,4.4,75.89,0.33,1.28,63.17,-16.56556,-69.04167,3808
Desaguadero,2006-04-08,9.84,17.26,4.38,73.04,0.09,1.88,63.18,-16.56556,-69.04167,3808
Desaguadero,2006-04-09,10.13,16.64,5.97,74.08,0.68,1.88,63.12,-16.56556,-69.04167,3808
Desaguadero,2006-04-10,7.67,12.38,4.0,80.49,0.13,2.1,63.08,-16.56556,-69.04167,3808
Desaguadero,2006-04-11,8.69,16.65,3.45,71.56,0.25,2.21,63.07,-16.56556,-69.04167,3808
Desaguadero,2006-04-12,7.22,13.52,2.42,72.39,0.1,2.2,63.15,-16.56556,-69.04167,3808
Desaguadero,2006-04-13,8.17,14.48,3.99,68.67,0.1,1.74,63.08,-16.56556,-69.04167,3808
Desaguadero,2006-04-14,8.0,14.86,2.88,73.36,0.95,1.97,63.02,-16.56556,-69.04167,3808
Desaguadero,2006-04-15,6.9,13.44,2.65,81.54,0.77,2.64,63.17,-16.56556,-69.04167,3808
Desaguadero,2006-04-16,6.72,12.53,2.88,82.35,4.6,3.03,63.42,-16.56556,-69.04167,3808
Desaguadero,2006-04-17,7.78,15.63,2.46,75.33,0.51,2.24,63.41,-16.56556,-69.04167,3808
Desaguadero,2006-04-18,8.82,16.94,2.77,72.14,0.03,1.46,63.23,-16.56556,-69.04167,3808
Desaguadero,2006-04-19,9.29,17.63,3.75,68.52,0.0,1.73,63.16,-16.56556,-69.04167,3808
Desaguadero,2006-04-20,9.27,18.14,3.15,65.47,0.0,1.5,63.2,-16.56556,-69.04167,3808
Desaguadero,2006-04-21,8.53,16.81,2.32,70.86,0.03,2.46,63.32,-16.56556,-69.04167,3808
Desaguadero,2006-04-22,7.91,16.53,1.49,67.92,0.04,2.13,63.34,-16.56556,-69.04167,3808
Desaguadero,2006-04-23,7.05,14.88,0.86,67.29,0.0,2.76,63.37,-16.56556,-69.04167,3808
Desaguadero,2006-04-24,7.27,15.77,0.39,67.71,0.0,2.17,63.34,-16.56556,-69.04167,3808
Desaguadero,2006-04-25,8.2,16.21,2.77,67.66,0.01,2.06,63.33,-16.56556,-69.04167,3808
Desaguadero,2006-04-26,7.76,15.2,2.48,69.88,0.08,3.01,63.41,-16.56556,-69.04167,3808
Desaguadero,2006-04-27,6.95,13.79,1.9,75.52,0.01,2.05,63.42,-16.56556,-69.04167,3808
Desaguadero,2006-04-28,8.37,15.89,3.06,71.22,0.0,1.69,63.31,-16.56556,-69.04167,3808
Desaguadero,2006-04-29,8.75,15.18,5.29,72.27,0.0,1.7,63.25,-16.56556,-69.04167,3808
Desaguadero,2006-04-30,7.08,13.39,0.51,66.75,0.17,3.03,63.29,-16.56556,-69.04167,3808
Desaguadero,2006-05-01,4.53,12.69,-2.22,70.43,0.06,2.91,63.31,-16.56556,-69.04167,3808
Desaguadero,2006-05-02,6.22,13.83,0.47,74.44,0.02,2.58,63.31,-16.56556,-69.04167,3808
Desaguadero,2006-05-03,6.73,13.79,1.58,72.64,0.0,1.96,63.32,-16.56556,-69.04167,3808
Desaguadero,2006-05-04,7.43,14.3,3.05,70.84,2.75,1.34,63.22,-16.56556,-69.04167,3808
Desaguadero,2006-05-05,7.6,13.61,3.09,70.91,5.27,1.78,63.23,-16.56556,-69.04167,3808
Desaguadero,2006-05-06,7.38,15.34,2.08,59.89,0.22,1.78,63.28,-16.56556,-69.04167,3808
Desaguadero,2006-05-07,5.79,14.75,-0.83,54.86,0.04,1.4,63.29,-16.56556,-69.04167,3808
Desaguadero,2006-05-08,6.14,15.17,-0.3,66.6,0.01,1.9,63.26,-16.56556,-69.04167,3808
Desaguadero,2006-05-09,6.31,15.21,-0.23,63.79,0.0,1.63,63.15,-16.56556,-69.04167,3808
Desaguadero,2006-05-10,5.71,14.57,0.15,65.62,0.0,1.85,63.2,-16.56556,-69.04167,3808
Desaguadero,2006-05-11,5.18,13.83,-0.37,65.7,0.0,1.14,63.29,-16.56556,-69.04167,3808
Desaguadero,2006-05-12,5.58,14.77,-0.58,65.74,0.0,1.72,63.26,-16.56556,-69.04167,3808
Desaguadero,2006-05-13,5.58,15.25,-0.9,64.7,0.0,1.74,63.29,-16.56556,-69.04167,3808
Desaguadero,2006-05-14,6.54,16.04,0.5,55.6,0.0,1.45,63.34,-16.56556,-69.04167,3808
Desaguadero,2006-05-15,6.94,16.33,0.2,55.63,0.0,1.52,63.32,-16.56556,-69.04167,3808
Desaguadero,2006-05-16,7.23,16.85,0.18,50.44,0.0,1.29,63.31,-16.56556,-69.04167,3808
Desaguadero,2006-05-17,6.81,15.53,1.6,60.39,0.0,1.83,63.34,-16.56556,-69.04167,3808
Desaguadero,2006-05-18,6.64,15.56,0.4,62.17,0.01,1.92,63.32,-16.56556,-69.04167,3808
Desaguadero,2006-05-19,5.64,15.26,-0.96,54.19,0.22,1.86,63.25,-16.56556,-69.04167,3808
Desaguadero,2006-05-20,5.19,14.13,-1.25,39.44,0.27,1.54,63.16,-16.56556,-69.04167,3808
Desaguadero,2006-05-21,4.98,14.32,-1.1,44.7,0.36,1.58,63.08,-16.56556,-69.04167,3808
Desaguadero,2006-05-22,3.51,12.98,-3.37,40.32,0.1,1.55,63.22,-16.56556,-69.04167,3808
Desaguadero,2006-05-23,4.21,13.6,-2.7,41.42,0.0,1.33,63.35,-16.56556,-69.04167,3808
Desaguadero,2006-05-24,5.35,15.13,-1.06,52.78,0.0,1.13,63.35,-16.56556,-69.04167,3808
Desaguadero,2006-05-25,4.98,15.52,-3.19,52.9,0.0,2.41,63.36,-16.56556,-69.04167,3808
Desaguadero,2006-05-26,4.88,15.21,-2.61,59.5,0.0,2.27,63.36,-16.56556,-69.04167,3808
Desaguadero,2006-05-27,4.46,14.4,-2.28,53.0,0.0,2.05,63.37,-16.56556,-69.04167,3808
Desaguadero,2006-05-28,4.27,12.78,-0.73,44.42,0.0,1.77,63.38,-16.56556,-69.04167,3808
Desaguadero,2006-05-29,4.53,13.38,-1.16,52.35,0.0,1.97,63.24,-16.56556,-69.04167,3808
Desaguadero,2006-05-30,5.16,14.07,-1.64,67.89,0.0,2.17,63.22,-16.56556,-69.04167,3808
Desaguadero,2006-05-31,6.17,12.5,2.68,79.87,0.01,2.64,63.3,-16.56556,-69.04167,3808
Desaguadero,2006-06-01,6.11,11.91,2.53,82.37,1.3,2.87,63.32,-16.56556,-69.04167,3808
Desaguadero,2006-06-02,6.36,12.92,2.72,80.21,0.7,3.21,63.26,-16.56556,-69.04167,3808
Desaguadero,2006-06-03,6.05,14.27,-0.04,62.5,0.02,2.02,63.21,-16.56556,-69.04167,3808
Desaguadero,2006-06-04,5.67,13.74,0.07,63.04,0.19,1.97,63.21,-16.56556,-69.04167,3808
Desaguadero,2006-06-05,6.68,13.72,1.63,69.94,0.49,1.85,63.19,-16.56556,-69.04167,3808
Desaguadero,2006-06-06,6.03,14.24,-0.4,65.93,0.08,1.7,63.22,-16.56556,-69.04167,3808
Desaguadero,2006-06-07,7.53,13.47,3.6,78.17,0.02,1.91,63.22,-16.56556,-69.04167,3808
Desaguadero,2006-06-08,7.13,14.34,1.58,63.04,0.0,1.32,63.22,-16.56556,-69.04167,3808
Desaguadero,2006-06-09,7.0,15.45,-0.81,56.48,0.01,1.31,63.23,-16.56556,-69.04167,3808
Desaguadero,2006-06-10,7.23,14.45,1.19,64.04,0.13,1.71,63.21,-16.56556,-69.04167,3808
Desaguadero,2006-06-11,7.2,14.63,2.43,74.15,0.16,2.59,63.2,-16.56556,-69.04167,3808
Desaguadero,2006-06-12,6.61,13.4,1.79,69.9,0.02,1.56,63.25,-16.56556,-69.04167,3808
Desaguadero,2006-06-13,5.9,14.74,-0.84,51.74,0.11,1.25,63.33,-16.56556,-69.04167,3808
Desaguadero,2006-06-14,5.98,14.74,-0.71,66.6,0.34,1.45,63.39,-16.56556,-69.04167,3808
Desaguadero,2006-06-15,6.79,14.71,2.39,68.03,0.01,1.39,63.35,-16.56556,-69.04167,3808
Desaguadero,2006-06-16,6.49,14.16,1.88,70.13,0.0,1.86,63.34,-16.56556,-69.04167,3808
Desaguadero,2006-06-17,6.36,14.66,1.33,68.0,0.0,1.28,63.31,-16.56556,-69.04167,3808
Desaguadero,2006-06-18,5.34,13.99,-0.29,67.79,0.0,2.02,63.3,-16.56556,-69.04167,3808
Desaguadero,2006-06-19,5.35,14.27,-1.43,65.08,0.0,1.89,63.2,-16.56556,-69.04167,3808
Desaguadero,2006-06-20,5.76,14.25,-0.34,62.05,0.0,1.7,63.22,-16.56556,-69.04167,3808
Desaguadero,2006-06-21,6.62,13.48,2.11,75.16,0.0,2.19,63.32,-16.56556,-69.04167,3808
Desaguadero,2006-06-22,5.34,10.78,2.2,81.84,0.0,1.91,63.39,-16.56556,-69.04167,3808
Desaguadero,2006-06-23,5.34,11.54,1.46,72.39,0.94,1.25,63.35,-16.56556,-69.04167,3808
Desaguadero,2006-06-24,4.52,13.35,-2.12,49.48,0.13,1.9,63.25,-16.56556,-69.04167,3808
Desaguadero,2006-06-25,3.83,13.28,-3.97,50.77,0.02,1.61,63.25,-16.56556,-69.04167,3808
Desaguadero,2006-06-26,5.35,12.27,0.64,77.86,0.17,2.34,63.32,-16.56556,-69.04167,3808
Desaguadero,2006-06-27,5.31,11.53,0.55,76.67,0.31,2.29,63.37,-16.56556,-69.04167,3808
Desaguadero,2006-06-28,5.44,12.38,0.62,67.89,0.22,1.54,63.38,-16.56556,-69.04167,3808
Desaguadero,2006-06-29,4.85,12.38,0.09,67.33,0.07,2.0,63.34,-16.56556,-69.04167,3808
Desaguadero,2006-06-30,5.46,13.8,0.16,63.13,0.0,1.72,63.33,-16.56556,-69.04167,3808
Desaguadero,2006-07-01,5.73,14.47,-0.02,67.56,0.0,1.26,63.44,-16.56556,-69.04167,3808
Desaguadero,2006-07-02,5.0,13.89,-1.26,67.67,0.0,2.12,63.59,-16.56556,-69.04167,3808
Desaguadero,2006-07-03,3.96,13.82,-3.28,67.0,0.0,2.64,63.6,-16.56556,-69.04167,3808
Desaguadero,2006-07-04,3.64,14.41,-3.77,67.67,0.0,2.48,63.52,-16.56556,-69.04167,3808
Desaguadero,2006-07-05,3.59,13.41,-3.26,60.96,0.0,1.66,63.49,-16.56556,-69.04167,3808
Desaguadero,2006-07-06,3.93,13.34,-2.52,49.39,0.0,1.65,63.4,-16.56556,-69.04167,3808
Desaguadero,2006-07-07,4.49,14.2,-2.18,51.66,0.0,1.66,63.29,-16.56556,-69.04167,3808
Desaguadero,2006-07-08,4.04,13.38,-4.39,39.88,0.0,1.97,63.27,-16.56556,-69.04167,3808
Desaguadero,2006-07-09,4.45,13.43,-1.88,53.02,0.0,2.11,63.26,-16.56556,-69.04167,3808
Desaguadero,2006-07-10,6.04,14.38,-0.17,60.87,0.0,1.47,63.23,-16.56556,-69.04167,3808
Desaguadero,2006-07-11,4.67,13.73,-1.34,37.21,0.0,1.57,63.29,-16.56556,-69.04167,3808
Desaguadero,2006-07-12,4.58,13.45,-2.2,40.2,0.0,1.16,63.31,-16.56556,-69.04167,3808
Desaguadero,2006-07-13,5.4,13.9,-1.24,69.53,0.0,2.22,63.36,-16.56556,-69.04167,3808
Desaguadero,2006-07-14,5.3,10.81,1.41,78.54,0.07,2.83,63.43,-16.56556,-69.04167,3808
Desaguadero,2006-07-15,4.63,11.43,0.21,80.31,0.29,2.53,63.46,-16.56556,-69.04167,3808
Desaguadero,2006-07-16,5.23,13.79,-0.37,68.58,0.0,1.42,63.34,-16.56556,-69.04167,3808
Desaguadero,2006-07-17,4.29,13.38,-2.4,69.63,0.0,2.19,63.37,-16.56556,-69.04167,3808
Desaguadero,2006-07-18,4.44,14.3,-2.69,66.04,0.0,2.2,63.4,-16.56556,-69.04167,3808
Desaguadero,2006-07-19,3.37,14.25,-4.04,62.34,0.0,2.91,63.47,-16.56556,-69.04167,3808
Desaguadero,2006-07-20,3.55,14.18,-3.22,49.13,0.0,1.96,63.42,-16.56556,-69.04167,3808
Desaguadero,2006-07-21,3.81,13.42,-2.47,47.64,0.0,2.28,63.25,-16.56556,-69.04167,3808
Desaguadero,2006-07-22,4.71,13.93,-1.7,50.51,0.0,1.91,63.15,-16.56556,-69.04167,3808
Desaguadero,2006-07-23,4.16,13.71,-3.07,48.2,0.3,2.11,63.19,-16.56556,-69.04167,3808
Desaguadero,2006-07-24,5.14,13.44,-1.02,63.1,0.19,2.3,63.16,-16.56556,-69.04167,3808
Desaguadero,2006-07-25,6.66,14.74,0.62,65.67,0.23,1.66,63.12,-16.56556,-69.04167,3808
Desaguadero,2006-07-26,6.85,14.51,0.45,66.85,0.14,2.12,63.09,-16.56556,-69.04167,3808
Desaguadero,2006-07-27,6.82,15.18,-0.25,60.58,0.21,1.36,63.19,-16.56556,-69.04167,3808
Desaguadero,2006-07-28,6.63,13.7,0.95,66.27,0.02,1.01,63.32,-16.56556,-69.04167,3808
Desaguadero,2006-07-29,4.31,10.02,0.44,75.04,0.06,2.19,63.32,-16.56556,-69.04167,3808
Desaguadero,2006-07-30,6.9,14.52,1.21,68.67,0.53,2.66,63.19,-16.56556,-69.04167,3808
Desaguadero,2006-07-31,6.66,15.38,0.02,62.9,0.02,1.94,63.3,-16.56556,-69.04167,3808
Desaguadero,2006-08-01,6.06,14.87,0.26,58.85,0.0,1.71,63.47,-16.56556,-69.04167,3808
Desaguadero,2006-08-02,6.2,14.74,0.43,68.37,0.0,1.82,63.48,-16.56556,-69.04167,3808
Desaguadero,2006-08-03,6.4,15.06,1.05,67.21,0.0,2.25,63.41,-16.56556,-69.04167,3808
Desaguadero,2006-08-04,5.73,14.3,-0.93,67.48,0.0,2.49,63.34,-16.56556,-69.04167,3808
Desaguadero,2006-08-05,6.64,15.03,1.25,69.91,0.0,2.22,63.25,-16.56556,-69.04167,3808
Desaguadero,2006-08-06,5.81,12.97,0.07,73.18,0.0,2.45,63.24,-16.56556,-69.04167,3808
Desaguadero,2006-08-07,7.25,15.28,1.67,58.73,0.0,2.2,63.15,-16.56556,-69.04167,3808
Desaguadero,2006-08-08,6.54,15.25,0.24,47.8,0.0,2.05,63.18,-16.56556,-69.04167,3808
Desaguadero,2006-08-09,5.51,14.69,-2.59,49.04,0.01,2.04,63.26,-16.56556,-69.04167,3808
Desaguadero,2006-08-10,5.41,12.92,1.06,71.76,0.4,2.9,63.34,-16.56556,-69.04167,3808
Desaguadero,2006-08-11,5.84,13.45,-0.13,63.88,0.03,2.94,63.28,-16.56556,-69.04167,3808
Desaguadero,2006-08-12,6.79,14.03,1.01,69.38,0.03,2.57,63.24,-16.56556,-69.04167,3808
Desaguadero,2006-08-13,6.37,12.83,1.54,75.22,0.0,2.25,63.28,-16.56556,-69.04167,3808
Desaguadero,2006-08-14,6.59,14.24,0.44,63.25,0.01,2.22,63.24,-16.56556,-69.04167,3808
Desaguadero,2006-08-15,7.89,14.92,2.38,67.29,7.34,3.05,63.19,-16.56556,-69.04167,3808
Desaguadero,2006-08-16,6.87,15.58,-0.11,55.51,0.5,2.45,63.23,-16.56556,-69.04167,3808
Desaguadero,2006-08-17,4.99,10.64,1.16,75.78,0.19,2.91,63.24,-16.56556,-69.04167,3808
Desaguadero,2006-08-18,5.23,10.86,0.65,75.39,0.11,3.18,63.22,-16.56556,-69.04167,3808
Desaguadero,2006-08-19,6.35,13.88,1.22,62.04,0.01,2.13,63.16,-16.56556,-69.04167,3808
Desaguadero,2006-08-20,5.85,14.43,-0.65,55.39,1.21,2.28,63.31,-16.56556,-69.04167,3808
Desaguadero,2006-08-21,6.13,14.7,-0.58,62.29,0.29,1.51,63.38,-16.56556,-69.04167,3808
Desaguadero,2006-08-22,5.56,16.23,-2.61,45.49,0.0,2.28,63.34,-16.56556,-69.04167,3808
Desaguadero,2006-08-23,5.27,14.08,-0.75,66.15,0.02,2.79,63.3,-16.56556,-69.04167,3808
Desaguadero,2006-08-24,4.5,10.82,-0.47,77.95,2.99,3.54,63.2,-16.56556,-69.04167,3808
Desaguadero,2006-08-25,6.22,15.38,-2.54,58.12,0.12,3.4,63.12,-16.56556,-69.04167,3808
Desaguadero,2006-08-26,5.1,14.68,-3.65,47.02,0.01,2.41,63.2,-16.56556,-69.04167,3808
Desaguadero,2006-08-27,8.43,15.94,3.59,72.2,0.0,2.3,63.17,-16.56556,-69.04167,3808
Desaguadero,2006-08-28,7.03,12.96,2.74,78.1,0.2,3.77,63.2,-16.56556,-69.04167,3808
Desaguadero,2006-08-29,4.91,11.19,1.09,79.81,0.14,1.78,63.26,-16.56556,-69.04167,3808
Desaguadero,2006-08-30,7.46,14.67,2.03,62.03,0.0,2.52,63.2,-16.56556,-69.04167,3808
Desaguadero,2006-08-31,7.37,15.62,0.7,52.14,0.0,2.22,63.22,-16.56556,-69.04167,3808
Desaguadero,2006-09-01,6.44,16.43,-1.61,41.78,0.0,2.52,63.22,-16.56556,-69.04167,3808
Desaguadero,2006-09-02,5.88,15.73,-2.92,43.46,0.0,2.42,63.18,-16.56556,-69.04167,3808
Desaguadero,2006-09-03,8.43,17.57,2.05,57.97,0.0,1.64,63.14,-16.56556,-69.04167,3808
Desaguadero,2006-09-04,6.75,16.72,-0.7,54.82,0.0,1.8,63.26,-16.56556,-69.04167,3808
Desaguadero,2006-09-05,6.71,17.42,-0.87,53.1,0.0,2.3,63.3,-16.56556,-69.04167,3808
Desaguadero,2006-09-06,7.01,17.28,0.24,52.52,0.0,2.21,63.27,-16.56556,-69.04167,3808
Desaguadero,2006-09-07,6.72,15.79,-0.07,64.41,0.0,3.07,63.2,-16.56556,-69.04167,3808
Desaguadero,2006-09-08,6.37,15.06,-1.68,46.23,0.22,3.0,63.13,-16.56556,-69.04167,3808
Desaguadero,2006-09-09,4.17,13.14,-3.88,36.33,0.56,1.43,63.19,-16.56556,-69.04167,3808
Desaguadero,2006-09-10,6.91,15.55,0.09,61.2,0.39,1.58,63.26,-16.56556,-69.04167,3808
Desaguadero,2006-09-11,7.89,17.14,-0.25,58.96,0.0,2.7,63.23,-16.56556,-69.04167,3808
Desaguadero,2006-09-12,6.8,12.78,1.81,70.2,0.0,2.43,63.24,-16.56556,-69.04167,3808
Desaguadero,2006-09-13,7.14,14.3,1.93,73.36,0.5,2.86,63.22,-16.56556,-69.04167,3808
Desaguadero,2006-09-14,9.15,17.31,2.71,65.41,0.05,2.91,63.15,-16.56556,-69.04167,3808
Desaguadero,2006-09-15,9.66,17.17,3.76,52.37,0.08,2.18,63.2,-16.56556,-69.04167,3808
Desaguadero,2006-09-16,6.27,11.88,1.92,73.12,0.21,2.01,63.2,-16.56556,-69.04167,3808
Desaguadero,2006-09-17,7.88,16.65,0.42,52.87,0.08,2.55,63.3,-16.56556,-69.04167,3808
Desaguadero,2006-09-18,8.24,14.42,3.19,70.65,0.0,3.98,63.44,-16.56556,-69.04167,3808
Desaguadero,2006-09-19,10.16,18.23,4.3,58.33,0.0,2.12,63.34,-16.56556,-69.04167,3808
Desaguadero,2006-09-20,9.06,16.24,2.68,56.59,0.04,2.21,63.3,-16.56556,-69.04167,3808
Desaguadero,2006-09-21,8.75,18.78,-1.08,41.67,0.04,3.03,63.13,-16.56556,-69.04167,3808
Desaguadero,2006-09-22,5.92,16.42,-3.43,28.73,0.01,2.0,63.15,-16.56556,-69.04167,3808
Desaguadero,2006-09-23,6.74,16.03,-1.59,41.01,0.31,2.3,63.2,-16.56556,-69.04167,3808
Desaguadero,2006-09-24,6.07,10.63,2.6,72.36,0.99,3.04,63.28,-16.56556,-69.04167,3808
Desaguadero,2006-09-25,7.07,15.22,0.09,68.7,0.48,3.15,63.36,-16.56556,-69.04167,3808
Desaguadero,2006-09-26,7.28,14.47,1.86,72.45,3.9,2.98,63.37,-16.56556,-69.04167,3808
Desaguadero,2006-09-27,7.65,15.33,1.75,70.41,0.63,3.42,63.35,-16.56556,-69.04167,3808
Desaguadero,2006-09-28,6.52,12.22,2.15,71.07,3.51,2.37,63.35,-16.56556,-69.04167,3808
Desaguadero,2006-09-29,7.02,13.93,1.6,70.72,2.12,2.88,63.24,-16.56556,-69.04167,3808
Desaguadero,2006-09-30,9.23,17.21,3.43,55.76,0.02,2.39,63.21,-16.56556,-69.04167,3808
Desaguadero,2006-10-01,8.58,15.92,3.28,57.29,0.0,2.41,63.23,-16.56556,-69.04167,3808
Desaguadero,2006-10-02,8.68,14.55,4.74,66.79,0.04,2.84,63.21,-16.56556,-69.04167,3808
Desaguadero,2006-10-03,9.72,16.6,3.47,61.07,1.03,2.38,63.05,-16.56556,-69.04167,3808
Desaguadero,2006-10-04,9.33,17.69,2.57,44.35,0.29,1.5,62.98,-16.56556,-69.04167,3808
Desaguadero,2006-10-05,4.34,9.07,0.88,60.44,0.64,2.63,63.19,-16.56556,-69.04167,3808
Desaguadero,2006-10-06,7.77,16.38,0.36,63.16,0.37,2.51,63.24,-16.56556,-69.04167,3808
Desaguadero,2006-10-07,8.16,14.43,2.66,67.66,0.23,2.94,63.29,-16.56556,-69.04167,3808
Desaguadero,2006-10-08,9.46,16.98,4.16,65.36,0.34,2.54,63.26,-16.56556,-69.04167,3808
Desaguadero,2006-10-09,7.07,12.83,3.66,73.54,0.12,2.49,63.31,-16.56556,-69.04167,3808
Desaguadero,2006-10-10,8.32,15.42,2.65,70.75,0.06,2.15,63.29,-16.56556,-69.04167,3808
Desaguadero,2006-10-11,8.19,16.07,0.83,64.98,3.17,2.24,63.23,-16.56556,-69.04167,3808
Desaguadero,2006-10-12,7.95,16.89,2.19,62.07,3.48,2.06,63.17,-16.56556,-69.04167,3808
Desaguadero,2006-10-13,8.55,18.39,-1.36,42.06,0.37,1.71,63.09,-16.56556,-69.04167,3808
Desaguadero,2006-10-14,8.33,19.05,-1.58,38.27,0.09,1.8,63.06,-16.56556,-69.04167,3808
Desaguadero,2006-10-15,8.45,18.37,-2.79,46.28,0.19,2.58,63.09,-16.56556,-69.04167,3808
Desaguadero,2006-10-16,5.76,8.92,3.78,78.19,0.41,3.01,63.15,-16.56556,-69.04167,3808
Desaguadero,2006-10-17,9.02,16.96,2.3,63.65,0.01,1.21,63.1,-16.56556,-69.04167,3808
Desaguadero,2006-10-18,9.74,19.02,0.32,46.32,0.07,1.91,63.1,-16.56556,-69.04167,3808
Desaguadero,2006-10-19,8.2,14.74,2.36,65.05,0.33,2.89,63.15,-16.56556,-69.04167,3808
Desaguadero,2006-10-20,9.16,17.16,3.91,67.03,0.06,3.96,63.23,-16.56556,-69.04167,3808
Desaguadero,2006-10-21,8.42,15.81,3.48,73.55,0.69,4.21,63.32,-16.56556,-69.04167,3808
Desaguadero,2006-10-22,9.25,16.36,3.16,70.95,6.76,3.36,63.31,-16.56556,-69.04167,3808
Desaguadero,2006-10-23,9.55,13.99,6.44,73.46,1.06,1.58,63.25,-16.56556,-69.04167,3808
Desaguadero,2006-10-24,9.23,16.01,3.39,70.05,0.02,2.18,63.25,-16.56556,-69.04167,3808
Desaguadero,2006-10-25,9.81,16.24,5.14,71.9,0.52,3.13,63.3,-16.56556,-69.04167,3808
Desaguadero,2006-10-26,9.23,14.83,4.82,72.3,0.51,3.05,63.33,-16.56556,-69.04167,3808
Desaguadero,2006-10-27,9.97,17.28,4.23,71.21,4.63,2.63,63.17,-16.56556,-69.04167,3808
Desaguadero,2006-10-28,10.63,17.05,5.65,66.05,0.76,2.9,63.16,-16.56556,-69.04167,3808
Desaguadero,2006-10-29,9.8,16.66,4.74,71.29,0.78,2.12,63.15,-16.56556,-69.04167,3808
Desaguadero,2006-10-30,10.68,17.87,3.81,65.19,0.62,2.12,63.05,-16.56556,-69.04167,3808
Desaguadero,2006-10-31,9.07,14.89,2.94,71.76,0.2,3.21,63.06,-16.56556,-69.04167,3808
Desaguadero,2006-11-01,10.18,16.39,7.19,75.08,1.05,2.63,63.0,-16.56556,-69.04167,3808
Desaguadero,2006-11-02,10.29,15.5,6.01,72.39,1.07,3.58,63.02,-16.56556,-69.04167,3808
Desaguadero,2006-11-03,7.14,11.18,1.89,80.14,0.16,1.92,63.1,-16.56556,-69.04167,3808
Desaguadero,2006-11-04,10.33,16.53,5.93,70.31,5.28,3.29,63.01,-16.56556,-69.04167,3808
Desaguadero,2006-11-05,8.51,16.52,2.79,70.53,6.7,2.03,63.02,-16.56556,-69.04167,3808
Desaguadero,2006-11-06,10.21,17.57,4.13,69.69,10.73,3.42,63.02,-16.56556,-69.04167,3808
Desaguadero,2006-11-07,6.24,10.11,1.93,84.98,26.73,3.96,63.08,-16.56556,-69.04167,3808
Desaguadero,2006-11-08,8.44,15.6,2.07,72.83,1.81,2.53,63.05,-16.56556,-69.04167,3808
Desaguadero,2006-11-09,8.81,16.0,2.41,72.56,2.42,2.41,63.12,-16.56556,-69.04167,3808
Desaguadero,2006-11-10,8.24,13.94,3.76,75.96,0.61,3.08,63.23,-16.56556,-69.04167,3808
Desaguadero,2006-11-11,9.04,16.08,4.66,68.26,0.02,3.69,63.29,-16.56556,-69.04167,3808
Desaguadero,2006-11-12,10.13,18.96,3.41,59.36,0.0,2.88,63.28,-16.56556,-69.04167,3808
Desaguadero,2006-11-13,10.35,20.0,2.63,57.24,0.0,2.62,63.24,-16.56556,-69.04167,3808
Desaguadero,2006-11-14,10.99,20.29,3.05,58.34,0.0,2.6,63.12,-16.56556,-69.04167,3808
Desaguadero,2006-11-15,11.3,19.59,4.72,61.59,0.0,2.81,63.01,-16.56556,-69.04167,3808
Desaguadero,2006-11-16,10.84,17.4,6.05,67.87,0.13,3.71,63.07,-16.56556,-69.04167,3808
Desaguadero,2006-11-17,9.9,15.6,5.43,69.74,0.13,3.37,63.21,-16.56556,-69.04167,3808
Desaguadero,2006-11-18,10.09,17.14,4.55,67.58,0.04,3.3,63.22,-16.56556,-69.04167,3808
Desaguadero,2006-11-19,8.71,14.29,4.72,72.71,0.11,4.44,63.3,-16.56556,-69.04167,3808
Desaguadero,2006-11-20,9.57,17.17,4.72,67.04,0.14,3.46,63.28,-16.56556,-69.04167,3808
Desaguadero,2006-11-21,7.64,10.17,5.83,78.36,0.9,1.76,63.28,-16.56556,-69.04167,3808
Desaguadero,2006-11-22,8.88,13.74,5.03,67.8,0.72,1.67,63.25,-16.56556,-69.04167,3808
Desaguadero,2006-11-23,8.54,15.86,2.19,68.78,2.2,2.74,63.11,-16.56556,-69.04167,3808
Desaguadero,2006-11-24,9.98,16.64,4.86,64.76,0.34,2.41,63.07,-16.56556,-69.04167,3808
Desaguadero,2006-11-25,8.79,13.16,4.76,75.69,2.04,3.83,63.1,-16.56556,-69.04167,3808
Desaguadero,2006-11-26,7.91,15.4,2.64,72.38,0.47,1.93,63.17,-16.56556,-69.04167,3808
Desaguadero,2006-11-27,10.08,16.55,4.36,57.69,0.13,1.48,63.07,-16.56556,-69.04167,3808
Desaguadero,2006-11-28,10.25,18.33,3.57,53.27,1.24,2.32,63.01,-16.56556,-69.04167,3808
Desaguadero,2006-11-29,8.91,15.75,3.69,72.42,3.42,2.97,63.1,-16.56556,-69.04167,3808
Desaguadero,2006-11-30,7.63,12.87,2.47,73.09,3.08,1.73,63.17,-16.56556,-69.04167,3808
Desaguadero,2006-12-01,9.42,16.5,4.48,70.26,7.55,1.43,63.09,-16.56556,-69.04167,3808
Desaguadero,2006-12-02,8.79,13.24,4.05,65.16,4.45,2.12,63.08,-16.56556,-69.04167,3808
Desaguadero,2006-12-03,10.21,16.59,5.0,71.77,7.5,2.58,63.05,-16.56556,-69.04167,3808
Desaguadero,2006-12-04,8.07,11.45,5.73,80.95,5.57,2.39,63.15,-16.56556,-69.04167,3808
Desaguadero,2006-12-05,11.09,18.64,5.71,66.89,0.57,2.7,63.16,-16.56556,-69.04167,3808
Desaguadero,2006-12-06,9.19,15.76,5.12,75.86,1.15,2.6,63.18,-16.56556,-69.04167,3808
Desaguadero,2006-12-07,9.47,14.49,5.05,72.69,5.19,1.83,63.12,-16.56556,-69.04167,3808
Desaguadero,2006-12-08,11.07,18.88,4.88,58.29,1.93,1.87,63.01,-16.56556,-69.04167,3808
Desaguadero,2006-12-09,11.47,19.91,2.38,48.17,0.01,2.29,63.08,-16.56556,-69.04167,3808
Desaguadero,2006-12-10,9.39,15.45,3.41,65.53,2.07,2.11,63.17,-16.56556,-69.04167,3808
Desaguadero,2006-12-11,10.27,16.02,5.67,68.48,1.17,2.15,63.22,-16.56556,-69.04167,3808
Desaguadero,2006-12-12,10.11,18.01,2.94,67.13,0.15,2.04,63.22,-16.56556,-69.04167,3808
Desaguadero,2006-12-13,11.15,19.71,2.79,58.07,0.01,2.49,63.16,-16.56556,-69.04167,3808
Desaguadero,2006-12-14,9.98,15.23,5.78,70.76,0.14,2.38,63.17,-16.56556,-69.04167,3808
Desaguadero,2006-12-15,10.35,17.5,4.53,62.62,0.4,3.42,63.27,-16.56556,-69.04167,3808
Desaguadero,2006-12-16,8.97,16.1,3.94,70.84,0.19,3.32,63.22,-16.56556,-69.04167,3808
Desaguadero,2006-12-17,10.02,16.97,3.51,68.21,0.71,2.24,63.19,-16.56556,-69.04167,3808
Desaguadero,2006-12-18,10.22,16.58,6.23,69.79,8.36,2.87,63.17,-16.56556,-69.04167,3808
Desaguadero,2006-12-19,9.82,14.92,5.9,74.06,7.69,3.19,63.12,-16.56556,-69.04167,3808
Desaguadero,2006-12-20,9.1,15.99,3.89,73.37,6.82,1.95,63.12,-16.56556,-69.04167,3808
Desaguadero,2006-12-21,9.2,16.45,2.2,74.77,4.99,3.33,63.19,-16.56556,-69.04167,3808
Desaguadero,2006-12-22,10.46,18.23,4.35,68.24,1.43,1.91,63.23,-16.56556,-69.04167,3808
Desaguadero,2006-12-23,9.72,17.5,2.77,69.48,0.75,2.51,63.21,-16.56556,-69.04167,3808
Desaguadero,2006-12-24,9.97,16.68,3.89,67.69,0.42,1.59,63.15,-16.56556,-69.04167,3808
Desaguadero,2006-12-25,8.94,13.14,4.45,69.54,1.08,2.91,63.17,-16.56556,-69.04167,3808
Desaguadero,2006-12-26,8.4,11.11,5.67,79.79,8.64,3.32,63.26,-16.56556,-69.04167,3808
Desaguadero,2006-12-27,10.01,16.57,4.6,72.54,4.03,3.62,63.32,-16.56556,-69.04167,3808
Desaguadero,2006-12-28,10.3,16.89,5.62,70.35,1.44,3.71,63.37,-16.56556,-69.04167,3808
Desaguadero,2006-12-29,10.75,18.5,4.57,67.61,1.47,2.17,63.33,-16.56556,-69.04167,3808
Desaguadero,2006-12-30,8.79,16.16,3.02,71.85,0.8,3.12,63.28,-16.56556,-69.04167,3808
Desaguadero,2006-12-31,9.69,15.59,5.35,70.88,0.3,4.27,63.26,-16.56556,-69.04167,3808
Desaguadero,2007-01-01,9.31,15.91,3.75,68.2,2.98,2.84,63.17,-16.56556,-69.04167,3808
Desaguadero,2007-01-02,9.17,15.18,4.76,72.73,2.93,2.28,63.12,-16.56556,-69.04167,3808
Desaguadero,2007-01-03,7.76,15.06,2.48,72.0,0.85,2.4,63.19,-16.56556,-69.04167,3808
Desaguadero,2007-01-04,8.45,16.37,2.61,75.8,2.65,2.98,63.17,-16.56556,-69.04167,3808
Desaguadero,2007-01-05,10.58,17.24,6.19,71.86,7.08,2.9,63.15,-16.56556,-69.04167,3808
Desaguadero,2007-01-06,10.35,17.34,4.75,72.34,1.31,3.41,63.18,-16.56556,-69.04167,3808
Desaguadero,2007-01-07,8.6,13.35,4.41,74.17,0.92,3.54,63.26,-16.56556,-69.04167,3808
Desaguadero,2007-01-08,7.93,14.1,2.72,73.41,2.61,3.21,63.17,-16.56556,-69.04167,3808
Desaguadero,2007-01-09,9.07,14.97,3.46,73.05,1.48,3.12,63.12,-16.56556,-69.04167,3808
Desaguadero,2007-01-10,9.9,15.94,4.7,73.58,4.37,2.57,63.14,-16.56556,-69.04167,3808
Desaguadero,2007-01-11,8.56,15.59,2.09,77.53,12.57,2.27,63.2,-16.56556,-69.04167,3808
Desaguadero,2007-01-12,10.1,16.1,5.76,79.06,14.74,3.73,63.14,-16.56556,-69.04167,3808
Desaguadero,2007-01-13,9.39,13.79,5.0,82.14,8.4,3.37,63.07,-16.56556,-69.04167,3808
Desaguadero,2007-01-14,9.1,12.79,5.88,81.91,2.71,3.61,63.07,-16.56556,-69.04167,3808
Desaguadero,2007-01-15,6.63,10.86,3.34,86.16,9.21,1.6,63.1,-16.56556,-69.04167,3808
Desaguadero,2007-01-16,7.81,15.82,1.48,77.76,6.43,1.63,63.12,-16.56556,-69.04167,3808
Desaguadero,2007-01-17,11.35,19.98,3.82,65.5,0.19,1.83,63.15,-16.56556,-69.04167,3808
Desaguadero,2007-01-18,11.15,17.78,6.63,71.0,0.78,2.76,63.23,-16.56556,-69.04167,3808
Desaguadero,2007-01-19,12.05,19.43,6.52,65.86,1.42,2.02,63.25,-16.56556,-69.04167,3808
Desaguadero,2007-01-20,10.05,17.13,6.05,72.13,0.68,2.38,63.34,-16.56556,-69.04167,3808
Desaguadero,2007-01-21,10.08,16.7,5.09,72.89,0.43,3.33,63.39,-16.56556,-69.04167,3808
Desaguadero,2007-01-22,10.1,16.86,4.37,67.12,0.07,2.71,63.34,-16.56556,-69.04167,3808
Desaguadero,2007-01-23,10.57,17.89,5.03,67.94,1.88,1.64,63.17,-16.56556,-69.04167,3808
Desaguadero,2007-01-24,10.55,17.11,4.32,65.85,4.97,0.9,63.13,-16.56556,-69.04167,3808
Desaguadero,2007-01-25,10.33,17.55,5.14,67.09,0.14,1.98,63.15,-16.56556,-69.04167,3808
Desaguadero,2007-01-26,12.06,20.04,6.48,64.4,0.0,2.34,63.18,-16.56556,-69.04167,3808
Desaguadero,2007-01-27,10.99,16.74,7.59,71.98,1.52,2.58,63.24,-16.56556,-69.04167,3808
Desaguadero,2007-01-28,11.98,17.89,7.38,68.01,0.25,1.38,63.2,-16.56556,-69.04167,3808
Desaguadero,2007-01-29,10.64,18.57,2.37,59.29,0.01,1.76,63.22,-16.56556,-69.04167,3808
Desaguadero,2007-01-30,10.72,17.3,5.42,65.21,0.09,2.13,63.22,-16.56556,-69.04167,3808
Desaguadero,2007-01-31,11.23,18.69,6.24,64.87,6.1,1.93,63.24,-16.56556,-69.04167,3808
Desaguadero,2007-02-01,9.55,16.9,3.72,66.38,4.25,2.42,63.32,-16.56556,-69.04167,3808
Desaguadero,2007-02-02,10.45,17.99,4.02,66.89,1.89,2.85,63.3,-16.56556,-69.04167,3808
Desaguadero,2007-02-03,10.85,18.29,4.62,69.08,0.24,2.45,63.27,-16.56556,-69.04167,3808
Desaguadero,2007-02-04,9.91,19.22,2.51,67.55,3.26,2.37,63.24,-16.56556,-69.04167,3808
Desaguadero,2007-02-05,11.89,19.54,4.65,63.31,1.46,2.59,63.19,-16.56556,-69.04167,3808
Desaguadero,2007-02-06,9.51,17.76,2.08,67.97,0.18,2.22,63.22,-16.56556,-69.04167,3808
Desaguadero,2007-02-07,9.36,14.57,5.29,69.65,2.49,2.84,63.31,-16.56556,-69.04167,3808
Desaguadero,2007-02-08,8.82,15.53,4.67,75.37,2.34,2.96,63.28,-16.56556,-69.04167,3808
Desaguadero,2007-02-09,9.82,17.47,4.87,70.83,1.97,2.75,63.25,-16.56556,-69.04167,3808
Desaguadero,2007-02-10,9.18,15.43,3.58,74.71,1.14,3.88,63.33,-16.56556,-69.04167,3808
Desaguadero,2007-02-11,9.63,17.11,3.79,74.76,2.79,3.98,63.35,-16.56556,-69.04167,3808
Desaguadero,2007-02-12,10.04,17.11,4.15,75.75,15.35,2.62,63.23,-16.56556,-69.04167,3808
Desaguadero,2007-02-13,8.99,16.64,2.69,77.0,9.65,1.95,63.1,-16.56556,-69.04167,3808
Desaguadero,2007-02-14,5.75,12.55,1.46,72.67,10.25,4.12,63.08,-16.56556,-69.04167,3808
Desaguadero,2007-02-15,7.42,15.99,-0.24,62.1,4.31,3.39,62.97,-16.56556,-69.04167,3808
Desaguadero,2007-02-16,7.42,14.86,1.04,55.52,0.45,3.12,62.92,-16.56556,-69.04167,3808
Desaguadero,2007-02-17,8.79,18.66,-1.55,57.15,5.3,2.14,62.94,-16.56556,-69.04167,3808
Desaguadero,2007-02-18,7.21,13.2,1.4,70.96,6.6,1.95,63.08,-16.56556,-69.04167,3808
Desaguadero,2007-02-19,7.27,13.44,2.07,76.39,6.33,1.33,63.05,-16.56556,-69.04167,3808
Desaguadero,2007-02-20,8.16,16.5,2.06,73.06,1.74,2.14,63.01,-16.56556,-69.04167,3808
Desaguadero,2007-02-21,7.43,12.97,3.08,78.65,2.46,2.92,63.02,-16.56556,-69.04167,3808
Desaguadero,2007-02-22,8.52,15.82,3.26,74.5,0.17,2.84,63.14,-16.56556,-69.04167,3808
Desaguadero,2007-02-23,7.88,14.71,1.92,75.69,1.26,2.84,63.27,-16.56556,-69.04167,3808
Desaguadero,2007-02-24,7.8,14.95,2.77,76.64,4.79,3.26,63.34,-16.56556,-69.04167,3808
Desaguadero,2007-02-25,7.26,14.0,1.78,74.72,2.03,4.06,63.36,-16.56556,-69.04167,3808
Desaguadero,2007-02-26,8.28,17.43,-0.27,67.85,0.01,3.04,63.24,-16.56556,-69.04167,3808
Desaguadero,2007-02-27,10.01,17.83,4.29,68.99,0.47,2.32,63.16,-16.56556,-69.04167,3808
Desaguadero,2007-02-28,9.64,16.41,4.8,70.93,0.19,2.99,63.07,-16.56556,-69.04167,3808
Desaguadero,2007-03-01,9.1,15.17,3.6,73.86,0.19,3.22,63.05,-16.56556,-69.04167,3808
Desaguadero,2007-03-02,9.27,15.09,4.36,74.79,4.8,3.81,63.09,-16.56556,-69.04167,3808
Desaguadero,2007-03-03,8.66,14.66,4.71,78.95,14.68,4.27,63.16,-16.56556,-69.04167,3808
Desaguadero,2007-03-04,8.51,15.52,3.2,78.04,14.4,3.1,63.2,-16.56556,-69.04167,3808
Desaguadero,2007-03-05,8.48,14.78,3.48,79.0,3.33,3.15,63.24,-16.56556,-69.04167,3808
Desaguadero,2007-03-06,8.64,15.18,4.49,79.74,5.07,3.78,63.29,-16.56556,-69.04167,3808
Desaguadero,2007-03-07,8.71,15.65,2.92,76.39,5.1,2.89,63.34,-16.56556,-69.04167,3808
Desaguadero,2007-03-08,9.0,15.96,3.21,75.53,1.8,2.93,63.24,-16.56556,-69.04167,3808
Desaguadero,2007-03-09,8.94,14.3,5.65,78.1,4.22,2.6,63.13,-16.56556,-69.04167,3808
Desaguadero,2007-03-10,9.09,15.35,4.57,77.35,3.63,2.82,63.11,-16.56556,-69.04167,3808
Desaguadero,2007-03-11,8.09,12.49,4.92,82.74,3.4,3.22,63.16,-16.56556,-69.04167,3808
Desaguadero,2007-03-12,8.92,14.82,4.83,80.01,0.8,2.48,63.17,-16.56556,-69.04167,3808
Desaguadero,2007-03-13,7.53,9.86,5.23,84.41,1.67,1.79,63.25,-16.56556,-69.04167,3808
Desaguadero,2007-03-14,8.64,13.79,5.79,80.48,6.81,1.76,63.2,-16.56556,-69.04167,3808
Desaguadero,2007-03-15,8.44,14.38,4.65,78.41,1.76,3.37,63.16,-16.56556,-69.04167,3808
Desaguadero,2007-03-16,7.94,13.75,3.69,79.72,4.0,2.02,63.22,-16.56556,-69.04167,3808
Desaguadero,2007-03-17,8.41,14.79,4.53,80.14,5.74,3.13,63.23,-16.56556,-69.04167,3808
Desaguadero,2007-03-18,7.56,14.47,3.05,80.32,6.19,3.04,63.28,-16.56556,-69.04167,3808
Desaguadero,2007-03-19,8.25,15.68,2.82,74.38,1.27,2.79,63.35,-16.56556,-69.04167,3808
Desaguadero,2007-03-20,9.88,18.11,3.76,64.89,0.0,1.41,63.27,-16.56556,-69.04167,3808
Desaguadero,2007-03-21,10.02,17.27,4.66,68.29,0.0,1.5,63.14,-16.56556,-69.04167,3808
Desaguadero,2007-03-22,10.34,17.1,5.77,68.05,0.08,1.45,63.09,-16.56556,-69.04167,3808
Desaguadero,2007-03-23,8.73,17.54,1.5,67.69,2.05,2.87,63.2,-16.56556,-69.04167,3808
Desaguadero,2007-03-24,7.3,16.07,0.84,73.37,2.52,3.06,63.35,-16.56556,-69.04167,3808
Desaguadero,2007-03-25,8.22,15.83,2.69,75.03,0.71,2.76,63.32,-16.56556,-69.04167,3808
Desaguadero,2007-03-26,9.03,17.03,3.22,70.71,0.0,2.54,63.2,-16.56556,-69.04167,3808
Desaguadero,2007-03-27,9.21,15.99,4.59,74.05,0.03,3.03,63.17,-16.56556,-69.04167,3808
Desaguadero,2007-03-28,8.15,14.28,4.07,78.68,2.27,3.98,63.22,-16.56556,-69.04167,3808
Desaguadero,2007-03-29,7.79,13.82,3.77,78.72,4.8,3.34,63.23,-16.56556,-69.04167,3808
Desaguadero,2007-03-30,7.45,12.46,4.02,81.29,0.54,2.46,63.16,-16.56556,-69.04167,3808
Desaguadero,2007-03-31,8.14,14.17,3.92,79.13,3.78,3.32,63.2,-16.56556,-69.04167,3808
Desaguadero,2007-04-01,7.81,14.73,3.37,78.51,7.62,3.29,63.29,-16.56556,-69.04167,3808
Desaguadero,2007-04-02,9.09,15.96,3.26,72.66,0.72,1.74,63.3,-16.56556,-69.04167,3808
Desaguadero,2007-04-03,8.93,14.46,4.55,74.53,0.59,1.93,63.24,-16.56556,-69.04167,3808
Desaguadero,2007-04-04,8.48,14.25,4.58,77.36,1.41,2.52,63.19,-16.56556,-69.04167,3808
Desaguadero,2007-04-05,6.88,13.05,1.86,80.93,7.73,2.62,63.21,-16.56556,-69.04167,3808
Desaguadero,2007-04-06,8.43,15.3,3.34,77.46,4.45,2.18,63.26,-16.56556,-69.04167,3808
Desaguadero,2007-04-07,9.06,15.7,4.8,76.06,5.48,1.8,63.33,-16.56556,-69.04167,3808
Desaguadero,2007-04-08,8.34,15.21,4.23,78.27,2.05,1.86,63.4,-16.56556,-69.04167,3808
Desaguadero,2007-04-09,8.57,15.27,4.05,76.79,0.31,2.38,63.33,-16.56556,-69.04167,3808
Desaguadero,2007-04-10,9.44,16.85,4.83,66.67,0.02,2.06,63.2,-16.56556,-69.04167,3808
Desaguadero,2007-04-11,8.56,14.19,4.17,72.51,0.2,2.02,63.28,-16.56556,-69.04167,3808
Desaguadero,2007-04-12,8.07,16.14,2.87,66.66,0.24,2.51,63.39,-16.56556,-69.04167,3808
Desaguadero,2007-04-13,7.02,12.84,2.36,80.53,2.19,2.99,63.38,-16.56556,-69.04167,3808
Desaguadero,2007-04-14,8.06,13.83,3.95,73.99,0.01,2.06,63.39,-16.56556,-69.04167,3808
Desaguadero,2007-04-15,7.59,15.0,2.52,62.27,0.0,2.69,63.52,-16.56556,-69.04167,3808
Desaguadero,2007-04-16,8.29,17.15,1.72,67.1,0.0,1.94,63.52,-16.56556,-69.04167,3808
Desaguadero,2007-04-17,8.53,16.82,2.8,71.94,0.0,2.16,63.38,-16.56556,-69.04167,3808
Desaguadero,2007-04-18,7.51,15.91,1.57,72.14,0.0,2.62,63.37,-16.56556,-69.04167,3808
Desaguadero,2007-04-19,8.21,17.2,1.54,67.52,0.0,2.18,63.38,-16.56556,-69.04167,3808
Desaguadero,2007-04-20,8.25,16.31,1.89,68.74,0.06,2.47,63.35,-16.56556,-69.04167,3808
Desaguadero,2007-04-21,6.95,12.51,3.36,76.78,0.14,1.79,63.35,-16.56556,-69.04167,3808
Desaguadero,2007-04-22,8.66,16.53,3.17,71.4,0.02,1.98,63.25,-16.56556,-69.04167,3808
Desaguadero,2007-04-23,8.79,15.51,4.25,73.63,0.02,2.21,63.24,-16.56556,-69.04167,3808
Desaguadero,2007-04-24,8.42,15.86,3.71,73.67,0.01,2.49,63.19,-16.56556,-69.04167,3808
Desaguadero,2007-04-25,7.81,12.47,3.26,78.58,2.13,2.35,63.15,-16.56556,-69.04167,3808
Desaguadero,2007-04-26,8.1,13.08,4.55,79.04,1.21,2.6,63.15,-16.56556,-69.04167,3808
Desaguadero,2007-04-27,4.17,7.55,1.78,87.44,13.07,1.92,63.3,-16.56556,-69.04167,3808
Desaguadero,2007-04-28,7.82,15.37,2.56,73.78,0.39,1.39,63.39,-16.56556,-69.04167,3808
Desaguadero,2007-04-29,8.18,15.31,3.46,72.88,0.0,1.91,63.37,-16.56556,-69.04167,3808
Desaguadero,2007-04-30,7.69,14.17,3.16,73.11,0.0,1.66,63.32,-16.56556,-69.04167,3808
Desaguadero,2007-05-01,8.77,15.8,3.71,67.41,0.0,1.93,63.28,-16.56556,-69.04167,3808
Desaguadero,2007-05-02,7.28,14.69,0.97,67.34,0.04,2.62,63.35,-16.56556,-69.04167,3808
Desaguadero,2007-05-03,6.32,14.25,0.61,67.01,0.12,2.34,63.41,-16.56556,-69.04167,3808
Desaguadero,2007-05-04,5.99,13.52,0.5,74.4,0.0,2.83,63.34,-16.56556,-69.04167,3808
Desaguadero,2007-05-05,7.59,14.88,0.84,72.2,0.0,1.81,63.24,-16.56556,-69.04167,3808
Desaguadero,2007-05-06,7.4,13.63,2.62,68.29,0.08,1.41,63.2,-16.56556,-69.04167,3808
Desaguadero,2007-05-07,6.47,11.03,2.56,78.1,1.5,1.94,63.2,-16.56556,-69.04167,3808
Desaguadero,2007-05-08,5.39,12.17,1.54,83.25,5.57,2.88,63.25,-16.56556,-69.04167,3808
Desaguadero,2007-05-09,5.76,12.34,1.53,79.26,0.69,1.62,63.37,-16.56556,-69.04167,3808
Desaguadero,2007-05-10,8.44,16.69,1.81,62.69,0.01,1.74,63.31,-16.56556,-69.04167,3808
Desaguadero,2007-05-11,7.82,15.9,1.9,71.23,0.0,1.76,63.36,-16.56556,-69.04167,3808
Desaguadero,2007-05-12,7.12,13.71,2.83,75.66,0.0,2.47,63.48,-16.56556,-69.04167,3808
Desaguadero,2007-05-13,8.3,16.81,2.52,70.51,0.0,1.22,63.48,-16.56556,-69.04167,3808
Desaguadero,2007-05-14,7.98,15.63,3.5,70.03,0.0,1.86,63.45,-16.56556,-69.04167,3808
Desaguadero,2007-05-15,8.48,16.69,2.69,59.48,0.0,0.92,63.31,-16.56556,-69.04167,3808
Desaguadero,2007-05-16,7.08,15.98,-0.35,53.97,0.11,2.17,63.16,-16.56556,-69.04167,3808
Desaguadero,2007-05-17,7.78,14.33,2.8,69.25,0.02,2.18,63.17,-16.56556,-69.04167,3808
Desaguadero,2007-05-18,6.83,13.71,1.23,66.65,0.03,2.76,63.26,-16.56556,-69.04167,3808
Desaguadero,2007-05-19,7.2,13.22,3.04,77.89,0.01,3.14,63.22,-16.56556,-69.04167,3808
Desaguadero,2007-05-20,6.29,14.85,-0.04,60.55,0.0,2.0,63.15,-16.56556,-69.04167,3808
Desaguadero,2007-05-21,4.79,14.16,-2.62,52.45,0.08,2.76,63.05,-16.56556,-69.04167,3808
Desaguadero,2007-05-22,5.0,14.03,-2.02,53.06,0.59,2.94,63.02,-16.56556,-69.04167,3808
Desaguadero,2007-05-23,5.38,13.51,-1.38,59.85,0.48,2.86,63.12,-16.56556,-69.04167,3808
Desaguadero,2007-05-24,5.84,13.89,-1.11,57.86,0.03,1.73,63.16,-16.56556,-69.04167,3808
Desaguadero,2007-05-25,6.63,15.3,0.36,63.61,0.0,2.12,63.15,-16.56556,-69.04167,3808
Desaguadero,2007-05-26,5.16,15.09,-1.95,51.54,0.0,2.78,63.21,-16.56556,-69.04167,3808
Desaguadero,2007-05-27,5.24,14.64,-2.39,52.48,0.0,2.27,63.24,-16.56556,-69.04167,3808
Desaguadero,2007-05-28,6.56,14.63,-0.16,69.08,0.08,2.26,63.23,-16.56556,-69.04167,3808
Desaguadero,2007-05-29,6.58,13.42,2.22,71.34,0.21,2.53,63.21,-16.56556,-69.04167,3808
Desaguadero,2007-05-30,6.13,13.55,0.63,59.71,0.0,1.53,63.21,-16.56556,-69.04167,3808
Desaguadero,2007-05-31,6.27,13.78,0.72,62.39,0.0,2.14,63.18,-16.56556,-69.04167,3808
Desaguadero,2007-06-01,6.1,13.99,0.54,66.8,0.0,2.02,63.28,-16.56556,-69.04167,3808
Desaguadero,2007-06-02,6.73,13.57,1.87,77.22,0.0,2.36,63.34,-16.56556,-69.04167,3808
Desaguadero,2007-06-03,6.83,13.67,2.61,73.73,0.03,1.98,63.46,-16.56556,-69.04167,3808
Desaguadero,2007-06-04,7.64,14.88,3.08,72.53,0.0,1.91,63.39,-16.56556,-69.04167,3808
Desaguadero,2007-06-05,6.45,15.44,-0.56,59.26,0.0,2.0,63.38,-16.56556,-69.04167,3808
Desaguadero,2007-06-06,7.39,15.55,1.6,59.4,0.0,1.78,63.32,-16.56556,-69.04167,3808
Desaguadero,2007-06-07,6.29,14.91,0.7,54.56,0.59,2.08,63.32,-16.56556,-69.04167,3808
Desaguadero,2007-06-08,5.2,14.36,-0.1,68.0,0.23,2.52,63.31,-16.56556,-69.04167,3808
Desaguadero,2007-06-09,5.37,14.53,0.13,68.64,0.0,2.12,63.28,-16.56556,-69.04167,3808
Desaguadero,2007-06-10,5.44,14.42,0.27,71.57,0.0,2.24,63.27,-16.56556,-69.04167,3808
Desaguadero,2007-06-11,5.82,14.59,0.38,67.51,0.0,1.6,63.27,-16.56556,-69.04167,3808
Desaguadero,2007-06-12,5.62,14.44,-2.23,58.66,0.0,1.25,63.31,-16.56556,-69.04167,3808
Desaguadero,2007-06-13,5.84,15.26,-1.54,60.45,0.0,1.73,63.25,-16.56556,-69.04167,3808
Desaguadero,2007-06-14,6.58,14.9,1.08,67.03,0.0,1.57,63.27,-16.56556,-69.04167,3808
Desaguadero,2007-06-15,6.97,16.53,0.26,67.88,0.0,2.56,63.38,-16.56556,-69.04167,3808
Desaguadero,2007-06-16,6.25,13.9,0.93,76.51,0.0,2.58,63.42,-16.56556,-69.04167,3808
Desaguadero,2007-06-17,5.98,15.32,0.19,69.97,0.0,2.01,63.35,-16.56556,-69.04167,3808
Desaguadero,2007-06-18,4.41,12.37,-1.46,59.22,0.0,2.81,63.26,-16.56556,-69.04167,3808
Desaguadero,2007-06-19,5.92,12.65,0.96,75.81,0.0,2.64,63.27,-16.56556,-69.04167,3808
Desaguadero,2007-06-20,5.56,10.55,2.51,83.58,0.0,2.46,63.28,-16.56556,-69.04167,3808
Desaguadero,2007-06-21,6.74,13.11,3.11,76.65,0.0,2.75,63.3,-16.56556,-69.04167,3808
Desaguadero,2007-06-22,6.99,13.65,2.65,74.96,0.0,3.02,63.25,-16.56556,-69.04167,3808
Desaguadero,2007-06-23,7.43,13.16,3.55,77.15,0.0,2.31,63.21,-16.56556,-69.04167,3808
Desaguadero,2007-06-24,4.77,9.86,-0.07,79.76,0.67,3.72,63.25,-16.56556,-69.04167,3808
Desaguadero,2007-06-25,5.64,11.57,0.88,76.7,0.11,3.3,63.27,-16.56556,-69.04167,3808
Desaguadero,2007-06-26,5.81,14.86,-1.45,54.44,0.21,1.88,63.32,-16.56556,-69.04167,3808
Desaguadero,2007-06-27,5.18,13.78,-0.7,59.21,0.07,1.98,63.33,-16.56556,-69.04167,3808
Desaguadero,2007-06-28,6.32,15.06,0.24,59.63,0.0,1.56,63.3,-16.56556,-69.04167,3808
Desaguadero,2007-06-29,4.4,13.49,-1.88,69.42,0.0,1.45,63.41,-16.56556,-69.04167,3808
Desaguadero,2007-06-30,4.4,12.99,-1.04,70.55,0.0,1.58,63.55,-16.56556,-69.04167,3808
Desaguadero,2007-07-01,4.61,14.08,-1.56,68.31,0.0,1.47,63.55,-16.56556,-69.04167,3808
Desaguadero,2007-07-02,4.97,14.65,-1.54,64.72,0.0,1.76,63.45,-16.56556,-69.04167,3808
Desaguadero,2007-07-03,5.31,14.86,-0.21,57.57,0.0,1.67,63.32,-16.56556,-69.04167,3808
Desaguadero,2007-07-04,5.33,14.88,-1.06,61.16,0.0,1.94,63.18,-16.56556,-69.04167,3808
Desaguadero,2007-07-05,5.73,14.37,-0.08,70.38,0.02,2.08,63.2,-16.56556,-69.04167,3808
Desaguadero,2007-07-06,6.26,13.76,1.49,75.11,0.0,2.46,63.19,-16.56556,-69.04167,3808
Desaguadero,2007-07-07,6.94,13.33,3.23,70.48,0.4,2.8,63.09,-16.56556,-69.04167,3808
Desaguadero,2007-07-08,2.82,6.58,0.15,84.66,19.29,3.15,63.19,-16.56556,-69.04167,3808
Desaguadero,2007-07-09,2.03,5.26,0.17,88.43,5.06,2.41,63.31,-16.56556,-69.04167,3808
Desaguadero,2007-07-10,3.14,7.81,-0.46,81.96,0.45,3.07,63.25,-16.56556,-69.04167,3808
Desaguadero,2007-07-11,4.49,10.56,0.06,73.67,0.8,2.61,63.14,-16.56556,-69.04167,3808
Desaguadero,2007-07-12,4.85,11.96,-1.42,59.56,0.02,2.39,63.17,-16.56556,-69.04167,3808
Desaguadero,2007-07-13,5.24,11.99,-0.34,59.39,0.0,2.29,63.2,-16.56556,-69.04167,3808
Desaguadero,2007-07-14,5.35,12.7,-0.34,55.16,0.0,1.97,63.24,-16.56556,-69.04167,3808
Desaguadero,2007-07-15,5.59,12.3,1.19,75.73,0.0,2.85,63.18,-16.56556,-69.04167,3808
Desaguadero,2007-07-16,5.1,14.1,-2.61,51.91,0.01,2.81,63.16,-16.56556,-69.04167,3808
Desaguadero,2007-07-17,3.71,12.97,-3.73,42.51,0.35,1.66,63.24,-16.56556,-69.04167,3808
Desaguadero,2007-07-18,4.07,11.29,-0.56,70.42,0.55,1.93,63.32,-16.56556,-69.04167,3808
Desaguadero,2007-07-19,5.57,14.68,-0.21,60.23,0.0,1.44,63.23,-16.56556,-69.04167,3808
Desaguadero,2007-07-20,5.41,14.43,-1.99,48.87,0.0,1.87,63.22,-16.56556,-69.04167,3808
Desaguadero,2007-07-21,6.29,14.71,-1.08,59.31,0.0,2.28,63.22,-16.56556,-69.04167,3808
Desaguadero,2007-07-22,4.09,14.6,-3.74,45.91,0.43,2.97,63.15,-16.56556,-69.04167,3808
Desaguadero,2007-07-23,4.37,13.72,-3.7,46.12,0.28,2.46,63.1,-16.56556,-69.04167,3808
Desaguadero,2007-07-24,2.68,12.87,-4.66,44.23,0.82,3.49,63.12,-16.56556,-69.04167,3808
Desaguadero,2007-07-25,2.99,11.87,-4.82,54.98,2.14,2.67,63.28,-16.56556,-69.04167,3808
Desaguadero,2007-07-26,3.45,11.13,-1.56,66.4,0.76,1.72,63.28,-16.56556,-69.04167,3808
Desaguadero,2007-07-27,3.22,12.61,-3.03,54.71,0.0,1.7,63.26,-16.56556,-69.04167,3808
Desaguadero,2007-07-28,2.34,10.94,-3.82,76.93,0.0,3.27,63.28,-16.56556,-69.04167,3808
Desaguadero,2007-07-29,3.88,12.56,-2.67,71.87,0.0,2.22,63.24,-16.56556,-69.04167,3808
Desaguadero,2007-07-30,3.65,11.09,-1.15,71.56,0.0,2.28,63.24,-16.56556,-69.04167,3808
Desaguadero,2007-07-31,4.49,12.45,-1.19,70.87,0.29,2.77,63.19,-16.56556,-69.04167,3808
Desaguadero,2007-08-01,4.89,12.68,-0.69,61.32,0.0,2.51,63.15,-16.56556,-69.04167,3808
Desaguadero,2007-08-02,5.24,11.33,0.0,77.01,0.0,3.75,63.21,-16.56556,-69.04167,3808
Desaguadero,2007-08-03,5.89,12.75,1.19,73.29,0.0,3.69,63.28,-16.56556,-69.04167,3808
Desaguadero,2007-08-04,6.03,13.7,0.3,70.34,0.0,2.98,63.35,-16.56556,-69.04167,3808
Desaguadero,2007-08-05,6.5,13.51,1.48,70.09,0.05,3.4,63.24,-16.56556,-69.04167,3808
Desaguadero,2007-08-06,5.96,14.28,-1.13,55.21,0.0,2.43,63.21,-16.56556,-69.04167,3808
Desaguadero,2007-08-07,5.62,12.51,0.32,65.39,0.02,3.09,63.2,-16.56556,-69.04167,3808
Desaguadero,2007-08-08,6.71,14.74,0.7,64.99,0.0,2.85,63.13,-16.56556,-69.04167,3808
Desaguadero,2007-08-09,7.09,15.25,0.67,68.41,0.0,2.64,63.23,-16.56556,-69.04167,3808
Desaguadero,2007-08-10,6.77,15.66,1.21,70.75,0.0,2.97,63.37,-16.56556,-69.04167,3808
Desaguadero,2007-08-11,6.51,13.76,0.6,76.55,0.0,3.1,63.41,-16.56556,-69.04167,3808
Desaguadero,2007-08-12,6.69,16.27,-0.3,65.04,0.0,2.12,63.38,-16.56556,-69.04167,3808
Desaguadero,2007-08-13,6.1,16.13,-0.33,61.56,0.0,2.85,63.28,-16.56556,-69.04167,3808
Desaguadero,2007-08-14,6.58,15.73,-0.28,67.92,0.0,2.69,63.22,-16.56556,-69.04167,3808
Desaguadero,2007-08-15,7.19,15.55,1.95,67.12,0.0,2.13,63.27,-16.56556,-69.04167,3808
Desaguadero,2007-08-16,6.38,13.64,0.65,72.4,0.03,2.87,63.34,-16.56556,-69.04167,3808
Desaguadero,2007-08-17,5.79,12.54,0.63,74.94,0.26,2.95,63.26,-16.56556,-69.04167,3808
Desaguadero,2007-08-18,6.47,15.22,-0.07,62.07,0.0,1.83,63.15,-16.56556,-69.04167,3808
Desaguadero,2007-08-19,5.3,14.62,-0.9,53.61,0.0,2.77,63.18,-16.56556,-69.04167,3808
Desaguadero,2007-08-20,5.82,15.22,-1.33,64.89,0.0,1.74,63.24,-16.56556,-69.04167,3808
Desaguadero,2007-08-21,6.74,16.34,-0.52,57.07,0.0,1.75,63.28,-16.56556,-69.04167,3808
Desaguadero,2007-08-22,6.88,15.98,0.65,59.66,0.0,1.89,63.25,-16.56556,-69.04167,3808
Desaguadero,2007-08-23,7.0,17.08,-1.48,51.66,0.0,1.74,63.19,-16.56556,-69.04167,3808
Desaguadero,2007-08-24,6.41,16.6,-2.59,50.38,0.0,2.01,63.17,-16.56556,-69.04167,3808
Desaguadero,2007-08-25,7.71,17.18,1.19,67.94,0.01,3.49,63.08,-16.56556,-69.04167,3808
Desaguadero,2007-08-26,8.06,16.03,1.57,71.91,0.13,4.23,63.05,-16.56556,-69.04167,3808
Desaguadero,2007-08-27,7.89,14.45,1.79,67.04,0.25,4.55,63.03,-16.56556,-69.04167,3808
Desaguadero,2007-08-28,6.93,16.93,0.05,47.11,0.0,3.18,63.12,-16.56556,-69.04167,3808
Desaguadero,2007-08-29,6.08,14.77,-0.94,52.69,0.02,3.12,63.28,-16.56556,-69.04167,3808
Desaguadero,2007-08-30,6.76,13.53,2.33,71.49,0.04,3.01,63.36,-16.56556,-69.04167,3808
Desaguadero,2007-08-31,5.81,12.93,0.35,73.71,0.0,3.55,63.39,-16.56556,-69.04167,3808
Desaguadero,2007-09-01,6.06,13.54,0.34,72.37,0.0,2.66,63.38,-16.56556,-69.04167,3808
Desaguadero,2007-09-02,7.05,14.53,1.86,68.19,0.26,1.99,63.38,-16.56556,-69.04167,3808
Desaguadero,2007-09-03,6.92,14.14,1.56,69.81,0.26,2.34,63.35,-16.56556,-69.04167,3808
Desaguadero,2007-09-04,8.25,15.99,2.69,62.63,0.38,1.76,63.28,-16.56556,-69.04167,3808
Desaguadero,2007-09-05,7.05,13.68,2.63,71.1,0.49,2.73,63.37,-16.56556,-69.04167,3808
Desaguadero,2007-09-06,6.96,13.1,2.17,70.2,1.32,3.66,63.41,-16.56556,-69.04167,3808
Desaguadero,2007-09-07,5.78,12.55,1.07,74.94,2.22,2.99,63.3,-16.56556,-69.04167,3808
Desaguadero,2007-09-08,5.45,11.06,2.12,75.91,2.43,1.74,63.24,-16.56556,-69.04167,3808
Desaguadero,2007-09-09,5.86,13.06,2.28,76.39,0.53,1.55,63.18,-16.56556,-69.04167,3808
Desaguadero,2007-09-10,7.03,13.82,0.93,56.39,0.11,1.3,63.21,-16.56556,-69.04167,3808
Desaguadero,2007-09-11,7.09,14.53,1.78,52.63,5.58,2.49,63.24,-16.56556,-69.04167,3808
Desaguadero,2007-09-12,5.35,11.62,-0.51,72.36,3.35,3.92,63.32,-16.56556,-69.04167,3808
Desaguadero,2007-09-13,6.93,13.54,1.25,71.44,0.3,3.46,63.26,-16.56556,-69.04167,3808
Desaguadero,2007-09-14,8.15,15.7,2.55,68.2,0.0,2.97,63.25,-16.56556,-69.04167,3808
Desaguadero,2007-09-15,7.36,14.0,3.01,66.9,0.12,4.0,63.37,-16.56556,-69.04167,3808
Desaguadero,2007-09-16,7.69,13.7,3.55,75.92,0.2,4.93,63.3,-16.56556,-69.04167,3808
Desaguadero,2007-09-17,6.85,14.59,2.77,75.03,0.21,4.08,63.24,-16.56556,-69.04167,3808
Desaguadero,2007-09-18,7.94,16.43,0.83,54.61,0.02,2.47,63.26,-16.56556,-69.04167,3808
Desaguadero,2007-09-19,6.48,13.2,2.05,73.5,0.22,3.74,63.29,-16.56556,-69.04167,3808
Desaguadero,2007-09-20,7.74,15.38,1.8,64.55,0.05,1.97,63.22,-16.56556,-69.04167,3808
Desaguadero,2007-09-21,7.33,13.19,2.58,71.97,0.06,4.08,63.21,-16.56556,-69.04167,3808
Desaguadero,2007-09-22,6.98,13.03,2.02,74.85,9.95,3.26,63.23,-16.56556,-69.04167,3808
Desaguadero,2007-09-23,8.38,16.33,1.77,62.08,2.09,2.99,63.21,-16.56556,-69.04167,3808
Desaguadero,2007-09-24,6.22,10.57,2.72,79.16,3.65,5.11,63.29,-16.56556,-69.04167,3808
Desaguadero,2007-09-25,5.63,10.42,1.45,76.29,0.75,3.13,63.31,-16.56556,-69.04167,3808
Desaguadero,2007-09-26,6.42,14.06,0.9,71.98,5.66,2.99,63.28,-16.56556,-69.04167,3808
Desaguadero,2007-09-27,6.95,13.89,2.06,72.22,0.87,3.1,63.34,-16.56556,-69.04167,3808
Desaguadero,2007-09-28,7.1,13.75,2.02,73.1,0.03,4.12,63.41,-16.56556,-69.04167,3808
Desaguadero,2007-09-29,6.81,14.02,1.2,66.07,0.0,4.41,63.48,-16.56556,-69.04167,3808
Desaguadero,2007-09-30,6.79,14.94,0.82,68.51,0.0,3.28,63.51,-16.56556,-69.04167,3808
Desaguadero,2007-10-01,6.79,16.79,-0.29,67.6,0.0,3.35,63.43,-16.56556,-69.04167,3808
Desaguadero,2007-10-02,7.84,17.47,1.04,62.67,0.0,3.33,63.43,-16.56556,-69.04167,3808
Desaguadero,2007-10-03,8.37,17.63,1.3,62.91,0.0,3.03,63.41,-16.56556,-69.04167,3808
Desaguadero,2007-10-04,8.82,17.02,2.69,67.34,0.19,2.44,63.32,-16.56556,-69.04167,3808
Desaguadero,2007-10-05,9.06,16.34,3.07,68.39,0.14,1.9,63.23,-16.56556,-69.04167,3808
Desaguadero,2007-10-06,9.26,16.37,2.36,61.42,1.37,2.81,63.13,-16.56556,-69.04167,3808
Desaguadero,2007-10-07,6.93,13.97,2.56,72.9,4.1,4.04,63.15,-16.56556,-69.04167,3808
Desaguadero,2007-10-08,7.46,13.83,2.39,68.58,0.41,2.49,63.21,-16.56556,-69.04167,3808
Desaguadero,2007-10-09,9.59,16.89,4.22,65.07,0.0,2.41,63.26,-16.56556,-69.04167,3808
Desaguadero,2007-10-10,10.24,16.89,5.04,65.97,0.05,2.56,63.2,-16.56556,-69.04167,3808
Desaguadero,2007-10-11,9.52,15.95,4.62,63.97,0.01,2.42,63.1,-16.56556,-69.04167,3808
Desaguadero,2007-10-12,8.87,18.38,-0.02,47.2,0.05,2.76,63.0,-16.56556,-69.04167,3808
Desaguadero,2007-10-13,7.81,14.11,3.25,68.58,1.71,2.55,62.93,-16.56556,-69.04167,3808
Desaguadero,2007-10-14,8.65,17.07,1.01,48.47,0.44,2.32,62.93,-16.56556,-69.04167,3808
Desaguadero,2007-10-15,6.25,10.71,1.99,76.91,0.06,2.81,63.13,-16.56556,-69.04167,3808
Desaguadero,2007-10-16,7.57,14.89,1.69,72.89,0.04,3.99,63.21,-16.56556,-69.04167,3808
Desaguadero,2007-10-17,6.99,11.28,3.57,74.83,1.24,2.71,63.29,-16.56556,-69.04167,3808
Desaguadero,2007-10-18,8.61,15.36,2.94,63.31,1.14,2.37,63.24,-16.56556,-69.04167,3808
Desaguadero,2007-10-19,10.32,18.03,4.8,64.65,0.13,2.24,63.21,-16.56556,-69.04167,3808
Desaguadero,2007-10-20,8.85,14.1,4.16,71.15,0.0,2.97,63.2,-16.56556,-69.04167,3808
Desaguadero,2007-10-21,9.4,17.11,3.36,66.63,0.0,2.88,63.15,-16.56556,-69.04167,3808
Desaguadero,2007-10-22,9.1,15.14,5.2,72.01,0.18,3.41,63.16,-16.56556,-69.04167,3808
Desaguadero,2007-10-23,9.52,16.41,4.52,67.4,1.02,2.99,63.21,-16.56556,-69.04167,3808
Desaguadero,2007-10-24,8.07,16.53,2.75,71.66,1.1,3.6,63.23,-16.56556,-69.04167,3808
Desaguadero,2007-10-25,10.25,19.36,2.0,62.88,0.01,2.23,63.1,-16.56556,-69.04167,3808
Desaguadero,2007-10-26,11.5,19.69,5.44,64.58,0.0,2.71,63.08,-16.56556,-69.04167,3808
Desaguadero,2007-10-27,10.39,16.0,6.26,66.61,0.0,3.26,63.06,-16.56556,-69.04167,3808
Desaguadero,2007-10-28,9.23,15.88,2.85,66.68,3.97,3.7,63.07,-16.56556,-69.04167,3808
Desaguadero,2007-10-29,9.11,15.78,3.87,70.25,1.97,3.72,63.07,-16.56556,-69.04167,3808
Desaguadero,2007-10-30,8.53,16.1,2.64,71.21,11.7,1.23,63.07,-16.56556,-69.04167,3808
Desaguadero,2007-10-31,9.6,17.37,3.05,55.88,0.86,1.99,62.99,-16.56556,-69.04167,3808
Desaguadero,2007-11-01,10.18,19.16,1.42,43.89,0.01,1.9,62.97,-16.56556,-69.04167,3808
Desaguadero,2007-11-02,10.39,18.61,2.39,56.13,0.13,2.03,63.0,-16.56556,-69.04167,3808
Desaguadero,2007-11-03,9.95,19.73,1.76,39.45,0.41,1.96,62.98,-16.56556,-69.04167,3808
Desaguadero,2007-11-04,8.78,18.53,-2.64,45.4,0.32,2.42,62.99,-16.56556,-69.04167,3808
Desaguadero,2007-11-05,10.69,17.25,5.49,61.85,0.21,2.46,62.96,-16.56556,-69.04167,3808
Desaguadero,2007-11-06,8.96,16.89,1.73,63.98,0.01,3.07,63.1,-16.56556,-69.04167,3808
Desaguadero,2007-11-07,9.31,15.94,4.13,69.85,2.79,2.8,63.09,-16.56556,-69.04167,3808
Desaguadero,2007-11-08,10.26,18.82,3.01,45.55,0.09,1.44,63.0,-16.56556,-69.04167,3808
Desaguadero,2007-11-09,8.94,19.85,-1.61,28.47,0.0,1.68,62.94,-16.56556,-69.04167,3808
Desaguadero,2007-11-10,8.52,19.61,-2.3,28.1,0.0,2.25,62.9,-16.56556,-69.04167,3808
Desaguadero,2007-11-11,8.38,18.79,-1.12,40.67,0.56,2.8,63.02,-16.56556,-69.04167,3808
Desaguadero,2007-11-12,9.66,18.51,2.57,54.76,0.18,1.75,63.0,-16.56556,-69.04167,3808
Desaguadero,2007-11-13,10.03,19.33,0.69,45.89,0.0,1.88,62.92,-16.56556,-69.04167,3808
Desaguadero,2007-11-14,9.17,17.56,3.29,51.61,0.96,3.46,63.02,-16.56556,-69.04167,3808
Desaguadero,2007-11-15,7.95,13.02,4.47,72.18,1.57,3.81,63.11,-16.56556,-69.04167,3808
Desaguadero,2007-11-16,8.1,14.61,3.88,71.48,0.24,2.83,63.16,-16.56556,-69.04167,3808
Desaguadero,2007-11-17,8.58,15.47,3.47,70.67,4.76,3.6,63.21,-16.56556,-69.04167,3808
Desaguadero,2007-11-18,9.93,17.11,3.93,68.99,0.81,3.14,63.19,-16.56556,-69.04167,3808
Desaguadero,2007-11-19,9.67,16.87,4.54,67.58,0.56,2.7,63.15,-16.56556,-69.04167,3808
Desaguadero,2007-11-20,8.22,14.19,4.67,75.47,14.08,3.28,63.14,-16.56556,-69.04167,3808
Desaguadero,2007-11-21,7.93,15.67,1.89,73.06,9.76,3.84,63.29,-16.56556,-69.04167,3808
Desaguadero,2007-11-22,8.92,15.27,3.2,73.41,17.17,2.74,63.24,-16.56556,-69.04167,3808
Desaguadero,2007-11-23,8.97,15.09,4.4,71.91,0.61,2.4,63.09,-16.56556,-69.04167,3808
Desaguadero,2007-11-24,9.06,17.1,3.1,67.54,2.28,2.42,62.96,-16.56556,-69.04167,3808
Desaguadero,2007-11-25,9.9,17.75,4.86,65.22,0.41,1.94,63.01,-16.56556,-69.04167,3808
Desaguadero,2007-11-26,11.06,19.04,3.91,52.98,0.12,1.86,63.15,-16.56556,-69.04167,3808
Desaguadero,2007-11-27,10.14,16.66,5.89,60.89,0.02,1.03,63.18,-16.56556,-69.04167,3808
Desaguadero,2007-11-28,8.53,14.61,3.92,66.05,0.23,2.31,63.16,-16.56556,-69.04167,3808
Desaguadero,2007-11-29,8.74,16.54,2.61,64.27,0.09,2.28,63.12,-16.56556,-69.04167,3808
Desaguadero,2007-11-30,7.93,15.29,2.3,72.41,6.06,2.28,63.1,-16.56556,-69.04167,3808
Desaguadero,2007-12-01,7.92,13.76,3.67,71.76,6.48,1.57,63.13,-16.56556,-69.04167,3808
Desaguadero,2007-12-02,7.88,14.07,2.18,73.92,3.13,2.37,63.13,-16.56556,-69.04167,3808
Desaguadero,2007-12-03,7.37,15.16,1.94,71.65,6.77,2.01,63.1,-16.56556,-69.04167,3808
Desaguadero,2007-12-04,9.46,17.43,2.28,58.37,2.46,3.67,62.96,-16.56556,-69.04167,3808
Desaguadero,2007-12-05,9.58,18.48,2.37,52.98,1.64,3.12,63.05,-16.56556,-69.04167,3808
Desaguadero,2007-12-06,9.1,15.01,5.11,69.82,0.29,2.2,63.2,-16.56556,-69.04167,3808
Desaguadero,2007-12-07,10.28,16.62,4.58,64.54,0.19,1.9,63.07,-16.56556,-69.04167,3808
Desaguadero,2007-12-08,9.68,16.91,2.74,64.75,1.18,2.41,62.98,-16.56556,-69.04167,3808
Desaguadero,2007-12-09,6.39,17.07,0.97,57.1,2.96,4.36,63.08,-16.56556,-69.04167,3808
Desaguadero,2007-12-10,9.79,20.19,-1.22,48.72,0.29,2.43,63.12,-16.56556,-69.04167,3808
Desaguadero,2007-12-11,9.69,15.56,5.08,67.84,1.07,2.25,63.18,-16.56556,-69.04167,3808
Desaguadero,2007-12-12,8.71,16.5,3.6,71.36,0.22,3.6,63.19,-16.56556,-69.04167,3808
Desaguadero,2007-12-13,10.77,19.7,3.71,62.21,0.12,2.94,63.14,-16.56556,-69.04167,3808
Desaguadero,2007-12-14,10.44,16.54,5.72,68.93,16.44,2.28,63.07,-16.56556,-69.04167,3808
Desaguadero,2007-12-15,7.9,11.58,4.61,82.2,16.27,3.6,62.92,-16.56556,-69.04167,3808
Desaguadero,2007-12-16,7.03,12.49,1.92,78.78,6.41,3.27,62.96,-16.56556,-69.04167,3808
Desaguadero,2007-12-17,7.83,14.53,3.57,76.84,3.12,1.81,63.08,-16.56556,-69.04167,3808
Desaguadero,2007-12-18,6.33,12.4,2.89,81.53,4.95,1.91,63.16,-16.56556,-69.04167,3808
Desaguadero,2007-12-19,7.83,15.2,2.49,78.1,2.27,3.67,63.12,-16.56556,-69.04167,3808
Desaguadero,2007-12-20,9.17,16.02,3.19,73.88,0.35,2.82,63.14,-16.56556,-69.04167,3808
Desaguadero,2007-12-21,8.85,14.02,3.95,73.47,0.32,2.73,63.19,-16.56556,-69.04167,3808
Desaguadero,2007-12-22,9.57,16.56,3.31,69.87,0.71,2.88,63.26,-16.56556,-69.04167,3808
Desaguadero,2007-12-23,9.76,17.07,3.93,68.57,0.75,2.17,63.22,-16.56556,-69.04167,3808
Desaguadero,2007-12-24,11.25,17.75,5.58,66.82,0.37,1.89,63.14,-16.56556,-69.04167,3808
Desaguadero,2007-12-25,7.81,14.05,3.0,75.02,3.15,3.07,63.06,-16.56556,-69.04167,3808
Desaguadero,2007-12-26,9.74,16.81,3.77,68.21,0.49,2.24,62.99,-16.56556,-69.04167,3808
Desaguadero,2007-12-27,9.97,16.95,4.81,67.32,0.84,3.3,62.98,-16.56556,-69.04167,3808
Desaguadero,2007-12-28,10.03,15.39,4.16,70.15,2.02,2.99,63.03,-16.56556,-69.04167,3808
Desaguadero,2007-12-29,9.93,14.88,6.27,68.71,2.0,1.89,63.11,-16.56556,-69.04167,3808
Desaguadero,2007-12-30,9.75,16.54,5.36,65.44,2.27,2.73,63.13,-16.56556,-69.04167,3808
Desaguadero,2007-12-31,7.99,14.57,3.35,70.65,2.48,3.6,63.16,-16.56556,-69.04167,3808
Desaguadero,2008-01-01,8.38,15.3,3.19,71.05,4.84,2.94,63.12,-16.56556,-69.04167,3808
Desaguadero,2008-01-02,8.29,15.35,3.22,76.54,6.01,3.16,63.05,-16.56556,-69.04167,3808
Desaguadero,2008-01-03,9.02,15.97,2.94,73.84,0.81,3.69,63.15,-16.56556,-69.04167,3808
Desaguadero,2008-01-04,8.48,12.8,4.61,77.05,3.27,4.06,63.31,-16.56556,-69.04167,3808
Desaguadero,2008-01-05,7.75,12.09,4.25,77.52,6.48,3.39,63.32,-16.56556,-69.04167,3808
Desaguadero,2008-01-06,8.58,15.39,3.35,75.75,9.55,3.06,63.24,-16.56556,-69.04167,3808
Desaguadero,2008-01-07,9.42,16.73,3.52,71.76,1.06,2.67,63.21,-16.56556,-69.04167,3808
Desaguadero,2008-01-08,9.31,15.07,5.07,71.92,0.95,3.0,63.17,-16.56556,-69.04167,3808
Desaguadero,2008-01-09,7.89,11.73,5.04,74.47,11.4,1.5,62.99,-16.56556,-69.04167,3808
Desaguadero,2008-01-10,7.98,15.59,3.0,75.79,1.78,2.41,62.88,-16.56556,-69.04167,3808
Desaguadero,2008-01-11,8.86,15.45,3.62,75.69,4.94,4.09,62.93,-16.56556,-69.04167,3808
Desaguadero,2008-01-12,8.82,14.27,4.42,76.84,3.38,4.52,63.07,-16.56556,-69.04167,3808
Desaguadero,2008-01-13,8.77,14.53,4.29,80.55,2.14,2.92,63.09,-16.56556,-69.04167,3808
Desaguadero,2008-01-14,9.08,14.62,5.12,76.52,4.68,4.12,63.13,-16.56556,-69.04167,3808
Desaguadero,2008-01-15,8.24,14.11,3.26,76.05,1.47,4.03,63.12,-16.56556,-69.04167,3808
Desaguadero,2008-01-16,9.37,16.85,3.72,73.15,3.18,3.41,63.07,-16.56556,-69.04167,3808
Desaguadero,2008-01-17,9.44,16.86,4.05,65.9,1.4,2.96,63.12,-16.56556,-69.04167,3808
Desaguadero,2008-01-18,10.15,17.59,3.91,62.09,1.17,1.97,63.09,-16.56556,-69.04167,3808
Desaguadero,2008-01-19,9.18,15.13,4.19,74.29,4.01,3.59,63.03,-16.56556,-69.04167,3808
Desaguadero,2008-01-20,7.28,13.1,3.1,78.81,5.34,1.5,63.06,-16.56556,-69.04167,3808
Desaguadero,2008-01-21,6.98,13.68,2.51,78.01,13.02,1.42,63.07,-16.56556,-69.04167,3808
Desaguadero,2008-01-22,8.71,16.44,2.34,74.63,19.64,1.78,62.99,-16.56556,-69.04167,3808
Desaguadero,2008-01-23,6.02,10.85,1.98,80.75,10.64,1.79,63.01,-16.56556,-69.04167,3808
Desaguadero,2008-01-24,6.75,13.53,2.26,83.21,9.83,2.23,63.05,-16.56556,-69.04167,3808
Desaguadero,2008-01-25,6.96,12.58,2.07,78.61,4.2,1.73,63.12,-16.56556,-69.04167,3808
Desaguadero,2008-01-26,9.89,18.69,2.05,59.41,1.25,1.92,63.06,-16.56556,-69.04167,3808
Desaguadero,2008-01-27,9.24,15.93,3.42,67.84,2.12,2.74,63.05,-16.56556,-69.04167,3808
Desaguadero,2008-01-28,8.7,15.75,3.16,76.35,1.99,2.29,63.04,-16.56556,-69.04167,3808
Desaguadero,2008-01-29,8.19,15.17,2.3,76.54,5.52,2.64,63.04,-16.56556,-69.04167,3808
Desaguadero,2008-01-30,7.97,14.65,2.48,78.32,10.61,2.35,63.0,-16.56556,-69.04167,3808
Desaguadero,2008-01-31,8.89,17.38,2.17,64.67,10.11,1.47,62.94,-16.56556,-69.04167,3808
Desaguadero,2008-02-01,9.06,17.15,0.58,63.34,0.62,1.82,62.95,-16.56556,-69.04167,3808
Desaguadero,2008-02-02,7.86,14.0,2.43,73.44,1.68,2.59,63.02,-16.56556,-69.04167,3808
Desaguadero,2008-02-03,6.93,14.25,2.23,75.51,0.42,3.56,63.19,-16.56556,-69.04167,3808
Desaguadero,2008-02-04,8.23,15.8,1.73,73.24,0.07,3.26,63.29,-16.56556,-69.04167,3808
Desaguadero,2008-02-05,9.38,16.61,3.63,71.18,0.01,2.97,63.3,-16.56556,-69.04167,3808
Desaguadero,2008-02-06,9.62,17.2,3.34,66.62,0.22,2.49,63.27,-16.56556,-69.04167,3808
Desaguadero,2008-02-07,9.24,16.72,4.04,73.36,0.43,1.89,63.22,-16.56556,-69.04167,3808
Desaguadero,2008-02-08,9.11,16.21,3.67,73.98,3.73,2.39,63.19,-16.56556,-69.04167,3808
Desaguadero,2008-02-09,9.53,16.89,3.76,68.96,0.6,2.62,63.11,-16.56556,-69.04167,3808
Desaguadero,2008-02-10,9.98,17.22,3.18,62.73,0.49,3.14,63.07,-16.56556,-69.04167,3808
Desaguadero,2008-02-11,8.55,14.56,4.27,74.16,7.39,3.69,63.13,-16.56556,-69.04167,3808
Desaguadero,2008-02-12,8.34,14.84,3.42,72.56,0.37,2.91,63.16,-16.56556,-69.04167,3808
Desaguadero,2008-02-13,9.03,15.8,2.06,69.74,0.0,2.51,63.15,-16.56556,-69.04167,3808
Desaguadero,2008-02-14,9.81,16.95,4.73,68.54,0.0,2.54,63.19,-16.56556,-69.04167,3808
Desaguadero,2008-02-15,9.87,16.93,4.51,70.75,0.19,2.55,63.19,-16.56556,-69.04167,3808
Desaguadero,2008-02-16,8.27,13.47,4.43,72.36,0.32,2.64,63.17,-16.56556,-69.04167,3808
Desaguadero,2008-02-17,8.05,14.19,2.87,69.79,0.01,2.59,63.21,-16.56556,-69.04167,3808
Desaguadero,2008-02-18,8.6,14.6,4.31,74.82,0.37,3.6,63.29,-16.56556,-69.04167,3808
Desaguadero,2008-02-19,7.27,14.71,3.3,78.03,1.28,3.34,63.36,-16.56556,-69.04167,3808
Desaguadero,2008-02-20,7.63,13.12,3.11,72.16,5.62,2.54,63.27,-16.56556,-69.04167,3808
Desaguadero,2008-02-21,8.12,15.36,2.37,72.3,7.71,2.04,63.09,-16.56556,-69.04167,3808
Desaguadero,2008-02-22,9.48,16.17,4.07,73.97,6.79,1.85,63.08,-16.56556,-69.04167,3808
Desaguadero,2008-02-23,8.27,13.07,3.61,82.93,7.97,2.76,63.21,-16.56556,-69.04167,3808
Desaguadero,2008-02-24,8.68,15.22,3.57,78.74,1.29,2.13,63.25,-16.56556,-69.04167,3808
Desaguadero,2008-02-25,8.64,14.25,5.71,80.75,3.87,2.87,63.12,-16.56556,-69.04167,3808
Desaguadero,2008-02-26,7.12,11.67,2.08,83.71,9.6,2.71,63.03,-16.56556,-69.04167,3808
Desaguadero,2008-02-27,7.65,15.15,1.68,70.02,4.16,1.89,63.06,-16.56556,-69.04167,3808
Desaguadero,2008-02-28,9.0,17.67,-0.31,63.49,1.48,1.48,63.07,-16.56556,-69.04167,3808
Desaguadero,2008-02-29,8.77,15.97,3.17,70.16,0.56,2.07,63.07,-16.56556,-69.04167,3808
Desaguadero,2008-03-01,8.51,16.39,2.43,65.39,4.39,1.93,63.0,-16.56556,-69.04167,3808
Desaguadero,2008-03-02,7.28,14.87,1.97,73.4,8.92,1.76,62.99,-16.56556,-69.04167,3808
Desaguadero,2008-03-03,7.81,14.99,2.12,73.33,7.72,2.06,63.11,-16.56556,-69.04167,3808
Desaguadero,2008-03-04,6.85,11.16,2.39,82.12,6.74,2.29,63.15,-16.56556,-69.04167,3808
Desaguadero,2008-03-05,7.75,14.44,2.1,63.98,3.02,1.18,63.1,-16.56556,-69.04167,3808
Desaguadero,2008-03-06,7.77,15.9,-0.45,64.45,0.69,1.57,63.0,-16.56556,-69.04167,3808
Desaguadero,2008-03-07,5.98,11.53,0.64,75.82,4.75,1.51,63.08,-16.56556,-69.04167,3808
Desaguadero,2008-03-08,8.65,16.32,1.46,68.66,1.48,1.72,63.12,-16.56556,-69.04167,3808
Desaguadero,2008-03-09,8.04,12.86,4.61,79.71,5.53,1.52,63.14,-16.56556,-69.04167,3808
Desaguadero,2008-03-10,6.31,12.04,2.18,83.79,18.47,1.82,63.12,-16.56556,-69.04167,3808
Desaguadero,2008-03-11,8.04,13.55,3.33,79.71,3.04,2.89,63.08,-16.56556,-69.04167,3808
Desaguadero,2008-03-12,7.87,14.11,3.92,79.63,0.72,3.44,63.21,-16.56556,-69.04167,3808
Desaguadero,2008-03-13,8.32,14.59,3.84,80.01,1.29,2.84,63.31,-16.56556,-69.04167,3808
Desaguadero,2008-03-14,8.32,14.22,3.72,76.2,0.49,3.07,63.28,-16.56556,-69.04167,3808
Desaguadero,2008-03-15,8.98,16.93,2.64,72.93,0.0,2.55,63.25,-16.56556,-69.04167,3808
Desaguadero,2008-03-16,9.38,17.61,4.25,68.01,0.0,2.53,63.28,-16.56556,-69.04167,3808
Desaguadero,2008-03-17,8.65,17.35,2.36,68.09,0.0,2.53,63.27,-16.56556,-69.04167,3808
Desaguadero,2008-03-18,6.65,15.37,-0.44,66.02,0.0,2.93,63.28,-16.56556,-69.04167,3808
Desaguadero,2008-03-19,7.46,16.97,0.36,63.24,0.0,2.1,63.23,-16.56556,-69.04167,3808
Desaguadero,2008-03-20,7.54,16.33,0.73,59.46,0.17,2.8,63.3,-16.56556,-69.04167,3808
Desaguadero,2008-03-21,6.56,15.43,-0.41,70.67,0.08,3.0,63.28,-16.56556,-69.04167,3808
Desaguadero,2008-03-22,7.1,15.24,1.22,67.02,0.33,3.0,63.22,-16.56556,-69.04167,3808
Desaguadero,2008-03-23,6.87,14.52,0.08,75.65,0.39,2.8,63.31,-16.56556,-69.04167,3808
Desaguadero,2008-03-24,7.62,14.99,2.54,75.63,0.03,3.11,63.37,-16.56556,-69.04167,3808
Desaguadero,2008-03-25,8.32,17.08,1.75,69.94,0.0,2.46,63.39,-16.56556,-69.04167,3808
Desaguadero,2008-03-26,9.38,18.33,3.62,70.33,0.0,2.35,63.28,-16.56556,-69.04167,3808
Desaguadero,2008-03-27,9.17,18.16,2.71,65.61,0.0,2.11,63.18,-16.56556,-69.04167,3808
Desaguadero,2008-03-28,9.27,17.22,3.72,65.35,0.0,2.61,63.19,-16.56556,-69.04167,3808
Desaguadero,2008-03-29,8.42,15.46,2.44,72.74,0.07,2.71,63.25,-16.56556,-69.04167,3808
Desaguadero,2008-03-30,8.86,15.54,4.16,75.43,8.63,1.99,63.2,-16.56556,-69.04167,3808
Desaguadero,2008-03-31,9.1,14.56,5.32,74.63,4.76,1.43,63.08,-16.56556,-69.04167,3808
Desaguadero,2008-04-01,6.78,11.4,1.95,80.95,1.07,1.89,62.99,-16.56556,-69.04167,3808
Desaguadero,2008-04-02,7.86,14.21,2.45,77.38,1.2,2.52,62.96,-16.56556,-69.04167,3808
Desaguadero,2008-04-03,6.63,13.91,1.63,76.12,0.24,2.54,63.05,-16.56556,-69.04167,3808
Desaguadero,2008-04-04,7.76,15.66,2.16,68.34,0.05,1.54,63.06,-16.56556,-69.04167,3808
Desaguadero,2008-04-05,7.13,14.43,0.72,69.73,0.02,1.71,63.12,-16.56556,-69.04167,3808
Desaguadero,2008-04-06,8.02,16.65,0.54,60.12,0.0,1.32,63.08,-16.56556,-69.04167,3808
Desaguadero,2008-04-07,6.77,16.23,-2.41,48.48,0.0,1.45,63.09,-16.56556,-69.04167,3808
Desaguadero,2008-04-08,8.81,15.16,4.72,75.17,0.0,2.9,63.1,-16.56556,-69.04167,3808
Desaguadero,2008-04-09,7.78,14.91,2.96,74.25,0.0,2.7,63.22,-16.56556,-69.04167,3808
Desaguadero,2008-04-10,6.93,12.07,2.13,80.43,0.0,2.11,63.2,-16.56556,-69.04167,3808
Desaguadero,2008-04-11,6.87,15.3,0.52,70.25,0.0,2.43,63.16,-16.56556,-69.04167,3808
Desaguadero,2008-04-12,7.51,16.22,2.14,53.08,0.0,2.3,63.1,-16.56556,-69.04167,3808
Desaguadero,2008-04-13,8.2,16.81,1.68,59.55,0.06,1.86,63.08,-16.56556,-69.04167,3808
Desaguadero,2008-04-14,7.15,13.4,2.53,77.71,4.38,2.89,63.12,-16.56556,-69.04167,3808
Desaguadero,2008-04-15,7.43,14.98,1.8,69.86,0.63,1.81,63.03,-16.56556,-69.04167,3808
Desaguadero,2008-04-16,6.72,14.37,0.39,68.7,0.23,1.99,63.11,-16.56556,-69.04167,3808
Desaguadero,2008-04-17,7.28,14.67,1.78,75.29,0.1,2.03,63.27,-16.56556,-69.04167,3808
Desaguadero,2008-04-18,7.91,14.69,3.27,76.69,0.01,2.29,63.29,-16.56556,-69.04167,3808
Desaguadero,2008-04-19,8.76,16.45,3.36,62.96,0.0,1.31,63.22,-16.56556,-69.04167,3808
Desaguadero,2008-04-20,7.53,16.47,-0.56,53.8,0.15,1.51,63.18,-16.56556,-69.04167,3808
Desaguadero,2008-04-21,7.29,13.87,2.14,75.02,0.54,2.34,63.22,-16.56556,-69.04167,3808
Desaguadero,2008-04-22,8.61,15.68,3.81,69.01,0.06,1.66,63.25,-16.56556,-69.04167,3808
Desaguadero,2008-04-23,8.81,15.91,4.21,67.72,0.0,1.53,63.28,-16.56556,-69.04167,3808
Desaguadero,2008-04-24,8.61,15.4,3.73,68.64,0.0,1.36,63.23,-16.56556,-69.04167,3808
Desaguadero,2008-04-25,8.25,15.04,3.31,70.97,0.0,1.61,63.14,-16.56556,-69.04167,3808
Desaguadero,2008-04-26,8.58,16.55,1.86,56.0,0.0,1.02,63.11,-16.56556,-69.04167,3808
Desaguadero,2008-04-27,7.86,16.18,0.46,57.77,0.19,1.34,63.13,-16.56556,-69.04167,3808
Desaguadero,2008-04-28,8.98,15.59,4.65,68.12,0.0,1.4,63.13,-16.56556,-69.04167,3808
Desaguadero,2008-04-29,9.24,16.34,4.75,67.6,1.35,2.23,63.17,-16.56556,-69.04167,3808
Desaguadero,2008-04-30,8.48,17.12,0.27,66.73,1.52,2.98,63.09,-16.56556,-69.04167,3808
Desaguadero,2008-05-01,5.7,16.76,-2.47,38.13,0.0,2.21,63.12,-16.56556,-69.04167,3808
Desaguadero,2008-05-02,5.88,15.39,-1.84,46.14,0.0,1.95,63.16,-16.56556,-69.04167,3808
Desaguadero,2008-05-03,6.59,15.74,-0.39,58.28,0.0,1.59,63.17,-16.56556,-69.04167,3808
Desaguadero,2008-05-04,5.76,17.01,-2.34,39.54,0.0,2.31,63.15,-16.56556,-69.04167,3808
Desaguadero,2008-05-05,6.21,17.21,-2.17,43.54,0.0,1.7,63.21,-16.56556,-69.04167,3808
Desaguadero,2008-05-06,7.19,16.49,0.86,55.82,0.0,1.2,63.17,-16.56556,-69.04167,3808
Desaguadero,2008-05-07,7.04,15.85,0.85,57.48,0.0,2.17,63.17,-16.56556,-69.04167,3808
Desaguadero,2008-05-08,7.2,14.8,2.0,72.62,3.11,2.47,63.21,-16.56556,-69.04167,3808
Desaguadero,2008-05-09,6.79,13.05,3.0,71.5,1.29,1.46,63.27,-16.56556,-69.04167,3808
Desaguadero,2008-05-10,4.28,9.71,0.75,55.64,0.12,1.29,63.28,-16.56556,-69.04167,3808
Desaguadero,2008-05-11,4.3,9.21,1.09,63.19,0.18,1.34,63.32,-16.56556,-69.04167,3808
Desaguadero,2008-05-12,4.79,10.87,0.08,76.13,1.62,2.22,63.31,-16.56556,-69.04167,3808
Desaguadero,2008-05-13,3.36,7.17,0.63,84.46,0.11,1.61,63.32,-16.56556,-69.04167,3808
Desaguadero,2008-05-14,5.34,13.54,0.0,65.0,0.0,1.92,63.27,-16.56556,-69.04167,3808
Desaguadero,2008-05-15,5.44,13.69,-1.03,50.37,0.0,2.01,63.25,-16.56556,-69.04167,3808
Desaguadero,2008-05-16,6.29,13.9,1.47,69.17,0.0,1.51,63.31,-16.56556,-69.04167,3808
Desaguadero,2008-05-17,6.64,15.07,0.43,58.92,0.0,1.46,63.32,-16.56556,-69.04167,3808
Desaguadero,2008-05-18,6.54,15.89,-0.69,51.65,0.0,1.26,63.35,-16.56556,-69.04167,3808
Desaguadero,2008-05-19,7.6,16.8,0.15,62.59,0.0,1.56,63.38,-16.56556,-69.04167,3808
Desaguadero,2008-05-20,7.93,16.82,2.57,64.7,0.0,1.28,63.36,-16.56556,-69.04167,3808
Desaguadero,2008-05-21,7.14,16.61,0.65,61.8,0.0,1.72,63.28,-16.56556,-69.04167,3808
Desaguadero,2008-05-22,6.19,15.25,0.44,58.32,0.05,1.73,63.32,-16.56556,-69.04167,3808
Desaguadero,2008-05-23,6.88,15.95,0.32,61.2,0.0,1.1,63.3,-16.56556,-69.04167,3808
Desaguadero,2008-05-24,5.86,12.97,1.23,76.32,0.06,2.23,63.27,-16.56556,-69.04167,3808
Desaguadero,2008-05-25,5.33,13.48,-1.37,68.58,0.08,1.87,63.08,-16.56556,-69.04167,3808
Desaguadero,2008-05-26,5.37,13.45,-0.25,56.54,0.08,1.66,63.01,-16.56556,-69.04167,3808
Desaguadero,2008-05-27,4.31,12.81,-2.43,46.99,0.0,2.08,63.02,-16.56556,-69.04167,3808
Desaguadero,2008-05-28,4.72,13.28,-2.08,44.99,0.05,2.02,63.06,-16.56556,-69.04167,3808
Desaguadero,2008-05-29,5.56,13.48,-0.34,62.95,0.17,2.51,63.16,-16.56556,-69.04167,3808
Desaguadero,2008-05-30,5.91,13.74,-1.18,63.83,0.14,2.37,63.21,-16.56556,-69.04167,3808
Desaguadero,2008-05-31,4.1,13.58,-2.55,45.18,0.0,1.92,63.33,-16.56556,-69.04167,3808
Desaguadero,2008-06-01,4.57,12.56,-1.51,78.14,0.0,2.49,63.34,-16.56556,-69.04167,3808
Desaguadero,2008-06-02,5.66,14.42,-1.01,56.83,0.0,1.65,63.3,-16.56556,-69.04167,3808
Desaguadero,2008-06-03,4.46,13.96,-3.56,42.9,0.0,1.51,63.3,-16.56556,-69.04167,3808
Desaguadero,2008-06-04,5.84,14.72,0.04,52.68,0.0,1.64,63.28,-16.56556,-69.04167,3808
Desaguadero,2008-06-05,5.6,15.13,-1.03,47.66,0.0,1.96,63.3,-16.56556,-69.04167,3808
Desaguadero,2008-06-06,4.45,13.16,-1.03,47.67,0.0,1.81,63.33,-16.56556,-69.04167,3808
Desaguadero,2008-06-07,5.1,14.45,-2.27,45.31,0.0,1.69,63.22,-16.56556,-69.04167,3808
Desaguadero,2008-06-08,4.08,14.18,-3.35,38.73,0.0,1.76,63.19,-16.56556,-69.04167,3808
Desaguadero,2008-06-09,4.05,13.23,-3.58,48.8,0.37,2.16,63.26,-16.56556,-69.04167,3808
Desaguadero,2008-06-10,4.1,8.17,0.16,86.25,0.9,3.52,63.16,-16.56556,-69.04167,3808
Desaguadero,2008-06-11,2.83,8.96,-1.06,79.39,3.62,2.45,63.1,-16.56556,-69.04167,3808
Desaguadero,2008-06-12,3.99,11.76,-1.48,60.27,1.15,2.85,63.11,-16.56556,-69.04167,3808
Desaguadero,2008-06-13,4.14,12.4,-1.94,57.85,0.27,2.1,63.18,-16.56556,-69.04167,3808
Desaguadero,2008-06-14,5.03,12.85,-0.85,43.14,0.01,1.39,63.2,-16.56556,-69.04167,3808
Desaguadero,2008-06-15,4.31,10.23,0.09,59.23,0.18,2.14,63.38,-16.56556,-69.04167,3808
Desaguadero,2008-06-16,5.8,13.18,0.95,73.71,0.02,1.71,63.43,-16.56556,-69.04167,3808
Desaguadero,2008-06-17,6.72,15.45,0.67,67.69,0.0,1.32,63.35,-16.56556,-69.04167,3808
Desaguadero,2008-06-18,6.84,15.71,0.58,68.03,0.0,1.81,63.17,-16.56556,-69.04167,3808
Desaguadero,2008-06-19,6.46,15.63,-1.25,58.91,0.0,2.08,63.13,-16.56556,-69.04167,3808
Desaguadero,2008-06-20,6.37,14.33,0.94,71.01,0.0,2.14,63.18,-16.56556,-69.04167,3808
Desaguadero,2008-06-21,6.83,13.73,1.98,67.04,0.0,2.58,63.16,-16.56556,-69.04167,3808
Desaguadero,2008-06-22,5.93,13.9,0.57,58.83,0.0,2.26,63.14,-16.56556,-69.04167,3808
Desaguadero,2008-06-23,5.38,13.77,-0.61,55.82,0.0,1.83,63.22,-16.56556,-69.04167,3808
Desaguadero,2008-06-24,5.03,13.44,-0.93,63.44,0.0,1.77,63.31,-16.56556,-69.04167,3808
Desaguadero,2008-06-25,5.61,13.19,0.5,75.5,0.04,2.57,63.2,-16.56556,-69.04167,3808
Desaguadero,2008-06-26,5.74,13.87,-0.21,66.58,0.05,2.92,63.06,-16.56556,-69.04167,3808
Desaguadero,2008-06-27,3.9,12.52,-2.42,56.21,0.0,2.84,63.17,-16.56556,-69.04167,3808
Desaguadero,2008-06-28,4.92,12.0,-0.22,73.32,0.0,2.31,63.33,-16.56556,-69.04167,3808
Desaguadero,2008-06-29,4.19,13.44,-3.01,40.9,0.0,1.06,63.4,-16.56556,-69.04167,3808
Desaguadero,2008-06-30,4.99,13.79,-1.88,49.53,0.0,1.06,63.31,-16.56556,-69.04167,3808
Desaguadero,2008-07-01,4.6,13.98,-2.0,52.15,0.0,1.75,63.31,-16.56556,-69.04167,3808
Desaguadero,2008-07-02,4.65,14.19,-1.59,66.44,0.0,1.76,63.38,-16.56556,-69.04167,3808
Desaguadero,2008-07-03,4.52,14.0,-1.7,67.82,0.0,1.68,63.4,-16.56556,-69.04167,3808
Desaguadero,2008-07-04,4.71,13.5,-1.3,65.3,0.0,1.33,63.37,-16.56556,-69.04167,3808
Desaguadero,2008-07-05,5.23,15.13,-1.86,53.84,0.0,1.79,63.25,-16.56556,-69.04167,3808
Desaguadero,2008-07-06,5.23,14.23,-0.75,56.2,0.0,1.88,63.19,-16.56556,-69.04167,3808
Desaguadero,2008-07-07,5.98,13.91,0.78,68.11,0.31,2.39,63.18,-16.56556,-69.04167,3808
Desaguadero,2008-07-08,5.64,13.39,0.71,71.29,0.56,2.2,63.25,-16.56556,-69.04167,3808
Desaguadero,2008-07-09,5.98,13.06,1.4,77.84,0.16,1.99,63.31,-16.56556,-69.04167,3808
Desaguadero,2008-07-10,6.5,14.32,1.76,74.03,0.0,2.01,63.4,-16.56556,-69.04167,3808
Desaguadero,2008-07-11,5.47,14.04,-1.4,66.95,0.0,1.7,63.45,-16.56556,-69.04167,3808
Desaguadero,2008-07-12,6.03,14.9,-1.04,58.33,0.0,1.28,63.33,-16.56556,-69.04167,3808
Desaguadero,2008-07-13,4.84,14.79,-3.16,58.37,0.22,2.77,63.25,-16.56556,-69.04167,3808
Desaguadero,2008-07-14,4.17,12.0,-2.36,73.37,0.13,2.28,63.33,-16.56556,-69.04167,3808
Desaguadero,2008-07-15,4.0,12.85,-2.21,67.33,0.0,2.2,63.43,-16.56556,-69.04167,3808
Desaguadero,2008-07-16,5.17,13.72,-1.3,67.08,0.0,1.57,63.35,-16.56556,-69.04167,3808
Desaguadero,2008-07-17,5.14,13.96,-1.56,60.36,0.0,1.89,63.14,-16.56556,-69.04167,3808
Desaguadero,2008-07-18,5.9,13.82,0.25,70.26,0.14,2.27,63.11,-16.56556,-69.04167,3808
Desaguadero,2008-07-19,6.37,12.91,2.02,73.1,0.02,2.31,63.15,-16.56556,-69.04167,3808
Desaguadero,2008-07-20,6.56,13.3,1.76,66.48,0.0,2.11,63.2,-16.56556,-69.04167,3808
Desaguadero,2008-07-21,4.33,13.85,-2.66,42.2,0.0,2.98,63.22,-16.56556,-69.04167,3808
Desaguadero,2008-07-22,4.12,12.8,-2.79,44.77,0.0,2.14,63.24,-16.56556,-69.04167,3808
Desaguadero,2008-07-23,6.47,14.16,0.53,63.19,0.05,2.21,63.23,-16.56556,-69.04167,3808
Desaguadero,2008-07-24,4.4,11.28,0.69,75.32,0.0,2.08,63.31,-16.56556,-69.04167,3808
Desaguadero,2008-07-25,6.67,14.17,2.23,73.58,0.0,2.39,63.33,-16.56556,-69.04167,3808
Desaguadero,2008-07-26,6.37,14.59,1.47,67.16,0.0,1.96,63.27,-16.56556,-69.04167,3808
Desaguadero,2008-07-27,6.29,14.66,0.48,68.73,0.0,2.4,63.24,-16.56556,-69.04167,3808
Desaguadero,2008-07-28,5.36,10.72,2.79,81.27,0.0,3.58,63.26,-16.56556,-69.04167,3808
Desaguadero,2008-07-29,5.1,9.39,1.71,77.23,1.27,2.26,63.23,-16.56556,-69.04167,3808
Desaguadero,2008-07-30,5.36,11.74,0.22,67.45,1.13,2.66,63.09,-16.56556,-69.04167,3808
Desaguadero,2008-07-31,5.46,13.23,-0.3,50.69,0.4,2.7,63.04,-16.56556,-69.04167,3808
Desaguadero,2008-08-01,4.12,14.21,-2.7,34.26,0.19,3.35,63.14,-16.56556,-69.04167,3808
Desaguadero,2008-08-02,3.97,13.79,-4.39,31.3,0.0,1.84,63.18,-16.56556,-69.04167,3808
Desaguadero,2008-08-03,3.9,13.02,-2.96,43.97,0.2,2.33,63.18,-16.56556,-69.04167,3808
Desaguadero,2008-08-04,5.67,14.25,-0.97,60.27,0.01,2.25,63.09,-16.56556,-69.04167,3808
Desaguadero,2008-08-05,5.14,13.87,-2.16,45.95,0.0,2.24,63.16,-16.56556,-69.04167,3808
Desaguadero,2008-08-06,5.92,13.13,0.93,66.13,0.0,1.48,63.14,-16.56556,-69.04167,3808
Desaguadero,2008-08-07,5.2,13.05,-0.4,52.65,0.01,2.21,63.2,-16.56556,-69.04167,3808
Desaguadero,2008-08-08,2.17,6.6,-0.34,85.72,2.75,2.51,63.21,-16.56556,-69.04167,3808
Desaguadero,2008-08-09,4.73,12.93,-2.07,71.25,0.31,1.62,63.32,-16.56556,-69.04167,3808
Desaguadero,2008-08-10,6.37,14.98,0.16,66.83,0.02,1.84,63.34,-16.56556,-69.04167,3808
Desaguadero,2008-08-11,6.59,15.57,-1.05,62.31,0.05,2.29,63.25,-16.56556,-69.04167,3808
Desaguadero,2008-08-12,7.55,16.07,1.27,66.52,0.18,2.53,63.23,-16.56556,-69.04167,3808
Desaguadero,2008-08-13,7.92,16.19,0.86,63.97,0.01,2.96,63.27,-16.56556,-69.04167,3808
Desaguadero,2008-08-14,6.51,16.19,-1.7,46.63,0.0,1.74,63.36,-16.56556,-69.04167,3808
Desaguadero,2008-08-15,7.73,16.49,0.58,56.91,0.0,1.37,63.35,-16.56556,-69.04167,3808
Desaguadero,2008-08-16,6.74,16.04,-1.52,46.09,0.0,1.48,63.23,-16.56556,-69.04167,3808
Desaguadero,2008-08-17,7.17,16.44,-0.34,56.85,0.0,2.58,63.18,-16.56556,-69.04167,3808
Desaguadero,2008-08-18,7.49,12.28,4.65,80.57,0.07,3.48,63.23,-16.56556,-69.04167,3808
Desaguadero,2008-08-19,6.72,10.8,3.71,83.47,0.02,2.99,63.28,-16.56556,-69.04167,3808
Desaguadero,2008-08-20,7.8,14.68,3.11,74.99,1.0,2.01,63.27,-16.56556,-69.04167,3808
Desaguadero,2008-08-21,7.41,15.17,2.14,72.91,0.07,3.06,63.28,-16.56556,-69.04167,3808
Desaguadero,2008-08-22,7.18,14.17,2.59,72.78,0.0,3.7,63.28,-16.56556,-69.04167,3808
Desaguadero,2008-08-23,8.11,17.24,0.95,58.75,0.0,1.84,63.25,-16.56556,-69.04167,3808
Desaguadero,2008-08-24,6.46,16.19,-0.89,53.61,0.0,2.68,63.29,-16.56556,-69.04167,3808
Desaguadero,2008-08-25,5.92,15.52,-0.55,63.51,0.0,2.71,63.36,-16.56556,-69.04167,3808
Desaguadero,2008-08-26,6.49,16.11,-0.64,63.17,0.0,2.43,63.33,-16.56556,-69.04167,3808
Desaguadero,2008-08-27,7.4,17.02,0.09,52.69,0.0,1.54,63.2,-16.56556,-69.04167,3808
Desaguadero,2008-08-28,5.51,15.26,-4.58,45.56,0.34,3.18,63.18,-16.56556,-69.04167,3808
Desaguadero,2008-08-29,7.17,16.29,1.02,69.84,0.42,3.05,63.11,-16.56556,-69.04167,3808
Desaguadero,2008-08-30,6.8,17.89,-1.23,52.6,0.0,1.93,63.09,-16.56556,-69.04167,3808
Desaguadero,2008-08-31,6.82,17.19,-1.29,47.08,0.0,1.7,63.17,-16.56556,-69.04167,3808
Desaguadero,2008-09-01,7.36,17.54,0.68,53.71,0.0,2.57,63.25,-16.56556,-69.04167,3808
Desaguadero,2008-09-02,7.58,18.07,-0.54,53.78,0.0,1.96,63.24,-16.56556,-69.04167,3808
Desaguadero,2008-09-03,7.52,16.56,0.44,59.48,0.0,3.48,63.14,-16.56556,-69.04167,3808
Desaguadero,2008-09-04,6.98,13.88,2.57,76.14,4.01,3.97,63.09,-16.56556,-69.04167,3808
Desaguadero,2008-09-05,7.1,16.05,0.74,48.72,0.77,2.61,63.1,-16.56556,-69.04167,3808
Desaguadero,2008-09-06,6.86,15.21,-0.83,68.28,0.01,3.25,63.21,-16.56556,-69.04167,3808
Desaguadero,2008-09-07,6.76,12.44,2.24,72.91,0.0,3.14,63.25,-16.56556,-69.04167,3808
Desaguadero,2008-09-08,7.08,15.44,0.96,70.15,0.0,3.2,63.27,-16.56556,-69.04167,3808
Desaguadero,2008-09-09,7.4,15.5,1.5,66.76,0.0,3.2,63.35,-16.56556,-69.04167,3808
Desaguadero,2008-09-10,6.47,12.54,2.15,73.97,0.0,3.05,63.39,-16.56556,-69.04167,3808
Desaguadero,2008-09-11,7.47,15.66,0.93,59.75,1.14,3.17,63.32,-16.56556,-69.04167,3808
Desaguadero,2008-09-12,7.89,15.14,2.4,69.91,0.38,3.58,63.25,-16.56556,-69.04167,3808
Desaguadero,2008-09-13,7.98,15.94,2.2,65.9,0.02,2.99,63.17,-16.56556,-69.04167,3808
Desaguadero,2008-09-14,7.46,15.88,1.79,64.9,0.0,2.63,63.23,-16.56556,-69.04167,3808
Desaguadero,2008-09-15,7.27,15.21,2.12,63.17,0.0,2.87,63.28,-16.56556,-69.04167,3808
Desaguadero,2008-09-16,7.13,14.81,1.96,62.68,0.0,2.74,63.3,-16.56556,-69.04167,3808
Desaguadero,2008-09-17,6.53,14.63,0.78,62.45,0.0,2.76,63.27,-16.56556,-69.04167,3808
Desaguadero,2008-09-18,6.82,14.89,0.03,64.34,0.0,2.79,63.19,-16.56556,-69.04167,3808
Desaguadero,2008-09-19,7.98,15.15,3.45,55.89,0.0,1.57,63.17,-16.56556,-69.04167,3808
Desaguadero,2008-09-20,6.14,11.1,3.01,64.01,0.04,3.18,63.27,-16.56556,-69.04167,3808
Desaguadero,2008-09-21,7.49,14.95,1.67,56.2,0.0,1.48,63.28,-16.56556,-69.04167,3808
Desaguadero,2008-09-22,6.73,15.65,-0.16,64.0,0.0,3.31,63.28,-16.56556,-69.04167,3808
Desaguadero,2008-09-23,7.43,16.19,0.89,64.42,0.0,2.75,63.15,-16.56556,-69.04167,3808
Desaguadero,2008-09-24,7.49,14.94,2.13,70.12,0.02,3.26,63.1,-16.56556,-69.04167,3808
Desaguadero,2008-09-25,7.57,14.8,1.74,67.12,0.19,2.88,63.23,-16.56556,-69.04167,3808
Desaguadero,2008-09-26,8.92,15.94,4.2,65.06,0.05,2.57,63.25,-16.56556,-69.04167,3808
Desaguadero,2008-09-27,9.55,16.36,4.92,63.53,0.0,2.66,63.2,-16.56556,-69.04167,3808
Desaguadero,2008-09-28,9.28,15.75,4.62,62.88,0.0,2.99,63.24,-16.56556,-69.04167,3808
Desaguadero,2008-09-29,8.9,16.46,2.74,67.93,0.0,4.13,63.3,-16.56556,-69.04167,3808
Desaguadero,2008-09-30,8.82,16.74,1.36,60.84,0.07,3.72,63.38,-16.56556,-69.04167,3808
Desaguadero,2008-10-01,10.83,18.9,4.02,55.58,0.02,1.41,63.24,-16.56556,-69.04167,3808
Desaguadero,2008-10-02,10.46,18.43,2.77,51.34,0.0,2.31,63.15,-16.56556,-69.04167,3808
Desaguadero,2008-10-03,10.58,20.07,2.46,40.6,0.42,2.67,63.01,-16.56556,-69.04167,3808
Desaguadero,2008-10-04,9.29,18.0,1.56,43.81,0.66,2.44,63.06,-16.56556,-69.04167,3808
Desaguadero,2008-10-05,7.45,14.64,2.25,57.21,1.1,3.16,63.08,-16.56556,-69.04167,3808
Desaguadero,2008-10-06,7.59,16.93,-1.23,47.18,0.3,2.71,63.19,-16.56556,-69.04167,3808
Desaguadero,2008-10-07,6.82,13.57,1.38,70.49,7.99,3.86,63.39,-16.56556,-69.04167,3808
Desaguadero,2008-10-08,6.74,14.11,1.66,70.82,7.67,3.35,63.37,-16.56556,-69.04167,3808
Desaguadero,2008-10-09,7.55,15.03,1.06,69.12,0.19,3.12,63.23,-16.56556,-69.04167,3808
Desaguadero,2008-10-10,9.21,17.46,2.82,58.4,0.0,2.07,63.11,-16.56556,-69.04167,3808
Desaguadero,2008-10-11,9.74,18.55,1.28,53.8,0.0,1.88,63.16,-16.56556,-69.04167,3808
Desaguadero,2008-10-12,10.06,17.17,5.66,66.49,0.03,3.48,63.19,-16.56556,-69.04167,3808
Desaguadero,2008-10-13,9.96,18.54,3.03,57.16,0.0,3.43,63.18,-16.56556,-69.04167,3808
Desaguadero,2008-10-14,10.13,17.61,4.48,65.29,0.1,3.12,63.2,-16.56556,-69.04167,3808
Desaguadero,2008-10-15,7.0,11.76,2.69,77.33,0.05,4.1,63.34,-16.56556,-69.04167,3808
Desaguadero,2008-10-16,8.77,15.78,2.9,66.53,0.05,4.15,63.44,-16.56556,-69.04167,3808
Desaguadero,2008-10-17,8.08,14.06,3.26,70.16,2.65,3.89,63.34,-16.56556,-69.04167,3808
Desaguadero,2008-10-18,8.98,15.97,3.46,59.58,1.38,2.08,63.19,-16.56556,-69.04167,3808
Desaguadero,2008-10-19,9.06,16.3,3.8,62.28,0.0,3.05,63.2,-16.56556,-69.04167,3808
Desaguadero,2008-10-20,9.45,17.77,2.91,60.54,0.0,3.04,63.22,-16.56556,-69.04167,3808
Desaguadero,2008-10-21,10.67,18.97,4.28,64.04,0.0,3.33,63.17,-16.56556,-69.04167,3808
Desaguadero,2008-10-22,10.48,17.2,6.14,68.64,0.0,4.05,63.18,-16.56556,-69.04167,3808
Desaguadero,2008-10-23,9.93,17.34,3.5,64.58,0.07,4.19,63.25,-16.56556,-69.04167,3808
Desaguadero,2008-10-24,9.98,15.61,6.42,67.76,0.03,5.26,63.29,-16.56556,-69.04167,3808
Desaguadero,2008-10-25,7.43,11.78,4.31,78.53,0.59,2.7,63.27,-16.56556,-69.04167,3808
Desaguadero,2008-10-26,8.95,14.35,4.61,75.36,0.13,2.87,63.26,-16.56556,-69.04167,3808
Desaguadero,2008-10-27,8.65,15.91,4.18,73.08,0.12,3.57,63.3,-16.56556,-69.04167,3808
Desaguadero,2008-10-28,9.47,16.44,3.79,66.12,0.06,2.67,63.21,-16.56556,-69.04167,3808
Desaguadero,2008-10-29,8.01,15.17,2.73,72.66,0.21,3.23,63.17,-16.56556,-69.04167,3808
Desaguadero,2008-10-30,8.46,14.18,3.46,69.14,0.81,3.29,63.21,-16.56556,-69.04167,3808
Desaguadero,2008-10-31,8.14,17.47,1.82,67.8,0.62,2.49,63.23,-16.56556,-69.04167,3808
Desaguadero,2008-11-01,10.48,18.15,4.23,58.94,0.01,2.34,63.08,-16.56556,-69.04167,3808
Desaguadero,2008-11-02,7.84,15.22,2.73,66.14,0.01,3.15,63.15,-16.56556,-69.04167,3808
Desaguadero,2008-11-03,9.44,15.77,3.03,67.7,0.48,2.84,63.27,-16.56556,-69.04167,3808
Desaguadero,2008-11-04,10.41,17.48,6.34,62.3,0.12,2.13,63.28,-16.56556,-69.04167,3808
Desaguadero,2008-11-05,12.02,20.43,5.67,54.75,0.0,1.69,63.24,-16.56556,-69.04167,3808
Desaguadero,2008-11-06,11.7,21.21,3.84,46.18,0.59,3.19,63.2,-16.56556,-69.04167,3808
Desaguadero,2008-11-07,11.92,20.56,6.71,60.11,0.05,2.74,63.2,-16.56556,-69.04167,3808
Desaguadero,2008-11-08,11.47,20.38,5.28,58.06,0.0,2.49,63.22,-16.56556,-69.04167,3808
Desaguadero,2008-11-09,12.03,20.65,6.99,53.61,1.37,3.14,63.3,-16.56556,-69.04167,3808
Desaguadero,2008-11-10,10.84,18.4,5.27,62.24,2.73,2.37,63.29,-16.56556,-69.04167,3808
Desaguadero,2008-11-11,11.47,20.22,3.92,55.21,0.45,1.91,63.19,-16.56556,-69.04167,3808
Desaguadero,2008-11-12,10.91,19.0,5.35,55.8,1.12,2.13,63.05,-16.56556,-69.04167,3808
Desaguadero,2008-11-13,9.9,15.84,5.84,64.29,3.08,3.23,62.99,-16.56556,-69.04167,3808
Desaguadero,2008-11-14,8.54,14.36,3.39,72.29,5.11,3.15,62.96,-16.56556,-69.04167,3808
Desaguadero,2008-11-15,9.7,17.87,2.2,61.04,1.03,2.72,63.03,-16.56556,-69.04167,3808
Desaguadero,2008-11-16,8.09,13.26,3.33,73.29,4.43,2.46,63.11,-16.56556,-69.04167,3808
Desaguadero,2008-11-17,10.43,19.21,2.68,51.53,0.05,1.28,63.08,-16.56556,-69.04167,3808
Desaguadero,2008-11-18,10.05,17.07,4.62,62.27,0.0,3.3,63.1,-16.56556,-69.04167,3808
Desaguadero,2008-11-19,9.68,15.94,4.68,67.33,2.58,3.21,63.1,-16.56556,-69.04167,3808
Desaguadero,2008-11-20,10.02,17.1,5.02,65.78,0.94,3.78,63.15,-16.56556,-69.04167,3808
Desaguadero,2008-11-21,9.5,16.91,4.36,64.96,0.21,3.89,63.25,-16.56556,-69.04167,3808
Desaguadero,2008-11-22,10.36,17.63,3.51,59.84,0.11,2.24,63.28,-16.56556,-69.04167,3808
Desaguadero,2008-11-23,10.73,18.43,6.31,62.57,0.0,2.53,63.23,-16.56556,-69.04167,3808
Desaguadero,2008-11-24,10.19,16.59,6.54,65.57,5.47,2.6,63.23,-16.56556,-69.04167,3808
Desaguadero,2008-11-25,10.55,17.16,4.76,63.84,3.38,2.18,63.21,-16.56556,-69.04167,3808
Desaguadero,2008-11-26,9.48,17.87,2.78,65.05,0.01,2.46,63.23,-16.56556,-69.04167,3808
Desaguadero,2008-11-27,10.46,17.44,6.04,66.71,0.0,3.92,63.23,-16.56556,-69.04167,3808
Desaguadero,2008-11-28,11.81,19.55,4.99,60.7,0.41,2.48,63.16,-16.56556,-69.04167,3808
Desaguadero,2008-11-29,8.92,16.52,2.43,68.11,0.03,2.7,63.16,-16.56556,-69.04167,3808
Desaguadero,2008-11-30,9.64,14.94,4.63,70.19,0.8,2.96,63.22,-16.56556,-69.04167,3808
Desaguadero,2008-12-01,9.25,15.17,5.12,72.25,9.16,2.9,63.23,-16.56556,-69.04167,3808
Desaguadero,2008-12-02,10.0,16.75,5.19,66.29,7.5,1.27,63.2,-16.56556,-69.04167,3808
Desaguadero,2008-12-03,7.92,15.09,2.08,57.0,1.02,1.12,63.07,-16.56556,-69.04167,3808
Desaguadero,2008-12-04,9.03,18.24,0.54,44.36,0.0,1.78,62.97,-16.56556,-69.04167,3808
Desaguadero,2008-12-05,9.87,18.7,2.09,60.51,0.0,2.91,63.11,-16.56556,-69.04167,3808
Desaguadero,2008-12-06,9.34,16.34,4.39,65.75,0.0,4.34,63.25,-16.56556,-69.04167,3808
Desaguadero,2008-12-07,7.92,14.7,1.72,64.5,0.0,4.4,63.33,-16.56556,-69.04167,3808
Desaguadero,2008-12-08,8.19,14.28,4.16,71.85,3.21,3.8,63.27,-16.56556,-69.04167,3808
Desaguadero,2008-12-09,8.99,15.94,3.84,70.52,5.82,3.08,63.19,-16.56556,-69.04167,3808
Desaguadero,2008-12-10,7.61,15.26,2.26,71.82,9.62,2.36,63.12,-16.56556,-69.04167,3808
Desaguadero,2008-12-11,6.14,10.99,2.7,77.14,7.11,2.11,63.07,-16.56556,-69.04167,3808
Desaguadero,2008-12-12,8.98,14.03,4.79,64.9,0.0,1.44,63.13,-16.56556,-69.04167,3808
Desaguadero,2008-12-13,9.8,16.57,3.82,69.01,0.23,3.28,63.13,-16.56556,-69.04167,3808
Desaguadero,2008-12-14,9.97,16.02,5.41,70.85,5.83,2.77,63.16,-16.56556,-69.04167,3808
Desaguadero,2008-12-15,7.5,11.35,3.7,78.22,1.7,1.43,63.1,-16.56556,-69.04167,3808
Desaguadero,2008-12-16,10.06,16.8,5.29,70.0,0.18,2.3,62.93,-16.56556,-69.04167,3808
Desaguadero,2008-12-17,10.4,16.64,5.57,70.45,1.88,3.5,62.98,-16.56556,-69.04167,3808
Desaguadero,2008-12-18,6.64,8.37,4.58,84.51,8.99,2.22,63.13,-16.56556,-69.04167,3808
Desaguadero,2008-12-19,8.96,15.65,3.82,72.68,2.89,3.18,63.11,-16.56556,-69.04167,3808
Desaguadero,2008-12-20,8.98,15.81,3.95,72.76,15.46,3.12,63.05,-16.56556,-69.04167,3808
Desaguadero,2008-12-21,9.8,17.51,4.34,67.15,5.43,2.86,63.04,-16.56556,-69.04167,3808
Desaguadero,2008-12-22,8.63,15.16,3.37,72.21,7.57,3.4,63.08,-16.56556,-69.04167,3808
Desaguadero,2008-12-23,9.1,16.17,3.47,72.9,6.76,2.79,63.11,-16.56556,-69.04167,3808
Desaguadero,2008-12-24,9.26,14.7,5.17,71.94,3.99,2.16,63.08,-16.56556,-69.04167,3808
Desaguadero,2008-12-25,9.8,16.78,3.96,69.82,7.57,1.84,62.98,-16.56556,-69.04167,3808
Desaguadero,2008-12-26,7.22,13.32,2.95,78.74,11.79,4.14,62.93,-16.56556,-69.04167,3808
Desaguadero,2008-12-27,8.93,15.76,2.98,71.86,0.96,2.78,62.95,-16.56556,-69.04167,3808
Desaguadero,2008-12-28,7.56,14.65,1.96,74.37,6.53,1.93,63.02,-16.56556,-69.04167,3808
Desaguadero,2008-12-29,5.48,11.1,1.66,79.93,4.58,2.94,63.17,-16.56556,-69.04167,3808
Desaguadero,2008-12-30,7.76,15.06,2.1,71.61,0.27,4.12,63.17,-16.56556,-69.04167,3808
Desaguadero,2008-12-31,8.34,15.1,2.69,76.02,1.94,3.53,63.12,-16.56556,-69.04167,3808
Desaguadero,2009-01-01,7.56,11.95,3.98,81.7,2.52,4.52,63.1,-16.56556,-69.04167,3808
Desaguadero,2009-01-02,9.16,16.24,3.98,75.33,1.82,3.33,63.03,-16.56556,-69.04167,3808
Desaguadero,2009-01-03,7.23,13.87,2.79,78.91,1.8,2.46,63.04,-16.56556,-69.04167,3808
Desaguadero,2009-01-04,8.46,15.9,2.01,66.92,0.08,2.05,63.08,-16.56556,-69.04167,3808
Desaguadero,2009-01-05,9.58,18.92,-0.16,50.17,0.0,1.21,63.07,-16.56556,-69.04167,3808
Desaguadero,2009-01-06,10.04,17.25,3.04,60.04,0.74,1.42,63.04,-16.56556,-69.04167,3808
Desaguadero,2009-01-07,9.01,17.5,1.85,64.9,0.23,2.41,63.09,-16.56556,-69.04167,3808
Desaguadero,2009-01-08,8.94,14.76,4.8,72.57,1.75,2.33,63.15,-16.56556,-69.04167,3808
Desaguadero,2009-01-09,9.76,16.51,3.93,67.22,0.28,3.21,63.23,-16.56556,-69.04167,3808
Desaguadero,2009-01-10,7.9,11.76,4.71,72.53,0.0,4.09,63.34,-16.56556,-69.04167,3808
Desaguadero,2009-01-11,9.22,16.75,3.29,67.17,0.12,3.62,63.3,-16.56556,-69.04167,3808
Desaguadero,2009-01-12,9.17,15.33,3.91,69.86,0.14,3.53,63.24,-16.56556,-69.04167,3808
Desaguadero,2009-01-13,8.97,15.98,4.45,72.4,7.55,3.87,63.26,-16.56556,-69.04167,3808
Desaguadero,2009-01-14,9.47,16.23,4.35,72.37,2.21,2.96,63.3,-16.56556,-69.04167,3808
Desaguadero,2009-01-15,10.61,17.6,5.06,70.65,5.83,2.24,63.22,-16.56556,-69.04167,3808
Desaguadero,2009-01-16,10.49,15.97,6.29,70.18,4.83,2.54,63.12,-16.56556,-69.04167,3808
Desaguadero,2009-01-17,6.36,12.65,1.9,73.62,3.55,2.39,63.13,-16.56556,-69.04167,3808
Desaguadero,2009-01-18,8.87,15.62,3.15,73.52,7.62,1.62,63.11,-16.56556,-69.04167,3808
Desaguadero,2009-01-19,4.78,10.22,1.75,79.29,8.09,3.43,63.23,-16.56556,-69.04167,3808
Desaguadero,2009-01-20,6.55,12.9,1.36,78.18,8.66,2.42,63.26,-16.56556,-69.04167,3808
Desaguadero,2009-01-21,7.21,12.97,2.87,75.04,0.93,2.01,63.27,-16.56556,-69.04167,3808
Desaguadero,2009-01-22,9.29,16.6,3.42,68.38,0.03,2.43,63.25,-16.56556,-69.04167,3808
Desaguadero,2009-01-23,9.1,15.94,3.5,70.57,5.23,3.28,63.24,-16.56556,-69.04167,3808
Desaguadero,2009-01-24,8.79,15.65,2.8,71.65,4.18,1.8,63.14,-16.56556,-69.04167,3808
Desaguadero,2009-01-25,9.72,16.24,5.47,71.75,0.26,2.77,63.1,-16.56556,-69.04167,3808
Desaguadero,2009-01-26,9.62,17.05,3.49,66.86,0.28,3.38,63.21,-16.56556,-69.04167,3808
Desaguadero,2009-01-27,10.09,17.19,4.7,68.67,0.01,2.43,63.21,-16.56556,-69.04167,3808
Desaguadero,2009-01-28,9.14,14.65,5.15,71.65,0.43,2.52,63.2,-16.56556,-69.04167,3808
Desaguadero,2009-01-29,9.55,16.5,4.43,69.29,0.21,2.94,63.27,-16.56556,-69.04167,3808
Desaguadero,2009-01-30,9.89,17.77,4.09,65.93,0.0,2.95,63.3,-16.56556,-69.04167,3808
Desaguadero,2009-01-31,9.96,19.12,3.65,65.72,0.0,3.1,63.26,-16.56556,-69.04167,3808
Desaguadero,2009-02-01,9.02,17.64,1.73,63.1,0.3,3.22,63.21,-16.56556,-69.04167,3808
Desaguadero,2009-02-02,9.68,17.38,3.2,65.21,0.01,2.33,63.12,-16.56556,-69.04167,3808
Desaguadero,2009-02-03,10.61,17.23,6.0,68.19,0.54,2.24,63.22,-16.56556,-69.04167,3808
Desaguadero,2009-02-04,7.39,11.65,5.44,83.67,0.12,2.01,63.36,-16.56556,-69.04167,3808
Desaguadero,2009-02-05,10.05,17.69,3.51,67.51,2.25,2.5,63.35,-16.56556,-69.04167,3808
Desaguadero,2009-02-06,10.62,17.1,6.16,69.11,1.61,2.29,63.26,-16.56556,-69.04167,3808
Desaguadero,2009-02-07,9.41,14.57,5.63,76.69,5.37,3.28,63.26,-16.56556,-69.04167,3808
Desaguadero,2009-02-08,9.94,16.85,4.67,75.63,5.59,3.06,63.16,-16.56556,-69.04167,3808
Desaguadero,2009-02-09,8.29,11.89,5.39,85.11,23.91,3.09,63.11,-16.56556,-69.04167,3808
Desaguadero,2009-02-10,9.04,15.06,4.64,76.26,8.06,1.39,63.17,-16.56556,-69.04167,3808
Desaguadero,2009-02-11,8.55,13.7,5.05,81.01,0.61,1.61,63.25,-16.56556,-69.04167,3808
Desaguadero,2009-02-12,8.17,13.26,5.09,82.44,5.69,1.93,63.25,-16.56556,-69.04167,3808
Desaguadero,2009-02-13,10.01,17.73,4.63,70.8,0.38,0.85,63.01,-16.56556,-69.04167,3808
Desaguadero,2009-02-14,9.02,15.68,2.99,74.58,3.74,2.94,62.88,-16.56556,-69.04167,3808
Desaguadero,2009-02-15,7.03,13.08,1.82,78.43,3.1,2.02,62.97,-16.56556,-69.04167,3808
Desaguadero,2009-02-16,8.79,18.42,-1.53,60.01,0.17,2.57,62.92,-16.56556,-69.04167,3808
Desaguadero,2009-02-17,8.03,12.96,4.81,72.98,0.63,3.99,63.08,-16.56556,-69.04167,3808
Desaguadero,2009-02-18,8.49,15.33,3.83,73.93,0.9,3.12,63.11,-16.56556,-69.04167,3808
Desaguadero,2009-02-19,8.96,15.49,4.16,77.13,10.62,2.8,63.12,-16.56556,-69.04167,3808
Desaguadero,2009-02-20,9.0,15.77,3.31,75.19,3.39,3.49,63.09,-16.56556,-69.04167,3808
Desaguadero,2009-02-21,9.4,18.08,2.72,71.22,1.11,2.57,63.07,-16.56556,-69.04167,3808
Desaguadero,2009-02-22,8.28,14.76,3.46,78.33,1.63,2.28,63.14,-16.56556,-69.04167,3808
Desaguadero,2009-02-23,8.55,14.27,4.96,76.83,0.68,2.34,63.15,-16.56556,-69.04167,3808
Desaguadero,2009-02-24,8.44,13.86,3.55,74.93,5.66,2.31,63.12,-16.56556,-69.04167,3808
Desaguadero,2009-02-25,8.75,14.95,4.81,76.26,5.85,4.38,63.06,-16.56556,-69.04167,3808
Desaguadero,2009-02-26,8.04,14.51,3.11,76.99,5.23,3.82,63.01,-16.56556,-69.04167,3808
Desaguadero,2009-02-27,7.65,13.77,3.54,78.27,2.42,4.15,63.05,-16.56556,-69.04167,3808
Desaguadero,2009-02-28,8.2,15.38,2.63,76.18,2.94,3.38,63.13,-16.56556,-69.04167,3808
Desaguadero,2009-03-01,7.78,13.12,3.94,79.15,12.91,3.08,63.18,-16.56556,-69.04167,3808
Desaguadero,2009-03-02,7.95,13.41,3.44,81.61,10.91,3.41,63.2,-16.56556,-69.04167,3808
Desaguadero,2009-03-03,8.3,14.64,4.32,78.15,4.85,3.98,63.25,-16.56556,-69.04167,3808
Desaguadero,2009-03-04,8.73,16.16,3.85,74.86,0.77,3.01,63.26,-16.56556,-69.04167,3808
Desaguadero,2009-03-05,7.84,14.55,2.42,75.37,0.11,3.88,63.34,-16.56556,-69.04167,3808
Desaguadero,2009-03-06,7.64,15.46,1.42,72.62,0.0,3.1,63.36,-16.56556,-69.04167,3808
Desaguadero,2009-03-07,8.64,16.81,1.89,70.82,2.5,2.55,63.32,-16.56556,-69.04167,3808
Desaguadero,2009-03-08,7.87,14.51,3.02,80.07,1.39,2.81,63.24,-16.56556,-69.04167,3808
Desaguadero,2009-03-09,8.34,16.06,1.67,72.85,1.38,2.59,63.24,-16.56556,-69.04167,3808
Desaguadero,2009-03-10,9.24,16.31,4.13,72.57,1.33,2.6,63.13,-16.56556,-69.04167,3808
Desaguadero,2009-03-11,8.25,15.88,3.15,75.83,1.99,2.29,63.03,-16.56556,-69.04167,3808
Desaguadero,2009-03-12,8.16,16.1,0.06,68.92,0.98,2.0,63.05,-16.56556,-69.04167,3808
Desaguadero,2009-03-13,6.96,13.29,2.89,79.95,2.13,2.92,63.11,-16.56556,-69.04167,3808
Desaguadero,2009-03-14,7.27,13.8,2.41,76.28,5.13,2.86,63.23,-16.56556,-69.04167,3808
Desaguadero,2009-03-15,8.52,16.7,3.62,68.96,0.73,3.07,63.4,-16.56556,-69.04167,3808
Desaguadero,2009-03-16,8.98,18.17,1.86,65.21,0.0,2.07,63.31,-16.56556,-69.04167,3808
Desaguadero,2009-03-17,9.22,17.25,4.31,68.32,0.0,2.79,63.17,-16.56556,-69.04167,3808
Desaguadero,2009-03-18,8.21,15.13,3.53,72.03,0.15,3.79,63.22,-16.56556,-69.04167,3808
Desaguadero,2009-03-19,7.58,14.5,2.0,74.4,2.32,3.26,63.17,-16.56556,-69.04167,3808
Desaguadero,2009-03-20,7.92,14.97,3.04,75.17,1.35,3.44,63.17,-16.56556,-69.04167,3808
Desaguadero,2009-03-21,7.89,15.09,3.27,77.15,4.06,3.3,63.14,-16.56556,-69.04167,3808
Desaguadero,2009-03-22,8.71,17.48,1.75,70.25,1.02,1.04,63.03,-16.56556,-69.04167,3808
Desaguadero,2009-03-23,8.43,13.71,4.27,77.12,4.43,1.43,63.05,-16.56556,-69.04167,3808
Desaguadero,2009-03-24,7.86,15.43,2.14,76.03,2.91,1.89,63.11,-16.56556,-69.04167,3808
Desaguadero,2009-03-25,8.64,15.79,3.63,76.66,0.63,1.96,63.05,-16.56556,-69.04167,3808
Desaguadero,2009-03-26,8.13,14.16,2.57,76.41,11.77,2.36,63.03,-16.56556,-69.04167,3808
Desaguadero,2009-03-27,8.08,14.93,3.46,75.77,3.21,1.4,63.13,-16.56556,-69.04167,3808
Desaguadero,2009-03-28,8.77,16.08,3.47,74.08,11.22,1.86,63.13,-16.56556,-69.04167,3808
Desaguadero,2009-03-29,8.87,16.34,1.82,69.42,1.68,1.38,63.06,-16.56556,-69.04167,3808
Desaguadero,2009-03-30,8.04,14.5,3.51,71.1,0.28,1.73,63.13,-16.56556,-69.04167,3808
Desaguadero,2009-03-31,8.5,16.47,3.61,72.48,0.0,1.84,63.23,-16.56556,-69.04167,3808
Desaguadero,2009-04-01,8.14,15.32,3.08,76.74,0.58,2.81,63.25,-16.56556,-69.04167,3808
Desaguadero,2009-04-02,9.44,18.01,2.88,68.04,0.29,1.78,63.18,-16.56556,-69.04167,3808
Desaguadero,2009-04-03,10.2,18.18,4.78,66.24,0.0,1.65,63.11,-16.56556,-69.04167,3808
Desaguadero,2009-04-04,10.44,18.0,5.31,68.26,0.07,1.71,63.12,-16.56556,-69.04167,3808
Desaguadero,2009-04-05,8.82,15.79,3.27,69.71,0.67,3.01,63.23,-16.56556,-69.04167,3808
Desaguadero,2009-04-06,7.29,14.96,1.58,74.74,0.27,3.22,63.31,-16.56556,-69.04167,3808
Desaguadero,2009-04-07,7.45,15.21,1.82,75.84,0.62,2.94,63.3,-16.56556,-69.04167,3808
Desaguadero,2009-04-08,7.42,14.11,3.34,77.62,1.34,4.04,63.3,-16.56556,-69.04167,3808
Desaguadero,2009-04-09,6.87,13.17,2.5,79.46,0.89,2.94,63.33,-16.56556,-69.04167,3808
Desaguadero,2009-04-10,6.23,13.12,0.82,77.66,0.54,4.21,63.38,-16.56556,-69.04167,3808
Desaguadero,2009-04-11,7.91,15.34,1.82,75.41,0.43,2.27,63.29,-16.56556,-69.04167,3808
Desaguadero,2009-04-12,8.82,16.03,3.56,72.44,3.78,2.17,63.25,-16.56556,-69.04167,3808
Desaguadero,2009-04-13,8.06,15.28,3.42,70.49,1.73,2.7,63.29,-16.56556,-69.04167,3808
Desaguadero,2009-04-14,6.79,14.08,0.7,74.78,3.65,3.1,63.45,-16.56556,-69.04167,3808
Desaguadero,2009-04-15,6.7,14.03,2.02,77.91,6.11,2.54,63.51,-16.56556,-69.04167,3808
Desaguadero,2009-04-16,7.26,15.37,1.75,74.82,0.59,2.76,63.47,-16.56556,-69.04167,3808
Desaguadero,2009-04-17,6.25,15.44,0.37,64.58,0.0,2.48,63.41,-16.56556,-69.04167,3808
Desaguadero,2009-04-18,6.22,16.15,-0.95,52.82,0.0,2.0,63.34,-16.56556,-69.04167,3808
Desaguadero,2009-04-19,6.07,15.95,-1.3,50.04,0.19,2.3,63.36,-16.56556,-69.04167,3808
Desaguadero,2009-04-20,6.05,14.38,-1.59,68.35,0.12,2.46,63.38,-16.56556,-69.04167,3808
Desaguadero,2009-04-21,8.09,14.72,3.42,73.25,0.0,2.17,63.35,-16.56556,-69.04167,3808
Desaguadero,2009-04-22,8.13,13.97,3.75,76.68,3.09,1.95,63.31,-16.56556,-69.04167,3808
Desaguadero,2009-04-23,8.03,16.45,0.1,56.71,2.06,1.21,63.2,-16.56556,-69.04167,3808
Desaguadero,2009-04-24,6.69,13.98,0.11,70.22,4.85,1.99,63.19,-16.56556,-69.04167,3808
Desaguadero,2009-04-25,8.26,15.75,3.59,71.88,0.05,2.47,63.22,-16.56556,-69.04167,3808
Desaguadero,2009-04-26,7.21,13.65,2.22,74.46,0.0,2.73,63.33,-16.56556,-69.04167,3808
Desaguadero,2009-04-27,7.01,13.85,2.08,76.14,0.0,2.89,63.32,-16.56556,-69.04167,3808
Desaguadero,2009-04-28,7.85,15.36,2.37,71.85,0.0,2.21,63.25,-16.56556,-69.04167,3808
Desaguadero,2009-04-29,8.39,16.89,2.15,61.21,0.0,1.19,63.25,-16.56556,-69.04167,3808
Desaguadero,2009-04-30,7.6,15.1,1.36,70.17,0.0,1.94,63.39,-16.56556,-69.04167,3808
Desaguadero,2009-05-01,7.63,15.21,2.16,68.28,0.0,1.34,63.38,-16.56556,-69.04167,3808
Desaguadero,2009-05-02,7.85,14.23,3.47,66.39,0.0,0.97,63.36,-16.56556,-69.04167,3808
Desaguadero,2009-05-03,8.46,15.62,3.26,63.45,0.0,0.94,63.25,-16.56556,-69.04167,3808
Desaguadero,2009-05-04,6.87,15.64,-1.12,55.23,0.0,1.86,63.12,-16.56556,-69.04167,3808
Desaguadero,2009-05-05,7.15,14.12,3.39,74.39,0.41,2.45,63.17,-16.56556,-69.04167,3808
Desaguadero,2009-05-06,6.07,10.59,2.33,79.75,0.13,2.29,63.21,-16.56556,-69.04167,3808
Desaguadero,2009-05-07,6.66,13.9,1.64,68.75,0.0,1.47,63.19,-16.56556,-69.04167,3808
Desaguadero,2009-05-08,6.97,15.69,-0.59,58.61,0.0,1.34,63.23,-16.56556,-69.04167,3808
Desaguadero,2009-05-09,7.61,13.07,2.83,68.49,0.0,1.22,63.28,-16.56556,-69.04167,3808
Desaguadero,2009-05-10,6.78,15.25,-0.58,55.93,0.0,1.62,63.26,-16.56556,-69.04167,3808
Desaguadero,2009-05-11,7.32,13.65,3.18,75.4,0.38,2.5,63.23,-16.56556,-69.04167,3808
Desaguadero,2009-05-12,7.23,14.14,1.82,65.22,0.16,2.16,63.26,-16.56556,-69.04167,3808
Desaguadero,2009-05-13,8.21,16.19,1.89,61.72,0.0,0.93,63.18,-16.56556,-69.04167,3808
Desaguadero,2009-05-14,6.42,15.37,-0.77,49.87,0.16,1.83,63.21,-16.56556,-69.04167,3808
Desaguadero,2009-05-15,6.31,11.96,2.61,81.76,0.05,1.61,63.15,-16.56556,-69.04167,3808
Desaguadero,2009-05-16,6.65,14.84,0.67,60.68,0.0,1.22,63.09,-16.56556,-69.04167,3808
Desaguadero,2009-05-17,6.38,15.84,-1.7,57.27,0.0,1.8,63.13,-16.56556,-69.04167,3808
Desaguadero,2009-05-18,6.69,13.8,0.25,75.23,0.0,2.59,63.31,-16.56556,-69.04167,3808
Desaguadero,2009-05-19,4.19,12.86,-3.89,68.5,0.07,2.57,63.4,-16.56556,-69.04167,3808
Desaguadero,2009-05-20,6.44,14.03,-0.29,69.64,0.0,1.46,63.33,-16.56556,-69.04167,3808
Desaguadero,2009-05-21,7.01,15.75,-0.63,60.59,0.0,1.31,63.28,-16.56556,-69.04167,3808
Desaguadero,2009-05-22,7.28,15.71,0.32,56.19,0.0,0.94,63.3,-16.56556,-69.04167,3808
Desaguadero,2009-05-23,6.34,14.97,-0.61,54.01,0.0,1.61,63.35,-16.56556,-69.04167,3808
Desaguadero,2009-05-24,7.01,14.32,2.0,71.09,0.0,1.7,63.36,-16.56556,-69.04167,3808
Desaguadero,2009-05-25,7.2,16.05,-0.04,60.44,0.01,1.53,63.28,-16.56556,-69.04167,3808
Desaguadero,2009-05-26,7.01,14.52,3.39,77.09,0.26,2.11,63.22,-16.56556,-69.04167,3808
Desaguadero,2009-05-27,6.63,11.9,2.99,79.51,0.46,2.36,63.17,-16.56556,-69.04167,3808
Desaguadero,2009-05-28,5.33,8.37,3.41,86.76,1.42,2.78,63.18,-16.56556,-69.04167,3808
Desaguadero,2009-05-29,5.97,12.49,0.63,70.89,0.19,3.06,63.17,-16.56556,-69.04167,3808
Desaguadero,2009-05-30,4.39,14.46,-2.19,40.59,0.2,2.71,63.17,-16.56556,-69.04167,3808
Desaguadero,2009-05-31,4.22,14.24,-2.89,33.58,0.1,1.74,63.23,-16.56556,-69.04167,3808
Desaguadero,2009-06-01,4.47,13.78,-1.28,44.06,0.07,2.15,63.21,-16.56556,-69.04167,3808
Desaguadero,2009-06-02,4.19,14.06,-2.38,33.12,0.0,1.69,63.2,-16.56556,-69.04167,3808
Desaguadero,2009-06-03,4.57,13.99,-2.08,39.39,0.0,1.8,63.2,-16.56556,-69.04167,3808
Desaguadero,2009-06-04,5.88,14.88,-2.25,38.13,0.0,1.23,63.27,-16.56556,-69.04167,3808
Desaguadero,2009-06-05,5.52,15.05,-0.7,50.09,0.0,2.03,63.38,-16.56556,-69.04167,3808
Desaguadero,2009-06-06,4.48,14.47,-2.26,66.96,0.0,1.53,63.4,-16.56556,-69.04167,3808
Desaguadero,2009-06-07,5.41,14.88,-1.68,62.61,0.0,1.17,63.32,-16.56556,-69.04167,3808
Desaguadero,2009-06-08,5.02,14.94,-2.98,43.57,0.0,1.38,63.27,-16.56556,-69.04167,3808
Desaguadero,2009-06-09,4.8,13.88,-1.4,46.63,0.1,1.19,63.26,-16.56556,-69.04167,3808
Desaguadero,2009-06-10,4.97,13.79,-1.74,51.26,0.17,1.39,63.32,-16.56556,-69.04167,3808
Desaguadero,2009-06-11,5.33,12.48,0.53,77.34,0.08,2.22,63.4,-16.56556,-69.04167,3808
Desaguadero,2009-06-12,5.92,14.06,0.58,66.81,0.0,1.52,63.39,-16.56556,-69.04167,3808
Desaguadero,2009-06-13,5.2,13.82,-0.88,62.96,0.0,1.88,63.3,-16.56556,-69.04167,3808
Desaguadero,2009-06-14,4.23,14.33,-2.28,39.3,0.0,2.34,63.16,-16.56556,-69.04167,3808
Desaguadero,2009-06-15,2.96,13.58,-3.94,36.06,0.01,3.23,63.18,-16.56556,-69.04167,3808
Desaguadero,2009-06-16,3.11,11.08,-2.8,52.2,0.01,2.25,63.31,-16.56556,-69.04167,3808
Desaguadero,2009-06-17,4.6,14.08,-4.08,52.9,0.0,2.27,63.23,-16.56556,-69.04167,3808
Desaguadero,2009-06-18,3.85,13.69,-4.34,46.27,0.0,1.85,63.18,-16.56556,-69.04167,3808
Desaguadero,2009-06-19,6.19,13.25,1.45,71.29,0.12,2.17,63.16,-16.56556,-69.04167,3808
Desaguadero,2009-06-20,5.59,14.06,-1.59,49.39,0.01,1.39,63.21,-16.56556,-69.04167,3808
Desaguadero,2009-06-21,6.33,13.9,1.0,60.85,0.01,1.53,63.19,-16.56556,-69.04167,3808
Desaguadero,2009-06-22,6.12,13.15,1.57,61.86,0.04,1.76,63.16,-16.56556,-69.04167,3808
Desaguadero,2009-06-23,5.4,12.53,-0.41,59.22,0.28,1.59,63.2,-16.56556,-69.04167,3808
Desaguadero,2009-06-24,5.56,12.74,0.43,62.46,0.53,1.88,63.26,-16.56556,-69.04167,3808
Desaguadero,2009-06-25,4.45,13.85,-2.57,33.07,0.0,1.91,63.31,-16.56556,-69.04167,3808
Desaguadero,2009-06-26,5.08,13.29,-0.68,34.65,0.0,1.55,63.34,-16.56556,-69.04167,3808
Desaguadero,2009-06-27,4.86,13.46,-1.05,49.13,0.0,1.53,63.41,-16.56556,-69.04167,3808
Desaguadero,2009-06-28,5.32,14.32,-1.93,37.69,0.0,1.34,63.37,-16.56556,-69.04167,3808
Desaguadero,2009-06-29,4.86,14.83,-2.55,44.38,0.0,1.83,63.23,-16.56556,-69.04167,3808
Desaguadero,2009-06-30,5.9,13.35,1.18,71.14,0.0,2.47,63.17,-16.56556,-69.04167,3808
Desaguadero,2009-07-01,5.78,14.66,-0.65,51.11,0.06,1.58,63.18,-16.56556,-69.04167,3808
Desaguadero,2009-07-02,5.76,13.93,0.7,50.4,0.25,1.71,63.25,-16.56556,-69.04167,3808
Desaguadero,2009-07-03,5.8,13.34,0.42,49.87,0.74,1.62,63.23,-16.56556,-69.04167,3808
Desaguadero,2009-07-04,5.26,14.27,0.15,44.93,0.24,2.29,63.2,-16.56556,-69.04167,3808
Desaguadero,2009-07-05,4.7,12.9,-1.91,32.11,0.01,1.62,63.23,-16.56556,-69.04167,3808
Desaguadero,2009-07-06,5.2,12.47,-0.05,63.77,0.22,2.0,63.23,-16.56556,-69.04167,3808
Desaguadero,2009-07-07,5.53,13.36,0.17,60.45,0.01,1.8,63.17,-16.56556,-69.04167,3808
Desaguadero,2009-07-08,5.19,13.03,-0.92,44.29,0.0,1.54,63.2,-16.56556,-69.04167,3808
Desaguadero,2009-07-09,5.63,12.68,0.74,74.0,0.57,2.52,63.21,-16.56556,-69.04167,3808
Desaguadero,2009-07-10,4.85,14.99,-2.54,48.83,0.95,2.88,63.2,-16.56556,-69.04167,3808
Desaguadero,2009-07-11,4.95,13.43,-1.19,57.46,4.26,2.23,63.28,-16.56556,-69.04167,3808
Desaguadero,2009-07-12,5.67,12.25,1.4,80.71,0.23,2.25,63.14,-16.56556,-69.04167,3808
Desaguadero,2009-07-13,7.03,14.21,2.5,71.72,0.0,3.21,63.25,-16.56556,-69.04167,3808
Desaguadero,2009-07-14,6.23,12.44,2.25,78.99,0.15,4.08,63.36,-16.56556,-69.04167,3808
Desaguadero,2009-07-15,6.9,14.54,1.9,74.79,0.0,2.55,63.27,-16.56556,-69.04167,3808
Desaguadero,2009-07-16,6.73,13.45,1.74,75.06,0.0,2.85,63.26,-16.56556,-69.04167,3808
Desaguadero,2009-07-17,6.39,12.69,2.34,77.83,0.0,3.01,63.36,-16.56556,-69.04167,3808
Desaguadero,2009-07-18,5.79,13.93,0.31,67.75,0.0,2.08,63.49,-16.56556,-69.04167,3808
Desaguadero,2009-07-19,5.71,14.14,0.63,64.53,0.0,2.57,63.33,-16.56556,-69.04167,3808
Desaguadero,2009-07-20,6.04,13.57,0.81,69.92,5.54,3.12,63.09,-16.56556,-69.04167,3808
Desaguadero,2009-07-21,3.81,13.57,-3.07,48.38,0.0,4.08,63.02,-16.56556,-69.04167,3808
Desaguadero,2009-07-22,3.89,13.26,-3.31,38.09,0.32,2.74,63.08,-16.56556,-69.04167,3808
Desaguadero,2009-07-23,4.91,12.99,-1.37,42.33,0.69,2.18,63.1,-16.56556,-69.04167,3808
Desaguadero,2009-07-24,4.7,12.08,-0.32,53.33,0.47,2.36,63.05,-16.56556,-69.04167,3808
Desaguadero,2009-07-25,3.85,9.87,-0.95,68.1,0.08,2.61,63.11,-16.56556,-69.04167,3808
Desaguadero,2009-07-26,4.1,10.79,-0.36,77.06,6.45,2.67,63.23,-16.56556,-69.04167,3808
Desaguadero,2009-07-27,3.12,9.16,-0.82,76.48,0.21,2.37,63.35,-16.56556,-69.04167,3808
Desaguadero,2009-07-28,5.05,12.93,-1.2,63.49,0.0,1.97,63.28,-16.56556,-69.04167,3808
Desaguadero,2009-07-29,5.72,12.82,2.06,76.23,0.0,2.99,63.25,-16.56556,-69.04167,3808
Desaguadero,2009-07-30,6.6,13.64,1.92,66.26,0.0,2.24,63.29,-16.56556,-69.04167,3808
Desaguadero,2009-07-31,6.2,13.77,0.51,64.23,0.0,1.97,63.3,-16.56556,-69.04167,3808
Desaguadero,2009-08-01,5.96,14.19,-0.32,59.55,0.69,2.69,63.21,-16.56556,-69.04167,3808
Desaguadero,2009-08-02,5.2,13.62,-1.5,55.05,1.1,2.66,63.28,-16.56556,-69.04167,3808
Desaguadero,2009-08-03,6.96,14.88,1.45,73.36,0.04,2.59,63.31,-16.56556,-69.04167,3808
Desaguadero,2009-08-04,7.51,16.24,1.08,63.16,0.0,1.26,63.3,-16.56556,-69.04167,3808
Desaguadero,2009-08-05,7.15,16.58,-0.09,46.48,0.0,1.47,63.27,-16.56556,-69.04167,3808
Desaguadero,2009-08-06,5.55,12.03,1.98,75.57,0.0,2.45,63.24,-16.56556,-69.04167,3808
Desaguadero,2009-08-07,5.02,9.87,1.87,80.44,1.82,2.44,63.23,-16.56556,-69.04167,3808
Desaguadero,2009-08-08,5.13,11.05,-0.49,61.88,2.58,3.46,63.29,-16.56556,-69.04167,3808
Desaguadero,2009-08-09,4.24,12.65,-2.13,39.17,0.01,2.17,63.36,-16.56556,-69.04167,3808
Desaguadero,2009-08-10,5.34,12.5,0.64,72.99,0.0,2.91,63.32,-16.56556,-69.04167,3808
Desaguadero,2009-08-11,5.6,12.48,0.94,65.61,0.0,1.27,63.31,-16.56556,-69.04167,3808
Desaguadero,2009-08-12,6.18,14.53,0.12,53.43,0.0,1.11,63.29,-16.56556,-69.04167,3808
Desaguadero,2009-08-13,6.57,15.64,-0.52,51.89,0.0,1.56,63.27,-16.56556,-69.04167,3808
Desaguadero,2009-08-14,6.58,15.65,0.12,56.68,0.0,1.6,63.21,-16.56556,-69.04167,3808
Desaguadero,2009-08-15,5.55,15.92,-2.31,41.2,0.0,2.4,63.08,-16.56556,-69.04167,3808
Desaguadero,2009-08-16,4.99,14.59,-2.82,36.63,0.0,1.97,63.09,-16.56556,-69.04167,3808
Desaguadero,2009-08-17,5.9,14.89,-0.24,41.56,0.0,2.04,63.15,-16.56556,-69.04167,3808
Desaguadero,2009-08-18,5.08,15.87,-2.76,29.35,0.0,1.88,63.2,-16.56556,-69.04167,3808
Desaguadero,2009-08-19,4.53,16.7,-4.05,25.43,0.0,3.08,63.17,-16.56556,-69.04167,3808
Desaguadero,2009-08-20,5.82,16.01,-3.97,37.01,0.25,1.89,63.21,-16.56556,-69.04167,3808
Desaguadero,2009-08-21,5.77,15.97,-3.33,48.08,0.29,3.02,63.13,-16.56556,-69.04167,3808
Desaguadero,2009-08-22,3.62,15.81,-4.35,28.87,0.0,4.16,63.01,-16.56556,-69.04167,3808
Desaguadero,2009-08-23,3.24,13.93,-4.81,29.9,0.51,2.54,63.06,-16.56556,-69.04167,3808
Desaguadero,2009-08-24,4.06,13.14,-2.96,42.07,0.9,2.0,63.17,-16.56556,-69.04167,3808
Desaguadero,2009-08-25,5.45,13.9,-1.65,67.27,0.34,2.26,63.32,-16.56556,-69.04167,3808
Desaguadero,2009-08-26,7.51,15.17,2.3,66.92,0.0,1.61,63.37,-16.56556,-69.04167,3808
Desaguadero,2009-08-27,7.54,15.86,1.44,68.32,0.0,2.58,63.41,-16.56556,-69.04167,3808
Desaguadero,2009-08-28,6.25,15.09,-0.08,62.58,0.0,2.29,63.4,-16.56556,-69.04167,3808
Desaguadero,2009-08-29,6.38,14.55,-0.13,57.12,0.0,1.84,63.27,-16.56556,-69.04167,3808
Desaguadero,2009-08-30,6.16,15.63,-1.27,40.39,0.0,1.4,63.2,-16.56556,-69.04167,3808
Desaguadero,2009-08-31,6.15,15.8,-2.59,43.5,0.0,2.11,63.2,-16.56556,-69.04167,3808
Desaguadero,2009-09-01,7.18,13.08,3.42,76.91,2.13,2.9,63.22,-16.56556,-69.04167,3808
Desaguadero,2009-09-02,5.34,13.62,0.15,67.79,2.58,3.31,63.23,-16.56556,-69.04167,3808
Desaguadero,2009-09-03,5.29,15.51,-1.64,44.69,1.16,2.74,63.27,-16.56556,-69.04167,3808
Desaguadero,2009-09-04,6.25,15.35,-1.09,30.53,0.03,1.65,63.39,-16.56556,-69.04167,3808
Desaguadero,2009-09-05,7.12,18.04,-0.58,36.7,0.0,3.02,63.4,-16.56556,-69.04167,3808
Desaguadero,2009-09-06,7.17,18.42,-3.37,37.4,0.0,2.17,63.36,-16.56556,-69.04167,3808
Desaguadero,2009-09-07,7.7,18.98,-1.13,28.5,0.0,2.22,63.24,-16.56556,-69.04167,3808
Desaguadero,2009-09-08,7.47,17.34,-1.63,41.77,0.0,2.78,63.12,-16.56556,-69.04167,3808
Desaguadero,2009-09-09,8.85,16.29,3.31,65.46,0.3,3.86,63.11,-16.56556,-69.04167,3808
Desaguadero,2009-09-10,6.89,12.55,3.25,74.91,0.31,4.8,63.26,-16.56556,-69.04167,3808
Desaguadero,2009-09-11,7.8,14.98,1.78,64.79,0.06,2.57,63.39,-16.56556,-69.04167,3808
Desaguadero,2009-09-12,8.71,17.07,2.18,62.06,0.0,1.56,63.36,-16.56556,-69.04167,3808
Desaguadero,2009-09-13,8.98,17.61,2.73,65.79,0.0,2.36,63.33,-16.56556,-69.04167,3808
Desaguadero,2009-09-14,8.59,16.46,2.65,71.13,0.3,2.78,63.36,-16.56556,-69.04167,3808
Desaguadero,2009-09-15,7.97,14.4,3.31,72.61,0.39,2.95,63.33,-16.56556,-69.04167,3808
Desaguadero,2009-09-16,7.5,15.39,0.02,62.29,0.01,3.93,63.36,-16.56556,-69.04167,3808
Desaguadero,2009-09-17,8.35,15.62,2.67,62.6,0.0,3.01,63.33,-16.56556,-69.04167,3808
Desaguadero,2009-09-18,9.29,17.21,3.61,69.06,0.03,2.75,63.22,-16.56556,-69.04167,3808
Desaguadero,2009-09-19,7.06,13.66,3.98,80.63,1.56,3.13,63.28,-16.56556,-69.04167,3808
Desaguadero,2009-09-20,8.46,15.46,2.63,59.19,0.35,2.07,63.22,-16.56556,-69.04167,3808
Desaguadero,2009-09-21,8.83,15.44,4.13,34.88,0.0,1.35,63.12,-16.56556,-69.04167,3808
Desaguadero,2009-09-22,7.68,16.79,0.45,27.35,0.04,2.85,63.06,-16.56556,-69.04167,3808
Desaguadero,2009-09-23,7.27,15.78,0.13,51.56,0.8,3.11,63.09,-16.56556,-69.04167,3808
Desaguadero,2009-09-24,8.6,17.04,2.18,59.06,0.03,1.76,63.11,-16.56556,-69.04167,3808
Desaguadero,2009-09-25,8.9,16.83,2.25,58.38,0.0,2.23,63.16,-16.56556,-69.04167,3808
Desaguadero,2009-09-26,9.22,16.12,2.79,59.46,1.24,2.03,63.19,-16.56556,-69.04167,3808
Desaguadero,2009-09-27,9.46,17.64,2.24,57.75,0.51,2.33,63.2,-16.56556,-69.04167,3808
Desaguadero,2009-09-28,9.03,14.04,5.73,75.26,4.58,5.79,63.31,-16.56556,-69.04167,3808
Desaguadero,2009-09-29,8.56,14.6,4.55,73.24,5.32,5.15,63.4,-16.56556,-69.04167,3808
Desaguadero,2009-09-30,8.35,16.66,2.99,73.16,1.59,3.03,63.32,-16.56556,-69.04167,3808
Desaguadero,2009-10-01,8.26,16.47,2.07,67.31,7.96,2.2,63.28,-16.56556,-69.04167,3808
Desaguadero,2009-10-02,8.19,14.64,3.73,70.03,0.97,2.61,63.3,-16.56556,-69.04167,3808
Desaguadero,2009-10-03,8.83,17.54,2.72,61.25,0.0,2.39,63.29,-16.56556,-69.04167,3808
Desaguadero,2009-10-04,9.77,18.22,3.81,61.19,0.0,2.55,63.27,-16.56556,-69.04167,3808
Desaguadero,2009-10-05,11.04,19.37,4.28,57.31,0.0,1.69,63.15,-16.56556,-69.04167,3808
Desaguadero,2009-10-06,9.98,17.53,4.8,59.35,0.0,2.31,63.24,-16.56556,-69.04167,3808
Desaguadero,2009-10-07,8.63,15.57,3.22,65.07,0.77,2.62,63.38,-16.56556,-69.04167,3808
Desaguadero,2009-10-08,9.94,18.37,4.21,64.51,0.08,2.69,63.38,-16.56556,-69.04167,3808
Desaguadero,2009-10-09,10.25,18.8,4.38,57.96,0.0,2.55,63.27,-16.56556,-69.04167,3808
Desaguadero,2009-10-10,10.5,19.51,3.44,54.85,0.0,1.87,63.12,-16.56556,-69.04167,3808
Desaguadero,2009-10-11,9.18,19.76,-0.41,31.9,0.0,1.52,63.09,-16.56556,-69.04167,3808
Desaguadero,2009-10-12,9.27,18.66,-0.67,38.49,0.42,2.11,63.1,-16.56556,-69.04167,3808
Desaguadero,2009-10-13,10.11,18.96,2.3,49.69,0.05,2.3,63.02,-16.56556,-69.04167,3808
Desaguadero,2009-10-14,9.23,18.64,-0.29,43.78,0.0,2.79,63.0,-16.56556,-69.04167,3808
Desaguadero,2009-10-15,10.2,16.7,4.77,66.34,0.0,3.51,63.02,-16.56556,-69.04167,3808
Desaguadero,2009-10-16,8.4,17.36,1.84,64.51,3.13,2.17,63.18,-16.56556,-69.04167,3808
Desaguadero,2009-10-17,8.63,13.49,5.07,71.95,0.66,2.21,63.29,-16.56556,-69.04167,3808
Desaguadero,2009-10-18,10.13,17.63,4.64,61.37,2.14,2.5,63.2,-16.56556,-69.04167,3808
Desaguadero,2009-10-19,9.96,16.72,4.94,64.9,2.4,2.27,63.14,-16.56556,-69.04167,3808
Desaguadero,2009-10-20,10.59,16.88,5.7,63.27,4.07,2.46,63.08,-16.56556,-69.04167,3808
Desaguadero,2009-10-21,7.2,13.62,2.39,73.03,0.22,2.69,63.2,-16.56556,-69.04167,3808
Desaguadero,2009-10-22,10.22,18.08,3.94,66.85,0.83,2.97,63.16,-16.56556,-69.04167,3808
Desaguadero,2009-10-23,9.4,15.04,5.16,73.54,4.16,3.21,63.14,-16.56556,-69.04167,3808
Desaguadero,2009-10-24,8.97,15.26,3.36,65.2,0.11,2.07,63.13,-16.56556,-69.04167,3808
Desaguadero,2009-10-25,9.69,16.93,2.47,68.8,0.53,3.12,63.11,-16.56556,-69.04167,3808
Desaguadero,2009-10-26,9.42,16.17,3.65,69.74,0.96,1.83,63.08,-16.56556,-69.04167,3808
Desaguadero,2009-10-27,7.36,12.09,2.62,66.65,0.3,2.91,63.14,-16.56556,-69.04167,3808
Desaguadero,2009-10-28,10.21,19.22,3.13,61.79,0.0,3.23,63.2,-16.56556,-69.04167,3808
Desaguadero,2009-10-29,9.84,18.36,2.7,62.81,0.0,3.61,63.3,-16.56556,-69.04167,3808
Desaguadero,2009-10-30,10.48,19.41,3.69,60.58,0.0,4.2,63.21,-16.56556,-69.04167,3808
Desaguadero,2009-10-31,10.65,17.93,5.38,64.99,0.0,2.71,63.15,-16.56556,-69.04167,3808
Desaguadero,2009-11-01,11.42,20.32,5.25,60.01,0.0,2.95,63.11,-16.56556,-69.04167,3808
Desaguadero,2009-11-02,10.29,16.61,6.03,64.39,0.86,1.95,63.13,-16.56556,-69.04167,3808
Desaguadero,2009-11-03,10.64,16.97,5.85,64.2,0.07,1.97,63.05,-16.56556,-69.04167,3808
Desaguadero,2009-11-04,9.31,16.36,2.82,67.95,0.38,2.6,63.03,-16.56556,-69.04167,3808
Desaguadero,2009-11-05,10.03,18.54,2.63,59.07,0.09,2.42,62.99,-16.56556,-69.04167,3808
Desaguadero,2009-11-06,10.94,19.89,3.7,39.42,0.19,2.76,62.93,-16.56556,-69.04167,3808
Desaguadero,2009-11-07,10.7,19.9,2.09,39.11,0.2,1.86,62.93,-16.56556,-69.04167,3808
Desaguadero,2009-11-08,10.72,20.42,0.4,37.83,0.24,1.94,63.0,-16.56556,-69.04167,3808
Desaguadero,2009-11-09,10.54,18.28,3.02,47.42,0.03,2.06,63.1,-16.56556,-69.04167,3808
Desaguadero,2009-11-10,11.46,19.52,5.75,53.4,0.0,2.57,63.12,-16.56556,-69.04167,3808
Desaguadero,2009-11-11,9.85,15.66,4.92,69.99,0.15,3.46,63.09,-16.56556,-69.04167,3808
Desaguadero,2009-11-12,11.04,17.76,6.15,68.32,3.31,3.46,63.08,-16.56556,-69.04167,3808
Desaguadero,2009-11-13,10.25,15.6,6.51,69.24,0.11,2.83,63.15,-16.56556,-69.04167,3808
Desaguadero,2009-11-14,10.4,16.23,6.06,69.06,2.39,2.81,63.18,-16.56556,-69.04167,3808
Desaguadero,2009-11-15,9.93,16.78,4.55,72.42,8.68,2.25,63.15,-16.56556,-69.04167,3808
Desaguadero,2009-11-16,9.4,17.58,3.82,71.21,4.45,3.5,63.12,-16.56556,-69.04167,3808
Desaguadero,2009-11-17,8.68,13.73,4.63,75.92,2.0,3.29,63.14,-16.56556,-69.04167,3808
Desaguadero,2009-11-18,9.76,16.6,3.95,69.91,7.23,3.82,63.19,-16.56556,-69.04167,3808
Desaguadero,2009-11-19,10.09,16.55,4.14,66.68,1.64,3.36,63.22,-16.56556,-69.04167,3808
Desaguadero,2009-11-20,10.68,18.01,4.98,64.45,9.25,3.17,63.22,-16.56556,-69.04167,3808
Desaguadero,2009-11-21,10.79,16.62,6.88,68.63,0.76,2.08,63.18,-16.56556,-69.04167,3808
Desaguadero,2009-11-22,11.46,18.01,6.61,67.71,0.04,2.28,63.2,-16.56556,-69.04167,3808
Desaguadero,2009-11-23,11.93,18.47,6.57,65.63,0.04,2.26,63.13,-16.56556,-69.04167,3808
Desaguadero,2009-11-24,10.55,16.02,5.76,67.21,1.7,1.66,63.07,-16.56556,-69.04167,3808
Desaguadero,2009-11-25,10.25,17.6,2.99,66.85,0.14,2.45,63.09,-16.56556,-69.04167,3808
Desaguadero,2009-11-26,9.67,14.39,5.96,74.97,4.2,3.03,63.16,-16.56556,-69.04167,3808
Desaguadero,2009-11-27,9.56,13.92,6.1,77.34,9.28,3.14,63.15,-16.56556,-69.04167,3808
Desaguadero,2009-11-28,10.56,16.42,6.35,72.23,21.66,2.64,63.1,-16.56556,-69.04167,3808
Desaguadero,2009-11-29,10.09,14.13,7.5,75.36,9.74,2.7,63.1,-16.56556,-69.04167,3808
Desaguadero,2009-11-30,10.88,17.62,5.95,71.47,2.3,2.03,63.03,-16.56556,-69.04167,3808
Desaguadero,2009-12-01,7.75,13.12,3.38,80.53,4.32,2.95,63.03,-16.56556,-69.04167,3808
Desaguadero,2009-12-02,9.98,17.41,3.3,70.47,0.4,2.52,63.0,-16.56556,-69.04167,3808
Desaguadero,2009-12-03,9.86,15.66,3.32,74.65,1.21,1.78,63.03,-16.56556,-69.04167,3808
Desaguadero,2009-12-04,7.47,12.56,2.63,78.99,3.21,2.71,63.05,-16.56556,-69.04167,3808
Desaguadero,2009-12-05,11.21,20.64,2.8,52.12,0.16,1.46,62.96,-16.56556,-69.04167,3808
Desaguadero,2009-12-06,11.06,20.01,1.5,48.61,0.01,1.75,63.01,-16.56556,-69.04167,3808
Desaguadero,2009-12-07,11.22,19.43,2.11,51.7,0.76,1.27,63.06,-16.56556,-69.04167,3808
Desaguadero,2009-12-08,6.81,11.73,2.24,69.2,1.42,2.07,63.16,-16.56556,-69.04167,3808
Desaguadero,2009-12-09,9.15,16.13,4.1,72.95,1.98,2.82,63.13,-16.56556,-69.04167,3808
Desaguadero,2009-12-10,7.96,12.61,4.74,76.96,15.89,1.93,63.14,-16.56556,-69.04167,3808
Desaguadero,2009-12-11,10.35,17.95,3.95,61.76,2.99,1.46,63.09,-16.56556,-69.04167,3808
Desaguadero,2009-12-12,9.78,19.12,1.76,57.79,0.56,2.65,63.17,-16.56556,-69.04167,3808
Desaguadero,2009-12-13,9.37,14.01,5.21,68.34,0.01,2.25,63.15,-16.56556,-69.04167,3808
Desaguadero,2009-12-14,10.85,19.56,3.33,60.38,0.0,2.9,63.1,-16.56556,-69.04167,3808
Desaguadero,2009-12-15,9.71,18.59,2.17,60.84,0.08,3.17,63.19,-16.56556,-69.04167,3808
Desaguadero,2009-12-16,10.04,16.73,5.1,69.03,0.4,3.01,63.15,-16.56556,-69.04167,3808
Desaguadero,2009-12-17,9.6,16.92,5.01,65.65,0.77,3.51,63.1,-16.56556,-69.04167,3808
Desaguadero,2009-12-18,8.93,16.44,3.5,69.2,3.62,2.95,63.14,-16.56556,-69.04167,3808
Desaguadero,2009-12-19,9.06,15.88,3.16,73.44,5.54,3.54,63.19,-16.56556,-69.04167,3808
Desaguadero,2009-12-20,9.25,15.94,3.4,74.0,18.0,2.13,63.19,-16.56556,-69.04167,3808
Desaguadero,2009-12-21,8.11,15.05,2.13,75.92,9.17,2.28,63.26,-16.56556,-69.04167,3808
Desaguadero,2009-12-22,9.97,16.43,4.31,73.26,2.89,3.08,63.27,-16.56556,-69.04167,3808
Desaguadero,2009-12-23,9.92,14.73,6.1,75.5,10.94,3.24,63.26,-16.56556,-69.04167,3808
Desaguadero,2009-12-24,9.37,14.54,5.74,77.5,5.76,2.61,63.24,-16.56556,-69.04167,3808
Desaguadero,2009-12-25,9.37,14.77,5.59,76.25,5.69,2.6,63.18,-16.56556,-69.04167,3808
Desaguadero,2009-12-26,10.1,15.37,6.28,71.5,3.41,1.52,63.09,-16.56556,-69.04167,3808
Desaguadero,2009-12-27,8.82,16.28,2.31,76.01,26.16,1.82,63.07,-16.56556,-69.04167,3808
Desaguadero,2009-12-28,9.13,17.17,2.02,73.38,5.7,2.29,63.05,-16.56556,-69.04167,3808
Desaguadero,2009-12-29,9.09,16.29,3.73,70.88,5.78,2.55,63.01,-16.56556,-69.04167,3808
Desaguadero,2009-12-30,9.04,16.4,2.59,62.27,0.7,2.39,63.03,-16.56556,-69.04167,3808
Desaguadero,2009-12-31,10.04,17.23,3.67,65.17,0.35,1.44,63.13,-16.56556,-69.04167,3808
Desaguadero,2010-01-01,10.39,17.71,3.54,65.9,0.04,2.16,63.11,-16.56556,-69.04167,3808
Desaguadero,2010-01-02,10.26,15.07,6.74,72.65,3.39,2.71,63.09,-16.56556,-69.04167,3808
Desaguadero,2010-01-03,9.4,14.91,5.54,76.24,10.5,2.08,63.09,-16.56556,-69.04167,3808
Desaguadero,2010-01-04,9.4,14.56,4.62,76.1,3.29,2.68,63.15,-16.56556,-69.04167,3808
Desaguadero,2010-01-05,10.02,17.13,3.4,73.02,0.07,2.84,63.23,-16.56556,-69.04167,3808
Desaguadero,2010-01-06,10.21,16.82,5.08,72.1,0.15,2.69,63.17,-16.56556,-69.04167,3808
Desaguadero,2010-01-07,10.84,17.64,5.29,70.36,3.77,2.58,63.19,-16.56556,-69.04167,3808
Desaguadero,2010-01-08,9.97,14.2,6.61,75.09,1.71,1.9,63.16,-16.56556,-69.04167,3808
Desaguadero,2010-01-09,10.76,17.57,5.69,69.99,1.15,2.5,63.13,-16.56556,-69.04167,3808
Desaguadero,2010-01-10,11.36,18.4,5.51,68.35,0.79,2.31,63.06,-16.56556,-69.04167,3808
Desaguadero,2010-01-11,10.43,15.8,6.43,73.35,0.69,2.08,63.13,-16.56556,-69.04167,3808
Desaguadero,2010-01-12,11.67,18.71,5.69,66.01,0.1,1.54,63.11,-16.56556,-69.04167,3808
Desaguadero,2010-01-13,9.5,15.57,3.23,72.01,1.05,2.07,63.21,-16.56556,-69.04167,3808
Desaguadero,2010-01-14,10.07,14.72,5.9,73.6,1.71,2.73,63.22,-16.56556,-69.04167,3808
Desaguadero,2010-01-15,10.12,16.26,5.62,72.56,2.09,2.51,63.25,-16.56556,-69.04167,3808
Desaguadero,2010-01-16,10.83,17.57,4.88,71.94,13.57,2.54,63.26,-16.56556,-69.04167,3808
Desaguadero,2010-01-17,10.02,16.62,4.51,73.85,3.46,1.88,63.34,-16.56556,-69.04167,3808
Desaguadero,2010-01-18,9.31,13.38,6.19,81.4,10.68,3.14,63.27,-16.56556,-69.04167,3808
Desaguadero,2010-01-19,10.57,17.95,3.92,69.91,11.29,1.48,63.13,-16.56556,-69.04167,3808
Desaguadero,2010-01-20,4.93,7.62,2.5,87.97,13.12,1.59,63.18,-16.56556,-69.04167,3808
Desaguadero,2010-01-21,6.8,12.11,2.35,82.62,3.38,3.48,63.25,-16.56556,-69.04167,3808
Desaguadero,2010-01-22,8.29,13.79,4.03,79.39,6.54,2.92,63.27,-16.56556,-69.04167,3808
Desaguadero,2010-01-23,7.95,13.76,3.34,79.45,7.63,2.56,63.16,-16.56556,-69.04167,3808
Desaguadero,2010-01-24,8.03,15.0,3.36,76.41,10.62,3.3,63.12,-16.56556,-69.04167,3808
Desaguadero,2010-01-25,8.4,14.8,2.76,76.28,22.29,1.89,63.16,-16.56556,-69.04167,3808
Desaguadero,2010-01-26,7.77,13.13,2.42,73.01,8.08,1.72,63.18,-16.56556,-69.04167,3808
Desaguadero,2010-01-27,9.43,16.13,4.44,75.02,5.62,2.7,63.06,-16.56556,-69.04167,3808
Desaguadero,2010-01-28,8.65,13.32,4.51,75.78,1.88,1.96,63.07,-16.56556,-69.04167,3808
Desaguadero,2010-01-29,8.17,15.32,3.91,77.2,4.89,1.57,63.01,-16.56556,-69.04167,3808
Desaguadero,2010-01-30,8.38,13.67,4.1,76.65,2.44,3.22,63.1,-16.56556,-69.04167,3808
Desaguadero,2010-01-31,9.24,14.78,4.36,77.3,2.62,3.43,63.19,-16.56556,-69.04167,3808
Desaguadero,2010-02-01,9.43,14.83,5.89,80.87,19.86,3.43,63.17,-16.56556,-69.04167,3808
Desaguadero,2010-02-02,10.19,15.99,6.07,78.62,5.32,3.11,63.13,-16.56556,-69.04167,3808
Desaguadero,2010-02-03,10.84,18.48,3.01,71.17,1.24,1.96,63.17,-16.56556,-69.04167,3808
Desaguadero,2010-02-04,9.44,15.77,3.58,80.53,8.98,2.0,63.21,-16.56556,-69.04167,3808
Desaguadero,2010-02-05,7.29,14.05,2.24,79.51,19.54,2.25,63.2,-16.56556,-69.04167,3808
Desaguadero,2010-02-06,8.93,16.63,2.12,71.83,5.37,2.9,63.12,-16.56556,-69.04167,3808
Desaguadero,2010-02-07,7.72,15.35,2.56,77.11,4.23,2.44,63.24,-16.56556,-69.04167,3808
Desaguadero,2010-02-08,9.81,13.93,6.61,80.63,4.85,2.03,63.32,-16.56556,-69.04167,3808
Desaguadero,2010-02-09,9.72,13.5,6.14,80.37,0.45,1.42,63.16,-16.56556,-69.04167,3808
Desaguadero,2010-02-10,11.88,19.82,4.67,69.56,0.01,1.95,63.02,-16.56556,-69.04167,3808
Desaguadero,2010-02-11,8.39,16.2,2.78,72.8,1.86,1.56,63.14,-16.56556,-69.04167,3808
Desaguadero,2010-02-12,10.46,17.53,4.5,71.76,0.26,1.98,63.21,-16.56556,-69.04167,3808
Desaguadero,2010-02-13,10.73,17.31,5.51,73.3,8.67,2.08,63.19,-16.56556,-69.04167,3808
Desaguadero,2010-02-14,9.19,14.16,5.32,76.32,2.45,2.0,63.17,-16.56556,-69.04167,3808
Desaguadero,2010-02-15,11.53,18.65,5.1,69.96,0.99,1.14,63.07,-16.56556,-69.04167,3808
Desaguadero,2010-02-16,7.61,13.06,3.03,80.57,0.86,2.61,63.1,-16.56556,-69.04167,3808
Desaguadero,2010-02-17,9.8,15.2,5.26,78.1,15.52,3.82,63.18,-16.56556,-69.04167,3808
Desaguadero,2010-02-18,9.82,15.02,4.15,79.63,7.2,2.88,63.23,-16.56556,-69.04167,3808
Desaguadero,2010-02-19,10.2,16.56,5.79,79.5,11.59,3.16,63.31,-16.56556,-69.04167,3808
Desaguadero,2010-02-20,9.09,14.9,3.42,78.57,7.8,2.49,63.35,-16.56556,-69.04167,3808
Desaguadero,2010-02-21,9.44,14.68,6.08,78.46,1.26,2.73,63.28,-16.56556,-69.04167,3808
Desaguadero,2010-02-22,9.35,15.89,4.46,75.8,13.16,3.06,63.21,-16.56556,-69.04167,3808
Desaguadero,2010-02-23,9.49,15.89,3.62,74.8,3.33,2.2,63.15,-16.56556,-69.04167,3808
Desaguadero,2010-02-24,10.03,14.68,6.46,79.95,0.71,3.27,63.19,-16.56556,-69.04167,3808
Desaguadero,2010-02-25,8.77,13.33,4.63,79.74,1.92,3.4,63.29,-16.56556,-69.04167,3808
Desaguadero,2010-02-26,9.59,16.3,3.99,76.04,9.69,2.43,63.19,-16.56556,-69.04167,3808
Desaguadero,2010-02-27,8.55,13.56,3.81,83.12,6.01,3.42,63.18,-16.56556,-69.04167,3808
Desaguadero,2010-02-28,8.14,13.55,3.44,81.13,8.75,2.6,63.25,-16.56556,-69.04167,3808
Desaguadero,2010-03-01,8.97,15.41,3.37,77.75,6.41,2.39,63.26,-16.56556,-69.04167,3808
Desaguadero,2010-03-02,10.51,16.88,5.68,74.42,1.34,1.64,63.22,-16.56556,-69.04167,3808
Desaguadero,2010-03-03,10.72,16.66,6.65,75.91,2.1,1.91,63.28,-16.56556,-69.04167,3808
Desaguadero,2010-03-04,10.14,16.29,5.31,73.05,0.05,2.24,63.37,-16.56556,-69.04167,3808
Desaguadero,2010-03-05,8.68,15.41,3.8,74.98,2.3,3.31,63.4,-16.56556,-69.04167,3808
Desaguadero,2010-03-06,9.42,17.32,2.69,73.91,0.11,2.34,63.38,-16.56556,-69.04167,3808
Desaguadero,2010-03-07,9.96,17.03,4.68,73.61,0.0,2.16,63.39,-16.56556,-69.04167,3808
Desaguadero,2010-03-08,10.62,18.62,4.35,68.45,0.0,2.01,63.33,-16.56556,-69.04167,3808
Desaguadero,2010-03-09,10.37,17.81,4.75,68.43,0.0,2.13,63.36,-16.56556,-69.04167,3808
Desaguadero,2010-03-10,9.87,18.47,3.33,57.56,0.0,2.22,63.36,-16.56556,-69.04167,3808
Desaguadero,2010-03-11,7.76,13.06,3.18,74.55,0.94,2.52,63.29,-16.56556,-69.04167,3808
Desaguadero,2010-03-12,9.19,16.62,3.03,68.72,0.91,1.69,63.2,-16.56556,-69.04167,3808
Desaguadero,2010-03-13,9.79,17.5,1.77,62.64,5.78,1.48,63.17,-16.56556,-69.04167,3808
Desaguadero,2010-03-14,9.88,18.16,1.25,65.04,0.52,2.33,63.23,-16.56556,-69.04167,3808
Desaguadero,2010-03-15,9.32,14.38,4.94,77.9,2.8,2.78,63.3,-16.56556,-69.04167,3808
Desaguadero,2010-03-16,8.5,14.49,4.19,82.35,3.35,3.26,63.35,-16.56556,-69.04167,3808
Desaguadero,2010-03-17,9.75,16.06,4.98,78.41,0.13,2.39,63.36,-16.56556,-69.04167,3808
Desaguadero,2010-03-18,9.68,16.0,4.12,77.78,0.0,2.48,63.37,-16.56556,-69.04167,3808
Desaguadero,2010-03-19,8.84,16.09,2.75,78.21,0.0,2.4,63.42,-16.56556,-69.04167,3808
Desaguadero,2010-03-20,10.33,16.66,5.34,74.82,0.0,1.71,63.45,-16.56556,-69.04167,3808
Desaguadero,2010-03-21,10.96,17.43,6.6,71.34,0.0,1.25,63.26,-16.56556,-69.04167,3808
Desaguadero,2010-03-22,10.59,17.81,4.82,65.33,1.55,1.23,63.12,-16.56556,-69.04167,3808
Desaguadero,2010-03-23,9.66,16.97,2.48,65.47,0.08,2.03,63.19,-16.56556,-69.04167,3808
Desaguadero,2010-03-24,8.52,14.01,4.99,80.52,1.65,3.55,63.26,-16.56556,-69.04167,3808
Desaguadero,2010-03-25,8.36,15.13,3.49,78.23,0.27,2.93,63.31,-16.56556,-69.04167,3808
Desaguadero,2010-03-26,8.85,16.69,2.59,72.08,0.0,2.75,63.33,-16.56556,-69.04167,3808
Desaguadero,2010-03-27,9.43,17.05,2.98,72.93,0.13,2.86,63.31,-16.56556,-69.04167,3808
Desaguadero,2010-03-28,8.96,15.11,4.38,74.67,2.32,2.44,63.22,-16.56556,-69.04167,3808
Desaguadero,2010-03-29,8.66,15.53,3.48,75.45,2.03,2.43,63.18,-16.56556,-69.04167,3808
Desaguadero,2010-03-30,7.95,14.71,2.27,76.94,3.66,2.78,63.24,-16.56556,-69.04167,3808
Desaguadero,2010-03-31,9.18,16.4,3.68,71.21,2.21,1.16,63.26,-16.56556,-69.04167,3808
Desaguadero,2010-04-01,9.53,16.93,4.31,68.83,0.0,1.95,63.23,-16.56556,-69.04167,3808
Desaguadero,2010-04-02,8.64,16.71,1.78,71.19,1.54,2.08,63.21,-16.56556,-69.04167,3808
Desaguadero,2010-04-03,9.89,17.3,4.31,69.44,0.16,2.19,63.2,-16.56556,-69.04167,3808
Desaguadero,2010-04-04,8.37,14.82,2.88,76.57,1.41,3.2,63.32,-16.56556,-69.04167,3808
Desaguadero,2010-04-05,8.95,15.71,3.94,76.33,0.46,2.78,63.37,-16.56556,-69.04167,3808
Desaguadero,2010-04-06,9.14,16.45,3.75,72.99,0.58,1.97,63.35,-16.56556,-69.04167,3808
Desaguadero,2010-04-07,9.7,17.28,5.05,71.29,0.2,1.94,63.27,-16.56556,-69.04167,3808
Desaguadero,2010-04-08,9.26,17.27,4.24,67.72,0.0,1.89,63.3,-16.56556,-69.04167,3808
Desaguadero,2010-04-09,8.15,16.24,1.8,68.91,0.01,2.28,63.34,-16.56556,-69.04167,3808
Desaguadero,2010-04-10,8.42,17.36,1.25,60.17,0.0,1.4,63.29,-16.56556,-69.04167,3808
Desaguadero,2010-04-11,8.6,17.15,1.91,63.5,0.0,1.77,63.17,-16.56556,-69.04167,3808
Desaguadero,2010-04-12,7.94,14.92,3.35,68.32,0.0,1.64,63.1,-16.56556,-69.04167,3808
Desaguadero,2010-04-13,7.36,14.49,2.99,70.68,0.0,2.22,63.16,-16.56556,-69.04167,3808
Desaguadero,2010-04-14,7.89,14.68,1.95,68.23,0.03,1.54,63.34,-16.56556,-69.04167,3808
Desaguadero,2010-04-15,8.91,15.96,3.88,71.01,0.3,1.38,63.35,-16.56556,-69.04167,3808
Desaguadero,2010-04-16,8.55,15.23,3.21,74.38,0.05,2.49,63.29,-16.56556,-69.04167,3808
Desaguadero,2010-04-17,8.13,14.48,2.57,75.15,0.0,2.52,63.35,-16.56556,-69.04167,3808
Desaguadero,2010-04-18,10.01,16.66,5.39,73.14,0.0,2.12,63.45,-16.56556,-69.04167,3808
Desaguadero,2010-04-19,8.18,14.67,3.32,80.37,7.21,2.15,63.48,-16.56556,-69.04167,3808
Desaguadero,2010-04-20,9.78,16.99,4.56,73.71,0.04,1.78,63.41,-16.56556,-69.04167,3808
Desaguadero,2010-04-21,9.24,16.4,4.83,76.8,3.14,2.9,63.36,-16.56556,-69.04167,3808
Desaguadero,2010-04-22,8.68,14.16,3.9,75.6,1.02,2.66,63.36,-16.56556,-69.04167,3808
Desaguadero,2010-04-23,9.52,14.64,5.2,82.22,0.46,3.87,63.37,-16.56556,-69.04167,3808
Desaguadero,2010-04-24,10.49,17.46,4.5,67.8,0.11,2.41,63.34,-16.56556,-69.04167,3808
Desaguadero,2010-04-25,9.85,17.61,4.39,65.32,0.0,1.62,63.32,-16.56556,-69.04167,3808
Desaguadero,2010-04-26,9.15,17.3,2.36,57.73,0.03,1.85,63.36,-16.56556,-69.04167,3808
Desaguadero,2010-04-27,10.21,17.13,5.73,74.69,0.06,2.63,63.45,-16.56556,-69.04167,3808
Desaguadero,2010-04-28,9.47,15.02,5.52,76.34,0.01,2.27,63.47,-16.56556,-69.04167,3808
Desaguadero,2010-04-29,8.36,14.36,3.51,75.17,0.66,4.09,63.41,-16.56556,-69.04167,3808
Desaguadero,2010-04-30,7.16,12.78,3.59,81.05,1.87,5.24,63.3,-16.56556,-69.04167,3808
Desaguadero,2010-05-01,6.13,12.8,0.43,75.83,2.87,3.25,63.39,-16.56556,-69.04167,3808
Desaguadero,2010-05-02,6.64,16.12,-1.76,63.38,0.82,2.96,63.31,-16.56556,-69.04167,3808
Desaguadero,2010-05-03,5.29,14.9,-3.26,53.65,1.6,2.09,63.29,-16.56556,-69.04167,3808
Desaguadero,2010-05-04,6.7,13.23,2.57,72.2,0.56,1.85,63.27,-16.56556,-69.04167,3808
Desaguadero,2010-05-05,7.78,15.62,2.56,62.01,0.06,1.76,63.2,-16.56556,-69.04167,3808
Desaguadero,2010-05-06,7.5,16.44,0.25,57.49,0.0,1.39,63.25,-16.56556,-69.04167,3808
Desaguadero,2010-05-07,8.85,15.36,4.74,78.2,0.27,2.38,63.35,-16.56556,-69.04167,3808
Desaguadero,2010-05-08,8.73,15.23,4.6,79.28,0.1,2.8,63.42,-16.56556,-69.04167,3808
Desaguadero,2010-05-09,9.06,16.55,2.68,66.62,0.02,1.59,63.38,-16.56556,-69.04167,3808
Desaguadero,2010-05-10,6.26,16.64,-1.86,49.22,0.0,1.82,63.31,-16.56556,-69.04167,3808
Desaguadero,2010-05-11,5.96,15.52,-0.62,56.66,0.0,1.65,63.23,-16.56556,-69.04167,3808
Desaguadero,2010-05-12,6.22,15.64,-0.26,68.76,0.0,1.86,63.2,-16.56556,-69.04167,3808
Desaguadero,2010-05-13,7.17,15.43,2.15,61.74,0.0,1.65,63.2,-16.56556,-69.04167,3808
Desaguadero,2010-05-14,7.18,15.33,0.9,65.71,2.46,2.3,63.22,-16.56556,-69.04167,3808
Desaguadero,2010-05-15,7.17,13.3,1.56,74.18,0.06,4.06,63.24,-16.56556,-69.04167,3808
Desaguadero,2010-05-16,7.24,12.3,3.28,77.0,0.0,4.02,63.23,-16.56556,-69.04167,3808
Desaguadero,2010-05-17,7.82,14.41,3.55,59.74,0.0,2.88,63.24,-16.56556,-69.04167,3808
Desaguadero,2010-05-18,7.62,14.9,1.42,67.77,0.0,2.11,63.31,-16.56556,-69.04167,3808
Desaguadero,2010-05-19,9.3,16.23,4.41,66.92,0.0,1.12,63.32,-16.56556,-69.04167,3808
Desaguadero,2010-05-20,8.59,14.87,4.61,73.58,0.0,1.21,63.33,-16.56556,-69.04167,3808
Desaguadero,2010-05-21,7.75,15.01,1.58,63.69,0.11,1.24,63.34,-16.56556,-69.04167,3808
Desaguadero,2010-05-22,7.27,14.36,1.07,63.69,0.09,1.83,63.19,-16.56556,-69.04167,3808
Desaguadero,2010-05-23,6.36,13.96,0.29,60.02,0.65,2.98,63.01,-16.56556,-69.04167,3808
Desaguadero,2010-05-24,6.4,14.12,0.01,63.46,1.54,2.0,63.04,-16.56556,-69.04167,3808
Desaguadero,2010-05-25,7.22,13.58,3.03,75.88,0.82,2.09,63.15,-16.56556,-69.04167,3808
Desaguadero,2010-05-26,6.23,11.62,2.73,75.32,0.22,1.18,63.3,-16.56556,-69.04167,3808
Desaguadero,2010-05-27,6.29,11.54,3.23,83.3,0.91,3.22,63.43,-16.56556,-69.04167,3808
Desaguadero,2010-05-28,6.62,13.38,1.29,79.65,0.19,3.02,63.38,-16.56556,-69.04167,3808
Desaguadero,2010-05-29,8.4,15.77,3.09,70.2,0.0,1.83,63.32,-16.56556,-69.04167,3808
Desaguadero,2010-05-30,7.43,15.45,1.04,61.44,0.92,2.16,63.45,-16.56556,-69.04167,3808
Desaguadero,2010-05-31,7.12,13.56,2.45,75.21,0.41,1.65,63.47,-16.56556,-69.04167,3808
Desaguadero,2010-06-01,6.33,14.79,-0.16,52.48,0.0,1.79,63.32,-16.56556,-69.04167,3808
Desaguadero,2010-06-02,5.67,13.91,0.24,68.62,0.0,2.36,63.23,-16.56556,-69.04167,3808
Desaguadero,2010-06-03,7.08,15.22,1.49,72.23,0.0,2.14,63.28,-16.56556,-69.04167,3808
Desaguadero,2010-06-04,6.63,13.35,2.54,74.22,0.0,1.86,63.44,-16.56556,-69.04167,3808
Desaguadero,2010-06-05,6.58,12.47,2.88,80.28,0.0,2.32,63.5,-16.56556,-69.04167,3808
Desaguadero,2010-06-06,7.67,14.53,3.31,67.45,0.0,1.54,63.38,-16.56556,-69.04167,3808
Desaguadero,2010-06-07,6.87,14.39,1.74,57.62,0.0,1.54,63.42,-16.56556,-69.04167,3808
Desaguadero,2010-06-08,6.4,13.17,2.11,77.14,0.0,2.07,63.52,-16.56556,-69.04167,3808
Desaguadero,2010-06-09,6.73,14.96,1.56,66.53,0.0,1.08,63.53,-16.56556,-69.04167,3808
Desaguadero,2010-06-10,5.24,13.04,-0.35,73.64,0.0,2.34,63.53,-16.56556,-69.04167,3808
Desaguadero,2010-06-11,4.89,13.95,-0.8,63.98,0.0,1.79,63.51,-16.56556,-69.04167,3808
Desaguadero,2010-06-12,5.63,14.81,0.19,58.73,0.0,1.63,63.44,-16.56556,-69.04167,3808
Desaguadero,2010-06-13,5.67,14.33,-0.1,66.58,0.0,1.76,63.3,-16.56556,-69.04167,3808
Desaguadero,2010-06-14,5.42,14.52,-1.57,64.96,0.0,2.02,63.26,-16.56556,-69.04167,3808
Desaguadero,2010-06-15,6.75,14.74,0.91,72.83,0.09,2.57,63.27,-16.56556,-69.04167,3808
Desaguadero,2010-06-16,8.38,15.49,3.82,68.11,0.1,2.09,63.32,-16.56556,-69.04167,3808
Desaguadero,2010-06-17,8.04,15.33,3.6,70.82,0.88,2.3,63.25,-16.56556,-69.04167,3808
Desaguadero,2010-06-18,7.37,14.74,2.29,64.86,0.39,1.18,63.22,-16.56556,-69.04167,3808
Desaguadero,2010-06-19,6.72,12.6,1.8,70.76,0.0,1.76,63.24,-16.56556,-69.04167,3808
Desaguadero,2010-06-20,7.68,13.2,4.47,78.06,0.45,2.52,63.25,-16.56556,-69.04167,3808
Desaguadero,2010-06-21,7.62,13.58,4.05,79.32,0.08,2.32,63.39,-16.56556,-69.04167,3808
Desaguadero,2010-06-22,7.42,15.04,2.04,77.54,0.44,2.12,63.48,-16.56556,-69.04167,3808
Desaguadero,2010-06-23,6.35,14.52,0.99,69.29,0.0,2.17,63.42,-16.56556,-69.04167,3808
Desaguadero,2010-06-24,7.03,15.84,1.38,70.67,0.0,2.08,63.39,-16.56556,-69.04167,3808
Desaguadero,2010-06-25,5.67,12.78,1.4,71.58,0.14,3.45,63.45,-16.56556,-69.04167,3808
Desaguadero,2010-06-26,6.79,13.21,3.01,79.81,0.02,3.03,63.39,-16.56556,-69.04167,3808
Desaguadero,2010-06-27,7.03,13.81,2.44,77.84,0.0,3.32,63.29,-16.56556,-69.04167,3808
Desaguadero,2010-06-28,5.6,11.55,2.11,78.62,0.0,4.28,63.33,-16.56556,-69.04167,3808
Desaguadero,2010-06-29,6.46,13.92,1.27,68.98,0.0,2.15,63.28,-16.56556,-69.04167,3808
Desaguadero,2010-06-30,5.29,14.04,-1.45,57.73,0.0,2.07,63.33,-16.56556,-69.04167,3808
Desaguadero,2010-07-01,6.22,14.47,0.2,72.85,0.0,1.64,63.32,-16.56556,-69.04167,3808
Desaguadero,2010-07-02,5.96,15.37,-0.96,59.73,0.0,1.49,63.27,-16.56556,-69.04167,3808
Desaguadero,2010-07-03,6.62,15.07,1.61,71.19,0.0,1.88,63.35,-16.56556,-69.04167,3808
Desaguadero,2010-07-04,6.87,15.89,1.23,61.3,0.0,1.6,63.34,-16.56556,-69.04167,3808
Desaguadero,2010-07-05,6.7,15.79,0.42,62.72,0.0,2.09,63.3,-16.56556,-69.04167,3808
Desaguadero,2010-07-06,5.69,15.67,-3.27,51.9,0.08,1.9,63.3,-16.56556,-69.04167,3808
Desaguadero,2010-07-07,5.34,14.78,-2.72,53.24,0.01,1.76,63.21,-16.56556,-69.04167,3808
Desaguadero,2010-07-08,6.94,13.85,3.12,75.41,0.59,2.65,63.2,-16.56556,-69.04167,3808
Desaguadero,2010-07-09,6.74,14.07,1.47,66.99,0.01,2.07,63.23,-16.56556,-69.04167,3808
Desaguadero,2010-07-10,6.12,12.84,0.13,70.89,0.28,1.55,63.25,-16.56556,-69.04167,3808
Desaguadero,2010-07-11,3.43,13.65,-3.79,38.51,0.0,2.2,63.15,-16.56556,-69.04167,3808
Desaguadero,2010-07-12,4.34,15.09,-4.32,45.4,0.0,2.02,63.12,-16.56556,-69.04167,3808
Desaguadero,2010-07-13,5.44,13.78,-0.7,59.56,0.69,2.24,63.17,-16.56556,-69.04167,3808
Desaguadero,2010-07-14,3.85,12.8,-1.84,34.06,0.59,2.18,63.1,-16.56556,-69.04167,3808
Desaguadero,2010-07-15,3.62,12.18,-1.84,45.72,0.4,3.31,63.05,-16.56556,-69.04167,3808
Desaguadero,2010-07-16,1.81,7.12,-1.92,81.54,1.24,3.59,63.09,-16.56556,-69.04167,3808
Desaguadero,2010-07-17,3.21,10.81,-3.14,75.04,1.94,4.4,63.12,-16.56556,-69.04167,3808
Desaguadero,2010-07-18,1.99,12.88,-4.56,39.37,0.0,4.67,63.25,-16.56556,-69.04167,3808
Desaguadero,2010-07-19,2.99,12.29,-4.91,34.17,0.0,2.3,63.3,-16.56556,-69.04167,3808
Desaguadero,2010-07-20,3.78,13.63,-2.61,39.18,0.0,2.49,63.24,-16.56556,-69.04167,3808
Desaguadero,2010-07-21,4.54,14.91,-3.48,43.33,0.0,2.6,63.23,-16.56556,-69.04167,3808
Desaguadero,2010-07-22,5.1,13.9,-1.85,64.81,0.0,2.85,63.32,-16.56556,-69.04167,3808
Desaguadero,2010-07-23,6.33,13.78,1.13,76.31,0.0,3.19,63.39,-16.56556,-69.04167,3808
Desaguadero,2010-07-24,6.94,15.51,0.53,58.32,0.0,2.25,63.37,-16.56556,-69.04167,3808
Desaguadero,2010-07-25,6.3,14.92,-0.09,46.6,0.0,2.19,63.35,-16.56556,-69.04167,3808
Desaguadero,2010-07-26,6.12,12.48,1.84,77.58,0.0,3.26,63.32,-16.56556,-69.04167,3808
Desaguadero,2010-07-27,6.59,14.27,0.97,67.98,0.0,1.64,63.32,-16.56556,-69.04167,3808
Desaguadero,2010-07-28,6.13,15.12,0.11,48.46,0.0,1.56,63.35,-16.56556,-69.04167,3808
Desaguadero,2010-07-29,6.31,14.24,0.4,71.47,0.0,2.35,63.28,-16.56556,-69.04167,3808
Desaguadero,2010-07-30,5.58,14.46,-1.17,56.7,0.0,2.6,63.1,-16.56556,-69.04167,3808
Desaguadero,2010-07-31,4.85,13.75,-0.84,39.63,0.05,3.07,63.09,-16.56556,-69.04167,3808
Desaguadero,2010-08-01,5.01,13.81,-1.74,49.78,0.04,2.49,63.13,-16.56556,-69.04167,3808
Desaguadero,2010-08-02,5.87,12.93,0.38,73.29,0.0,2.32,63.26,-16.56556,-69.04167,3808
Desaguadero,2010-08-03,6.83,13.8,1.68,70.86,0.0,2.28,63.3,-16.56556,-69.04167,3808
Desaguadero,2010-08-04,5.84,16.59,-2.07,50.18,0.0,2.18,63.31,-16.56556,-69.04167,3808
Desaguadero,2010-08-05,6.23,16.23,-0.55,54.09,0.0,1.75,63.39,-16.56556,-69.04167,3808
Desaguadero,2010-08-06,6.69,16.39,0.64,37.03,0.0,1.81,63.39,-16.56556,-69.04167,3808
Desaguadero,2010-08-07,6.5,16.58,-1.2,41.04,0.0,1.48,63.42,-16.56556,-69.04167,3808
Desaguadero,2010-08-08,6.02,16.23,-2.15,42.67,0.0,2.13,63.43,-16.56556,-69.04167,3808
Desaguadero,2010-08-09,3.13,12.79,-3.26,54.89,0.0,2.98,63.39,-16.56556,-69.04167,3808
Desaguadero,2010-08-10,4.08,13.24,-2.93,71.19,0.0,3.32,63.35,-16.56556,-69.04167,3808
Desaguadero,2010-08-11,5.96,14.79,-0.74,65.6,0.0,3.45,63.24,-16.56556,-69.04167,3808
Desaguadero,2010-08-12,5.96,15.62,-2.57,49.65,0.0,2.49,63.31,-16.56556,-69.04167,3808
Desaguadero,2010-08-13,4.94,12.1,-0.28,75.76,0.0,3.17,63.46,-16.56556,-69.04167,3808
Desaguadero,2010-08-14,6.77,16.73,-0.02,66.5,0.0,1.78,63.42,-16.56556,-69.04167,3808
Desaguadero,2010-08-15,6.83,16.46,0.7,64.18,0.0,1.83,63.37,-16.56556,-69.04167,3808
Desaguadero,2010-08-16,6.19,16.71,-2.63,52.9,0.0,2.24,63.32,-16.56556,-69.04167,3808
Desaguadero,2010-08-17,6.74,16.32,0.47,61.8,0.0,2.37,63.37,-16.56556,-69.04167,3808
Desaguadero,2010-08-18,6.75,16.61,0.59,63.38,0.0,2.17,63.4,-16.56556,-69.04167,3808
Desaguadero,2010-08-19,6.53,14.87,1.38,67.93,0.0,3.68,63.3,-16.56556,-69.04167,3808
Desaguadero,2010-08-20,4.82,12.08,-0.47,70.17,0.0,3.5,63.35,-16.56556,-69.04167,3808
Desaguadero,2010-08-21,4.75,13.15,-1.8,72.5,0.0,3.25,63.4,-16.56556,-69.04167,3808
Desaguadero,2010-08-22,7.32,16.25,0.82,67.0,0.0,2.03,63.41,-16.56556,-69.04167,3808
Desaguadero,2010-08-23,7.81,17.2,0.18,62.55,0.0,2.02,63.32,-16.56556,-69.04167,3808
Desaguadero,2010-08-24,8.59,17.78,0.8,60.65,0.0,2.5,63.3,-16.56556,-69.04167,3808
Desaguadero,2010-08-25,9.28,16.79,4.48,70.57,0.0,2.47,63.35,-16.56556,-69.04167,3808
Desaguadero,2010-08-26,8.58,15.49,3.93,72.35,0.0,2.36,63.34,-16.56556,-69.04167,3808
Desaguadero,2010-08-27,8.93,17.47,3.1,64.48,0.0,2.11,63.23,-16.56556,-69.04167,3808
Desaguadero,2010-08-28,8.83,16.38,3.16,67.14,0.0,2.46,63.19,-16.56556,-69.04167,3808
Desaguadero,2010-08-29,8.28,14.32,2.83,71.08,0.0,1.88,63.24,-16.56556,-69.04167,3808
Desaguadero,2010-08-30,6.37,12.7,2.11,74.74,5.05,3.36,63.21,-16.56556,-69.04167,3808
Desaguadero,2010-08-31,5.09,10.38,1.17,74.21,6.22,2.65,63.06,-16.56556,-69.04167,3808
Desaguadero,2010-09-01,5.52,10.45,0.33,83.37,5.93,4.7,63.04,-16.56556,-69.04167,3808
Desaguadero,2010-09-02,7.64,12.47,3.59,79.97,3.78,6.75,63.25,-16.56556,-69.04167,3808
Desaguadero,2010-09-03,8.18,15.19,2.52,71.35,0.53,2.96,63.38,-16.56556,-69.04167,3808
Desaguadero,2010-09-04,6.58,13.9,0.7,66.93,0.0,3.18,63.35,-16.56556,-69.04167,3808
Desaguadero,2010-09-05,7.77,15.79,2.32,68.36,0.07,2.89,63.27,-16.56556,-69.04167,3808
Desaguadero,2010-09-06,7.11,14.93,1.38,72.37,0.0,2.62,63.4,-16.56556,-69.04167,3808
Desaguadero,2010-09-07,8.04,16.53,1.99,66.74,0.0,2.54,63.49,-16.56556,-69.04167,3808
Desaguadero,2010-09-08,7.62,16.04,1.99,64.33,0.0,2.51,63.44,-16.56556,-69.04167,3808
Desaguadero,2010-09-09,6.78,15.87,-0.19,60.26,0.0,2.88,63.34,-16.56556,-69.04167,3808
Desaguadero,2010-09-10,7.11,16.59,-0.33,68.12,0.0,3.23,63.28,-16.56556,-69.04167,3808
Desaguadero,2010-09-11,7.66,16.37,1.84,69.11,0.0,3.62,63.23,-16.56556,-69.04167,3808
Desaguadero,2010-09-12,6.72,13.05,2.26,70.45,3.62,3.54,63.13,-16.56556,-69.04167,3808
Desaguadero,2010-09-13,6.08,15.59,-1.89,36.66,0.22,2.67,63.17,-16.56556,-69.04167,3808
Desaguadero,2010-09-14,6.75,15.74,-0.56,49.05,0.0,1.62,63.35,-16.56556,-69.04167,3808
Desaguadero,2010-09-15,8.17,18.75,0.48,62.55,0.0,3.09,63.37,-16.56556,-69.04167,3808
Desaguadero,2010-09-16,7.86,17.99,0.58,61.31,0.0,2.93,63.37,-16.56556,-69.04167,3808
Desaguadero,2010-09-17,6.67,16.68,-0.49,62.21,0.0,3.49,63.42,-16.56556,-69.04167,3808
Desaguadero,2010-09-18,6.05,14.81,-0.54,67.97,0.0,3.57,63.5,-16.56556,-69.04167,3808
Desaguadero,2010-09-19,6.63,16.11,-1.03,63.27,0.0,2.77,63.43,-16.56556,-69.04167,3808
Desaguadero,2010-09-20,7.52,16.22,1.01,65.49,0.0,2.88,63.27,-16.56556,-69.04167,3808
Desaguadero,2010-09-21,8.42,16.11,2.46,64.32,0.0,1.93,63.19,-16.56556,-69.04167,3808
Desaguadero,2010-09-22,9.47,17.14,3.97,63.6,0.0,2.33,63.17,-16.56556,-69.04167,3808
Desaguadero,2010-09-23,10.08,17.34,4.67,64.97,0.0,1.95,63.2,-16.56556,-69.04167,3808
Desaguadero,2010-09-24,9.69,17.09,4.82,65.99,0.21,2.28,63.19,-16.56556,-69.04167,3808
Desaguadero,2010-09-25,9.78,17.16,4.01,62.84,0.03,2.23,63.18,-16.56556,-69.04167,3808
Desaguadero,2010-09-26,9.51,18.73,0.43,44.76,0.0,2.21,63.15,-16.56556,-69.04167,3808
Desaguadero,2010-09-27,9.93,19.84,1.3,42.5,0.0,1.89,63.09,-16.56556,-69.04167,3808
Desaguadero,2010-09-28,9.89,18.89,1.31,43.29,0.0,2.06,63.06,-16.56556,-69.04167,3808
Desaguadero,2010-09-29,11.28,19.32,5.75,57.61,0.0,2.57,63.04,-16.56556,-69.04167,3808
Desaguadero,2010-09-30,9.53,16.6,4.58,69.79,0.0,3.39,63.12,-16.56556,-69.04167,3808
Desaguadero,2010-10-01,9.58,16.86,3.94,64.61,0.26,2.66,63.11,-16.56556,-69.04167,3808
Desaguadero,2010-10-02,5.06,12.01,2.29,79.34,8.43,3.05,63.1,-16.56556,-69.04167,3808
Desaguadero,2010-10-03,6.84,13.75,-0.49,57.18,0.47,3.17,63.09,-16.56556,-69.04167,3808
Desaguadero,2010-10-04,7.4,17.9,-2.63,39.26,0.0,1.94,63.19,-16.56556,-69.04167,3808
Desaguadero,2010-10-05,8.26,17.23,0.41,59.91,0.0,2.51,63.26,-16.56556,-69.04167,3808
Desaguadero,2010-10-06,9.4,18.59,2.62,49.28,0.0,2.61,63.19,-16.56556,-69.04167,3808
Desaguadero,2010-10-07,8.2,17.14,-0.53,48.05,0.7,3.64,63.27,-16.56556,-69.04167,3808
Desaguadero,2010-10-08,8.85,17.37,4.58,70.28,1.01,3.78,63.3,-16.56556,-69.04167,3808
Desaguadero,2010-10-09,9.24,15.69,4.41,67.94,0.74,3.27,63.34,-16.56556,-69.04167,3808
Desaguadero,2010-10-10,7.79,13.2,3.68,74.89,5.35,5.87,63.29,-16.56556,-69.04167,3808
Desaguadero,2010-10-11,7.3,14.06,2.64,71.81,2.06,6.0,63.24,-16.56556,-69.04167,3808
Desaguadero,2010-10-12,5.97,13.35,1.7,76.51,11.28,3.74,63.27,-16.56556,-69.04167,3808
Desaguadero,2010-10-13,6.81,14.4,1.19,67.42,9.64,2.37,63.22,-16.56556,-69.04167,3808
Desaguadero,2010-10-14,8.19,15.61,3.06,64.45,1.66,2.44,63.23,-16.56556,-69.04167,3808
Desaguadero,2010-10-15,6.81,11.05,2.83,69.7,1.42,2.48,63.29,-16.56556,-69.04167,3808
Desaguadero,2010-10-16,8.6,17.0,2.17,65.71,0.24,3.03,63.31,-16.56556,-69.04167,3808
Desaguadero,2010-10-17,9.12,15.49,3.99,68.53,4.6,2.82,63.32,-16.56556,-69.04167,3808
Desaguadero,2010-10-18,9.12,16.46,2.78,68.84,2.07,2.93,63.23,-16.56556,-69.04167,3808
Desaguadero,2010-10-19,10.02,17.07,5.22,65.63,0.01,2.58,63.19,-16.56556,-69.04167,3808
Desaguadero,2010-10-20,7.19,13.78,3.38,75.45,0.62,2.84,63.21,-16.56556,-69.04167,3808
Desaguadero,2010-10-21,8.16,15.54,2.68,60.19,17.46,2.16,63.11,-16.56556,-69.04167,3808
Desaguadero,2010-10-22,7.93,17.96,1.08,48.55,0.52,2.27,63.12,-16.56556,-69.04167,3808
Desaguadero,2010-10-23,8.88,18.55,-1.95,43.38,0.01,1.7,63.08,-16.56556,-69.04167,3808
Desaguadero,2010-10-24,9.71,18.65,1.83,54.95,0.0,2.58,63.09,-16.56556,-69.04167,3808
Desaguadero,2010-10-25,10.19,18.07,3.34,62.98,0.0,2.83,63.14,-16.56556,-69.04167,3808
Desaguadero,2010-10-26,9.43,16.53,4.38,64.64,0.15,4.18,63.24,-16.56556,-69.04167,3808
Desaguadero,2010-10-27,9.7,16.77,3.91,60.81,0.0,2.49,63.13,-16.56556,-69.04167,3808
Desaguadero,2010-10-28,10.17,19.03,1.34,47.68,0.0,1.69,63.01,-16.56556,-69.04167,3808
Desaguadero,2010-10-29,10.03,20.71,1.77,44.5,0.0,2.1,62.94,-16.56556,-69.04167,3808
Desaguadero,2010-10-30,8.5,17.66,0.8,53.52,2.37,2.53,63.03,-16.56556,-69.04167,3808
Desaguadero,2010-10-31,8.04,13.73,3.18,67.13,2.84,1.65,63.19,-16.56556,-69.04167,3808
Desaguadero,2010-11-01,9.0,18.41,1.27,55.73,0.2,2.29,63.26,-16.56556,-69.04167,3808
Desaguadero,2010-11-02,8.55,17.07,1.15,60.52,0.0,2.37,63.19,-16.56556,-69.04167,3808
Desaguadero,2010-11-03,9.06,17.59,2.42,57.81,0.0,1.88,63.02,-16.56556,-69.04167,3808
Desaguadero,2010-11-04,8.34,18.98,-1.43,34.89,0.0,1.97,62.98,-16.56556,-69.04167,3808
Desaguadero,2010-11-05,9.0,19.16,-1.94,39.34,1.44,2.44,63.14,-16.56556,-69.04167,3808
Desaguadero,2010-11-06,9.61,16.54,4.39,65.72,0.06,3.39,63.22,-16.56556,-69.04167,3808
Desaguadero,2010-11-07,9.14,17.11,3.42,59.05,0.08,2.8,63.11,-16.56556,-69.04167,3808
Desaguadero,2010-11-08,9.72,18.66,0.49,48.37,0.0,1.92,63.01,-16.56556,-69.04167,3808
Desaguadero,2010-11-09,7.76,13.48,1.74,65.86,1.25,3.29,63.11,-16.56556,-69.04167,3808
Desaguadero,2010-11-10,7.95,15.39,1.98,71.94,1.11,3.19,63.21,-16.56556,-69.04167,3808
Desaguadero,2010-11-11,9.55,18.38,3.8,63.86,0.25,3.0,63.25,-16.56556,-69.04167,3808
Desaguadero,2010-11-12,9.22,16.73,3.42,64.31,0.12,2.75,63.29,-16.56556,-69.04167,3808
Desaguadero,2010-11-13,10.13,16.94,5.04,64.21,0.02,2.39,63.24,-16.56556,-69.04167,3808
Desaguadero,2010-11-14,10.39,17.99,4.79,64.7,0.0,2.71,63.16,-16.56556,-69.04167,3808
Desaguadero,2010-11-15,10.92,17.92,5.26,60.0,0.64,2.15,63.11,-16.56556,-69.04167,3808
Desaguadero,2010-11-16,9.46,18.94,2.23,45.2,0.39,1.74,63.03,-16.56556,-69.04167,3808
Desaguadero,2010-11-17,8.77,19.0,-1.74,38.01,0.0,1.66,63.05,-16.56556,-69.04167,3808
Desaguadero,2010-11-18,9.35,18.06,1.53,50.89,0.0,1.62,62.97,-16.56556,-69.04167,3808
Desaguadero,2010-11-19,9.42,18.04,0.62,45.85,0.0,2.22,62.9,-16.56556,-69.04167,3808
Desaguadero,2010-11-20,9.42,17.0,1.96,49.15,0.08,2.13,63.02,-16.56556,-69.04167,3808
Desaguadero,2010-11-21,9.96,19.53,-0.72,44.34,0.0,1.77,63.06,-16.56556,-69.04167,3808
Desaguadero,2010-11-22,10.0,15.15,4.59,62.83,0.04,3.04,63.0,-16.56556,-69.04167,3808
Desaguadero,2010-11-23,9.75,19.53,2.87,53.32,0.43,1.38,62.86,-16.56556,-69.04167,3808
Desaguadero,2010-11-24,6.81,15.16,1.31,66.46,2.05,3.32,62.93,-16.56556,-69.04167,3808
Desaguadero,2010-11-25,8.73,16.31,2.47,67.24,0.09,3.27,63.02,-16.56556,-69.04167,3808
Desaguadero,2010-11-26,9.04,17.5,1.22,62.47,0.03,3.34,63.1,-16.56556,-69.04167,3808
Desaguadero,2010-11-27,10.41,18.55,3.61,60.66,0.0,2.61,63.06,-16.56556,-69.04167,3808
Desaguadero,2010-11-28,11.3,19.39,5.33,59.85,0.53,2.4,63.02,-16.56556,-69.04167,3808
Desaguadero,2010-11-29,10.47,16.78,6.58,64.25,1.05,2.55,63.04,-16.56556,-69.04167,3808
Desaguadero,2010-11-30,11.03,17.65,5.92,61.63,0.24,2.48,63.06,-16.56556,-69.04167,3808
Desaguadero,2010-12-01,11.82,18.63,6.32,61.04,0.0,2.34,63.06,-16.56556,-69.04167,3808
Desaguadero,2010-12-02,12.03,19.26,6.28,60.2,0.0,2.79,63.06,-16.56556,-69.04167,3808
Desaguadero,2010-12-03,11.27,19.46,4.96,59.37,0.0,3.27,63.08,-16.56556,-69.04167,3808
Desaguadero,2010-12-04,9.51,15.34,5.26,71.42,1.4,3.23,63.13,-16.56556,-69.04167,3808
Desaguadero,2010-12-05,8.32,12.3,5.63,73.14,1.18,4.13,63.18,-16.56556,-69.04167,3808
Desaguadero,2010-12-06,10.19,17.5,4.16,64.35,0.34,2.74,63.17,-16.56556,-69.04167,3808
Desaguadero,2010-12-07,7.3,13.52,2.57,74.13,0.04,2.33,63.15,-16.56556,-69.04167,3808
Desaguadero,2010-12-08,9.77,15.56,5.71,72.04,2.37,1.78,63.12,-16.56556,-69.04167,3808
Desaguadero,2010-12-09,9.7,14.2,6.78,70.95,0.03,1.32,63.07,-16.56556,-69.04167,3808
Desaguadero,2010-12-10,10.5,17.48,5.04,59.47,0.0,2.38,62.98,-16.56556,-69.04167,3808
Desaguadero,2010-12-11,9.3,13.24,4.31,74.13,11.96,1.7,63.0,-16.56556,-69.04167,3808
Desaguadero,2010-12-12,10.24,16.06,6.39,69.84,2.75,1.17,62.98,-16.56556,-69.04167,3808
Desaguadero,2010-12-13,9.29,14.83,5.07,71.33,5.39,2.12,62.85,-16.56556,-69.04167,3808
Desaguadero,2010-12-14,10.4,19.28,3.71,53.94,0.3,1.19,62.77,-16.56556,-69.04167,3808
Desaguadero,2010-12-15,9.38,18.7,0.28,53.56,0.4,2.12,62.88,-16.56556,-69.04167,3808
Desaguadero,2010-12-16,10.09,18.33,3.74,60.63,0.07,2.94,62.98,-16.56556,-69.04167,3808
Desaguadero,2010-12-17,10.79,19.23,3.88,56.04,0.0,2.93,62.96,-16.56556,-69.04167,3808
Desaguadero,2010-12-18,10.53,16.86,5.24,66.23,0.0,2.74,62.9,-16.56556,-69.04167,3808
Desaguadero,2010-12-19,10.25,17.92,5.38,61.46,3.98,2.58,62.94,-16.56556,-69.04167,3808
Desaguadero,2010-12-20,9.55,17.11,5.35,66.83,1.29,3.6,63.04,-16.56556,-69.04167,3808
Desaguadero,2010-12-21,7.26,11.53,3.35,74.37,2.31,3.65,63.2,-16.56556,-69.04167,3808
Desaguadero,2010-12-22,9.13,16.22,3.74,73.14,16.48,3.07,63.13,-16.56556,-69.04167,3808
Desaguadero,2010-12-23,8.92,14.04,5.52,76.43,4.92,2.51,63.04,-16.56556,-69.04167,3808
Desaguadero,2010-12-24,7.98,15.36,1.82,73.04,11.2,2.56,63.03,-16.56556,-69.04167,3808
Desaguadero,2010-12-25,8.3,13.35,4.83,78.03,15.54,3.04,63.09,-16.56556,-69.04167,3808
Desaguadero,2010-12-26,8.35,14.84,3.63,75.57,8.58,2.47,63.11,-16.56556,-69.04167,3808
Desaguadero,2010-12-27,9.1,16.39,3.28,72.36,3.81,2.46,63.07,-16.56556,-69.04167,3808
Desaguadero,2010-12-28,9.88,15.92,5.37,72.42,4.35,2.52,63.03,-16.56556,-69.04167,3808
Desaguadero,2010-12-29,9.58,16.64,3.93,74.17,14.71,2.76,62.93,-16.56556,-69.04167,3808
Desaguadero,2010-12-30,6.76,11.18,3.7,81.05,3.19,1.86,62.9,-16.56556,-69.04167,3808
Desaguadero,2010-12-31,7.39,14.59,1.08,69.55,1.7,2.18,62.87,-16.56556,-69.04167,3808
Desaguadero,2011-01-01,9.5,19.17,-0.6,55.05,0.39,2.04,62.92,-16.56556,-69.04167,3808
Desaguadero,2011-01-02,9.36,17.36,1.38,63.31,0.8,2.13,62.88,-16.56556,-69.04167,3808
Desaguadero,2011-01-03,10.67,17.71,4.95,64.21,1.2,1.76,62.85,-16.56556,-69.04167,3808
Desaguadero,2011-01-04,10.0,16.97,5.1,65.54,0.29,1.65,62.92,-16.56556,-69.04167,3808
Desaguadero,2011-01-05,11.13,18.76,5.12,65.58,0.0,3.63,63.0,-16.56556,-69.04167,3808
Desaguadero,2011-01-06,8.36,13.34,4.47,79.88,3.5,3.0,63.05,-16.56556,-69.04167,3808
Desaguadero,2011-01-07,8.81,14.44,5.15,75.09,0.3,2.71,63.05,-16.56556,-69.04167,3808
Desaguadero,2011-01-08,9.39,15.18,4.93,71.9,2.22,2.74,63.1,-16.56556,-69.04167,3808
Desaguadero,2011-01-09,9.46,14.48,5.72,73.23,0.36,3.09,63.14,-16.56556,-69.04167,3808
Desaguadero,2011-01-10,10.03,16.67,4.73,70.87,0.78,2.38,63.11,-16.56556,-69.04167,3808
Desaguadero,2011-01-11,9.25,14.18,5.8,71.87,1.84,2.34,63.04,-16.56556,-69.04167,3808
Desaguadero,2011-01-12,10.25,17.33,4.69,71.71,7.54,2.24,62.97,-16.56556,-69.04167,3808
Desaguadero,2011-01-13,8.25,11.78,4.95,77.62,6.39,1.58,62.98,-16.56556,-69.04167,3808
Desaguadero,2011-01-14,10.01,16.68,4.77,72.09,0.65,1.73,63.05,-16.56556,-69.04167,3808
Desaguadero,2011-01-15,9.83,16.01,3.49,72.8,2.28,2.1,63.09,-16.56556,-69.04167,3808
Desaguadero,2011-01-16,11.3,17.88,6.57,68.7,0.25,1.78,63.02,-16.56556,-69.04167,3808
Desaguadero,2011-01-17,10.72,17.97,3.98,68.59,1.21,1.96,63.1,-16.56556,-69.04167,3808
Desaguadero,2011-01-18,9.91,16.54,3.97,63.75,1.26,2.63,63.1,-16.56556,-69.04167,3808
Desaguadero,2011-01-19,10.6,17.2,5.41,63.59,0.06,1.77,63.04,-16.56556,-69.04167,3808
Desaguadero,2011-01-20,10.67,17.49,5.69,62.49,1.35,2.4,62.97,-16.56556,-69.04167,3808
Desaguadero,2011-01-21,9.1,16.12,5.0,71.96,1.18,2.67,62.96,-16.56556,-69.04167,3808
Desaguadero,2011-01-22,8.45,15.5,3.78,71.12,2.21,3.37,62.94,-16.56556,-69.04167,3808
Desaguadero,2011-01-23,7.25,11.56,3.82,75.18,3.67,3.36,63.05,-16.56556,-69.04167,3808
Desaguadero,2011-01-24,7.36,14.25,1.91,75.19,3.33,4.11,63.05,-16.56556,-69.04167,3808
Desaguadero,2011-01-25,8.58,15.65,2.67,73.58,3.14,3.09,63.05,-16.56556,-69.04167,3808
Desaguadero,2011-01-26,9.06,16.53,3.35,75.16,6.33,2.64,63.05,-16.56556,-69.04167,3808
Desaguadero,2011-01-27,8.65,14.9,4.27,77.47,2.11,3.71,63.04,-16.56556,-69.04167,3808
Desaguadero,2011-01-28,8.65,15.5,3.38,74.86,1.98,3.32,63.13,-16.56556,-69.04167,3808
Desaguadero,2011-01-29,8.28,14.31,3.99,76.23,2.22,3.81,63.26,-16.56556,-69.04167,3808
Desaguadero,2011-01-30,7.92,15.54,3.02,74.74,2.12,3.19,63.26,-16.56556,-69.04167,3808
Desaguadero,2011-01-31,8.38,14.57,3.78,75.98,6.48,2.93,63.15,-16.56556,-69.04167,3808
Desaguadero,2011-02-01,8.46,14.28,4.24,78.24,3.64,3.54,63.18,-16.56556,-69.04167,3808
Desaguadero,2011-02-02,8.42,14.31,3.64,79.17,1.71,3.14,63.23,-16.56556,-69.04167,3808
Desaguadero,2011-02-03,9.51,14.85,4.67,76.1,1.73,2.09,63.13,-16.56556,-69.04167,3808
Desaguadero,2011-02-04,9.11,13.5,6.02,80.49,5.61,2.49,63.0,-16.56556,-69.04167,3808
Desaguadero,2011-02-05,7.43,12.29,4.25,85.18,3.89,3.21,62.98,-16.56556,-69.04167,3808
Desaguadero,2011-02-06,8.51,14.35,4.42,77.22,2.33,3.74,63.08,-16.56556,-69.04167,3808
Desaguadero,2011-02-07,9.36,16.02,3.73,74.81,9.54,2.77,63.14,-16.56556,-69.04167,3808
Desaguadero,2011-02-08,7.97,12.04,5.35,82.54,15.51,3.4,63.13,-16.56556,-69.04167,3808
Desaguadero,2011-02-09,7.38,13.21,1.9,81.58,9.81,2.6,63.07,-16.56556,-69.04167,3808
Desaguadero,2011-02-10,5.51,9.41,1.55,87.06,10.18,3.01,62.97,-16.56556,-69.04167,3808
Desaguadero,2011-02-11,8.36,14.78,3.73,75.33,6.47,1.74,63.0,-16.56556,-69.04167,3808
Desaguadero,2011-02-12,9.27,18.25,2.48,64.99,0.51,1.86,63.09,-16.56556,-69.04167,3808
Desaguadero,2011-02-13,8.5,15.25,1.95,72.23,1.84,3.01,63.11,-16.56556,-69.04167,3808
Desaguadero,2011-02-14,6.81,9.3,2.86,84.29,4.0,4.08,63.22,-16.56556,-69.04167,3808
Desaguadero,2011-02-15,7.89,15.21,1.29,73.73,1.23,2.86,63.17,-16.56556,-69.04167,3808
Desaguadero,2011-02-16,9.14,16.28,3.37,73.29,1.44,2.11,63.14,-16.56556,-69.04167,3808
Desaguadero,2011-02-17,9.42,16.48,4.42,73.26,4.39,3.17,63.15,-16.56556,-69.04167,3808
Desaguadero,2011-02-18,7.98,13.12,3.66,78.01,3.5,3.19,63.14,-16.56556,-69.04167,3808
Desaguadero,2011-02-19,7.66,13.66,3.21,78.31,3.89,3.28,63.04,-16.56556,-69.04167,3808
Desaguadero,2011-02-20,7.71,13.99,3.1,78.03,6.25,3.33,63.03,-16.56556,-69.04167,3808
Desaguadero,2011-02-21,7.73,13.86,3.23,78.0,2.94,3.38,63.09,-16.56556,-69.04167,3808
Desaguadero,2011-02-22,7.96,15.48,3.22,78.27,3.52,3.13,63.07,-16.56556,-69.04167,3808
Desaguadero,2011-02-23,8.53,14.54,4.6,76.83,7.57,2.1,62.94,-16.56556,-69.04167,3808
Desaguadero,2011-02-24,6.94,13.47,1.97,79.14,6.84,2.12,62.93,-16.56556,-69.04167,3808
Desaguadero,2011-02-25,7.95,14.72,1.35,75.62,18.01,3.31,63.05,-16.56556,-69.04167,3808
Desaguadero,2011-02-26,7.27,13.64,3.09,82.86,15.49,3.23,63.11,-16.56556,-69.04167,3808
Desaguadero,2011-02-27,6.56,12.08,2.46,82.43,5.3,2.0,63.15,-16.56556,-69.04167,3808
Desaguadero,2011-02-28,8.49,15.95,2.32,75.82,2.22,1.5,63.08,-16.56556,-69.04167,3808
Desaguadero,2011-03-01,7.75,14.98,1.7,73.18,2.56,1.93,63.03,-16.56556,-69.04167,3808
Desaguadero,2011-03-02,8.06,15.63,1.42,67.77,1.3,1.27,62.98,-16.56556,-69.04167,3808
Desaguadero,2011-03-03,7.53,14.56,1.83,73.85,0.11,2.66,63.04,-16.56556,-69.04167,3808
Desaguadero,2011-03-04,7.87,14.91,1.89,74.96,1.1,2.97,63.1,-16.56556,-69.04167,3808
Desaguadero,2011-03-05,7.28,13.98,1.88,76.97,3.66,2.95,63.09,-16.56556,-69.04167,3808
Desaguadero,2011-03-06,8.02,14.49,2.55,76.36,3.75,2.28,62.99,-16.56556,-69.04167,3808
Desaguadero,2011-03-07,8.04,15.21,2.14,76.85,7.08,2.42,62.98,-16.56556,-69.04167,3808
Desaguadero,2011-03-08,7.65,14.32,3.35,79.52,4.35,4.09,63.07,-16.56556,-69.04167,3808
Desaguadero,2011-03-09,7.79,15.63,2.85,77.95,3.41,2.3,63.1,-16.56556,-69.04167,3808
Desaguadero,2011-03-10,8.42,16.27,1.44,68.4,2.8,2.37,63.07,-16.56556,-69.04167,3808
Desaguadero,2011-03-11,9.01,16.05,4.05,72.33,0.79,2.15,63.05,-16.56556,-69.04167,3808
Desaguadero,2011-03-12,9.0,16.48,4.19,70.85,0.0,2.64,63.09,-16.56556,-69.04167,3808
Desaguadero,2011-03-13,7.04,13.36,3.52,81.45,3.56,2.5,63.09,-16.56556,-69.04167,3808
Desaguadero,2011-03-14,6.78,14.68,2.46,79.52,1.44,2.13,63.06,-16.56556,-69.04167,3808
Desaguadero,2011-03-15,7.7,14.65,2.68,75.9,1.02,2.23,63.12,-16.56556,-69.04167,3808
Desaguadero,2011-03-16,7.84,14.48,2.17,76.87,0.24,2.3,63.18,-16.56556,-69.04167,3808
Desaguadero,2011-03-17,8.68,15.34,3.49,77.9,1.44,2.68,63.17,-16.56556,-69.04167,3808
Desaguadero,2011-03-18,8.46,13.48,4.85,81.95,2.69,3.06,63.21,-16.56556,-69.04167,3808
Desaguadero,2011-03-19,7.33,12.34,3.45,81.73,5.27,2.88,63.22,-16.56556,-69.04167,3808
Desaguadero,2011-03-20,8.02,15.43,2.37,77.61,1.05,2.45,63.19,-16.56556,-69.04167,3808
Desaguadero,2011-03-21,8.25,15.61,2.75,79.28,9.18,2.53,63.1,-16.56556,-69.04167,3808
Desaguadero,2011-03-22,8.06,15.22,2.44,77.27,2.25,2.03,63.06,-16.56556,-69.04167,3808
Desaguadero,2011-03-23,9.37,16.58,4.28,74.52,0.4,2.21,63.11,-16.56556,-69.04167,3808
Desaguadero,2011-03-24,8.63,15.54,3.6,74.46,0.28,3.09,63.23,-16.56556,-69.04167,3808
Desaguadero,2011-03-25,8.52,15.98,2.53,73.3,0.0,2.3,63.2,-16.56556,-69.04167,3808
Desaguadero,2011-03-26,9.77,16.14,4.95,72.91,0.42,2.43,63.12,-16.56556,-69.04167,3808
Desaguadero,2011-03-27,8.6,13.78,4.0,80.53,4.72,3.4,63.11,-16.56556,-69.04167,3808
Desaguadero,2011-03-28,8.18,15.6,2.11,77.67,2.57,2.33,63.19,-16.56556,-69.04167,3808
Desaguadero,2011-03-29,6.44,10.04,3.38,86.12,3.08,1.96,63.32,-16.56556,-69.04167,3808
Desaguadero,2011-03-30,8.89,16.17,4.14,75.7,0.05,2.41,63.3,-16.56556,-69.04167,3808
Desaguadero,2011-03-31,9.15,16.06,3.93,76.22,0.0,2.43,63.24,-16.56556,-69.04167,3808
Desaguadero,2011-04-01,9.37,16.37,4.24,74.95,0.0,2.23,63.2,-16.56556,-69.04167,3808
Desaguadero,2011-04-02,8.89,13.96,5.31,78.72,3.06,1.47,63.2,-16.56556,-69.04167,3808
Desaguadero,2011-04-03,8.47,13.53,5.21,78.95,2.17,1.52,63.13,-16.56556,-69.04167,3808
Desaguadero,2011-04-04,8.85,15.75,4.0,74.03,3.11,2.09,63.14,-16.56556,-69.04167,3808
Desaguadero,2011-04-05,7.25,14.99,3.08,77.66,1.03,2.45,63.23,-16.56556,-69.04167,3808
Desaguadero,2011-04-06,6.16,10.22,3.11,81.74,1.28,3.49,63.34,-16.56556,-69.04167,3808
Desaguadero,2011-04-07,7.48,14.97,2.39,76.52,0.05,2.71,63.28,-16.56556,-69.04167,3808
Desaguadero,2011-04-08,7.4,14.2,3.21,77.31,0.85,4.42,63.31,-16.56556,-69.04167,3808
Desaguadero,2011-04-09,6.49,14.22,1.46,76.74,0.35,3.09,63.43,-16.56556,-69.04167,3808
Desaguadero,2011-04-10,8.12,16.84,1.14,65.47,0.0,1.56,63.28,-16.56556,-69.04167,3808
Desaguadero,2011-04-11,8.91,15.99,3.51,68.92,0.0,1.57,63.13,-16.56556,-69.04167,3808
Desaguadero,2011-04-12,8.35,17.11,1.51,65.71,0.21,1.36,63.1,-16.56556,-69.04167,3808
Desaguadero,2011-04-13,8.01,17.69,-1.36,55.04,0.01,1.72,63.11,-16.56556,-69.04167,3808
Desaguadero,2011-04-14,7.15,15.28,0.51,65.23,0.0,2.33,63.24,-16.56556,-69.04167,3808
Desaguadero,2011-04-15,6.96,14.69,1.56,72.23,0.91,2.92,63.3,-16.56556,-69.04167,3808
Desaguadero,2011-04-16,6.5,13.9,1.52,75.07,0.13,2.62,63.29,-16.56556,-69.04167,3808
Desaguadero,2011-04-17,7.33,15.26,0.87,74.58,0.01,2.31,63.28,-16.56556,-69.04167,3808
Desaguadero,2011-04-18,7.38,14.24,2.57,76.2,0.0,2.98,63.38,-16.56556,-69.04167,3808
Desaguadero,2011-04-19,7.41,15.77,1.11,69.65,0.06,2.08,63.38,-16.56556,-69.04167,3808
Desaguadero,2011-04-20,8.69,16.97,2.02,69.18,0.0,1.67,63.21,-16.56556,-69.04167,3808
Desaguadero,2011-04-21,8.9,16.0,3.45,72.29,0.0,1.97,63.2,-16.56556,-69.04167,3808
Desaguadero,2011-04-22,8.23,16.54,2.12,64.18,0.0,1.79,63.24,-16.56556,-69.04167,3808
Desaguadero,2011-04-23,8.2,16.69,2.43,72.09,1.09,2.46,63.32,-16.56556,-69.04167,3808
Desaguadero,2011-04-24,5.76,11.95,2.12,85.5,1.86,2.05,63.29,-16.56556,-69.04167,3808
Desaguadero,2011-04-25,5.26,7.85,2.38,89.32,0.31,2.14,63.3,-16.56556,-69.04167,3808
Desaguadero,2011-04-26,6.73,14.95,1.09,71.52,0.0,2.35,63.33,-16.56556,-69.04167,3808
Desaguadero,2011-04-27,7.38,15.49,1.31,71.02,0.0,1.96,63.37,-16.56556,-69.04167,3808
Desaguadero,2011-04-28,8.15,16.01,1.15,64.48,0.22,1.56,63.26,-16.56556,-69.04167,3808
Desaguadero,2011-04-29,6.13,15.64,-3.08,45.69,0.24,1.7,63.14,-16.56556,-69.04167,3808
Desaguadero,2011-04-30,7.19,13.63,2.69,67.74,0.36,1.65,63.07,-16.56556,-69.04167,3808
Desaguadero,2011-05-01,6.35,13.03,2.1,74.1,0.66,2.61,63.15,-16.56556,-69.04167,3808
Desaguadero,2011-05-02,6.48,12.85,2.28,78.49,1.25,2.16,63.23,-16.56556,-69.04167,3808
Desaguadero,2011-05-03,8.35,16.17,2.51,68.74,0.05,2.03,63.24,-16.56556,-69.04167,3808
Desaguadero,2011-05-04,7.99,14.48,4.09,70.01,0.2,1.84,63.26,-16.56556,-69.04167,3808
Desaguadero,2011-05-05,7.2,14.21,1.54,73.89,0.01,2.52,63.29,-16.56556,-69.04167,3808
Desaguadero,2011-05-06,5.42,13.91,-0.58,59.53,0.0,3.22,63.43,-16.56556,-69.04167,3808
Desaguadero,2011-05-07,5.06,12.93,-2.18,64.57,0.0,2.65,63.48,-16.56556,-69.04167,3808
Desaguadero,2011-05-08,7.41,15.16,0.39,55.29,0.0,2.1,63.41,-16.56556,-69.04167,3808
Desaguadero,2011-05-09,5.5,14.07,-1.48,72.01,0.03,2.3,63.32,-16.56556,-69.04167,3808
Desaguadero,2011-05-10,6.01,11.66,0.49,73.45,0.48,1.84,63.3,-16.56556,-69.04167,3808
Desaguadero,2011-05-11,6.42,12.9,2.14,76.67,0.24,1.78,63.26,-16.56556,-69.04167,3808
Desaguadero,2011-05-12,6.92,14.76,0.33,68.75,0.55,1.54,63.28,-16.56556,-69.04167,3808
Desaguadero,2011-05-13,8.0,16.0,2.54,63.21,0.01,1.03,63.22,-16.56556,-69.04167,3808
Desaguadero,2011-05-14,6.3,14.25,-0.05,66.67,0.0,1.3,63.26,-16.56556,-69.04167,3808
Desaguadero,2011-05-15,7.2,14.79,2.08,71.53,0.0,1.63,63.26,-16.56556,-69.04167,3808
Desaguadero,2011-05-16,7.02,14.69,1.81,68.68,0.0,1.82,63.19,-16.56556,-69.04167,3808
Desaguadero,2011-05-17,5.61,14.67,-0.96,51.37,0.0,1.49,63.07,-16.56556,-69.04167,3808
Desaguadero,2011-05-18,4.92,13.65,-2.54,48.02,0.0,1.77,63.12,-16.56556,-69.04167,3808
Desaguadero,2011-05-19,5.13,14.52,-1.12,50.66,0.0,1.6,63.14,-16.56556,-69.04167,3808
Desaguadero,2011-05-20,5.8,14.81,-1.41,44.14,0.0,1.54,63.18,-16.56556,-69.04167,3808
Desaguadero,2011-05-21,6.36,13.47,0.8,57.35,0.0,1.86,63.26,-16.56556,-69.04167,3808
Desaguadero,2011-05-22,7.14,12.96,3.16,80.69,0.0,2.83,63.31,-16.56556,-69.04167,3808
Desaguadero,2011-05-23,6.41,12.88,1.92,75.49,0.0,3.04,63.37,-16.56556,-69.04167,3808
Desaguadero,2011-05-24,7.94,15.37,1.36,72.39,0.0,1.99,63.29,-16.56556,-69.04167,3808
Desaguadero,2011-05-25,6.97,15.02,0.21,70.18,2.45,2.23,63.42,-16.56556,-69.04167,3808
Desaguadero,2011-05-26,5.96,10.76,3.04,84.51,2.77,1.97,63.51,-16.56556,-69.04167,3808
Desaguadero,2011-05-27,7.76,16.26,2.25,72.15,0.02,1.75,63.42,-16.56556,-69.04167,3808
Desaguadero,2011-05-28,6.88,15.59,1.04,66.98,0.0,1.9,63.34,-16.56556,-69.04167,3808
Desaguadero,2011-05-29,6.34,15.6,-0.08,63.22,0.0,1.91,63.38,-16.56556,-69.04167,3808
Desaguadero,2011-05-30,6.9,15.77,-0.41,49.77,0.0,1.29,63.39,-16.56556,-69.04167,3808
Desaguadero,2011-05-31,6.49,15.95,-0.62,53.29,0.0,2.01,63.4,-16.56556,-69.04167,3808
Desaguadero,2011-06-01,6.25,15.24,-1.31,56.78,0.0,1.6,63.33,-16.56556,-69.04167,3808
Desaguadero,2011-06-02,6.25,15.41,-1.06,53.27,0.0,1.86,63.24,-16.56556,-69.04167,3808
Desaguadero,2011-06-03,6.13,14.41,-1.75,62.27,0.0,1.88,63.33,-16.56556,-69.04167,3808
Desaguadero,2011-06-04,5.59,10.84,1.77,77.6,0.0,2.1,63.43,-16.56556,-69.04167,3808
Desaguadero,2011-06-05,6.68,14.87,0.59,66.24,0.0,2.04,63.24,-16.56556,-69.04167,3808
Desaguadero,2011-06-06,4.22,14.6,-3.6,54.12,0.0,3.05,63.17,-16.56556,-69.04167,3808
Desaguadero,2011-06-07,3.89,13.36,-3.13,47.69,0.03,1.89,63.3,-16.56556,-69.04167,3808
Desaguadero,2011-06-08,4.58,14.64,-3.03,49.75,0.1,2.57,63.26,-16.56556,-69.04167,3808
Desaguadero,2011-06-09,3.35,13.21,-4.44,44.91,0.7,1.83,63.31,-16.56556,-69.04167,3808
Desaguadero,2011-06-10,5.31,13.13,-0.84,75.72,1.03,2.33,63.37,-16.56556,-69.04167,3808
Desaguadero,2011-06-11,6.44,14.67,1.75,69.91,0.0,1.5,63.31,-16.56556,-69.04167,3808
Desaguadero,2011-06-12,6.52,15.33,0.45,66.85,0.0,1.61,63.28,-16.56556,-69.04167,3808
Desaguadero,2011-06-13,4.71,11.55,-0.29,77.68,0.46,2.69,63.41,-16.56556,-69.04167,3808
Desaguadero,2011-06-14,5.3,13.07,-0.49,67.68,0.06,1.68,63.26,-16.56556,-69.04167,3808
Desaguadero,2011-06-15,5.35,13.33,-0.83,57.93,0.0,1.87,63.14,-16.56556,-69.04167,3808
Desaguadero,2011-06-16,5.58,12.82,-0.16,68.09,0.06,1.68,63.14,-16.56556,-69.04167,3808
Desaguadero,2011-06-17,5.1,12.51,-0.72,65.79,0.0,1.47,63.27,-16.56556,-69.04167,3808
Desaguadero,2011-06-18,5.41,12.06,-0.61,74.04,0.2,2.09,63.25,-16.56556,-69.04167,3808
Desaguadero,2011-06-19,7.16,12.78,3.04,74.08,0.04,2.85,63.13,-16.56556,-69.04167,3808
Desaguadero,2011-06-20,7.53,14.0,1.9,75.7,0.25,2.98,63.13,-16.56556,-69.04167,3808
Desaguadero,2011-06-21,7.66,13.48,3.91,78.54,0.1,3.22,63.21,-16.56556,-69.04167,3808
Desaguadero,2011-06-22,7.36,12.6,4.03,80.18,0.09,2.9,63.31,-16.56556,-69.04167,3808
Desaguadero,2011-06-23,6.98,14.58,1.66,70.43,0.21,1.75,63.35,-16.56556,-69.04167,3808
Desaguadero,2011-06-24,7.67,15.18,3.06,72.38,0.1,1.7,63.24,-16.56556,-69.04167,3808
Desaguadero,2011-06-25,6.56,13.69,1.84,74.79,0.19,2.16,63.32,-16.56556,-69.04167,3808
Desaguadero,2011-06-26,7.29,15.27,1.78,67.89,0.01,1.97,63.25,-16.56556,-69.04167,3808
Desaguadero,2011-06-27,5.94,15.81,-1.23,45.51,0.0,2.53,63.08,-16.56556,-69.04167,3808
Desaguadero,2011-06-28,5.36,13.67,-0.61,49.6,0.0,3.43,62.92,-16.56556,-69.04167,3808
Desaguadero,2011-06-29,3.84,11.23,-1.02,53.4,1.07,3.24,62.92,-16.56556,-69.04167,3808
Desaguadero,2011-06-30,2.18,8.84,-2.6,56.29,0.03,3.54,62.97,-16.56556,-69.04167,3808
Desaguadero,2011-07-01,1.41,5.85,-2.37,71.09,2.62,2.4,63.1,-16.56556,-69.04167,3808
Desaguadero,2011-07-02,2.45,8.26,-1.05,82.54,2.59,2.08,63.15,-16.56556,-69.04167,3808
Desaguadero,2011-07-03,3.58,10.07,-0.57,81.98,0.41,3.25,63.17,-16.56556,-69.04167,3808
Desaguadero,2011-07-04,5.06,11.79,-0.43,75.58,0.01,2.65,63.15,-16.56556,-69.04167,3808
Desaguadero,2011-07-05,5.23,12.79,-0.43,76.47,0.1,2.34,63.22,-16.56556,-69.04167,3808
Desaguadero,2011-07-06,5.33,11.86,1.19,78.55,0.02,3.19,63.24,-16.56556,-69.04167,3808
Desaguadero,2011-07-07,4.2,9.63,0.88,77.35,0.0,4.81,63.2,-16.56556,-69.04167,3808
Desaguadero,2011-07-08,4.46,11.14,-2.27,73.99,0.0,4.59,63.13,-16.56556,-69.04167,3808
Desaguadero,2011-07-09,5.0,13.39,-0.98,64.29,0.0,2.76,63.13,-16.56556,-69.04167,3808
Desaguadero,2011-07-10,4.77,13.05,-1.41,59.12,0.0,1.75,63.3,-16.56556,-69.04167,3808
Desaguadero,2011-07-11,5.95,14.06,-0.41,56.75,0.0,0.99,63.38,-16.56556,-69.04167,3808
Desaguadero,2011-07-12,5.46,15.07,-2.45,50.07,0.0,1.55,63.33,-16.56556,-69.04167,3808
Desaguadero,2011-07-13,7.03,14.47,2.18,75.97,0.0,2.35,63.25,-16.56556,-69.04167,3808
Desaguadero,2011-07-14,7.74,15.38,2.23,68.08,0.0,2.39,63.1,-16.56556,-69.04167,3808
Desaguadero,2011-07-15,7.04,14.78,1.52,61.25,0.12,2.2,63.12,-16.56556,-69.04167,3808
Desaguadero,2011-07-16,6.17,13.86,0.42,58.61,0.15,2.29,63.17,-16.56556,-69.04167,3808
Desaguadero,2011-07-17,6.1,13.13,-0.54,64.52,0.38,1.78,63.22,-16.56556,-69.04167,3808
Desaguadero,2011-07-18,4.69,13.62,-2.59,46.61,0.0,1.93,63.25,-16.56556,-69.04167,3808
Desaguadero,2011-07-19,5.57,11.74,1.62,81.65,1.96,4.18,63.13,-16.56556,-69.04167,3808
Desaguadero,2011-07-20,5.87,13.78,-0.03,64.63,0.14,2.98,63.15,-16.56556,-69.04167,3808
Desaguadero,2011-07-21,5.79,12.75,0.3,60.74,0.34,2.84,63.23,-16.56556,-69.04167,3808
Desaguadero,2011-07-22,5.87,12.96,0.88,72.78,0.16,2.44,63.32,-16.56556,-69.04167,3808
Desaguadero,2011-07-23,5.82,14.2,-0.08,71.17,0.0,1.72,63.42,-16.56556,-69.04167,3808
Desaguadero,2011-07-24,5.95,14.28,0.83,66.71,0.0,1.78,63.41,-16.56556,-69.04167,3808
Desaguadero,2011-07-25,6.15,14.99,-1.08,52.52,0.0,1.61,63.23,-16.56556,-69.04167,3808
Desaguadero,2011-07-26,5.32,13.54,-1.45,56.59,0.0,2.45,63.19,-16.56556,-69.04167,3808
Desaguadero,2011-07-27,5.33,13.44,-1.44,59.44,0.0,1.79,63.2,-16.56556,-69.04167,3808
Desaguadero,2011-07-28,4.56,13.98,-3.58,43.9,0.0,1.96,63.07,-16.56556,-69.04167,3808
Desaguadero,2011-07-29,4.62,14.19,-2.6,35.6,0.04,2.55,62.95,-16.56556,-69.04167,3808
Desaguadero,2011-07-30,5.05,13.01,-1.66,40.06,0.65,2.38,62.95,-16.56556,-69.04167,3808
Desaguadero,2011-07-31,4.81,13.66,-2.34,46.61,0.73,3.42,63.04,-16.56556,-69.04167,3808
Desaguadero,2011-08-01,4.19,13.36,-3.36,35.03,0.1,2.82,63.17,-16.56556,-69.04167,3808
Desaguadero,2011-08-02,5.72,15.14,-0.64,39.37,0.06,2.62,63.13,-16.56556,-69.04167,3808
Desaguadero,2011-08-03,5.12,14.03,-1.65,43.81,0.65,2.56,63.21,-16.56556,-69.04167,3808
Desaguadero,2011-08-04,5.74,12.88,0.67,74.38,0.25,2.2,63.26,-16.56556,-69.04167,3808
Desaguadero,2011-08-05,6.22,12.95,0.95,55.39,0.08,2.08,63.37,-16.56556,-69.04167,3808
Desaguadero,2011-08-06,6.01,14.65,0.05,60.45,0.0,2.42,63.36,-16.56556,-69.04167,3808
Desaguadero,2011-08-07,6.76,15.01,1.11,70.93,0.08,2.6,63.37,-16.56556,-69.04167,3808
Desaguadero,2011-08-08,8.01,15.62,3.09,66.3,0.02,1.27,63.41,-16.56556,-69.04167,3808
Desaguadero,2011-08-09,5.5,10.13,2.45,74.93,0.0,1.83,63.5,-16.56556,-69.04167,3808
Desaguadero,2011-08-10,6.39,15.23,0.4,65.34,0.0,2.03,63.42,-16.56556,-69.04167,3808
Desaguadero,2011-08-11,5.5,14.4,-0.89,64.85,0.0,2.23,63.33,-16.56556,-69.04167,3808
Desaguadero,2011-08-12,6.3,14.22,0.02,61.56,0.0,2.02,63.21,-16.56556,-69.04167,3808
Desaguadero,2011-08-13,6.94,14.22,2.06,60.23,0.0,1.71,63.19,-16.56556,-69.04167,3808
Desaguadero,2011-08-14,5.52,10.85,1.55,77.82,0.0,3.11,63.18,-16.56556,-69.04167,3808
Desaguadero,2011-08-15,6.75,13.6,0.74,69.61,0.0,2.77,63.15,-16.56556,-69.04167,3808
Desaguadero,2011-08-16,6.43,15.04,-1.52,63.11,0.0,2.12,63.2,-16.56556,-69.04167,3808
Desaguadero,2011-08-17,8.71,15.4,3.94,72.2,0.0,2.19,63.16,-16.56556,-69.04167,3808
Desaguadero,2011-08-18,8.13,16.48,1.99,55.84,0.0,2.05,63.07,-16.56556,-69.04167,3808
Desaguadero,2011-08-19,7.49,16.39,-0.53,53.03,0.1,2.75,63.07,-16.56556,-69.04167,3808
Desaguadero,2011-08-20,8.01,14.07,4.85,74.77,0.53,3.96,63.15,-16.56556,-69.04167,3808
Desaguadero,2011-08-21,7.97,15.54,2.22,65.42,0.02,2.71,63.15,-16.56556,-69.04167,3808
Desaguadero,2011-08-22,6.33,15.94,-1.11,43.36,0.0,2.75,63.13,-16.56556,-69.04167,3808
Desaguadero,2011-08-23,5.46,14.23,-0.46,51.01,0.0,2.6,63.16,-16.56556,-69.04167,3808
Desaguadero,2011-08-24,6.69,14.94,-0.21,58.56,0.0,2.49,63.21,-16.56556,-69.04167,3808
Desaguadero,2011-08-25,6.58,15.95,-0.79,50.22,0.0,3.02,63.41,-16.56556,-69.04167,3808
Desaguadero,2011-08-26,7.59,14.59,1.09,66.39,0.0,2.39,63.43,-16.56556,-69.04167,3808
Desaguadero,2011-08-27,7.9,16.7,0.33,56.42,0.0,2.18,63.29,-16.56556,-69.04167,3808
Desaguadero,2011-08-28,8.48,15.43,2.86,66.8,0.0,2.47,63.26,-16.56556,-69.04167,3808
Desaguadero,2011-08-29,8.8,15.62,3.87,69.65,0.0,2.81,63.25,-16.56556,-69.04167,3808
Desaguadero,2011-08-30,7.61,14.01,3.1,72.42,0.1,2.33,63.37,-16.56556,-69.04167,3808
Desaguadero,2011-08-31,7.87,15.05,3.58,71.22,0.25,3.23,63.5,-16.56556,-69.04167,3808
Desaguadero,2011-09-01,6.99,16.48,-0.4,64.44,0.0,2.89,63.53,-16.56556,-69.04167,3808
Desaguadero,2011-09-02,6.37,16.38,-1.0,58.33,0.0,2.45,63.43,-16.56556,-69.04167,3808
Desaguadero,2011-09-03,6.87,15.83,-0.41,62.26,0.0,2.26,63.3,-16.56556,-69.04167,3808
Desaguadero,2011-09-04,8.46,17.09,1.87,62.8,0.0,2.23,63.24,-16.56556,-69.04167,3808
Desaguadero,2011-09-05,8.98,15.67,4.06,67.43,0.0,2.48,63.27,-16.56556,-69.04167,3808
Desaguadero,2011-09-06,6.85,10.14,4.14,78.38,0.02,2.75,63.29,-16.56556,-69.04167,3808
Desaguadero,2011-09-07,9.1,16.96,2.42,57.29,0.0,1.44,63.24,-16.56556,-69.04167,3808
Desaguadero,2011-09-08,8.48,17.24,0.89,47.47,0.62,2.81,63.15,-16.56556,-69.04167,3808
Desaguadero,2011-09-09,6.98,16.61,0.38,35.51,1.45,2.53,63.14,-16.56556,-69.04167,3808
Desaguadero,2011-09-10,6.09,16.17,-3.93,38.59,0.0,2.78,63.31,-16.56556,-69.04167,3808
Desaguadero,2011-09-11,4.85,10.56,0.1,74.61,1.72,3.53,63.55,-16.56556,-69.04167,3808
Desaguadero,2011-09-12,6.57,16.21,-0.72,53.12,0.03,2.8,63.5,-16.56556,-69.04167,3808
Desaguadero,2011-09-13,6.92,14.86,1.32,46.14,0.02,2.36,63.39,-16.56556,-69.04167,3808
Desaguadero,2011-09-14,6.21,14.47,-0.36,60.73,0.0,3.25,63.34,-16.56556,-69.04167,3808
Desaguadero,2011-09-15,6.76,13.94,1.02,68.13,0.29,2.2,63.29,-16.56556,-69.04167,3808
Desaguadero,2011-09-16,7.36,14.21,1.48,64.51,0.16,2.1,63.25,-16.56556,-69.04167,3808
Desaguadero,2011-09-17,7.25,14.06,2.48,73.1,0.44,3.01,63.27,-16.56556,-69.04167,3808
Desaguadero,2011-09-18,6.49,13.74,0.52,67.27,0.62,3.67,63.37,-16.56556,-69.04167,3808
Desaguadero,2011-09-19,8.36,16.51,1.84,63.6,0.06,2.47,63.3,-16.56556,-69.04167,3808
Desaguadero,2011-09-20,6.87,12.66,2.47,73.07,1.97,3.27,63.31,-16.56556,-69.04167,3808
Desaguadero,2011-09-21,7.32,14.61,1.86,71.51,1.29,2.96,63.27,-16.56556,-69.04167,3808
Desaguadero,2011-09-22,7.57,15.01,2.36,61.15,0.8,2.24,63.23,-16.56556,-69.04167,3808
Desaguadero,2011-09-23,4.35,9.09,0.53,66.53,1.64,2.57,63.3,-16.56556,-69.04167,3808
Desaguadero,2011-09-24,5.56,11.36,1.4,77.08,2.14,2.44,63.33,-16.56556,-69.04167,3808
Desaguadero,2011-09-25,7.41,14.77,1.56,72.51,7.26,2.15,63.38,-16.56556,-69.04167,3808
Desaguadero,2011-09-26,7.96,14.91,2.99,69.74,0.22,3.24,63.44,-16.56556,-69.04167,3808
Desaguadero,2011-09-27,7.6,14.61,2.54,70.44,0.0,4.03,63.51,-16.56556,-69.04167,3808
Desaguadero,2011-09-28,8.22,15.01,3.08,70.41,0.04,2.6,63.36,-16.56556,-69.04167,3808
Desaguadero,2011-09-29,8.42,15.27,3.55,71.46,0.12,2.76,63.24,-16.56556,-69.04167,3808
Desaguadero,2011-09-30,8.43,15.04,3.23,66.54,0.57,2.41,63.17,-16.56556,-69.04167,3808
Desaguadero,2011-10-01,8.42,17.09,0.48,44.5,0.01,1.38,63.15,-16.56556,-69.04167,3808
Desaguadero,2011-10-02,5.96,13.85,-1.74,58.48,0.07,3.91,63.23,-16.56556,-69.04167,3808
Desaguadero,2011-10-03,7.75,15.49,1.37,61.65,0.04,2.31,63.26,-16.56556,-69.04167,3808
Desaguadero,2011-10-04,9.0,16.97,3.11,56.45,0.01,2.02,63.15,-16.56556,-69.04167,3808
Desaguadero,2011-10-05,7.38,13.6,1.55,65.46,0.49,2.69,63.16,-16.56556,-69.04167,3808
Desaguadero,2011-10-06,7.28,14.26,2.69,68.99,0.24,3.49,63.15,-16.56556,-69.04167,3808
Desaguadero,2011-10-07,8.7,15.86,2.73,60.2,0.32,1.31,63.13,-16.56556,-69.04167,3808
Desaguadero,2011-10-08,8.63,15.77,2.18,52.97,4.91,1.37,63.15,-16.56556,-69.04167,3808
Desaguadero,2011-10-09,7.16,16.15,1.7,64.14,2.43,2.69,63.15,-16.56556,-69.04167,3808
Desaguadero,2011-10-10,9.03,16.69,2.59,62.38,3.17,1.98,63.16,-16.56556,-69.04167,3808
Desaguadero,2011-10-11,7.82,17.08,2.39,67.5,1.43,2.1,63.1,-16.56556,-69.04167,3808
Desaguadero,2011-10-12,8.97,16.35,3.13,66.42,0.44,2.75,62.93,-16.56556,-69.04167,3808
Desaguadero,2011-10-13,10.03,18.66,2.44,51.47,0.48,3.1,62.89,-16.56556,-69.04167,3808
Desaguadero,2011-10-14,9.45,17.57,2.24,51.4,0.26,2.17,62.92,-16.56556,-69.04167,3808
Desaguadero,2011-10-15,10.32,17.85,3.91,55.42,0.11,2.69,62.93,-16.56556,-69.04167,3808
Desaguadero,2011-10-16,9.82,17.94,3.31,58.98,0.02,2.55,63.0,-16.56556,-69.04167,3808
Desaguadero,2011-10-17,5.18,9.42,1.7,47.08,0.0,1.77,63.12,-16.56556,-69.04167,3808
Desaguadero,2011-10-18,8.95,18.18,0.04,58.49,0.0,1.94,63.1,-16.56556,-69.04167,3808
Desaguadero,2011-10-19,8.69,15.66,3.51,67.4,0.0,3.93,63.17,-16.56556,-69.04167,3808
Desaguadero,2011-10-20,8.68,17.92,2.55,57.16,0.0,2.48,63.16,-16.56556,-69.04167,3808
Desaguadero,2011-10-21,7.85,17.61,-1.4,42.74,0.0,1.31,63.06,-16.56556,-69.04167,3808
Desaguadero,2011-10-22,8.2,15.47,2.14,63.6,0.0,3.06,63.11,-16.56556,-69.04167,3808
Desaguadero,2011-10-23,9.05,17.4,2.32,65.69,0.0,3.45,63.27,-16.56556,-69.04167,3808
Desaguadero,2011-10-24,10.55,18.41,5.13,62.54,0.0,2.26,63.28,-16.56556,-69.04167,3808
Desaguadero,2011-10-25,11.21,20.04,5.16,58.03,1.2,2.56,63.17,-16.56556,-69.04167,3808
Desaguadero,2011-10-26,10.27,17.9,5.14,64.08,0.62,2.91,63.12,-16.56556,-69.04167,3808
Desaguadero,2011-10-27,9.92,18.4,3.56,57.43,0.01,3.85,63.18,-16.56556,-69.04167,3808
Desaguadero,2011-10-28,9.6,17.59,3.09,58.63,0.0,3.59,63.21,-16.56556,-69.04167,3808
Desaguadero,2011-10-29,9.56,15.46,5.33,65.67,0.0,1.92,63.18,-16.56556,-69.04167,3808
Desaguadero,2011-10-30,9.29,15.11,4.31,68.21,3.4,3.3,63.13,-16.56556,-69.04167,3808
Desaguadero,2011-10-31,7.71,15.56,2.15,71.56,4.43,2.41,63.12,-16.56556,-69.04167,3808
Desaguadero,2011-11-01,8.62,16.04,3.61,67.13,0.38,2.53,63.14,-16.56556,-69.04167,3808
Desaguadero,2011-11-02,8.94,16.88,3.31,65.67,0.09,3.23,63.2,-16.56556,-69.04167,3808
Desaguadero,2011-11-03,9.0,16.41,3.07,65.97,2.68,3.86,63.23,-16.56556,-69.04167,3808
Desaguadero,2011-11-04,10.37,17.93,4.72,62.53,1.13,2.78,63.15,-16.56556,-69.04167,3808
Desaguadero,2011-11-05,11.52,18.92,6.06,60.55,0.91,1.61,63.11,-16.56556,-69.04167,3808
Desaguadero,2011-11-06,8.25,14.57,3.07,64.72,0.34,2.85,63.19,-16.56556,-69.04167,3808
Desaguadero,2011-11-07,10.11,20.04,2.86,51.71,0.0,2.78,63.19,-16.56556,-69.04167,3808
Desaguadero,2011-11-08,10.58,19.35,4.07,60.93,0.0,2.37,63.15,-16.56556,-69.04167,3808
Desaguadero,2011-11-09,12.81,22.64,4.06,56.2,0.0,2.94,63.1,-16.56556,-69.04167,3808
Desaguadero,2011-11-10,9.52,16.2,3.7,70.62,1.34,2.82,63.18,-16.56556,-69.04167,3808
Desaguadero,2011-11-11,9.95,19.0,0.87,55.43,0.62,2.95,63.22,-16.56556,-69.04167,3808
Desaguadero,2011-11-12,10.13,18.5,4.45,60.61,0.06,3.6,63.22,-16.56556,-69.04167,3808
Desaguadero,2011-11-13,12.11,20.8,4.61,51.52,0.0,1.4,63.09,-16.56556,-69.04167,3808
Desaguadero,2011-11-14,12.28,22.2,4.85,50.56,0.04,3.48,63.02,-16.56556,-69.04167,3808
Desaguadero,2011-11-15,11.14,18.38,4.83,57.4,1.32,3.22,63.11,-16.56556,-69.04167,3808
Desaguadero,2011-11-16,10.22,18.64,3.98,59.09,0.09,2.79,63.1,-16.56556,-69.04167,3808
Desaguadero,2011-11-17,11.26,18.74,5.5,53.0,0.53,2.39,63.07,-16.56556,-69.04167,3808
Desaguadero,2011-11-18,9.47,16.43,4.68,62.88,0.57,4.47,63.11,-16.56556,-69.04167,3808
Desaguadero,2011-11-19,8.87,15.45,4.08,67.9,5.68,4.37,63.11,-16.56556,-69.04167,3808
Desaguadero,2011-11-20,9.56,16.55,4.15,68.28,3.54,2.66,63.05,-16.56556,-69.04167,3808
Desaguadero,2011-11-21,9.82,17.65,2.69,56.85,0.08,3.6,63.09,-16.56556,-69.04167,3808
Desaguadero,2011-11-22,8.95,14.24,4.86,73.78,11.0,4.37,63.2,-16.56556,-69.04167,3808
Desaguadero,2011-11-23,10.24,18.21,4.65,67.12,0.11,1.71,63.23,-16.56556,-69.04167,3808
Desaguadero,2011-11-24,11.88,18.95,5.69,57.87,0.06,2.17,63.17,-16.56556,-69.04167,3808
Desaguadero,2011-11-25,12.14,19.53,6.72,58.7,0.14,1.77,63.09,-16.56556,-69.04167,3808
Desaguadero,2011-11-26,10.61,17.03,5.42,67.11,1.12,3.47,63.14,-16.56556,-69.04167,3808
Desaguadero,2011-11-27,11.28,20.49,2.49,58.79,0.1,2.6,63.12,-16.56556,-69.04167,3808
Desaguadero,2011-11-28,11.27,18.61,5.28,62.24,0.01,3.15,63.19,-16.56556,-69.04167,3808
Desaguadero,2011-11-29,10.01,16.13,4.46,67.44,0.79,2.0,63.25,-16.56556,-69.04167,3808
Desaguadero,2011-11-30,12.15,21.08,5.91,57.08,0.0,3.37,63.13,-16.56556,-69.04167,3808
Desaguadero,2011-12-01,9.61,17.23,2.9,62.23,4.02,3.33,63.3,-16.56556,-69.04167,3808
Desaguadero,2011-12-02,10.84,18.83,4.01,58.76,0.4,2.44,63.24,-16.56556,-69.04167,3808
Desaguadero,2011-12-03,11.57,19.84,5.35,57.0,0.0,2.3,63.13,-16.56556,-69.04167,3808
Desaguadero,2011-12-04,12.32,19.86,6.04,45.76,0.07,1.07,62.98,-16.56556,-69.04167,3808
Desaguadero,2011-12-05,9.38,16.48,2.55,58.58,1.54,3.32,63.0,-16.56556,-69.04167,3808
Desaguadero,2011-12-06,9.84,17.45,2.75,60.74,2.79,3.16,63.04,-16.56556,-69.04167,3808
Desaguadero,2011-12-07,10.76,17.16,5.31,60.82,0.89,1.93,63.05,-16.56556,-69.04167,3808
Desaguadero,2011-12-08,9.72,15.9,4.61,64.49,3.5,2.11,63.05,-16.56556,-69.04167,3808
Desaguadero,2011-12-09,5.72,12.09,2.38,83.65,2.8,2.46,63.07,-16.56556,-69.04167,3808
Desaguadero,2011-12-10,9.61,17.12,2.84,67.58,0.13,2.49,63.06,-16.56556,-69.04167,3808
Desaguadero,2011-12-11,10.57,17.76,5.33,67.4,1.52,3.22,63.05,-16.56556,-69.04167,3808
Desaguadero,2011-12-12,8.59,13.76,5.71,76.93,2.05,3.77,63.07,-16.56556,-69.04167,3808
Desaguadero,2011-12-13,6.35,9.14,4.09,81.54,19.62,2.38,63.09,-16.56556,-69.04167,3808
Desaguadero,2011-12-14,7.98,14.07,3.86,75.81,20.32,3.0,63.02,-16.56556,-69.04167,3808
Desaguadero,2011-12-15,8.84,15.86,3.25,71.55,5.27,2.91,63.03,-16.56556,-69.04167,3808
Desaguadero,2011-12-16,9.44,15.72,3.37,66.25,5.99,1.18,63.03,-16.56556,-69.04167,3808
Desaguadero,2011-12-17,9.84,18.52,1.72,55.53,0.45,1.23,63.06,-16.56556,-69.04167,3808
Desaguadero,2011-12-18,9.14,17.35,1.17,60.43,4.14,2.49,63.08,-16.56556,-69.04167,3808
Desaguadero,2011-12-19,8.67,15.07,4.07,69.54,0.58,4.55,63.09,-16.56556,-69.04167,3808
Desaguadero,2011-12-20,9.05,16.42,1.82,67.48,0.86,3.68,63.12,-16.56556,-69.04167,3808
Desaguadero,2011-12-21,8.76,14.98,3.8,69.57,10.89,3.2,63.12,-16.56556,-69.04167,3808
Desaguadero,2011-12-22,8.86,14.95,4.78,74.15,12.41,2.71,63.07,-16.56556,-69.04167,3808
Desaguadero,2011-12-23,8.27,11.97,4.5,77.64,11.29,3.13,63.07,-16.56556,-69.04167,3808
Desaguadero,2011-12-24,7.88,12.11,4.16,77.03,10.85,3.88,63.2,-16.56556,-69.04167,3808
Desaguadero,2011-12-25,6.61,11.02,3.18,77.15,11.85,3.04,63.31,-16.56556,-69.04167,3808
Desaguadero,2011-12-26,8.01,14.72,2.86,73.91,2.56,4.22,63.31,-16.56556,-69.04167,3808
Desaguadero,2011-12-27,8.44,15.25,2.76,73.33,0.48,4.04,63.37,-16.56556,-69.04167,3808
Desaguadero,2011-12-28,8.66,14.6,3.86,75.24,3.06,3.51,63.38,-16.56556,-69.04167,3808
Desaguadero,2011-12-29,9.44,16.93,3.08,71.56,2.24,3.14,63.2,-16.56556,-69.04167,3808
Desaguadero,2011-12-30,9.96,16.14,4.59,70.74,0.6,2.81,63.12,-16.56556,-69.04167,3808
Desaguadero,2011-12-31,8.62,13.31,5.14,76.53,9.39,1.83,63.13,-16.56556,-69.04167,3808
Desaguadero,2012-01-01,5.97,10.75,2.33,86.33,18.12,2.53,63.15,-16.56556,-69.04167,3808
Desaguadero,2012-01-02,7.72,14.37,3.04,77.36,1.71,2.73,63.19,-16.56556,-69.04167,3808
Desaguadero,2012-01-03,8.4,16.17,1.64,71.04,0.6,3.0,63.22,-16.56556,-69.04167,3808
Desaguadero,2012-01-04,9.22,16.12,3.89,68.52,0.07,2.79,63.25,-16.56556,-69.04167,3808
Desaguadero,2012-01-05,8.43,15.76,1.83,70.44,3.92,3.86,63.18,-16.56556,-69.04167,3808
Desaguadero,2012-01-06,8.44,15.74,2.82,67.93,1.0,3.73,63.13,-16.56556,-69.04167,3808
Desaguadero,2012-01-07,7.66,14.52,1.43,70.5,1.35,3.95,63.17,-16.56556,-69.04167,3808
Desaguadero,2012-01-08,9.01,15.86,3.52,71.71,1.82,3.05,63.19,-16.56556,-69.04167,3808
Desaguadero,2012-01-09,9.07,16.87,2.36,71.86,5.97,1.99,63.15,-16.56556,-69.04167,3808
Desaguadero,2012-01-10,9.5,18.45,1.99,63.85,6.92,1.68,63.04,-16.56556,-69.04167,3808
Desaguadero,2012-01-11,10.52,18.53,1.94,57.31,0.12,1.73,62.95,-16.56556,-69.04167,3808
Desaguadero,2012-01-12,10.39,18.46,2.47,60.35,1.29,1.87,63.02,-16.56556,-69.04167,3808
Desaguadero,2012-01-13,9.56,17.05,4.25,65.82,1.03,2.84,63.15,-16.56556,-69.04167,3808
Desaguadero,2012-01-14,9.79,17.83,4.13,61.87,0.65,1.6,63.24,-16.56556,-69.04167,3808
Desaguadero,2012-01-15,10.3,18.87,1.71,49.0,0.04,0.89,63.22,-16.56556,-69.04167,3808
Desaguadero,2012-01-16,9.88,18.31,2.29,59.03,0.0,2.78,63.26,-16.56556,-69.04167,3808
Desaguadero,2012-01-17,9.48,16.86,3.19,65.85,0.73,2.69,63.22,-16.56556,-69.04167,3808
Desaguadero,2012-01-18,7.94,13.39,4.22,72.5,1.78,2.58,63.14,-16.56556,-69.04167,3808
Desaguadero,2012-01-19,8.33,15.23,2.69,69.42,0.58,3.48,63.09,-16.56556,-69.04167,3808
Desaguadero,2012-01-20,8.41,16.53,1.67,61.18,0.55,3.65,63.06,-16.56556,-69.04167,3808
Desaguadero,2012-01-21,8.33,14.77,3.33,71.74,6.18,2.18,63.06,-16.56556,-69.04167,3808
Desaguadero,2012-01-22,7.65,13.41,2.99,75.07,13.68,1.98,63.05,-16.56556,-69.04167,3808
Desaguadero,2012-01-23,6.46,9.4,3.66,81.49,17.66,1.19,63.04,-16.56556,-69.04167,3808
Desaguadero,2012-01-24,7.54,11.43,3.21,77.23,10.04,1.96,63.03,-16.56556,-69.04167,3808
Desaguadero,2012-01-25,6.6,10.64,3.82,85.54,6.59,3.0,63.08,-16.56556,-69.04167,3808
Desaguadero,2012-01-26,7.86,14.91,2.23,76.41,1.04,3.29,63.12,-16.56556,-69.04167,3808
Desaguadero,2012-01-27,8.77,16.21,2.94,75.26,0.9,3.54,63.1,-16.56556,-69.04167,3808
Desaguadero,2012-01-28,9.34,16.12,3.56,73.31,9.45,3.0,63.11,-16.56556,-69.04167,3808
Desaguadero,2012-01-29,8.99,15.0,4.15,77.68,4.03,2.62,63.09,-16.56556,-69.04167,3808
Desaguadero,2012-01-30,9.17,13.66,5.25,77.69,3.08,1.98,63.07,-16.56556,-69.04167,3808
Desaguadero,2012-01-31,9.2,14.46,4.26,74.55,7.25,2.29,63.1,-16.56556,-69.04167,3808
Desaguadero,2012-02-01,9.41,17.47,3.14,66.88,4.57,2.99,63.07,-16.56556,-69.04167,3808
Desaguadero,2012-02-02,8.85,16.09,3.46,75.48,4.42,3.43,63.04,-16.56556,-69.04167,3808
Desaguadero,2012-02-03,8.67,14.98,3.57,78.79,7.23,3.31,63.05,-16.56556,-69.04167,3808
Desaguadero,2012-02-04,8.91,15.42,4.6,77.49,4.33,3.61,63.08,-16.56556,-69.04167,3808
Desaguadero,2012-02-05,8.69,15.39,4.15,79.13,8.65,4.11,63.14,-16.56556,-69.04167,3808
Desaguadero,2012-02-06,8.54,15.48,2.89,77.2,1.97,3.87,63.21,-16.56556,-69.04167,3808
Desaguadero,2012-02-07,8.79,16.29,3.14,70.82,0.08,3.1,63.18,-16.56556,-69.04167,3808
Desaguadero,2012-02-08,8.8,15.64,3.95,73.58,1.93,1.94,63.14,-16.56556,-69.04167,3808
Desaguadero,2012-02-09,8.89,16.2,3.86,71.86,5.23,3.03,63.22,-16.56556,-69.04167,3808
Desaguadero,2012-02-10,8.05,13.41,4.27,77.92,13.56,3.27,63.21,-16.56556,-69.04167,3808
Desaguadero,2012-02-11,8.11,15.19,3.1,77.29,7.49,3.44,63.15,-16.56556,-69.04167,3808
Desaguadero,2012-02-12,8.78,15.61,3.08,74.79,7.48,2.22,63.05,-16.56556,-69.04167,3808
Desaguadero,2012-02-13,8.23,14.92,3.52,77.44,9.76,2.03,62.98,-16.56556,-69.04167,3808
Desaguadero,2012-02-14,6.08,10.69,2.49,81.73,14.05,1.86,63.09,-16.56556,-69.04167,3808
Desaguadero,2012-02-15,7.06,12.64,3.27,79.81,6.83,2.99,63.11,-16.56556,-69.04167,3808
Desaguadero,2012-02-16,7.94,14.91,2.79,78.29,7.46,3.51,63.11,-16.56556,-69.04167,3808
Desaguadero,2012-02-17,7.37,13.27,3.57,77.75,0.46,2.82,63.07,-16.56556,-69.04167,3808
Desaguadero,2012-02-18,6.45,12.13,3.18,79.88,0.71,2.48,63.06,-16.56556,-69.04167,3808
Desaguadero,2012-02-19,6.84,13.19,1.75,76.37,5.24,2.91,63.06,-16.56556,-69.04167,3808
Desaguadero,2012-02-20,6.81,13.26,2.16,76.77,4.92,2.37,63.07,-16.56556,-69.04167,3808
Desaguadero,2012-02-21,7.59,15.34,1.88,73.47,1.1,1.88,63.04,-16.56556,-69.04167,3808
Desaguadero,2012-02-22,7.13,11.76,1.91,79.34,1.38,2.42,63.02,-16.56556,-69.04167,3808
Desaguadero,2012-02-23,8.26,14.01,3.54,78.26,5.48,2.98,63.0,-16.56556,-69.04167,3808
Desaguadero,2012-02-24,8.06,13.23,4.08,78.63,7.4,2.63,63.08,-16.56556,-69.04167,3808
Desaguadero,2012-02-25,7.92,14.15,2.83,76.62,2.18,1.96,63.01,-16.56556,-69.04167,3808
Desaguadero,2012-02-26,7.47,11.42,3.66,75.85,0.26,2.64,63.06,-16.56556,-69.04167,3808
Desaguadero,2012-02-27,7.94,15.19,3.0,76.72,1.27,2.84,63.08,-16.56556,-69.04167,3808
Desaguadero,2012-02-28,9.0,15.99,3.89,72.92,0.1,1.76,63.0,-16.56556,-69.04167,3808
Desaguadero,2012-02-29,6.87,10.03,3.84,84.19,4.82,2.09,63.05,-16.56556,-69.04167,3808
Desaguadero,2012-03-01,8.6,14.01,4.96,78.93,12.48,2.99,63.12,-16.56556,-69.04167,3808
Desaguadero,2012-03-02,6.45,9.97,3.47,87.17,11.49,4.31,63.2,-16.56556,-69.04167,3808
Desaguadero,2012-03-03,7.95,14.89,2.44,78.38,2.35,3.21,63.22,-16.56556,-69.04167,3808
Desaguadero,2012-03-04,8.42,15.32,2.68,78.49,5.19,3.2,63.18,-16.56556,-69.04167,3808
Desaguadero,2012-03-05,8.39,14.6,4.24,79.15,26.47,2.38,63.13,-16.56556,-69.04167,3808
Desaguadero,2012-03-06,7.75,14.02,4.2,80.55,2.33,3.35,63.12,-16.56556,-69.04167,3808
Desaguadero,2012-03-07,7.86,14.01,3.71,78.1,2.01,3.9,63.18,-16.56556,-69.04167,3808
Desaguadero,2012-03-08,7.08,14.23,1.91,75.55,0.64,3.68,63.27,-16.56556,-69.04167,3808
Desaguadero,2012-03-09,6.45,13.38,1.13,73.67,0.1,3.54,63.28,-16.56556,-69.04167,3808
Desaguadero,2012-03-10,6.79,14.83,-0.22,70.71,1.21,2.8,63.24,-16.56556,-69.04167,3808
Desaguadero,2012-03-11,6.66,13.12,1.89,72.74,0.33,2.52,63.24,-16.56556,-69.04167,3808
Desaguadero,2012-03-12,6.49,12.56,1.45,80.28,1.35,1.93,63.19,-16.56556,-69.04167,3808
Desaguadero,2012-03-13,8.65,15.5,3.65,70.95,0.13,1.52,63.15,-16.56556,-69.04167,3808
Desaguadero,2012-03-14,8.77,16.61,2.26,69.82,4.12,2.08,63.18,-16.56556,-69.04167,3808
Desaguadero,2012-03-15,8.52,15.08,3.81,77.49,1.28,2.59,63.32,-16.56556,-69.04167,3808
Desaguadero,2012-03-16,8.66,15.58,3.15,75.5,0.36,2.22,63.32,-16.56556,-69.04167,3808
Desaguadero,2012-03-17,9.59,16.97,3.44,71.47,0.16,1.64,63.27,-16.56556,-69.04167,3808
Desaguadero,2012-03-18,10.07,16.84,4.98,73.32,0.04,1.79,63.19,-16.56556,-69.04167,3808
Desaguadero,2012-03-19,9.28,15.57,4.65,75.62,0.26,1.93,63.14,-16.56556,-69.04167,3808
Desaguadero,2012-03-20,7.94,13.69,4.32,77.6,0.26,2.32,63.2,-16.56556,-69.04167,3808
Desaguadero,2012-03-21,8.99,17.64,3.23,67.93,0.03,2.21,63.21,-16.56556,-69.04167,3808
Desaguadero,2012-03-22,9.7,16.81,3.4,69.4,0.01,1.24,63.11,-16.56556,-69.04167,3808
Desaguadero,2012-03-23,8.67,16.03,3.4,70.92,0.26,2.3,63.1,-16.56556,-69.04167,3808
Desaguadero,2012-03-24,8.83,15.77,3.26,72.71,0.04,2.53,63.19,-16.56556,-69.04167,3808
Desaguadero,2012-03-25,8.55,15.36,3.69,73.89,0.09,2.72,63.2,-16.56556,-69.04167,3808
Desaguadero,2012-03-26,8.33,13.41,3.33,79.24,1.29,2.5,63.18,-16.56556,-69.04167,3808
Desaguadero,2012-03-27,5.88,9.51,3.25,87.96,12.31,2.63,63.24,-16.56556,-69.04167,3808
Desaguadero,2012-03-28,6.77,12.94,1.82,79.44,2.5,1.9,63.25,-16.56556,-69.04167,3808
Desaguadero,2012-03-29,7.85,14.13,3.32,77.99,0.26,2.01,63.25,-16.56556,-69.04167,3808
Desaguadero,2012-03-30,6.88,12.51,2.35,79.59,11.91,3.2,63.45,-16.56556,-69.04167,3808
Desaguadero,2012-03-31,7.52,14.26,2.72,78.15,3.2,2.57,63.44,-16.56556,-69.04167,3808
Desaguadero,2012-04-01,7.66,13.92,1.8,77.6,4.88,2.07,63.31,-16.56556,-69.04167,3808
Desaguadero,2012-04-02,7.73,12.78,4.12,79.83,0.1,2.9,63.24,-16.56556,-69.04167,3808
Desaguadero,2012-04-03,7.61,13.44,3.75,78.83,0.36,2.84,63.26,-16.56556,-69.04167,3808
Desaguadero,2012-04-04,7.08,13.63,2.87,79.88,19.46,2.79,63.2,-16.56556,-69.04167,3808
Desaguadero,2012-04-05,8.28,14.53,3.35,76.56,0.42,1.94,63.21,-16.56556,-69.04167,3808
Desaguadero,2012-04-06,8.23,14.53,3.29,76.17,2.04,1.46,63.32,-16.56556,-69.04167,3808
Desaguadero,2012-04-07,7.45,11.84,4.27,82.46,0.33,2.18,63.28,-16.56556,-69.04167,3808
Desaguadero,2012-04-08,8.0,14.51,3.04,80.58,0.31,2.49,63.17,-16.56556,-69.04167,3808
Desaguadero,2012-04-09,8.24,14.55,3.84,78.76,2.07,2.68,63.07,-16.56556,-69.04167,3808
Desaguadero,2012-04-10,7.82,13.06,4.25,80.77,3.84,3.01,63.11,-16.56556,-69.04167,3808
Desaguadero,2012-04-11,6.78,11.67,3.78,82.06,4.22,4.37,63.27,-16.56556,-69.04167,3808
Desaguadero,2012-04-12,7.37,13.13,3.46,81.75,1.66,3.53,63.29,-16.56556,-69.04167,3808
Desaguadero,2012-04-13,8.39,15.76,1.48,72.29,0.85,1.11,63.24,-16.56556,-69.04167,3808
Desaguadero,2012-04-14,6.69,12.94,1.45,77.36,1.14,1.79,63.22,-16.56556,-69.04167,3808
Desaguadero,2012-04-15,6.85,10.16,4.53,85.33,5.64,2.4,63.23,-16.56556,-69.04167,3808
Desaguadero,2012-04-16,8.23,14.55,3.76,79.17,0.61,2.15,63.26,-16.56556,-69.04167,3808
Desaguadero,2012-04-17,7.55,14.51,2.3,79.21,0.4,2.97,63.32,-16.56556,-69.04167,3808
Desaguadero,2012-04-18,7.43,13.96,3.36,81.2,0.28,2.69,63.33,-16.56556,-69.04167,3808
Desaguadero,2012-04-19,8.38,15.71,3.28,77.3,0.03,2.12,63.28,-16.56556,-69.04167,3808
Desaguadero,2012-04-20,8.42,15.24,3.52,75.15,0.0,1.98,63.25,-16.56556,-69.04167,3808
Desaguadero,2012-04-21,8.19,14.63,3.74,80.6,1.51,2.27,63.3,-16.56556,-69.04167,3808
Desaguadero,2012-04-22,7.73,12.96,4.34,82.13,0.45,2.42,63.33,-16.56556,-69.04167,3808
Desaguadero,2012-04-23,7.57,14.21,3.03,75.23,1.03,2.87,63.27,-16.56556,-69.04167,3808
Desaguadero,2012-04-24,7.75,14.59,3.13,76.76,1.23,2.38,63.15,-16.56556,-69.04167,3808
Desaguadero,2012-04-25,6.82,13.51,1.66,72.26,0.63,1.78,63.13,-16.56556,-69.04167,3808
Desaguadero,2012-04-26,7.47,15.03,0.79,58.15,1.45,1.84,63.16,-16.56556,-69.04167,3808
Desaguadero,2012-04-27,7.61,14.73,0.25,64.22,3.52,2.26,63.1,-16.56556,-69.04167,3808
Desaguadero,2012-04-28,6.32,15.24,-2.04,50.48,0.58,1.9,63.17,-16.56556,-69.04167,3808
Desaguadero,2012-04-29,7.34,14.1,1.4,73.11,1.52,2.34,63.2,-16.56556,-69.04167,3808
Desaguadero,2012-04-30,7.32,13.85,2.97,79.22,0.28,2.58,63.28,-16.56556,-69.04167,3808
Desaguadero,2012-05-01,6.92,13.9,2.3,75.15,0.0,2.08,63.25,-16.56556,-69.04167,3808
Desaguadero,2012-05-02,6.96,14.88,2.18,61.95,0.0,1.9,63.27,-16.56556,-69.04167,3808
Desaguadero,2012-05-03,7.1,15.0,1.65,59.32,0.0,1.98,63.33,-16.56556,-69.04167,3808
Desaguadero,2012-05-04,7.94,16.03,2.67,71.65,0.0,1.36,63.31,-16.56556,-69.04167,3808
Desaguadero,2012-05-05,8.12,15.02,3.51,74.5,0.0,1.55,63.35,-16.56556,-69.04167,3808
Desaguadero,2012-05-06,8.13,15.53,3.46,69.94,0.0,1.37,63.36,-16.56556,-69.04167,3808
Desaguadero,2012-05-07,8.07,15.73,3.45,71.16,0.0,1.78,63.37,-16.56556,-69.04167,3808
Desaguadero,2012-05-08,6.91,13.97,1.8,71.93,0.0,1.97,63.35,-16.56556,-69.04167,3808
Desaguadero,2012-05-09,7.47,15.44,1.94,57.47,0.0,1.58,63.19,-16.56556,-69.04167,3808
Desaguadero,2012-05-10,7.67,15.99,0.81,51.71,0.0,1.47,63.08,-16.56556,-69.04167,3808
Desaguadero,2012-05-11,7.93,15.26,2.92,62.81,0.0,2.08,63.11,-16.56556,-69.04167,3808
Desaguadero,2012-05-12,6.23,12.58,0.41,70.28,1.07,2.46,63.13,-16.56556,-69.04167,3808
Desaguadero,2012-05-13,5.15,13.54,-1.47,63.49,0.77,3.05,63.09,-16.56556,-69.04167,3808
Desaguadero,2012-05-14,4.65,13.43,-2.36,54.66,0.56,1.89,63.15,-16.56556,-69.04167,3808
Desaguadero,2012-05-15,5.07,13.16,-1.45,57.42,1.04,1.7,63.22,-16.56556,-69.04167,3808
Desaguadero,2012-05-16,4.98,13.52,-2.74,40.57,0.0,1.49,63.22,-16.56556,-69.04167,3808
Desaguadero,2012-05-17,6.27,13.56,1.24,63.76,0.01,1.66,63.17,-16.56556,-69.04167,3808
Desaguadero,2012-05-18,6.61,14.2,1.27,62.18,0.04,1.43,63.14,-16.56556,-69.04167,3808
Desaguadero,2012-05-19,6.73,13.32,2.09,64.13,0.91,1.48,63.17,-16.56556,-69.04167,3808
Desaguadero,2012-05-20,6.79,13.93,1.49,65.97,0.2,1.17,63.23,-16.56556,-69.04167,3808
Desaguadero,2012-05-21,6.31,13.06,1.08,75.66,0.29,1.63,63.31,-16.56556,-69.04167,3808
Desaguadero,2012-05-22,7.52,14.33,2.28,67.7,0.0,1.51,63.27,-16.56556,-69.04167,3808
Desaguadero,2012-05-23,6.28,14.16,0.17,58.62,0.0,1.39,63.27,-16.56556,-69.04167,3808
Desaguadero,2012-05-24,5.93,13.66,-1.36,60.46,0.82,1.46,63.32,-16.56556,-69.04167,3808
Desaguadero,2012-05-25,5.73,14.33,-0.73,45.49,0.03,1.41,63.31,-16.56556,-69.04167,3808
Desaguadero,2012-05-26,5.27,14.63,-3.16,37.46,0.0,1.65,63.32,-16.56556,-69.04167,3808
Desaguadero,2012-05-27,5.22,14.99,-3.68,48.59,0.0,1.76,63.33,-16.56556,-69.04167,3808
Desaguadero,2012-05-28,6.33,14.95,-0.16,67.22,0.07,1.48,63.39,-16.56556,-69.04167,3808
Desaguadero,2012-05-29,6.36,14.36,1.39,67.76,0.0,1.38,63.4,-16.56556,-69.04167,3808
Desaguadero,2012-05-30,6.66,14.27,1.34,71.37,0.0,1.69,63.38,-16.56556,-69.04167,3808
Desaguadero,2012-05-31,6.96,14.32,2.19,70.57,0.0,1.1,63.4,-16.56556,-69.04167,3808
Desaguadero,2012-06-01,6.6,12.95,2.29,76.21,0.02,1.92,63.47,-16.56556,-69.04167,3808
Desaguadero,2012-06-02,7.43,15.69,2.5,67.2,0.0,1.5,63.39,-16.56556,-69.04167,3808
Desaguadero,2012-06-03,6.87,14.9,1.31,67.58,0.04,1.45,63.23,-16.56556,-69.04167,3808
Desaguadero,2012-06-04,6.84,14.22,1.44,67.2,1.33,1.94,63.09,-16.56556,-69.04167,3808
Desaguadero,2012-06-05,6.19,13.1,1.37,69.74,1.8,2.35,63.11,-16.56556,-69.04167,3808
Desaguadero,2012-06-06,6.4,12.98,1.93,72.44,0.5,2.16,63.21,-16.56556,-69.04167,3808
Desaguadero,2012-06-07,4.38,10.27,1.16,79.09,0.34,2.01,63.26,-16.56556,-69.04167,3808
Desaguadero,2012-06-08,4.3,11.2,-1.13,67.61,2.43,2.02,63.21,-16.56556,-69.04167,3808
Desaguadero,2012-06-09,4.59,10.69,-0.31,69.16,0.28,1.67,63.19,-16.56556,-69.04167,3808
Desaguadero,2012-06-10,4.99,13.39,-1.95,59.52,0.0,1.82,63.26,-16.56556,-69.04167,3808
Desaguadero,2012-06-11,4.47,10.42,-0.49,74.49,0.0,2.47,63.26,-16.56556,-69.04167,3808
Desaguadero,2012-06-12,4.94,11.76,-1.01,66.99,0.0,1.69,63.23,-16.56556,-69.04167,3808
Desaguadero,2012-06-13,4.9,11.23,0.4,76.56,0.0,1.78,63.28,-16.56556,-69.04167,3808
Desaguadero,2012-06-14,5.77,12.61,1.36,74.98,0.0,1.54,63.32,-16.56556,-69.04167,3808
Desaguadero,2012-06-15,6.6,13.82,1.89,71.78,0.0,1.1,63.33,-16.56556,-69.04167,3808
Desaguadero,2012-06-16,5.17,12.34,-0.96,72.2,0.0,1.82,63.26,-16.56556,-69.04167,3808
Desaguadero,2012-06-17,6.84,13.91,2.13,73.51,0.79,2.41,63.16,-16.56556,-69.04167,3808
Desaguadero,2012-06-18,7.41,14.32,2.92,74.28,0.78,2.68,63.1,-16.56556,-69.04167,3808
Desaguadero,2012-06-19,7.81,15.3,0.92,67.72,0.16,2.57,63.14,-16.56556,-69.04167,3808
Desaguadero,2012-06-20,4.9,14.49,-2.51,51.6,1.04,2.93,63.15,-16.56556,-69.04167,3808
Desaguadero,2012-06-21,4.43,13.78,-2.53,41.06,1.22,2.31,63.2,-16.56556,-69.04167,3808
Desaguadero,2012-06-22,5.42,13.32,0.1,64.14,0.87,1.99,63.31,-16.56556,-69.04167,3808
Desaguadero,2012-06-23,5.62,11.91,1.81,78.8,0.04,2.77,63.35,-16.56556,-69.04167,3808
Desaguadero,2012-06-24,5.41,12.73,0.52,63.64,0.0,1.76,63.42,-16.56556,-69.04167,3808
Desaguadero,2012-06-25,4.03,10.92,-0.67,63.31,0.0,2.18,63.41,-16.56556,-69.04167,3808
Desaguadero,2012-06-26,3.45,7.63,0.46,79.62,0.0,1.42,63.41,-16.56556,-69.04167,3808
Desaguadero,2012-06-27,4.83,11.67,-0.13,74.73,0.0,1.78,63.39,-16.56556,-69.04167,3808
Desaguadero,2012-06-28,5.32,14.22,-1.85,50.78,0.0,1.21,63.34,-16.56556,-69.04167,3808
Desaguadero,2012-06-29,5.84,14.25,0.52,66.86,0.0,1.75,63.25,-16.56556,-69.04167,3808
Desaguadero,2012-06-30,5.45,13.63,0.27,61.94,0.08,1.78,63.27,-16.56556,-69.04167,3808
Desaguadero,2012-07-01,4.85,13.06,-0.98,61.99,0.0,2.31,63.33,-16.56556,-69.04167,3808
Desaguadero,2012-07-02,5.83,14.34,-0.69,67.72,0.05,1.51,63.3,-16.56556,-69.04167,3808
Desaguadero,2012-07-03,4.7,11.91,-0.23,75.77,0.17,2.75,63.21,-16.56556,-69.04167,3808
Desaguadero,2012-07-04,5.75,12.17,0.36,76.29,0.3,2.42,63.0,-16.56556,-69.04167,3808
Desaguadero,2012-07-05,4.77,10.61,0.64,73.97,0.66,3.25,62.94,-16.56556,-69.04167,3808
Desaguadero,2012-07-06,4.84,11.88,-1.21,60.91,0.09,2.56,63.09,-16.56556,-69.04167,3808
Desaguadero,2012-07-07,5.6,11.6,1.91,75.26,2.44,2.96,63.23,-16.56556,-69.04167,3808
Desaguadero,2012-07-08,4.47,10.19,0.47,80.95,0.27,2.15,63.22,-16.56556,-69.04167,3808
Desaguadero,2012-07-09,5.57,12.37,1.41,74.36,0.02,3.12,63.23,-16.56556,-69.04167,3808
Desaguadero,2012-07-10,6.21,14.17,0.51,61.4,0.0,1.94,63.29,-16.56556,-69.04167,3808
Desaguadero,2012-07-11,6.04,15.15,-0.97,49.25,0.0,2.19,63.22,-16.56556,-69.04167,3808
Desaguadero,2012-07-12,5.42,15.56,-3.34,60.36,0.47,2.45,63.24,-16.56556,-69.04167,3808
Desaguadero,2012-07-13,7.05,14.49,2.5,77.16,0.15,2.7,63.29,-16.56556,-69.04167,3808
Desaguadero,2012-07-14,7.37,14.59,3.03,75.52,0.0,2.5,63.34,-16.56556,-69.04167,3808
Desaguadero,2012-07-15,6.7,13.51,2.28,75.07,0.0,2.5,63.31,-16.56556,-69.04167,3808
Desaguadero,2012-07-16,5.24,12.81,-0.99,62.96,0.0,1.93,63.26,-16.56556,-69.04167,3808
Desaguadero,2012-07-17,2.81,11.23,-2.59,41.23,0.0,1.48,63.32,-16.56556,-69.04167,3808
Desaguadero,2012-07-18,3.45,12.61,-2.4,64.28,0.0,1.41,63.37,-16.56556,-69.04167,3808
Desaguadero,2012-07-19,4.74,13.51,-2.29,52.17,0.0,1.63,63.39,-16.56556,-69.04167,3808
Desaguadero,2012-07-20,4.98,14.27,-2.73,42.26,0.0,2.17,63.28,-16.56556,-69.04167,3808
Desaguadero,2012-07-21,6.32,14.97,-1.07,40.62,0.0,1.22,63.25,-16.56556,-69.04167,3808
Desaguadero,2012-07-22,5.31,13.5,0.38,40.77,0.0,1.98,63.33,-16.56556,-69.04167,3808
Desaguadero,2012-07-23,5.41,14.57,-2.33,48.73,0.0,1.49,63.37,-16.56556,-69.04167,3808
Desaguadero,2012-07-24,4.42,14.28,-3.86,47.73,0.0,1.87,63.37,-16.56556,-69.04167,3808
Desaguadero,2012-07-25,6.0,12.18,1.98,75.36,0.0,2.85,63.29,-16.56556,-69.04167,3808
Desaguadero,2012-07-26,6.25,13.25,1.53,70.03,0.08,2.59,63.22,-16.56556,-69.04167,3808
Desaguadero,2012-07-27,5.75,10.88,2.39,74.91,1.51,2.48,63.3,-16.56556,-69.04167,3808
Desaguadero,2012-07-28,5.77,12.64,0.73,71.54,0.03,2.06,63.26,-16.56556,-69.04167,3808
Desaguadero,2012-07-29,5.73,12.72,1.05,66.93,0.08,2.02,63.21,-16.56556,-69.04167,3808
Desaguadero,2012-07-30,4.35,8.97,1.32,83.95,0.26,3.23,63.29,-16.56556,-69.04167,3808
Desaguadero,2012-07-31,6.14,13.12,1.44,68.42,0.03,2.18,63.4,-16.56556,-69.04167,3808
Desaguadero,2012-08-01,5.38,13.07,-0.67,65.89,0.0,2.17,63.36,-16.56556,-69.04167,3808
Desaguadero,2012-08-02,6.74,15.42,0.48,69.6,0.0,2.26,63.27,-16.56556,-69.04167,3808
Desaguadero,2012-08-03,7.54,15.94,2.4,70.1,0.0,2.42,63.29,-16.56556,-69.04167,3808
Desaguadero,2012-08-04,7.02,14.83,0.36,70.09,0.12,2.47,63.46,-16.56556,-69.04167,3808
Desaguadero,2012-08-05,5.51,14.58,-0.4,71.14,0.0,2.63,63.57,-16.56556,-69.04167,3808
Desaguadero,2012-08-06,5.67,14.73,-1.84,50.59,0.0,1.85,63.5,-16.56556,-69.04167,3808
Desaguadero,2012-08-07,6.86,16.04,1.42,43.72,0.0,2.09,63.39,-16.56556,-69.04167,3808
Desaguadero,2012-08-08,6.24,15.05,1.21,38.81,0.0,2.21,63.48,-16.56556,-69.04167,3808
Desaguadero,2012-08-09,5.49,14.64,-0.2,37.63,0.0,2.08,63.44,-16.56556,-69.04167,3808
Desaguadero,2012-08-10,5.61,14.88,0.35,37.86,0.0,1.9,63.34,-16.56556,-69.04167,3808
Desaguadero,2012-08-11,6.11,15.52,-0.79,44.41,0.0,1.66,63.25,-16.56556,-69.04167,3808
Desaguadero,2012-08-12,5.16,14.34,-2.79,47.26,0.0,2.14,63.24,-16.56556,-69.04167,3808
Desaguadero,2012-08-13,5.05,10.96,0.2,76.58,0.3,3.14,63.36,-16.56556,-69.04167,3808
Desaguadero,2012-08-14,5.14,13.81,-1.0,60.61,0.02,2.37,63.21,-16.56556,-69.04167,3808
Desaguadero,2012-08-15,4.71,13.69,-2.2,44.34,0.0,2.2,63.15,-16.56556,-69.04167,3808
Desaguadero,2012-08-16,6.43,13.32,1.19,69.11,0.51,2.68,63.16,-16.56556,-69.04167,3808
Desaguadero,2012-08-17,5.74,14.56,0.35,47.39,0.05,3.13,63.22,-16.56556,-69.04167,3808
Desaguadero,2012-08-18,4.57,10.24,-0.43,66.59,0.0,2.62,63.33,-16.56556,-69.04167,3808
Desaguadero,2012-08-19,4.31,9.46,0.49,70.12,0.19,2.15,63.41,-16.56556,-69.04167,3808
Desaguadero,2012-08-20,4.48,13.67,-3.28,52.25,0.0,1.76,63.38,-16.56556,-69.04167,3808
Desaguadero,2012-08-21,5.53,13.7,-0.81,68.47,0.0,2.3,63.4,-16.56556,-69.04167,3808
Desaguadero,2012-08-22,6.73,14.01,1.45,71.18,0.0,2.55,63.35,-16.56556,-69.04167,3808
Desaguadero,2012-08-23,7.59,14.52,2.17,69.57,0.68,1.62,63.26,-16.56556,-69.04167,3808
Desaguadero,2012-08-24,7.7,14.46,3.53,75.98,0.96,2.57,63.23,-16.56556,-69.04167,3808
Desaguadero,2012-08-25,5.63,11.98,0.87,78.8,3.19,4.21,63.29,-16.56556,-69.04167,3808
Desaguadero,2012-08-26,6.15,13.83,0.03,74.26,0.06,2.57,63.34,-16.56556,-69.04167,3808
Desaguadero,2012-08-27,6.98,15.82,0.95,61.87,0.0,1.52,63.33,-16.56556,-69.04167,3808
Desaguadero,2012-08-28,5.59,15.89,-1.96,49.19,0.02,2.21,63.35,-16.56556,-69.04167,3808
Desaguadero,2012-08-29,5.07,14.73,-0.89,51.7,0.03,2.64,63.38,-16.56556,-69.04167,3808
Desaguadero,2012-08-30,4.27,13.4,-2.36,37.57,0.0,2.62,63.4,-16.56556,-69.04167,3808
Desaguadero,2012-08-31,4.56,14.38,-1.73,41.03,0.0,2.47,63.41,-16.56556,-69.04167,3808
Desaguadero,2012-09-01,4.5,14.58,-1.71,47.88,0.0,2.45,63.37,-16.56556,-69.04167,3808
Desaguadero,2012-09-02,4.92,12.19,-0.78,70.61,0.0,2.93,63.4,-16.56556,-69.04167,3808
Desaguadero,2012-09-03,5.56,12.73,-0.06,74.22,0.0,2.65,63.52,-16.56556,-69.04167,3808
Desaguadero,2012-09-04,6.3,15.38,0.05,68.03,0.0,2.59,63.49,-16.56556,-69.04167,3808
Desaguadero,2012-09-05,6.89,15.86,0.37,66.58,0.0,2.6,63.48,-16.56556,-69.04167,3808
Desaguadero,2012-09-06,7.71,16.55,1.24,67.8,0.01,2.91,63.38,-16.56556,-69.04167,3808
Desaguadero,2012-09-07,8.69,16.84,2.69,71.51,0.01,2.75,63.34,-16.56556,-69.04167,3808
Desaguadero,2012-09-08,9.1,17.16,3.36,67.98,0.0,2.79,63.42,-16.56556,-69.04167,3808
Desaguadero,2012-09-09,7.88,13.22,4.71,78.84,3.68,3.59,63.49,-16.56556,-69.04167,3808
Desaguadero,2012-09-10,8.93,16.68,3.35,68.25,0.09,2.8,63.45,-16.56556,-69.04167,3808
Desaguadero,2012-09-11,8.46,17.29,2.41,67.72,0.0,2.29,63.36,-16.56556,-69.04167,3808
Desaguadero,2012-09-12,7.52,16.24,0.97,65.87,0.0,3.42,63.35,-16.56556,-69.04167,3808
Desaguadero,2012-09-13,6.19,14.42,0.59,69.55,0.0,3.64,63.45,-16.56556,-69.04167,3808
Desaguadero,2012-09-14,6.33,14.53,0.63,65.8,0.0,2.85,63.43,-16.56556,-69.04167,3808
Desaguadero,2012-09-15,6.56,14.24,1.26,72.53,0.07,2.62,63.38,-16.56556,-69.04167,3808
Desaguadero,2012-09-16,7.83,14.46,3.37,71.42,1.18,2.7,63.32,-16.56556,-69.04167,3808
Desaguadero,2012-09-17,8.6,15.99,3.02,69.12,0.14,2.39,63.3,-16.56556,-69.04167,3808
Desaguadero,2012-09-18,9.58,18.4,0.72,52.16,0.0,1.57,63.24,-16.56556,-69.04167,3808
Desaguadero,2012-09-19,7.02,16.92,-2.82,47.94,0.05,2.65,63.22,-16.56556,-69.04167,3808
Desaguadero,2012-09-20,9.17,18.68,-1.41,48.42,0.45,3.28,63.05,-16.56556,-69.04167,3808
Desaguadero,2012-09-21,6.69,16.45,-2.76,42.32,0.45,2.46,63.16,-16.56556,-69.04167,3808
Desaguadero,2012-09-22,8.91,16.55,4.33,69.25,0.15,3.3,63.23,-16.56556,-69.04167,3808
Desaguadero,2012-09-23,9.56,17.69,3.78,55.89,0.0,1.69,63.22,-16.56556,-69.04167,3808
Desaguadero,2012-09-24,8.7,17.73,-0.04,51.21,0.0,2.35,63.22,-16.56556,-69.04167,3808
Desaguadero,2012-09-25,8.59,15.46,4.2,69.96,1.52,4.03,63.33,-16.56556,-69.04167,3808
Desaguadero,2012-09-26,6.03,12.96,0.96,75.59,1.08,4.51,63.4,-16.56556,-69.04167,3808
Desaguadero,2012-09-27,5.37,13.23,0.74,75.26,0.87,1.5,63.38,-16.56556,-69.04167,3808
Desaguadero,2012-09-28,8.15,15.71,2.98,62.5,0.02,1.92,63.28,-16.56556,-69.04167,3808
Desaguadero,2012-09-29,8.33,15.01,2.6,67.46,0.0,2.46,63.34,-16.56556,-69.04167,3808
Desaguadero,2012-09-30,8.64,15.68,3.57,65.61,0.0,2.45,63.27,-16.56556,-69.04167,3808
Desaguadero,2012-10-01,9.41,17.04,3.57,55.63,0.0,2.65,63.14,-16.56556,-69.04167,3808
Desaguadero,2012-10-02,8.94,16.53,2.08,53.88,0.01,2.16,63.18,-16.56556,-69.04167,3808
Desaguadero,2012-10-03,7.42,17.4,-2.38,46.13,0.22,2.55,63.28,-16.56556,-69.04167,3808
Desaguadero,2012-10-04,8.72,16.75,1.43,53.19,0.66,2.24,63.22,-16.56556,-69.04167,3808
Desaguadero,2012-10-05,8.32,15.9,3.63,64.34,0.13,2.36,63.08,-16.56556,-69.04167,3808
Desaguadero,2012-10-06,9.35,16.61,4.57,53.58,0.0,1.73,63.03,-16.56556,-69.04167,3808
Desaguadero,2012-10-07,9.34,17.07,4.14,56.23,0.0,1.87,63.18,-16.56556,-69.04167,3808
Desaguadero,2012-10-08,7.02,14.26,2.74,74.72,4.83,2.62,63.32,-16.56556,-69.04167,3808
Desaguadero,2012-10-09,9.24,17.44,2.03,59.7,0.31,1.6,63.23,-16.56556,-69.04167,3808
Desaguadero,2012-10-10,7.44,15.37,3.49,65.39,6.0,1.8,63.13,-16.56556,-69.04167,3808
Desaguadero,2012-10-11,7.9,15.37,1.45,55.83,3.36,1.85,63.13,-16.56556,-69.04167,3808
Desaguadero,2012-10-12,8.89,17.52,2.75,61.81,0.0,2.71,63.2,-16.56556,-69.04167,3808
Desaguadero,2012-10-13,8.49,16.66,3.07,63.65,0.0,3.33,63.27,-16.56556,-69.04167,3808
Desaguadero,2012-10-14,8.44,15.54,2.44,67.9,0.28,2.55,63.28,-16.56556,-69.04167,3808
Desaguadero,2012-10-15,10.64,19.7,1.67,52.68,0.01,1.69,63.19,-16.56556,-69.04167,3808
Desaguadero,2012-10-16,10.84,19.06,3.82,59.79,0.1,2.84,63.23,-16.56556,-69.04167,3808
Desaguadero,2012-10-17,9.98,15.37,6.1,69.01,2.19,3.11,63.28,-16.56556,-69.04167,3808
Desaguadero,2012-10-18,10.11,18.07,4.51,61.65,0.0,3.29,63.26,-16.56556,-69.04167,3808
Desaguadero,2012-10-19,9.78,18.15,3.13,60.43,0.0,2.72,63.17,-16.56556,-69.04167,3808
Desaguadero,2012-10-20,10.15,18.13,4.07,62.03,0.0,2.88,63.15,-16.56556,-69.04167,3808
Desaguadero,2012-10-21,10.26,16.96,5.03,62.1,0.0,2.56,63.1,-16.56556,-69.04167,3808
Desaguadero,2012-10-22,10.95,20.22,2.45,40.32,0.0,1.6,63.02,-16.56556,-69.04167,3808
Desaguadero,2012-10-23,10.15,19.47,0.87,47.47,0.0,3.15,63.08,-16.56556,-69.04167,3808
Desaguadero,2012-10-24,10.39,17.47,5.24,65.82,0.15,4.38,63.17,-16.56556,-69.04167,3808
Desaguadero,2012-10-25,10.62,18.65,4.07,63.59,0.01,3.79,63.21,-16.56556,-69.04167,3808
Desaguadero,2012-10-26,10.1,16.31,5.43,68.62,0.0,3.42,63.24,-16.56556,-69.04167,3808
Desaguadero,2012-10-27,9.28,14.83,5.23,68.6,0.0,3.3,63.28,-16.56556,-69.04167,3808
Desaguadero,2012-10-28,9.53,17.2,3.5,67.02,0.0,3.61,63.29,-16.56556,-69.04167,3808
Desaguadero,2012-10-29,10.19,17.6,4.8,67.11,0.37,3.68,63.29,-16.56556,-69.04167,3808
Desaguadero,2012-10-30,9.71,18.14,3.25,63.74,0.57,3.63,63.26,-16.56556,-69.04167,3808
Desaguadero,2012-10-31,10.06,17.92,4.36,63.18,8.12,2.54,63.23,-16.56556,-69.04167,3808
Desaguadero,2012-11-01,9.75,16.15,4.85,65.59,12.73,2.21,63.18,-16.56556,-69.04167,3808
Desaguadero,2012-11-02,9.96,17.87,2.28,58.98,2.67,2.23,63.13,-16.56556,-69.04167,3808
Desaguadero,2012-11-03,9.96,16.49,5.25,68.12,0.91,2.44,63.16,-16.56556,-69.04167,3808
Desaguadero,2012-11-04,11.09,17.92,6.12,62.37,0.01,2.63,63.14,-16.56556,-69.04167,3808
Desaguadero,2012-11-05,7.79,13.65,4.87,79.03,5.37,2.55,63.11,-16.56556,-69.04167,3808
Desaguadero,2012-11-06,5.51,10.75,2.71,84.96,11.47,1.83,63.08,-16.56556,-69.04167,3808
Desaguadero,2012-11-07,9.65,18.03,2.11,60.92,0.58,1.89,63.03,-16.56556,-69.04167,3808
Desaguadero,2012-11-08,10.9,18.26,4.37,59.6,0.01,1.94,63.0,-16.56556,-69.04167,3808
Desaguadero,2012-11-09,11.4,20.31,2.64,55.3,0.0,1.94,62.98,-16.56556,-69.04167,3808
Desaguadero,2012-11-10,10.76,20.28,2.89,52.98,0.0,2.96,63.12,-16.56556,-69.04167,3808
Desaguadero,2012-11-11,10.4,19.01,3.37,56.94,0.0,2.73,63.29,-16.56556,-69.04167,3808
Desaguadero,2012-11-12,10.44,17.66,5.08,67.83,0.0,3.41,63.33,-16.56556,-69.04167,3808
Desaguadero,2012-11-13,10.23,18.76,3.62,64.45,0.0,2.81,63.28,-16.56556,-69.04167,3808
Desaguadero,2012-11-14,11.18,19.22,5.56,57.91,0.0,2.61,63.22,-16.56556,-69.04167,3808
Desaguadero,2012-11-15,10.99,17.44,5.89,61.72,2.12,2.38,63.11,-16.56556,-69.04167,3808
Desaguadero,2012-11-16,8.06,14.85,3.7,73.04,2.22,2.69,63.15,-16.56556,-69.04167,3808
Desaguadero,2012-11-17,9.23,16.03,3.57,67.87,2.68,3.47,63.26,-16.56556,-69.04167,3808
Desaguadero,2012-11-18,9.26,15.25,4.74,68.02,0.25,2.86,63.23,-16.56556,-69.04167,3808
Desaguadero,2012-11-19,9.87,16.03,5.48,68.44,2.92,2.19,63.16,-16.56556,-69.04167,3808
Desaguadero,2012-11-20,9.44,16.06,4.21,69.43,9.28,2.96,63.13,-16.56556,-69.04167,3808
Desaguadero,2012-11-21,8.95,16.37,2.04,68.61,1.8,2.16,63.14,-16.56556,-69.04167,3808
Desaguadero,2012-11-22,10.75,19.42,2.27,57.14,0.56,1.65,63.09,-16.56556,-69.04167,3808
Desaguadero,2012-11-23,11.29,19.7,2.57,45.86,1.36,1.44,63.09,-16.56556,-69.04167,3808
Desaguadero,2012-11-24,10.4,17.47,4.05,60.28,3.57,2.41,63.13,-16.56556,-69.04167,3808
Desaguadero,2012-11-25,9.62,16.59,5.76,70.33,1.25,3.03,63.19,-16.56556,-69.04167,3808
Desaguadero,2012-11-26,11.69,19.56,4.81,61.75,0.0,2.14,63.23,-16.56556,-69.04167,3808
Desaguadero,2012-11-27,11.24,16.91,6.29,65.2,0.0,2.28,63.2,-16.56556,-69.04167,3808
Desaguadero,2012-11-28,11.74,19.92,5.99,56.51,0.17,3.01,63.11,-16.56556,-69.04167,3808
Desaguadero,2012-11-29,8.73,15.95,3.22,65.54,0.15,2.1,63.19,-16.56556,-69.04167,3808
Desaguadero,2012-11-30,8.75,15.49,3.02,65.87,7.15,3.37,63.2,-16.56556,-69.04167,3808
Desaguadero,2012-12-01,8.71,16.19,3.33,65.67,3.05,4.02,63.25,-16.56556,-69.04167,3808
Desaguadero,2012-12-02,9.4,16.28,4.15,70.02,1.89,3.12,63.18,-16.56556,-69.04167,3808
Desaguadero,2012-12-03,10.18,18.41,4.09,63.67,2.44,2.89,63.13,-16.56556,-69.04167,3808
Desaguadero,2012-12-04,9.82,16.67,5.25,71.37,3.19,2.41,63.13,-16.56556,-69.04167,3808
Desaguadero,2012-12-05,9.22,15.42,4.99,73.29,7.39,3.65,63.08,-16.56556,-69.04167,3808
Desaguadero,2012-12-06,10.2,16.94,3.85,66.02,0.88,2.03,62.95,-16.56556,-69.04167,3808
Desaguadero,2012-12-07,10.93,17.19,6.61,71.54,1.44,3.0,62.97,-16.56556,-69.04167,3808
Desaguadero,2012-12-08,8.88,16.05,4.39,68.3,3.28,3.41,63.2,-16.56556,-69.04167,3808
Desaguadero,2012-12-09,8.98,13.12,5.5,78.35,7.9,3.81,63.25,-16.56556,-69.04167,3808
Desaguadero,2012-12-10,9.68,16.22,4.78,73.77,2.56,2.68,63.11,-16.56556,-69.04167,3808
Desaguadero,2012-12-11,10.77,18.55,4.65,67.68,2.57,2.7,63.0,-16.56556,-69.04167,3808
Desaguadero,2012-12-12,7.8,14.48,2.29,78.92,2.0,1.2,63.0,-16.56556,-69.04167,3808
Desaguadero,2012-12-13,8.46,15.34,2.7,72.26,1.93,1.3,62.99,-16.56556,-69.04167,3808
Desaguadero,2012-12-14,7.89,14.95,1.78,76.17,8.79,2.84,63.02,-16.56556,-69.04167,3808
Desaguadero,2012-12-15,8.95,13.98,5.1,77.58,2.11,3.47,63.02,-16.56556,-69.04167,3808
Desaguadero,2012-12-16,10.04,16.9,4.09,70.05,1.44,3.16,63.03,-16.56556,-69.04167,3808
Desaguadero,2012-12-17,9.32,16.17,5.45,76.77,8.04,3.17,62.99,-16.56556,-69.04167,3808
Desaguadero,2012-12-18,8.05,13.16,2.66,79.59,10.58,3.72,63.01,-16.56556,-69.04167,3808
Desaguadero,2012-12-19,7.3,15.49,1.78,75.18,6.74,2.26,63.04,-16.56556,-69.04167,3808
Desaguadero,2012-12-20,10.46,18.61,2.46,62.69,0.1,1.93,63.01,-16.56556,-69.04167,3808
Desaguadero,2012-12-21,6.47,16.0,3.04,78.7,0.98,3.0,63.11,-16.56556,-69.04167,3808
Desaguadero,2012-12-22,8.7,15.2,3.52,72.2,0.28,5.05,63.25,-16.56556,-69.04167,3808
Desaguadero,2012-12-23,9.08,16.88,2.26,66.68,0.03,3.55,63.23,-16.56556,-69.04167,3808
Desaguadero,2012-12-24,9.48,16.17,4.08,71.36,1.36,2.77,63.15,-16.56556,-69.04167,3808
Desaguadero,2012-12-25,9.86,15.89,4.89,72.61,3.3,2.41,63.04,-16.56556,-69.04167,3808
Desaguadero,2012-12-26,9.56,14.68,5.29,72.71,13.36,3.66,63.07,-16.56556,-69.04167,3808
Desaguadero,2012-12-27,8.14,14.24,4.59,77.02,7.63,3.82,63.07,-16.56556,-69.04167,3808
Desaguadero,2012-12-28,7.32,13.68,2.46,78.09,6.64,2.82,63.02,-16.56556,-69.04167,3808
Desaguadero,2012-12-29,8.14,13.19,4.65,77.27,4.89,1.85,63.05,-16.56556,-69.04167,3808
Desaguadero,2012-12-30,9.04,16.11,3.71,66.36,2.24,1.43,63.15,-16.56556,-69.04167,3808
Desaguadero,2012-12-31,8.64,15.76,2.8,68.82,5.22,1.77,63.19,-16.56556,-69.04167,3808
Desaguadero,2013-01-01,9.31,16.6,2.92,69.42,3.95,2.41,63.19,-16.56556,-69.04167,3808
Desaguadero,2013-01-02,8.49,13.11,5.01,75.41,2.35,2.26,63.24,-16.56556,-69.04167,3808
Desaguadero,2013-01-03,9.21,15.38,4.52,71.11,0.11,2.33,63.32,-16.56556,-69.04167,3808
Desaguadero,2013-01-04,9.53,15.31,5.58,72.96,0.19,2.89,63.35,-16.56556,-69.04167,3808
Desaguadero,2013-01-05,8.85,14.08,5.07,73.77,3.33,3.17,63.26,-16.56556,-69.04167,3808
Desaguadero,2013-01-06,9.03,16.53,3.59,71.4,9.22,3.19,63.11,-16.56556,-69.04167,3808
Desaguadero,2013-01-07,10.0,17.7,3.36,59.73,7.22,1.95,63.08,-16.56556,-69.04167,3808
Desaguadero,2013-01-08,7.76,11.53,2.75,79.36,3.22,1.91,63.18,-16.56556,-69.04167,3808
Desaguadero,2013-01-09,8.0,13.04,2.78,76.21,4.16,3.65,63.3,-16.56556,-69.04167,3808
Desaguadero,2013-01-10,8.12,15.15,3.36,78.31,4.51,3.02,63.33,-16.56556,-69.04167,3808
Desaguadero,2013-01-11,9.19,16.93,3.42,73.6,2.7,2.86,63.15,-16.56556,-69.04167,3808
Desaguadero,2013-01-12,8.54,14.07,4.41,77.86,1.84,1.98,63.06,-16.56556,-69.04167,3808
Desaguadero,2013-01-13,8.61,13.82,4.28,77.71,0.49,2.54,63.14,-16.56556,-69.04167,3808
Desaguadero,2013-01-14,8.9,15.67,3.87,73.69,1.07,3.22,63.15,-16.56556,-69.04167,3808
Desaguadero,2013-01-15,8.63,14.82,3.88,74.06,7.92,3.58,63.08,-16.56556,-69.04167,3808
Desaguadero,2013-01-16,9.0,15.75,3.97,71.92,2.1,3.1,63.01,-16.56556,-69.04167,3808
Desaguadero,2013-01-17,8.55,14.29,3.31,75.38,4.14,3.78,63.17,-16.56556,-69.04167,3808
Desaguadero,2013-01-18,8.53,14.44,3.19,76.54,3.98,3.04,63.22,-16.56556,-69.04167,3808
Desaguadero,2013-01-19,7.24,14.9,1.68,78.36,3.19,2.74,63.22,-16.56556,-69.04167,3808
Desaguadero,2013-01-20,6.58,11.12,2.14,81.33,14.91,2.1,63.18,-16.56556,-69.04167,3808
Desaguadero,2013-01-21,8.78,15.82,2.47,71.05,3.52,1.95,63.18,-16.56556,-69.04167,3808
Desaguadero,2013-01-22,8.18,13.81,3.06,73.54,0.68,2.16,63.31,-16.56556,-69.04167,3808
Desaguadero,2013-01-23,8.78,15.03,2.79,71.47,1.45,2.14,63.34,-16.56556,-69.04167,3808
Desaguadero,2013-01-24,9.77,17.9,2.52,57.63,0.94,2.17,63.25,-16.56556,-69.04167,3808
Desaguadero,2013-01-25,9.05,17.85,2.21,56.25,1.55,2.68,63.25,-16.56556,-69.04167,3808
Desaguadero,2013-01-26,8.35,13.77,4.22,73.35,6.79,3.28,63.29,-16.56556,-69.04167,3808
Desaguadero,2013-01-27,9.82,17.86,3.99,68.63,0.94,2.35,63.35,-16.56556,-69.04167,3808
Desaguadero,2013-01-28,10.16,17.83,4.32,66.45,1.45,3.04,63.38,-16.56556,-69.04167,3808
Desaguadero,2013-01-29,9.29,15.82,4.12,72.26,4.07,3.24,63.34,-16.56556,-69.04167,3808
Desaguadero,2013-01-30,8.96,14.96,3.99,74.62,7.09,2.77,63.25,-16.56556,-69.04167,3808
Desaguadero,2013-01-31,8.68,17.05,2.72,73.01,0.46,1.77,63.12,-16.56556,-69.04167,3808
Desaguadero,2013-02-01,9.36,16.64,3.34,73.16,9.9,2.35,63.2,-16.56556,-69.04167,3808
Desaguadero,2013-02-02,9.53,15.19,3.8,74.03,7.66,2.96,63.3,-16.56556,-69.04167,3808
Desaguadero,2013-02-03,8.68,13.06,5.58,78.44,5.72,3.49,63.33,-16.56556,-69.04167,3808
Desaguadero,2013-02-04,8.67,14.43,4.37,75.55,1.05,3.21,63.24,-16.56556,-69.04167,3808
Desaguadero,2013-02-05,9.07,16.17,3.83,72.86,0.31,3.35,63.22,-16.56556,-69.04167,3808
Desaguadero,2013-02-06,9.33,16.06,3.81,74.21,2.59,2.65,63.18,-16.56556,-69.04167,3808
Desaguadero,2013-02-07,7.48,16.17,2.18,75.43,6.46,2.62,63.13,-16.56556,-69.04167,3808
Desaguadero,2013-02-08,8.78,16.05,2.41,71.19,13.08,1.82,63.07,-16.56556,-69.04167,3808
Desaguadero,2013-02-09,9.0,16.7,2.35,72.21,5.24,1.89,63.06,-16.56556,-69.04167,3808
Desaguadero,2013-02-10,8.34,15.87,3.04,75.01,2.96,2.05,63.05,-16.56556,-69.04167,3808
Desaguadero,2013-02-11,7.82,15.36,2.48,68.4,3.72,2.69,63.01,-16.56556,-69.04167,3808
Desaguadero,2013-02-12,7.64,13.91,2.43,72.4,0.39,1.62,62.99,-16.56556,-69.04167,3808
Desaguadero,2013-02-13,9.65,17.67,2.3,65.97,0.77,2.0,63.0,-16.56556,-69.04167,3808
Desaguadero,2013-02-14,8.36,15.03,2.62,76.95,8.14,2.26,63.11,-16.56556,-69.04167,3808
Desaguadero,2013-02-15,7.86,13.04,3.0,81.5,8.26,3.59,63.17,-16.56556,-69.04167,3808
Desaguadero,2013-02-16,8.74,14.2,4.69,78.44,4.64,2.36,63.14,-16.56556,-69.04167,3808
Desaguadero,2013-02-17,8.83,15.3,3.35,74.94,4.68,2.45,63.16,-16.56556,-69.04167,3808
Desaguadero,2013-02-18,8.7,15.25,4.61,74.71,0.79,3.58,63.2,-16.56556,-69.04167,3808
Desaguadero,2013-02-19,8.16,14.02,4.04,77.43,18.36,3.57,63.19,-16.56556,-69.04167,3808
Desaguadero,2013-02-20,8.65,15.7,3.56,78.77,6.44,2.94,63.13,-16.56556,-69.04167,3808
Desaguadero,2013-02-21,8.66,14.81,4.1,79.58,4.06,3.2,63.18,-16.56556,-69.04167,3808
Desaguadero,2013-02-22,8.62,14.82,4.4,79.62,2.73,3.7,63.31,-16.56556,-69.04167,3808
Desaguadero,2013-02-23,9.46,17.29,3.15,72.53,0.28,2.78,63.27,-16.56556,-69.04167,3808
Desaguadero,2013-02-24,10.78,18.47,4.45,72.0,0.09,2.04,63.18,-16.56556,-69.04167,3808
Desaguadero,2013-02-25,8.91,15.93,4.81,80.51,1.01,2.26,63.14,-16.56556,-69.04167,3808
Desaguadero,2013-02-26,6.18,10.54,3.09,88.81,5.13,1.85,63.27,-16.56556,-69.04167,3808
Desaguadero,2013-02-27,8.88,15.96,4.26,76.95,1.21,3.05,63.28,-16.56556,-69.04167,3808
Desaguadero,2013-02-28,9.3,16.26,4.12,74.89,0.56,3.15,63.25,-16.56556,-69.04167,3808
Desaguadero,2013-03-01,9.71,17.1,4.38,75.08,0.52,2.36,63.19,-16.56556,-69.04167,3808
Desaguadero,2013-03-02,9.86,15.61,5.25,78.7,0.43,2.6,63.21,-16.56556,-69.04167,3808
Desaguadero,2013-03-03,9.96,16.77,4.08,74.28,0.93,3.33,63.38,-16.56556,-69.04167,3808
Desaguadero,2013-03-04,8.03,15.37,3.27,76.6,0.19,2.08,63.4,-16.56556,-69.04167,3808
Desaguadero,2013-03-05,9.17,16.69,1.84,73.09,7.77,2.67,63.31,-16.56556,-69.04167,3808
Desaguadero,2013-03-06,9.64,15.76,4.17,76.89,5.65,2.22,63.28,-16.56556,-69.04167,3808
Desaguadero,2013-03-07,9.38,14.58,5.33,79.69,1.69,3.25,63.33,-16.56556,-69.04167,3808
Desaguadero,2013-03-08,9.26,15.66,4.58,75.47,1.27,3.36,63.39,-16.56556,-69.04167,3808
Desaguadero,2013-03-09,9.15,16.06,3.27,76.87,4.96,2.1,63.33,-16.56556,-69.04167,3808
Desaguadero,2013-03-10,9.98,16.84,5.44,71.75,0.72,1.91,63.24,-16.56556,-69.04167,3808
Desaguadero,2013-03-11,9.49,13.58,6.3,78.38,5.44,1.87,63.16,-16.56556,-69.04167,3808
Desaguadero,2013-03-12,9.98,16.83,4.34,73.62,3.66,1.63,63.17,-16.56556,-69.04167,3808
Desaguadero,2013-03-13,9.44,15.87,3.82,72.21,4.84,1.88,63.19,-16.56556,-69.04167,3808
Desaguadero,2013-03-14,9.12,15.85,3.85,71.91,5.98,1.82,63.19,-16.56556,-69.04167,3808
Desaguadero,2013-03-15,8.81,13.88,5.9,78.42,0.8,3.24,63.25,-16.56556,-69.04167,3808
Desaguadero,2013-03-16,8.83,15.63,4.39,78.27,1.73,3.03,63.29,-16.56556,-69.04167,3808
Desaguadero,2013-03-17,8.96,16.09,3.7,74.95,4.69,1.94,63.32,-16.56556,-69.04167,3808
Desaguadero,2013-03-18,9.14,16.95,2.57,72.51,1.33,1.52,63.25,-16.56556,-69.04167,3808
Desaguadero,2013-03-19,10.01,16.58,4.19,69.28,0.0,1.52,63.13,-16.56556,-69.04167,3808
Desaguadero,2013-03-20,8.86,18.21,0.08,55.71,0.18,1.18,63.12,-16.56556,-69.04167,3808
Desaguadero,2013-03-21,9.37,18.04,0.88,63.82,0.13,2.22,63.18,-16.56556,-69.04167,3808
Desaguadero,2013-03-22,9.37,14.87,5.23,76.76,20.36,2.71,63.29,-16.56556,-69.04167,3808
Desaguadero,2013-03-23,9.93,16.31,5.42,71.46,0.93,1.25,63.23,-16.56556,-69.04167,3808
Desaguadero,2013-03-24,8.94,17.09,2.28,62.01,0.47,1.76,63.05,-16.56556,-69.04167,3808
Desaguadero,2013-03-25,8.3,16.5,0.75,60.11,1.24,2.21,63.06,-16.56556,-69.04167,3808
Desaguadero,2013-03-26,7.77,15.57,2.83,74.24,2.65,2.76,63.24,-16.56556,-69.04167,3808
Desaguadero,2013-03-27,7.2,14.37,1.54,74.11,0.17,2.75,63.29,-16.56556,-69.04167,3808
Desaguadero,2013-03-28,7.95,14.98,2.1,70.49,0.06,2.01,63.26,-16.56556,-69.04167,3808
Desaguadero,2013-03-29,8.83,15.62,3.24,69.53,0.02,1.67,63.25,-16.56556,-69.04167,3808
Desaguadero,2013-03-30,9.4,16.58,3.51,69.1,0.0,1.78,63.28,-16.56556,-69.04167,3808
Desaguadero,2013-03-31,10.01,16.34,4.96,70.99,0.0,2.18,63.26,-16.56556,-69.04167,3808
Desaguadero,2013-04-01,10.26,15.54,6.74,73.61,0.27,1.7,63.3,-16.56556,-69.04167,3808
Desaguadero,2013-04-02,8.22,14.65,3.29,74.7,0.77,1.81,63.34,-16.56556,-69.04167,3808
Desaguadero,2013-04-03,9.61,15.8,5.88,75.48,1.01,2.4,63.27,-16.56556,-69.04167,3808
Desaguadero,2013-04-04,9.68,18.17,3.43,62.09,0.13,0.99,63.23,-16.56556,-69.04167,3808
Desaguadero,2013-04-05,8.72,17.58,0.66,51.72,0.12,1.66,63.27,-16.56556,-69.04167,3808
Desaguadero,2013-04-06,8.32,15.17,1.99,67.2,1.2,1.61,63.29,-16.56556,-69.04167,3808
Desaguadero,2013-04-07,8.94,15.21,4.16,69.47,2.22,2.06,63.27,-16.56556,-69.04167,3808
Desaguadero,2013-04-08,9.58,16.24,4.93,72.05,3.74,1.23,63.24,-16.56556,-69.04167,3808
Desaguadero,2013-04-09,8.64,15.92,2.26,68.6,0.35,1.54,63.25,-16.56556,-69.04167,3808
Desaguadero,2013-04-10,10.33,16.98,6.14,70.21,0.02,1.9,63.17,-16.56556,-69.04167,3808
Desaguadero,2013-04-11,10.48,17.76,4.64,62.08,0.63,1.45,63.08,-16.56556,-69.04167,3808
Desaguadero,2013-04-12,8.16,16.43,1.22,57.64,0.28,1.8,63.19,-16.56556,-69.04167,3808
Desaguadero,2013-04-13,6.7,16.27,-1.64,48.73,2.63,1.72,63.26,-16.56556,-69.04167,3808
Desaguadero,2013-04-14,8.23,14.79,4.02,69.08,0.01,1.42,63.3,-16.56556,-69.04167,3808
Desaguadero,2013-04-15,8.94,16.59,2.95,67.06,0.0,1.44,63.35,-16.56556,-69.04167,3808
Desaguadero,2013-04-16,8.71,16.15,3.46,63.71,0.21,1.47,63.34,-16.56556,-69.04167,3808
Desaguadero,2013-04-17,7.2,13.95,2.05,72.92,0.13,2.35,63.32,-16.56556,-69.04167,3808
Desaguadero,2013-04-18,6.9,15.04,1.07,59.66,0.0,2.18,63.27,-16.56556,-69.04167,3808
Desaguadero,2013-04-19,7.05,13.91,1.41,56.04,0.1,1.33,63.32,-16.56556,-69.04167,3808
Desaguadero,2013-04-20,8.4,16.59,1.81,54.02,0.0,0.67,63.33,-16.56556,-69.04167,3808
Desaguadero,2013-04-21,8.01,15.85,1.99,64.62,0.0,1.64,63.34,-16.56556,-69.04167,3808
Desaguadero,2013-04-22,8.19,16.57,2.26,66.23,0.0,1.75,63.35,-16.56556,-69.04167,3808
Desaguadero,2013-04-23,7.58,15.88,1.98,66.1,0.0,2.03,63.33,-16.56556,-69.04167,3808
Desaguadero,2013-04-24,6.56,16.42,-0.39,65.74,0.0,1.96,63.33,-16.56556,-69.04167,3808
Desaguadero,2013-04-25,7.52,17.41,-0.24,61.64,0.0,1.48,63.3,-16.56556,-69.04167,3808
Desaguadero,2013-04-26,7.93,17.66,-0.52,57.07,0.0,1.94,63.26,-16.56556,-69.04167,3808
Desaguadero,2013-04-27,8.42,17.72,0.64,51.22,0.0,1.03,63.18,-16.56556,-69.04167,3808
Desaguadero,2013-04-28,7.84,15.46,2.02,73.27,0.0,2.32,63.2,-16.56556,-69.04167,3808
Desaguadero,2013-04-29,7.55,14.08,1.73,78.58,0.0,3.24,63.28,-16.56556,-69.04167,3808
Desaguadero,2013-04-30,7.12,15.83,1.23,64.03,0.0,2.2,63.34,-16.56556,-69.04167,3808
Desaguadero,2013-05-01,7.49,15.54,1.4,68.82,0.0,2.14,63.37,-16.56556,-69.04167,3808
Desaguadero,2013-05-02,8.55,15.54,2.76,67.62,0.32,1.2,63.37,-16.56556,-69.04167,3808
Desaguadero,2013-05-03,8.11,15.25,2.09,63.8,0.0,1.62,63.31,-16.56556,-69.04167,3808
Desaguadero,2013-05-04,8.6,15.13,3.91,71.65,0.31,1.9,63.3,-16.56556,-69.04167,3808
Desaguadero,2013-05-05,7.98,15.06,2.84,74.53,1.26,1.72,63.4,-16.56556,-69.04167,3808
Desaguadero,2013-05-06,8.0,15.57,2.06,71.43,0.09,1.15,63.46,-16.56556,-69.04167,3808
Desaguadero,2013-05-07,7.53,14.8,2.72,75.08,0.0,2.49,63.51,-16.56556,-69.04167,3808
Desaguadero,2013-05-08,8.37,17.0,2.37,68.12,0.0,1.27,63.46,-16.56556,-69.04167,3808
Desaguadero,2013-05-09,8.95,17.39,2.55,59.94,0.0,1.01,63.38,-16.56556,-69.04167,3808
Desaguadero,2013-05-10,8.54,17.71,0.98,53.76,0.0,1.33,63.3,-16.56556,-69.04167,3808
Desaguadero,2013-05-11,8.68,17.1,1.72,59.38,0.0,1.51,63.25,-16.56556,-69.04167,3808
Desaguadero,2013-05-12,6.82,11.38,3.94,84.15,0.22,2.89,63.24,-16.56556,-69.04167,3808
Desaguadero,2013-05-13,7.86,13.86,4.11,73.63,0.02,2.61,63.25,-16.56556,-69.04167,3808
Desaguadero,2013-05-14,9.01,16.16,4.35,69.83,0.0,1.37,63.26,-16.56556,-69.04167,3808
Desaguadero,2013-05-15,8.11,14.11,2.59,71.18,2.84,2.0,63.25,-16.56556,-69.04167,3808
Desaguadero,2013-05-16,5.5,12.37,1.76,83.6,4.22,3.28,63.2,-16.56556,-69.04167,3808
Desaguadero,2013-05-17,5.53,11.34,1.55,82.77,2.21,4.35,63.24,-16.56556,-69.04167,3808
Desaguadero,2013-05-18,7.32,13.25,3.39,77.65,1.5,1.73,63.35,-16.56556,-69.04167,3808
Desaguadero,2013-05-19,6.7,13.95,1.08,77.01,0.65,2.43,63.41,-16.56556,-69.04167,3808
Desaguadero,2013-05-20,7.3,13.41,3.23,78.01,0.06,2.49,63.34,-16.56556,-69.04167,3808
Desaguadero,2013-05-21,8.27,15.75,2.42,69.93,0.0,1.17,63.23,-16.56556,-69.04167,3808
Desaguadero,2013-05-22,7.64,15.23,2.29,70.0,0.0,1.75,63.23,-16.56556,-69.04167,3808
Desaguadero,2013-05-23,8.36,15.05,3.92,73.1,0.05,1.88,63.26,-16.56556,-69.04167,3808
Desaguadero,2013-05-24,6.02,11.09,1.8,82.37,3.32,1.45,63.34,-16.56556,-69.04167,3808
Desaguadero,2013-05-25,6.5,14.45,1.41,68.14,0.25,1.68,63.28,-16.56556,-69.04167,3808
Desaguadero,2013-05-26,5.5,14.91,-1.56,47.12,0.0,2.24,63.25,-16.56556,-69.04167,3808
Desaguadero,2013-05-27,4.65,14.08,-2.11,44.6,0.0,2.2,63.21,-16.56556,-69.04167,3808
Desaguadero,2013-05-28,4.83,14.28,-2.21,41.59,0.0,1.97,63.12,-16.56556,-69.04167,3808
Desaguadero,2013-05-29,4.06,13.76,-2.78,38.9,0.43,1.93,63.13,-16.56556,-69.04167,3808
Desaguadero,2013-05-30,4.23,12.33,-3.04,53.64,0.47,2.14,63.23,-16.56556,-69.04167,3808
Desaguadero,2013-05-31,5.48,13.99,-1.3,50.94,0.06,1.92,63.17,-16.56556,-69.04167,3808
Desaguadero,2013-06-01,4.43,13.17,-2.95,47.26,0.02,1.66,63.22,-16.56556,-69.04167,3808
Desaguadero,2013-06-02,6.7,14.32,1.64,57.09,2.65,1.1,63.35,-16.56556,-69.04167,3808
Desaguadero,2013-06-03,4.76,12.44,0.03,65.8,4.65,1.7,63.43,-16.56556,-69.04167,3808
Desaguadero,2013-06-04,5.01,13.94,-1.92,67.09,0.0,1.42,63.36,-16.56556,-69.04167,3808
Desaguadero,2013-06-05,6.46,14.24,1.03,68.42,0.0,1.33,63.25,-16.56556,-69.04167,3808
Desaguadero,2013-06-06,4.77,7.83,1.52,80.5,0.06,2.96,63.33,-16.56556,-69.04167,3808
Desaguadero,2013-06-07,5.19,12.03,0.59,72.14,0.0,1.78,63.36,-16.56556,-69.04167,3808
Desaguadero,2013-06-08,4.63,10.32,1.2,78.58,1.01,2.96,63.39,-16.56556,-69.04167,3808
Desaguadero,2013-06-09,5.27,12.19,1.16,77.32,0.21,1.74,63.33,-16.56556,-69.04167,3808
Desaguadero,2013-06-10,5.53,12.64,-0.16,64.8,0.0,1.66,63.33,-16.56556,-69.04167,3808
Desaguadero,2013-06-11,5.25,10.14,2.38,82.33,4.09,2.95,63.31,-16.56556,-69.04167,3808
Desaguadero,2013-06-12,4.5,9.32,1.6,84.12,3.75,3.66,63.3,-16.56556,-69.04167,3808
Desaguadero,2013-06-13,3.4,8.66,0.51,85.18,7.1,2.59,63.27,-16.56556,-69.04167,3808
Desaguadero,2013-06-14,4.96,11.49,-0.15,78.51,0.41,2.22,63.23,-16.56556,-69.04167,3808
Desaguadero,2013-06-15,4.9,13.29,-1.46,61.05,0.01,2.41,63.21,-16.56556,-69.04167,3808
Desaguadero,2013-06-16,3.6,13.16,-3.54,48.22,0.28,1.75,63.2,-16.56556,-69.04167,3808
Desaguadero,2013-06-17,5.25,11.84,-0.25,78.1,0.42,2.72,63.18,-16.56556,-69.04167,3808
Desaguadero,2013-06-18,5.5,13.05,0.03,62.84,0.25,2.19,63.15,-16.56556,-69.04167,3808
Desaguadero,2013-06-19,4.63,10.94,1.2,64.37,0.01,2.05,63.12,-16.56556,-69.04167,3808
Desaguadero,2013-06-20,4.68,10.68,-0.18,79.41,0.08,2.91,63.08,-16.56556,-69.04167,3808
Desaguadero,2013-06-21,5.42,12.89,-0.61,59.4,0.52,2.31,63.15,-16.56556,-69.04167,3808
Desaguadero,2013-06-22,5.73,12.87,0.37,65.43,0.18,2.27,63.15,-16.56556,-69.04167,3808
Desaguadero,2013-06-23,5.44,11.33,0.01,77.73,1.47,2.93,63.17,-16.56556,-69.04167,3808
Desaguadero,2013-06-24,6.06,11.85,1.05,79.09,2.11,3.49,63.17,-16.56556,-69.04167,3808
Desaguadero,2013-06-25,4.54,10.08,0.45,80.09,3.22,2.68,63.17,-16.56556,-69.04167,3808
Desaguadero,2013-06-26,3.97,12.78,-1.95,57.6,0.2,2.15,63.24,-16.56556,-69.04167,3808
Desaguadero,2013-06-27,4.41,13.67,-2.1,43.72,0.05,1.82,63.37,-16.56556,-69.04167,3808
Desaguadero,2013-06-28,3.93,14.27,-4.15,39.37,0.0,2.22,63.36,-16.56556,-69.04167,3808
Desaguadero,2013-06-29,3.37,13.79,-4.37,53.54,0.23,2.25,63.25,-16.56556,-69.04167,3808
Desaguadero,2013-06-30,4.37,12.77,-2.29,65.26,0.66,1.75,63.22,-16.56556,-69.04167,3808
Desaguadero,2013-07-01,5.23,11.9,1.03,75.84,0.46,1.7,63.29,-16.56556,-69.04167,3808
Desaguadero,2013-07-02,5.61,12.0,0.8,75.4,0.04,1.62,63.24,-16.56556,-69.04167,3808
Desaguadero,2013-07-03,5.22,11.65,-0.07,62.85,0.0,2.22,63.18,-16.56556,-69.04167,3808
Desaguadero,2013-07-04,4.04,10.76,-0.3,65.3,1.48,1.67,63.27,-16.56556,-69.04167,3808
Desaguadero,2013-07-05,4.63,11.72,0.24,74.07,1.58,1.67,63.38,-16.56556,-69.04167,3808
Desaguadero,2013-07-06,5.43,12.29,-0.28,76.32,0.09,2.4,63.33,-16.56556,-69.04167,3808
Desaguadero,2013-07-07,4.01,12.05,-0.9,75.45,0.0,2.77,63.34,-16.56556,-69.04167,3808
Desaguadero,2013-07-08,3.88,10.75,-1.31,78.84,0.0,2.84,63.45,-16.56556,-69.04167,3808
Desaguadero,2013-07-09,6.44,13.73,1.71,72.75,0.49,1.25,63.38,-16.56556,-69.04167,3808
Desaguadero,2013-07-10,5.69,14.36,-1.57,63.42,0.0,1.61,63.34,-16.56556,-69.04167,3808
Desaguadero,2013-07-11,6.47,14.71,0.94,62.07,0.0,1.37,63.26,-16.56556,-69.04167,3808
Desaguadero,2013-07-12,5.77,13.82,0.06,68.89,0.0,2.0,63.25,-16.56556,-69.04167,3808
Desaguadero,2013-07-13,5.84,11.95,1.73,77.07,0.0,2.15,63.22,-16.56556,-69.04167,3808
Desaguadero,2013-07-14,4.66,10.98,0.17,68.72,0.0,2.59,63.29,-16.56556,-69.04167,3808
Desaguadero,2013-07-15,4.06,10.18,-0.76,74.76,0.08,2.53,63.37,-16.56556,-69.04167,3808
Desaguadero,2013-07-16,4.53,10.37,-0.15,77.01,0.0,1.91,63.35,-16.56556,-69.04167,3808
Desaguadero,2013-07-17,6.38,11.66,2.13,68.17,0.0,0.93,63.31,-16.56556,-69.04167,3808
Desaguadero,2013-07-18,6.15,12.14,-0.75,51.44,0.16,1.63,63.29,-16.56556,-69.04167,3808
Desaguadero,2013-07-19,4.99,10.01,0.21,71.58,4.57,2.98,63.23,-16.56556,-69.04167,3808
Desaguadero,2013-07-20,3.86,12.5,-2.84,61.12,0.24,3.77,63.16,-16.56556,-69.04167,3808
Desaguadero,2013-07-21,3.79,11.96,-3.89,54.73,0.0,2.49,63.11,-16.56556,-69.04167,3808
Desaguadero,2013-07-22,5.92,13.0,-1.07,69.28,0.08,3.4,63.16,-16.56556,-69.04167,3808
Desaguadero,2013-07-23,5.57,13.43,-0.66,60.21,0.08,2.88,63.14,-16.56556,-69.04167,3808
Desaguadero,2013-07-24,4.78,13.48,-1.84,61.79,0.0,2.27,63.17,-16.56556,-69.04167,3808
Desaguadero,2013-07-25,3.86,11.49,-1.8,77.67,0.0,2.82,63.32,-16.56556,-69.04167,3808
Desaguadero,2013-07-26,4.02,12.31,-1.8,73.24,0.0,2.93,63.42,-16.56556,-69.04167,3808
Desaguadero,2013-07-27,5.76,14.93,0.06,69.88,0.0,1.83,63.45,-16.56556,-69.04167,3808
Desaguadero,2013-07-28,4.86,13.39,-0.2,59.59,0.0,2.27,63.45,-16.56556,-69.04167,3808
Desaguadero,2013-07-29,4.77,14.28,-1.04,55.39,0.0,2.24,63.48,-16.56556,-69.04167,3808
Desaguadero,2013-07-30,4.76,14.16,-1.19,49.92,0.0,1.93,63.46,-16.56556,-69.04167,3808
Desaguadero,2013-07-31,4.89,13.78,-1.34,59.26,0.01,2.75,63.32,-16.56556,-69.04167,3808
Desaguadero,2013-08-01,5.73,13.76,-1.63,71.54,0.0,2.85,63.24,-16.56556,-69.04167,3808
Desaguadero,2013-08-02,6.88,13.2,2.43,72.85,0.0,1.97,63.28,-16.56556,-69.04167,3808
Desaguadero,2013-08-03,6.35,14.22,0.58,60.21,0.0,1.6,63.34,-16.56556,-69.04167,3808
Desaguadero,2013-08-04,4.63,14.33,-2.9,52.22,0.05,3.08,63.39,-16.56556,-69.04167,3808
Desaguadero,2013-08-05,6.54,13.48,0.35,77.59,0.01,2.24,63.35,-16.56556,-69.04167,3808
Desaguadero,2013-08-06,5.91,11.14,2.35,77.52,0.14,2.74,63.39,-16.56556,-69.04167,3808
Desaguadero,2013-08-07,6.59,12.86,0.99,66.8,0.0,1.99,63.27,-16.56556,-69.04167,3808
Desaguadero,2013-08-08,6.8,15.28,-0.95,52.97,0.15,2.28,63.13,-16.56556,-69.04167,3808
Desaguadero,2013-08-09,6.25,15.02,0.31,40.73,1.62,1.78,63.17,-16.56556,-69.04167,3808
Desaguadero,2013-08-10,4.7,10.88,0.22,54.35,0.42,1.4,63.29,-16.56556,-69.04167,3808
Desaguadero,2013-08-11,5.32,14.61,-2.66,33.69,0.0,1.98,63.23,-16.56556,-69.04167,3808
Desaguadero,2013-08-12,4.87,15.32,-4.36,40.36,0.0,1.49,63.12,-16.56556,-69.04167,3808
Desaguadero,2013-08-13,6.02,15.09,-1.43,64.67,0.1,2.85,63.15,-16.56556,-69.04167,3808
Desaguadero,2013-08-14,6.44,13.69,1.77,74.42,0.06,2.27,63.29,-16.56556,-69.04167,3808
Desaguadero,2013-08-15,6.23,15.53,-0.85,52.71,0.0,1.5,63.27,-16.56556,-69.04167,3808
Desaguadero,2013-08-16,5.12,15.78,-3.44,41.98,0.0,2.25,63.28,-16.56556,-69.04167,3808
Desaguadero,2013-08-17,5.31,15.02,-2.46,68.46,0.0,1.88,63.32,-16.56556,-69.04167,3808
Desaguadero,2013-08-18,7.16,16.98,0.89,63.79,0.0,1.83,63.26,-16.56556,-69.04167,3808
Desaguadero,2013-08-19,6.67,16.4,0.23,58.17,0.0,1.95,63.26,-16.56556,-69.04167,3808
Desaguadero,2013-08-20,5.68,14.47,-0.1,62.04,0.0,2.79,63.26,-16.56556,-69.04167,3808
Desaguadero,2013-08-21,7.12,16.49,-0.34,65.31,0.0,1.81,63.19,-16.56556,-69.04167,3808
Desaguadero,2013-08-22,8.07,15.79,1.93,61.51,0.84,2.0,63.1,-16.56556,-69.04167,3808
Desaguadero,2013-08-23,3.94,6.72,1.26,84.33,5.12,3.18,62.98,-16.56556,-69.04167,3808
Desaguadero,2013-08-24,2.89,6.9,-0.46,88.14,7.8,4.6,62.92,-16.56556,-69.04167,3808
Desaguadero,2013-08-25,3.8,10.19,-2.36,51.46,2.53,4.89,63.19,-16.56556,-69.04167,3808
Desaguadero,2013-08-26,4.41,13.87,-2.71,29.6,0.0,2.77,63.26,-16.56556,-69.04167,3808
Desaguadero,2013-08-27,3.56,13.13,-4.78,43.72,0.0,2.61,63.28,-16.56556,-69.04167,3808
Desaguadero,2013-08-28,3.21,11.1,-2.28,57.58,0.34,3.05,63.4,-16.56556,-69.04167,3808
Desaguadero,2013-08-29,4.07,12.14,-1.96,48.07,2.55,2.66,63.38,-16.56556,-69.04167,3808
Desaguadero,2013-08-30,4.33,11.3,-2.78,65.86,1.01,2.5,63.35,-16.56556,-69.04167,3808
Desaguadero,2013-08-31,5.68,14.77,-2.31,51.01,0.0,1.86,63.28,-16.56556,-69.04167,3808
Desaguadero,2013-09-01,5.24,15.22,-3.18,43.73,0.0,2.51,63.23,-16.56556,-69.04167,3808
Desaguadero,2013-09-02,3.44,13.5,-4.93,32.71,0.0,3.86,63.23,-16.56556,-69.04167,3808
Desaguadero,2013-09-03,4.73,14.58,-4.16,44.37,0.0,2.43,63.28,-16.56556,-69.04167,3808
Desaguadero,2013-09-04,6.79,13.7,1.92,70.27,0.0,3.12,63.38,-16.56556,-69.04167,3808
Desaguadero,2013-09-05,7.38,15.13,1.39,62.27,0.0,1.4,63.39,-16.56556,-69.04167,3808
Desaguadero,2013-09-06,7.54,16.51,-0.67,58.39,0.0,2.57,63.39,-16.56556,-69.04167,3808
Desaguadero,2013-09-07,7.85,16.94,0.49,57.53,0.0,2.04,63.37,-16.56556,-69.04167,3808
Desaguadero,2013-09-08,7.36,15.45,0.73,64.16,0.04,2.79,63.39,-16.56556,-69.04167,3808
Desaguadero,2013-09-09,6.56,13.3,0.9,67.9,0.01,3.05,63.46,-16.56556,-69.04167,3808
Desaguadero,2013-09-10,6.96,14.04,1.19,66.72,0.0,2.28,63.38,-16.56556,-69.04167,3808
Desaguadero,2013-09-11,8.21,15.3,3.01,65.0,0.0,1.67,63.2,-16.56556,-69.04167,3808
Desaguadero,2013-09-12,8.09,16.23,1.37,65.46,0.01,2.05,63.04,-16.56556,-69.04167,3808
Desaguadero,2013-09-13,8.37,15.76,3.58,66.58,1.95,3.26,63.01,-16.56556,-69.04167,3808
Desaguadero,2013-09-14,6.92,14.77,2.29,71.65,2.28,3.57,63.08,-16.56556,-69.04167,3808
Desaguadero,2013-09-15,8.57,17.15,2.08,60.66,0.08,2.41,63.14,-16.56556,-69.04167,3808
Desaguadero,2013-09-16,7.11,17.01,-1.29,36.95,0.2,2.5,63.13,-16.56556,-69.04167,3808
Desaguadero,2013-09-17,6.69,15.9,-2.52,38.73,0.1,2.71,63.15,-16.56556,-69.04167,3808
Desaguadero,2013-09-18,8.52,17.01,1.84,57.89,0.03,2.97,63.18,-16.56556,-69.04167,3808
Desaguadero,2013-09-19,8.56,15.12,3.12,67.19,0.0,2.84,63.33,-16.56556,-69.04167,3808
Desaguadero,2013-09-20,9.45,16.2,4.28,64.13,0.05,2.71,63.18,-16.56556,-69.04167,3808
Desaguadero,2013-09-21,8.78,16.87,1.96,53.53,0.02,2.54,63.11,-16.56556,-69.04167,3808
Desaguadero,2013-09-22,8.76,17.6,0.74,51.46,0.0,2.96,63.25,-16.56556,-69.04167,3808
Desaguadero,2013-09-23,9.16,17.2,4.19,72.19,0.45,4.03,63.34,-16.56556,-69.04167,3808
Desaguadero,2013-09-24,8.26,14.68,3.31,71.64,1.71,2.57,63.31,-16.56556,-69.04167,3808
Desaguadero,2013-09-25,9.13,17.24,3.11,60.62,2.64,2.17,63.2,-16.56556,-69.04167,3808
Desaguadero,2013-09-26,8.55,16.16,4.08,67.36,0.08,3.06,63.19,-16.56556,-69.04167,3808
Desaguadero,2013-09-27,9.43,17.1,3.2,60.26,0.0,2.4,63.18,-16.56556,-69.04167,3808
Desaguadero,2013-09-28,7.87,16.66,0.49,53.69,0.0,2.55,63.25,-16.56556,-69.04167,3808
Desaguadero,2013-09-29,9.36,16.46,3.9,63.9,0.08,2.51,63.27,-16.56556,-69.04167,3808
Desaguadero,2013-09-30,8.07,16.26,0.84,54.12,0.88,2.16,63.18,-16.56556,-69.04167,3808
Desaguadero,2013-10-01,8.64,17.18,2.06,56.42,0.61,2.33,63.07,-16.56556,-69.04167,3808
Desaguadero,2013-10-02,7.87,15.91,2.7,46.07,0.39,1.94,63.17,-16.56556,-69.04167,3808
Desaguadero,2013-10-03,8.51,16.98,0.46,48.3,0.01,2.46,63.21,-16.56556,-69.04167,3808
Desaguadero,2013-10-04,8.2,14.61,3.76,74.17,0.66,3.42,63.23,-16.56556,-69.04167,3808
Desaguadero,2013-10-05,8.5,16.13,2.03,67.68,1.19,2.15,63.2,-16.56556,-69.04167,3808
Desaguadero,2013-10-06,8.4,17.33,0.31,53.69,0.06,1.69,63.23,-16.56556,-69.04167,3808
Desaguadero,2013-10-07,8.95,15.61,3.72,51.82,0.0,2.42,63.26,-16.56556,-69.04167,3808
Desaguadero,2013-10-08,9.06,16.57,3.03,62.94,0.0,2.38,63.27,-16.56556,-69.04167,3808
Desaguadero,2013-10-09,9.71,16.96,4.48,61.0,0.0,2.21,63.25,-16.56556,-69.04167,3808
Desaguadero,2013-10-10,9.32,15.82,5.05,63.46,2.33,3.18,63.22,-16.56556,-69.04167,3808
Desaguadero,2013-10-11,9.47,16.5,3.88,60.66,1.51,2.29,63.12,-16.56556,-69.04167,3808
Desaguadero,2013-10-12,9.39,16.21,3.23,61.48,0.04,2.31,63.12,-16.56556,-69.04167,3808
Desaguadero,2013-10-13,7.59,11.68,2.83,72.12,9.12,2.4,63.14,-16.56556,-69.04167,3808
Desaguadero,2013-10-14,6.73,14.34,0.46,61.53,6.7,2.15,63.17,-16.56556,-69.04167,3808
Desaguadero,2013-10-15,7.69,15.65,1.49,65.26,3.15,2.3,63.23,-16.56556,-69.04167,3808
Desaguadero,2013-10-16,9.48,17.51,1.83,59.28,0.26,2.12,63.25,-16.56556,-69.04167,3808
Desaguadero,2013-10-17,9.45,17.81,1.91,54.52,0.0,1.27,63.24,-16.56556,-69.04167,3808
Desaguadero,2013-10-18,9.44,18.28,0.79,52.54,0.13,2.02,63.2,-16.56556,-69.04167,3808
Desaguadero,2013-10-19,11.33,19.16,6.12,63.67,0.01,2.16,63.15,-16.56556,-69.04167,3808
Desaguadero,2013-10-20,11.7,19.83,5.18,55.23,0.0,1.71,63.17,-16.56556,-69.04167,3808
Desaguadero,2013-10-21,10.21,20.5,1.95,48.79,0.0,3.68,63.17,-16.56556,-69.04167,3808
Desaguadero,2013-10-22,10.28,17.54,3.95,60.23,1.24,2.83,63.18,-16.56556,-69.04167,3808
Desaguadero,2013-10-23,10.13,17.98,4.72,57.48,0.04,2.5,63.11,-16.56556,-69.04167,3808
Desaguadero,2013-10-24,8.49,15.65,3.05,66.71,2.76,3.88,63.22,-16.56556,-69.04167,3808
Desaguadero,2013-10-25,7.92,14.5,3.65,75.68,10.02,3.14,63.31,-16.56556,-69.04167,3808
Desaguadero,2013-10-26,9.69,16.98,3.6,65.84,0.61,2.39,63.25,-16.56556,-69.04167,3808
Desaguadero,2013-10-27,8.86,13.44,5.7,75.14,2.74,3.78,63.21,-16.56556,-69.04167,3808
Desaguadero,2013-10-28,8.46,14.48,3.16,74.97,21.59,2.41,63.23,-16.56556,-69.04167,3808
Desaguadero,2013-10-29,10.38,19.0,3.19,59.71,1.11,1.69,63.15,-16.56556,-69.04167,3808
Desaguadero,2013-10-30,8.73,14.62,3.45,68.09,1.52,2.61,63.1,-16.56556,-69.04167,3808
Desaguadero,2013-10-31,9.16,17.88,2.99,68.74,1.81,2.23,63.0,-16.56556,-69.04167,3808
Desaguadero,2013-11-01,6.51,12.38,1.19,65.81,1.67,2.46,63.04,-16.56556,-69.04167,3808
Desaguadero,2013-11-02,8.85,16.39,2.16,61.93,0.41,2.89,63.08,-16.56556,-69.04167,3808
Desaguadero,2013-11-03,8.28,13.23,4.15,74.51,5.33,4.53,63.12,-16.56556,-69.04167,3808
Desaguadero,2013-11-04,8.52,16.42,1.84,67.27,0.81,1.52,63.12,-16.56556,-69.04167,3808
Desaguadero,2013-11-05,8.1,16.7,2.72,68.01,0.35,3.15,63.14,-16.56556,-69.04167,3808
Desaguadero,2013-11-06,9.36,18.01,3.34,56.08,0.0,2.63,63.2,-16.56556,-69.04167,3808
Desaguadero,2013-11-07,10.15,19.56,2.51,50.2,0.0,2.48,63.17,-16.56556,-69.04167,3808
Desaguadero,2013-11-08,9.94,19.18,2.34,59.7,0.0,3.01,63.16,-16.56556,-69.04167,3808
Desaguadero,2013-11-09,9.49,18.86,2.29,48.4,0.0,2.93,63.07,-16.56556,-69.04167,3808
Desaguadero,2013-11-10,10.96,20.29,3.77,49.61,0.0,1.85,62.99,-16.56556,-69.04167,3808
Desaguadero,2013-11-11,9.99,19.34,-0.74,43.75,1.7,2.42,63.07,-16.56556,-69.04167,3808
Desaguadero,2013-11-12,7.89,13.2,4.54,74.22,3.74,3.21,63.13,-16.56556,-69.04167,3808
Desaguadero,2013-11-13,8.26,14.88,4.17,70.79,0.51,3.22,63.25,-16.56556,-69.04167,3808
Desaguadero,2013-11-14,9.97,17.57,3.16,65.12,0.53,2.35,63.23,-16.56556,-69.04167,3808
Desaguadero,2013-11-15,11.68,18.39,6.08,64.51,0.02,2.13,63.2,-16.56556,-69.04167,3808
Desaguadero,2013-11-16,9.32,16.77,2.76,73.36,3.16,2.32,63.2,-16.56556,-69.04167,3808
Desaguadero,2013-11-17,8.88,17.3,2.58,67.71,0.1,2.39,63.13,-16.56556,-69.04167,3808
Desaguadero,2013-11-18,10.28,17.06,4.17,64.1,0.0,2.52,62.94,-16.56556,-69.04167,3808
Desaguadero,2013-11-19,9.42,15.97,3.64,53.32,0.29,2.11,62.95,-16.56556,-69.04167,3808
Desaguadero,2013-11-20,9.01,17.31,0.86,51.24,2.09,2.86,63.09,-16.56556,-69.04167,3808
Desaguadero,2013-11-21,6.88,11.15,3.47,80.42,4.04,2.54,63.21,-16.56556,-69.04167,3808
Desaguadero,2013-11-22,7.25,14.17,1.75,74.29,7.09,2.79,63.1,-16.56556,-69.04167,3808
Desaguadero,2013-11-23,9.81,18.24,3.01,58.47,0.72,1.57,62.93,-16.56556,-69.04167,3808
Desaguadero,2013-11-24,10.86,18.31,4.42,61.12,0.0,1.84,62.97,-16.56556,-69.04167,3808
Desaguadero,2013-11-25,11.22,17.46,6.68,64.06,0.35,2.08,63.07,-16.56556,-69.04167,3808
Desaguadero,2013-11-26,9.88,16.22,4.67,66.7,0.92,2.22,63.07,-16.56556,-69.04167,3808
Desaguadero,2013-11-27,10.79,19.2,3.28,57.52,0.01,2.22,63.03,-16.56556,-69.04167,3808
Desaguadero,2013-11-28,11.71,19.66,5.05,56.71,0.0,2.63,63.08,-16.56556,-69.04167,3808
Desaguadero,2013-11-29,10.78,17.05,6.04,64.94,0.0,2.56,63.11,-16.56556,-69.04167,3808
Desaguadero,2013-11-30,10.31,18.09,5.06,58.97,1.55,3.69,63.15,-16.56556,-69.04167,3808
Desaguadero,2013-12-01,10.8,19.75,4.62,57.88,0.33,3.22,63.19,-16.56556,-69.04167,3808
Desaguadero,2013-12-02,10.36,18.32,5.32,57.03,0.0,4.07,63.28,-16.56556,-69.04167,3808
Desaguadero,2013-12-03,8.97,16.61,3.65,64.19,0.27,5.28,63.35,-16.56556,-69.04167,3808
Desaguadero,2013-12-04,7.95,13.21,3.59,75.54,0.62,2.96,63.27,-16.56556,-69.04167,3808
Desaguadero,2013-12-05,10.78,19.03,4.06,66.64,0.0,2.57,63.19,-16.56556,-69.04167,3808
Desaguadero,2013-12-06,10.13,15.27,6.81,69.42,1.19,2.64,63.13,-16.56556,-69.04167,3808
Desaguadero,2013-12-07,9.31,16.24,4.44,69.54,1.81,3.01,63.13,-16.56556,-69.04167,3808
Desaguadero,2013-12-08,9.44,15.97,4.23,68.32,7.51,1.61,63.1,-16.56556,-69.04167,3808
Desaguadero,2013-12-09,8.52,15.94,2.8,73.43,2.22,2.38,63.12,-16.56556,-69.04167,3808
Desaguadero,2013-12-10,9.67,15.46,5.96,75.98,13.46,3.66,63.16,-16.56556,-69.04167,3808
Desaguadero,2013-12-11,7.24,13.97,2.02,79.24,3.85,2.82,63.15,-16.56556,-69.04167,3808
Desaguadero,2013-12-12,8.45,17.01,1.76,69.94,1.92,2.0,63.07,-16.56556,-69.04167,3808
Desaguadero,2013-12-13,7.3,14.56,2.73,70.94,2.75,1.51,62.99,-16.56556,-69.04167,3808
Desaguadero,2013-12-14,7.51,14.0,2.51,77.25,13.66,2.08,63.05,-16.56556,-69.04167,3808
Desaguadero,2013-12-15,8.17,13.77,3.76,77.44,8.99,2.3,63.13,-16.56556,-69.04167,3808
Desaguadero,2013-12-16,8.14,16.48,2.47,71.24,8.34,2.29,63.14,-16.56556,-69.04167,3808
Desaguadero,2013-12-17,9.04,16.12,2.65,64.57,2.9,3.02,63.07,-16.56556,-69.04167,3808
Desaguadero,2013-12-18,9.45,17.43,2.73,67.02,8.0,2.49,63.03,-16.56556,-69.04167,3808
Desaguadero,2013-12-19,8.7,17.05,2.29,72.31,1.62,2.09,63.03,-16.56556,-69.04167,3808
Desaguadero,2013-12-20,9.22,17.44,3.29,70.62,0.53,3.37,62.99,-16.56556,-69.04167,3808
Desaguadero,2013-12-21,9.28,16.75,1.63,69.16,14.71,2.91,63.05,-16.56556,-69.04167,3808
Desaguadero,2013-12-22,9.33,16.52,3.81,72.24,7.23,2.81,63.1,-16.56556,-69.04167,3808
Desaguadero,2013-12-23,8.24,15.0,3.05,73.13,7.35,2.65,63.12,-16.56556,-69.04167,3808
Desaguadero,2013-12-24,8.88,16.82,2.51,68.3,2.4,2.18,63.01,-16.56556,-69.04167,3808
Desaguadero,2013-12-25,8.94,15.54,2.91,66.42,0.88,2.25,63.05,-16.56556,-69.04167,3808
Desaguadero,2013-12-26,9.81,16.5,4.76,66.09,2.87,2.74,63.19,-16.56556,-69.04167,3808
Desaguadero,2013-12-27,9.45,16.1,4.54,73.6,2.01,3.01,63.29,-16.56556,-69.04167,3808
Desaguadero,2013-12-28,9.76,15.75,4.83,67.94,0.66,3.2,63.27,-16.56556,-69.04167,3808
Desaguadero,2013-12-29,10.85,17.86,5.23,65.92,2.07,1.96,63.15,-16.56556,-69.04167,3808
Desaguadero,2013-12-30,9.45,15.76,4.37,74.27,3.25,2.41,63.1,-16.56556,-69.04167,3808
Desaguadero,2013-12-31,6.39,12.53,2.69,79.33,8.52,2.97,63.08,-16.56556,-69.04167,3808
Desaguadero,2014-01-01,6.39,11.67,1.78,79.7,2.58,3.29,63.05,-16.56556,-69.04167,3808
Desaguadero,2014-01-02,9.41,17.21,2.99,70.8,4.86,2.14,62.97,-16.56556,-69.04167,3808
Desaguadero,2014-01-03,8.54,16.46,2.1,73.87,4.95,2.33,63.04,-16.56556,-69.04167,3808
Desaguadero,2014-01-04,7.02,10.36,3.33,86.44,6.09,4.55,63.2,-16.56556,-69.04167,3808
Desaguadero,2014-01-05,9.27,15.73,4.15,75.07,4.21,2.85,63.29,-16.56556,-69.04167,3808
Desaguadero,2014-01-06,9.37,15.81,4.34,76.76,5.95,2.77,63.19,-16.56556,-69.04167,3808
Desaguadero,2014-01-07,8.06,13.49,5.28,78.83,5.28,3.01,63.12,-16.56556,-69.04167,3808
Desaguadero,2014-01-08,8.68,13.43,4.75,74.9,1.47,1.85,63.16,-16.56556,-69.04167,3808
Desaguadero,2014-01-09,9.06,15.8,3.72,73.17,1.68,1.88,63.14,-16.56556,-69.04167,3808
Desaguadero,2014-01-10,9.66,17.31,3.78,70.94,0.23,2.53,63.09,-16.56556,-69.04167,3808
Desaguadero,2014-01-11,9.73,16.81,4.23,69.52,1.48,3.5,63.22,-16.56556,-69.04167,3808
Desaguadero,2014-01-12,7.5,12.96,3.74,76.78,3.01,2.69,63.36,-16.56556,-69.04167,3808
Desaguadero,2014-01-13,9.39,17.2,3.06,69.72,0.1,2.93,63.33,-16.56556,-69.04167,3808
Desaguadero,2014-01-14,9.57,17.27,3.0,67.35,0.2,3.6,63.28,-16.56556,-69.04167,3808
Desaguadero,2014-01-15,8.78,15.44,3.6,72.99,3.63,3.75,63.19,-16.56556,-69.04167,3808
Desaguadero,2014-01-16,6.87,11.67,3.95,81.4,15.68,3.03,63.18,-16.56556,-69.04167,3808
Desaguadero,2014-01-17,8.06,14.22,3.16,76.93,4.48,2.95,63.19,-16.56556,-69.04167,3808
Desaguadero,2014-01-18,8.53,14.81,3.07,77.48,5.24,1.61,63.25,-16.56556,-69.04167,3808
Desaguadero,2014-01-19,8.34,15.26,1.75,75.45,1.54,1.63,63.24,-16.56556,-69.04167,3808
Desaguadero,2014-01-20,9.76,16.43,4.55,72.15,0.12,1.68,63.17,-16.56556,-69.04167,3808
Desaguadero,2014-01-21,10.41,15.62,6.76,70.7,14.87,1.47,63.11,-16.56556,-69.04167,3808
Desaguadero,2014-01-22,7.21,11.68,2.78,82.62,5.73,2.17,63.03,-16.56556,-69.04167,3808
Desaguadero,2014-01-23,7.38,14.17,2.38,78.57,8.04,2.78,63.09,-16.56556,-69.04167,3808
Desaguadero,2014-01-24,7.02,15.04,1.92,73.79,7.04,3.66,63.05,-16.56556,-69.04167,3808
Desaguadero,2014-01-25,7.34,16.74,-0.43,66.0,9.54,3.66,63.02,-16.56556,-69.04167,3808
Desaguadero,2014-01-26,7.3,15.25,2.18,72.62,2.89,1.71,63.03,-16.56556,-69.04167,3808
Desaguadero,2014-01-27,7.1,15.35,1.84,77.53,3.88,1.91,63.06,-16.56556,-69.04167,3808
Desaguadero,2014-01-28,7.87,15.34,1.98,75.47,3.97,2.23,63.05,-16.56556,-69.04167,3808
Desaguadero,2014-01-29,7.75,13.52,2.39,80.3,6.76,3.92,63.02,-16.56556,-69.04167,3808
Desaguadero,2014-01-30,8.13,13.69,4.25,77.96,3.19,2.97,63.07,-16.56556,-69.04167,3808
Desaguadero,2014-01-31,7.54,14.26,3.21,78.19,3.64,2.42,63.12,-16.56556,-69.04167,3808
Desaguadero,2014-02-01,9.04,15.53,3.84,75.84,11.5,2.91,63.08,-16.56556,-69.04167,3808
Desaguadero,2014-02-02,9.4,17.86,3.69,61.78,4.31,2.06,63.03,-16.56556,-69.04167,3808
Desaguadero,2014-02-03,9.45,19.42,0.13,48.97,0.24,1.89,63.03,-16.56556,-69.04167,3808
Desaguadero,2014-02-04,6.52,13.84,0.13,63.2,4.61,2.32,63.05,-16.56556,-69.04167,3808
Desaguadero,2014-02-05,6.93,13.34,2.11,77.87,2.96,1.95,63.07,-16.56556,-69.04167,3808
Desaguadero,2014-02-06,7.55,14.2,2.37,77.52,4.15,2.48,63.05,-16.56556,-69.04167,3808
Desaguadero,2014-02-07,6.08,11.23,2.13,82.76,5.96,2.4,63.11,-16.56556,-69.04167,3808
Desaguadero,2014-02-08,7.87,13.42,3.24,81.67,6.25,2.49,63.08,-16.56556,-69.04167,3808
Desaguadero,2014-02-09,9.66,17.87,2.87,66.03,9.27,1.43,63.04,-16.56556,-69.04167,3808
Desaguadero,2014-02-10,6.96,12.14,2.73,78.54,6.64,1.71,63.13,-16.56556,-69.04167,3808
Desaguadero,2014-02-11,7.25,12.66,2.56,80.09,3.12,2.37,63.13,-16.56556,-69.04167,3808
Desaguadero,2014-02-12,8.5,15.77,2.47,75.52,6.21,1.65,63.08,-16.56556,-69.04167,3808
Desaguadero,2014-02-13,8.51,15.88,2.01,71.81,2.29,1.91,63.08,-16.56556,-69.04167,3808
Desaguadero,2014-02-14,6.3,10.81,3.49,82.76,2.95,3.04,63.2,-16.56556,-69.04167,3808
Desaguadero,2014-02-15,7.49,13.66,2.55,77.32,0.33,2.9,63.24,-16.56556,-69.04167,3808
Desaguadero,2014-02-16,9.42,17.16,3.51,69.16,0.56,1.07,63.13,-16.56556,-69.04167,3808
Desaguadero,2014-02-17,8.18,14.86,2.64,74.55,0.28,2.32,63.13,-16.56556,-69.04167,3808
Desaguadero,2014-02-18,8.83,14.06,4.36,77.49,0.61,2.42,63.1,-16.56556,-69.04167,3808
Desaguadero,2014-02-19,9.46,15.64,4.49,75.22,1.71,2.17,63.06,-16.56556,-69.04167,3808
Desaguadero,2014-02-20,9.09,13.62,5.52,81.9,3.91,3.28,63.04,-16.56556,-69.04167,3808
Desaguadero,2014-02-21,9.31,14.46,5.73,74.02,0.29,1.35,63.1,-16.56556,-69.04167,3808
Desaguadero,2014-02-22,9.13,15.7,4.03,75.5,0.16,1.79,63.16,-16.56556,-69.04167,3808
Desaguadero,2014-02-23,9.98,16.4,4.65,76.03,0.06,2.34,63.17,-16.56556,-69.04167,3808
Desaguadero,2014-02-24,9.05,12.62,5.92,79.25,0.0,1.94,63.21,-16.56556,-69.04167,3808
Desaguadero,2014-02-25,9.15,14.08,5.83,76.05,0.0,1.5,63.22,-16.56556,-69.04167,3808
Desaguadero,2014-02-26,8.93,14.6,4.57,75.43,0.43,2.25,63.29,-16.56556,-69.04167,3808
Desaguadero,2014-02-27,8.44,13.54,4.21,76.8,0.32,2.32,63.34,-16.56556,-69.04167,3808
Desaguadero,2014-02-28,10.89,19.32,4.48,67.95,0.02,1.92,63.23,-16.56556,-69.04167,3808
Desaguadero,2014-03-01,10.72,17.08,4.93,69.48,1.59,1.8,63.18,-16.56556,-69.04167,3808
Desaguadero,2014-03-02,10.51,18.15,4.34,65.57,1.71,1.85,63.11,-16.56556,-69.04167,3808
Desaguadero,2014-03-03,9.05,17.01,3.15,64.2,0.85,2.44,63.11,-16.56556,-69.04167,3808
Desaguadero,2014-03-04,8.17,16.84,2.16,68.03,0.07,2.97,63.17,-16.56556,-69.04167,3808
Desaguadero,2014-03-05,8.79,15.62,3.15,75.69,0.62,3.38,63.26,-16.56556,-69.04167,3808
Desaguadero,2014-03-06,9.79,16.52,4.72,75.12,0.04,2.5,63.32,-16.56556,-69.04167,3808
Desaguadero,2014-03-07,9.88,17.37,5.35,73.55,6.53,2.67,63.29,-16.56556,-69.04167,3808
Desaguadero,2014-03-08,9.1,15.75,3.85,73.59,1.81,3.24,63.33,-16.56556,-69.04167,3808
Desaguadero,2014-03-09,10.02,18.05,3.55,70.16,1.92,1.69,63.26,-16.56556,-69.04167,3808
Desaguadero,2014-03-10,9.89,17.69,3.07,65.66,0.01,2.02,63.22,-16.56556,-69.04167,3808
Desaguadero,2014-03-11,10.21,16.73,4.76,67.04,2.05,2.41,63.14,-16.56556,-69.04167,3808
Desaguadero,2014-03-12,7.67,13.56,4.33,80.99,3.64,3.8,63.19,-16.56556,-69.04167,3808
Desaguadero,2014-03-13,9.29,16.48,3.97,73.75,0.32,2.86,63.21,-16.56556,-69.04167,3808
Desaguadero,2014-03-14,10.1,16.69,3.91,72.85,0.59,2.15,63.18,-16.56556,-69.04167,3808
Desaguadero,2014-03-15,8.45,14.05,4.61,79.88,5.59,2.19,63.12,-16.56556,-69.04167,3808
Desaguadero,2014-03-16,9.06,15.1,4.71,78.92,12.06,2.72,63.13,-16.56556,-69.04167,3808
Desaguadero,2014-03-17,8.72,15.02,4.25,78.67,7.49,3.08,63.08,-16.56556,-69.04167,3808
Desaguadero,2014-03-18,6.39,12.53,2.06,84.47,5.87,3.46,63.16,-16.56556,-69.04167,3808
Desaguadero,2014-03-19,8.58,16.74,1.97,71.58,1.4,1.25,63.14,-16.56556,-69.04167,3808
Desaguadero,2014-03-20,9.76,17.77,2.79,62.12,1.4,2.08,63.07,-16.56556,-69.04167,3808
Desaguadero,2014-03-21,8.69,14.4,4.5,77.74,0.59,1.51,63.23,-16.56556,-69.04167,3808
Desaguadero,2014-03-22,8.24,12.7,6.18,82.27,0.15,2.66,63.4,-16.56556,-69.04167,3808
Desaguadero,2014-03-23,9.04,15.26,4.48,76.42,2.15,2.64,63.36,-16.56556,-69.04167,3808
Desaguadero,2014-03-24,10.03,17.08,4.76,71.67,0.17,1.49,63.25,-16.56556,-69.04167,3808
Desaguadero,2014-03-25,8.59,14.82,3.86,73.53,1.22,2.0,63.3,-16.56556,-69.04167,3808
Desaguadero,2014-03-26,8.01,15.04,2.72,78.07,9.33,3.0,63.32,-16.56556,-69.04167,3808
Desaguadero,2014-03-27,7.97,14.7,3.25,78.56,6.48,3.22,63.2,-16.56556,-69.04167,3808
Desaguadero,2014-03-28,7.47,15.53,1.25,70.53,3.11,2.61,63.06,-16.56556,-69.04167,3808
Desaguadero,2014-03-29,5.65,16.18,-2.74,51.33,1.22,2.89,62.99,-16.56556,-69.04167,3808
Desaguadero,2014-03-30,4.87,15.23,-4.08,46.58,0.26,2.03,63.06,-16.56556,-69.04167,3808
Desaguadero,2014-03-31,5.38,13.48,-1.82,62.42,0.74,2.6,63.28,-16.56556,-69.04167,3808
Desaguadero,2014-04-01,7.06,13.86,1.76,75.76,1.66,2.87,63.4,-16.56556,-69.04167,3808
Desaguadero,2014-04-02,7.61,14.84,2.52,78.37,0.41,3.01,63.43,-16.56556,-69.04167,3808
Desaguadero,2014-04-03,8.32,15.45,3.2,77.38,0.0,2.56,63.38,-16.56556,-69.04167,3808
Desaguadero,2014-04-04,8.14,14.83,3.73,77.74,5.07,3.01,63.42,-16.56556,-69.04167,3808
Desaguadero,2014-04-05,7.09,12.96,3.3,75.8,0.38,3.49,63.44,-16.56556,-69.04167,3808
Desaguadero,2014-04-06,8.26,15.92,2.46,70.53,0.05,2.91,63.37,-16.56556,-69.04167,3808
Desaguadero,2014-04-07,9.09,16.47,4.59,75.17,1.32,2.45,63.34,-16.56556,-69.04167,3808
Desaguadero,2014-04-08,9.35,17.18,3.87,70.16,0.1,2.23,63.35,-16.56556,-69.04167,3808
Desaguadero,2014-04-09,7.77,15.57,2.68,71.22,2.11,2.5,63.33,-16.56556,-69.04167,3808
Desaguadero,2014-04-10,8.06,15.89,1.79,65.93,0.64,1.63,63.24,-16.56556,-69.04167,3808
Desaguadero,2014-04-11,9.16,16.82,3.0,64.79,0.16,1.63,63.21,-16.56556,-69.04167,3808
Desaguadero,2014-04-12,8.16,16.02,0.48,64.24,0.81,2.21,63.25,-16.56556,-69.04167,3808
Desaguadero,2014-04-13,6.02,11.19,2.6,87.44,2.26,2.94,63.33,-16.56556,-69.04167,3808
Desaguadero,2014-04-14,7.66,13.94,3.51,78.73,0.04,1.59,63.28,-16.56556,-69.04167,3808
Desaguadero,2014-04-15,8.16,14.94,3.31,74.72,0.0,2.11,63.26,-16.56556,-69.04167,3808
Desaguadero,2014-04-16,9.39,16.86,4.56,65.74,0.0,1.61,63.2,-16.56556,-69.04167,3808
Desaguadero,2014-04-17,7.75,12.96,4.04,74.02,1.09,1.76,63.25,-16.56556,-69.04167,3808
Desaguadero,2014-04-18,8.05,15.52,2.61,69.95,0.15,2.09,63.25,-16.56556,-69.04167,3808
Desaguadero,2014-04-19,8.5,14.91,4.46,71.92,0.6,1.81,63.35,-16.56556,-69.04167,3808
Desaguadero,2014-04-20,7.26,14.01,2.33,68.89,5.32,2.13,63.42,-16.56556,-69.04167,3808
Desaguadero,2014-04-21,7.2,13.75,2.59,73.84,0.79,1.33,63.31,-16.56556,-69.04167,3808
Desaguadero,2014-04-22,7.2,14.24,2.07,70.44,0.46,2.23,63.23,-16.56556,-69.04167,3808
Desaguadero,2014-04-23,7.4,13.18,3.4,80.13,2.76,2.31,63.3,-16.56556,-69.04167,3808
Desaguadero,2014-04-24,7.32,13.98,2.58,77.36,1.21,2.14,63.36,-16.56556,-69.04167,3808
Desaguadero,2014-04-25,8.56,16.39,2.89,62.46,0.0,1.5,63.3,-16.56556,-69.04167,3808
Desaguadero,2014-04-26,7.5,16.24,0.97,46.76,0.0,1.45,63.26,-16.56556,-69.04167,3808
Desaguadero,2014-04-27,6.63,15.92,-1.91,48.76,0.0,1.77,63.26,-16.56556,-69.04167,3808
Desaguadero,2014-04-28,7.95,14.08,4.24,78.05,0.39,3.09,63.27,-16.56556,-69.04167,3808
Desaguadero,2014-04-29,6.89,13.38,2.25,77.26,0.48,2.42,63.18,-16.56556,-69.04167,3808
Desaguadero,2014-04-30,8.03,15.08,1.27,61.2,0.05,2.53,63.13,-16.56556,-69.04167,3808
Desaguadero,2014-05-01,6.02,15.94,-1.58,42.98,0.91,1.96,63.16,-16.56556,-69.04167,3808
Desaguadero,2014-05-02,6.11,15.01,-0.85,58.63,1.99,1.91,63.27,-16.56556,-69.04167,3808
Desaguadero,2014-05-03,7.67,16.36,0.81,75.67,0.94,1.86,63.41,-16.56556,-69.04167,3808
Desaguadero,2014-05-04,9.3,15.77,4.55,68.66,0.0,0.78,63.41,-16.56556,-69.04167,3808
Desaguadero,2014-05-05,8.29,15.14,2.94,63.28,0.07,0.77,63.3,-16.56556,-69.04167,3808
Desaguadero,2014-05-06,6.49,15.63,-1.51,53.55,0.0,1.61,63.33,-16.56556,-69.04167,3808
Desaguadero,2014-05-07,7.23,13.85,2.23,69.88,0.0,1.69,63.39,-16.56556,-69.04167,3808
Desaguadero,2014-05-08,6.93,12.94,2.72,74.76,0.13,2.29,63.45,-16.56556,-69.04167,3808
Desaguadero,2014-05-09,7.01,13.76,1.82,74.19,0.14,1.26,63.35,-16.56556,-69.04167,3808
Desaguadero,2014-05-10,6.93,13.17,3.1,76.27,0.02,1.91,63.23,-16.56556,-69.04167,3808
Desaguadero,2014-05-11,6.78,13.27,1.98,77.39,2.08,2.34,63.16,-16.56556,-69.04167,3808
Desaguadero,2014-05-12,4.87,12.98,0.96,79.13,5.75,1.64,63.18,-16.56556,-69.04167,3808
Desaguadero,2014-05-13,4.73,11.7,-0.83,77.2,5.6,2.03,63.21,-16.56556,-69.04167,3808
Desaguadero,2014-05-14,6.58,13.88,1.21,64.45,0.88,1.66,63.23,-16.56556,-69.04167,3808
Desaguadero,2014-05-15,7.07,14.63,0.61,57.67,0.0,1.14,63.29,-16.56556,-69.04167,3808
Desaguadero,2014-05-16,5.84,14.4,-0.23,59.63,0.25,1.55,63.26,-16.56556,-69.04167,3808
Desaguadero,2014-05-17,5.48,14.04,-2.35,54.58,0.02,1.8,63.29,-16.56556,-69.04167,3808
Desaguadero,2014-05-18,6.58,13.07,2.79,79.02,0.02,2.39,63.31,-16.56556,-69.04167,3808
Desaguadero,2014-05-19,7.28,14.36,1.95,74.59,0.22,1.62,63.31,-16.56556,-69.04167,3808
Desaguadero,2014-05-20,7.71,14.77,2.54,65.55,0.07,1.52,63.22,-16.56556,-69.04167,3808
Desaguadero,2014-05-21,7.0,15.49,0.13,53.45,0.02,1.86,63.09,-16.56556,-69.04167,3808
Desaguadero,2014-05-22,5.48,10.39,1.42,76.27,0.47,3.33,63.0,-16.56556,-69.04167,3808
Desaguadero,2014-05-23,4.15,9.6,0.77,81.27,7.43,2.73,63.1,-16.56556,-69.04167,3808
Desaguadero,2014-05-24,4.81,14.87,-3.65,57.61,0.21,3.88,63.07,-16.56556,-69.04167,3808
Desaguadero,2014-05-25,3.88,14.88,-4.3,39.53,0.0,2.41,63.18,-16.56556,-69.04167,3808
Desaguadero,2014-05-26,5.36,14.43,-0.94,46.83,0.0,1.53,63.34,-16.56556,-69.04167,3808
Desaguadero,2014-05-27,5.6,15.14,-1.28,51.26,0.0,1.44,63.4,-16.56556,-69.04167,3808
Desaguadero,2014-05-28,5.35,15.26,-1.75,43.31,0.0,1.6,63.32,-16.56556,-69.04167,3808
Desaguadero,2014-05-29,5.22,14.46,-1.87,46.65,0.0,1.94,63.2,-16.56556,-69.04167,3808
Desaguadero,2014-05-30,5.83,15.23,-0.88,53.62,0.0,2.35,63.17,-16.56556,-69.04167,3808
Desaguadero,2014-05-31,6.64,14.96,0.05,49.66,0.11,2.2,63.23,-16.56556,-69.04167,3808
Desaguadero,2014-06-01,7.8,15.1,3.42,75.22,0.5,2.03,63.24,-16.56556,-69.04167,3808
Desaguadero,2014-06-02,7.53,16.05,0.03,54.22,0.07,1.37,63.19,-16.56556,-69.04167,3808
Desaguadero,2014-06-03,5.41,15.54,-2.53,33.77,0.0,1.8,63.18,-16.56556,-69.04167,3808
Desaguadero,2014-06-04,5.48,15.19,-1.73,30.78,0.07,1.75,63.18,-16.56556,-69.04167,3808
Desaguadero,2014-06-05,5.9,15.27,-1.48,45.28,0.17,2.1,63.16,-16.56556,-69.04167,3808
Desaguadero,2014-06-06,7.5,15.59,2.0,68.83,0.09,2.39,63.16,-16.56556,-69.04167,3808
Desaguadero,2014-06-07,6.95,16.45,0.31,50.16,0.01,2.54,63.13,-16.56556,-69.04167,3808
Desaguadero,2014-06-08,6.16,14.68,0.17,49.08,0.2,2.37,63.17,-16.56556,-69.04167,3808
Desaguadero,2014-06-09,6.41,14.18,0.07,67.2,2.01,2.41,63.26,-16.56556,-69.04167,3808
Desaguadero,2014-06-10,5.79,12.77,1.13,80.63,0.68,2.49,63.38,-16.56556,-69.04167,3808
Desaguadero,2014-06-11,7.14,14.97,1.74,67.72,0.08,1.7,63.32,-16.56556,-69.04167,3808
Desaguadero,2014-06-12,6.37,14.91,-0.3,56.17,0.0,1.96,63.27,-16.56556,-69.04167,3808
Desaguadero,2014-06-13,6.28,13.98,1.01,61.3,0.0,2.03,63.36,-16.56556,-69.04167,3808
Desaguadero,2014-06-14,5.24,11.76,0.8,82.98,0.32,2.47,63.37,-16.56556,-69.04167,3808
Desaguadero,2014-06-15,6.29,13.52,2.09,74.34,0.02,1.62,63.4,-16.56556,-69.04167,3808
Desaguadero,2014-06-16,5.67,12.94,0.91,76.91,0.0,1.96,63.4,-16.56556,-69.04167,3808
Desaguadero,2014-06-17,5.82,12.75,1.04,75.58,0.0,1.6,63.36,-16.56556,-69.04167,3808
Desaguadero,2014-06-18,5.48,12.41,0.88,74.52,0.0,2.05,63.46,-16.56556,-69.04167,3808
Desaguadero,2014-06-19,4.91,13.16,-1.03,73.29,0.0,2.15,63.48,-16.56556,-69.04167,3808
Desaguadero,2014-06-20,6.04,14.5,-0.47,73.08,0.0,1.91,63.34,-16.56556,-69.04167,3808
Desaguadero,2014-06-21,6.43,14.75,-0.48,54.14,0.15,1.66,63.24,-16.56556,-69.04167,3808
Desaguadero,2014-06-22,6.77,14.68,0.47,55.62,0.01,1.91,63.3,-16.56556,-69.04167,3808
Desaguadero,2014-06-23,6.88,14.25,1.57,70.28,0.01,1.67,63.41,-16.56556,-69.04167,3808
Desaguadero,2014-06-24,7.03,12.95,3.51,75.75,0.18,2.88,63.43,-16.56556,-69.04167,3808
Desaguadero,2014-06-25,7.72,14.28,2.97,71.44,0.28,2.35,63.25,-16.56556,-69.04167,3808
Desaguadero,2014-06-26,5.91,12.93,0.44,60.26,1.15,2.27,63.18,-16.56556,-69.04167,3808
Desaguadero,2014-06-27,6.51,13.51,0.48,71.41,1.36,2.91,63.2,-16.56556,-69.04167,3808
Desaguadero,2014-06-28,7.01,13.31,2.56,75.5,0.51,3.17,63.3,-16.56556,-69.04167,3808
Desaguadero,2014-06-29,5.97,15.56,-0.96,50.37,0.0,2.1,63.33,-16.56556,-69.04167,3808
Desaguadero,2014-06-30,5.36,14.3,-1.73,46.93,0.0,2.06,63.23,-16.56556,-69.04167,3808
Desaguadero,2014-07-01,5.55,14.79,-1.32,41.31,0.0,1.98,63.15,-16.56556,-69.04167,3808
Desaguadero,2014-07-02,6.08,13.94,-1.5,52.1,0.0,1.97,63.22,-16.56556,-69.04167,3808
Desaguadero,2014-07-03,6.68,13.46,1.72,69.25,0.0,1.93,63.28,-16.56556,-69.04167,3808
Desaguadero,2014-07-04,6.25,11.61,2.31,75.67,0.09,3.05,63.27,-16.56556,-69.04167,3808
Desaguadero,2014-07-05,5.75,14.24,-0.29,52.7,0.53,3.01,63.23,-16.56556,-69.04167,3808
Desaguadero,2014-07-06,5.89,13.98,-0.11,51.75,0.39,2.46,63.32,-16.56556,-69.04167,3808
Desaguadero,2014-07-07,7.01,13.82,2.55,77.84,0.21,2.08,63.38,-16.56556,-69.04167,3808
Desaguadero,2014-07-08,6.45,13.38,1.73,70.65,0.01,1.59,63.4,-16.56556,-69.04167,3808
Desaguadero,2014-07-09,6.11,14.15,0.5,67.65,0.0,2.18,63.3,-16.56556,-69.04167,3808
Desaguadero,2014-07-10,6.33,14.21,0.17,69.11,0.0,1.88,63.27,-16.56556,-69.04167,3808
Desaguadero,2014-07-11,6.75,14.72,0.59,55.86,0.0,1.23,63.24,-16.56556,-69.04167,3808
Desaguadero,2014-07-12,6.01,15.09,-0.55,54.33,0.0,1.9,63.33,-16.56556,-69.04167,3808
Desaguadero,2014-07-13,5.25,13.33,0.85,62.93,0.0,2.37,63.44,-16.56556,-69.04167,3808
Desaguadero,2014-07-14,6.41,14.89,-0.15,50.5,0.0,1.61,63.47,-16.56556,-69.04167,3808
Desaguadero,2014-07-15,5.56,15.07,-2.27,55.16,0.0,2.42,63.45,-16.56556,-69.04167,3808
Desaguadero,2014-07-16,5.62,12.6,-0.04,53.86,0.0,2.01,63.47,-16.56556,-69.04167,3808
Desaguadero,2014-07-17,5.32,13.08,-0.59,50.65,0.33,1.82,63.43,-16.56556,-69.04167,3808
Desaguadero,2014-07-18,2.73,6.57,-0.79,85.74,2.49,2.86,63.46,-16.56556,-69.04167,3808
Desaguadero,2014-07-19,3.0,7.63,-0.35,75.53,0.18,1.11,63.41,-16.56556,-69.04167,3808
Desaguadero,2014-07-20,4.25,10.93,-0.35,73.99,1.44,1.79,63.33,-16.56556,-69.04167,3808
Desaguadero,2014-07-21,3.99,12.03,-2.21,52.51,0.37,2.83,63.25,-16.56556,-69.04167,3808
Desaguadero,2014-07-22,3.57,12.56,-3.57,52.06,0.0,2.5,63.13,-16.56556,-69.04167,3808
Desaguadero,2014-07-23,3.0,12.86,-3.35,37.76,0.0,3.57,63.12,-16.56556,-69.04167,3808
Desaguadero,2014-07-24,3.63,11.42,-2.63,48.46,1.16,2.69,63.13,-16.56556,-69.04167,3808
Desaguadero,2014-07-25,4.3,11.93,-2.05,52.94,0.06,3.53,63.1,-16.56556,-69.04167,3808
Desaguadero,2014-07-26,3.61,12.11,-2.24,37.17,0.53,2.15,63.21,-16.56556,-69.04167,3808
Desaguadero,2014-07-27,2.8,12.53,-4.36,31.83,0.04,2.58,63.25,-16.56556,-69.04167,3808
Desaguadero,2014-07-28,3.43,11.84,-1.88,46.26,0.0,2.13,63.34,-16.56556,-69.04167,3808
Desaguadero,2014-07-29,5.35,12.74,-0.27,63.9,0.0,1.51,63.38,-16.56556,-69.04167,3808
Desaguadero,2014-07-30,4.83,13.1,-2.27,52.32,0.0,1.6,63.44,-16.56556,-69.04167,3808
Desaguadero,2014-07-31,6.12,14.59,-1.02,54.33,0.0,0.85,63.33,-16.56556,-69.04167,3808
Desaguadero,2014-08-01,5.39,15.0,-2.46,49.26,0.0,2.04,63.33,-16.56556,-69.04167,3808
Desaguadero,2014-08-02,6.55,15.15,0.9,66.38,0.0,1.74,63.38,-16.56556,-69.04167,3808
Desaguadero,2014-08-03,7.66,17.02,0.76,57.76,0.0,1.45,63.34,-16.56556,-69.04167,3808
Desaguadero,2014-08-04,5.95,16.18,-2.17,59.3,0.0,3.2,63.41,-16.56556,-69.04167,3808
Desaguadero,2014-08-05,6.23,14.56,-0.25,71.16,0.0,1.95,63.44,-16.56556,-69.04167,3808
Desaguadero,2014-08-06,6.91,15.25,0.86,62.2,0.0,1.43,63.28,-16.56556,-69.04167,3808
Desaguadero,2014-08-07,5.32,12.29,0.32,66.63,0.32,3.75,63.29,-16.56556,-69.04167,3808
Desaguadero,2014-08-08,4.21,9.87,0.29,78.18,0.4,4.72,63.34,-16.56556,-69.04167,3808
Desaguadero,2014-08-09,5.45,12.51,-0.63,73.21,0.34,2.42,63.28,-16.56556,-69.04167,3808
Desaguadero,2014-08-10,6.54,15.1,0.21,62.92,0.0,2.1,63.23,-16.56556,-69.04167,3808
Desaguadero,2014-08-11,6.75,15.61,-2.21,58.19,0.0,1.64,63.28,-16.56556,-69.04167,3808
Desaguadero,2014-08-12,5.66,12.85,0.3,57.7,0.19,1.44,63.35,-16.56556,-69.04167,3808
Desaguadero,2014-08-13,4.85,10.26,1.05,73.73,0.35,2.68,63.38,-16.56556,-69.04167,3808
Desaguadero,2014-08-14,5.68,12.79,0.14,70.41,0.38,1.44,63.32,-16.56556,-69.04167,3808
Desaguadero,2014-08-15,6.25,13.23,0.83,61.24,0.42,1.87,63.41,-16.56556,-69.04167,3808
Desaguadero,2014-08-16,6.39,13.46,0.6,67.0,0.03,1.75,63.49,-16.56556,-69.04167,3808
Desaguadero,2014-08-17,6.01,12.93,1.25,70.2,0.16,2.53,63.39,-16.56556,-69.04167,3808
Desaguadero,2014-08-18,4.07,10.61,-1.29,75.39,2.51,2.68,63.33,-16.56556,-69.04167,3808
Desaguadero,2014-08-19,4.68,11.46,-0.37,72.22,0.15,2.28,63.34,-16.56556,-69.04167,3808
Desaguadero,2014-08-20,4.91,12.35,-0.97,66.86,0.0,2.78,63.37,-16.56556,-69.04167,3808
Desaguadero,2014-08-21,6.47,14.33,0.88,65.24,0.0,2.38,63.28,-16.56556,-69.04167,3808
Desaguadero,2014-08-22,6.44,15.28,-1.69,50.88,0.0,1.89,63.26,-16.56556,-69.04167,3808
Desaguadero,2014-08-23,5.68,15.32,-3.7,46.94,0.0,2.22,63.19,-16.56556,-69.04167,3808
Desaguadero,2014-08-24,5.99,14.92,-2.96,46.09,0.0,1.98,63.11,-16.56556,-69.04167,3808
Desaguadero,2014-08-25,5.73,13.34,-1.15,60.83,0.06,1.94,63.14,-16.56556,-69.04167,3808
Desaguadero,2014-08-26,4.66,10.43,1.13,79.31,0.06,2.81,63.2,-16.56556,-69.04167,3808
Desaguadero,2014-08-27,6.05,15.14,-1.63,43.65,0.0,1.57,63.23,-16.56556,-69.04167,3808
Desaguadero,2014-08-28,6.5,15.19,-0.45,50.99,0.0,2.7,63.24,-16.56556,-69.04167,3808
Desaguadero,2014-08-29,6.33,12.14,1.67,75.99,1.42,3.83,63.27,-16.56556,-69.04167,3808
Desaguadero,2014-08-30,4.98,10.51,-0.29,76.76,4.45,2.15,63.36,-16.56556,-69.04167,3808
Desaguadero,2014-08-31,5.43,11.06,0.12,75.25,4.39,1.96,63.34,-16.56556,-69.04167,3808
Desaguadero,2014-09-01,5.56,13.17,0.67,69.15,1.2,2.11,63.3,-16.56556,-69.04167,3808
Desaguadero,2014-09-02,7.61,15.16,2.08,55.2,0.26,2.15,63.2,-16.56556,-69.04167,3808
Desaguadero,2014-09-03,6.55,11.79,1.68,68.24,2.0,2.1,63.25,-16.56556,-69.04167,3808
Desaguadero,2014-09-04,5.39,11.23,1.0,69.56,1.12,1.66,63.3,-16.56556,-69.04167,3808
Desaguadero,2014-09-05,6.06,13.02,1.56,68.72,0.38,2.31,63.31,-16.56556,-69.04167,3808
Desaguadero,2014-09-06,6.83,13.48,0.58,69.42,0.15,2.3,63.28,-16.56556,-69.04167,3808
Desaguadero,2014-09-07,7.01,13.23,2.73,73.85,0.23,3.74,63.34,-16.56556,-69.04167,3808
Desaguadero,2014-09-08,7.31,13.77,2.78,71.2,0.27,3.18,63.41,-16.56556,-69.04167,3808
Desaguadero,2014-09-09,8.24,16.56,1.89,65.91,0.02,2.03,63.28,-16.56556,-69.04167,3808
Desaguadero,2014-09-10,8.77,17.52,1.26,54.21,0.05,2.8,63.14,-16.56556,-69.04167,3808
Desaguadero,2014-09-11,7.29,13.73,2.94,80.66,1.29,4.45,63.13,-16.56556,-69.04167,3808
Desaguadero,2014-09-12,7.0,13.02,3.32,80.19,7.65,4.42,63.11,-16.56556,-69.04167,3808
Desaguadero,2014-09-13,6.63,13.23,2.28,74.56,5.73,2.72,63.22,-16.56556,-69.04167,3808
Desaguadero,2014-09-14,7.49,16.06,0.2,58.68,0.24,2.15,63.32,-16.56556,-69.04167,3808
Desaguadero,2014-09-15,7.96,14.94,2.9,71.57,0.0,3.52,63.43,-16.56556,-69.04167,3808
Desaguadero,2014-09-16,8.31,15.34,2.69,71.54,0.0,2.35,63.35,-16.56556,-69.04167,3808
Desaguadero,2014-09-17,8.37,15.05,3.75,68.57,0.0,3.93,63.26,-16.56556,-69.04167,3808
Desaguadero,2014-09-18,6.25,11.69,2.4,75.32,2.41,2.43,63.23,-16.56556,-69.04167,3808
Desaguadero,2014-09-19,6.84,16.09,-1.54,47.8,0.33,1.72,63.2,-16.56556,-69.04167,3808
Desaguadero,2014-09-20,7.39,15.43,-0.85,52.77,0.98,2.43,63.25,-16.56556,-69.04167,3808
Desaguadero,2014-09-21,7.85,14.22,3.55,72.79,1.9,3.43,63.27,-16.56556,-69.04167,3808
Desaguadero,2014-09-22,7.77,14.2,2.65,72.04,0.85,2.23,63.23,-16.56556,-69.04167,3808
Desaguadero,2014-09-23,8.22,15.92,1.09,63.46,0.36,2.6,63.2,-16.56556,-69.04167,3808
Desaguadero,2014-09-24,8.61,16.2,2.19,63.25,0.17,2.36,63.23,-16.56556,-69.04167,3808
Desaguadero,2014-09-25,8.79,17.1,1.03,53.41,0.08,1.94,63.24,-16.56556,-69.04167,3808
Desaguadero,2014-09-26,8.35,14.77,2.6,60.25,1.47,2.25,63.27,-16.56556,-69.04167,3808
Desaguadero,2014-09-27,8.65,15.05,4.12,70.83,1.22,3.94,63.28,-16.56556,-69.04167,3808
Desaguadero,2014-09-28,7.39,14.92,2.12,72.63,7.85,3.32,63.3,-16.56556,-69.04167,3808
Desaguadero,2014-09-29,5.58,11.52,1.66,77.24,8.1,1.91,63.3,-16.56556,-69.04167,3808
Desaguadero,2014-09-30,6.79,11.65,2.43,72.03,1.58,2.18,63.35,-16.56556,-69.04167,3808
Desaguadero,2014-10-01,6.72,12.27,2.35,75.31,0.33,3.61,63.39,-16.56556,-69.04167,3808
Desaguadero,2014-10-02,6.54,13.67,1.29,69.21,0.47,3.51,63.46,-16.56556,-69.04167,3808
Desaguadero,2014-10-03,7.33,14.24,1.26,70.63,0.4,3.27,63.41,-16.56556,-69.04167,3808
Desaguadero,2014-10-04,8.71,15.22,3.48,69.13,0.27,2.63,63.27,-16.56556,-69.04167,3808
Desaguadero,2014-10-05,8.9,15.34,3.96,70.86,0.02,3.33,63.27,-16.56556,-69.04167,3808
Desaguadero,2014-10-06,8.81,14.91,4.22,74.3,3.43,3.15,63.33,-16.56556,-69.04167,3808
Desaguadero,2014-10-07,9.1,15.2,4.36,73.24,1.92,2.49,63.31,-16.56556,-69.04167,3808
Desaguadero,2014-10-08,9.45,15.69,5.24,71.93,1.32,2.55,63.2,-16.56556,-69.04167,3808
Desaguadero,2014-10-09,10.35,17.62,4.96,65.37,0.08,2.24,63.14,-16.56556,-69.04167,3808
Desaguadero,2014-10-10,9.84,16.65,5.44,70.19,0.11,3.42,63.25,-16.56556,-69.04167,3808
Desaguadero,2014-10-11,9.35,16.31,4.23,69.9,0.1,3.89,63.41,-16.56556,-69.04167,3808
Desaguadero,2014-10-12,9.27,15.85,5.04,72.68,0.02,3.29,63.42,-16.56556,-69.04167,3808
Desaguadero,2014-10-13,8.99,16.67,3.23,67.62,0.0,3.49,63.47,-16.56556,-69.04167,3808
Desaguadero,2014-10-14,8.99,17.28,3.18,65.5,0.0,3.72,63.55,-16.56556,-69.04167,3808
Desaguadero,2014-10-15,8.23,17.24,1.24,62.7,0.0,3.34,63.59,-16.56556,-69.04167,3808
Desaguadero,2014-10-16,8.65,17.35,0.94,62.31,0.0,3.13,63.52,-16.56556,-69.04167,3808
Desaguadero,2014-10-17,8.8,17.39,2.82,67.84,0.0,3.22,63.38,-16.56556,-69.04167,3808
Desaguadero,2014-10-18,9.07,17.25,2.47,63.65,0.0,2.36,63.23,-16.56556,-69.04167,3808
Desaguadero,2014-10-19,6.85,10.02,4.35,71.58,0.68,1.38,63.27,-16.56556,-69.04167,3808
Desaguadero,2014-10-20,6.96,12.8,2.62,74.81,11.39,4.04,63.24,-16.56556,-69.04167,3808
Desaguadero,2014-10-21,7.77,13.68,3.53,72.05,3.57,4.21,63.27,-16.56556,-69.04167,3808
Desaguadero,2014-10-22,7.86,14.69,2.85,72.44,2.04,3.23,63.32,-16.56556,-69.04167,3808
Desaguadero,2014-10-23,9.74,17.04,3.4,63.53,1.49,1.64,63.3,-16.56556,-69.04167,3808
Desaguadero,2014-10-24,9.61,17.35,1.82,60.71,0.6,1.67,63.25,-16.56556,-69.04167,3808
Desaguadero,2014-10-25,9.53,16.75,3.62,65.04,0.08,3.03,63.22,-16.56556,-69.04167,3808
Desaguadero,2014-10-26,9.92,18.05,2.93,60.34,0.27,3.13,63.14,-16.56556,-69.04167,3808
Desaguadero,2014-10-27,10.42,18.43,3.96,61.44,0.49,1.93,63.14,-16.56556,-69.04167,3808
Desaguadero,2014-10-28,10.84,17.81,5.59,63.95,1.81,2.06,63.16,-16.56556,-69.04167,3808
Desaguadero,2014-10-29,9.97,19.18,1.51,54.88,1.35,2.69,63.05,-16.56556,-69.04167,3808
Desaguadero,2014-10-30,9.75,17.51,1.93,60.2,0.0,1.99,63.02,-16.56556,-69.04167,3808
Desaguadero,2014-10-31,10.02,16.61,5.78,67.52,0.0,2.71,63.13,-16.56556,-69.04167,3808
Desaguadero,2014-11-01,9.19,14.57,4.32,64.16,0.46,2.46,63.22,-16.56556,-69.04167,3808
Desaguadero,2014-11-02,7.59,13.8,3.64,78.87,2.28,2.48,63.24,-16.56556,-69.04167,3808
Desaguadero,2014-11-03,10.72,19.79,2.64,57.99,0.29,1.69,63.12,-16.56556,-69.04167,3808
Desaguadero,2014-11-04,11.15,20.25,2.81,53.55,0.14,3.02,63.17,-16.56556,-69.04167,3808
Desaguadero,2014-11-05,10.67,16.32,6.43,68.14,0.0,3.59,63.32,-16.56556,-69.04167,3808
Desaguadero,2014-11-06,10.94,19.59,4.66,62.28,0.0,3.19,63.43,-16.56556,-69.04167,3808
Desaguadero,2014-11-07,11.65,21.17,3.86,55.95,0.0,2.47,63.34,-16.56556,-69.04167,3808
Desaguadero,2014-11-08,11.23,20.29,4.01,59.5,0.2,3.11,63.28,-16.56556,-69.04167,3808
Desaguadero,2014-11-09,9.63,15.88,4.81,66.48,0.03,1.99,63.29,-16.56556,-69.04167,3808
Desaguadero,2014-11-10,11.17,19.15,4.98,60.98,0.0,2.42,63.21,-16.56556,-69.04167,3808
Desaguadero,2014-11-11,11.02,17.2,6.23,60.98,0.0,1.8,63.14,-16.56556,-69.04167,3808
Desaguadero,2014-11-12,11.55,20.54,2.33,43.18,0.19,2.19,63.05,-16.56556,-69.04167,3808
Desaguadero,2014-11-13,10.14,18.81,1.86,44.67,1.49,1.97,63.02,-16.56556,-69.04167,3808
Desaguadero,2014-11-14,9.16,17.57,4.23,61.09,0.15,2.85,63.1,-16.56556,-69.04167,3808
Desaguadero,2014-11-15,8.2,15.92,1.69,65.57,0.15,4.59,63.21,-16.56556,-69.04167,3808
Desaguadero,2014-11-16,7.96,15.23,3.53,66.84,0.99,4.86,63.28,-16.56556,-69.04167,3808
Desaguadero,2014-11-17,7.97,15.78,1.87,64.9,0.31,3.29,63.24,-16.56556,-69.04167,3808
Desaguadero,2014-11-18,9.82,19.02,1.52,45.43,0.21,2.39,63.06,-16.56556,-69.04167,3808
Desaguadero,2014-11-19,8.54,18.45,-2.41,42.29,0.0,2.08,63.04,-16.56556,-69.04167,3808
Desaguadero,2014-11-20,9.6,17.75,1.77,58.41,0.06,2.39,63.05,-16.56556,-69.04167,3808
Desaguadero,2014-11-21,9.54,17.36,3.33,64.86,0.44,3.13,63.11,-16.56556,-69.04167,3808
Desaguadero,2014-11-22,10.55,17.43,5.26,62.03,4.66,2.17,63.12,-16.56556,-69.04167,3808
Desaguadero,2014-11-23,5.06,8.18,2.87,76.59,9.9,2.72,63.16,-16.56556,-69.04167,3808
Desaguadero,2014-11-24,9.82,18.32,3.15,48.35,1.07,1.09,63.05,-16.56556,-69.04167,3808
Desaguadero,2014-11-25,9.91,19.59,0.17,37.58,0.52,1.36,63.1,-16.56556,-69.04167,3808
Desaguadero,2014-11-26,10.3,18.82,0.87,48.02,0.75,1.63,63.08,-16.56556,-69.04167,3808
Desaguadero,2014-11-27,9.62,16.94,2.84,63.49,0.05,3.13,63.18,-16.56556,-69.04167,3808
Desaguadero,2014-11-28,9.66,16.21,4.18,66.85,0.34,3.51,63.19,-16.56556,-69.04167,3808
Desaguadero,2014-11-29,11.01,18.18,4.34,62.09,0.25,3.03,63.13,-16.56556,-69.04167,3808
Desaguadero,2014-11-30,10.74,17.22,6.21,67.09,0.17,3.44,63.15,-16.56556,-69.04167,3808
Desaguadero,2014-12-01,9.02,14.67,3.99,73.18,12.12,2.89,63.16,-16.56556,-69.04167,3808
Desaguadero,2014-12-02,8.79,14.38,3.4,74.27,0.9,2.42,63.12,-16.56556,-69.04167,3808
Desaguadero,2014-12-03,9.53,14.44,6.11,73.92,3.83,3.22,63.15,-16.56556,-69.04167,3808
Desaguadero,2014-12-04,10.16,17.64,4.66,67.42,0.34,3.35,63.24,-16.56556,-69.04167,3808
Desaguadero,2014-12-05,10.26,18.72,2.35,58.91,0.0,2.84,63.26,-16.56556,-69.04167,3808
Desaguadero,2014-12-06,12.24,20.23,6.34,60.45,0.0,2.04,63.15,-16.56556,-69.04167,3808
Desaguadero,2014-12-07,10.94,18.77,4.44,61.95,0.33,1.16,63.1,-16.56556,-69.04167,3808
Desaguadero,2014-12-08,9.21,16.75,3.32,67.85,0.12,2.75,63.09,-16.56556,-69.04167,3808
Desaguadero,2014-12-09,8.89,13.96,3.44,65.89,0.0,2.76,63.05,-16.56556,-69.04167,3808
Desaguadero,2014-12-10,11.23,18.73,4.18,56.07,0.5,1.87,63.08,-16.56556,-69.04167,3808
Desaguadero,2014-12-11,9.54,12.99,5.53,70.15,3.99,2.67,63.21,-16.56556,-69.04167,3808
Desaguadero,2014-12-12,10.62,18.04,5.32,68.25,3.14,2.02,63.2,-16.56556,-69.04167,3808
Desaguadero,2014-12-13,8.24,14.83,2.77,61.88,7.23,2.52,63.17,-16.56556,-69.04167,3808
Desaguadero,2014-12-14,8.16,12.31,4.23,77.88,1.92,2.8,63.13,-16.56556,-69.04167,3808
Desaguadero,2014-12-15,9.24,16.28,3.63,70.11,0.76,3.09,63.17,-16.56556,-69.04167,3808
Desaguadero,2014-12-16,11.03,18.63,4.92,66.48,4.5,1.81,63.2,-16.56556,-69.04167,3808
Desaguadero,2014-12-17,7.95,13.21,3.52,80.16,3.98,1.88,63.17,-16.56556,-69.04167,3808
Desaguadero,2014-12-18,9.02,13.72,5.54,75.71,4.97,1.91,63.07,-16.56556,-69.04167,3808
Desaguadero,2014-12-19,8.6,13.99,3.31,74.13,0.76,1.55,62.98,-16.56556,-69.04167,3808
Desaguadero,2014-12-20,9.72,17.22,3.4,61.69,1.4,2.04,62.93,-16.56556,-69.04167,3808
Desaguadero,2014-12-21,10.66,19.94,1.41,44.3,0.06,1.8,63.04,-16.56556,-69.04167,3808
Desaguadero,2014-12-22,7.72,13.42,3.37,69.48,2.0,2.47,63.14,-16.56556,-69.04167,3808
Desaguadero,2014-12-23,8.11,13.89,4.22,75.55,4.09,4.03,63.18,-16.56556,-69.04167,3808
Desaguadero,2014-12-24,9.91,17.38,3.76,65.75,0.54,1.43,63.14,-16.56556,-69.04167,3808
Desaguadero,2014-12-25,11.81,18.93,5.33,57.46,1.43,2.2,63.15,-16.56556,-69.04167,3808
Desaguadero,2014-12-26,10.4,16.01,5.29,70.39,1.11,3.48,63.31,-16.56556,-69.04167,3808
Desaguadero,2014-12-27,10.49,16.41,6.08,71.47,16.28,3.45,63.3,-16.56556,-69.04167,3808
Desaguadero,2014-12-28,9.85,15.21,6.46,74.77,9.7,3.37,63.26,-16.56556,-69.04167,3808
Desaguadero,2014-12-29,9.86,15.46,5.01,70.62,7.17,2.86,63.22,-16.56556,-69.04167,3808
Desaguadero,2014-12-30,9.51,14.1,5.26,74.57,2.78,2.89,63.15,-16.56556,-69.04167,3808
Desaguadero,2014-12-31,7.9,15.72,0.99,65.23,3.13,2.54,63.11,-16.56556,-69.04167,3808
Desaguadero,2015-01-01,10.13,18.32,3.64,59.2,2.19,2.61,63.1,-16.56556,-69.04167,3808
Desaguadero,2015-01-02,7.46,12.82,2.42,75.89,6.86,1.85,63.2,-16.56556,-69.04167,3808
Desaguadero,2015-01-03,4.61,9.4,1.65,81.46,5.26,2.49,63.28,-16.56556,-69.04167,3808
Desaguadero,2015-01-04,7.33,14.29,1.54,73.93,2.56,3.03,63.3,-16.56556,-69.04167,3808
Desaguadero,2015-01-05,8.47,14.79,3.76,74.34,4.09,3.23,63.25,-16.56556,-69.04167,3808
Desaguadero,2015-01-06,8.35,14.92,2.56,76.08,3.81,3.14,63.21,-16.56556,-69.04167,3808
Desaguadero,2015-01-07,7.94,14.7,2.24,74.9,8.02,2.66,63.18,-16.56556,-69.04167,3808
Desaguadero,2015-01-08,8.02,13.68,4.77,81.12,10.97,4.82,63.17,-16.56556,-69.04167,3808
Desaguadero,2015-01-09,8.04,14.29,3.55,76.43,6.2,3.16,63.3,-16.56556,-69.04167,3808
Desaguadero,2015-01-10,7.34,12.82,3.44,78.83,14.89,2.28,63.31,-16.56556,-69.04167,3808
Desaguadero,2015-01-11,8.11,14.89,2.84,74.83,5.32,3.05,63.22,-16.56556,-69.04167,3808
Desaguadero,2015-01-12,7.18,13.9,2.04,78.72,18.61,3.75,63.17,-16.56556,-69.04167,3808
Desaguadero,2015-01-13,8.12,14.75,1.89,70.0,1.69,1.35,63.11,-16.56556,-69.04167,3808
Desaguadero,2015-01-14,7.5,13.38,2.99,62.25,0.56,2.07,63.18,-16.56556,-69.04167,3808
Desaguadero,2015-01-15,8.0,15.48,3.37,71.84,2.47,1.45,63.23,-16.56556,-69.04167,3808
Desaguadero,2015-01-16,6.65,12.99,2.59,77.28,1.07,2.47,63.3,-16.56556,-69.04167,3808
Desaguadero,2015-01-17,8.62,15.33,3.14,75.7,1.59,3.25,63.23,-16.56556,-69.04167,3808
Desaguadero,2015-01-18,8.24,13.2,4.58,78.78,14.56,3.01,63.21,-16.56556,-69.04167,3808
Desaguadero,2015-01-19,8.14,15.3,3.85,75.07,6.52,2.77,63.19,-16.56556,-69.04167,3808
Desaguadero,2015-01-20,7.57,12.25,4.33,77.73,2.29,3.71,63.2,-16.56556,-69.04167,3808
Desaguadero,2015-01-21,7.78,14.92,1.95,74.15,1.91,4.81,63.31,-16.56556,-69.04167,3808
Desaguadero,2015-01-22,8.18,15.65,2.16,74.1,1.26,3.12,63.3,-16.56556,-69.04167,3808
Desaguadero,2015-01-23,8.93,16.14,3.55,72.62,0.24,3.36,63.28,-16.56556,-69.04167,3808
Desaguadero,2015-01-24,8.25,14.86,3.36,76.71,1.5,2.37,63.24,-16.56556,-69.04167,3808
Desaguadero,2015-01-25,8.62,15.79,2.92,73.86,4.27,2.41,63.14,-16.56556,-69.04167,3808
Desaguadero,2015-01-26,7.18,13.84,2.08,76.44,2.18,2.23,63.12,-16.56556,-69.04167,3808
Desaguadero,2015-01-27,9.38,17.01,3.1,68.34,0.15,2.49,63.11,-16.56556,-69.04167,3808
Desaguadero,2015-01-28,9.42,15.12,4.76,73.49,0.74,3.42,63.12,-16.56556,-69.04167,3808
Desaguadero,2015-01-29,9.69,16.55,4.85,71.96,3.06,3.4,63.19,-16.56556,-69.04167,3808
Desaguadero,2015-01-30,8.6,13.66,3.66,76.04,2.2,4.15,63.24,-16.56556,-69.04167,3808
Desaguadero,2015-01-31,8.08,15.09,3.37,76.35,0.74,3.99,63.31,-16.56556,-69.04167,3808
Desaguadero,2015-02-01,8.64,15.94,3.35,73.9,0.16,3.58,63.37,-16.56556,-69.04167,3808
Desaguadero,2015-02-02,9.34,16.81,3.77,71.25,0.0,2.91,63.38,-16.56556,-69.04167,3808
Desaguadero,2015-02-03,9.79,16.03,4.87,72.96,0.02,2.43,63.32,-16.56556,-69.04167,3808
Desaguadero,2015-02-04,9.35,14.35,4.82,73.05,0.57,1.16,63.22,-16.56556,-69.04167,3808
Desaguadero,2015-02-05,8.94,15.77,4.45,73.65,0.14,2.79,63.19,-16.56556,-69.04167,3808
Desaguadero,2015-02-06,8.34,13.81,4.44,75.32,10.8,2.33,63.2,-16.56556,-69.04167,3808
Desaguadero,2015-02-07,8.36,14.66,4.45,73.09,3.89,2.58,63.17,-16.56556,-69.04167,3808
Desaguadero,2015-02-08,8.38,14.81,3.06,76.01,1.78,3.14,63.16,-16.56556,-69.04167,3808
Desaguadero,2015-02-09,8.83,15.24,4.09,78.54,15.61,2.58,63.07,-16.56556,-69.04167,3808
Desaguadero,2015-02-10,6.61,11.05,2.35,82.28,12.35,1.62,63.15,-16.56556,-69.04167,3808
Desaguadero,2015-02-11,8.4,12.97,5.22,82.88,8.78,4.01,63.27,-16.56556,-69.04167,3808
Desaguadero,2015-02-12,9.03,15.04,4.89,78.36,0.92,3.49,63.35,-16.56556,-69.04167,3808
Desaguadero,2015-02-13,8.95,14.59,4.51,80.53,0.75,3.81,63.37,-16.56556,-69.04167,3808
Desaguadero,2015-02-14,9.37,14.74,5.36,80.28,9.49,3.29,63.28,-16.56556,-69.04167,3808
Desaguadero,2015-02-15,8.32,13.91,3.14,81.1,4.57,1.86,63.23,-16.56556,-69.04167,3808
Desaguadero,2015-02-16,9.51,13.98,6.16,78.15,0.88,1.6,63.19,-16.56556,-69.04167,3808
Desaguadero,2015-02-17,8.7,13.55,5.1,76.14,1.45,1.98,63.18,-16.56556,-69.04167,3808
Desaguadero,2015-02-18,10.34,19.47,2.7,59.45,0.0,1.62,63.08,-16.56556,-69.04167,3808
Desaguadero,2015-02-19,9.37,19.03,-1.23,54.6,0.0,1.94,63.01,-16.56556,-69.04167,3808
Desaguadero,2015-02-20,8.63,16.33,2.9,71.75,2.07,2.03,63.05,-16.56556,-69.04167,3808
Desaguadero,2015-02-21,7.27,12.55,2.19,77.27,0.63,2.74,63.18,-16.56556,-69.04167,3808
Desaguadero,2015-02-22,9.38,16.54,3.8,73.42,0.18,3.21,63.24,-16.56556,-69.04167,3808
Desaguadero,2015-02-23,8.11,14.51,4.19,78.76,2.11,3.65,63.28,-16.56556,-69.04167,3808
Desaguadero,2015-02-24,8.95,17.24,2.18,71.04,0.12,3.28,63.29,-16.56556,-69.04167,3808
Desaguadero,2015-02-25,9.8,17.21,4.08,70.86,0.0,2.91,63.25,-16.56556,-69.04167,3808
Desaguadero,2015-02-26,9.23,16.37,3.9,73.36,0.22,2.97,63.22,-16.56556,-69.04167,3808
Desaguadero,2015-02-27,8.28,14.46,3.11,75.84,1.71,2.43,63.23,-16.56556,-69.04167,3808
Desaguadero,2015-02-28,8.21,16.0,3.24,75.01,1.1,2.28,63.24,-16.56556,-69.04167,3808
Desaguadero,2015-03-01,9.4,17.2,3.17,71.42,0.24,2.16,63.25,-16.56556,-69.04167,3808
Desaguadero,2015-03-02,9.25,15.16,4.91,76.13,1.12,2.36,63.2,-16.56556,-69.04167,3808
Desaguadero,2015-03-03,9.39,15.41,5.08,79.93,2.03,2.67,63.13,-16.56556,-69.04167,3808
Desaguadero,2015-03-04,9.61,15.05,5.6,76.45,2.85,3.22,63.15,-16.56556,-69.04167,3808
Desaguadero,2015-03-05,8.88,14.48,4.93,77.78,2.72,3.55,63.19,-16.56556,-69.04167,3808
Desaguadero,2015-03-06,8.88,15.89,3.57,77.52,2.37,2.75,63.22,-16.56556,-69.04167,3808
Desaguadero,2015-03-07,8.79,15.05,4.34,78.82,1.71,2.74,63.26,-16.56556,-69.04167,3808
Desaguadero,2015-03-08,8.04,13.71,3.36,82.95,5.92,2.72,63.25,-16.56556,-69.04167,3808
Desaguadero,2015-03-09,9.15,17.78,2.44,73.53,3.39,2.48,63.28,-16.56556,-69.04167,3808
Desaguadero,2015-03-10,9.83,17.15,4.74,76.21,1.17,2.83,63.32,-16.56556,-69.04167,3808
Desaguadero,2015-03-11,6.85,11.23,3.1,81.06,0.56,1.32,63.37,-16.56556,-69.04167,3808
Desaguadero,2015-03-12,9.38,15.95,4.89,75.94,0.14,1.63,63.24,-16.56556,-69.04167,3808
Desaguadero,2015-03-13,10.63,17.19,5.11,76.04,5.18,1.83,63.12,-16.56556,-69.04167,3808
Desaguadero,2015-03-14,8.52,12.14,5.47,83.1,10.26,2.2,63.19,-16.56556,-69.04167,3808
Desaguadero,2015-03-15,8.96,15.36,4.23,74.6,0.62,3.03,63.28,-16.56556,-69.04167,3808
Desaguadero,2015-03-16,8.79,15.5,4.08,75.43,0.28,2.73,63.33,-16.56556,-69.04167,3808
Desaguadero,2015-03-17,9.34,16.52,3.9,74.72,0.44,3.02,63.28,-16.56556,-69.04167,3808
Desaguadero,2015-03-18,8.49,15.14,4.14,75.27,0.44,3.73,63.29,-16.56556,-69.04167,3808
Desaguadero,2015-03-19,8.41,15.86,3.43,74.76,0.15,2.96,63.29,-16.56556,-69.04167,3808
Desaguadero,2015-03-20,8.76,15.76,3.93,76.33,0.83,1.81,63.3,-16.56556,-69.04167,3808
Desaguadero,2015-03-21,8.26,14.89,4.17,78.08,8.22,2.39,63.35,-16.56556,-69.04167,3808
Desaguadero,2015-03-22,8.47,16.32,3.28,74.55,2.88,2.45,63.34,-16.56556,-69.04167,3808
Desaguadero,2015-03-23,7.4,14.93,1.75,74.27,0.3,2.95,63.37,-16.56556,-69.04167,3808
Desaguadero,2015-03-24,6.84,14.78,-0.36,69.78,0.16,3.06,63.33,-16.56556,-69.04167,3808
Desaguadero,2015-03-25,7.5,14.35,2.32,75.88,11.95,2.39,63.26,-16.56556,-69.04167,3808
Desaguadero,2015-03-26,7.34,15.03,1.3,71.95,11.53,1.65,63.22,-16.56556,-69.04167,3808
Desaguadero,2015-03-27,7.7,14.11,2.75,69.8,6.91,1.71,63.3,-16.56556,-69.04167,3808
Desaguadero,2015-03-28,9.35,16.64,4.59,67.48,0.65,1.3,63.41,-16.56556,-69.04167,3808
Desaguadero,2015-03-29,9.41,15.2,4.64,70.69,1.51,1.91,63.38,-16.56556,-69.04167,3808
Desaguadero,2015-03-30,8.59,16.73,1.6,65.74,0.7,1.75,63.3,-16.56556,-69.04167,3808
Desaguadero,2015-03-31,7.35,11.88,4.23,81.55,0.67,2.84,63.29,-16.56556,-69.04167,3808
Desaguadero,2015-04-01,7.35,13.77,3.16,77.32,1.65,3.43,63.35,-16.56556,-69.04167,3808
Desaguadero,2015-04-02,8.43,15.08,3.21,75.91,0.85,2.44,63.36,-16.56556,-69.04167,3808
Desaguadero,2015-04-03,9.59,15.85,5.14,74.96,0.18,1.71,63.23,-16.56556,-69.04167,3808
Desaguadero,2015-04-04,9.7,15.08,6.26,75.99,0.0,1.68,63.11,-16.56556,-69.04167,3808
Desaguadero,2015-04-05,9.28,14.89,4.38,73.95,0.0,2.37,63.21,-16.56556,-69.04167,3808
Desaguadero,2015-04-06,7.21,12.76,3.17,77.7,0.07,2.9,63.33,-16.56556,-69.04167,3808
Desaguadero,2015-04-07,8.2,14.79,2.62,74.33,8.82,1.74,63.27,-16.56556,-69.04167,3808
Desaguadero,2015-04-08,6.93,12.22,3.46,79.43,7.97,2.13,63.22,-16.56556,-69.04167,3808
Desaguadero,2015-04-09,6.2,13.03,1.57,80.06,10.58,2.51,63.28,-16.56556,-69.04167,3808
Desaguadero,2015-04-10,6.43,12.86,2.37,80.14,3.81,3.19,63.35,-16.56556,-69.04167,3808
Desaguadero,2015-04-11,6.77,13.91,0.9,78.62,2.77,2.63,63.36,-16.56556,-69.04167,3808
Desaguadero,2015-04-12,6.64,12.08,1.97,80.48,1.37,1.93,63.34,-16.56556,-69.04167,3808
Desaguadero,2015-04-13,7.19,15.39,1.61,70.46,1.73,2.41,63.38,-16.56556,-69.04167,3808
Desaguadero,2015-04-14,8.77,16.57,2.38,66.75,2.86,1.16,63.33,-16.56556,-69.04167,3808
Desaguadero,2015-04-15,6.94,12.95,2.17,77.66,9.58,1.34,63.3,-16.56556,-69.04167,3808
Desaguadero,2015-04-16,6.84,14.47,1.43,75.76,4.35,1.29,63.3,-16.56556,-69.04167,3808
Desaguadero,2015-04-17,6.88,13.13,2.1,72.26,0.88,1.72,63.26,-16.56556,-69.04167,3808
Desaguadero,2015-04-18,7.63,13.51,3.55,78.29,0.91,2.4,63.22,-16.56556,-69.04167,3808
Desaguadero,2015-04-19,7.55,13.47,1.5,76.42,1.1,1.96,63.18,-16.56556,-69.04167,3808
Desaguadero,2015-04-20,6.51,11.26,2.65,83.71,3.44,1.58,63.22,-16.56556,-69.04167,3808
Desaguadero,2015-04-21,7.32,13.31,2.37,81.19,1.1,3.04,63.28,-16.56556,-69.04167,3808
Desaguadero,2015-04-22,7.28,12.98,3.91,82.9,0.69,3.68,63.31,-16.56556,-69.04167,3808
Desaguadero,2015-04-23,7.23,13.95,2.72,79.47,0.56,3.54,63.36,-16.56556,-69.04167,3808
Desaguadero,2015-04-24,7.59,14.2,2.87,78.16,0.42,3.01,63.46,-16.56556,-69.04167,3808
Desaguadero,2015-04-25,7.54,14.43,2.59,77.03,0.14,3.23,63.5,-16.56556,-69.04167,3808
Desaguadero,2015-04-26,8.38,15.54,3.23,72.83,2.16,1.89,63.41,-16.56556,-69.04167,3808
Desaguadero,2015-04-27,7.86,14.28,2.57,75.56,1.41,2.27,63.36,-16.56556,-69.04167,3808
Desaguadero,2015-04-28,6.9,10.42,3.52,84.85,1.41,2.44,63.31,-16.56556,-69.04167,3808
Desaguadero,2015-04-29,7.86,15.08,2.71,72.22,0.0,1.8,63.32,-16.56556,-69.04167,3808
Desaguadero,2015-04-30,8.12,15.11,3.25,75.16,0.51,2.18,63.3,-16.56556,-69.04167,3808
Desaguadero,2015-05-01,7.86,13.88,3.58,74.3,0.16,1.76,63.23,-16.56556,-69.04167,3808
Desaguadero,2015-05-02,6.78,15.12,0.07,63.3,1.16,1.48,63.1,-16.56556,-69.04167,3808
Desaguadero,2015-05-03,5.57,15.19,-3.38,52.58,0.54,1.72,63.13,-16.56556,-69.04167,3808
Desaguadero,2015-05-04,6.77,15.12,0.23,60.15,1.3,1.51,63.22,-16.56556,-69.04167,3808
Desaguadero,2015-05-05,6.72,15.47,-1.15,56.33,0.53,1.32,63.29,-16.56556,-69.04167,3808
Desaguadero,2015-05-06,6.79,13.7,1.51,72.65,0.15,2.3,63.31,-16.56556,-69.04167,3808
Desaguadero,2015-05-07,6.74,12.15,3.98,79.01,0.48,3.06,63.27,-16.56556,-69.04167,3808
Desaguadero,2015-05-08,7.54,14.29,2.35,71.61,0.01,1.0,63.32,-16.56556,-69.04167,3808
Desaguadero,2015-05-09,7.86,16.31,2.07,62.77,0.0,1.91,63.3,-16.56556,-69.04167,3808
Desaguadero,2015-05-10,7.61,14.95,1.27,64.46,1.58,1.57,63.31,-16.56556,-69.04167,3808
Desaguadero,2015-05-11,7.05,12.92,2.69,77.37,1.95,2.51,63.37,-16.56556,-69.04167,3808
Desaguadero,2015-05-12,7.9,15.14,3.2,72.01,0.0,1.81,63.24,-16.56556,-69.04167,3808
Desaguadero,2015-05-13,7.02,13.87,2.13,69.04,0.04,2.01,63.21,-16.56556,-69.04167,3808
Desaguadero,2015-05-14,6.45,14.33,1.08,62.29,0.01,1.71,63.2,-16.56556,-69.04167,3808
Desaguadero,2015-05-15,5.52,11.54,-0.76,54.72,0.05,1.51,63.21,-16.56556,-69.04167,3808
Desaguadero,2015-05-16,4.1,6.99,1.87,66.25,0.99,1.15,63.4,-16.56556,-69.04167,3808
Desaguadero,2015-05-17,5.78,12.82,0.76,72.75,0.42,2.44,63.39,-16.56556,-69.04167,3808
Desaguadero,2015-05-18,7.33,14.53,2.3,69.03,0.0,1.6,63.42,-16.56556,-69.04167,3808
Desaguadero,2015-05-19,6.73,15.08,-0.12,56.31,0.0,1.38,63.42,-16.56556,-69.04167,3808
Desaguadero,2015-05-20,7.64,14.92,2.53,63.33,0.0,1.11,63.35,-16.56556,-69.04167,3808
Desaguadero,2015-05-21,6.32,15.3,-0.1,47.22,0.04,1.01,63.34,-16.56556,-69.04167,3808
Desaguadero,2015-05-22,5.13,13.79,-2.06,49.02,0.3,2.08,63.35,-16.56556,-69.04167,3808
Desaguadero,2015-05-23,6.49,15.2,0.02,52.77,0.21,1.74,63.33,-16.56556,-69.04167,3808
Desaguadero,2015-05-24,6.53,15.0,0.3,55.33,0.51,1.78,63.3,-16.56556,-69.04167,3808
Desaguadero,2015-05-25,6.06,9.96,2.99,84.93,0.27,2.67,63.31,-16.56556,-69.04167,3808
Desaguadero,2015-05-26,5.68,11.25,1.56,78.21,2.72,2.13,63.3,-16.56556,-69.04167,3808
Desaguadero,2015-05-27,5.5,13.87,-1.43,65.16,1.03,1.9,63.27,-16.56556,-69.04167,3808
Desaguadero,2015-05-28,5.69,13.41,0.56,74.26,1.97,1.97,63.27,-16.56556,-69.04167,3808
Desaguadero,2015-05-29,6.3,15.61,-0.86,53.53,0.0,1.71,63.16,-16.56556,-69.04167,3808
Desaguadero,2015-05-30,5.98,14.35,-1.76,49.75,0.0,2.24,63.15,-16.56556,-69.04167,3808
Desaguadero,2015-05-31,7.81,14.34,3.28,74.73,0.85,2.2,63.26,-16.56556,-69.04167,3808
Desaguadero,2015-06-01,6.95,13.12,3.0,77.88,1.46,1.93,63.34,-16.56556,-69.04167,3808
Desaguadero,2015-06-02,7.39,13.7,3.71,73.7,0.18,1.59,63.34,-16.56556,-69.04167,3808
Desaguadero,2015-06-03,7.39,14.5,3.35,73.66,0.01,1.77,63.37,-16.56556,-69.04167,3808
Desaguadero,2015-06-04,7.24,13.25,3.64,76.38,0.0,1.62,63.52,-16.56556,-69.04167,3808
Desaguadero,2015-06-05,8.25,15.58,4.3,68.97,0.0,1.51,63.49,-16.56556,-69.04167,3808
Desaguadero,2015-06-06,7.45,16.18,0.54,66.04,0.0,1.81,63.37,-16.56556,-69.04167,3808
Desaguadero,2015-06-07,6.09,15.77,-0.72,66.53,0.0,1.92,63.39,-16.56556,-69.04167,3808
Desaguadero,2015-06-08,5.57,14.43,-1.06,59.81,0.0,1.45,63.34,-16.56556,-69.04167,3808
Desaguadero,2015-06-09,6.61,14.82,0.83,56.78,0.01,1.42,63.24,-16.56556,-69.04167,3808
Desaguadero,2015-06-10,6.92,15.3,0.43,57.95,0.09,1.28,63.27,-16.56556,-69.04167,3808
Desaguadero,2015-06-11,7.03,15.09,0.82,63.72,0.01,1.18,63.33,-16.56556,-69.04167,3808
Desaguadero,2015-06-12,7.5,14.4,2.21,68.76,0.37,1.84,63.33,-16.56556,-69.04167,3808
Desaguadero,2015-06-13,5.69,14.73,-1.18,44.28,0.06,1.4,63.24,-16.56556,-69.04167,3808
Desaguadero,2015-06-14,6.27,14.97,0.27,55.98,0.27,1.99,63.23,-16.56556,-69.04167,3808
Desaguadero,2015-06-15,6.59,12.66,2.75,82.58,3.08,3.31,63.33,-16.56556,-69.04167,3808
Desaguadero,2015-06-16,7.32,14.04,2.41,74.0,0.16,2.04,63.25,-16.56556,-69.04167,3808
Desaguadero,2015-06-17,6.94,15.33,0.07,53.61,0.0,1.41,63.26,-16.56556,-69.04167,3808
Desaguadero,2015-06-18,5.16,10.43,0.9,75.61,0.67,2.23,63.37,-16.56556,-69.04167,3808
Desaguadero,2015-06-19,5.69,12.75,1.39,76.91,0.02,1.87,63.37,-16.56556,-69.04167,3808
Desaguadero,2015-06-20,6.12,14.62,0.33,70.0,0.0,1.43,63.34,-16.56556,-69.04167,3808
Desaguadero,2015-06-21,5.62,13.55,0.49,69.6,0.0,1.76,63.41,-16.56556,-69.04167,3808
Desaguadero,2015-06-22,5.84,14.14,0.8,67.5,0.0,1.74,63.37,-16.56556,-69.04167,3808
Desaguadero,2015-06-23,4.96,12.71,-1.37,78.06,0.0,2.6,63.44,-16.56556,-69.04167,3808
Desaguadero,2015-06-24,5.7,14.16,0.07,72.06,0.0,1.89,63.47,-16.56556,-69.04167,3808
Desaguadero,2015-06-25,6.24,14.44,1.24,67.01,0.0,1.62,63.44,-16.56556,-69.04167,3808
Desaguadero,2015-06-26,5.98,14.39,0.25,73.71,0.0,2.24,63.48,-16.56556,-69.04167,3808
Desaguadero,2015-06-27,6.19,14.28,0.41,73.67,0.08,1.49,63.46,-16.56556,-69.04167,3808
Desaguadero,2015-06-28,6.74,14.74,0.74,69.61,0.01,1.59,63.35,-16.56556,-69.04167,3808
Desaguadero,2015-06-29,4.4,14.73,-3.48,35.78,0.09,3.25,63.29,-16.56556,-69.04167,3808
Desaguadero,2015-06-30,4.26,13.71,-3.45,53.88,1.85,2.12,63.32,-16.56556,-69.04167,3808
Desaguadero,2015-07-01,5.56,12.32,0.83,75.74,1.03,2.29,63.31,-16.56556,-69.04167,3808
Desaguadero,2015-07-02,5.74,13.78,-0.5,55.6,0.41,1.49,63.22,-16.56556,-69.04167,3808
Desaguadero,2015-07-03,4.14,11.3,0.12,58.91,2.7,1.72,63.17,-16.56556,-69.04167,3808
Desaguadero,2015-07-04,1.43,4.25,-0.96,82.38,12.02,2.32,63.15,-16.56556,-69.04167,3808
Desaguadero,2015-07-05,1.42,7.3,-2.61,51.39,0.0,2.53,63.17,-16.56556,-69.04167,3808
Desaguadero,2015-07-06,1.09,9.67,-5.39,46.19,0.11,3.48,63.11,-16.56556,-69.04167,3808
Desaguadero,2015-07-07,1.2,10.39,-5.4,46.56,0.44,3.85,63.1,-16.56556,-69.04167,3808
Desaguadero,2015-07-08,3.3,11.32,-2.81,38.17,0.51,1.31,63.21,-16.56556,-69.04167,3808
Desaguadero,2015-07-09,3.73,12.71,-3.1,32.46,0.01,1.64,63.26,-16.56556,-69.04167,3808
Desaguadero,2015-07-10,4.19,13.71,-2.66,40.54,0.0,1.42,63.32,-16.56556,-69.04167,3808
Desaguadero,2015-07-11,4.77,14.34,-2.59,63.44,0.0,1.67,63.35,-16.56556,-69.04167,3808
Desaguadero,2015-07-12,5.48,13.75,-0.62,60.68,0.16,2.17,63.27,-16.56556,-69.04167,3808
Desaguadero,2015-07-13,3.84,13.25,-2.73,45.93,0.14,3.36,63.06,-16.56556,-69.04167,3808
Desaguadero,2015-07-14,3.41,10.92,-3.03,56.91,0.01,3.38,63.05,-16.56556,-69.04167,3808
Desaguadero,2015-07-15,3.29,9.77,-0.72,51.27,0.0,2.99,63.25,-16.56556,-69.04167,3808
Desaguadero,2015-07-16,3.69,13.41,-2.39,39.08,0.0,2.4,63.31,-16.56556,-69.04167,3808
Desaguadero,2015-07-17,4.1,11.94,-1.08,46.67,0.0,2.3,63.4,-16.56556,-69.04167,3808
Desaguadero,2015-07-18,4.79,13.6,-2.06,58.45,0.0,2.0,63.34,-16.56556,-69.04167,3808
Desaguadero,2015-07-19,4.06,13.95,-3.14,40.26,0.0,2.07,63.37,-16.56556,-69.04167,3808
Desaguadero,2015-07-20,4.51,14.83,-4.09,46.78,0.0,2.26,63.37,-16.56556,-69.04167,3808
Desaguadero,2015-07-21,5.98,12.51,0.95,78.15,0.0,3.06,63.32,-16.56556,-69.04167,3808
Desaguadero,2015-07-22,6.92,15.4,0.77,68.33,0.0,2.23,63.29,-16.56556,-69.04167,3808
Desaguadero,2015-07-23,7.21,14.88,0.64,61.86,0.0,1.8,63.37,-16.56556,-69.04167,3808
Desaguadero,2015-07-24,6.54,13.37,1.37,75.78,0.0,2.03,63.43,-16.56556,-69.04167,3808
Desaguadero,2015-07-25,7.09,15.42,1.43,68.65,0.0,1.81,63.35,-16.56556,-69.04167,3808
Desaguadero,2015-07-26,7.56,15.47,2.62,69.76,0.0,1.66,63.31,-16.56556,-69.04167,3808
Desaguadero,2015-07-27,7.77,16.31,0.58,57.55,0.0,1.28,63.29,-16.56556,-69.04167,3808
Desaguadero,2015-07-28,7.32,15.73,1.33,61.22,0.0,1.76,63.31,-16.56556,-69.04167,3808
Desaguadero,2015-07-29,6.18,14.46,0.13,68.88,0.0,2.1,63.4,-16.56556,-69.04167,3808
Desaguadero,2015-07-30,6.36,14.5,0.7,58.6,0.0,1.62,63.4,-16.56556,-69.04167,3808
Desaguadero,2015-07-31,6.18,15.52,-1.95,52.08,0.0,1.9,63.35,-16.56556,-69.04167,3808
Desaguadero,2015-08-01,6.3,14.23,1.05,69.09,0.0,2.21,63.3,-16.56556,-69.04167,3808
Desaguadero,2015-08-02,7.36,16.28,-0.43,55.01,0.0,1.62,63.23,-16.56556,-69.04167,3808
Desaguadero,2015-08-03,7.51,15.68,1.39,65.75,0.0,2.0,63.28,-16.56556,-69.04167,3808
Desaguadero,2015-08-04,7.63,13.99,2.33,71.85,0.0,2.03,63.35,-16.56556,-69.04167,3808
Desaguadero,2015-08-05,6.67,16.05,-0.38,40.97,0.0,1.8,63.36,-16.56556,-69.04167,3808
Desaguadero,2015-08-06,6.98,16.65,-1.91,46.08,0.0,2.08,63.28,-16.56556,-69.04167,3808
Desaguadero,2015-08-07,7.4,16.63,-0.83,57.64,0.0,1.95,63.2,-16.56556,-69.04167,3808
Desaguadero,2015-08-08,7.02,13.0,0.43,74.37,0.16,4.6,63.11,-16.56556,-69.04167,3808
Desaguadero,2015-08-09,5.99,13.78,-0.72,49.59,1.28,5.52,63.0,-16.56556,-69.04167,3808
Desaguadero,2015-08-10,4.04,11.91,-1.74,48.92,0.15,3.17,63.12,-16.56556,-69.04167,3808
Desaguadero,2015-08-11,3.33,8.46,-1.71,77.17,2.23,4.38,63.17,-16.56556,-69.04167,3808
Desaguadero,2015-08-12,3.57,7.78,1.13,82.39,3.41,3.23,63.24,-16.56556,-69.04167,3808
Desaguadero,2015-08-13,2.23,5.54,-0.07,79.26,1.78,1.57,63.29,-16.56556,-69.04167,3808
Desaguadero,2015-08-14,4.28,12.56,-1.72,57.63,0.23,2.61,63.3,-16.56556,-69.04167,3808
Desaguadero,2015-08-15,4.36,13.31,-3.43,50.31,0.0,2.49,63.3,-16.56556,-69.04167,3808
Desaguadero,2015-08-16,6.76,13.15,2.32,73.32,0.08,3.3,63.24,-16.56556,-69.04167,3808
Desaguadero,2015-08-17,6.36,14.74,0.51,66.28,0.14,2.46,63.29,-16.56556,-69.04167,3808
Desaguadero,2015-08-18,4.72,9.97,0.38,70.59,0.54,1.81,63.41,-16.56556,-69.04167,3808
Desaguadero,2015-08-19,6.15,12.2,1.54,76.28,0.05,3.43,63.33,-16.56556,-69.04167,3808
Desaguadero,2015-08-20,6.92,14.59,0.61,65.65,0.0,2.1,63.34,-16.56556,-69.04167,3808
Desaguadero,2015-08-21,6.55,12.66,2.62,77.13,0.0,3.13,63.29,-16.56556,-69.04167,3808
Desaguadero,2015-08-22,8.02,15.73,1.79,61.77,0.0,2.38,63.26,-16.56556,-69.04167,3808
Desaguadero,2015-08-23,6.74,13.58,2.4,59.14,0.1,1.72,63.28,-16.56556,-69.04167,3808
Desaguadero,2015-08-24,7.67,15.1,1.68,64.02,0.02,1.77,63.26,-16.56556,-69.04167,3808
Desaguadero,2015-08-25,6.9,15.88,-0.33,44.03,0.0,1.33,63.24,-16.56556,-69.04167,3808
Desaguadero,2015-08-26,6.93,16.21,-1.01,40.77,0.0,1.45,63.25,-16.56556,-69.04167,3808
Desaguadero,2015-08-27,5.62,14.28,-1.72,49.13,0.21,2.33,63.38,-16.56556,-69.04167,3808
Desaguadero,2015-08-28,6.47,16.19,0.09,64.83,0.01,2.52,63.46,-16.56556,-69.04167,3808
Desaguadero,2015-08-29,6.14,16.44,-2.12,54.93,0.0,2.6,63.46,-16.56556,-69.04167,3808
Desaguadero,2015-08-30,5.67,16.03,-1.62,51.41,0.0,2.66,63.46,-16.56556,-69.04167,3808
Desaguadero,2015-08-31,4.68,13.71,-1.79,51.45,0.01,2.76,63.49,-16.56556,-69.04167,3808
Desaguadero,2015-09-01,4.85,12.42,-2.24,74.53,0.04,3.33,63.54,-16.56556,-69.04167,3808
Desaguadero,2015-09-02,6.23,13.33,-0.41,73.55,1.62,3.02,63.48,-16.56556,-69.04167,3808
Desaguadero,2015-09-03,7.0,13.13,2.59,75.08,1.06,3.62,63.37,-16.56556,-69.04167,3808
Desaguadero,2015-09-04,7.03,13.46,1.72,75.39,1.73,3.75,63.33,-16.56556,-69.04167,3808
Desaguadero,2015-09-05,5.6,11.37,2.26,75.02,7.44,2.69,63.34,-16.56556,-69.04167,3808
Desaguadero,2015-09-06,6.68,14.88,0.06,46.99,0.22,2.29,63.26,-16.56556,-69.04167,3808
Desaguadero,2015-09-07,5.85,15.91,-2.66,43.3,0.0,3.46,63.12,-16.56556,-69.04167,3808
Desaguadero,2015-09-08,5.9,16.96,-2.88,29.86,0.0,2.86,63.1,-16.56556,-69.04167,3808
Desaguadero,2015-09-09,6.43,16.89,-1.85,31.21,0.0,2.46,63.1,-16.56556,-69.04167,3808
Desaguadero,2015-09-10,6.22,17.41,-3.16,29.44,0.0,2.42,63.16,-16.56556,-69.04167,3808
Desaguadero,2015-09-11,7.74,16.58,-0.34,47.13,0.15,2.02,63.28,-16.56556,-69.04167,3808
Desaguadero,2015-09-12,7.89,17.46,0.57,45.11,0.32,1.7,63.32,-16.56556,-69.04167,3808
Desaguadero,2015-09-13,7.94,17.04,-0.38,38.65,0.0,1.47,63.32,-16.56556,-69.04167,3808
Desaguadero,2015-09-14,8.67,17.36,1.3,59.15,0.0,1.69,63.31,-16.56556,-69.04167,3808
Desaguadero,2015-09-15,9.2,17.3,2.53,63.47,0.71,1.73,63.39,-16.56556,-69.04167,3808
Desaguadero,2015-09-16,8.7,16.35,2.19,67.59,0.02,2.07,63.32,-16.56556,-69.04167,3808
Desaguadero,2015-09-17,8.74,15.46,2.8,67.61,0.05,1.99,63.27,-16.56556,-69.04167,3808
Desaguadero,2015-09-18,7.55,13.94,2.5,67.97,1.32,2.39,63.35,-16.56556,-69.04167,3808
Desaguadero,2015-09-19,6.24,12.94,2.12,77.21,1.61,3.19,63.37,-16.56556,-69.04167,3808
Desaguadero,2015-09-20,8.9,16.23,3.68,68.46,0.14,2.43,63.32,-16.56556,-69.04167,3808
Desaguadero,2015-09-21,9.1,16.95,2.22,66.93,0.0,2.32,63.25,-16.56556,-69.04167,3808
Desaguadero,2015-09-22,9.48,16.62,4.36,70.67,1.07,2.88,63.19,-16.56556,-69.04167,3808
Desaguadero,2015-09-23,8.74,15.97,2.21,69.29,7.39,2.96,63.17,-16.56556,-69.04167,3808
Desaguadero,2015-09-24,8.99,16.61,3.62,57.17,0.5,2.49,63.24,-16.56556,-69.04167,3808
Desaguadero,2015-09-25,8.07,11.95,5.34,78.94,4.26,3.65,63.24,-16.56556,-69.04167,3808
Desaguadero,2015-09-26,7.72,14.15,2.38,61.3,1.13,1.19,63.26,-16.56556,-69.04167,3808
Desaguadero,2015-09-27,7.32,16.19,-1.18,49.42,0.04,2.73,63.22,-16.56556,-69.04167,3808
Desaguadero,2015-09-28,9.22,16.54,3.47,66.26,0.0,2.75,63.12,-16.56556,-69.04167,3808
Desaguadero,2015-09-29,8.53,16.16,1.69,60.99,0.08,2.22,63.01,-16.56556,-69.04167,3808
Desaguadero,2015-09-30,5.84,10.42,2.59,69.62,0.96,2.01,63.07,-16.56556,-69.04167,3808
Desaguadero,2015-10-01,7.34,15.64,0.53,50.65,0.02,1.88,63.15,-16.56556,-69.04167,3808
Desaguadero,2015-10-02,7.82,15.13,3.16,61.64,5.54,3.14,63.16,-16.56556,-69.04167,3808
Desaguadero,2015-10-03,5.79,13.15,1.34,76.84,4.94,2.23,63.26,-16.56556,-69.04167,3808
Desaguadero,2015-10-04,8.79,16.89,2.33,68.91,0.24,2.37,63.36,-16.56556,-69.04167,3808
Desaguadero,2015-10-05,10.4,18.1,5.16,68.11,0.0,2.65,63.41,-16.56556,-69.04167,3808
Desaguadero,2015-10-06,10.08,17.88,4.68,69.21,0.0,2.97,63.35,-16.56556,-69.04167,3808
Desaguadero,2015-10-07,9.76,17.82,3.51,64.81,0.16,3.01,63.27,-16.56556,-69.04167,3808
Desaguadero,2015-10-08,9.87,18.72,3.02,49.54,0.02,2.37,63.15,-16.56556,-69.04167,3808
Desaguadero,2015-10-09,9.26,18.46,2.14,31.93,0.0,1.57,63.21,-16.56556,-69.04167,3808
Desaguadero,2015-10-10,9.16,18.98,1.13,34.7,0.0,2.29,63.21,-16.56556,-69.04167,3808
Desaguadero,2015-10-11,9.71,19.13,1.61,42.23,0.08,2.64,63.13,-16.56556,-69.04167,3808
Desaguadero,2015-10-12,9.31,18.15,1.78,46.9,0.09,2.4,63.19,-16.56556,-69.04167,3808
Desaguadero,2015-10-13,8.94,18.63,0.05,47.11,0.0,2.46,63.21,-16.56556,-69.04167,3808
Desaguadero,2015-10-14,10.08,19.15,1.93,53.59,0.0,2.57,63.19,-16.56556,-69.04167,3808
Desaguadero,2015-10-15,8.57,15.11,3.0,71.58,0.0,3.42,63.24,-16.56556,-69.04167,3808
Desaguadero,2015-10-16,7.13,16.14,2.07,74.25,0.41,3.99,63.34,-16.56556,-69.04167,3808
Desaguadero,2015-10-17,8.16,15.3,3.01,70.65,0.03,5.91,63.44,-16.56556,-69.04167,3808
Desaguadero,2015-10-18,7.78,14.24,2.91,70.46,0.0,5.61,63.49,-16.56556,-69.04167,3808
Desaguadero,2015-10-19,8.93,16.23,4.37,69.09,0.04,3.33,63.38,-16.56556,-69.04167,3808
Desaguadero,2015-10-20,6.94,11.47,3.46,74.94,7.07,1.59,63.38,-16.56556,-69.04167,3808
Desaguadero,2015-10-21,9.69,16.63,4.19,71.4,0.33,3.16,63.33,-16.56556,-69.04167,3808
Desaguadero,2015-10-22,9.75,16.04,5.61,68.04,1.55,2.68,63.33,-16.56556,-69.04167,3808
Desaguadero,2015-10-23,9.4,15.97,3.92,66.41,0.08,4.91,63.34,-16.56556,-69.04167,3808
Desaguadero,2015-10-24,8.5,15.18,3.61,70.5,3.4,4.05,63.38,-16.56556,-69.04167,3808
Desaguadero,2015-10-25,8.3,15.03,3.54,65.33,2.95,2.42,63.41,-16.56556,-69.04167,3808
Desaguadero,2015-10-26,9.09,17.26,2.7,60.65,1.81,2.41,63.39,-16.56556,-69.04167,3808
Desaguadero,2015-10-27,8.29,14.32,3.12,69.96,0.71,2.13,63.37,-16.56556,-69.04167,3808
Desaguadero,2015-10-28,6.94,12.8,1.95,75.94,10.95,2.98,63.36,-16.56556,-69.04167,3808
Desaguadero,2015-10-29,8.57,15.08,3.04,72.55,17.22,1.31,63.27,-16.56556,-69.04167,3808
Desaguadero,2015-10-30,7.66,16.3,1.92,72.46,4.01,1.94,63.2,-16.56556,-69.04167,3808
Desaguadero,2015-10-31,9.3,15.93,3.75,70.6,4.02,3.02,63.12,-16.56556,-69.04167,3808
Desaguadero,2015-11-01,6.31,12.05,1.32,72.79,2.25,2.0,63.05,-16.56556,-69.04167,3808
Desaguadero,2015-11-02,6.12,15.68,-1.47,60.31,4.41,3.15,62.96,-16.56556,-69.04167,3808
Desaguadero,2015-11-03,5.61,13.49,-0.51,65.96,3.5,2.05,63.06,-16.56556,-69.04167,3808
Desaguadero,2015-11-04,8.35,18.15,-2.53,43.75,1.59,1.36,63.18,-16.56556,-69.04167,3808
Desaguadero,2015-11-05,9.38,16.82,1.74,63.84,1.54,2.89,63.25,-16.56556,-69.04167,3808
Desaguadero,2015-11-06,9.43,15.81,4.83,71.34,0.5,3.81,63.25,-16.56556,-69.04167,3808
Desaguadero,2015-11-07,9.7,16.7,2.87,67.29,0.0,3.04,63.22,-16.56556,-69.04167,3808
Desaguadero,2015-11-08,9.68,15.02,5.8,72.07,0.0,3.34,63.17,-16.56556,-69.04167,3808
Desaguadero,2015-11-09,9.85,16.1,3.73,71.04,3.38,4.15,63.24,-16.56556,-69.04167,3808
Desaguadero,2015-11-10,9.89,14.33,6.19,75.95,4.16,3.4,63.3,-16.56556,-69.04167,3808
Desaguadero,2015-11-11,9.26,15.81,4.94,71.09,7.75,3.3,63.28,-16.56556,-69.04167,3808
Desaguadero,2015-11-12,8.88,15.47,4.08,73.13,4.94,2.69,63.26,-16.56556,-69.04167,3808
Desaguadero,2015-11-13,8.65,16.28,1.9,69.11,1.92,3.72,63.26,-16.56556,-69.04167,3808
Desaguadero,2015-11-14,7.6,15.39,0.53,67.48,2.2,3.3,63.28,-16.56556,-69.04167,3808
Desaguadero,2015-11-15,8.79,14.81,3.11,67.65,3.13,1.25,63.23,-16.56556,-69.04167,3808
Desaguadero,2015-11-16,10.27,18.84,2.56,51.2,0.6,1.02,63.09,-16.56556,-69.04167,3808
Desaguadero,2015-11-17,10.22,19.3,0.99,46.52,0.0,2.08,63.06,-16.56556,-69.04167,3808
Desaguadero,2015-11-18,10.81,19.27,2.01,50.89,0.0,1.98,63.06,-16.56556,-69.04167,3808
Desaguadero,2015-11-19,9.9,20.86,-0.91,36.76,0.0,1.72,63.11,-16.56556,-69.04167,3808
Desaguadero,2015-11-20,10.1,18.82,1.17,53.47,0.06,3.68,63.1,-16.56556,-69.04167,3808
Desaguadero,2015-11-21,11.89,20.63,6.43,66.97,0.14,3.25,63.12,-16.56556,-69.04167,3808
Desaguadero,2015-11-22,11.98,19.63,6.71,62.91,0.0,3.01,63.24,-16.56556,-69.04167,3808
Desaguadero,2015-11-23,11.81,20.29,5.56,62.32,0.0,2.91,63.25,-16.56556,-69.04167,3808
Desaguadero,2015-11-24,11.22,19.85,4.95,58.61,0.0,3.09,63.19,-16.56556,-69.04167,3808
Desaguadero,2015-11-25,10.93,19.12,4.78,59.29,0.0,3.26,63.27,-16.56556,-69.04167,3808
Desaguadero,2015-11-26,11.4,19.25,5.05,56.27,0.18,2.5,63.31,-16.56556,-69.04167,3808
Desaguadero,2015-11-27,11.24,19.74,4.65,55.89,0.29,1.77,63.22,-16.56556,-69.04167,3808
Desaguadero,2015-11-28,11.32,17.5,5.59,64.62,1.36,2.61,63.12,-16.56556,-69.04167,3808
Desaguadero,2015-11-29,9.61,17.32,4.08,67.86,3.59,3.11,63.13,-16.56556,-69.04167,3808
Desaguadero,2015-11-30,8.07,12.42,4.62,75.28,1.0,4.53,63.2,-16.56556,-69.04167,3808
Desaguadero,2015-12-01,8.03,14.05,3.58,72.12,0.77,3.53,63.25,-16.56556,-69.04167,3808
Desaguadero,2015-12-02,8.5,14.77,2.57,68.98,3.22,2.04,63.3,-16.56556,-69.04167,3808
Desaguadero,2015-12-03,11.02,20.13,2.87,45.62,0.02,1.24,63.28,-16.56556,-69.04167,3808
Desaguadero,2015-12-04,10.96,17.6,5.62,56.85,2.37,1.56,63.3,-16.56556,-69.04167,3808
Desaguadero,2015-12-05,8.65,15.49,3.33,59.95,0.63,1.57,63.28,-16.56556,-69.04167,3808
Desaguadero,2015-12-06,10.11,17.79,4.53,57.03,1.47,1.95,63.2,-16.56556,-69.04167,3808
Desaguadero,2015-12-07,9.8,15.74,4.92,66.61,0.75,3.35,63.17,-16.56556,-69.04167,3808
Desaguadero,2015-12-08,9.68,15.61,5.78,65.41,1.51,2.0,63.18,-16.56556,-69.04167,3808
Desaguadero,2015-12-09,8.76,14.76,4.15,73.56,4.52,2.64,63.25,-16.56556,-69.04167,3808
Desaguadero,2015-12-10,9.31,16.38,2.25,68.97,0.47,2.85,63.28,-16.56556,-69.04167,3808
Desaguadero,2015-12-11,10.4,18.12,3.36,65.94,3.59,1.61,63.27,-16.56556,-69.04167,3808
Desaguadero,2015-12-12,11.93,20.17,4.69,55.77,3.38,1.24,63.24,-16.56556,-69.04167,3808
Desaguadero,2015-12-13,11.92,20.97,2.86,43.43,3.09,1.25,63.24,-16.56556,-69.04167,3808
Desaguadero,2015-12-14,11.12,19.37,2.96,51.47,1.22,1.81,63.2,-16.56556,-69.04167,3808
Desaguadero,2015-12-15,10.92,17.63,6.39,65.63,14.58,2.94,63.24,-16.56556,-69.04167,3808
Desaguadero,2015-12-16,9.56,14.97,5.74,72.92,12.49,3.95,63.25,-16.56556,-69.04167,3808
Desaguadero,2015-12-17,10.32,16.25,5.2,70.2,0.33,2.11,63.15,-16.56556,-69.04167,3808
Desaguadero,2015-12-18,9.34,15.32,4.09,72.86,10.1,2.06,63.17,-16.56556,-69.04167,3808
Desaguadero,2015-12-19,9.7,15.74,5.36,73.38,0.66,3.49,63.26,-16.56556,-69.04167,3808
Desaguadero,2015-12-20,9.65,14.96,4.5,72.14,2.7,2.44,63.28,-16.56556,-69.04167,3808
Desaguadero,2015-12-21,7.9,13.83,2.86,77.44,2.14,2.6,63.18,-16.56556,-69.04167,3808
Desaguadero,2015-12-22,7.77,14.86,2.46,70.12,11.51,1.37,63.13,-16.56556,-69.04167,3808
Desaguadero,2015-12-23,7.34,13.02,2.59,65.42,0.19,2.25,63.21,-16.56556,-69.04167,3808
Desaguadero,2015-12-24,7.19,11.95,2.64,73.05,0.75,1.85,63.3,-16.56556,-69.04167,3808
Desaguadero,2015-12-25,8.49,16.24,2.32,73.2,2.35,3.04,63.33,-16.56556,-69.04167,3808
Desaguadero,2015-12-26,7.72,13.07,2.09,74.46,10.85,1.11,63.26,-16.56556,-69.04167,3808
Desaguadero,2015-12-27,9.03,14.27,4.9,73.35,3.79,1.15,63.13,-16.56556,-69.04167,3808
Desaguadero,2015-12-28,10.69,18.18,4.86,67.57,8.62,1.96,63.16,-16.56556,-69.04167,3808
Desaguadero,2015-12-29,8.77,15.17,1.59,72.85,16.05,2.56,63.37,-16.56556,-69.04167,3808
Desaguadero,2015-12-30,9.9,15.87,4.92,71.11,12.97,2.65,63.37,-16.56556,-69.04167,3808
Desaguadero,2015-12-31,11.18,18.25,5.2,61.77,1.46,1.53,63.2,-16.56556,-69.04167,3808
Desaguadero,2016-01-01,10.46,18.04,4.3,50.68,0.44,1.88,63.17,-16.56556,-69.04167,3808
Desaguadero,2016-01-02,7.83,12.06,4.13,72.5,0.65,1.83,63.26,-16.56556,-69.04167,3808
Desaguadero,2016-01-03,10.32,17.06,4.57,64.63,17.21,1.62,63.16,-16.56556,-69.04167,3808
Desaguadero,2016-01-04,11.21,18.65,4.33,61.78,0.34,1.83,63.19,-16.56556,-69.04167,3808
Desaguadero,2016-01-05,9.36,16.98,2.83,72.68,10.7,2.67,63.33,-16.56556,-69.04167,3808
Desaguadero,2016-01-06,9.68,14.14,6.71,76.07,7.18,2.07,63.4,-16.56556,-69.04167,3808
Desaguadero,2016-01-07,8.56,15.86,2.78,74.57,2.77,1.99,63.32,-16.56556,-69.04167,3808
Desaguadero,2016-01-08,9.34,17.18,4.05,71.27,2.03,1.96,63.21,-16.56556,-69.04167,3808
Desaguadero,2016-01-09,11.18,18.5,4.08,62.88,4.15,1.92,63.19,-16.56556,-69.04167,3808
Desaguadero,2016-01-10,8.5,12.66,5.03,79.69,15.75,2.65,63.24,-16.56556,-69.04167,3808
Desaguadero,2016-01-11,8.72,13.49,4.63,76.8,6.85,2.12,63.24,-16.56556,-69.04167,3808
Desaguadero,2016-01-12,9.79,15.46,5.6,77.08,18.04,1.44,63.21,-16.56556,-69.04167,3808
Desaguadero,2016-01-13,8.34,17.22,1.68,70.57,13.21,3.73,63.25,-16.56556,-69.04167,3808
Desaguadero,2016-01-14,9.32,17.82,1.83,53.9,3.68,1.63,63.24,-16.56556,-69.04167,3808
Desaguadero,2016-01-15,10.45,18.63,1.78,56.68,0.36,1.53,63.21,-16.56556,-69.04167,3808
Desaguadero,2016-01-16,10.71,16.55,6.63,74.94,2.77,2.6,63.27,-16.56556,-69.04167,3808
Desaguadero,2016-01-17,9.99,14.45,6.27,76.48,3.95,1.83,63.28,-16.56556,-69.04167,3808
Desaguadero,2016-01-18,9.68,14.88,6.31,77.91,15.11,3.0,63.31,-16.56556,-69.04167,3808
Desaguadero,2016-01-19,9.63,16.43,4.73,75.2,5.48,2.62,63.36,-16.56556,-69.04167,3808
Desaguadero,2016-01-20,9.43,17.33,3.18,77.18,0.04,1.65,63.36,-16.56556,-69.04167,3808
Desaguadero,2016-01-21,10.58,18.63,4.88,70.48,0.0,3.16,63.38,-16.56556,-69.04167,3808
Desaguadero,2016-01-22,11.2,19.18,5.31,67.23,0.0,2.52,63.4,-16.56556,-69.04167,3808
Desaguadero,2016-01-23,10.21,17.33,4.59,70.42,0.0,2.78,63.45,-16.56556,-69.04167,3808
Desaguadero,2016-01-24,11.55,18.73,4.89,67.19,0.0,1.82,63.31,-16.56556,-69.04167,3808
Desaguadero,2016-01-25,12.16,20.39,3.62,58.86,0.06,2.74,63.26,-16.56556,-69.04167,3808
Desaguadero,2016-01-26,10.31,14.89,5.86,72.7,0.03,2.8,63.3,-16.56556,-69.04167,3808
Desaguadero,2016-01-27,11.01,17.41,5.23,68.84,0.0,2.73,63.26,-16.56556,-69.04167,3808
Desaguadero,2016-01-28,10.35,16.44,4.69,74.22,0.17,2.61,63.25,-16.56556,-69.04167,3808
Desaguadero,2016-01-29,11.8,18.54,5.22,64.46,0.09,1.39,63.22,-16.56556,-69.04167,3808
Desaguadero,2016-01-30,11.91,20.1,4.29,58.2,2.38,1.98,63.16,-16.56556,-69.04167,3808
Desaguadero,2016-01-31,6.93,12.21,2.67,84.57,5.97,3.24,63.26,-16.56556,-69.04167,3808
Desaguadero,2016-02-01,6.83,12.79,2.67,79.92,2.39,3.52,63.31,-16.56556,-69.04167,3808
Desaguadero,2016-02-02,7.87,12.65,3.54,78.08,13.34,1.88,63.22,-16.56556,-69.04167,3808
Desaguadero,2016-02-03,9.83,16.31,5.04,74.17,2.43,1.59,63.14,-16.56556,-69.04167,3808
Desaguadero,2016-02-04,10.07,18.69,0.75,59.64,0.12,1.57,63.16,-16.56556,-69.04167,3808
Desaguadero,2016-02-05,6.47,10.15,1.71,76.27,1.0,2.5,63.32,-16.56556,-69.04167,3808
Desaguadero,2016-02-06,8.83,14.11,4.62,81.08,2.14,3.72,63.35,-16.56556,-69.04167,3808
Desaguadero,2016-02-07,9.54,15.67,5.47,78.75,3.14,3.85,63.36,-16.56556,-69.04167,3808
Desaguadero,2016-02-08,9.77,15.68,5.07,78.16,1.17,2.52,63.35,-16.56556,-69.04167,3808
Desaguadero,2016-02-09,10.39,16.73,5.57,74.92,8.21,2.37,63.41,-16.56556,-69.04167,3808
Desaguadero,2016-02-10,8.88,14.48,4.97,79.78,4.78,3.26,63.44,-16.56556,-69.04167,3808
Desaguadero,2016-02-11,9.63,15.81,4.49,77.18,0.03,2.69,63.4,-16.56556,-69.04167,3808
Desaguadero,2016-02-12,9.8,14.49,5.85,81.99,3.67,2.47,63.3,-16.56556,-69.04167,3808
Desaguadero,2016-02-13,11.12,18.35,5.47,73.82,0.79,2.96,63.27,-16.56556,-69.04167,3808
Desaguadero,2016-02-14,10.46,17.31,4.24,74.34,0.0,2.91,63.27,-16.56556,-69.04167,3808
Desaguadero,2016-02-15,9.48,12.06,7.9,86.34,4.99,2.89,63.25,-16.56556,-69.04167,3808
Desaguadero,2016-02-16,9.93,16.69,5.43,75.5,12.51,2.82,63.25,-16.56556,-69.04167,3808
Desaguadero,2016-02-17,9.9,15.52,6.22,78.24,3.06,2.11,63.25,-16.56556,-69.04167,3808
Desaguadero,2016-02-18,10.03,16.67,5.16,78.08,1.82,3.28,63.35,-16.56556,-69.04167,3808
Desaguadero,2016-02-19,10.11,16.44,5.1,77.18,0.5,2.97,63.35,-16.56556,-69.04167,3808
Desaguadero,2016-02-20,10.26,16.38,5.63,79.1,1.74,3.35,63.25,-16.56556,-69.04167,3808
Desaguadero,2016-02-21,10.56,17.43,4.3,72.68,0.88,2.93,63.18,-16.56556,-69.04167,3808
Desaguadero,2016-02-22,10.44,16.43,6.32,76.08,2.45,3.16,63.16,-16.56556,-69.04167,3808
Desaguadero,2016-02-23,10.01,16.62,4.85,78.01,5.76,3.06,63.3,-16.56556,-69.04167,3808
Desaguadero,2016-02-24,10.26,15.55,6.12,82.37,14.02,3.03,63.31,-16.56556,-69.04167,3808
Desaguadero,2016-02-25,9.42,14.97,5.75,80.49,7.39,2.48,63.23,-16.56556,-69.04167,3808
Desaguadero,2016-02-26,8.71,14.89,4.74,81.22,17.89,2.24,63.12,-16.56556,-69.04167,3808
Desaguadero,2016-02-27,8.87,15.48,5.08,80.59,4.54,1.82,63.18,-16.56556,-69.04167,3808
Desaguadero,2016-02-28,7.55,12.21,5.19,83.85,9.22,1.78,63.33,-16.56556,-69.04167,3808
Desaguadero,2016-02-29,9.07,14.99,4.29,80.2,2.55,1.99,63.44,-16.56556,-69.04167,3808
Desaguadero,2016-03-01,11.61,18.4,6.49,73.82,0.41,1.98,63.42,-16.56556,-69.04167,3808
Desaguadero,2016-03-02,9.75,15.51,5.97,74.82,0.25,2.63,63.44,-16.56556,-69.04167,3808
Desaguadero,2016-03-03,11.82,20.44,4.18,60.49,0.0,1.49,63.4,-16.56556,-69.04167,3808
Desaguadero,2016-03-04,11.43,18.91,4.55,62.5,0.13,1.72,63.33,-16.56556,-69.04167,3808
Desaguadero,2016-03-05,11.29,19.55,3.59,55.49,0.28,1.34,63.31,-16.56556,-69.04167,3808
Desaguadero,2016-03-06,8.43,15.63,2.1,69.05,0.72,1.92,63.35,-16.56556,-69.04167,3808
Desaguadero,2016-03-07,8.63,13.29,4.6,83.59,7.72,2.52,63.33,-16.56556,-69.04167,3808
Desaguadero,2016-03-08,8.56,14.12,3.78,79.46,3.64,2.02,63.33,-16.56556,-69.04167,3808
Desaguadero,2016-03-09,10.65,16.6,6.66,75.32,6.15,2.01,63.3,-16.56556,-69.04167,3808
Desaguadero,2016-03-10,8.78,14.74,5.61,81.77,15.8,2.65,63.38,-16.56556,-69.04167,3808
Desaguadero,2016-03-11,10.24,17.78,4.81,71.28,2.63,1.58,63.33,-16.56556,-69.04167,3808
Desaguadero,2016-03-12,9.13,16.13,3.14,74.47,0.01,2.46,63.36,-16.56556,-69.04167,3808
Desaguadero,2016-03-13,9.53,16.2,4.74,74.5,0.73,2.76,63.39,-16.56556,-69.04167,3808
Desaguadero,2016-03-14,8.95,17.2,1.91,72.16,0.1,2.81,63.46,-16.56556,-69.04167,3808
Desaguadero,2016-03-15,9.33,17.69,3.18,67.25,0.0,2.67,63.49,-16.56556,-69.04167,3808
Desaguadero,2016-03-16,8.13,16.76,2.13,68.2,0.0,2.85,63.53,-16.56556,-69.04167,3808
Desaguadero,2016-03-17,8.57,17.94,1.39,68.9,0.0,2.28,63.48,-16.56556,-69.04167,3808
Desaguadero,2016-03-18,9.29,18.21,1.83,66.98,0.21,2.46,63.39,-16.56556,-69.04167,3808
Desaguadero,2016-03-19,9.22,16.72,2.89,72.31,0.47,2.86,63.42,-16.56556,-69.04167,3808
Desaguadero,2016-03-20,10.55,17.24,4.93,74.63,0.1,2.53,63.42,-16.56556,-69.04167,3808
Desaguadero,2016-03-21,11.01,17.53,5.78,73.21,0.0,2.09,63.47,-16.56556,-69.04167,3808
Desaguadero,2016-03-22,10.31,16.28,5.13,77.79,1.45,2.79,63.5,-16.56556,-69.04167,3808
Desaguadero,2016-03-23,9.24,17.12,4.04,77.69,1.39,2.59,63.41,-16.56556,-69.04167,3808
Desaguadero,2016-03-24,11.15,20.17,4.73,62.19,1.76,2.03,63.23,-16.56556,-69.04167,3808
Desaguadero,2016-03-25,10.11,18.01,4.11,61.59,3.62,2.4,63.27,-16.56556,-69.04167,3808
Desaguadero,2016-03-26,10.27,17.49,5.12,74.16,0.06,2.35,63.41,-16.56556,-69.04167,3808
Desaguadero,2016-03-27,10.38,16.76,5.2,72.53,0.0,1.64,63.44,-16.56556,-69.04167,3808
Desaguadero,2016-03-28,9.94,16.07,5.61,74.85,0.0,1.99,63.4,-16.56556,-69.04167,3808
Desaguadero,2016-03-29,9.47,16.46,4.39,74.11,0.05,2.25,63.45,-16.56556,-69.04167,3808
Desaguadero,2016-03-30,9.84,17.66,4.03,72.19,0.0,2.46,63.49,-16.56556,-69.04167,3808
Desaguadero,2016-03-31,9.7,17.07,4.09,72.14,0.0,2.35,63.52,-16.56556,-69.04167,3808
Desaguadero,2016-04-01,9.81,16.66,4.44,70.47,0.67,2.37,63.48,-16.56556,-69.04167,3808
Desaguadero,2016-04-02,10.79,18.24,5.41,68.56,0.29,1.42,63.36,-16.56556,-69.04167,3808
Desaguadero,2016-04-03,10.33,16.49,5.92,71.59,0.43,2.13,63.39,-16.56556,-69.04167,3808
Desaguadero,2016-04-04,9.93,15.54,6.64,75.93,0.25,3.66,63.45,-16.56556,-69.04167,3808
Desaguadero,2016-04-05,9.26,15.32,4.48,77.74,7.67,3.09,63.43,-16.56556,-69.04167,3808
Desaguadero,2016-04-06,8.18,15.08,2.93,78.22,3.51,2.36,63.41,-16.56556,-69.04167,3808
Desaguadero,2016-04-07,9.12,15.8,4.65,73.44,1.88,2.52,63.37,-16.56556,-69.04167,3808
Desaguadero,2016-04-08,7.99,13.56,3.8,81.61,2.72,2.64,63.32,-16.56556,-69.04167,3808
Desaguadero,2016-04-09,6.92,12.3,2.66,80.64,1.89,2.81,63.38,-16.56556,-69.04167,3808
Desaguadero,2016-04-10,8.34,15.12,2.81,76.47,1.26,2.46,63.34,-16.56556,-69.04167,3808
Desaguadero,2016-04-11,7.37,11.62,4.07,81.99,3.25,2.27,63.34,-16.56556,-69.04167,3808
Desaguadero,2016-04-12,8.18,15.08,3.54,77.24,2.55,1.9,63.39,-16.56556,-69.04167,3808
Desaguadero,2016-04-13,9.88,17.77,4.67,68.93,0.0,1.37,63.32,-16.56556,-69.04167,3808
Desaguadero,2016-04-14,9.79,17.51,5.03,72.14,0.33,2.09,63.31,-16.56556,-69.04167,3808
Desaguadero,2016-04-15,8.72,14.99,4.08,76.8,0.38,2.28,63.28,-16.56556,-69.04167,3808
Desaguadero,2016-04-16,8.77,14.01,4.43,79.58,2.31,2.79,63.28,-16.56556,-69.04167,3808
Desaguadero,2016-04-17,9.07,14.14,5.3,81.8,13.0,3.88,63.4,-16.56556,-69.04167,3808
Desaguadero,2016-04-18,9.15,15.45,4.29,77.68,4.27,3.5,63.43,-16.56556,-69.04167,3808
Desaguadero,2016-04-19,8.31,13.44,4.39,81.71,6.86,3.01,63.33,-16.56556,-69.04167,3808
Desaguadero,2016-04-20,7.07,13.05,2.8,82.94,3.07,2.76,63.29,-16.56556,-69.04167,3808
Desaguadero,2016-04-21,8.17,14.68,3.74,77.01,0.45,2.18,63.38,-16.56556,-69.04167,3808
Desaguadero,2016-04-22,7.83,13.78,3.99,76.86,0.5,1.54,63.42,-16.56556,-69.04167,3808
Desaguadero,2016-04-23,8.28,17.38,1.13,50.62,0.0,1.89,63.31,-16.56556,-69.04167,3808
Desaguadero,2016-04-24,6.39,16.26,-1.89,47.23,0.09,2.52,63.26,-16.56556,-69.04167,3808
Desaguadero,2016-04-25,6.89,15.82,-0.9,43.46,4.04,1.9,63.17,-16.56556,-69.04167,3808
Desaguadero,2016-04-26,7.72,16.36,0.7,55.43,2.27,1.88,63.17,-16.56556,-69.04167,3808
Desaguadero,2016-04-27,8.28,16.59,2.71,56.76,0.16,1.53,63.18,-16.56556,-69.04167,3808
Desaguadero,2016-04-28,7.88,18.33,-0.94,44.45,0.0,1.69,63.25,-16.56556,-69.04167,3808
Desaguadero,2016-04-29,7.55,17.6,-0.65,53.48,0.0,2.08,63.27,-16.56556,-69.04167,3808
Desaguadero,2016-04-30,7.48,16.43,1.15,69.27,0.0,2.0,63.25,-16.56556,-69.04167,3808
Desaguadero,2016-05-01,7.77,17.44,-1.1,61.81,0.0,1.81,63.28,-16.56556,-69.04167,3808
Desaguadero,2016-05-02,7.33,16.6,0.43,60.43,0.0,2.24,63.36,-16.56556,-69.04167,3808
Desaguadero,2016-05-03,5.72,13.84,-0.2,62.35,0.0,2.48,63.41,-16.56556,-69.04167,3808
Desaguadero,2016-05-04,6.28,13.9,-0.19,74.07,0.0,1.77,63.35,-16.56556,-69.04167,3808
Desaguadero,2016-05-05,6.56,14.94,-0.93,64.05,0.0,2.15,63.31,-16.56556,-69.04167,3808
Desaguadero,2016-05-06,7.38,15.82,-0.29,61.63,0.0,1.67,63.33,-16.56556,-69.04167,3808
Desaguadero,2016-05-07,7.87,14.11,3.32,72.01,0.36,2.09,63.31,-16.56556,-69.04167,3808
Desaguadero,2016-05-08,7.73,15.03,2.77,63.73,0.01,1.65,63.21,-16.56556,-69.04167,3808
Desaguadero,2016-05-09,5.98,14.6,-0.95,49.82,0.0,2.55,63.23,-16.56556,-69.04167,3808
Desaguadero,2016-05-10,6.59,15.03,-1.11,59.05,1.01,2.45,63.28,-16.56556,-69.04167,3808
Desaguadero,2016-05-11,7.46,14.99,1.03,66.55,2.02,1.88,63.34,-16.56556,-69.04167,3808
Desaguadero,2016-05-12,7.96,15.33,3.05,70.94,0.1,2.22,63.42,-16.56556,-69.04167,3808
Desaguadero,2016-05-13,8.18,15.18,3.14,74.84,0.0,2.81,63.47,-16.56556,-69.04167,3808
Desaguadero,2016-05-14,7.52,12.86,3.87,76.02,0.0,1.2,63.49,-16.56556,-69.04167,3808
Desaguadero,2016-05-15,7.74,16.33,-0.26,64.31,0.0,1.84,63.45,-16.56556,-69.04167,3808
Desaguadero,2016-05-16,7.94,13.77,4.59,79.66,0.02,2.33,63.47,-16.56556,-69.04167,3808
Desaguadero,2016-05-17,7.81,16.03,1.38,63.13,0.04,1.76,63.36,-16.56556,-69.04167,3808
Desaguadero,2016-05-18,5.97,15.14,-0.59,43.57,0.02,1.84,63.31,-16.56556,-69.04167,3808
Desaguadero,2016-05-19,5.61,15.12,-1.03,38.09,0.0,2.13,63.3,-16.56556,-69.04167,3808
Desaguadero,2016-05-20,5.87,14.2,-0.6,52.15,0.0,2.13,63.4,-16.56556,-69.04167,3808
Desaguadero,2016-05-21,7.32,14.95,2.43,62.71,0.03,1.45,63.45,-16.56556,-69.04167,3808
Desaguadero,2016-05-22,7.0,14.83,1.2,64.38,0.01,2.25,63.49,-16.56556,-69.04167,3808
Desaguadero,2016-05-23,8.02,14.27,3.59,73.78,0.0,2.32,63.56,-16.56556,-69.04167,3808
Desaguadero,2016-05-24,8.45,16.5,2.31,59.07,0.11,1.11,63.57,-16.56556,-69.04167,3808
Desaguadero,2016-05-25,6.24,15.56,-0.79,45.11,0.01,1.86,63.49,-16.56556,-69.04167,3808
Desaguadero,2016-05-26,5.22,13.63,-2.01,50.59,0.02,1.98,63.34,-16.56556,-69.04167,3808
Desaguadero,2016-05-27,6.19,13.4,1.25,67.82,0.09,3.08,63.26,-16.56556,-69.04167,3808
Desaguadero,2016-05-28,5.46,15.38,-1.66,49.79,0.01,2.63,63.33,-16.56556,-69.04167,3808
Desaguadero,2016-05-29,4.13,14.99,-3.01,40.88,0.0,3.11,63.32,-16.56556,-69.04167,3808
Desaguadero,2016-05-30,3.79,14.21,-3.92,39.03,0.02,2.34,63.2,-16.56556,-69.04167,3808
Desaguadero,2016-05-31,4.54,13.57,-2.92,46.45,0.1,2.42,63.15,-16.56556,-69.04167,3808
Desaguadero,2016-06-01,3.97,14.42,-2.95,40.15,0.42,2.72,63.24,-16.56556,-69.04167,3808
Desaguadero,2016-06-02,4.31,13.72,-3.35,39.1,0.53,1.96,63.27,-16.56556,-69.04167,3808
Desaguadero,2016-06-03,5.22,13.82,-1.55,46.39,0.93,1.65,63.26,-16.56556,-69.04167,3808
Desaguadero,2016-06-04,5.8,14.47,-0.33,50.26,0.45,1.85,63.21,-16.56556,-69.04167,3808
Desaguadero,2016-06-05,6.25,14.51,-0.99,52.7,0.03,2.38,63.21,-16.56556,-69.04167,3808
Desaguadero,2016-06-06,6.89,15.04,1.44,55.28,0.59,1.87,63.31,-16.56556,-69.04167,3808
Desaguadero,2016-06-07,5.84,14.15,0.39,51.23,1.99,1.51,63.4,-16.56556,-69.04167,3808
Desaguadero,2016-06-08,5.77,13.77,-0.2,43.98,0.13,1.31,63.44,-16.56556,-69.04167,3808
Desaguadero,2016-06-09,5.76,13.73,-1.34,42.06,0.01,1.43,63.42,-16.56556,-69.04167,3808
Desaguadero,2016-06-10,4.72,14.21,-2.14,51.36,0.0,2.16,63.55,-16.56556,-69.04167,3808
Desaguadero,2016-06-11,5.67,14.73,-0.32,72.69,0.0,1.86,63.5,-16.56556,-69.04167,3808
Desaguadero,2016-06-12,4.49,11.16,-0.26,78.5,0.0,1.98,63.52,-16.56556,-69.04167,3808
Desaguadero,2016-06-13,6.46,14.89,-1.07,66.44,0.0,1.45,63.49,-16.56556,-69.04167,3808
Desaguadero,2016-06-14,5.84,14.39,-1.46,67.71,0.0,1.79,63.55,-16.56556,-69.04167,3808
Desaguadero,2016-06-15,6.43,14.34,1.79,54.46,0.0,1.73,63.63,-16.56556,-69.04167,3808
Desaguadero,2016-06-16,5.85,14.07,0.95,60.0,0.0,2.21,63.49,-16.56556,-69.04167,3808
Desaguadero,2016-06-17,5.07,12.86,-0.25,66.5,0.0,1.98,63.34,-16.56556,-69.04167,3808
Desaguadero,2016-06-18,4.39,12.78,-0.89,57.68,0.0,2.17,63.28,-16.56556,-69.04167,3808
Desaguadero,2016-06-19,4.9,12.34,-0.74,72.78,0.0,2.6,63.28,-16.56556,-69.04167,3808
Desaguadero,2016-06-20,5.02,13.32,-0.48,60.7,0.0,1.93,63.28,-16.56556,-69.04167,3808
Desaguadero,2016-06-21,4.53,13.49,-0.54,48.39,0.0,2.02,63.31,-16.56556,-69.04167,3808
Desaguadero,2016-06-22,4.87,13.94,-1.58,38.32,0.0,1.5,63.33,-16.56556,-69.04167,3808
Desaguadero,2016-06-23,4.65,13.24,-1.2,52.11,0.0,1.75,63.31,-16.56556,-69.04167,3808
Desaguadero,2016-06-24,5.13,13.36,-1.15,55.01,0.0,2.36,63.19,-16.56556,-69.04167,3808
Desaguadero,2016-06-25,5.26,11.79,-0.06,75.43,0.0,3.87,63.07,-16.56556,-69.04167,3808
Desaguadero,2016-06-26,4.86,11.72,0.77,79.67,0.04,3.67,63.2,-16.56556,-69.04167,3808
Desaguadero,2016-06-27,3.92,10.37,-1.03,81.63,0.01,2.11,63.35,-16.56556,-69.04167,3808
Desaguadero,2016-06-28,4.01,9.88,0.39,82.86,2.31,2.63,63.34,-16.56556,-69.04167,3808
Desaguadero,2016-06-29,5.02,11.57,0.16,70.45,0.13,1.7,63.36,-16.56556,-69.04167,3808
Desaguadero,2016-06-30,5.78,14.02,0.1,62.83,0.0,1.71,63.38,-16.56556,-69.04167,3808
Desaguadero,2016-07-01,5.32,12.34,0.7,75.33,0.0,1.98,63.41,-16.56556,-69.04167,3808
Desaguadero,2016-07-02,5.81,12.8,0.65,67.12,0.02,1.75,63.43,-16.56556,-69.04167,3808
Desaguadero,2016-07-03,5.14,11.61,0.78,73.3,0.0,2.92,63.38,-16.56556,-69.04167,3808
Desaguadero,2016-07-04,5.81,11.98,-0.27,71.56,0.0,3.78,63.25,-16.56556,-69.04167,3808
Desaguadero,2016-07-05,5.48,13.83,-0.74,62.0,0.07,2.71,63.27,-16.56556,-69.04167,3808
Desaguadero,2016-07-06,5.75,12.35,1.14,68.26,0.27,2.15,63.37,-16.56556,-69.04167,3808
Desaguadero,2016-07-07,3.07,7.48,0.43,85.89,5.06,2.33,63.36,-16.56556,-69.04167,3808
Desaguadero,2016-07-08,4.39,10.86,-1.52,75.57,0.29,3.95,63.38,-16.56556,-69.04167,3808
Desaguadero,2016-07-09,4.21,12.98,-2.96,60.39,0.02,1.81,63.42,-16.56556,-69.04167,3808
Desaguadero,2016-07-10,5.33,13.85,-1.17,59.83,0.02,1.89,63.35,-16.56556,-69.04167,3808
Desaguadero,2016-07-11,4.72,13.93,-2.2,43.81,0.06,1.74,63.31,-16.56556,-69.04167,3808
Desaguadero,2016-07-12,4.93,14.14,-2.08,43.69,0.0,1.7,63.29,-16.56556,-69.04167,3808
Desaguadero,2016-07-13,6.45,13.91,1.14,70.34,0.19,2.06,63.28,-16.56556,-69.04167,3808
Desaguadero,2016-07-14,6.3,14.55,0.17,49.55,0.04,1.52,63.3,-16.56556,-69.04167,3808
Desaguadero,2016-07-15,6.31,14.75,-0.15,60.6,0.03,2.21,63.25,-16.56556,-69.04167,3808
Desaguadero,2016-07-16,5.31,14.25,-1.4,54.1,1.26,1.95,63.33,-16.56556,-69.04167,3808
Desaguadero,2016-07-17,5.87,13.02,1.18,67.03,0.05,1.17,63.34,-16.56556,-69.04167,3808
Desaguadero,2016-07-18,6.33,15.05,-0.49,51.61,0.0,1.5,63.31,-16.56556,-69.04167,3808
Desaguadero,2016-07-19,6.11,13.09,0.57,68.91,0.0,1.5,63.36,-16.56556,-69.04167,3808
Desaguadero,2016-07-20,5.85,15.07,-2.17,59.84,0.0,1.69,63.42,-16.56556,-69.04167,3808
Desaguadero,2016-07-21,6.49,15.03,-0.49,62.99,0.0,1.09,63.45,-16.56556,-69.04167,3808
Desaguadero,2016-07-22,6.49,15.61,-0.9,62.42,0.0,1.38,63.37,-16.56556,-69.04167,3808
Desaguadero,2016-07-23,6.54,15.65,0.69,56.92,0.0,1.73,63.3,-16.56556,-69.04167,3808
Desaguadero,2016-07-24,5.65,13.99,-0.1,59.97,0.0,2.38,63.26,-16.56556,-69.04167,3808
Desaguadero,2016-07-25,6.45,16.11,-0.93,52.13,0.0,2.1,63.26,-16.56556,-69.04167,3808
Desaguadero,2016-07-26,5.89,15.52,-1.85,44.49,0.0,2.5,63.3,-16.56556,-69.04167,3808
Desaguadero,2016-07-27,6.82,13.81,2.14,72.52,0.0,2.48,63.36,-16.56556,-69.04167,3808
Desaguadero,2016-07-28,6.87,16.01,0.84,63.46,0.0,1.71,63.34,-16.56556,-69.04167,3808
Desaguadero,2016-07-29,5.75,14.48,-0.56,68.29,0.0,2.68,63.31,-16.56556,-69.04167,3808
Desaguadero,2016-07-30,5.29,14.1,-0.13,53.42,0.0,2.79,63.32,-16.56556,-69.04167,3808
Desaguadero,2016-07-31,5.68,14.56,-0.32,53.82,0.0,2.2,63.33,-16.56556,-69.04167,3808
Desaguadero,2016-08-01,5.31,14.24,-0.7,58.21,0.0,2.46,63.39,-16.56556,-69.04167,3808
Desaguadero,2016-08-02,5.14,13.56,-0.67,68.72,0.0,2.58,63.43,-16.56556,-69.04167,3808
Desaguadero,2016-08-03,6.22,14.46,0.58,70.34,0.0,2.05,63.38,-16.56556,-69.04167,3808
Desaguadero,2016-08-04,6.49,14.94,1.09,66.88,0.0,1.89,63.35,-16.56556,-69.04167,3808
Desaguadero,2016-08-05,7.06,15.52,0.83,69.68,0.0,3.09,63.31,-16.56556,-69.04167,3808
Desaguadero,2016-08-06,7.51,14.57,0.89,73.26,0.18,4.48,63.26,-16.56556,-69.04167,3808
Desaguadero,2016-08-07,8.07,13.88,3.98,78.71,0.64,4.42,63.27,-16.56556,-69.04167,3808
Desaguadero,2016-08-08,8.65,16.56,3.03,63.78,0.23,2.13,63.2,-16.56556,-69.04167,3808
Desaguadero,2016-08-09,5.21,12.43,0.52,72.06,6.95,1.83,63.31,-16.56556,-69.04167,3808
Desaguadero,2016-08-10,4.16,11.21,0.44,75.96,0.61,1.42,63.4,-16.56556,-69.04167,3808
Desaguadero,2016-08-11,6.14,13.83,0.15,65.6,0.0,1.84,63.3,-16.56556,-69.04167,3808
Desaguadero,2016-08-12,5.61,14.03,-1.42,64.0,0.0,1.97,63.27,-16.56556,-69.04167,3808
Desaguadero,2016-08-13,7.2,14.77,2.03,65.83,0.0,1.61,63.25,-16.56556,-69.04167,3808
Desaguadero,2016-08-14,7.17,15.81,0.39,50.78,0.0,1.56,63.24,-16.56556,-69.04167,3808
Desaguadero,2016-08-15,7.4,16.08,0.34,46.43,0.0,1.27,63.26,-16.56556,-69.04167,3808
Desaguadero,2016-08-16,7.39,15.56,1.38,64.76,0.0,1.96,63.32,-16.56556,-69.04167,3808
Desaguadero,2016-08-17,7.52,16.07,0.76,63.24,0.0,2.01,63.37,-16.56556,-69.04167,3808
Desaguadero,2016-08-18,7.37,13.88,2.18,62.08,0.28,1.91,63.33,-16.56556,-69.04167,3808
Desaguadero,2016-08-19,6.77,14.01,2.07,47.64,0.16,0.97,63.22,-16.56556,-69.04167,3808
Desaguadero,2016-08-20,4.87,13.38,-3.69,38.63,0.05,1.81,63.31,-16.56556,-69.04167,3808
Desaguadero,2016-08-21,6.07,13.39,0.6,75.11,0.38,3.37,63.44,-16.56556,-69.04167,3808
Desaguadero,2016-08-22,6.95,15.35,1.92,68.67,0.0,2.41,63.45,-16.56556,-69.04167,3808
Desaguadero,2016-08-23,7.56,16.06,1.34,62.17,0.0,2.08,63.37,-16.56556,-69.04167,3808
Desaguadero,2016-08-24,8.19,15.93,2.76,63.76,0.0,1.41,63.33,-16.56556,-69.04167,3808
Desaguadero,2016-08-25,6.88,14.0,1.2,67.33,0.0,2.26,63.32,-16.56556,-69.04167,3808
Desaguadero,2016-08-26,7.22,15.12,1.53,70.52,0.0,2.25,63.27,-16.56556,-69.04167,3808
Desaguadero,2016-08-27,7.6,14.64,2.51,63.32,0.03,2.01,63.19,-16.56556,-69.04167,3808
Desaguadero,2016-08-28,5.82,14.73,-2.59,40.36,0.0,3.3,63.12,-16.56556,-69.04167,3808
Desaguadero,2016-08-29,4.0,14.3,-4.51,31.61,0.04,4.37,63.14,-16.56556,-69.04167,3808
Desaguadero,2016-08-30,5.47,16.18,-3.24,40.49,0.02,2.2,63.18,-16.56556,-69.04167,3808
Desaguadero,2016-08-31,6.36,16.06,-1.32,50.64,0.0,2.17,63.26,-16.56556,-69.04167,3808
Desaguadero,2016-09-01,6.81,15.13,0.72,65.04,0.0,3.38,63.3,-16.56556,-69.04167,3808
Desaguadero,2016-09-02,4.34,10.12,1.01,71.08,3.37,1.85,63.3,-16.56556,-69.04167,3808
Desaguadero,2016-09-03,5.69,15.07,-0.15,48.34,0.63,2.4,63.18,-16.56556,-69.04167,3808
Desaguadero,2016-09-04,3.38,9.33,-2.34,53.82,0.11,2.28,63.19,-16.56556,-69.04167,3808
Desaguadero,2016-09-05,5.2,14.71,-3.07,42.22,0.0,2.47,63.27,-16.56556,-69.04167,3808
Desaguadero,2016-09-06,5.88,14.84,-0.83,65.42,0.0,2.52,63.4,-16.56556,-69.04167,3808
Desaguadero,2016-09-07,7.47,16.89,0.6,55.68,0.0,1.98,63.37,-16.56556,-69.04167,3808
Desaguadero,2016-09-08,6.18,16.15,-2.6,45.85,0.0,1.86,63.35,-16.56556,-69.04167,3808
Desaguadero,2016-09-09,7.45,16.48,0.11,64.16,0.0,2.11,63.39,-16.56556,-69.04167,3808
Desaguadero,2016-09-10,7.67,16.78,1.25,63.76,0.0,2.35,63.56,-16.56556,-69.04167,3808
Desaguadero,2016-09-11,8.42,17.77,1.44,61.09,0.0,2.07,63.48,-16.56556,-69.04167,3808
Desaguadero,2016-09-12,10.14,20.88,2.51,58.7,0.0,2.07,63.28,-16.56556,-69.04167,3808
Desaguadero,2016-09-13,9.61,19.81,3.47,64.93,0.0,3.35,63.31,-16.56556,-69.04167,3808
Desaguadero,2016-09-14,10.01,18.12,4.35,63.59,0.0,3.2,63.46,-16.56556,-69.04167,3808
Desaguadero,2016-09-15,9.23,15.91,4.7,67.62,0.0,2.41,63.41,-16.56556,-69.04167,3808
Desaguadero,2016-09-16,9.01,16.85,2.98,64.26,0.0,2.59,63.39,-16.56556,-69.04167,3808
Desaguadero,2016-09-17,8.62,16.37,2.86,66.93,0.0,2.61,63.37,-16.56556,-69.04167,3808
Desaguadero,2016-09-18,8.66,16.86,4.11,62.17,0.82,3.21,63.41,-16.56556,-69.04167,3808
Desaguadero,2016-09-19,6.71,14.15,1.15,64.59,2.33,3.38,63.46,-16.56556,-69.04167,3808
Desaguadero,2016-09-20,7.16,13.87,1.79,70.37,0.3,2.72,63.33,-16.56556,-69.04167,3808
Desaguadero,2016-09-21,7.37,15.1,1.1,65.46,2.19,3.23,63.26,-16.56556,-69.04167,3808
Desaguadero,2016-09-22,7.54,14.75,1.62,69.54,0.21,3.0,63.29,-16.56556,-69.04167,3808
Desaguadero,2016-09-23,7.69,13.45,3.22,72.23,2.66,3.74,63.47,-16.56556,-69.04167,3808
Desaguadero,2016-09-24,8.54,15.15,2.85,66.56,2.15,2.59,63.42,-16.56556,-69.04167,3808
Desaguadero,2016-09-25,6.88,12.89,2.13,73.95,0.86,2.08,63.32,-16.56556,-69.04167,3808
Desaguadero,2016-09-26,8.29,14.89,3.95,69.22,0.0,2.19,63.27,-16.56556,-69.04167,3808
Desaguadero,2016-09-27,8.55,16.9,2.12,58.53,0.0,2.73,63.31,-16.56556,-69.04167,3808
Desaguadero,2016-09-28,9.54,16.83,4.38,64.47,0.0,2.68,63.37,-16.56556,-69.04167,3808
Desaguadero,2016-09-29,9.86,17.35,4.18,63.88,0.0,2.06,63.31,-16.56556,-69.04167,3808
Desaguadero,2016-09-30,10.69,18.39,3.49,56.9,0.0,2.22,63.16,-16.56556,-69.04167,3808
Desaguadero,2016-10-01,7.82,12.72,4.44,75.57,0.7,5.28,63.21,-16.56556,-69.04167,3808
Desaguadero,2016-10-02,8.15,15.14,3.05,68.05,0.16,3.54,63.33,-16.56556,-69.04167,3808
Desaguadero,2016-10-03,9.28,16.33,3.46,64.03,0.03,2.73,63.26,-16.56556,-69.04167,3808
Desaguadero,2016-10-04,9.5,16.12,2.71,59.09,0.0,2.21,63.2,-16.56556,-69.04167,3808
Desaguadero,2016-10-05,7.94,17.96,-2.45,41.45,1.48,3.0,63.22,-16.56556,-69.04167,3808
Desaguadero,2016-10-06,9.08,17.62,0.82,51.05,0.47,2.27,63.07,-16.56556,-69.04167,3808
Desaguadero,2016-10-07,7.26,17.71,-3.76,32.03,0.0,1.66,62.98,-16.56556,-69.04167,3808
Desaguadero,2016-10-08,7.61,16.32,-0.24,51.49,0.65,3.38,63.11,-16.56556,-69.04167,3808
Desaguadero,2016-10-09,7.99,13.65,3.24,74.36,0.58,4.06,63.18,-16.56556,-69.04167,3808
Desaguadero,2016-10-10,7.1,14.21,1.81,72.67,4.55,2.32,63.28,-16.56556,-69.04167,3808
Desaguadero,2016-10-11,8.71,15.13,4.2,55.98,0.47,1.29,63.22,-16.56556,-69.04167,3808
Desaguadero,2016-10-12,9.15,18.4,1.5,42.87,0.01,2.1,63.15,-16.56556,-69.04167,3808
Desaguadero,2016-10-13,8.99,18.61,-1.15,42.49,0.0,1.96,63.17,-16.56556,-69.04167,3808
Desaguadero,2016-10-14,9.32,15.27,3.84,64.05,1.86,2.4,63.29,-16.56556,-69.04167,3808
Desaguadero,2016-10-15,10.07,17.87,4.11,62.06,2.24,2.32,63.27,-16.56556,-69.04167,3808
Desaguadero,2016-10-16,7.5,12.63,2.63,75.52,1.81,2.39,63.19,-16.56556,-69.04167,3808
Desaguadero,2016-10-17,6.11,12.26,2.37,71.04,10.73,2.09,63.2,-16.56556,-69.04167,3808
Desaguadero,2016-10-18,7.44,12.77,2.8,61.29,1.23,2.28,63.25,-16.56556,-69.04167,3808
Desaguadero,2016-10-19,8.65,15.09,3.94,63.75,0.0,2.48,63.25,-16.56556,-69.04167,3808
Desaguadero,2016-10-20,7.65,12.68,3.13,71.99,6.06,3.56,63.24,-16.56556,-69.04167,3808
Desaguadero,2016-10-21,7.59,15.29,1.5,66.75,2.95,2.61,63.19,-16.56556,-69.04167,3808
Desaguadero,2016-10-22,8.65,15.62,3.47,52.88,0.05,1.28,63.27,-16.56556,-69.04167,3808
Desaguadero,2016-10-23,9.32,17.28,2.2,55.57,0.54,1.96,63.31,-16.56556,-69.04167,3808
Desaguadero,2016-10-24,7.86,14.33,2.8,69.26,0.13,2.13,63.26,-16.56556,-69.04167,3808
Desaguadero,2016-10-25,9.83,17.85,2.77,59.06,0.76,1.59,63.11,-16.56556,-69.04167,3808
Desaguadero,2016-10-26,8.03,16.41,2.45,68.67,1.18,2.27,63.08,-16.56556,-69.04167,3808
Desaguadero,2016-10-27,6.7,14.15,0.67,65.48,0.66,4.48,63.17,-16.56556,-69.04167,3808
Desaguadero,2016-10-28,6.85,15.82,0.35,58.56,0.4,3.68,63.24,-16.56556,-69.04167,3808
Desaguadero,2016-10-29,8.14,15.68,1.68,65.73,2.0,2.21,63.3,-16.56556,-69.04167,3808
Desaguadero,2016-10-30,9.1,15.83,2.45,58.07,3.74,0.89,63.24,-16.56556,-69.04167,3808
Desaguadero,2016-10-31,8.6,18.39,-1.54,42.07,0.0,2.0,63.1,-16.56556,-69.04167,3808
Desaguadero,2016-11-01,9.69,18.44,2.09,50.41,0.04,1.81,63.07,-16.56556,-69.04167,3808
Desaguadero,2016-11-02,8.65,17.8,-1.35,48.39,0.02,3.24,63.17,-16.56556,-69.04167,3808
Desaguadero,2016-11-03,9.29,18.2,3.7,63.89,0.0,3.44,63.27,-16.56556,-69.04167,3808
Desaguadero,2016-11-04,8.26,16.29,2.38,64.55,0.0,3.93,63.47,-16.56556,-69.04167,3808
Desaguadero,2016-11-05,8.38,16.57,1.68,58.8,0.0,2.9,63.48,-16.56556,-69.04167,3808
Desaguadero,2016-11-06,9.45,18.32,1.82,58.39,0.0,2.9,63.33,-16.56556,-69.04167,3808
Desaguadero,2016-11-07,9.7,17.18,3.81,62.67,0.0,2.09,63.27,-16.56556,-69.04167,3808
Desaguadero,2016-11-08,10.28,17.16,4.56,60.46,3.0,2.33,63.21,-16.56556,-69.04167,3808
Desaguadero,2016-11-09,8.38,14.02,4.56,74.3,0.86,2.82,63.2,-16.56556,-69.04167,3808
Desaguadero,2016-11-10,8.98,16.79,3.64,64.17,3.61,2.55,63.24,-16.56556,-69.04167,3808
Desaguadero,2016-11-11,9.39,18.38,1.09,43.21,0.01,1.96,63.15,-16.56556,-69.04167,3808
Desaguadero,2016-11-12,9.44,18.74,0.86,41.09,0.92,2.0,63.03,-16.56556,-69.04167,3808
Desaguadero,2016-11-13,8.18,18.24,-1.62,35.57,0.02,1.74,63.03,-16.56556,-69.04167,3808
Desaguadero,2016-11-14,8.25,18.51,-2.18,38.01,0.66,1.77,62.96,-16.56556,-69.04167,3808
Desaguadero,2016-11-15,8.54,19.76,-1.82,34.92,0.67,2.55,62.93,-16.56556,-69.04167,3808
Desaguadero,2016-11-16,8.83,19.27,-2.74,33.59,0.03,1.7,62.97,-16.56556,-69.04167,3808
Desaguadero,2016-11-17,8.33,18.48,-0.3,48.36,0.31,3.62,63.08,-16.56556,-69.04167,3808
Desaguadero,2016-11-18,8.63,16.58,2.64,66.61,0.07,3.79,63.22,-16.56556,-69.04167,3808
Desaguadero,2016-11-19,9.83,18.39,4.04,58.07,0.0,2.62,63.15,-16.56556,-69.04167,3808
Desaguadero,2016-11-20,9.65,18.1,3.48,38.84,0.0,2.11,62.99,-16.56556,-69.04167,3808
Desaguadero,2016-11-21,9.19,16.52,2.51,58.12,0.69,3.43,62.99,-16.56556,-69.04167,3808
Desaguadero,2016-11-22,9.52,16.13,3.74,66.5,1.72,2.56,63.04,-16.56556,-69.04167,3808
Desaguadero,2016-11-23,10.66,18.52,4.96,58.64,0.1,2.45,63.06,-16.56556,-69.04167,3808
Desaguadero,2016-11-24,10.91,17.47,5.66,54.8,0.0,1.87,63.12,-16.56556,-69.04167,3808
Desaguadero,2016-11-25,9.65,15.75,4.86,46.8,0.0,2.33,63.19,-16.56556,-69.04167,3808
Desaguadero,2016-11-26,9.41,15.5,4.97,63.34,0.0,2.35,63.16,-16.56556,-69.04167,3808
Desaguadero,2016-11-27,9.14,14.93,4.4,54.26,0.0,1.6,63.18,-16.56556,-69.04167,3808
Desaguadero,2016-11-28,10.15,17.3,4.94,64.12,0.59,2.6,63.19,-16.56556,-69.04167,3808
Desaguadero,2016-11-29,6.19,10.94,3.14,77.23,0.08,2.76,63.34,-16.56556,-69.04167,3808
Desaguadero,2016-11-30,8.83,15.14,3.44,68.8,0.19,2.15,63.31,-16.56556,-69.04167,3808
Desaguadero,2016-12-01,9.34,15.93,5.07,68.49,11.03,3.62,63.24,-16.56556,-69.04167,3808
Desaguadero,2016-12-02,9.04,16.11,3.04,70.65,2.22,2.37,63.22,-16.56556,-69.04167,3808
Desaguadero,2016-12-03,9.83,16.5,4.74,69.0,0.52,1.88,63.23,-16.56556,-69.04167,3808
Desaguadero,2016-12-04,8.28,16.36,2.32,73.68,8.55,2.93,63.23,-16.56556,-69.04167,3808
Desaguadero,2016-12-05,11.11,18.74,4.46,62.69,0.11,2.65,63.13,-16.56556,-69.04167,3808
Desaguadero,2016-12-06,8.87,16.47,2.37,69.25,0.06,3.02,63.22,-16.56556,-69.04167,3808
Desaguadero,2016-12-07,10.64,17.02,5.05,66.81,4.08,3.12,63.13,-16.56556,-69.04167,3808
Desaguadero,2016-12-08,10.27,15.89,5.33,70.32,7.48,2.82,63.04,-16.56556,-69.04167,3808
Desaguadero,2016-12-09,8.64,15.54,2.44,62.25,5.09,1.77,63.02,-16.56556,-69.04167,3808
Desaguadero,2016-12-10,8.41,15.19,1.43,41.78,0.0,2.36,63.09,-16.56556,-69.04167,3808
Desaguadero,2016-12-11,9.43,16.53,3.31,62.04,0.34,2.26,63.13,-16.56556,-69.04167,3808
Desaguadero,2016-12-12,7.66,15.11,2.35,74.25,0.91,1.87,63.12,-16.56556,-69.04167,3808
Desaguadero,2016-12-13,10.33,19.81,1.84,48.91,0.0,2.93,63.13,-16.56556,-69.04167,3808
Desaguadero,2016-12-14,9.71,15.6,5.34,69.53,0.53,4.64,63.29,-16.56556,-69.04167,3808
Desaguadero,2016-12-15,9.05,15.84,4.04,67.97,0.12,3.52,63.36,-16.56556,-69.04167,3808
Desaguadero,2016-12-16,10.6,19.81,4.57,62.73,0.11,3.28,63.29,-16.56556,-69.04167,3808
Desaguadero,2016-12-17,10.4,19.37,3.99,62.37,0.03,3.12,63.22,-16.56556,-69.04167,3808
Desaguadero,2016-12-18,11.79,21.32,3.36,55.51,0.48,2.23,63.14,-16.56556,-69.04167,3808
Desaguadero,2016-12-19,11.15,16.92,6.24,64.45,5.62,1.83,63.09,-16.56556,-69.04167,3808
Desaguadero,2016-12-20,9.88,17.89,2.06,60.15,6.32,3.3,63.07,-16.56556,-69.04167,3808
Desaguadero,2016-12-21,10.54,18.95,3.96,61.54,0.0,2.53,63.04,-16.56556,-69.04167,3808
Desaguadero,2016-12-22,9.89,16.44,5.44,69.85,0.94,3.13,63.1,-16.56556,-69.04167,3808
Desaguadero,2016-12-23,9.95,16.39,5.17,69.55,1.67,3.58,63.16,-16.56556,-69.04167,3808
Desaguadero,2016-12-24,10.52,17.32,5.91,66.36,0.19,3.56,63.16,-16.56556,-69.04167,3808
Desaguadero,2016-12-25,10.35,15.68,5.38,63.45,0.09,1.56,63.12,-16.56556,-69.04167,3808
Desaguadero,2016-12-26,9.46,14.35,4.72,65.03,2.75,1.76,63.08,-16.56556,-69.04167,3808
Desaguadero,2016-12-27,9.94,16.14,3.96,68.4,17.53,2.69,63.09,-16.56556,-69.04167,3808
Desaguadero,2016-12-28,7.45,13.07,3.82,81.34,4.63,4.73,63.14,-16.56556,-69.04167,3808
Desaguadero,2016-12-29,9.09,15.06,3.97,75.27,14.59,3.67,63.22,-16.56556,-69.04167,3808
Desaguadero,2016-12-30,9.34,16.48,3.6,74.57,8.83,2.61,63.19,-16.56556,-69.04167,3808
Desaguadero,2016-12-31,8.89,15.02,3.37,75.86,5.11,3.22,63.23,-16.56556,-69.04167,3808
Desaguadero,2017-01-01,9.93,16.22,5.62,73.08,0.8,2.55,63.3,-16.56556,-69.04167,3808
Desaguadero,2017-01-02,10.58,17.07,5.41,71.27,4.52,3.08,63.27,-16.56556,-69.04167,3808
Desaguadero,2017-01-03,9.38,15.49,4.99,78.01,40.85,2.28,63.17,-16.56556,-69.04167,3808
Desaguadero,2017-01-04,8.95,14.74,5.3,76.78,8.77,2.51,63.07,-16.56556,-69.04167,3808
Desaguadero,2017-01-05,7.12,13.61,2.08,81.65,22.8,4.22,63.12,-16.56556,-69.04167,3808
Desaguadero,2017-01-06,8.84,15.01,3.88,78.23,16.58,4.07,63.22,-16.56556,-69.04167,3808
Desaguadero,2017-01-07,8.4,14.51,4.37,79.76,13.25,2.84,63.27,-16.56556,-69.04167,3808
Desaguadero,2017-01-08,8.48,13.2,4.98,80.5,8.54,2.53,63.2,-16.56556,-69.04167,3808
Desaguadero,2017-01-09,6.59,12.03,2.74,85.45,5.12,1.62,63.11,-16.56556,-69.04167,3808
Desaguadero,2017-01-10,9.64,14.95,5.03,77.55,6.13,3.08,63.08,-16.56556,-69.04167,3808
Desaguadero,2017-01-11,8.79,13.16,4.58,78.52,2.06,4.6,63.18,-16.56556,-69.04167,3808
Desaguadero,2017-01-12,8.71,15.21,3.77,75.42,1.22,3.3,63.29,-16.56556,-69.04167,3808
Desaguadero,2017-01-13,8.84,14.84,4.63,77.94,1.62,2.23,63.22,-16.56556,-69.04167,3808
Desaguadero,2017-01-14,9.24,16.08,4.49,74.4,1.77,2.79,63.1,-16.56556,-69.04167,3808
Desaguadero,2017-01-15,9.46,15.8,3.49,73.54,1.8,2.03,63.04,-16.56556,-69.04167,3808
Desaguadero,2017-01-16,9.97,15.55,6.48,73.31,2.62,2.87,63.1,-16.56556,-69.04167,3808
Desaguadero,2017-01-17,9.02,14.13,3.83,74.0,0.16,2.98,63.19,-16.56556,-69.04167,3808
Desaguadero,2017-01-18,7.97,14.4,2.81,77.7,5.31,2.32,63.27,-16.56556,-69.04167,3808
Desaguadero,2017-01-19,9.08,16.37,2.85,72.4,2.83,3.03,63.25,-16.56556,-69.04167,3808
Desaguadero,2017-01-20,9.51,17.38,3.81,67.99,0.39,3.55,63.29,-16.56556,-69.04167,3808
Desaguadero,2017-01-21,9.41,16.92,4.0,66.8,0.73,3.63,63.32,-16.56556,-69.04167,3808
Desaguadero,2017-01-22,9.6,16.57,4.9,68.8,0.12,2.81,63.25,-16.56556,-69.04167,3808
Desaguadero,2017-01-23,9.06,15.63,4.01,74.42,11.89,2.15,63.13,-16.56556,-69.04167,3808
Desaguadero,2017-01-24,6.91,14.5,2.54,80.68,13.35,2.72,63.09,-16.56556,-69.04167,3808
Desaguadero,2017-01-25,5.11,10.97,1.69,85.54,14.78,2.15,63.25,-16.56556,-69.04167,3808
Desaguadero,2017-01-26,5.51,11.89,0.91,82.79,8.21,2.79,63.41,-16.56556,-69.04167,3808
Desaguadero,2017-01-27,7.4,14.91,1.3,74.32,0.19,3.42,63.44,-16.56556,-69.04167,3808
Desaguadero,2017-01-28,7.8,16.28,2.49,75.07,0.07,2.52,63.35,-16.56556,-69.04167,3808
Desaguadero,2017-01-29,9.19,16.82,2.95,70.17,0.0,1.83,63.33,-16.56556,-69.04167,3808
Desaguadero,2017-01-30,10.75,18.87,4.3,65.7,0.0,1.77,63.27,-16.56556,-69.04167,3808
Desaguadero,2017-01-31,10.82,17.14,5.73,66.98,0.54,1.51,63.21,-16.56556,-69.04167,3808
Desaguadero,2017-02-01,10.32,17.7,3.64,66.28,13.51,1.21,63.13,-16.56556,-69.04167,3808
Desaguadero,2017-02-02,8.37,16.46,0.14,67.77,17.08,2.05,63.12,-16.56556,-69.04167,3808
Desaguadero,2017-02-03,10.19,16.31,5.43,76.66,3.86,2.68,63.14,-16.56556,-69.04167,3808
Desaguadero,2017-02-04,10.78,16.47,6.7,70.47,0.07,1.9,63.16,-16.56556,-69.04167,3808
Desaguadero,2017-02-05,10.8,18.12,5.87,68.92,0.01,2.75,63.22,-16.56556,-69.04167,3808
Desaguadero,2017-02-06,6.88,11.66,4.2,88.63,2.09,2.2,63.25,-16.56556,-69.04167,3808
Desaguadero,2017-02-07,9.85,15.36,5.48,75.99,0.16,2.11,63.22,-16.56556,-69.04167,3808
Desaguadero,2017-02-08,10.14,15.73,5.98,75.3,0.14,2.09,63.26,-16.56556,-69.04167,3808
Desaguadero,2017-02-09,10.11,16.85,5.31,71.99,0.0,2.33,63.28,-16.56556,-69.04167,3808
Desaguadero,2017-02-10,11.57,19.44,5.17,61.86,0.03,1.57,63.19,-16.56556,-69.04167,3808
Desaguadero,2017-02-11,11.45,19.46,3.91,59.87,0.28,2.11,63.08,-16.56556,-69.04167,3808
Desaguadero,2017-02-12,9.18,13.54,5.53,76.41,2.02,2.01,63.1,-16.56556,-69.04167,3808
Desaguadero,2017-02-13,9.35,15.49,4.9,76.04,1.23,3.82,63.09,-16.56556,-69.04167,3808
Desaguadero,2017-02-14,10.02,18.27,4.06,65.52,0.0,3.17,63.21,-16.56556,-69.04167,3808
Desaguadero,2017-02-15,9.88,17.92,4.13,68.63,1.0,2.58,63.33,-16.56556,-69.04167,3808
Desaguadero,2017-02-16,9.32,15.64,5.56,76.6,3.79,2.3,63.24,-16.56556,-69.04167,3808
Desaguadero,2017-02-17,8.95,14.84,4.83,77.29,1.93,2.31,63.16,-16.56556,-69.04167,3808
Desaguadero,2017-02-18,9.35,15.93,5.07,75.9,1.88,2.29,63.13,-16.56556,-69.04167,3808
Desaguadero,2017-02-19,8.13,11.44,5.3,83.98,20.52,3.72,63.23,-16.56556,-69.04167,3808
Desaguadero,2017-02-20,8.49,14.64,4.27,79.21,2.7,3.09,63.32,-16.56556,-69.04167,3808
Desaguadero,2017-02-21,8.42,14.27,4.41,78.53,1.81,3.28,63.27,-16.56556,-69.04167,3808
Desaguadero,2017-02-22,7.55,14.94,2.94,74.59,0.5,3.95,63.22,-16.56556,-69.04167,3808
Desaguadero,2017-02-23,7.23,14.22,2.5,76.81,0.86,3.86,63.22,-16.56556,-69.04167,3808
Desaguadero,2017-02-24,7.8,14.68,2.52,77.27,0.86,3.42,63.23,-16.56556,-69.04167,3808
Desaguadero,2017-02-25,8.25,14.71,3.61,78.24,2.83,3.12,63.15,-16.56556,-69.04167,3808
Desaguadero,2017-02-26,8.54,14.77,3.95,79.8,2.37,3.39,63.13,-16.56556,-69.04167,3808
Desaguadero,2017-02-27,9.08,14.76,4.14,77.07,2.47,2.2,63.14,-16.56556,-69.04167,3808
Desaguadero,2017-02-28,7.55,11.88,2.99,81.07,3.94,1.25,63.07,-16.56556,-69.04167,3808
Desaguadero,2017-03-01,5.39,9.43,2.02,87.03,12.15,1.71,63.0,-16.56556,-69.04167,3808
Desaguadero,2017-03-02,8.0,14.36,3.0,76.26,5.25,1.47,63.04,-16.56556,-69.04167,3808
Desaguadero,2017-03-03,6.99,12.53,2.64,83.36,4.58,2.57,63.16,-16.56556,-69.04167,3808
Desaguadero,2017-03-04,9.22,14.89,5.53,80.31,0.98,3.33,63.15,-16.56556,-69.04167,3808
Desaguadero,2017-03-05,9.09,15.06,4.97,78.82,0.77,2.73,63.15,-16.56556,-69.04167,3808
Desaguadero,2017-03-06,8.94,14.62,5.03,78.1,6.88,2.38,63.22,-16.56556,-69.04167,3808
Desaguadero,2017-03-07,8.42,14.54,4.25,81.56,4.22,3.24,63.28,-16.56556,-69.04167,3808
Desaguadero,2017-03-08,8.76,15.81,3.67,78.37,0.29,3.02,63.25,-16.56556,-69.04167,3808
Desaguadero,2017-03-09,9.71,16.69,5.01,75.32,4.0,2.35,63.16,-16.56556,-69.04167,3808
Desaguadero,2017-03-10,8.84,15.43,4.31,78.05,2.79,3.35,63.28,-16.56556,-69.04167,3808
Desaguadero,2017-03-11,8.66,14.28,4.06,75.03,1.71,3.18,63.35,-16.56556,-69.04167,3808
Desaguadero,2017-03-12,8.27,15.71,2.87,73.21,3.69,3.04,63.35,-16.56556,-69.04167,3808
Desaguadero,2017-03-13,7.38,13.84,2.92,76.45,5.72,2.79,63.33,-16.56556,-69.04167,3808
Desaguadero,2017-03-14,8.13,15.64,1.77,74.95,0.7,2.19,63.23,-16.56556,-69.04167,3808
Desaguadero,2017-03-15,8.94,15.66,3.48,77.07,6.67,1.58,63.17,-16.56556,-69.04167,3808
Desaguadero,2017-03-16,7.81,14.02,3.59,82.35,4.98,2.0,63.17,-16.56556,-69.04167,3808
Desaguadero,2017-03-17,7.6,14.16,2.9,78.75,5.21,1.95,63.24,-16.56556,-69.04167,3808
Desaguadero,2017-03-18,9.11,16.62,3.71,75.22,0.0,2.48,63.26,-16.56556,-69.04167,3808
Desaguadero,2017-03-19,9.0,16.62,2.37,71.87,0.0,2.35,63.31,-16.56556,-69.04167,3808
Desaguadero,2017-03-20,9.01,17.43,2.51,66.74,0.0,3.0,63.31,-16.56556,-69.04167,3808
Desaguadero,2017-03-21,7.99,15.83,1.14,68.66,0.35,3.35,63.35,-16.56556,-69.04167,3808
Desaguadero,2017-03-22,8.19,14.4,3.53,77.87,0.54,3.25,63.35,-16.56556,-69.04167,3808
Desaguadero,2017-03-23,7.29,13.81,2.98,82.77,5.89,2.12,63.34,-16.56556,-69.04167,3808
Desaguadero,2017-03-24,8.11,14.02,4.44,80.83,2.71,3.03,63.28,-16.56556,-69.04167,3808
Desaguadero,2017-03-25,8.37,14.92,3.98,80.75,10.5,2.37,63.22,-16.56556,-69.04167,3808
Desaguadero,2017-03-26,9.13,16.33,3.35,73.7,0.9,1.4,63.2,-16.56556,-69.04167,3808
Desaguadero,2017-03-27,8.5,14.36,2.98,77.92,0.27,2.9,63.24,-16.56556,-69.04167,3808
Desaguadero,2017-03-28,8.47,14.13,3.16,78.36,5.36,3.71,63.32,-16.56556,-69.04167,3808
Desaguadero,2017-03-29,8.47,15.58,3.18,77.65,4.66,2.07,63.26,-16.56556,-69.04167,3808
Desaguadero,2017-03-30,9.02,15.6,4.04,76.9,0.25,2.4,63.17,-16.56556,-69.04167,3808
Desaguadero,2017-03-31,9.81,15.62,4.73,77.21,1.35,2.66,63.24,-16.56556,-69.04167,3808
Desaguadero,2017-04-01,8.55,12.29,5.26,82.45,4.6,2.99,63.36,-16.56556,-69.04167,3808
Desaguadero,2017-04-02,9.44,14.84,5.68,80.11,5.19,2.12,63.23,-16.56556,-69.04167,3808
Desaguadero,2017-04-03,8.54,15.45,3.49,76.49,2.08,1.29,63.16,-16.56556,-69.04167,3808
Desaguadero,2017-04-04,6.89,14.33,2.07,74.41,0.55,1.41,63.19,-16.56556,-69.04167,3808
Desaguadero,2017-04-05,9.34,16.45,3.99,73.05,0.12,1.99,63.28,-16.56556,-69.04167,3808
Desaguadero,2017-04-06,9.18,15.39,4.37,77.84,0.71,3.15,63.35,-16.56556,-69.04167,3808
Desaguadero,2017-04-07,9.75,16.16,4.75,74.94,0.11,2.06,63.23,-16.56556,-69.04167,3808
Desaguadero,2017-04-08,7.54,12.52,2.51,78.44,6.29,2.0,63.19,-16.56556,-69.04167,3808
Desaguadero,2017-04-09,6.19,10.68,2.11,82.3,3.28,1.55,63.18,-16.56556,-69.04167,3808
Desaguadero,2017-04-10,8.08,14.51,3.32,80.09,2.71,2.58,63.22,-16.56556,-69.04167,3808
Desaguadero,2017-04-11,7.25,13.56,3.15,80.7,0.75,3.08,63.31,-16.56556,-69.04167,3808
Desaguadero,2017-04-12,7.01,13.86,2.34,79.27,3.99,2.91,63.37,-16.56556,-69.04167,3808
Desaguadero,2017-04-13,7.9,15.39,2.95,74.97,1.82,2.01,63.32,-16.56556,-69.04167,3808
Desaguadero,2017-04-14,8.46,15.85,3.34,72.28,0.0,1.94,63.32,-16.56556,-69.04167,3808
Desaguadero,2017-04-15,8.34,16.22,2.42,70.43,0.0,2.28,63.36,-16.56556,-69.04167,3808
Desaguadero,2017-04-16,7.57,14.74,2.47,75.73,0.93,2.51,63.41,-16.56556,-69.04167,3808
Desaguadero,2017-04-17,6.97,13.78,1.54,80.62,3.2,2.64,63.33,-16.56556,-69.04167,3808
Desaguadero,2017-04-18,8.04,14.68,3.44,77.85,0.88,2.55,63.21,-16.56556,-69.04167,3808
Desaguadero,2017-04-19,7.53,17.05,-0.46,59.89,0.46,3.03,63.17,-16.56556,-69.04167,3808
Desaguadero,2017-04-20,6.81,16.55,-2.93,54.14,0.33,1.27,63.22,-16.56556,-69.04167,3808
Desaguadero,2017-04-21,8.12,15.53,2.22,74.04,1.31,1.9,63.29,-16.56556,-69.04167,3808
Desaguadero,2017-04-22,7.71,15.25,1.26,71.49,1.2,2.56,63.4,-16.56556,-69.04167,3808
Desaguadero,2017-04-23,8.41,14.31,4.59,78.71,0.11,2.73,63.35,-16.56556,-69.04167,3808
Desaguadero,2017-04-24,8.66,14.97,4.67,72.97,2.55,1.64,63.23,-16.56556,-69.04167,3808
Desaguadero,2017-04-25,7.77,16.18,2.47,53.31,1.44,2.01,63.17,-16.56556,-69.04167,3808
Desaguadero,2017-04-26,6.1,11.11,1.44,59.33,0.3,1.95,63.2,-16.56556,-69.04167,3808
Desaguadero,2017-04-27,6.97,14.32,1.12,71.5,2.19,1.6,63.25,-16.56556,-69.04167,3808
Desaguadero,2017-04-28,7.69,15.58,1.35,65.41,1.04,1.72,63.35,-16.56556,-69.04167,3808
Desaguadero,2017-04-29,6.28,12.6,1.41,77.26,6.4,1.99,63.37,-16.56556,-69.04167,3808
Desaguadero,2017-04-30,6.21,13.04,0.83,78.99,3.47,2.16,63.4,-16.56556,-69.04167,3808
Desaguadero,2017-05-01,8.1,15.05,3.16,67.75,0.49,0.91,63.39,-16.56556,-69.04167,3808
Desaguadero,2017-05-02,7.33,16.13,0.55,49.02,0.0,1.33,63.35,-16.56556,-69.04167,3808
Desaguadero,2017-05-03,6.97,15.7,0.25,49.01,0.0,1.88,63.31,-16.56556,-69.04167,3808
Desaguadero,2017-05-04,7.83,14.39,2.5,73.23,0.42,2.18,63.28,-16.56556,-69.04167,3808
Desaguadero,2017-05-05,6.69,12.07,2.64,81.51,0.22,1.84,63.29,-16.56556,-69.04167,3808
Desaguadero,2017-05-06,7.3,13.15,3.16,81.36,0.67,2.24,63.3,-16.56556,-69.04167,3808
Desaguadero,2017-05-07,8.87,15.86,3.27,68.83,0.15,0.9,63.24,-16.56556,-69.04167,3808
Desaguadero,2017-05-08,7.51,15.66,0.67,63.14,0.51,1.7,63.2,-16.56556,-69.04167,3808
Desaguadero,2017-05-09,7.83,14.95,1.87,76.65,0.89,3.15,63.24,-16.56556,-69.04167,3808
Desaguadero,2017-05-10,7.94,14.18,4.31,80.24,2.22,2.71,63.35,-16.56556,-69.04167,3808
Desaguadero,2017-05-11,8.12,13.53,4.08,75.3,0.05,1.12,63.31,-16.56556,-69.04167,3808
Desaguadero,2017-05-12,7.88,14.31,2.99,74.75,0.42,1.78,63.25,-16.56556,-69.04167,3808
Desaguadero,2017-05-13,7.97,16.44,0.9,67.16,0.02,1.29,63.34,-16.56556,-69.04167,3808
Desaguadero,2017-05-14,8.52,16.13,2.19,63.39,0.0,1.37,63.38,-16.56556,-69.04167,3808
Desaguadero,2017-05-15,7.62,16.37,0.88,53.67,0.21,1.76,63.38,-16.56556,-69.04167,3808
Desaguadero,2017-05-16,7.34,12.72,3.5,77.09,0.76,1.82,63.34,-16.56556,-69.04167,3808
Desaguadero,2017-05-17,6.45,14.07,0.04,60.13,0.1,1.62,63.23,-16.56556,-69.04167,3808
Desaguadero,2017-05-18,6.1,14.62,0.09,46.79,0.03,2.67,63.1,-16.56556,-69.04167,3808
Desaguadero,2017-05-19,6.41,14.18,-0.03,51.41,0.29,2.08,63.03,-16.56556,-69.04167,3808
Desaguadero,2017-05-20,6.88,14.17,1.62,56.93,1.68,2.32,63.1,-16.56556,-69.04167,3808
Desaguadero,2017-05-21,7.51,14.76,1.74,66.11,0.47,2.29,63.23,-16.56556,-69.04167,3808
Desaguadero,2017-05-22,7.04,12.36,2.75,81.82,8.92,3.09,63.23,-16.56556,-69.04167,3808
Desaguadero,2017-05-23,3.38,9.87,0.28,84.85,9.69,1.75,63.29,-16.56556,-69.04167,3808
Desaguadero,2017-05-24,5.25,10.55,0.83,87.96,5.94,3.05,63.28,-16.56556,-69.04167,3808
Desaguadero,2017-05-25,6.54,11.1,3.16,87.02,3.89,3.45,63.34,-16.56556,-69.04167,3808
Desaguadero,2017-05-26,5.91,9.84,3.62,87.47,9.27,1.76,63.46,-16.56556,-69.04167,3808
Desaguadero,2017-05-27,6.21,10.84,3.49,89.38,9.29,2.95,63.42,-16.56556,-69.04167,3808
Desaguadero,2017-05-28,5.79,9.95,2.67,83.38,1.34,2.37,63.45,-16.56556,-69.04167,3808
Desaguadero,2017-05-29,5.79,11.86,1.77,81.25,3.9,1.87,63.45,-16.56556,-69.04167,3808
Desaguadero,2017-05-30,4.21,10.64,-0.02,74.62,5.37,2.35,63.46,-16.56556,-69.04167,3808
Desaguadero,2017-05-31,5.1,13.98,-0.81,50.11,0.0,1.89,63.39,-16.56556,-69.04167,3808
Desaguadero,2017-06-01,4.92,13.19,-1.48,40.57,0.0,1.73,63.36,-16.56556,-69.04167,3808
Desaguadero,2017-06-02,5.49,13.52,0.39,52.47,0.0,2.31,63.32,-16.56556,-69.04167,3808
Desaguadero,2017-06-03,6.21,13.68,0.07,76.08,0.0,2.72,63.25,-16.56556,-69.04167,3808
Desaguadero,2017-06-04,6.91,13.13,1.38,73.93,0.0,2.78,63.25,-16.56556,-69.04167,3808
Desaguadero,2017-06-05,7.55,12.92,3.26,75.98,0.0,2.77,63.27,-16.56556,-69.04167,3808
Desaguadero,2017-06-06,7.55,12.64,3.1,79.53,0.01,3.99,63.25,-16.56556,-69.04167,3808
Desaguadero,2017-06-07,6.88,12.47,1.9,80.38,0.03,4.84,63.15,-16.56556,-69.04167,3808
Desaguadero,2017-06-08,5.16,14.13,-0.94,61.08,0.22,4.17,63.25,-16.56556,-69.04167,3808
Desaguadero,2017-06-09,4.54,12.75,-1.45,72.23,1.66,2.1,63.37,-16.56556,-69.04167,3808
Desaguadero,2017-06-10,6.55,14.1,1.27,76.56,0.02,1.83,63.33,-16.56556,-69.04167,3808
Desaguadero,2017-06-11,4.56,14.56,-1.89,55.61,0.09,3.31,63.22,-16.56556,-69.04167,3808
Desaguadero,2017-06-12,3.44,12.93,-2.79,43.15,0.21,2.55,63.22,-16.56556,-69.04167,3808
Desaguadero,2017-06-13,3.34,12.11,-3.23,47.76,0.01,2.02,63.29,-16.56556,-69.04167,3808
Desaguadero,2017-06-14,6.26,13.27,0.95,80.66,0.0,1.96,63.45,-16.56556,-69.04167,3808
Desaguadero,2017-06-15,7.5,15.14,2.36,72.37,0.0,1.13,63.45,-16.56556,-69.04167,3808
Desaguadero,2017-06-16,7.18,15.82,-0.84,53.7,0.0,1.15,63.37,-16.56556,-69.04167,3808
Desaguadero,2017-06-17,6.23,16.81,-3.17,46.02,0.0,1.79,63.27,-16.56556,-69.04167,3808
Desaguadero,2017-06-18,6.93,15.81,0.91,67.28,0.05,1.98,63.26,-16.56556,-69.04167,3808
Desaguadero,2017-06-19,6.2,12.69,2.66,82.58,1.62,3.39,63.24,-16.56556,-69.04167,3808
Desaguadero,2017-06-20,6.5,14.36,-0.15,63.59,0.01,1.22,63.26,-16.56556,-69.04167,3808
Desaguadero,2017-06-21,4.74,13.39,-2.2,53.0,0.0,1.46,63.28,-16.56556,-69.04167,3808
Desaguadero,2017-06-22,5.92,14.14,-0.09,61.66,0.0,1.53,63.19,-16.56556,-69.04167,3808
Desaguadero,2017-06-23,6.29,14.41,-0.23,52.59,0.0,1.52,63.22,-16.56556,-69.04167,3808
Desaguadero,2017-06-24,6.41,14.14,1.04,64.22,0.0,1.65,63.32,-16.56556,-69.04167,3808
Desaguadero,2017-06-25,6.82,13.45,3.16,77.41,0.0,1.95,63.33,-16.56556,-69.04167,3808
Desaguadero,2017-06-26,7.37,14.79,2.39,72.51,0.01,1.82,63.23,-16.56556,-69.04167,3808
Desaguadero,2017-06-27,6.36,13.52,0.84,73.35,0.08,1.57,63.23,-16.56556,-69.04167,3808
Desaguadero,2017-06-28,4.02,7.61,1.83,90.29,1.24,2.06,63.34,-16.56556,-69.04167,3808
Desaguadero,2017-06-29,6.19,12.41,1.77,78.92,0.35,1.58,63.36,-16.56556,-69.04167,3808
Desaguadero,2017-06-30,6.16,12.63,1.76,80.79,0.02,2.45,63.39,-16.56556,-69.04167,3808
Desaguadero,2017-07-01,4.97,11.09,0.5,79.48,0.04,2.96,63.45,-16.56556,-69.04167,3808
Desaguadero,2017-07-02,4.26,9.76,0.39,80.41,1.43,1.28,63.44,-16.56556,-69.04167,3808
Desaguadero,2017-07-03,4.84,11.49,0.35,69.02,0.4,1.3,63.33,-16.56556,-69.04167,3808
Desaguadero,2017-07-04,4.65,12.72,-1.92,50.73,0.04,1.67,63.26,-16.56556,-69.04167,3808
Desaguadero,2017-07-05,4.72,13.7,-1.24,47.95,0.0,1.53,63.39,-16.56556,-69.04167,3808
Desaguadero,2017-07-06,5.3,12.81,-0.12,73.45,0.0,1.59,63.43,-16.56556,-69.04167,3808
Desaguadero,2017-07-07,5.89,12.18,1.94,74.79,0.0,2.15,63.4,-16.56556,-69.04167,3808
Desaguadero,2017-07-08,6.07,13.17,1.0,62.55,0.0,1.44,63.39,-16.56556,-69.04167,3808
Desaguadero,2017-07-09,5.62,12.65,0.96,75.98,0.0,2.09,63.44,-16.56556,-69.04167,3808
Desaguadero,2017-07-10,4.9,12.62,-1.31,72.57,0.0,2.16,63.46,-16.56556,-69.04167,3808
Desaguadero,2017-07-11,3.77,12.03,-2.05,63.62,0.0,2.05,63.49,-16.56556,-69.04167,3808
Desaguadero,2017-07-12,4.59,13.08,-1.25,57.16,0.0,1.41,63.45,-16.56556,-69.04167,3808
Desaguadero,2017-07-13,5.89,14.72,-0.71,59.04,0.0,1.42,63.42,-16.56556,-69.04167,3808
Desaguadero,2017-07-14,6.49,15.2,-0.9,55.57,0.0,1.3,63.37,-16.56556,-69.04167,3808
Desaguadero,2017-07-15,4.95,14.69,-1.87,40.4,0.0,2.1,63.26,-16.56556,-69.04167,3808
Desaguadero,2017-07-16,5.46,13.99,-1.06,52.24,0.0,2.61,63.23,-16.56556,-69.04167,3808
Desaguadero,2017-07-17,6.24,12.21,2.15,82.26,0.02,3.89,63.33,-16.56556,-69.04167,3808
Desaguadero,2017-07-18,6.47,15.86,-1.27,61.83,0.0,1.85,63.37,-16.56556,-69.04167,3808
Desaguadero,2017-07-19,5.34,15.71,-2.57,46.43,0.0,1.37,63.38,-16.56556,-69.04167,3808
Desaguadero,2017-07-20,5.74,14.9,-0.25,54.63,0.0,2.12,63.32,-16.56556,-69.04167,3808
Desaguadero,2017-07-21,5.2,14.48,-2.32,48.59,0.0,2.26,63.33,-16.56556,-69.04167,3808
Desaguadero,2017-07-22,4.85,13.97,-2.88,58.04,0.0,1.85,63.33,-16.56556,-69.04167,3808
Desaguadero,2017-07-23,4.84,15.38,-3.01,46.33,0.0,2.17,63.33,-16.56556,-69.04167,3808
Desaguadero,2017-07-24,5.24,14.39,-1.11,53.75,0.0,2.0,63.43,-16.56556,-69.04167,3808
Desaguadero,2017-07-25,5.45,13.0,-0.06,77.41,0.0,2.13,63.5,-16.56556,-69.04167,3808
Desaguadero,2017-07-26,6.54,14.5,0.93,73.3,0.01,2.12,63.42,-16.56556,-69.04167,3808
Desaguadero,2017-07-27,6.52,14.3,0.83,72.24,0.03,1.93,63.4,-16.56556,-69.04167,3808
Desaguadero,2017-07-28,6.91,15.03,1.62,66.62,0.03,1.44,63.32,-16.56556,-69.04167,3808
Desaguadero,2017-07-29,6.94,14.95,1.78,70.28,0.06,1.74,63.33,-16.56556,-69.04167,3808
Desaguadero,2017-07-30,6.59,14.02,1.53,72.97,0.0,1.92,63.44,-16.56556,-69.04167,3808
Desaguadero,2017-07-31,6.62,14.6,0.73,69.48,0.0,1.74,63.37,-16.56556,-69.04167,3808
Desaguadero,2017-08-01,6.45,15.62,-0.65,53.74,0.0,1.63,63.27,-16.56556,-69.04167,3808
Desaguadero,2017-08-02,6.5,16.19,-1.38,52.15,0.05,2.33,63.35,-16.56556,-69.04167,3808
Desaguadero,2017-08-03,7.24,14.68,1.03,72.18,0.06,2.57,63.45,-16.56556,-69.04167,3808
Desaguadero,2017-08-04,7.41,16.56,0.54,50.05,0.0,1.31,63.42,-16.56556,-69.04167,3808
Desaguadero,2017-08-05,8.06,16.71,0.99,60.78,0.0,1.18,63.37,-16.56556,-69.04167,3808
Desaguadero,2017-08-06,8.02,16.3,2.25,62.25,0.0,1.61,63.33,-16.56556,-69.04167,3808
Desaguadero,2017-08-07,7.65,16.54,0.75,52.01,0.0,1.46,63.29,-16.56556,-69.04167,3808
Desaguadero,2017-08-08,7.34,16.36,-0.49,55.7,0.0,2.24,63.31,-16.56556,-69.04167,3808
Desaguadero,2017-08-09,6.67,11.45,2.89,75.23,0.0,3.0,63.36,-16.56556,-69.04167,3808
Desaguadero,2017-08-10,6.58,14.2,0.67,57.07,0.02,1.54,63.28,-16.56556,-69.04167,3808
Desaguadero,2017-08-11,5.3,13.8,-1.24,44.74,0.0,2.87,63.13,-16.56556,-69.04167,3808
Desaguadero,2017-08-12,4.52,14.32,-2.05,36.34,0.13,3.64,63.13,-16.56556,-69.04167,3808
Desaguadero,2017-08-13,5.42,14.34,-2.73,41.31,0.12,2.52,63.22,-16.56556,-69.04167,3808
Desaguadero,2017-08-14,6.17,13.59,0.18,67.0,0.55,2.63,63.15,-16.56556,-69.04167,3808
Desaguadero,2017-08-15,6.75,14.66,0.25,52.14,1.28,2.21,63.16,-16.56556,-69.04167,3808
Desaguadero,2017-08-16,6.45,13.64,0.51,64.0,1.27,1.5,63.21,-16.56556,-69.04167,3808
Desaguadero,2017-08-17,3.84,10.01,-0.45,49.25,1.22,2.29,63.16,-16.56556,-69.04167,3808
Desaguadero,2017-08-18,4.5,12.8,-0.38,31.62,0.04,2.22,63.16,-16.56556,-69.04167,3808
Desaguadero,2017-08-19,4.82,14.65,-3.09,29.77,0.04,2.24,63.17,-16.56556,-69.04167,3808
Desaguadero,2017-08-20,4.94,14.36,-3.09,47.6,0.0,2.31,63.33,-16.56556,-69.04167,3808
Desaguadero,2017-08-21,7.19,15.42,1.81,70.81,0.0,1.78,63.37,-16.56556,-69.04167,3808
Desaguadero,2017-08-22,6.7,15.57,0.06,56.83,0.0,1.49,63.29,-16.56556,-69.04167,3808
Desaguadero,2017-08-23,5.67,15.67,-3.58,46.11,0.0,2.17,63.15,-16.56556,-69.04167,3808
Desaguadero,2017-08-24,7.75,14.65,2.89,73.35,0.0,3.43,63.13,-16.56556,-69.04167,3808
Desaguadero,2017-08-25,7.82,14.79,2.63,67.97,0.0,1.56,63.19,-16.56556,-69.04167,3808
Desaguadero,2017-08-26,7.75,15.57,1.76,64.14,0.0,1.33,63.24,-16.56556,-69.04167,3808
Desaguadero,2017-08-27,7.38,14.13,2.54,73.98,0.0,2.4,63.24,-16.56556,-69.04167,3808
Desaguadero,2017-08-28,6.58,14.46,0.28,72.91,0.0,3.38,63.29,-16.56556,-69.04167,3808
Desaguadero,2017-08-29,8.09,17.1,1.74,67.97,0.0,2.17,63.38,-16.56556,-69.04167,3808
Desaguadero,2017-08-30,5.58,14.18,-1.83,68.19,0.0,3.52,63.48,-16.56556,-69.04167,3808
Desaguadero,2017-08-31,6.16,15.36,-2.12,66.18,0.0,2.35,63.46,-16.56556,-69.04167,3808
Desaguadero,2017-09-01,8.15,16.35,2.03,68.73,0.0,2.78,63.44,-16.56556,-69.04167,3808
Desaguadero,2017-09-02,7.86,14.1,3.77,72.83,0.0,3.65,63.47,-16.56556,-69.04167,3808
Desaguadero,2017-09-03,8.08,13.95,4.13,72.15,0.0,2.69,63.49,-16.56556,-69.04167,3808
Desaguadero,2017-09-04,8.07,15.54,3.47,69.88,0.0,2.94,63.45,-16.56556,-69.04167,3808
Desaguadero,2017-09-05,7.17,12.69,3.87,75.56,0.85,3.43,63.41,-16.56556,-69.04167,3808
Desaguadero,2017-09-06,8.0,14.32,3.58,69.28,0.31,2.31,63.29,-16.56556,-69.04167,3808
Desaguadero,2017-09-07,6.22,13.95,0.5,76.09,7.76,3.11,63.19,-16.56556,-69.04167,3808
Desaguadero,2017-09-08,4.41,11.44,-0.47,68.7,2.54,1.25,63.14,-16.56556,-69.04167,3808
Desaguadero,2017-09-09,7.34,14.98,1.69,60.1,0.02,2.02,63.11,-16.56556,-69.04167,3808
Desaguadero,2017-09-10,7.86,16.09,0.94,54.15,0.03,2.22,63.17,-16.56556,-69.04167,3808
Desaguadero,2017-09-11,5.53,10.94,1.86,81.55,1.09,3.92,63.25,-16.56556,-69.04167,3808
Desaguadero,2017-09-12,4.23,7.47,1.66,88.31,4.62,2.6,63.33,-16.56556,-69.04167,3808
Desaguadero,2017-09-13,6.81,13.64,1.92,77.06,3.87,2.88,63.32,-16.56556,-69.04167,3808
Desaguadero,2017-09-14,5.78,12.1,0.88,78.77,6.17,2.96,63.29,-16.56556,-69.04167,3808
Desaguadero,2017-09-15,3.58,10.22,-1.53,82.1,6.59,2.5,63.36,-16.56556,-69.04167,3808
Desaguadero,2017-09-16,5.16,10.82,1.22,80.38,1.77,1.99,63.42,-16.56556,-69.04167,3808
Desaguadero,2017-09-17,7.02,14.5,1.06,73.52,1.47,2.09,63.41,-16.56556,-69.04167,3808
Desaguadero,2017-09-18,8.61,16.66,2.75,66.18,0.08,1.46,63.41,-16.56556,-69.04167,3808
Desaguadero,2017-09-19,8.82,16.59,3.26,67.37,0.0,2.11,63.45,-16.56556,-69.04167,3808
Desaguadero,2017-09-20,9.4,17.8,3.34,69.98,0.0,2.98,63.36,-16.56556,-69.04167,3808
Desaguadero,2017-09-21,8.84,16.24,3.46,72.98,0.62,3.34,63.3,-16.56556,-69.04167,3808
Desaguadero,2017-09-22,7.21,12.54,3.91,76.65,1.63,4.19,63.28,-16.56556,-69.04167,3808
Desaguadero,2017-09-23,6.22,12.29,2.78,76.94,3.61,2.98,63.31,-16.56556,-69.04167,3808
Desaguadero,2017-09-24,8.21,16.43,2.55,61.02,0.37,1.97,63.28,-16.56556,-69.04167,3808
Desaguadero,2017-09-25,7.71,15.23,1.27,66.8,0.89,2.46,63.28,-16.56556,-69.04167,3808
Desaguadero,2017-09-26,7.74,14.01,3.48,75.88,1.11,3.36,63.19,-16.56556,-69.04167,3808
Desaguadero,2017-09-27,7.82,15.32,2.05,68.52,4.32,1.56,63.14,-16.56556,-69.04167,3808
Desaguadero,2017-09-28,8.14,16.04,1.55,56.17,0.3,1.54,63.18,-16.56556,-69.04167,3808
Desaguadero,2017-09-29,7.48,17.73,-2.48,43.18,0.0,1.81,63.25,-16.56556,-69.04167,3808
Desaguadero,2017-09-30,9.12,17.19,2.8,61.65,0.0,1.64,63.19,-16.56556,-69.04167,3808
Desaguadero,2017-10-01,5.98,17.2,-3.31,34.55,0.0,4.88,63.0,-16.56556,-69.04167,3808
Desaguadero,2017-10-02,5.0,15.06,-4.72,32.77,2.19,3.07,63.0,-16.56556,-69.04167,3808
Desaguadero,2017-10-03,7.18,16.82,-1.13,42.99,0.2,2.13,63.11,-16.56556,-69.04167,3808
Desaguadero,2017-10-04,8.81,18.85,0.7,59.06,0.0,2.28,63.17,-16.56556,-69.04167,3808
Desaguadero,2017-10-05,9.92,19.1,2.87,61.56,0.0,2.36,63.18,-16.56556,-69.04167,3808
Desaguadero,2017-10-06,9.27,16.81,4.28,68.43,0.0,3.26,63.32,-16.56556,-69.04167,3808
Desaguadero,2017-10-07,7.04,9.88,4.77,82.34,0.01,2.15,63.38,-16.56556,-69.04167,3808
Desaguadero,2017-10-08,8.96,16.22,4.48,73.42,0.0,3.19,63.27,-16.56556,-69.04167,3808
Desaguadero,2017-10-09,9.49,18.11,3.15,63.42,0.0,3.02,63.22,-16.56556,-69.04167,3808
Desaguadero,2017-10-10,8.98,17.27,3.28,65.4,0.0,3.39,63.19,-16.56556,-69.04167,3808
Desaguadero,2017-10-11,7.77,14.32,3.38,72.4,1.34,3.81,63.1,-16.56556,-69.04167,3808
Desaguadero,2017-10-12,8.13,14.33,2.55,67.98,5.76,2.06,63.13,-16.56556,-69.04167,3808
Desaguadero,2017-10-13,7.63,14.89,1.31,70.54,13.23,1.51,63.2,-16.56556,-69.04167,3808
Desaguadero,2017-10-14,5.88,12.29,1.2,78.27,8.77,2.16,63.32,-16.56556,-69.04167,3808
Desaguadero,2017-10-15,6.92,13.23,2.48,77.53,4.9,3.44,63.36,-16.56556,-69.04167,3808
Desaguadero,2017-10-16,7.31,13.63,3.1,76.6,7.29,2.88,63.39,-16.56556,-69.04167,3808
Desaguadero,2017-10-17,6.45,13.27,1.44,79.18,7.07,1.71,63.42,-16.56556,-69.04167,3808
Desaguadero,2017-10-18,8.36,15.96,2.48,69.62,1.42,2.3,63.4,-16.56556,-69.04167,3808
Desaguadero,2017-10-19,9.54,16.31,4.39,72.45,1.59,2.39,63.26,-16.56556,-69.04167,3808
Desaguadero,2017-10-20,7.18,10.2,4.35,78.35,0.57,2.24,63.2,-16.56556,-69.04167,3808
Desaguadero,2017-10-21,8.85,16.92,0.48,55.05,0.0,2.13,63.23,-16.56556,-69.04167,3808
Desaguadero,2017-10-22,9.25,15.05,5.04,71.47,0.13,2.92,63.31,-16.56556,-69.04167,3808
Desaguadero,2017-10-23,9.15,16.55,3.71,58.59,0.05,1.85,63.29,-16.56556,-69.04167,3808
Desaguadero,2017-10-24,9.13,18.08,-0.2,49.92,0.0,2.46,63.23,-16.56556,-69.04167,3808
Desaguadero,2017-10-25,8.95,14.35,4.71,65.19,0.0,2.38,63.24,-16.56556,-69.04167,3808
Desaguadero,2017-10-26,10.47,18.66,2.85,55.58,0.0,1.63,63.17,-16.56556,-69.04167,3808
Desaguadero,2017-10-27,11.28,17.42,6.8,67.86,0.63,2.73,63.12,-16.56556,-69.04167,3808
Desaguadero,2017-10-28,10.16,17.16,4.37,62.94,0.42,2.81,63.03,-16.56556,-69.04167,3808
Desaguadero,2017-10-29,9.48,18.42,1.36,46.34,0.01,1.51,63.08,-16.56556,-69.04167,3808
Desaguadero,2017-10-30,9.21,18.3,0.69,46.46,0.0,2.12,63.14,-16.56556,-69.04167,3808
Desaguadero,2017-10-31,9.15,19.02,-1.03,44.09,0.38,2.34,63.12,-16.56556,-69.04167,3808
Desaguadero,2017-11-01,9.53,18.4,1.26,51.16,0.11,1.82,63.12,-16.56556,-69.04167,3808
Desaguadero,2017-11-02,10.89,18.87,3.41,52.11,0.0,2.0,63.17,-16.56556,-69.04167,3808
Desaguadero,2017-11-03,10.57,16.22,6.9,58.77,0.0,2.2,63.19,-16.56556,-69.04167,3808
Desaguadero,2017-11-04,10.18,17.07,5.67,57.93,0.0,3.03,63.16,-16.56556,-69.04167,3808
Desaguadero,2017-11-05,10.11,17.54,3.99,66.12,0.79,2.79,63.19,-16.56556,-69.04167,3808
Desaguadero,2017-11-06,7.81,11.09,5.09,78.11,2.24,2.16,63.22,-16.56556,-69.04167,3808
Desaguadero,2017-11-07,10.21,16.47,4.86,65.28,0.02,1.67,63.1,-16.56556,-69.04167,3808
Desaguadero,2017-11-08,11.02,19.37,2.07,56.31,0.03,2.13,63.04,-16.56556,-69.04167,3808
Desaguadero,2017-11-09,9.98,16.16,6.13,72.07,2.11,2.92,63.09,-16.56556,-69.04167,3808
Desaguadero,2017-11-10,10.65,18.15,5.09,64.47,0.45,3.19,63.1,-16.56556,-69.04167,3808
Desaguadero,2017-11-11,9.95,16.93,4.95,68.17,0.36,3.17,63.12,-16.56556,-69.04167,3808
Desaguadero,2017-11-12,8.58,13.79,4.27,73.31,7.32,2.75,63.17,-16.56556,-69.04167,3808
Desaguadero,2017-11-13,9.2,17.03,3.39,67.43,0.19,4.22,63.19,-16.56556,-69.04167,3808
Desaguadero,2017-11-14,9.09,16.24,3.46,67.71,0.55,3.14,63.16,-16.56556,-69.04167,3808
Desaguadero,2017-11-15,9.19,16.51,2.65,69.03,1.17,1.87,63.14,-16.56556,-69.04167,3808
Desaguadero,2017-11-16,9.53,17.91,2.89,64.08,0.05,2.43,63.15,-16.56556,-69.04167,3808
Desaguadero,2017-11-17,11.31,18.12,5.11,60.93,0.01,1.94,63.01,-16.56556,-69.04167,3808
Desaguadero,2017-11-18,10.02,18.04,2.51,56.75,0.28,2.84,63.0,-16.56556,-69.04167,3808
Desaguadero,2017-11-19,9.84,16.13,4.73,64.85,1.75,2.29,62.99,-16.56556,-69.04167,3808
Desaguadero,2017-11-20,9.67,18.61,2.1,46.64,0.04,1.15,63.05,-16.56556,-69.04167,3808
Desaguadero,2017-11-21,10.0,20.4,-1.85,39.85,0.0,1.99,63.11,-16.56556,-69.04167,3808
Desaguadero,2017-11-22,10.02,14.12,7.37,71.56,0.04,2.7,63.17,-16.56556,-69.04167,3808
Desaguadero,2017-11-23,9.18,15.57,4.9,73.02,0.01,2.46,63.2,-16.56556,-69.04167,3808
Desaguadero,2017-11-24,11.13,18.86,5.03,62.2,0.0,2.36,63.23,-16.56556,-69.04167,3808
Desaguadero,2017-11-25,11.56,20.11,3.84,59.11,0.0,2.94,63.27,-16.56556,-69.04167,3808
Desaguadero,2017-11-26,11.58,18.83,4.45,63.17,0.61,3.15,63.19,-16.56556,-69.04167,3808
Desaguadero,2017-11-27,10.49,17.8,5.86,68.63,0.64,5.03,63.18,-16.56556,-69.04167,3808
Desaguadero,2017-11-28,9.89,16.57,4.99,70.36,5.84,4.51,63.31,-16.56556,-69.04167,3808
Desaguadero,2017-11-29,10.43,17.12,5.39,68.44,0.49,2.08,63.24,-16.56556,-69.04167,3808
Desaguadero,2017-11-30,11.91,18.84,6.76,61.1,2.39,1.3,63.02,-16.56556,-69.04167,3808
Desaguadero,2017-12-01,10.2,17.14,3.27,54.55,0.97,2.1,62.98,-16.56556,-69.04167,3808
Desaguadero,2017-12-02,8.87,15.45,2.86,55.99,0.08,2.78,63.06,-16.56556,-69.04167,3808
Desaguadero,2017-12-03,9.62,17.88,3.59,67.94,6.88,2.83,63.0,-16.56556,-69.04167,3808
Desaguadero,2017-12-04,7.96,16.82,1.67,70.8,16.78,2.48,63.03,-16.56556,-69.04167,3808
Desaguadero,2017-12-05,4.7,9.91,0.69,75.83,4.5,2.44,63.24,-16.56556,-69.04167,3808
Desaguadero,2017-12-06,9.05,16.46,3.37,68.62,0.99,1.83,63.19,-16.56556,-69.04167,3808
Desaguadero,2017-12-07,9.44,14.78,4.9,71.86,2.09,2.28,63.14,-16.56556,-69.04167,3808
Desaguadero,2017-12-08,6.39,11.96,1.35,72.34,1.65,3.37,63.17,-16.56556,-69.04167,3808
Desaguadero,2017-12-09,9.81,16.73,3.65,64.71,1.58,2.55,63.17,-16.56556,-69.04167,3808
Desaguadero,2017-12-10,11.42,20.43,2.41,49.4,0.24,2.39,63.15,-16.56556,-69.04167,3808
Desaguadero,2017-12-11,9.75,16.53,3.9,64.64,0.27,2.17,63.19,-16.56556,-69.04167,3808
Desaguadero,2017-12-12,10.42,18.77,3.84,63.95,0.0,3.03,63.19,-16.56556,-69.04167,3808
Desaguadero,2017-12-13,11.32,20.17,3.66,61.0,0.0,2.61,63.25,-16.56556,-69.04167,3808
Desaguadero,2017-12-14,11.11,18.37,5.88,66.53,0.96,3.09,63.28,-16.56556,-69.04167,3808
Desaguadero,2017-12-15,9.88,18.38,3.03,68.88,0.21,3.29,63.27,-16.56556,-69.04167,3808
Desaguadero,2017-12-16,10.83,19.02,5.18,62.03,0.0,3.02,63.18,-16.56556,-69.04167,3808
Desaguadero,2017-12-17,10.13,18.2,3.79,65.13,0.12,3.25,63.21,-16.56556,-69.04167,3808
Desaguadero,2017-12-18,10.07,17.48,4.69,66.36,0.67,3.85,63.24,-16.56556,-69.04167,3808
Desaguadero,2017-12-19,8.95,13.78,5.19,75.2,1.93,2.83,63.2,-16.56556,-69.04167,3808
Desaguadero,2017-12-20,10.07,17.43,4.48,72.71,13.77,2.57,63.09,-16.56556,-69.04167,3808
Desaguadero,2017-12-21,8.4,12.64,4.69,79.41,12.42,2.18,63.09,-16.56556,-69.04167,3808
Desaguadero,2017-12-22,9.78,17.57,3.53,61.82,2.28,2.27,63.04,-16.56556,-69.04167,3808
Desaguadero,2017-12-23,7.97,16.12,2.74,58.82,0.97,2.93,63.07,-16.56556,-69.04167,3808
Desaguadero,2017-12-24,10.94,19.74,1.78,53.05,3.59,1.58,63.05,-16.56556,-69.04167,3808
Desaguadero,2017-12-25,8.68,14.55,3.46,63.04,3.64,1.96,63.07,-16.56556,-69.04167,3808
Desaguadero,2017-12-26,6.3,11.1,2.84,85.24,4.58,2.17,63.12,-16.56556,-69.04167,3808
Desaguadero,2017-12-27,8.67,15.39,2.33,76.05,1.04,3.85,63.15,-16.56556,-69.04167,3808
Desaguadero,2017-12-28,8.47,12.63,5.48,81.95,8.58,3.85,63.16,-16.56556,-69.04167,3808
Desaguadero,2017-12-29,8.38,12.79,4.37,76.38,2.45,3.11,63.2,-16.56556,-69.04167,3808
Desaguadero,2017-12-30,10.26,17.73,3.8,69.65,1.04,1.89,63.17,-16.56556,-69.04167,3808
Desaguadero,2017-12-31,10.22,16.0,6.24,69.22,0.09,2.52,63.16,-16.56556,-69.04167,3808
Desaguadero,2018-01-01,11.15,18.23,5.38,63.24,1.63,1.97,63.11,-16.56556,-69.04167,3808
Desaguadero,2018-01-02,8.47,13.09,4.54,70.62,0.65,2.5,63.08,-16.56556,-69.04167,3808
Desaguadero,2018-01-03,5.68,10.49,2.51,76.24,1.18,2.97,63.15,-16.56556,-69.04167,3808
Desaguadero,2018-01-04,9.11,15.9,3.9,72.44,0.01,2.05,63.18,-16.56556,-69.04167,3808
Desaguadero,2018-01-05,10.64,18.73,4.98,65.17,2.49,1.61,63.16,-16.56556,-69.04167,3808
Desaguadero,2018-01-06,7.27,13.87,2.41,77.62,8.36,2.44,63.2,-16.56556,-69.04167,3808
Desaguadero,2018-01-07,5.9,8.58,3.94,87.01,13.8,2.77,63.19,-16.56556,-69.04167,3808
Desaguadero,2018-01-08,7.57,14.85,1.93,75.0,3.39,4.14,63.2,-16.56556,-69.04167,3808
Desaguadero,2018-01-09,8.29,16.02,1.98,70.35,1.26,3.54,63.15,-16.56556,-69.04167,3808
Desaguadero,2018-01-10,8.28,15.86,2.08,71.23,2.87,3.68,63.17,-16.56556,-69.04167,3808
Desaguadero,2018-01-11,7.17,12.3,2.61,76.78,9.66,3.2,63.24,-16.56556,-69.04167,3808
Desaguadero,2018-01-12,7.22,11.7,3.71,80.07,7.82,2.09,63.13,-16.56556,-69.04167,3808
Desaguadero,2018-01-13,9.17,16.96,2.87,66.31,8.72,1.95,62.98,-16.56556,-69.04167,3808
Desaguadero,2018-01-14,8.32,15.99,1.74,64.72,0.52,2.31,63.02,-16.56556,-69.04167,3808
Desaguadero,2018-01-15,8.02,15.04,3.16,75.81,3.33,3.2,63.11,-16.56556,-69.04167,3808
Desaguadero,2018-01-16,8.37,14.93,3.19,76.23,1.24,3.51,63.23,-16.56556,-69.04167,3808
Desaguadero,2018-01-17,8.81,15.64,3.27,75.95,3.58,3.18,63.23,-16.56556,-69.04167,3808
Desaguadero,2018-01-18,8.82,14.07,5.18,76.51,1.02,3.44,63.24,-16.56556,-69.04167,3808
Desaguadero,2018-01-19,7.09,11.37,3.92,82.13,7.69,3.89,63.26,-16.56556,-69.04167,3808
Desaguadero,2018-01-20,7.63,14.17,2.66,75.87,7.41,3.56,63.22,-16.56556,-69.04167,3808
Desaguadero,2018-01-21,8.27,14.69,3.17,74.2,2.37,2.97,63.14,-16.56556,-69.04167,3808
Desaguadero,2018-01-22,9.01,14.96,4.29,73.53,2.08,3.07,63.04,-16.56556,-69.04167,3808
Desaguadero,2018-01-23,8.41,13.59,4.22,75.47,3.63,4.0,63.05,-16.56556,-69.04167,3808
Desaguadero,2018-01-24,6.84,11.05,3.22,83.66,16.21,3.08,63.14,-16.56556,-69.04167,3808
Desaguadero,2018-01-25,7.66,13.18,2.7,76.19,1.71,1.87,63.21,-16.56556,-69.04167,3808
Desaguadero,2018-01-26,9.01,16.51,2.15,64.59,2.58,1.39,63.13,-16.56556,-69.04167,3808
Desaguadero,2018-01-27,9.36,15.89,4.32,65.91,2.6,1.63,63.03,-16.56556,-69.04167,3808
Desaguadero,2018-01-28,8.1,13.77,3.97,70.63,12.6,1.7,62.94,-16.56556,-69.04167,3808
Desaguadero,2018-01-29,8.02,13.27,2.48,72.45,7.14,1.52,62.96,-16.56556,-69.04167,3808
Desaguadero,2018-01-30,9.49,16.22,4.63,71.64,1.18,1.53,62.97,-16.56556,-69.04167,3808
Desaguadero,2018-01-31,7.35,13.96,2.52,78.4,1.62,1.92,63.06,-16.56556,-69.04167,3808
Desaguadero,2018-02-01,6.27,11.68,2.84,82.83,3.92,2.08,63.11,-16.56556,-69.04167,3808
Desaguadero,2018-02-02,7.59,15.15,1.77,78.42,3.65,2.92,63.12,-16.56556,-69.04167,3808
Desaguadero,2018-02-03,9.18,14.3,4.97,79.59,12.97,2.12,63.11,-16.56556,-69.04167,3808
Desaguadero,2018-02-04,9.6,15.69,4.8,76.76,1.89,2.64,63.17,-16.56556,-69.04167,3808
Desaguadero,2018-02-05,8.94,16.88,2.6,77.09,0.89,2.11,63.17,-16.56556,-69.04167,3808
Desaguadero,2018-02-06,7.97,16.0,1.92,80.94,8.82,2.16,63.11,-16.56556,-69.04167,3808
Desaguadero,2018-02-07,7.74,15.8,2.27,77.56,18.2,1.78,63.08,-16.56556,-69.04167,3808
Desaguadero,2018-02-08,7.71,14.21,2.5,79.28,12.01,2.72,63.04,-16.56556,-69.04167,3808
Desaguadero,2018-02-09,7.18,12.21,2.54,81.72,4.74,2.22,63.04,-16.56556,-69.04167,3808
Desaguadero,2018-02-10,8.02,14.81,1.79,78.18,6.28,2.36,63.06,-16.56556,-69.04167,3808
Desaguadero,2018-02-11,7.71,14.83,1.64,77.3,9.27,1.39,63.15,-16.56556,-69.04167,3808
Desaguadero,2018-02-12,5.56,10.0,2.04,89.26,7.81,2.65,63.25,-16.56556,-69.04167,3808
Desaguadero,2018-02-13,7.95,13.65,4.2,82.72,9.27,2.88,63.31,-16.56556,-69.04167,3808
Desaguadero,2018-02-14,7.94,14.52,3.05,79.3,6.16,4.05,63.33,-16.56556,-69.04167,3808
Desaguadero,2018-02-15,7.78,15.02,2.84,77.24,0.77,3.75,63.32,-16.56556,-69.04167,3808
Desaguadero,2018-02-16,8.32,14.8,3.59,78.23,5.46,2.62,63.35,-16.56556,-69.04167,3808
Desaguadero,2018-02-17,8.66,14.06,4.01,78.16,1.36,2.52,63.21,-16.56556,-69.04167,3808
Desaguadero,2018-02-18,10.09,17.33,3.95,68.28,1.16,1.26,63.06,-16.56556,-69.04167,3808
Desaguadero,2018-02-19,8.98,18.08,-1.3,58.19,1.94,1.95,63.0,-16.56556,-69.04167,3808
Desaguadero,2018-02-20,9.87,16.93,3.77,68.19,3.84,1.83,63.08,-16.56556,-69.04167,3808
Desaguadero,2018-02-21,8.65,15.87,3.0,74.2,3.69,2.94,63.2,-16.56556,-69.04167,3808
Desaguadero,2018-02-22,6.52,10.93,1.88,80.41,3.39,3.39,63.22,-16.56556,-69.04167,3808
Desaguadero,2018-02-23,7.51,15.69,-0.29,71.66,0.55,2.49,63.15,-16.56556,-69.04167,3808
Desaguadero,2018-02-24,8.64,16.08,4.01,73.53,1.24,2.08,63.1,-16.56556,-69.04167,3808
Desaguadero,2018-02-25,8.13,16.16,0.98,72.46,0.07,2.94,63.16,-16.56556,-69.04167,3808
Desaguadero,2018-02-26,7.79,14.96,2.69,76.16,5.57,3.24,63.19,-16.56556,-69.04167,3808
Desaguadero,2018-02-27,8.29,14.99,2.41,77.48,1.73,2.68,63.14,-16.56556,-69.04167,3808
Desaguadero,2018-02-28,8.99,15.66,4.1,75.59,2.11,2.7,63.13,-16.56556,-69.04167,3808
Desaguadero,2018-03-01,8.69,14.69,3.81,78.48,5.52,3.73,63.21,-16.56556,-69.04167,3808
Desaguadero,2018-03-02,8.34,14.1,4.27,80.95,8.0,3.92,63.3,-16.56556,-69.04167,3808
Desaguadero,2018-03-03,8.13,15.15,3.36,78.93,2.9,3.47,63.23,-16.56556,-69.04167,3808
Desaguadero,2018-03-04,7.9,13.96,3.52,79.91,7.32,3.05,63.17,-16.56556,-69.04167,3808
Desaguadero,2018-03-05,7.24,13.62,2.52,79.81,3.5,3.32,63.14,-16.56556,-69.04167,3808
Desaguadero,2018-03-06,7.9,14.34,3.01,82.18,7.08,4.48,63.09,-16.56556,-69.04167,3808
Desaguadero,2018-03-07,7.37,12.03,2.75,82.64,15.61,3.4,63.19,-16.56556,-69.04167,3808
Desaguadero,2018-03-08,8.85,17.36,2.05,72.72,9.52,1.1,63.19,-16.56556,-69.04167,3808
Desaguadero,2018-03-09,7.23,12.29,2.72,77.17,2.64,1.05,63.22,-16.56556,-69.04167,3808
Desaguadero,2018-03-10,5.53,10.67,2.71,83.47,0.3,1.59,63.26,-16.56556,-69.04167,3808
Desaguadero,2018-03-11,8.96,16.43,2.88,78.37,0.1,2.15,63.24,-16.56556,-69.04167,3808
Desaguadero,2018-03-12,9.75,15.02,6.62,80.06,1.29,2.61,63.21,-16.56556,-69.04167,3808
Desaguadero,2018-03-13,9.6,14.72,5.75,78.33,1.63,2.09,63.21,-16.56556,-69.04167,3808
Desaguadero,2018-03-14,6.88,12.6,1.82,84.05,14.24,1.7,63.23,-16.56556,-69.04167,3808
Desaguadero,2018-03-15,7.84,15.99,2.43,79.55,5.99,1.23,63.19,-16.56556,-69.04167,3808
Desaguadero,2018-03-16,5.96,9.79,2.19,89.29,3.18,2.1,63.21,-16.56556,-69.04167,3808
Desaguadero,2018-03-17,8.45,13.92,4.76,84.52,3.69,3.08,63.16,-16.56556,-69.04167,3808
Desaguadero,2018-03-18,9.15,15.32,4.87,80.31,9.7,1.98,63.07,-16.56556,-69.04167,3808
Desaguadero,2018-03-19,8.91,15.13,4.49,79.33,1.97,3.34,63.1,-16.56556,-69.04167,3808
Desaguadero,2018-03-20,8.31,12.82,5.25,83.76,1.59,3.35,63.17,-16.56556,-69.04167,3808
Desaguadero,2018-03-21,7.78,13.17,3.75,82.64,1.95,3.69,63.31,-16.56556,-69.04167,3808
Desaguadero,2018-03-22,9.57,17.11,3.78,73.89,0.03,1.73,63.27,-16.56556,-69.04167,3808
Desaguadero,2018-03-23,9.82,16.78,4.99,73.9,0.0,1.93,63.19,-16.56556,-69.04167,3808
Desaguadero,2018-03-24,10.43,17.68,5.37,70.51,0.15,1.77,63.17,-16.56556,-69.04167,3808
Desaguadero,2018-03-25,7.67,12.05,2.23,85.56,2.55,3.41,63.2,-16.56556,-69.04167,3808
Desaguadero,2018-03-26,8.0,16.11,1.48,73.75,0.1,1.35,63.17,-16.56556,-69.04167,3808
Desaguadero,2018-03-27,8.52,14.85,4.07,73.69,3.15,2.0,63.11,-16.56556,-69.04167,3808
Desaguadero,2018-03-28,8.67,15.15,4.23,70.86,0.82,1.64,63.1,-16.56556,-69.04167,3808
Desaguadero,2018-03-29,7.76,14.83,2.73,72.99,0.02,2.48,63.16,-16.56556,-69.04167,3808
Desaguadero,2018-03-30,8.21,14.75,3.61,72.3,15.68,1.88,63.15,-16.56556,-69.04167,3808
Desaguadero,2018-03-31,7.1,14.85,-0.23,66.44,0.3,1.45,63.1,-16.56556,-69.04167,3808
Desaguadero,2018-04-01,8.48,16.43,2.58,65.87,0.31,1.76,63.07,-16.56556,-69.04167,3808
Desaguadero,2018-04-02,8.75,14.9,4.63,75.74,0.33,2.96,63.11,-16.56556,-69.04167,3808
Desaguadero,2018-04-03,9.19,15.62,4.28,74.07,0.13,1.95,63.13,-16.56556,-69.04167,3808
Desaguadero,2018-04-04,7.95,13.96,3.52,72.11,0.59,1.43,63.15,-16.56556,-69.04167,3808
Desaguadero,2018-04-05,8.11,15.4,0.85,70.32,0.48,1.07,63.16,-16.56556,-69.04167,3808
Desaguadero,2018-04-06,6.02,8.86,3.68,79.23,0.93,1.52,63.22,-16.56556,-69.04167,3808
Desaguadero,2018-04-07,7.66,14.58,2.09,73.42,0.23,2.51,63.27,-16.56556,-69.04167,3808
Desaguadero,2018-04-08,7.72,13.85,2.63,74.66,0.52,2.34,63.34,-16.56556,-69.04167,3808
Desaguadero,2018-04-09,7.46,13.85,3.17,77.92,0.02,2.93,63.35,-16.56556,-69.04167,3808
Desaguadero,2018-04-10,8.36,15.09,3.51,70.24,0.0,2.06,63.36,-16.56556,-69.04167,3808
Desaguadero,2018-04-11,9.44,17.72,2.9,63.76,0.01,1.92,63.26,-16.56556,-69.04167,3808
Desaguadero,2018-04-12,9.21,17.6,4.2,72.07,2.76,2.03,63.31,-16.56556,-69.04167,3808
Desaguadero,2018-04-13,7.66,13.64,3.94,78.68,3.89,2.84,63.45,-16.56556,-69.04167,3808
Desaguadero,2018-04-14,8.4,16.14,3.08,72.78,0.02,2.58,63.5,-16.56556,-69.04167,3808
Desaguadero,2018-04-15,8.48,16.25,3.51,73.09,0.0,2.74,63.53,-16.56556,-69.04167,3808
Desaguadero,2018-04-16,8.23,15.97,2.21,69.65,0.0,1.62,63.44,-16.56556,-69.04167,3808
Desaguadero,2018-04-17,8.55,16.72,3.18,71.62,0.0,1.93,63.32,-16.56556,-69.04167,3808
Desaguadero,2018-04-18,7.8,14.95,2.38,72.17,0.13,1.93,63.34,-16.56556,-69.04167,3808
Desaguadero,2018-04-19,8.41,15.91,3.22,71.3,0.01,1.4,63.32,-16.56556,-69.04167,3808
Desaguadero,2018-04-20,8.94,16.17,4.26,73.72,0.0,2.44,63.31,-16.56556,-69.04167,3808
Desaguadero,2018-04-21,7.98,13.63,3.72,77.56,0.0,2.73,63.34,-16.56556,-69.04167,3808
Desaguadero,2018-04-22,7.44,14.41,1.87,75.97,0.0,2.43,63.3,-16.56556,-69.04167,3808
Desaguadero,2018-04-23,6.71,14.16,1.2,73.18,0.0,2.82,63.36,-16.56556,-69.04167,3808
Desaguadero,2018-04-24,6.02,12.63,1.23,75.34,0.39,2.81,63.41,-16.56556,-69.04167,3808
Desaguadero,2018-04-25,6.6,13.17,1.74,79.85,1.53,3.45,63.42,-16.56556,-69.04167,3808
Desaguadero,2018-04-26,7.58,12.68,3.1,76.34,0.21,1.66,63.43,-16.56556,-69.04167,3808
Desaguadero,2018-04-27,8.34,14.32,4.27,76.32,0.02,1.76,63.38,-16.56556,-69.04167,3808
Desaguadero,2018-04-28,7.65,13.42,3.44,75.1,3.32,2.34,63.44,-16.56556,-69.04167,3808
Desaguadero,2018-04-29,6.98,13.76,2.14,75.7,0.68,2.15,63.46,-16.56556,-69.04167,3808
Desaguadero,2018-04-30,7.52,15.67,1.86,71.78,0.04,2.32,63.43,-16.56556,-69.04167,3808
Desaguadero,2018-05-01,6.6,13.71,1.29,75.69,0.89,2.28,63.51,-16.56556,-69.04167,3808
Desaguadero,2018-05-02,7.33,15.54,0.82,69.12,0.4,2.22,63.46,-16.56556,-69.04167,3808
Desaguadero,2018-05-03,8.69,15.39,3.35,70.36,0.64,1.41,63.32,-16.56556,-69.04167,3808
Desaguadero,2018-05-04,6.52,10.55,2.69,80.13,4.13,2.48,63.28,-16.56556,-69.04167,3808
Desaguadero,2018-05-05,6.47,12.41,2.49,78.43,5.92,2.06,63.38,-16.56556,-69.04167,3808
Desaguadero,2018-05-06,6.46,12.15,2.81,78.32,2.22,2.41,63.47,-16.56556,-69.04167,3808
Desaguadero,2018-05-07,7.5,13.94,2.77,75.47,0.55,1.72,63.43,-16.56556,-69.04167,3808
Desaguadero,2018-05-08,7.29,13.14,3.07,79.06,0.5,2.99,63.34,-16.56556,-69.04167,3808
Desaguadero,2018-05-09,7.0,13.22,2.48,77.32,0.55,1.75,63.36,-16.56556,-69.04167,3808
Desaguadero,2018-05-10,8.14,16.23,1.54,65.25,0.0,1.24,63.33,-16.56556,-69.04167,3808
Desaguadero,2018-05-11,8.06,15.0,3.18,67.53,0.09,1.88,63.33,-16.56556,-69.04167,3808
Desaguadero,2018-05-12,7.42,14.93,2.2,69.97,0.01,1.41,63.33,-16.56556,-69.04167,3808
Desaguadero,2018-05-13,6.89,14.38,2.19,66.63,0.0,1.85,63.22,-16.56556,-69.04167,3808
Desaguadero,2018-05-14,6.34,14.44,-0.16,49.08,0.0,1.15,63.18,-16.56556,-69.04167,3808
Desaguadero,2018-05-15,6.73,14.78,-0.06,46.84,0.0,0.98,63.26,-16.56556,-69.04167,3808
Desaguadero,2018-05-16,6.21,13.74,0.73,71.27,1.91,1.78,63.32,-16.56556,-69.04167,3808
Desaguadero,2018-05-17,6.1,14.4,-0.56,72.91,0.11,2.05,63.24,-16.56556,-69.04167,3808
Desaguadero,2018-05-18,7.04,15.05,0.67,57.69,0.04,1.27,63.2,-16.56556,-69.04167,3808
Desaguadero,2018-05-19,4.27,11.8,0.07,76.07,2.9,2.15,63.35,-16.56556,-69.04167,3808
Desaguadero,2018-05-20,6.88,15.19,1.32,71.33,0.03,1.43,63.27,-16.56556,-69.04167,3808
Desaguadero,2018-05-21,5.89,15.06,-2.15,58.54,0.0,1.53,63.21,-16.56556,-69.04167,3808
Desaguadero,2018-05-22,6.37,14.28,1.47,70.43,0.0,2.05,63.25,-16.56556,-69.04167,3808
Desaguadero,2018-05-23,6.72,14.98,0.57,67.58,0.0,1.48,63.31,-16.56556,-69.04167,3808
Desaguadero,2018-05-24,6.32,13.83,1.21,73.73,0.0,1.57,63.39,-16.56556,-69.04167,3808
Desaguadero,2018-05-25,6.75,15.03,1.36,68.52,0.0,0.97,63.35,-16.56556,-69.04167,3808
Desaguadero,2018-05-26,6.69,14.39,1.54,72.75,0.0,1.81,63.31,-16.56556,-69.04167,3808
Desaguadero,2018-05-27,6.6,14.23,1.19,75.79,0.0,2.14,63.3,-16.56556,-69.04167,3808
Desaguadero,2018-05-28,7.38,14.59,2.11,68.31,0.0,1.55,63.3,-16.56556,-69.04167,3808
Desaguadero,2018-05-29,5.55,14.27,-2.54,44.97,0.0,1.48,63.27,-16.56556,-69.04167,3808
Desaguadero,2018-05-30,6.23,14.32,-0.03,56.43,0.06,1.43,63.22,-16.56556,-69.04167,3808
Desaguadero,2018-05-31,6.51,14.24,-0.06,54.75,0.28,1.5,63.16,-16.56556,-69.04167,3808
Desaguadero,2018-06-01,6.5,14.74,0.89,67.62,0.47,2.57,63.13,-16.56556,-69.04167,3808
Desaguadero,2018-06-02,4.13,7.04,1.81,90.59,3.54,2.27,63.22,-16.56556,-69.04167,3808
Desaguadero,2018-06-03,3.58,8.75,0.97,86.16,14.28,1.64,63.4,-16.56556,-69.04167,3808
Desaguadero,2018-06-04,4.55,9.48,0.87,84.29,0.47,2.48,63.47,-16.56556,-69.04167,3808
Desaguadero,2018-06-05,5.98,12.27,1.09,76.82,1.48,1.78,63.35,-16.56556,-69.04167,3808
Desaguadero,2018-06-06,5.65,12.51,0.51,77.62,1.06,2.65,63.2,-16.56556,-69.04167,3808
Desaguadero,2018-06-07,4.32,11.25,-1.57,72.36,6.34,2.39,63.31,-16.56556,-69.04167,3808
Desaguadero,2018-06-08,4.54,11.16,-1.15,76.65,5.82,3.1,63.31,-16.56556,-69.04167,3808
Desaguadero,2018-06-09,3.29,9.41,-0.19,81.33,3.71,2.7,63.29,-16.56556,-69.04167,3808
Desaguadero,2018-06-10,3.02,8.24,-0.76,82.1,9.42,3.25,63.21,-16.56556,-69.04167,3808
Desaguadero,2018-06-11,2.89,11.15,-2.79,69.22,0.8,3.07,63.18,-16.56556,-69.04167,3808
Desaguadero,2018-06-12,2.7,8.2,-2.63,70.0,1.35,2.05,63.25,-16.56556,-69.04167,3808
Desaguadero,2018-06-13,4.04,10.61,0.1,87.41,0.41,3.62,63.26,-16.56556,-69.04167,3808
Desaguadero,2018-06-14,4.95,10.78,1.31,81.85,0.0,4.38,63.28,-16.56556,-69.04167,3808
Desaguadero,2018-06-15,5.06,11.39,0.53,79.49,0.0,2.98,63.34,-16.56556,-69.04167,3808
Desaguadero,2018-06-16,4.97,11.69,0.78,80.75,0.0,2.06,63.39,-16.56556,-69.04167,3808
Desaguadero,2018-06-17,4.96,12.59,-0.34,79.8,0.0,2.29,63.45,-16.56556,-69.04167,3808
Desaguadero,2018-06-18,4.88,13.28,-0.52,74.98,0.0,1.84,63.5,-16.56556,-69.04167,3808
Desaguadero,2018-06-19,5.17,13.45,-1.37,65.87,0.0,1.21,63.45,-16.56556,-69.04167,3808
Desaguadero,2018-06-20,5.35,13.36,-0.24,66.54,0.0,1.71,63.38,-16.56556,-69.04167,3808
Desaguadero,2018-06-21,5.44,14.34,-0.54,65.91,0.0,1.85,63.38,-16.56556,-69.04167,3808
Desaguadero,2018-06-22,4.28,11.28,-2.38,74.31,0.0,2.18,63.32,-16.56556,-69.04167,3808
Desaguadero,2018-06-23,6.25,14.24,-0.21,68.6,0.0,1.87,63.18,-16.56556,-69.04167,3808
Desaguadero,2018-06-24,6.57,11.69,3.63,79.72,0.09,2.76,63.23,-16.56556,-69.04167,3808
Desaguadero,2018-06-25,6.71,12.81,2.49,73.98,0.24,1.88,63.26,-16.56556,-69.04167,3808
Desaguadero,2018-06-26,6.46,12.41,2.21,74.95,0.19,2.13,63.19,-16.56556,-69.04167,3808
Desaguadero,2018-06-27,6.8,12.83,3.16,78.26,0.05,2.77,63.15,-16.56556,-69.04167,3808
Desaguadero,2018-06-28,7.12,13.37,3.33,77.72,0.03,2.11,63.23,-16.56556,-69.04167,3808
Desaguadero,2018-06-29,7.4,14.27,3.03,72.66,0.0,1.48,63.28,-16.56556,-69.04167,3808
Desaguadero,2018-06-30,7.16,13.17,3.6,77.61,0.0,1.94,63.25,-16.56556,-69.04167,3808
Desaguadero,2018-07-01,7.05,13.79,2.66,73.6,0.0,1.47,63.24,-16.56556,-69.04167,3808
Desaguadero,2018-07-02,6.27,14.7,-0.12,72.42,0.01,2.31,63.26,-16.56556,-69.04167,3808
Desaguadero,2018-07-03,5.18,12.86,-0.61,77.46,0.14,3.12,63.31,-16.56556,-69.04167,3808
Desaguadero,2018-07-04,6.83,13.46,2.82,79.46,0.05,2.98,63.26,-16.56556,-69.04167,3808
Desaguadero,2018-07-05,7.48,15.02,2.73,75.01,0.0,2.11,63.32,-16.56556,-69.04167,3808
Desaguadero,2018-07-06,7.16,14.58,1.79,75.66,0.0,2.12,63.38,-16.56556,-69.04167,3808
Desaguadero,2018-07-07,5.57,14.56,-1.47,55.85,0.0,2.14,63.36,-16.56556,-69.04167,3808
Desaguadero,2018-07-08,4.61,12.54,-1.79,73.56,0.01,2.65,63.37,-16.56556,-69.04167,3808
Desaguadero,2018-07-09,5.68,12.25,0.81,78.63,0.01,2.5,63.37,-16.56556,-69.04167,3808
Desaguadero,2018-07-10,5.55,13.21,0.53,72.11,0.0,1.45,63.3,-16.56556,-69.04167,3808
Desaguadero,2018-07-11,5.38,12.0,0.67,75.35,0.14,1.64,63.25,-16.56556,-69.04167,3808
Desaguadero,2018-07-12,5.13,11.18,1.12,74.39,0.4,1.73,63.33,-16.56556,-69.04167,3808
Desaguadero,2018-07-13,4.13,10.79,-1.4,77.09,0.04,2.32,63.39,-16.56556,-69.04167,3808
Desaguadero,2018-07-14,4.49,12.08,-1.57,70.96,1.56,2.73,63.31,-16.56556,-69.04167,3808
Desaguadero,2018-07-15,4.77,12.16,-1.08,71.5,0.02,1.96,63.27,-16.56556,-69.04167,3808
Desaguadero,2018-07-16,5.93,11.85,2.3,78.98,0.0,2.56,63.38,-16.56556,-69.04167,3808
Desaguadero,2018-07-17,5.76,12.03,1.49,78.66,0.01,3.22,63.35,-16.56556,-69.04167,3808
Desaguadero,2018-07-18,6.04,11.19,2.08,79.8,0.02,4.39,63.21,-16.56556,-69.04167,3808
Desaguadero,2018-07-19,5.26,10.76,1.37,81.04,5.06,3.84,63.12,-16.56556,-69.04167,3808
Desaguadero,2018-07-20,2.64,7.99,-0.35,85.56,9.82,1.91,63.23,-16.56556,-69.04167,3808
Desaguadero,2018-07-21,0.99,4.35,-1.51,90.91,9.17,2.21,63.27,-16.56556,-69.04167,3808
Desaguadero,2018-07-22,3.37,10.12,-2.38,72.59,0.23,1.68,63.3,-16.56556,-69.04167,3808
Desaguadero,2018-07-23,3.61,9.8,-1.15,78.27,0.05,2.78,63.35,-16.56556,-69.04167,3808
Desaguadero,2018-07-24,5.04,12.19,-0.45,76.18,0.0,2.35,63.41,-16.56556,-69.04167,3808
Desaguadero,2018-07-25,4.89,12.9,-1.91,73.48,0.0,1.94,63.43,-16.56556,-69.04167,3808
Desaguadero,2018-07-26,4.33,12.05,-1.38,71.34,0.02,2.68,63.38,-16.56556,-69.04167,3808
Desaguadero,2018-07-27,5.52,13.29,0.33,66.57,0.02,1.99,63.33,-16.56556,-69.04167,3808
Desaguadero,2018-07-28,5.43,14.21,-1.42,62.72,0.0,1.77,63.3,-16.56556,-69.04167,3808
Desaguadero,2018-07-29,5.32,13.77,-0.92,53.5,0.03,2.07,63.28,-16.56556,-69.04167,3808
Desaguadero,2018-07-30,5.07,14.6,-1.96,38.97,0.02,2.01,63.27,-16.56556,-69.04167,3808
Desaguadero,2018-07-31,5.11,12.76,-0.66,72.64,0.08,2.4,63.29,-16.56556,-69.04167,3808
Desaguadero,2018-08-01,6.56,12.56,2.07,69.35,0.0,1.81,63.24,-16.56556,-69.04167,3808
Desaguadero,2018-08-02,5.95,11.31,2.22,73.76,0.02,2.77,63.2,-16.56556,-69.04167,3808
Desaguadero,2018-08-03,5.59,12.54,0.62,75.42,1.07,2.42,63.13,-16.56556,-69.04167,3808
Desaguadero,2018-08-04,4.51,10.73,0.8,80.19,8.09,3.55,63.02,-16.56556,-69.04167,3808
Desaguadero,2018-08-05,3.13,11.9,-2.39,52.44,0.4,3.49,63.02,-16.56556,-69.04167,3808
Desaguadero,2018-08-06,3.08,11.03,-3.32,45.76,0.02,1.73,63.25,-16.56556,-69.04167,3808
Desaguadero,2018-08-07,4.08,10.17,0.42,65.91,0.83,2.59,63.3,-16.56556,-69.04167,3808
Desaguadero,2018-08-08,4.81,11.51,-0.39,69.91,0.3,2.15,63.45,-16.56556,-69.04167,3808
Desaguadero,2018-08-09,5.43,12.77,-0.31,74.7,0.0,2.01,63.47,-16.56556,-69.04167,3808
Desaguadero,2018-08-10,6.12,13.89,0.81,70.0,0.0,1.57,63.42,-16.56556,-69.04167,3808
Desaguadero,2018-08-11,5.87,13.33,0.78,73.41,0.0,2.41,63.45,-16.56556,-69.04167,3808
Desaguadero,2018-08-12,5.73,12.38,0.49,69.45,1.67,1.39,63.4,-16.56556,-69.04167,3808
Desaguadero,2018-08-13,6.05,13.74,-1.05,51.22,0.02,1.84,63.28,-16.56556,-69.04167,3808
Desaguadero,2018-08-14,5.37,13.1,-1.59,55.87,0.77,2.0,63.26,-16.56556,-69.04167,3808
Desaguadero,2018-08-15,5.14,11.56,0.48,73.56,0.09,2.29,63.33,-16.56556,-69.04167,3808
Desaguadero,2018-08-16,5.75,13.1,0.92,70.88,0.0,2.35,63.44,-16.56556,-69.04167,3808
Desaguadero,2018-08-17,6.03,13.52,0.98,72.39,0.0,2.05,63.45,-16.56556,-69.04167,3808
Desaguadero,2018-08-18,6.13,14.39,-1.27,53.23,0.0,1.44,63.33,-16.56556,-69.04167,3808
Desaguadero,2018-08-19,5.71,13.06,0.13,66.78,0.23,3.05,63.27,-16.56556,-69.04167,3808
Desaguadero,2018-08-20,3.46,8.86,0.26,85.15,18.51,3.89,63.32,-16.56556,-69.04167,3808
Desaguadero,2018-08-21,4.25,10.65,-0.25,77.08,1.46,1.88,63.32,-16.56556,-69.04167,3808
Desaguadero,2018-08-22,4.92,13.15,-2.38,59.34,0.0,1.89,63.32,-16.56556,-69.04167,3808
Desaguadero,2018-08-23,4.8,14.68,-2.54,36.65,0.0,2.3,63.22,-16.56556,-69.04167,3808
Desaguadero,2018-08-24,5.38,14.89,-2.58,45.79,0.0,2.65,63.26,-16.56556,-69.04167,3808
Desaguadero,2018-08-25,4.74,10.61,0.88,79.56,0.0,3.09,63.35,-16.56556,-69.04167,3808
Desaguadero,2018-08-26,3.97,8.92,0.19,79.03,0.0,2.46,63.37,-16.56556,-69.04167,3808
Desaguadero,2018-08-27,5.97,14.05,0.15,69.12,3.97,1.91,63.32,-16.56556,-69.04167,3808
Desaguadero,2018-08-28,6.38,12.9,1.5,74.46,1.02,2.34,63.32,-16.56556,-69.04167,3808
Desaguadero,2018-08-29,6.59,13.86,1.51,70.37,0.0,2.04,63.29,-16.56556,-69.04167,3808
Desaguadero,2018-08-30,7.5,14.3,2.07,64.03,0.0,1.57,63.25,-16.56556,-69.04167,3808
Desaguadero,2018-08-31,6.97,15.02,-0.42,54.86,0.0,2.07,63.21,-16.56556,-69.04167,3808
Desaguadero,2018-09-01,6.49,16.59,-2.28,47.97,0.01,3.18,63.16,-16.56556,-69.04167,3808
Desaguadero,2018-09-02,4.74,15.05,-4.15,44.49,0.0,2.45,63.29,-16.56556,-69.04167,3808
Desaguadero,2018-09-03,5.75,15.09,-1.75,65.27,0.0,3.02,63.37,-16.56556,-69.04167,3808
Desaguadero,2018-09-04,4.47,14.1,-3.16,50.06,0.0,2.23,63.33,-16.56556,-69.04167,3808
Desaguadero,2018-09-05,6.2,15.52,-0.48,57.39,0.0,2.07,63.27,-16.56556,-69.04167,3808
Desaguadero,2018-09-06,7.0,16.19,0.31,61.49,0.0,1.86,63.27,-16.56556,-69.04167,3808
Desaguadero,2018-09-07,7.56,16.43,1.33,63.88,0.0,1.96,63.29,-16.56556,-69.04167,3808
Desaguadero,2018-09-08,6.94,15.56,1.08,64.14,0.0,2.23,63.31,-16.56556,-69.04167,3808
Desaguadero,2018-09-09,6.72,14.26,0.6,67.13,0.0,2.67,63.31,-16.56556,-69.04167,3808
Desaguadero,2018-09-10,6.66,14.01,1.63,73.55,0.65,2.9,63.34,-16.56556,-69.04167,3808
Desaguadero,2018-09-11,6.64,14.45,0.07,70.57,0.15,2.09,63.3,-16.56556,-69.04167,3808
Desaguadero,2018-09-12,7.52,15.93,0.38,62.7,0.0,1.75,63.24,-16.56556,-69.04167,3808
Desaguadero,2018-09-13,8.45,15.97,2.28,66.21,0.0,2.03,63.15,-16.56556,-69.04167,3808
Desaguadero,2018-09-14,8.57,15.36,2.8,66.61,0.0,1.67,63.11,-16.56556,-69.04167,3808
Desaguadero,2018-09-15,8.82,15.55,4.25,64.13,1.54,2.76,63.07,-16.56556,-69.04167,3808
Desaguadero,2018-09-16,7.69,16.33,1.11,46.55,0.41,2.64,63.09,-16.56556,-69.04167,3808
Desaguadero,2018-09-17,6.22,15.56,-2.43,35.53,1.32,1.8,63.17,-16.56556,-69.04167,3808
Desaguadero,2018-09-18,7.76,16.37,-0.08,51.8,0.18,1.23,63.14,-16.56556,-69.04167,3808
Desaguadero,2018-09-19,8.94,17.34,1.41,59.66,0.28,2.1,63.18,-16.56556,-69.04167,3808
Desaguadero,2018-09-20,9.33,16.69,3.72,70.21,0.15,2.67,63.25,-16.56556,-69.04167,3808
Desaguadero,2018-09-21,8.91,16.35,3.02,64.11,0.09,3.11,63.28,-16.56556,-69.04167,3808
Desaguadero,2018-09-22,8.01,15.8,2.07,62.33,0.0,3.1,63.26,-16.56556,-69.04167,3808
Desaguadero,2018-09-23,8.5,15.81,2.83,66.87,0.0,2.38,63.21,-16.56556,-69.04167,3808
Desaguadero,2018-09-24,7.57,13.96,3.02,71.1,1.64,3.11,63.2,-16.56556,-69.04167,3808
Desaguadero,2018-09-25,8.12,14.9,2.52,59.75,3.14,1.42,63.17,-16.56556,-69.04167,3808
Desaguadero,2018-09-26,8.2,15.12,2.75,41.78,0.1,1.14,63.19,-16.56556,-69.04167,3808
Desaguadero,2018-09-27,7.83,15.93,-0.52,51.47,0.0,2.69,63.22,-16.56556,-69.04167,3808
Desaguadero,2018-09-28,9.09,16.37,3.58,62.84,0.02,2.65,63.24,-16.56556,-69.04167,3808
Desaguadero,2018-09-29,9.4,17.64,1.26,53.94,0.28,1.27,63.15,-16.56556,-69.04167,3808
Desaguadero,2018-09-30,9.82,17.58,2.06,63.0,0.11,1.39,63.15,-16.56556,-69.04167,3808
Desaguadero,2018-10-01,10.14,17.02,4.28,66.59,0.0,2.39,63.25,-16.56556,-69.04167,3808
Desaguadero,2018-10-02,9.36,17.57,2.51,61.13,0.59,3.36,63.29,-16.56556,-69.04167,3808
Desaguadero,2018-10-03,8.77,16.29,3.8,68.43,0.25,3.87,63.31,-16.56556,-69.04167,3808
Desaguadero,2018-10-04,7.3,13.7,1.69,73.49,0.6,4.16,63.33,-16.56556,-69.04167,3808
Desaguadero,2018-10-05,7.56,13.84,3.55,76.06,12.12,4.04,63.29,-16.56556,-69.04167,3808
Desaguadero,2018-10-06,7.9,14.56,2.76,74.84,9.89,2.98,63.22,-16.56556,-69.04167,3808
Desaguadero,2018-10-07,7.36,15.36,0.5,63.37,2.44,2.83,63.23,-16.56556,-69.04167,3808
Desaguadero,2018-10-08,8.27,15.53,0.46,59.77,0.05,2.01,63.21,-16.56556,-69.04167,3808
Desaguadero,2018-10-09,9.16,17.56,0.12,58.55,1.1,1.56,63.17,-16.56556,-69.04167,3808
Desaguadero,2018-10-10,7.82,16.38,1.36,70.3,4.81,2.77,63.16,-16.56556,-69.04167,3808
Desaguadero,2018-10-11,7.19,11.24,3.78,82.8,7.45,3.32,63.24,-16.56556,-69.04167,3808
Desaguadero,2018-10-12,8.06,13.8,4.71,78.42,1.27,3.49,63.25,-16.56556,-69.04167,3808
Desaguadero,2018-10-13,8.29,13.94,3.99,76.3,0.59,4.72,63.3,-16.56556,-69.04167,3808
Desaguadero,2018-10-14,8.2,13.63,3.86,76.84,1.53,4.13,63.26,-16.56556,-69.04167,3808
Desaguadero,2018-10-15,6.92,13.07,2.58,78.21,9.11,3.17,63.22,-16.56556,-69.04167,3808
Desaguadero,2018-10-16,7.33,15.24,0.2,60.92,1.0,2.19,63.13,-16.56556,-69.04167,3808
Desaguadero,2018-10-17,8.72,15.52,1.76,63.16,0.94,1.8,63.18,-16.56556,-69.04167,3808
Desaguadero,2018-10-18,9.48,15.28,5.44,69.19,11.98,2.33,63.25,-16.56556,-69.04167,3808
Desaguadero,2018-10-19,9.3,15.53,4.19,72.18,11.67,1.44,63.22,-16.56556,-69.04167,3808
Desaguadero,2018-10-20,7.4,11.5,2.44,76.88,5.08,2.19,63.22,-16.56556,-69.04167,3808
Desaguadero,2018-10-21,9.19,15.15,4.09,72.75,0.16,2.56,63.16,-16.56556,-69.04167,3808
Desaguadero,2018-10-22,9.52,15.61,4.81,73.69,2.58,2.32,63.12,-16.56556,-69.04167,3808
Desaguadero,2018-10-23,7.79,14.22,2.39,75.51,5.33,2.03,63.16,-16.56556,-69.04167,3808
Desaguadero,2018-10-24,6.22,12.97,1.5,78.02,2.45,2.23,63.22,-16.56556,-69.04167,3808
Desaguadero,2018-10-25,6.27,11.59,2.34,82.41,4.2,2.11,63.16,-16.56556,-69.04167,3808
Desaguadero,2018-10-26,7.0,14.63,1.26,78.67,1.03,2.83,63.14,-16.56556,-69.04167,3808
Desaguadero,2018-10-27,9.27,16.69,2.97,68.83,4.71,1.9,63.19,-16.56556,-69.04167,3808
Desaguadero,2018-10-28,10.26,18.93,1.68,52.62,0.13,1.34,63.19,-16.56556,-69.04167,3808
Desaguadero,2018-10-29,9.39,16.58,4.81,73.3,0.0,2.17,63.2,-16.56556,-69.04167,3808
Desaguadero,2018-10-30,9.75,17.38,3.22,68.62,0.0,2.55,63.28,-16.56556,-69.04167,3808
Desaguadero,2018-10-31,10.35,17.44,3.63,63.16,0.05,2.25,63.33,-16.56556,-69.04167,3808
Desaguadero,2018-11-01,10.04,16.89,5.2,66.51,1.9,2.43,63.27,-16.56556,-69.04167,3808
Desaguadero,2018-11-02,9.82,15.94,4.95,67.94,0.75,1.75,63.18,-16.56556,-69.04167,3808
Desaguadero,2018-11-03,10.34,19.07,2.9,52.54,0.02,2.51,63.07,-16.56556,-69.04167,3808
Desaguadero,2018-11-04,7.69,12.31,1.48,65.46,0.09,2.55,63.12,-16.56556,-69.04167,3808
Desaguadero,2018-11-05,6.69,10.79,2.0,80.66,1.1,2.98,63.12,-16.56556,-69.04167,3808
Desaguadero,2018-11-06,9.28,15.04,4.44,73.59,1.3,1.88,63.14,-16.56556,-69.04167,3808
Desaguadero,2018-11-07,8.87,13.93,4.72,76.88,3.35,3.81,63.21,-16.56556,-69.04167,3808
Desaguadero,2018-11-08,10.12,17.99,3.32,68.51,0.52,1.89,63.19,-16.56556,-69.04167,3808
Desaguadero,2018-11-09,11.62,19.0,6.35,66.48,0.0,2.14,63.19,-16.56556,-69.04167,3808
Desaguadero,2018-11-10,11.12,17.77,6.34,69.4,0.0,2.59,63.16,-16.56556,-69.04167,3808
Desaguadero,2018-11-11,11.3,18.89,4.97,61.62,0.0,2.55,63.1,-16.56556,-69.04167,3808
Desaguadero,2018-11-12,10.82,17.33,5.14,62.92,0.79,2.15,63.1,-16.56556,-69.04167,3808
Desaguadero,2018-11-13,11.35,19.81,4.39,44.81,0.04,1.6,63.15,-16.56556,-69.04167,3808
Desaguadero,2018-11-14,9.46,17.32,3.53,66.28,0.49,2.98,63.18,-16.56556,-69.04167,3808
Desaguadero,2018-11-15,7.71,12.09,4.19,82.29,0.37,2.68,63.16,-16.56556,-69.04167,3808
Desaguadero,2018-11-16,9.84,15.7,5.21,71.95,0.01,2.42,63.22,-16.56556,-69.04167,3808
Desaguadero,2018-11-17,10.84,19.21,4.17,57.82,1.02,1.88,63.16,-16.56556,-69.04167,3808
Desaguadero,2018-11-18,9.77,14.4,7.11,74.62,1.43,2.45,63.23,-16.56556,-69.04167,3808
Desaguadero,2018-11-19,6.58,11.92,3.29,83.86,3.9,1.49,63.26,-16.56556,-69.04167,3808
Desaguadero,2018-11-20,9.77,17.26,3.2,69.4,0.03,2.28,63.27,-16.56556,-69.04167,3808
Desaguadero,2018-11-21,11.5,18.35,4.64,67.09,5.14,1.86,63.22,-16.56556,-69.04167,3808
Desaguadero,2018-11-22,11.09,19.81,3.48,60.81,7.35,1.58,63.15,-16.56556,-69.04167,3808
Desaguadero,2018-11-23,11.4,19.63,2.63,56.25,3.14,1.8,63.09,-16.56556,-69.04167,3808
Desaguadero,2018-11-24,10.82,19.55,4.09,56.64,4.56,2.84,63.09,-16.56556,-69.04167,3808
Desaguadero,2018-11-25,8.98,14.48,4.28,77.63,3.47,3.0,63.17,-16.56556,-69.04167,3808
Desaguadero,2018-11-26,10.22,18.69,2.54,59.91,0.56,2.46,63.17,-16.56556,-69.04167,3808
Desaguadero,2018-11-27,10.09,15.78,3.86,70.72,2.4,2.41,63.08,-16.56556,-69.04167,3808
Desaguadero,2018-11-28,8.63,16.3,2.85,71.88,4.11,1.84,63.08,-16.56556,-69.04167,3808
Desaguadero,2018-11-29,6.59,11.54,3.04,76.69,2.1,1.98,63.1,-16.56556,-69.04167,3808
Desaguadero,2018-11-30,9.69,19.35,1.48,48.36,1.36,2.02,63.04,-16.56556,-69.04167,3808
Desaguadero,2018-12-01,9.02,18.39,-0.75,41.97,0.45,1.9,63.1,-16.56556,-69.04167,3808
Desaguadero,2018-12-02,5.95,13.3,0.21,66.33,2.12,2.15,63.17,-16.56556,-69.04167,3808
Desaguadero,2018-12-03,10.15,19.19,2.07,56.23,0.03,1.84,63.08,-16.56556,-69.04167,3808
Desaguadero,2018-12-04,8.32,18.76,-1.7,36.18,0.0,2.44,63.0,-16.56556,-69.04167,3808
Desaguadero,2018-12-05,8.96,17.76,-0.94,53.96,0.0,2.91,63.04,-16.56556,-69.04167,3808
Desaguadero,2018-12-06,8.3,15.5,3.97,73.5,0.2,3.11,63.28,-16.56556,-69.04167,3808
Desaguadero,2018-12-07,8.01,15.06,2.37,73.08,0.58,3.29,63.45,-16.56556,-69.04167,3808
Desaguadero,2018-12-08,9.24,17.46,2.79,64.61,0.01,3.06,63.48,-16.56556,-69.04167,3808
Desaguadero,2018-12-09,11.02,20.28,3.53,58.38,0.0,2.55,63.41,-16.56556,-69.04167,3808
Desaguadero,2018-12-10,10.51,19.6,3.02,57.25,0.0,2.82,63.52,-16.56556,-69.04167,3808
Desaguadero,2018-12-11,11.28,19.7,4.25,54.28,0.0,2.76,63.52,-16.56556,-69.04167,3808
Desaguadero,2018-12-12,11.41,19.91,4.69,56.79,0.0,2.63,63.43,-16.56556,-69.04167,3808
Desaguadero,2018-12-13,10.92,17.78,5.46,62.01,1.3,2.32,63.37,-16.56556,-69.04167,3808
Desaguadero,2018-12-14,12.04,19.19,5.33,63.49,0.12,2.56,63.23,-16.56556,-69.04167,3808
Desaguadero,2018-12-15,8.51,13.93,3.96,72.51,0.64,3.42,63.33,-16.56556,-69.04167,3808
Desaguadero,2018-12-16,7.44,14.06,2.43,76.29,6.38,3.23,63.32,-16.56556,-69.04167,3808
Desaguadero,2018-12-17,7.87,13.47,2.69,78.4,32.91,2.63,63.22,-16.56556,-69.04167,3808
Desaguadero,2018-12-18,5.69,12.42,1.64,81.65,17.22,1.57,63.25,-16.56556,-69.04167,3808
Desaguadero,2018-12-19,6.25,12.86,1.68,81.93,14.87,1.98,63.24,-16.56556,-69.04167,3808
Desaguadero,2018-12-20,9.24,15.26,3.94,67.65,1.44,1.63,63.14,-16.56556,-69.04167,3808
Desaguadero,2018-12-21,9.83,14.81,3.51,69.71,0.02,1.58,63.11,-16.56556,-69.04167,3808
Desaguadero,2018-12-22,8.94,15.69,2.22,65.48,1.39,1.7,63.18,-16.56556,-69.04167,3808
Desaguadero,2018-12-23,6.61,11.51,2.33,78.27,2.55,1.96,63.21,-16.56556,-69.04167,3808
Desaguadero,2018-12-24,7.27,11.69,2.85,81.18,5.31,2.67,63.21,-16.56556,-69.04167,3808
Desaguadero,2018-12-25,8.92,14.87,3.98,75.4,0.48,2.04,63.15,-16.56556,-69.04167,3808
Desaguadero,2018-12-26,8.31,15.79,2.86,77.1,1.47,3.05,63.16,-16.56556,-69.04167,3808
Desaguadero,2018-12-27,9.46,15.67,4.64,76.01,4.46,2.64,63.1,-16.56556,-69.04167,3808
Desaguadero,2018-12-28,9.51,13.16,6.08,79.46,3.24,2.66,63.08,-16.56556,-69.04167,3808
Desaguadero,2018-12-29,7.84,14.3,2.83,79.12,15.22,2.7,63.07,-16.56556,-69.04167,3808
Desaguadero,2018-12-30,8.24,12.8,5.08,81.77,6.85,3.15,63.03,-16.56556,-69.04167,3808
Desaguadero,2018-12-31,9.82,14.85,5.97,77.64,2.94,4.58,63.06,-16.56556,-69.04167,3808
Desaguadero,2019-01-01,9.42,13.49,6.43,78.8,1.48,3.27,63.16,-16.56556,-69.04167,3808
Desaguadero,2019-01-02,10.18,16.97,4.26,71.71,0.28,3.26,63.21,-16.56556,-69.04167,3808
Desaguadero,2019-01-03,7.53,12.48,5.19,85.03,15.06,2.28,63.2,-16.56556,-69.04167,3808
Desaguadero,2019-01-04,7.29,15.47,2.78,80.39,10.04,2.46,63.24,-16.56556,-69.04167,3808
Desaguadero,2019-01-05,9.11,15.77,2.57,75.09,1.53,2.26,63.23,-16.56556,-69.04167,3808
Desaguadero,2019-01-06,10.27,19.95,2.78,57.07,0.45,2.42,63.19,-16.56556,-69.04167,3808
Desaguadero,2019-01-07,10.86,20.16,0.7,54.84,0.46,1.89,63.15,-16.56556,-69.04167,3808
Desaguadero,2019-01-08,11.13,16.44,7.69,70.76,0.18,1.3,63.18,-16.56556,-69.04167,3808
Desaguadero,2019-01-09,10.82,17.0,6.22,69.97,0.1,1.91,63.11,-16.56556,-69.04167,3808
Desaguadero,2019-01-10,9.79,15.02,6.17,73.38,0.23,2.24,63.06,-16.56556,-69.04167,3808
Desaguadero,2019-01-11,8.25,12.63,3.79,80.97,0.52,4.19,63.15,-16.56556,-69.04167,3808
Desaguadero,2019-01-12,8.71,15.22,3.8,74.0,0.39,4.1,63.17,-16.56556,-69.04167,3808
Desaguadero,2019-01-13,8.97,14.99,3.31,77.26,5.49,3.58,63.18,-16.56556,-69.04167,3808
Desaguadero,2019-01-14,9.53,15.25,4.41,76.7,5.37,4.29,63.22,-16.56556,-69.04167,3808
Desaguadero,2019-01-15,8.67,12.66,4.86,79.79,1.99,3.42,63.31,-16.56556,-69.04167,3808
Desaguadero,2019-01-16,9.31,15.46,4.64,75.51,1.5,3.57,63.37,-16.56556,-69.04167,3808
Desaguadero,2019-01-17,9.49,15.19,4.95,75.77,0.72,3.38,63.34,-16.56556,-69.04167,3808
Desaguadero,2019-01-18,8.83,13.71,5.55,78.17,0.7,4.38,63.32,-16.56556,-69.04167,3808
Desaguadero,2019-01-19,8.19,14.42,4.19,78.61,4.06,3.77,63.36,-16.56556,-69.04167,3808
Desaguadero,2019-01-20,9.86,17.07,3.72,74.74,0.57,2.95,63.33,-16.56556,-69.04167,3808
Desaguadero,2019-01-21,10.43,17.51,4.71,72.91,0.59,3.28,63.35,-16.56556,-69.04167,3808
Desaguadero,2019-01-22,8.63,12.4,5.07,83.48,7.65,3.97,63.39,-16.56556,-69.04167,3808
Desaguadero,2019-01-23,8.73,14.89,4.01,75.7,0.93,3.16,63.4,-16.56556,-69.04167,3808
Desaguadero,2019-01-24,9.12,16.23,3.29,72.93,1.89,3.74,63.44,-16.56556,-69.04167,3808
Desaguadero,2019-01-25,9.7,16.97,3.83,70.19,3.2,3.09,63.41,-16.56556,-69.04167,3808
Desaguadero,2019-01-26,8.82,14.73,4.19,75.03,0.12,2.92,63.33,-16.56556,-69.04167,3808
Desaguadero,2019-01-27,9.65,16.27,3.99,75.48,8.7,3.73,63.28,-16.56556,-69.04167,3808
Desaguadero,2019-01-28,8.9,15.74,3.6,76.71,4.94,3.7,63.24,-16.56556,-69.04167,3808
Desaguadero,2019-01-29,8.44,14.23,4.27,80.01,11.8,2.97,63.22,-16.56556,-69.04167,3808
Desaguadero,2019-01-30,7.98,13.3,4.82,82.93,11.83,3.35,63.15,-16.56556,-69.04167,3808
Desaguadero,2019-01-31,8.32,14.15,5.02,81.19,12.49,4.4,63.15,-16.56556,-69.04167,3808
Desaguadero,2019-02-01,6.47,13.1,1.83,81.19,12.12,2.11,63.23,-16.56556,-69.04167,3808
Desaguadero,2019-02-02,6.34,11.56,2.07,85.87,7.21,3.57,63.27,-16.56556,-69.04167,3808
Desaguadero,2019-02-03,7.64,14.28,2.12,78.46,1.11,4.12,63.32,-16.56556,-69.04167,3808
Desaguadero,2019-02-04,8.26,14.85,3.18,77.95,2.89,3.75,63.36,-16.56556,-69.04167,3808
Desaguadero,2019-02-05,8.44,15.48,3.26,76.98,4.1,3.67,63.33,-16.56556,-69.04167,3808
Desaguadero,2019-02-06,9.14,16.19,3.48,74.42,0.6,3.48,63.27,-16.56556,-69.04167,3808
Desaguadero,2019-02-07,8.86,15.66,3.9,73.55,2.0,3.17,63.2,-16.56556,-69.04167,3808
Desaguadero,2019-02-08,7.9,13.45,3.01,70.5,1.02,2.85,63.17,-16.56556,-69.04167,3808
Desaguadero,2019-02-09,8.43,14.66,3.31,77.89,2.86,2.83,63.21,-16.56556,-69.04167,3808
Desaguadero,2019-02-10,6.72,14.4,1.77,80.09,9.43,1.46,63.19,-16.56556,-69.04167,3808
Desaguadero,2019-02-11,7.02,11.95,3.02,82.1,2.22,1.25,63.16,-16.56556,-69.04167,3808
Desaguadero,2019-02-12,5.67,10.3,1.94,86.55,11.11,2.83,63.29,-16.56556,-69.04167,3808
Desaguadero,2019-02-13,6.95,13.25,1.26,81.69,13.3,1.58,63.38,-16.56556,-69.04167,3808
Desaguadero,2019-02-14,9.49,15.97,4.55,78.58,8.95,2.49,63.27,-16.56556,-69.04167,3808
Desaguadero,2019-02-15,9.23,15.4,4.87,80.78,4.83,3.12,63.29,-16.56556,-69.04167,3808
Desaguadero,2019-02-16,8.12,14.0,3.27,82.93,8.49,2.43,63.29,-16.56556,-69.04167,3808
Desaguadero,2019-02-17,9.47,16.3,3.74,79.52,1.98,2.3,63.2,-16.56556,-69.04167,3808
Desaguadero,2019-02-18,9.87,17.39,2.62,71.86,0.48,1.65,63.21,-16.56556,-69.04167,3808
Desaguadero,2019-02-19,9.43,15.8,3.79,74.18,0.21,2.33,63.24,-16.56556,-69.04167,3808
Desaguadero,2019-02-20,7.82,10.15,5.87,82.84,0.06,1.56,63.27,-16.56556,-69.04167,3808
Desaguadero,2019-02-21,10.07,16.66,5.35,74.23,0.0,2.27,63.34,-16.56556,-69.04167,3808
Desaguadero,2019-02-22,10.11,17.15,4.75,74.23,0.0,2.48,63.39,-16.56556,-69.04167,3808
Desaguadero,2019-02-23,7.69,13.29,5.33,84.42,0.93,1.68,63.23,-16.56556,-69.04167,3808
Desaguadero,2019-02-24,9.84,17.4,4.65,72.14,1.11,1.62,63.08,-16.56556,-69.04167,3808
Desaguadero,2019-02-25,8.4,14.1,3.25,76.01,0.14,3.08,63.09,-16.56556,-69.04167,3808
Desaguadero,2019-02-26,7.41,15.31,2.17,74.3,1.07,2.88,63.13,-16.56556,-69.04167,3808
Desaguadero,2019-02-27,7.76,12.79,3.71,81.23,2.53,2.25,63.21,-16.56556,-69.04167,3808
Desaguadero,2019-02-28,7.81,12.28,4.36,80.0,2.28,2.51,63.31,-16.56556,-69.04167,3808
Desaguadero,2019-03-01,9.97,17.59,3.6,72.34,0.39,1.88,63.28,-16.56556,-69.04167,3808
Desaguadero,2019-03-02,10.24,16.69,5.4,72.11,0.11,2.01,63.32,-16.56556,-69.04167,3808
Desaguadero,2019-03-03,9.11,14.16,5.79,77.28,0.07,2.68,63.31,-16.56556,-69.04167,3808
Desaguadero,2019-03-04,10.39,17.34,5.21,66.35,0.15,1.86,63.28,-16.56556,-69.04167,3808
Desaguadero,2019-03-05,10.65,17.49,5.82,65.54,0.04,1.95,63.37,-16.56556,-69.04167,3808
Desaguadero,2019-03-06,9.64,16.8,4.91,71.57,4.37,2.17,63.42,-16.56556,-69.04167,3808
Desaguadero,2019-03-07,9.82,16.29,4.46,73.44,0.08,1.97,63.35,-16.56556,-69.04167,3808
Desaguadero,2019-03-08,10.22,17.42,3.78,71.92,0.0,2.87,63.29,-16.56556,-69.04167,3808
Desaguadero,2019-03-09,9.73,14.83,5.93,77.16,1.72,3.79,63.33,-16.56556,-69.04167,3808
Desaguadero,2019-03-10,9.38,15.53,4.74,77.61,3.22,3.53,63.37,-16.56556,-69.04167,3808
Desaguadero,2019-03-11,9.4,15.33,5.14,77.22,0.6,1.86,63.29,-16.56556,-69.04167,3808
Desaguadero,2019-03-12,8.24,13.31,3.12,79.92,1.15,2.54,63.23,-16.56556,-69.04167,3808
Desaguadero,2019-03-13,8.67,14.74,3.34,77.24,4.19,3.34,63.22,-16.56556,-69.04167,3808
Desaguadero,2019-03-14,8.28,14.15,2.93,81.25,0.9,3.1,63.24,-16.56556,-69.04167,3808
Desaguadero,2019-03-15,8.68,15.18,2.86,78.22,1.19,2.61,63.24,-16.56556,-69.04167,3808
Desaguadero,2019-03-16,8.1,16.45,2.39,77.63,9.67,1.87,63.19,-16.56556,-69.04167,3808
Desaguadero,2019-03-17,9.02,16.77,2.0,68.76,0.67,2.05,63.23,-16.56556,-69.04167,3808
Desaguadero,2019-03-18,8.85,13.79,5.46,78.73,1.39,2.1,63.26,-16.56556,-69.04167,3808
Desaguadero,2019-03-19,8.78,15.25,3.43,79.49,0.84,2.01,63.23,-16.56556,-69.04167,3808
Desaguadero,2019-03-20,7.72,12.44,4.7,84.78,4.5,2.57,63.25,-16.56556,-69.04167,3808
Desaguadero,2019-03-21,8.2,13.75,3.98,79.55,2.37,1.82,63.28,-16.56556,-69.04167,3808
Desaguadero,2019-03-22,9.88,16.84,5.4,71.89,0.01,1.59,63.28,-16.56556,-69.04167,3808
Desaguadero,2019-03-23,9.62,17.56,3.33,65.8,0.0,2.36,63.35,-16.56556,-69.04167,3808
Desaguadero,2019-03-24,8.2,13.26,4.43,77.96,0.95,2.21,63.36,-16.56556,-69.04167,3808
Desaguadero,2019-03-25,9.09,15.26,4.8,75.19,3.8,2.14,63.25,-16.56556,-69.04167,3808
Desaguadero,2019-03-26,8.02,13.63,4.25,80.14,4.12,3.49,63.23,-16.56556,-69.04167,3808
Desaguadero,2019-03-27,7.73,13.57,3.17,78.77,1.58,3.84,63.38,-16.56556,-69.04167,3808
Desaguadero,2019-03-28,8.35,15.64,3.05,76.78,0.12,2.94,63.46,-16.56556,-69.04167,3808
Desaguadero,2019-03-29,8.91,15.65,3.31,76.27,0.0,3.48,63.4,-16.56556,-69.04167,3808
Desaguadero,2019-03-30,9.26,15.54,4.82,77.96,0.66,2.85,63.4,-16.56556,-69.04167,3808
Desaguadero,2019-03-31,9.33,15.82,4.34,79.29,4.27,2.88,63.37,-16.56556,-69.04167,3808
Desaguadero,2019-04-01,8.36,14.07,2.41,85.13,14.77,2.67,63.26,-16.56556,-69.04167,3808
Desaguadero,2019-04-02,6.97,15.14,1.77,80.82,12.93,2.36,63.27,-16.56556,-69.04167,3808
Desaguadero,2019-04-03,7.3,13.95,2.01,80.1,4.52,2.75,63.27,-16.56556,-69.04167,3808
Desaguadero,2019-04-04,7.62,16.1,1.09,67.82,3.31,2.41,63.08,-16.56556,-69.04167,3808
Desaguadero,2019-04-05,7.3,17.0,-1.52,54.21,0.19,1.59,63.17,-16.56556,-69.04167,3808
Desaguadero,2019-04-06,9.03,17.22,3.32,64.47,0.06,1.87,63.29,-16.56556,-69.04167,3808
Desaguadero,2019-04-07,8.61,16.42,2.58,70.2,0.0,2.58,63.42,-16.56556,-69.04167,3808
Desaguadero,2019-04-08,8.49,16.63,2.89,66.76,0.0,2.09,63.42,-16.56556,-69.04167,3808
Desaguadero,2019-04-09,9.61,17.83,3.28,57.32,0.0,1.59,63.32,-16.56556,-69.04167,3808
Desaguadero,2019-04-10,9.83,17.19,4.19,55.32,0.0,1.94,63.22,-16.56556,-69.04167,3808
Desaguadero,2019-04-11,7.67,14.38,0.9,68.65,0.87,2.89,63.27,-16.56556,-69.04167,3808
Desaguadero,2019-04-12,8.57,15.48,3.41,72.65,0.98,1.89,63.25,-16.56556,-69.04167,3808
Desaguadero,2019-04-13,8.4,16.72,0.81,57.87,0.0,1.67,63.24,-16.56556,-69.04167,3808
Desaguadero,2019-04-14,8.91,15.67,2.91,65.75,0.0,1.21,63.32,-16.56556,-69.04167,3808
Desaguadero,2019-04-15,9.52,15.04,5.15,75.63,0.71,2.21,63.41,-16.56556,-69.04167,3808
Desaguadero,2019-04-16,8.2,15.36,3.06,78.14,0.93,2.64,63.47,-16.56556,-69.04167,3808
Desaguadero,2019-04-17,8.16,14.13,4.23,77.84,0.17,1.36,63.38,-16.56556,-69.04167,3808
Desaguadero,2019-04-18,9.23,16.39,4.38,74.43,2.55,2.13,63.3,-16.56556,-69.04167,3808
Desaguadero,2019-04-19,8.67,14.07,4.49,77.58,2.03,2.23,63.37,-16.56556,-69.04167,3808
Desaguadero,2019-04-20,8.26,15.74,2.53,70.23,5.62,2.54,63.4,-16.56556,-69.04167,3808
Desaguadero,2019-04-21,9.44,16.77,3.37,72.58,2.96,1.78,63.32,-16.56556,-69.04167,3808
Desaguadero,2019-04-22,9.19,14.56,5.83,78.96,0.65,2.7,63.22,-16.56556,-69.04167,3808
Desaguadero,2019-04-23,7.61,14.82,4.21,83.11,5.3,3.33,63.24,-16.56556,-69.04167,3808
Desaguadero,2019-04-24,7.94,13.62,4.38,83.15,1.91,4.03,63.35,-16.56556,-69.04167,3808
Desaguadero,2019-04-25,8.35,13.61,4.43,81.62,1.06,3.01,63.42,-16.56556,-69.04167,3808
Desaguadero,2019-04-26,8.06,11.61,5.5,84.33,0.85,2.27,63.44,-16.56556,-69.04167,3808
Desaguadero,2019-04-27,8.72,15.12,4.34,78.85,1.63,2.42,63.35,-16.56556,-69.04167,3808
Desaguadero,2019-04-28,8.77,14.49,4.9,76.81,0.46,1.9,63.36,-16.56556,-69.04167,3808
Desaguadero,2019-04-29,9.16,16.85,3.91,69.54,0.0,1.7,63.3,-16.56556,-69.04167,3808
Desaguadero,2019-04-30,7.9,13.17,5.06,75.59,0.7,1.76,63.28,-16.56556,-69.04167,3808
Desaguadero,2019-05-01,7.02,12.64,2.51,81.33,1.05,2.38,63.3,-16.56556,-69.04167,3808
Desaguadero,2019-05-02,8.82,17.46,2.05,62.17,0.02,2.6,63.21,-16.56556,-69.04167,3808
Desaguadero,2019-05-03,7.26,16.32,-0.4,55.73,0.0,2.12,63.24,-16.56556,-69.04167,3808
Desaguadero,2019-05-04,7.31,15.31,3.63,79.99,0.24,2.16,63.31,-16.56556,-69.04167,3808
Desaguadero,2019-05-05,7.34,14.2,1.83,77.12,0.34,2.38,63.41,-16.56556,-69.04167,3808
Desaguadero,2019-05-06,6.85,13.59,2.01,81.18,3.88,2.85,63.51,-16.56556,-69.04167,3808
Desaguadero,2019-05-07,7.34,13.48,1.89,77.3,4.27,2.14,63.47,-16.56556,-69.04167,3808
Desaguadero,2019-05-08,7.51,13.63,3.74,80.46,2.57,2.31,63.37,-16.56556,-69.04167,3808
Desaguadero,2019-05-09,7.91,14.32,2.59,71.41,0.27,1.58,63.29,-16.56556,-69.04167,3808
Desaguadero,2019-05-10,8.93,16.67,2.38,65.33,0.32,2.15,63.17,-16.56556,-69.04167,3808
Desaguadero,2019-05-11,9.78,16.1,4.41,71.72,1.22,2.55,63.13,-16.56556,-69.04167,3808
Desaguadero,2019-05-12,5.7,13.21,0.51,69.98,8.42,2.16,63.3,-16.56556,-69.04167,3808
Desaguadero,2019-05-13,5.75,12.31,0.14,67.7,0.66,1.17,63.49,-16.56556,-69.04167,3808
Desaguadero,2019-05-14,6.62,13.35,1.12,73.77,0.02,1.61,63.45,-16.56556,-69.04167,3808
Desaguadero,2019-05-15,6.66,15.29,-1.23,58.71,0.0,1.31,63.37,-16.56556,-69.04167,3808
Desaguadero,2019-05-16,5.72,14.88,-2.82,51.22,0.0,1.75,63.33,-16.56556,-69.04167,3808
Desaguadero,2019-05-17,5.82,15.79,-2.49,40.92,0.0,1.79,63.21,-16.56556,-69.04167,3808
Desaguadero,2019-05-18,6.03,16.42,-2.28,48.65,0.0,1.72,63.18,-16.56556,-69.04167,3808
Desaguadero,2019-05-19,7.05,14.88,1.76,75.83,0.0,2.59,63.23,-16.56556,-69.04167,3808
Desaguadero,2019-05-20,8.07,15.82,3.37,65.4,0.0,1.82,63.22,-16.56556,-69.04167,3808
Desaguadero,2019-05-21,7.2,13.88,1.38,70.92,0.0,2.32,63.27,-16.56556,-69.04167,3808
Desaguadero,2019-05-22,6.99,11.37,2.76,77.62,0.58,2.99,63.27,-16.56556,-69.04167,3808
Desaguadero,2019-05-23,5.98,14.76,-0.2,57.35,0.42,3.23,63.27,-16.56556,-69.04167,3808
Desaguadero,2019-05-24,4.68,13.41,-2.23,52.24,0.09,1.76,63.27,-16.56556,-69.04167,3808
Desaguadero,2019-05-25,5.81,14.47,-0.7,69.41,0.04,1.97,63.23,-16.56556,-69.04167,3808
Desaguadero,2019-05-26,6.15,14.98,-1.95,59.88,0.0,2.39,63.26,-16.56556,-69.04167,3808
Desaguadero,2019-05-27,6.37,13.96,-0.4,66.39,0.0,2.73,63.24,-16.56556,-69.04167,3808
Desaguadero,2019-05-28,6.39,14.27,-0.29,68.61,0.0,2.55,63.31,-16.56556,-69.04167,3808
Desaguadero,2019-05-29,7.88,13.39,3.37,76.42,0.0,2.53,63.38,-16.56556,-69.04167,3808
Desaguadero,2019-05-30,8.28,16.12,2.56,64.4,0.0,1.47,63.38,-16.56556,-69.04167,3808
Desaguadero,2019-05-31,7.28,15.81,0.75,55.78,0.0,1.64,63.33,-16.56556,-69.04167,3808
Desaguadero,2019-06-01,7.87,15.56,1.58,60.21,0.29,1.89,63.29,-16.56556,-69.04167,3808
Desaguadero,2019-06-02,7.14,14.96,1.32,58.12,0.02,1.74,63.35,-16.56556,-69.04167,3808
Desaguadero,2019-06-03,6.97,14.37,2.91,68.11,0.0,2.17,63.52,-16.56556,-69.04167,3808
Desaguadero,2019-06-04,6.38,14.61,1.27,68.26,0.0,1.73,63.57,-16.56556,-69.04167,3808
Desaguadero,2019-06-05,6.35,14.79,-0.05,49.82,0.03,1.66,63.47,-16.56556,-69.04167,3808
Desaguadero,2019-06-06,6.61,15.05,-0.45,37.15,0.0,1.59,63.34,-16.56556,-69.04167,3808
Desaguadero,2019-06-07,6.07,15.7,0.02,46.38,0.0,1.79,63.25,-16.56556,-69.04167,3808
Desaguadero,2019-06-08,5.37,14.42,-0.63,50.99,0.0,1.57,63.32,-16.56556,-69.04167,3808
Desaguadero,2019-06-09,5.49,13.83,-1.18,70.06,0.0,2.17,63.38,-16.56556,-69.04167,3808
Desaguadero,2019-06-10,6.23,15.12,-1.41,58.44,0.0,1.69,63.4,-16.56556,-69.04167,3808
Desaguadero,2019-06-11,7.24,14.91,1.44,72.65,0.0,1.7,63.4,-16.56556,-69.04167,3808
Desaguadero,2019-06-12,7.73,13.5,3.43,77.79,0.0,2.13,63.42,-16.56556,-69.04167,3808
Desaguadero,2019-06-13,8.1,13.9,4.53,74.55,0.0,1.56,63.46,-16.56556,-69.04167,3808
Desaguadero,2019-06-14,8.07,13.85,4.0,79.04,0.56,2.43,63.39,-16.56556,-69.04167,3808
Desaguadero,2019-06-15,6.46,12.36,2.54,76.77,0.39,2.95,63.28,-16.56556,-69.04167,3808
Desaguadero,2019-06-16,3.5,7.26,0.93,88.66,1.73,2.23,63.36,-16.56556,-69.04167,3808
Desaguadero,2019-06-17,5.66,12.81,0.41,78.27,0.5,1.76,63.44,-16.56556,-69.04167,3808
Desaguadero,2019-06-18,6.9,15.76,-0.62,64.04,0.04,1.37,63.42,-16.56556,-69.04167,3808
Desaguadero,2019-06-19,6.86,15.18,1.11,66.63,1.11,1.83,63.5,-16.56556,-69.04167,3808
Desaguadero,2019-06-20,6.33,13.58,1.93,79.36,0.43,2.19,63.59,-16.56556,-69.04167,3808
Desaguadero,2019-06-21,6.14,15.14,0.2,59.84,0.0,1.49,63.62,-16.56556,-69.04167,3808
Desaguadero,2019-06-22,5.14,14.68,-1.77,60.92,0.0,2.32,63.62,-16.56556,-69.04167,3808
Desaguadero,2019-06-23,4.54,14.52,-3.61,59.56,0.0,1.8,63.5,-16.56556,-69.04167,3808
Desaguadero,2019-06-24,5.24,14.12,-1.99,49.88,0.0,1.48,63.24,-16.56556,-69.04167,3808
Desaguadero,2019-06-25,3.39,14.19,-4.59,46.12,0.0,2.82,63.09,-16.56556,-69.04167,3808
Desaguadero,2019-06-26,4.56,12.79,-2.46,53.04,0.24,2.71,63.11,-16.56556,-69.04167,3808
Desaguadero,2019-06-27,5.93,12.96,1.01,66.43,1.07,1.82,63.11,-16.56556,-69.04167,3808
Desaguadero,2019-06-28,5.57,12.49,-0.03,66.44,0.09,2.55,63.22,-16.56556,-69.04167,3808
Desaguadero,2019-06-29,6.29,14.16,0.01,66.87,0.02,1.81,63.3,-16.56556,-69.04167,3808
Desaguadero,2019-06-30,6.63,13.75,1.23,70.17,0.0,1.92,63.35,-16.56556,-69.04167,3808
Desaguadero,2019-07-01,7.1,14.32,2.65,74.04,0.0,2.64,63.41,-16.56556,-69.04167,3808
Desaguadero,2019-07-02,8.19,16.77,1.34,61.76,0.02,1.87,63.24,-16.56556,-69.04167,3808
Desaguadero,2019-07-03,6.92,16.74,-0.51,53.78,0.31,2.07,63.08,-16.56556,-69.04167,3808
Desaguadero,2019-07-04,7.71,15.87,2.83,55.98,0.37,1.84,63.18,-16.56556,-69.04167,3808
Desaguadero,2019-07-05,5.57,13.31,0.63,74.37,0.76,2.28,63.42,-16.56556,-69.04167,3808
Desaguadero,2019-07-06,6.9,14.49,1.17,72.02,0.01,1.35,63.42,-16.56556,-69.04167,3808
Desaguadero,2019-07-07,6.5,15.77,-1.11,54.33,0.0,1.94,63.42,-16.56556,-69.04167,3808
Desaguadero,2019-07-08,6.08,15.26,-0.93,59.16,0.0,1.96,63.42,-16.56556,-69.04167,3808
Desaguadero,2019-07-09,5.9,15.22,-0.25,53.17,0.0,1.46,63.46,-16.56556,-69.04167,3808
Desaguadero,2019-07-10,5.86,15.23,-0.13,51.2,0.0,1.68,63.38,-16.56556,-69.04167,3808
Desaguadero,2019-07-11,6.25,14.78,0.55,56.98,0.0,1.66,63.25,-16.56556,-69.04167,3808
Desaguadero,2019-07-12,5.84,15.01,-2.16,54.72,0.0,1.65,63.24,-16.56556,-69.04167,3808
Desaguadero,2019-07-13,7.52,14.3,2.95,73.77,0.0,2.3,63.23,-16.56556,-69.04167,3808
Desaguadero,2019-07-14,7.36,14.04,2.97,68.03,0.0,1.21,63.22,-16.56556,-69.04167,3808
Desaguadero,2019-07-15,6.48,13.8,1.13,70.82,0.0,1.42,63.27,-16.56556,-69.04167,3808
Desaguadero,2019-07-16,4.68,11.1,1.81,81.76,0.2,2.49,63.31,-16.56556,-69.04167,3808
Desaguadero,2019-07-17,4.86,9.83,1.11,69.76,7.0,1.22,63.37,-16.56556,-69.04167,3808
Desaguadero,2019-07-18,2.66,6.77,-0.57,75.55,3.39,1.92,63.39,-16.56556,-69.04167,3808
Desaguadero,2019-07-19,4.37,10.74,-0.45,76.99,1.39,2.27,63.33,-16.56556,-69.04167,3808
Desaguadero,2019-07-20,4.61,10.69,0.02,68.47,1.97,2.04,63.28,-16.56556,-69.04167,3808
Desaguadero,2019-07-21,5.26,11.89,-0.1,67.22,0.0,2.48,63.22,-16.56556,-69.04167,3808
Desaguadero,2019-07-22,5.3,12.04,-1.0,67.3,0.02,2.56,63.19,-16.56556,-69.04167,3808
Desaguadero,2019-07-23,4.97,10.73,-0.55,81.05,0.75,5.09,63.08,-16.56556,-69.04167,3808
Desaguadero,2019-07-24,4.04,9.77,-2.33,80.59,2.19,6.26,63.04,-16.56556,-69.04167,3808
Desaguadero,2019-07-25,2.5,13.17,-4.52,40.87,0.0,3.05,63.23,-16.56556,-69.04167,3808
Desaguadero,2019-07-26,3.06,12.19,-2.68,41.31,0.0,1.76,63.36,-16.56556,-69.04167,3808
Desaguadero,2019-07-27,3.96,12.18,-2.57,74.47,0.0,2.44,63.4,-16.56556,-69.04167,3808
Desaguadero,2019-07-28,5.48,13.18,-0.49,64.76,0.0,2.1,63.34,-16.56556,-69.04167,3808
Desaguadero,2019-07-29,5.2,14.81,-3.16,38.06,0.0,1.92,63.35,-16.56556,-69.04167,3808
Desaguadero,2019-07-30,5.21,14.39,-0.93,64.67,0.0,2.03,63.45,-16.56556,-69.04167,3808
Desaguadero,2019-07-31,5.2,14.37,-1.52,63.38,0.0,1.48,63.4,-16.56556,-69.04167,3808
Desaguadero,2019-08-01,6.15,16.22,-1.74,45.43,0.0,1.74,63.26,-16.56556,-69.04167,3808
Desaguadero,2019-08-02,5.44,14.38,-1.1,46.02,0.0,2.03,63.31,-16.56556,-69.04167,3808
Desaguadero,2019-08-03,3.68,12.26,-3.67,37.94,0.0,2.87,63.4,-16.56556,-69.04167,3808
Desaguadero,2019-08-04,4.91,15.51,-2.24,38.12,0.0,1.77,63.43,-16.56556,-69.04167,3808
Desaguadero,2019-08-05,5.85,15.08,-0.33,40.09,0.0,1.74,63.46,-16.56556,-69.04167,3808
Desaguadero,2019-08-06,6.62,15.48,0.58,33.85,0.0,1.63,63.4,-16.56556,-69.04167,3808
Desaguadero,2019-08-07,6.24,15.79,-0.38,43.32,0.0,2.09,63.39,-16.56556,-69.04167,3808
Desaguadero,2019-08-08,5.13,13.35,-1.22,65.2,0.01,3.42,63.37,-16.56556,-69.04167,3808
Desaguadero,2019-08-09,6.61,14.85,0.87,68.92,0.02,2.66,63.34,-16.56556,-69.04167,3808
Desaguadero,2019-08-10,6.76,12.55,3.54,77.19,0.0,4.1,63.35,-16.56556,-69.04167,3808
Desaguadero,2019-08-11,6.93,13.75,1.84,70.7,0.0,3.76,63.35,-16.56556,-69.04167,3808
Desaguadero,2019-08-12,7.66,15.73,2.05,67.29,0.0,2.27,63.38,-16.56556,-69.04167,3808
Desaguadero,2019-08-13,6.69,12.78,1.97,80.69,0.0,3.54,63.46,-16.56556,-69.04167,3808
Desaguadero,2019-08-14,6.96,15.42,1.96,72.66,0.0,1.98,63.46,-16.56556,-69.04167,3808
Desaguadero,2019-08-15,7.38,16.13,2.28,66.08,0.0,2.07,63.43,-16.56556,-69.04167,3808
Desaguadero,2019-08-16,8.14,16.84,2.49,54.55,0.0,1.42,63.4,-16.56556,-69.04167,3808
Desaguadero,2019-08-17,8.18,17.18,1.88,50.95,0.0,1.44,63.3,-16.56556,-69.04167,3808
Desaguadero,2019-08-18,7.36,16.53,0.3,52.16,0.0,1.98,63.31,-16.56556,-69.04167,3808
Desaguadero,2019-08-19,7.53,14.78,2.89,71.25,0.0,2.26,63.36,-16.56556,-69.04167,3808
Desaguadero,2019-08-20,7.35,15.3,2.16,70.31,0.0,2.47,63.42,-16.56556,-69.04167,3808
Desaguadero,2019-08-21,6.69,14.69,0.68,70.11,0.0,2.68,63.5,-16.56556,-69.04167,3808
Desaguadero,2019-08-22,7.4,15.81,1.1,68.49,0.0,2.9,63.49,-16.56556,-69.04167,3808
Desaguadero,2019-08-23,6.41,13.77,1.85,71.77,0.72,3.04,63.53,-16.56556,-69.04167,3808
Desaguadero,2019-08-24,7.0,14.08,1.88,68.82,0.07,1.84,63.38,-16.56556,-69.04167,3808
Desaguadero,2019-08-25,6.48,13.76,0.57,55.59,0.0,1.37,63.35,-16.56556,-69.04167,3808
Desaguadero,2019-08-26,5.66,14.44,-1.5,42.71,0.0,1.33,63.39,-16.56556,-69.04167,3808
Desaguadero,2019-08-27,6.06,12.31,1.09,73.75,0.0,2.82,63.47,-16.56556,-69.04167,3808
Desaguadero,2019-08-28,6.57,15.06,0.73,63.14,0.0,1.46,63.46,-16.56556,-69.04167,3808
Desaguadero,2019-08-29,7.59,16.73,0.56,60.94,0.0,1.73,63.35,-16.56556,-69.04167,3808
Desaguadero,2019-08-30,8.42,16.94,2.17,59.46,0.0,1.51,63.28,-16.56556,-69.04167,3808
Desaguadero,2019-08-31,8.58,15.27,4.06,64.21,0.0,2.02,63.28,-16.56556,-69.04167,3808
Desaguadero,2019-09-01,7.25,14.68,0.14,66.63,0.0,2.9,63.27,-16.56556,-69.04167,3808
Desaguadero,2019-09-02,7.65,15.19,2.86,63.1,0.0,1.85,63.18,-16.56556,-69.04167,3808
Desaguadero,2019-09-03,4.49,9.14,1.48,75.33,0.11,1.99,63.27,-16.56556,-69.04167,3808
Desaguadero,2019-09-04,3.86,8.07,0.99,86.52,2.41,3.6,63.4,-16.56556,-69.04167,3808
Desaguadero,2019-09-05,5.59,12.28,0.16,76.07,3.95,4.23,63.44,-16.56556,-69.04167,3808
Desaguadero,2019-09-06,6.24,12.76,2.71,78.88,10.53,4.14,63.33,-16.56556,-69.04167,3808
Desaguadero,2019-09-07,6.06,11.52,1.98,82.55,7.4,4.75,63.27,-16.56556,-69.04167,3808
Desaguadero,2019-09-08,6.66,11.42,2.57,80.55,2.0,6.16,63.34,-16.56556,-69.04167,3808
Desaguadero,2019-09-09,6.91,14.53,-0.33,66.47,0.0,2.99,63.3,-16.56556,-69.04167,3808
Desaguadero,2019-09-10,8.06,15.82,3.15,71.19,0.63,2.85,63.22,-16.56556,-69.04167,3808
Desaguadero,2019-09-11,7.39,15.39,2.06,69.69,1.67,3.17,63.19,-16.56556,-69.04167,3808
Desaguadero,2019-09-12,4.43,9.67,0.83,84.68,6.0,3.38,63.25,-16.56556,-69.04167,3808
Desaguadero,2019-09-13,5.37,12.16,-0.22,79.49,3.21,2.68,63.36,-16.56556,-69.04167,3808
Desaguadero,2019-09-14,7.0,14.06,1.4,74.67,0.3,2.56,63.39,-16.56556,-69.04167,3808
Desaguadero,2019-09-15,8.51,15.87,3.31,70.3,0.08,2.1,63.36,-16.56556,-69.04167,3808
Desaguadero,2019-09-16,9.01,17.84,1.75,69.2,0.0,2.61,63.42,-16.56556,-69.04167,3808
Desaguadero,2019-09-17,7.43,15.95,0.64,65.17,0.0,2.56,63.42,-16.56556,-69.04167,3808
Desaguadero,2019-09-18,9.46,18.21,2.63,64.71,0.02,1.95,63.2,-16.56556,-69.04167,3808
Desaguadero,2019-09-19,9.43,17.65,3.56,58.66,0.0,1.12,63.14,-16.56556,-69.04167,3808
Desaguadero,2019-09-20,9.63,16.8,3.66,53.6,0.03,3.7,63.31,-16.56556,-69.04167,3808
Desaguadero,2019-09-21,9.91,16.69,5.15,71.96,0.16,4.48,63.42,-16.56556,-69.04167,3808
Desaguadero,2019-09-22,9.31,17.31,3.32,69.91,0.02,3.59,63.56,-16.56556,-69.04167,3808
Desaguadero,2019-09-23,8.29,17.79,1.5,63.07,0.0,2.91,63.6,-16.56556,-69.04167,3808
Desaguadero,2019-09-24,8.16,16.77,1.07,66.66,0.0,3.34,63.6,-16.56556,-69.04167,3808
Desaguadero,2019-09-25,8.92,16.36,3.58,68.72,0.25,3.38,63.52,-16.56556,-69.04167,3808
Desaguadero,2019-09-26,8.67,15.98,3.55,71.01,0.08,2.59,63.41,-16.56556,-69.04167,3808
Desaguadero,2019-09-27,9.27,18.48,3.0,64.86,0.0,2.22,63.38,-16.56556,-69.04167,3808
Desaguadero,2019-09-28,9.49,19.47,2.14,63.04,0.0,3.09,63.34,-16.56556,-69.04167,3808
Desaguadero,2019-09-29,8.22,18.22,1.59,64.41,0.0,3.04,63.33,-16.56556,-69.04167,3808
Desaguadero,2019-09-30,9.3,17.32,2.89,62.71,0.0,3.1,63.16,-16.56556,-69.04167,3808
Desaguadero,2019-10-01,7.99,13.67,3.78,72.88,3.8,4.9,63.01,-16.56556,-69.04167,3808
Desaguadero,2019-10-02,7.5,14.41,2.67,74.43,6.64,2.96,63.08,-16.56556,-69.04167,3808
Desaguadero,2019-10-03,5.61,11.22,1.56,78.52,3.43,2.18,63.25,-16.56556,-69.04167,3808
Desaguadero,2019-10-04,4.98,9.81,0.34,77.91,0.79,2.94,63.28,-16.56556,-69.04167,3808
Desaguadero,2019-10-05,6.75,13.49,2.64,77.93,3.74,3.94,63.08,-16.56556,-69.04167,3808
Desaguadero,2019-10-06,5.29,12.49,0.17,58.01,1.56,2.92,63.13,-16.56556,-69.04167,3808
Desaguadero,2019-10-07,4.2,11.74,-2.02,39.12,0.0,1.88,63.17,-16.56556,-69.04167,3808
Desaguadero,2019-10-08,6.46,15.91,-1.12,50.61,0.0,2.41,63.3,-16.56556,-69.04167,3808
Desaguadero,2019-10-09,7.5,16.86,0.27,63.52,0.0,2.98,63.34,-16.56556,-69.04167,3808
Desaguadero,2019-10-10,8.18,18.01,0.8,60.13,0.0,3.18,63.26,-16.56556,-69.04167,3808
Desaguadero,2019-10-11,8.23,17.57,1.36,59.88,0.0,2.92,63.21,-16.56556,-69.04167,3808
Desaguadero,2019-10-12,8.63,16.66,2.02,63.95,0.0,3.23,63.16,-16.56556,-69.04167,3808
Desaguadero,2019-10-13,7.59,12.32,3.11,75.37,0.1,2.76,63.16,-16.56556,-69.04167,3808
Desaguadero,2019-10-14,9.88,18.55,2.34,57.66,0.02,2.19,63.19,-16.56556,-69.04167,3808
Desaguadero,2019-10-15,6.97,11.31,3.52,78.07,0.33,3.07,63.33,-16.56556,-69.04167,3808
Desaguadero,2019-10-16,8.47,15.04,3.51,73.68,0.09,3.57,63.31,-16.56556,-69.04167,3808
Desaguadero,2019-10-17,8.09,15.18,2.19,71.87,3.47,3.61,63.29,-16.56556,-69.04167,3808
Desaguadero,2019-10-18,8.2,14.59,2.85,74.24,2.26,4.72,63.25,-16.56556,-69.04167,3808
Desaguadero,2019-10-19,6.3,10.53,2.15,81.78,4.74,3.8,63.3,-16.56556,-69.04167,3808
Desaguadero,2019-10-20,9.55,18.11,1.77,59.21,0.4,1.4,63.23,-16.56556,-69.04167,3808
Desaguadero,2019-10-21,9.91,18.4,0.7,48.2,0.77,2.32,63.2,-16.56556,-69.04167,3808
Desaguadero,2019-10-22,9.81,15.64,3.48,67.63,0.08,2.37,63.18,-16.56556,-69.04167,3808
Desaguadero,2019-10-23,8.03,17.7,-1.33,52.65,0.13,3.15,63.2,-16.56556,-69.04167,3808
Desaguadero,2019-10-24,9.32,17.68,2.24,61.17,0.04,3.11,63.3,-16.56556,-69.04167,3808
Desaguadero,2019-10-25,9.2,16.21,4.38,72.91,2.11,3.42,63.36,-16.56556,-69.04167,3808
Desaguadero,2019-10-26,9.64,16.32,4.25,68.87,0.27,2.79,63.34,-16.56556,-69.04167,3808
Desaguadero,2019-10-27,10.93,17.71,6.11,66.86,0.0,2.46,63.27,-16.56556,-69.04167,3808
Desaguadero,2019-10-28,10.75,17.43,6.4,64.58,0.0,2.38,63.29,-16.56556,-69.04167,3808
Desaguadero,2019-10-29,10.45,18.8,3.17,60.95,0.0,3.14,63.23,-16.56556,-69.04167,3808
Desaguadero,2019-10-30,9.97,18.99,3.04,58.52,0.0,3.13,63.27,-16.56556,-69.04167,3808
Desaguadero,2019-10-31,8.45,16.59,3.7,74.09,0.49,3.92,63.35,-16.56556,-69.04167,3808
Desaguadero,2019-11-01,8.5,17.12,1.44,66.65,0.25,3.35,63.35,-16.56556,-69.04167,3808
Desaguadero,2019-11-02,9.73,18.6,2.55,61.64,0.0,3.12,63.22,-16.56556,-69.04167,3808
Desaguadero,2019-11-03,10.29,16.86,4.83,66.38,6.79,2.42,63.09,-16.56556,-69.04167,3808
Desaguadero,2019-11-04,9.14,16.77,1.8,66.32,4.59,2.18,63.06,-16.56556,-69.04167,3808
Desaguadero,2019-11-05,9.02,14.12,4.03,74.24,2.16,2.33,63.15,-16.56556,-69.04167,3808
Desaguadero,2019-11-06,8.89,14.66,4.15,74.04,18.62,3.23,63.26,-16.56556,-69.04167,3808
Desaguadero,2019-11-07,9.84,16.03,4.71,71.66,4.98,3.49,63.2,-16.56556,-69.04167,3808
Desaguadero,2019-11-08,9.65,16.65,4.06,69.49,0.94,3.0,63.15,-16.56556,-69.04167,3808
Desaguadero,2019-11-09,9.78,16.81,4.47,64.26,1.26,2.24,63.19,-16.56556,-69.04167,3808
Desaguadero,2019-11-10,8.12,14.46,4.27,76.8,8.37,2.32,63.23,-16.56556,-69.04167,3808
Desaguadero,2019-11-11,6.8,11.79,3.48,81.04,12.26,2.74,63.23,-16.56556,-69.04167,3808
Desaguadero,2019-11-12,9.84,16.37,4.35,68.98,2.6,1.53,63.13,-16.56556,-69.04167,3808
Desaguadero,2019-11-13,7.95,11.64,3.16,67.64,2.88,1.8,63.17,-16.56556,-69.04167,3808
Desaguadero,2019-11-14,9.51,16.95,2.61,66.34,2.65,2.61,63.15,-16.56556,-69.04167,3808
Desaguadero,2019-11-15,8.03,13.03,4.33,76.96,3.21,3.4,63.22,-16.56556,-69.04167,3808
Desaguadero,2019-11-16,8.93,16.76,3.03,65.59,0.0,3.36,63.13,-16.56556,-69.04167,3808
Desaguadero,2019-11-17,9.35,18.0,1.89,59.48,0.0,2.94,63.13,-16.56556,-69.04167,3808
Desaguadero,2019-11-18,10.01,18.12,3.98,63.45,0.0,3.88,63.22,-16.56556,-69.04167,3808
Desaguadero,2019-11-19,9.3,17.25,3.02,62.88,0.38,4.2,63.32,-16.56556,-69.04167,3808
Desaguadero,2019-11-20,9.39,18.08,1.99,65.23,0.22,3.13,63.33,-16.56556,-69.04167,3808
Desaguadero,2019-11-21,11.0,17.83,5.03,67.18,3.06,1.37,63.25,-16.56556,-69.04167,3808
Desaguadero,2019-11-22,9.14,16.12,5.22,74.39,2.47,2.39,63.22,-16.56556,-69.04167,3808
Desaguadero,2019-11-23,9.71,16.62,4.57,70.42,0.38,4.22,63.23,-16.56556,-69.04167,3808
Desaguadero,2019-11-24,8.96,15.5,3.4,71.83,4.72,3.6,63.18,-16.56556,-69.04167,3808
Desaguadero,2019-11-25,10.21,15.5,5.15,67.42,5.08,1.94,63.05,-16.56556,-69.04167,3808
Desaguadero,2019-11-26,11.05,19.46,3.85,60.42,0.11,1.97,63.06,-16.56556,-69.04167,3808
Desaguadero,2019-11-27,11.64,18.51,5.35,56.88,2.15,1.9,63.2,-16.56556,-69.04167,3808
Desaguadero,2019-11-28,9.9,14.17,6.24,66.72,0.69,1.44,63.26,-16.56556,-69.04167,3808
Desaguadero,2019-11-29,11.33,20.18,2.98,49.43,0.01,1.93,63.15,-16.56556,-69.04167,3808
Desaguadero,2019-11-30,9.87,16.44,4.89,62.55,0.0,1.95,63.17,-16.56556,-69.04167,3808
Desaguadero,2019-12-01,10.78,19.0,4.24,65.92,1.84,2.95,63.31,-16.56556,-69.04167,3808
Desaguadero,2019-12-02,9.89,14.68,6.47,75.9,3.98,3.7,63.28,-16.56556,-69.04167,3808
Desaguadero,2019-12-03,10.89,17.69,4.88,65.65,1.15,1.83,63.1,-16.56556,-69.04167,3808
Desaguadero,2019-12-04,9.99,16.01,4.87,62.84,1.42,2.23,63.09,-16.56556,-69.04167,3808
Desaguadero,2019-12-05,8.22,13.68,2.91,78.16,5.66,2.78,63.21,-16.56556,-69.04167,3808
Desaguadero,2019-12-06,7.84,14.45,3.05,79.29,3.31,2.75,63.23,-16.56556,-69.04167,3808
Desaguadero,2019-12-07,9.5,16.38,3.69,72.07,1.93,3.0,63.13,-16.56556,-69.04167,3808
Desaguadero,2019-12-08,7.94,14.16,1.99,72.06,8.89,2.14,63.08,-16.56556,-69.04167,3808
Desaguadero,2019-12-09,7.51,10.31,5.3,83.85,16.31,2.63,63.13,-16.56556,-69.04167,3808
Desaguadero,2019-12-10,10.12,16.3,5.14,76.05,1.44,2.09,63.14,-16.56556,-69.04167,3808
Desaguadero,2019-12-11,10.56,16.49,5.11,70.07,1.46,2.2,63.13,-16.56556,-69.04167,3808
Desaguadero,2019-12-12,11.01,19.38,3.14,59.57,2.26,3.49,63.1,-16.56556,-69.04167,3808
Desaguadero,2019-12-13,9.4,17.53,4.31,64.12,2.41,4.7,63.21,-16.56556,-69.04167,3808
Desaguadero,2019-12-14,10.22,17.48,4.13,70.07,7.56,2.83,63.2,-16.56556,-69.04167,3808
Desaguadero,2019-12-15,10.65,17.16,5.43,69.03,1.49,1.16,63.18,-16.56556,-69.04167,3808
Desaguadero,2019-12-16,10.47,17.16,5.44,69.3,0.2,2.47,63.1,-16.56556,-69.04167,3808
Desaguadero,2019-12-17,8.87,15.82,3.96,71.13,1.86,2.46,63.05,-16.56556,-69.04167,3808
Desaguadero,2019-12-18,8.45,13.11,5.78,79.97,1.0,3.41,63.13,-16.56556,-69.04167,3808
Desaguadero,2019-12-19,10.56,17.21,4.78,67.6,3.48,2.62,63.18,-16.56556,-69.04167,3808
Desaguadero,2019-12-20,10.03,17.72,3.01,70.01,6.79,1.87,63.16,-16.56556,-69.04167,3808
Desaguadero,2019-12-21,10.66,17.5,4.31,69.69,1.61,2.25,63.15,-16.56556,-69.04167,3808
Desaguadero,2019-12-22,9.83,15.14,4.25,74.01,1.42,3.54,63.27,-16.56556,-69.04167,3808
Desaguadero,2019-12-23,10.2,15.6,6.01,75.0,0.68,3.41,63.3,-16.56556,-69.04167,3808
Desaguadero,2019-12-24,10.23,15.83,5.62,71.44,0.04,2.97,63.22,-16.56556,-69.04167,3808
Desaguadero,2019-12-25,11.13,19.42,5.28,65.89,0.0,3.04,63.19,-16.56556,-69.04167,3808
Desaguadero,2019-12-26,6.8,12.14,3.35,87.52,1.52,2.69,63.28,-16.56556,-69.04167,3808
Desaguadero,2019-12-27,8.99,15.33,3.47,75.82,2.47,2.12,63.31,-16.56556,-69.04167,3808
Desaguadero,2019-12-28,9.89,15.44,5.93,73.8,0.3,1.78,63.23,-16.56556,-69.04167,3808
Desaguadero,2019-12-29,9.57,17.0,3.76,73.88,4.44,1.89,63.17,-16.56556,-69.04167,3808
Desaguadero,2019-12-30,8.45,14.75,2.57,70.96,1.25,2.33,63.17,-16.56556,-69.04167,3808
Desaguadero,2019-12-31,8.13,13.19,3.54,69.36,4.12,2.05,63.15,-16.56556,-69.04167,3808
Desaguadero,2020-01-01,7.74,14.44,2.71,77.26,9.77,2.76,63.17,-16.56556,-69.04167,3808
Desaguadero,2020-01-02,7.67,11.74,4.48,81.04,2.31,3.6,63.23,-16.56556,-69.04167,3808
Desaguadero,2020-01-03,9.89,17.48,3.58,72.62,8.27,3.14,63.33,-16.56556,-69.04167,3808
Desaguadero,2020-01-04,9.33,16.81,3.36,75.99,7.36,1.62,63.24,-16.56556,-69.04167,3808
Desaguadero,2020-01-05,9.18,17.43,2.25,67.0,3.16,1.78,63.09,-16.56556,-69.04167,3808
Desaguadero,2020-01-06,9.86,18.94,0.32,53.17,0.23,1.85,63.01,-16.56556,-69.04167,3808
Desaguadero,2020-01-07,9.25,16.53,3.91,67.12,0.0,1.8,63.1,-16.56556,-69.04167,3808
Desaguadero,2020-01-08,11.21,19.41,3.77,47.5,0.0,1.17,63.14,-16.56556,-69.04167,3808
Desaguadero,2020-01-09,10.53,16.8,5.45,63.67,0.0,1.37,63.17,-16.56556,-69.04167,3808
Desaguadero,2020-01-10,10.51,17.5,5.24,66.48,0.36,2.27,63.23,-16.56556,-69.04167,3808
Desaguadero,2020-01-11,7.96,13.47,3.34,75.23,7.33,1.41,63.26,-16.56556,-69.04167,3808
Desaguadero,2020-01-12,8.86,16.7,3.24,69.54,5.23,2.82,63.33,-16.56556,-69.04167,3808
Desaguadero,2020-01-13,9.03,15.01,3.89,72.54,3.14,2.95,63.27,-16.56556,-69.04167,3808
Desaguadero,2020-01-14,9.57,16.32,5.17,74.95,6.95,3.09,63.16,-16.56556,-69.04167,3808
Desaguadero,2020-01-15,9.4,15.0,5.03,77.51,3.43,3.21,63.21,-16.56556,-69.04167,3808
Desaguadero,2020-01-16,9.59,15.61,4.4,72.96,0.43,4.27,63.38,-16.56556,-69.04167,3808
Desaguadero,2020-01-17,8.26,13.06,3.84,74.85,0.97,5.21,63.49,-16.56556,-69.04167,3808
Desaguadero,2020-01-18,9.34,16.64,2.87,70.1,0.01,3.7,63.43,-16.56556,-69.04167,3808
Desaguadero,2020-01-19,9.86,16.06,5.34,73.2,0.15,3.35,63.38,-16.56556,-69.04167,3808
Desaguadero,2020-01-20,10.48,16.51,5.53,72.75,1.37,2.23,63.31,-16.56556,-69.04167,3808
Desaguadero,2020-01-21,8.79,11.96,5.69,78.52,3.75,1.61,63.21,-16.56556,-69.04167,3808
Desaguadero,2020-01-22,8.75,13.89,4.54,77.96,1.85,2.64,63.22,-16.56556,-69.04167,3808
Desaguadero,2020-01-23,10.07,16.28,4.52,72.6,0.48,2.73,63.23,-16.56556,-69.04167,3808
Desaguadero,2020-01-24,11.3,18.31,5.85,73.03,0.43,2.38,63.23,-16.56556,-69.04167,3808
Desaguadero,2020-01-25,12.15,19.47,6.53,70.32,0.34,2.95,63.31,-16.56556,-69.04167,3808
Desaguadero,2020-01-26,10.67,17.87,6.34,70.15,0.1,2.2,63.37,-16.56556,-69.04167,3808
Desaguadero,2020-01-27,8.05,14.36,3.11,81.14,24.11,2.8,63.35,-16.56556,-69.04167,3808
Desaguadero,2020-01-28,9.81,17.51,2.52,68.05,0.58,1.24,63.19,-16.56556,-69.04167,3808
Desaguadero,2020-01-29,9.66,16.69,4.42,71.45,0.16,2.53,63.13,-16.56556,-69.04167,3808
Desaguadero,2020-01-30,9.53,14.85,5.32,74.01,0.0,3.27,63.21,-16.56556,-69.04167,3808
Desaguadero,2020-01-31,8.71,14.05,3.94,77.39,0.41,3.12,63.32,-16.56556,-69.04167,3808
Desaguadero,2020-02-01,9.2,15.43,5.46,78.67,0.14,2.81,63.32,-16.56556,-69.04167,3808
Desaguadero,2020-02-02,9.57,16.5,4.63,76.5,1.67,1.93,63.34,-16.56556,-69.04167,3808
Desaguadero,2020-02-03,10.05,16.01,5.76,76.21,9.24,2.55,63.32,-16.56556,-69.04167,3808
Desaguadero,2020-02-04,10.0,15.74,5.75,76.79,14.66,2.04,63.25,-16.56556,-69.04167,3808
Desaguadero,2020-02-05,9.69,16.59,3.99,76.62,1.92,2.3,63.15,-16.56556,-69.04167,3808
Desaguadero,2020-02-06,9.69,15.2,4.62,79.29,14.5,2.24,63.16,-16.56556,-69.04167,3808
Desaguadero,2020-02-07,8.96,16.43,4.0,78.82,9.84,1.94,63.22,-16.56556,-69.04167,3808
Desaguadero,2020-02-08,7.32,12.7,3.86,86.0,9.99,1.46,63.23,-16.56556,-69.04167,3808
Desaguadero,2020-02-09,8.22,15.73,2.8,78.78,26.45,2.64,63.28,-16.56556,-69.04167,3808
Desaguadero,2020-02-10,9.21,15.86,4.4,77.93,9.51,3.68,63.33,-16.56556,-69.04167,3808
Desaguadero,2020-02-11,9.37,16.15,3.95,79.47,5.18,3.68,63.31,-16.56556,-69.04167,3808
Desaguadero,2020-02-12,8.92,14.96,4.57,78.76,2.39,3.47,63.24,-16.56556,-69.04167,3808
Desaguadero,2020-02-13,9.24,15.47,4.26,78.74,6.3,3.39,63.19,-16.56556,-69.04167,3808
Desaguadero,2020-02-14,9.05,14.83,4.4,81.06,4.36,2.88,63.28,-16.56556,-69.04167,3808
Desaguadero,2020-02-15,9.8,16.19,4.05,79.31,3.42,3.3,63.28,-16.56556,-69.04167,3808
Desaguadero,2020-02-16,9.82,16.18,5.03,76.89,5.31,3.4,63.25,-16.56556,-69.04167,3808
Desaguadero,2020-02-17,9.72,15.07,5.82,79.26,4.76,3.15,63.2,-16.56556,-69.04167,3808
Desaguadero,2020-02-18,10.07,16.95,5.06,74.66,0.25,3.0,63.28,-16.56556,-69.04167,3808
Desaguadero,2020-02-19,10.35,15.74,5.99,78.34,1.38,2.76,63.28,-16.56556,-69.04167,3808
Desaguadero,2020-02-20,8.91,12.77,6.2,80.74,7.6,2.88,63.25,-16.56556,-69.04167,3808
Desaguadero,2020-02-21,8.39,13.24,4.98,82.27,8.36,3.32,63.31,-16.56556,-69.04167,3808
Desaguadero,2020-02-22,8.68,15.23,4.34,78.23,1.09,3.07,63.35,-16.56556,-69.04167,3808
Desaguadero,2020-02-23,10.13,17.91,3.7,73.46,7.06,1.84,63.25,-16.56556,-69.04167,3808
Desaguadero,2020-02-24,9.7,16.14,4.05,75.62,26.48,1.46,63.19,-16.56556,-69.04167,3808
Desaguadero,2020-02-25,10.13,17.89,3.63,76.63,7.06,1.94,63.18,-16.56556,-69.04167,3808
Desaguadero,2020-02-26,9.5,12.06,7.08,83.86,5.15,2.82,63.27,-16.56556,-69.04167,3808
Desaguadero,2020-02-27,9.02,15.34,2.47,79.28,1.32,2.84,63.29,-16.56556,-69.04167,3808
Desaguadero,2020-02-28,9.27,16.21,2.31,75.53,0.18,2.41,63.37,-16.56556,-69.04167,3808
Desaguadero,2020-02-29,9.36,15.75,4.64,76.51,0.05,3.57,63.42,-16.56556,-69.04167,3808
Desaguadero,2020-03-01,8.89,16.92,1.85,73.9,0.6,3.11,63.41,-16.56556,-69.04167,3808
Desaguadero,2020-03-02,9.46,16.16,4.19,74.71,15.45,2.51,63.32,-16.56556,-69.04167,3808
Desaguadero,2020-03-03,9.24,16.92,3.2,72.13,2.97,1.87,63.28,-16.56556,-69.04167,3808
Desaguadero,2020-03-04,9.58,15.91,4.6,75.7,0.03,2.47,63.37,-16.56556,-69.04167,3808
Desaguadero,2020-03-05,10.22,16.78,5.28,72.59,0.0,2.28,63.43,-16.56556,-69.04167,3808
Desaguadero,2020-03-06,9.57,16.55,4.43,72.48,0.02,2.45,63.38,-16.56556,-69.04167,3808
Desaguadero,2020-03-07,9.53,16.91,2.97,71.38,0.0,2.0,63.29,-16.56556,-69.04167,3808
Desaguadero,2020-03-08,10.37,16.41,6.26,70.78,0.0,1.95,63.33,-16.56556,-69.04167,3808
Desaguadero,2020-03-09,8.13,13.41,4.35,76.55,0.09,2.94,63.45,-16.56556,-69.04167,3808
Desaguadero,2020-03-10,8.49,15.18,3.55,75.7,3.17,2.92,63.41,-16.56556,-69.04167,3808
Desaguadero,2020-03-11,9.4,15.78,3.83,72.83,0.79,2.01,63.23,-16.56556,-69.04167,3808
Desaguadero,2020-03-12,8.89,15.49,3.77,76.21,5.67,2.42,63.24,-16.56556,-69.04167,3808
Desaguadero,2020-03-13,8.08,14.12,3.36,80.28,3.5,2.43,63.39,-16.56556,-69.04167,3808
Desaguadero,2020-03-14,9.34,16.24,3.92,73.73,0.37,2.67,63.42,-16.56556,-69.04167,3808
Desaguadero,2020-03-15,9.28,16.57,4.16,74.14,1.22,2.32,63.36,-16.56556,-69.04167,3808
Desaguadero,2020-03-16,7.84,14.88,2.15,77.42,9.05,3.43,63.3,-16.56556,-69.04167,3808
Desaguadero,2020-03-17,8.3,15.08,3.34,77.62,2.18,3.27,63.26,-16.56556,-69.04167,3808
Desaguadero,2020-03-18,8.59,15.27,3.91,78.74,2.92,2.76,63.3,-16.56556,-69.04167,3808
Desaguadero,2020-03-19,9.44,15.73,4.19,77.02,2.53,2.0,63.28,-16.56556,-69.04167,3808
Desaguadero,2020-03-20,9.05,15.03,5.99,78.12,5.05,2.47,63.17,-16.56556,-69.04167,3808
Desaguadero,2020-03-21,7.82,11.61,5.17,83.54,1.76,2.17,63.14,-16.56556,-69.04167,3808
Desaguadero,2020-03-22,9.09,16.83,3.4,75.25,0.0,2.76,63.24,-16.56556,-69.04167,3808
Desaguadero,2020-03-23,9.58,16.67,3.68,74.83,0.0,2.81,63.43,-16.56556,-69.04167,3808
Desaguadero,2020-03-24,9.26,16.39,5.27,79.55,0.23,2.01,63.35,-16.56556,-69.04167,3808
Desaguadero,2020-03-25,10.81,18.9,4.83,69.21,0.02,1.87,63.22,-16.56556,-69.04167,3808
Desaguadero,2020-03-26,10.57,17.54,6.09,70.91,1.31,2.61,63.15,-16.56556,-69.04167,3808
Desaguadero,2020-03-27,8.77,12.96,4.72,81.75,3.35,3.07,63.06,-16.56556,-69.04167,3808
Desaguadero,2020-03-28,9.56,16.64,4.0,74.89,0.16,2.52,63.14,-16.56556,-69.04167,3808
Desaguadero,2020-03-29,9.51,15.26,5.6,80.2,0.0,3.37,63.3,-16.56556,-69.04167,3808
Desaguadero,2020-03-30,9.62,16.57,4.52,78.99,0.59,3.31,63.37,-16.56556,-69.04167,3808
Desaguadero,2020-03-31,8.84,14.86,4.91,82.27,4.54,3.22,63.34,-16.56556,-69.04167,3808
Desaguadero,2020-04-01,9.09,16.09,3.97,74.63,0.05,2.6,63.41,-16.56556,-69.04167,3808
Desaguadero,2020-04-02,9.19,16.6,4.33,72.54,0.27,2.96,63.5,-16.56556,-69.04167,3808
Desaguadero,2020-04-03,8.83,15.82,3.17,75.04,0.81,2.28,63.38,-16.56556,-69.04167,3808
Desaguadero,2020-04-04,9.0,15.19,2.83,75.63,2.13,1.88,63.22,-16.56556,-69.04167,3808
Desaguadero,2020-04-05,8.54,16.27,2.18,69.78,1.44,2.04,63.31,-16.56556,-69.04167,3808
Desaguadero,2020-04-06,9.43,17.06,3.06,69.72,0.78,2.26,63.42,-16.56556,-69.04167,3808
Desaguadero,2020-04-07,6.69,12.0,2.73,85.61,4.69,2.89,63.47,-16.56556,-69.04167,3808
Desaguadero,2020-04-08,9.54,17.54,3.79,65.13,0.03,0.82,63.39,-16.56556,-69.04167,3808
Desaguadero,2020-04-09,8.63,17.31,0.28,59.97,0.0,1.63,63.34,-16.56556,-69.04167,3808
Desaguadero,2020-04-10,8.37,17.42,0.52,57.44,0.0,1.36,63.29,-16.56556,-69.04167,3808
Desaguadero,2020-04-11,7.86,17.23,0.78,52.62,0.0,1.64,63.3,-16.56556,-69.04167,3808
Desaguadero,2020-04-12,7.34,16.95,-1.51,48.18,0.0,1.78,63.32,-16.56556,-69.04167,3808
Desaguadero,2020-04-13,7.69,17.73,-0.57,48.64,0.0,1.89,63.27,-16.56556,-69.04167,3808
Desaguadero,2020-04-14,7.39,16.84,-1.19,42.25,0.71,1.51,63.18,-16.56556,-69.04167,3808
Desaguadero,2020-04-15,7.58,16.36,0.94,64.85,0.07,1.12,63.19,-16.56556,-69.04167,3808
Desaguadero,2020-04-16,7.19,14.3,1.17,70.8,3.45,1.61,63.34,-16.56556,-69.04167,3808
Desaguadero,2020-04-17,6.63,13.17,1.93,75.25,1.6,2.52,63.45,-16.56556,-69.04167,3808
Desaguadero,2020-04-18,6.86,13.92,1.62,74.85,0.68,1.7,63.45,-16.56556,-69.04167,3808
Desaguadero,2020-04-19,7.62,14.92,1.63,69.23,0.12,1.72,63.45,-16.56556,-69.04167,3808
Desaguadero,2020-04-20,8.17,15.3,2.79,67.07,0.46,1.72,63.46,-16.56556,-69.04167,3808
Desaguadero,2020-04-21,7.95,14.06,3.29,67.25,1.66,1.62,63.45,-16.56556,-69.04167,3808
Desaguadero,2020-04-22,7.58,15.55,1.06,66.21,1.21,1.47,63.4,-16.56556,-69.04167,3808
Desaguadero,2020-04-23,8.57,15.91,3.65,71.51,0.02,1.55,63.32,-16.56556,-69.04167,3808
Desaguadero,2020-04-24,9.05,16.66,3.41,71.46,0.0,1.66,63.25,-16.56556,-69.04167,3808
Desaguadero,2020-04-25,9.54,17.43,2.16,65.99,0.0,1.36,63.32,-16.56556,-69.04167,3808
Desaguadero,2020-04-26,8.64,14.55,4.39,76.99,0.14,2.1,63.46,-16.56556,-69.04167,3808
Desaguadero,2020-04-27,8.32,15.19,3.43,75.51,0.01,2.35,63.51,-16.56556,-69.04167,3808
Desaguadero,2020-04-28,9.74,16.56,5.38,71.89,0.0,1.31,63.43,-16.56556,-69.04167,3808
Desaguadero,2020-04-29,9.04,15.25,5.01,79.19,0.0,2.73,63.45,-16.56556,-69.04167,3808
Desaguadero,2020-04-30,9.24,16.23,4.3,75.28,0.0,2.15,63.51,-16.56556,-69.04167,3808
Desaguadero,2020-05-01,8.83,15.95,3.95,72.67,0.0,2.31,63.56,-16.56556,-69.04167,3808
Desaguadero,2020-05-02,7.75,12.1,4.47,81.48,0.55,1.72,63.52,-16.56556,-69.04167,3808
Desaguadero,2020-05-03,8.3,14.18,3.96,74.54,1.84,1.49,63.4,-16.56556,-69.04167,3808
Desaguadero,2020-05-04,8.4,14.79,3.41,68.84,0.02,1.38,63.26,-16.56556,-69.04167,3808
Desaguadero,2020-05-05,8.53,17.09,1.46,60.61,0.0,1.98,63.25,-16.56556,-69.04167,3808
Desaguadero,2020-05-06,7.46,13.49,2.81,66.54,0.26,1.81,63.39,-16.56556,-69.04167,3808
Desaguadero,2020-05-07,8.15,15.08,3.77,72.16,0.0,1.49,63.4,-16.56556,-69.04167,3808
Desaguadero,2020-05-08,8.39,16.88,2.62,69.6,0.0,1.76,63.47,-16.56556,-69.04167,3808
Desaguadero,2020-05-09,8.27,17.56,1.8,60.32,0.0,1.49,63.42,-16.56556,-69.04167,3808
Desaguadero,2020-05-10,8.75,17.7,1.45,60.19,0.0,1.52,63.32,-16.56556,-69.04167,3808
Desaguadero,2020-05-11,7.59,16.61,-0.35,53.07,0.02,1.68,63.32,-16.56556,-69.04167,3808
Desaguadero,2020-05-12,6.06,16.24,-1.49,44.25,0.18,2.72,63.35,-16.56556,-69.04167,3808
Desaguadero,2020-05-13,5.76,15.14,-2.17,46.76,0.04,1.8,63.36,-16.56556,-69.04167,3808
Desaguadero,2020-05-14,6.26,15.38,0.08,56.86,0.08,2.38,63.31,-16.56556,-69.04167,3808
Desaguadero,2020-05-15,4.71,14.63,-2.93,47.68,0.0,1.88,63.35,-16.56556,-69.04167,3808
Desaguadero,2020-05-16,5.13,13.92,-1.65,70.72,0.0,2.16,63.42,-16.56556,-69.04167,3808
Desaguadero,2020-05-17,6.94,14.11,1.42,65.07,0.0,1.31,63.41,-16.56556,-69.04167,3808
Desaguadero,2020-05-18,6.47,14.92,-0.09,54.97,0.0,1.9,63.43,-16.56556,-69.04167,3808
Desaguadero,2020-05-19,5.48,14.45,-1.32,51.73,0.0,2.32,63.38,-16.56556,-69.04167,3808
Desaguadero,2020-05-20,6.04,14.31,-1.07,50.61,0.0,2.25,63.37,-16.56556,-69.04167,3808
Desaguadero,2020-05-21,7.19,15.0,0.4,61.51,0.08,2.28,63.36,-16.56556,-69.04167,3808
Desaguadero,2020-05-22,6.53,15.98,-1.63,50.99,0.3,1.77,63.42,-16.56556,-69.04167,3808
Desaguadero,2020-05-23,6.2,15.9,-1.59,54.16,0.89,2.74,63.46,-16.56556,-69.04167,3808
Desaguadero,2020-05-24,4.29,14.65,-4.32,43.34,0.0,2.37,63.52,-16.56556,-69.04167,3808
Desaguadero,2020-05-25,5.11,15.37,-1.7,50.52,0.0,2.7,63.58,-16.56556,-69.04167,3808
Desaguadero,2020-05-26,5.32,14.69,-1.07,44.15,0.0,1.57,63.57,-16.56556,-69.04167,3808
Desaguadero,2020-05-27,5.4,14.94,-1.83,57.48,0.0,1.69,63.38,-16.56556,-69.04167,3808
Desaguadero,2020-05-28,5.93,15.42,-0.77,60.23,0.0,1.37,63.27,-16.56556,-69.04167,3808
Desaguadero,2020-05-29,5.01,14.23,-1.97,57.86,0.0,2.06,63.31,-16.56556,-69.04167,3808
Desaguadero,2020-05-30,6.34,14.88,0.56,68.57,0.0,2.29,63.27,-16.56556,-69.04167,3808
Desaguadero,2020-05-31,6.59,12.91,2.36,74.31,0.0,3.01,63.31,-16.56556,-69.04167,3808
Desaguadero,2020-06-01,6.29,12.94,0.18,69.29,0.0,2.88,63.31,-16.56556,-69.04167,3808
Desaguadero,2020-06-02,5.11,13.87,-2.93,65.93,0.11,2.28,63.21,-16.56556,-69.04167,3808
Desaguadero,2020-06-03,3.79,9.9,-0.65,73.33,0.17,2.2,63.11,-16.56556,-69.04167,3808
Desaguadero,2020-06-04,4.62,10.36,-0.11,67.99,6.63,2.41,63.26,-16.56556,-69.04167,3808
Desaguadero,2020-06-05,5.86,12.61,0.38,74.87,2.98,2.4,63.38,-16.56556,-69.04167,3808
Desaguadero,2020-06-06,6.38,13.25,-0.08,72.4,0.0,1.95,63.48,-16.56556,-69.04167,3808
Desaguadero,2020-06-07,7.15,14.28,1.47,74.89,0.0,1.33,63.54,-16.56556,-69.04167,3808
Desaguadero,2020-06-08,7.94,15.31,2.96,76.51,0.0,1.46,63.5,-16.56556,-69.04167,3808
Desaguadero,2020-06-09,8.4,16.0,3.97,72.64,0.0,1.29,63.4,-16.56556,-69.04167,3808
Desaguadero,2020-06-10,8.32,15.36,4.21,74.78,0.0,1.88,63.35,-16.56556,-69.04167,3808
Desaguadero,2020-06-11,7.52,15.01,2.89,72.31,0.05,1.85,63.36,-16.56556,-69.04167,3808
Desaguadero,2020-06-12,7.86,16.12,1.66,71.39,0.01,1.73,63.23,-16.56556,-69.04167,3808
Desaguadero,2020-06-13,6.99,14.23,1.87,74.69,0.0,2.74,63.34,-16.56556,-69.04167,3808
Desaguadero,2020-06-14,6.32,13.54,0.9,74.17,0.0,2.44,63.44,-16.56556,-69.04167,3808
Desaguadero,2020-06-15,7.15,14.43,2.48,72.84,0.0,1.28,63.47,-16.56556,-69.04167,3808
Desaguadero,2020-06-16,6.75,14.07,2.57,71.68,0.0,1.93,63.4,-16.56556,-69.04167,3808
Desaguadero,2020-06-17,6.87,15.42,0.52,63.63,0.0,1.83,63.36,-16.56556,-69.04167,3808
Desaguadero,2020-06-18,5.98,16.54,-2.42,48.84,0.0,1.89,63.35,-16.56556,-69.04167,3808
Desaguadero,2020-06-19,7.6,15.62,2.95,66.74,0.0,1.37,63.38,-16.56556,-69.04167,3808
Desaguadero,2020-06-20,7.01,15.12,1.3,67.93,0.17,1.83,63.38,-16.56556,-69.04167,3808
Desaguadero,2020-06-21,7.5,16.0,1.26,64.19,0.04,1.35,63.35,-16.56556,-69.04167,3808
Desaguadero,2020-06-22,7.44,14.05,3.92,78.27,0.29,2.47,63.28,-16.56556,-69.04167,3808
Desaguadero,2020-06-23,6.35,14.16,0.14,55.36,0.47,1.91,63.13,-16.56556,-69.04167,3808
Desaguadero,2020-06-24,4.29,14.07,-2.01,37.42,0.23,2.43,63.08,-16.56556,-69.04167,3808
Desaguadero,2020-06-25,4.59,13.03,-2.21,49.58,0.15,2.61,63.2,-16.56556,-69.04167,3808
Desaguadero,2020-06-26,6.19,14.56,-1.61,59.63,0.8,3.01,63.22,-16.56556,-69.04167,3808
Desaguadero,2020-06-27,4.65,13.92,-2.79,42.0,0.12,1.91,63.18,-16.56556,-69.04167,3808
Desaguadero,2020-06-28,4.52,12.68,-1.21,54.66,0.21,2.47,63.17,-16.56556,-69.04167,3808
Desaguadero,2020-06-29,3.72,13.44,-2.98,34.46,0.01,1.99,63.23,-16.56556,-69.04167,3808
Desaguadero,2020-06-30,4.48,14.17,-3.5,37.53,0.0,1.69,63.28,-16.56556,-69.04167,3808
Desaguadero,2020-07-01,4.5,12.94,-1.19,62.93,0.04,2.42,63.22,-16.56556,-69.04167,3808
Desaguadero,2020-07-02,4.58,14.31,-2.91,41.33,0.0,1.69,63.16,-16.56556,-69.04167,3808
Desaguadero,2020-07-03,4.8,14.04,-1.98,42.66,0.0,1.59,63.16,-16.56556,-69.04167,3808
Desaguadero,2020-07-04,4.28,14.03,-2.38,39.93,0.0,1.9,63.17,-16.56556,-69.04167,3808
Desaguadero,2020-07-05,5.4,14.67,-2.15,57.74,0.0,2.36,63.2,-16.56556,-69.04167,3808
Desaguadero,2020-07-06,6.64,12.06,2.37,81.68,0.17,2.8,63.19,-16.56556,-69.04167,3808
Desaguadero,2020-07-07,5.83,14.22,-2.91,58.26,0.52,3.07,63.15,-16.56556,-69.04167,3808
Desaguadero,2020-07-08,3.28,12.58,-4.42,32.52,0.05,1.66,63.23,-16.56556,-69.04167,3808
Desaguadero,2020-07-09,3.14,8.93,-0.71,71.19,22.05,1.88,63.31,-16.56556,-69.04167,3808
Desaguadero,2020-07-10,3.65,11.66,-3.24,66.77,0.03,1.85,63.26,-16.56556,-69.04167,3808
Desaguadero,2020-07-11,3.55,13.09,-4.34,44.24,0.0,1.84,63.25,-16.56556,-69.04167,3808
Desaguadero,2020-07-12,5.69,14.78,-0.52,65.75,0.0,1.63,63.26,-16.56556,-69.04167,3808
Desaguadero,2020-07-13,6.6,14.3,1.13,68.03,0.0,1.87,63.35,-16.56556,-69.04167,3808
Desaguadero,2020-07-14,5.3,11.35,1.65,79.23,0.0,2.15,63.41,-16.56556,-69.04167,3808
Desaguadero,2020-07-15,6.82,15.34,0.09,58.7,0.0,0.95,63.34,-16.56556,-69.04167,3808
Desaguadero,2020-07-16,5.81,15.43,-1.98,53.19,0.0,1.81,63.36,-16.56556,-69.04167,3808
Desaguadero,2020-07-17,6.68,14.47,2.19,76.27,0.0,2.18,63.35,-16.56556,-69.04167,3808
Desaguadero,2020-07-18,7.4,16.26,1.47,71.71,0.0,2.0,63.29,-16.56556,-69.04167,3808
Desaguadero,2020-07-19,7.93,16.27,2.48,70.85,0.0,1.99,63.32,-16.56556,-69.04167,3808
Desaguadero,2020-07-20,7.67,16.17,2.87,69.16,0.0,1.84,63.36,-16.56556,-69.04167,3808
Desaguadero,2020-07-21,6.36,15.73,-0.26,65.38,0.0,1.87,63.28,-16.56556,-69.04167,3808
Desaguadero,2020-07-22,6.79,15.08,0.51,70.1,0.23,2.19,63.18,-16.56556,-69.04167,3808
Desaguadero,2020-07-23,5.97,14.39,-0.57,43.93,0.16,2.29,63.17,-16.56556,-69.04167,3808
Desaguadero,2020-07-24,4.62,11.33,-0.89,34.47,0.15,1.68,63.21,-16.56556,-69.04167,3808
Desaguadero,2020-07-25,4.22,11.26,-0.91,50.92,0.81,2.28,63.34,-16.56556,-69.04167,3808
Desaguadero,2020-07-26,5.66,14.12,-0.61,61.24,0.0,1.7,63.32,-16.56556,-69.04167,3808
Desaguadero,2020-07-27,4.85,14.78,-2.75,37.78,0.0,1.36,63.31,-16.56556,-69.04167,3808
Desaguadero,2020-07-28,4.62,13.94,-2.66,44.44,0.04,2.06,63.32,-16.56556,-69.04167,3808
Desaguadero,2020-07-29,6.48,14.27,1.51,72.72,0.02,2.67,63.3,-16.56556,-69.04167,3808
Desaguadero,2020-07-30,6.82,15.82,-0.04,62.86,0.0,1.43,63.33,-16.56556,-69.04167,3808
Desaguadero,2020-07-31,7.2,16.53,1.07,61.28,0.0,1.78,63.37,-16.56556,-69.04167,3808
Desaguadero,2020-08-01,6.95,16.06,0.41,69.61,0.0,1.82,63.45,-16.56556,-69.04167,3808
Desaguadero,2020-08-02,7.92,17.78,1.24,67.37,0.0,1.97,63.47,-16.56556,-69.04167,3808
Desaguadero,2020-08-03,6.84,16.12,0.54,69.22,0.0,2.36,63.56,-16.56556,-69.04167,3808
Desaguadero,2020-08-04,7.06,16.31,0.58,64.16,0.0,1.89,63.51,-16.56556,-69.04167,3808
Desaguadero,2020-08-05,7.11,16.23,1.06,58.97,0.0,1.87,63.42,-16.56556,-69.04167,3808
Desaguadero,2020-08-06,7.12,16.0,1.36,65.59,0.0,2.0,63.36,-16.56556,-69.04167,3808
Desaguadero,2020-08-07,5.62,14.36,-1.14,67.54,0.0,2.12,63.47,-16.56556,-69.04167,3808
Desaguadero,2020-08-08,7.01,15.58,0.98,63.06,0.0,1.88,63.44,-16.56556,-69.04167,3808
Desaguadero,2020-08-09,7.04,14.9,1.55,68.26,0.0,1.67,63.39,-16.56556,-69.04167,3808
Desaguadero,2020-08-10,7.34,15.53,1.7,65.94,0.0,1.83,63.2,-16.56556,-69.04167,3808
Desaguadero,2020-08-11,6.16,12.22,1.62,64.97,0.92,2.58,63.11,-16.56556,-69.04167,3808
Desaguadero,2020-08-12,4.8,14.24,-2.15,44.19,0.16,2.86,63.07,-16.56556,-69.04167,3808
Desaguadero,2020-08-13,4.41,14.71,-3.1,37.61,1.07,2.14,63.06,-16.56556,-69.04167,3808
Desaguadero,2020-08-14,4.9,13.17,-1.9,43.87,0.01,2.73,63.06,-16.56556,-69.04167,3808
Desaguadero,2020-08-15,6.06,14.26,-1.45,56.57,0.0,3.38,63.07,-16.56556,-69.04167,3808
Desaguadero,2020-08-16,7.38,15.24,0.39,60.69,3.87,3.48,63.08,-16.56556,-69.04167,3808
Desaguadero,2020-08-17,7.23,14.07,1.35,64.7,1.13,3.5,63.05,-16.56556,-69.04167,3808
Desaguadero,2020-08-18,6.78,14.49,0.22,66.0,0.09,3.24,63.0,-16.56556,-69.04167,3808
Desaguadero,2020-08-19,6.66,14.38,-1.46,63.11,0.39,3.09,63.06,-16.56556,-69.04167,3808
Desaguadero,2020-08-20,7.86,14.79,2.9,73.95,1.64,3.68,63.2,-16.56556,-69.04167,3808
Desaguadero,2020-08-21,8.05,17.47,2.08,59.39,0.05,1.73,63.21,-16.56556,-69.04167,3808
Desaguadero,2020-08-22,7.37,16.4,-0.07,48.04,0.0,1.83,63.14,-16.56556,-69.04167,3808
Desaguadero,2020-08-23,8.01,16.37,1.52,59.49,0.0,2.27,63.12,-16.56556,-69.04167,3808
Desaguadero,2020-08-24,7.93,16.06,2.25,72.69,0.05,3.54,63.08,-16.56556,-69.04167,3808
Desaguadero,2020-08-25,8.68,15.9,3.36,67.68,0.01,3.18,63.1,-16.56556,-69.04167,3808
Desaguadero,2020-08-26,8.88,16.14,4.12,73.14,0.0,3.94,63.17,-16.56556,-69.04167,3808
Desaguadero,2020-08-27,9.21,16.59,3.72,69.95,0.0,3.59,63.33,-16.56556,-69.04167,3808
Desaguadero,2020-08-28,9.96,17.88,4.58,67.49,0.0,1.87,63.38,-16.56556,-69.04167,3808
Desaguadero,2020-08-29,9.56,17.94,3.18,63.57,0.0,2.4,63.28,-16.56556,-69.04167,3808
Desaguadero,2020-08-30,7.67,15.19,2.35,67.49,0.0,4.76,63.3,-16.56556,-69.04167,3808
Desaguadero,2020-08-31,6.53,12.51,0.77,73.71,0.01,5.19,63.38,-16.56556,-69.04167,3808
Desaguadero,2020-09-01,7.51,13.38,3.21,76.67,0.0,4.76,63.34,-16.56556,-69.04167,3808
Desaguadero,2020-09-02,7.36,13.74,2.51,75.07,0.0,3.66,63.22,-16.56556,-69.04167,3808
Desaguadero,2020-09-03,7.94,14.16,3.65,74.79,0.0,3.12,63.22,-16.56556,-69.04167,3808
Desaguadero,2020-09-04,8.15,14.61,4.07,76.39,0.0,3.2,63.33,-16.56556,-69.04167,3808
Desaguadero,2020-09-05,9.03,15.31,4.99,72.54,0.0,2.63,63.4,-16.56556,-69.04167,3808
Desaguadero,2020-09-06,8.35,13.39,4.94,76.46,0.03,2.33,63.35,-16.56556,-69.04167,3808
Desaguadero,2020-09-07,8.31,14.58,4.98,77.17,3.01,2.78,63.22,-16.56556,-69.04167,3808
Desaguadero,2020-09-08,7.26,12.92,2.79,75.48,0.77,2.3,63.28,-16.56556,-69.04167,3808
Desaguadero,2020-09-09,8.73,16.03,3.64,71.41,0.0,2.56,63.39,-16.56556,-69.04167,3808
Desaguadero,2020-09-10,7.31,15.67,0.52,62.37,0.0,3.31,63.44,-16.56556,-69.04167,3808
Desaguadero,2020-09-11,7.26,15.9,0.39,71.17,0.0,2.58,63.26,-16.56556,-69.04167,3808
Desaguadero,2020-09-12,7.17,13.12,3.17,74.47,0.0,2.81,63.24,-16.56556,-69.04167,3808
Desaguadero,2020-09-13,7.49,14.36,1.63,70.16,0.61,3.14,63.33,-16.56556,-69.04167,3808
Desaguadero,2020-09-14,7.51,12.96,3.89,73.72,0.21,5.26,63.45,-16.56556,-69.04167,3808
Desaguadero,2020-09-15,6.74,12.97,1.82,73.89,0.98,3.09,63.38,-16.56556,-69.04167,3808
Desaguadero,2020-09-16,7.81,15.63,1.3,62.16,0.14,1.93,63.25,-16.56556,-69.04167,3808
Desaguadero,2020-09-17,6.25,14.21,0.81,68.18,1.29,3.38,63.21,-16.56556,-69.04167,3808
Desaguadero,2020-09-18,4.55,9.87,0.52,75.13,3.73,1.62,63.29,-16.56556,-69.04167,3808
Desaguadero,2020-09-19,7.19,15.94,-0.43,60.33,0.01,2.4,63.33,-16.56556,-69.04167,3808
Desaguadero,2020-09-20,8.7,15.44,3.87,67.94,0.01,2.97,63.27,-16.56556,-69.04167,3808
Desaguadero,2020-09-21,8.6,18.0,1.41,51.0,0.14,1.82,63.22,-16.56556,-69.04167,3808
Desaguadero,2020-09-22,7.29,16.34,-1.27,48.91,0.11,1.78,63.31,-16.56556,-69.04167,3808
Desaguadero,2020-09-23,7.13,16.63,0.43,64.44,0.01,3.32,63.51,-16.56556,-69.04167,3808
Desaguadero,2020-09-24,5.98,15.71,-1.12,53.46,0.0,2.99,63.54,-16.56556,-69.04167,3808
Desaguadero,2020-09-25,7.43,17.51,-0.47,55.49,0.0,2.74,63.42,-16.56556,-69.04167,3808
Desaguadero,2020-09-26,9.24,17.75,2.09,59.55,0.0,1.54,63.22,-16.56556,-69.04167,3808
Desaguadero,2020-09-27,8.29,14.95,2.58,64.83,0.0,3.22,63.09,-16.56556,-69.04167,3808
Desaguadero,2020-09-28,6.84,14.01,2.46,74.42,3.83,4.47,63.14,-16.56556,-69.04167,3808
Desaguadero,2020-09-29,7.5,14.14,2.39,73.4,2.62,3.12,63.23,-16.56556,-69.04167,3808
Desaguadero,2020-09-30,7.72,14.86,0.96,69.26,0.21,2.9,63.29,-16.56556,-69.04167,3808
Desaguadero,2020-10-01,8.17,14.89,2.0,68.67,0.15,2.68,63.25,-16.56556,-69.04167,3808
Desaguadero,2020-10-02,9.46,16.4,4.17,69.42,0.0,4.04,63.23,-16.56556,-69.04167,3808
Desaguadero,2020-10-03,8.76,16.38,3.09,66.64,0.3,3.88,63.37,-16.56556,-69.04167,3808
Desaguadero,2020-10-04,8.01,15.0,2.24,69.98,0.5,3.47,63.45,-16.56556,-69.04167,3808
Desaguadero,2020-10-05,8.37,16.26,2.34,66.13,0.08,3.88,63.43,-16.56556,-69.04167,3808
Desaguadero,2020-10-06,9.12,15.02,4.13,71.91,0.2,3.98,63.36,-16.56556,-69.04167,3808
Desaguadero,2020-10-07,8.64,15.35,3.0,69.34,0.01,4.29,63.45,-16.56556,-69.04167,3808
Desaguadero,2020-10-08,9.15,17.24,3.53,66.74,0.0,3.02,63.52,-16.56556,-69.04167,3808
Desaguadero,2020-10-09,9.75,18.72,3.64,66.01,0.0,3.27,63.46,-16.56556,-69.04167,3808
Desaguadero,2020-10-10,9.22,16.16,4.63,68.62,0.0,3.23,63.43,-16.56556,-69.04167,3808
Desaguadero,2020-10-11,8.45,14.43,5.12,74.84,22.45,3.25,63.38,-16.56556,-69.04167,3808
Desaguadero,2020-10-12,7.68,13.96,3.66,73.49,0.18,3.56,63.41,-16.56556,-69.04167,3808
Desaguadero,2020-10-13,7.79,14.73,0.92,70.61,1.03,3.4,63.33,-16.56556,-69.04167,3808
Desaguadero,2020-10-14,6.7,11.47,2.43,77.92,1.69,2.93,63.28,-16.56556,-69.04167,3808
Desaguadero,2020-10-15,8.07,14.69,2.63,69.94,0.75,4.23,63.3,-16.56556,-69.04167,3808
Desaguadero,2020-10-16,7.15,13.19,3.28,73.12,0.97,3.16,63.38,-16.56556,-69.04167,3808
Desaguadero,2020-10-17,8.24,15.13,2.78,70.78,1.09,2.3,63.3,-16.56556,-69.04167,3808
Desaguadero,2020-10-18,7.18,12.56,4.55,76.48,2.15,1.8,63.23,-16.56556,-69.04167,3808
Desaguadero,2020-10-19,9.43,16.68,3.63,65.44,0.27,2.81,63.15,-16.56556,-69.04167,3808
Desaguadero,2020-10-20,8.74,14.48,4.97,72.68,0.1,3.57,63.22,-16.56556,-69.04167,3808
Desaguadero,2020-10-21,8.6,15.8,1.6,69.05,4.77,3.33,63.33,-16.56556,-69.04167,3808
Desaguadero,2020-10-22,8.78,14.93,4.4,75.63,6.28,3.63,63.33,-16.56556,-69.04167,3808
Desaguadero,2020-10-23,10.21,18.0,3.69,65.22,0.98,1.89,63.29,-16.56556,-69.04167,3808
Desaguadero,2020-10-24,10.92,19.26,2.97,53.51,0.01,2.28,63.27,-16.56556,-69.04167,3808
Desaguadero,2020-10-25,7.8,13.51,2.41,62.1,0.0,1.92,63.29,-16.56556,-69.04167,3808
Desaguadero,2020-10-26,11.02,19.78,4.83,63.42,0.33,3.61,63.2,-16.56556,-69.04167,3808
Desaguadero,2020-10-27,10.75,20.0,0.63,51.25,0.26,2.54,63.05,-16.56556,-69.04167,3808
Desaguadero,2020-10-28,7.85,18.84,-2.99,33.6,0.4,2.26,63.03,-16.56556,-69.04167,3808
Desaguadero,2020-10-29,7.62,17.36,-1.43,46.28,0.17,2.87,63.07,-16.56556,-69.04167,3808
Desaguadero,2020-10-30,7.61,15.06,2.43,70.39,0.05,2.19,63.14,-16.56556,-69.04167,3808
Desaguadero,2020-10-31,9.35,18.02,3.41,66.18,0.0,2.84,63.2,-16.56556,-69.04167,3808
Desaguadero,2020-11-01,10.33,20.2,3.69,58.83,0.0,1.83,63.14,-16.56556,-69.04167,3808
Desaguadero,2020-11-02,9.64,17.59,3.48,63.36,0.0,2.28,63.06,-16.56556,-69.04167,3808
Desaguadero,2020-11-03,9.33,17.19,3.36,67.92,0.0,3.48,63.2,-16.56556,-69.04167,3808
Desaguadero,2020-11-04,9.05,17.23,2.82,62.07,0.0,4.41,63.39,-16.56556,-69.04167,3808
Desaguadero,2020-11-05,9.38,19.0,1.75,57.35,0.0,2.99,63.3,-16.56556,-69.04167,3808
Desaguadero,2020-11-06,9.25,17.88,2.81,61.52,0.0,4.2,63.27,-16.56556,-69.04167,3808
Desaguadero,2020-11-07,8.75,16.32,2.73,63.7,0.0,4.54,63.41,-16.56556,-69.04167,3808
Desaguadero,2020-11-08,9.01,17.23,2.52,64.48,0.0,3.31,63.44,-16.56556,-69.04167,3808
Desaguadero,2020-11-09,9.46,15.29,5.22,70.82,0.91,2.94,63.29,-16.56556,-69.04167,3808
Desaguadero,2020-11-10,9.23,16.03,3.59,55.73,6.14,1.96,63.23,-16.56556,-69.04167,3808
Desaguadero,2020-11-11,9.65,16.9,2.08,55.05,0.49,2.05,63.21,-16.56556,-69.04167,3808
Desaguadero,2020-11-12,9.43,19.27,-0.84,37.62,0.82,1.19,63.22,-16.56556,-69.04167,3808
Desaguadero,2020-11-13,9.35,19.59,-0.93,38.92,2.15,1.59,63.19,-16.56556,-69.04167,3808
Desaguadero,2020-11-14,9.89,19.45,-0.24,49.9,0.33,2.41,63.16,-16.56556,-69.04167,3808
Desaguadero,2020-11-15,11.53,19.56,6.03,60.72,0.0,2.99,63.19,-16.56556,-69.04167,3808
Desaguadero,2020-11-16,11.56,18.71,6.02,61.9,0.16,1.76,63.19,-16.56556,-69.04167,3808
Desaguadero,2020-11-17,11.16,21.24,2.58,33.38,0.18,2.0,63.1,-16.56556,-69.04167,3808
Desaguadero,2020-11-18,10.07,20.09,-0.05,35.25,0.04,2.46,63.09,-16.56556,-69.04167,3808
Desaguadero,2020-11-19,9.33,17.38,1.46,44.15,0.46,2.1,63.13,-16.56556,-69.04167,3808
Desaguadero,2020-11-20,9.94,20.66,-1.36,39.86,0.0,1.73,63.16,-16.56556,-69.04167,3808
Desaguadero,2020-11-21,10.86,20.56,1.67,49.02,0.0,3.05,63.17,-16.56556,-69.04167,3808
Desaguadero,2020-11-22,10.63,17.66,6.1,63.82,0.0,3.92,63.31,-16.56556,-69.04167,3808
Desaguadero,2020-11-23,10.8,19.57,4.22,60.02,0.0,3.65,63.4,-16.56556,-69.04167,3808
Desaguadero,2020-11-24,11.89,21.66,4.88,57.73,0.0,3.14,63.4,-16.56556,-69.04167,3808
Desaguadero,2020-11-25,11.36,17.54,6.9,64.33,0.05,2.51,63.35,-16.56556,-69.04167,3808
Desaguadero,2020-11-26,10.29,19.45,4.47,64.69,5.7,2.5,63.25,-16.56556,-69.04167,3808
Desaguadero,2020-11-27,9.99,17.94,4.16,65.29,6.56,3.04,63.25,-16.56556,-69.04167,3808
Desaguadero,2020-11-28,10.41,17.0,5.28,67.56,1.76,3.02,63.3,-16.56556,-69.04167,3808
Desaguadero,2020-11-29,11.39,19.7,5.54,65.37,0.0,3.16,63.3,-16.56556,-69.04167,3808
Desaguadero,2020-11-30,11.14,19.59,4.15,66.98,8.05,3.58,63.27,-16.56556,-69.04167,3808
Desaguadero,2020-12-01,7.79,12.36,5.07,77.76,17.98,3.06,63.31,-16.56556,-69.04167,3808
Desaguadero,2020-12-02,10.83,18.6,4.35,64.34,0.08,2.0,63.13,-16.56556,-69.04167,3808
Desaguadero,2020-12-03,8.27,13.53,3.95,80.37,0.24,2.61,63.12,-16.56556,-69.04167,3808
Desaguadero,2020-12-04,9.96,13.79,6.99,76.71,5.43,5.71,63.17,-16.56556,-69.04167,3808
Desaguadero,2020-12-05,9.63,15.74,5.79,72.76,4.51,4.22,63.33,-16.56556,-69.04167,3808
Desaguadero,2020-12-06,8.84,15.41,4.69,75.58,10.61,3.62,63.25,-16.56556,-69.04167,3808
Desaguadero,2020-12-07,10.05,17.37,4.12,69.09,2.27,2.9,63.25,-16.56556,-69.04167,3808
Desaguadero,2020-12-08,9.1,15.25,3.18,74.76,1.18,2.2,63.33,-16.56556,-69.04167,3808
Desaguadero,2020-12-09,10.65,16.6,6.07,76.06,2.89,2.89,63.21,-16.56556,-69.04167,3808
Desaguadero,2020-12-10,8.87,15.08,4.68,70.83,1.84,2.66,63.16,-16.56556,-69.04167,3808
Desaguadero,2020-12-11,11.7,21.02,2.97,58.52,0.0,2.34,63.04,-16.56556,-69.04167,3808
Desaguadero,2020-12-12,9.77,17.45,3.59,66.89,0.72,1.91,63.14,-16.56556,-69.04167,3808
Desaguadero,2020-12-13,11.51,19.32,2.96,58.68,0.09,1.99,63.2,-16.56556,-69.04167,3808
Desaguadero,2020-12-14,11.45,19.33,3.85,51.7,0.59,1.91,63.17,-16.56556,-69.04167,3808
Desaguadero,2020-12-15,11.66,20.43,3.16,49.86,0.35,2.15,63.07,-16.56556,-69.04167,3808
Desaguadero,2020-12-16,10.09,13.8,6.39,68.97,1.17,2.37,63.2,-16.56556,-69.04167,3808
Desaguadero,2020-12-17,9.83,16.2,4.34,71.67,5.05,3.1,63.27,-16.56556,-69.04167,3808
Desaguadero,2020-12-18,10.17,16.01,4.66,69.07,0.94,2.39,63.2,-16.56556,-69.04167,3808
Desaguadero,2020-12-19,11.38,18.35,6.16,59.9,0.07,1.71,63.1,-16.56556,-69.04167,3808
Desaguadero,2020-12-20,10.88,17.73,6.78,66.75,0.23,2.91,63.13,-16.56556,-69.04167,3808
Desaguadero,2020-12-21,9.71,15.09,5.74,73.81,6.16,3.89,63.23,-16.56556,-69.04167,3808
Desaguadero,2020-12-22,8.73,14.23,4.55,74.13,0.92,3.78,63.25,-16.56556,-69.04167,3808
Desaguadero,2020-12-23,9.99,16.66,4.11,71.34,0.08,4.05,63.15,-16.56556,-69.04167,3808
Desaguadero,2020-12-24,10.55,18.29,4.39,69.88,0.7,3.64,63.13,-16.56556,-69.04167,3808
Desaguadero,2020-12-25,10.91,18.44,5.48,69.81,9.25,3.47,63.07,-16.56556,-69.04167,3808
Desaguadero,2020-12-26,8.71,15.39,5.13,75.06,7.14,3.43,63.02,-16.56556,-69.04167,3808
Desaguadero,2020-12-27,9.37,16.88,4.27,69.28,3.79,4.35,63.05,-16.56556,-69.04167,3808
Desaguadero,2020-12-28,8.51,13.77,4.42,76.6,4.52,4.8,63.13,-16.56556,-69.04167,3808
Desaguadero,2020-12-29,9.12,15.97,3.96,76.34,1.23,3.6,63.08,-16.56556,-69.04167,3808
Desaguadero,2020-12-30,10.1,17.42,4.54,74.11,12.25,3.67,63.05,-16.56556,-69.04167,3808
Desaguadero,2020-12-31,9.38,14.63,5.16,76.45,14.67,4.93,63.16,-16.56556,-69.04167,3808
Desaguadero,2021-01-01,9.28,15.28,4.63,74.9,1.31,3.88,63.31,-16.56556,-69.04167,3808
Desaguadero,2021-01-02,9.16,14.08,5.42,80.36,1.79,2.5,63.25,-16.56556,-69.04167,3808
Desaguadero,2021-01-03,9.66,15.26,4.87,76.13,9.51,2.02,63.12,-16.56556,-69.04167,3808
Desaguadero,2021-01-04,10.01,16.53,4.06,71.62,1.67,1.5,62.98,-16.56556,-69.04167,3808
Desaguadero,2021-01-05,7.85,14.09,2.27,74.84,5.44,3.59,62.98,-16.56556,-69.04167,3808
Desaguadero,2021-01-06,7.54,13.21,2.76,80.34,2.12,5.11,63.07,-16.56556,-69.04167,3808
Desaguadero,2021-01-07,7.97,12.91,4.37,79.79,8.44,3.99,63.17,-16.56556,-69.04167,3808
Desaguadero,2021-01-08,7.72,14.06,2.59,75.88,4.54,1.82,63.2,-16.56556,-69.04167,3808
Desaguadero,2021-01-09,6.5,12.02,2.22,81.47,3.03,2.66,63.2,-16.56556,-69.04167,3808
Desaguadero,2021-01-10,8.72,15.51,3.39,75.22,2.86,3.53,63.2,-16.56556,-69.04167,3808
Desaguadero,2021-01-11,9.71,16.17,4.44,73.63,1.77,2.26,63.2,-16.56556,-69.04167,3808
Desaguadero,2021-01-12,9.76,14.82,6.23,75.42,4.25,2.28,63.21,-16.56556,-69.04167,3808
Desaguadero,2021-01-13,7.48,11.25,4.22,84.11,3.49,2.19,63.23,-16.56556,-69.04167,3808
Desaguadero,2021-01-14,9.67,16.96,4.11,73.72,0.33,3.59,63.15,-16.56556,-69.04167,3808
Desaguadero,2021-01-15,9.78,16.04,4.99,76.46,15.09,1.91,63.06,-16.56556,-69.04167,3808
Desaguadero,2021-01-16,9.2,14.08,6.02,78.61,21.13,1.17,62.98,-16.56556,-69.04167,3808
Desaguadero,2021-01-17,8.09,14.06,4.88,80.75,12.49,2.39,62.96,-16.56556,-69.04167,3808
Desaguadero,2021-01-18,6.8,10.46,2.4,84.18,18.62,2.88,63.06,-16.56556,-69.04167,3808
Desaguadero,2021-01-19,9.19,17.03,4.06,74.56,0.41,2.52,63.1,-16.56556,-69.04167,3808
Desaguadero,2021-01-20,8.44,15.81,3.19,76.75,3.74,3.06,63.1,-16.56556,-69.04167,3808
Desaguadero,2021-01-21,8.11,14.89,3.42,74.84,5.06,3.39,63.15,-16.56556,-69.04167,3808
Desaguadero,2021-01-22,7.81,14.29,2.65,76.74,1.67,4.63,63.21,-16.56556,-69.04167,3808
Desaguadero,2021-01-23,7.7,13.36,3.2,78.41,1.95,4.1,63.2,-16.56556,-69.04167,3808
Desaguadero,2021-01-24,8.37,14.7,3.65,77.54,4.5,3.89,63.1,-16.56556,-69.04167,3808
Desaguadero,2021-01-25,8.97,15.59,2.87,77.36,7.21,3.5,63.03,-16.56556,-69.04167,3808
Desaguadero,2021-01-26,8.92,17.84,1.87,63.6,3.71,2.32,63.04,-16.56556,-69.04167,3808
Desaguadero,2021-01-27,8.8,17.44,-0.68,60.71,0.08,1.87,63.05,-16.56556,-69.04167,3808
Desaguadero,2021-01-28,10.01,19.37,1.1,55.92,0.51,2.11,62.95,-16.56556,-69.04167,3808
Desaguadero,2021-01-29,7.55,14.81,-0.5,61.66,0.15,1.89,63.0,-16.56556,-69.04167,3808
Desaguadero,2021-01-30,9.53,17.6,1.62,65.66,0.1,2.39,63.08,-16.56556,-69.04167,3808
Desaguadero,2021-01-31,10.29,16.32,4.47,74.99,2.81,2.29,63.15,-16.56556,-69.04167,3808
Desaguadero,2021-02-01,8.12,13.39,3.76,79.11,0.55,2.51,63.2,-16.56556,-69.04167,3808
Desaguadero,2021-02-02,8.96,13.64,5.89,81.39,10.05,3.3,63.16,-16.56556,-69.04167,3808
Desaguadero,2021-02-03,8.59,14.22,4.68,78.46,6.33,4.03,63.28,-16.56556,-69.04167,3808
Desaguadero,2021-02-04,8.53,14.57,3.73,78.59,1.56,3.79,63.35,-16.56556,-69.04167,3808
Desaguadero,2021-02-05,9.74,16.63,4.76,76.15,0.65,3.61,63.26,-16.56556,-69.04167,3808
Desaguadero,2021-02-06,10.31,17.7,4.56,74.21,0.21,3.16,63.23,-16.56556,-69.04167,3808
Desaguadero,2021-02-07,10.67,17.87,4.9,73.7,0.05,2.85,63.23,-16.56556,-69.04167,3808
Desaguadero,2021-02-08,9.59,14.73,5.77,77.88,0.27,3.28,63.19,-16.56556,-69.04167,3808
Desaguadero,2021-02-09,9.78,14.97,5.52,76.96,3.88,3.25,63.12,-16.56556,-69.04167,3808
Desaguadero,2021-02-10,7.84,13.14,3.98,79.01,3.4,2.59,63.07,-16.56556,-69.04167,3808
Desaguadero,2021-02-11,9.36,16.49,4.01,72.08,0.98,2.56,63.03,-16.56556,-69.04167,3808
Desaguadero,2021-02-12,9.38,16.08,3.94,73.27,0.14,2.67,63.07,-16.56556,-69.04167,3808
Desaguadero,2021-02-13,8.53,15.95,2.84,73.75,3.46,1.81,63.13,-16.56556,-69.04167,3808
Desaguadero,2021-02-14,9.57,18.35,2.46,63.67,0.4,2.41,63.09,-16.56556,-69.04167,3808
Desaguadero,2021-02-15,7.94,13.22,3.81,68.1,5.31,1.64,63.12,-16.56556,-69.04167,3808
Desaguadero,2021-02-16,8.2,16.47,0.98,66.48,1.53,2.05,63.07,-16.56556,-69.04167,3808
Desaguadero,2021-02-17,6.4,14.32,2.79,76.57,7.24,2.52,63.04,-16.56556,-69.04167,3808
Desaguadero,2021-02-18,4.81,10.02,1.4,85.19,6.81,2.96,63.11,-16.56556,-69.04167,3808
Desaguadero,2021-02-19,7.29,14.25,1.69,80.85,1.66,2.25,63.16,-16.56556,-69.04167,3808
Desaguadero,2021-02-20,6.66,11.74,2.6,80.81,0.1,2.15,63.3,-16.56556,-69.04167,3808
Desaguadero,2021-02-21,6.27,11.61,4.17,84.8,0.89,2.33,63.3,-16.56556,-69.04167,3808
Desaguadero,2021-02-22,7.92,13.31,3.54,77.16,0.07,2.83,63.3,-16.56556,-69.04167,3808
Desaguadero,2021-02-23,8.03,15.43,2.11,75.98,0.0,3.75,63.34,-16.56556,-69.04167,3808
Desaguadero,2021-02-24,8.5,17.38,0.75,68.54,0.0,3.13,63.41,-16.56556,-69.04167,3808
Desaguadero,2021-02-25,9.41,18.05,2.9,67.49,0.0,2.78,63.33,-16.56556,-69.04167,3808
Desaguadero,2021-02-26,8.68,15.67,3.88,69.89,1.47,1.66,63.22,-16.56556,-69.04167,3808
Desaguadero,2021-02-27,8.38,14.35,3.05,73.56,0.04,2.99,63.23,-16.56556,-69.04167,3808
Desaguadero,2021-02-28,7.69,12.82,3.7,79.52,4.48,2.1,63.17,-16.56556,-69.04167,3808
Desaguadero,2021-03-01,8.78,13.99,4.7,79.12,8.46,2.5,63.03,-16.56556,-69.04167,3808
Desaguadero,2021-03-02,8.82,15.45,4.91,79.3,4.99,2.6,63.07,-16.56556,-69.04167,3808
Desaguadero,2021-03-03,8.19,14.67,3.66,76.63,0.6,3.01,63.24,-16.56556,-69.04167,3808
Desaguadero,2021-03-04,9.06,16.21,3.99,74.49,0.64,2.53,63.23,-16.56556,-69.04167,3808
Desaguadero,2021-03-05,8.09,14.5,4.36,79.24,19.14,3.05,63.13,-16.56556,-69.04167,3808
Desaguadero,2021-03-06,7.54,13.97,3.57,80.15,4.1,3.08,63.2,-16.56556,-69.04167,3808
Desaguadero,2021-03-07,9.35,17.09,3.55,71.46,0.77,2.18,63.27,-16.56556,-69.04167,3808
Desaguadero,2021-03-08,7.8,15.1,2.75,78.64,21.3,1.69,63.28,-16.56556,-69.04167,3808
Desaguadero,2021-03-09,6.97,12.78,2.84,76.57,2.73,2.45,63.28,-16.56556,-69.04167,3808
Desaguadero,2021-03-10,8.21,16.66,2.26,68.2,0.26,2.42,63.19,-16.56556,-69.04167,3808
Desaguadero,2021-03-11,8.93,16.82,3.71,68.36,0.13,2.54,63.13,-16.56556,-69.04167,3808
Desaguadero,2021-03-12,7.91,13.78,3.98,74.71,0.19,3.39,63.2,-16.56556,-69.04167,3808
Desaguadero,2021-03-13,8.12,15.05,2.82,74.29,0.6,2.97,63.2,-16.56556,-69.04167,3808
Desaguadero,2021-03-14,7.7,14.77,2.34,77.0,2.3,3.44,63.21,-16.56556,-69.04167,3808
Desaguadero,2021-03-15,8.18,15.46,2.96,76.95,1.23,2.88,63.2,-16.56556,-69.04167,3808
Desaguadero,2021-03-16,9.8,16.65,3.93,71.94,4.86,1.06,63.12,-16.56556,-69.04167,3808
Desaguadero,2021-03-17,8.24,12.0,5.48,82.55,2.84,2.23,63.1,-16.56556,-69.04167,3808
Desaguadero,2021-03-18,6.15,10.14,4.22,87.71,3.05,1.88,63.12,-16.56556,-69.04167,3808
Desaguadero,2021-03-19,8.02,15.44,2.7,76.74,1.22,1.69,63.05,-16.56556,-69.04167,3808
Desaguadero,2021-03-20,8.23,16.29,1.21,73.28,0.54,2.83,63.1,-16.56556,-69.04167,3808
Desaguadero,2021-03-21,8.2,12.39,5.42,84.46,2.89,3.96,63.24,-16.56556,-69.04167,3808
Desaguadero,2021-03-22,7.95,13.2,4.33,80.07,2.37,3.41,63.28,-16.56556,-69.04167,3808
Desaguadero,2021-03-23,8.06,14.8,2.84,77.87,0.86,3.26,63.27,-16.56556,-69.04167,3808
Desaguadero,2021-03-24,8.52,15.65,2.9,77.26,0.23,2.46,63.26,-16.56556,-69.04167,3808
Desaguadero,2021-03-25,8.33,13.69,3.75,81.16,1.84,2.38,63.28,-16.56556,-69.04167,3808
Desaguadero,2021-03-26,8.62,13.85,5.68,84.46,1.31,2.5,63.24,-16.56556,-69.04167,3808
Desaguadero,2021-03-27,8.07,13.63,4.18,82.05,2.46,3.5,63.19,-16.56556,-69.04167,3808
Desaguadero,2021-03-28,7.87,14.14,2.37,78.35,3.26,3.34,63.2,-16.56556,-69.04167,3808
Desaguadero,2021-03-29,7.55,13.94,3.42,81.13,2.11,2.65,63.24,-16.56556,-69.04167,3808
Desaguadero,2021-03-30,7.13,11.77,3.61,83.81,2.58,2.72,63.25,-16.56556,-69.04167,3808
Desaguadero,2021-03-31,8.55,15.1,3.76,76.05,2.92,2.43,63.17,-16.56556,-69.04167,3808
Desaguadero,2021-04-01,7.64,12.73,4.66,80.45,5.27,1.83,63.1,-16.56556,-69.04167,3808
Desaguadero,2021-04-02,7.66,12.61,4.27,80.06,1.47,2.08,63.21,-16.56556,-69.04167,3808
Desaguadero,2021-04-03,7.67,13.97,3.93,78.56,0.62,2.66,63.27,-16.56556,-69.04167,3808
Desaguadero,2021-04-04,7.3,13.71,1.54,79.04,14.12,2.45,63.23,-16.56556,-69.04167,3808
Desaguadero,2021-04-05,7.76,15.35,1.25,72.67,3.74,1.51,63.26,-16.56556,-69.04167,3808
Desaguadero,2021-04-06,8.65,15.65,2.29,75.93,0.77,1.89,63.25,-16.56556,-69.04167,3808
Desaguadero,2021-04-07,8.91,13.59,5.55,81.98,0.48,1.51,63.27,-16.56556,-69.04167,3808
Desaguadero,2021-04-08,8.7,12.74,5.42,84.77,0.02,1.86,63.27,-16.56556,-69.04167,3808
Desaguadero,2021-04-09,8.76,15.12,3.99,77.77,0.01,2.25,63.31,-16.56556,-69.04167,3808
Desaguadero,2021-04-10,9.08,15.48,4.11,74.96,0.23,2.01,63.21,-16.56556,-69.04167,3808
Desaguadero,2021-04-11,8.08,13.31,4.18,78.72,0.85,2.76,63.22,-16.56556,-69.04167,3808
Desaguadero,2021-04-12,7.22,12.93,3.58,80.99,0.14,3.71,63.34,-16.56556,-69.04167,3808
Desaguadero,2021-04-13,8.4,15.08,2.8,76.88,0.0,2.6,63.37,-16.56556,-69.04167,3808
Desaguadero,2021-04-14,7.68,12.91,3.53,79.02,0.14,2.29,63.29,-16.56556,-69.04167,3808
Desaguadero,2021-04-15,9.38,16.75,3.55,71.11,0.02,1.41,63.2,-16.56556,-69.04167,3808
Desaguadero,2021-04-16,9.35,15.66,5.2,75.61,0.0,2.1,63.2,-16.56556,-69.04167,3808
Desaguadero,2021-04-17,8.93,16.55,3.28,70.23,0.02,1.66,63.24,-16.56556,-69.04167,3808
Desaguadero,2021-04-18,8.96,17.79,1.85,55.86,0.0,1.01,63.24,-16.56556,-69.04167,3808
Desaguadero,2021-04-19,7.49,17.64,-1.71,49.12,1.33,2.05,63.28,-16.56556,-69.04167,3808
Desaguadero,2021-04-20,8.09,15.66,2.62,68.19,0.2,1.11,63.28,-16.56556,-69.04167,3808
Desaguadero,2021-04-21,9.06,16.64,2.86,64.35,0.0,1.8,63.25,-16.56556,-69.04167,3808
Desaguadero,2021-04-22,8.66,14.41,3.05,72.07,0.11,2.69,63.16,-16.56556,-69.04167,3808
Desaguadero,2021-04-23,7.74,15.28,1.21,68.01,3.29,2.73,63.13,-16.56556,-69.04167,3808
Desaguadero,2021-04-24,7.32,15.89,-0.38,61.08,1.52,2.63,63.11,-16.56556,-69.04167,3808
Desaguadero,2021-04-25,6.82,15.33,-0.01,55.68,1.42,2.93,63.15,-16.56556,-69.04167,3808
Desaguadero,2021-04-26,5.17,15.7,-2.94,36.88,0.0,2.14,63.18,-16.56556,-69.04167,3808
Desaguadero,2021-04-27,5.69,14.93,-2.52,50.85,0.32,2.03,63.19,-16.56556,-69.04167,3808
Desaguadero,2021-04-28,7.4,14.6,2.88,70.95,0.49,1.97,63.19,-16.56556,-69.04167,3808
Desaguadero,2021-04-29,6.56,13.14,2.35,73.99,0.08,1.86,63.27,-16.56556,-69.04167,3808
Desaguadero,2021-04-30,7.08,15.31,0.98,61.76,0.0,1.42,63.23,-16.56556,-69.04167,3808
Desaguadero,2021-05-01,6.49,15.98,-1.75,58.14,0.0,1.4,63.28,-16.56556,-69.04167,3808
Desaguadero,2021-05-02,7.58,16.45,0.34,65.01,0.0,1.72,63.31,-16.56556,-69.04167,3808
Desaguadero,2021-05-03,8.02,16.26,1.82,68.47,0.0,1.64,63.31,-16.56556,-69.04167,3808
Desaguadero,2021-05-04,8.94,15.86,4.7,77.06,0.02,2.58,63.37,-16.56556,-69.04167,3808
Desaguadero,2021-05-05,8.03,11.92,4.78,82.36,0.61,1.76,63.43,-16.56556,-69.04167,3808
Desaguadero,2021-05-06,6.08,11.58,1.89,83.33,2.53,2.13,63.4,-16.56556,-69.04167,3808
Desaguadero,2021-05-07,8.08,14.43,3.46,73.88,0.97,1.24,63.3,-16.56556,-69.04167,3808
Desaguadero,2021-05-08,7.75,14.26,3.71,70.6,0.13,1.66,63.37,-16.56556,-69.04167,3808
Desaguadero,2021-05-09,7.08,15.36,1.12,65.4,0.0,1.97,63.36,-16.56556,-69.04167,3808
Desaguadero,2021-05-10,7.71,15.35,2.06,71.45,0.0,1.99,63.35,-16.56556,-69.04167,3808
Desaguadero,2021-05-11,7.95,13.97,3.68,74.97,0.0,1.94,63.31,-16.56556,-69.04167,3808
Desaguadero,2021-05-12,7.53,12.41,4.33,79.78,0.0,3.35,63.29,-16.56556,-69.04167,3808
Desaguadero,2021-05-13,8.31,16.16,1.61,65.64,0.0,2.1,63.31,-16.56556,-69.04167,3808
Desaguadero,2021-05-14,7.17,15.88,-0.46,61.71,0.0,1.52,63.33,-16.56556,-69.04167,3808
Desaguadero,2021-05-15,7.41,15.24,1.89,56.45,0.0,1.68,63.34,-16.56556,-69.04167,3808
Desaguadero,2021-05-16,7.0,15.0,0.42,64.43,0.0,1.21,63.37,-16.56556,-69.04167,3808
Desaguadero,2021-05-17,8.08,14.89,4.18,72.53,0.06,1.9,63.39,-16.56556,-69.04167,3808
Desaguadero,2021-05-18,7.23,13.65,2.55,74.6,0.03,1.99,63.35,-16.56556,-69.04167,3808
Desaguadero,2021-05-19,7.38,15.81,0.92,59.43,0.0,1.26,63.22,-16.56556,-69.04167,3808
Desaguadero,2021-05-20,6.41,15.63,0.27,46.81,0.0,2.26,63.2,-16.56556,-69.04167,3808
Desaguadero,2021-05-21,5.99,15.08,-1.34,42.61,0.0,1.87,63.18,-16.56556,-69.04167,3808
Desaguadero,2021-05-22,7.22,15.57,1.13,49.23,0.09,1.92,63.26,-16.56556,-69.04167,3808
Desaguadero,2021-05-23,5.94,13.59,1.23,68.58,0.4,1.65,63.36,-16.56556,-69.04167,3808
Desaguadero,2021-05-24,6.31,12.77,1.93,70.24,0.64,1.19,63.34,-16.56556,-69.04167,3808
Desaguadero,2021-05-25,5.07,10.27,1.57,74.3,0.33,1.09,63.45,-16.56556,-69.04167,3808
Desaguadero,2021-05-26,6.6,13.34,1.23,74.54,0.39,1.77,63.5,-16.56556,-69.04167,3808
Desaguadero,2021-05-27,6.36,11.89,1.8,74.69,0.0,2.01,63.38,-16.56556,-69.04167,3808
Desaguadero,2021-05-28,7.15,14.58,1.36,68.79,0.01,2.51,63.19,-16.56556,-69.04167,3808
Desaguadero,2021-05-29,6.33,13.83,-0.44,65.31,0.0,2.05,63.21,-16.56556,-69.04167,3808
Desaguadero,2021-05-30,6.18,12.58,1.48,66.39,0.45,2.15,63.32,-16.56556,-69.04167,3808
Desaguadero,2021-05-31,5.79,13.68,-0.16,62.72,0.3,1.48,63.4,-16.56556,-69.04167,3808
Desaguadero,2021-06-01,6.59,15.77,0.2,46.89,0.01,1.94,63.3,-16.56556,-69.04167,3808
Desaguadero,2021-06-02,6.18,15.33,-1.23,45.75,0.0,1.81,63.27,-16.56556,-69.04167,3808
Desaguadero,2021-06-03,7.27,13.48,3.14,80.39,0.0,2.85,63.28,-16.56556,-69.04167,3808
Desaguadero,2021-06-04,6.63,11.75,3.76,80.17,0.78,1.97,63.32,-16.56556,-69.04167,3808
Desaguadero,2021-06-05,7.15,14.84,1.14,64.58,0.07,1.78,63.22,-16.56556,-69.04167,3808
Desaguadero,2021-06-06,6.43,14.44,1.55,60.98,0.11,1.6,63.21,-16.56556,-69.04167,3808
Desaguadero,2021-06-07,4.93,13.92,-1.06,45.4,0.1,1.85,63.24,-16.56556,-69.04167,3808
Desaguadero,2021-06-08,5.57,13.68,-1.11,47.32,0.34,2.05,63.28,-16.56556,-69.04167,3808
Desaguadero,2021-06-09,5.99,14.45,0.77,55.32,0.42,1.78,63.3,-16.56556,-69.04167,3808
Desaguadero,2021-06-10,5.22,13.68,-1.2,44.21,0.48,1.8,63.33,-16.56556,-69.04167,3808
Desaguadero,2021-06-11,4.21,11.54,-0.83,71.17,3.59,2.58,63.29,-16.56556,-69.04167,3808
Desaguadero,2021-06-12,4.82,13.25,-0.89,64.12,0.03,1.26,63.27,-16.56556,-69.04167,3808
Desaguadero,2021-06-13,4.4,13.48,-2.17,50.53,0.0,1.46,63.28,-16.56556,-69.04167,3808
Desaguadero,2021-06-14,4.57,14.14,-2.94,47.91,0.0,1.47,63.33,-16.56556,-69.04167,3808
Desaguadero,2021-06-15,4.8,11.74,-0.32,62.14,0.3,1.83,63.34,-16.56556,-69.04167,3808
Desaguadero,2021-06-16,6.1,12.81,1.52,71.63,0.11,1.55,63.27,-16.56556,-69.04167,3808
Desaguadero,2021-06-17,5.12,11.63,0.64,75.19,0.0,1.73,63.24,-16.56556,-69.04167,3808
Desaguadero,2021-06-18,5.59,13.04,0.37,73.55,0.0,2.52,63.28,-16.56556,-69.04167,3808
Desaguadero,2021-06-19,5.01,13.04,-1.93,72.4,0.0,1.82,63.42,-16.56556,-69.04167,3808
Desaguadero,2021-06-20,6.57,13.5,2.41,75.73,0.0,2.39,63.39,-16.56556,-69.04167,3808
Desaguadero,2021-06-21,6.82,14.27,1.41,74.23,0.0,2.33,63.37,-16.56556,-69.04167,3808
Desaguadero,2021-06-22,6.17,10.83,3.64,85.0,0.02,2.55,63.35,-16.56556,-69.04167,3808
Desaguadero,2021-06-23,6.52,14.87,-0.08,66.58,0.0,2.61,63.33,-16.56556,-69.04167,3808
Desaguadero,2021-06-24,5.32,14.31,-2.23,57.45,0.01,1.9,63.29,-16.56556,-69.04167,3808
Desaguadero,2021-06-25,7.21,12.89,4.03,78.48,0.07,2.47,63.2,-16.56556,-69.04167,3808
Desaguadero,2021-06-26,7.01,14.18,2.27,64.41,0.32,2.02,63.14,-16.56556,-69.04167,3808
Desaguadero,2021-06-27,5.37,12.16,0.04,63.7,0.9,2.43,63.13,-16.56556,-69.04167,3808
Desaguadero,2021-06-28,5.73,13.66,0.57,51.01,0.15,1.84,63.28,-16.56556,-69.04167,3808
Desaguadero,2021-06-29,4.61,12.65,-1.59,47.91,0.0,1.78,63.38,-16.56556,-69.04167,3808
Desaguadero,2021-06-30,4.35,12.71,-1.96,58.38,0.0,1.19,63.35,-16.56556,-69.04167,3808
Desaguadero,2021-07-01,5.43,14.81,-1.26,50.34,0.0,1.84,63.37,-16.56556,-69.04167,3808
Desaguadero,2021-07-02,4.52,13.66,-1.23,37.53,0.0,2.06,63.48,-16.56556,-69.04167,3808
Desaguadero,2021-07-03,3.75,11.77,-2.27,34.42,0.0,1.55,63.55,-16.56556,-69.04167,3808
Desaguadero,2021-07-04,5.7,14.25,0.02,32.01,0.0,1.3,63.44,-16.56556,-69.04167,3808
Desaguadero,2021-07-05,4.7,13.63,-0.31,43.31,0.0,1.97,63.43,-16.56556,-69.04167,3808
Desaguadero,2021-07-06,5.75,14.84,-0.55,52.93,0.0,1.83,63.37,-16.56556,-69.04167,3808
Desaguadero,2021-07-07,6.29,15.97,-1.02,62.66,0.0,2.13,63.25,-16.56556,-69.04167,3808
Desaguadero,2021-07-08,7.03,14.07,2.38,76.0,0.0,2.56,63.28,-16.56556,-69.04167,3808
Desaguadero,2021-07-09,6.36,13.23,2.46,70.33,0.0,0.78,63.32,-16.56556,-69.04167,3808
Desaguadero,2021-07-10,6.98,15.5,0.88,63.78,0.0,1.91,63.31,-16.56556,-69.04167,3808
Desaguadero,2021-07-11,6.95,14.03,3.08,74.19,0.0,2.96,63.33,-16.56556,-69.04167,3808
Desaguadero,2021-07-12,7.5,15.62,2.36,71.35,0.0,2.19,63.31,-16.56556,-69.04167,3808
Desaguadero,2021-07-13,8.05,14.4,3.44,67.15,0.0,1.72,63.35,-16.56556,-69.04167,3808
Desaguadero,2021-07-14,6.93,13.69,1.44,69.37,0.22,1.82,63.32,-16.56556,-69.04167,3808
Desaguadero,2021-07-15,8.03,14.0,3.39,75.29,0.53,2.62,63.27,-16.56556,-69.04167,3808
Desaguadero,2021-07-16,7.68,15.4,2.26,58.5,0.35,2.78,63.25,-16.56556,-69.04167,3808
Desaguadero,2021-07-17,6.47,14.89,-0.1,53.89,0.23,1.64,63.34,-16.56556,-69.04167,3808
Desaguadero,2021-07-18,4.93,9.09,1.07,85.76,0.51,2.43,63.45,-16.56556,-69.04167,3808
Desaguadero,2021-07-19,6.27,13.35,0.9,64.31,0.0,1.49,63.34,-16.56556,-69.04167,3808
Desaguadero,2021-07-20,4.68,8.86,1.49,57.65,0.01,1.45,63.33,-16.56556,-69.04167,3808
Desaguadero,2021-07-21,5.97,14.27,-0.21,63.87,0.0,1.56,63.4,-16.56556,-69.04167,3808
Desaguadero,2021-07-22,5.59,14.36,-0.81,70.3,0.0,2.06,63.52,-16.56556,-69.04167,3808
Desaguadero,2021-07-23,6.57,14.2,0.58,67.25,0.0,1.81,63.44,-16.56556,-69.04167,3808
Desaguadero,2021-07-24,6.9,14.59,0.85,61.04,0.0,1.76,63.38,-16.56556,-69.04167,3808
Desaguadero,2021-07-25,6.53,13.31,0.73,62.56,0.0,1.9,63.33,-16.56556,-69.04167,3808
Desaguadero,2021-07-26,6.86,13.73,1.38,67.38,0.0,2.36,63.27,-16.56556,-69.04167,3808
Desaguadero,2021-07-27,7.5,14.35,2.7,63.57,0.0,1.98,63.28,-16.56556,-69.04167,3808
Desaguadero,2021-07-28,6.23,13.98,0.19,63.15,0.0,2.05,63.18,-16.56556,-69.04167,3808
Desaguadero,2021-07-29,6.4,13.6,1.03,66.77,0.0,2.29,63.17,-16.56556,-69.04167,3808
Desaguadero,2021-07-30,5.72,13.07,0.49,66.27,0.0,2.62,63.2,-16.56556,-69.04167,3808
Desaguadero,2021-07-31,6.31,13.51,1.16,68.98,0.0,2.58,63.26,-16.56556,-69.04167,3808
Desaguadero,2021-08-01,4.42,10.96,-0.01,77.21,0.0,3.38,63.49,-16.56556,-69.04167,3808
Desaguadero,2021-08-02,4.29,10.95,-1.23,77.72,1.19,1.99,63.53,-16.56556,-69.04167,3808
Desaguadero,2021-08-03,4.26,10.72,0.15,76.16,1.73,2.61,63.45,-16.56556,-69.04167,3808
Desaguadero,2021-08-04,2.97,8.05,-1.26,79.63,1.73,3.44,63.49,-16.56556,-69.04167,3808
Desaguadero,2021-08-05,5.15,13.07,-0.68,65.18,0.02,2.07,63.46,-16.56556,-69.04167,3808
Desaguadero,2021-08-06,5.2,14.39,-1.19,52.54,0.0,1.66,63.44,-16.56556,-69.04167,3808
Desaguadero,2021-08-07,6.46,15.41,-0.28,61.43,0.0,1.53,63.32,-16.56556,-69.04167,3808
Desaguadero,2021-08-08,6.63,15.64,-1.35,50.07,0.0,1.49,63.34,-16.56556,-69.04167,3808
Desaguadero,2021-08-09,7.92,15.94,2.48,71.79,0.0,2.24,63.4,-16.56556,-69.04167,3808
Desaguadero,2021-08-10,7.53,13.51,3.24,77.74,0.0,3.26,63.37,-16.56556,-69.04167,3808
Desaguadero,2021-08-11,6.35,11.79,2.92,79.94,0.0,3.19,63.35,-16.56556,-69.04167,3808
Desaguadero,2021-08-12,6.76,15.45,-0.6,57.78,0.0,2.23,63.3,-16.56556,-69.04167,3808
Desaguadero,2021-08-13,5.54,15.46,-2.24,50.32,0.0,2.48,63.33,-16.56556,-69.04167,3808
Desaguadero,2021-08-14,6.11,15.33,-1.19,53.98,0.0,2.22,63.36,-16.56556,-69.04167,3808
Desaguadero,2021-08-15,6.76,14.71,0.75,61.91,0.0,1.59,63.29,-16.56556,-69.04167,3808
Desaguadero,2021-08-16,6.21,15.57,-1.72,44.9,0.0,1.37,63.29,-16.56556,-69.04167,3808
Desaguadero,2021-08-17,7.71,16.8,0.93,62.93,0.0,1.77,63.36,-16.56556,-69.04167,3808
Desaguadero,2021-08-18,7.35,15.55,2.15,66.04,0.0,2.17,63.46,-16.56556,-69.04167,3808
Desaguadero,2021-08-19,7.44,16.1,0.42,55.89,0.0,1.47,63.3,-16.56556,-69.04167,3808
Desaguadero,2021-08-20,6.3,15.96,-3.19,43.4,0.0,2.49,63.2,-16.56556,-69.04167,3808
Desaguadero,2021-08-21,7.73,14.18,3.89,74.87,0.0,3.09,63.23,-16.56556,-69.04167,3808
Desaguadero,2021-08-22,8.95,16.99,3.02,65.65,0.0,1.59,63.18,-16.56556,-69.04167,3808
Desaguadero,2021-08-23,8.48,15.59,3.62,66.78,0.0,2.09,63.08,-16.56556,-69.04167,3808
Desaguadero,2021-08-24,8.65,16.16,3.67,60.31,0.11,2.14,62.96,-16.56556,-69.04167,3808
Desaguadero,2021-08-25,6.84,16.62,-1.01,44.71,0.34,3.49,62.99,-16.56556,-69.04167,3808
Desaguadero,2021-08-26,6.9,15.12,-1.15,54.98,1.09,3.72,63.04,-16.56556,-69.04167,3808
Desaguadero,2021-08-27,6.76,16.61,-1.06,45.26,0.11,2.94,63.1,-16.56556,-69.04167,3808
Desaguadero,2021-08-28,6.72,15.67,-1.51,47.84,0.0,2.29,63.29,-16.56556,-69.04167,3808
Desaguadero,2021-08-29,7.02,13.79,1.86,72.05,0.0,2.16,63.42,-16.56556,-69.04167,3808
Desaguadero,2021-08-30,7.42,15.0,2.23,67.21,0.0,1.82,63.36,-16.56556,-69.04167,3808
Desaguadero,2021-08-31,7.31,15.61,1.62,68.46,0.0,2.7,63.37,-16.56556,-69.04167,3808
Desaguadero,2021-09-01,7.18,16.6,0.04,65.32,0.0,2.66,63.39,-16.56556,-69.04167,3808
Desaguadero,2021-09-02,9.4,18.41,2.41,64.28,0.0,1.86,63.31,-16.56556,-69.04167,3808
Desaguadero,2021-09-03,9.37,17.12,4.12,68.88,0.69,2.45,63.35,-16.56556,-69.04167,3808
Desaguadero,2021-09-04,10.05,17.33,5.2,70.29,0.12,2.21,63.3,-16.56556,-69.04167,3808
Desaguadero,2021-09-05,8.99,15.22,4.93,68.94,0.03,3.37,63.35,-16.56556,-69.04167,3808
Desaguadero,2021-09-06,8.22,15.7,1.25,67.09,0.02,3.55,63.33,-16.56556,-69.04167,3808
Desaguadero,2021-09-07,8.43,13.88,3.36,74.17,0.58,3.46,63.21,-16.56556,-69.04167,3808
Desaguadero,2021-09-08,9.79,16.51,5.38,68.61,0.34,3.43,63.17,-16.56556,-69.04167,3808
Desaguadero,2021-09-09,8.87,15.73,3.47,69.36,1.11,3.65,63.21,-16.56556,-69.04167,3808
Desaguadero,2021-09-10,8.11,16.43,1.72,64.99,0.43,2.66,63.25,-16.56556,-69.04167,3808
Desaguadero,2021-09-11,8.23,15.47,2.37,69.62,0.01,3.58,63.34,-16.56556,-69.04167,3808
Desaguadero,2021-09-12,9.33,16.19,4.0,69.66,0.0,3.19,63.31,-16.56556,-69.04167,3808
Desaguadero,2021-09-13,10.4,17.6,5.67,66.82,0.01,2.46,63.24,-16.56556,-69.04167,3808
Desaguadero,2021-09-14,10.22,17.27,5.39,66.48,0.0,2.52,63.22,-16.56556,-69.04167,3808
Desaguadero,2021-09-15,7.64,11.08,5.29,78.36,0.1,4.94,63.32,-16.56556,-69.04167,3808
Desaguadero,2021-09-16,7.82,14.62,3.06,71.31,0.58,4.51,63.49,-16.56556,-69.04167,3808
Desaguadero,2021-09-17,8.4,16.77,2.26,68.54,0.21,3.11,63.47,-16.56556,-69.04167,3808
Desaguadero,2021-09-18,8.32,15.66,3.47,71.19,0.0,3.23,63.34,-16.56556,-69.04167,3808
Desaguadero,2021-09-19,7.86,15.3,1.51,69.82,1.08,3.53,63.24,-16.56556,-69.04167,3808
Desaguadero,2021-09-20,7.77,12.1,4.23,75.49,0.39,4.47,63.3,-16.56556,-69.04167,3808
Desaguadero,2021-09-21,7.75,13.25,3.24,72.13,4.25,3.88,63.43,-16.56556,-69.04167,3808
Desaguadero,2021-09-22,5.81,11.28,2.0,78.18,4.32,1.72,63.41,-16.56556,-69.04167,3808
Desaguadero,2021-09-23,6.6,12.33,2.64,74.71,3.04,4.21,63.42,-16.56556,-69.04167,3808
Desaguadero,2021-09-24,7.57,15.25,1.2,67.47,0.31,3.36,63.49,-16.56556,-69.04167,3808
Desaguadero,2021-09-25,8.78,16.98,2.48,65.83,0.0,2.32,63.5,-16.56556,-69.04167,3808
Desaguadero,2021-09-26,9.82,17.33,3.89,66.42,0.0,2.13,63.44,-16.56556,-69.04167,3808
Desaguadero,2021-09-27,10.29,17.85,5.12,67.7,0.0,2.2,63.43,-16.56556,-69.04167,3808
Desaguadero,2021-09-28,10.91,18.89,5.21,62.53,0.0,2.52,63.35,-16.56556,-69.04167,3808
Desaguadero,2021-09-29,8.99,15.14,3.57,70.87,0.0,3.7,63.35,-16.56556,-69.04167,3808
Desaguadero,2021-09-30,9.34,17.94,3.6,63.27,0.0,2.71,63.31,-16.56556,-69.04167,3808
Desaguadero,2021-10-01,9.83,18.38,3.53,62.41,0.0,2.71,63.22,-16.56556,-69.04167,3808
Desaguadero,2021-10-02,10.44,17.12,5.5,64.04,0.0,2.0,63.12,-16.56556,-69.04167,3808
Desaguadero,2021-10-03,9.97,17.21,4.14,65.15,0.11,2.9,63.11,-16.56556,-69.04167,3808
Desaguadero,2021-10-04,9.81,17.17,4.92,67.36,7.61,4.2,63.18,-16.56556,-69.04167,3808
Desaguadero,2021-10-05,8.2,14.49,3.6,71.21,11.04,3.24,63.23,-16.56556,-69.04167,3808
Desaguadero,2021-10-06,8.19,13.97,3.52,74.09,4.42,2.65,63.25,-16.56556,-69.04167,3808
Desaguadero,2021-10-07,6.85,12.3,2.12,73.13,2.17,1.78,63.27,-16.56556,-69.04167,3808
Desaguadero,2021-10-08,8.37,15.39,1.75,69.45,4.4,2.64,63.22,-16.56556,-69.04167,3808
Desaguadero,2021-10-09,9.88,16.91,3.6,69.58,0.4,3.14,63.27,-16.56556,-69.04167,3808
Desaguadero,2021-10-10,10.48,18.61,4.91,64.98,3.1,2.3,63.28,-16.56556,-69.04167,3808
Desaguadero,2021-10-11,9.56,15.38,3.7,74.68,3.17,2.86,63.36,-16.56556,-69.04167,3808
Desaguadero,2021-10-12,9.95,16.15,5.27,71.16,0.07,3.56,63.38,-16.56556,-69.04167,3808
Desaguadero,2021-10-13,12.06,21.16,4.63,49.57,0.0,2.55,63.26,-16.56556,-69.04167,3808
Desaguadero,2021-10-14,11.7,19.61,3.97,50.13,0.0,2.55,63.12,-16.56556,-69.04167,3808
Desaguadero,2021-10-15,11.07,19.43,3.83,50.26,0.0,2.67,63.19,-16.56556,-69.04167,3808
Desaguadero,2021-10-16,10.06,18.22,4.95,58.7,0.67,1.58,63.25,-16.56556,-69.04167,3808
Desaguadero,2021-10-17,10.47,19.35,2.96,46.4,0.0,1.32,63.27,-16.56556,-69.04167,3808
Desaguadero,2021-10-18,9.43,18.53,0.04,43.75,0.0,2.19,63.28,-16.56556,-69.04167,3808
Desaguadero,2021-10-19,9.13,14.28,5.75,72.92,0.0,3.73,63.3,-16.56556,-69.04167,3808
Desaguadero,2021-10-20,10.69,18.53,4.93,62.43,0.0,2.05,63.34,-16.56556,-69.04167,3808
Desaguadero,2021-10-21,10.35,19.93,1.39,46.02,0.0,1.88,63.3,-16.56556,-69.04167,3808
Desaguadero,2021-10-22,11.11,19.91,4.16,56.42,0.0,2.12,63.22,-16.56556,-69.04167,3808
Desaguadero,2021-10-23,11.48,21.12,2.28,37.72,0.0,2.2,63.19,-16.56556,-69.04167,3808
Desaguadero,2021-10-24,9.89,19.02,2.3,42.01,0.0,3.74,63.2,-16.56556,-69.04167,3808
Desaguadero,2021-10-25,8.63,17.31,1.59,54.29,0.0,3.08,63.26,-16.56556,-69.04167,3808
Desaguadero,2021-10-26,7.71,16.35,1.04,58.59,0.05,3.59,63.3,-16.56556,-69.04167,3808
Desaguadero,2021-10-27,8.54,16.88,1.6,63.22,0.02,3.3,63.37,-16.56556,-69.04167,3808
Desaguadero,2021-10-28,9.5,16.44,4.36,69.08,8.94,4.34,63.47,-16.56556,-69.04167,3808
Desaguadero,2021-10-29,9.23,15.6,4.27,67.57,0.95,3.94,63.4,-16.56556,-69.04167,3808
Desaguadero,2021-10-30,10.16,17.14,5.04,67.62,15.43,2.13,63.25,-16.56556,-69.04167,3808
Desaguadero,2021-10-31,10.14,16.22,5.47,66.94,2.32,2.63,63.33,-16.56556,-69.04167,3808
Desaguadero,2021-11-01,9.68,15.65,6.27,71.05,0.04,2.28,63.3,-16.56556,-69.04167,3808
Desaguadero,2021-11-02,8.97,13.57,6.04,72.46,7.3,1.55,63.23,-16.56556,-69.04167,3808
Desaguadero,2021-11-03,9.17,16.73,3.88,64.29,0.07,2.07,63.16,-16.56556,-69.04167,3808
Desaguadero,2021-11-04,10.09,18.05,2.84,53.02,0.77,2.65,63.08,-16.56556,-69.04167,3808
Desaguadero,2021-11-05,10.48,17.15,5.26,62.23,0.3,1.87,63.09,-16.56556,-69.04167,3808
Desaguadero,2021-11-06,10.19,17.69,4.11,55.51,0.03,1.99,63.17,-16.56556,-69.04167,3808
Desaguadero,2021-11-07,9.98,16.87,3.34,55.28,0.76,1.94,63.19,-16.56556,-69.04167,3808
Desaguadero,2021-11-08,10.82,18.33,5.13,61.14,0.56,2.11,63.15,-16.56556,-69.04167,3808
Desaguadero,2021-11-09,10.29,16.38,6.42,68.63,4.06,2.44,63.16,-16.56556,-69.04167,3808
Desaguadero,2021-11-10,9.97,15.88,5.25,68.17,3.69,2.6,63.1,-16.56556,-69.04167,3808
Desaguadero,2021-11-11,10.07,16.53,5.44,70.08,2.37,3.23,63.17,-16.56556,-69.04167,3808
Desaguadero,2021-11-12,7.61,13.15,2.91,76.11,2.34,2.22,63.28,-16.56556,-69.04167,3808
Desaguadero,2021-11-13,9.7,17.62,3.61,67.0,0.94,2.09,63.12,-16.56556,-69.04167,3808
Desaguadero,2021-11-14,8.5,15.55,2.44,64.68,0.09,1.98,63.11,-16.56556,-69.04167,3808
Desaguadero,2021-11-15,10.54,17.12,5.8,67.22,3.3,2.18,63.09,-16.56556,-69.04167,3808
Desaguadero,2021-11-16,9.69,17.59,3.81,68.17,1.2,1.43,63.1,-16.56556,-69.04167,3808
Desaguadero,2021-11-17,9.08,16.78,3.4,70.3,3.23,2.07,63.07,-16.56556,-69.04167,3808
Desaguadero,2021-11-18,10.91,19.45,2.92,50.64,0.2,1.52,63.0,-16.56556,-69.04167,3808
Desaguadero,2021-11-19,10.41,17.12,5.52,61.3,0.55,2.52,63.08,-16.56556,-69.04167,3808
Desaguadero,2021-11-20,10.33,17.6,5.24,66.62,0.2,3.71,63.16,-16.56556,-69.04167,3808
Desaguadero,2021-11-21,10.58,17.87,4.27,65.38,0.01,3.96,63.2,-16.56556,-69.04167,3808
Desaguadero,2021-11-22,11.0,18.74,4.51,66.08,0.0,3.36,63.15,-16.56556,-69.04167,3808
Desaguadero,2021-11-23,10.04,16.57,4.23,66.1,0.24,3.63,63.27,-16.56556,-69.04167,3808
Desaguadero,2021-11-24,9.04,16.98,3.44,70.58,1.79,3.0,63.27,-16.56556,-69.04167,3808
Desaguadero,2021-11-25,10.97,18.14,5.96,68.15,11.9,2.17,63.22,-16.56556,-69.04167,3808
Desaguadero,2021-11-26,9.97,15.18,5.48,73.0,3.59,3.99,63.19,-16.56556,-69.04167,3808
Desaguadero,2021-11-27,10.58,18.2,3.88,63.18,2.36,4.11,63.12,-16.56556,-69.04167,3808
Desaguadero,2021-11-28,10.54,17.19,5.33,71.3,2.65,2.64,63.02,-16.56556,-69.04167,3808
Desaguadero,2021-11-29,9.86,16.37,4.55,70.63,8.55,2.4,63.06,-16.56556,-69.04167,3808
Desaguadero,2021-11-30,10.8,15.91,7.07,72.45,1.46,2.47,63.07,-16.56556,-69.04167,3808
Desaguadero,2021-12-01,11.78,18.6,7.04,66.83,0.24,2.86,63.1,-16.56556,-69.04167,3808
Desaguadero,2021-12-02,10.14,14.93,6.85,72.86,8.81,2.78,63.18,-16.56556,-69.04167,3808
Desaguadero,2021-12-03,8.45,14.37,3.45,80.01,13.24,3.74,63.1,-16.56556,-69.04167,3808
Desaguadero,2021-12-04,8.45,14.21,3.15,74.93,13.56,3.99,63.23,-16.56556,-69.04167,3808
Desaguadero,2021-12-05,8.01,12.05,4.14,83.4,6.55,4.09,63.29,-16.56556,-69.04167,3808
Desaguadero,2021-12-06,7.93,14.88,2.48,76.19,1.98,3.88,63.33,-16.56556,-69.04167,3808
Desaguadero,2021-12-07,9.87,16.99,4.32,72.38,10.65,2.08,63.28,-16.56556,-69.04167,3808
Desaguadero,2021-12-08,8.32,16.64,2.12,74.73,7.39,2.6,63.24,-16.56556,-69.04167,3808
Desaguadero,2021-12-09,9.07,15.66,4.45,73.85,2.28,3.68,63.21,-16.56556,-69.04167,3808
Desaguadero,2021-12-10,9.4,16.28,3.66,74.25,19.06,2.8,63.07,-16.56556,-69.04167,3808
Desaguadero,2021-12-11,8.88,17.47,1.86,67.84,7.62,1.77,62.94,-16.56556,-69.04167,3808
Desaguadero,2021-12-12,8.7,17.31,0.72,55.73,0.33,2.14,62.9,-16.56556,-69.04167,3808
Desaguadero,2021-12-13,10.29,18.61,2.77,54.97,0.56,2.45,63.01,-16.56556,-69.04167,3808
Desaguadero,2021-12-14,8.91,15.09,3.96,69.85,4.96,2.0,63.12,-16.56556,-69.04167,3808
Desaguadero,2021-12-15,9.01,16.25,4.21,69.04,2.48,1.52,63.1,-16.56556,-69.04167,3808
Desaguadero,2021-12-16,8.91,14.81,5.24,74.72,6.74,1.74,63.13,-16.56556,-69.04167,3808
Desaguadero,2021-12-17,9.05,15.77,4.25,74.11,6.99,2.77,63.18,-16.56556,-69.04167,3808
Desaguadero,2021-12-18,8.89,15.86,2.88,73.92,7.15,2.51,63.22,-16.56556,-69.04167,3808
Desaguadero,2021-12-19,9.19,14.21,4.1,72.64,1.76,2.25,63.15,-16.56556,-69.04167,3808
Desaguadero,2021-12-20,8.33,13.03,3.46,78.55,5.74,1.65,63.09,-16.56556,-69.04167,3808
Desaguadero,2021-12-21,9.36,13.96,5.64,80.4,13.15,2.69,62.99,-16.56556,-69.04167,3808
Desaguadero,2021-12-22,7.91,13.3,3.43,80.42,14.31,2.77,63.03,-16.56556,-69.04167,3808
Desaguadero,2021-12-23,9.16,14.14,4.86,78.22,4.21,3.09,63.11,-16.56556,-69.04167,3808
Desaguadero,2021-12-24,10.02,15.24,5.76,78.25,3.22,2.72,63.11,-16.56556,-69.04167,3808
Desaguadero,2021-12-25,9.8,15.89,4.77,73.26,1.12,2.66,63.16,-16.56556,-69.04167,3808
Desaguadero,2021-12-26,6.39,12.4,2.34,77.81,9.9,2.68,63.26,-16.56556,-69.04167,3808
Desaguadero,2021-12-27,9.84,18.12,1.5,62.8,1.59,2.05,63.21,-16.56556,-69.04167,3808
Desaguadero,2021-12-28,8.99,15.47,3.81,73.95,1.79,2.84,63.21,-16.56556,-69.04167,3808
Desaguadero,2021-12-29,9.27,16.69,2.09,72.09,6.29,2.79,63.28,-16.56556,-69.04167,3808
Desaguadero,2021-12-30,10.8,17.9,5.4,69.54,1.43,2.44,63.24,-16.56556,-69.04167,3808
Desaguadero,2021-12-31,10.24,18.35,4.27,65.81,0.25,2.76,63.27,-16.56556,-69.04167,3808
Desaguadero,2022-01-01,11.61,19.55,4.7,51.16,0.01,1.59,63.24,-16.56556,-69.04167,3808
Desaguadero,2022-01-02,12.32,20.28,5.59,56.12,0.73,1.45,63.22,-16.56556,-69.04167,3808
Desaguadero,2022-01-03,11.37,17.88,5.85,61.63,1.62,1.65,63.21,-16.56556,-69.04167,3808
Desaguadero,2022-01-04,10.79,17.17,5.39,64.33,0.52,1.57,63.06,-16.56556,-69.04167,3808
Desaguadero,2022-01-05,8.69,14.55,4.36,73.16,1.23,3.56,63.05,-16.56556,-69.04167,3808
Desaguadero,2022-01-06,8.87,14.62,4.44,75.26,0.5,3.35,63.13,-16.56556,-69.04167,3808
Desaguadero,2022-01-07,9.72,16.57,4.11,73.12,0.06,3.13,63.15,-16.56556,-69.04167,3808
Desaguadero,2022-01-08,9.61,16.04,4.12,71.95,0.3,3.38,63.17,-16.56556,-69.04167,3808
Desaguadero,2022-01-09,7.8,11.64,4.78,77.98,3.58,2.14,63.17,-16.56556,-69.04167,3808
Desaguadero,2022-01-10,7.95,12.82,4.16,77.87,1.43,2.52,63.18,-16.56556,-69.04167,3808
Desaguadero,2022-01-11,8.38,13.9,3.94,76.63,4.83,3.23,63.18,-16.56556,-69.04167,3808
Desaguadero,2022-01-12,8.65,14.81,3.63,75.61,3.1,3.02,63.23,-16.56556,-69.04167,3808
Desaguadero,2022-01-13,8.02,13.78,4.37,75.11,0.42,2.44,63.22,-16.56556,-69.04167,3808
Desaguadero,2022-01-14,6.59,12.23,2.53,77.05,3.94,2.77,63.26,-16.56556,-69.04167,3808
Desaguadero,2022-01-15,8.19,15.31,2.38,72.69,2.54,2.94,63.28,-16.56556,-69.04167,3808
Desaguadero,2022-01-16,8.41,14.99,3.41,75.94,1.36,2.99,63.24,-16.56556,-69.04167,3808
Desaguadero,2022-01-17,9.28,14.97,4.28,75.19,5.73,3.14,63.15,-16.56556,-69.04167,3808
Desaguadero,2022-01-18,7.72,12.18,4.19,82.52,4.81,3.2,63.2,-16.56556,-69.04167,3808
Desaguadero,2022-01-19,8.91,16.13,3.55,75.43,2.26,3.6,63.28,-16.56556,-69.04167,3808
Desaguadero,2022-01-20,9.28,17.19,2.63,71.02,0.72,3.37,63.25,-16.56556,-69.04167,3808
Desaguadero,2022-01-21,9.5,15.73,4.23,74.97,8.73,3.24,63.14,-16.56556,-69.04167,3808
Desaguadero,2022-01-22,9.78,16.17,4.49,75.34,1.23,3.69,63.08,-16.56556,-69.04167,3808
Desaguadero,2022-01-23,9.79,16.24,4.88,73.92,7.41,3.83,63.11,-16.56556,-69.04167,3808
Desaguadero,2022-01-24,7.67,12.49,4.04,78.91,3.99,4.04,63.15,-16.56556,-69.04167,3808
Desaguadero,2022-01-25,8.05,14.58,3.23,76.27,1.06,3.68,63.2,-16.56556,-69.04167,3808
Desaguadero,2022-01-26,9.26,16.57,2.78,73.36,4.36,2.24,63.16,-16.56556,-69.04167,3808
Desaguadero,2022-01-27,7.97,12.47,4.08,81.81,2.8,2.68,63.16,-16.56556,-69.04167,3808
Desaguadero,2022-01-28,8.92,15.25,3.72,77.84,8.28,2.68,63.1,-16.56556,-69.04167,3808
Desaguadero,2022-01-29,9.34,16.41,4.75,76.68,8.79,2.48,63.01,-16.56556,-69.04167,3808
Desaguadero,2022-01-30,7.9,12.63,3.31,82.65,8.56,2.52,63.02,-16.56556,-69.04167,3808
Desaguadero,2022-01-31,8.38,14.24,2.87,80.35,18.23,3.36,62.96,-16.56556,-69.04167,3808
Desaguadero,2022-02-01,6.39,11.12,2.53,81.77,10.63,3.03,63.06,-16.56556,-69.04167,3808
Desaguadero,2022-02-02,8.71,15.12,3.6,77.48,9.63,2.16,63.07,-16.56556,-69.04167,3808
Desaguadero,2022-02-03,8.84,15.82,2.58,77.17,18.92,2.18,63.1,-16.56556,-69.04167,3808
Desaguadero,2022-02-04,8.69,15.29,3.05,75.29,3.39,1.71,63.14,-16.56556,-69.04167,3808
Desaguadero,2022-02-05,9.67,18.46,2.42,60.74,0.19,2.24,63.1,-16.56556,-69.04167,3808
Desaguadero,2022-02-06,7.9,12.21,5.13,82.55,13.79,3.4,63.21,-16.56556,-69.04167,3808
Desaguadero,2022-02-07,8.88,15.46,3.77,76.71,1.04,3.09,63.26,-16.56556,-69.04167,3808
Desaguadero,2022-02-08,8.61,15.6,3.44,74.18,0.37,1.96,63.2,-16.56556,-69.04167,3808
Desaguadero,2022-02-09,9.01,15.23,4.3,75.23,22.76,2.72,63.09,-16.56556,-69.04167,3808
Desaguadero,2022-02-10,8.62,14.39,3.81,76.91,9.12,2.55,63.0,-16.56556,-69.04167,3808
Desaguadero,2022-02-11,7.82,13.9,2.74,76.52,7.3,1.47,63.01,-16.56556,-69.04167,3808
Desaguadero,2022-02-12,5.69,10.24,1.9,86.0,3.04,2.15,63.14,-16.56556,-69.04167,3808
Desaguadero,2022-02-13,6.13,10.67,3.31,85.02,0.13,2.16,63.2,-16.56556,-69.04167,3808
Desaguadero,2022-02-14,8.85,15.9,3.38,76.78,1.46,2.68,63.17,-16.56556,-69.04167,3808
Desaguadero,2022-02-15,9.06,16.25,3.75,76.99,1.09,3.53,63.23,-16.56556,-69.04167,3808
Desaguadero,2022-02-16,8.38,13.23,4.71,80.05,1.41,3.43,63.32,-16.56556,-69.04167,3808
Desaguadero,2022-02-17,8.19,13.51,4.13,81.83,13.19,3.18,63.27,-16.56556,-69.04167,3808
Desaguadero,2022-02-18,8.3,14.8,4.57,80.38,8.02,2.57,63.15,-16.56556,-69.04167,3808
Desaguadero,2022-02-19,9.89,17.89,3.69,72.26,3.49,1.69,63.06,-16.56556,-69.04167,3808
Desaguadero,2022-02-20,8.34,15.64,3.6,68.78,5.64,3.35,63.1,-16.56556,-69.04167,3808
Desaguadero,2022-02-21,7.18,12.38,2.76,76.99,0.87,2.85,63.16,-16.56556,-69.04167,3808
Desaguadero,2022-02-22,7.27,12.46,2.83,80.59,5.4,2.68,63.24,-16.56556,-69.04167,3808
Desaguadero,2022-02-23,8.17,13.83,4.32,81.93,10.18,3.29,63.22,-16.56556,-69.04167,3808
Desaguadero,2022-02-24,8.65,15.71,3.11,79.02,2.14,2.85,63.2,-16.56556,-69.04167,3808
Desaguadero,2022-02-25,8.87,14.83,3.27,77.25,0.34,3.76,63.34,-16.56556,-69.04167,3808
Desaguadero,2022-02-26,8.55,13.13,4.69,81.34,3.26,3.85,63.42,-16.56556,-69.04167,3808
Desaguadero,2022-02-27,8.88,14.15,4.28,77.19,1.25,1.82,63.35,-16.56556,-69.04167,3808
Desaguadero,2022-02-28,9.51,16.33,4.56,77.66,0.65,2.6,63.26,-16.56556,-69.04167,3808
Desaguadero,2022-03-01,8.41,13.18,4.67,80.85,1.23,2.89,63.29,-16.56556,-69.04167,3808
Desaguadero,2022-03-02,8.36,15.25,3.4,77.04,0.02,3.33,63.29,-16.56556,-69.04167,3808
Desaguadero,2022-03-03,8.33,14.19,4.11,78.17,6.76,2.99,63.27,-16.56556,-69.04167,3808
Desaguadero,2022-03-04,9.59,16.53,3.65,76.55,1.01,2.1,63.2,-16.56556,-69.04167,3808
Desaguadero,2022-03-05,10.4,17.29,5.59,75.32,0.21,2.63,63.15,-16.56556,-69.04167,3808
Desaguadero,2022-03-06,10.0,16.53,4.87,74.43,0.59,2.06,63.12,-16.56556,-69.04167,3808
Desaguadero,2022-03-07,9.11,13.87,5.03,74.59,1.75,1.79,63.14,-16.56556,-69.04167,3808
Desaguadero,2022-03-08,7.92,14.9,2.75,79.38,1.03,3.38,63.14,-16.56556,-69.04167,3808
Desaguadero,2022-03-09,8.88,16.72,2.26,72.58,0.21,2.54,63.14,-16.56556,-69.04167,3808
Desaguadero,2022-03-10,9.27,15.83,4.64,78.53,2.93,2.4,63.1,-16.56556,-69.04167,3808
Desaguadero,2022-03-11,7.93,13.26,5.03,82.73,1.37,3.79,63.1,-16.56556,-69.04167,3808
Desaguadero,2022-03-12,7.97,12.37,3.93,79.97,3.27,2.74,63.13,-16.56556,-69.04167,3808
Desaguadero,2022-03-13,7.94,14.1,3.52,79.51,7.38,2.85,63.17,-16.56556,-69.04167,3808
Desaguadero,2022-03-14,6.49,13.2,1.4,82.51,17.61,2.74,63.17,-16.56556,-69.04167,3808
Desaguadero,2022-03-15,4.32,8.44,1.48,84.61,12.66,2.3,63.24,-16.56556,-69.04167,3808
Desaguadero,2022-03-16,6.28,13.43,0.57,77.71,4.68,2.18,63.18,-16.56556,-69.04167,3808
Desaguadero,2022-03-17,7.76,14.83,1.67,74.93,0.13,1.99,63.14,-16.56556,-69.04167,3808
Desaguadero,2022-03-18,8.64,15.53,3.43,75.05,2.19,2.32,63.25,-16.56556,-69.04167,3808
Desaguadero,2022-03-19,8.29,15.02,3.75,79.03,0.92,3.11,63.32,-16.56556,-69.04167,3808
Desaguadero,2022-03-20,8.38,15.14,3.76,80.33,3.0,3.24,63.31,-16.56556,-69.04167,3808
Desaguadero,2022-03-21,8.61,15.47,3.74,79.83,7.77,2.72,63.22,-16.56556,-69.04167,3808
Desaguadero,2022-03-22,8.9,16.22,2.42,77.73,1.19,2.65,63.17,-16.56556,-69.04167,3808
Desaguadero,2022-03-23,9.52,15.78,3.97,73.63,0.25,2.08,63.17,-16.56556,-69.04167,3808
Desaguadero,2022-03-24,8.03,15.4,1.75,75.41,0.08,2.38,63.16,-16.56556,-69.04167,3808
Desaguadero,2022-03-25,9.02,15.11,4.48,80.06,3.46,3.91,63.15,-16.56556,-69.04167,3808
Desaguadero,2022-03-26,6.88,11.66,3.25,82.33,2.95,2.05,63.17,-16.56556,-69.04167,3808
Desaguadero,2022-03-27,8.48,15.41,3.81,78.0,1.75,2.61,63.27,-16.56556,-69.04167,3808
Desaguadero,2022-03-28,8.6,14.75,4.33,81.69,3.97,2.88,63.36,-16.56556,-69.04167,3808
Desaguadero,2022-03-29,9.97,16.64,5.21,74.62,0.9,1.75,63.24,-16.56556,-69.04167,3808
Desaguadero,2022-03-30,9.54,16.87,4.23,72.91,0.61,2.23,63.15,-16.56556,-69.04167,3808
Desaguadero,2022-03-31,7.85,14.44,2.88,78.28,1.49,2.36,63.16,-16.56556,-69.04167,3808
Desaguadero,2022-04-01,7.66,15.24,2.3,75.41,0.22,3.15,63.2,-16.56556,-69.04167,3808
Desaguadero,2022-04-02,7.41,14.34,2.54,78.06,8.82,2.56,63.2,-16.56556,-69.04167,3808
Desaguadero,2022-04-03,8.12,15.38,1.49,70.31,7.32,1.47,63.19,-16.56556,-69.04167,3808
Desaguadero,2022-04-04,7.1,13.57,1.86,77.93,3.43,2.95,63.26,-16.56556,-69.04167,3808
Desaguadero,2022-04-05,7.42,14.67,2.22,77.35,1.73,2.69,63.35,-16.56556,-69.04167,3808
Desaguadero,2022-04-06,8.05,14.98,2.27,78.11,0.49,2.23,63.33,-16.56556,-69.04167,3808
Desaguadero,2022-04-07,8.78,14.69,4.9,76.13,5.76,1.85,63.28,-16.56556,-69.04167,3808
Desaguadero,2022-04-08,7.97,13.44,4.94,84.35,7.6,2.65,63.3,-16.56556,-69.04167,3808
Desaguadero,2022-04-09,8.66,13.91,4.5,80.38,5.17,2.33,63.31,-16.56556,-69.04167,3808
Desaguadero,2022-04-10,8.92,14.78,4.77,76.34,5.1,1.49,63.17,-16.56556,-69.04167,3808
Desaguadero,2022-04-11,8.69,16.9,2.23,60.49,0.79,1.45,63.1,-16.56556,-69.04167,3808
Desaguadero,2022-04-12,7.94,17.29,0.06,47.59,0.2,1.62,63.12,-16.56556,-69.04167,3808
Desaguadero,2022-04-13,8.89,17.12,1.56,51.14,0.14,1.35,63.18,-16.56556,-69.04167,3808
Desaguadero,2022-04-14,9.58,16.38,3.1,67.94,0.42,2.25,63.22,-16.56556,-69.04167,3808
Desaguadero,2022-04-15,8.05,17.7,0.73,55.23,0.02,1.42,63.21,-16.56556,-69.04167,3808
Desaguadero,2022-04-16,8.58,17.73,1.36,51.36,0.0,1.73,63.2,-16.56556,-69.04167,3808
Desaguadero,2022-04-17,7.98,16.76,0.73,67.6,0.0,2.21,63.24,-16.56556,-69.04167,3808
Desaguadero,2022-04-18,8.89,16.44,3.49,72.44,0.0,2.31,63.25,-16.56556,-69.04167,3808
Desaguadero,2022-04-19,8.24,15.96,2.73,74.25,0.0,2.47,63.25,-16.56556,-69.04167,3808
Desaguadero,2022-04-20,9.06,16.37,4.04,71.37,0.0,1.7,63.29,-16.56556,-69.04167,3808
Desaguadero,2022-04-21,8.98,16.48,4.18,66.58,0.0,1.91,63.32,-16.56556,-69.04167,3808
Desaguadero,2022-04-22,9.73,17.93,3.81,61.04,0.0,1.0,63.15,-16.56556,-69.04167,3808
Desaguadero,2022-04-23,7.89,16.18,0.71,64.98,0.0,2.24,63.14,-16.56556,-69.04167,3808
Desaguadero,2022-04-24,9.13,15.31,4.57,78.65,0.09,2.17,63.21,-16.56556,-69.04167,3808
Desaguadero,2022-04-25,8.51,13.71,5.22,80.67,0.03,2.36,63.32,-16.56556,-69.04167,3808
Desaguadero,2022-04-26,9.76,17.14,4.4,68.02,0.0,1.39,63.3,-16.56556,-69.04167,3808
Desaguadero,2022-04-27,8.95,17.26,1.97,52.0,0.0,1.63,63.25,-16.56556,-69.04167,3808
Desaguadero,2022-04-28,8.5,14.45,3.49,77.17,0.0,2.18,63.34,-16.56556,-69.04167,3808
Desaguadero,2022-04-29,7.65,14.39,2.83,77.98,0.0,2.7,63.43,-16.56556,-69.04167,3808
Desaguadero,2022-04-30,8.59,14.78,4.42,75.3,0.0,1.54,63.32,-16.56556,-69.04167,3808
Desaguadero,2022-05-01,8.56,15.79,3.13,75.7,0.06,2.04,63.2,-16.56556,-69.04167,3808
Desaguadero,2022-05-02,9.07,15.85,4.58,74.51,0.06,2.46,63.21,-16.56556,-69.04167,3808
Desaguadero,2022-05-03,8.73,15.21,4.25,77.27,0.41,3.51,63.25,-16.56556,-69.04167,3808
Desaguadero,2022-05-04,8.39,16.62,1.22,61.03,0.02,1.01,63.31,-16.56556,-69.04167,3808
Desaguadero,2022-05-05,5.97,16.23,-2.34,52.79,0.0,1.57,63.36,-16.56556,-69.04167,3808
Desaguadero,2022-05-06,6.53,14.69,1.01,69.31,0.0,2.13,63.39,-16.56556,-69.04167,3808
Desaguadero,2022-05-07,5.22,13.38,-2.39,75.78,0.0,2.95,63.35,-16.56556,-69.04167,3808
Desaguadero,2022-05-08,6.67,14.61,1.78,76.96,0.0,2.7,63.25,-16.56556,-69.04167,3808
Desaguadero,2022-05-09,6.81,14.5,1.01,74.73,0.04,3.05,63.25,-16.56556,-69.04167,3808
Desaguadero,2022-05-10,7.3,12.56,4.22,77.51,0.42,1.9,63.28,-16.56556,-69.04167,3808
Desaguadero,2022-05-11,6.12,12.23,1.06,74.59,0.5,2.23,63.28,-16.56556,-69.04167,3808
Desaguadero,2022-05-12,6.34,13.41,1.08,72.47,0.09,1.59,63.23,-16.56556,-69.04167,3808
Desaguadero,2022-05-13,6.6,15.14,0.35,57.15,0.0,1.82,63.2,-16.56556,-69.04167,3808
Desaguadero,2022-05-14,6.85,15.28,0.61,55.34,0.0,1.79,63.23,-16.56556,-69.04167,3808
Desaguadero,2022-05-15,7.37,15.26,1.09,58.66,0.04,2.06,63.31,-16.56556,-69.04167,3808
Desaguadero,2022-05-16,8.1,16.19,3.06,61.94,0.08,1.59,63.38,-16.56556,-69.04167,3808
Desaguadero,2022-05-17,6.3,16.24,-1.02,41.94,0.0,2.08,63.4,-16.56556,-69.04167,3808
Desaguadero,2022-05-18,5.13,16.41,-3.41,49.34,0.0,2.55,63.4,-16.56556,-69.04167,3808
Desaguadero,2022-05-19,5.61,15.28,-1.45,58.05,0.0,3.27,63.33,-16.56556,-69.04167,3808
Desaguadero,2022-05-20,4.49,14.14,-3.79,55.56,0.0,2.02,63.34,-16.56556,-69.04167,3808
Desaguadero,2022-05-21,5.59,14.97,-2.28,59.61,0.0,1.97,63.37,-16.56556,-69.04167,3808
Desaguadero,2022-05-22,4.61,14.58,-2.88,50.29,0.0,2.83,63.31,-16.56556,-69.04167,3808
Desaguadero,2022-05-23,3.89,13.13,-4.02,42.71,0.08,1.49,63.23,-16.56556,-69.04167,3808
Desaguadero,2022-05-24,4.97,13.21,-1.3,60.54,0.29,1.78,63.2,-16.56556,-69.04167,3808
Desaguadero,2022-05-25,6.73,13.2,1.98,74.93,0.39,1.89,63.3,-16.56556,-69.04167,3808
Desaguadero,2022-05-26,6.24,12.24,2.45,73.27,0.19,1.51,63.36,-16.56556,-69.04167,3808
Desaguadero,2022-05-27,5.73,13.54,-0.16,63.29,0.01,1.43,63.3,-16.56556,-69.04167,3808
Desaguadero,2022-05-28,6.05,13.97,-0.31,61.31,0.0,2.06,63.17,-16.56556,-69.04167,3808
Desaguadero,2022-05-29,6.99,14.7,1.29,61.28,0.07,2.0,63.13,-16.56556,-69.04167,3808
Desaguadero,2022-05-30,6.99,14.05,1.27,73.02,0.16,2.76,63.1,-16.56556,-69.04167,3808
Desaguadero,2022-05-31,7.51,13.55,3.52,76.28,0.68,3.09,63.03,-16.56556,-69.04167,3808
Desaguadero,2022-06-01,6.3,11.35,3.39,81.04,0.58,3.15,63.06,-16.56556,-69.04167,3808
Desaguadero,2022-06-02,6.48,13.88,0.5,69.47,0.06,2.46,63.16,-16.56556,-69.04167,3808
Desaguadero,2022-06-03,6.52,12.13,3.14,82.56,0.01,2.78,63.27,-16.56556,-69.04167,3808
Desaguadero,2022-06-04,6.98,12.57,3.64,81.88,0.6,2.12,63.26,-16.56556,-69.04167,3808
Desaguadero,2022-06-05,6.21,10.79,3.21,85.59,1.52,1.83,63.25,-16.56556,-69.04167,3808
Desaguadero,2022-06-06,6.95,13.57,1.89,76.74,0.49,3.05,63.12,-16.56556,-69.04167,3808
Desaguadero,2022-06-07,6.7,14.29,-1.06,68.28,0.11,2.11,63.12,-16.56556,-69.04167,3808
Desaguadero,2022-06-08,3.35,13.19,-3.21,42.48,0.0,2.0,63.13,-16.56556,-69.04167,3808
Desaguadero,2022-06-09,3.29,11.77,-3.14,48.61,0.27,1.62,63.16,-16.56556,-69.04167,3808
Desaguadero,2022-06-10,3.77,10.42,-0.88,74.95,0.11,2.46,63.24,-16.56556,-69.04167,3808
Desaguadero,2022-06-11,3.76,12.5,-2.48,56.26,0.0,1.29,63.25,-16.56556,-69.04167,3808
Desaguadero,2022-06-12,3.19,12.05,-3.03,43.31,0.0,1.61,63.21,-16.56556,-69.04167,3808
Desaguadero,2022-06-13,2.89,11.65,-3.97,38.18,0.0,1.31,63.25,-16.56556,-69.04167,3808
Desaguadero,2022-06-14,3.67,12.54,-3.07,39.65,0.0,1.85,63.16,-16.56556,-69.04167,3808
Desaguadero,2022-06-15,4.33,12.92,-1.11,57.57,0.0,2.49,63.16,-16.56556,-69.04167,3808
Desaguadero,2022-06-16,4.88,13.41,-1.17,71.4,0.0,3.12,63.17,-16.56556,-69.04167,3808
Desaguadero,2022-06-17,3.78,12.68,-3.01,49.91,0.0,2.35,63.16,-16.56556,-69.04167,3808
Desaguadero,2022-06-18,4.99,12.4,-0.04,69.43,0.0,2.78,63.19,-16.56556,-69.04167,3808
Desaguadero,2022-06-19,4.24,13.36,-1.76,46.41,0.0,1.89,63.27,-16.56556,-69.04167,3808
Desaguadero,2022-06-20,4.78,11.82,-0.91,56.65,0.0,2.47,63.21,-16.56556,-69.04167,3808
Desaguadero,2022-06-21,5.79,12.56,-0.02,70.53,0.0,2.79,63.16,-16.56556,-69.04167,3808
Desaguadero,2022-06-22,5.75,13.46,-0.25,72.83,0.0,2.57,63.13,-16.56556,-69.04167,3808
Desaguadero,2022-06-23,5.32,11.37,0.77,79.92,0.0,2.3,63.22,-16.56556,-69.04167,3808
Desaguadero,2022-06-24,5.9,12.62,0.64,76.35,0.0,2.39,63.37,-16.56556,-69.04167,3808
Desaguadero,2022-06-25,4.07,11.34,-0.34,75.05,0.0,3.21,63.48,-16.56556,-69.04167,3808
Desaguadero,2022-06-26,4.36,12.17,-0.13,69.66,0.0,2.42,63.38,-16.56556,-69.04167,3808
Desaguadero,2022-06-27,5.01,13.98,-1.65,62.26,0.0,2.1,63.33,-16.56556,-69.04167,3808
Desaguadero,2022-06-28,4.96,15.31,-3.48,67.98,0.02,2.17,63.39,-16.56556,-69.04167,3808
Desaguadero,2022-06-29,6.18,13.97,1.27,78.6,0.16,2.14,63.39,-16.56556,-69.04167,3808
Desaguadero,2022-06-30,6.97,15.92,0.55,71.39,0.0,1.66,63.28,-16.56556,-69.04167,3808
Desaguadero,2022-07-01,6.83,15.39,0.99,69.5,0.0,1.75,63.2,-16.56556,-69.04167,3808
Desaguadero,2022-07-02,5.77,14.0,-0.01,72.17,0.0,2.52,63.31,-16.56556,-69.04167,3808
Desaguadero,2022-07-03,5.41,12.89,0.38,77.44,0.0,2.95,63.46,-16.56556,-69.04167,3808
Desaguadero,2022-07-04,6.08,13.48,1.23,77.44,0.0,2.2,63.5,-16.56556,-69.04167,3808
Desaguadero,2022-07-05,5.9,12.84,1.23,70.51,0.0,1.75,63.44,-16.56556,-69.04167,3808
Desaguadero,2022-07-06,6.65,13.81,0.92,68.6,0.0,1.23,63.29,-16.56556,-69.04167,3808
Desaguadero,2022-07-07,6.13,14.41,-1.16,68.62,0.01,2.85,63.28,-16.56556,-69.04167,3808
Desaguadero,2022-07-08,6.49,11.36,3.28,78.61,0.13,3.51,63.37,-16.56556,-69.04167,3808
Desaguadero,2022-07-09,6.98,14.29,2.19,71.03,0.01,1.8,63.4,-16.56556,-69.04167,3808
Desaguadero,2022-07-10,7.37,15.01,0.9,67.32,0.0,2.23,63.28,-16.56556,-69.04167,3808
Desaguadero,2022-07-11,6.29,15.62,-0.85,55.31,0.0,2.5,63.19,-16.56556,-69.04167,3808
Desaguadero,2022-07-12,5.99,13.66,-0.17,58.18,0.12,2.89,63.23,-16.56556,-69.04167,3808
Desaguadero,2022-07-13,7.26,14.53,1.76,69.59,0.14,2.76,63.17,-16.56556,-69.04167,3808
Desaguadero,2022-07-14,5.88,14.68,-0.14,49.38,0.17,3.19,63.15,-16.56556,-69.04167,3808
Desaguadero,2022-07-15,5.31,14.33,-1.45,52.05,0.02,2.79,63.1,-16.56556,-69.04167,3808
Desaguadero,2022-07-16,4.81,13.47,-1.76,48.27,0.0,2.52,63.18,-16.56556,-69.04167,3808
Desaguadero,2022-07-17,6.62,13.37,2.19,74.91,0.13,3.13,63.28,-16.56556,-69.04167,3808
Desaguadero,2022-07-18,5.75,10.66,1.69,77.55,0.08,1.72,63.48,-16.56556,-69.04167,3808
Desaguadero,2022-07-19,5.52,12.2,0.55,76.5,0.0,2.28,63.53,-16.56556,-69.04167,3808
Desaguadero,2022-07-20,5.99,15.42,-0.44,69.44,0.0,1.86,63.38,-16.56556,-69.04167,3808
Desaguadero,2022-07-21,6.98,16.09,0.98,69.9,0.0,2.21,63.29,-16.56556,-69.04167,3808
Desaguadero,2022-07-22,6.76,15.42,1.42,71.24,0.02,2.56,63.24,-16.56556,-69.04167,3808
Desaguadero,2022-07-23,7.32,15.88,1.25,65.08,0.0,1.69,63.22,-16.56556,-69.04167,3808
Desaguadero,2022-07-24,7.46,14.51,2.86,70.13,0.0,1.43,63.26,-16.56556,-69.04167,3808
Desaguadero,2022-07-25,6.94,14.73,1.53,67.84,0.0,1.73,63.33,-16.56556,-69.04167,3808
Desaguadero,2022-07-26,7.03,14.33,2.12,76.97,0.0,2.52,63.4,-16.56556,-69.04167,3808
Desaguadero,2022-07-27,6.49,15.78,1.06,62.91,0.0,1.92,63.47,-16.56556,-69.04167,3808
Desaguadero,2022-07-28,6.59,16.68,-1.5,58.18,0.32,1.53,63.37,-16.56556,-69.04167,3808
Desaguadero,2022-07-29,6.21,15.12,-0.19,72.28,2.62,1.95,63.37,-16.56556,-69.04167,3808
Desaguadero,2022-07-30,7.8,17.6,0.54,63.34,0.0,1.5,63.25,-16.56556,-69.04167,3808
Desaguadero,2022-07-31,7.19,17.27,-0.91,50.42,0.0,1.69,63.21,-16.56556,-69.04167,3808
Desaguadero,2022-08-01,7.31,14.57,1.64,77.04,0.0,3.09,63.19,-16.56556,-69.04167,3808
Desaguadero,2022-08-02,7.45,13.37,3.7,76.31,1.4,2.26,63.15,-16.56556,-69.04167,3808
Desaguadero,2022-08-03,7.18,15.07,1.5,46.73,0.46,2.15,63.18,-16.56556,-69.04167,3808
Desaguadero,2022-08-04,6.95,14.88,0.85,48.15,0.07,1.99,63.16,-16.56556,-69.04167,3808
Desaguadero,2022-08-05,5.82,11.63,1.13,76.56,1.61,2.29,63.14,-16.56556,-69.04167,3808
Desaguadero,2022-08-06,4.96,12.39,-1.49,54.88,0.25,2.79,63.15,-16.56556,-69.04167,3808
Desaguadero,2022-08-07,4.06,11.57,-1.98,51.4,0.02,2.61,63.13,-16.56556,-69.04167,3808
Desaguadero,2022-08-08,5.02,9.53,1.31,66.2,1.23,2.42,63.16,-16.56556,-69.04167,3808
Desaguadero,2022-08-09,6.46,14.41,0.65,53.92,0.56,2.08,63.36,-16.56556,-69.04167,3808
Desaguadero,2022-08-10,6.22,14.35,0.36,64.68,0.05,1.17,63.43,-16.56556,-69.04167,3808
Desaguadero,2022-08-11,6.24,15.84,-0.44,56.66,0.0,2.12,63.36,-16.56556,-69.04167,3808
Desaguadero,2022-08-12,5.91,15.45,-0.71,52.49,0.0,2.09,63.35,-16.56556,-69.04167,3808
Desaguadero,2022-08-13,6.99,16.62,-0.41,59.64,0.0,2.15,63.32,-16.56556,-69.04167,3808
Desaguadero,2022-08-14,7.99,16.09,2.56,60.11,0.0,1.54,63.31,-16.56556,-69.04167,3808
Desaguadero,2022-08-15,7.12,16.1,0.45,53.43,0.0,2.12,63.19,-16.56556,-69.04167,3808
Desaguadero,2022-08-16,7.2,16.55,-0.63,45.43,0.24,2.31,63.08,-16.56556,-69.04167,3808
Desaguadero,2022-08-17,5.86,16.73,-3.22,41.98,0.06,3.3,63.04,-16.56556,-69.04167,3808
Desaguadero,2022-08-18,4.06,13.72,-4.59,42.82,0.32,2.16,63.23,-16.56556,-69.04167,3808
Desaguadero,2022-08-19,5.27,13.42,-0.47,69.58,0.1,2.28,63.32,-16.56556,-69.04167,3808
Desaguadero,2022-08-20,5.48,15.43,-1.5,46.62,0.0,1.64,63.3,-16.56556,-69.04167,3808
Desaguadero,2022-08-21,5.08,14.62,-2.0,48.02,0.0,2.82,63.29,-16.56556,-69.04167,3808
Desaguadero,2022-08-22,4.74,13.71,-2.18,59.5,0.0,2.82,63.24,-16.56556,-69.04167,3808
Desaguadero,2022-08-23,5.7,15.63,-1.71,58.01,0.0,1.65,63.25,-16.56556,-69.04167,3808
Desaguadero,2022-08-24,6.35,16.01,-1.78,56.61,0.0,1.4,63.36,-16.56556,-69.04167,3808
Desaguadero,2022-08-25,6.58,16.29,-1.48,56.35,0.0,2.01,63.37,-16.56556,-69.04167,3808
Desaguadero,2022-08-26,6.45,14.62,0.51,72.42,0.0,2.91,63.32,-16.56556,-69.04167,3808
Desaguadero,2022-08-27,7.82,15.96,2.22,67.09,0.0,2.18,63.27,-16.56556,-69.04167,3808
Desaguadero,2022-08-28,6.48,13.05,2.27,70.84,0.05,3.8,63.43,-16.56556,-69.04167,3808
Desaguadero,2022-08-29,6.34,13.03,2.03,69.7,0.0,3.09,63.45,-16.56556,-69.04167,3808
Desaguadero,2022-08-30,7.43,15.74,1.26,69.66,0.07,1.95,63.35,-16.56556,-69.04167,3808
Desaguadero,2022-08-31,7.91,16.53,1.46,66.44,0.32,2.29,63.25,-16.56556,-69.04167,3808
Desaguadero,2022-09-01,8.88,17.53,2.77,61.81,0.04,2.45,63.13,-16.56556,-69.04167,3808
Desaguadero,2022-09-02,7.57,14.01,2.79,68.26,0.66,3.16,63.23,-16.56556,-69.04167,3808
Desaguadero,2022-09-03,5.88,11.39,2.56,76.44,0.4,2.57,63.28,-16.56556,-69.04167,3808
Desaguadero,2022-09-04,6.92,15.73,0.91,65.84,0.03,2.73,63.25,-16.56556,-69.04167,3808
Desaguadero,2022-09-05,6.45,16.14,0.14,63.36,0.0,2.94,63.27,-16.56556,-69.04167,3808
Desaguadero,2022-09-06,6.34,16.4,-1.66,62.67,0.0,2.35,63.36,-16.56556,-69.04167,3808
Desaguadero,2022-09-07,7.31,16.82,-0.98,56.4,0.0,2.17,63.28,-16.56556,-69.04167,3808
Desaguadero,2022-09-08,7.48,16.49,-0.15,57.79,0.0,2.73,63.17,-16.56556,-69.04167,3808
Desaguadero,2022-09-09,8.4,15.92,3.52,73.0,0.0,3.73,63.26,-16.56556,-69.04167,3808
Desaguadero,2022-09-10,7.82,13.29,3.72,75.96,0.0,4.19,63.41,-16.56556,-69.04167,3808
Desaguadero,2022-09-11,9.39,17.62,3.25,63.56,0.0,2.11,63.32,-16.56556,-69.04167,3808
Desaguadero,2022-09-12,9.14,17.95,1.53,54.62,10.91,2.67,63.16,-16.56556,-69.04167,3808
Desaguadero,2022-09-13,9.63,16.46,5.51,68.2,15.67,2.8,63.09,-16.56556,-69.04167,3808
Desaguadero,2022-09-14,8.62,16.39,2.69,65.73,3.51,2.84,63.17,-16.56556,-69.04167,3808
Desaguadero,2022-09-15,7.3,14.03,2.71,62.39,0.34,2.77,63.25,-16.56556,-69.04167,3808
Desaguadero,2022-09-16,8.12,16.27,2.49,63.43,0.06,3.24,63.27,-16.56556,-69.04167,3808
Desaguadero,2022-09-17,8.77,16.38,2.96,62.71,0.0,1.55,63.2,-16.56556,-69.04167,3808
Desaguadero,2022-09-18,7.76,17.33,-0.31,49.83,0.0,2.29,63.2,-16.56556,-69.04167,3808
Desaguadero,2022-09-19,8.41,17.62,-0.6,44.21,0.0,2.02,63.22,-16.56556,-69.04167,3808
Desaguadero,2022-09-20,10.49,18.32,4.64,61.21,0.02,2.27,63.2,-16.56556,-69.04167,3808
Desaguadero,2022-09-21,9.83,19.31,2.28,44.43,0.0,1.36,63.19,-16.56556,-69.04167,3808
Desaguadero,2022-09-22,9.0,16.49,1.91,55.03,0.94,3.04,63.25,-16.56556,-69.04167,3808
Desaguadero,2022-09-23,9.93,17.11,4.96,62.01,0.06,3.31,63.19,-16.56556,-69.04167,3808
Desaguadero,2022-09-24,8.89,16.55,3.15,57.44,1.88,2.85,63.14,-16.56556,-69.04167,3808
Desaguadero,2022-09-25,8.39,17.07,1.36,40.21,0.01,2.45,63.11,-16.56556,-69.04167,3808
Desaguadero,2022-09-26,9.2,16.83,3.43,56.64,0.06,2.37,63.14,-16.56556,-69.04167,3808
Desaguadero,2022-09-27,9.02,17.3,2.88,49.94,0.08,2.46,63.19,-16.56556,-69.04167,3808
Desaguadero,2022-09-28,8.76,18.24,-0.23,38.62,0.4,2.56,63.15,-16.56556,-69.04167,3808
Desaguadero,2022-09-29,8.39,17.95,1.3,41.83,1.14,2.78,63.09,-16.56556,-69.04167,3808
Desaguadero,2022-09-30,7.05,16.05,-0.23,46.66,0.0,2.8,63.21,-16.56556,-69.04167,3808
Desaguadero,2022-10-01,7.78,16.14,0.98,67.07,0.0,3.16,63.35,-16.56556,-69.04167,3808
Desaguadero,2022-10-02,7.61,14.37,2.27,73.9,3.36,2.72,63.4,-16.56556,-69.04167,3808
Desaguadero,2022-10-03,9.14,15.76,3.87,64.42,2.8,1.32,63.31,-16.56556,-69.04167,3808
Desaguadero,2022-10-04,9.61,17.7,3.07,56.8,0.26,1.73,63.15,-16.56556,-69.04167,3808
Desaguadero,2022-10-05,9.0,18.25,0.07,44.58,0.0,3.04,63.08,-16.56556,-69.04167,3808
Desaguadero,2022-10-06,6.9,16.51,-2.39,33.76,0.02,1.49,63.19,-16.56556,-69.04167,3808
Desaguadero,2022-10-07,7.89,16.29,-0.23,51.12,0.49,1.99,63.21,-16.56556,-69.04167,3808
Desaguadero,2022-10-08,9.9,18.0,3.28,56.79,0.01,1.27,63.1,-16.56556,-69.04167,3808
Desaguadero,2022-10-09,9.15,17.6,1.92,56.15,0.1,2.66,63.12,-16.56556,-69.04167,3808
Desaguadero,2022-10-10,9.13,19.09,2.06,45.75,0.04,2.75,63.19,-16.56556,-69.04167,3808
Desaguadero,2022-10-11,8.13,18.47,-0.63,27.06,0.0,2.75,63.21,-16.56556,-69.04167,3808
Desaguadero,2022-10-12,7.41,16.93,-1.43,33.9,0.27,2.82,63.09,-16.56556,-69.04167,3808
Desaguadero,2022-10-13,6.78,15.64,-2.07,46.49,0.35,3.06,63.07,-16.56556,-69.04167,3808
Desaguadero,2022-10-14,6.48,12.8,1.98,74.02,0.7,4.22,63.26,-16.56556,-69.04167,3808
Desaguadero,2022-10-15,8.85,17.28,1.96,67.72,0.04,3.09,63.33,-16.56556,-69.04167,3808
Desaguadero,2022-10-16,8.72,15.71,3.86,66.74,1.99,2.93,63.28,-16.56556,-69.04167,3808
Desaguadero,2022-10-17,8.84,16.42,2.2,66.66,0.25,2.77,63.16,-16.56556,-69.04167,3808
Desaguadero,2022-10-18,9.17,16.77,2.95,66.47,0.05,3.17,63.22,-16.56556,-69.04167,3808
Desaguadero,2022-10-19,10.2,17.94,3.72,57.78,0.0,2.46,63.25,-16.56556,-69.04167,3808
Desaguadero,2022-10-20,9.09,19.22,-0.97,34.35,0.02,2.0,63.14,-16.56556,-69.04167,3808
Desaguadero,2022-10-21,9.38,18.65,0.28,43.02,0.19,2.05,63.09,-16.56556,-69.04167,3808
Desaguadero,2022-10-22,9.49,19.22,0.11,38.85,0.07,2.0,63.16,-16.56556,-69.04167,3808
Desaguadero,2022-10-23,10.07,19.15,0.64,50.06,0.12,1.94,63.26,-16.56556,-69.04167,3808
Desaguadero,2022-10-24,10.47,17.81,4.94,64.97,0.02,3.27,63.29,-16.56556,-69.04167,3808
Desaguadero,2022-10-25,11.04,19.0,4.45,58.56,0.0,3.12,63.22,-16.56556,-69.04167,3808
Desaguadero,2022-10-26,11.65,19.87,4.03,50.24,0.0,1.55,63.14,-16.56556,-69.04167,3808
Desaguadero,2022-10-27,10.84,19.36,2.07,46.13,0.34,1.66,63.15,-16.56556,-69.04167,3808
Desaguadero,2022-10-28,10.53,20.39,1.97,33.24,0.12,2.02,63.14,-16.56556,-69.04167,3808
Desaguadero,2022-10-29,9.71,18.92,0.29,36.76,0.0,2.19,63.08,-16.56556,-69.04167,3808
Desaguadero,2022-10-30,10.21,20.07,1.88,36.55,0.0,2.41,62.99,-16.56556,-69.04167,3808
Desaguadero,2022-10-31,8.46,18.17,0.42,43.95,1.57,3.08,63.14,-16.56556,-69.04167,3808
Desaguadero,2022-11-01,10.78,19.85,3.8,54.46,0.17,1.89,63.24,-16.56556,-69.04167,3808
Desaguadero,2022-11-02,9.97,20.46,1.56,56.94,0.0,2.39,63.37,-16.56556,-69.04167,3808
Desaguadero,2022-11-03,10.32,18.68,3.62,51.69,0.0,1.95,63.32,-16.56556,-69.04167,3808
Desaguadero,2022-11-04,11.09,19.86,4.28,51.33,0.0,1.79,63.19,-16.56556,-69.04167,3808
Desaguadero,2022-11-05,10.97,20.12,4.04,48.32,0.0,1.79,63.1,-16.56556,-69.04167,3808
Desaguadero,2022-11-06,9.25,17.47,3.55,58.58,0.0,2.86,63.17,-16.56556,-69.04167,3808
Desaguadero,2022-11-07,9.78,18.47,3.11,59.05,0.0,2.82,63.2,-16.56556,-69.04167,3808
Desaguadero,2022-11-08,9.57,17.21,4.14,61.83,0.0,3.38,63.22,-16.56556,-69.04167,3808
Desaguadero,2022-11-09,10.18,18.18,3.94,53.35,0.31,2.01,63.15,-16.56556,-69.04167,3808
Desaguadero,2022-11-10,9.23,18.47,-0.2,38.33,0.17,2.15,63.13,-16.56556,-69.04167,3808
Desaguadero,2022-11-11,10.04,18.74,2.52,41.93,0.0,1.7,63.12,-16.56556,-69.04167,3808
Desaguadero,2022-11-12,8.73,19.83,-1.46,28.7,0.0,3.4,63.08,-16.56556,-69.04167,3808
Desaguadero,2022-11-13,9.32,20.69,-1.77,24.85,0.0,2.66,63.06,-16.56556,-69.04167,3808
Desaguadero,2022-11-14,10.09,19.38,0.9,46.87,0.53,3.36,63.18,-16.56556,-69.04167,3808
Desaguadero,2022-11-15,10.53,19.51,1.44,57.76,0.11,3.87,63.36,-16.56556,-69.04167,3808
Desaguadero,2022-11-16,10.78,20.19,4.08,59.08,0.0,3.67,63.46,-16.56556,-69.04167,3808
Desaguadero,2022-11-17,10.63,20.28,3.49,55.81,0.0,3.46,63.39,-16.56556,-69.04167,3808
Desaguadero,2022-11-18,11.49,21.34,4.85,52.01,0.0,3.13,63.3,-16.56556,-69.04167,3808
Desaguadero,2022-11-19,11.24,20.36,3.19,53.87,5.0,2.72,63.2,-16.56556,-69.04167,3808
Desaguadero,2022-11-20,12.61,21.45,4.78,48.15,0.51,1.35,63.03,-16.56556,-69.04167,3808
Desaguadero,2022-11-21,10.25,18.53,2.87,53.79,2.25,3.11,63.04,-16.56556,-69.04167,3808
Desaguadero,2022-11-22,8.03,13.04,3.79,72.09,0.23,3.32,63.14,-16.56556,-69.04167,3808
Desaguadero,2022-11-23,9.14,17.54,2.26,63.12,0.21,3.18,63.14,-16.56556,-69.04167,3808
Desaguadero,2022-11-24,9.31,17.87,3.3,60.41,0.16,4.43,63.24,-16.56556,-69.04167,3808
Desaguadero,2022-11-25,9.17,16.96,3.92,62.91,0.66,3.97,63.34,-16.56556,-69.04167,3808
Desaguadero,2022-11-26,10.11,18.88,3.98,60.13,0.0,3.32,63.34,-16.56556,-69.04167,3808
Desaguadero,2022-11-27,9.73,18.25,3.46,59.75,0.0,3.4,63.32,-16.56556,-69.04167,3808
Desaguadero,2022-11-28,10.32,18.47,4.06,58.3,0.13,1.9,63.12,-16.56556,-69.04167,3808
Desaguadero,2022-11-29,10.93,19.49,3.77,47.14,0.04,1.59,62.9,-16.56556,-69.04167,3808
Desaguadero,2022-11-30,9.1,19.82,-0.81,31.1,0.0,2.83,62.82,-16.56556,-69.04167,3808
Desaguadero,2022-12-01,7.8,18.06,-3.34,29.54,0.31,2.05,62.82,-16.56556,-69.04167,3808
Desaguadero,2022-12-02,8.71,18.67,0.71,38.49,0.7,3.25,62.91,-16.56556,-69.04167,3808
Desaguadero,2022-12-03,9.23,18.05,1.85,50.97,0.0,2.01,62.99,-16.56556,-69.04167,3808
Desaguadero,2022-12-04,9.55,18.03,1.12,53.54,0.36,2.86,63.0,-16.56556,-69.04167,3808
Desaguadero,2022-12-05,8.88,15.13,4.38,63.66,0.83,4.37,63.06,-16.56556,-69.04167,3808
Desaguadero,2022-12-06,7.6,12.09,3.43,66.49,1.06,1.98,63.19,-16.56556,-69.04167,3808
Desaguadero,2022-12-07,8.74,14.73,3.46,67.77,0.63,3.07,63.21,-16.56556,-69.04167,3808
Desaguadero,2022-12-08,9.86,16.91,4.0,67.61,0.07,3.71,63.17,-16.56556,-69.04167,3808
Desaguadero,2022-12-09,8.94,12.88,5.65,73.28,0.03,3.87,63.18,-16.56556,-69.04167,3808
Desaguadero,2022-12-10,8.67,13.26,5.38,74.8,7.63,2.31,63.24,-16.56556,-69.04167,3808
Desaguadero,2022-12-11,9.49,14.71,5.39,67.85,6.58,1.72,63.19,-16.56556,-69.04167,3808
Desaguadero,2022-12-12,9.55,15.93,5.26,72.84,17.25,2.66,63.06,-16.56556,-69.04167,3808
Desaguadero,2022-12-13,9.9,16.45,4.68,72.01,1.18,3.55,63.12,-16.56556,-69.04167,3808
Desaguadero,2022-12-14,7.82,15.24,3.02,77.49,19.82,2.0,63.2,-16.56556,-69.04167,3808
Desaguadero,2022-12-15,6.94,12.88,1.86,80.81,1.88,1.89,63.2,-16.56556,-69.04167,3808
Desaguadero,2022-12-16,9.0,16.47,2.73,71.73,0.83,3.51,63.08,-16.56556,-69.04167,3808
Desaguadero,2022-12-17,10.53,19.04,3.11,62.9,0.19,2.27,62.86,-16.56556,-69.04167,3808
Desaguadero,2022-12-18,10.69,19.93,1.75,51.96,2.18,1.9,62.92,-16.56556,-69.04167,3808
Desaguadero,2022-12-19,10.64,19.94,2.88,51.74,1.73,2.42,63.07,-16.56556,-69.04167,3808
Desaguadero,2022-12-20,6.31,9.82,2.21,78.79,1.58,2.71,63.2,-16.56556,-69.04167,3808
Desaguadero,2022-12-21,9.29,16.43,3.2,72.15,2.68,2.1,63.15,-16.56556,-69.04167,3808
Desaguadero,2022-12-22,9.36,17.46,2.06,67.79,0.28,2.14,63.16,-16.56556,-69.04167,3808
Desaguadero,2022-12-23,11.74,19.9,5.57,59.13,1.63,1.12,63.1,-16.56556,-69.04167,3808
Desaguadero,2022-12-24,11.11,22.18,0.9,33.22,0.04,3.3,63.02,-16.56556,-69.04167,3808
Desaguadero,2022-12-25,8.88,19.35,1.65,51.04,0.72,3.33,63.08,-16.56556,-69.04167,3808
Desaguadero,2022-12-26,9.83,17.72,3.29,64.22,0.05,3.03,63.17,-16.56556,-69.04167,3808
Desaguadero,2022-12-27,10.48,17.12,3.8,61.08,3.06,1.83,63.19,-16.56556,-69.04167,3808
Desaguadero,2022-12-28,10.13,18.7,3.15,62.7,1.34,2.39,63.18,-16.56556,-69.04167,3808
Desaguadero,2022-12-29,8.89,15.1,2.31,69.35,0.94,3.33,63.21,-16.56556,-69.04167,3808
Desaguadero,2022-12-30,7.97,12.77,4.74,75.24,0.08,2.72,63.22,-16.56556,-69.04167,3808
Desaguadero,2022-12-31,9.5,15.56,4.03,69.18,0.02,3.28,63.2,-16.56556,-69.04167,3808
Desaguadero,2023-01-01,10.14,16.27,4.83,72.91,37.93,2.74,63.17,-16.56556,-69.04167,3808
Desaguadero,2023-01-02,9.81,14.87,5.87,74.11,10.58,2.54,63.14,-16.56556,-69.04167,3808
Desaguadero,2023-01-03,6.81,12.04,2.44,81.93,7.28,2.3,63.06,-16.56556,-69.04167,3808
Desaguadero,2023-01-04,9.16,15.65,1.58,75.64,12.86,3.31,63.07,-16.56556,-69.04167,3808
Desaguadero,2023-01-05,8.36,16.38,1.32,68.12,4.65,1.98,63.16,-16.56556,-69.04167,3808
Desaguadero,2023-01-06,8.88,16.69,2.91,67.5,2.16,2.6,63.19,-16.56556,-69.04167,3808
Desaguadero,2023-01-07,9.32,17.69,1.3,65.91,0.07,2.82,63.27,-16.56556,-69.04167,3808
Desaguadero,2023-01-08,10.48,17.7,5.04,65.47,0.78,1.99,63.26,-16.56556,-69.04167,3808
Desaguadero,2023-01-09,10.16,17.58,4.42,63.24,1.21,1.66,63.19,-16.56556,-69.04167,3808
Desaguadero,2023-01-10,10.58,19.37,2.24,54.84,0.4,1.54,63.18,-16.56556,-69.04167,3808
Desaguadero,2023-01-11,11.18,19.81,3.92,58.26,0.01,1.8,63.24,-16.56556,-69.04167,3808
Desaguadero,2023-01-12,10.91,17.28,5.74,64.03,0.0,2.45,63.22,-16.56556,-69.04167,3808
Desaguadero,2023-01-13,11.35,19.75,4.18,54.16,0.0,1.62,63.03,-16.56556,-69.04167,3808
Desaguadero,2023-01-14,10.18,19.71,-0.91,41.59,0.0,2.13,63.07,-16.56556,-69.04167,3808
Desaguadero,2023-01-15,9.18,16.49,3.29,71.47,0.59,3.19,63.17,-16.56556,-69.04167,3808
Desaguadero,2023-01-16,9.78,17.5,3.9,62.35,0.2,3.91,63.18,-16.56556,-69.04167,3808
Desaguadero,2023-01-17,9.66,16.67,4.78,67.05,0.65,3.43,63.19,-16.56556,-69.04167,3808
Desaguadero,2023-01-18,9.12,15.77,4.34,73.35,5.26,3.49,63.25,-16.56556,-69.04167,3808
Desaguadero,2023-01-19,7.33,13.26,2.65,75.35,2.43,3.8,63.32,-16.56556,-69.04167,3808
Desaguadero,2023-01-20,9.31,16.83,2.97,67.3,0.17,2.74,63.23,-16.56556,-69.04167,3808
Desaguadero,2023-01-21,10.71,17.94,4.92,65.31,0.0,2.43,63.07,-16.56556,-69.04167,3808
Desaguadero,2023-01-22,10.8,18.79,5.15,64.42,0.0,3.59,63.11,-16.56556,-69.04167,3808
Desaguadero,2023-01-23,10.08,17.61,3.56,60.93,0.08,2.93,63.21,-16.56556,-69.04167,3808
Desaguadero,2023-01-24,10.35,17.79,4.51,64.29,0.96,1.7,63.17,-16.56556,-69.04167,3808
Desaguadero,2023-01-25,9.97,16.24,6.32,69.82,0.06,2.01,63.09,-16.56556,-69.04167,3808
Desaguadero,2023-01-26,9.42,15.46,4.67,69.37,1.74,2.96,63.07,-16.56556,-69.04167,3808
Desaguadero,2023-01-27,9.33,16.79,4.54,72.28,4.39,2.79,63.07,-16.56556,-69.04167,3808
Desaguadero,2023-01-28,9.25,17.2,3.84,71.4,8.42,4.03,63.15,-16.56556,-69.04167,3808
Desaguadero,2023-01-29,8.37,13.83,3.97,76.04,3.69,3.2,63.15,-16.56556,-69.04167,3808
Desaguadero,2023-01-30,9.71,16.88,3.92,73.22,1.24,2.82,63.07,-16.56556,-69.04167,3808
Desaguadero,2023-01-31,9.83,15.52,5.49,77.21,16.23,2.84,63.09,-16.56556,-69.04167,3808
Desaguadero,2023-02-01,8.82,14.78,5.82,78.93,10.61,2.74,63.19,-16.56556,-69.04167,3808
Desaguadero,2023-02-02,9.8,17.13,4.01,72.12,0.89,2.76,63.22,-16.56556,-69.04167,3808
Desaguadero,2023-02-03,9.35,15.68,4.83,73.87,1.28,3.79,63.2,-16.56556,-69.04167,3808
Desaguadero,2023-02-04,7.62,13.68,2.59,76.82,19.32,4.81,63.2,-16.56556,-69.04167,3808
Desaguadero,2023-02-05,7.02,14.01,1.92,77.07,14.87,3.19,63.18,-16.56556,-69.04167,3808
Desaguadero,2023-02-06,8.12,15.74,1.52,73.83,4.15,1.93,63.15,-16.56556,-69.04167,3808
Desaguadero,2023-02-07,8.37,15.12,2.89,77.9,3.96,3.12,63.16,-16.56556,-69.04167,3808
Desaguadero,2023-02-08,8.67,15.52,3.45,74.51,3.78,2.76,63.18,-16.56556,-69.04167,3808
Desaguadero,2023-02-09,9.23,16.04,4.29,75.67,2.08,3.19,63.2,-16.56556,-69.04167,3808
Desaguadero,2023-02-10,9.12,15.88,3.66,77.11,0.76,3.5,63.22,-16.56556,-69.04167,3808
Desaguadero,2023-02-11,9.99,17.39,5.07,74.29,0.38,3.56,63.2,-16.56556,-69.04167,3808
Desaguadero,2023-02-12,10.18,17.93,4.33,71.53,3.75,2.32,63.15,-16.56556,-69.04167,3808
Desaguadero,2023-02-13,10.48,17.2,4.04,71.26,1.07,2.19,63.14,-16.56556,-69.04167,3808
Desaguadero,2023-02-14,9.01,15.29,4.1,78.98,0.58,3.26,63.17,-16.56556,-69.04167,3808
Desaguadero,2023-02-15,10.37,16.28,5.33,74.52,2.54,2.17,63.13,-16.56556,-69.04167,3808
Desaguadero,2023-02-16,11.21,20.32,4.26,61.71,2.82,1.97,62.95,-16.56556,-69.04167,3808
Desaguadero,2023-02-17,9.5,18.29,1.57,65.13,0.41,2.44,62.94,-16.56556,-69.04167,3808
Desaguadero,2023-02-18,7.61,12.55,2.67,74.3,0.56,2.25,63.13,-16.56556,-69.04167,3808
Desaguadero,2023-02-19,10.31,19.81,2.23,61.16,0.05,1.85,63.09,-16.56556,-69.04167,3808
Desaguadero,2023-02-20,10.33,18.47,4.45,66.88,0.03,2.57,63.11,-16.56556,-69.04167,3808
Desaguadero,2023-02-21,9.87,17.34,4.37,68.77,0.0,3.31,63.15,-16.56556,-69.04167,3808
Desaguadero,2023-02-22,9.99,17.81,4.37,69.63,6.61,2.63,63.27,-16.56556,-69.04167,3808
Desaguadero,2023-02-23,9.75,16.18,5.08,71.83,0.32,2.82,63.36,-16.56556,-69.04167,3808
Desaguadero,2023-02-24,10.76,17.92,4.99,67.67,0.0,2.37,63.33,-16.56556,-69.04167,3808
Desaguadero,2023-02-25,10.88,17.43,5.9,64.44,0.36,2.16,63.29,-16.56556,-69.04167,3808
Desaguadero,2023-02-26,11.14,19.22,5.53,66.32,1.11,2.39,63.3,-16.56556,-69.04167,3808
Desaguadero,2023-02-27,9.58,15.86,4.91,74.75,2.15,3.67,63.46,-16.56556,-69.04167,3808
Desaguadero,2023-02-28,10.0,19.1,2.96,70.27,0.01,2.69,63.49,-16.56556,-69.04167,3808
Desaguadero,2023-03-01,9.96,15.36,5.84,74.59,2.28,2.27,63.36,-16.56556,-69.04167,3808
Desaguadero,2023-03-02,10.64,17.65,4.33,71.74,0.39,2.37,63.19,-16.56556,-69.04167,3808
Desaguadero,2023-03-03,9.02,12.91,5.34,80.61,2.0,2.99,63.19,-16.56556,-69.04167,3808
Desaguadero,2023-03-04,10.18,17.22,5.52,73.19,0.75,3.0,63.3,-16.56556,-69.04167,3808
Desaguadero,2023-03-05,10.04,16.82,5.09,72.74,0.04,2.94,63.35,-16.56556,-69.04167,3808
Desaguadero,2023-03-06,10.24,18.41,3.24,68.69,0.0,2.51,63.29,-16.56556,-69.04167,3808
Desaguadero,2023-03-07,10.56,18.64,5.0,67.22,1.54,2.52,63.23,-16.56556,-69.04167,3808
Desaguadero,2023-03-08,10.58,18.58,4.4,69.05,1.2,1.81,63.22,-16.56556,-69.04167,3808
Desaguadero,2023-03-09,8.04,13.41,4.87,81.09,1.06,3.04,63.26,-16.56556,-69.04167,3808
Desaguadero,2023-03-10,9.8,17.38,4.42,73.6,0.96,3.35,63.27,-16.56556,-69.04167,3808
Desaguadero,2023-03-11,9.88,16.49,5.45,72.99,0.16,3.49,63.28,-16.56556,-69.04167,3808
Desaguadero,2023-03-12,10.66,18.41,4.24,68.11,0.4,2.72,63.25,-16.56556,-69.04167,3808
Desaguadero,2023-03-13,9.9,16.96,4.85,73.93,4.21,3.77,63.22,-16.56556,-69.04167,3808
Desaguadero,2023-03-14,9.43,15.72,5.07,73.29,0.43,2.12,63.22,-16.56556,-69.04167,3808
Desaguadero,2023-03-15,7.0,12.28,2.86,79.67,1.53,1.73,63.19,-16.56556,-69.04167,3808
Desaguadero,2023-03-16,4.6,7.76,2.9,88.44,2.79,2.21,63.2,-16.56556,-69.04167,3808
Desaguadero,2023-03-17,8.91,16.69,2.31,72.81,0.38,2.58,63.2,-16.56556,-69.04167,3808
Desaguadero,2023-03-18,8.39,16.36,2.08,71.54,0.63,2.49,63.19,-16.56556,-69.04167,3808
Desaguadero,2023-03-19,8.65,15.4,3.28,72.71,1.45,1.57,63.18,-16.56556,-69.04167,3808
Desaguadero,2023-03-20,7.94,13.64,4.82,78.57,2.84,1.53,63.18,-16.56556,-69.04167,3808
Desaguadero,2023-03-21,7.73,13.47,3.2,76.81,1.51,1.71,63.18,-16.56556,-69.04167,3808
Desaguadero,2023-03-22,9.21,16.56,3.33,72.83,2.52,1.77,63.2,-16.56556,-69.04167,3808
Desaguadero,2023-03-23,7.83,15.92,1.99,76.73,2.98,3.41,63.2,-16.56556,-69.04167,3808
Desaguadero,2023-03-24,7.66,13.97,3.69,79.17,3.88,3.41,63.26,-16.56556,-69.04167,3808
Desaguadero,2023-03-25,8.26,14.95,2.97,76.66,0.4,2.95,63.27,-16.56556,-69.04167,3808
Desaguadero,2023-03-26,7.53,14.26,2.93,79.55,5.96,3.97,63.33,-16.56556,-69.04167,3808
Desaguadero,2023-03-27,8.04,15.66,1.99,74.05,4.16,3.08,63.34,-16.56556,-69.04167,3808
Desaguadero,2023-03-28,8.79,16.89,2.61,73.41,0.67,2.47,63.22,-16.56556,-69.04167,3808
Desaguadero,2023-03-29,9.12,15.74,3.89,76.72,5.07,2.3,63.24,-16.56556,-69.04167,3808
Desaguadero,2023-03-30,8.94,13.86,4.65,76.7,2.12,3.34,63.35,-16.56556,-69.04167,3808
Desaguadero,2023-03-31,8.37,15.74,3.58,74.53,0.26,3.26,63.44,-16.56556,-69.04167,3808
Desaguadero,2023-04-01,8.34,15.49,3.56,76.32,0.04,3.08,63.41,-16.56556,-69.04167,3808
Desaguadero,2023-04-02,9.93,18.82,3.37,68.98,1.23,2.22,63.26,-16.56556,-69.04167,3808
Desaguadero,2023-04-03,9.91,16.41,4.91,73.55,0.55,2.02,63.15,-16.56556,-69.04167,3808
Desaguadero,2023-04-04,8.95,14.65,3.64,75.61,7.04,2.88,63.05,-16.56556,-69.04167,3808
Desaguadero,2023-04-05,8.19,17.37,0.63,59.72,2.9,1.77,63.05,-16.56556,-69.04167,3808
Desaguadero,2023-04-06,7.56,16.58,-0.51,61.94,0.51,2.1,63.12,-16.56556,-69.04167,3808
Desaguadero,2023-04-07,8.2,15.7,3.25,72.49,0.18,2.99,63.19,-16.56556,-69.04167,3808
Desaguadero,2023-04-08,7.97,14.89,2.42,72.76,0.0,2.77,63.29,-16.56556,-69.04167,3808
Desaguadero,2023-04-09,9.17,16.29,4.32,63.64,0.12,1.84,63.35,-16.56556,-69.04167,3808
Desaguadero,2023-04-10,9.45,15.99,5.14,70.36,0.24,2.12,63.33,-16.56556,-69.04167,3808
Desaguadero,2023-04-11,10.24,18.09,4.2,60.78,0.0,1.25,63.22,-16.56556,-69.04167,3808
Desaguadero,2023-04-12,9.78,18.63,1.36,54.67,0.01,1.78,63.14,-16.56556,-69.04167,3808
Desaguadero,2023-04-13,9.22,15.61,4.13,71.04,0.01,1.91,63.1,-16.56556,-69.04167,3808
Desaguadero,2023-04-14,10.39,17.8,3.82,67.26,0.0,1.78,63.17,-16.56556,-69.04167,3808
Desaguadero,2023-04-15,9.45,14.75,5.51,74.96,0.0,3.01,63.32,-16.56556,-69.04167,3808
Desaguadero,2023-04-16,10.19,18.41,4.2,66.71,0.22,2.22,63.26,-16.56556,-69.04167,3808
Desaguadero,2023-04-17,9.86,15.99,5.48,73.58,0.06,1.94,63.11,-16.56556,-69.04167,3808
Desaguadero,2023-04-18,10.62,19.37,2.76,59.06,0.0,1.58,63.09,-16.56556,-69.04167,3808
Desaguadero,2023-04-19,10.24,17.87,5.06,69.19,1.57,1.71,63.2,-16.56556,-69.04167,3808
Desaguadero,2023-04-20,6.94,12.37,3.53,83.62,3.33,2.23,63.39,-16.56556,-69.04167,3808
Desaguadero,2023-04-21,9.56,18.52,3.08,66.76,0.01,1.52,63.24,-16.56556,-69.04167,3808
Desaguadero,2023-04-22,9.59,18.61,2.96,61.83,0.0,2.37,63.18,-16.56556,-69.04167,3808
Desaguadero,2023-04-23,10.01,18.35,3.75,58.5,0.0,1.13,63.19,-16.56556,-69.04167,3808
Desaguadero,2023-04-24,8.76,16.66,1.99,69.93,0.0,1.68,63.24,-16.56556,-69.04167,3808
Desaguadero,2023-04-25,9.63,17.33,4.98,68.66,0.0,1.57,63.32,-16.56556,-69.04167,3808
Desaguadero,2023-04-26,9.55,16.84,4.87,70.42,0.0,2.25,63.39,-16.56556,-69.04167,3808
Desaguadero,2023-04-27,8.36,16.2,2.84,67.19,0.08,2.57,63.4,-16.56556,-69.04167,3808
Desaguadero,2023-04-28,8.45,17.09,2.21,69.18,0.01,2.42,63.4,-16.56556,-69.04167,3808
Desaguadero,2023-04-29,9.85,18.86,3.32,66.14,0.0,1.79,63.38,-16.56556,-69.04167,3808
Desaguadero,2023-04-30,10.79,19.02,5.37,66.83,0.0,1.41,63.34,-16.56556,-69.04167,3808
Desaguadero,2023-05-01,9.98,16.66,5.82,71.5,0.43,2.15,63.33,-16.56556,-69.04167,3808
Desaguadero,2023-05-02,9.72,15.69,6.05,78.5,1.04,2.63,63.24,-16.56556,-69.04167,3808
Desaguadero,2023-05-03,8.89,15.68,4.18,72.78,0.24,2.61,63.25,-16.56556,-69.04167,3808
Desaguadero,2023-05-04,8.5,15.13,3.71,80.18,3.22,4.19,63.2,-16.56556,-69.04167,3808
Desaguadero,2023-05-05,5.59,11.57,1.83,84.51,19.58,2.19,63.27,-16.56556,-69.04167,3808
Desaguadero,2023-05-06,5.25,10.83,1.93,84.85,15.5,2.15,63.31,-16.56556,-69.04167,3808
Desaguadero,2023-05-07,4.23,7.65,1.29,68.25,1.77,1.25,63.42,-16.56556,-69.04167,3808
Desaguadero,2023-05-08,5.62,10.99,2.79,70.37,1.75,1.65,63.5,-16.56556,-69.04167,3808
Desaguadero,2023-05-09,4.67,8.24,1.84,79.69,3.33,1.16,63.53,-16.56556,-69.04167,3808
Desaguadero,2023-05-10,6.49,13.09,1.93,73.13,0.04,1.67,63.48,-16.56556,-69.04167,3808
Desaguadero,2023-05-11,6.93,14.23,-0.05,68.41,0.0,1.23,63.4,-16.56556,-69.04167,3808
Desaguadero,2023-05-12,6.79,11.43,3.61,75.09,0.19,2.15,63.47,-16.56556,-69.04167,3808
Desaguadero,2023-05-13,7.14,14.07,2.54,72.43,0.31,2.22,63.48,-16.56556,-69.04167,3808
Desaguadero,2023-05-14,8.01,16.04,2.06,60.77,0.0,1.81,63.55,-16.56556,-69.04167,3808
Desaguadero,2023-05-15,9.17,16.41,4.05,65.64,0.93,0.87,63.55,-16.56556,-69.04167,3808
Desaguadero,2023-05-16,7.62,16.51,-0.42,59.32,0.05,1.43,63.42,-16.56556,-69.04167,3808
Desaguadero,2023-05-17,8.45,17.54,2.48,55.36,0.01,1.62,63.28,-16.56556,-69.04167,3808
Desaguadero,2023-05-18,8.04,16.24,0.71,59.68,0.03,2.11,63.38,-16.56556,-69.04167,3808
Desaguadero,2023-05-19,9.35,15.36,4.91,77.38,0.22,2.19,63.35,-16.56556,-69.04167,3808
Desaguadero,2023-05-20,9.69,16.9,3.7,58.16,0.0,1.19,63.28,-16.56556,-69.04167,3808
Desaguadero,2023-05-21,7.32,16.27,0.25,42.73,0.0,2.12,63.21,-16.56556,-69.04167,3808
Desaguadero,2023-05-22,6.3,15.38,-1.25,47.13,0.65,1.62,63.27,-16.56556,-69.04167,3808
Desaguadero,2023-05-23,8.51,15.86,2.49,68.76,0.84,1.89,63.32,-16.56556,-69.04167,3808
Desaguadero,2023-05-24,7.36,15.66,1.44,53.03,0.02,1.45,63.23,-16.56556,-69.04167,3808
Desaguadero,2023-05-25,7.98,15.75,1.29,62.73,0.0,1.27,63.23,-16.56556,-69.04167,3808
Desaguadero,2023-05-26,7.43,13.55,1.34,72.49,0.0,1.45,63.39,-16.56556,-69.04167,3808
Desaguadero,2023-05-27,7.82,13.92,4.48,78.72,0.0,2.15,63.41,-16.56556,-69.04167,3808
Desaguadero,2023-05-28,7.97,13.94,4.24,80.49,3.42,1.84,63.41,-16.56556,-69.04167,3808
Desaguadero,2023-05-29,6.59,14.72,-1.86,58.61,0.11,2.43,63.32,-16.56556,-69.04167,3808
Desaguadero,2023-05-30,5.26,15.55,-3.67,43.48,0.0,2.03,63.39,-16.56556,-69.04167,3808
Desaguadero,2023-05-31,6.18,15.64,-1.41,53.65,0.0,1.83,63.48,-16.56556,-69.04167,3808
Desaguadero,2023-06-01,7.28,15.95,1.9,42.42,0.0,1.48,63.51,-16.56556,-69.04167,3808
Desaguadero,2023-06-02,7.24,16.55,0.58,43.88,0.0,1.38,63.4,-16.56556,-69.04167,3808
Desaguadero,2023-06-03,5.91,16.07,-2.51,50.35,0.0,2.06,63.32,-16.56556,-69.04167,3808
Desaguadero,2023-06-04,6.94,15.17,1.38,67.18,0.0,1.65,63.38,-16.56556,-69.04167,3808
Desaguadero,2023-06-05,6.45,12.83,1.33,74.17,0.0,2.51,63.46,-16.56556,-69.04167,3808
Desaguadero,2023-06-06,6.64,15.25,0.19,70.03,0.06,1.65,63.34,-16.56556,-69.04167,3808
Desaguadero,2023-06-07,7.13,15.84,0.74,63.93,0.0,1.39,63.37,-16.56556,-69.04167,3808
Desaguadero,2023-06-08,8.0,16.46,3.01,67.21,0.0,1.31,63.42,-16.56556,-69.04167,3808
Desaguadero,2023-06-09,8.18,16.63,2.16,62.3,0.0,1.2,63.39,-16.56556,-69.04167,3808
Desaguadero,2023-06-10,7.7,15.31,2.89,69.14,0.0,2.15,63.29,-16.56556,-69.04167,3808
Desaguadero,2023-06-11,7.4,14.72,2.72,69.91,1.0,2.04,63.28,-16.56556,-69.04167,3808
Desaguadero,2023-06-12,7.22,14.84,1.88,73.52,1.66,2.73,63.22,-16.56556,-69.04167,3808
Desaguadero,2023-06-13,6.34,14.41,0.01,66.2,0.65,2.95,63.16,-16.56556,-69.04167,3808
Desaguadero,2023-06-14,3.79,14.45,-3.31,33.37,0.16,3.26,63.19,-16.56556,-69.04167,3808
Desaguadero,2023-06-15,3.38,13.93,-4.31,30.17,0.12,2.18,63.23,-16.56556,-69.04167,3808
Desaguadero,2023-06-16,3.52,14.36,-4.51,32.73,0.0,2.0,63.33,-16.56556,-69.04167,3808
Desaguadero,2023-06-17,3.79,13.06,-1.85,42.07,0.0,1.41,63.37,-16.56556,-69.04167,3808
Desaguadero,2023-06-18,4.57,13.73,-2.29,67.5,0.0,1.94,63.33,-16.56556,-69.04167,3808
Desaguadero,2023-06-19,5.22,14.7,-0.96,52.62,0.0,1.95,63.31,-16.56556,-69.04167,3808
Desaguadero,2023-06-20,5.08,14.2,-2.12,49.19,0.0,2.03,63.35,-16.56556,-69.04167,3808
Desaguadero,2023-06-21,6.11,14.68,-0.42,51.88,0.0,1.56,63.28,-16.56556,-69.04167,3808
Desaguadero,2023-06-22,5.32,13.7,-0.41,50.61,0.0,1.68,63.3,-16.56556,-69.04167,3808
Desaguadero,2023-06-23,4.87,14.08,-3.81,37.88,0.0,1.73,63.38,-16.56556,-69.04167,3808
Desaguadero,2023-06-24,5.21,14.66,-2.81,49.93,0.0,1.72,63.36,-16.56556,-69.04167,3808
Desaguadero,2023-06-25,6.59,15.4,1.09,67.11,0.0,1.61,63.41,-16.56556,-69.04167,3808
Desaguadero,2023-06-26,7.22,15.68,1.06,66.59,0.0,1.28,63.42,-16.56556,-69.04167,3808
Desaguadero,2023-06-27,7.72,16.44,1.33,64.23,0.0,1.29,63.34,-16.56556,-69.04167,3808
Desaguadero,2023-06-28,8.42,15.99,3.88,69.5,0.14,2.27,63.41,-16.56556,-69.04167,3808
Desaguadero,2023-06-29,7.21,13.83,2.81,78.29,0.25,2.35,63.45,-16.56556,-69.04167,3808
Desaguadero,2023-06-30,7.18,15.77,2.19,71.41,0.04,1.46,63.43,-16.56556,-69.04167,3808
Desaguadero,2023-07-01,7.44,15.99,1.97,67.72,0.0,1.32,63.36,-16.56556,-69.04167,3808
Desaguadero,2023-07-02,7.17,16.73,-1.02,54.49,0.0,1.82,63.31,-16.56556,-69.04167,3808
Desaguadero,2023-07-03,7.85,17.59,1.88,59.49,0.0,1.81,63.33,-16.56556,-69.04167,3808
Desaguadero,2023-07-04,8.28,18.3,0.88,53.67,0.0,1.79,63.38,-16.56556,-69.04167,3808
Desaguadero,2023-07-05,7.33,17.8,-1.33,41.39,0.0,1.43,63.4,-16.56556,-69.04167,3808
Desaguadero,2023-07-06,7.64,17.25,0.47,55.99,0.13,1.58,63.31,-16.56556,-69.04167,3808
Desaguadero,2023-07-07,9.01,17.48,3.95,60.18,0.03,1.96,63.26,-16.56556,-69.04167,3808
Desaguadero,2023-07-08,8.34,17.07,2.57,67.33,0.0,1.92,63.31,-16.56556,-69.04167,3808
Desaguadero,2023-07-09,8.2,15.83,3.66,73.76,0.1,2.34,63.34,-16.56556,-69.04167,3808
Desaguadero,2023-07-10,8.81,14.89,4.65,77.75,0.19,2.65,63.3,-16.56556,-69.04167,3808
Desaguadero,2023-07-11,9.28,16.26,4.59,71.96,0.02,2.7,63.25,-16.56556,-69.04167,3808
Desaguadero,2023-07-12,7.33,16.83,-0.51,49.12,0.03,2.34,63.21,-16.56556,-69.04167,3808
Desaguadero,2023-07-13,7.8,15.92,1.16,63.67,1.38,2.6,63.21,-16.56556,-69.04167,3808
Desaguadero,2023-07-14,8.19,17.32,0.29,56.19,0.52,2.23,63.19,-16.56556,-69.04167,3808
Desaguadero,2023-07-15,6.12,16.61,-1.33,37.31,0.02,1.77,63.25,-16.56556,-69.04167,3808
Desaguadero,2023-07-16,6.03,16.03,-1.88,47.02,0.07,1.88,63.3,-16.56556,-69.04167,3808
Desaguadero,2023-07-17,7.17,13.94,2.6,73.94,0.01,2.62,63.36,-16.56556,-69.04167,3808
Desaguadero,2023-07-18,7.08,14.31,2.34,73.24,0.0,2.53,63.48,-16.56556,-69.04167,3808
Desaguadero,2023-07-19,7.39,15.96,2.17,69.47,0.0,1.78,63.55,-16.56556,-69.04167,3808
Desaguadero,2023-07-20,7.05,16.51,1.38,69.47,0.0,2.13,63.53,-16.56556,-69.04167,3808
Desaguadero,2023-07-21,6.44,15.54,0.82,55.41,0.0,2.04,63.47,-16.56556,-69.04167,3808
Desaguadero,2023-07-22,7.54,16.75,0.72,52.18,0.0,1.21,63.4,-16.56556,-69.04167,3808
Desaguadero,2023-07-23,7.34,16.85,0.25,61.81,0.0,2.5,63.49,-16.56556,-69.04167,3808
Desaguadero,2023-07-24,6.97,16.15,0.09,61.41,0.0,1.66,63.45,-16.56556,-69.04167,3808
Desaguadero,2023-07-25,6.49,16.31,-0.51,38.33,2.3,1.86,63.28,-16.56556,-69.04167,3808
Desaguadero,2023-07-26,5.61,14.27,-0.97,51.97,15.6,2.44,63.22,-16.56556,-69.04167,3808
Desaguadero,2023-07-27,6.43,12.92,1.35,70.35,0.35,3.78,63.25,-16.56556,-69.04167,3808
Desaguadero,2023-07-28,5.82,12.17,1.65,74.04,0.07,3.68,63.4,-16.56556,-69.04167,3808
Desaguadero,2023-07-29,5.29,10.84,0.53,76.23,0.27,1.87,63.53,-16.56556,-69.04167,3808
Desaguadero,2023-07-30,6.3,12.16,2.59,73.17,0.0,1.65,63.54,-16.56556,-69.04167,3808
Desaguadero,2023-07-31,6.04,14.86,-0.32,65.9,0.0,2.46,63.63,-16.56556,-69.04167,3808
Desaguadero,2023-08-01,4.76,14.12,-1.54,66.07,0.0,2.09,63.6,-16.56556,-69.04167,3808
Desaguadero,2023-08-02,5.38,14.41,-0.96,64.35,0.0,1.8,63.54,-16.56556,-69.04167,3808
Desaguadero,2023-08-03,5.15,14.45,-1.12,63.27,0.0,2.4,63.51,-16.56556,-69.04167,3808
Desaguadero,2023-08-04,5.33,14.94,-1.56,63.41,0.0,2.0,63.45,-16.56556,-69.04167,3808
Desaguadero,2023-08-05,5.41,13.67,-0.49,69.45,0.0,2.88,63.4,-16.56556,-69.04167,3808
Desaguadero,2023-08-06,7.97,16.23,2.05,63.4,0.0,2.11,63.41,-16.56556,-69.04167,3808
Desaguadero,2023-08-07,7.29,14.32,1.83,68.4,0.43,1.54,63.53,-16.56556,-69.04167,3808
Desaguadero,2023-08-08,7.5,15.2,1.92,68.48,0.5,1.62,63.54,-16.56556,-69.04167,3808
Desaguadero,2023-08-09,7.01,15.57,0.12,59.39,0.0,1.77,63.49,-16.56556,-69.04167,3808
Desaguadero,2023-08-10,7.34,16.82,-1.38,56.54,0.0,1.73,63.37,-16.56556,-69.04167,3808
Desaguadero,2023-08-11,6.79,14.41,2.34,71.96,0.02,2.97,63.35,-16.56556,-69.04167,3808
Desaguadero,2023-08-12,4.87,9.15,1.72,76.66,0.12,3.24,63.38,-16.56556,-69.04167,3808
Desaguadero,2023-08-13,4.69,9.88,0.53,77.76,0.1,2.94,63.33,-16.56556,-69.04167,3808
Desaguadero,2023-08-14,5.6,13.48,0.43,67.16,0.01,1.7,63.32,-16.56556,-69.04167,3808
Desaguadero,2023-08-15,6.48,15.23,-0.51,66.18,0.0,1.93,63.3,-16.56556,-69.04167,3808
Desaguadero,2023-08-16,7.53,16.86,0.57,63.87,0.0,1.97,63.27,-16.56556,-69.04167,3808
Desaguadero,2023-08-17,8.42,17.75,1.96,61.55,0.0,1.96,63.2,-16.56556,-69.04167,3808
Desaguadero,2023-08-18,6.82,18.68,-1.96,33.39,0.0,3.5,63.15,-16.56556,-69.04167,3808
Desaguadero,2023-08-19,5.4,17.75,-4.72,25.22,0.0,2.85,63.16,-16.56556,-69.04167,3808
Desaguadero,2023-08-20,5.86,17.96,-3.73,28.32,0.0,2.25,63.18,-16.56556,-69.04167,3808
Desaguadero,2023-08-21,5.94,16.4,-3.54,37.04,0.0,1.73,63.26,-16.56556,-69.04167,3808
Desaguadero,2023-08-22,8.55,17.35,1.52,63.73,0.0,1.94,63.24,-16.56556,-69.04167,3808
Desaguadero,2023-08-23,10.23,19.24,3.32,61.38,0.0,1.51,63.21,-16.56556,-69.04167,3808
Desaguadero,2023-08-24,10.56,18.83,4.75,63.17,0.0,1.96,63.28,-16.56556,-69.04167,3808
Desaguadero,2023-08-25,10.41,19.75,3.17,54.67,0.0,1.09,63.3,-16.56556,-69.04167,3808
Desaguadero,2023-08-26,7.66,14.15,4.64,76.94,0.0,1.88,63.34,-16.56556,-69.04167,3808
Desaguadero,2023-08-27,9.47,17.25,4.39,67.52,0.0,1.83,63.31,-16.56556,-69.04167,3808
Desaguadero,2023-08-28,9.1,18.68,1.36,50.63,0.0,1.78,63.38,-16.56556,-69.04167,3808
Desaguadero,2023-08-29,8.37,18.77,-1.31,41.92,0.0,2.35,63.42,-16.56556,-69.04167,3808
Desaguadero,2023-08-30,9.51,16.09,4.64,72.78,0.03,3.02,63.36,-16.56556,-69.04167,3808
Desaguadero,2023-08-31,9.57,15.68,5.58,72.71,0.13,3.59,63.33,-16.56556,-69.04167,3808
Desaguadero,2023-09-01,9.1,15.15,4.73,71.14,0.02,2.65,63.29,-16.56556,-69.04167,3808
Desaguadero,2023-09-02,8.33,14.23,4.16,66.14,0.02,2.47,63.2,-16.56556,-69.04167,3808
Desaguadero,2023-09-03,7.09,15.02,-0.21,45.79,0.03,3.2,63.21,-16.56556,-69.04167,3808
Desaguadero,2023-09-04,8.1,17.72,-0.91,43.97,0.01,2.33,63.4,-16.56556,-69.04167,3808
Desaguadero,2023-09-05,8.83,15.76,3.81,65.25,0.0,3.9,63.52,-16.56556,-69.04167,3808
Desaguadero,2023-09-06,7.7,12.93,4.23,69.99,0.9,3.31,63.44,-16.56556,-69.04167,3808
Desaguadero,2023-09-07,7.54,14.11,3.6,68.21,0.04,2.91,63.26,-16.56556,-69.04167,3808
Desaguadero,2023-09-08,8.14,16.3,2.32,51.7,0.0,2.07,63.28,-16.56556,-69.04167,3808
Desaguadero,2023-09-09,7.84,16.97,-0.07,37.87,0.0,2.08,63.39,-16.56556,-69.04167,3808
Desaguadero,2023-09-10,8.58,15.59,2.97,70.19,0.0,3.35,63.46,-16.56556,-69.04167,3808
Desaguadero,2023-09-11,8.4,17.87,0.92,60.54,0.0,2.9,63.39,-16.56556,-69.04167,3808
Desaguadero,2023-09-12,8.39,15.18,2.9,59.14,0.0,1.67,63.27,-16.56556,-69.04167,3808
Desaguadero,2023-09-13,5.74,13.44,-1.06,37.03,0.0,1.65,63.32,-16.56556,-69.04167,3808
Desaguadero,2023-09-14,7.81,17.27,0.0,53.46,0.0,2.35,63.34,-16.56556,-69.04167,3808
Desaguadero,2023-09-15,9.27,17.57,3.84,65.88,0.0,3.14,63.3,-16.56556,-69.04167,3808
Desaguadero,2023-09-16,9.25,17.7,2.87,68.88,0.0,3.27,63.27,-16.56556,-69.04167,3808
Desaguadero,2023-09-17,8.2,14.24,3.66,64.35,0.0,1.59,63.26,-16.56556,-69.04167,3808
Desaguadero,2023-09-18,9.63,18.49,3.91,62.89,0.02,2.35,63.27,-16.56556,-69.04167,3808
Desaguadero,2023-09-19,7.46,11.58,4.15,76.9,0.02,2.84,63.3,-16.56556,-69.04167,3808
Desaguadero,2023-09-20,8.61,16.17,3.23,69.19,0.62,2.51,63.34,-16.56556,-69.04167,3808
Desaguadero,2023-09-21,9.31,16.9,3.19,68.43,0.2,3.35,63.37,-16.56556,-69.04167,3808
Desaguadero,2023-09-22,10.41,17.82,4.88,70.81,0.0,2.71,63.33,-16.56556,-69.04167,3808
Desaguadero,2023-09-23,10.3,17.61,5.33,70.6,0.0,3.63,63.37,-16.56556,-69.04167,3808
Desaguadero,2023-09-24,9.9,18.0,4.62,66.37,0.0,3.83,63.4,-16.56556,-69.04167,3808
Desaguadero,2023-09-25,10.17,19.07,4.39,66.15,0.44,2.99,63.41,-16.56556,-69.04167,3808
Desaguadero,2023-09-26,11.89,20.96,4.35,64.45,0.0,2.48,63.3,-16.56556,-69.04167,3808
Desaguadero,2023-09-27,9.04,13.71,5.56,80.85,2.23,4.04,63.31,-16.56556,-69.04167,3808
Desaguadero,2023-09-28,11.11,19.24,5.32,68.28,0.17,2.85,63.24,-16.56556,-69.04167,3808
Desaguadero,2023-09-29,10.75,18.15,6.08,70.7,0.01,4.83,63.35,-16.56556,-69.04167,3808
Desaguadero,2023-09-30,10.5,17.09,5.95,69.03,0.05,4.01,63.43,-16.56556,-69.04167,3808
Desaguadero,2023-10-01,10.65,16.25,6.35,70.22,0.38,3.3,63.35,-16.56556,-69.04167,3808
Desaguadero,2023-10-02,11.94,18.78,7.11,66.04,0.04,2.81,63.21,-16.56556,-69.04167,3808
Desaguadero,2023-10-03,10.09,18.65,6.28,68.32,0.0,2.0,63.21,-16.56556,-69.04167,3808
Desaguadero,2023-10-04,11.8,20.37,5.33,65.42,0.03,3.23,63.26,-16.56556,-69.04167,3808
Desaguadero,2023-10-05,11.38,18.06,6.64,71.59,0.06,3.65,63.25,-16.56556,-69.04167,3808
Desaguadero,2023-10-06,13.06,21.91,5.44,59.75,0.0,2.61,63.3,-16.56556,-69.04167,3808
Desaguadero,2023-10-07,12.56,17.92,9.31,69.8,0.0,3.81,63.33,-16.56556,-69.04167,3808
Desaguadero,2023-10-08,13.5,21.32,8.55,60.4,0.01,2.88,63.29,-16.56556,-69.04167,3808
Desaguadero,2023-10-09,11.53,18.97,6.53,67.32,0.0,4.52,63.4,-16.56556,-69.04167,3808
Desaguadero,2023-10-10,11.49,19.8,5.88,63.44,0.0,3.71,63.43,-16.56556,-69.04167,3808
Desaguadero,2023-10-11,12.24,21.78,4.35,61.69,0.0,3.28,63.41,-16.56556,-69.04167,3808
Desaguadero,2023-10-12,10.48,14.55,7.75,73.62,0.0,2.72,63.45,-16.56556,-69.04167,3808
Desaguadero,2023-10-13,10.44,16.78,5.89,67.31,0.0,3.77,63.45,-16.56556,-69.04167,3808
Desaguadero,2023-10-14,10.21,17.89,4.82,67.7,0.0,3.85,63.49,-16.56556,-69.04167,3808
Desaguadero,2023-10-15,9.47,17.54,2.74,61.72,0.0,4.07,63.5,-16.56556,-69.04167,3808
Desaguadero,2023-10-16,10.37,17.95,5.08,63.86,0.0,3.85,63.42,-16.56556,-69.04167,3808
Desaguadero,2023-10-17,10.53,17.74,4.72,66.99,0.0,4.83,63.33,-16.56556,-69.04167,3808
Desaguadero,2023-10-18,9.79,16.38,3.79,65.91,0.0,5.06,63.37,-16.56556,-69.04167,3808
Desaguadero,2023-10-19,9.11,14.5,4.8,70.51,10.73,5.06,63.4,-16.56556,-69.04167,3808
Desaguadero,2023-10-20,9.41,15.5,5.24,72.31,1.16,5.46,63.43,-16.56556,-69.04167,3808
Desaguadero,2023-10-21,9.31,16.14,5.14,68.57,0.28,5.46,63.43,-16.56556,-69.04167,3808
Desaguadero,2023-10-22,9.67,17.94,2.51,62.27,4.93,4.62,63.42,-16.56556,-69.04167,3808
Desaguadero,2023-10-23,10.43,18.69,4.32,58.16,3.4,3.32,63.4,-16.56556,-69.04167,3808
Desaguadero,2023-10-24,10.58,18.22,5.22,67.46,1.31,3.15,63.37,-16.56556,-69.04167,3808
Desaguadero,2023-10-25,10.25,17.15,3.6,72.02,0.49,2.57,63.23,-16.56556,-69.04167,3808
Desaguadero,2023-10-26,10.94,17.52,5.45,72.8,0.63,2.87,63.08,-16.56556,-69.04167,3808
Desaguadero,2023-10-27,11.32,17.99,6.48,71.04,0.3,4.87,62.98,-16.56556,-69.04167,3808
Desaguadero,2023-10-28,12.64,21.12,4.5,51.48,0.0,2.79,62.99,-16.56556,-69.04167,3808
Desaguadero,2023-10-29,10.09,20.11,1.55,36.65,0.0,2.08,63.1,-16.56556,-69.04167,3808
Desaguadero,2023-10-30,10.35,20.65,0.2,42.63,0.01,1.89,63.15,-16.56556,-69.04167,3808
Desaguadero,2023-10-31,10.84,20.46,1.44,48.35,0.0,2.78,63.15,-16.56556,-69.04167,3808
Desaguadero,2023-11-01,11.45,18.08,6.22,69.38,0.0,3.49,63.1,-16.56556,-69.04167,3808
Desaguadero,2023-11-02,11.63,18.36,7.33,67.36,0.0,2.67,63.13,-16.56556,-69.04167,3808
Desaguadero,2023-11-03,10.74,15.76,7.15,71.27,0.07,4.13,63.21,-16.56556,-69.04167,3808
Desaguadero,2023-11-04,10.79,17.55,6.61,69.1,2.23,4.98,63.22,-16.56556,-69.04167,3808
Desaguadero,2023-11-05,10.78,18.36,5.46,66.3,0.29,4.29,63.25,-16.56556,-69.04167,3808
Desaguadero,2023-11-06,10.8,18.57,4.99,63.01,0.08,4.06,63.39,-16.56556,-69.04167,3808
Desaguadero,2023-11-07,10.89,17.0,6.81,71.69,0.15,4.56,63.44,-16.56556,-69.04167,3808
Desaguadero,2023-11-08,11.11,18.78,5.6,66.33,0.29,4.72,63.44,-16.56556,-69.04167,3808
Desaguadero,2023-11-09,9.09,13.25,5.76,71.57,0.53,5.3,63.37,-16.56556,-69.04167,3808
Desaguadero,2023-11-10,10.14,16.75,5.38,70.58,1.43,5.53,63.25,-16.56556,-69.04167,3808
Desaguadero,2023-11-11,10.49,19.8,2.91,65.54,4.42,2.21,63.23,-16.56556,-69.04167,3808
Desaguadero,2023-11-12,9.8,17.0,4.44,70.31,6.54,3.27,63.21,-16.56556,-69.04167,3808
Desaguadero,2023-11-13,11.33,20.33,2.85,60.0,1.21,2.63,63.2,-16.56556,-69.04167,3808
Desaguadero,2023-11-14,10.06,16.58,3.51,70.66,0.01,3.83,63.17,-16.56556,-69.04167,3808
Desaguadero,2023-11-15,10.74,18.21,4.64,51.45,0.64,1.8,63.27,-16.56556,-69.04167,3808
Desaguadero,2023-11-16,12.36,20.12,7.0,65.8,1.53,2.7,63.22,-16.56556,-69.04167,3808
Desaguadero,2023-11-17,11.8,15.99,8.05,71.11,1.3,2.63,63.24,-16.56556,-69.04167,3808
Desaguadero,2023-11-18,13.77,22.93,5.52,52.06,0.29,2.52,63.25,-16.56556,-69.04167,3808
Desaguadero,2023-11-19,13.03,22.53,3.58,43.47,0.06,2.27,63.27,-16.56556,-69.04167,3808
Desaguadero,2023-11-20,10.38,16.79,4.98,63.72,0.4,4.15,63.24,-16.56556,-69.04167,3808
Desaguadero,2023-11-21,12.28,19.92,5.28,58.24,0.22,2.1,63.09,-16.56556,-69.04167,3808
Desaguadero,2023-11-22,11.74,20.34,3.53,54.48,9.75,2.75,63.03,-16.56556,-69.04167,3808
Desaguadero,2023-11-23,10.86,16.02,5.97,73.09,3.0,3.84,63.18,-16.56556,-69.04167,3808
Desaguadero,2023-11-24,9.63,15.21,6.06,71.27,6.7,4.31,63.36,-16.56556,-69.04167,3808
Desaguadero,2023-11-25,9.23,14.8,4.62,76.73,2.26,3.79,63.22,-16.56556,-69.04167,3808
Desaguadero,2023-11-26,9.96,16.57,4.31,71.83,7.02,3.83,63.15,-16.56556,-69.04167,3808
Desaguadero,2023-11-27,8.95,15.56,3.27,73.83,4.51,1.44,63.26,-16.56556,-69.04167,3808
Desaguadero,2023-11-28,9.69,17.57,2.19,68.35,0.44,2.27,63.3,-16.56556,-69.04167,3808
Desaguadero,2023-11-29,10.1,16.94,3.69,74.51,0.53,3.35,63.17,-16.56556,-69.04167,3808
Desaguadero,2023-11-30,10.72,16.71,6.26,72.51,8.51,5.33,63.16,-16.56556,-69.04167,3808
Desaguadero,2023-12-01,10.55,16.93,5.8,72.06,11.88,3.86,63.22,-16.56556,-69.04167,3808
Desaguadero,2023-12-02,10.89,19.1,4.44,65.81,6.32,1.83,63.15,-16.56556,-69.04167,3808
Desaguadero,2023-12-03,10.32,16.22,5.09,70.2,0.86,2.35,63.15,-16.56556,-69.04167,3808
Desaguadero,2023-12-04,10.11,16.74,3.51,70.39,9.26,2.85,63.17,-16.56556,-69.04167,3808
Desaguadero,2023-12-05,7.92,14.44,2.35,79.52,2.99,2.66,63.25,-16.56556,-69.04167,3808
Desaguadero,2023-12-06,10.58,17.19,5.05,75.13,0.31,2.29,63.23,-16.56556,-69.04167,3808
Desaguadero,2023-12-07,10.92,15.41,7.58,76.05,3.09,3.68,63.31,-16.56556,-69.04167,3808
Desaguadero,2023-12-08,10.06,15.29,5.68,73.68,1.6,4.94,63.4,-16.56556,-69.04167,3808
Desaguadero,2023-12-09,10.83,18.53,4.35,69.46,0.02,3.12,63.34,-16.56556,-69.04167,3808
Desaguadero,2023-12-10,11.13,17.78,6.33,73.21,22.07,3.99,63.22,-16.56556,-69.04167,3808
Desaguadero,2023-12-11,10.39,15.8,6.66,76.3,3.02,4.54,63.21,-16.56556,-69.04167,3808
Desaguadero,2023-12-12,11.12,17.73,5.75,74.82,2.08,3.68,63.24,-16.56556,-69.04167,3808
Desaguadero,2023-12-13,10.55,15.96,7.02,76.98,1.83,4.1,63.18,-16.56556,-69.04167,3808
Desaguadero,2023-12-14,9.59,16.0,3.08,78.49,25.81,3.8,63.11,-16.56556,-69.04167,3808
Desaguadero,2023-12-15,9.95,17.43,2.11,75.16,1.87,2.56,63.23,-16.56556,-69.04167,3808
Desaguadero,2023-12-16,11.45,17.48,7.06,74.45,5.35,3.1,63.28,-16.56556,-69.04167,3808
Desaguadero,2023-12-17,10.85,17.45,5.79,72.25,0.33,2.07,63.29,-16.56556,-69.04167,3808
Desaguadero,2023-12-18,10.83,17.08,5.26,69.72,1.42,2.42,63.18,-16.56556,-69.04167,3808
Desaguadero,2023-12-19,9.98,16.89,3.99,72.51,8.09,2.64,63.16,-16.56556,-69.04167,3808
Desaguadero,2023-12-20,9.02,16.67,2.33,74.34,2.5,2.74,63.23,-16.56556,-69.04167,3808
Desaguadero,2023-12-21,11.21,16.84,6.5,77.24,0.28,3.28,63.31,-16.56556,-69.04167,3808
Desaguadero,2023-12-22,10.8,14.76,7.59,77.49,0.19,2.61,63.38,-16.56556,-69.04167,3808
Desaguadero,2023-12-23,11.89,18.6,7.14,70.89,0.0,2.42,63.4,-16.56556,-69.04167,3808
Desaguadero,2023-12-24,11.83,18.79,6.51,68.82,0.0,3.0,63.45,-16.56556,-69.04167,3808
Desaguadero,2023-12-25,11.47,18.8,6.09,67.59,0.0,3.16,63.48,-16.56556,-69.04167,3808
Desaguadero,2023-12-26,9.49,13.99,4.86,70.07,0.47,3.93,63.54,-16.56556,-69.04167,3808
Desaguadero,2023-12-27,10.03,17.14,3.99,69.72,0.34,3.36,63.41,-16.56556,-69.04167,3808
Desaguadero,2023-12-28,10.49,16.67,5.24,74.27,14.49,3.42,63.35,-16.56556,-69.04167,3808
Desaguadero,2023-12-29,11.09,17.7,5.86,73.04,0.6,3.41,63.36,-16.56556,-69.04167,3808
Desaguadero,2023-12-30,9.66,13.78,5.8,79.59,7.27,4.4,63.39,-16.56556,-69.04167,3808
Desaguadero,2023-12-31,9.91,17.68,2.69,74.33,0.6,3.27,63.33,-16.56556,-69.04167,3808
Desaguadero,2024-01-01,10.48,17.96,2.51,72.6,9.48,1.63,63.28,-16.56556,-69.04167,3808
Desaguadero,2024-01-02,10.24,16.43,4.44,78.34,6.55,2.41,63.22,-16.56556,-69.04167,3808
Desaguadero,2024-01-03,9.92,14.39,6.18,79.8,6.19,4.35,63.25,-16.56556,-69.04167,3808
Desaguadero,2024-01-04,9.99,16.81,4.97,71.68,6.02,3.89,63.33,-16.56556,-69.04167,3808
Desaguadero,2024-01-05,10.28,17.43,4.73,70.83,0.19,3.47,63.34,-16.56556,-69.04167,3808
Desaguadero,2024-01-06,11.38,18.87,6.03,67.2,0.01,3.46,63.32,-16.56556,-69.04167,3808
Desaguadero,2024-01-07,11.26,18.56,5.49,69.99,1.48,3.0,63.28,-16.56556,-69.04167,3808
Desaguadero,2024-01-08,11.99,21.07,5.36,59.86,0.12,2.78,63.3,-16.56556,-69.04167,3808
Desaguadero,2024-01-09,12.01,21.01,5.2,64.7,0.0,2.69,63.35,-16.56556,-69.04167,3808
Desaguadero,2024-01-10,11.3,19.68,3.99,63.01,0.0,2.71,63.29,-16.56556,-69.04167,3808
Desaguadero,2024-01-11,11.28,19.02,5.56,66.38,0.0,3.13,63.32,-16.56556,-69.04167,3808
Desaguadero,2024-01-12,11.2,18.69,6.25,64.02,0.45,3.47,63.33,-16.56556,-69.04167,3808
Desaguadero,2024-01-13,11.42,18.67,5.89,66.79,0.04,2.74,63.3,-16.56556,-69.04167,3808
Desaguadero,2024-01-14,10.99,17.9,6.0,73.92,3.43,2.6,63.33,-16.56556,-69.04167,3808
Desaguadero,2024-01-15,10.24,15.61,6.67,77.32,1.27,4.52,63.36,-16.56556,-69.04167,3808
Desaguadero,2024-01-16,12.2,19.18,6.7,72.56,0.42,2.9,63.33,-16.56556,-69.04167,3808
Desaguadero,2024-01-17,11.81,17.92,6.76,71.93,0.48,3.61,63.42,-16.56556,-69.04167,3808
Desaguadero,2024-01-18,11.7,17.62,7.63,73.12,0.15,3.21,63.4,-16.56556,-69.04167,3808
Desaguadero,2024-01-19,11.45,15.53,8.08,75.9,0.52,2.38,63.39,-16.56556,-69.04167,3808
Desaguadero,2024-01-20,10.64,15.5,7.07,76.55,0.65,3.61,63.36,-16.56556,-69.04167,3808
Desaguadero,2024-01-21,11.54,19.05,4.95,68.93,0.09,3.25,63.41,-16.56556,-69.04167,3808
Desaguadero,2024-01-22,11.53,17.07,7.89,74.02,0.1,3.49,63.42,-16.56556,-69.04167,3808
Desaguadero,2024-01-23,11.12,15.69,7.76,77.77,1.91,3.53,63.37,-16.56556,-69.04167,3808
Desaguadero,2024-01-24,11.85,18.01,7.38,72.44,1.27,2.33,63.28,-16.56556,-69.04167,3808
Desaguadero,2024-01-25,9.11,16.86,3.29,80.0,20.96,2.5,63.27,-16.56556,-69.04167,3808
Desaguadero,2024-01-26,9.91,18.15,4.85,75.06,3.78,2.49,63.32,-16.56556,-69.04167,3808
Desaguadero,2024-01-27,10.22,18.01,4.97,69.69,0.32,3.17,63.34,-16.56556,-69.04167,3808
Desaguadero,2024-01-28,9.81,16.01,4.91,74.28,5.21,3.31,63.34,-16.56556,-69.04167,3808
Desaguadero,2024-01-29,10.33,16.9,5.45,74.77,5.48,2.92,63.36,-16.56556,-69.04167,3808
Desaguadero,2024-01-30,8.5,14.91,3.42,78.48,3.47,2.91,63.39,-16.56556,-69.04167,3808
Desaguadero,2024-01-31,9.97,16.63,4.86,73.44,1.1,3.2,63.43,-16.56556,-69.04167,3808
Desaguadero,2024-02-01,10.33,18.01,3.68,69.83,1.25,3.75,63.49,-16.56556,-69.04167,3808
Desaguadero,2024-02-02,10.25,18.3,4.74,67.5,1.68,3.62,63.45,-16.56556,-69.04167,3808
Desaguadero,2024-02-03,10.51,18.74,3.86,69.62,1.35,3.36,63.36,-16.56556,-69.04167,3808
Desaguadero,2024-02-04,10.57,17.96,5.22,68.76,0.0,3.82,63.35,-16.56556,-69.04167,3808
Desaguadero,2024-02-05,10.13,16.52,4.61,71.38,9.86,3.04,63.32,-16.56556,-69.04167,3808
Desaguadero,2024-02-06,9.02,14.29,5.3,74.8,12.49,3.73,63.37,-16.56556,-69.04167,3808
Desaguadero,2024-02-07,9.07,14.84,5.24,77.12,1.69,3.06,63.34,-16.56556,-69.04167,3808
Desaguadero,2024-02-08,8.66,14.88,2.86,73.82,0.59,1.73,63.27,-16.56556,-69.04167,3808
Desaguadero,2024-02-09,10.73,18.78,3.57,58.57,0.08,1.76,63.3,-16.56556,-69.04167,3808
Desaguadero,2024-02-10,10.06,13.73,5.88,74.71,21.82,1.78,63.37,-16.56556,-69.04167,3808
Desaguadero,2024-02-11,8.74,15.02,2.79,82.09,7.16,2.26,63.36,-16.56556,-69.04167,3808
Desaguadero,2024-02-12,9.78,15.52,5.87,78.49,5.42,3.15,63.32,-16.56556,-69.04167,3808
Desaguadero,2024-02-13,9.73,14.69,5.92,81.47,8.39,3.62,63.41,-16.56556,-69.04167,3808
Desaguadero,2024-02-14,9.97,16.95,4.72,78.65,7.48,3.46,63.5,-16.56556,-69.04167,3808
Desaguadero,2024-02-15,10.49,17.19,5.45,78.51,1.75,3.53,63.52,-16.56556,-69.04167,3808
Desaguadero,2024-02-16,10.43,16.27,6.38,81.75,13.37,3.2,63.49,-16.56556,-69.04167,3808
Desaguadero,2024-02-17,10.61,16.28,6.14,76.81,1.25,2.11,63.44,-16.56556,-69.04167,3808
Desaguadero,2024-02-18,10.88,16.79,5.94,76.42,10.45,2.78,63.4,-16.56556,-69.04167,3808
Desaguadero,2024-02-19,10.4,16.27,5.98,77.43,7.46,2.75,63.36,-16.56556,-69.04167,3808
Desaguadero,2024-02-20,9.15,12.84,5.2,81.4,12.25,2.04,63.28,-16.56556,-69.04167,3808
Desaguadero,2024-02-21,9.46,16.68,3.73,73.75,9.9,2.28,63.11,-16.56556,-69.04167,3808
Desaguadero,2024-02-22,10.34,18.56,3.29,66.6,0.64,2.05,63.06,-16.56556,-69.04167,3808
Desaguadero,2024-02-23,9.72,16.03,5.18,75.86,0.35,3.17,63.21,-16.56556,-69.04167,3808
Desaguadero,2024-02-24,8.64,13.83,5.84,83.52,2.76,3.97,63.35,-16.56556,-69.04167,3808
Desaguadero,2024-02-25,8.7,14.87,5.15,81.19,1.26,4.15,63.45,-16.56556,-69.04167,3808
Desaguadero,2024-02-26,9.17,16.35,4.22,77.53,1.4,3.27,63.42,-16.56556,-69.04167,3808
Desaguadero,2024-02-27,9.61,16.32,5.0,77.81,1.86,3.56,63.34,-16.56556,-69.04167,3808
Desaguadero,2024-02-28,9.32,14.56,5.22,79.14,4.03,2.7,63.35,-16.56556,-69.04167,3808
Desaguadero,2024-02-29,9.03,16.32,3.09,75.71,1.71,3.14,63.38,-16.56556,-69.04167,3808
Desaguadero,2024-03-01,8.45,15.19,3.59,74.44,0.19,4.2,63.45,-16.56556,-69.04167,3808
Desaguadero,2024-03-02,9.04,16.64,2.84,75.24,0.03,3.33,63.46,-16.56556,-69.04167,3808
Desaguadero,2024-03-03,9.68,16.68,4.57,76.12,0.93,3.04,63.38,-16.56556,-69.04167,3808
Desaguadero,2024-03-04,8.28,13.9,3.82,79.59,10.76,3.37,63.35,-16.56556,-69.04167,3808
Desaguadero,2024-03-05,8.75,15.91,3.28,79.58,8.2,3.43,63.27,-16.56556,-69.04167,3808
Desaguadero,2024-03-06,9.66,16.81,4.17,79.79,9.51,3.31,63.27,-16.56556,-69.04167,3808
Desaguadero,2024-03-07,9.53,14.43,4.97,80.39,13.67,2.75,63.38,-16.56556,-69.04167,3808
Desaguadero,2024-03-08,10.13,16.5,5.82,79.64,15.92,3.51,63.41,-16.56556,-69.04167,3808
Desaguadero,2024-03-09,10.59,17.09,5.83,78.16,13.51,3.18,63.45,-16.56556,-69.04167,3808
Desaguadero,2024-03-10,9.42,14.67,5.45,81.8,17.87,3.1,63.49,-16.56556,-69.04167,3808
Desaguadero,2024-03-11,9.51,15.92,5.13,79.05,1.83,3.54,63.57,-16.56556,-69.04167,3808
Desaguadero,2024-03-12,10.19,15.65,4.97,79.75,8.94,2.27,63.58,-16.56556,-69.04167,3808
Desaguadero,2024-03-13,10.56,15.54,7.21,82.0,2.74,2.64,63.49,-16.56556,-69.04167,3808
Desaguadero,2024-03-14,10.3,16.11,5.2,79.34,0.71,2.91,63.47,-16.56556,-69.04167,3808
Desaguadero,2024-03-15,11.62,19.37,4.83,74.08,0.03,2.63,63.35,-16.56556,-69.04167,3808
Desaguadero,2024-03-16,10.67,16.52,6.32,76.76,0.89,2.35,63.3,-16.56556,-69.04167,3808
Desaguadero,2024-03-17,9.77,14.75,6.75,78.06,2.27,3.53,63.31,-16.56556,-69.04167,3808
Desaguadero,2024-03-18,10.74,17.16,5.48,77.84,0.44,2.98,63.29,-16.56556,-69.04167,3808
Desaguadero,2024-03-19,9.09,12.23,4.02,82.28,4.36,2.24,63.31,-16.56556,-69.04167,3808
Desaguadero,2024-03-20,10.22,17.83,2.6,72.16,2.17,1.79,63.24,-16.56556,-69.04167,3808
Desaguadero,2024-03-21,10.17,16.75,4.52,75.39,1.54,2.94,63.33,-16.56556,-69.04167,3808
Desaguadero,2024-03-22,7.45,10.66,4.99,91.5,2.2,1.99,63.45,-16.56556,-69.04167,3808
Desaguadero,2024-03-23,9.81,17.95,3.56,68.81,0.03,2.17,63.42,-16.56556,-69.04167,3808
Desaguadero,2024-03-24,10.36,18.26,4.67,71.52,0.0,2.35,63.35,-16.56556,-69.04167,3808
Desaguadero,2024-03-25,10.18,17.04,5.82,76.0,0.25,2.64,63.34,-16.56556,-69.04167,3808
Desaguadero,2024-03-26,9.8,16.34,4.8,74.86,0.36,1.93,63.32,-16.56556,-69.04167,3808
Desaguadero,2024-03-27,8.53,12.36,5.89,78.78,0.22,1.74,63.32,-16.56556,-69.04167,3808
Desaguadero,2024-03-28,8.41,15.66,2.98,71.8,0.0,3.25,63.39,-16.56556,-69.04167,3808
Desaguadero,2024-03-29,8.29,15.02,2.43,75.91,0.0,1.86,63.45,-16.56556,-69.04167,3808
Desaguadero,2024-03-30,9.92,16.45,5.27,76.17,0.0,2.24,63.4,-16.56556,-69.04167,3808
Desaguadero,2024-03-31,9.46,15.35,5.12,78.97,4.29,2.45,63.43,-16.56556,-69.04167,3808
Desaguadero,2024-04-01,10.21,16.34,5.3,78.15,4.49,2.56,63.37,-16.56556,-69.04167,3808
Desaguadero,2024-04-02,8.48,13.27,5.34,83.27,6.19,2.95,63.36,-16.56556,-69.04167,3808
Desaguadero,2024-04-03,8.43,13.62,4.67,83.17,1.66,2.91,63.32,-16.56556,-69.04167,3808
Desaguadero,2024-04-04,9.2,15.81,4.35,77.27,0.11,2.66,63.4,-16.56556,-69.04167,3808
Desaguadero,2024-04-05,9.7,16.43,5.65,76.46,0.02,2.51,63.51,-16.56556,-69.04167,3808
Desaguadero,2024-04-06,9.24,13.98,5.92,83.53,0.0,2.28,63.43,-16.56556,-69.04167,3808
Desaguadero,2024-04-07,10.0,16.33,5.31,78.51,0.04,2.64,63.37,-16.56556,-69.04167,3808
Desaguadero,2024-04-08,9.75,16.72,4.7,77.46,14.71,2.07,63.38,-16.56556,-69.04167,3808
Desaguadero,2024-04-09,10.5,17.6,5.27,74.84,0.85,2.18,63.34,-16.56556,-69.04167,3808
Desaguadero,2024-04-10,9.92,15.22,5.04,80.09,0.09,3.02,63.28,-16.56556,-69.04167,3808
Desaguadero,2024-04-11,10.54,16.58,5.31,75.22,1.91,2.36,63.3,-16.56556,-69.04167,3808
Desaguadero,2024-04-12,9.25,15.78,3.22,76.48,2.05,1.65,63.31,-16.56556,-69.04167,3808
Desaguadero,2024-04-13,9.39,16.45,3.95,74.94,0.41,1.55,63.24,-16.56556,-69.04167,3808
Desaguadero,2024-04-14,10.65,17.84,5.79,65.71,0.63,2.19,63.11,-16.56556,-69.04167,3808
Desaguadero,2024-04-15,9.43,17.76,2.84,55.57,0.47,1.91,63.19,-16.56556,-69.04167,3808
Desaguadero,2024-04-16,9.63,17.78,2.86,66.1,0.14,2.19,63.37,-16.56556,-69.04167,3808
Desaguadero,2024-04-17,7.88,10.98,5.18,87.06,0.56,2.1,63.49,-16.56556,-69.04167,3808
Desaguadero,2024-04-18,9.23,16.77,3.36,76.92,0.02,2.33,63.44,-16.56556,-69.04167,3808
Desaguadero,2024-04-19,9.65,17.11,4.1,74.27,2.01,2.07,63.44,-16.56556,-69.04167,3808
Desaguadero,2024-04-20,8.9,16.14,3.97,78.6,0.44,2.67,63.43,-16.56556,-69.04167,3808
Desaguadero,2024-04-21,9.37,17.21,3.63,74.36,0.3,2.33,63.43,-16.56556,-69.04167,3808
Desaguadero,2024-04-22,10.66,18.71,5.36,70.48,0.11,1.58,63.36,-16.56556,-69.04167,3808
Desaguadero,2024-04-23,10.24,16.78,5.98,78.78,0.0,2.07,63.45,-16.56556,-69.04167,3808
Desaguadero,2024-04-24,10.1,15.58,6.71,81.2,0.0,1.91,63.5,-16.56556,-69.04167,3808
Desaguadero,2024-04-25,10.7,17.57,6.64,77.85,0.0,1.96,63.47,-16.56556,-69.04167,3808
Desaguadero,2024-04-26,10.51,18.2,5.31,69.79,0.0,1.8,63.39,-16.56556,-69.04167,3808
Desaguadero,2024-04-27,10.44,18.67,4.56,65.45,0.0,2.11,63.35,-16.56556,-69.04167,3808
Desaguadero,2024-04-28,9.37,16.46,4.99,71.89,0.0,2.35,63.32,-16.56556,-69.04167,3808
Desaguadero,2024-04-29,9.93,17.3,4.29,73.76,0.08,2.05,63.33,-16.56556,-69.04167,3808
Desaguadero,2024-04-30,10.08,15.92,6.31,77.17,0.44,2.58,63.33,-16.56556,-69.04167,3808
Desaguadero,2024-05-01,9.21,15.1,4.7,77.53,12.33,2.25,63.29,-16.56556,-69.04167,3808
Desaguadero,2024-05-02,8.57,13.06,5.32,78.76,9.4,2.0,63.2,-16.56556,-69.04167,3808
Desaguadero,2024-05-03,7.57,12.09,4.94,81.22,2.78,1.82,63.25,-16.56556,-69.04167,3808
Desaguadero,2024-05-04,8.7,15.4,3.9,73.76,0.47,1.93,63.32,-16.56556,-69.04167,3808
Desaguadero,2024-05-05,10.32,18.04,4.48,72.78,0.62,1.97,63.39,-16.56556,-69.04167,3808
Desaguadero,2024-05-06,10.24,16.1,6.53,77.01,0.15,1.63,63.34,-16.56556,-69.04167,3808
Desaguadero,2024-05-07,10.45,17.26,5.31,73.27,0.01,1.72,63.27,-16.56556,-69.04167,3808
Desaguadero,2024-05-08,7.6,14.37,1.76,74.75,0.0,2.64,63.44,-16.56556,-69.04167,3808
Desaguadero,2024-05-09,9.03,15.7,4.18,75.6,0.0,2.82,63.49,-16.56556,-69.04167,3808
Desaguadero,2024-05-10,10.07,17.38,5.35,76.15,0.0,2.04,63.43,-16.56556,-69.04167,3808
Desaguadero,2024-05-11,9.93,18.21,4.68,67.63,0.0,1.89,63.39,-16.56556,-69.04167,3808
Desaguadero,2024-05-12,10.37,18.17,5.02,76.2,0.1,2.39,63.35,-16.56556,-69.04167,3808
Desaguadero,2024-05-13,10.12,16.08,6.15,80.93,0.11,3.08,63.37,-16.56556,-69.04167,3808
Desaguadero,2024-05-14,8.34,11.25,5.6,82.69,0.3,2.77,63.4,-16.56556,-69.04167,3808
Desaguadero,2024-05-15,8.77,14.7,4.48,70.44,0.8,1.49,63.3,-16.56556,-69.04167,3808
Desaguadero,2024-05-16,8.63,15.33,4.2,70.97,2.49,1.93,63.27,-16.56556,-69.04167,3808
Desaguadero,2024-05-17,8.52,14.97,3.49,71.05,2.85,2.33,63.34,-16.56556,-69.04167,3808
Desaguadero,2024-05-18,8.74,16.08,3.75,64.86,0.59,2.16,63.42,-16.56556,-69.04167,3808
Desaguadero,2024-05-19,8.13,14.62,3.72,73.51,0.0,2.37,63.41,-16.56556,-69.04167,3808
Desaguadero,2024-05-20,8.72,15.93,3.97,65.29,0.0,2.04,63.32,-16.56556,-69.04167,3808
Desaguadero,2024-05-21,7.84,16.67,1.62,56.0,0.0,1.84,63.32,-16.56556,-69.04167,3808
Desaguadero,2024-05-22,8.46,16.39,2.88,66.11,0.0,2.34,63.37,-16.56556,-69.04167,3808
Desaguadero,2024-05-23,6.93,16.32,0.22,44.25,0.0,2.39,63.38,-16.56556,-69.04167,3808
Desaguadero,2024-05-24,7.29,15.15,1.24,53.07,0.0,2.26,63.41,-16.56556,-69.04167,3808
Desaguadero,2024-05-25,7.42,16.52,0.64,49.25,0.0,2.75,63.36,-16.56556,-69.04167,3808
Desaguadero,2024-05-26,5.73,16.14,-1.96,40.36,0.09,2.62,63.35,-16.56556,-69.04167,3808
Desaguadero,2024-05-27,4.98,14.58,-2.39,38.71,0.1,1.66,63.4,-16.56556,-69.04167,3808
Desaguadero,2024-05-28,5.85,15.23,-1.28,45.07,0.09,1.55,63.42,-16.56556,-69.04167,3808
Desaguadero,2024-05-29,5.77,15.03,-1.34,44.36,0.0,1.69,63.5,-16.56556,-69.04167,3808
Desaguadero,2024-05-30,6.82,15.88,0.76,51.91,0.06,1.24,63.44,-16.56556,-69.04167,3808
Desaguadero,2024-05-31,6.17,16.34,-0.89,43.87,0.02,1.53,63.43,-16.56556,-69.04167,3808
Desaguadero,2024-06-01,5.83,16.0,-1.99,43.86,0.0,1.68,63.4,-16.56556,-69.04167,3808
Desaguadero,2024-06-02,6.34,15.95,-2.94,43.35,0.1,1.94,63.44,-16.56556,-69.04167,3808
Desaguadero,2024-06-03,4.98,12.8,-1.14,69.47,0.11,2.72,63.55,-16.56556,-69.04167,3808
Desaguadero,2024-06-04,6.8,17.36,-1.02,71.02,0.01,1.38,63.45,-16.56556,-69.04167,3808
Desaguadero,2024-06-05,7.05,16.73,0.05,62.61,0.0,1.71,63.47,-16.56556,-69.04167,3808
Desaguadero,2024-06-06,6.83,16.44,1.83,60.85,0.0,2.04,63.5,-16.56556,-69.04167,3808
Desaguadero,2024-06-07,6.54,15.24,0.74,37.16,0.0,2.07,63.6,-16.56556,-69.04167,3808
Desaguadero,2024-06-08,6.39,15.09,0.04,37.43,0.0,1.55,63.58,-16.56556,-69.04167,3808
Desaguadero,2024-06-09,5.85,15.41,-1.2,52.08,0.0,1.89,63.41,-16.56556,-69.04167,3808
Desaguadero,2024-06-10,7.17,16.03,1.53,63.98,0.0,1.46,63.34,-16.56556,-69.04167,3808
Desaguadero,2024-06-11,7.65,14.98,2.53,79.07,0.04,2.28,63.42,-16.56556,-69.04167,3808
Desaguadero,2024-06-12,8.88,16.47,3.82,77.64,0.01,1.65,63.37,-16.56556,-69.04167,3808
Desaguadero,2024-06-13,8.83,17.25,2.28,65.32,0.13,1.72,63.31,-16.56556,-69.04167,3808
Desaguadero,2024-06-14,6.82,16.64,-1.1,58.06,0.2,1.72,63.34,-16.56556,-69.04167,3808
Desaguadero,2024-06-15,7.31,15.2,0.73,64.93,1.07,2.03,63.38,-16.56556,-69.04167,3808
Desaguadero,2024-06-16,6.55,13.1,4.27,87.75,0.7,2.43,63.35,-16.56556,-69.04167,3808
Desaguadero,2024-06-17,7.28,14.85,0.61,71.8,0.08,2.19,63.17,-16.56556,-69.04167,3808
Desaguadero,2024-06-18,7.55,14.83,2.02,65.45,0.1,1.91,63.05,-16.56556,-69.04167,3808
Desaguadero,2024-06-19,5.17,11.6,-0.08,63.37,0.08,1.44,63.15,-16.56556,-69.04167,3808
Desaguadero,2024-06-20,4.92,11.23,-0.22,70.91,0.0,1.85,63.29,-16.56556,-69.04167,3808
Desaguadero,2024-06-21,5.62,12.23,-0.49,68.35,0.0,2.11,63.34,-16.56556,-69.04167,3808
Desaguadero,2024-06-22,7.25,15.93,1.23,58.94,0.0,2.06,63.37,-16.56556,-69.04167,3808
Desaguadero,2024-06-23,7.49,15.74,1.2,50.61,0.0,1.6,63.36,-16.56556,-69.04167,3808
Desaguadero,2024-06-24,7.39,14.43,2.17,69.21,5.15,2.24,63.38,-16.56556,-69.04167,3808
Desaguadero,2024-06-25,8.42,15.63,3.19,72.48,0.52,1.7,63.4,-16.56556,-69.04167,3808
Desaguadero,2024-06-26,6.9,15.82,-0.11,49.63,0.01,1.67,63.45,-16.56556,-69.04167,3808
Desaguadero,2024-06-27,7.19,16.06,0.71,62.39,0.0,1.88,63.3,-16.56556,-69.04167,3808
Desaguadero,2024-06-28,7.42,16.69,0.97,55.44,0.02,1.57,63.26,-16.56556,-69.04167,3808
Desaguadero,2024-06-29,7.25,13.66,3.01,82.1,10.6,2.82,63.31,-16.56556,-69.04167,3808
Desaguadero,2024-06-30,6.44,15.04,0.17,53.15,1.0,1.76,63.29,-16.56556,-69.04167,3808
Desaguadero,2024-07-01,6.92,15.17,-1.47,37.57,0.01,1.15,63.38,-16.56556,-69.04167,3808
Desaguadero,2024-07-02,8.03,16.39,3.25,48.84,0.0,1.05,63.41,-16.56556,-69.04167,3808
Desaguadero,2024-07-03,6.78,16.47,-0.98,55.78,0.0,1.61,63.31,-16.56556,-69.04167,3808
Desaguadero,2024-07-04,6.94,15.5,1.28,45.95,0.0,1.72,63.24,-16.56556,-69.04167,3808
Desaguadero,2024-07-05,6.67,15.09,0.39,70.57,0.0,2.33,63.29,-16.56556,-69.04167,3808
Desaguadero,2024-07-06,7.68,14.66,3.11,72.13,0.0,2.94,63.34,-16.56556,-69.04167,3808
Desaguadero,2024-07-07,6.95,14.6,1.16,73.74,0.02,2.59,63.33,-16.56556,-69.04167,3808
Desaguadero,2024-07-08,7.17,14.59,1.04,66.26,0.13,3.3,63.19,-16.56556,-69.04167,3808
Desaguadero,2024-07-09,4.61,15.21,-2.58,40.79,0.02,3.12,63.06,-16.56556,-69.04167,3808
Desaguadero,2024-07-10,4.06,15.05,-3.46,41.7,0.02,3.79,62.9,-16.56556,-69.04167,3808
Desaguadero,2024-07-11,3.42,12.49,-3.89,52.76,0.02,4.15,62.97,-16.56556,-69.04167,3808
Desaguadero,2024-07-12,4.05,9.6,-0.29,80.1,0.01,3.77,63.28,-16.56556,-69.04167,3808
Desaguadero,2024-07-13,5.06,13.36,-2.11,60.72,0.0,2.81,63.37,-16.56556,-69.04167,3808
Desaguadero,2024-07-14,5.24,14.6,-1.58,49.15,0.0,2.21,63.35,-16.56556,-69.04167,3808
Desaguadero,2024-07-15,5.6,14.34,-0.41,50.25,0.0,1.66,63.37,-16.56556,-69.04167,3808
Desaguadero,2024-07-16,5.77,15.22,0.07,54.3,0.0,1.35,63.48,-16.56556,-69.04167,3808
Desaguadero,2024-07-17,4.51,12.5,-0.48,65.37,0.0,2.46,63.58,-16.56556,-69.04167,3808
Desaguadero,2024-07-18,5.9,15.44,-0.01,61.8,0.0,2.07,63.48,-16.56556,-69.04167,3808
Desaguadero,2024-07-19,4.02,13.74,-3.46,56.44,0.0,3.03,63.49,-16.56556,-69.04167,3808
Desaguadero,2024-07-20,2.05,9.93,-3.67,64.81,0.0,3.46,63.47,-16.56556,-69.04167,3808
Desaguadero,2024-07-21,4.51,13.21,-2.29,73.27,0.0,3.59,63.3,-16.56556,-69.04167,3808
Desaguadero,2024-07-22,4.77,11.69,-0.49,78.73,1.06,3.91,63.38,-16.56556,-69.04167,3808
Desaguadero,2024-07-23,5.94,13.8,0.79,75.51,0.07,3.08,63.46,-16.56556,-69.04167,3808
Desaguadero,2024-07-24,6.98,15.01,1.42,73.61,0.0,2.07,63.53,-16.56556,-69.04167,3808
Desaguadero,2024-07-25,7.19,14.28,3.03,74.74,0.0,3.37,63.52,-16.56556,-69.04167,3808
Desaguadero,2024-07-26,8.15,16.26,2.22,67.06,0.0,1.76,63.41,-16.56556,-69.04167,3808
Desaguadero,2024-07-27,7.74,14.76,3.48,77.01,0.0,2.29,63.4,-16.56556,-69.04167,3808
Desaguadero,2024-07-28,7.86,15.91,2.25,73.9,0.02,2.67,63.4,-16.56556,-69.04167,3808
Desaguadero,2024-07-29,6.68,13.64,2.43,77.51,0.02,3.29,63.43,-16.56556,-69.04167,3808
Desaguadero,2024-07-30,7.11,15.43,1.49,71.73,0.0,2.31,63.37,-16.56556,-69.04167,3808
Desaguadero,2024-07-31,7.38,15.71,1.31,64.59,0.0,1.58,63.33,-16.56556,-69.04167,3808
Desaguadero,2024-08-01,6.72,16.0,-0.71,56.13,0.0,1.89,63.31,-16.56556,-69.04167,3808
Desaguadero,2024-08-02,4.8,15.98,-3.2,43.34,0.0,2.18,63.26,-16.56556,-69.04167,3808
Desaguadero,2024-08-03,5.09,14.18,-3.14,44.17,0.0,2.22,63.22,-16.56556,-69.04167,3808
Desaguadero,2024-08-04,6.32,14.13,0.28,64.73,0.02,1.59,63.29,-16.56556,-69.04167,3808
Desaguadero,2024-08-05,6.12,13.88,0.02,65.21,0.08,2.06,63.31,-16.56556,-69.04167,3808
Desaguadero,2024-08-06,5.29,11.95,0.49,65.54,0.02,2.77,63.18,-16.56556,-69.04167,3808
Desaguadero,2024-08-07,4.7,15.04,-2.29,38.54,0.15,3.6,63.1,-16.56556,-69.04167,3808
Desaguadero,2024-08-08,4.75,12.19,-1.93,44.18,0.17,2.62,63.15,-16.56556,-69.04167,3808
Desaguadero,2024-08-09,6.58,15.09,0.71,50.47,0.11,1.76,63.3,-16.56556,-69.04167,3808
Desaguadero,2024-08-10,5.7,15.52,-1.15,37.9,0.0,2.3,63.31,-16.56556,-69.04167,3808
Desaguadero,2024-08-11,5.29,15.03,-2.08,47.86,0.0,2.91,63.33,-16.56556,-69.04167,3808
Desaguadero,2024-08-12,4.8,13.17,-0.8,75.21,0.0,3.56,63.39,-16.56556,-69.04167,3808
Desaguadero,2024-08-13,6.38,15.36,-0.55,60.57,0.0,2.31,63.33,-16.56556,-69.04167,3808
Desaguadero,2024-08-14,6.43,15.78,-0.85,53.54,0.0,2.28,63.38,-16.56556,-69.04167,3808
Desaguadero,2024-08-15,6.41,15.37,-0.03,69.05,0.0,2.63,63.45,-16.56556,-69.04167,3808
Desaguadero,2024-08-16,5.79,14.94,-0.45,72.13,0.0,3.08,63.47,-16.56556,-69.04167,3808
Desaguadero,2024-08-17,6.32,14.0,0.81,74.07,0.0,3.38,63.45,-16.56556,-69.04167,3808
Desaguadero,2024-08-18,7.97,15.45,2.37,72.95,0.0,2.68,63.4,-16.56556,-69.04167,3808
Desaguadero,2024-08-19,8.38,15.22,4.02,75.21,0.0,3.24,63.42,-16.56556,-69.04167,3808
Desaguadero,2024-08-20,8.05,14.21,4.06,76.61,0.05,4.98,63.38,-16.56556,-69.04167,3808
Desaguadero,2024-08-21,9.35,17.0,3.84,68.7,0.03,3.86,63.27,-16.56556,-69.04167,3808
Desaguadero,2024-08-22,9.14,19.19,0.55,51.35,0.03,2.6,63.26,-16.56556,-69.04167,3808
Desaguadero,2024-08-23,8.49,17.88,1.28,47.61,0.01,1.98,63.31,-16.56556,-69.04167,3808
Desaguadero,2024-08-24,9.18,17.03,3.48,72.33,0.61,2.78,63.41,-16.56556,-69.04167,3808
Desaguadero,2024-08-25,8.88,16.41,3.18,71.75,0.09,3.24,63.46,-16.56556,-69.04167,3808
Desaguadero,2024-08-26,9.12,18.2,2.74,62.89,0.01,1.95,63.38,-16.56556,-69.04167,3808
Desaguadero,2024-08-27,8.84,17.36,3.37,60.15,0.0,2.78,63.37,-16.56556,-69.04167,3808
Desaguadero,2024-08-28,7.23,15.08,1.0,73.54,0.0,3.62,63.38,-16.56556,-69.04167,3808
Desaguadero,2024-08-29,7.19,15.25,0.94,72.03,0.0,3.91,63.42,-16.56556,-69.04167,3808
Desaguadero,2024-08-30,7.43,14.68,2.63,73.6,0.0,3.93,63.36,-16.56556,-69.04167,3808
Desaguadero,2024-08-31,6.74,13.69,2.73,74.42,0.0,4.65,63.37,-16.56556,-69.04167,3808
Desaguadero,2024-09-01,6.41,12.64,2.34,74.66,0.0,4.79,63.43,-16.56556,-69.04167,3808
Desaguadero,2024-09-02,7.41,14.46,3.0,70.61,0.01,2.91,63.35,-16.56556,-69.04167,3808
Desaguadero,2024-09-03,8.39,17.4,0.92,62.63,0.36,2.16,63.32,-16.56556,-69.04167,3808
Desaguadero,2024-09-04,9.36,18.62,2.27,66.66,0.05,2.54,63.39,-16.56556,-69.04167,3808
Desaguadero,2024-09-05,8.25,16.01,3.6,68.44,0.0,4.3,63.46,-16.56556,-69.04167,3808
Desaguadero,2024-09-06,8.38,15.23,3.35,69.61,0.0,2.99,63.35,-16.56556,-69.04167,3808
Desaguadero,2024-09-07,8.62,15.25,3.59,68.76,0.0,2.84,63.31,-16.56556,-69.04167,3808
Desaguadero,2024-09-08,7.84,14.89,3.27,72.39,0.0,3.24,63.47,-16.56556,-69.04167,3808
Desaguadero,2024-09-09,8.97,16.6,3.8,67.23,0.0,2.21,63.52,-16.56556,-69.04167,3808
Desaguadero,2024-09-10,8.66,15.6,3.35,65.64,0.0,3.11,63.41,-16.56556,-69.04167,3808
Desaguadero,2024-09-11,9.51,18.52,2.73,60.23,0.0,2.68,63.27,-16.56556,-69.04167,3808
Desaguadero,2024-09-12,8.32,14.6,4.16,73.05,0.0,3.52,63.3,-16.56556,-69.04167,3808
Desaguadero,2024-09-13,10.22,17.62,4.73,66.15,0.0,3.2,63.29,-16.56556,-69.04167,3808
Desaguadero,2024-09-14,8.69,17.52,2.03,61.17,2.61,2.46,63.3,-16.56556,-69.04167,3808
Desaguadero,2024-09-15,8.93,16.38,4.34,71.8,0.57,2.77,63.3,-16.56556,-69.04167,3808
Desaguadero,2024-09-16,9.0,15.94,4.34,69.85,2.28,3.06,63.38,-16.56556,-69.04167,3808
Desaguadero,2024-09-17,10.13,17.62,3.5,57.92,0.76,1.77,63.35,-16.56556,-69.04167,3808
Desaguadero,2024-09-18,7.91,13.92,2.47,65.22,0.83,2.2,63.35,-16.56556,-69.04167,3808
Desaguadero,2024-09-19,8.92,17.11,2.44,68.1,0.33,2.21,63.26,-16.56556,-69.04167,3808
Desaguadero,2024-09-20,10.28,18.7,4.95,66.62,0.0,2.74,63.27,-16.56556,-69.04167,3808
Desaguadero,2024-09-21,10.03,16.88,5.76,71.35,0.63,3.55,63.31,-16.56556,-69.04167,3808
Desaguadero,2024-09-22,9.0,17.29,1.78,66.5,0.14,3.22,63.36,-16.56556,-69.04167,3808
Desaguadero,2024-09-23,9.42,18.22,2.87,68.0,0.3,3.09,63.36,-16.56556,-69.04167,3808
Desaguadero,2024-09-24,9.45,17.2,2.76,64.98,0.05,3.0,63.38,-16.56556,-69.04167,3808
Desaguadero,2024-09-25,9.9,17.43,4.59,67.23,0.0,3.34,63.29,-16.56556,-69.04167,3808
Desaguadero,2024-09-26,8.49,14.84,4.4,75.66,0.4,3.68,63.34,-16.56556,-69.04167,3808
Desaguadero,2024-09-27,9.39,17.05,3.08,68.63,0.04,2.82,63.35,-16.56556,-69.04167,3808
Desaguadero,2024-09-28,9.44,16.59,4.72,69.31,1.04,2.92,63.34,-16.56556,-69.04167,3808
Desaguadero,2024-09-29,9.61,16.86,4.82,70.94,0.15,3.18,63.35,-16.56556,-69.04167,3808
Desaguadero,2024-09-30,10.37,17.75,4.98,69.48,0.0,3.19,63.38,-16.56556,-69.04167,3808
Desaguadero,2024-10-01,11.8,19.76,5.92,68.2,0.0,2.72,63.35,-16.56556,-69.04167,3808
Desaguadero,2024-10-02,11.32,17.63,7.39,69.78,0.0,3.36,63.37,-16.56556,-69.04167,3808
Desaguadero,2024-10-03,9.96,15.39,6.74,74.08,0.01,3.98,63.44,-16.56556,-69.04167,3808
Desaguadero,2024-10-04,9.36,17.42,3.51,65.46,0.0,4.37,63.56,-16.56556,-69.04167,3808
Desaguadero,2024-10-05,8.49,17.15,1.66,64.3,0.0,4.02,63.57,-16.56556,-69.04167,3808
Desaguadero,2024-10-06,8.58,15.52,2.72,68.06,0.0,4.59,63.48,-16.56556,-69.04167,3808
Desaguadero,2024-10-07,9.57,16.17,4.43,67.7,0.01,4.58,63.31,-16.56556,-69.04167,3808
Desaguadero,2024-10-08,8.4,13.79,3.87,76.59,13.26,3.93,63.24,-16.56556,-69.04167,3808
Desaguadero,2024-10-09,8.99,16.86,2.46,60.45,0.56,2.46,63.27,-16.56556,-69.04167,3808
Desaguadero,2024-10-10,10.08,18.95,3.55,48.8,0.0,2.38,63.22,-16.56556,-69.04167,3808
Desaguadero,2024-10-11,9.11,18.03,0.31,46.66,0.0,2.69,63.25,-16.56556,-69.04167,3808
Desaguadero,2024-10-12,8.96,13.23,5.44,70.91,0.0,3.2,63.4,-16.56556,-69.04167,3808
Desaguadero,2024-10-13,8.64,14.06,4.78,70.98,0.0,3.42,63.58,-16.56556,-69.04167,3808
Desaguadero,2024-10-14,8.31,14.38,3.83,72.35,2.08,3.56,63.62,-16.56556,-69.04167,3808
Desaguadero,2024-10-15,10.05,17.2,4.74,68.79,1.02,2.31,63.47,-16.56556,-69.04167,3808
Desaguadero,2024-10-16,8.08,13.79,3.06,74.24,5.41,2.31,63.38,-16.56556,-69.04167,3808
Desaguadero,2024-10-17,10.21,19.18,2.68,60.95,3.07,1.41,63.29,-16.56556,-69.04167,3808
Desaguadero,2024-10-18,10.08,19.18,0.94,46.14,0.21,1.28,63.24,-16.56556,-69.04167,3808
Desaguadero,2024-10-19,10.29,18.62,2.28,58.08,0.27,1.84,63.18,-16.56556,-69.04167,3808
Desaguadero,2024-10-20,11.97,19.77,6.17,65.0,0.01,2.47,63.06,-16.56556,-69.04167,3808
Desaguadero,2024-10-21,11.79,19.46,6.53,63.54,0.0,3.38,63.13,-16.56556,-69.04167,3808
Desaguadero,2024-10-22,10.95,18.08,6.3,68.4,0.0,4.13,63.26,-16.56556,-69.04167,3808
Desaguadero,2024-10-23,11.52,18.27,5.53,61.52,0.08,2.49,63.26,-16.56556,-69.04167,3808
Desaguadero,2024-10-24,12.01,21.34,2.69,50.43,0.02,3.08,63.18,-16.56556,-69.04167,3808
Desaguadero,2024-10-25,12.34,19.58,6.89,60.66,0.23,3.43,63.2,-16.56556,-69.04167,3808
Desaguadero,2024-10-26,9.75,13.92,5.16,73.7,11.89,3.34,63.28,-16.56556,-69.04167,3808
Desaguadero,2024-10-27,9.19,16.41,2.87,71.71,0.4,3.05,63.33,-16.56556,-69.04167,3808
Desaguadero,2024-10-28,10.6,17.56,4.95,68.29,0.0,3.81,63.36,-16.56556,-69.04167,3808
Desaguadero,2024-10-29,10.04,17.67,3.42,72.81,6.67,3.24,63.38,-16.56556,-69.04167,3808
Desaguadero,2024-10-30,9.93,17.04,3.17,71.83,8.5,3.1,63.34,-16.56556,-69.04167,3808
Desaguadero,2024-10-31,11.54,19.94,4.36,54.31,4.14,1.96,63.14,-16.56556,-69.04167,3808
Desaguadero,2024-11-01,10.0,19.17,0.18,42.26,0.38,1.73,63.07,-16.56556,-69.04167,3808
Desaguadero,2024-11-02,11.56,20.54,2.2,49.04,0.0,2.04,63.12,-16.56556,-69.04167,3808
Desaguadero,2024-11-03,9.97,14.24,6.35,70.31,0.02,2.57,63.23,-16.56556,-69.04167,3808
Desaguadero,2024-11-04,10.04,15.57,6.1,71.82,0.59,2.1,63.24,-16.56556,-69.04167,3808
Desaguadero,2024-11-05,11.31,17.36,6.28,71.35,0.64,2.47,63.19,-16.56556,-69.04167,3808
Desaguadero,2024-11-06,8.42,14.66,2.93,72.03,1.2,1.8,63.2,-16.56556,-69.04167,3808
Desaguadero,2024-11-07,11.23,20.42,3.32,53.78,0.0,2.07,63.14,-16.56556,-69.04167,3808
Desaguadero,2024-11-08,10.75,17.8,5.24,65.8,0.0,3.33,63.19,-16.56556,-69.04167,3808
Desaguadero,2024-11-09,11.09,19.21,4.97,65.22,0.0,3.88,63.28,-16.56556,-69.04167,3808
Desaguadero,2024-11-10,11.29,17.82,6.24,68.37,0.0,2.92,63.27,-16.56556,-69.04167,3808
Desaguadero,2024-11-11,11.52,17.72,7.12,65.78,0.91,2.49,63.2,-16.56556,-69.04167,3808
Desaguadero,2024-11-12,9.19,14.52,5.08,71.73,5.3,3.29,63.19,-16.56556,-69.04167,3808
Desaguadero,2024-11-13,10.32,17.83,5.34,69.23,0.91,3.28,63.11,-16.56556,-69.04167,3808
Desaguadero,2024-11-14,10.54,18.55,4.82,67.19,0.03,2.95,63.09,-16.56556,-69.04167,3808
Desaguadero,2024-11-15,9.65,15.03,5.76,72.14,0.09,3.85,63.07,-16.56556,-69.04167,3808
Desaguadero,2024-11-16,10.67,17.9,5.18,67.08,3.08,2.05,63.11,-16.56556,-69.04167,3808
Desaguadero,2024-11-17,9.1,17.22,2.44,71.13,4.47,2.98,63.19,-16.56556,-69.04167,3808
Desaguadero,2024-11-18,8.98,15.63,4.31,75.3,9.39,2.91,63.16,-16.56556,-69.04167,3808
Desaguadero,2024-11-19,8.54,16.34,2.34,74.51,1.98,2.38,63.17,-16.56556,-69.04167,3808
Desaguadero,2024-11-20,10.01,18.13,3.38,70.21,0.62,2.91,63.25,-16.56556,-69.04167,3808
Desaguadero,2024-11-21,8.72,14.16,3.94,77.47,8.43,2.43,63.32,-16.56556,-69.04167,3808
Desaguadero,2024-11-22,9.03,13.39,5.57,79.62,3.41,4.33,63.31,-16.56556,-69.04167,3808
Desaguadero,2024-11-23,9.85,17.55,4.27,74.56,16.13,3.63,63.28,-16.56556,-69.04167,3808
Desaguadero,2024-11-24,10.3,17.05,4.5,71.67,1.38,3.32,63.31,-16.56556,-69.04167,3808
Desaguadero,2024-11-25,11.97,19.76,5.36,66.54,0.03,2.85,63.34,-16.56556,-69.04167,3808
Desaguadero,2024-11-26,12.34,19.8,7.16,69.23,6.59,3.03,63.27,-16.56556,-69.04167,3808
Desaguadero,2024-11-27,10.75,14.73,7.4,72.31,8.54,1.99,63.22,-16.56556,-69.04167,3808
Desaguadero,2024-11-28,10.59,15.41,6.95,72.66,4.5,2.35,63.22,-16.56556,-69.04167,3808
Desaguadero,2024-11-29,10.89,17.26,5.86,72.77,0.47,3.78,63.27,-16.56556,-69.04167,3808
Desaguadero,2024-11-30,10.34,15.32,6.52,72.87,6.03,4.42,63.33,-16.56556,-69.04167,3808
Desaguadero,2024-12-01,10.55,17.35,4.23,68.71,0.48,3.16,63.25,-16.56556,-69.04167,3808
Desaguadero,2024-12-02,8.69,16.43,3.8,73.48,10.13,1.46,63.14,-16.56556,-69.04167,3808
Desaguadero,2024-12-03,6.48,9.4,3.86,83.18,1.84,2.44,63.2,-16.56556,-69.04167,3808
Desaguadero,2024-12-04,7.68,11.94,2.85,81.3,0.05,2.49,63.21,-16.56556,-69.04167,3808
Desaguadero,2024-12-05,10.06,14.79,5.36,72.15,0.58,1.75,63.12,-16.56556,-69.04167,3808
Desaguadero,2024-12-06,11.47,18.11,5.99,70.74,0.16,1.96,63.06,-16.56556,-69.04167,3808
Desaguadero,2024-12-07,9.5,14.05,5.71,81.18,0.05,3.89,63.13,-16.56556,-69.04167,3808
Desaguadero,2024-12-08,10.8,17.32,5.25,72.33,4.22,4.06,63.23,-16.56556,-69.04167,3808
Desaguadero,2024-12-09,11.33,18.02,4.93,67.84,0.79,3.16,63.24,-16.56556,-69.04167,3808
Desaguadero,2024-12-10,10.98,16.18,5.93,71.94,0.15,3.2,63.31,-16.56556,-69.04167,3808
Desaguadero,2024-12-11,10.91,19.05,5.12,67.99,0.05,3.21,63.29,-16.56556,-69.04167,3808
Desaguadero,2024-12-12,10.99,18.75,4.32,68.3,0.17,2.79,63.22,-16.56556,-69.04167,3808
Desaguadero,2024-12-13,10.89,17.47,6.05,67.12,0.13,2.4,63.13,-16.56556,-69.04167,3808
Desaguadero,2024-12-14,12.59,20.81,6.09,58.51,0.01,2.48,63.11,-16.56556,-69.04167,3808
Desaguadero,2024-12-15,9.92,16.9,6.37,73.0,0.02,3.32,63.19,-16.56556,-69.04167,3808
Desaguadero,2024-12-16,10.37,16.91,5.17,67.99,0.0,3.52,63.31,-16.56556,-69.04167,3808
Desaguadero,2024-12-17,10.35,17.84,4.29,68.04,0.79,3.95,63.35,-16.56556,-69.04167,3808
Desaguadero,2024-12-18,9.84,17.09,4.0,68.01,0.05,2.76,63.27,-16.56556,-69.04167,3808
Desaguadero,2024-12-19,8.06,16.35,2.45,75.89,2.23,1.65,63.23,-16.56556,-69.04167,3808
Desaguadero,2024-12-20,8.44,16.01,2.68,73.7,5.68,1.51,63.2,-16.56556,-69.04167,3808
Desaguadero,2024-12-21,10.68,15.73,6.38,68.55,1.0,1.52,63.23,-16.56556,-69.04167,3808
Desaguadero,2024-12-22,7.19,11.79,3.55,83.24,0.47,2.07,63.35,-16.56556,-69.04167,3808
Desaguadero,2024-12-23,10.86,18.76,4.31,65.4,0.04,1.04,63.32,-16.56556,-69.04167,3808
Desaguadero,2024-12-24,12.33,21.51,3.81,52.26,0.02,2.18,63.18,-16.56556,-69.04167,3808
Desaguadero,2024-12-25,9.33,16.0,4.91,69.58,0.36,2.89,63.19,-16.56556,-69.04167,3808
Desaguadero,2024-12-26,11.69,20.94,4.3,60.39,0.01,1.51,63.11,-16.56556,-69.04167,3808
Desaguadero,2024-12-27,11.03,20.03,2.81,57.67,0.07,2.47,63.2,-16.56556,-69.04167,3808
Desaguadero,2024-12-28,11.05,18.3,5.55,63.04,0.1,3.16,63.32,-16.56556,-69.04167,3808
Desaguadero,2024-12-29,10.39,17.5,5.34,66.56,0.02,3.62,63.28,-16.56556,-69.04167,3808
Desaguadero,2024-12-30,10.07,18.55,4.7,60.17,0.69,3.6,63.2,-16.56556,-69.04167,3808
Desaguadero,2024-12-31,10.75,19.15,3.81,58.99,0.02,3.5,63.21,-16.56556,-69.04167,3808
