station,date,tmean,tmax,tmin,rh,precip,wind,pressure,latitude,longitude,elevation
Puno,2000-01-01,7.27,10.23,3.1,76.64,10.51,2.35,62.06,-15.84,-70.02,3825
Puno,2000-01-02,9.59,14.73,5.56,66.35,2.04,3.0,62.05,-15.84,-70.02,3825
Puno,2000-01-03,9.29,15.29,5.38,63.51,0.04,2.54,62.04,-15.84,-70.02,3825
Puno,2000-01-04,9.31,17.94,3.59,54.56,0.18,1.52,61.97,-15.84,-70.02,3825
Puno,2000-01-05,8.48,13.67,4.1,61.2,1.28,2.4,62.0,-15.84,-70.02,3825
Puno,2000-01-06,8.41,13.54,4.57,68.0,0.69,4.48,62.07,-15.84,-70.02,3825
Puno,2000-01-07,8.96,15.24,4.48,59.74,1.6,3.35,62.05,-15.84,-70.02,3825
Puno,2000-01-08,9.3,15.34,3.71,57.06,7.13,2.93,62.04,-15.84,-70.02,3825
Puno,2000-01-09,8.83,14.41,4.61,64.93,1.84,4.63,62.1,-15.84,-70.02,3825
Puno,2000-01-10,8.62,14.66,3.57,65.84,12.77,3.64,62.11,-15.84,-70.02,3825
Puno,2000-01-11,9.11,15.56,4.06,66.7,1.79,4.09,62.08,-15.84,-70.02,3825
Puno,2000-01-12,9.49,15.8,3.87,66.06,1.47,4.0,62.05,-15.84,-70.02,3825
Puno,2000-01-13,9.53,15.38,4.64,66.96,11.84,3.56,62.06,-15.84,-70.02,3825
Puno,2000-01-14,10.35,16.04,5.45,61.45,5.78,2.34,61.98,-15.84,-70.02,3825
Puno,2000-01-15,7.91,12.09,2.58,71.22,12.38,1.92,61.92,-15.84,-70.02,3825
Puno,2000-01-16,6.48,11.92,1.5,72.99,3.69,2.26,61.9,-15.84,-70.02,3825
Puno,2000-01-17,8.4,14.43,3.26,70.82,2.92,4.33,61.99,-15.84,-70.02,3825
Puno,2000-01-18,8.65,14.91,3.36,69.47,2.31,4.64,62.32,-15.84,-70.02,3825
Puno,2000-01-19,7.23,12.21,3.37,73.75,2.41,4.92,62.38,-15.84,-70.02,3825
Puno,2000-01-20,8.68,14.14,4.2,68.99,0.8,3.47,62.22,-15.84,-70.02,3825
Puno,2000-01-21,10.06,15.29,6.17,64.25,7.36,1.17,62.06,-15.84,-70.02,3825
Puno,2000-01-22,7.66,13.85,3.6,72.33,0.55,2.3,62.11,-15.84,-70.02,3825
Puno,2000-01-23,8.76,15.36,3.85,72.0,0.38,3.88,62.13,-15.84,-70.02,3825
Puno,2000-01-24,9.5,15.59,4.8,70.31,1.55,3.3,62.1,-15.84,-70.02,3825
Puno,2000-01-25,9.25,15.13,5.52,72.06,4.02,3.29,62.11,-15.84,-70.02,3825
Puno,2000-01-26,8.95,14.13,5.41,67.44,1.97,3.91,62.17,-15.84,-70.02,3825
Puno,2000-01-27,9.4,16.31,4.24,70.34,2.68,3.49,62.18,-15.84,-70.02,3825
Puno,2000-01-28,9.26,16.11,3.72,70.22,5.17,2.81,62.08,-15.84,-70.02,3825
Puno,2000-01-29,8.93,16.46,4.39,69.26,1.17,2.31,62.0,-15.84,-70.02,3825
Puno,2000-01-30,7.17,13.01,3.65,72.22,3.14,2.08,62.12,-15.84,-70.02,3825
Puno,2000-01-31,7.6,13.45,3.93,74.57,0.3,2.83,62.3,-15.84,-70.02,3825
Puno,2000-02-01,9.95,17.24,3.96,66.4,0.43,3.41,62.31,-15.84,-70.02,3825
Puno,2000-02-02,9.03,16.53,4.92,68.89,4.0,2.39,62.19,-15.84,-70.02,3825
Puno,2000-02-03,8.88,15.54,3.23,64.69,1.79,2.25,62.06,-15.84,-70.02,3825
Puno,2000-02-04,9.45,19.09,0.69,51.19,0.44,2.08,62.03,-15.84,-70.02,3825
Puno,2000-02-05,10.58,19.37,4.13,54.62,7.93,1.87,62.13,-15.84,-70.02,3825
Puno,2000-02-06,8.62,14.34,3.14,62.4,0.11,2.32,62.24,-15.84,-70.02,3825
Puno,2000-02-07,9.79,15.8,5.51,70.31,2.39,3.33,62.25,-15.84,-70.02,3825
Puno,2000-02-08,10.01,16.49,4.56,64.8,0.41,2.66,62.19,-15.84,-70.02,3825
Puno,2000-02-09,8.61,12.51,5.06,71.53,1.01,1.98,62.13,-15.84,-70.02,3825
Puno,2000-02-10,6.91,11.97,2.98,78.2,17.19,2.06,62.11,-15.84,-70.02,3825
Puno,2000-02-11,8.85,14.29,5.24,71.47,1.38,2.75,62.07,-15.84,-70.02,3825
Puno,2000-02-12,8.15,12.97,4.01,72.43,0.1,3.25,62.06,-15.84,-70.02,3825
Puno,2000-02-13,8.61,14.93,3.74,66.41,0.01,3.84,62.1,-15.84,-70.02,3825
Puno,2000-02-14,7.9,14.11,4.22,72.64,0.85,4.69,62.24,-15.84,-70.02,3825
Puno,2000-02-15,7.67,13.59,3.0,72.95,0.51,4.16,62.28,-15.84,-70.02,3825
Puno,2000-02-16,7.03,12.6,2.65,76.07,6.51,4.73,62.29,-15.84,-70.02,3825
Puno,2000-02-17,7.36,13.48,3.0,73.81,2.49,4.57,62.25,-15.84,-70.02,3825
Puno,2000-02-18,7.77,13.81,2.64,71.06,0.65,3.7,62.18,-15.84,-70.02,3825
Puno,2000-02-19,8.24,14.35,3.01,69.92,2.7,3.52,62.21,-15.84,-70.02,3825
Puno,2000-02-20,7.94,13.29,3.91,73.46,11.39,3.7,62.25,-15.84,-70.02,3825
Puno,2000-02-21,8.32,14.42,3.52,70.49,2.02,4.02,62.2,-15.84,-70.02,3825
Puno,2000-02-22,8.35,14.14,3.82,73.4,15.1,2.79,62.14,-15.84,-70.02,3825
Puno,2000-02-23,8.91,14.54,4.94,74.11,5.76,3.32,62.11,-15.84,-70.02,3825
Puno,2000-02-24,8.89,14.16,4.82,75.42,3.18,4.22,62.12,-15.84,-70.02,3825
Puno,2000-02-25,8.89,14.82,4.26,74.79,11.61,3.8,62.1,-15.84,-70.02,3825
Puno,2000-02-26,9.17,15.61,4.54,70.56,6.84,2.1,62.14,-15.84,-70.02,3825
Puno,2000-02-27,9.64,15.65,4.27,69.12,2.1,2.52,62.12,-15.84,-70.02,3825
Puno,2000-02-28,8.73,13.95,5.22,77.07,1.31,3.91,62.12,-15.84,-70.02,3825
Puno,2000-02-29,9.03,15.08,4.71,71.54,1.68,3.5,62.25,-15.84,-70.02,3825
Puno,2000-03-01,9.81,14.67,6.03,72.69,7.47,2.37,62.26,-15.84,-70.02,3825
Puno,2000-03-02,9.73,15.85,5.85,70.73,8.15,3.22,62.21,-15.84,-70.02,3825
Puno,2000-03-03,10.0,16.0,5.3,68.72,8.68,2.64,62.14,-15.84,-70.02,3825
Puno,2000-03-04,9.49,14.77,6.45,73.38,2.27,3.17,62.16,-15.84,-70.02,3825
Puno,2000-03-05,9.27,15.06,4.74,73.25,5.29,3.82,62.24,-15.84,-70.02,3825
Puno,2000-03-06,8.6,13.59,5.78,77.85,3.74,3.66,62.28,-15.84,-70.02,3825
Puno,2000-03-07,8.32,13.53,4.37,75.96,3.62,4.01,62.25,-15.84,-70.02,3825
Puno,2000-03-08,9.09,15.5,4.47,72.8,0.71,2.49,62.06,-15.84,-70.02,3825
Puno,2000-03-09,8.0,15.54,3.42,74.86,5.83,2.71,62.04,-15.84,-70.02,3825
Puno,2000-03-10,7.82,15.15,2.6,71.32,6.72,2.02,62.1,-15.84,-70.02,3825
Puno,2000-03-11,5.24,9.87,1.66,75.57,14.65,2.17,62.15,-15.84,-70.02,3825
Puno,2000-03-12,7.32,15.33,0.38,70.18,12.22,2.2,62.04,-15.84,-70.02,3825
Puno,2000-03-13,8.01,17.76,0.5,56.43,0.27,3.55,61.99,-15.84,-70.02,3825
Puno,2000-03-14,8.46,15.84,0.1,58.88,0.81,1.95,62.02,-15.84,-70.02,3825
Puno,2000-03-15,9.05,15.7,3.64,67.32,5.11,1.31,62.02,-15.84,-70.02,3825
Puno,2000-03-16,7.79,15.96,1.0,55.6,0.01,1.83,62.08,-15.84,-70.02,3825
Puno,2000-03-17,8.03,14.3,2.56,64.49,0.01,2.03,62.09,-15.84,-70.02,3825
Puno,2000-03-18,8.74,14.49,5.11,70.42,2.71,2.69,62.04,-15.84,-70.02,3825
Puno,2000-03-19,7.94,13.59,4.2,74.56,1.66,2.51,62.0,-15.84,-70.02,3825
Puno,2000-03-20,7.48,13.2,2.86,78.78,0.42,2.68,62.06,-15.84,-70.02,3825
Puno,2000-03-21,8.74,14.48,4.55,71.99,1.23,3.27,62.21,-15.84,-70.02,3825
Puno,2000-03-22,7.79,13.92,3.25,72.55,0.73,3.51,62.28,-15.84,-70.02,3825
Puno,2000-03-23,7.76,13.16,4.39,73.5,2.06,3.41,62.17,-15.84,-70.02,3825
Puno,2000-03-24,7.41,13.5,2.43,74.9,6.18,3.93,62.26,-15.84,-70.02,3825
Puno,2000-03-25,7.45,13.59,3.17,69.79,0.98,3.22,62.39,-15.84,-70.02,3825
Puno,2000-03-26,9.22,15.44,3.74,58.36,0.16,1.66,62.23,-15.84,-70.02,3825
Puno,2000-03-27,7.58,12.1,3.1,74.28,0.04,2.49,62.17,-15.84,-70.02,3825
Puno,2000-03-28,7.97,14.3,3.33,70.42,0.01,3.45,62.23,-15.84,-70.02,3825
Puno,2000-03-29,8.13,13.43,4.74,70.02,0.05,1.52,62.22,-15.84,-70.02,3825
Puno,2000-03-30,8.03,12.63,4.94,69.27,0.01,1.52,62.11,-15.84,-70.02,3825
Puno,2000-03-31,7.76,12.77,4.01,70.12,0.0,3.01,62.08,-15.84,-70.02,3825
Puno,2000-04-01,7.52,13.53,3.35,71.72,0.0,3.74,62.2,-15.84,-70.02,3825
Puno,2000-04-02,6.73,13.17,2.05,66.46,0.0,3.17,62.36,-15.84,-70.02,3825
Puno,2000-04-03,7.38,13.86,1.58,65.21,0.0,3.12,62.35,-15.84,-70.02,3825
Puno,2000-04-04,7.71,14.35,3.13,66.12,0.4,2.91,62.35,-15.84,-70.02,3825
Puno,2000-04-05,6.88,13.9,2.21,63.72,0.51,2.91,62.4,-15.84,-70.02,3825
Puno,2000-04-06,6.91,13.99,1.31,67.84,0.08,2.76,62.37,-15.84,-70.02,3825
Puno,2000-04-07,9.04,15.54,4.66,67.67,0.0,2.18,62.22,-15.84,-70.02,3825
Puno,2000-04-08,8.81,15.07,4.44,68.2,0.0,3.53,62.25,-15.84,-70.02,3825
Puno,2000-04-09,7.73,13.88,3.43,72.73,0.26,2.99,62.33,-15.84,-70.02,3825
Puno,2000-04-10,8.14,15.03,3.23,69.33,0.02,3.22,62.37,-15.84,-70.02,3825
Puno,2000-04-11,7.62,14.54,2.4,65.35,0.09,2.74,62.41,-15.84,-70.02,3825
Puno,2000-04-12,8.82,14.91,4.3,67.17,0.04,2.38,62.28,-15.84,-70.02,3825
Puno,2000-04-13,7.64,13.67,3.75,70.28,0.01,1.42,62.17,-15.84,-70.02,3825
Puno,2000-04-14,6.57,12.02,2.02,67.91,0.0,2.4,62.21,-15.84,-70.02,3825
Puno,2000-04-15,8.31,13.76,4.42,70.11,0.19,2.44,62.26,-15.84,-70.02,3825
Puno,2000-04-16,7.13,12.55,3.0,76.47,2.94,2.42,62.29,-15.84,-70.02,3825
Puno,2000-04-17,7.6,17.05,1.32,52.46,0.03,1.53,62.16,-15.84,-70.02,3825
Puno,2000-04-18,7.37,16.97,-1.41,51.64,0.11,1.37,62.14,-15.84,-70.02,3825
Puno,2000-04-19,8.14,13.32,5.32,72.03,0.24,2.05,62.2,-15.84,-70.02,3825
Puno,2000-04-20,8.2,13.69,4.11,68.36,0.0,1.56,62.27,-15.84,-70.02,3825
Puno,2000-04-21,8.54,14.61,4.64,70.9,7.91,1.77,62.24,-15.84,-70.02,3825
Puno,2000-04-22,6.98,12.98,2.19,75.52,5.27,2.34,62.23,-15.84,-70.02,3825
Puno,2000-04-23,7.7,12.93,4.09,75.42,0.67,2.38,62.28,-15.84,-70.02,3825
Puno,2000-04-24,9.1,14.06,5.75,65.65,0.13,1.4,62.27,-15.84,-70.02,3825
Puno,2000-04-25,9.54,15.02,5.87,65.33,0.07,1.38,62.26,-15.84,-70.02,3825
Puno,2000-04-26,8.86,14.16,5.27,68.4,0.01,2.09,62.28,-15.84,-70.02,3825
Puno,2000-04-27,8.09,13.53,4.58,71.93,0.02,1.97,62.36,-15.84,-70.02,3825
Puno,2000-04-28,8.14,13.81,2.87,68.15,0.22,2.24,62.41,-15.84,-70.02,3825
Puno,2000-04-29,7.54,12.43,3.86,69.61,0.11,2.34,62.38,-15.84,-70.02,3825
Puno,2000-04-30,7.98,16.66,-0.04,52.38,0.0,1.9,62.25,-15.84,-70.02,3825
Puno,2000-05-01,7.84,16.97,-1.93,39.32,0.0,1.27,62.18,-15.84,-70.02,3825
Puno,2000-05-02,8.05,16.35,0.1,45.5,0.0,1.67,62.11,-15.84,-70.02,3825
Puno,2000-05-03,6.99,15.09,-0.63,55.23,0.0,1.65,62.14,-15.84,-70.02,3825
Puno,2000-05-04,6.83,14.18,0.3,62.69,1.56,1.46,62.22,-15.84,-70.02,3825
Puno,2000-05-05,7.31,13.55,1.98,67.01,0.16,2.36,62.3,-15.84,-70.02,3825
Puno,2000-05-06,7.76,13.45,3.7,71.74,0.01,2.41,62.29,-15.84,-70.02,3825
Puno,2000-05-07,7.09,12.14,4.26,74.85,0.0,1.04,62.28,-15.84,-70.02,3825
Puno,2000-05-08,8.09,14.56,4.01,66.73,0.0,2.47,62.29,-15.84,-70.02,3825
Puno,2000-05-09,8.03,15.06,3.59,66.93,0.0,2.08,62.37,-15.84,-70.02,3825
Puno,2000-05-10,7.52,14.24,3.36,66.25,0.0,2.47,62.45,-15.84,-70.02,3825
Puno,2000-05-11,8.38,14.77,3.3,66.3,0.0,1.3,62.36,-15.84,-70.02,3825
Puno,2000-05-12,6.23,11.08,2.4,76.11,0.0,1.67,62.28,-15.84,-70.02,3825
Puno,2000-05-13,7.38,14.53,1.92,68.47,0.5,2.81,62.19,-15.84,-70.02,3825
Puno,2000-05-14,6.34,12.65,1.28,77.87,1.75,2.93,62.21,-15.84,-70.02,3825
Puno,2000-05-15,7.11,16.22,0.62,64.59,0.01,3.39,62.15,-15.84,-70.02,3825
Puno,2000-05-16,6.23,15.78,-1.87,50.1,0.0,1.83,62.15,-15.84,-70.02,3825
Puno,2000-05-17,7.2,15.57,0.23,49.5,0.0,1.26,62.24,-15.84,-70.02,3825
Puno,2000-05-18,6.42,15.85,-0.98,40.94,0.0,2.27,62.29,-15.84,-70.02,3825
Puno,2000-05-19,6.17,15.43,-1.22,45.37,0.0,2.57,62.22,-15.84,-70.02,3825
Puno,2000-05-20,5.5,14.84,-3.35,39.56,0.0,2.15,62.23,-15.84,-70.02,3825
Puno,2000-05-21,6.72,15.11,0.01,55.54,0.0,1.28,62.3,-15.84,-70.02,3825
Puno,2000-05-22,6.31,15.25,-1.53,49.94,0.0,1.98,62.37,-15.84,-70.02,3825
Puno,2000-05-23,6.84,13.89,2.22,70.33,0.0,1.87,62.44,-15.84,-70.02,3825
Puno,2000-05-24,7.65,15.03,2.0,58.95,0.0,1.31,62.4,-15.84,-70.02,3825
Puno,2000-05-25,7.02,16.27,-1.91,41.61,0.0,1.65,62.29,-15.84,-70.02,3825
Puno,2000-05-26,6.8,15.27,-0.69,48.85,0.0,2.03,62.31,-15.84,-70.02,3825
Puno,2000-05-27,7.38,14.05,3.23,69.84,0.0,2.08,62.33,-15.84,-70.02,3825
Puno,2000-05-28,6.72,13.96,1.62,64.88,0.0,1.95,62.28,-15.84,-70.02,3825
Puno,2000-05-29,7.47,15.83,-1.36,46.84,0.0,1.65,62.15,-15.84,-70.02,3825
Puno,2000-05-30,6.82,13.35,2.49,57.58,0.38,2.19,62.17,-15.84,-70.02,3825
Puno,2000-05-31,7.43,13.27,3.27,63.73,0.07,1.16,62.17,-15.84,-70.02,3825
Puno,2000-06-01,6.98,14.12,1.58,67.17,0.44,2.82,62.02,-15.84,-70.02,3825
Puno,2000-06-02,3.8,12.45,-3.78,56.73,0.06,5.07,62.11,-15.84,-70.02,3825
Puno,2000-06-03,3.82,13.54,-5.1,37.14,0.0,1.96,62.25,-15.84,-70.02,3825
Puno,2000-06-04,6.31,14.17,-1.4,46.2,0.0,1.32,62.31,-15.84,-70.02,3825
Puno,2000-06-05,5.59,12.49,1.15,64.04,0.0,1.75,62.3,-15.84,-70.02,3825
Puno,2000-06-06,5.3,11.83,0.82,69.97,0.16,1.91,62.31,-15.84,-70.02,3825
Puno,2000-06-07,6.07,13.82,0.71,69.33,0.03,1.69,62.27,-15.84,-70.02,3825
Puno,2000-06-08,5.94,12.75,0.02,68.04,2.86,2.17,62.25,-15.84,-70.02,3825
Puno,2000-06-09,5.3,11.77,1.86,74.77,4.65,1.7,62.24,-15.84,-70.02,3825
Puno,2000-06-10,4.86,10.67,1.15,74.12,0.66,1.9,62.21,-15.84,-70.02,3825
Puno,2000-06-11,5.24,13.71,-0.06,64.02,0.0,2.46,62.2,-15.84,-70.02,3825
Puno,2000-06-12,4.29,13.9,-2.47,57.05,0.0,3.26,62.22,-15.84,-70.02,3825
Puno,2000-06-13,3.26,13.36,-3.78,39.17,0.0,2.86,62.17,-15.84,-70.02,3825
Puno,2000-06-14,3.44,13.58,-3.41,37.85,0.0,3.02,62.12,-15.84,-70.02,3825
Puno,2000-06-15,3.73,13.28,-3.04,39.94,0.0,2.97,62.11,-15.84,-70.02,3825
Puno,2000-06-16,4.38,10.86,-1.42,49.4,0.0,1.74,62.14,-15.84,-70.02,3825
Puno,2000-06-17,4.63,12.77,-1.09,61.47,0.41,2.02,62.15,-15.84,-70.02,3825
Puno,2000-06-18,3.96,13.71,-2.71,63.14,0.05,3.71,62.17,-15.84,-70.02,3825
Puno,2000-06-19,2.5,13.08,-4.45,45.94,0.0,3.63,62.22,-15.84,-70.02,3825
Puno,2000-06-20,3.61,12.55,-4.58,31.58,0.0,1.84,62.28,-15.84,-70.02,3825
Puno,2000-06-21,4.64,12.37,-0.72,42.81,0.0,1.76,62.32,-15.84,-70.02,3825
Puno,2000-06-22,5.56,13.19,-0.97,54.24,0.0,1.67,62.23,-15.84,-70.02,3825
Puno,2000-06-23,4.59,13.95,-2.15,46.54,0.0,3.16,62.2,-15.84,-70.02,3825
Puno,2000-06-24,5.19,13.53,-2.87,40.49,0.0,2.31,62.17,-15.84,-70.02,3825
Puno,2000-06-25,5.59,13.35,-0.81,48.92,0.0,1.92,62.12,-15.84,-70.02,3825
Puno,2000-06-26,5.72,13.7,-1.7,51.0,0.0,1.92,62.14,-15.84,-70.02,3825
Puno,2000-06-27,5.49,13.9,-1.17,52.94,0.0,2.08,62.17,-15.84,-70.02,3825
Puno,2000-06-28,4.62,13.77,-1.69,47.68,0.0,3.01,62.16,-15.84,-70.02,3825
Puno,2000-06-29,4.86,14.86,-3.6,33.49,0.0,2.49,62.18,-15.84,-70.02,3825
Puno,2000-06-30,5.87,13.37,0.73,40.92,0.0,1.63,62.25,-15.84,-70.02,3825
Puno,2000-07-01,5.05,13.79,-1.94,39.48,0.0,1.93,62.19,-15.84,-70.02,3825
Puno,2000-07-02,3.87,12.71,-3.43,38.37,0.0,1.76,62.27,-15.84,-70.02,3825
Puno,2000-07-03,5.03,12.79,0.65,66.31,0.05,1.54,62.34,-15.84,-70.02,3825
Puno,2000-07-04,4.21,10.67,0.54,68.09,0.0,2.09,62.34,-15.84,-70.02,3825
Puno,2000-07-05,4.9,11.47,-0.02,60.62,0.02,1.21,62.25,-15.84,-70.02,3825
Puno,2000-07-06,4.78,13.0,-2.13,55.64,0.0,1.79,62.12,-15.84,-70.02,3825
Puno,2000-07-07,4.43,14.06,-2.63,55.85,0.0,3.24,62.06,-15.84,-70.02,3825
Puno,2000-07-08,5.02,14.36,-2.51,50.75,0.0,3.28,62.02,-15.84,-70.02,3825
Puno,2000-07-09,4.31,13.2,-2.45,56.05,0.02,4.45,61.97,-15.84,-70.02,3825
Puno,2000-07-10,2.16,11.42,-4.92,42.92,0.0,5.17,62.08,-15.84,-70.02,3825
Puno,2000-07-11,2.8,11.78,-5.06,30.14,0.01,1.9,62.2,-15.84,-70.02,3825
Puno,2000-07-12,3.78,11.7,-3.5,33.28,0.05,1.51,62.27,-15.84,-70.02,3825
Puno,2000-07-13,3.9,12.72,-3.1,28.14,0.01,1.61,62.29,-15.84,-70.02,3825
Puno,2000-07-14,3.72,11.76,-2.13,38.53,0.0,2.32,62.26,-15.84,-70.02,3825
Puno,2000-07-15,3.35,13.03,-3.94,39.09,0.0,2.74,62.27,-15.84,-70.02,3825
Puno,2000-07-16,3.72,13.35,-3.02,32.92,0.01,1.84,62.18,-15.84,-70.02,3825
Puno,2000-07-17,3.92,13.1,-2.66,35.52,0.0,2.92,62.09,-15.84,-70.02,3825
Puno,2000-07-18,4.01,12.02,-2.0,49.61,0.0,2.63,62.08,-15.84,-70.02,3825
Puno,2000-07-19,3.02,9.67,-1.33,66.35,0.01,2.46,62.12,-15.84,-70.02,3825
Puno,2000-07-20,4.18,12.48,-1.54,62.15,0.02,3.24,61.98,-15.84,-70.02,3825
Puno,2000-07-21,3.05,12.42,-3.86,66.37,0.01,4.88,61.87,-15.84,-70.02,3825
Puno,2000-07-22,2.06,11.69,-5.04,49.65,0.0,5.14,62.04,-15.84,-70.02,3825
Puno,2000-07-23,3.02,12.26,-5.28,34.36,0.22,3.02,62.17,-15.84,-70.02,3825
Puno,2000-07-24,3.37,9.95,-3.21,28.96,0.04,1.64,62.23,-15.84,-70.02,3825
Puno,2000-07-25,2.41,11.08,-4.45,41.02,0.0,2.97,62.33,-15.84,-70.02,3825
Puno,2000-07-26,4.36,10.86,-1.71,57.82,0.0,1.3,62.33,-15.84,-70.02,3825
Puno,2000-07-27,5.61,12.46,-0.48,54.01,0.0,1.68,62.29,-15.84,-70.02,3825
Puno,2000-07-28,4.96,11.27,-0.39,52.41,0.0,1.85,62.3,-15.84,-70.02,3825
Puno,2000-07-29,5.06,13.06,-1.57,33.66,0.0,1.08,62.19,-15.84,-70.02,3825
Puno,2000-07-30,4.36,13.8,-2.88,39.62,0.0,2.03,62.1,-15.84,-70.02,3825
Puno,2000-07-31,3.15,12.96,-3.68,34.17,0.0,3.17,62.13,-15.84,-70.02,3825
Puno,2000-08-01,3.14,13.14,-3.77,33.77,0.0,3.2,62.13,-15.84,-70.02,3825
Puno,2000-08-02,4.82,13.4,-2.45,38.81,0.0,1.58,62.18,-15.84,-70.02,3825
Puno,2000-08-03,5.62,11.72,1.4,76.15,0.0,2.65,62.3,-15.84,-70.02,3825
Puno,2000-08-04,5.74,11.37,1.36,66.77,0.03,1.37,62.32,-15.84,-70.02,3825
Puno,2000-08-05,6.93,15.44,-1.77,43.67,0.03,1.81,62.19,-15.84,-70.02,3825
Puno,2000-08-06,5.7,13.29,1.3,59.73,0.0,1.46,62.23,-15.84,-70.02,3825
Puno,2000-08-07,7.32,14.76,-0.09,45.01,0.0,1.4,62.22,-15.84,-70.02,3825
Puno,2000-08-08,6.22,14.41,0.19,43.15,0.01,1.18,62.2,-15.84,-70.02,3825
Puno,2000-08-09,5.14,12.83,-2.19,53.94,0.0,2.33,62.31,-15.84,-70.02,3825
Puno,2000-08-10,5.43,9.94,2.33,77.67,0.24,2.99,62.37,-15.84,-70.02,3825
Puno,2000-08-11,4.61,10.45,0.71,78.63,0.1,2.11,62.38,-15.84,-70.02,3825
Puno,2000-08-12,6.21,12.99,0.54,67.7,0.14,1.83,62.29,-15.84,-70.02,3825
Puno,2000-08-13,5.43,12.83,0.38,69.67,3.21,1.86,62.23,-15.84,-70.02,3825
Puno,2000-08-14,6.27,13.33,0.18,58.95,0.14,2.18,62.29,-15.84,-70.02,3825
Puno,2000-08-15,6.81,13.39,2.47,65.85,1.8,1.65,62.33,-15.84,-70.02,3825
Puno,2000-08-16,6.27,13.97,0.18,55.68,0.07,1.9,62.27,-15.84,-70.02,3825
Puno,2000-08-17,5.7,14.37,-1.93,51.56,0.0,2.48,62.29,-15.84,-70.02,3825
Puno,2000-08-18,5.54,11.26,1.9,73.15,0.0,2.78,62.38,-15.84,-70.02,3825
Puno,2000-08-19,5.19,11.47,1.25,71.16,0.0,2.46,62.4,-15.84,-70.02,3825
Puno,2000-08-20,4.37,9.53,1.38,76.91,1.82,1.88,62.35,-15.84,-70.02,3825
Puno,2000-08-21,4.17,9.43,1.06,75.29,0.62,1.81,62.28,-15.84,-70.02,3825
Puno,2000-08-22,6.85,14.85,0.79,58.28,0.25,2.03,62.23,-15.84,-70.02,3825
Puno,2000-08-23,7.57,14.7,2.23,63.28,0.0,2.3,62.19,-15.84,-70.02,3825
Puno,2000-08-24,7.81,15.38,0.56,61.55,0.0,1.68,62.16,-15.84,-70.02,3825
Puno,2000-08-25,8.44,17.68,1.26,53.38,0.12,3.25,62.07,-15.84,-70.02,3825
Puno,2000-08-26,7.16,15.17,-0.64,53.73,0.04,3.37,62.09,-15.84,-70.02,3825
Puno,2000-08-27,6.25,16.22,-0.95,43.3,0.02,4.22,62.13,-15.84,-70.02,3825
Puno,2000-08-28,5.37,16.38,-3.92,31.79,0.0,4.01,62.12,-15.84,-70.02,3825
Puno,2000-08-29,5.67,16.52,-3.67,26.04,0.0,3.58,62.07,-15.84,-70.02,3825
Puno,2000-08-30,6.08,15.65,-1.77,40.86,0.0,2.17,62.12,-15.84,-70.02,3825
Puno,2000-08-31,7.06,14.51,1.45,52.2,0.17,2.45,62.22,-15.84,-70.02,3825
Puno,2000-09-01,7.58,17.22,0.71,58.86,0.32,4.3,62.11,-15.84,-70.02,3825
Puno,2000-09-02,6.43,15.81,-0.13,53.87,0.05,4.04,62.06,-15.84,-70.02,3825
Puno,2000-09-03,5.77,16.56,-2.34,44.73,0.01,4.01,62.11,-15.84,-70.02,3825
Puno,2000-09-04,5.62,15.72,-3.5,40.53,0.0,3.93,62.13,-15.84,-70.02,3825
Puno,2000-09-05,5.7,16.49,-3.29,34.33,0.0,3.99,62.14,-15.84,-70.02,3825
Puno,2000-09-06,6.51,17.2,-2.18,38.03,0.0,2.54,62.12,-15.84,-70.02,3825
Puno,2000-09-07,6.32,17.2,-1.84,37.29,0.0,3.15,62.05,-15.84,-70.02,3825
Puno,2000-09-08,6.47,16.25,-3.47,32.42,0.0,2.28,61.98,-15.84,-70.02,3825
Puno,2000-09-09,4.93,12.6,-0.82,52.48,0.0,2.94,62.05,-15.84,-70.02,3825
Puno,2000-09-10,5.1,11.3,0.39,48.27,0.0,2.5,62.14,-15.84,-70.02,3825
Puno,2000-09-11,6.63,16.54,-2.66,34.38,0.0,2.43,62.1,-15.84,-70.02,3825
Puno,2000-09-12,7.37,16.87,-2.74,30.43,0.0,1.62,62.16,-15.84,-70.02,3825
Puno,2000-09-13,7.74,16.53,-0.05,44.2,0.0,2.05,62.27,-15.84,-70.02,3825
Puno,2000-09-14,9.01,15.97,4.21,61.73,0.04,2.74,62.32,-15.84,-70.02,3825
Puno,2000-09-15,5.93,11.06,3.06,77.42,0.04,2.89,62.35,-15.84,-70.02,3825
Puno,2000-09-16,7.76,14.23,2.49,58.17,0.0,2.68,62.34,-15.84,-70.02,3825
Puno,2000-09-17,8.09,14.03,3.27,65.99,0.0,2.88,62.32,-15.84,-70.02,3825
Puno,2000-09-18,8.64,15.44,3.15,62.45,0.0,2.39,62.3,-15.84,-70.02,3825
Puno,2000-09-19,6.54,10.8,2.08,69.62,0.5,2.57,62.34,-15.84,-70.02,3825
Puno,2000-09-20,7.39,14.47,1.88,60.42,0.05,2.17,62.33,-15.84,-70.02,3825
Puno,2000-09-21,8.97,15.98,3.28,60.78,0.01,2.34,62.28,-15.84,-70.02,3825
Puno,2000-09-22,6.79,12.0,2.94,68.86,0.37,3.32,62.27,-15.84,-70.02,3825
Puno,2000-09-23,8.03,17.38,0.67,44.64,0.06,2.67,62.17,-15.84,-70.02,3825
Puno,2000-09-24,6.49,14.83,-2.29,39.86,0.08,3.17,62.19,-15.84,-70.02,3825
Puno,2000-09-25,9.0,17.9,3.53,60.04,0.06,2.82,62.17,-15.84,-70.02,3825
Puno,2000-09-26,8.66,17.46,0.26,43.26,0.01,1.7,62.25,-15.84,-70.02,3825
Puno,2000-09-27,8.97,17.32,2.9,47.42,0.02,1.57,62.27,-15.84,-70.02,3825
Puno,2000-09-28,8.21,16.67,0.42,43.51,0.0,1.69,62.22,-15.84,-70.02,3825
Puno,2000-09-29,8.52,15.68,3.38,54.6,0.0,2.51,62.22,-15.84,-70.02,3825
Puno,2000-09-30,8.1,14.91,3.18,62.74,0.0,3.64,62.33,-15.84,-70.02,3825
Puno,2000-10-01,7.77,14.9,1.89,58.14,0.0,3.0,62.44,-15.84,-70.02,3825
Puno,2000-10-02,8.27,15.64,2.89,57.43,0.0,3.08,62.42,-15.84,-70.02,3825
Puno,2000-10-03,9.34,17.27,3.23,53.01,0.0,2.06,62.26,-15.84,-70.02,3825
Puno,2000-10-04,8.58,14.39,2.93,56.16,0.03,2.29,62.17,-15.84,-70.02,3825
Puno,2000-10-05,9.1,16.13,3.77,49.85,0.44,2.73,62.18,-15.84,-70.02,3825
Puno,2000-10-06,7.74,13.19,4.07,67.23,0.18,2.53,62.2,-15.84,-70.02,3825
Puno,2000-10-07,8.01,13.99,3.18,61.11,0.02,2.47,62.24,-15.84,-70.02,3825
Puno,2000-10-08,6.18,11.71,2.29,70.15,0.12,2.51,62.24,-15.84,-70.02,3825
Puno,2000-10-09,6.73,14.87,2.03,70.44,0.1,2.23,62.21,-15.84,-70.02,3825
Puno,2000-10-10,7.02,14.38,1.38,65.58,3.4,2.27,62.23,-15.84,-70.02,3825
Puno,2000-10-11,5.57,11.64,1.67,74.67,8.13,2.48,62.22,-15.84,-70.02,3825
Puno,2000-10-12,8.19,14.83,0.88,49.57,0.06,1.27,62.19,-15.84,-70.02,3825
Puno,2000-10-13,7.05,11.89,2.57,66.89,0.16,3.16,62.26,-15.84,-70.02,3825
Puno,2000-10-14,5.24,11.63,2.03,74.19,6.45,2.87,62.31,-15.84,-70.02,3825
Puno,2000-10-15,4.28,8.17,0.87,75.01,7.01,2.07,62.34,-15.84,-70.02,3825
Puno,2000-10-16,6.23,12.95,1.21,69.92,0.21,2.56,62.31,-15.84,-70.02,3825
Puno,2000-10-17,7.71,15.27,2.52,59.6,0.02,2.67,62.32,-15.84,-70.02,3825
Puno,2000-10-18,8.03,14.76,2.97,67.1,0.02,3.81,62.4,-15.84,-70.02,3825
Puno,2000-10-19,8.19,13.85,3.21,67.31,1.04,3.13,62.37,-15.84,-70.02,3825
Puno,2000-10-20,8.78,15.24,4.61,61.83,0.16,4.25,62.34,-15.84,-70.02,3825
Puno,2000-10-21,7.19,12.59,3.29,68.2,2.22,2.54,62.23,-15.84,-70.02,3825
Puno,2000-10-22,7.16,12.29,1.94,61.41,0.28,1.68,62.13,-15.84,-70.02,3825
Puno,2000-10-23,9.23,17.39,0.18,52.43,0.0,2.21,62.09,-15.84,-70.02,3825
Puno,2000-10-24,9.18,14.82,3.02,59.83,4.43,2.99,62.02,-15.84,-70.02,3825
Puno,2000-10-25,6.92,10.69,4.23,62.24,5.86,1.65,62.08,-15.84,-70.02,3825
Puno,2000-10-26,7.64,12.7,2.8,69.02,0.87,2.46,62.12,-15.84,-70.02,3825
Puno,2000-10-27,8.56,14.04,4.46,70.27,0.78,3.35,62.27,-15.84,-70.02,3825
Puno,2000-10-28,6.8,11.56,3.18,73.99,0.55,2.7,62.33,-15.84,-70.02,3825
Puno,2000-10-29,8.76,15.43,3.86,66.63,0.95,2.3,62.22,-15.84,-70.02,3825
Puno,2000-10-30,10.68,18.44,4.66,49.13,0.14,1.47,62.14,-15.84,-70.02,3825
Puno,2000-10-31,10.13,18.55,2.41,36.79,0.01,1.36,62.12,-15.84,-70.02,3825
Puno,2000-11-01,10.28,17.15,3.88,48.71,0.0,2.22,62.09,-15.84,-70.02,3825
Puno,2000-11-02,10.66,17.06,5.85,54.33,0.23,2.49,62.07,-15.84,-70.02,3825
Puno,2000-11-03,10.04,19.32,2.45,36.07,0.05,2.46,61.96,-15.84,-70.02,3825
Puno,2000-11-04,8.24,17.62,-0.95,29.55,0.0,1.6,61.94,-15.84,-70.02,3825
Puno,2000-11-05,9.03,18.79,1.26,31.81,0.0,2.31,61.87,-15.84,-70.02,3825
Puno,2000-11-06,8.17,18.25,-1.2,27.22,0.2,2.12,61.88,-15.84,-70.02,3825
Puno,2000-11-07,7.78,18.32,-1.59,30.1,0.53,3.06,61.93,-15.84,-70.02,3825
Puno,2000-11-08,7.65,18.4,-2.55,24.83,0.02,3.04,61.94,-15.84,-70.02,3825
Puno,2000-11-09,8.56,18.47,-1.32,28.44,0.0,1.85,61.91,-15.84,-70.02,3825
Puno,2000-11-10,9.68,19.08,2.49,36.37,0.0,1.5,61.96,-15.84,-70.02,3825
Puno,2000-11-11,8.51,19.66,-0.8,28.06,0.0,3.01,61.94,-15.84,-70.02,3825
Puno,2000-11-12,7.87,19.71,-2.16,25.75,0.0,4.23,61.89,-15.84,-70.02,3825
Puno,2000-11-13,7.04,18.75,-3.35,22.6,0.03,4.53,61.94,-15.84,-70.02,3825
Puno,2000-11-14,8.2,18.24,-4.29,24.75,0.05,1.5,61.95,-15.84,-70.02,3825
Puno,2000-11-15,9.64,16.62,2.43,47.88,0.04,1.99,61.95,-15.84,-70.02,3825
Puno,2000-11-16,9.39,19.27,-0.56,31.68,0.01,1.44,62.01,-15.84,-70.02,3825
Puno,2000-11-17,10.2,17.06,4.61,57.13,0.01,3.68,62.17,-15.84,-70.02,3825
Puno,2000-11-18,10.57,17.44,5.0,52.21,0.0,2.44,62.17,-15.84,-70.02,3825
Puno,2000-11-19,10.62,19.2,1.71,27.56,0.0,1.52,62.1,-15.84,-70.02,3825
Puno,2000-11-20,11.2,20.38,3.76,35.31,0.01,1.24,62.1,-15.84,-70.02,3825
Puno,2000-11-21,9.79,18.03,3.41,45.91,0.02,3.64,62.17,-15.84,-70.02,3825
Puno,2000-11-22,9.32,16.27,3.65,56.03,0.01,4.23,62.24,-15.84,-70.02,3825
Puno,2000-11-23,9.2,15.74,2.84,52.42,0.0,3.31,62.27,-15.84,-70.02,3825
Puno,2000-11-24,10.69,17.0,5.59,58.82,0.89,3.18,62.22,-15.84,-70.02,3825
Puno,2000-11-25,9.78,14.99,5.46,60.73,0.38,2.89,62.25,-15.84,-70.02,3825
Puno,2000-11-26,9.17,15.15,3.79,64.25,0.12,3.09,62.2,-15.84,-70.02,3825
Puno,2000-11-27,10.66,16.26,6.02,62.1,0.01,2.96,62.19,-15.84,-70.02,3825
Puno,2000-11-28,10.13,17.06,4.42,60.43,0.42,2.49,62.19,-15.84,-70.02,3825
Puno,2000-11-29,9.12,13.87,4.86,56.74,0.57,2.8,62.24,-15.84,-70.02,3825
Puno,2000-11-30,7.57,12.16,2.75,69.32,0.01,2.18,62.22,-15.84,-70.02,3825
Puno,2000-12-01,8.97,17.54,2.19,55.23,1.66,1.8,62.16,-15.84,-70.02,3825
Puno,2000-12-02,10.72,19.29,3.72,30.59,0.02,2.26,62.13,-15.84,-70.02,3825
Puno,2000-12-03,10.28,18.4,3.67,34.98,0.02,1.69,62.09,-15.84,-70.02,3825
Puno,2000-12-04,10.53,18.45,2.38,34.03,0.79,2.19,62.06,-15.84,-70.02,3825
Puno,2000-12-05,7.42,11.1,3.26,66.67,1.74,3.02,62.13,-15.84,-70.02,3825
Puno,2000-12-06,7.8,13.49,4.65,62.63,0.99,1.49,62.16,-15.84,-70.02,3825
Puno,2000-12-07,9.43,14.64,3.51,44.5,5.38,1.04,62.17,-15.84,-70.02,3825
Puno,2000-12-08,7.55,13.2,2.44,69.57,3.59,3.01,62.26,-15.84,-70.02,3825
Puno,2000-12-09,7.49,14.7,1.9,70.73,3.82,2.07,62.25,-15.84,-70.02,3825
Puno,2000-12-10,9.75,16.81,3.88,57.97,1.13,2.28,62.1,-15.84,-70.02,3825
Puno,2000-12-11,7.94,13.96,2.82,52.27,0.21,3.57,62.03,-15.84,-70.02,3825
Puno,2000-12-12,9.96,18.0,3.08,40.32,0.03,3.02,61.98,-15.84,-70.02,3825
Puno,2000-12-13,10.36,19.98,2.81,30.34,0.0,3.44,62.02,-15.84,-70.02,3825
Puno,2000-12-14,9.86,20.13,-0.89,33.45,0.0,2.16,62.02,-15.84,-70.02,3825
Puno,2000-12-15,10.08,18.68,0.45,31.2,0.03,2.28,61.97,-15.84,-70.02,3825
Puno,2000-12-16,8.05,12.19,4.96,61.97,6.06,3.72,62.19,-15.84,-70.02,3825
Puno,2000-12-17,8.96,14.06,5.02,60.13,3.48,2.49,62.23,-15.84,-70.02,3825
Puno,2000-12-18,10.17,16.53,5.12,57.82,1.35,2.65,62.09,-15.84,-70.02,3825
Puno,2000-12-19,10.29,17.01,4.22,53.1,0.0,2.95,62.09,-15.84,-70.02,3825
Puno,2000-12-20,10.15,16.56,5.31,55.36,0.0,2.23,62.09,-15.84,-70.02,3825
Puno,2000-12-21,9.66,15.61,3.89,59.31,0.0,3.12,62.12,-15.84,-70.02,3825
Puno,2000-12-22,7.56,11.81,4.02,71.83,1.5,3.45,62.16,-15.84,-70.02,3825
Puno,2000-12-23,9.83,18.73,3.7,52.72,2.99,2.16,62.2,-15.84,-70.02,3825
Puno,2000-12-24,8.69,14.56,5.21,60.23,0.47,1.85,62.22,-15.84,-70.02,3825
Puno,2000-12-25,9.37,15.33,5.34,60.71,1.21,2.46,62.17,-15.84,-70.02,3825
Puno,2000-12-26,7.9,11.89,5.09,68.21,0.52,2.0,62.18,-15.84,-70.02,3825
Puno,2000-12-27,9.14,15.83,3.87,58.99,0.01,3.8,62.14,-15.84,-70.02,3825
Puno,2000-12-28,8.75,15.57,2.81,69.71,5.96,4.52,62.1,-15.84,-70.02,3825
Puno,2000-12-29,8.1,14.59,2.36,68.07,3.76,3.2,62.1,-15.84,-70.02,3825
Puno,2000-12-30,7.8,14.16,1.82,74.19,10.55,2.77,62.12,-15.84,-70.02,3825
Puno,2000-12-31,6.07,11.73,2.28,75.31,5.31,1.95,62.22,-15.84,-70.02,3825
Puno,2001-01-01,6.62,13.59,2.54,77.78,15.77,2.2,62.23,-15.84,-70.02,3825
Puno,2001-01-02,8.1,14.2,2.38,73.46,7.48,2.85,62.22,-15.84,-70.02,3825
Puno,2001-01-03,10.6,17.02,5.74,65.07,0.6,3.64,62.2,-15.84,-70.02,3825
Puno,2001-01-04,7.46,10.53,4.83,77.73,7.51,3.18,62.27,-15.84,-70.02,3825
Puno,2001-01-05,7.78,12.86,4.43,79.15,12.57,5.82,62.23,-15.84,-70.02,3825
Puno,2001-01-06,8.75,14.43,4.52,73.33,9.18,2.17,62.1,-15.84,-70.02,3825
Puno,2001-01-07,7.89,14.96,1.99,71.01,39.13,2.46,62.05,-15.84,-70.02,3825
Puno,2001-01-08,8.29,14.99,2.12,67.92,5.59,2.58,62.03,-15.84,-70.02,3825
Puno,2001-01-09,7.83,13.96,3.22,69.84,12.78,2.47,62.03,-15.84,-70.02,3825
Puno,2001-01-10,7.84,14.36,3.15,70.65,1.87,2.46,62.02,-15.84,-70.02,3825
Puno,2001-01-11,7.5,12.88,2.23,75.91,4.21,4.25,62.1,-15.84,-70.02,3825
Puno,2001-01-12,7.32,13.27,2.94,77.36,10.99,2.68,62.08,-15.84,-70.02,3825
Puno,2001-01-13,7.59,14.73,2.13,71.09,0.43,1.25,62.0,-15.84,-70.02,3825
Puno,2001-01-14,7.31,12.15,2.43,67.32,1.58,2.94,62.13,-15.84,-70.02,3825
Puno,2001-01-15,6.98,14.22,1.93,76.91,19.12,2.35,62.11,-15.84,-70.02,3825
Puno,2001-01-16,7.62,14.29,2.22,68.32,4.05,2.38,62.07,-15.84,-70.02,3825
Puno,2001-01-17,6.21,10.76,2.33,79.31,3.05,3.03,62.12,-15.84,-70.02,3825
Puno,2001-01-18,8.29,14.61,4.34,71.45,4.87,1.81,62.13,-15.84,-70.02,3825
Puno,2001-01-19,7.41,11.57,4.19,78.77,3.06,3.23,62.22,-15.84,-70.02,3825
Puno,2001-01-20,7.64,13.16,4.08,75.31,7.67,3.09,62.29,-15.84,-70.02,3825
Puno,2001-01-21,7.95,14.64,2.63,66.77,0.35,1.7,62.18,-15.84,-70.02,3825
Puno,2001-01-22,6.86,11.45,2.93,72.49,9.48,2.03,62.15,-15.84,-70.02,3825
Puno,2001-01-23,7.78,13.07,4.06,72.66,11.62,2.09,62.16,-15.84,-70.02,3825
Puno,2001-01-24,7.78,13.32,3.64,77.23,4.64,3.53,62.26,-15.84,-70.02,3825
Puno,2001-01-25,8.96,15.19,4.2,72.7,3.31,3.31,62.25,-15.84,-70.02,3825
Puno,2001-01-26,8.46,12.64,4.79,76.91,5.29,2.46,62.15,-15.84,-70.02,3825
Puno,2001-01-27,8.62,14.39,4.54,76.01,7.31,3.25,62.11,-15.84,-70.02,3825
Puno,2001-01-28,8.63,14.94,3.58,71.8,7.78,2.33,62.13,-15.84,-70.02,3825
Puno,2001-01-29,7.46,13.16,3.08,74.0,2.84,1.65,62.08,-15.84,-70.02,3825
Puno,2001-01-30,7.89,12.41,3.35,76.61,3.12,1.97,62.05,-15.84,-70.02,3825
Puno,2001-01-31,9.56,14.44,6.37,74.8,4.43,3.46,62.03,-15.84,-70.02,3825
Puno,2001-02-01,8.5,14.31,3.21,76.15,4.31,3.17,61.98,-15.84,-70.02,3825
Puno,2001-02-02,7.05,11.75,2.95,76.48,6.36,2.04,61.96,-15.84,-70.02,3825
Puno,2001-02-03,8.03,13.85,3.44,76.06,3.64,3.07,61.99,-15.84,-70.02,3825
Puno,2001-02-04,8.29,14.07,4.0,75.64,1.18,4.43,62.14,-15.84,-70.02,3825
Puno,2001-02-05,8.4,14.47,3.61,70.97,0.16,4.01,62.25,-15.84,-70.02,3825
Puno,2001-02-06,8.61,14.94,3.85,71.78,0.12,4.11,62.26,-15.84,-70.02,3825
Puno,2001-02-07,8.95,15.45,3.76,64.86,0.06,3.24,62.24,-15.84,-70.02,3825
Puno,2001-02-08,9.63,16.06,4.96,67.83,0.53,3.28,62.21,-15.84,-70.02,3825
Puno,2001-02-09,9.78,15.86,5.5,65.76,0.28,2.88,62.14,-15.84,-70.02,3825
Puno,2001-02-10,9.86,15.54,5.71,68.01,1.82,3.18,62.05,-15.84,-70.02,3825
Puno,2001-02-11,9.01,14.29,5.37,73.32,1.5,4.3,62.12,-15.84,-70.02,3825
Puno,2001-02-12,8.67,14.09,5.09,75.28,15.03,4.4,62.16,-15.84,-70.02,3825
Puno,2001-02-13,8.96,15.0,3.63,70.15,1.9,2.29,62.18,-15.84,-70.02,3825
Puno,2001-02-14,7.99,13.89,3.51,73.97,3.79,1.85,62.06,-15.84,-70.02,3825
Puno,2001-02-15,8.2,12.89,4.31,79.33,3.9,3.81,62.05,-15.84,-70.02,3825
Puno,2001-02-16,8.71,14.72,4.63,76.13,2.36,3.72,62.15,-15.84,-70.02,3825
Puno,2001-02-17,6.76,12.79,2.16,80.21,5.92,2.79,62.19,-15.84,-70.02,3825
Puno,2001-02-18,6.87,12.66,2.01,77.65,7.59,2.17,62.2,-15.84,-70.02,3825
Puno,2001-02-19,7.15,13.51,2.78,77.6,10.52,2.31,62.24,-15.84,-70.02,3825
Puno,2001-02-20,7.34,14.61,1.6,74.01,8.33,1.67,62.14,-15.84,-70.02,3825
Puno,2001-02-21,8.45,16.86,2.02,67.11,1.72,1.51,62.05,-15.84,-70.02,3825
Puno,2001-02-22,7.8,13.72,3.11,74.92,2.39,3.28,62.07,-15.84,-70.02,3825
Puno,2001-02-23,8.98,14.87,4.58,73.59,2.94,2.98,62.06,-15.84,-70.02,3825
Puno,2001-02-24,7.1,10.11,5.03,82.31,5.21,2.58,62.18,-15.84,-70.02,3825
Puno,2001-02-25,8.01,13.8,2.59,76.88,7.97,2.63,62.19,-15.84,-70.02,3825
Puno,2001-02-26,8.79,16.49,2.05,68.1,5.91,2.3,62.09,-15.84,-70.02,3825
Puno,2001-02-27,6.64,11.93,2.5,81.18,5.81,3.56,62.13,-15.84,-70.02,3825
Puno,2001-02-28,7.93,13.44,4.11,76.07,1.38,4.3,62.2,-15.84,-70.02,3825
Puno,2001-03-01,7.69,13.79,2.88,70.44,0.07,3.67,62.18,-15.84,-70.02,3825
Puno,2001-03-02,6.86,11.68,2.62,76.45,1.6,4.33,62.24,-15.84,-70.02,3825
Puno,2001-03-03,7.94,13.4,3.45,76.84,2.49,3.21,62.28,-15.84,-70.02,3825
Puno,2001-03-04,9.11,14.91,4.43,74.18,0.83,2.9,62.35,-15.84,-70.02,3825
Puno,2001-03-05,7.77,12.29,3.65,76.79,3.76,1.58,62.27,-15.84,-70.02,3825
Puno,2001-03-06,5.75,9.39,2.97,86.97,52.99,2.93,62.22,-15.84,-70.02,3825
Puno,2001-03-07,8.36,13.64,4.44,78.04,9.68,2.51,62.29,-15.84,-70.02,3825
Puno,2001-03-08,9.02,14.18,5.13,76.8,7.13,2.35,62.25,-15.84,-70.02,3825
Puno,2001-03-09,8.33,14.77,3.92,76.09,6.91,3.14,62.2,-15.84,-70.02,3825
Puno,2001-03-10,7.9,15.24,3.2,74.23,1.42,2.26,62.13,-15.84,-70.02,3825
Puno,2001-03-11,7.54,14.36,2.41,71.25,2.94,1.92,62.2,-15.84,-70.02,3825
Puno,2001-03-12,8.22,14.17,2.3,78.45,5.69,3.12,62.31,-15.84,-70.02,3825
Puno,2001-03-13,8.54,12.31,5.43,77.24,0.79,2.8,62.25,-15.84,-70.02,3825
Puno,2001-03-14,8.31,14.09,4.74,74.75,0.76,2.7,62.13,-15.84,-70.02,3825
Puno,2001-03-15,6.19,12.4,2.37,79.08,8.83,2.74,62.12,-15.84,-70.02,3825
Puno,2001-03-16,5.96,11.28,1.92,81.6,5.31,3.61,62.28,-15.84,-70.02,3825
Puno,2001-03-17,7.84,13.59,3.33,78.08,0.84,3.82,62.29,-15.84,-70.02,3825
Puno,2001-03-18,8.18,14.0,3.48,75.88,0.76,3.03,62.16,-15.84,-70.02,3825
Puno,2001-03-19,8.46,14.08,4.59,73.34,3.61,2.65,62.1,-15.84,-70.02,3825
Puno,2001-03-20,8.41,13.5,4.58,75.75,2.35,3.22,62.18,-15.84,-70.02,3825
Puno,2001-03-21,7.61,13.87,3.4,77.83,0.29,2.8,62.16,-15.84,-70.02,3825
Puno,2001-03-22,8.45,16.52,2.9,67.49,0.01,2.21,62.06,-15.84,-70.02,3825
Puno,2001-03-23,8.72,16.77,1.41,60.11,0.01,1.04,62.01,-15.84,-70.02,3825
Puno,2001-03-24,8.86,15.83,3.74,68.54,2.11,1.76,62.07,-15.84,-70.02,3825
Puno,2001-03-25,7.6,13.87,2.61,76.7,0.84,2.28,62.19,-15.84,-70.02,3825
Puno,2001-03-26,9.06,14.29,5.12,72.81,6.23,1.69,62.2,-15.84,-70.02,3825
Puno,2001-03-27,8.19,12.93,5.27,77.74,2.33,2.0,62.24,-15.84,-70.02,3825
Puno,2001-03-28,8.89,13.85,5.5,71.95,0.91,1.58,62.23,-15.84,-70.02,3825
Puno,2001-03-29,7.41,13.39,2.16,77.48,0.19,3.09,62.29,-15.84,-70.02,3825
Puno,2001-03-30,8.56,14.82,2.94,69.13,0.0,2.47,62.35,-15.84,-70.02,3825
Puno,2001-03-31,9.6,15.55,5.39,68.25,0.0,1.37,62.28,-15.84,-70.02,3825
Puno,2001-04-01,8.87,14.59,4.79,70.63,0.0,2.46,62.27,-15.84,-70.02,3825
Puno,2001-04-02,8.65,14.69,4.45,68.2,0.01,3.05,62.36,-15.84,-70.02,3825
Puno,2001-04-03,8.03,14.24,3.78,68.4,0.01,3.09,62.36,-15.84,-70.02,3825
Puno,2001-04-04,8.33,14.34,3.59,71.8,0.0,2.05,62.24,-15.84,-70.02,3825
Puno,2001-04-05,6.97,11.45,3.53,77.58,2.24,2.26,62.19,-15.84,-70.02,3825
Puno,2001-04-06,7.65,12.71,4.44,77.7,1.62,3.48,62.28,-15.84,-70.02,3825
Puno,2001-04-07,6.87,12.28,3.27,78.48,5.79,3.08,62.42,-15.84,-70.02,3825
Puno,2001-04-08,7.32,13.51,2.44,76.55,1.64,2.09,62.39,-15.84,-70.02,3825
Puno,2001-04-09,8.18,13.91,4.54,74.21,2.48,2.71,62.23,-15.84,-70.02,3825
Puno,2001-04-10,8.16,13.14,4.48,77.47,1.56,2.75,62.16,-15.84,-70.02,3825
Puno,2001-04-11,8.04,13.46,4.27,76.59,0.26,3.31,62.25,-15.84,-70.02,3825
Puno,2001-04-12,7.31,13.6,3.06,68.76,0.05,3.28,62.42,-15.84,-70.02,3825
Puno,2001-04-13,7.02,13.44,2.12,70.3,0.01,2.79,62.44,-15.84,-70.02,3825
Puno,2001-04-14,7.78,14.85,2.94,58.62,0.0,2.01,62.37,-15.84,-70.02,3825
Puno,2001-04-15,6.03,12.89,0.89,66.58,0.0,3.45,62.47,-15.84,-70.02,3825
Puno,2001-04-16,5.7,12.94,0.5,65.09,0.0,2.45,62.52,-15.84,-70.02,3825
Puno,2001-04-17,6.38,13.52,1.04,60.91,0.0,2.28,62.51,-15.84,-70.02,3825
Puno,2001-04-18,7.8,14.4,3.24,58.38,0.01,1.56,62.38,-15.84,-70.02,3825
Puno,2001-04-19,8.25,15.35,0.42,62.7,0.0,2.08,62.3,-15.84,-70.02,3825
Puno,2001-04-20,8.38,15.49,2.13,57.77,0.0,1.47,62.26,-15.84,-70.02,3825
Puno,2001-04-21,7.87,15.73,-0.07,49.22,0.0,1.42,62.23,-15.84,-70.02,3825
Puno,2001-04-22,6.19,15.45,-1.03,54.13,0.0,3.08,62.02,-15.84,-70.02,3825
Puno,2001-04-23,4.69,13.76,-3.78,49.78,0.05,3.35,62.0,-15.84,-70.02,3825
Puno,2001-04-24,5.87,13.39,-0.85,63.25,0.15,2.78,62.19,-15.84,-70.02,3825
Puno,2001-04-25,7.34,15.61,-0.34,57.34,0.02,2.0,62.28,-15.84,-70.02,3825
Puno,2001-04-26,8.01,15.02,2.0,62.85,2.77,1.77,62.28,-15.84,-70.02,3825
Puno,2001-04-27,6.9,14.84,1.23,60.97,0.11,2.49,62.25,-15.84,-70.02,3825
Puno,2001-04-28,7.55,14.27,0.07,63.05,0.0,2.1,62.25,-15.84,-70.02,3825
Puno,2001-04-29,7.81,14.45,0.54,66.34,0.08,2.32,62.32,-15.84,-70.02,3825
Puno,2001-04-30,8.34,14.56,4.14,69.08,0.01,1.7,62.31,-15.84,-70.02,3825
Puno,2001-05-01,8.75,15.34,2.21,64.11,0.0,1.51,62.25,-15.84,-70.02,3825
Puno,2001-05-02,8.28,13.48,4.59,72.47,0.29,2.27,62.34,-15.84,-70.02,3825
Puno,2001-05-03,8.0,14.43,4.15,72.12,0.28,1.88,62.44,-15.84,-70.02,3825
Puno,2001-05-04,7.79,13.93,3.27,72.27,0.27,2.93,62.39,-15.84,-70.02,3825
Puno,2001-05-05,7.81,15.88,2.54,68.93,0.1,2.33,62.22,-15.84,-70.02,3825
Puno,2001-05-06,7.11,12.86,2.04,71.48,0.01,2.38,62.19,-15.84,-70.02,3825
Puno,2001-05-07,5.84,11.71,0.87,71.39,0.0,2.29,62.26,-15.84,-70.02,3825
Puno,2001-05-08,6.34,15.0,-2.28,60.57,0.0,2.33,62.24,-15.84,-70.02,3825
Puno,2001-05-09,6.22,15.04,-1.36,60.88,0.0,2.75,62.19,-15.84,-70.02,3825
Puno,2001-05-10,5.22,14.96,-3.45,43.67,0.0,1.88,62.17,-15.84,-70.02,3825
Puno,2001-05-11,3.92,11.21,-1.86,65.86,0.11,2.33,62.17,-15.84,-70.02,3825
Puno,2001-05-12,4.57,12.51,-0.36,64.5,0.43,2.58,62.18,-15.84,-70.02,3825
Puno,2001-05-13,4.64,12.31,-1.14,68.09,0.1,1.76,62.28,-15.84,-70.02,3825
Puno,2001-05-14,4.58,9.42,1.1,74.61,0.23,2.07,62.29,-15.84,-70.02,3825
Puno,2001-05-15,3.13,9.35,-1.6,68.35,0.23,3.96,62.27,-15.84,-70.02,3825
Puno,2001-05-16,5.07,13.35,-2.49,54.72,0.0,1.98,62.26,-15.84,-70.02,3825
Puno,2001-05-17,5.89,12.35,1.58,74.37,0.0,1.72,62.32,-15.84,-70.02,3825
Puno,2001-05-18,5.82,12.64,1.67,67.7,0.01,1.83,62.35,-15.84,-70.02,3825
Puno,2001-05-19,4.53,12.41,-0.98,75.66,0.01,2.64,62.27,-15.84,-70.02,3825
Puno,2001-05-20,5.11,11.92,0.0,64.12,0.0,1.49,62.29,-15.84,-70.02,3825
Puno,2001-05-21,5.22,14.0,-0.98,52.75,0.0,2.24,62.35,-15.84,-70.02,3825
Puno,2001-05-22,4.91,14.48,-2.52,42.3,0.0,1.89,62.29,-15.84,-70.02,3825
Puno,2001-05-23,5.31,12.4,-0.93,49.77,0.01,1.38,62.27,-15.84,-70.02,3825
Puno,2001-05-24,4.89,12.93,-1.32,54.32,0.28,2.42,62.24,-15.84,-70.02,3825
Puno,2001-05-25,2.23,11.54,-3.9,44.44,0.01,3.93,62.19,-15.84,-70.02,3825
Puno,2001-05-26,3.31,13.31,-3.47,36.79,0.0,2.92,62.14,-15.84,-70.02,3825
Puno,2001-05-27,4.16,13.02,-2.67,38.13,0.0,1.71,62.2,-15.84,-70.02,3825
Puno,2001-05-28,5.67,13.49,-0.46,48.09,0.0,1.19,62.25,-15.84,-70.02,3825
Puno,2001-05-29,5.6,13.59,-1.65,43.08,0.0,1.36,62.29,-15.84,-70.02,3825
Puno,2001-05-30,5.37,12.91,-1.08,49.09,0.0,1.62,62.35,-15.84,-70.02,3825
Puno,2001-05-31,5.5,12.7,-1.25,55.54,0.0,1.89,62.36,-15.84,-70.02,3825
Puno,2001-06-01,6.35,12.3,2.94,73.44,0.0,1.82,62.33,-15.84,-70.02,3825
Puno,2001-06-02,5.7,10.82,1.42,79.03,0.0,2.43,62.36,-15.84,-70.02,3825
Puno,2001-06-03,5.13,11.68,1.37,73.62,0.0,2.29,62.35,-15.84,-70.02,3825
Puno,2001-06-04,5.6,11.74,1.86,75.52,0.0,2.09,62.35,-15.84,-70.02,3825
Puno,2001-06-05,7.05,13.18,1.48,66.54,0.0,1.18,62.32,-15.84,-70.02,3825
Puno,2001-06-06,6.36,14.18,-0.72,62.57,0.0,1.95,62.3,-15.84,-70.02,3825
Puno,2001-06-07,6.38,13.08,1.81,74.28,0.0,2.07,62.29,-15.84,-70.02,3825
Puno,2001-06-08,6.69,12.81,3.29,74.13,0.0,1.89,62.36,-15.84,-70.02,3825
Puno,2001-06-09,6.48,12.68,2.82,66.2,0.0,1.9,62.44,-15.84,-70.02,3825
Puno,2001-06-10,5.29,11.15,1.78,70.63,0.0,2.35,62.56,-15.84,-70.02,3825
Puno,2001-06-11,5.99,12.04,1.51,59.19,0.0,1.58,62.46,-15.84,-70.02,3825
Puno,2001-06-12,6.41,13.72,-0.11,56.44,0.0,2.54,62.33,-15.84,-70.02,3825
Puno,2001-06-13,6.62,13.55,0.95,58.02,0.0,1.73,62.29,-15.84,-70.02,3825
Puno,2001-06-14,6.17,13.33,0.65,48.06,0.0,1.9,62.21,-15.84,-70.02,3825
Puno,2001-06-15,5.68,14.52,-0.79,39.4,0.0,1.6,62.11,-15.84,-70.02,3825
Puno,2001-06-16,5.0,12.96,-1.82,42.2,0.02,2.26,62.07,-15.84,-70.02,3825
Puno,2001-06-17,4.14,12.67,-1.89,58.19,0.11,3.87,62.02,-15.84,-70.02,3825
Puno,2001-06-18,2.77,11.95,-3.92,49.78,0.06,4.15,62.03,-15.84,-70.02,3825
Puno,2001-06-19,2.26,11.24,-3.6,37.68,0.0,4.29,62.16,-15.84,-70.02,3825
Puno,2001-06-20,3.03,12.43,-3.67,33.04,0.0,2.41,62.26,-15.84,-70.02,3825
Puno,2001-06-21,3.95,10.95,-0.89,49.56,0.0,2.01,62.31,-15.84,-70.02,3825
Puno,2001-06-22,2.12,5.93,-0.49,69.87,0.04,1.78,62.4,-15.84,-70.02,3825
Puno,2001-06-23,3.59,10.85,-1.45,62.33,0.0,2.41,62.35,-15.84,-70.02,3825
Puno,2001-06-24,4.18,12.33,-2.32,55.44,0.01,2.55,62.28,-15.84,-70.02,3825
Puno,2001-06-25,4.16,12.54,-1.95,54.0,0.0,2.57,62.3,-15.84,-70.02,3825
Puno,2001-06-26,3.94,11.24,-1.13,61.09,0.0,2.24,62.4,-15.84,-70.02,3825
Puno,2001-06-27,3.96,10.28,-1.9,66.25,0.01,2.27,62.38,-15.84,-70.02,3825
Puno,2001-06-28,4.08,11.81,-1.84,58.61,0.0,2.2,62.26,-15.84,-70.02,3825
Puno,2001-06-29,4.24,12.44,-3.34,47.64,0.0,1.81,62.29,-15.84,-70.02,3825
Puno,2001-06-30,4.65,12.59,-1.57,50.62,0.09,2.13,62.28,-15.84,-70.02,3825
Puno,2001-07-01,4.23,12.73,-2.33,51.07,0.01,2.37,62.23,-15.84,-70.02,3825
Puno,2001-07-02,4.68,11.42,-0.82,48.07,0.0,1.68,62.27,-15.84,-70.02,3825
Puno,2001-07-03,4.66,11.87,-1.62,46.62,0.0,2.0,62.32,-15.84,-70.02,3825
Puno,2001-07-04,5.03,12.8,-1.93,53.04,0.0,2.09,62.27,-15.84,-70.02,3825
Puno,2001-07-05,3.51,8.0,0.44,77.79,0.91,1.73,62.31,-15.84,-70.02,3825
Puno,2001-07-06,2.45,7.7,-0.98,72.3,0.27,1.62,62.27,-15.84,-70.02,3825
Puno,2001-07-07,1.7,5.57,-1.62,64.96,0.18,1.39,62.35,-15.84,-70.02,3825
Puno,2001-07-08,3.67,11.41,-2.89,47.48,0.0,1.97,62.31,-15.84,-70.02,3825
Puno,2001-07-09,4.48,11.88,-0.86,53.95,0.0,1.87,62.25,-15.84,-70.02,3825
Puno,2001-07-10,2.66,8.67,-2.82,63.31,0.01,3.2,62.19,-15.84,-70.02,3825
Puno,2001-07-11,3.35,11.85,-4.45,46.13,0.01,2.23,62.26,-15.84,-70.02,3825
Puno,2001-07-12,6.29,13.56,1.71,61.68,0.02,1.4,62.27,-15.84,-70.02,3825
Puno,2001-07-13,6.05,12.43,0.15,49.78,0.02,1.03,62.28,-15.84,-70.02,3825
Puno,2001-07-14,5.9,13.41,-0.98,44.87,0.0,1.41,62.22,-15.84,-70.02,3825
Puno,2001-07-15,5.58,12.82,-0.64,46.37,0.0,1.17,62.21,-15.84,-70.02,3825
Puno,2001-07-16,5.26,12.85,-1.48,50.62,0.0,1.64,62.22,-15.84,-70.02,3825
Puno,2001-07-17,5.13,13.38,-2.23,43.36,0.0,1.83,62.19,-15.84,-70.02,3825
Puno,2001-07-18,4.97,13.61,-1.73,38.7,0.01,1.45,62.22,-15.84,-70.02,3825
Puno,2001-07-19,5.62,13.74,-2.12,32.75,0.01,1.39,62.32,-15.84,-70.02,3825
Puno,2001-07-20,6.17,13.98,0.32,35.52,0.0,1.79,62.33,-15.84,-70.02,3825
Puno,2001-07-21,5.46,12.85,-0.19,53.94,0.0,1.98,62.35,-15.84,-70.02,3825
Puno,2001-07-22,5.02,10.74,1.45,77.28,0.0,2.5,62.38,-15.84,-70.02,3825
Puno,2001-07-23,6.2,12.69,1.17,61.76,0.0,1.01,62.31,-15.84,-70.02,3825
Puno,2001-07-24,5.65,13.21,-0.61,52.82,0.01,1.65,62.23,-15.84,-70.02,3825
Puno,2001-07-25,5.49,12.09,-0.69,52.48,0.01,1.84,62.14,-15.84,-70.02,3825
Puno,2001-07-26,4.16,10.33,-1.3,59.38,0.66,2.61,62.19,-15.84,-70.02,3825
Puno,2001-07-27,4.7,11.99,-1.42,64.49,0.21,2.49,62.31,-15.84,-70.02,3825
Puno,2001-07-28,4.06,13.04,-2.56,53.74,0.0,2.98,62.32,-15.84,-70.02,3825
Puno,2001-07-29,3.91,12.76,-4.07,31.33,0.0,2.07,62.24,-15.84,-70.02,3825
Puno,2001-07-30,5.0,13.88,-2.63,36.38,0.0,2.02,62.27,-15.84,-70.02,3825
Puno,2001-07-31,5.72,13.42,0.48,64.86,0.0,2.05,62.37,-15.84,-70.02,3825
Puno,2001-08-01,5.39,13.32,0.47,63.08,0.0,2.34,62.49,-15.84,-70.02,3825
Puno,2001-08-02,4.46,12.43,-0.94,57.77,1.39,2.08,62.49,-15.84,-70.02,3825
Puno,2001-08-03,4.67,11.99,-0.31,56.86,0.0,1.92,62.41,-15.84,-70.02,3825
Puno,2001-08-04,5.26,12.6,-0.66,59.47,0.0,1.95,62.33,-15.84,-70.02,3825
Puno,2001-08-05,6.6,14.92,-1.05,53.09,0.0,1.7,62.27,-15.84,-70.02,3825
Puno,2001-08-06,5.42,13.53,-2.44,47.76,0.01,2.62,62.31,-15.84,-70.02,3825
Puno,2001-08-07,5.48,12.85,0.07,66.38,0.77,2.55,62.41,-15.84,-70.02,3825
Puno,2001-08-08,5.9,12.63,0.77,62.56,0.05,1.93,62.46,-15.84,-70.02,3825
Puno,2001-08-09,5.88,12.26,1.22,72.57,0.0,2.46,62.47,-15.84,-70.02,3825
Puno,2001-08-10,5.17,11.57,0.46,68.25,0.0,2.79,62.52,-15.84,-70.02,3825
Puno,2001-08-11,5.28,12.74,0.28,66.59,0.0,2.44,62.44,-15.84,-70.02,3825
Puno,2001-08-12,6.31,14.25,-1.52,56.79,0.0,2.16,62.31,-15.84,-70.02,3825
Puno,2001-08-13,6.05,14.0,-2.52,40.47,0.0,2.08,62.2,-15.84,-70.02,3825
Puno,2001-08-14,4.95,12.5,-1.74,52.14,1.47,3.02,62.16,-15.84,-70.02,3825
Puno,2001-08-15,3.56,9.46,-0.26,72.53,0.06,2.62,62.29,-15.84,-70.02,3825
Puno,2001-08-16,2.92,8.62,-0.31,75.73,0.16,2.2,62.31,-15.84,-70.02,3825
Puno,2001-08-17,2.34,6.3,-0.48,79.22,0.07,2.54,62.28,-15.84,-70.02,3825
Puno,2001-08-18,2.21,7.63,-2.26,51.12,0.03,2.85,62.23,-15.84,-70.02,3825
Puno,2001-08-19,0.45,3.9,-2.32,60.36,4.4,2.19,62.36,-15.84,-70.02,3825
Puno,2001-08-20,1.77,6.24,-1.6,83.12,1.15,3.24,62.44,-15.84,-70.02,3825
Puno,2001-08-21,3.1,9.33,-1.2,74.45,0.01,1.74,62.45,-15.84,-70.02,3825
Puno,2001-08-22,5.2,12.32,-0.05,67.98,0.0,2.53,62.35,-15.84,-70.02,3825
Puno,2001-08-23,4.79,12.43,-1.08,69.76,0.0,1.94,62.3,-15.84,-70.02,3825
Puno,2001-08-24,4.69,10.65,0.2,61.93,0.0,2.09,62.25,-15.84,-70.02,3825
Puno,2001-08-25,4.5,13.52,-4.63,46.06,0.0,1.93,62.22,-15.84,-70.02,3825
Puno,2001-08-26,5.29,14.7,-2.71,42.44,0.0,2.0,62.2,-15.84,-70.02,3825
Puno,2001-08-27,4.75,13.11,-2.99,50.93,0.0,2.4,62.35,-15.84,-70.02,3825
Puno,2001-08-28,6.96,13.34,2.79,67.57,0.0,2.37,62.38,-15.84,-70.02,3825
Puno,2001-08-29,7.37,14.12,2.48,64.26,0.0,2.04,62.32,-15.84,-70.02,3825
Puno,2001-08-30,7.48,13.63,3.58,66.95,0.0,2.71,62.32,-15.84,-70.02,3825
Puno,2001-08-31,5.39,8.84,3.05,71.64,0.55,2.19,62.36,-15.84,-70.02,3825
Puno,2001-09-01,5.57,11.4,2.4,65.82,0.05,2.11,62.3,-15.84,-70.02,3825
Puno,2001-09-02,5.62,11.42,1.7,66.65,0.02,1.64,62.23,-15.84,-70.02,3825
Puno,2001-09-03,5.55,12.74,0.95,69.43,0.33,1.66,62.16,-15.84,-70.02,3825
Puno,2001-09-04,5.78,11.85,0.51,69.02,0.65,2.64,62.25,-15.84,-70.02,3825
Puno,2001-09-05,5.92,10.12,3.01,78.22,0.39,2.54,62.43,-15.84,-70.02,3825
Puno,2001-09-06,7.24,13.56,2.96,74.55,0.04,2.73,62.42,-15.84,-70.02,3825
Puno,2001-09-07,8.67,15.18,3.8,63.79,0.0,1.68,62.33,-15.84,-70.02,3825
Puno,2001-09-08,8.93,14.9,4.23,61.72,0.0,2.18,62.25,-15.84,-70.02,3825
Puno,2001-09-09,8.61,14.16,4.65,69.14,0.02,3.36,62.32,-15.84,-70.02,3825
Puno,2001-09-10,7.72,13.66,2.46,68.46,0.18,3.29,62.39,-15.84,-70.02,3825
Puno,2001-09-11,7.94,14.89,3.18,64.05,0.09,4.23,62.33,-15.84,-70.02,3825
Puno,2001-09-12,6.4,12.16,1.37,71.96,0.0,3.02,62.19,-15.84,-70.02,3825
Puno,2001-09-13,8.0,15.23,1.05,59.83,0.04,1.97,62.17,-15.84,-70.02,3825
Puno,2001-09-14,7.18,14.01,0.95,55.34,0.06,1.91,62.24,-15.84,-70.02,3825
Puno,2001-09-15,7.27,16.84,-0.79,41.53,0.05,2.65,62.19,-15.84,-70.02,3825
Puno,2001-09-16,7.39,16.77,0.79,46.71,0.18,1.66,62.25,-15.84,-70.02,3825
Puno,2001-09-17,6.65,16.87,-2.52,35.56,0.0,2.38,62.22,-15.84,-70.02,3825
Puno,2001-09-18,6.88,15.31,-0.87,44.35,0.0,2.62,62.17,-15.84,-70.02,3825
Puno,2001-09-19,7.73,15.98,0.17,56.34,0.0,2.45,62.15,-15.84,-70.02,3825
Puno,2001-09-20,7.86,16.19,1.62,58.0,2.34,2.9,62.15,-15.84,-70.02,3825
Puno,2001-09-21,7.23,14.71,0.66,52.1,0.06,1.84,62.16,-15.84,-70.02,3825
Puno,2001-09-22,7.36,13.96,3.0,53.18,0.55,2.38,62.2,-15.84,-70.02,3825
Puno,2001-09-23,8.26,15.73,2.04,41.48,0.02,1.39,62.17,-15.84,-70.02,3825
Puno,2001-09-24,7.76,16.22,1.12,38.88,0.04,1.4,62.15,-15.84,-70.02,3825
Puno,2001-09-25,6.72,16.33,-2.66,31.14,0.0,1.79,62.15,-15.84,-70.02,3825
Puno,2001-09-26,6.46,17.07,-3.49,30.27,0.01,2.52,62.16,-15.84,-70.02,3825
Puno,2001-09-27,6.91,16.8,-3.05,29.47,0.07,1.97,62.12,-15.84,-70.02,3825
Puno,2001-09-28,7.37,15.06,0.29,48.64,2.28,1.93,62.19,-15.84,-70.02,3825
Puno,2001-09-29,8.34,16.63,1.08,37.06,0.0,1.91,62.29,-15.84,-70.02,3825
Puno,2001-09-30,9.73,17.95,3.23,46.32,6.16,1.53,62.3,-15.84,-70.02,3825
Puno,2001-10-01,9.42,18.13,0.35,48.39,0.6,2.22,62.29,-15.84,-70.02,3825
Puno,2001-10-02,9.86,16.48,4.39,57.44,0.03,3.08,62.3,-15.84,-70.02,3825
Puno,2001-10-03,8.91,15.47,3.58,66.5,0.22,2.02,62.37,-15.84,-70.02,3825
Puno,2001-10-04,7.45,13.26,3.41,63.13,0.02,2.13,62.42,-15.84,-70.02,3825
Puno,2001-10-05,6.79,12.23,2.05,75.15,4.31,2.65,62.33,-15.84,-70.02,3825
Puno,2001-10-06,5.54,12.41,1.54,73.81,8.34,2.6,62.31,-15.84,-70.02,3825
Puno,2001-10-07,7.24,16.03,-0.08,43.59,0.12,2.14,62.21,-15.84,-70.02,3825
Puno,2001-10-08,7.43,15.59,-2.35,43.63,0.0,2.55,62.17,-15.84,-70.02,3825
Puno,2001-10-09,8.42,14.4,4.17,64.2,0.0,3.03,62.15,-15.84,-70.02,3825
Puno,2001-10-10,8.82,16.73,2.23,42.82,0.0,1.6,62.1,-15.84,-70.02,3825
Puno,2001-10-11,5.56,9.54,2.46,61.13,0.19,2.25,62.28,-15.84,-70.02,3825
Puno,2001-10-12,7.14,13.4,1.81,65.08,0.32,2.5,62.3,-15.84,-70.02,3825
Puno,2001-10-13,6.79,10.72,3.86,70.32,3.35,2.34,62.3,-15.84,-70.02,3825
Puno,2001-10-14,8.41,15.28,3.15,61.21,4.07,2.16,62.22,-15.84,-70.02,3825
Puno,2001-10-15,8.82,15.2,3.73,56.48,0.26,2.04,62.13,-15.84,-70.02,3825
Puno,2001-10-16,9.24,14.94,5.29,64.59,7.03,2.02,62.12,-15.84,-70.02,3825
Puno,2001-10-17,9.35,15.87,4.67,55.92,1.05,1.47,62.07,-15.84,-70.02,3825
Puno,2001-10-18,9.39,17.3,3.28,43.0,0.02,1.99,62.07,-15.84,-70.02,3825
Puno,2001-10-19,10.54,17.94,3.46,46.02,0.0,1.29,62.04,-15.84,-70.02,3825
Puno,2001-10-20,9.23,19.3,-1.45,30.91,0.0,1.51,62.11,-15.84,-70.02,3825
Puno,2001-10-21,9.79,18.63,0.98,34.44,0.3,2.9,62.2,-15.84,-70.02,3825
Puno,2001-10-22,8.95,16.02,4.72,66.82,0.16,3.51,62.19,-15.84,-70.02,3825
Puno,2001-10-23,9.13,16.98,3.27,59.93,0.0,2.83,62.23,-15.84,-70.02,3825
Puno,2001-10-24,9.41,15.44,3.47,55.89,0.0,3.56,62.34,-15.84,-70.02,3825
Puno,2001-10-25,9.55,15.83,4.7,61.97,0.0,4.35,62.45,-15.84,-70.02,3825
Puno,2001-10-26,10.21,17.03,5.16,58.54,0.0,3.87,62.34,-15.84,-70.02,3825
Puno,2001-10-27,9.89,18.85,3.6,62.08,6.82,2.55,62.2,-15.84,-70.02,3825
Puno,2001-10-28,10.17,17.76,3.26,53.41,0.3,1.78,62.19,-15.84,-70.02,3825
Puno,2001-10-29,10.48,16.55,4.46,55.98,0.53,2.34,62.22,-15.84,-70.02,3825
Puno,2001-10-30,9.23,14.7,4.5,69.73,1.3,3.5,62.18,-15.84,-70.02,3825
Puno,2001-10-31,8.38,15.61,2.21,63.76,8.37,2.99,62.22,-15.84,-70.02,3825
Puno,2001-11-01,7.17,14.01,2.79,73.44,1.33,3.38,62.18,-15.84,-70.02,3825
Puno,2001-11-02,9.04,16.88,2.83,51.47,0.74,2.04,62.02,-15.84,-70.02,3825
Puno,2001-11-03,8.49,17.54,-0.69,36.03,0.03,1.43,61.97,-15.84,-70.02,3825
Puno,2001-11-04,9.71,16.54,3.95,58.91,0.01,3.35,62.03,-15.84,-70.02,3825
Puno,2001-11-05,8.77,15.58,4.25,63.3,0.0,2.48,62.06,-15.84,-70.02,3825
Puno,2001-11-06,10.28,17.07,4.07,43.66,0.08,1.86,62.13,-15.84,-70.02,3825
Puno,2001-11-07,10.11,15.75,5.52,59.29,0.0,2.38,62.26,-15.84,-70.02,3825
Puno,2001-11-08,8.12,14.59,2.55,71.08,0.1,2.58,62.31,-15.84,-70.02,3825
Puno,2001-11-09,9.58,16.43,2.86,53.37,0.07,1.98,62.28,-15.84,-70.02,3825
Puno,2001-11-10,11.43,19.41,4.29,45.81,0.05,1.92,62.2,-15.84,-70.02,3825
Puno,2001-11-11,12.31,17.98,7.85,52.56,0.01,2.1,62.16,-15.84,-70.02,3825
Puno,2001-11-12,11.38,19.64,3.04,42.42,0.02,1.94,62.18,-15.84,-70.02,3825
Puno,2001-11-13,11.16,20.11,3.67,34.51,0.01,1.52,62.15,-15.84,-70.02,3825
Puno,2001-11-14,9.67,19.68,0.54,28.52,0.02,1.98,62.02,-15.84,-70.02,3825
Puno,2001-11-15,9.41,18.78,-0.36,31.17,0.0,1.66,62.02,-15.84,-70.02,3825
Puno,2001-11-16,10.38,17.23,3.87,49.8,0.32,2.18,62.15,-15.84,-70.02,3825
Puno,2001-11-17,9.08,13.28,4.69,65.43,0.01,3.32,62.21,-15.84,-70.02,3825
Puno,2001-11-18,10.45,16.1,5.81,59.53,0.0,2.65,62.23,-15.84,-70.02,3825
Puno,2001-11-19,11.16,16.88,6.24,56.89,0.08,3.16,62.26,-15.84,-70.02,3825
Puno,2001-11-20,10.79,16.08,6.44,61.06,0.01,2.57,62.24,-15.84,-70.02,3825
Puno,2001-11-21,10.8,17.28,5.64,59.32,0.05,3.22,62.24,-15.84,-70.02,3825
Puno,2001-11-22,10.29,17.41,4.38,53.03,0.3,3.69,62.29,-15.84,-70.02,3825
Puno,2001-11-23,11.35,18.55,6.02,54.72,0.02,2.88,62.14,-15.84,-70.02,3825
Puno,2001-11-24,11.75,18.32,7.11,57.33,0.07,3.85,62.07,-15.84,-70.02,3825
Puno,2001-11-25,9.94,15.86,5.27,54.05,0.12,3.83,62.18,-15.84,-70.02,3825
Puno,2001-11-26,10.45,16.77,5.87,57.26,0.04,4.42,62.14,-15.84,-70.02,3825
Puno,2001-11-27,9.94,15.96,4.83,59.31,0.07,3.81,62.15,-15.84,-70.02,3825
Puno,2001-11-28,9.61,15.19,4.54,63.08,2.63,2.92,62.15,-15.84,-70.02,3825
Puno,2001-11-29,10.82,17.34,5.52,58.88,0.47,2.84,62.06,-15.84,-70.02,3825
Puno,2001-11-30,9.52,15.5,5.59,63.75,0.59,3.41,61.98,-15.84,-70.02,3825
Puno,2001-12-01,10.33,17.35,3.71,53.01,0.01,2.82,61.93,-15.84,-70.02,3825
Puno,2001-12-02,10.39,17.15,4.86,56.9,0.21,2.12,61.88,-15.84,-70.02,3825
Puno,2001-12-03,9.25,18.8,1.87,28.89,0.01,4.02,61.97,-15.84,-70.02,3825
Puno,2001-12-04,9.49,18.12,0.39,34.27,0.17,1.77,62.05,-15.84,-70.02,3825
Puno,2001-12-05,8.22,13.24,4.84,66.88,0.16,3.31,62.1,-15.84,-70.02,3825
Puno,2001-12-06,8.89,14.37,5.17,65.77,3.16,3.09,62.07,-15.84,-70.02,3825
Puno,2001-12-07,8.02,15.32,2.24,66.68,10.63,2.06,62.01,-15.84,-70.02,3825
Puno,2001-12-08,7.63,12.2,5.01,71.2,2.67,2.01,62.08,-15.84,-70.02,3825
Puno,2001-12-09,8.47,15.1,4.41,61.66,0.64,1.64,62.1,-15.84,-70.02,3825
Puno,2001-12-10,10.69,18.61,2.75,43.0,0.05,2.03,62.05,-15.84,-70.02,3825
Puno,2001-12-11,10.66,16.85,5.17,56.65,0.05,3.03,62.14,-15.84,-70.02,3825
Puno,2001-12-12,10.06,16.03,6.13,61.06,0.38,2.24,62.13,-15.84,-70.02,3825
Puno,2001-12-13,9.51,15.31,5.24,61.8,0.01,3.22,62.04,-15.84,-70.02,3825
Puno,2001-12-14,9.67,15.39,5.74,52.84,0.09,3.55,62.1,-15.84,-70.02,3825
Puno,2001-12-15,7.85,12.73,3.77,65.57,1.05,5.37,62.25,-15.84,-70.02,3825
Puno,2001-12-16,7.9,13.61,2.97,67.21,6.2,3.49,62.22,-15.84,-70.02,3825
Puno,2001-12-17,7.68,13.42,4.0,70.95,16.83,2.61,62.14,-15.84,-70.02,3825
Puno,2001-12-18,8.78,15.11,3.36,68.31,5.63,2.26,62.11,-15.84,-70.02,3825
Puno,2001-12-19,10.61,17.91,3.87,56.88,1.43,2.64,62.16,-15.84,-70.02,3825
Puno,2001-12-20,10.77,18.35,4.94,55.2,0.86,1.86,62.2,-15.84,-70.02,3825
Puno,2001-12-21,10.15,17.72,1.82,43.07,0.03,2.36,62.14,-15.84,-70.02,3825
Puno,2001-12-22,9.17,15.46,3.92,60.01,2.72,2.97,62.07,-15.84,-70.02,3825
Puno,2001-12-23,5.91,11.25,1.89,73.99,0.52,2.95,62.22,-15.84,-70.02,3825
Puno,2001-12-24,8.47,14.67,3.56,68.11,0.4,3.34,62.33,-15.84,-70.02,3825
Puno,2001-12-25,9.16,14.85,4.51,67.08,2.81,3.58,62.28,-15.84,-70.02,3825
Puno,2001-12-26,8.61,14.08,4.12,67.19,0.67,2.45,62.24,-15.84,-70.02,3825
Puno,2001-12-27,9.9,17.49,2.55,53.14,1.1,2.46,62.19,-15.84,-70.02,3825
Puno,2001-12-28,10.32,14.62,6.76,60.48,0.11,1.57,62.2,-15.84,-70.02,3825
Puno,2001-12-29,10.11,17.23,4.02,59.6,0.18,2.15,62.25,-15.84,-70.02,3825
Puno,2001-12-30,9.82,15.13,4.07,58.79,0.38,1.81,62.16,-15.84,-70.02,3825
Puno,2001-12-31,9.62,19.43,-0.68,39.74,0.05,2.15,62.05,-15.84,-70.02,3825
Puno,2002-01-01,10.22,18.48,2.69,43.74,0.11,3.18,62.1,-15.84,-70.02,3825
Puno,2002-01-02,10.34,15.89,6.31,61.83,1.53,2.97,62.2,-15.84,-70.02,3825
Puno,2002-01-03,9.54,15.31,4.44,63.61,0.91,2.05,62.22,-15.84,-70.02,3825
Puno,2002-01-04,10.69,19.16,3.8,44.12,0.26,1.8,62.17,-15.84,-70.02,3825
Puno,2002-01-05,11.04,20.05,1.75,38.83,0.41,2.23,62.17,-15.84,-70.02,3825
Puno,2002-01-06,10.72,17.69,5.45,53.45,0.64,2.17,62.14,-15.84,-70.02,3825
Puno,2002-01-07,9.9,18.52,2.09,38.24,0.11,1.92,62.15,-15.84,-70.02,3825
Puno,2002-01-08,10.63,19.33,2.38,44.09,0.07,2.32,62.21,-15.84,-70.02,3825
Puno,2002-01-09,10.68,16.26,6.45,59.73,0.72,3.46,62.3,-15.84,-70.02,3825
Puno,2002-01-10,8.92,14.66,3.43,63.3,7.85,3.68,62.28,-15.84,-70.02,3825
Puno,2002-01-11,9.43,14.93,4.97,64.06,1.37,3.37,62.23,-15.84,-70.02,3825
Puno,2002-01-12,9.74,16.01,4.69,57.18,0.05,2.75,62.22,-15.84,-70.02,3825
Puno,2002-01-13,10.31,16.28,4.06,51.06,0.0,2.57,62.17,-15.84,-70.02,3825
Puno,2002-01-14,10.45,15.17,6.31,54.61,0.2,2.41,62.2,-15.84,-70.02,3825
Puno,2002-01-15,8.95,14.1,5.19,66.94,1.41,2.49,62.14,-15.84,-70.02,3825
Puno,2002-01-16,8.3,14.81,3.14,55.37,4.72,2.77,62.06,-15.84,-70.02,3825
Puno,2002-01-17,7.52,14.13,2.85,71.24,7.21,3.39,62.1,-15.84,-70.02,3825
Puno,2002-01-18,6.34,13.71,1.93,76.92,12.03,2.67,62.13,-15.84,-70.02,3825
Puno,2002-01-19,7.68,14.85,1.95,69.65,5.11,1.79,62.14,-15.84,-70.02,3825
Puno,2002-01-20,7.52,11.98,4.19,73.45,0.81,2.36,62.19,-15.84,-70.02,3825
Puno,2002-01-21,8.62,15.26,2.69,67.64,3.37,3.19,62.27,-15.84,-70.02,3825
Puno,2002-01-22,9.26,14.47,5.61,66.78,1.87,3.12,62.3,-15.84,-70.02,3825
Puno,2002-01-23,10.11,15.7,5.42,66.95,0.91,2.85,62.28,-15.84,-70.02,3825
Puno,2002-01-24,10.95,17.24,6.61,66.26,0.62,2.77,62.2,-15.84,-70.02,3825
Puno,2002-01-25,10.96,17.5,6.21,63.92,0.34,3.8,62.25,-15.84,-70.02,3825
Puno,2002-01-26,11.93,18.28,7.07,59.27,0.54,3.21,62.2,-15.84,-70.02,3825
Puno,2002-01-27,11.51,17.93,6.42,64.88,3.66,3.58,62.18,-15.84,-70.02,3825
Puno,2002-01-28,11.22,17.35,6.59,67.39,9.87,2.76,62.15,-15.84,-70.02,3825
Puno,2002-01-29,11.02,16.24,6.87,67.31,3.03,3.8,62.1,-15.84,-70.02,3825
Puno,2002-01-30,10.46,16.47,6.11,67.97,3.7,4.22,62.17,-15.84,-70.02,3825
Puno,2002-01-31,11.19,17.7,5.36,64.24,2.42,3.25,62.17,-15.84,-70.02,3825
Puno,2002-02-01,10.26,16.08,6.54,69.63,3.73,4.15,62.24,-15.84,-70.02,3825
Puno,2002-02-02,9.38,15.68,4.58,72.15,12.38,4.37,62.33,-15.84,-70.02,3825
Puno,2002-02-03,10.08,16.02,5.32,70.75,4.95,3.36,62.25,-15.84,-70.02,3825
Puno,2002-02-04,10.15,15.69,6.33,71.68,8.95,3.79,62.16,-15.84,-70.02,3825
Puno,2002-02-05,9.95,15.9,5.36,72.07,8.65,3.94,62.19,-15.84,-70.02,3825
Puno,2002-02-06,9.02,14.06,3.99,73.9,7.16,2.88,62.17,-15.84,-70.02,3825
Puno,2002-02-07,6.53,11.23,2.18,77.73,11.44,1.87,62.14,-15.84,-70.02,3825
Puno,2002-02-08,8.69,14.79,3.24,67.02,0.25,1.78,62.14,-15.84,-70.02,3825
Puno,2002-02-09,9.99,16.15,5.15,66.14,1.57,2.31,62.16,-15.84,-70.02,3825
Puno,2002-02-10,10.05,15.71,6.59,68.64,0.29,3.35,62.17,-15.84,-70.02,3825
Puno,2002-02-11,10.02,16.27,5.75,68.4,4.59,3.75,62.15,-15.84,-70.02,3825
Puno,2002-02-12,8.83,14.21,5.03,73.97,3.57,2.93,62.19,-15.84,-70.02,3825
Puno,2002-02-13,8.87,16.16,4.05,72.43,4.86,3.33,62.16,-15.84,-70.02,3825
Puno,2002-02-14,9.09,14.52,4.77,73.97,7.95,2.53,62.12,-15.84,-70.02,3825
Puno,2002-02-15,9.34,16.37,3.53,71.12,4.73,1.94,62.17,-15.84,-70.02,3825
Puno,2002-02-16,7.71,14.94,2.08,69.2,1.78,2.99,62.29,-15.84,-70.02,3825
Puno,2002-02-17,8.7,14.66,3.08,75.1,5.77,2.87,62.33,-15.84,-70.02,3825
Puno,2002-02-18,9.44,16.05,4.54,71.4,2.15,2.28,62.24,-15.84,-70.02,3825
Puno,2002-02-19,8.72,16.89,2.73,69.99,2.18,1.71,62.15,-15.84,-70.02,3825
Puno,2002-02-20,9.59,15.53,4.77,53.23,2.33,1.37,62.08,-15.84,-70.02,3825
Puno,2002-02-21,10.19,17.81,5.05,58.3,8.13,1.42,62.09,-15.84,-70.02,3825
Puno,2002-02-22,9.38,15.72,2.43,54.86,0.76,1.63,62.1,-15.84,-70.02,3825
Puno,2002-02-23,8.8,14.01,5.13,72.85,3.52,3.7,62.22,-15.84,-70.02,3825
Puno,2002-02-24,8.57,13.77,4.7,76.75,15.33,3.82,62.38,-15.84,-70.02,3825
Puno,2002-02-25,9.86,16.35,4.93,72.22,6.11,1.77,62.31,-15.84,-70.02,3825
Puno,2002-02-26,9.69,17.46,3.16,68.24,1.04,2.57,62.17,-15.84,-70.02,3825
Puno,2002-02-27,7.65,11.63,3.64,65.56,9.19,1.05,62.15,-15.84,-70.02,3825
Puno,2002-02-28,8.83,15.23,2.2,70.91,17.28,1.93,62.13,-15.84,-70.02,3825
Puno,2002-03-01,9.6,14.46,6.25,73.55,18.51,3.89,62.21,-15.84,-70.02,3825
Puno,2002-03-02,9.22,15.13,4.64,73.72,3.93,3.74,62.3,-15.84,-70.02,3825
Puno,2002-03-03,9.61,15.0,5.15,74.66,4.51,2.87,62.28,-15.84,-70.02,3825
Puno,2002-03-04,9.83,15.17,6.65,74.71,3.85,3.56,62.33,-15.84,-70.02,3825
Puno,2002-03-05,9.08,14.45,5.49,75.04,1.13,4.0,62.42,-15.84,-70.02,3825
Puno,2002-03-06,9.42,15.74,3.79,65.05,1.82,2.79,62.31,-15.84,-70.02,3825
Puno,2002-03-07,8.61,13.57,4.94,73.18,1.46,1.05,62.16,-15.84,-70.02,3825
Puno,2002-03-08,8.83,13.9,5.28,74.16,3.15,3.37,62.18,-15.84,-70.02,3825
Puno,2002-03-09,8.83,14.63,4.51,72.77,3.09,2.23,62.24,-15.84,-70.02,3825
Puno,2002-03-10,8.62,14.98,4.39,73.45,4.64,1.37,62.27,-15.84,-70.02,3825
Puno,2002-03-11,7.59,11.46,3.69,78.58,1.78,2.54,62.26,-15.84,-70.02,3825
Puno,2002-03-12,8.7,14.08,5.38,77.7,6.13,3.4,62.34,-15.84,-70.02,3825
Puno,2002-03-13,9.02,14.86,4.93,74.89,3.57,3.36,62.36,-15.84,-70.02,3825
Puno,2002-03-14,9.62,15.91,3.96,71.52,1.1,2.79,62.27,-15.84,-70.02,3825
Puno,2002-03-15,9.19,14.24,5.1,72.03,0.75,2.41,62.25,-15.84,-70.02,3825
Puno,2002-03-16,8.2,14.98,2.72,74.14,5.2,2.1,62.18,-15.84,-70.02,3825
Puno,2002-03-17,8.44,14.03,4.06,73.55,2.15,1.86,62.17,-15.84,-70.02,3825
Puno,2002-03-18,8.64,13.62,4.81,73.26,0.68,1.85,62.15,-15.84,-70.02,3825
Puno,2002-03-19,8.92,17.25,0.0,57.05,0.03,2.27,62.12,-15.84,-70.02,3825
Puno,2002-03-20,7.67,10.74,4.92,79.01,1.25,2.47,62.2,-15.84,-70.02,3825
Puno,2002-03-21,8.33,14.8,3.6,74.81,5.82,2.65,62.29,-15.84,-70.02,3825
Puno,2002-03-22,8.62,14.69,3.21,71.38,0.68,2.13,62.27,-15.84,-70.02,3825
Puno,2002-03-23,9.29,14.21,5.5,74.14,0.88,2.74,62.26,-15.84,-70.02,3825
Puno,2002-03-24,9.58,14.15,6.11,73.4,0.23,2.29,62.27,-15.84,-70.02,3825
Puno,2002-03-25,10.4,16.46,6.77,66.41,0.02,2.46,62.24,-15.84,-70.02,3825
Puno,2002-03-26,10.18,16.5,6.05,66.49,0.0,2.55,62.22,-15.84,-70.02,3825
Puno,2002-03-27,9.85,15.84,5.88,67.78,0.08,2.83,62.23,-15.84,-70.02,3825
Puno,2002-03-28,9.4,15.4,4.79,69.16,0.04,3.47,62.28,-15.84,-70.02,3825
Puno,2002-03-29,9.94,16.18,5.21,66.57,0.96,2.37,62.21,-15.84,-70.02,3825
Puno,2002-03-30,9.57,15.27,5.28,71.22,0.64,2.43,62.18,-15.84,-70.02,3825
Puno,2002-03-31,8.01,14.23,3.27,74.34,2.32,3.39,62.27,-15.84,-70.02,3825
Puno,2002-04-01,7.74,13.37,2.52,70.32,0.88,1.66,62.25,-15.84,-70.02,3825
Puno,2002-04-02,9.19,14.61,5.33,68.73,0.0,2.49,62.28,-15.84,-70.02,3825
Puno,2002-04-03,9.38,15.49,4.94,68.56,0.0,3.41,62.44,-15.84,-70.02,3825
Puno,2002-04-04,9.38,16.17,3.98,64.71,0.17,2.31,62.46,-15.84,-70.02,3825
Puno,2002-04-05,10.07,15.59,6.27,65.24,0.22,1.66,62.37,-15.84,-70.02,3825
Puno,2002-04-06,10.18,15.48,6.22,62.97,0.03,1.74,62.23,-15.84,-70.02,3825
Puno,2002-04-07,9.41,15.2,5.06,66.27,0.0,2.3,62.21,-15.84,-70.02,3825
Puno,2002-04-08,9.96,16.3,6.08,63.75,0.19,2.5,62.26,-15.84,-70.02,3825
Puno,2002-04-09,9.9,15.57,5.1,59.2,0.06,2.07,62.28,-15.84,-70.02,3825
Puno,2002-04-10,8.87,14.01,4.88,63.78,0.07,1.54,62.21,-15.84,-70.02,3825
Puno,2002-04-11,6.99,12.22,3.26,73.53,2.36,1.68,62.17,-15.84,-70.02,3825
Puno,2002-04-12,7.52,12.77,4.12,72.79,0.33,1.67,62.18,-15.84,-70.02,3825
Puno,2002-04-13,7.05,12.33,3.6,76.46,0.14,4.15,62.22,-15.84,-70.02,3825
Puno,2002-04-14,6.89,12.0,3.41,79.34,7.28,4.09,62.28,-15.84,-70.02,3825
Puno,2002-04-15,7.31,12.69,3.05,77.72,1.32,3.47,62.3,-15.84,-70.02,3825
Puno,2002-04-16,8.66,14.51,4.27,73.09,0.07,2.57,62.29,-15.84,-70.02,3825
Puno,2002-04-17,9.1,14.56,5.51,72.61,1.11,2.37,62.3,-15.84,-70.02,3825
Puno,2002-04-18,8.05,13.4,4.59,74.12,1.62,3.08,62.3,-15.84,-70.02,3825
Puno,2002-04-19,7.89,13.8,3.94,74.0,0.24,2.64,62.25,-15.84,-70.02,3825
Puno,2002-04-20,8.09,12.87,4.65,74.94,2.96,2.72,62.21,-15.84,-70.02,3825
Puno,2002-04-21,7.63,13.42,3.64,73.89,5.68,3.01,62.26,-15.84,-70.02,3825
Puno,2002-04-22,7.61,13.35,3.61,75.61,8.33,2.4,62.21,-15.84,-70.02,3825
Puno,2002-04-23,6.74,10.98,2.76,68.44,3.34,1.57,62.2,-15.84,-70.02,3825
Puno,2002-04-24,8.39,15.94,2.55,52.48,1.21,1.31,62.19,-15.84,-70.02,3825
Puno,2002-04-25,7.81,14.58,1.53,62.73,2.63,1.51,62.18,-15.84,-70.02,3825
Puno,2002-04-26,8.44,14.8,4.21,67.52,0.64,1.9,62.21,-15.84,-70.02,3825
Puno,2002-04-27,6.83,11.23,4.55,80.49,0.47,2.85,62.25,-15.84,-70.02,3825
Puno,2002-04-28,7.34,15.92,-0.75,66.93,0.09,2.95,62.15,-15.84,-70.02,3825
Puno,2002-04-29,6.04,16.65,-3.93,52.26,0.0,2.19,62.19,-15.84,-70.02,3825
Puno,2002-04-30,8.07,15.12,2.79,73.21,0.18,1.98,62.32,-15.84,-70.02,3825
Puno,2002-05-01,8.15,14.85,3.01,69.76,0.03,2.0,62.38,-15.84,-70.02,3825
Puno,2002-05-02,8.51,14.68,4.45,69.54,0.03,2.28,62.37,-15.84,-70.02,3825
Puno,2002-05-03,8.33,14.7,3.3,66.64,0.0,1.87,62.26,-15.84,-70.02,3825
Puno,2002-05-04,4.9,9.71,1.7,79.58,7.34,2.34,62.34,-15.84,-70.02,3825
Puno,2002-05-05,6.38,12.51,1.92,70.29,7.17,1.78,62.38,-15.84,-70.02,3825
Puno,2002-05-06,6.0,12.03,2.4,77.07,1.54,2.09,62.41,-15.84,-70.02,3825
Puno,2002-05-07,7.88,14.49,2.34,60.75,0.01,0.91,62.4,-15.84,-70.02,3825
Puno,2002-05-08,6.94,12.9,2.41,69.15,0.13,2.38,62.37,-15.84,-70.02,3825
Puno,2002-05-09,6.81,12.95,3.11,76.34,0.68,2.25,62.36,-15.84,-70.02,3825
Puno,2002-05-10,7.19,13.21,2.41,71.65,0.96,1.68,62.39,-15.84,-70.02,3825
Puno,2002-05-11,7.37,12.35,4.43,72.4,2.32,1.81,62.43,-15.84,-70.02,3825
Puno,2002-05-12,8.05,13.95,4.18,69.29,0.0,1.59,62.39,-15.84,-70.02,3825
Puno,2002-05-13,7.51,13.51,3.34,71.42,0.0,1.61,62.25,-15.84,-70.02,3825
Puno,2002-05-14,6.94,14.15,0.28,68.78,0.0,2.33,62.21,-15.84,-70.02,3825
Puno,2002-05-15,7.38,14.74,0.51,62.57,0.0,1.56,62.3,-15.84,-70.02,3825
Puno,2002-05-16,7.01,14.24,1.2,63.06,0.0,1.8,62.3,-15.84,-70.02,3825
Puno,2002-05-17,5.28,13.14,0.59,62.45,0.0,2.8,62.21,-15.84,-70.02,3825
Puno,2002-05-18,4.34,11.69,-1.08,67.87,0.0,3.03,62.15,-15.84,-70.02,3825
Puno,2002-05-19,4.35,13.09,-2.62,70.81,0.0,3.11,62.15,-15.84,-70.02,3825
Puno,2002-05-20,3.7,13.65,-4.0,52.92,0.0,3.46,62.22,-15.84,-70.02,3825
Puno,2002-05-21,4.99,12.82,-1.64,55.48,0.25,1.88,62.28,-15.84,-70.02,3825
Puno,2002-05-22,7.38,14.14,2.91,62.13,0.03,1.25,62.27,-15.84,-70.02,3825
Puno,2002-05-23,7.17,13.07,1.92,60.51,0.0,1.91,62.36,-15.84,-70.02,3825
Puno,2002-05-24,7.43,13.87,2.54,70.09,0.02,1.93,62.32,-15.84,-70.02,3825
Puno,2002-05-25,7.45,14.46,2.12,67.94,0.0,1.74,62.3,-15.84,-70.02,3825
Puno,2002-05-26,6.62,15.35,-0.36,61.13,0.0,2.79,62.2,-15.84,-70.02,3825
Puno,2002-05-27,6.27,14.27,-0.93,67.22,0.02,2.18,62.12,-15.84,-70.02,3825
Puno,2002-05-28,5.69,13.37,-1.32,60.76,0.05,2.59,62.1,-15.84,-70.02,3825
Puno,2002-05-29,6.36,14.62,-0.76,58.44,0.04,2.45,62.13,-15.84,-70.02,3825
Puno,2002-05-30,6.3,13.65,0.9,61.8,0.01,2.07,62.24,-15.84,-70.02,3825
Puno,2002-05-31,6.81,13.7,1.64,57.2,0.0,1.71,62.33,-15.84,-70.02,3825
Puno,2002-06-01,7.35,14.97,0.79,55.7,0.0,1.79,62.3,-15.84,-70.02,3825
Puno,2002-06-02,7.31,14.98,-0.12,48.08,0.0,1.88,62.3,-15.84,-70.02,3825
Puno,2002-06-03,7.12,13.9,0.93,52.97,0.0,1.54,62.27,-15.84,-70.02,3825
Puno,2002-06-04,6.76,15.07,-0.39,51.78,0.0,1.79,62.29,-15.84,-70.02,3825
Puno,2002-06-05,7.5,15.84,0.21,45.03,0.0,1.8,62.27,-15.84,-70.02,3825
Puno,2002-06-06,7.82,15.37,1.9,46.46,0.0,1.59,62.26,-15.84,-70.02,3825
Puno,2002-06-07,7.77,15.21,2.82,55.21,0.0,1.8,62.31,-15.84,-70.02,3825
Puno,2002-06-08,8.17,14.61,4.58,72.66,0.0,2.12,62.36,-15.84,-70.02,3825
Puno,2002-06-09,8.41,15.83,0.67,55.16,0.03,1.32,62.28,-15.84,-70.02,3825
Puno,2002-06-10,6.66,13.85,0.15,55.91,0.0,2.24,62.29,-15.84,-70.02,3825
Puno,2002-06-11,6.13,12.22,-0.24,60.32,0.0,2.07,62.3,-15.84,-70.02,3825
Puno,2002-06-12,6.69,14.21,-0.74,49.77,0.03,1.79,62.27,-15.84,-70.02,3825
Puno,2002-06-13,5.63,13.61,-0.57,46.33,0.07,2.1,62.27,-15.84,-70.02,3825
Puno,2002-06-14,4.82,12.65,-1.28,57.24,0.08,2.22,62.36,-15.84,-70.02,3825
Puno,2002-06-15,5.28,11.36,1.4,77.02,0.26,2.45,62.37,-15.84,-70.02,3825
Puno,2002-06-16,5.77,13.7,-1.02,66.74,0.01,2.74,62.25,-15.84,-70.02,3825
Puno,2002-06-17,4.49,13.37,-1.4,56.18,0.06,3.79,62.19,-15.84,-70.02,3825
Puno,2002-06-18,4.44,13.62,-3.37,46.95,0.01,2.42,62.23,-15.84,-70.02,3825
Puno,2002-06-19,5.3,12.99,-0.55,69.75,0.01,2.27,62.31,-15.84,-70.02,3825
Puno,2002-06-20,5.59,12.78,0.46,65.58,0.0,1.48,62.33,-15.84,-70.02,3825
Puno,2002-06-21,4.29,10.53,0.11,73.72,0.0,3.34,62.44,-15.84,-70.02,3825
Puno,2002-06-22,4.44,12.1,-0.33,70.03,0.0,2.35,62.45,-15.84,-70.02,3825
Puno,2002-06-23,5.42,12.71,0.58,66.51,0.0,1.61,62.39,-15.84,-70.02,3825
Puno,2002-06-24,5.72,12.8,0.99,68.36,0.06,1.8,62.39,-15.84,-70.02,3825
Puno,2002-06-25,6.0,12.94,0.98,70.73,0.01,1.81,62.38,-15.84,-70.02,3825
Puno,2002-06-26,6.54,14.05,-0.93,58.62,0.0,2.0,62.33,-15.84,-70.02,3825
Puno,2002-06-27,4.65,11.44,-0.72,63.27,0.19,2.64,62.35,-15.84,-70.02,3825
Puno,2002-06-28,5.3,11.71,-0.82,64.31,0.14,2.5,62.33,-15.84,-70.02,3825
Puno,2002-06-29,5.15,11.27,-0.06,70.14,0.09,3.14,62.33,-15.84,-70.02,3825
Puno,2002-06-30,4.02,10.5,-0.5,77.89,0.31,4.3,62.37,-15.84,-70.02,3825
Puno,2002-07-01,3.41,10.52,-1.97,73.19,0.02,4.25,62.4,-15.84,-70.02,3825
Puno,2002-07-02,3.65,10.99,-2.59,72.84,0.12,3.79,62.23,-15.84,-70.02,3825
Puno,2002-07-03,2.05,5.98,-1.0,79.07,0.42,3.76,62.04,-15.84,-70.02,3825
Puno,2002-07-04,3.5,11.68,-2.89,56.15,0.02,3.7,62.1,-15.84,-70.02,3825
Puno,2002-07-05,2.43,10.67,-4.0,55.92,0.1,4.83,62.13,-15.84,-70.02,3825
Puno,2002-07-06,1.31,10.53,-5.09,40.78,0.02,3.66,62.18,-15.84,-70.02,3825
Puno,2002-07-07,3.12,9.07,-1.89,47.18,0.0,1.9,62.24,-15.84,-70.02,3825
Puno,2002-07-08,2.93,12.11,-3.16,50.43,0.0,3.82,62.19,-15.84,-70.02,3825
Puno,2002-07-09,3.03,10.96,-3.55,60.79,0.06,2.31,62.22,-15.84,-70.02,3825
Puno,2002-07-10,1.99,7.13,-1.35,80.68,3.12,2.41,62.23,-15.84,-70.02,3825
Puno,2002-07-11,1.47,5.13,-0.74,77.26,2.48,1.66,62.31,-15.84,-70.02,3825
Puno,2002-07-12,2.92,8.42,-1.34,69.22,0.04,1.85,62.35,-15.84,-70.02,3825
Puno,2002-07-13,1.86,6.65,-1.0,74.05,0.15,1.19,62.33,-15.84,-70.02,3825
Puno,2002-07-14,2.77,7.43,-0.26,67.05,0.02,1.38,62.33,-15.84,-70.02,3825
Puno,2002-07-15,3.7,11.67,-3.6,48.78,0.0,1.75,62.29,-15.84,-70.02,3825
Puno,2002-07-16,3.59,10.82,-1.1,59.79,0.22,1.35,62.33,-15.84,-70.02,3825
Puno,2002-07-17,3.15,9.82,-0.5,79.34,0.39,2.0,62.38,-15.84,-70.02,3825
Puno,2002-07-18,2.96,7.16,-0.36,72.11,0.16,1.33,62.37,-15.84,-70.02,3825
Puno,2002-07-19,3.32,10.2,-2.64,51.7,0.01,2.47,62.22,-15.84,-70.02,3825
Puno,2002-07-20,1.81,10.63,-3.99,41.5,0.0,4.35,62.21,-15.84,-70.02,3825
Puno,2002-07-21,1.92,11.24,-4.09,35.59,0.0,4.09,62.21,-15.84,-70.02,3825
Puno,2002-07-22,4.0,13.74,-3.58,44.78,0.0,1.77,62.22,-15.84,-70.02,3825
Puno,2002-07-23,5.77,13.72,-0.88,57.83,0.0,1.62,62.27,-15.84,-70.02,3825
Puno,2002-07-24,6.31,13.51,0.2,63.37,0.0,1.95,62.37,-15.84,-70.02,3825
Puno,2002-07-25,4.51,9.14,1.44,81.15,0.01,2.44,62.44,-15.84,-70.02,3825
Puno,2002-07-26,3.8,8.0,0.73,75.25,0.0,1.27,62.39,-15.84,-70.02,3825
Puno,2002-07-27,4.94,11.85,-0.18,67.78,2.43,2.29,62.33,-15.84,-70.02,3825
Puno,2002-07-28,1.76,4.66,-0.35,87.65,1.36,1.87,62.36,-15.84,-70.02,3825
Puno,2002-07-29,4.6,11.97,-0.5,71.82,0.02,1.68,62.32,-15.84,-70.02,3825
Puno,2002-07-30,5.37,12.79,-1.83,66.32,0.0,1.91,62.3,-15.84,-70.02,3825
Puno,2002-07-31,5.47,13.06,-1.74,58.48,0.0,1.92,62.31,-15.84,-70.02,3825
Puno,2002-08-01,6.0,13.91,-0.82,48.0,0.02,1.67,62.26,-15.84,-70.02,3825
Puno,2002-08-02,5.29,12.3,-0.77,60.6,0.0,2.05,62.3,-15.84,-70.02,3825
Puno,2002-08-03,6.18,13.06,0.75,67.16,0.0,2.18,62.38,-15.84,-70.02,3825
Puno,2002-08-04,6.28,14.42,-0.98,55.68,0.0,2.24,62.35,-15.84,-70.02,3825
Puno,2002-08-05,6.81,14.78,0.33,51.98,0.01,2.22,62.22,-15.84,-70.02,3825
Puno,2002-08-06,5.77,11.8,1.82,70.9,1.26,2.34,62.3,-15.84,-70.02,3825
Puno,2002-08-07,5.37,11.16,-0.04,67.98,0.01,1.65,62.41,-15.84,-70.02,3825
Puno,2002-08-08,5.89,13.25,0.02,61.69,0.02,1.15,62.46,-15.84,-70.02,3825
Puno,2002-08-09,5.2,10.68,1.13,69.03,0.0,2.84,62.46,-15.84,-70.02,3825
Puno,2002-08-10,5.99,13.13,0.53,63.66,0.0,2.37,62.42,-15.84,-70.02,3825
Puno,2002-08-11,5.86,12.15,1.63,67.27,0.0,2.59,62.43,-15.84,-70.02,3825
Puno,2002-08-12,5.91,11.81,1.58,61.46,0.04,1.73,62.43,-15.84,-70.02,3825
Puno,2002-08-13,6.27,13.61,-0.79,59.04,0.0,1.38,62.34,-15.84,-70.02,3825
Puno,2002-08-14,6.67,12.94,1.13,61.85,0.37,2.45,62.3,-15.84,-70.02,3825
Puno,2002-08-15,5.23,10.74,0.99,74.62,0.02,2.15,62.37,-15.84,-70.02,3825
Puno,2002-08-16,5.65,12.73,1.86,69.81,0.0,1.83,62.36,-15.84,-70.02,3825
Puno,2002-08-17,2.56,6.22,0.19,76.98,0.12,1.55,62.31,-15.84,-70.02,3825
Puno,2002-08-18,2.98,11.13,-2.48,56.15,0.01,2.79,62.17,-15.84,-70.02,3825
Puno,2002-08-19,3.85,11.95,-3.34,48.86,0.0,2.43,62.14,-15.84,-70.02,3825
Puno,2002-08-20,4.83,14.06,-3.06,41.09,0.02,2.5,62.17,-15.84,-70.02,3825
Puno,2002-08-21,5.28,13.58,-1.78,42.33,0.06,2.09,62.22,-15.84,-70.02,3825
Puno,2002-08-22,5.76,12.9,-0.56,51.8,0.05,1.6,62.28,-15.84,-70.02,3825
Puno,2002-08-23,7.16,13.17,3.01,53.61,0.0,2.01,62.27,-15.84,-70.02,3825
Puno,2002-08-24,6.55,12.32,1.99,63.61,0.0,1.78,62.28,-15.84,-70.02,3825
Puno,2002-08-25,7.28,13.67,2.3,67.52,1.17,1.84,62.3,-15.84,-70.02,3825
Puno,2002-08-26,7.26,13.27,2.65,67.44,0.84,1.86,62.28,-15.84,-70.02,3825
Puno,2002-08-27,6.22,12.92,1.6,69.09,0.05,2.91,62.2,-15.84,-70.02,3825
Puno,2002-08-28,4.71,14.55,-3.54,42.9,0.0,4.08,62.04,-15.84,-70.02,3825
Puno,2002-08-29,4.9,14.33,-4.32,38.72,0.04,1.89,62.02,-15.84,-70.02,3825
Puno,2002-08-30,5.19,11.4,1.27,60.63,0.24,1.23,62.06,-15.84,-70.02,3825
Puno,2002-08-31,5.42,13.41,-0.58,63.64,0.21,2.59,62.17,-15.84,-70.02,3825
Puno,2002-09-01,6.4,14.62,0.05,63.51,0.59,2.77,62.16,-15.84,-70.02,3825
Puno,2002-09-02,5.9,13.01,1.46,59.18,0.22,1.83,62.17,-15.84,-70.02,3825
Puno,2002-09-03,6.16,13.36,0.43,60.23,0.31,2.06,62.23,-15.84,-70.02,3825
Puno,2002-09-04,7.12,15.18,0.82,58.99,0.04,3.25,62.3,-15.84,-70.02,3825
Puno,2002-09-05,6.86,14.77,-0.53,56.37,0.0,2.42,62.27,-15.84,-70.02,3825
Puno,2002-09-06,6.73,15.76,-2.2,48.42,0.0,2.46,62.29,-15.84,-70.02,3825
Puno,2002-09-07,7.65,13.88,2.45,66.89,0.0,3.07,62.4,-15.84,-70.02,3825
Puno,2002-09-08,7.25,13.36,2.08,61.64,0.0,2.25,62.38,-15.84,-70.02,3825
Puno,2002-09-09,6.83,12.23,3.3,65.59,0.0,2.58,62.35,-15.84,-70.02,3825
Puno,2002-09-10,5.61,11.88,1.7,69.54,7.3,1.84,62.3,-15.84,-70.02,3825
Puno,2002-09-11,4.7,9.27,1.21,70.3,1.21,2.23,62.24,-15.84,-70.02,3825
Puno,2002-09-12,5.18,13.02,0.74,59.13,0.22,1.99,62.2,-15.84,-70.02,3825
Puno,2002-09-13,4.83,11.2,0.35,55.96,0.0,2.85,62.2,-15.84,-70.02,3825
Puno,2002-09-14,5.69,11.27,1.36,50.27,0.0,3.08,62.25,-15.84,-70.02,3825
Puno,2002-09-15,7.12,15.9,0.47,50.82,0.01,2.07,62.19,-15.84,-70.02,3825
Puno,2002-09-16,6.58,13.77,-1.17,41.44,0.0,1.5,62.22,-15.84,-70.02,3825
Puno,2002-09-17,5.9,11.15,1.09,65.33,1.92,2.53,62.31,-15.84,-70.02,3825
Puno,2002-09-18,6.55,13.98,0.51,65.22,2.08,1.55,62.37,-15.84,-70.02,3825
Puno,2002-09-19,8.17,15.6,0.3,50.54,0.04,2.25,62.33,-15.84,-70.02,3825
Puno,2002-09-20,9.37,17.76,1.26,49.89,0.01,1.99,62.25,-15.84,-70.02,3825
Puno,2002-09-21,9.92,18.21,2.71,49.24,0.03,1.52,62.17,-15.84,-70.02,3825
Puno,2002-09-22,7.86,18.52,-1.4,35.58,0.0,3.01,62.16,-15.84,-70.02,3825
Puno,2002-09-23,7.58,17.81,-2.12,31.88,0.05,2.52,62.15,-15.84,-70.02,3825
Puno,2002-09-24,9.1,17.14,3.49,50.29,0.11,1.49,62.17,-15.84,-70.02,3825
Puno,2002-09-25,8.57,14.39,4.27,61.21,0.0,2.55,62.21,-15.84,-70.02,3825
Puno,2002-09-26,7.48,12.47,3.16,58.38,0.0,2.71,62.23,-15.84,-70.02,3825
Puno,2002-09-27,7.82,14.01,2.79,66.06,0.0,3.34,62.31,-15.84,-70.02,3825
Puno,2002-09-28,8.84,15.75,3.07,66.2,0.0,3.15,62.34,-15.84,-70.02,3825
Puno,2002-09-29,9.7,15.41,4.77,63.78,0.0,2.05,62.31,-15.84,-70.02,3825
Puno,2002-09-30,6.74,9.08,3.58,78.55,0.12,2.96,62.31,-15.84,-70.02,3825
Puno,2002-10-01,6.09,12.46,2.56,74.02,17.37,2.43,62.38,-15.84,-70.02,3825
Puno,2002-10-02,6.85,12.2,1.86,57.57,5.72,2.27,62.32,-15.84,-70.02,3825
Puno,2002-10-03,8.45,13.5,3.93,61.17,0.14,1.69,62.24,-15.84,-70.02,3825
Puno,2002-10-04,7.67,13.05,3.86,71.08,4.33,2.32,62.24,-15.84,-70.02,3825
Puno,2002-10-05,7.41,12.38,3.01,72.26,0.06,2.41,62.27,-15.84,-70.02,3825
Puno,2002-10-06,7.18,12.6,4.09,71.74,0.01,2.2,62.25,-15.84,-70.02,3825
Puno,2002-10-07,8.92,13.79,3.37,62.05,0.05,2.73,62.2,-15.84,-70.02,3825
Puno,2002-10-08,7.64,12.63,3.82,70.01,1.43,2.16,62.25,-15.84,-70.02,3825
Puno,2002-10-09,6.82,12.98,2.17,68.4,2.73,2.24,62.19,-15.84,-70.02,3825
Puno,2002-10-10,8.91,15.95,3.17,47.67,0.42,1.91,62.09,-15.84,-70.02,3825
Puno,2002-10-11,8.44,15.14,2.11,45.32,0.08,2.14,62.2,-15.84,-70.02,3825
Puno,2002-10-12,9.91,15.54,6.16,55.64,0.01,3.32,62.34,-15.84,-70.02,3825
Puno,2002-10-13,9.07,16.03,2.32,61.14,2.13,2.19,62.25,-15.84,-70.02,3825
Puno,2002-10-14,7.34,16.34,-0.79,45.17,0.1,2.02,62.14,-15.84,-70.02,3825
Puno,2002-10-15,6.69,14.3,-0.56,54.59,3.72,3.33,62.16,-15.84,-70.02,3825
Puno,2002-10-16,8.99,17.02,2.37,61.75,2.39,3.13,62.13,-15.84,-70.02,3825
Puno,2002-10-17,9.38,17.99,2.58,47.49,0.85,1.99,62.17,-15.84,-70.02,3825
Puno,2002-10-18,8.46,16.21,-0.38,50.44,0.02,1.84,62.12,-15.84,-70.02,3825
Puno,2002-10-19,9.81,15.87,4.94,55.24,1.07,2.32,62.12,-15.84,-70.02,3825
Puno,2002-10-20,9.98,16.22,5.21,60.3,2.1,2.01,62.15,-15.84,-70.02,3825
Puno,2002-10-21,9.55,15.72,5.12,65.58,2.8,3.8,62.23,-15.84,-70.02,3825
Puno,2002-10-22,8.84,15.65,3.21,67.94,0.59,2.99,62.36,-15.84,-70.02,3825
Puno,2002-10-23,8.84,15.92,2.66,61.29,0.03,2.95,62.33,-15.84,-70.02,3825
Puno,2002-10-24,9.93,16.94,4.94,61.43,2.59,2.65,62.2,-15.84,-70.02,3825
Puno,2002-10-25,7.49,13.53,2.58,71.37,3.32,3.17,62.16,-15.84,-70.02,3825
Puno,2002-10-26,8.74,14.51,3.43,66.31,0.27,1.84,62.17,-15.84,-70.02,3825
Puno,2002-10-27,9.3,15.7,4.85,61.7,1.61,1.96,62.16,-15.84,-70.02,3825
Puno,2002-10-28,10.44,17.89,4.23,45.13,1.46,1.47,62.09,-15.84,-70.02,3825
Puno,2002-10-29,8.84,13.98,5.79,63.8,0.05,2.64,62.04,-15.84,-70.02,3825
Puno,2002-10-30,9.23,15.81,5.04,62.98,3.48,2.01,62.03,-15.84,-70.02,3825
Puno,2002-10-31,9.03,15.38,3.75,58.77,0.78,2.13,62.1,-15.84,-70.02,3825
Puno,2002-11-01,9.33,14.38,4.9,60.76,0.08,2.66,62.16,-15.84,-70.02,3825
Puno,2002-11-02,9.97,15.53,4.86,59.01,6.53,1.7,62.14,-15.84,-70.02,3825
Puno,2002-11-03,8.57,14.23,2.16,51.44,0.01,2.87,62.13,-15.84,-70.02,3825
Puno,2002-11-04,9.98,18.64,2.47,42.73,0.61,1.21,62.13,-15.84,-70.02,3825
Puno,2002-11-05,9.79,17.31,3.58,52.91,0.2,2.35,62.17,-15.84,-70.02,3825
Puno,2002-11-06,9.41,16.44,3.93,57.45,0.0,3.7,62.32,-15.84,-70.02,3825
Puno,2002-11-07,9.01,16.42,3.31,41.92,0.0,3.02,62.38,-15.84,-70.02,3825
Puno,2002-11-08,8.98,16.35,3.39,42.5,0.0,2.78,62.28,-15.84,-70.02,3825
Puno,2002-11-09,10.68,18.82,3.38,48.72,0.0,1.56,62.09,-15.84,-70.02,3825
Puno,2002-11-10,10.76,18.69,2.29,38.52,0.05,1.84,62.09,-15.84,-70.02,3825
Puno,2002-11-11,10.53,16.85,5.33,55.14,0.6,1.69,62.09,-15.84,-70.02,3825
Puno,2002-11-12,11.08,17.4,6.54,57.33,4.02,1.88,62.15,-15.84,-70.02,3825
Puno,2002-11-13,9.99,15.37,5.82,64.66,2.87,3.07,62.23,-15.84,-70.02,3825
Puno,2002-11-14,9.44,15.43,5.13,65.18,0.16,3.77,62.23,-15.84,-70.02,3825
Puno,2002-11-15,9.69,16.07,4.97,62.67,0.0,3.83,62.23,-15.84,-70.02,3825
Puno,2002-11-16,9.19,15.02,5.65,64.39,0.19,2.82,62.25,-15.84,-70.02,3825
Puno,2002-11-17,9.88,14.99,5.09,55.94,0.08,1.67,62.24,-15.84,-70.02,3825
Puno,2002-11-18,8.85,12.94,4.49,60.5,0.03,2.4,62.19,-15.84,-70.02,3825
Puno,2002-11-19,8.27,11.81,5.85,73.23,1.81,2.32,62.15,-15.84,-70.02,3825
Puno,2002-11-20,9.71,16.57,5.33,67.98,1.91,4.03,62.14,-15.84,-70.02,3825
Puno,2002-11-21,9.26,15.09,5.1,70.35,3.17,4.45,62.26,-15.84,-70.02,3825
Puno,2002-11-22,9.52,16.08,5.49,67.51,3.78,4.44,62.36,-15.84,-70.02,3825
Puno,2002-11-23,9.48,15.29,4.92,68.27,3.55,3.01,62.33,-15.84,-70.02,3825
Puno,2002-11-24,7.36,10.7,4.4,75.46,2.92,1.94,62.23,-15.84,-70.02,3825
Puno,2002-11-25,8.11,13.51,3.6,66.28,2.41,2.4,62.15,-15.84,-70.02,3825
Puno,2002-11-26,8.22,11.18,5.97,76.8,4.63,2.39,62.18,-15.84,-70.02,3825
Puno,2002-11-27,9.22,17.84,3.87,61.05,0.21,2.12,62.15,-15.84,-70.02,3825
Puno,2002-11-28,10.13,16.66,4.79,58.41,0.06,1.87,62.14,-15.84,-70.02,3825
Puno,2002-11-29,11.0,17.57,5.5,54.5,0.0,2.05,62.15,-15.84,-70.02,3825
Puno,2002-11-30,10.81,19.1,3.01,50.29,0.01,2.79,62.11,-15.84,-70.02,3825
Puno,2002-12-01,8.26,11.42,4.73,59.64,7.02,1.87,62.23,-15.84,-70.02,3825
Puno,2002-12-02,8.92,15.62,3.2,73.86,9.62,3.55,62.12,-15.84,-70.02,3825
Puno,2002-12-03,6.46,11.78,1.88,74.87,0.81,2.63,62.17,-15.84,-70.02,3825
Puno,2002-12-04,8.37,15.32,2.9,67.51,10.95,1.93,62.2,-15.84,-70.02,3825
Puno,2002-12-05,6.45,10.6,2.95,67.44,4.04,2.48,62.24,-15.84,-70.02,3825
Puno,2002-12-06,9.68,17.98,2.14,45.84,2.71,1.64,62.21,-15.84,-70.02,3825
Puno,2002-12-07,10.12,18.32,2.69,45.27,1.57,1.83,62.13,-15.84,-70.02,3825
Puno,2002-12-08,9.13,16.5,2.62,47.02,0.18,1.96,62.12,-15.84,-70.02,3825
Puno,2002-12-09,9.49,18.38,1.03,43.66,0.1,1.85,62.15,-15.84,-70.02,3825
Puno,2002-12-10,9.69,16.98,1.58,45.86,0.1,2.4,62.29,-15.84,-70.02,3825
Puno,2002-12-11,10.78,18.0,5.0,54.26,0.09,2.58,62.33,-15.84,-70.02,3825
Puno,2002-12-12,10.48,16.37,5.96,67.11,0.02,3.39,62.33,-15.84,-70.02,3825
Puno,2002-12-13,11.16,17.13,6.32,63.1,0.11,2.83,62.25,-15.84,-70.02,3825
Puno,2002-12-14,12.32,18.64,7.23,53.27,0.03,1.46,62.18,-15.84,-70.02,3825
Puno,2002-12-15,11.41,19.46,5.76,48.09,0.99,1.43,62.14,-15.84,-70.02,3825
Puno,2002-12-16,9.71,13.92,5.84,64.6,0.66,3.25,62.25,-15.84,-70.02,3825
Puno,2002-12-17,9.78,14.89,5.77,64.89,3.58,3.75,62.31,-15.84,-70.02,3825
Puno,2002-12-18,10.26,16.06,5.19,64.87,11.21,2.44,62.3,-15.84,-70.02,3825
Puno,2002-12-19,9.87,14.96,4.95,69.72,1.96,2.45,62.26,-15.84,-70.02,3825
Puno,2002-12-20,8.06,14.07,3.93,67.77,2.69,2.49,62.32,-15.84,-70.02,3825
Puno,2002-12-21,8.36,14.58,3.43,73.79,4.23,2.52,62.27,-15.84,-70.02,3825
Puno,2002-12-22,9.32,15.6,4.69,67.32,11.15,2.0,62.12,-15.84,-70.02,3825
Puno,2002-12-23,10.57,19.26,3.29,39.94,0.07,1.15,62.16,-15.84,-70.02,3825
Puno,2002-12-24,10.79,16.63,5.88,61.52,2.54,2.6,62.2,-15.84,-70.02,3825
Puno,2002-12-25,7.87,9.89,5.69,75.51,0.75,3.63,62.31,-15.84,-70.02,3825
Puno,2002-12-26,10.21,16.58,5.39,66.78,0.17,3.87,62.34,-15.84,-70.02,3825
Puno,2002-12-27,10.93,17.19,5.95,64.17,0.03,3.67,62.28,-15.84,-70.02,3825
Puno,2002-12-28,11.4,17.74,6.97,58.49,0.01,3.4,62.22,-15.84,-70.02,3825
Puno,2002-12-29,11.32,17.38,6.15,56.62,1.68,2.22,62.19,-15.84,-70.02,3825
Puno,2002-12-30,7.87,13.14,2.67,75.25,4.39,2.57,62.29,-15.84,-70.02,3825
Puno,2002-12-31,9.28,13.72,6.23,70.3,1.29,2.95,62.32,-15.84,-70.02,3825
Puno,2003-01-01,8.37,14.61,4.93,75.02,9.05,2.75,62.26,-15.84,-70.02,3825
Puno,2003-01-02,9.76,16.26,4.01,62.63,0.73,1.88,62.16,-15.84,-70.02,3825
Puno,2003-01-03,11.09,19.82,2.24,42.35,0.05,2.27,62.11,-15.84,-70.02,3825
Puno,2003-01-04,11.11,18.42,4.49,46.2,0.01,1.78,62.19,-15.84,-70.02,3825
Puno,2003-01-05,12.02,19.97,4.89,39.92,0.0,1.5,62.17,-15.84,-70.02,3825
Puno,2003-01-06,10.93,17.0,7.27,64.68,4.8,3.23,62.35,-15.84,-70.02,3825
Puno,2003-01-07,10.67,17.1,6.45,65.07,0.99,3.91,62.49,-15.84,-70.02,3825
Puno,2003-01-08,11.0,16.19,6.41,54.26,0.0,3.01,62.44,-15.84,-70.02,3825
Puno,2003-01-09,10.78,17.02,6.0,63.24,0.01,3.72,62.42,-15.84,-70.02,3825
Puno,2003-01-10,10.57,16.34,6.52,65.94,7.58,4.29,62.38,-15.84,-70.02,3825
Puno,2003-01-11,9.71,16.52,4.69,71.82,5.19,2.55,62.29,-15.84,-70.02,3825
Puno,2003-01-12,10.52,17.79,4.38,57.55,0.73,1.81,62.19,-15.84,-70.02,3825
Puno,2003-01-13,9.68,18.11,4.26,62.57,0.18,2.25,62.19,-15.84,-70.02,3825
Puno,2003-01-14,9.67,14.19,4.56,56.87,0.38,1.77,62.22,-15.84,-70.02,3825
Puno,2003-01-15,9.6,15.23,5.5,69.27,2.11,2.03,62.23,-15.84,-70.02,3825
Puno,2003-01-16,7.46,10.71,5.2,82.02,2.53,2.16,62.26,-15.84,-70.02,3825
Puno,2003-01-17,8.66,15.05,4.09,65.25,6.82,2.49,62.28,-15.84,-70.02,3825
Puno,2003-01-18,6.4,9.38,3.3,72.19,1.4,1.84,62.33,-15.84,-70.02,3825
Puno,2003-01-19,7.34,15.03,3.17,74.43,4.17,2.64,62.29,-15.84,-70.02,3825
Puno,2003-01-20,8.1,13.2,3.12,68.44,3.71,2.74,62.19,-15.84,-70.02,3825
Puno,2003-01-21,7.67,13.65,2.24,66.95,3.68,2.66,62.1,-15.84,-70.02,3825
Puno,2003-01-22,9.05,15.04,2.48,66.56,4.43,2.73,62.04,-15.84,-70.02,3825
Puno,2003-01-23,9.63,14.14,6.72,75.51,4.72,3.52,62.2,-15.84,-70.02,3825
Puno,2003-01-24,8.23,12.39,5.77,81.43,4.77,4.4,62.28,-15.84,-70.02,3825
Puno,2003-01-25,9.11,15.46,4.2,72.65,10.1,2.05,62.22,-15.84,-70.02,3825
Puno,2003-01-26,8.77,14.8,3.96,73.31,4.9,2.23,62.16,-15.84,-70.02,3825
Puno,2003-01-27,9.47,15.64,3.72,70.35,2.21,2.71,62.17,-15.84,-70.02,3825
Puno,2003-01-28,7.83,13.97,2.86,73.03,4.54,4.0,62.3,-15.84,-70.02,3825
Puno,2003-01-29,7.57,13.48,3.84,72.71,6.13,3.16,62.26,-15.84,-70.02,3825
Puno,2003-01-30,7.76,13.18,3.67,71.57,5.12,3.31,62.24,-15.84,-70.02,3825
Puno,2003-01-31,8.96,14.48,4.12,62.66,1.82,2.17,62.19,-15.84,-70.02,3825
Puno,2003-02-01,10.14,16.53,4.89,63.97,0.28,3.28,62.23,-15.84,-70.02,3825
Puno,2003-02-02,10.67,16.61,5.84,62.59,0.36,3.15,62.31,-15.84,-70.02,3825
Puno,2003-02-03,9.86,16.19,4.84,70.73,2.55,4.27,62.3,-15.84,-70.02,3825
Puno,2003-02-04,9.91,16.1,4.35,68.93,1.27,2.88,62.25,-15.84,-70.02,3825
Puno,2003-02-05,9.57,15.03,4.27,68.84,2.4,2.18,62.19,-15.84,-70.02,3825
Puno,2003-02-06,10.82,17.7,5.62,60.44,1.16,1.9,62.15,-15.84,-70.02,3825
Puno,2003-02-07,11.44,19.07,4.35,57.85,1.32,2.22,62.17,-15.84,-70.02,3825
Puno,2003-02-08,8.55,14.14,3.08,72.51,0.57,2.47,62.28,-15.84,-70.02,3825
Puno,2003-02-09,9.87,15.75,5.75,69.44,0.04,2.23,62.22,-15.84,-70.02,3825
Puno,2003-02-10,9.51,15.5,4.35,71.58,0.93,2.9,62.22,-15.84,-70.02,3825
Puno,2003-02-11,9.58,12.65,7.02,73.81,0.34,1.98,62.23,-15.84,-70.02,3825
Puno,2003-02-12,10.16,16.04,6.39,69.17,0.85,2.74,62.29,-15.84,-70.02,3825
Puno,2003-02-13,10.75,18.63,5.47,64.0,0.55,2.31,62.27,-15.84,-70.02,3825
Puno,2003-02-14,7.65,10.48,3.74,71.23,0.18,3.1,62.2,-15.84,-70.02,3825
Puno,2003-02-15,9.44,15.34,4.47,67.58,0.53,1.62,62.1,-15.84,-70.02,3825
Puno,2003-02-16,9.01,13.1,4.55,74.01,0.11,2.08,62.14,-15.84,-70.02,3825
Puno,2003-02-17,8.77,14.52,4.04,72.77,1.09,2.83,62.19,-15.84,-70.02,3825
Puno,2003-02-18,10.32,16.31,6.23,68.14,0.52,3.13,62.18,-15.84,-70.02,3825
Puno,2003-02-19,9.26,16.33,2.46,70.47,0.96,2.76,62.12,-15.84,-70.02,3825
Puno,2003-02-20,8.66,17.85,2.74,66.08,6.02,1.84,62.11,-15.84,-70.02,3825
Puno,2003-02-21,6.89,13.08,2.19,76.1,44.0,2.24,62.16,-15.84,-70.02,3825
Puno,2003-02-22,7.01,14.46,2.06,78.28,28.97,2.04,62.23,-15.84,-70.02,3825
Puno,2003-02-23,7.47,12.01,3.79,74.48,4.67,1.8,62.36,-15.84,-70.02,3825
Puno,2003-02-24,6.67,12.27,2.33,82.5,14.6,2.22,62.35,-15.84,-70.02,3825
Puno,2003-02-25,7.46,14.62,1.72,73.26,6.12,1.09,62.24,-15.84,-70.02,3825
Puno,2003-02-26,7.45,12.81,2.99,76.95,33.61,2.99,62.16,-15.84,-70.02,3825
Puno,2003-02-27,8.06,13.18,4.12,75.37,15.17,3.31,62.24,-15.84,-70.02,3825
Puno,2003-02-28,8.46,13.19,4.47,75.99,9.44,3.08,62.29,-15.84,-70.02,3825
Puno,2003-03-01,8.89,14.48,5.19,75.72,5.35,2.53,62.23,-15.84,-70.02,3825
Puno,2003-03-02,8.77,14.17,4.58,73.36,3.57,2.28,62.13,-15.84,-70.02,3825
Puno,2003-03-03,8.47,15.21,3.77,76.75,2.07,2.26,62.1,-15.84,-70.02,3825
Puno,2003-03-04,4.95,7.87,1.62,84.97,1.21,2.0,62.27,-15.84,-70.02,3825
Puno,2003-03-05,9.04,15.79,4.64,71.16,0.32,1.83,62.22,-15.84,-70.02,3825
Puno,2003-03-06,9.06,14.53,5.15,75.89,0.43,2.68,62.17,-15.84,-70.02,3825
Puno,2003-03-07,8.34,14.77,2.77,76.31,0.95,1.95,62.19,-15.84,-70.02,3825
Puno,2003-03-08,8.59,15.63,2.79,74.56,0.96,2.22,62.2,-15.84,-70.02,3825
Puno,2003-03-09,9.81,15.56,3.86,75.07,0.91,2.23,62.13,-15.84,-70.02,3825
Puno,2003-03-10,8.61,14.44,2.86,70.98,0.1,1.4,62.19,-15.84,-70.02,3825
Puno,2003-03-11,9.66,14.71,5.28,72.27,2.35,1.95,62.24,-15.84,-70.02,3825
Puno,2003-03-12,8.18,13.61,3.62,74.27,1.32,2.61,62.26,-15.84,-70.02,3825
Puno,2003-03-13,9.98,15.66,6.41,70.33,0.52,2.66,62.21,-15.84,-70.02,3825
Puno,2003-03-14,7.71,12.69,3.89,75.08,0.36,1.84,62.21,-15.84,-70.02,3825
Puno,2003-03-15,8.93,15.96,2.68,64.19,0.08,1.96,62.23,-15.84,-70.02,3825
Puno,2003-03-16,7.96,11.76,4.71,77.88,2.67,2.79,62.34,-15.84,-70.02,3825
Puno,2003-03-17,7.83,12.29,5.02,81.35,4.03,3.55,62.33,-15.84,-70.02,3825
Puno,2003-03-18,8.49,13.98,3.99,75.98,1.26,2.85,62.2,-15.84,-70.02,3825
Puno,2003-03-19,8.84,14.45,4.83,74.43,0.73,2.33,62.2,-15.84,-70.02,3825
Puno,2003-03-20,7.61,13.07,3.26,77.36,1.16,2.08,62.35,-15.84,-70.02,3825
Puno,2003-03-21,7.11,11.65,4.44,84.29,2.54,4.42,62.41,-15.84,-70.02,3825
Puno,2003-03-22,8.23,14.78,3.72,74.48,0.18,3.07,62.36,-15.84,-70.02,3825
Puno,2003-03-23,9.11,15.22,4.34,67.36,0.44,1.97,62.28,-15.84,-70.02,3825
Puno,2003-03-24,8.1,14.05,4.41,74.38,0.57,2.1,62.33,-15.84,-70.02,3825
Puno,2003-03-25,7.86,14.13,2.31,67.69,0.25,3.07,62.37,-15.84,-70.02,3825
Puno,2003-03-26,7.53,13.5,2.81,73.59,0.33,3.17,62.27,-15.84,-70.02,3825
Puno,2003-03-27,7.4,14.25,1.54,65.87,0.4,2.97,62.27,-15.84,-70.02,3825
Puno,2003-03-28,8.36,14.44,3.26,71.95,0.07,3.14,62.34,-15.84,-70.02,3825
Puno,2003-03-29,9.02,14.6,4.52,74.3,0.1,3.09,62.32,-15.84,-70.02,3825
Puno,2003-03-30,8.56,12.55,5.43,73.06,0.4,2.0,62.22,-15.84,-70.02,3825
Puno,2003-03-31,7.54,10.89,5.38,81.35,0.37,2.32,62.22,-15.84,-70.02,3825
Puno,2003-04-01,6.58,12.17,2.45,82.88,0.19,3.32,62.31,-15.84,-70.02,3825
Puno,2003-04-02,7.5,14.21,1.75,76.9,4.96,2.71,62.35,-15.84,-70.02,3825
Puno,2003-04-03,8.5,14.39,4.63,75.18,0.66,2.07,62.28,-15.84,-70.02,3825
Puno,2003-04-04,8.64,13.77,5.17,72.63,0.86,1.82,62.24,-15.84,-70.02,3825
Puno,2003-04-05,8.39,14.61,3.64,71.39,0.25,2.22,62.28,-15.84,-70.02,3825
Puno,2003-04-06,9.24,14.64,4.93,72.81,0.47,2.2,62.25,-15.84,-70.02,3825
Puno,2003-04-07,9.56,16.96,4.18,61.1,0.04,1.66,62.11,-15.84,-70.02,3825
Puno,2003-04-08,8.2,16.34,1.7,56.88,0.0,1.81,62.1,-15.84,-70.02,3825
Puno,2003-04-09,7.52,16.32,-2.49,42.96,0.0,1.63,62.18,-15.84,-70.02,3825
Puno,2003-04-10,7.62,12.26,3.19,61.96,0.19,2.24,62.31,-15.84,-70.02,3825
Puno,2003-04-11,7.0,12.18,3.38,75.62,0.06,2.89,62.37,-15.84,-70.02,3825
Puno,2003-04-12,7.43,13.24,3.13,69.47,0.05,2.28,62.46,-15.84,-70.02,3825
Puno,2003-04-13,7.88,15.51,2.09,55.2,0.01,1.97,62.49,-15.84,-70.02,3825
Puno,2003-04-14,8.09,14.61,3.33,64.01,0.0,2.0,62.46,-15.84,-70.02,3825
Puno,2003-04-15,8.63,14.19,4.47,57.03,0.0,1.74,62.36,-15.84,-70.02,3825
Puno,2003-04-16,7.86,13.81,3.75,61.47,0.0,1.45,62.17,-15.84,-70.02,3825
Puno,2003-04-17,7.28,17.4,-0.72,57.06,0.0,3.79,62.1,-15.84,-70.02,3825
Puno,2003-04-18,5.75,16.71,-3.38,35.76,0.0,3.37,62.14,-15.84,-70.02,3825
Puno,2003-04-19,6.25,15.32,-1.73,46.74,0.09,2.44,62.27,-15.84,-70.02,3825
Puno,2003-04-20,7.67,15.27,2.11,68.5,0.19,2.16,62.24,-15.84,-70.02,3825
Puno,2003-04-21,8.1,14.25,2.87,65.3,0.0,2.2,62.18,-15.84,-70.02,3825
Puno,2003-04-22,7.46,12.07,4.08,76.88,0.4,3.36,62.28,-15.84,-70.02,3825
Puno,2003-04-23,7.66,13.44,3.57,73.35,0.39,2.52,62.39,-15.84,-70.02,3825
Puno,2003-04-24,8.19,13.51,4.3,71.42,0.06,1.99,62.41,-15.84,-70.02,3825
Puno,2003-04-25,8.05,12.67,4.8,73.46,0.19,2.3,62.35,-15.84,-70.02,3825
Puno,2003-04-26,7.46,13.33,3.97,74.98,0.05,2.36,62.39,-15.84,-70.02,3825
Puno,2003-04-27,8.35,14.98,4.2,67.02,0.0,1.99,62.45,-15.84,-70.02,3825
Puno,2003-04-28,8.35,14.89,4.24,68.07,0.0,2.14,62.36,-15.84,-70.02,3825
Puno,2003-04-29,8.45,13.62,3.91,67.64,0.0,1.62,62.32,-15.84,-70.02,3825
Puno,2003-04-30,7.92,14.17,3.99,69.94,0.0,2.26,62.42,-15.84,-70.02,3825
Puno,2003-05-01,7.93,14.17,4.12,68.89,0.04,2.39,62.51,-15.84,-70.02,3825
Puno,2003-05-02,7.76,13.97,4.1,72.03,0.02,2.69,62.5,-15.84,-70.02,3825
Puno,2003-05-03,7.39,15.21,1.1,69.66,1.66,2.71,62.33,-15.84,-70.02,3825
Puno,2003-05-04,6.99,16.11,-1.93,44.74,0.1,1.64,62.22,-15.84,-70.02,3825
Puno,2003-05-05,6.52,15.03,-1.14,52.57,0.0,2.22,62.26,-15.84,-70.02,3825
Puno,2003-05-06,7.08,12.86,4.09,76.75,0.0,2.33,62.31,-15.84,-70.02,3825
Puno,2003-05-07,7.67,14.99,1.79,52.1,0.0,1.02,62.26,-15.84,-70.02,3825
Puno,2003-05-08,6.68,14.66,-1.53,49.15,0.0,1.43,62.25,-15.84,-70.02,3825
Puno,2003-05-09,7.72,14.71,2.07,45.2,0.0,0.99,62.25,-15.84,-70.02,3825
Puno,2003-05-10,6.09,14.64,-2.33,48.62,0.0,1.92,62.24,-15.84,-70.02,3825
Puno,2003-05-11,6.72,11.92,3.45,73.76,0.0,2.29,62.36,-15.84,-70.02,3825
Puno,2003-05-12,6.47,12.09,2.73,72.85,0.0,1.99,62.46,-15.84,-70.02,3825
Puno,2003-05-13,6.3,11.66,2.89,75.84,0.01,2.83,62.42,-15.84,-70.02,3825
Puno,2003-05-14,6.26,12.38,0.77,73.39,0.0,2.51,62.31,-15.84,-70.02,3825
Puno,2003-05-15,6.66,13.24,0.52,73.57,0.0,2.76,62.29,-15.84,-70.02,3825
Puno,2003-05-16,6.98,12.56,2.06,72.62,0.78,1.61,62.32,-15.84,-70.02,3825
Puno,2003-05-17,4.94,9.47,1.39,79.91,0.37,1.98,62.32,-15.84,-70.02,3825
Puno,2003-05-18,5.04,10.76,1.02,79.0,0.68,1.93,62.3,-15.84,-70.02,3825
Puno,2003-05-19,5.73,12.15,2.18,76.68,0.13,2.39,62.34,-15.84,-70.02,3825
Puno,2003-05-20,6.95,13.98,0.26,54.84,0.01,1.54,62.3,-15.84,-70.02,3825
Puno,2003-05-21,7.19,16.02,-0.38,49.56,0.0,1.7,62.2,-15.84,-70.02,3825
Puno,2003-05-22,5.54,15.91,-3.45,38.31,0.0,2.39,62.22,-15.84,-70.02,3825
Puno,2003-05-23,5.86,14.85,-1.91,40.66,0.0,1.83,62.32,-15.84,-70.02,3825
Puno,2003-05-24,5.12,14.56,-1.79,40.23,0.0,2.83,62.27,-15.84,-70.02,3825
Puno,2003-05-25,4.49,13.65,-2.72,40.65,0.02,1.8,62.27,-15.84,-70.02,3825
Puno,2003-05-26,4.32,13.78,-2.33,39.28,0.19,3.17,62.29,-15.84,-70.02,3825
Puno,2003-05-27,5.49,13.92,-1.77,38.71,0.02,1.47,62.38,-15.84,-70.02,3825
Puno,2003-05-28,5.24,11.93,-0.79,59.16,0.03,1.77,62.41,-15.84,-70.02,3825
Puno,2003-05-29,5.66,11.57,1.53,72.66,0.0,1.7,62.37,-15.84,-70.02,3825
Puno,2003-05-30,6.71,13.98,2.65,64.7,0.0,1.15,62.36,-15.84,-70.02,3825
Puno,2003-05-31,6.26,12.74,2.7,63.29,0.0,1.7,62.45,-15.84,-70.02,3825
Puno,2003-06-01,6.31,13.9,-0.04,58.37,0.0,1.58,62.37,-15.84,-70.02,3825
Puno,2003-06-02,5.39,15.08,-2.0,46.85,0.0,2.44,62.27,-15.84,-70.02,3825
Puno,2003-06-03,5.56,15.51,-1.4,48.4,0.0,2.29,62.19,-15.84,-70.02,3825
Puno,2003-06-04,4.27,15.21,-2.94,41.16,0.0,3.39,62.18,-15.84,-70.02,3825
Puno,2003-06-05,4.41,14.18,-3.4,32.13,0.13,1.64,62.25,-15.84,-70.02,3825
Puno,2003-06-06,4.87,13.51,-1.64,45.25,0.0,2.24,62.35,-15.84,-70.02,3825
Puno,2003-06-07,5.59,12.68,1.46,72.12,0.0,2.33,62.38,-15.84,-70.02,3825
Puno,2003-06-08,6.63,13.72,1.66,66.09,0.0,1.41,62.32,-15.84,-70.02,3825
Puno,2003-06-09,6.81,14.82,-1.07,47.45,0.0,1.54,62.31,-15.84,-70.02,3825
Puno,2003-06-10,5.85,15.45,-2.42,40.12,0.0,2.22,62.37,-15.84,-70.02,3825
Puno,2003-06-11,6.45,14.38,1.21,49.58,0.0,2.23,62.36,-15.84,-70.02,3825
Puno,2003-06-12,6.68,14.76,1.44,64.21,0.0,1.61,62.29,-15.84,-70.02,3825
Puno,2003-06-13,6.01,13.99,-0.85,63.75,0.0,2.54,62.31,-15.84,-70.02,3825
Puno,2003-06-14,6.55,13.62,1.89,57.91,0.0,1.31,62.34,-15.84,-70.02,3825
Puno,2003-06-15,5.84,15.3,-1.84,44.7,0.0,1.94,62.3,-15.84,-70.02,3825
Puno,2003-06-16,6.48,14.43,1.02,68.2,0.0,1.54,62.29,-15.84,-70.02,3825
Puno,2003-06-17,6.6,14.6,-1.01,47.91,0.0,1.29,62.22,-15.84,-70.02,3825
Puno,2003-06-18,4.65,12.64,-2.69,41.74,0.0,1.73,62.25,-15.84,-70.02,3825
Puno,2003-06-19,3.73,8.66,0.54,74.18,0.34,1.68,62.35,-15.84,-70.02,3825
Puno,2003-06-20,5.01,10.76,0.18,61.09,0.07,1.11,62.35,-15.84,-70.02,3825
Puno,2003-06-21,4.18,11.96,-2.57,47.15,0.0,2.57,62.42,-15.84,-70.02,3825
Puno,2003-06-22,4.85,11.99,0.46,53.91,0.0,1.88,62.42,-15.84,-70.02,3825
Puno,2003-06-23,4.06,11.48,-0.83,44.82,0.0,2.29,62.37,-15.84,-70.02,3825
Puno,2003-06-24,3.42,10.51,-1.16,55.94,0.0,2.05,62.42,-15.84,-70.02,3825
Puno,2003-06-25,4.54,11.43,0.31,64.34,0.0,1.69,62.4,-15.84,-70.02,3825
Puno,2003-06-26,5.52,13.19,-0.49,47.55,0.0,1.35,62.3,-15.84,-70.02,3825
Puno,2003-06-27,4.9,13.52,-2.55,37.48,0.0,1.78,62.28,-15.84,-70.02,3825
Puno,2003-06-28,4.39,10.46,0.62,71.57,0.04,2.02,62.4,-15.84,-70.02,3825
Puno,2003-06-29,4.51,11.43,0.34,68.2,0.07,2.17,62.45,-15.84,-70.02,3825
Puno,2003-06-30,4.96,11.98,0.75,59.89,0.0,1.72,62.47,-15.84,-70.02,3825
Puno,2003-07-01,4.22,11.71,-0.94,49.78,0.0,2.05,62.44,-15.84,-70.02,3825
Puno,2003-07-02,2.98,10.43,-2.11,73.57,0.0,3.05,62.37,-15.84,-70.02,3825
Puno,2003-07-03,4.08,12.33,-2.3,63.19,0.0,1.79,62.28,-15.84,-70.02,3825
Puno,2003-07-04,5.41,13.89,-1.26,54.21,0.0,2.29,62.21,-15.84,-70.02,3825
Puno,2003-07-05,3.82,13.32,-3.48,44.87,0.0,2.99,62.15,-15.84,-70.02,3825
Puno,2003-07-06,2.49,12.32,-4.52,33.08,0.0,2.91,62.12,-15.84,-70.02,3825
Puno,2003-07-07,4.02,12.39,-2.41,27.71,0.0,1.3,62.17,-15.84,-70.02,3825
Puno,2003-07-08,3.66,13.35,-3.19,30.92,0.0,1.9,62.21,-15.84,-70.02,3825
Puno,2003-07-09,4.21,12.75,-2.97,44.37,0.0,2.26,62.25,-15.84,-70.02,3825
Puno,2003-07-10,6.49,14.17,0.62,64.0,0.0,1.2,62.26,-15.84,-70.02,3825
Puno,2003-07-11,6.93,14.25,2.03,60.02,0.01,1.29,62.3,-15.84,-70.02,3825
Puno,2003-07-12,5.48,12.82,-1.35,56.75,0.15,1.84,62.33,-15.84,-70.02,3825
Puno,2003-07-13,5.9,14.43,-1.21,53.28,0.0,1.67,62.28,-15.84,-70.02,3825
Puno,2003-07-14,4.28,13.99,-2.43,36.91,0.0,2.53,62.18,-15.84,-70.02,3825
Puno,2003-07-15,3.71,12.95,-3.62,47.67,0.02,2.17,62.16,-15.84,-70.02,3825
Puno,2003-07-16,4.11,11.85,-1.22,69.52,0.21,2.89,62.24,-15.84,-70.02,3825
Puno,2003-07-17,3.85,11.72,-2.06,68.33,0.21,3.52,62.25,-15.84,-70.02,3825
Puno,2003-07-18,2.52,8.95,-2.88,76.38,0.78,4.5,62.22,-15.84,-70.02,3825
Puno,2003-07-19,2.77,8.89,-2.38,79.04,0.03,4.4,62.3,-15.84,-70.02,3825
Puno,2003-07-20,3.93,11.96,-2.52,68.62,0.13,3.26,62.31,-15.84,-70.02,3825
Puno,2003-07-21,4.95,14.36,-3.16,66.25,0.01,3.01,62.31,-15.84,-70.02,3825
Puno,2003-07-22,5.9,14.16,-0.58,55.14,0.0,1.91,62.33,-15.84,-70.02,3825
Puno,2003-07-23,5.37,13.35,-1.35,56.92,0.03,2.63,62.33,-15.84,-70.02,3825
Puno,2003-07-24,5.9,13.63,-1.42,60.03,0.01,2.56,62.27,-15.84,-70.02,3825
Puno,2003-07-25,5.66,13.94,0.73,71.04,0.05,3.34,62.26,-15.84,-70.02,3825
Puno,2003-07-26,4.31,10.67,0.42,76.71,0.0,2.83,62.35,-15.84,-70.02,3825
Puno,2003-07-27,5.8,13.04,-0.28,63.97,0.0,2.51,62.37,-15.84,-70.02,3825
Puno,2003-07-28,5.62,13.58,-0.93,59.26,0.04,3.01,62.31,-15.84,-70.02,3825
Puno,2003-07-29,5.59,12.45,0.09,61.75,0.3,2.5,62.38,-15.84,-70.02,3825
Puno,2003-07-30,5.5,12.7,-0.47,67.05,0.05,2.11,62.45,-15.84,-70.02,3825
Puno,2003-07-31,6.41,13.49,1.38,53.87,0.01,1.03,62.35,-15.84,-70.02,3825
Puno,2003-08-01,5.38,13.36,-1.93,60.7,0.0,2.24,62.24,-15.84,-70.02,3825
Puno,2003-08-02,5.16,11.29,0.48,73.96,0.26,2.3,62.22,-15.84,-70.02,3825
Puno,2003-08-03,5.98,12.58,0.86,67.32,0.3,2.89,62.25,-15.84,-70.02,3825
Puno,2003-08-04,4.93,14.04,-1.94,60.34,0.03,4.63,62.17,-15.84,-70.02,3825
Puno,2003-08-05,3.18,13.14,-4.85,29.24,0.0,3.18,62.14,-15.84,-70.02,3825
Puno,2003-08-06,4.89,12.74,-2.26,38.7,0.02,1.88,62.18,-15.84,-70.02,3825
Puno,2003-08-07,5.02,11.13,0.61,58.66,0.1,1.73,62.19,-15.84,-70.02,3825
Puno,2003-08-08,3.78,9.27,-2.3,49.87,0.58,1.59,62.21,-15.84,-70.02,3825
Puno,2003-08-09,1.53,4.6,-0.05,80.5,0.21,2.17,62.42,-15.84,-70.02,3825
Puno,2003-08-10,3.61,9.16,-0.21,74.45,0.05,1.62,62.42,-15.84,-70.02,3825
Puno,2003-08-11,5.99,13.65,0.64,58.19,0.0,1.49,62.26,-15.84,-70.02,3825
Puno,2003-08-12,6.48,14.46,-0.84,45.05,0.0,1.47,62.25,-15.84,-70.02,3825
Puno,2003-08-13,5.99,14.81,-2.15,31.72,0.0,1.35,62.4,-15.84,-70.02,3825
Puno,2003-08-14,5.93,13.39,-0.05,35.55,0.0,2.23,62.5,-15.84,-70.02,3825
Puno,2003-08-15,6.05,14.28,-0.67,44.78,0.0,2.26,62.46,-15.84,-70.02,3825
Puno,2003-08-16,6.16,14.46,0.43,63.27,0.0,1.99,62.42,-15.84,-70.02,3825
Puno,2003-08-17,6.07,13.67,1.17,61.83,0.0,2.21,62.44,-15.84,-70.02,3825
Puno,2003-08-18,6.32,13.3,2.05,51.45,0.0,2.1,62.51,-15.84,-70.02,3825
Puno,2003-08-19,6.16,14.1,-0.62,42.13,0.0,2.33,62.47,-15.84,-70.02,3825
Puno,2003-08-20,6.03,14.24,-0.88,56.88,0.0,2.45,62.37,-15.84,-70.02,3825
Puno,2003-08-21,7.28,15.3,-0.95,49.94,0.0,1.48,62.2,-15.84,-70.02,3825
Puno,2003-08-22,6.46,14.77,-1.56,48.68,0.03,2.79,62.15,-15.84,-70.02,3825
Puno,2003-08-23,6.59,14.14,0.3,57.12,0.19,2.35,62.2,-15.84,-70.02,3825
Puno,2003-08-24,6.91,15.69,-1.22,43.2,0.04,2.44,62.25,-15.84,-70.02,3825
Puno,2003-08-25,6.83,15.19,-0.35,50.61,0.03,1.92,62.26,-15.84,-70.02,3825
Puno,2003-08-26,7.94,15.9,1.46,42.05,0.02,1.53,62.18,-15.84,-70.02,3825
Puno,2003-08-27,6.34,12.79,1.11,48.45,0.0,1.45,62.23,-15.84,-70.02,3825
Puno,2003-08-28,5.78,15.24,-1.61,44.56,0.0,2.87,62.27,-15.84,-70.02,3825
Puno,2003-08-29,6.62,15.59,-2.89,34.12,0.0,1.33,62.25,-15.84,-70.02,3825
Puno,2003-08-30,6.83,15.41,-1.94,39.45,0.0,2.04,62.29,-15.84,-70.02,3825
Puno,2003-08-31,7.73,14.76,1.5,45.84,0.0,1.39,62.27,-15.84,-70.02,3825
Puno,2003-09-01,7.07,14.3,-0.09,47.24,0.0,2.31,62.29,-15.84,-70.02,3825
Puno,2003-09-02,7.06,13.85,1.55,55.79,0.0,1.84,62.37,-15.84,-70.02,3825
Puno,2003-09-03,7.21,13.58,2.0,54.48,0.05,1.6,62.39,-15.84,-70.02,3825
Puno,2003-09-04,7.28,12.67,2.71,50.44,0.01,2.1,62.39,-15.84,-70.02,3825
Puno,2003-09-05,6.41,13.17,1.53,65.23,0.2,1.64,62.34,-15.84,-70.02,3825
Puno,2003-09-06,5.77,11.37,1.0,50.9,0.04,3.41,62.25,-15.84,-70.02,3825
Puno,2003-09-07,4.79,14.77,-3.29,35.42,0.02,4.41,62.15,-15.84,-70.02,3825
Puno,2003-09-08,4.39,15.25,-4.65,30.77,0.02,2.77,62.13,-15.84,-70.02,3825
Puno,2003-09-09,5.55,15.98,-2.76,30.23,0.1,3.43,62.17,-15.84,-70.02,3825
Puno,2003-09-10,6.9,15.88,0.43,46.88,0.37,2.06,62.19,-15.84,-70.02,3825
Puno,2003-09-11,4.75,11.8,0.42,62.81,0.8,3.1,62.21,-15.84,-70.02,3825
Puno,2003-09-12,3.86,10.2,-0.97,61.48,0.1,2.37,62.3,-15.84,-70.02,3825
Puno,2003-09-13,5.55,12.73,0.89,66.29,0.14,2.63,62.38,-15.84,-70.02,3825
Puno,2003-09-14,6.37,13.95,0.58,60.54,0.06,1.47,62.27,-15.84,-70.02,3825
Puno,2003-09-15,6.53,15.77,-1.24,48.58,0.13,2.34,62.18,-15.84,-70.02,3825
Puno,2003-09-16,6.26,14.77,-0.84,47.71,0.03,2.03,62.3,-15.84,-70.02,3825
Puno,2003-09-17,7.23,14.51,1.74,63.65,0.01,2.77,62.34,-15.84,-70.02,3825
Puno,2003-09-18,7.54,14.3,2.77,58.62,0.0,2.46,62.32,-15.84,-70.02,3825
Puno,2003-09-19,8.24,16.03,2.76,54.36,0.05,2.13,62.23,-15.84,-70.02,3825
Puno,2003-09-20,5.43,9.12,2.9,77.53,0.06,3.1,62.26,-15.84,-70.02,3825
Puno,2003-09-21,6.75,13.45,2.11,68.67,2.39,3.78,62.29,-15.84,-70.02,3825
Puno,2003-09-22,7.51,13.58,2.67,69.51,0.15,2.52,62.34,-15.84,-70.02,3825
Puno,2003-09-23,6.13,12.2,1.41,64.85,2.43,2.45,62.35,-15.84,-70.02,3825
Puno,2003-09-24,7.27,13.62,2.11,62.6,0.2,2.09,62.22,-15.84,-70.02,3825
Puno,2003-09-25,6.55,17.42,-2.41,38.25,0.02,3.72,62.15,-15.84,-70.02,3825
Puno,2003-09-26,6.32,15.68,-3.93,30.2,0.01,3.31,62.21,-15.84,-70.02,3825
Puno,2003-09-27,8.42,16.96,0.8,43.37,0.0,1.55,62.16,-15.84,-70.02,3825
Puno,2003-09-28,6.25,15.55,-2.35,39.02,0.02,2.93,62.17,-15.84,-70.02,3825
Puno,2003-09-29,7.96,15.94,1.29,57.52,0.01,2.5,62.23,-15.84,-70.02,3825
Puno,2003-09-30,8.8,14.89,3.53,59.58,0.0,2.55,62.28,-15.84,-70.02,3825
Puno,2003-10-01,9.59,16.54,5.05,57.58,0.08,2.34,62.21,-15.84,-70.02,3825
Puno,2003-10-02,6.94,10.59,4.18,66.64,0.09,2.06,62.2,-15.84,-70.02,3825
Puno,2003-10-03,5.93,9.26,3.08,66.93,3.23,1.64,62.22,-15.84,-70.02,3825
Puno,2003-10-04,8.47,14.89,2.64,42.28,0.13,1.17,62.23,-15.84,-70.02,3825
Puno,2003-10-05,7.16,15.81,-1.35,40.97,0.0,1.69,62.18,-15.84,-70.02,3825
Puno,2003-10-06,7.32,17.49,-1.54,34.65,0.05,3.37,62.11,-15.84,-70.02,3825
Puno,2003-10-07,7.72,17.31,-3.32,31.03,0.1,1.54,62.12,-15.84,-70.02,3825
Puno,2003-10-08,9.5,19.02,0.67,32.17,0.0,1.63,62.15,-15.84,-70.02,3825
Puno,2003-10-09,8.74,17.01,-0.94,31.38,0.0,2.5,62.14,-15.84,-70.02,3825
Puno,2003-10-10,10.03,18.89,2.19,45.01,0.11,2.19,62.1,-15.84,-70.02,3825
Puno,2003-10-11,10.02,18.91,4.55,61.84,0.44,3.3,62.2,-15.84,-70.02,3825
Puno,2003-10-12,10.02,18.17,4.15,54.35,0.28,2.34,62.25,-15.84,-70.02,3825
Puno,2003-10-13,8.39,15.76,3.18,62.57,0.03,3.82,62.38,-15.84,-70.02,3825
Puno,2003-10-14,7.74,15.34,1.72,52.35,0.0,3.59,62.45,-15.84,-70.02,3825
Puno,2003-10-15,8.3,16.11,2.26,47.34,0.0,3.14,62.46,-15.84,-70.02,3825
Puno,2003-10-16,8.84,16.77,3.11,47.06,0.0,3.07,62.32,-15.84,-70.02,3825
Puno,2003-10-17,9.39,17.68,2.76,47.9,0.0,1.66,62.11,-15.84,-70.02,3825
Puno,2003-10-18,9.5,18.3,-0.35,31.87,0.0,2.14,62.06,-15.84,-70.02,3825
Puno,2003-10-19,10.53,18.47,3.97,34.95,0.11,1.02,62.17,-15.84,-70.02,3825
Puno,2003-10-20,10.12,17.23,3.19,44.68,0.05,2.09,62.3,-15.84,-70.02,3825
Puno,2003-10-21,10.98,18.15,3.82,38.43,0.0,1.72,62.26,-15.84,-70.02,3825
Puno,2003-10-22,10.99,18.25,4.71,51.28,0.01,3.61,62.24,-15.84,-70.02,3825
Puno,2003-10-23,11.51,18.45,5.67,54.25,0.11,2.75,62.21,-15.84,-70.02,3825
Puno,2003-10-24,10.81,18.48,3.97,38.17,0.06,2.23,62.31,-15.84,-70.02,3825
Puno,2003-10-25,10.61,18.12,4.22,38.29,0.01,2.82,62.32,-15.84,-70.02,3825
Puno,2003-10-26,10.13,18.1,1.65,29.76,0.0,1.76,62.13,-15.84,-70.02,3825
Puno,2003-10-27,9.51,15.81,3.04,53.56,0.31,3.09,62.1,-15.84,-70.02,3825
Puno,2003-10-28,6.8,11.97,3.2,72.31,0.1,3.77,62.27,-15.84,-70.02,3825
Puno,2003-10-29,8.06,13.86,3.62,61.82,3.41,2.72,62.27,-15.84,-70.02,3825
Puno,2003-10-30,8.55,15.05,3.6,57.48,0.15,1.73,62.18,-15.84,-70.02,3825
Puno,2003-10-31,8.78,16.99,1.71,49.62,0.57,1.78,62.04,-15.84,-70.02,3825
Puno,2003-11-01,8.49,16.26,1.67,52.59,0.19,2.56,62.04,-15.84,-70.02,3825
Puno,2003-11-02,9.59,16.8,3.49,54.38,0.11,2.52,62.05,-15.84,-70.02,3825
Puno,2003-11-03,9.38,16.2,4.1,49.82,0.26,2.6,62.06,-15.84,-70.02,3825
Puno,2003-11-04,8.48,19.11,-1.17,28.48,0.03,3.09,62.11,-15.84,-70.02,3825
Puno,2003-11-05,9.23,19.2,0.01,30.83,0.11,1.38,62.15,-15.84,-70.02,3825
Puno,2003-11-06,9.67,17.2,3.16,56.38,0.02,3.46,62.2,-15.84,-70.02,3825
Puno,2003-11-07,10.38,17.11,5.58,56.97,0.0,3.02,62.21,-15.84,-70.02,3825
Puno,2003-11-08,10.47,17.73,4.61,51.89,0.0,3.12,62.25,-15.84,-70.02,3825
Puno,2003-11-09,10.51,17.57,5.09,53.03,0.06,3.56,62.25,-15.84,-70.02,3825
Puno,2003-11-10,8.62,15.42,3.73,57.8,1.38,4.56,62.31,-15.84,-70.02,3825
Puno,2003-11-11,9.74,16.35,3.73,50.3,0.53,2.21,62.23,-15.84,-70.02,3825
Puno,2003-11-12,10.53,17.97,2.67,49.92,0.0,3.76,62.19,-15.84,-70.02,3825
Puno,2003-11-13,9.36,14.38,5.98,64.39,11.44,3.83,62.28,-15.84,-70.02,3825
Puno,2003-11-14,8.44,13.59,4.59,67.79,2.01,1.76,62.26,-15.84,-70.02,3825
Puno,2003-11-15,10.69,18.44,3.97,44.69,0.01,1.63,62.17,-15.84,-70.02,3825
Puno,2003-11-16,10.01,18.97,2.09,27.36,0.0,1.87,62.16,-15.84,-70.02,3825
Puno,2003-11-17,8.4,18.5,-1.37,25.52,0.0,2.83,62.11,-15.84,-70.02,3825
Puno,2003-11-18,8.26,17.03,-2.5,31.07,0.0,2.58,62.13,-15.84,-70.02,3825
Puno,2003-11-19,10.49,16.29,5.75,54.26,0.0,2.83,62.2,-15.84,-70.02,3825
Puno,2003-11-20,9.66,16.2,4.83,53.26,0.0,4.96,62.29,-15.84,-70.02,3825
Puno,2003-11-21,8.47,15.21,3.49,61.9,0.0,4.7,62.35,-15.84,-70.02,3825
Puno,2003-11-22,9.53,17.15,3.0,53.67,0.0,2.81,62.3,-15.84,-70.02,3825
Puno,2003-11-23,11.42,18.03,6.02,51.88,0.1,2.62,62.21,-15.84,-70.02,3825
Puno,2003-11-24,10.78,16.47,7.23,58.99,0.05,2.08,62.14,-15.84,-70.02,3825
Puno,2003-11-25,10.8,17.73,5.95,50.45,0.39,3.18,62.09,-15.84,-70.02,3825
Puno,2003-11-26,10.26,15.56,6.07,62.35,0.06,2.46,62.12,-15.84,-70.02,3825
Puno,2003-11-27,10.71,16.79,6.18,58.33,1.84,2.22,62.18,-15.84,-70.02,3825
Puno,2003-11-28,10.1,14.08,7.08,64.8,0.81,2.05,62.16,-15.84,-70.02,3825
Puno,2003-11-29,10.51,17.13,5.89,59.41,0.36,2.2,62.09,-15.84,-70.02,3825
Puno,2003-11-30,11.37,19.19,4.52,52.97,0.04,2.78,62.08,-15.84,-70.02,3825
Puno,2003-12-01,8.75,12.85,2.65,67.63,9.88,1.71,62.16,-15.84,-70.02,3825
Puno,2003-12-02,10.14,17.39,3.76,45.03,0.63,1.33,62.08,-15.84,-70.02,3825
Puno,2003-12-03,10.97,19.66,2.42,35.85,0.0,2.13,62.02,-15.84,-70.02,3825
Puno,2003-12-04,11.38,16.8,7.6,56.41,0.01,2.42,62.12,-15.84,-70.02,3825
Puno,2003-12-05,10.9,16.52,6.4,62.85,0.0,2.67,62.19,-15.84,-70.02,3825
Puno,2003-12-06,9.19,12.52,7.21,71.6,0.14,1.13,62.21,-15.84,-70.02,3825
Puno,2003-12-07,8.46,15.79,3.05,69.54,0.03,1.48,62.19,-15.84,-70.02,3825
Puno,2003-12-08,9.97,16.73,4.64,60.61,0.13,2.99,62.2,-15.84,-70.02,3825
Puno,2003-12-09,10.45,18.18,3.24,56.25,0.2,2.2,62.17,-15.84,-70.02,3825
Puno,2003-12-10,11.63,21.18,4.1,38.66,0.03,2.57,62.11,-15.84,-70.02,3825
Puno,2003-12-11,11.13,18.34,3.41,48.6,0.01,3.57,62.16,-15.84,-70.02,3825
Puno,2003-12-12,9.21,14.31,4.96,70.21,13.37,2.47,62.13,-15.84,-70.02,3825
Puno,2003-12-13,10.49,19.58,2.95,45.24,1.14,1.7,62.03,-15.84,-70.02,3825
Puno,2003-12-14,10.88,20.02,3.04,38.46,0.23,1.08,62.03,-15.84,-70.02,3825
Puno,2003-12-15,11.05,18.55,3.34,52.24,1.12,2.88,62.1,-15.84,-70.02,3825
Puno,2003-12-16,10.65,15.45,7.38,66.44,0.17,4.64,62.19,-15.84,-70.02,3825
Puno,2003-12-17,9.22,15.55,4.78,67.25,0.02,3.18,62.28,-15.84,-70.02,3825
Puno,2003-12-18,9.61,15.33,4.95,64.99,0.19,4.12,62.34,-15.84,-70.02,3825
Puno,2003-12-19,10.11,16.97,4.49,62.37,0.33,4.28,62.38,-15.84,-70.02,3825
Puno,2003-12-20,10.84,17.26,5.56,63.65,2.02,3.88,62.33,-15.84,-70.02,3825
Puno,2003-12-21,9.23,12.54,6.21,70.88,1.81,2.31,62.32,-15.84,-70.02,3825
Puno,2003-12-22,10.86,17.65,5.96,63.97,0.26,2.84,62.22,-15.84,-70.02,3825
Puno,2003-12-23,8.27,14.21,4.87,74.42,7.85,2.78,62.15,-15.84,-70.02,3825
Puno,2003-12-24,7.85,12.26,2.73,69.62,8.78,2.33,62.23,-15.84,-70.02,3825
Puno,2003-12-25,8.54,14.93,3.35,72.7,3.18,4.09,62.29,-15.84,-70.02,3825
Puno,2003-12-26,9.05,15.33,4.37,70.16,4.31,2.94,62.2,-15.84,-70.02,3825
Puno,2003-12-27,10.85,19.15,4.12,56.81,16.88,2.05,62.04,-15.84,-70.02,3825
Puno,2003-12-28,9.17,16.26,3.28,64.79,0.59,2.66,61.97,-15.84,-70.02,3825
Puno,2003-12-29,5.74,8.53,2.77,81.26,0.19,2.52,62.05,-15.84,-70.02,3825
Puno,2003-12-30,8.9,17.05,3.79,69.15,4.62,2.54,62.0,-15.84,-70.02,3825
Puno,2003-12-31,10.42,18.36,2.9,55.23,1.12,2.46,62.13,-15.84,-70.02,3825
Puno,2004-01-01,9.16,13.59,2.57,71.96,0.53,2.12,62.24,-15.84,-70.02,3825
Puno,2004-01-02,9.02,15.47,3.13,73.07,2.14,2.56,62.22,-15.84,-70.02,3825
Puno,2004-01-03,10.33,15.91,5.35,67.53,0.43,3.21,62.18,-15.84,-70.02,3825
Puno,2004-01-04,9.54,13.9,6.16,69.09,0.86,2.73,62.21,-15.84,-70.02,3825
Puno,2004-01-05,8.15,12.17,4.51,65.17,0.79,3.96,62.24,-15.84,-70.02,3825
Puno,2004-01-06,7.96,14.32,3.83,72.72,3.05,4.05,62.18,-15.84,-70.02,3825
Puno,2004-01-07,9.45,15.39,4.13,72.95,5.93,2.62,62.17,-15.84,-70.02,3825
Puno,2004-01-08,7.83,14.61,2.44,71.98,10.29,2.0,62.17,-15.84,-70.02,3825
Puno,2004-01-09,8.3,15.42,3.34,68.68,9.4,1.75,62.19,-15.84,-70.02,3825
Puno,2004-01-10,7.34,14.83,2.07,73.29,4.79,2.6,62.19,-15.84,-70.02,3825
Puno,2004-01-11,8.25,14.51,2.93,73.13,7.42,3.02,62.25,-15.84,-70.02,3825
Puno,2004-01-12,9.17,15.56,5.01,72.42,4.32,2.8,62.28,-15.84,-70.02,3825
Puno,2004-01-13,9.1,16.58,3.6,67.91,5.55,1.91,62.15,-15.84,-70.02,3825
Puno,2004-01-14,9.74,16.25,3.77,61.21,2.45,3.09,62.07,-15.84,-70.02,3825
Puno,2004-01-15,6.58,11.21,2.85,71.53,5.48,2.63,62.08,-15.84,-70.02,3825
Puno,2004-01-16,9.0,16.14,1.87,61.44,2.75,1.56,62.08,-15.84,-70.02,3825
Puno,2004-01-17,8.29,14.9,2.86,68.29,6.71,3.02,62.15,-15.84,-70.02,3825
Puno,2004-01-18,8.25,14.33,2.95,68.74,3.88,1.77,62.16,-15.84,-70.02,3825
Puno,2004-01-19,8.75,15.5,3.29,66.34,1.95,1.93,62.1,-15.84,-70.02,3825
Puno,2004-01-20,10.28,18.11,3.04,49.05,3.74,1.72,62.05,-15.84,-70.02,3825
Puno,2004-01-21,7.77,13.15,3.51,58.11,2.55,2.37,62.17,-15.84,-70.02,3825
Puno,2004-01-22,6.23,12.69,1.35,73.2,13.99,2.92,62.2,-15.84,-70.02,3825
Puno,2004-01-23,8.04,13.48,2.61,72.25,11.35,2.75,62.17,-15.84,-70.02,3825
Puno,2004-01-24,9.17,15.45,4.24,69.81,5.17,3.17,62.21,-15.84,-70.02,3825
Puno,2004-01-25,9.46,14.84,5.54,71.79,5.31,3.77,62.21,-15.84,-70.02,3825
Puno,2004-01-26,10.01,16.36,5.45,62.76,1.53,3.02,62.27,-15.84,-70.02,3825
Puno,2004-01-27,10.24,16.66,5.11,63.22,0.52,3.03,62.31,-15.84,-70.02,3825
Puno,2004-01-28,9.72,16.77,3.4,55.46,2.96,3.29,62.34,-15.84,-70.02,3825
Puno,2004-01-29,9.03,14.99,4.36,60.38,2.98,3.5,62.32,-15.84,-70.02,3825
Puno,2004-01-30,8.75,15.12,2.9,60.31,0.98,3.63,62.28,-15.84,-70.02,3825
Puno,2004-01-31,9.62,16.66,4.29,63.14,0.18,3.38,62.25,-15.84,-70.02,3825
Puno,2004-02-01,10.11,16.13,4.88,63.58,0.01,3.43,62.28,-15.84,-70.02,3825
Puno,2004-02-02,10.02,15.51,4.97,66.07,0.32,2.88,62.21,-15.84,-70.02,3825
Puno,2004-02-03,8.48,13.19,5.03,72.89,0.15,2.1,62.13,-15.84,-70.02,3825
Puno,2004-02-04,9.39,15.24,4.23,71.16,1.32,2.25,62.1,-15.84,-70.02,3825
Puno,2004-02-05,7.51,14.95,2.48,78.84,4.62,3.81,62.21,-15.84,-70.02,3825
Puno,2004-02-06,7.42,13.21,2.49,79.26,5.31,4.27,62.27,-15.84,-70.02,3825
Puno,2004-02-07,8.93,15.07,4.28,74.94,4.16,4.04,62.22,-15.84,-70.02,3825
Puno,2004-02-08,9.67,15.23,4.9,72.91,2.1,3.31,62.25,-15.84,-70.02,3825
Puno,2004-02-09,9.71,15.02,5.51,72.29,3.02,3.49,62.24,-15.84,-70.02,3825
Puno,2004-02-10,8.32,13.14,5.09,76.8,12.43,3.35,62.18,-15.84,-70.02,3825
Puno,2004-02-11,8.58,13.56,4.66,74.97,1.5,3.39,62.16,-15.84,-70.02,3825
Puno,2004-02-12,9.47,15.52,5.16,69.38,2.13,1.96,62.19,-15.84,-70.02,3825
Puno,2004-02-13,8.13,12.84,4.04,73.63,8.38,1.74,62.26,-15.84,-70.02,3825
Puno,2004-02-14,8.58,16.62,2.81,69.05,0.95,2.15,62.18,-15.84,-70.02,3825
Puno,2004-02-15,8.25,15.26,4.1,69.25,1.02,2.49,62.2,-15.84,-70.02,3825
Puno,2004-02-16,9.45,17.27,3.63,59.85,0.02,2.73,62.26,-15.84,-70.02,3825
Puno,2004-02-17,10.2,16.34,4.22,61.16,0.01,2.39,62.31,-15.84,-70.02,3825
Puno,2004-02-18,10.25,14.83,6.88,66.09,0.36,2.68,62.31,-15.84,-70.02,3825
Puno,2004-02-19,8.85,13.59,5.62,72.56,1.46,3.72,62.25,-15.84,-70.02,3825
Puno,2004-02-20,7.63,14.12,2.5,74.05,1.61,3.08,62.17,-15.84,-70.02,3825
Puno,2004-02-21,9.11,17.54,2.36,64.46,0.55,2.04,62.21,-15.84,-70.02,3825
Puno,2004-02-22,10.39,17.16,5.26,57.29,0.08,1.76,62.29,-15.84,-70.02,3825
Puno,2004-02-23,10.4,16.76,5.09,57.42,0.0,1.82,62.25,-15.84,-70.02,3825
Puno,2004-02-24,10.69,16.6,5.63,59.86,0.0,2.18,62.13,-15.84,-70.02,3825
Puno,2004-02-25,9.57,13.99,6.35,65.4,0.04,2.36,62.17,-15.84,-70.02,3825
Puno,2004-02-26,9.85,16.29,4.95,61.55,0.01,3.25,62.39,-15.84,-70.02,3825
Puno,2004-02-27,8.54,15.83,2.08,53.56,0.0,3.44,62.47,-15.84,-70.02,3825
Puno,2004-02-28,9.51,16.41,3.52,47.77,0.0,2.84,62.35,-15.84,-70.02,3825
Puno,2004-02-29,10.52,17.76,5.05,54.06,0.0,3.36,62.27,-15.84,-70.02,3825
Puno,2004-03-01,10.11,18.37,4.1,52.52,0.0,1.76,62.38,-15.84,-70.02,3825
Puno,2004-03-02,9.82,15.3,4.69,50.73,0.0,2.44,62.43,-15.84,-70.02,3825
Puno,2004-03-03,9.39,14.28,4.62,67.37,4.81,2.68,62.38,-15.84,-70.02,3825
Puno,2004-03-04,10.29,17.89,5.44,62.5,2.59,2.88,62.33,-15.84,-70.02,3825
Puno,2004-03-05,9.52,16.23,4.81,63.11,0.24,3.69,62.44,-15.84,-70.02,3825
Puno,2004-03-06,9.69,17.11,3.87,50.76,0.39,2.71,62.39,-15.84,-70.02,3825
Puno,2004-03-07,9.67,16.84,4.31,57.17,0.29,3.0,62.36,-15.84,-70.02,3825
Puno,2004-03-08,9.06,14.88,5.28,64.12,0.43,3.69,62.34,-15.84,-70.02,3825
Puno,2004-03-09,8.12,14.67,3.93,73.41,2.38,4.27,62.34,-15.84,-70.02,3825
Puno,2004-03-10,8.9,14.98,4.28,74.39,1.7,3.5,62.42,-15.84,-70.02,3825
Puno,2004-03-11,9.96,15.91,5.64,69.56,1.23,2.5,62.35,-15.84,-70.02,3825
Puno,2004-03-12,10.23,16.15,5.81,68.64,0.17,2.84,62.22,-15.84,-70.02,3825
Puno,2004-03-13,10.96,16.4,6.76,66.41,0.0,2.42,62.23,-15.84,-70.02,3825
Puno,2004-03-14,11.14,17.51,7.04,66.24,0.63,2.75,62.35,-15.84,-70.02,3825
Puno,2004-03-15,10.52,15.72,6.55,66.41,0.0,3.36,62.36,-15.84,-70.02,3825
Puno,2004-03-16,10.65,17.07,6.1,64.55,0.0,2.74,62.27,-15.84,-70.02,3825
Puno,2004-03-17,10.84,17.07,5.33,62.41,0.0,2.42,62.2,-15.84,-70.02,3825
Puno,2004-03-18,11.62,17.98,7.37,61.78,0.14,2.24,62.15,-15.84,-70.02,3825
Puno,2004-03-19,7.74,10.45,4.17,80.85,0.2,2.02,62.19,-15.84,-70.02,3825
Puno,2004-03-20,9.57,16.39,4.45,65.55,0.09,2.91,62.22,-15.84,-70.02,3825
Puno,2004-03-21,9.7,16.88,4.67,66.77,0.96,3.04,62.17,-15.84,-70.02,3825
Puno,2004-03-22,7.83,14.45,2.45,74.44,0.69,2.38,62.21,-15.84,-70.02,3825
Puno,2004-03-23,7.7,15.27,3.26,74.87,0.92,2.62,62.27,-15.84,-70.02,3825
Puno,2004-03-24,6.94,12.51,2.24,77.8,3.42,1.93,62.28,-15.84,-70.02,3825
Puno,2004-03-25,8.22,13.47,4.35,73.1,1.98,2.19,62.21,-15.84,-70.02,3825
Puno,2004-03-26,9.1,16.02,1.92,63.15,0.17,2.32,62.16,-15.84,-70.02,3825
Puno,2004-03-27,8.87,14.76,4.89,72.07,1.09,2.19,62.1,-15.84,-70.02,3825
Puno,2004-03-28,8.2,15.14,2.08,69.86,1.23,2.61,62.13,-15.84,-70.02,3825
Puno,2004-03-29,8.05,13.69,4.29,75.19,1.98,3.18,62.21,-15.84,-70.02,3825
Puno,2004-03-30,7.88,14.59,2.78,74.21,0.5,3.49,62.3,-15.84,-70.02,3825
Puno,2004-03-31,9.52,17.5,1.88,66.75,1.66,1.66,62.26,-15.84,-70.02,3825
Puno,2004-04-01,9.53,16.37,3.64,71.23,1.95,2.12,62.27,-15.84,-70.02,3825
Puno,2004-04-02,8.38,16.58,3.31,67.81,0.44,2.49,62.33,-15.84,-70.02,3825
Puno,2004-04-03,9.78,16.85,3.95,64.78,3.26,2.3,62.35,-15.84,-70.02,3825
Puno,2004-04-04,10.22,16.54,6.26,68.09,1.64,2.88,62.38,-15.84,-70.02,3825
Puno,2004-04-05,10.29,16.29,6.05,61.79,0.23,2.3,62.45,-15.84,-70.02,3825
Puno,2004-04-06,11.78,18.45,6.75,53.87,0.0,1.52,62.32,-15.84,-70.02,3825
Puno,2004-04-07,8.94,13.77,4.84,66.11,0.01,2.15,62.29,-15.84,-70.02,3825
Puno,2004-04-08,9.78,15.47,5.07,62.07,5.36,2.53,62.32,-15.84,-70.02,3825
Puno,2004-04-09,9.4,15.73,5.12,65.33,0.9,3.04,62.45,-15.84,-70.02,3825
Puno,2004-04-10,9.13,14.96,4.61,65.27,0.01,2.44,62.33,-15.84,-70.02,3825
Puno,2004-04-11,10.06,16.22,5.2,58.83,0.0,2.04,62.19,-15.84,-70.02,3825
Puno,2004-04-12,9.8,16.33,5.47,61.15,0.0,2.66,62.21,-15.84,-70.02,3825
Puno,2004-04-13,10.08,17.25,3.94,58.01,0.0,2.07,62.31,-15.84,-70.02,3825
Puno,2004-04-14,10.15,18.24,2.66,56.09,0.02,1.62,62.23,-15.84,-70.02,3825
Puno,2004-04-15,8.63,14.21,4.9,64.54,0.75,2.37,62.17,-15.84,-70.02,3825
Puno,2004-04-16,8.92,15.28,3.61,62.06,0.08,1.47,62.17,-15.84,-70.02,3825
Puno,2004-04-17,8.4,13.8,5.02,70.29,2.8,2.08,62.25,-15.84,-70.02,3825
Puno,2004-04-18,7.09,11.46,4.0,75.17,0.25,1.92,62.31,-15.84,-70.02,3825
Puno,2004-04-19,8.54,14.12,4.82,67.16,0.05,1.69,62.27,-15.84,-70.02,3825
Puno,2004-04-20,9.33,16.66,3.48,58.61,0.01,1.2,62.17,-15.84,-70.02,3825
Puno,2004-04-21,8.61,17.15,2.91,44.99,0.0,2.3,62.13,-15.84,-70.02,3825
Puno,2004-04-22,7.05,15.07,-0.32,51.04,0.3,2.7,62.17,-15.84,-70.02,3825
Puno,2004-04-23,7.65,15.46,1.35,56.29,0.21,1.89,62.22,-15.84,-70.02,3825
Puno,2004-04-24,5.99,11.59,1.75,66.03,0.2,2.42,62.3,-15.84,-70.02,3825
Puno,2004-04-25,5.64,12.66,1.48,77.56,0.94,1.61,62.4,-15.84,-70.02,3825
Puno,2004-04-26,8.49,16.38,2.09,65.34,0.02,2.52,62.33,-15.84,-70.02,3825
Puno,2004-04-27,8.98,15.65,3.92,65.42,0.98,2.82,62.31,-15.84,-70.02,3825
Puno,2004-04-28,9.05,15.23,4.48,61.39,0.03,1.89,62.36,-15.84,-70.02,3825
Puno,2004-04-29,9.98,16.99,3.04,58.27,0.05,1.56,62.32,-15.84,-70.02,3825
Puno,2004-04-30,9.42,14.75,5.47,67.96,0.87,2.11,62.26,-15.84,-70.02,3825
Puno,2004-05-01,9.57,17.54,4.07,51.68,0.13,1.09,62.12,-15.84,-70.02,3825
Puno,2004-05-02,8.08,16.98,-0.85,35.69,0.0,1.07,62.16,-15.84,-70.02,3825
Puno,2004-05-03,6.93,13.54,0.43,58.28,0.16,2.59,62.31,-15.84,-70.02,3825
Puno,2004-05-04,5.77,9.72,2.36,72.02,0.17,1.96,62.36,-15.84,-70.02,3825
Puno,2004-05-05,6.43,16.2,-1.31,59.12,0.02,3.38,62.16,-15.84,-70.02,3825
Puno,2004-05-06,4.15,15.58,-4.32,46.3,0.0,4.03,62.18,-15.84,-70.02,3825
Puno,2004-05-07,5.45,16.13,-4.05,34.86,0.0,1.94,62.23,-15.84,-70.02,3825
Puno,2004-05-08,6.87,14.95,0.78,44.56,0.17,1.38,62.28,-15.84,-70.02,3825
Puno,2004-05-09,5.94,15.76,-1.83,34.28,0.0,2.46,62.28,-15.84,-70.02,3825
Puno,2004-05-10,6.35,16.29,-2.11,33.33,0.0,1.53,62.28,-15.84,-70.02,3825
Puno,2004-05-11,6.01,16.83,-1.92,32.91,0.0,2.07,62.27,-15.84,-70.02,3825
Puno,2004-05-12,5.42,16.16,-2.56,29.44,0.0,2.95,62.26,-15.84,-70.02,3825
Puno,2004-05-13,5.51,15.61,-2.59,27.12,0.09,1.66,62.21,-15.84,-70.02,3825
Puno,2004-05-14,4.85,15.76,-2.25,29.24,0.18,3.1,62.07,-15.84,-70.02,3825
Puno,2004-05-15,3.68,14.05,-3.55,29.52,0.09,3.71,62.12,-15.84,-70.02,3825
Puno,2004-05-16,3.87,14.51,-3.43,33.47,0.0,3.52,62.19,-15.84,-70.02,3825
Puno,2004-05-17,4.16,14.79,-3.58,29.77,0.0,2.53,62.23,-15.84,-70.02,3825
Puno,2004-05-18,4.39,14.65,-2.86,32.37,0.01,2.5,62.25,-15.84,-70.02,3825
Puno,2004-05-19,5.22,14.16,-2.43,40.67,0.0,1.81,62.36,-15.84,-70.02,3825
Puno,2004-05-20,5.79,14.26,-1.62,49.2,0.0,1.55,62.42,-15.84,-70.02,3825
Puno,2004-05-21,5.06,14.95,-2.24,43.02,0.0,2.41,62.3,-15.84,-70.02,3825
Puno,2004-05-22,5.52,15.24,-2.24,47.56,0.0,2.3,62.17,-15.84,-70.02,3825
Puno,2004-05-23,4.99,15.23,-2.69,44.13,0.05,3.36,62.18,-15.84,-70.02,3825
Puno,2004-05-24,5.16,15.01,-1.57,42.9,0.1,2.86,62.25,-15.84,-70.02,3825
Puno,2004-05-25,5.47,15.85,-1.99,39.61,0.0,2.31,62.26,-15.84,-70.02,3825
Puno,2004-05-26,6.09,14.12,0.24,44.65,0.0,1.24,62.28,-15.84,-70.02,3825
Puno,2004-05-27,4.83,14.63,-2.04,39.67,0.03,2.38,62.3,-15.84,-70.02,3825
Puno,2004-05-28,4.33,15.17,-3.67,28.55,0.02,1.64,62.33,-15.84,-70.02,3825
Puno,2004-05-29,4.79,14.78,-3.19,24.01,0.01,2.14,62.29,-15.84,-70.02,3825
Puno,2004-05-30,4.62,14.63,-2.81,29.32,0.0,2.85,62.27,-15.84,-70.02,3825
Puno,2004-05-31,4.21,12.66,-3.25,27.23,0.0,1.29,62.26,-15.84,-70.02,3825
Puno,2004-06-01,4.2,13.64,-2.97,32.57,0.0,1.74,62.19,-15.84,-70.02,3825
Puno,2004-06-02,4.94,13.33,-1.1,42.91,0.0,1.37,62.32,-15.84,-70.02,3825
Puno,2004-06-03,5.16,12.68,0.44,55.61,0.01,1.66,62.41,-15.84,-70.02,3825
Puno,2004-06-04,5.75,14.04,-2.01,50.57,0.0,1.66,62.36,-15.84,-70.02,3825
Puno,2004-06-05,5.74,14.6,-1.8,34.89,0.0,1.73,62.23,-15.84,-70.02,3825
Puno,2004-06-06,5.18,13.83,-1.65,41.42,0.0,2.68,62.15,-15.84,-70.02,3825
Puno,2004-06-07,4.42,12.02,-1.37,63.05,0.09,3.62,62.22,-15.84,-70.02,3825
Puno,2004-06-08,4.7,12.63,-1.87,42.97,0.0,3.51,62.29,-15.84,-70.02,3825
Puno,2004-06-09,3.71,11.81,-2.18,31.19,0.0,3.58,62.25,-15.84,-70.02,3825
Puno,2004-06-10,3.46,11.32,-2.47,25.56,0.01,2.31,62.26,-15.84,-70.02,3825
Puno,2004-06-11,4.35,13.36,-1.39,32.85,0.03,2.31,62.37,-15.84,-70.02,3825
Puno,2004-06-12,4.51,10.74,-1.23,51.55,0.0,1.9,62.52,-15.84,-70.02,3825
Puno,2004-06-13,5.46,13.71,-0.47,40.48,0.0,1.51,62.45,-15.84,-70.02,3825
Puno,2004-06-14,4.75,12.42,-1.93,38.01,0.0,1.91,62.36,-15.84,-70.02,3825
Puno,2004-06-15,5.57,13.7,-1.11,48.43,0.0,1.59,62.3,-15.84,-70.02,3825
Puno,2004-06-16,5.84,13.98,-1.44,41.31,0.0,1.73,62.29,-15.84,-70.02,3825
Puno,2004-06-17,5.21,13.5,-1.02,48.32,0.0,2.3,62.4,-15.84,-70.02,3825
Puno,2004-06-18,5.86,13.07,0.12,59.48,0.0,1.81,62.46,-15.84,-70.02,3825
Puno,2004-06-19,6.31,13.45,-0.65,44.54,0.0,1.15,62.42,-15.84,-70.02,3825
Puno,2004-06-20,4.74,13.57,-1.42,29.61,0.0,2.52,62.34,-15.84,-70.02,3825
Puno,2004-06-21,4.66,12.25,-0.61,39.58,0.0,2.09,62.33,-15.84,-70.02,3825
Puno,2004-06-22,5.93,13.6,-0.07,60.24,0.29,1.31,62.32,-15.84,-70.02,3825
Puno,2004-06-23,5.32,12.51,-0.66,54.7,0.0,1.74,62.34,-15.84,-70.02,3825
Puno,2004-06-24,3.77,8.42,-0.56,57.02,0.0,2.0,62.26,-15.84,-70.02,3825
Puno,2004-06-25,4.59,13.5,-2.63,45.49,0.0,3.01,62.13,-15.84,-70.02,3825
Puno,2004-06-26,2.54,7.42,-2.24,58.58,0.07,2.55,62.2,-15.84,-70.02,3825
Puno,2004-06-27,4.12,10.51,-1.57,44.72,0.0,2.66,62.28,-15.84,-70.02,3825
Puno,2004-06-28,4.08,14.17,-3.27,39.92,0.0,2.26,62.27,-15.84,-70.02,3825
Puno,2004-06-29,5.55,12.76,-1.5,37.51,0.0,1.93,62.21,-15.84,-70.02,3825
Puno,2004-06-30,5.25,11.74,1.25,73.95,0.0,2.36,62.23,-15.84,-70.02,3825
Puno,2004-07-01,5.22,12.74,0.24,71.83,1.37,3.71,62.19,-15.84,-70.02,3825
Puno,2004-07-02,4.41,10.45,0.5,77.25,2.52,3.52,62.13,-15.84,-70.02,3825
Puno,2004-07-03,4.4,10.15,0.1,75.59,1.01,4.06,62.15,-15.84,-70.02,3825
Puno,2004-07-04,3.65,9.11,-0.34,81.46,1.39,2.42,62.29,-15.84,-70.02,3825
Puno,2004-07-05,5.46,11.36,1.34,76.32,1.22,2.68,62.38,-15.84,-70.02,3825
Puno,2004-07-06,6.27,13.02,1.43,70.51,0.3,1.87,62.28,-15.84,-70.02,3825
Puno,2004-07-07,4.04,14.24,-3.67,53.14,0.1,4.65,62.05,-15.84,-70.02,3825
Puno,2004-07-08,3.09,12.54,-4.99,34.45,0.0,2.2,62.12,-15.84,-70.02,3825
Puno,2004-07-09,5.32,14.35,-1.44,44.67,0.0,1.13,62.12,-15.84,-70.02,3825
Puno,2004-07-10,3.93,12.08,-2.55,50.03,0.0,2.53,62.21,-15.84,-70.02,3825
Puno,2004-07-11,4.62,10.87,-0.78,65.96,0.0,1.58,62.17,-15.84,-70.02,3825
Puno,2004-07-12,3.98,13.54,-2.61,35.84,0.0,3.28,62.12,-15.84,-70.02,3825
Puno,2004-07-13,4.82,14.0,-3.64,32.0,0.0,1.78,62.15,-15.84,-70.02,3825
Puno,2004-07-14,4.49,12.75,-2.17,42.31,0.0,1.93,62.25,-15.84,-70.02,3825
Puno,2004-07-15,5.25,11.53,1.3,70.02,0.0,2.06,62.32,-15.84,-70.02,3825
Puno,2004-07-16,4.84,10.61,0.42,71.92,0.01,2.26,62.35,-15.84,-70.02,3825
Puno,2004-07-17,4.0,10.15,0.13,70.05,0.47,2.33,62.28,-15.84,-70.02,3825
Puno,2004-07-18,3.22,13.0,-3.51,33.89,0.01,3.37,62.25,-15.84,-70.02,3825
Puno,2004-07-19,3.22,12.23,-3.91,33.91,0.0,2.01,62.32,-15.84,-70.02,3825
Puno,2004-07-20,4.48,12.24,-1.1,56.61,0.0,2.69,62.3,-15.84,-70.02,3825
Puno,2004-07-21,4.68,12.73,-2.05,51.75,0.0,1.68,62.23,-15.84,-70.02,3825
Puno,2004-07-22,4.23,12.51,-2.89,31.73,0.0,1.86,62.15,-15.84,-70.02,3825
Puno,2004-07-23,5.5,12.77,0.28,62.91,0.0,1.49,62.14,-15.84,-70.02,3825
Puno,2004-07-24,5.9,13.21,0.44,53.43,0.0,1.42,62.18,-15.84,-70.02,3825
Puno,2004-07-25,6.1,13.66,0.7,62.42,0.0,1.97,62.18,-15.84,-70.02,3825
Puno,2004-07-26,7.06,14.43,2.09,68.79,0.0,2.47,62.25,-15.84,-70.02,3825
Puno,2004-07-27,7.61,15.88,-0.4,63.24,0.0,2.61,62.26,-15.84,-70.02,3825
Puno,2004-07-28,6.97,15.98,-0.54,57.37,0.01,1.75,62.19,-15.84,-70.02,3825
Puno,2004-07-29,6.6,15.2,-0.8,57.0,0.22,2.08,62.19,-15.84,-70.02,3825
Puno,2004-07-30,6.57,13.0,2.02,66.55,0.34,1.91,62.25,-15.84,-70.02,3825
Puno,2004-07-31,6.6,15.31,-0.95,54.86,0.01,1.97,62.28,-15.84,-70.02,3825
Puno,2004-08-01,7.04,16.18,-1.06,40.6,0.0,1.82,62.22,-15.84,-70.02,3825
Puno,2004-08-02,7.7,16.33,-0.82,41.79,0.0,2.2,62.17,-15.84,-70.02,3825
Puno,2004-08-03,7.33,15.9,-0.18,50.95,0.0,2.81,62.22,-15.84,-70.02,3825
Puno,2004-08-04,6.76,14.86,-0.81,55.26,0.0,2.33,62.34,-15.84,-70.02,3825
Puno,2004-08-05,6.56,13.77,1.66,65.88,0.06,2.84,62.37,-15.84,-70.02,3825
Puno,2004-08-06,5.7,12.59,0.75,66.48,0.16,3.53,62.43,-15.84,-70.02,3825
Puno,2004-08-07,4.3,8.86,0.78,75.93,0.05,3.02,62.46,-15.84,-70.02,3825
Puno,2004-08-08,4.57,9.12,1.02,74.97,0.0,2.1,62.39,-15.84,-70.02,3825
Puno,2004-08-09,5.6,11.23,1.4,65.42,0.01,1.6,62.37,-15.84,-70.02,3825
Puno,2004-08-10,6.21,13.53,0.26,60.33,0.0,1.7,62.39,-15.84,-70.02,3825
Puno,2004-08-11,3.7,7.4,0.91,75.15,0.0,1.9,62.48,-15.84,-70.02,3825
Puno,2004-08-12,5.72,12.93,0.42,61.65,0.0,2.24,62.44,-15.84,-70.02,3825
Puno,2004-08-13,5.73,12.64,0.45,62.88,0.0,2.52,62.36,-15.84,-70.02,3825
Puno,2004-08-14,5.92,13.77,-1.29,57.99,0.0,2.9,62.25,-15.84,-70.02,3825
Puno,2004-08-15,6.18,13.88,-1.15,57.64,0.01,3.94,62.17,-15.84,-70.02,3825
Puno,2004-08-16,6.35,13.59,0.41,61.98,0.0,3.13,62.18,-15.84,-70.02,3825
Puno,2004-08-17,6.76,14.81,-0.09,62.94,0.65,2.8,62.22,-15.84,-70.02,3825
Puno,2004-08-18,6.77,13.55,2.64,71.92,0.21,2.82,62.29,-15.84,-70.02,3825
Puno,2004-08-19,6.93,13.16,2.02,72.69,0.0,3.32,62.36,-15.84,-70.02,3825
Puno,2004-08-20,8.47,16.85,1.36,61.86,0.7,2.37,62.3,-15.84,-70.02,3825
Puno,2004-08-21,7.32,14.03,1.4,69.1,0.54,2.58,62.28,-15.84,-70.02,3825
Puno,2004-08-22,6.43,13.0,1.18,74.27,0.48,2.83,62.22,-15.84,-70.02,3825
Puno,2004-08-23,6.41,13.34,1.8,70.75,4.54,4.97,62.19,-15.84,-70.02,3825
Puno,2004-08-24,4.63,10.05,0.28,74.7,3.88,4.18,62.15,-15.84,-70.02,3825
Puno,2004-08-25,5.65,13.78,-0.07,53.56,0.3,2.81,62.15,-15.84,-70.02,3825
Puno,2004-08-26,3.95,14.14,-3.87,36.44,0.0,4.17,62.18,-15.84,-70.02,3825
Puno,2004-08-27,3.99,12.85,-5.14,27.04,0.0,2.36,62.23,-15.84,-70.02,3825
Puno,2004-08-28,5.19,12.75,-1.6,49.84,0.0,2.75,62.34,-15.84,-70.02,3825
Puno,2004-08-29,5.91,11.59,1.31,67.47,0.0,3.94,62.41,-15.84,-70.02,3825
Puno,2004-08-30,5.88,12.45,0.81,58.82,0.0,2.84,62.49,-15.84,-70.02,3825
Puno,2004-08-31,6.83,13.61,1.73,64.99,0.0,2.39,62.48,-15.84,-70.02,3825
Puno,2004-09-01,7.88,14.27,3.16,66.03,0.0,2.61,62.38,-15.84,-70.02,3825
Puno,2004-09-02,6.98,11.07,4.07,71.96,0.01,2.83,62.39,-15.84,-70.02,3825
Puno,2004-09-03,7.46,13.57,3.13,65.76,0.01,2.93,62.44,-15.84,-70.02,3825
Puno,2004-09-04,8.21,15.4,2.25,61.34,0.0,2.64,62.35,-15.84,-70.02,3825
Puno,2004-09-05,8.56,14.83,4.08,61.54,0.0,2.23,62.25,-15.84,-70.02,3825
Puno,2004-09-06,8.49,15.36,2.43,56.95,0.86,2.07,62.1,-15.84,-70.02,3825
Puno,2004-09-07,7.25,16.19,-2.11,34.98,0.02,1.97,62.02,-15.84,-70.02,3825
Puno,2004-09-08,6.25,11.26,2.41,68.99,3.02,2.57,62.13,-15.84,-70.02,3825
Puno,2004-09-09,5.54,10.21,2.92,78.24,10.15,2.68,62.28,-15.84,-70.02,3825
Puno,2004-09-10,7.94,14.8,2.5,68.91,0.1,2.47,62.27,-15.84,-70.02,3825
Puno,2004-09-11,8.68,15.69,3.89,64.44,0.01,3.08,62.3,-15.84,-70.02,3825
Puno,2004-09-12,8.06,17.22,1.51,57.79,0.0,1.57,62.27,-15.84,-70.02,3825
Puno,2004-09-13,8.32,17.28,0.21,38.73,0.0,1.14,62.21,-15.84,-70.02,3825
Puno,2004-09-14,8.05,17.03,-2.21,29.38,0.21,1.49,62.19,-15.84,-70.02,3825
Puno,2004-09-15,8.07,16.24,0.97,41.05,0.0,1.81,62.21,-15.84,-70.02,3825
Puno,2004-09-16,6.73,15.86,-0.18,37.44,0.0,2.34,62.23,-15.84,-70.02,3825
Puno,2004-09-17,6.8,14.83,-0.28,34.89,0.0,1.37,62.27,-15.84,-70.02,3825
Puno,2004-09-18,7.75,14.99,2.29,54.48,0.0,2.72,62.32,-15.84,-70.02,3825
Puno,2004-09-19,8.55,15.53,3.23,63.36,0.0,3.16,62.3,-15.84,-70.02,3825
Puno,2004-09-20,7.91,12.76,4.33,66.37,0.0,3.23,62.33,-15.84,-70.02,3825
Puno,2004-09-21,8.45,13.99,3.94,66.15,0.0,2.68,62.36,-15.84,-70.02,3825
Puno,2004-09-22,8.96,15.35,4.58,66.6,0.0,4.14,62.48,-15.84,-70.02,3825
Puno,2004-09-23,8.73,15.01,4.23,68.94,0.02,4.24,62.47,-15.84,-70.02,3825
Puno,2004-09-24,7.77,11.41,4.43,74.75,0.25,4.14,62.37,-15.84,-70.02,3825
Puno,2004-09-25,7.64,13.93,2.74,60.03,0.06,3.66,62.37,-15.84,-70.02,3825
Puno,2004-09-26,7.2,12.28,2.92,67.88,0.49,2.14,62.36,-15.84,-70.02,3825
Puno,2004-09-27,7.44,13.97,3.27,68.54,3.67,2.1,62.34,-15.84,-70.02,3825
Puno,2004-09-28,8.3,16.41,0.14,46.8,0.11,2.1,62.23,-15.84,-70.02,3825
Puno,2004-09-29,8.7,15.72,3.32,58.73,1.33,2.1,62.12,-15.84,-70.02,3825
Puno,2004-09-30,7.93,15.48,1.16,41.28,0.75,1.87,62.06,-15.84,-70.02,3825
Puno,2004-10-01,7.72,15.18,1.29,45.93,0.44,2.53,62.13,-15.84,-70.02,3825
Puno,2004-10-02,8.16,18.42,0.45,37.17,0.01,2.56,62.16,-15.84,-70.02,3825
Puno,2004-10-03,7.51,15.8,-0.39,49.35,0.0,2.79,62.24,-15.84,-70.02,3825
Puno,2004-10-04,7.71,12.54,4.58,69.43,0.0,3.21,62.29,-15.84,-70.02,3825
Puno,2004-10-05,8.09,14.18,3.85,61.71,0.0,3.84,62.37,-15.84,-70.02,3825
Puno,2004-10-06,7.87,14.57,2.1,57.7,0.0,3.77,62.41,-15.84,-70.02,3825
Puno,2004-10-07,8.36,14.74,3.56,58.11,0.01,1.7,62.37,-15.84,-70.02,3825
Puno,2004-10-08,10.35,18.58,2.0,39.47,0.32,1.76,62.17,-15.84,-70.02,3825
Puno,2004-10-09,9.57,16.99,3.98,46.93,1.6,1.57,62.11,-15.84,-70.02,3825
Puno,2004-10-10,9.78,17.65,1.89,34.25,0.04,1.77,62.15,-15.84,-70.02,3825
Puno,2004-10-11,10.18,18.19,3.84,48.92,0.05,2.03,62.09,-15.84,-70.02,3825
Puno,2004-10-12,8.6,16.28,1.06,30.53,0.01,3.9,62.03,-15.84,-70.02,3825
Puno,2004-10-13,8.59,18.63,-1.58,29.62,0.0,2.72,62.05,-15.84,-70.02,3825
Puno,2004-10-14,9.79,17.85,3.71,45.99,0.05,2.18,62.03,-15.84,-70.02,3825
Puno,2004-10-15,9.32,17.13,1.9,46.21,0.01,2.83,62.08,-15.84,-70.02,3825
Puno,2004-10-16,9.72,17.73,1.92,48.58,0.0,2.55,62.16,-15.84,-70.02,3825
Puno,2004-10-17,9.81,17.55,2.07,48.37,0.0,1.74,62.19,-15.84,-70.02,3825
Puno,2004-10-18,10.02,18.39,1.27,51.95,0.0,3.13,62.2,-15.84,-70.02,3825
Puno,2004-10-19,9.84,17.7,3.49,63.66,0.09,3.04,62.28,-15.84,-70.02,3825
Puno,2004-10-20,7.84,13.14,2.97,60.62,0.02,2.36,62.33,-15.84,-70.02,3825
Puno,2004-10-21,10.03,16.92,4.35,52.39,0.37,2.1,62.19,-15.84,-70.02,3825
Puno,2004-10-22,9.7,15.7,5.2,63.99,1.18,2.66,62.18,-15.84,-70.02,3825
Puno,2004-10-23,10.51,15.64,6.06,56.28,0.16,2.52,62.17,-15.84,-70.02,3825
Puno,2004-10-24,10.91,19.25,3.29,38.54,0.0,1.85,62.07,-15.84,-70.02,3825
Puno,2004-10-25,9.26,19.73,0.13,25.25,0.01,2.41,62.08,-15.84,-70.02,3825
Puno,2004-10-26,8.96,19.13,-2.21,28.21,0.11,2.84,62.15,-15.84,-70.02,3825
Puno,2004-10-27,8.61,14.76,4.62,64.47,0.24,4.27,62.29,-15.84,-70.02,3825
Puno,2004-10-28,8.66,14.79,3.09,65.12,0.01,3.36,62.31,-15.84,-70.02,3825
Puno,2004-10-29,10.21,16.88,4.27,52.44,0.0,3.49,62.25,-15.84,-70.02,3825
Puno,2004-10-30,9.76,15.15,5.36,64.76,0.0,3.81,62.23,-15.84,-70.02,3825
Puno,2004-10-31,9.71,16.56,4.77,64.61,0.0,4.28,62.26,-15.84,-70.02,3825
Puno,2004-11-01,8.87,15.68,3.01,65.7,1.56,3.63,62.26,-15.84,-70.02,3825
Puno,2004-11-02,10.87,17.01,6.65,60.46,0.21,2.44,62.15,-15.84,-70.02,3825
Puno,2004-11-03,11.03,16.97,5.57,59.48,0.0,2.85,62.08,-15.84,-70.02,3825
Puno,2004-11-04,10.65,15.7,6.84,63.49,16.68,2.19,62.11,-15.84,-70.02,3825
Puno,2004-11-05,10.25,15.92,5.48,65.61,0.53,4.36,62.12,-15.84,-70.02,3825
Puno,2004-11-06,7.28,12.14,2.57,76.47,6.03,2.37,62.13,-15.84,-70.02,3825
Puno,2004-11-07,7.79,13.48,2.52,69.98,9.18,1.76,62.2,-15.84,-70.02,3825
Puno,2004-11-08,8.32,13.66,4.66,71.25,0.23,2.89,62.27,-15.84,-70.02,3825
Puno,2004-11-09,10.0,14.79,5.97,62.42,0.0,2.11,62.22,-15.84,-70.02,3825
Puno,2004-11-10,10.71,20.33,1.43,34.99,0.0,2.22,62.15,-15.84,-70.02,3825
Puno,2004-11-11,9.76,18.32,0.21,29.47,0.0,2.94,62.11,-15.84,-70.02,3825
Puno,2004-11-12,9.59,16.37,1.51,41.16,0.0,2.63,62.01,-15.84,-70.02,3825
Puno,2004-11-13,10.28,17.91,2.23,45.57,0.0,2.4,61.99,-15.84,-70.02,3825
Puno,2004-11-14,9.32,16.89,2.98,51.11,0.04,1.77,62.06,-15.84,-70.02,3825
Puno,2004-11-15,9.92,17.71,4.14,48.63,0.01,1.71,62.08,-15.84,-70.02,3825
Puno,2004-11-16,9.3,17.62,1.49,52.39,0.09,2.3,62.09,-15.84,-70.02,3825
Puno,2004-11-17,9.49,17.14,4.04,57.09,0.38,2.29,62.1,-15.84,-70.02,3825
Puno,2004-11-18,10.36,19.18,3.42,32.44,0.32,1.64,62.12,-15.84,-70.02,3825
Puno,2004-11-19,9.85,17.18,3.21,42.64,0.99,2.3,62.21,-15.84,-70.02,3825
Puno,2004-11-20,10.25,17.64,3.62,44.46,0.08,2.84,62.22,-15.84,-70.02,3825
Puno,2004-11-21,11.77,19.49,5.55,46.47,0.45,1.73,62.18,-15.84,-70.02,3825
Puno,2004-11-22,9.6,16.48,4.5,59.43,0.05,3.47,62.24,-15.84,-70.02,3825
Puno,2004-11-23,9.48,16.06,5.17,61.07,0.48,3.16,62.17,-15.84,-70.02,3825
Puno,2004-11-24,9.65,15.78,5.06,58.62,0.06,2.57,62.19,-15.84,-70.02,3825
Puno,2004-11-25,11.07,19.06,5.17,36.74,0.0,1.41,62.17,-15.84,-70.02,3825
Puno,2004-11-26,10.41,17.51,1.74,41.37,0.0,2.78,62.13,-15.84,-70.02,3825
Puno,2004-11-27,11.69,17.69,6.73,53.01,0.91,1.91,62.05,-15.84,-70.02,3825
Puno,2004-11-28,12.04,20.71,3.23,34.02,0.13,1.76,62.01,-15.84,-70.02,3825
Puno,2004-11-29,9.45,14.86,5.75,72.14,0.52,3.77,62.11,-15.84,-70.02,3825
Puno,2004-11-30,9.96,16.08,4.51,63.15,0.23,3.12,62.18,-15.84,-70.02,3825
Puno,2004-12-01,10.95,18.22,5.4,58.17,3.66,2.87,62.15,-15.84,-70.02,3825
Puno,2004-12-02,10.5,15.78,5.74,60.98,0.41,3.51,62.15,-15.84,-70.02,3825
Puno,2004-12-03,10.47,15.72,5.62,59.96,0.0,3.0,62.12,-15.84,-70.02,3825
Puno,2004-12-04,11.2,17.89,6.58,60.69,0.0,4.08,62.22,-15.84,-70.02,3825
Puno,2004-12-05,11.14,17.34,6.55,57.74,0.0,3.63,62.29,-15.84,-70.02,3825
Puno,2004-12-06,11.67,17.51,6.74,54.37,0.0,1.73,62.22,-15.84,-70.02,3825
Puno,2004-12-07,12.49,20.81,5.32,38.43,0.0,2.6,62.16,-15.84,-70.02,3825
Puno,2004-12-08,11.79,19.13,4.88,43.46,3.56,2.62,62.14,-15.84,-70.02,3825
Puno,2004-12-09,10.07,15.14,6.47,65.44,2.89,3.31,62.16,-15.84,-70.02,3825
Puno,2004-12-10,9.41,15.16,5.22,68.02,2.24,5.03,62.27,-15.84,-70.02,3825
Puno,2004-12-11,9.32,16.25,3.22,63.5,0.55,3.91,62.28,-15.84,-70.02,3825
Puno,2004-12-12,11.1,17.72,5.45,59.45,2.21,3.36,62.23,-15.84,-70.02,3825
Puno,2004-12-13,7.95,11.68,4.36,72.01,0.93,2.46,62.3,-15.84,-70.02,3825
Puno,2004-12-14,9.22,16.26,3.31,65.95,4.18,2.53,62.2,-15.84,-70.02,3825
Puno,2004-12-15,9.78,15.85,4.3,61.73,3.04,1.74,62.13,-15.84,-70.02,3825
Puno,2004-12-16,9.27,16.18,2.56,62.86,0.02,1.98,62.12,-15.84,-70.02,3825
Puno,2004-12-17,8.54,11.49,5.39,68.34,2.1,3.29,62.11,-15.84,-70.02,3825
Puno,2004-12-18,8.96,12.62,5.92,72.24,0.57,2.2,62.15,-15.84,-70.02,3825
Puno,2004-12-19,10.95,17.38,5.78,59.89,0.32,2.6,62.19,-15.84,-70.02,3825
Puno,2004-12-20,12.09,18.3,6.82,52.74,0.29,2.69,62.19,-15.84,-70.02,3825
Puno,2004-12-21,10.77,17.5,4.94,58.79,0.05,2.92,62.24,-15.84,-70.02,3825
Puno,2004-12-22,12.05,18.83,5.42,50.47,0.41,2.3,62.12,-15.84,-70.02,3825
Puno,2004-12-23,9.24,15.64,4.4,60.56,0.05,2.71,62.13,-15.84,-70.02,3825
Puno,2004-12-24,11.9,18.46,4.91,41.76,0.0,2.02,62.03,-15.84,-70.02,3825
Puno,2004-12-25,10.8,14.41,6.31,49.0,0.19,1.67,61.99,-15.84,-70.02,3825
Puno,2004-12-26,10.32,16.07,5.32,57.84,0.31,2.63,62.15,-15.84,-70.02,3825
Puno,2004-12-27,8.48,12.48,5.58,70.88,1.49,3.91,62.23,-15.84,-70.02,3825
Puno,2004-12-28,10.01,16.55,4.93,56.72,0.87,3.28,62.19,-15.84,-70.02,3825
Puno,2004-12-29,10.46,17.21,4.85,57.4,0.44,3.92,62.13,-15.84,-70.02,3825
Puno,2004-12-30,8.27,12.29,4.93,68.38,10.33,3.13,62.15,-15.84,-70.02,3825
Puno,2004-12-31,8.49,13.84,4.21,72.81,7.01,2.6,62.18,-15.84,-70.02,3825
Puno,2005-01-01,9.15,14.85,3.28,68.73,1.06,2.36,62.25,-15.84,-70.02,3825
Puno,2005-01-02,10.05,15.98,6.96,70.93,2.19,2.87,62.23,-15.84,-70.02,3825
Puno,2005-01-03,9.29,13.57,5.83,75.38,1.35,3.04,62.2,-15.84,-70.02,3825
Puno,2005-01-04,10.26,17.0,5.77,65.72,0.22,3.73,62.24,-15.84,-70.02,3825
Puno,2005-01-05,10.58,17.74,4.1,56.87,0.0,3.4,62.22,-15.84,-70.02,3825
Puno,2005-01-06,10.08,16.74,3.75,59.3,0.7,3.69,62.19,-15.84,-70.02,3825
Puno,2005-01-07,9.92,16.75,4.17,60.31,0.49,4.39,62.29,-15.84,-70.02,3825
Puno,2005-01-08,10.89,17.34,5.27,49.57,0.86,2.59,62.28,-15.84,-70.02,3825
Puno,2005-01-09,11.11,17.75,5.73,59.9,0.7,3.06,62.17,-15.84,-70.02,3825
Puno,2005-01-10,8.53,13.62,4.92,70.12,1.2,2.6,62.11,-15.84,-70.02,3825
Puno,2005-01-11,9.41,15.62,3.64,64.98,1.02,2.32,62.1,-15.84,-70.02,3825
Puno,2005-01-12,10.96,17.28,5.73,66.58,1.27,2.72,62.13,-15.84,-70.02,3825
Puno,2005-01-13,11.09,18.67,5.28,65.01,1.91,2.77,62.19,-15.84,-70.02,3825
Puno,2005-01-14,8.06,15.45,3.02,65.02,0.68,4.15,62.13,-15.84,-70.02,3825
Puno,2005-01-15,10.59,20.38,0.86,45.67,0.0,2.98,62.03,-15.84,-70.02,3825
Puno,2005-01-16,8.07,14.0,4.06,62.4,1.54,3.85,62.11,-15.84,-70.02,3825
Puno,2005-01-17,9.12,16.48,3.87,64.95,1.35,2.81,62.1,-15.84,-70.02,3825
Puno,2005-01-18,10.31,17.31,3.11,54.53,0.14,2.58,62.09,-15.84,-70.02,3825
Puno,2005-01-19,9.7,16.91,3.56,61.43,0.66,2.28,62.07,-15.84,-70.02,3825
Puno,2005-01-20,8.33,17.42,2.7,65.46,2.15,2.54,62.11,-15.84,-70.02,3825
Puno,2005-01-21,10.26,18.11,3.02,52.25,2.24,1.56,62.11,-15.84,-70.02,3825
Puno,2005-01-22,11.52,19.52,3.44,42.25,0.11,1.63,62.16,-15.84,-70.02,3825
Puno,2005-01-23,9.49,14.29,6.29,63.33,0.11,1.98,62.21,-15.84,-70.02,3825
Puno,2005-01-24,10.74,19.04,4.04,51.22,0.73,2.26,62.07,-15.84,-70.02,3825
Puno,2005-01-25,10.87,19.37,3.77,36.25,0.97,1.72,62.1,-15.84,-70.02,3825
Puno,2005-01-26,8.98,13.76,5.31,66.62,0.62,2.72,62.21,-15.84,-70.02,3825
Puno,2005-01-27,11.42,18.38,5.44,58.55,0.13,2.52,62.18,-15.84,-70.02,3825
Puno,2005-01-28,11.51,17.83,7.48,59.89,0.13,2.21,62.11,-15.84,-70.02,3825
Puno,2005-01-29,10.89,18.08,5.1,57.76,0.01,2.44,62.04,-15.84,-70.02,3825
Puno,2005-01-30,11.93,18.54,6.78,56.05,0.53,2.35,61.98,-15.84,-70.02,3825
Puno,2005-01-31,10.97,17.4,6.52,60.68,0.3,3.98,62.08,-15.84,-70.02,3825
Puno,2005-02-01,7.72,10.93,4.83,76.51,1.09,3.53,62.13,-15.84,-70.02,3825
Puno,2005-02-02,9.09,15.68,4.72,69.8,0.32,3.95,62.12,-15.84,-70.02,3825
Puno,2005-02-03,10.58,17.76,5.16,63.12,2.04,3.75,62.2,-15.84,-70.02,3825
Puno,2005-02-04,10.1,16.56,5.5,63.25,0.28,4.53,62.3,-15.84,-70.02,3825
Puno,2005-02-05,9.75,15.94,4.9,64.32,3.71,4.13,62.28,-15.84,-70.02,3825
Puno,2005-02-06,7.59,13.53,3.98,72.44,4.28,2.79,62.25,-15.84,-70.02,3825
Puno,2005-02-07,8.83,17.18,3.15,62.85,1.09,2.36,62.2,-15.84,-70.02,3825
Puno,2005-02-08,8.3,16.41,2.31,68.52,5.12,2.62,62.15,-15.84,-70.02,3825
Puno,2005-02-09,8.68,14.84,4.73,74.39,11.05,2.69,62.21,-15.84,-70.02,3825
Puno,2005-02-10,8.55,13.62,4.59,74.21,11.43,3.12,62.27,-15.84,-70.02,3825
Puno,2005-02-11,8.72,14.17,5.09,73.84,10.88,2.81,62.23,-15.84,-70.02,3825
Puno,2005-02-12,8.28,14.15,4.39,72.99,12.93,3.94,62.21,-15.84,-70.02,3825
Puno,2005-02-13,8.63,15.09,3.1,72.1,2.23,2.81,62.17,-15.84,-70.02,3825
Puno,2005-02-14,8.72,15.61,2.89,69.87,2.9,1.95,62.17,-15.84,-70.02,3825
Puno,2005-02-15,8.25,12.61,4.25,70.98,2.36,1.88,62.13,-15.84,-70.02,3825
Puno,2005-02-16,8.67,15.31,3.3,69.23,10.83,2.63,62.1,-15.84,-70.02,3825
Puno,2005-02-17,7.61,12.67,4.36,74.5,4.5,4.82,62.25,-15.84,-70.02,3825
Puno,2005-02-18,7.36,13.34,2.5,71.04,5.14,4.91,62.3,-15.84,-70.02,3825
Puno,2005-02-19,7.68,14.11,2.57,71.43,6.32,4.12,62.29,-15.84,-70.02,3825
Puno,2005-02-20,8.1,14.05,2.74,77.87,9.33,3.24,62.26,-15.84,-70.02,3825
Puno,2005-02-21,8.67,16.16,2.35,73.27,5.67,3.19,62.19,-15.84,-70.02,3825
Puno,2005-02-22,8.9,16.94,3.06,68.52,10.68,3.09,62.13,-15.84,-70.02,3825
Puno,2005-02-23,8.26,13.22,3.27,57.23,3.45,1.49,62.27,-15.84,-70.02,3825
Puno,2005-02-24,10.57,17.44,4.36,55.15,0.23,3.26,62.34,-15.84,-70.02,3825
Puno,2005-02-25,9.85,15.32,5.78,69.3,0.58,3.21,62.38,-15.84,-70.02,3825
Puno,2005-02-26,10.81,16.96,5.69,65.99,0.15,2.26,62.26,-15.84,-70.02,3825
Puno,2005-02-27,11.79,19.13,5.7,53.97,0.02,1.73,62.2,-15.84,-70.02,3825
Puno,2005-02-28,10.86,18.32,2.91,55.32,0.21,2.44,62.27,-15.84,-70.02,3825
Puno,2005-03-01,9.97,14.99,5.84,72.69,1.98,3.16,62.36,-15.84,-70.02,3825
Puno,2005-03-02,9.59,15.78,4.35,71.03,0.38,3.2,62.37,-15.84,-70.02,3825
Puno,2005-03-03,9.58,14.98,5.82,73.28,3.57,3.95,62.4,-15.84,-70.02,3825
Puno,2005-03-04,9.92,16.08,5.33,60.92,0.22,3.48,62.46,-15.84,-70.02,3825
Puno,2005-03-05,9.36,16.85,3.41,48.87,0.0,3.3,62.49,-15.84,-70.02,3825
Puno,2005-03-06,10.5,18.54,3.68,45.12,0.17,1.97,62.4,-15.84,-70.02,3825
Puno,2005-03-07,11.37,18.87,3.73,52.09,0.08,2.13,62.25,-15.84,-70.02,3825
Puno,2005-03-08,12.13,18.51,7.26,51.8,0.73,2.31,62.2,-15.84,-70.02,3825
Puno,2005-03-09,10.07,15.51,6.52,71.01,3.36,4.01,62.25,-15.84,-70.02,3825
Puno,2005-03-10,8.71,16.33,2.41,73.64,3.23,3.22,62.25,-15.84,-70.02,3825
Puno,2005-03-11,10.06,16.27,5.38,69.39,0.73,2.57,62.27,-15.84,-70.02,3825
Puno,2005-03-12,10.55,18.23,4.62,61.17,1.34,1.89,62.25,-15.84,-70.02,3825
Puno,2005-03-13,9.6,17.94,4.11,60.95,0.14,2.3,62.21,-15.84,-70.02,3825
Puno,2005-03-14,7.89,15.64,2.15,67.46,0.35,2.46,62.18,-15.84,-70.02,3825
Puno,2005-03-15,9.65,16.27,4.2,65.75,0.13,2.94,62.16,-15.84,-70.02,3825
Puno,2005-03-16,9.84,16.92,4.09,54.79,0.12,3.11,62.27,-15.84,-70.02,3825
Puno,2005-03-17,10.21,16.53,4.03,58.16,0.35,2.41,62.3,-15.84,-70.02,3825
Puno,2005-03-18,10.47,16.45,5.15,57.82,0.19,2.61,62.28,-15.84,-70.02,3825
Puno,2005-03-19,9.25,15.01,4.16,64.1,0.12,2.75,62.32,-15.84,-70.02,3825
Puno,2005-03-20,9.76,15.37,5.32,62.12,0.0,2.38,62.18,-15.84,-70.02,3825
Puno,2005-03-21,8.49,15.01,2.5,69.04,5.58,2.41,62.15,-15.84,-70.02,3825
Puno,2005-03-22,8.11,14.93,2.33,72.51,1.4,3.05,62.25,-15.84,-70.02,3825
Puno,2005-03-23,5.78,9.57,2.69,81.38,10.34,1.82,62.44,-15.84,-70.02,3825
Puno,2005-03-24,8.92,14.98,3.88,73.13,1.28,2.43,62.41,-15.84,-70.02,3825
Puno,2005-03-25,9.7,15.89,5.27,71.1,0.64,2.85,62.32,-15.84,-70.02,3825
Puno,2005-03-26,9.79,16.3,5.24,67.49,0.36,3.09,62.29,-15.84,-70.02,3825
Puno,2005-03-27,9.55,15.43,5.7,69.49,1.24,3.48,62.28,-15.84,-70.02,3825
Puno,2005-03-28,9.02,14.73,4.97,70.63,1.19,3.02,62.31,-15.84,-70.02,3825
Puno,2005-03-29,8.9,14.82,4.42,71.43,1.59,3.86,62.3,-15.84,-70.02,3825
Puno,2005-03-30,8.8,14.46,5.01,73.08,8.22,3.43,62.32,-15.84,-70.02,3825
Puno,2005-03-31,9.31,15.79,5.13,71.14,1.77,3.14,62.27,-15.84,-70.02,3825
Puno,2005-04-01,9.52,14.86,5.44,67.69,5.08,1.75,62.22,-15.84,-70.02,3825
Puno,2005-04-02,7.52,10.42,5.18,79.19,6.02,2.0,62.27,-15.84,-70.02,3825
Puno,2005-04-03,8.47,15.51,4.55,71.02,0.54,2.16,62.32,-15.84,-70.02,3825
Puno,2005-04-04,9.28,14.65,5.55,70.17,0.02,2.25,62.34,-15.84,-70.02,3825
Puno,2005-04-05,10.03,15.81,5.35,71.07,0.16,3.24,62.34,-15.84,-70.02,3825
Puno,2005-04-06,9.73,16.28,4.81,69.42,0.04,3.12,62.39,-15.84,-70.02,3825
Puno,2005-04-07,9.55,14.24,5.97,69.74,0.11,1.76,62.35,-15.84,-70.02,3825
Puno,2005-04-08,9.8,16.44,5.38,67.33,0.19,3.19,62.39,-15.84,-70.02,3825
Puno,2005-04-09,9.45,15.74,4.77,65.92,0.01,3.24,62.42,-15.84,-70.02,3825
Puno,2005-04-10,9.73,16.6,5.2,63.32,0.36,2.69,62.34,-15.84,-70.02,3825
Puno,2005-04-11,10.06,17.02,4.88,60.61,0.11,1.99,62.24,-15.84,-70.02,3825
Puno,2005-04-12,9.12,15.55,4.99,67.62,7.75,3.54,62.26,-15.84,-70.02,3825
Puno,2005-04-13,7.62,13.59,2.87,72.3,3.51,2.41,62.36,-15.84,-70.02,3825
Puno,2005-04-14,9.71,16.0,4.49,65.84,0.23,2.41,62.31,-15.84,-70.02,3825
Puno,2005-04-15,9.36,14.55,6.29,66.98,0.1,3.39,62.4,-15.84,-70.02,3825
Puno,2005-04-16,9.05,15.14,4.77,62.86,0.0,2.32,62.44,-15.84,-70.02,3825
Puno,2005-04-17,10.25,17.16,6.02,60.29,0.02,2.13,62.4,-15.84,-70.02,3825
Puno,2005-04-18,9.77,17.75,2.82,48.44,0.01,1.56,62.3,-15.84,-70.02,3825
Puno,2005-04-19,7.46,16.67,-1.45,30.29,0.0,1.6,62.31,-15.84,-70.02,3825
Puno,2005-04-20,7.39,15.86,-0.5,43.93,0.12,2.26,62.34,-15.84,-70.02,3825
Puno,2005-04-21,8.01,14.09,3.1,63.3,0.34,1.92,62.31,-15.84,-70.02,3825
Puno,2005-04-22,9.41,16.99,4.5,54.14,0.16,0.89,62.28,-15.84,-70.02,3825
Puno,2005-04-23,8.83,16.96,2.74,52.5,0.01,1.58,62.22,-15.84,-70.02,3825
Puno,2005-04-24,7.08,13.22,2.15,62.5,0.14,1.81,62.21,-15.84,-70.02,3825
Puno,2005-04-25,7.86,15.64,1.4,56.47,0.03,1.52,62.26,-15.84,-70.02,3825
Puno,2005-04-26,7.76,16.98,0.97,48.29,0.0,2.6,62.31,-15.84,-70.02,3825
Puno,2005-04-27,6.9,17.86,-1.72,44.72,0.0,3.67,62.32,-15.84,-70.02,3825
Puno,2005-04-28,5.86,16.59,-2.82,35.79,0.0,3.88,62.27,-15.84,-70.02,3825
Puno,2005-04-29,5.39,14.19,-2.71,45.14,0.0,2.7,62.37,-15.84,-70.02,3825
Puno,2005-04-30,6.92,14.74,1.52,63.47,0.0,2.38,62.48,-15.84,-70.02,3825
Puno,2005-05-01,7.7,15.37,1.11,56.55,0.0,2.12,62.47,-15.84,-70.02,3825
Puno,2005-05-02,8.13,16.28,0.45,48.04,0.0,1.55,62.32,-15.84,-70.02,3825
Puno,2005-05-03,7.42,15.71,-0.68,52.75,0.0,2.38,62.23,-15.84,-70.02,3825
Puno,2005-05-04,7.99,16.2,-0.29,48.25,0.0,2.29,62.25,-15.84,-70.02,3825
Puno,2005-05-05,7.45,14.59,0.28,46.93,0.0,2.22,62.3,-15.84,-70.02,3825
Puno,2005-05-06,7.66,15.0,1.72,48.84,0.0,2.24,62.27,-15.84,-70.02,3825
Puno,2005-05-07,6.43,14.9,0.93,46.04,0.03,1.61,62.25,-15.84,-70.02,3825
Puno,2005-05-08,5.47,15.35,-2.58,29.84,0.06,1.52,62.25,-15.84,-70.02,3825
Puno,2005-05-09,5.34,13.94,-2.06,34.98,0.0,2.15,62.33,-15.84,-70.02,3825
Puno,2005-05-10,6.58,14.88,0.22,48.33,0.0,1.83,62.27,-15.84,-70.02,3825
Puno,2005-05-11,6.62,14.42,-0.15,63.08,0.0,2.29,62.28,-15.84,-70.02,3825
Puno,2005-05-12,8.25,14.82,3.99,63.26,0.0,1.64,62.25,-15.84,-70.02,3825
Puno,2005-05-13,7.17,15.34,-0.54,38.85,0.0,1.9,62.2,-15.84,-70.02,3825
Puno,2005-05-14,6.33,15.44,-1.29,35.47,0.13,1.65,62.17,-15.84,-70.02,3825
Puno,2005-05-15,6.27,15.66,-2.02,43.34,0.04,2.0,62.16,-15.84,-70.02,3825
Puno,2005-05-16,7.94,15.96,0.26,51.17,0.12,1.71,62.17,-15.84,-70.02,3825
Puno,2005-05-17,8.51,15.57,3.27,57.9,0.03,1.41,62.2,-15.84,-70.02,3825
Puno,2005-05-18,7.67,16.46,0.32,49.85,0.0,2.65,62.19,-15.84,-70.02,3825
Puno,2005-05-19,7.32,17.18,-0.26,47.1,0.0,1.99,62.16,-15.84,-70.02,3825
Puno,2005-05-20,7.46,17.56,-1.23,40.15,0.0,1.78,62.2,-15.84,-70.02,3825
Puno,2005-05-21,7.53,17.1,0.32,50.41,0.02,1.78,62.28,-15.84,-70.02,3825
Puno,2005-05-22,7.98,17.98,0.0,46.94,0.04,2.49,62.23,-15.84,-70.02,3825
Puno,2005-05-23,5.32,16.76,-3.18,24.27,0.0,3.86,62.1,-15.84,-70.02,3825
Puno,2005-05-24,4.91,16.24,-3.1,24.32,0.0,4.23,62.13,-15.84,-70.02,3825
Puno,2005-05-25,6.17,15.55,-2.83,23.52,0.04,1.35,62.26,-15.84,-70.02,3825
Puno,2005-05-26,6.24,15.46,-2.41,27.52,0.12,1.4,62.37,-15.84,-70.02,3825
Puno,2005-05-27,7.02,14.93,1.75,37.64,0.0,1.96,62.45,-15.84,-70.02,3825
Puno,2005-05-28,7.15,14.09,3.02,61.41,0.0,1.79,62.43,-15.84,-70.02,3825
Puno,2005-05-29,7.14,14.92,1.11,53.87,0.0,1.82,62.31,-15.84,-70.02,3825
Puno,2005-05-30,6.3,13.74,1.04,69.82,0.02,2.36,62.34,-15.84,-70.02,3825
Puno,2005-05-31,6.71,14.6,1.07,53.58,0.01,0.92,62.35,-15.84,-70.02,3825
Puno,2005-06-01,5.38,14.83,-2.94,35.43,0.0,1.51,62.3,-15.84,-70.02,3825
Puno,2005-06-02,5.43,14.97,-2.42,29.92,0.0,1.96,62.28,-15.84,-70.02,3825
Puno,2005-06-03,6.2,14.77,0.01,40.42,0.0,2.0,62.27,-15.84,-70.02,3825
Puno,2005-06-04,7.36,14.83,3.16,62.05,0.0,1.55,62.31,-15.84,-70.02,3825
Puno,2005-06-05,7.39,13.86,3.21,69.41,0.0,2.12,62.37,-15.84,-70.02,3825
Puno,2005-06-06,7.14,12.59,3.08,62.84,0.0,1.78,62.33,-15.84,-70.02,3825
Puno,2005-06-07,6.01,14.33,-1.6,33.23,0.0,1.81,62.14,-15.84,-70.02,3825
Puno,2005-06-08,5.46,14.01,-2.3,34.63,0.0,2.03,62.15,-15.84,-70.02,3825
Puno,2005-06-09,4.75,14.16,-1.97,39.6,0.15,3.03,62.19,-15.84,-70.02,3825
Puno,2005-06-10,3.31,13.9,-3.81,35.76,0.02,3.37,62.23,-15.84,-70.02,3825
Puno,2005-06-11,3.48,13.66,-3.85,32.95,0.0,2.1,62.2,-15.84,-70.02,3825
Puno,2005-06-12,4.16,13.88,-2.21,31.87,0.07,2.46,62.19,-15.84,-70.02,3825
Puno,2005-06-13,3.85,13.69,-3.75,35.82,0.01,3.03,62.19,-15.84,-70.02,3825
Puno,2005-06-14,5.46,13.39,0.32,43.96,0.0,1.52,62.28,-15.84,-70.02,3825
Puno,2005-06-15,5.62,13.4,-1.38,47.97,0.0,1.73,62.37,-15.84,-70.02,3825
Puno,2005-06-16,6.25,14.33,-1.58,51.18,0.14,1.36,62.35,-15.84,-70.02,3825
Puno,2005-06-17,4.74,14.16,-3.42,30.72,0.0,1.81,62.31,-15.84,-70.02,3825
Puno,2005-06-18,4.96,14.24,-2.71,25.07,0.0,1.66,62.28,-15.84,-70.02,3825
Puno,2005-06-19,4.99,13.8,-2.0,24.7,0.0,1.47,62.2,-15.84,-70.02,3825
Puno,2005-06-20,4.6,13.35,-2.11,31.0,0.01,1.43,62.25,-15.84,-70.02,3825
Puno,2005-06-21,4.94,11.39,-1.26,35.91,0.01,1.18,62.34,-15.84,-70.02,3825
Puno,2005-06-22,5.63,13.18,0.31,29.03,0.02,1.03,62.34,-15.84,-70.02,3825
Puno,2005-06-23,4.22,11.47,-0.3,55.24,0.23,1.58,62.4,-15.84,-70.02,3825
Puno,2005-06-24,5.19,13.53,-3.02,47.05,0.08,1.26,62.29,-15.84,-70.02,3825
Puno,2005-06-25,4.13,13.7,-2.16,37.76,0.0,2.93,62.16,-15.84,-70.02,3825
Puno,2005-06-26,2.14,11.41,-4.36,32.01,0.0,5.21,62.1,-15.84,-70.02,3825
Puno,2005-06-27,3.28,13.2,-3.51,24.88,0.0,4.34,62.15,-15.84,-70.02,3825
Puno,2005-06-28,4.33,12.96,-2.69,36.09,0.0,2.27,62.26,-15.84,-70.02,3825
Puno,2005-06-29,4.81,12.53,-0.25,59.4,0.0,2.05,62.42,-15.84,-70.02,3825
Puno,2005-06-30,5.3,12.02,1.25,70.19,0.02,2.05,62.53,-15.84,-70.02,3825
Puno,2005-07-01,5.82,13.14,0.78,59.88,0.12,1.68,62.46,-15.84,-70.02,3825
Puno,2005-07-02,6.55,14.54,0.76,53.49,0.0,2.22,62.39,-15.84,-70.02,3825
Puno,2005-07-03,7.5,15.24,0.75,59.6,0.0,1.79,62.46,-15.84,-70.02,3825
Puno,2005-07-04,7.2,16.01,-0.72,54.34,0.0,2.35,62.48,-15.84,-70.02,3825
Puno,2005-07-05,7.82,14.94,3.65,68.53,0.01,2.17,62.47,-15.84,-70.02,3825
Puno,2005-07-06,7.09,14.62,2.34,68.33,0.0,2.25,62.47,-15.84,-70.02,3825
Puno,2005-07-07,6.48,13.3,2.1,64.15,0.0,2.21,62.52,-15.84,-70.02,3825
Puno,2005-07-08,7.41,15.28,1.47,49.54,0.0,1.38,62.43,-15.84,-70.02,3825
Puno,2005-07-09,5.43,13.34,-0.46,45.39,0.0,2.13,62.39,-15.84,-70.02,3825
Puno,2005-07-10,5.07,12.34,-0.19,57.19,0.0,2.39,62.42,-15.84,-70.02,3825
Puno,2005-07-11,4.68,12.12,-0.14,44.52,0.0,2.27,62.51,-15.84,-70.02,3825
Puno,2005-07-12,5.0,12.45,0.08,32.9,0.0,1.51,62.44,-15.84,-70.02,3825
Puno,2005-07-13,4.62,14.33,-2.2,29.18,0.0,2.42,62.19,-15.84,-70.02,3825
Puno,2005-07-14,4.51,15.11,-2.71,30.42,0.0,3.72,62.06,-15.84,-70.02,3825
Puno,2005-07-15,4.04,14.38,-3.19,35.47,0.0,4.35,62.06,-15.84,-70.02,3825
Puno,2005-07-16,3.58,13.89,-3.58,30.74,0.0,4.0,62.1,-15.84,-70.02,3825
Puno,2005-07-17,4.52,12.76,-2.5,42.81,0.04,3.59,62.18,-15.84,-70.02,3825
Puno,2005-07-18,4.48,13.42,-1.86,35.22,0.02,3.9,62.17,-15.84,-70.02,3825
Puno,2005-07-19,4.27,12.53,-3.19,41.19,0.06,2.09,62.11,-15.84,-70.02,3825
Puno,2005-07-20,4.97,13.16,-1.3,50.16,0.0,3.2,62.15,-15.84,-70.02,3825
Puno,2005-07-21,5.05,13.7,-2.92,51.23,0.0,2.72,62.16,-15.84,-70.02,3825
Puno,2005-07-22,4.95,13.06,-1.39,63.79,0.0,3.75,62.25,-15.84,-70.02,3825
Puno,2005-07-23,4.06,13.26,-2.79,61.08,0.0,3.81,62.25,-15.84,-70.02,3825
Puno,2005-07-24,3.76,14.5,-4.25,51.73,0.0,2.89,62.25,-15.84,-70.02,3825
Puno,2005-07-25,5.14,14.21,-1.46,52.3,0.0,1.95,62.27,-15.84,-70.02,3825
Puno,2005-07-26,5.69,14.08,-1.24,58.37,0.0,1.56,62.27,-15.84,-70.02,3825
Puno,2005-07-27,6.3,13.65,-0.2,57.05,0.01,1.45,62.28,-15.84,-70.02,3825
Puno,2005-07-28,6.14,14.1,-1.03,57.56,0.0,2.08,62.33,-15.84,-70.02,3825
Puno,2005-07-29,7.72,14.91,2.45,56.36,0.0,1.5,62.37,-15.84,-70.02,3825
Puno,2005-07-30,7.16,14.94,0.33,43.81,0.0,1.83,62.36,-15.84,-70.02,3825
Puno,2005-07-31,7.29,14.54,2.33,54.02,0.0,1.82,62.33,-15.84,-70.02,3825
Puno,2005-08-01,6.42,14.14,0.96,55.9,0.0,2.5,62.37,-15.84,-70.02,3825
Puno,2005-08-02,5.79,14.04,-0.99,62.6,0.0,2.6,62.37,-15.84,-70.02,3825
Puno,2005-08-03,5.44,12.4,0.07,65.8,0.0,2.15,62.35,-15.84,-70.02,3825
Puno,2005-08-04,7.04,15.22,0.89,49.0,0.0,1.26,62.27,-15.84,-70.02,3825
Puno,2005-08-05,5.8,14.4,-1.52,42.26,0.0,2.39,62.29,-15.84,-70.02,3825
Puno,2005-08-06,5.87,12.03,1.94,71.94,0.0,2.26,62.31,-15.84,-70.02,3825
Puno,2005-08-07,4.84,9.62,1.67,71.27,0.4,1.12,62.39,-15.84,-70.02,3825
Puno,2005-08-08,6.09,12.06,1.27,58.31,0.09,1.15,62.41,-15.84,-70.02,3825
Puno,2005-08-09,5.64,14.12,-2.05,44.7,0.0,1.99,62.38,-15.84,-70.02,3825
Puno,2005-08-10,6.55,14.87,0.59,48.76,0.0,2.12,62.37,-15.84,-70.02,3825
Puno,2005-08-11,6.79,14.91,0.31,49.87,0.0,1.79,62.37,-15.84,-70.02,3825
Puno,2005-08-12,6.79,15.56,-1.54,38.19,0.0,1.93,62.3,-15.84,-70.02,3825
Puno,2005-08-13,7.12,15.01,1.32,36.41,0.0,1.52,62.26,-15.84,-70.02,3825
Puno,2005-08-14,6.44,16.17,-2.77,25.13,0.0,1.57,62.28,-15.84,-70.02,3825
Puno,2005-08-15,5.24,13.25,-1.87,39.63,0.0,2.7,62.38,-15.84,-70.02,3825
Puno,2005-08-16,7.17,15.45,0.19,47.72,0.0,1.38,62.34,-15.84,-70.02,3825
Puno,2005-08-17,6.16,14.08,-0.99,45.33,0.27,2.72,62.3,-15.84,-70.02,3825
Puno,2005-08-18,6.12,12.33,2.07,71.72,0.21,2.22,62.4,-15.84,-70.02,3825
Puno,2005-08-19,6.98,13.77,1.69,66.06,0.0,2.53,62.44,-15.84,-70.02,3825
Puno,2005-08-20,8.36,16.11,2.75,54.01,0.0,0.91,62.37,-15.84,-70.02,3825
Puno,2005-08-21,7.31,14.86,0.28,46.51,0.0,1.72,62.23,-15.84,-70.02,3825
Puno,2005-08-22,5.8,15.73,-2.86,33.99,0.0,3.74,62.12,-15.84,-70.02,3825
Puno,2005-08-23,4.03,11.41,-4.54,24.6,0.0,1.62,62.24,-15.84,-70.02,3825
Puno,2005-08-24,6.18,13.08,1.08,45.54,0.09,3.18,62.38,-15.84,-70.02,3825
Puno,2005-08-25,5.86,15.26,-1.73,48.55,0.0,1.99,62.27,-15.84,-70.02,3825
Puno,2005-08-26,4.97,13.79,-3.35,34.37,0.0,2.08,62.28,-15.84,-70.02,3825
Puno,2005-08-27,7.68,17.0,-0.97,35.85,0.0,2.11,62.26,-15.84,-70.02,3825
Puno,2005-08-28,7.17,16.37,-1.22,23.81,0.0,1.76,62.22,-15.84,-70.02,3825
Puno,2005-08-29,6.45,16.98,-2.5,23.71,0.0,1.71,62.12,-15.84,-70.02,3825
Puno,2005-08-30,5.33,16.4,-3.66,22.02,0.04,3.4,62.05,-15.84,-70.02,3825
Puno,2005-08-31,4.75,15.67,-3.54,24.44,0.11,3.48,62.1,-15.84,-70.02,3825
Puno,2005-09-01,6.4,15.56,-2.39,30.36,0.0,1.6,62.15,-15.84,-70.02,3825
Puno,2005-09-02,5.75,11.73,0.4,55.42,0.15,1.22,62.25,-15.84,-70.02,3825
Puno,2005-09-03,4.92,15.62,-3.42,31.5,0.01,4.41,62.24,-15.84,-70.02,3825
Puno,2005-09-04,5.46,15.89,-3.96,31.47,0.0,2.03,62.23,-15.84,-70.02,3825
Puno,2005-09-05,7.15,15.85,0.4,52.97,0.0,1.48,62.23,-15.84,-70.02,3825
Puno,2005-09-06,7.3,14.76,2.45,56.51,0.0,2.31,62.27,-15.84,-70.02,3825
Puno,2005-09-07,6.45,14.49,1.16,61.16,1.18,2.98,62.29,-15.84,-70.02,3825
Puno,2005-09-08,6.16,12.68,1.22,61.08,2.5,2.16,62.3,-15.84,-70.02,3825
Puno,2005-09-09,6.19,12.39,1.78,64.56,0.07,1.34,62.25,-15.84,-70.02,3825
Puno,2005-09-10,5.52,11.52,0.29,55.49,0.05,2.61,62.23,-15.84,-70.02,3825
Puno,2005-09-11,5.83,12.61,0.9,64.15,0.35,2.79,62.21,-15.84,-70.02,3825
Puno,2005-09-12,5.99,12.65,0.53,70.79,0.19,3.81,62.12,-15.84,-70.02,3825
Puno,2005-09-13,7.24,15.4,0.9,59.45,1.5,5.13,62.03,-15.84,-70.02,3825
Puno,2005-09-14,5.51,13.34,0.38,68.03,13.77,4.53,62.14,-15.84,-70.02,3825
Puno,2005-09-15,6.48,14.5,0.24,63.75,1.88,3.3,62.25,-15.84,-70.02,3825
Puno,2005-09-16,7.19,16.5,-0.47,61.51,0.41,3.78,62.25,-15.84,-70.02,3825
Puno,2005-09-17,5.7,13.43,0.31,65.34,0.06,3.48,62.22,-15.84,-70.02,3825
Puno,2005-09-18,4.78,11.07,0.3,64.6,0.0,2.1,62.25,-15.84,-70.02,3825
Puno,2005-09-19,6.82,14.66,0.2,63.81,0.14,1.98,62.28,-15.84,-70.02,3825
Puno,2005-09-20,8.31,16.36,2.32,59.79,0.0,1.94,62.25,-15.84,-70.02,3825
Puno,2005-09-21,8.81,17.94,1.22,50.02,0.0,2.06,62.17,-15.84,-70.02,3825
Puno,2005-09-22,9.27,19.58,2.14,53.99,0.0,3.07,62.1,-15.84,-70.02,3825
Puno,2005-09-23,8.26,17.5,0.91,53.58,0.0,3.22,62.1,-15.84,-70.02,3825
Puno,2005-09-24,7.06,17.47,-0.57,46.98,0.0,5.38,62.14,-15.84,-70.02,3825
Puno,2005-09-25,6.62,17.85,-3.16,31.3,0.07,4.36,62.13,-15.84,-70.02,3825
Puno,2005-09-26,7.44,18.93,-1.57,35.99,0.19,3.85,62.15,-15.84,-70.02,3825
Puno,2005-09-27,8.22,18.25,-1.97,38.67,0.0,1.83,62.24,-15.84,-70.02,3825
Puno,2005-09-28,8.78,16.35,3.36,59.65,0.1,2.27,62.29,-15.84,-70.02,3825
Puno,2005-09-29,9.09,17.2,1.63,51.0,0.06,2.32,62.23,-15.84,-70.02,3825
Puno,2005-09-30,8.35,15.4,2.41,48.23,0.54,2.53,62.14,-15.84,-70.02,3825
Puno,2005-10-01,9.06,17.76,1.55,35.82,0.13,2.23,62.16,-15.84,-70.02,3825
Puno,2005-10-02,8.6,15.28,3.68,47.11,0.04,2.39,62.23,-15.84,-70.02,3825
Puno,2005-10-03,8.79,14.26,4.07,57.15,0.55,2.05,62.25,-15.84,-70.02,3825
Puno,2005-10-04,9.83,17.56,3.52,53.94,0.17,2.42,62.2,-15.84,-70.02,3825
Puno,2005-10-05,9.66,17.84,3.77,55.58,0.5,3.05,62.18,-15.84,-70.02,3825
Puno,2005-10-06,8.39,14.83,3.45,55.48,0.93,2.16,62.28,-15.84,-70.02,3825
Puno,2005-10-07,9.09,16.04,2.91,44.77,1.74,2.12,62.31,-15.84,-70.02,3825
Puno,2005-10-08,5.94,10.71,2.03,74.96,6.25,2.73,62.43,-15.84,-70.02,3825
Puno,2005-10-09,6.76,12.06,2.56,75.68,14.19,2.47,62.38,-15.84,-70.02,3825
Puno,2005-10-10,5.89,12.27,1.16,71.98,3.52,2.36,62.34,-15.84,-70.02,3825
Puno,2005-10-11,7.63,14.34,2.36,61.68,0.03,2.15,62.29,-15.84,-70.02,3825
Puno,2005-10-12,9.8,17.04,3.75,47.0,0.0,1.3,62.18,-15.84,-70.02,3825
Puno,2005-10-13,9.53,17.53,2.38,36.87,0.15,1.58,62.13,-15.84,-70.02,3825
Puno,2005-10-14,9.18,17.09,0.62,44.07,0.01,2.7,62.15,-15.84,-70.02,3825
Puno,2005-10-15,9.13,14.66,4.97,62.95,0.0,2.44,62.12,-15.84,-70.02,3825
Puno,2005-10-16,9.61,17.62,2.87,58.06,4.62,2.98,62.05,-15.84,-70.02,3825
Puno,2005-10-17,7.87,13.11,3.12,53.22,5.06,1.76,62.16,-15.84,-70.02,3825
Puno,2005-10-18,8.68,16.22,3.0,53.7,0.29,2.51,62.16,-15.84,-70.02,3825
Puno,2005-10-19,7.36,15.04,2.42,67.16,3.09,2.57,62.18,-15.84,-70.02,3825
Puno,2005-10-20,9.25,17.23,2.64,42.87,0.09,2.16,62.14,-15.84,-70.02,3825
Puno,2005-10-21,9.15,18.71,1.32,33.01,0.0,1.83,62.11,-15.84,-70.02,3825
Puno,2005-10-22,8.52,16.46,0.2,45.01,0.0,2.47,62.18,-15.84,-70.02,3825
Puno,2005-10-23,8.92,15.53,3.97,63.02,0.69,2.79,62.16,-15.84,-70.02,3825
Puno,2005-10-24,9.44,18.6,2.68,42.23,0.2,1.73,62.14,-15.84,-70.02,3825
Puno,2005-10-25,10.02,18.18,3.08,37.85,0.01,1.4,62.21,-15.84,-70.02,3825
Puno,2005-10-26,9.48,17.74,2.12,49.64,0.23,1.82,62.16,-15.84,-70.02,3825
Puno,2005-10-27,9.7,17.02,2.48,46.92,0.08,1.54,62.15,-15.84,-70.02,3825
Puno,2005-10-28,10.03,19.61,0.86,32.74,0.0,2.09,62.16,-15.84,-70.02,3825
Puno,2005-10-29,10.55,18.34,4.03,43.85,0.06,1.45,62.19,-15.84,-70.02,3825
Puno,2005-10-30,9.88,19.24,1.78,31.88,0.32,1.29,62.22,-15.84,-70.02,3825
Puno,2005-10-31,10.8,20.03,4.09,31.2,0.11,2.09,62.25,-15.84,-70.02,3825
Puno,2005-11-01,10.98,18.73,4.64,47.85,0.0,2.12,62.28,-15.84,-70.02,3825
Puno,2005-11-02,10.71,17.27,5.2,53.78,0.0,2.98,62.38,-15.84,-70.02,3825
Puno,2005-11-03,10.01,15.4,5.31,56.81,0.0,3.12,62.43,-15.84,-70.02,3825
Puno,2005-11-04,10.55,17.81,4.08,52.73,0.0,3.58,62.31,-15.84,-70.02,3825
Puno,2005-11-05,10.5,18.02,4.38,55.29,0.01,3.33,62.16,-15.84,-70.02,3825
Puno,2005-11-06,8.22,15.48,3.6,51.64,1.67,2.53,62.24,-15.84,-70.02,3825
Puno,2005-11-07,6.61,11.84,2.56,74.88,4.26,3.29,62.26,-15.84,-70.02,3825
Puno,2005-11-08,5.36,11.15,1.83,77.58,5.69,2.04,62.26,-15.84,-70.02,3825
Puno,2005-11-09,7.32,12.86,2.64,72.23,2.05,2.25,62.24,-15.84,-70.02,3825
Puno,2005-11-10,9.69,16.43,4.06,55.6,0.35,2.17,62.16,-15.84,-70.02,3825
Puno,2005-11-11,7.74,12.11,4.04,55.36,0.5,2.26,62.2,-15.84,-70.02,3825
Puno,2005-11-12,10.31,17.87,4.48,45.67,0.07,1.53,62.08,-15.84,-70.02,3825
Puno,2005-11-13,9.71,15.68,3.33,47.11,0.0,1.99,62.13,-15.84,-70.02,3825
Puno,2005-11-14,11.06,17.63,5.7,48.46,0.01,2.2,62.11,-15.84,-70.02,3825
Puno,2005-11-15,9.23,15.78,4.0,60.28,0.98,3.03,62.15,-15.84,-70.02,3825
Puno,2005-11-16,10.42,18.54,3.52,45.89,0.01,1.97,62.11,-15.84,-70.02,3825
Puno,2005-11-17,10.76,19.99,1.33,41.07,0.0,1.66,62.02,-15.84,-70.02,3825
Puno,2005-11-18,10.23,17.41,3.91,56.15,0.27,2.41,62.06,-15.84,-70.02,3825
Puno,2005-11-19,8.83,15.6,3.77,63.2,0.59,2.9,62.18,-15.84,-70.02,3825
Puno,2005-11-20,7.65,14.87,3.6,70.63,6.55,1.86,62.21,-15.84,-70.02,3825
Puno,2005-11-21,9.39,15.44,3.67,65.78,5.38,1.98,62.14,-15.84,-70.02,3825
Puno,2005-11-22,9.35,15.15,5.38,64.03,5.27,1.9,62.02,-15.84,-70.02,3825
Puno,2005-11-23,10.13,19.07,2.18,38.77,0.21,3.01,61.96,-15.84,-70.02,3825
Puno,2005-11-24,9.39,16.33,1.74,48.99,0.01,3.63,62.01,-15.84,-70.02,3825
Puno,2005-11-25,10.25,18.89,4.0,56.58,0.79,2.03,62.01,-15.84,-70.02,3825
Puno,2005-11-26,10.27,17.95,2.74,42.72,2.65,2.54,61.96,-15.84,-70.02,3825
Puno,2005-11-27,9.67,19.3,2.08,37.7,0.07,1.91,61.9,-15.84,-70.02,3825
Puno,2005-11-28,9.76,20.72,-0.66,28.8,0.0,2.34,61.91,-15.84,-70.02,3825
Puno,2005-11-29,10.9,19.23,2.46,47.62,0.0,3.07,62.02,-15.84,-70.02,3825
Puno,2005-11-30,11.06,17.11,5.76,55.55,0.12,3.52,62.11,-15.84,-70.02,3825
Puno,2005-12-01,8.37,12.43,5.22,64.85,0.17,4.05,62.16,-15.84,-70.02,3825
Puno,2005-12-02,9.16,15.07,4.33,67.69,2.78,3.53,62.13,-15.84,-70.02,3825
Puno,2005-12-03,8.65,15.09,4.12,68.05,3.16,2.51,62.1,-15.84,-70.02,3825
Puno,2005-12-04,9.79,16.73,3.5,55.32,1.51,2.8,62.09,-15.84,-70.02,3825
Puno,2005-12-05,10.51,19.33,3.17,46.01,0.24,2.32,61.99,-15.84,-70.02,3825
Puno,2005-12-06,10.28,17.9,1.32,40.84,0.01,2.65,61.92,-15.84,-70.02,3825
Puno,2005-12-07,10.3,16.93,6.17,57.38,0.26,3.05,61.96,-15.84,-70.02,3825
Puno,2005-12-08,10.38,17.27,4.69,52.42,0.12,3.11,62.07,-15.84,-70.02,3825
Puno,2005-12-09,10.44,17.82,4.39,55.99,0.1,3.76,62.16,-15.84,-70.02,3825
Puno,2005-12-10,10.24,17.3,4.73,62.32,0.21,4.68,62.2,-15.84,-70.02,3825
Puno,2005-12-11,9.54,15.51,4.96,66.23,2.87,4.0,62.24,-15.84,-70.02,3825
Puno,2005-12-12,10.25,16.54,5.31,62.02,0.34,3.4,62.19,-15.84,-70.02,3825
Puno,2005-12-13,10.77,17.41,5.19,46.08,1.81,3.19,62.13,-15.84,-70.02,3825
Puno,2005-12-14,9.21,15.31,4.33,67.41,11.16,2.12,62.07,-15.84,-70.02,3825
Puno,2005-12-15,8.96,15.08,3.75,67.48,1.19,2.91,62.02,-15.84,-70.02,3825
Puno,2005-12-16,9.84,15.54,4.91,63.31,1.92,1.96,62.07,-15.84,-70.02,3825
Puno,2005-12-17,9.32,15.41,3.56,64.84,0.38,3.4,62.19,-15.84,-70.02,3825
Puno,2005-12-18,10.91,16.26,6.64,60.36,3.03,2.78,62.2,-15.84,-70.02,3825
Puno,2005-12-19,10.9,17.54,5.77,57.6,1.0,4.09,62.21,-15.84,-70.02,3825
Puno,2005-12-20,10.11,17.28,4.94,60.87,2.23,4.11,62.25,-15.84,-70.02,3825
Puno,2005-12-21,10.7,17.61,3.98,51.94,0.27,2.46,62.29,-15.84,-70.02,3825
Puno,2005-12-22,10.83,16.95,6.11,53.64,0.16,3.56,62.28,-15.84,-70.02,3825
Puno,2005-12-23,10.46,16.9,4.55,52.01,0.01,3.37,62.25,-15.84,-70.02,3825
Puno,2005-12-24,10.21,16.43,5.75,65.27,0.25,4.24,62.28,-15.84,-70.02,3825
Puno,2005-12-25,9.3,15.17,4.84,65.69,4.67,4.06,62.3,-15.84,-70.02,3825
Puno,2005-12-26,8.98,14.41,5.04,71.83,2.31,5.2,62.25,-15.84,-70.02,3825
Puno,2005-12-27,9.36,15.8,4.51,68.6,4.05,3.4,62.18,-15.84,-70.02,3825
Puno,2005-12-28,8.55,15.17,2.72,70.54,2.74,2.81,62.06,-15.84,-70.02,3825
Puno,2005-12-29,8.46,14.22,4.54,72.13,2.2,3.24,61.97,-15.84,-70.02,3825
Puno,2005-12-30,10.02,15.54,5.82,67.28,1.65,2.57,61.93,-15.84,-70.02,3825
Puno,2005-12-31,9.24,15.49,4.41,65.14,6.75,2.2,61.98,-15.84,-70.02,3825
Puno,2006-01-01,8.49,14.14,3.69,57.59,5.13,2.89,62.01,-15.84,-70.02,3825
Puno,2006-01-02,7.69,13.66,2.8,62.39,7.13,2.81,62.07,-15.84,-70.02,3825
Puno,2006-01-03,8.64,16.51,2.64,64.45,2.48,3.46,62.09,-15.84,-70.02,3825
Puno,2006-01-04,9.25,14.94,4.6,71.24,4.57,3.01,62.05,-15.84,-70.02,3825
Puno,2006-01-05,9.23,14.9,5.19,67.11,2.13,3.86,62.05,-15.84,-70.02,3825
Puno,2006-01-06,9.76,15.99,4.97,62.12,0.03,4.26,62.15,-15.84,-70.02,3825
Puno,2006-01-07,8.87,14.96,4.17,63.41,0.0,3.35,62.2,-15.84,-70.02,3825
Puno,2006-01-08,10.25,16.41,5.52,60.26,0.17,3.12,62.15,-15.84,-70.02,3825
Puno,2006-01-09,9.96,16.17,4.97,58.22,0.44,2.28,62.15,-15.84,-70.02,3825
Puno,2006-01-10,11.05,17.53,4.23,54.29,0.44,3.23,62.05,-15.84,-70.02,3825
Puno,2006-01-11,9.79,16.7,4.5,63.53,5.98,3.56,61.96,-15.84,-70.02,3825
Puno,2006-01-12,8.2,14.14,4.46,76.16,9.47,3.72,62.01,-15.84,-70.02,3825
Puno,2006-01-13,8.51,15.06,3.31,76.29,3.83,3.48,62.05,-15.84,-70.02,3825
Puno,2006-01-14,6.66,12.5,2.13,79.63,6.7,2.36,62.15,-15.84,-70.02,3825
Puno,2006-01-15,7.92,15.88,2.52,75.7,6.03,3.11,62.09,-15.84,-70.02,3825
Puno,2006-01-16,8.04,16.22,2.19,73.1,7.14,3.42,62.15,-15.84,-70.02,3825
Puno,2006-01-17,6.89,13.21,2.63,79.02,9.2,4.09,62.3,-15.84,-70.02,3825
Puno,2006-01-18,5.61,12.54,1.74,79.67,8.39,2.02,62.19,-15.84,-70.02,3825
Puno,2006-01-19,8.68,18.01,-0.42,57.77,0.53,2.36,61.97,-15.84,-70.02,3825
Puno,2006-01-20,9.01,16.38,1.11,64.26,0.43,2.52,61.89,-15.84,-70.02,3825
Puno,2006-01-21,7.08,12.77,3.39,78.33,4.5,2.65,61.99,-15.84,-70.02,3825
Puno,2006-01-22,6.89,12.62,2.56,76.65,4.39,2.91,62.12,-15.84,-70.02,3825
Puno,2006-01-23,8.95,14.56,4.93,75.05,4.34,3.57,62.05,-15.84,-70.02,3825
Puno,2006-01-24,8.42,15.79,3.6,72.98,4.91,3.47,62.08,-15.84,-70.02,3825
Puno,2006-01-25,8.34,14.29,3.55,74.19,5.78,2.88,62.23,-15.84,-70.02,3825
Puno,2006-01-26,9.61,15.28,5.1,70.84,4.57,3.29,62.28,-15.84,-70.02,3825
Puno,2006-01-27,7.87,13.34,3.39,73.45,2.59,2.78,62.35,-15.84,-70.02,3825
Puno,2006-01-28,9.01,14.35,4.84,74.75,2.78,3.54,62.38,-15.84,-70.02,3825
Puno,2006-01-29,9.32,15.33,5.42,72.67,1.11,4.58,62.29,-15.84,-70.02,3825
Puno,2006-01-30,9.74,16.43,4.87,69.25,1.3,3.56,62.28,-15.84,-70.02,3825
Puno,2006-01-31,9.61,16.25,4.75,68.49,2.12,3.37,62.28,-15.84,-70.02,3825
Puno,2006-02-01,9.59,15.76,4.35,64.7,1.41,3.87,62.27,-15.84,-70.02,3825
Puno,2006-02-02,9.32,15.45,4.26,64.94,0.49,4.23,62.25,-15.84,-70.02,3825
Puno,2006-02-03,10.48,17.3,5.49,64.39,0.83,3.16,62.21,-15.84,-70.02,3825
Puno,2006-02-04,10.93,16.63,5.77,62.22,2.02,2.61,62.17,-15.84,-70.02,3825
Puno,2006-02-05,9.47,14.11,6.23,70.96,3.39,2.82,62.18,-15.84,-70.02,3825
Puno,2006-02-06,10.19,16.61,5.47,63.42,0.9,3.12,62.22,-15.84,-70.02,3825
Puno,2006-02-07,10.11,16.1,5.01,63.42,3.23,3.11,62.12,-15.84,-70.02,3825
Puno,2006-02-08,9.68,15.85,6.0,71.1,5.43,2.44,62.04,-15.84,-70.02,3825
Puno,2006-02-09,9.05,15.06,3.54,76.41,5.97,3.58,62.17,-15.84,-70.02,3825
Puno,2006-02-10,6.46,11.99,2.32,83.08,3.27,3.36,62.4,-15.84,-70.02,3825
Puno,2006-02-11,9.05,14.74,4.46,73.45,1.26,3.62,62.35,-15.84,-70.02,3825
Puno,2006-02-12,9.39,18.36,2.33,65.17,0.9,1.8,62.18,-15.84,-70.02,3825
Puno,2006-02-13,9.73,19.06,2.59,60.15,0.68,3.22,62.11,-15.84,-70.02,3825
Puno,2006-02-14,8.63,18.79,-0.04,54.93,0.04,3.1,62.14,-15.84,-70.02,3825
Puno,2006-02-15,8.2,18.19,-0.57,45.08,0.16,2.8,62.17,-15.84,-70.02,3825
Puno,2006-02-16,9.04,18.29,-1.99,45.57,0.19,1.37,62.16,-15.84,-70.02,3825
Puno,2006-02-17,10.61,17.08,5.43,58.74,0.13,2.65,62.21,-15.84,-70.02,3825
Puno,2006-02-18,9.31,15.61,5.78,70.3,0.09,2.96,62.25,-15.84,-70.02,3825
Puno,2006-02-19,9.18,15.38,4.46,65.14,0.72,3.94,62.33,-15.84,-70.02,3825
Puno,2006-02-20,8.98,15.72,3.53,65.98,1.08,3.93,62.3,-15.84,-70.02,3825
Puno,2006-02-21,8.87,14.1,5.36,73.81,2.8,3.99,62.2,-15.84,-70.02,3825
Puno,2006-02-22,10.58,17.62,5.17,66.12,0.22,3.58,62.15,-15.84,-70.02,3825
Puno,2006-02-23,11.84,18.62,6.07,59.48,0.19,2.47,62.13,-15.84,-70.02,3825
Puno,2006-02-24,11.27,18.24,5.07,63.47,1.4,2.52,62.12,-15.84,-70.02,3825
Puno,2006-02-25,9.5,17.8,2.97,68.33,1.03,2.4,62.11,-15.84,-70.02,3825
Puno,2006-02-26,9.19,16.21,5.32,70.38,0.13,1.9,62.09,-15.84,-70.02,3825
Puno,2006-02-27,10.46,16.64,4.84,61.5,0.04,2.11,62.1,-15.84,-70.02,3825
Puno,2006-02-28,8.68,11.79,5.86,73.89,0.02,2.99,62.15,-15.84,-70.02,3825
Puno,2006-03-01,9.39,15.95,3.33,70.71,5.42,2.34,62.18,-15.84,-70.02,3825
Puno,2006-03-02,7.23,15.6,1.6,76.88,6.66,1.97,62.25,-15.84,-70.02,3825
Puno,2006-03-03,9.38,15.56,5.26,73.94,2.07,3.75,62.26,-15.84,-70.02,3825
Puno,2006-03-04,8.47,12.37,6.24,79.32,0.92,4.4,62.33,-15.84,-70.02,3825
Puno,2006-03-05,9.62,15.29,5.03,73.74,1.31,3.97,62.4,-15.84,-70.02,3825
Puno,2006-03-06,10.03,15.95,5.97,71.63,0.66,3.18,62.39,-15.84,-70.02,3825
Puno,2006-03-07,11.19,18.05,6.56,63.55,0.07,3.01,62.3,-15.84,-70.02,3825
Puno,2006-03-08,12.15,18.9,7.75,58.72,0.82,2.61,62.29,-15.84,-70.02,3825
Puno,2006-03-09,9.95,14.86,6.34,69.13,0.19,3.0,62.29,-15.84,-70.02,3825
Puno,2006-03-10,9.46,15.73,4.78,64.92,1.73,3.68,62.38,-15.84,-70.02,3825
Puno,2006-03-11,9.08,14.47,5.43,63.64,1.58,2.82,62.35,-15.84,-70.02,3825
Puno,2006-03-12,10.44,16.95,5.43,54.73,0.81,2.42,62.17,-15.84,-70.02,3825
Puno,2006-03-13,8.52,14.08,3.98,62.12,0.22,3.08,62.1,-15.84,-70.02,3825
Puno,2006-03-14,9.04,15.22,4.04,64.9,0.81,3.55,62.14,-15.84,-70.02,3825
Puno,2006-03-15,8.78,14.87,3.86,70.55,1.58,3.65,62.21,-15.84,-70.02,3825
Puno,2006-03-16,9.99,16.02,5.09,67.51,1.13,2.3,62.17,-15.84,-70.02,3825
Puno,2006-03-17,9.73,15.58,5.44,68.9,0.63,2.75,62.14,-15.84,-70.02,3825
Puno,2006-03-18,8.37,13.99,4.56,70.98,0.9,4.03,62.17,-15.84,-70.02,3825
Puno,2006-03-19,8.48,15.87,3.6,69.2,0.47,2.24,62.08,-15.84,-70.02,3825
Puno,2006-03-20,8.59,14.69,3.81,71.79,0.71,3.31,62.1,-15.84,-70.02,3825
Puno,2006-03-21,9.29,15.19,5.1,70.72,0.8,3.52,62.18,-15.84,-70.02,3825
Puno,2006-03-22,9.33,14.6,5.88,73.98,2.82,3.01,62.22,-15.84,-70.02,3825
Puno,2006-03-23,9.29,14.67,5.18,75.14,3.2,3.6,62.24,-15.84,-70.02,3825
Puno,2006-03-24,8.84,14.53,4.03,73.87,3.55,3.06,62.21,-15.84,-70.02,3825
Puno,2006-03-25,7.61,11.39,4.94,81.12,2.24,3.87,62.3,-15.84,-70.02,3825
Puno,2006-03-26,8.57,14.54,4.13,74.1,0.68,3.96,62.33,-15.84,-70.02,3825
Puno,2006-03-27,9.15,15.76,4.05,70.78,0.21,3.39,62.33,-15.84,-70.02,3825
Puno,2006-03-28,9.95,16.01,5.37,70.28,0.52,2.66,62.28,-15.84,-70.02,3825
Puno,2006-03-29,9.68,15.59,6.33,69.77,0.44,2.6,62.22,-15.84,-70.02,3825
Puno,2006-03-30,9.6,16.01,6.4,72.43,1.76,3.75,62.21,-15.84,-70.02,3825
Puno,2006-03-31,8.25,13.32,5.18,78.01,2.23,3.33,62.32,-15.84,-70.02,3825
Puno,2006-04-01,8.43,14.03,4.84,75.58,2.37,3.65,62.35,-15.84,-70.02,3825
Puno,2006-04-02,8.68,14.25,4.4,73.68,2.25,2.85,62.24,-15.84,-70.02,3825
Puno,2006-04-03,8.86,14.38,5.19,73.14,2.17,2.46,62.2,-15.84,-70.02,3825
Puno,2006-04-04,9.2,15.23,4.81,72.17,1.16,2.56,62.12,-15.84,-70.02,3825
Puno,2006-04-05,9.6,15.29,4.98,67.87,0.17,2.87,62.11,-15.84,-70.02,3825
Puno,2006-04-06,8.32,12.34,4.94,73.41,0.14,2.04,62.16,-15.84,-70.02,3825
Puno,2006-04-07,8.21,13.68,3.08,70.63,0.1,2.54,62.2,-15.84,-70.02,3825
Puno,2006-04-08,9.64,15.54,5.51,67.63,0.07,2.2,62.21,-15.84,-70.02,3825
Puno,2006-04-09,9.93,15.74,5.96,68.08,0.4,2.07,62.16,-15.84,-70.02,3825
Puno,2006-04-10,8.41,13.59,5.05,73.63,0.06,2.24,62.1,-15.84,-70.02,3825
Puno,2006-04-11,9.31,16.41,3.79,63.37,0.11,2.3,62.1,-15.84,-70.02,3825
Puno,2006-04-12,8.45,14.19,4.18,62.74,0.03,2.61,62.17,-15.84,-70.02,3825
Puno,2006-04-13,8.39,14.02,4.28,60.0,0.0,2.08,62.1,-15.84,-70.02,3825
Puno,2006-04-14,7.96,14.8,1.85,63.77,0.34,1.77,62.04,-15.84,-70.02,3825
Puno,2006-04-15,7.62,13.53,2.99,74.26,0.16,3.02,62.16,-15.84,-70.02,3825
Puno,2006-04-16,7.75,13.85,4.26,75.63,1.61,3.37,62.41,-15.84,-70.02,3825
Puno,2006-04-17,8.61,15.08,3.75,70.6,0.12,2.63,62.41,-15.84,-70.02,3825
Puno,2006-04-18,9.87,17.51,4.79,62.62,0.03,2.12,62.25,-15.84,-70.02,3825
Puno,2006-04-19,9.83,16.73,5.19,58.13,0.0,1.93,62.19,-15.84,-70.02,3825
Puno,2006-04-20,9.7,17.57,3.19,52.93,0.0,2.11,62.23,-15.84,-70.02,3825
Puno,2006-04-21,8.75,15.93,3.65,63.14,0.02,2.96,62.35,-15.84,-70.02,3825
Puno,2006-04-22,7.83,15.33,2.97,57.99,0.03,2.73,62.38,-15.84,-70.02,3825
Puno,2006-04-23,7.41,13.9,1.83,59.79,0.0,3.36,62.4,-15.84,-70.02,3825
Puno,2006-04-24,6.96,14.49,1.42,59.72,0.0,2.56,62.37,-15.84,-70.02,3825
Puno,2006-04-25,7.51,13.91,2.32,58.86,0.0,2.61,62.36,-15.84,-70.02,3825
Puno,2006-04-26,7.55,14.01,2.68,62.18,0.0,3.44,62.43,-15.84,-70.02,3825
Puno,2006-04-27,6.93,13.43,2.22,63.5,0.0,2.9,62.45,-15.84,-70.02,3825
Puno,2006-04-28,8.03,14.36,2.84,59.81,0.0,1.94,62.33,-15.84,-70.02,3825
Puno,2006-04-29,8.16,13.6,4.36,66.53,0.03,1.88,62.27,-15.84,-70.02,3825
Puno,2006-04-30,7.11,13.38,2.09,59.74,0.09,3.62,62.31,-15.84,-70.02,3825
Puno,2006-05-01,5.76,13.03,0.14,59.1,0.01,3.07,62.3,-15.84,-70.02,3825
Puno,2006-05-02,7.58,15.41,1.73,66.01,0.0,3.02,62.29,-15.84,-70.02,3825
Puno,2006-05-03,8.07,15.12,3.29,63.07,0.0,2.03,62.31,-15.84,-70.02,3825
Puno,2006-05-04,8.58,15.84,3.25,56.6,1.55,1.28,62.22,-15.84,-70.02,3825
Puno,2006-05-05,7.99,14.43,2.91,51.33,0.14,1.56,62.24,-15.84,-70.02,3825
Puno,2006-05-06,6.87,16.89,-0.33,39.83,0.0,2.45,62.29,-15.84,-70.02,3825
Puno,2006-05-07,6.59,16.0,-1.9,34.73,0.01,1.0,62.29,-15.84,-70.02,3825
Puno,2006-05-08,6.89,15.68,-1.93,37.08,0.03,1.29,62.26,-15.84,-70.02,3825
Puno,2006-05-09,6.39,16.14,-2.13,46.04,0.0,1.89,62.15,-15.84,-70.02,3825
Puno,2006-05-10,6.51,15.51,0.55,46.58,0.0,1.45,62.19,-15.84,-70.02,3825
Puno,2006-05-11,6.46,14.38,0.22,48.41,0.0,1.02,62.28,-15.84,-70.02,3825
Puno,2006-05-12,6.76,14.25,2.24,47.35,0.0,1.73,62.27,-15.84,-70.02,3825
Puno,2006-05-13,6.84,14.96,0.8,52.36,0.0,1.89,62.3,-15.84,-70.02,3825
Puno,2006-05-14,7.46,15.39,2.27,47.35,0.0,1.86,62.36,-15.84,-70.02,3825
Puno,2006-05-15,8.07,15.83,1.68,42.62,0.0,1.7,62.35,-15.84,-70.02,3825
Puno,2006-05-16,7.2,16.33,-2.0,32.97,0.0,2.0,62.33,-15.84,-70.02,3825
Puno,2006-05-17,7.14,14.88,0.51,40.3,0.0,1.87,62.36,-15.84,-70.02,3825
Puno,2006-05-18,6.48,15.9,-0.86,31.36,0.0,1.33,62.33,-15.84,-70.02,3825
Puno,2006-05-19,4.93,15.88,-3.2,30.6,0.0,2.25,62.27,-15.84,-70.02,3825
Puno,2006-05-20,4.46,15.03,-2.63,28.58,0.0,1.78,62.17,-15.84,-70.02,3825
Puno,2006-05-21,4.13,14.37,-2.95,28.2,0.0,2.3,62.09,-15.84,-70.02,3825
Puno,2006-05-22,3.63,13.68,-3.1,31.67,0.01,2.8,62.22,-15.84,-70.02,3825
Puno,2006-05-23,5.02,14.2,-3.38,29.87,0.0,1.34,62.35,-15.84,-70.02,3825
Puno,2006-05-24,5.8,14.72,-0.7,30.96,0.0,1.46,62.36,-15.84,-70.02,3825
Puno,2006-05-25,5.12,13.87,-2.44,40.6,0.0,2.77,62.39,-15.84,-70.02,3825
Puno,2006-05-26,5.39,13.62,-0.15,51.04,0.0,2.61,62.41,-15.84,-70.02,3825
Puno,2006-05-27,4.77,13.09,-0.65,43.4,0.0,2.13,62.41,-15.84,-70.02,3825
Puno,2006-05-28,4.6,12.22,0.17,43.74,0.0,1.79,62.4,-15.84,-70.02,3825
Puno,2006-05-29,5.72,13.4,-0.37,39.33,0.0,1.4,62.26,-15.84,-70.02,3825
Puno,2006-05-30,5.51,14.22,-2.35,48.35,0.0,2.24,62.22,-15.84,-70.02,3825
Puno,2006-05-31,6.43,13.09,2.24,65.76,0.0,1.96,62.32,-15.84,-70.02,3825
Puno,2006-06-01,5.75,11.46,1.86,75.15,0.27,1.66,62.34,-15.84,-70.02,3825
Puno,2006-06-02,6.83,14.67,0.41,67.26,0.27,2.7,62.27,-15.84,-70.02,3825
Puno,2006-06-03,4.94,15.21,-2.63,50.14,0.05,3.42,62.22,-15.84,-70.02,3825
Puno,2006-06-04,4.57,14.45,-3.35,27.67,0.0,1.76,62.21,-15.84,-70.02,3825
Puno,2006-06-05,5.84,14.82,0.46,37.27,0.09,1.16,62.19,-15.84,-70.02,3825
Puno,2006-06-06,5.95,14.27,-0.68,45.52,0.21,1.8,62.23,-15.84,-70.02,3825
Puno,2006-06-07,8.09,14.67,1.78,58.58,0.0,0.83,62.24,-15.84,-70.02,3825
Puno,2006-06-08,6.65,13.68,0.22,55.93,0.0,2.23,62.24,-15.84,-70.02,3825
Puno,2006-06-09,6.26,15.15,-1.03,47.68,0.0,2.32,62.26,-15.84,-70.02,3825
Puno,2006-06-10,6.15,15.46,-0.75,43.35,0.0,1.82,62.23,-15.84,-70.02,3825
Puno,2006-06-11,6.72,16.11,-0.83,51.04,0.04,1.87,62.2,-15.84,-70.02,3825
Puno,2006-06-12,6.07,14.19,-0.19,50.76,0.06,1.26,62.25,-15.84,-70.02,3825
Puno,2006-06-13,5.97,14.81,-1.75,44.93,0.0,1.44,62.34,-15.84,-70.02,3825
Puno,2006-06-14,6.07,13.39,1.03,57.88,0.2,2.05,62.41,-15.84,-70.02,3825
Puno,2006-06-15,6.32,13.61,2.22,60.71,0.11,1.68,62.38,-15.84,-70.02,3825
Puno,2006-06-16,5.51,12.34,1.24,69.05,0.0,2.2,62.37,-15.84,-70.02,3825
Puno,2006-06-17,5.96,13.07,1.52,58.96,0.0,1.78,62.34,-15.84,-70.02,3825
Puno,2006-06-18,5.57,12.7,1.44,56.36,0.0,1.9,62.31,-15.84,-70.02,3825
Puno,2006-06-19,5.92,14.55,-1.47,48.03,0.0,1.32,62.22,-15.84,-70.02,3825
Puno,2006-06-20,6.22,14.48,-1.68,35.01,0.0,1.61,62.23,-15.84,-70.02,3825
Puno,2006-06-21,6.08,13.78,-0.12,53.37,0.0,1.82,62.32,-15.84,-70.02,3825
Puno,2006-06-22,6.51,12.3,2.65,68.81,0.0,1.84,62.39,-15.84,-70.02,3825
Puno,2006-06-23,5.96,11.52,2.36,60.25,0.2,1.83,62.36,-15.84,-70.02,3825
Puno,2006-06-24,5.22,13.24,-0.84,38.95,0.01,1.82,62.27,-15.84,-70.02,3825
Puno,2006-06-25,4.28,12.64,-2.62,43.8,0.0,2.15,62.26,-15.84,-70.02,3825
Puno,2006-06-26,5.13,12.18,0.77,76.54,0.0,2.34,62.34,-15.84,-70.02,3825
Puno,2006-06-27,6.5,13.41,2.02,63.36,0.11,1.37,62.36,-15.84,-70.02,3825
Puno,2006-06-28,5.6,13.54,-1.17,49.75,0.1,1.5,62.38,-15.84,-70.02,3825
Puno,2006-06-29,4.79,13.47,-1.88,39.73,0.12,1.37,62.34,-15.84,-70.02,3825
Puno,2006-06-30,5.45,14.13,-1.91,32.26,0.0,1.19,62.34,-15.84,-70.02,3825
Puno,2006-07-01,5.84,13.38,0.37,41.92,0.0,1.77,62.47,-15.84,-70.02,3825
Puno,2006-07-02,4.87,11.89,0.38,65.95,0.0,2.66,62.63,-15.84,-70.02,3825
Puno,2006-07-03,4.5,12.13,-0.69,64.7,0.0,3.0,62.66,-15.84,-70.02,3825
Puno,2006-07-04,4.09,11.92,-1.73,54.39,0.0,2.46,62.58,-15.84,-70.02,3825
Puno,2006-07-05,3.88,11.0,-0.27,42.16,0.0,1.8,62.53,-15.84,-70.02,3825
Puno,2006-07-06,4.35,11.75,-0.64,39.3,0.0,1.75,62.43,-15.84,-70.02,3825
Puno,2006-07-07,5.04,13.79,-2.02,33.73,0.0,1.65,62.31,-15.84,-70.02,3825
Puno,2006-07-08,4.63,13.24,-3.21,25.7,0.0,1.91,62.29,-15.84,-70.02,3825
Puno,2006-07-09,4.73,13.12,-2.45,37.2,0.0,1.98,62.28,-15.84,-70.02,3825
Puno,2006-07-10,5.6,13.91,-2.2,46.46,0.0,1.71,62.25,-15.84,-70.02,3825
Puno,2006-07-11,4.32,13.62,-2.39,32.18,0.0,1.76,62.3,-15.84,-70.02,3825
Puno,2006-07-12,3.64,12.08,-3.45,31.97,0.0,1.82,62.35,-15.84,-70.02,3825
Puno,2006-07-13,4.64,12.06,-0.19,51.11,0.0,2.04,62.39,-15.84,-70.02,3825
Puno,2006-07-14,5.01,11.08,1.25,71.75,0.02,2.66,62.45,-15.84,-70.02,3825
Puno,2006-07-15,4.53,10.43,-0.2,71.16,0.05,2.18,62.46,-15.84,-70.02,3825
Puno,2006-07-16,5.75,13.69,-0.25,59.76,0.0,1.83,62.35,-15.84,-70.02,3825
Puno,2006-07-17,4.55,11.82,0.0,61.58,0.0,2.5,62.4,-15.84,-70.02,3825
Puno,2006-07-18,4.79,12.41,0.13,58.83,0.0,2.17,62.45,-15.84,-70.02,3825
Puno,2006-07-19,3.75,11.83,-1.45,59.61,0.0,2.97,62.53,-15.84,-70.02,3825
Puno,2006-07-20,4.08,12.85,-1.68,40.11,0.0,2.15,62.47,-15.84,-70.02,3825
Puno,2006-07-21,4.41,12.68,-2.65,43.4,0.0,2.12,62.27,-15.84,-70.02,3825
Puno,2006-07-22,4.91,14.27,-2.21,38.02,0.0,1.77,62.17,-15.84,-70.02,3825
Puno,2006-07-23,4.45,13.86,-3.06,35.0,0.0,2.07,62.19,-15.84,-70.02,3825
Puno,2006-07-24,5.24,14.87,-2.22,38.78,0.06,1.94,62.15,-15.84,-70.02,3825
Puno,2006-07-25,6.06,14.6,-1.44,40.69,0.01,1.46,62.13,-15.84,-70.02,3825
Puno,2006-07-26,6.53,15.33,-1.14,45.44,0.01,1.95,62.1,-15.84,-70.02,3825
Puno,2006-07-27,6.77,15.66,-1.01,41.21,0.08,1.44,62.18,-15.84,-70.02,3825
Puno,2006-07-28,6.51,14.28,0.2,48.57,0.0,1.26,62.32,-15.84,-70.02,3825
Puno,2006-07-29,5.46,10.8,0.85,70.32,0.04,1.97,62.33,-15.84,-70.02,3825
Puno,2006-07-30,6.36,15.91,-1.39,53.0,0.04,1.93,62.2,-15.84,-70.02,3825
Puno,2006-07-31,6.49,15.81,-1.6,51.89,0.12,1.46,62.31,-15.84,-70.02,3825
Puno,2006-08-01,6.72,14.63,0.74,54.54,0.0,1.82,62.47,-15.84,-70.02,3825
Puno,2006-08-02,6.81,13.76,2.21,59.52,0.0,2.05,62.5,-15.84,-70.02,3825
Puno,2006-08-03,6.25,13.71,0.24,60.67,0.0,2.5,62.43,-15.84,-70.02,3825
Puno,2006-08-04,7.05,14.53,1.44,60.95,0.0,1.91,62.35,-15.84,-70.02,3825
Puno,2006-08-05,7.07,14.46,1.52,60.48,0.0,2.29,62.26,-15.84,-70.02,3825
Puno,2006-08-06,7.5,14.25,2.95,57.58,0.0,1.75,62.23,-15.84,-70.02,3825
Puno,2006-08-07,7.32,15.49,-0.66,30.48,0.0,1.93,62.17,-15.84,-70.02,3825
Puno,2006-08-08,5.87,14.67,-0.83,32.87,0.0,2.11,62.2,-15.84,-70.02,3825
Puno,2006-08-09,4.81,13.9,-3.61,38.21,0.0,2.29,62.28,-15.84,-70.02,3825
Puno,2006-08-10,6.0,11.96,1.92,62.77,0.26,2.44,62.33,-15.84,-70.02,3825
Puno,2006-08-11,5.88,11.96,1.26,55.93,0.01,1.97,62.32,-15.84,-70.02,3825
Puno,2006-08-12,6.33,13.13,0.33,58.36,0.0,1.99,62.27,-15.84,-70.02,3825
Puno,2006-08-13,5.83,12.28,0.81,67.44,0.0,1.8,62.3,-15.84,-70.02,3825
Puno,2006-08-14,7.78,15.99,0.7,55.92,0.0,1.97,62.22,-15.84,-70.02,3825
Puno,2006-08-15,7.25,16.23,-0.26,56.81,0.62,3.45,62.21,-15.84,-70.02,3825
Puno,2006-08-16,6.44,13.89,-0.97,47.66,0.12,2.85,62.24,-15.84,-70.02,3825
Puno,2006-08-17,6.5,13.37,1.84,46.53,0.04,1.69,62.22,-15.84,-70.02,3825
Puno,2006-08-18,6.16,12.17,1.99,57.24,0.01,1.95,62.21,-15.84,-70.02,3825
Puno,2006-08-19,6.5,14.59,0.1,49.67,0.0,2.78,62.16,-15.84,-70.02,3825
Puno,2006-08-20,6.21,15.31,-2.11,47.59,0.76,2.13,62.29,-15.84,-70.02,3825
Puno,2006-08-21,7.29,15.23,1.14,56.83,0.23,1.26,62.38,-15.84,-70.02,3825
Puno,2006-08-22,7.08,16.0,-0.91,43.32,0.0,1.83,62.34,-15.84,-70.02,3825
Puno,2006-08-23,6.82,13.42,1.78,65.84,0.02,3.13,62.29,-15.84,-70.02,3825
Puno,2006-08-24,5.9,12.91,1.18,69.19,0.26,2.81,62.19,-15.84,-70.02,3825
Puno,2006-08-25,5.93,16.52,-1.9,49.71,0.01,4.26,62.15,-15.84,-70.02,3825
Puno,2006-08-26,5.49,15.19,-4.51,43.03,0.0,2.31,62.21,-15.84,-70.02,3825
Puno,2006-08-27,9.13,16.91,3.72,56.05,0.0,1.51,62.17,-15.84,-70.02,3825
Puno,2006-08-28,7.93,13.7,3.43,66.11,0.17,2.41,62.22,-15.84,-70.02,3825
Puno,2006-08-29,6.11,13.58,1.88,61.72,0.04,2.68,62.27,-15.84,-70.02,3825
Puno,2006-08-30,7.03,13.9,0.45,47.48,0.01,3.14,62.23,-15.84,-70.02,3825
Puno,2006-08-31,6.61,15.88,-2.22,30.63,0.0,1.43,62.24,-15.84,-70.02,3825
Puno,2006-09-01,5.66,16.59,-3.84,26.29,0.0,2.53,62.24,-15.84,-70.02,3825
Puno,2006-09-02,5.58,14.3,-2.25,36.47,0.0,2.39,62.22,-15.84,-70.02,3825
Puno,2006-09-03,8.85,17.48,1.13,45.22,0.0,1.42,62.17,-15.84,-70.02,3825
Puno,2006-09-04,8.06,16.68,1.84,50.46,0.0,1.94,62.27,-15.84,-70.02,3825
Puno,2006-09-05,8.12,17.1,0.24,44.14,0.0,2.46,62.31,-15.84,-70.02,3825
Puno,2006-09-06,8.0,16.12,1.61,47.58,0.0,2.41,62.29,-15.84,-70.02,3825
Puno,2006-09-07,8.59,16.81,0.35,41.7,0.0,1.51,62.18,-15.84,-70.02,3825
Puno,2006-09-08,5.15,14.95,-3.92,23.98,0.0,4.68,62.16,-15.84,-70.02,3825
Puno,2006-09-09,4.37,14.86,-5.16,31.96,0.01,2.01,62.19,-15.84,-70.02,3825
Puno,2006-09-10,7.59,15.59,1.84,44.93,0.01,2.19,62.29,-15.84,-70.02,3825
Puno,2006-09-11,8.11,15.77,1.97,41.93,0.0,2.64,62.28,-15.84,-70.02,3825
Puno,2006-09-12,8.0,16.74,2.67,57.49,0.0,2.36,62.24,-15.84,-70.02,3825
Puno,2006-09-13,8.33,14.75,3.11,62.69,0.06,2.48,62.22,-15.84,-70.02,3825
Puno,2006-09-14,8.66,17.58,0.53,38.16,0.01,1.68,62.17,-15.84,-70.02,3825
Puno,2006-09-15,7.81,16.1,-0.77,35.27,0.01,2.62,62.22,-15.84,-70.02,3825
Puno,2006-09-16,8.46,17.9,1.91,43.01,0.01,1.99,62.2,-15.84,-70.02,3825
Puno,2006-09-17,7.81,15.13,1.89,45.72,0.0,3.09,62.32,-15.84,-70.02,3825
Puno,2006-09-18,7.71,14.67,3.82,66.16,0.0,2.7,62.44,-15.84,-70.02,3825
Puno,2006-09-19,9.12,17.37,2.07,52.82,0.0,1.68,62.36,-15.84,-70.02,3825
Puno,2006-09-20,8.76,16.58,1.5,53.08,0.02,1.42,62.3,-15.84,-70.02,3825
Puno,2006-09-21,7.38,17.67,-1.33,32.48,0.0,4.1,62.18,-15.84,-70.02,3825
Puno,2006-09-22,5.68,16.58,-4.16,22.37,0.0,3.63,62.15,-15.84,-70.02,3825
Puno,2006-09-23,5.88,14.24,-2.03,33.79,0.0,2.1,62.22,-15.84,-70.02,3825
Puno,2006-09-24,6.6,12.22,2.63,71.35,0.22,3.65,62.28,-15.84,-70.02,3825
Puno,2006-09-25,7.84,14.45,2.41,64.5,0.1,3.32,62.36,-15.84,-70.02,3825
Puno,2006-09-26,6.91,14.18,2.29,68.26,0.25,2.17,62.37,-15.84,-70.02,3825
Puno,2006-09-27,7.63,14.42,1.26,59.44,0.07,1.9,62.36,-15.84,-70.02,3825
Puno,2006-09-28,5.44,9.45,1.81,67.75,2.78,1.33,62.35,-15.84,-70.02,3825
Puno,2006-09-29,7.29,14.52,2.49,54.41,0.32,1.12,62.24,-15.84,-70.02,3825
Puno,2006-09-30,8.45,17.7,-0.02,30.26,0.0,1.58,62.22,-15.84,-70.02,3825
Puno,2006-10-01,8.88,15.37,3.04,54.38,0.0,3.28,62.25,-15.84,-70.02,3825
Puno,2006-10-02,8.9,14.99,4.68,58.21,0.1,2.36,62.23,-15.84,-70.02,3825
Puno,2006-10-03,9.86,17.12,4.41,41.29,0.51,1.59,62.07,-15.84,-70.02,3825
Puno,2006-10-04,8.92,17.83,1.95,26.64,0.02,1.75,61.99,-15.84,-70.02,3825
Puno,2006-10-05,6.95,15.83,0.37,46.62,0.51,3.83,62.15,-15.84,-70.02,3825
Puno,2006-10-06,9.31,15.89,3.41,49.36,0.15,2.04,62.25,-15.84,-70.02,3825
Puno,2006-10-07,9.18,15.65,2.33,45.54,0.05,2.96,62.28,-15.84,-70.02,3825
Puno,2006-10-08,10.17,16.91,4.44,54.81,0.06,2.1,62.27,-15.84,-70.02,3825
Puno,2006-10-09,8.76,16.11,2.98,61.96,0.04,3.45,62.3,-15.84,-70.02,3825
Puno,2006-10-10,9.55,15.62,4.51,58.63,0.05,2.46,62.28,-15.84,-70.02,3825
Puno,2006-10-11,9.02,15.28,2.69,51.21,0.33,2.53,62.25,-15.84,-70.02,3825
Puno,2006-10-12,10.32,19.44,2.66,40.33,0.3,1.77,62.16,-15.84,-70.02,3825
Puno,2006-10-13,9.29,18.69,1.12,30.85,0.0,2.14,62.12,-15.84,-70.02,3825
Puno,2006-10-14,8.4,19.31,-1.07,30.07,0.0,3.16,62.08,-15.84,-70.02,3825
Puno,2006-10-15,8.61,17.34,-1.6,37.59,0.03,2.89,62.1,-15.84,-70.02,3825
Puno,2006-10-16,8.49,17.37,2.5,65.0,0.17,3.13,62.1,-15.84,-70.02,3825
Puno,2006-10-17,10.36,18.42,4.13,51.35,0.0,1.68,62.1,-15.84,-70.02,3825
Puno,2006-10-18,10.66,18.72,4.31,35.44,0.01,2.09,62.1,-15.84,-70.02,3825
Puno,2006-10-19,9.44,14.67,5.18,58.79,0.08,3.62,62.17,-15.84,-70.02,3825
Puno,2006-10-20,9.39,15.45,5.5,63.44,0.03,4.77,62.26,-15.84,-70.02,3825
Puno,2006-10-21,8.67,15.13,4.07,70.07,0.04,5.11,62.35,-15.84,-70.02,3825
Puno,2006-10-22,9.56,15.78,4.55,66.71,0.43,3.64,62.32,-15.84,-70.02,3825
Puno,2006-10-23,9.43,16.96,2.67,61.46,0.2,3.1,62.27,-15.84,-70.02,3825
Puno,2006-10-24,8.5,15.79,2.66,58.76,0.01,2.51,62.3,-15.84,-70.02,3825
Puno,2006-10-25,10.83,18.21,6.19,63.31,0.08,4.07,62.33,-15.84,-70.02,3825
Puno,2006-10-26,10.25,16.51,5.61,59.81,0.15,3.64,62.34,-15.84,-70.02,3825
Puno,2006-10-27,10.15,16.85,5.22,62.44,0.33,2.83,62.21,-15.84,-70.02,3825
Puno,2006-10-28,10.21,17.27,3.64,59.78,4.12,3.29,62.17,-15.84,-70.02,3825
Puno,2006-10-29,9.12,12.91,4.24,63.86,0.14,2.52,62.19,-15.84,-70.02,3825
Puno,2006-10-30,10.5,17.12,5.31,56.89,0.08,1.93,62.07,-15.84,-70.02,3825
Puno,2006-10-31,8.43,16.28,2.01,60.42,0.05,2.73,62.09,-15.84,-70.02,3825
Puno,2006-11-01,11.79,18.5,5.58,59.71,0.03,2.33,62.01,-15.84,-70.02,3825
Puno,2006-11-02,10.46,18.78,3.08,48.49,0.35,2.14,62.06,-15.84,-70.02,3825
Puno,2006-11-03,8.61,12.39,4.68,63.85,0.05,3.19,62.1,-15.84,-70.02,3825
Puno,2006-11-04,9.92,17.85,3.03,67.17,0.94,3.34,62.02,-15.84,-70.02,3825
Puno,2006-11-05,9.99,17.99,2.54,57.07,1.83,1.91,62.01,-15.84,-70.02,3825
Puno,2006-11-06,8.98,13.8,3.73,64.62,1.85,3.09,62.06,-15.84,-70.02,3825
Puno,2006-11-07,5.64,8.73,3.71,82.71,2.3,1.75,62.09,-15.84,-70.02,3825
Puno,2006-11-08,9.4,16.66,3.05,60.99,0.16,1.65,62.05,-15.84,-70.02,3825
Puno,2006-11-09,10.48,18.37,2.25,53.77,0.11,2.41,62.09,-15.84,-70.02,3825
Puno,2006-11-10,8.03,10.88,5.36,73.46,0.12,2.91,62.23,-15.84,-70.02,3825
Puno,2006-11-11,7.61,14.61,3.28,69.48,0.02,3.47,62.31,-15.84,-70.02,3825
Puno,2006-11-12,9.59,17.09,3.78,56.18,0.0,3.42,62.32,-15.84,-70.02,3825
Puno,2006-11-13,10.45,17.81,4.91,48.66,0.0,3.18,62.29,-15.84,-70.02,3825
Puno,2006-11-14,10.85,18.62,5.02,52.37,0.0,3.01,62.17,-15.84,-70.02,3825
Puno,2006-11-15,11.52,18.63,5.92,54.33,0.0,3.04,62.05,-15.84,-70.02,3825
Puno,2006-11-16,11.32,18.31,7.22,61.09,0.09,3.67,62.09,-15.84,-70.02,3825
Puno,2006-11-17,10.3,16.52,6.48,63.33,0.01,3.94,62.23,-15.84,-70.02,3825
Puno,2006-11-18,10.51,17.31,5.71,61.43,0.0,4.11,62.24,-15.84,-70.02,3825
Puno,2006-11-19,9.91,16.38,5.59,62.12,0.02,4.57,62.3,-15.84,-70.02,3825
Puno,2006-11-20,10.35,17.03,5.03,57.46,0.14,3.36,62.28,-15.84,-70.02,3825
Puno,2006-11-21,9.13,14.21,6.36,63.41,0.14,1.64,62.28,-15.84,-70.02,3825
Puno,2006-11-22,9.89,15.92,5.17,55.15,0.09,2.27,62.25,-15.84,-70.02,3825
Puno,2006-11-23,8.87,14.89,3.71,60.46,0.21,3.18,62.13,-15.84,-70.02,3825
Puno,2006-11-24,10.33,16.25,4.75,57.5,0.02,2.78,62.07,-15.84,-70.02,3825
Puno,2006-11-25,10.05,17.06,3.91,64.14,0.09,3.63,62.1,-15.84,-70.02,3825
Puno,2006-11-26,9.14,15.41,3.01,57.6,0.62,2.67,62.18,-15.84,-70.02,3825
Puno,2006-11-27,11.34,19.97,3.6,36.9,0.61,1.84,62.07,-15.84,-70.02,3825
Puno,2006-11-28,10.69,17.01,2.21,32.76,0.05,2.23,62.02,-15.84,-70.02,3825
Puno,2006-11-29,9.78,17.25,5.97,61.5,0.24,2.87,62.11,-15.84,-70.02,3825
Puno,2006-11-30,7.88,12.06,4.23,62.45,3.02,2.03,62.18,-15.84,-70.02,3825
Puno,2006-12-01,10.65,18.35,5.37,54.77,0.56,2.07,62.11,-15.84,-70.02,3825
Puno,2006-12-02,9.86,16.32,3.33,46.45,0.26,3.96,62.09,-15.84,-70.02,3825
Puno,2006-12-03,10.41,17.68,5.13,64.33,0.56,2.78,62.08,-15.84,-70.02,3825
Puno,2006-12-04,8.02,13.61,4.74,72.94,0.49,3.07,62.16,-15.84,-70.02,3825
Puno,2006-12-05,10.72,17.17,5.64,62.75,0.25,3.66,62.22,-15.84,-70.02,3825
Puno,2006-12-06,10.74,16.24,6.1,63.18,0.42,3.22,62.21,-15.84,-70.02,3825
Puno,2006-12-07,9.47,15.41,5.75,64.46,0.39,2.39,62.16,-15.84,-70.02,3825
Puno,2006-12-08,12.24,20.87,4.93,36.04,0.09,1.73,62.03,-15.84,-70.02,3825
Puno,2006-12-09,11.82,19.92,3.85,32.02,0.0,2.21,62.09,-15.84,-70.02,3825
Puno,2006-12-10,11.37,18.24,6.11,50.43,5.29,2.22,62.16,-15.84,-70.02,3825
Puno,2006-12-11,9.1,14.38,5.3,67.47,4.48,2.57,62.26,-15.84,-70.02,3825
Puno,2006-12-12,10.56,17.23,4.54,55.59,0.03,2.17,62.24,-15.84,-70.02,3825
Puno,2006-12-13,11.58,18.64,4.23,46.07,0.02,2.99,62.2,-15.84,-70.02,3825
Puno,2006-12-14,12.02,19.13,7.01,52.08,0.11,3.83,62.18,-15.84,-70.02,3825
Puno,2006-12-15,10.69,17.14,5.29,55.13,2.7,4.22,62.31,-15.84,-70.02,3825
Puno,2006-12-16,9.57,14.52,6.02,65.08,0.98,4.46,62.27,-15.84,-70.02,3825
Puno,2006-12-17,11.36,18.15,5.36,57.47,0.14,2.49,62.21,-15.84,-70.02,3825
Puno,2006-12-18,10.98,15.69,7.55,63.37,1.82,3.14,62.19,-15.84,-70.02,3825
Puno,2006-12-19,9.87,15.69,3.71,70.18,3.68,3.11,62.13,-15.84,-70.02,3825
Puno,2006-12-20,9.67,15.47,4.77,60.22,1.29,2.7,62.13,-15.84,-70.02,3825
Puno,2006-12-21,9.95,16.03,5.83,69.27,0.69,2.8,62.19,-15.84,-70.02,3825
Puno,2006-12-22,10.67,16.51,5.35,60.11,0.22,1.91,62.24,-15.84,-70.02,3825
Puno,2006-12-23,10.61,16.64,5.31,57.08,0.1,2.51,62.24,-15.84,-70.02,3825
Puno,2006-12-24,11.54,18.2,5.64,49.49,0.07,2.01,62.16,-15.84,-70.02,3825
Puno,2006-12-25,11.11,18.37,5.92,48.21,0.12,3.25,62.18,-15.84,-70.02,3825
Puno,2006-12-26,9.86,15.63,6.21,67.94,1.28,4.2,62.27,-15.84,-70.02,3825
Puno,2006-12-27,10.13,16.0,5.86,65.94,2.12,4.54,62.34,-15.84,-70.02,3825
Puno,2006-12-28,10.16,16.12,5.83,65.42,0.49,4.38,62.41,-15.84,-70.02,3825
Puno,2006-12-29,11.13,17.29,5.23,55.2,0.16,2.17,62.37,-15.84,-70.02,3825
Puno,2006-12-30,9.84,15.35,4.87,61.78,0.08,3.31,62.29,-15.84,-70.02,3825
Puno,2006-12-31,9.84,16.31,6.03,64.88,0.03,3.94,62.26,-15.84,-70.02,3825
Puno,2007-01-01,10.32,17.06,5.12,61.49,0.35,2.95,62.17,-15.84,-70.02,3825
Puno,2007-01-02,9.23,15.84,3.26,63.56,0.1,2.05,62.12,-15.84,-70.02,3825
Puno,2007-01-03,10.88,19.62,2.55,51.54,0.02,2.41,62.17,-15.84,-70.02,3825
Puno,2007-01-04,8.72,12.63,5.26,59.82,0.17,1.51,62.21,-15.84,-70.02,3825
Puno,2007-01-05,10.57,16.86,4.82,63.03,1.53,3.53,62.15,-15.84,-70.02,3825
Puno,2007-01-06,11.32,18.0,5.69,63.04,0.83,4.19,62.18,-15.84,-70.02,3825
Puno,2007-01-07,9.55,14.66,5.73,64.42,0.15,4.27,62.27,-15.84,-70.02,3825
Puno,2007-01-08,8.92,15.9,3.95,64.64,0.52,3.94,62.19,-15.84,-70.02,3825
Puno,2007-01-09,10.08,17.18,4.89,67.9,1.33,3.21,62.12,-15.84,-70.02,3825
Puno,2007-01-10,9.92,18.23,2.69,62.34,1.87,1.59,62.15,-15.84,-70.02,3825
Puno,2007-01-11,9.43,16.26,2.72,67.54,1.1,2.75,62.2,-15.84,-70.02,3825
Puno,2007-01-12,9.52,15.15,5.31,68.56,1.32,2.39,62.16,-15.84,-70.02,3825
Puno,2007-01-13,10.52,16.28,5.15,55.35,2.7,2.35,62.1,-15.84,-70.02,3825
Puno,2007-01-14,8.47,12.49,5.92,74.1,0.69,1.62,62.1,-15.84,-70.02,3825
Puno,2007-01-15,8.64,15.67,3.91,71.16,0.84,2.58,62.08,-15.84,-70.02,3825
Puno,2007-01-16,10.12,17.14,4.69,59.0,1.98,1.09,62.11,-15.84,-70.02,3825
Puno,2007-01-17,11.26,17.99,5.34,64.44,0.04,3.17,62.2,-15.84,-70.02,3825
Puno,2007-01-18,12.0,18.51,7.47,61.72,0.02,3.42,62.24,-15.84,-70.02,3825
Puno,2007-01-19,12.47,19.38,7.14,54.48,0.03,2.69,62.26,-15.84,-70.02,3825
Puno,2007-01-20,11.79,17.15,7.82,56.8,0.01,3.04,62.36,-15.84,-70.02,3825
Puno,2007-01-21,10.21,15.79,6.92,66.48,0.1,3.83,62.43,-15.84,-70.02,3825
Puno,2007-01-22,10.22,15.51,6.16,60.45,0.01,3.54,62.38,-15.84,-70.02,3825
Puno,2007-01-23,11.76,18.29,6.48,55.05,0.51,2.19,62.18,-15.84,-70.02,3825
Puno,2007-01-24,11.47,19.24,5.48,52.76,0.17,1.85,62.13,-15.84,-70.02,3825
Puno,2007-01-25,11.81,21.17,2.13,44.19,0.0,2.56,62.14,-15.84,-70.02,3825
Puno,2007-01-26,12.61,19.2,7.39,55.09,0.0,3.42,62.21,-15.84,-70.02,3825
Puno,2007-01-27,12.33,18.47,7.99,56.15,0.03,2.82,62.24,-15.84,-70.02,3825
Puno,2007-01-28,12.7,20.0,5.76,51.38,0.0,1.76,62.2,-15.84,-70.02,3825
Puno,2007-01-29,11.45,20.67,2.51,45.51,0.0,1.74,62.22,-15.84,-70.02,3825
Puno,2007-01-30,11.48,19.88,3.25,60.5,2.3,2.96,62.21,-15.84,-70.02,3825
Puno,2007-01-31,10.32,17.54,2.82,57.53,5.68,1.99,62.25,-15.84,-70.02,3825
Puno,2007-02-01,10.37,16.06,5.56,61.56,0.45,3.28,62.34,-15.84,-70.02,3825
Puno,2007-02-02,11.84,17.99,6.8,60.42,0.08,3.88,62.31,-15.84,-70.02,3825
Puno,2007-02-03,11.15,18.09,6.7,62.63,0.04,3.42,62.28,-15.84,-70.02,3825
Puno,2007-02-04,10.76,17.53,3.06,54.82,0.24,2.52,62.27,-15.84,-70.02,3825
Puno,2007-02-05,12.3,21.12,3.43,58.01,0.05,3.06,62.19,-15.84,-70.02,3825
Puno,2007-02-06,10.59,19.25,2.71,52.75,0.01,2.88,62.22,-15.84,-70.02,3825
Puno,2007-02-07,9.76,14.55,6.79,61.39,0.55,4.29,62.32,-15.84,-70.02,3825
Puno,2007-02-08,9.72,15.49,5.18,63.07,0.25,3.07,62.29,-15.84,-70.02,3825
Puno,2007-02-09,10.34,16.82,5.34,66.21,1.47,3.51,62.25,-15.84,-70.02,3825
Puno,2007-02-10,9.89,15.99,5.61,69.99,0.4,5.01,62.35,-15.84,-70.02,3825
Puno,2007-02-11,9.76,15.8,5.31,71.56,1.91,4.86,62.39,-15.84,-70.02,3825
Puno,2007-02-12,11.0,17.4,5.49,66.95,1.37,2.66,62.24,-15.84,-70.02,3825
Puno,2007-02-13,10.0,16.84,4.9,64.2,0.99,2.64,62.11,-15.84,-70.02,3825
Puno,2007-02-14,9.62,18.48,3.31,46.95,0.41,5.25,62.07,-15.84,-70.02,3825
Puno,2007-02-15,8.67,17.46,2.06,51.32,0.12,4.4,62.0,-15.84,-70.02,3825
Puno,2007-02-16,7.49,17.18,0.88,45.96,0.02,4.44,61.96,-15.84,-70.02,3825
Puno,2007-02-17,8.72,19.13,-2.53,37.69,0.16,2.29,61.96,-15.84,-70.02,3825
Puno,2007-02-18,8.8,17.09,1.83,45.67,0.79,2.11,62.06,-15.84,-70.02,3825
Puno,2007-02-19,9.95,19.3,1.38,49.23,0.62,1.46,62.02,-15.84,-70.02,3825
Puno,2007-02-20,8.01,12.33,4.96,70.74,0.25,2.82,62.03,-15.84,-70.02,3825
Puno,2007-02-21,8.54,13.65,4.66,67.3,1.22,2.97,62.03,-15.84,-70.02,3825
Puno,2007-02-22,9.19,14.89,4.67,69.29,0.17,3.51,62.16,-15.84,-70.02,3825
Puno,2007-02-23,9.54,16.73,4.37,65.49,0.63,4.25,62.28,-15.84,-70.02,3825
Puno,2007-02-24,8.9,15.67,4.24,66.26,0.44,4.22,62.36,-15.84,-70.02,3825
Puno,2007-02-25,7.88,13.83,4.06,70.33,0.83,5.09,62.38,-15.84,-70.02,3825
Puno,2007-02-26,9.42,16.82,2.8,59.73,0.06,3.55,62.28,-15.84,-70.02,3825
Puno,2007-02-27,10.66,17.58,5.11,59.42,0.28,2.97,62.19,-15.84,-70.02,3825
Puno,2007-02-28,10.87,17.72,6.27,61.57,0.09,3.92,62.07,-15.84,-70.02,3825
Puno,2007-03-01,9.12,13.46,6.23,65.2,0.0,3.01,62.06,-15.84,-70.02,3825
Puno,2007-03-02,8.69,15.69,4.75,71.09,0.7,3.74,62.11,-15.84,-70.02,3825
Puno,2007-03-03,8.13,15.63,3.84,73.34,1.56,3.31,62.17,-15.84,-70.02,3825
Puno,2007-03-04,9.12,16.47,2.83,67.8,2.12,2.75,62.19,-15.84,-70.02,3825
Puno,2007-03-05,9.71,16.01,4.45,70.8,1.95,4.01,62.23,-15.84,-70.02,3825
Puno,2007-03-06,9.25,15.71,5.1,71.41,1.36,4.49,62.3,-15.84,-70.02,3825
Puno,2007-03-07,9.62,16.14,4.31,69.4,1.13,3.93,62.34,-15.84,-70.02,3825
Puno,2007-03-08,10.55,17.29,4.89,63.63,0.43,3.21,62.24,-15.84,-70.02,3825
Puno,2007-03-09,9.43,14.61,4.94,64.08,0.43,1.87,62.15,-15.84,-70.02,3825
Puno,2007-03-10,9.46,15.64,5.56,65.05,0.23,1.54,62.12,-15.84,-70.02,3825
Puno,2007-03-11,11.19,19.98,4.13,53.37,0.17,2.82,62.12,-15.84,-70.02,3825
Puno,2007-03-12,9.38,15.33,4.75,69.35,0.07,2.04,62.19,-15.84,-70.02,3825
Puno,2007-03-13,9.74,15.95,6.34,69.61,0.81,2.78,62.24,-15.84,-70.02,3825
Puno,2007-03-14,9.28,14.1,5.7,70.07,4.01,2.79,62.23,-15.84,-70.02,3825
Puno,2007-03-15,9.15,15.64,5.29,69.97,0.93,3.21,62.16,-15.84,-70.02,3825
Puno,2007-03-16,7.75,14.26,2.19,72.98,3.97,1.96,62.23,-15.84,-70.02,3825
Puno,2007-03-17,9.31,15.16,5.13,73.28,1.77,3.18,62.23,-15.84,-70.02,3825
Puno,2007-03-18,8.57,14.91,4.96,74.37,7.05,3.8,62.28,-15.84,-70.02,3825
Puno,2007-03-19,8.08,13.47,3.95,71.67,0.85,3.45,62.37,-15.84,-70.02,3825
Puno,2007-03-20,9.83,17.36,4.46,58.19,0.0,1.99,62.3,-15.84,-70.02,3825
Puno,2007-03-21,9.96,16.79,3.61,55.87,0.0,1.9,62.18,-15.84,-70.02,3825
Puno,2007-03-22,10.37,17.12,4.62,52.99,0.05,2.23,62.12,-15.84,-70.02,3825
Puno,2007-03-23,9.47,17.51,3.22,50.17,0.13,3.75,62.23,-15.84,-70.02,3825
Puno,2007-03-24,8.53,15.74,2.48,64.21,0.13,4.05,62.37,-15.84,-70.02,3825
Puno,2007-03-25,8.57,15.12,3.52,69.0,0.1,3.82,62.36,-15.84,-70.02,3825
Puno,2007-03-26,9.87,17.05,4.25,61.54,0.0,3.53,62.23,-15.84,-70.02,3825
Puno,2007-03-27,10.12,16.57,5.26,63.46,0.0,3.55,62.19,-15.84,-70.02,3825
Puno,2007-03-28,8.82,15.89,4.52,71.2,0.71,4.01,62.22,-15.84,-70.02,3825
Puno,2007-03-29,7.52,14.65,2.29,73.54,1.21,2.67,62.24,-15.84,-70.02,3825
Puno,2007-03-30,8.82,16.44,2.37,66.77,0.09,2.36,62.15,-15.84,-70.02,3825
Puno,2007-03-31,8.22,15.65,2.67,70.03,0.28,2.99,62.2,-15.84,-70.02,3825
Puno,2007-04-01,9.22,15.87,4.74,66.46,0.94,3.4,62.28,-15.84,-70.02,3825
Puno,2007-04-02,8.65,15.56,4.86,67.03,0.39,1.7,62.31,-15.84,-70.02,3825
Puno,2007-04-03,9.11,13.44,6.16,67.81,0.48,2.12,62.25,-15.84,-70.02,3825
Puno,2007-04-04,9.03,14.52,5.2,68.02,0.32,2.2,62.2,-15.84,-70.02,3825
Puno,2007-04-05,9.02,16.72,2.25,64.55,0.61,2.68,62.18,-15.84,-70.02,3825
Puno,2007-04-06,10.15,16.93,5.16,65.05,0.84,2.45,62.25,-15.84,-70.02,3825
Puno,2007-04-07,10.05,16.4,4.85,63.36,0.84,2.52,62.34,-15.84,-70.02,3825
Puno,2007-04-08,10.21,16.13,5.62,62.99,0.58,2.38,62.4,-15.84,-70.02,3825
Puno,2007-04-09,8.89,15.71,2.64,67.4,0.13,3.06,62.36,-15.84,-70.02,3825
Puno,2007-04-10,10.78,17.42,5.98,58.64,0.03,2.35,62.2,-15.84,-70.02,3825
Puno,2007-04-11,8.43,12.0,4.16,69.23,4.1,1.92,62.27,-15.84,-70.02,3825
Puno,2007-04-12,9.3,16.46,3.49,64.27,0.09,2.85,62.39,-15.84,-70.02,3825
Puno,2007-04-13,9.09,14.64,4.44,65.13,0.04,2.26,62.39,-15.84,-70.02,3825
Puno,2007-04-14,8.72,14.36,3.57,65.06,0.03,3.8,62.4,-15.84,-70.02,3825
Puno,2007-04-15,8.92,16.31,2.9,57.97,0.0,3.55,62.54,-15.84,-70.02,3825
Puno,2007-04-16,9.36,15.96,4.75,54.52,0.0,2.51,62.57,-15.84,-70.02,3825
Puno,2007-04-17,9.33,15.75,4.96,59.84,0.0,2.99,62.43,-15.84,-70.02,3825
Puno,2007-04-18,8.54,15.43,3.01,57.64,0.0,3.34,62.42,-15.84,-70.02,3825
Puno,2007-04-19,8.69,16.01,2.67,51.31,0.0,3.01,62.43,-15.84,-70.02,3825
Puno,2007-04-20,9.08,15.97,3.75,51.92,0.0,3.17,62.39,-15.84,-70.02,3825
Puno,2007-04-21,8.13,14.28,2.99,60.55,0.01,2.47,62.37,-15.84,-70.02,3825
Puno,2007-04-22,10.04,17.57,4.7,55.72,0.0,1.92,62.26,-15.84,-70.02,3825
Puno,2007-04-23,9.15,14.85,4.07,64.93,0.68,2.02,62.26,-15.84,-70.02,3825
Puno,2007-04-24,9.64,16.3,4.93,61.26,0.02,1.92,62.2,-15.84,-70.02,3825
Puno,2007-04-25,8.41,12.65,4.96,66.82,0.08,1.8,62.18,-15.84,-70.02,3825
Puno,2007-04-26,8.88,16.28,3.53,64.06,0.26,1.86,62.18,-15.84,-70.02,3825
Puno,2007-04-27,5.6,10.66,2.99,79.25,2.17,1.88,62.28,-15.84,-70.02,3825
Puno,2007-04-28,8.08,14.97,2.72,68.84,0.13,2.15,62.4,-15.84,-70.02,3825
Puno,2007-04-29,8.84,14.66,4.6,67.38,0.0,2.87,62.38,-15.84,-70.02,3825
Puno,2007-04-30,8.51,13.77,4.99,65.7,0.0,1.89,62.33,-15.84,-70.02,3825
Puno,2007-05-01,8.59,13.89,4.73,63.05,0.0,1.95,62.3,-15.84,-70.02,3825
Puno,2007-05-02,8.76,16.0,4.23,62.24,0.04,2.94,62.35,-15.84,-70.02,3825
Puno,2007-05-03,7.98,15.1,2.83,62.31,0.07,2.59,62.4,-15.84,-70.02,3825
Puno,2007-05-04,8.42,15.31,3.76,66.02,0.0,3.06,62.33,-15.84,-70.02,3825
Puno,2007-05-05,9.62,17.69,4.24,57.26,0.0,1.75,62.24,-15.84,-70.02,3825
Puno,2007-05-06,7.19,14.01,2.77,61.97,0.0,2.35,62.23,-15.84,-70.02,3825
Puno,2007-05-07,7.21,12.94,3.54,63.7,0.1,1.34,62.22,-15.84,-70.02,3825
Puno,2007-05-08,7.27,14.01,2.8,64.81,0.37,1.46,62.24,-15.84,-70.02,3825
Puno,2007-05-09,6.72,10.3,3.19,65.91,0.05,1.38,62.37,-15.84,-70.02,3825
Puno,2007-05-10,8.95,17.46,2.23,46.12,0.0,1.49,62.32,-15.84,-70.02,3825
Puno,2007-05-11,8.93,17.73,1.91,52.56,0.0,1.28,62.35,-15.84,-70.02,3825
Puno,2007-05-12,8.3,14.17,3.98,68.62,0.0,2.7,62.48,-15.84,-70.02,3825
Puno,2007-05-13,9.12,16.32,3.12,59.16,0.0,2.19,62.51,-15.84,-70.02,3825
Puno,2007-05-14,9.3,16.13,4.73,58.94,0.0,2.16,62.45,-15.84,-70.02,3825
Puno,2007-05-15,9.61,17.49,2.63,39.31,0.0,1.12,62.33,-15.84,-70.02,3825
Puno,2007-05-16,8.21,17.11,-0.72,32.86,0.0,1.83,62.16,-15.84,-70.02,3825
Puno,2007-05-17,8.09,16.6,1.96,40.08,0.0,2.01,62.18,-15.84,-70.02,3825
Puno,2007-05-18,6.94,16.17,-0.94,46.34,0.0,2.18,62.25,-15.84,-70.02,3825
Puno,2007-05-19,8.8,16.54,3.71,59.36,0.0,2.04,62.22,-15.84,-70.02,3825
Puno,2007-05-20,6.92,16.93,-0.01,46.87,0.0,3.7,62.14,-15.84,-70.02,3825
Puno,2007-05-21,5.34,15.99,-2.9,41.47,0.0,4.14,62.07,-15.84,-70.02,3825
Puno,2007-05-22,5.32,16.1,-2.9,38.72,0.01,4.22,62.05,-15.84,-70.02,3825
Puno,2007-05-23,6.34,15.48,-2.29,38.34,0.01,2.5,62.13,-15.84,-70.02,3825
Puno,2007-05-24,6.51,13.3,-0.06,44.75,0.0,1.27,62.17,-15.84,-70.02,3825
Puno,2007-05-25,7.45,16.57,0.33,44.06,0.0,3.06,62.16,-15.84,-70.02,3825
Puno,2007-05-26,6.55,16.63,-1.1,39.25,0.0,3.87,62.22,-15.84,-70.02,3825
Puno,2007-05-27,6.29,15.83,-2.19,37.34,0.0,2.01,62.24,-15.84,-70.02,3825
Puno,2007-05-28,6.41,16.04,-1.09,47.33,0.02,2.05,62.24,-15.84,-70.02,3825
Puno,2007-05-29,6.17,15.06,-0.59,47.35,0.07,2.29,62.22,-15.84,-70.02,3825
Puno,2007-05-30,6.32,13.27,0.45,44.3,0.01,1.88,62.23,-15.84,-70.02,3825
Puno,2007-05-31,6.86,14.93,-0.11,49.71,0.0,2.64,62.2,-15.84,-70.02,3825
Puno,2007-06-01,6.57,14.38,-0.93,55.02,0.0,2.37,62.29,-15.84,-70.02,3825
Puno,2007-06-02,8.25,15.8,1.91,53.77,0.0,1.27,62.33,-15.84,-70.02,3825
Puno,2007-06-03,6.62,12.81,0.63,65.96,0.02,2.69,62.46,-15.84,-70.02,3825
Puno,2007-06-04,8.76,16.51,2.56,60.22,0.0,1.56,62.4,-15.84,-70.02,3825
Puno,2007-06-05,7.96,15.05,2.53,51.47,0.0,2.44,62.4,-15.84,-70.02,3825
Puno,2007-06-06,8.6,15.65,1.28,55.59,0.0,1.65,62.34,-15.84,-70.02,3825
Puno,2007-06-07,7.53,15.19,1.75,50.57,0.06,2.51,62.33,-15.84,-70.02,3825
Puno,2007-06-08,6.83,14.84,0.8,59.88,0.01,2.39,62.33,-15.84,-70.02,3825
Puno,2007-06-09,6.83,14.33,1.41,56.53,0.0,2.2,62.3,-15.84,-70.02,3825
Puno,2007-06-10,6.43,14.03,0.82,64.5,0.0,2.24,62.28,-15.84,-70.02,3825
Puno,2007-06-11,6.81,14.54,0.2,55.18,0.0,2.05,62.28,-15.84,-70.02,3825
Puno,2007-06-12,7.08,14.38,1.36,41.96,0.0,1.95,62.32,-15.84,-70.02,3825
Puno,2007-06-13,7.06,14.21,2.64,46.93,0.0,1.89,62.29,-15.84,-70.02,3825
Puno,2007-06-14,7.11,14.75,0.75,56.0,0.0,1.96,62.29,-15.84,-70.02,3825
Puno,2007-06-15,7.38,14.61,3.38,65.32,0.0,2.65,62.42,-15.84,-70.02,3825
Puno,2007-06-16,6.56,13.92,1.85,65.63,0.0,2.31,62.45,-15.84,-70.02,3825
Puno,2007-06-17,7.01,14.24,2.22,61.6,0.0,2.27,62.36,-15.84,-70.02,3825
Puno,2007-06-18,6.28,12.27,1.74,63.12,0.0,1.21,62.27,-15.84,-70.02,3825
Puno,2007-06-19,7.3,14.09,1.05,59.23,0.0,1.64,62.27,-15.84,-70.02,3825
Puno,2007-06-20,7.5,14.89,1.67,60.05,0.0,1.83,62.26,-15.84,-70.02,3825
Puno,2007-06-21,6.92,14.43,-0.05,61.9,0.0,2.78,62.3,-15.84,-70.02,3825
Puno,2007-06-22,7.4,15.64,-0.68,61.36,0.0,2.72,62.24,-15.84,-70.02,3825
Puno,2007-06-23,7.91,14.11,3.62,65.6,0.0,1.88,62.22,-15.84,-70.02,3825
Puno,2007-06-24,4.87,11.13,2.16,78.11,0.24,2.65,62.28,-15.84,-70.02,3825
Puno,2007-06-25,6.74,14.34,1.76,64.35,0.02,2.75,62.27,-15.84,-70.02,3825
Puno,2007-06-26,7.11,15.58,-0.26,45.8,0.12,1.9,62.33,-15.84,-70.02,3825
Puno,2007-06-27,6.42,13.55,1.01,62.55,0.04,2.1,62.34,-15.84,-70.02,3825
Puno,2007-06-28,7.37,16.34,0.24,43.48,0.0,1.33,62.31,-15.84,-70.02,3825
Puno,2007-06-29,5.73,13.97,-0.12,49.49,0.0,1.86,62.43,-15.84,-70.02,3825
Puno,2007-06-30,5.25,12.45,0.86,63.35,0.0,2.24,62.57,-15.84,-70.02,3825
Puno,2007-07-01,5.04,12.52,0.37,56.98,0.0,1.99,62.58,-15.84,-70.02,3825
Puno,2007-07-02,5.37,13.11,0.29,46.82,0.0,1.95,62.48,-15.84,-70.02,3825
Puno,2007-07-03,5.74,14.42,-1.38,45.05,0.0,2.02,62.34,-15.84,-70.02,3825
Puno,2007-07-04,6.18,15.59,-1.78,43.53,0.0,1.98,62.21,-15.84,-70.02,3825
Puno,2007-07-05,6.04,14.73,-1.89,49.15,0.0,2.19,62.22,-15.84,-70.02,3825
Puno,2007-07-06,6.31,14.39,-1.11,55.94,0.0,2.2,62.19,-15.84,-70.02,3825
Puno,2007-07-07,6.09,14.83,-1.38,53.13,0.01,3.56,62.11,-15.84,-70.02,3825
Puno,2007-07-08,2.8,7.41,-1.28,78.2,1.57,2.76,62.21,-15.84,-70.02,3825
Puno,2007-07-09,2.39,6.21,-0.12,78.06,0.35,1.62,62.31,-15.84,-70.02,3825
Puno,2007-07-10,4.01,10.93,-0.82,66.14,0.02,2.41,62.25,-15.84,-70.02,3825
Puno,2007-07-11,5.48,13.24,0.0,51.52,0.15,2.34,62.14,-15.84,-70.02,3825
Puno,2007-07-12,5.17,13.09,-1.91,43.83,0.01,2.7,62.18,-15.84,-70.02,3825
Puno,2007-07-13,5.54,13.29,-1.43,47.27,0.0,2.17,62.21,-15.84,-70.02,3825
Puno,2007-07-14,6.35,13.37,0.52,47.33,0.0,1.7,62.25,-15.84,-70.02,3825
Puno,2007-07-15,6.67,13.88,1.39,50.23,0.0,1.96,62.19,-15.84,-70.02,3825
Puno,2007-07-16,5.58,15.27,-1.12,41.05,0.0,3.72,62.18,-15.84,-70.02,3825
Puno,2007-07-17,4.4,14.82,-3.88,36.88,0.0,2.67,62.24,-15.84,-70.02,3825
Puno,2007-07-18,5.5,13.62,-1.28,53.88,0.0,1.85,62.31,-15.84,-70.02,3825
Puno,2007-07-19,7.26,15.59,1.2,46.21,0.0,0.9,62.24,-15.84,-70.02,3825
Puno,2007-07-20,6.73,15.14,-1.31,38.32,0.0,1.68,62.23,-15.84,-70.02,3825
Puno,2007-07-21,5.9,14.58,-0.96,46.12,0.0,3.64,62.25,-15.84,-70.02,3825
Puno,2007-07-22,4.54,14.89,-3.57,30.73,0.0,3.95,62.18,-15.84,-70.02,3825
Puno,2007-07-23,4.63,15.17,-2.98,29.05,0.0,3.16,62.12,-15.84,-70.02,3825
Puno,2007-07-24,3.07,12.52,-3.57,34.83,0.0,4.85,62.15,-15.84,-70.02,3825
Puno,2007-07-25,3.54,13.45,-4.52,38.73,0.25,2.21,62.25,-15.84,-70.02,3825
Puno,2007-07-26,4.02,13.4,-2.23,49.08,0.14,1.51,62.26,-15.84,-70.02,3825
Puno,2007-07-27,4.6,13.82,-3.28,29.07,0.0,1.67,62.25,-15.84,-70.02,3825
Puno,2007-07-28,5.24,13.21,-0.73,65.22,0.0,2.91,62.25,-15.84,-70.02,3825
Puno,2007-07-29,5.82,14.49,0.16,59.37,0.0,2.1,62.22,-15.84,-70.02,3825
Puno,2007-07-30,5.37,12.74,0.37,68.61,0.0,2.85,62.23,-15.84,-70.02,3825
Puno,2007-07-31,5.88,14.35,-0.44,55.09,0.0,2.23,62.17,-15.84,-70.02,3825
Puno,2007-08-01,5.91,14.08,-0.54,51.96,0.0,2.17,62.13,-15.84,-70.02,3825
Puno,2007-08-02,6.87,14.52,0.5,50.51,0.0,2.39,62.17,-15.84,-70.02,3825
Puno,2007-08-03,6.19,15.48,-1.6,48.84,0.0,3.04,62.25,-15.84,-70.02,3825
Puno,2007-08-04,6.14,14.6,-1.84,45.81,0.0,2.65,62.33,-15.84,-70.02,3825
Puno,2007-08-05,6.6,15.42,-1.02,46.8,0.06,3.19,62.23,-15.84,-70.02,3825
Puno,2007-08-06,6.03,16.26,-2.46,37.17,0.0,2.99,62.21,-15.84,-70.02,3825
Puno,2007-08-07,6.3,15.53,-0.25,35.84,0.03,2.59,62.19,-15.84,-70.02,3825
Puno,2007-08-08,6.75,16.51,-1.47,43.96,0.0,2.7,62.15,-15.84,-70.02,3825
Puno,2007-08-09,7.15,16.75,-1.26,50.04,0.0,2.72,62.23,-15.84,-70.02,3825
Puno,2007-08-10,7.1,15.05,0.76,60.75,0.0,3.41,62.38,-15.84,-70.02,3825
Puno,2007-08-11,6.56,13.88,1.24,61.8,0.0,2.68,62.44,-15.84,-70.02,3825
Puno,2007-08-12,7.91,15.91,-0.02,53.02,0.0,2.45,62.4,-15.84,-70.02,3825
Puno,2007-08-13,7.81,15.95,1.31,50.13,0.0,2.83,62.29,-15.84,-70.02,3825
Puno,2007-08-14,7.53,16.08,-0.9,44.84,0.0,2.44,62.22,-15.84,-70.02,3825
Puno,2007-08-15,6.56,14.59,-1.42,46.67,0.0,2.48,62.29,-15.84,-70.02,3825
Puno,2007-08-16,7.66,14.78,2.57,58.29,0.01,2.11,62.33,-15.84,-70.02,3825
Puno,2007-08-17,6.62,12.29,2.63,69.78,0.16,2.83,62.27,-15.84,-70.02,3825
Puno,2007-08-18,7.76,16.27,1.35,46.21,0.01,1.16,62.15,-15.84,-70.02,3825
Puno,2007-08-19,6.85,16.18,-1.33,41.6,0.0,2.86,62.17,-15.84,-70.02,3825
Puno,2007-08-20,7.58,15.63,0.07,47.48,0.0,1.65,62.24,-15.84,-70.02,3825
Puno,2007-08-21,8.12,16.41,0.26,42.14,0.0,1.95,62.28,-15.84,-70.02,3825
Puno,2007-08-22,8.72,15.69,3.54,50.8,0.0,2.0,62.26,-15.84,-70.02,3825
Puno,2007-08-23,7.83,16.56,-0.84,34.08,0.0,2.1,62.22,-15.84,-70.02,3825
Puno,2007-08-24,7.75,16.51,-1.68,33.7,0.0,2.12,62.18,-15.84,-70.02,3825
Puno,2007-08-25,8.78,19.0,-0.96,38.95,0.0,2.33,62.09,-15.84,-70.02,3825
Puno,2007-08-26,9.34,18.39,1.46,51.22,0.02,2.0,62.05,-15.84,-70.02,3825
Puno,2007-08-27,8.65,19.32,1.89,52.36,0.01,4.32,62.04,-15.84,-70.02,3825
Puno,2007-08-28,7.01,16.93,-0.32,45.21,0.0,3.98,62.15,-15.84,-70.02,3825
Puno,2007-08-29,7.11,16.55,-1.37,42.6,0.0,2.22,62.26,-15.84,-70.02,3825
Puno,2007-08-30,7.75,14.12,2.28,48.93,0.0,2.5,62.34,-15.84,-70.02,3825
Puno,2007-08-31,7.68,14.87,2.62,64.63,0.0,3.11,62.36,-15.84,-70.02,3825
Puno,2007-09-01,7.1,13.27,2.19,65.79,0.0,2.56,62.37,-15.84,-70.02,3825
Puno,2007-09-02,7.98,14.0,3.07,57.15,0.0,1.68,62.39,-15.84,-70.02,3825
Puno,2007-09-03,7.68,13.57,3.95,59.05,0.0,1.65,62.36,-15.84,-70.02,3825
Puno,2007-09-04,8.91,16.1,3.4,40.68,0.01,1.43,62.28,-15.84,-70.02,3825
Puno,2007-09-05,6.9,12.33,3.26,67.43,0.01,3.37,62.37,-15.84,-70.02,3825
Puno,2007-09-06,7.17,13.71,2.57,66.53,0.06,3.25,62.4,-15.84,-70.02,3825
Puno,2007-09-07,6.29,12.15,2.56,71.14,0.23,2.18,62.3,-15.84,-70.02,3825
Puno,2007-09-08,6.36,11.67,2.2,58.78,0.19,2.12,62.24,-15.84,-70.02,3825
Puno,2007-09-09,6.51,11.76,2.77,61.89,0.29,1.34,62.18,-15.84,-70.02,3825
Puno,2007-09-10,5.96,11.85,0.65,53.87,0.02,1.63,62.24,-15.84,-70.02,3825
Puno,2007-09-11,7.29,13.29,2.82,46.56,1.33,2.87,62.26,-15.84,-70.02,3825
Puno,2007-09-12,6.36,12.35,2.15,63.22,0.25,3.05,62.28,-15.84,-70.02,3825
Puno,2007-09-13,7.47,14.98,1.13,59.86,0.02,3.05,62.24,-15.84,-70.02,3825
Puno,2007-09-14,8.8,16.44,3.13,58.2,0.0,3.13,62.26,-15.84,-70.02,3825
Puno,2007-09-15,7.72,15.37,1.85,59.82,0.0,4.69,62.37,-15.84,-70.02,3825
Puno,2007-09-16,8.3,15.53,2.76,62.36,0.0,4.2,62.31,-15.84,-70.02,3825
Puno,2007-09-17,7.26,14.13,1.95,60.88,0.0,2.7,62.26,-15.84,-70.02,3825
Puno,2007-09-18,7.96,16.37,0.72,46.73,0.0,2.72,62.26,-15.84,-70.02,3825
Puno,2007-09-19,6.24,12.55,1.87,67.53,0.0,2.9,62.3,-15.84,-70.02,3825
Puno,2007-09-20,8.5,16.77,1.66,48.66,0.0,1.52,62.21,-15.84,-70.02,3825
Puno,2007-09-21,7.57,13.98,3.41,66.05,0.0,2.8,62.22,-15.84,-70.02,3825
Puno,2007-09-22,6.72,14.04,2.8,58.2,0.95,1.84,62.25,-15.84,-70.02,3825
Puno,2007-09-23,8.62,16.85,2.94,44.17,0.05,2.71,62.22,-15.84,-70.02,3825
Puno,2007-09-24,7.27,14.23,2.12,68.89,0.56,3.24,62.29,-15.84,-70.02,3825
Puno,2007-09-25,5.53,11.01,1.83,73.65,0.06,2.71,62.31,-15.84,-70.02,3825
Puno,2007-09-26,7.72,15.71,1.78,61.41,0.31,2.1,62.27,-15.84,-70.02,3825
Puno,2007-09-27,8.9,16.93,3.28,54.84,0.06,2.91,62.32,-15.84,-70.02,3825
Puno,2007-09-28,8.23,14.74,3.72,66.31,0.0,3.94,62.4,-15.84,-70.02,3825
Puno,2007-09-29,7.77,14.3,3.81,65.32,0.0,4.85,62.47,-15.84,-70.02,3825
Puno,2007-09-30,7.45,14.21,2.24,62.51,0.0,3.71,62.52,-15.84,-70.02,3825
Puno,2007-10-01,8.56,16.36,2.54,60.05,0.0,3.7,62.44,-15.84,-70.02,3825
Puno,2007-10-02,9.23,16.71,3.98,57.91,0.0,3.34,62.44,-15.84,-70.02,3825
Puno,2007-10-03,9.93,17.06,4.6,54.84,0.0,2.95,62.42,-15.84,-70.02,3825
Puno,2007-10-04,9.89,17.23,4.64,56.56,0.0,2.83,62.35,-15.84,-70.02,3825
Puno,2007-10-05,10.33,17.81,4.67,48.0,0.0,1.92,62.24,-15.84,-70.02,3825
Puno,2007-10-06,9.65,17.49,2.51,43.5,0.11,3.07,62.14,-15.84,-70.02,3825
Puno,2007-10-07,7.7,15.51,2.87,67.77,1.16,3.61,62.15,-15.84,-70.02,3825
Puno,2007-10-08,8.87,15.22,2.89,57.13,0.29,2.16,62.2,-15.84,-70.02,3825
Puno,2007-10-09,10.18,16.8,4.89,53.83,0.0,3.06,62.28,-15.84,-70.02,3825
Puno,2007-10-10,10.32,16.23,5.74,57.27,0.0,2.43,62.22,-15.84,-70.02,3825
Puno,2007-10-11,10.16,18.98,2.66,35.1,0.0,1.81,62.09,-15.84,-70.02,3825
Puno,2007-10-12,9.78,19.68,0.89,24.56,0.0,1.52,62.02,-15.84,-70.02,3825
Puno,2007-10-13,9.74,19.07,2.82,29.46,0.03,2.27,61.92,-15.84,-70.02,3825
Puno,2007-10-14,9.1,18.9,1.58,22.6,0.01,2.45,61.93,-15.84,-70.02,3825
Puno,2007-10-15,6.76,9.66,3.65,65.91,0.0,2.37,62.13,-15.84,-70.02,3825
Puno,2007-10-16,8.89,16.6,3.16,64.85,0.0,3.01,62.21,-15.84,-70.02,3825
Puno,2007-10-17,7.33,13.71,2.53,59.53,0.01,2.06,62.31,-15.84,-70.02,3825
Puno,2007-10-18,9.71,17.34,3.83,46.19,0.26,3.66,62.24,-15.84,-70.02,3825
Puno,2007-10-19,10.19,17.02,5.06,56.06,0.06,2.98,62.25,-15.84,-70.02,3825
Puno,2007-10-20,9.66,15.43,5.36,60.58,0.0,2.84,62.22,-15.84,-70.02,3825
Puno,2007-10-21,9.89,16.73,4.64,55.71,0.0,3.22,62.17,-15.84,-70.02,3825
Puno,2007-10-22,10.45,18.19,5.41,58.12,0.11,3.23,62.16,-15.84,-70.02,3825
Puno,2007-10-23,9.74,15.66,4.76,61.79,0.55,3.63,62.24,-15.84,-70.02,3825
Puno,2007-10-24,7.5,11.16,5.38,72.42,0.29,2.88,62.27,-15.84,-70.02,3825
Puno,2007-10-25,10.35,17.86,4.17,51.44,0.0,2.7,62.16,-15.84,-70.02,3825
Puno,2007-10-26,11.07,17.44,5.8,54.33,0.0,2.68,62.13,-15.84,-70.02,3825
Puno,2007-10-27,8.83,13.39,5.47,69.18,0.0,3.59,62.13,-15.84,-70.02,3825
Puno,2007-10-28,8.83,15.69,2.83,63.58,0.21,4.05,62.1,-15.84,-70.02,3825
Puno,2007-10-29,8.99,16.29,3.14,64.74,0.11,2.99,62.08,-15.84,-70.02,3825
Puno,2007-10-30,10.27,18.54,2.88,48.56,0.77,2.03,62.07,-15.84,-70.02,3825
Puno,2007-10-31,10.3,17.63,3.16,39.32,0.01,2.74,62.01,-15.84,-70.02,3825
Puno,2007-11-01,10.56,19.71,2.08,32.16,0.0,1.95,61.99,-15.84,-70.02,3825
Puno,2007-11-02,10.43,20.41,2.5,27.77,0.0,1.4,62.02,-15.84,-70.02,3825
Puno,2007-11-03,9.47,20.91,-0.36,22.33,0.01,2.93,62.0,-15.84,-70.02,3825
Puno,2007-11-04,8.61,19.36,-2.23,19.75,0.02,1.59,62.0,-15.84,-70.02,3825
Puno,2007-11-05,9.98,19.97,1.05,27.94,0.02,1.66,61.98,-15.84,-70.02,3825
Puno,2007-11-06,10.54,18.03,3.64,52.51,0.01,3.38,62.08,-15.84,-70.02,3825
Puno,2007-11-07,11.59,20.49,5.34,39.37,0.17,1.36,62.06,-15.84,-70.02,3825
Puno,2007-11-08,10.54,19.9,2.56,28.55,0.0,1.9,62.02,-15.84,-70.02,3825
Puno,2007-11-09,9.31,19.55,-0.91,17.99,0.0,2.22,61.98,-15.84,-70.02,3825
Puno,2007-11-10,8.89,20.15,-1.42,18.33,0.0,3.13,61.93,-15.84,-70.02,3825
Puno,2007-11-11,9.67,19.11,0.19,23.45,0.06,1.64,62.02,-15.84,-70.02,3825
Puno,2007-11-12,10.46,19.55,3.36,34.05,0.06,1.23,61.98,-15.84,-70.02,3825
Puno,2007-11-13,10.49,19.21,1.57,30.27,0.0,1.48,61.93,-15.84,-70.02,3825
Puno,2007-11-14,8.24,14.63,3.27,60.84,0.29,3.51,62.03,-15.84,-70.02,3825
Puno,2007-11-15,8.19,12.92,3.64,60.98,0.24,2.88,62.12,-15.84,-70.02,3825
Puno,2007-11-16,8.06,15.91,3.78,63.7,0.03,1.8,62.16,-15.84,-70.02,3825
Puno,2007-11-17,9.17,16.72,3.36,59.91,0.45,2.77,62.21,-15.84,-70.02,3825
Puno,2007-11-18,10.51,18.87,3.91,55.76,0.07,2.92,62.19,-15.84,-70.02,3825
Puno,2007-11-19,8.92,14.87,2.86,61.74,0.01,2.91,62.18,-15.84,-70.02,3825
Puno,2007-11-20,7.99,13.49,3.37,72.34,7.2,2.48,62.15,-15.84,-70.02,3825
Puno,2007-11-21,7.49,12.76,2.74,73.11,3.48,4.2,62.31,-15.84,-70.02,3825
Puno,2007-11-22,9.03,15.17,4.29,66.86,1.18,2.75,62.27,-15.84,-70.02,3825
Puno,2007-11-23,9.79,16.48,4.04,55.6,0.67,1.24,62.09,-15.84,-70.02,3825
Puno,2007-11-24,10.61,18.02,2.79,46.72,0.01,2.04,61.95,-15.84,-70.02,3825
Puno,2007-11-25,11.69,19.73,6.63,43.3,0.01,1.74,62.0,-15.84,-70.02,3825
Puno,2007-11-26,10.4,17.26,3.63,44.17,0.01,2.06,62.19,-15.84,-70.02,3825
Puno,2007-11-27,9.45,14.15,4.44,52.12,0.0,1.93,62.21,-15.84,-70.02,3825
Puno,2007-11-28,9.97,15.73,4.76,53.49,0.0,2.74,62.17,-15.84,-70.02,3825
Puno,2007-11-29,9.72,15.64,3.96,55.92,0.0,2.55,62.12,-15.84,-70.02,3825
Puno,2007-11-30,9.37,15.76,3.9,57.41,0.37,2.88,62.11,-15.84,-70.02,3825
Puno,2007-12-01,9.11,16.44,4.49,57.47,0.72,2.64,62.14,-15.84,-70.02,3825
Puno,2007-12-02,8.67,15.05,4.48,63.17,0.24,2.34,62.15,-15.84,-70.02,3825
Puno,2007-12-03,8.95,15.78,2.98,52.7,0.67,2.79,62.11,-15.84,-70.02,3825
Puno,2007-12-04,10.72,20.21,2.17,33.72,0.86,3.35,61.98,-15.84,-70.02,3825
Puno,2007-12-05,10.57,18.85,2.43,33.39,0.03,3.45,62.05,-15.84,-70.02,3825
Puno,2007-12-06,9.29,15.93,5.26,60.9,0.01,2.66,62.22,-15.84,-70.02,3825
Puno,2007-12-07,11.41,18.4,4.92,51.01,0.01,2.34,62.08,-15.84,-70.02,3825
Puno,2007-12-08,9.84,14.75,5.59,54.53,0.02,2.37,62.0,-15.84,-70.02,3825
Puno,2007-12-09,10.18,19.59,3.27,32.06,0.2,4.9,62.08,-15.84,-70.02,3825
Puno,2007-12-10,10.83,20.11,0.23,30.79,0.0,2.3,62.13,-15.84,-70.02,3825
Puno,2007-12-11,10.41,17.36,5.5,59.18,0.02,3.76,62.21,-15.84,-70.02,3825
Puno,2007-12-12,9.63,15.41,5.51,64.54,0.01,4.51,62.21,-15.84,-70.02,3825
Puno,2007-12-13,10.9,17.92,5.21,58.07,0.01,4.32,62.19,-15.84,-70.02,3825
Puno,2007-12-14,11.21,17.25,5.39,54.85,0.69,2.6,62.1,-15.84,-70.02,3825
Puno,2007-12-15,8.19,14.23,2.78,70.82,4.01,2.31,61.93,-15.84,-70.02,3825
Puno,2007-12-16,7.75,12.76,3.04,63.99,1.36,2.67,61.97,-15.84,-70.02,3825
Puno,2007-12-17,9.05,15.67,3.56,57.99,0.17,1.64,62.06,-15.84,-70.02,3825
Puno,2007-12-18,8.46,16.2,2.16,68.07,1.92,3.54,62.16,-15.84,-70.02,3825
Puno,2007-12-19,8.67,12.75,5.39,75.9,24.86,4.41,62.14,-15.84,-70.02,3825
Puno,2007-12-20,9.7,15.89,4.82,67.11,2.62,3.72,62.16,-15.84,-70.02,3825
Puno,2007-12-21,10.28,16.16,4.93,61.86,0.24,3.8,62.21,-15.84,-70.02,3825
Puno,2007-12-22,11.13,17.28,5.9,57.51,0.07,3.29,62.28,-15.84,-70.02,3825
Puno,2007-12-23,10.06,15.92,4.11,58.17,0.01,2.42,62.27,-15.84,-70.02,3825
Puno,2007-12-24,10.79,17.55,5.5,57.72,0.02,1.93,62.18,-15.84,-70.02,3825
Puno,2007-12-25,9.87,15.99,5.55,62.32,0.24,2.73,62.05,-15.84,-70.02,3825
Puno,2007-12-26,11.28,18.3,4.7,52.87,0.04,2.19,61.97,-15.84,-70.02,3825
Puno,2007-12-27,10.64,17.05,6.14,60.58,0.01,2.42,61.97,-15.84,-70.02,3825
Puno,2007-12-28,11.38,19.81,4.51,49.15,0.03,1.9,62.01,-15.84,-70.02,3825
Puno,2007-12-29,10.59,18.35,3.91,53.16,0.2,3.45,62.12,-15.84,-70.02,3825
Puno,2007-12-30,9.94,16.53,5.73,59.49,0.09,2.51,62.16,-15.84,-70.02,3825
Puno,2007-12-31,9.04,14.51,5.49,65.89,0.26,3.97,62.17,-15.84,-70.02,3825
Puno,2008-01-01,9.65,15.77,5.2,66.06,1.28,3.77,62.12,-15.84,-70.02,3825
Puno,2008-01-02,8.04,12.34,4.92,74.34,3.34,2.98,62.08,-15.84,-70.02,3825
Puno,2008-01-03,8.27,16.31,2.33,71.46,2.29,3.37,62.16,-15.84,-70.02,3825
Puno,2008-01-04,8.71,13.75,5.5,73.02,1.3,4.62,62.32,-15.84,-70.02,3825
Puno,2008-01-05,8.26,12.36,4.78,71.11,0.77,4.25,62.35,-15.84,-70.02,3825
Puno,2008-01-06,9.24,15.02,4.93,69.1,1.07,3.75,62.26,-15.84,-70.02,3825
Puno,2008-01-07,10.25,16.19,5.28,67.22,4.41,3.58,62.23,-15.84,-70.02,3825
Puno,2008-01-08,9.97,15.67,6.25,64.65,1.18,3.06,62.17,-15.84,-70.02,3825
Puno,2008-01-09,7.71,12.24,4.57,73.42,4.33,1.74,62.02,-15.84,-70.02,3825
Puno,2008-01-10,7.88,15.77,2.45,68.71,1.86,2.6,61.91,-15.84,-70.02,3825
Puno,2008-01-11,8.26,14.75,2.43,76.26,11.6,4.61,61.93,-15.84,-70.02,3825
Puno,2008-01-12,8.66,13.73,4.89,78.14,25.24,5.05,62.08,-15.84,-70.02,3825
Puno,2008-01-13,9.87,15.76,4.76,71.0,3.16,3.86,62.1,-15.84,-70.02,3825
Puno,2008-01-14,7.79,11.5,4.86,80.43,2.43,4.74,62.18,-15.84,-70.02,3825
Puno,2008-01-15,7.9,13.38,3.71,76.1,2.92,5.26,62.18,-15.84,-70.02,3825
Puno,2008-01-16,9.18,16.04,4.77,69.19,0.79,4.27,62.15,-15.84,-70.02,3825
Puno,2008-01-17,9.46,15.81,4.41,55.58,0.68,3.33,62.17,-15.84,-70.02,3825
Puno,2008-01-18,10.97,17.67,4.83,54.59,0.24,2.0,62.1,-15.84,-70.02,3825
Puno,2008-01-19,8.11,10.39,4.21,76.86,0.55,2.15,62.05,-15.84,-70.02,3825
Puno,2008-01-20,8.45,16.2,2.28,69.21,16.27,2.1,62.04,-15.84,-70.02,3825
Puno,2008-01-21,10.42,18.72,3.53,58.63,2.03,1.57,62.04,-15.84,-70.02,3825
Puno,2008-01-22,10.37,19.24,2.91,52.44,1.35,1.62,61.98,-15.84,-70.02,3825
Puno,2008-01-23,10.74,19.18,2.42,53.45,5.36,2.22,61.96,-15.84,-70.02,3825
Puno,2008-01-24,8.85,13.22,4.91,72.52,50.33,2.05,62.04,-15.84,-70.02,3825
Puno,2008-01-25,8.89,15.93,3.33,66.0,0.5,2.25,62.1,-15.84,-70.02,3825
Puno,2008-01-26,10.04,18.43,2.39,51.91,0.12,1.89,62.1,-15.84,-70.02,3825
Puno,2008-01-27,10.7,18.48,3.68,53.36,0.12,2.89,62.08,-15.84,-70.02,3825
Puno,2008-01-28,8.85,13.89,3.61,69.96,0.05,1.58,62.07,-15.84,-70.02,3825
Puno,2008-01-29,8.05,12.81,2.98,68.8,0.52,1.55,62.06,-15.84,-70.02,3825
Puno,2008-01-30,8.66,15.34,4.28,71.65,1.3,2.45,62.01,-15.84,-70.02,3825
Puno,2008-01-31,9.59,18.39,3.27,56.98,0.7,2.02,61.96,-15.84,-70.02,3825
Puno,2008-02-01,9.33,18.2,0.35,52.06,0.04,2.26,61.95,-15.84,-70.02,3825
Puno,2008-02-02,9.22,16.51,1.56,60.05,0.09,2.35,62.02,-15.84,-70.02,3825
Puno,2008-02-03,7.77,13.26,4.22,74.15,2.75,4.78,62.19,-15.84,-70.02,3825
Puno,2008-02-04,8.53,15.02,3.29,69.14,0.22,4.27,62.31,-15.84,-70.02,3825
Puno,2008-02-05,9.6,16.47,3.98,65.62,0.0,4.01,62.33,-15.84,-70.02,3825
Puno,2008-02-06,10.04,16.68,4.22,61.41,0.0,3.0,62.29,-15.84,-70.02,3825
Puno,2008-02-07,10.06,14.48,6.55,65.05,5.94,1.38,62.24,-15.84,-70.02,3825
Puno,2008-02-08,10.37,16.78,5.87,62.23,0.38,2.68,62.2,-15.84,-70.02,3825
Puno,2008-02-09,10.61,17.69,5.05,58.4,0.08,2.71,62.13,-15.84,-70.02,3825
Puno,2008-02-10,10.83,17.18,6.03,58.12,0.02,2.79,62.09,-15.84,-70.02,3825
Puno,2008-02-11,8.41,12.78,5.62,72.41,9.22,2.91,62.14,-15.84,-70.02,3825
Puno,2008-02-12,8.29,13.35,4.0,71.6,0.91,2.5,62.16,-15.84,-70.02,3825
Puno,2008-02-13,9.11,15.36,5.1,67.76,0.0,2.55,62.16,-15.84,-70.02,3825
Puno,2008-02-14,10.13,16.22,5.25,64.36,0.0,2.31,62.19,-15.84,-70.02,3825
Puno,2008-02-15,10.65,17.06,6.35,62.99,0.0,3.36,62.2,-15.84,-70.02,3825
Puno,2008-02-16,7.48,10.13,4.7,69.05,2.18,3.33,62.22,-15.84,-70.02,3825
Puno,2008-02-17,7.98,13.28,3.07,64.1,0.03,3.8,62.26,-15.84,-70.02,3825
Puno,2008-02-18,7.86,12.04,4.43,74.1,0.42,4.55,62.37,-15.84,-70.02,3825
Puno,2008-02-19,7.58,13.17,3.93,72.1,0.2,4.33,62.43,-15.84,-70.02,3825
Puno,2008-02-20,8.09,14.35,3.74,68.75,7.7,3.15,62.3,-15.84,-70.02,3825
Puno,2008-02-21,7.96,13.49,3.77,67.34,7.9,1.99,62.12,-15.84,-70.02,3825
Puno,2008-02-22,9.06,14.93,4.92,68.25,1.93,1.5,62.12,-15.84,-70.02,3825
Puno,2008-02-23,7.69,11.54,4.51,79.72,7.47,2.15,62.25,-15.84,-70.02,3825
Puno,2008-02-24,8.49,13.89,3.98,75.82,4.08,2.24,62.27,-15.84,-70.02,3825
Puno,2008-02-25,8.61,14.12,5.45,75.36,1.08,2.76,62.15,-15.84,-70.02,3825
Puno,2008-02-26,5.97,11.62,2.42,80.11,4.56,1.91,62.05,-15.84,-70.02,3825
Puno,2008-02-27,7.13,14.39,2.03,66.92,1.16,2.06,62.08,-15.84,-70.02,3825
Puno,2008-02-28,9.01,17.38,2.51,57.6,0.03,1.47,62.08,-15.84,-70.02,3825
Puno,2008-02-29,7.86,13.54,2.99,65.34,0.03,2.17,62.1,-15.84,-70.02,3825
Puno,2008-03-01,9.48,17.77,2.02,56.61,0.18,2.13,62.01,-15.84,-70.02,3825
Puno,2008-03-02,8.36,16.25,2.78,60.32,0.59,1.78,61.98,-15.84,-70.02,3825
Puno,2008-03-03,8.85,16.45,1.47,57.87,0.5,2.59,62.1,-15.84,-70.02,3825
Puno,2008-03-04,7.63,14.15,2.43,69.83,0.72,1.53,62.14,-15.84,-70.02,3825
Puno,2008-03-05,6.95,14.42,1.01,56.19,0.26,2.09,62.11,-15.84,-70.02,3825
Puno,2008-03-06,7.51,17.96,-3.13,44.45,0.04,2.01,62.0,-15.84,-70.02,3825
Puno,2008-03-07,7.81,15.04,2.15,64.81,0.4,2.17,62.06,-15.84,-70.02,3825
Puno,2008-03-08,9.11,16.8,2.43,58.05,0.21,2.01,62.13,-15.84,-70.02,3825
Puno,2008-03-09,8.06,15.03,2.43,69.16,0.54,2.31,62.16,-15.84,-70.02,3825
Puno,2008-03-10,6.99,10.48,2.53,74.13,1.75,1.15,62.12,-15.84,-70.02,3825
Puno,2008-03-11,8.56,14.79,4.29,72.5,0.21,2.56,62.07,-15.84,-70.02,3825
Puno,2008-03-12,8.38,14.72,3.8,72.06,0.26,4.25,62.2,-15.84,-70.02,3825
Puno,2008-03-13,8.71,14.51,4.27,72.26,0.09,3.79,62.33,-15.84,-70.02,3825
Puno,2008-03-14,8.55,13.76,4.43,70.34,0.01,3.5,62.32,-15.84,-70.02,3825
Puno,2008-03-15,9.47,16.39,4.39,67.55,0.0,3.4,62.28,-15.84,-70.02,3825
Puno,2008-03-16,9.05,15.94,4.05,62.1,0.0,3.32,62.35,-15.84,-70.02,3825
Puno,2008-03-17,8.39,16.04,2.83,52.34,0.0,3.15,62.33,-15.84,-70.02,3825
Puno,2008-03-18,6.37,12.92,0.47,57.17,0.0,3.52,62.33,-15.84,-70.02,3825
Puno,2008-03-19,7.61,15.15,1.65,52.58,0.0,3.24,62.27,-15.84,-70.02,3825
Puno,2008-03-20,7.87,15.49,2.13,50.85,0.0,3.42,62.35,-15.84,-70.02,3825
Puno,2008-03-21,6.69,14.47,-0.39,59.66,0.0,3.44,62.32,-15.84,-70.02,3825
Puno,2008-03-22,7.45,14.9,1.58,61.15,0.01,3.48,62.24,-15.84,-70.02,3825
Puno,2008-03-23,7.44,14.01,1.3,66.14,0.01,3.53,62.33,-15.84,-70.02,3825
Puno,2008-03-24,7.73,13.78,3.84,72.08,0.0,4.08,62.41,-15.84,-70.02,3825
Puno,2008-03-25,8.37,15.51,2.53,64.93,0.0,3.21,62.44,-15.84,-70.02,3825
Puno,2008-03-26,9.15,16.57,4.08,56.28,0.0,3.2,62.34,-15.84,-70.02,3825
Puno,2008-03-27,8.99,16.5,2.7,52.39,0.0,2.69,62.22,-15.84,-70.02,3825
Puno,2008-03-28,9.82,17.33,4.07,61.46,0.0,3.07,62.2,-15.84,-70.02,3825
Puno,2008-03-29,8.73,14.51,4.52,66.9,0.0,2.66,62.25,-15.84,-70.02,3825
Puno,2008-03-30,8.88,14.82,4.5,68.63,0.77,2.65,62.23,-15.84,-70.02,3825
Puno,2008-03-31,9.17,14.5,5.05,64.97,0.5,1.75,62.1,-15.84,-70.02,3825
Puno,2008-04-01,8.9,15.62,2.8,62.42,0.13,2.38,61.98,-15.84,-70.02,3825
Puno,2008-04-02,9.43,15.33,4.93,63.11,0.01,1.56,61.96,-15.84,-70.02,3825
Puno,2008-04-03,8.52,15.04,3.24,64.78,0.0,2.03,62.03,-15.84,-70.02,3825
Puno,2008-04-04,8.43,17.51,0.37,49.52,0.0,1.27,62.05,-15.84,-70.02,3825
Puno,2008-04-05,8.42,16.75,2.95,48.46,0.0,0.78,62.1,-15.84,-70.02,3825
Puno,2008-04-06,6.83,17.3,-1.5,36.41,0.0,2.51,62.1,-15.84,-70.02,3825
Puno,2008-04-07,6.44,17.09,-4.52,36.26,0.0,1.15,62.09,-15.84,-70.02,3825
Puno,2008-04-08,8.0,16.7,-0.25,49.02,0.0,2.43,62.12,-15.84,-70.02,3825
Puno,2008-04-09,8.06,13.51,4.61,70.9,0.0,2.87,62.22,-15.84,-70.02,3825
Puno,2008-04-10,7.4,11.15,3.41,70.79,0.0,1.72,62.24,-15.84,-70.02,3825
Puno,2008-04-11,7.19,12.88,2.74,66.53,0.0,2.69,62.21,-15.84,-70.02,3825
Puno,2008-04-12,7.94,14.96,3.3,56.89,0.0,2.49,62.14,-15.84,-70.02,3825
Puno,2008-04-13,8.72,15.83,2.9,57.15,0.0,2.15,62.11,-15.84,-70.02,3825
Puno,2008-04-14,8.27,13.53,4.25,67.74,0.3,2.32,62.13,-15.84,-70.02,3825
Puno,2008-04-15,7.97,17.23,0.31,49.46,0.05,1.84,62.02,-15.84,-70.02,3825
Puno,2008-04-16,6.57,14.37,1.48,62.79,0.0,1.31,62.12,-15.84,-70.02,3825
Puno,2008-04-17,8.49,15.38,2.47,66.72,0.0,2.12,62.26,-15.84,-70.02,3825
Puno,2008-04-18,9.08,15.04,4.66,66.14,0.0,1.5,62.29,-15.84,-70.02,3825
Puno,2008-04-19,8.86,17.74,2.31,46.07,0.0,1.01,62.22,-15.84,-70.02,3825
Puno,2008-04-20,7.78,16.58,-0.25,55.06,0.01,2.02,62.19,-15.84,-70.02,3825
Puno,2008-04-21,8.5,14.61,3.9,63.79,0.02,2.17,62.21,-15.84,-70.02,3825
Puno,2008-04-22,8.69,16.06,2.78,53.6,0.01,2.28,62.26,-15.84,-70.02,3825
Puno,2008-04-23,8.72,15.19,4.28,58.19,0.0,1.91,62.29,-15.84,-70.02,3825
Puno,2008-04-24,8.78,15.02,3.75,56.42,0.0,1.55,62.24,-15.84,-70.02,3825
Puno,2008-04-25,8.67,16.33,2.02,45.15,0.0,1.53,62.15,-15.84,-70.02,3825
Puno,2008-04-26,8.67,16.58,0.64,42.77,0.0,1.36,62.12,-15.84,-70.02,3825
Puno,2008-04-27,8.55,15.19,2.93,49.55,0.01,2.06,62.16,-15.84,-70.02,3825
Puno,2008-04-28,9.3,17.27,2.61,41.25,0.0,1.24,62.15,-15.84,-70.02,3825
Puno,2008-04-29,9.21,15.37,3.87,49.3,0.04,1.7,62.19,-15.84,-70.02,3825
Puno,2008-04-30,8.58,18.12,0.04,47.98,0.05,3.13,62.13,-15.84,-70.02,3825
Puno,2008-05-01,5.69,16.39,-3.21,31.68,0.0,3.45,62.13,-15.84,-70.02,3825
Puno,2008-05-02,7.13,16.24,-1.25,33.47,0.0,1.13,62.17,-15.84,-70.02,3825
Puno,2008-05-03,6.48,16.49,-0.33,36.92,0.0,1.64,62.18,-15.84,-70.02,3825
Puno,2008-05-04,5.84,17.07,-2.82,30.56,0.0,2.55,62.17,-15.84,-70.02,3825
Puno,2008-05-05,6.98,16.38,-1.39,33.69,0.0,1.98,62.23,-15.84,-70.02,3825
Puno,2008-05-06,7.6,15.43,0.5,42.07,0.0,1.95,62.2,-15.84,-70.02,3825
Puno,2008-05-07,7.29,15.15,0.26,46.76,0.0,2.21,62.18,-15.84,-70.02,3825
Puno,2008-05-08,8.23,16.05,1.28,54.35,0.24,1.51,62.2,-15.84,-70.02,3825
Puno,2008-05-09,6.38,12.99,1.5,57.64,0.08,1.54,62.27,-15.84,-70.02,3825
Puno,2008-05-10,4.58,10.68,-1.03,44.07,0.01,1.56,62.27,-15.84,-70.02,3825
Puno,2008-05-11,5.29,11.02,1.64,37.43,0.0,1.1,62.32,-15.84,-70.02,3825
Puno,2008-05-12,5.74,12.12,0.56,55.2,0.16,1.58,62.3,-15.84,-70.02,3825
Puno,2008-05-13,4.48,9.02,1.84,76.96,0.01,1.65,62.3,-15.84,-70.02,3825
Puno,2008-05-14,6.06,15.12,-0.58,47.98,0.0,2.03,62.26,-15.84,-70.02,3825
Puno,2008-05-15,4.76,14.55,-3.48,40.4,0.0,2.46,62.26,-15.84,-70.02,3825
Puno,2008-05-16,6.22,14.28,-0.94,36.44,0.0,1.07,62.32,-15.84,-70.02,3825
Puno,2008-05-17,6.41,15.13,-0.34,32.27,0.0,1.15,62.33,-15.84,-70.02,3825
Puno,2008-05-18,6.52,15.82,-2.04,33.83,0.0,1.64,62.36,-15.84,-70.02,3825
Puno,2008-05-19,7.23,15.55,0.54,39.09,0.0,2.08,62.41,-15.84,-70.02,3825
Puno,2008-05-20,7.33,15.21,1.69,55.82,0.0,1.92,62.4,-15.84,-70.02,3825
Puno,2008-05-21,7.12,14.76,0.98,47.29,0.0,2.19,62.33,-15.84,-70.02,3825
Puno,2008-05-22,6.33,14.05,0.75,56.47,0.0,2.0,62.35,-15.84,-70.02,3825
Puno,2008-05-23,6.87,14.82,-0.02,49.21,0.0,1.53,62.34,-15.84,-70.02,3825
Puno,2008-05-24,6.13,12.86,1.09,59.06,0.0,2.17,62.29,-15.84,-70.02,3825
Puno,2008-05-25,5.82,14.52,-1.22,53.14,0.0,1.5,62.09,-15.84,-70.02,3825
Puno,2008-05-26,4.1,13.82,-3.3,29.67,0.0,2.34,62.03,-15.84,-70.02,3825
Puno,2008-05-27,3.52,13.89,-3.88,35.32,0.0,2.66,62.04,-15.84,-70.02,3825
Puno,2008-05-28,3.34,14.01,-4.32,34.46,0.0,2.82,62.08,-15.84,-70.02,3825
Puno,2008-05-29,4.68,13.75,-2.99,31.44,0.01,1.52,62.17,-15.84,-70.02,3825
Puno,2008-05-30,4.8,14.51,-1.7,32.24,0.0,2.53,62.22,-15.84,-70.02,3825
Puno,2008-05-31,4.82,13.93,-2.71,38.62,0.0,1.91,62.31,-15.84,-70.02,3825
Puno,2008-06-01,7.1,13.41,2.63,60.72,0.0,1.21,62.33,-15.84,-70.02,3825
Puno,2008-06-02,5.38,14.73,-1.43,40.95,0.0,2.21,62.32,-15.84,-70.02,3825
Puno,2008-06-03,4.21,12.38,-2.67,31.36,0.0,1.91,62.33,-15.84,-70.02,3825
Puno,2008-06-04,5.24,13.04,-0.94,33.9,0.0,1.89,62.33,-15.84,-70.02,3825
Puno,2008-06-05,5.22,13.05,-1.71,32.92,0.0,2.25,62.34,-15.84,-70.02,3825
Puno,2008-06-06,4.75,12.46,-0.46,41.03,0.0,1.9,62.34,-15.84,-70.02,3825
Puno,2008-06-07,5.25,14.48,-1.99,41.38,0.0,1.74,62.25,-15.84,-70.02,3825
Puno,2008-06-08,4.57,14.38,-2.35,30.6,0.0,2.38,62.21,-15.84,-70.02,3825
Puno,2008-06-09,4.68,13.65,-3.29,44.04,0.0,2.57,62.26,-15.84,-70.02,3825
Puno,2008-06-10,5.49,11.62,1.46,74.14,0.01,2.4,62.16,-15.84,-70.02,3825
Puno,2008-06-11,4.32,11.59,-0.85,60.21,0.42,3.65,62.11,-15.84,-70.02,3825
Puno,2008-06-12,3.96,13.81,-2.64,46.54,0.04,4.6,62.12,-15.84,-70.02,3825
Puno,2008-06-13,3.68,14.38,-3.84,40.4,0.0,2.92,62.17,-15.84,-70.02,3825
Puno,2008-06-14,5.19,13.1,-2.32,32.49,0.0,1.43,62.19,-15.84,-70.02,3825
Puno,2008-06-15,5.3,10.61,2.16,56.94,0.01,2.11,62.38,-15.84,-70.02,3825
Puno,2008-06-16,5.41,11.68,0.5,75.09,0.0,1.92,62.45,-15.84,-70.02,3825
Puno,2008-06-17,6.77,14.39,0.29,59.55,0.0,1.86,62.37,-15.84,-70.02,3825
Puno,2008-06-18,7.48,15.79,-0.1,49.23,0.0,1.68,62.2,-15.84,-70.02,3825
Puno,2008-06-19,6.48,15.85,-1.42,42.62,0.0,2.25,62.15,-15.84,-70.02,3825
Puno,2008-06-20,6.34,14.45,-1.1,48.71,0.0,1.99,62.19,-15.84,-70.02,3825
Puno,2008-06-21,5.77,15.08,-1.08,42.43,0.0,2.34,62.18,-15.84,-70.02,3825
Puno,2008-06-22,4.91,14.68,-1.91,40.73,0.0,2.13,62.15,-15.84,-70.02,3825
Puno,2008-06-23,5.69,14.13,-2.0,46.57,0.0,1.69,62.22,-15.84,-70.02,3825
Puno,2008-06-24,6.33,12.79,1.23,60.37,0.0,1.67,62.32,-15.84,-70.02,3825
Puno,2008-06-25,6.76,14.88,0.45,59.55,0.01,2.37,62.2,-15.84,-70.02,3825
Puno,2008-06-26,5.16,15.31,-1.84,54.55,0.09,4.07,62.09,-15.84,-70.02,3825
Puno,2008-06-27,4.17,13.41,-3.97,39.43,0.0,2.38,62.17,-15.84,-70.02,3825
Puno,2008-06-28,5.23,13.67,-0.78,53.98,0.0,1.55,62.32,-15.84,-70.02,3825
Puno,2008-06-29,5.0,13.4,-2.1,33.49,0.0,1.48,62.39,-15.84,-70.02,3825
Puno,2008-06-30,5.71,13.36,-0.36,29.93,0.0,1.48,62.32,-15.84,-70.02,3825
Puno,2008-07-01,4.78,13.32,-2.01,34.67,0.0,2.22,62.33,-15.84,-70.02,3825
Puno,2008-07-02,4.77,12.15,0.41,52.68,0.0,1.76,62.41,-15.84,-70.02,3825
Puno,2008-07-03,4.54,12.79,-1.4,60.11,0.0,2.0,62.42,-15.84,-70.02,3825
Puno,2008-07-04,4.89,12.67,-1.2,55.93,0.0,1.74,62.4,-15.84,-70.02,3825
Puno,2008-07-05,5.75,14.98,-2.33,33.5,0.0,1.63,62.27,-15.84,-70.02,3825
Puno,2008-07-06,5.55,14.44,-2.5,30.17,0.0,1.89,62.2,-15.84,-70.02,3825
Puno,2008-07-07,5.16,14.98,-1.87,35.04,0.0,2.05,62.18,-15.84,-70.02,3825
Puno,2008-07-08,5.19,13.53,-0.95,47.47,0.01,2.09,62.26,-15.84,-70.02,3825
Puno,2008-07-09,6.52,13.3,2.9,69.58,0.01,1.89,62.32,-15.84,-70.02,3825
Puno,2008-07-10,6.13,12.21,2.02,76.43,0.0,2.65,62.42,-15.84,-70.02,3825
Puno,2008-07-11,5.84,12.55,1.26,60.73,0.0,2.12,62.47,-15.84,-70.02,3825
Puno,2008-07-12,5.74,14.23,-1.96,40.93,0.0,1.8,62.35,-15.84,-70.02,3825
Puno,2008-07-13,4.72,12.9,-1.45,45.98,0.0,2.76,62.27,-15.84,-70.02,3825
Puno,2008-07-14,3.86,10.17,-1.8,71.0,0.0,2.4,62.33,-15.84,-70.02,3825
Puno,2008-07-15,4.89,11.66,-0.07,69.53,0.0,2.41,62.43,-15.84,-70.02,3825
Puno,2008-07-16,6.28,13.0,1.03,54.52,0.0,1.44,62.37,-15.84,-70.02,3825
Puno,2008-07-17,5.43,13.39,-1.99,37.25,0.0,1.91,62.17,-15.84,-70.02,3825
Puno,2008-07-18,5.65,13.53,-2.26,42.87,0.13,1.69,62.13,-15.84,-70.02,3825
Puno,2008-07-19,5.84,14.12,-1.81,46.29,0.0,1.69,62.15,-15.84,-70.02,3825
Puno,2008-07-20,5.4,13.53,-2.46,39.23,0.0,2.32,62.22,-15.84,-70.02,3825
Puno,2008-07-21,3.37,12.92,-3.69,32.29,0.0,3.96,62.25,-15.84,-70.02,3825
Puno,2008-07-22,3.46,12.86,-4.04,37.33,0.0,1.98,62.25,-15.84,-70.02,3825
Puno,2008-07-23,6.29,14.81,0.06,45.92,0.0,1.16,62.24,-15.84,-70.02,3825
Puno,2008-07-24,5.12,13.44,-0.98,45.77,0.0,1.91,62.32,-15.84,-70.02,3825
Puno,2008-07-25,6.56,12.87,1.57,60.45,0.0,1.37,62.35,-15.84,-70.02,3825
Puno,2008-07-26,5.87,14.03,-1.74,41.24,0.0,2.03,62.27,-15.84,-70.02,3825
Puno,2008-07-27,6.88,14.15,0.79,57.99,0.0,2.09,62.25,-15.84,-70.02,3825
Puno,2008-07-28,6.33,13.37,1.66,65.16,0.0,2.04,62.28,-15.84,-70.02,3825
Puno,2008-07-29,5.07,12.55,-0.53,63.95,0.18,2.2,62.23,-15.84,-70.02,3825
Puno,2008-07-30,5.07,11.88,-0.54,51.44,0.04,3.37,62.12,-15.84,-70.02,3825
Puno,2008-07-31,4.63,14.84,-3.22,35.22,0.01,3.68,62.05,-15.84,-70.02,3825
Puno,2008-08-01,3.82,13.64,-3.44,24.61,0.0,4.39,62.16,-15.84,-70.02,3825
Puno,2008-08-02,3.86,13.88,-3.89,20.99,0.0,1.97,62.19,-15.84,-70.02,3825
Puno,2008-08-03,3.94,12.55,-3.88,27.12,0.0,1.8,62.2,-15.84,-70.02,3825
Puno,2008-08-04,5.55,14.37,-0.75,39.99,0.0,1.97,62.11,-15.84,-70.02,3825
Puno,2008-08-05,5.16,12.73,-1.65,40.82,0.0,2.04,62.17,-15.84,-70.02,3825
Puno,2008-08-06,6.48,13.98,1.02,43.96,0.0,2.17,62.14,-15.84,-70.02,3825
Puno,2008-08-07,4.34,12.48,-1.29,49.1,0.01,2.14,62.21,-15.84,-70.02,3825
Puno,2008-08-08,2.57,6.89,-1.59,74.5,0.25,1.77,62.22,-15.84,-70.02,3825
Puno,2008-08-09,4.34,13.93,-4.1,56.4,0.02,1.68,62.33,-15.84,-70.02,3825
Puno,2008-08-10,7.14,14.59,2.32,54.61,0.01,1.55,62.37,-15.84,-70.02,3825
Puno,2008-08-11,6.91,15.34,-1.37,38.6,0.07,1.65,62.27,-15.84,-70.02,3825
Puno,2008-08-12,6.84,16.01,-2.1,38.8,0.2,2.0,62.24,-15.84,-70.02,3825
Puno,2008-08-13,7.92,16.83,0.87,47.83,0.01,1.71,62.29,-15.84,-70.02,3825
Puno,2008-08-14,5.65,14.41,-2.59,42.93,0.0,2.28,62.41,-15.84,-70.02,3825
Puno,2008-08-15,7.76,16.31,-0.36,45.15,0.0,1.58,62.38,-15.84,-70.02,3825
Puno,2008-08-16,7.35,15.27,-0.27,28.67,0.0,1.43,62.25,-15.84,-70.02,3825
Puno,2008-08-17,7.01,15.74,-0.32,42.45,0.0,2.38,62.2,-15.84,-70.02,3825
Puno,2008-08-18,7.96,13.82,4.56,66.13,0.0,2.49,62.25,-15.84,-70.02,3825
Puno,2008-08-19,7.15,13.82,2.77,67.18,0.0,2.58,62.29,-15.84,-70.02,3825
Puno,2008-08-20,8.4,14.93,4.19,66.8,0.8,1.98,62.28,-15.84,-70.02,3825
Puno,2008-08-21,8.24,13.78,3.97,70.17,0.02,3.14,62.29,-15.84,-70.02,3825
Puno,2008-08-22,8.38,15.43,3.2,66.69,0.0,2.68,62.28,-15.84,-70.02,3825
Puno,2008-08-23,9.04,17.46,3.04,45.23,0.0,0.88,62.26,-15.84,-70.02,3825
Puno,2008-08-24,7.04,14.62,1.87,55.93,0.0,2.92,62.32,-15.84,-70.02,3825
Puno,2008-08-25,6.66,14.23,1.05,58.54,0.0,2.72,62.38,-15.84,-70.02,3825
Puno,2008-08-26,7.33,14.63,2.29,58.49,0.0,2.36,62.37,-15.84,-70.02,3825
Puno,2008-08-27,7.67,16.82,-0.08,38.95,0.0,1.44,62.22,-15.84,-70.02,3825
Puno,2008-08-28,5.41,13.84,-3.11,41.55,0.01,2.94,62.2,-15.84,-70.02,3825
Puno,2008-08-29,9.17,18.78,2.83,57.41,0.01,1.8,62.09,-15.84,-70.02,3825
Puno,2008-08-30,8.58,17.87,1.19,42.24,0.0,1.9,62.11,-15.84,-70.02,3825
Puno,2008-08-31,8.0,15.99,1.33,35.17,0.0,2.31,62.2,-15.84,-70.02,3825
Puno,2008-09-01,8.1,16.16,2.78,47.82,0.0,2.64,62.3,-15.84,-70.02,3825
Puno,2008-09-02,7.83,15.9,0.91,44.94,0.0,2.29,62.3,-15.84,-70.02,3825
Puno,2008-09-03,8.33,16.4,1.73,54.52,0.0,3.33,62.17,-15.84,-70.02,3825
Puno,2008-09-04,7.12,15.0,1.58,64.98,0.4,3.12,62.11,-15.84,-70.02,3825
Puno,2008-09-05,6.32,16.24,-1.87,33.83,0.04,3.17,62.11,-15.84,-70.02,3825
Puno,2008-09-06,7.17,15.89,-0.27,31.7,0.0,1.58,62.22,-15.84,-70.02,3825
Puno,2008-09-07,7.06,14.45,2.43,57.14,0.0,2.57,62.25,-15.84,-70.02,3825
Puno,2008-09-08,7.99,16.09,1.3,46.69,0.0,2.74,62.28,-15.84,-70.02,3825
Puno,2008-09-09,8.18,14.63,3.68,62.94,0.0,3.28,62.35,-15.84,-70.02,3825
Puno,2008-09-10,6.53,13.22,3.22,67.77,0.0,2.06,62.4,-15.84,-70.02,3825
Puno,2008-09-11,7.67,16.26,-1.08,42.79,0.13,1.94,62.31,-15.84,-70.02,3825
Puno,2008-09-12,8.58,16.6,3.05,48.91,0.02,1.24,62.23,-15.84,-70.02,3825
Puno,2008-09-13,8.02,17.01,0.92,44.94,0.0,1.52,62.16,-15.84,-70.02,3825
Puno,2008-09-14,8.63,16.37,3.07,48.42,0.0,1.76,62.21,-15.84,-70.02,3825
Puno,2008-09-15,8.19,14.12,3.51,42.5,0.0,1.22,62.28,-15.84,-70.02,3825
Puno,2008-09-16,8.93,15.88,2.78,33.33,0.0,1.19,62.26,-15.84,-70.02,3825
Puno,2008-09-17,8.16,15.87,2.58,34.72,0.0,1.24,62.24,-15.84,-70.02,3825
Puno,2008-09-18,7.79,15.74,1.79,42.57,0.0,1.2,62.17,-15.84,-70.02,3825
Puno,2008-09-19,8.29,15.67,1.86,25.86,0.0,1.46,62.17,-15.84,-70.02,3825
Puno,2008-09-20,7.41,12.97,3.05,46.32,0.0,3.05,62.26,-15.84,-70.02,3825
Puno,2008-09-21,7.52,14.16,0.82,38.16,0.0,1.23,62.29,-15.84,-70.02,3825
Puno,2008-09-22,8.3,16.86,2.29,42.46,0.0,1.73,62.26,-15.84,-70.02,3825
Puno,2008-09-23,8.61,17.72,2.04,41.76,0.0,1.43,62.15,-15.84,-70.02,3825
Puno,2008-09-24,8.44,16.95,1.71,41.64,0.0,1.92,62.1,-15.84,-70.02,3825
Puno,2008-09-25,8.35,16.46,0.79,44.99,0.0,1.91,62.21,-15.84,-70.02,3825
Puno,2008-09-26,7.86,14.05,3.75,60.62,0.0,2.19,62.28,-15.84,-70.02,3825
Puno,2008-09-27,9.28,15.97,3.88,53.09,0.0,2.22,62.22,-15.84,-70.02,3825
Puno,2008-09-28,8.57,14.74,4.67,59.44,0.0,1.93,62.25,-15.84,-70.02,3825
Puno,2008-09-29,8.36,16.47,2.6,64.08,0.0,3.38,62.29,-15.84,-70.02,3825
Puno,2008-09-30,9.88,17.19,3.99,58.24,0.0,2.53,62.37,-15.84,-70.02,3825
Puno,2008-10-01,10.59,19.24,3.07,41.53,0.0,1.53,62.26,-15.84,-70.02,3825
Puno,2008-10-02,9.91,18.78,1.45,38.6,0.0,1.46,62.18,-15.84,-70.02,3825
Puno,2008-10-03,9.25,19.31,0.86,25.15,0.02,4.31,62.06,-15.84,-70.02,3825
Puno,2008-10-04,8.35,19.57,-0.36,21.1,0.01,2.92,62.08,-15.84,-70.02,3825
Puno,2008-10-05,7.99,19.3,-1.4,28.78,0.02,2.38,62.09,-15.84,-70.02,3825
Puno,2008-10-06,7.77,17.01,-2.15,33.61,0.01,2.15,62.17,-15.84,-70.02,3825
Puno,2008-10-07,6.55,12.96,2.31,69.86,0.85,2.91,62.38,-15.84,-70.02,3825
Puno,2008-10-08,7.49,14.93,1.67,64.86,0.64,2.94,62.36,-15.84,-70.02,3825
Puno,2008-10-09,9.09,17.02,3.01,52.94,0.11,1.77,62.22,-15.84,-70.02,3825
Puno,2008-10-10,9.24,18.34,0.5,35.17,0.0,1.41,62.12,-15.84,-70.02,3825
Puno,2008-10-11,9.85,17.12,4.0,52.05,0.0,2.75,62.2,-15.84,-70.02,3825
Puno,2008-10-12,9.82,17.19,4.86,57.87,0.0,3.88,62.21,-15.84,-70.02,3825
Puno,2008-10-13,9.94,17.66,3.61,54.09,0.0,3.46,62.19,-15.84,-70.02,3825
Puno,2008-10-14,10.01,17.3,3.62,57.64,0.0,3.3,62.23,-15.84,-70.02,3825
Puno,2008-10-15,7.91,11.44,5.49,73.87,0.0,3.5,62.35,-15.84,-70.02,3825
Puno,2008-10-16,8.84,15.02,4.4,61.77,0.0,4.34,62.45,-15.84,-70.02,3825
Puno,2008-10-17,7.18,13.32,2.36,68.72,0.3,3.01,62.36,-15.84,-70.02,3825
Puno,2008-10-18,9.9,17.12,3.73,38.78,0.05,1.54,62.19,-15.84,-70.02,3825
Puno,2008-10-19,10.18,18.65,3.3,31.01,0.0,1.18,62.18,-15.84,-70.02,3825
Puno,2008-10-20,10.16,17.89,3.8,49.87,0.0,2.64,62.23,-15.84,-70.02,3825
Puno,2008-10-21,11.37,18.76,5.3,53.38,0.0,2.66,62.18,-15.84,-70.02,3825
Puno,2008-10-22,11.15,18.34,6.05,58.65,0.0,4.04,62.19,-15.84,-70.02,3825
Puno,2008-10-23,7.16,13.5,2.95,75.27,0.99,2.84,62.28,-15.84,-70.02,3825
Puno,2008-10-24,8.35,16.11,2.27,66.83,0.48,3.08,62.31,-15.84,-70.02,3825
Puno,2008-10-25,9.04,17.13,1.84,61.35,0.02,2.32,62.25,-15.84,-70.02,3825
Puno,2008-10-26,9.15,14.83,3.66,64.69,0.0,3.16,62.29,-15.84,-70.02,3825
Puno,2008-10-27,7.98,12.24,5.35,72.09,1.4,2.92,62.33,-15.84,-70.02,3825
Puno,2008-10-28,9.09,14.45,4.55,60.38,0.93,1.64,62.23,-15.84,-70.02,3825
Puno,2008-10-29,9.43,16.85,2.52,54.22,0.61,2.88,62.16,-15.84,-70.02,3825
Puno,2008-10-30,7.86,15.21,3.76,66.47,0.03,2.13,62.23,-15.84,-70.02,3825
Puno,2008-10-31,9.74,17.24,3.73,49.22,0.03,2.08,62.21,-15.84,-70.02,3825
Puno,2008-11-01,10.47,19.54,1.36,41.49,0.0,1.34,62.08,-15.84,-70.02,3825
Puno,2008-11-02,9.21,15.47,4.82,63.19,0.0,2.62,62.15,-15.84,-70.02,3825
Puno,2008-11-03,11.02,18.79,2.8,44.55,0.0,2.32,62.26,-15.84,-70.02,3825
Puno,2008-11-04,10.14,16.2,6.63,58.45,0.0,2.1,62.3,-15.84,-70.02,3825
Puno,2008-11-05,11.99,19.59,4.79,38.7,0.0,2.32,62.27,-15.84,-70.02,3825
Puno,2008-11-06,11.65,19.17,5.43,44.0,0.01,3.3,62.24,-15.84,-70.02,3825
Puno,2008-11-07,12.38,19.47,7.08,49.43,0.0,2.35,62.24,-15.84,-70.02,3825
Puno,2008-11-08,11.83,18.24,7.4,49.64,0.0,3.27,62.27,-15.84,-70.02,3825
Puno,2008-11-09,11.8,19.05,6.45,50.5,0.0,3.78,62.33,-15.84,-70.02,3825
Puno,2008-11-10,11.43,17.75,6.41,53.73,0.02,3.18,62.32,-15.84,-70.02,3825
Puno,2008-11-11,11.85,19.93,5.28,41.48,0.0,1.64,62.22,-15.84,-70.02,3825
Puno,2008-11-12,11.88,20.46,5.42,41.47,0.01,1.39,62.06,-15.84,-70.02,3825
Puno,2008-11-13,9.37,13.86,5.61,63.91,9.79,2.96,62.02,-15.84,-70.02,3825
Puno,2008-11-14,9.05,14.99,5.45,65.78,1.3,2.54,61.97,-15.84,-70.02,3825
Puno,2008-11-15,10.19,16.86,4.28,49.5,0.07,2.32,62.04,-15.84,-70.02,3825
Puno,2008-11-16,8.41,11.15,5.75,64.98,0.33,1.84,62.11,-15.84,-70.02,3825
Puno,2008-11-17,10.34,17.8,4.42,39.77,0.0,0.96,62.1,-15.84,-70.02,3825
Puno,2008-11-18,10.38,17.71,4.78,55.51,0.0,3.2,62.1,-15.84,-70.02,3825
Puno,2008-11-19,10.06,16.14,5.25,61.77,0.28,3.21,62.1,-15.84,-70.02,3825
Puno,2008-11-20,10.2,15.93,5.87,58.06,0.05,3.38,62.17,-15.84,-70.02,3825
Puno,2008-11-21,9.49,15.17,4.8,62.26,2.2,3.48,62.27,-15.84,-70.02,3825
Puno,2008-11-22,9.68,15.87,4.9,61.51,0.72,2.46,62.3,-15.84,-70.02,3825
Puno,2008-11-23,10.43,16.92,5.62,55.68,0.0,2.95,62.28,-15.84,-70.02,3825
Puno,2008-11-24,10.53,17.0,5.98,55.82,0.72,2.77,62.25,-15.84,-70.02,3825
Puno,2008-11-25,10.13,16.32,5.58,57.36,0.21,2.33,62.25,-15.84,-70.02,3825
Puno,2008-11-26,8.75,14.96,3.27,51.47,0.0,3.25,62.27,-15.84,-70.02,3825
Puno,2008-11-27,9.63,14.91,5.3,63.39,0.0,4.22,62.29,-15.84,-70.02,3825
Puno,2008-11-28,10.85,17.59,4.94,51.79,0.0,2.44,62.23,-15.84,-70.02,3825
Puno,2008-11-29,9.73,14.77,4.48,56.35,0.0,3.33,62.19,-15.84,-70.02,3825
Puno,2008-11-30,10.3,16.18,5.13,57.48,0.01,3.65,62.24,-15.84,-70.02,3825
Puno,2008-12-01,8.51,12.59,5.73,68.44,0.95,2.43,62.27,-15.84,-70.02,3825
Puno,2008-12-02,9.77,19.1,0.83,52.75,9.41,2.02,62.19,-15.84,-70.02,3825
Puno,2008-12-03,7.58,15.68,1.01,46.18,0.14,2.41,62.08,-15.84,-70.02,3825
Puno,2008-12-04,8.15,18.58,-2.48,30.48,0.0,2.32,61.99,-15.84,-70.02,3825
Puno,2008-12-05,10.29,18.66,2.15,36.25,0.0,1.77,62.1,-15.84,-70.02,3825
Puno,2008-12-06,8.83,14.52,5.01,65.59,0.0,4.67,62.27,-15.84,-70.02,3825
Puno,2008-12-07,8.38,14.69,3.37,61.87,0.0,4.78,62.32,-15.84,-70.02,3825
Puno,2008-12-08,7.88,12.59,4.63,70.15,0.36,3.72,62.28,-15.84,-70.02,3825
Puno,2008-12-09,8.24,14.86,4.51,66.59,0.54,3.0,62.22,-15.84,-70.02,3825
Puno,2008-12-10,8.55,15.85,3.82,58.84,1.41,2.77,62.13,-15.84,-70.02,3825
Puno,2008-12-11,9.99,17.03,4.72,47.95,1.03,2.29,62.06,-15.84,-70.02,3825
Puno,2008-12-12,9.26,14.86,5.23,49.39,0.0,2.35,62.16,-15.84,-70.02,3825
Puno,2008-12-13,9.94,16.23,5.46,61.88,0.01,3.93,62.17,-15.84,-70.02,3825
Puno,2008-12-14,9.71,15.34,4.43,65.52,2.34,2.78,62.2,-15.84,-70.02,3825
Puno,2008-12-15,6.57,10.8,2.51,75.5,1.33,1.89,62.13,-15.84,-70.02,3825
Puno,2008-12-16,8.7,14.79,2.94,64.54,0.01,2.43,61.97,-15.84,-70.02,3825
Puno,2008-12-17,10.45,16.99,4.36,57.78,0.21,3.89,62.0,-15.84,-70.02,3825
Puno,2008-12-18,7.33,8.4,5.92,79.48,12.99,2.76,62.13,-15.84,-70.02,3825
Puno,2008-12-19,9.08,14.58,4.67,70.78,16.57,4.04,62.13,-15.84,-70.02,3825
Puno,2008-12-20,8.55,16.46,4.8,71.7,4.82,2.84,62.1,-15.84,-70.02,3825
Puno,2008-12-21,10.64,16.71,5.52,59.34,0.88,2.88,62.05,-15.84,-70.02,3825
Puno,2008-12-22,10.12,16.41,6.23,66.32,8.38,3.86,62.08,-15.84,-70.02,3825
Puno,2008-12-23,9.16,14.16,5.52,72.07,20.51,2.58,62.14,-15.84,-70.02,3825
Puno,2008-12-24,9.41,14.96,5.03,68.2,3.16,2.76,62.11,-15.84,-70.02,3825
Puno,2008-12-25,9.52,16.31,4.79,63.74,0.82,3.09,62.01,-15.84,-70.02,3825
Puno,2008-12-26,7.13,12.7,3.26,73.56,2.58,3.22,61.95,-15.84,-70.02,3825
Puno,2008-12-27,7.94,14.69,2.78,69.98,0.19,3.16,61.98,-15.84,-70.02,3825
Puno,2008-12-28,8.96,16.51,2.66,47.23,0.48,1.84,62.03,-15.84,-70.02,3825
Puno,2008-12-29,8.37,14.16,4.36,55.93,0.53,2.5,62.17,-15.84,-70.02,3825
Puno,2008-12-30,8.27,13.89,4.44,70.33,0.01,5.23,62.21,-15.84,-70.02,3825
Puno,2008-12-31,9.33,16.16,3.63,68.06,0.1,4.31,62.17,-15.84,-70.02,3825
Puno,2009-01-01,8.83,14.32,5.49,74.77,0.87,5.19,62.1,-15.84,-70.02,3825
Puno,2009-01-02,9.85,18.55,3.6,64.51,0.22,2.65,62.02,-15.84,-70.02,3825
Puno,2009-01-03,9.8,16.8,3.38,54.83,0.06,1.66,62.02,-15.84,-70.02,3825
Puno,2009-01-04,10.74,20.45,4.1,46.45,0.0,2.13,62.07,-15.84,-70.02,3825
Puno,2009-01-05,9.92,19.61,0.62,40.19,0.0,1.34,62.07,-15.84,-70.02,3825
Puno,2009-01-06,10.03,18.96,1.1,43.13,0.02,1.64,62.03,-15.84,-70.02,3825
Puno,2009-01-07,8.91,14.94,2.99,65.24,0.01,2.9,62.11,-15.84,-70.02,3825
Puno,2009-01-08,8.92,14.58,3.32,66.82,0.04,2.72,62.15,-15.84,-70.02,3825
Puno,2009-01-09,9.13,15.33,2.88,65.97,0.01,3.71,62.23,-15.84,-70.02,3825
Puno,2009-01-10,6.18,8.82,4.2,79.05,0.0,3.62,62.38,-15.84,-70.02,3825
Puno,2009-01-11,8.37,13.72,4.58,69.49,0.01,4.44,62.33,-15.84,-70.02,3825
Puno,2009-01-12,9.18,15.04,4.04,65.67,0.0,4.21,62.25,-15.84,-70.02,3825
Puno,2009-01-13,9.84,16.8,4.33,64.46,0.72,4.49,62.26,-15.84,-70.02,3825
Puno,2009-01-14,9.55,14.43,4.97,64.52,0.16,3.3,62.33,-15.84,-70.02,3825
Puno,2009-01-15,10.95,16.76,5.81,62.23,0.48,2.21,62.24,-15.84,-70.02,3825
Puno,2009-01-16,10.07,16.51,5.85,62.88,0.42,1.93,62.16,-15.84,-70.02,3825
Puno,2009-01-17,9.67,16.59,2.82,47.52,0.19,2.29,62.1,-15.84,-70.02,3825
Puno,2009-01-18,10.48,17.15,4.64,55.05,0.47,1.92,62.11,-15.84,-70.02,3825
Puno,2009-01-19,9.69,18.37,2.81,54.13,0.57,2.71,62.17,-15.84,-70.02,3825
Puno,2009-01-20,7.4,12.56,3.06,67.79,0.73,2.52,62.27,-15.84,-70.02,3825
Puno,2009-01-21,9.9,16.93,4.2,53.24,0.2,1.85,62.23,-15.84,-70.02,3825
Puno,2009-01-22,9.72,15.88,4.58,59.19,0.0,2.8,62.27,-15.84,-70.02,3825
Puno,2009-01-23,8.71,15.6,3.28,66.56,0.27,3.36,62.26,-15.84,-70.02,3825
Puno,2009-01-24,8.57,14.93,2.81,64.11,0.7,2.12,62.16,-15.84,-70.02,3825
Puno,2009-01-25,9.61,15.11,4.21,61.05,0.04,3.2,62.12,-15.84,-70.02,3825
Puno,2009-01-26,9.49,15.88,4.77,60.97,0.01,4.22,62.24,-15.84,-70.02,3825
Puno,2009-01-27,8.94,15.71,4.1,63.9,0.01,2.64,62.26,-15.84,-70.02,3825
Puno,2009-01-28,8.95,13.2,5.03,68.03,0.04,3.39,62.23,-15.84,-70.02,3825
Puno,2009-01-29,9.33,15.07,4.67,64.81,0.02,3.93,62.32,-15.84,-70.02,3825
Puno,2009-01-30,9.3,15.96,3.54,57.05,0.0,3.77,62.36,-15.84,-70.02,3825
Puno,2009-01-31,9.88,17.64,4.24,53.88,0.0,3.69,62.32,-15.84,-70.02,3825
Puno,2009-02-01,9.06,16.17,2.24,54.94,0.0,3.55,62.25,-15.84,-70.02,3825
Puno,2009-02-02,10.35,17.23,4.65,57.25,0.0,2.96,62.14,-15.84,-70.02,3825
Puno,2009-02-03,10.8,17.75,6.09,61.76,0.02,3.59,62.24,-15.84,-70.02,3825
Puno,2009-02-04,8.83,15.61,5.14,67.06,0.0,3.46,62.39,-15.84,-70.02,3825
Puno,2009-02-05,10.05,16.06,4.66,56.78,0.22,2.92,62.39,-15.84,-70.02,3825
Puno,2009-02-06,11.48,17.82,7.12,58.38,0.23,3.53,62.3,-15.84,-70.02,3825
Puno,2009-02-07,8.38,10.29,6.28,73.73,0.5,3.41,62.31,-15.84,-70.02,3825
Puno,2009-02-08,10.34,16.44,5.63,69.24,3.58,2.92,62.17,-15.84,-70.02,3825
Puno,2009-02-09,6.84,10.85,3.25,78.38,3.33,2.27,62.15,-15.84,-70.02,3825
Puno,2009-02-10,9.6,17.01,2.92,62.49,0.6,2.07,62.17,-15.84,-70.02,3825
Puno,2009-02-11,10.44,15.49,7.01,69.19,1.57,3.99,62.27,-15.84,-70.02,3825
Puno,2009-02-12,9.56,15.2,5.96,73.39,2.84,4.1,62.27,-15.84,-70.02,3825
Puno,2009-02-13,10.78,17.63,5.24,61.86,0.53,1.4,62.03,-15.84,-70.02,3825
Puno,2009-02-14,10.02,15.53,6.09,63.7,0.28,2.06,61.88,-15.84,-70.02,3825
Puno,2009-02-15,10.26,19.23,3.15,53.08,0.32,2.09,61.92,-15.84,-70.02,3825
Puno,2009-02-16,9.56,18.39,-0.58,44.32,0.0,2.16,61.92,-15.84,-70.02,3825
Puno,2009-02-17,7.59,12.76,2.73,71.78,2.58,4.36,62.09,-15.84,-70.02,3825
Puno,2009-02-18,7.81,13.8,2.03,71.29,0.6,3.24,62.13,-15.84,-70.02,3825
Puno,2009-02-19,10.12,17.4,4.77,67.37,1.11,3.57,62.12,-15.84,-70.02,3825
Puno,2009-02-20,8.63,13.84,4.35,73.12,0.91,4.35,62.13,-15.84,-70.02,3825
Puno,2009-02-21,9.42,16.51,3.64,67.37,9.81,3.58,62.12,-15.84,-70.02,3825
Puno,2009-02-22,8.49,14.12,5.51,75.3,15.52,2.33,62.17,-15.84,-70.02,3825
Puno,2009-02-23,9.28,15.33,5.0,66.95,5.1,2.37,62.17,-15.84,-70.02,3825
Puno,2009-02-24,9.6,15.66,4.78,63.8,0.62,3.02,62.13,-15.84,-70.02,3825
Puno,2009-02-25,7.95,13.24,2.95,74.71,16.7,4.25,62.09,-15.84,-70.02,3825
Puno,2009-02-26,6.97,14.07,2.69,77.57,6.85,2.82,62.02,-15.84,-70.02,3825
Puno,2009-02-27,7.06,14.19,1.78,75.25,1.63,3.92,62.07,-15.84,-70.02,3825
Puno,2009-02-28,8.87,15.28,4.16,70.9,0.73,3.45,62.12,-15.84,-70.02,3825
Puno,2009-03-01,8.65,13.95,4.76,75.4,9.37,3.24,62.16,-15.84,-70.02,3825
Puno,2009-03-02,8.98,15.48,4.45,72.38,2.91,3.18,62.19,-15.84,-70.02,3825
Puno,2009-03-03,8.81,15.9,4.06,70.76,1.09,2.81,62.24,-15.84,-70.02,3825
Puno,2009-03-04,9.73,16.53,5.15,69.28,3.38,3.41,62.27,-15.84,-70.02,3825
Puno,2009-03-05,8.5,14.4,4.54,71.29,1.62,4.72,62.37,-15.84,-70.02,3825
Puno,2009-03-06,8.38,14.61,3.13,67.4,0.32,3.96,62.4,-15.84,-70.02,3825
Puno,2009-03-07,9.37,16.23,4.18,64.0,0.34,3.15,62.37,-15.84,-70.02,3825
Puno,2009-03-08,7.57,14.97,3.25,72.91,0.17,2.65,62.28,-15.84,-70.02,3825
Puno,2009-03-09,9.16,15.67,3.8,66.62,0.05,2.93,62.28,-15.84,-70.02,3825
Puno,2009-03-10,10.2,16.7,5.3,60.23,0.03,2.28,62.15,-15.84,-70.02,3825
Puno,2009-03-11,9.82,17.13,4.92,64.58,0.01,1.93,62.03,-15.84,-70.02,3825
Puno,2009-03-12,9.85,16.64,3.68,60.27,0.04,1.76,62.02,-15.84,-70.02,3825
Puno,2009-03-13,8.84,14.44,4.96,69.8,0.42,3.59,62.09,-15.84,-70.02,3825
Puno,2009-03-14,7.22,11.92,3.52,73.32,0.71,4.53,62.25,-15.84,-70.02,3825
Puno,2009-03-15,8.32,14.97,3.75,65.4,0.05,4.34,62.45,-15.84,-70.02,3825
Puno,2009-03-16,9.15,17.03,2.91,58.19,0.0,2.41,62.35,-15.84,-70.02,3825
Puno,2009-03-17,9.45,16.72,4.08,59.19,0.0,3.46,62.2,-15.84,-70.02,3825
Puno,2009-03-18,7.21,11.57,2.84,72.43,0.01,3.66,62.24,-15.84,-70.02,3825
Puno,2009-03-19,7.45,13.75,2.76,72.24,0.02,3.13,62.18,-15.84,-70.02,3825
Puno,2009-03-20,7.43,14.33,1.94,71.5,0.08,3.74,62.19,-15.84,-70.02,3825
Puno,2009-03-21,7.71,15.5,2.2,73.65,0.29,2.93,62.14,-15.84,-70.02,3825
Puno,2009-03-22,10.09,18.65,2.9,56.9,0.15,0.95,62.02,-15.84,-70.02,3825
Puno,2009-03-23,10.77,18.21,5.09,57.0,0.47,1.43,62.02,-15.84,-70.02,3825
Puno,2009-03-24,9.78,16.08,4.91,64.65,0.24,2.8,62.1,-15.84,-70.02,3825
Puno,2009-03-25,9.72,15.04,4.93,63.55,0.02,1.78,62.05,-15.84,-70.02,3825
Puno,2009-03-26,9.42,18.41,1.62,54.17,1.1,1.28,62.0,-15.84,-70.02,3825
Puno,2009-03-27,9.28,14.71,5.22,64.08,0.39,2.3,62.15,-15.84,-70.02,3825
Puno,2009-03-28,9.72,16.62,4.82,63.09,3.69,1.87,62.13,-15.84,-70.02,3825
Puno,2009-03-29,9.46,18.94,0.32,52.71,0.57,1.46,62.05,-15.84,-70.02,3825
Puno,2009-03-30,10.2,17.91,5.37,58.11,0.0,3.19,62.13,-15.84,-70.02,3825
Puno,2009-03-31,9.76,16.57,4.98,61.49,0.0,3.2,62.25,-15.84,-70.02,3825
Puno,2009-04-01,8.85,15.3,3.87,61.96,0.04,3.46,62.28,-15.84,-70.02,3825
Puno,2009-04-02,9.37,15.48,4.34,60.51,0.01,1.98,62.22,-15.84,-70.02,3825
Puno,2009-04-03,10.21,16.91,3.06,52.82,0.0,2.04,62.14,-15.84,-70.02,3825
Puno,2009-04-04,10.66,17.28,4.84,53.3,0.0,2.14,62.14,-15.84,-70.02,3825
Puno,2009-04-05,9.77,15.47,5.74,63.44,0.05,3.7,62.23,-15.84,-70.02,3825
Puno,2009-04-06,8.43,13.68,4.96,68.74,0.01,3.96,62.34,-15.84,-70.02,3825
Puno,2009-04-07,8.68,14.86,3.73,70.0,0.06,3.5,62.3,-15.84,-70.02,3825
Puno,2009-04-08,7.92,13.16,4.73,74.14,0.03,5.02,62.32,-15.84,-70.02,3825
Puno,2009-04-09,7.82,13.26,4.28,73.36,0.04,4.08,62.33,-15.84,-70.02,3825
Puno,2009-04-10,6.77,12.14,3.07,75.36,0.02,5.27,62.4,-15.84,-70.02,3825
Puno,2009-04-11,8.27,13.78,3.57,66.01,0.0,2.0,62.3,-15.84,-70.02,3825
Puno,2009-04-12,8.79,13.92,4.53,67.45,0.31,1.93,62.25,-15.84,-70.02,3825
Puno,2009-04-13,8.18,14.85,2.63,69.39,0.27,3.16,62.29,-15.84,-70.02,3825
Puno,2009-04-14,7.49,13.02,3.91,70.67,0.28,4.26,62.44,-15.84,-70.02,3825
Puno,2009-04-15,6.42,11.98,1.93,75.02,0.71,3.82,62.55,-15.84,-70.02,3825
Puno,2009-04-16,7.11,13.73,2.82,72.22,0.08,3.49,62.51,-15.84,-70.02,3825
Puno,2009-04-17,6.54,14.05,0.71,59.0,0.0,2.99,62.44,-15.84,-70.02,3825
Puno,2009-04-18,6.9,14.88,1.48,46.09,0.0,2.65,62.36,-15.84,-70.02,3825
Puno,2009-04-19,7.04,14.98,0.97,49.98,0.0,2.74,62.38,-15.84,-70.02,3825
Puno,2009-04-20,6.89,13.49,0.96,58.03,0.0,2.64,62.41,-15.84,-70.02,3825
Puno,2009-04-21,8.21,14.48,3.8,66.17,0.0,1.82,62.37,-15.84,-70.02,3825
Puno,2009-04-22,8.68,15.79,3.51,60.83,0.85,1.31,62.31,-15.84,-70.02,3825
Puno,2009-04-23,7.15,17.48,-0.81,48.47,0.09,1.96,62.21,-15.84,-70.02,3825
Puno,2009-04-24,7.09,16.75,-2.03,39.95,0.06,1.28,62.18,-15.84,-70.02,3825
Puno,2009-04-25,8.7,17.02,1.97,50.96,0.0,1.22,62.22,-15.84,-70.02,3825
Puno,2009-04-26,7.9,13.57,3.97,70.74,0.0,3.17,62.33,-15.84,-70.02,3825
Puno,2009-04-27,8.48,16.53,2.91,60.41,0.0,2.06,62.31,-15.84,-70.02,3825
Puno,2009-04-28,8.63,17.3,2.03,48.97,0.0,1.12,62.25,-15.84,-70.02,3825
Puno,2009-04-29,7.52,17.74,-1.82,40.35,0.0,1.51,62.26,-15.84,-70.02,3825
Puno,2009-04-30,8.02,14.51,2.87,65.6,0.0,2.88,62.4,-15.84,-70.02,3825
Puno,2009-05-01,8.14,14.67,2.09,59.87,0.0,2.11,62.4,-15.84,-70.02,3825
Puno,2009-05-02,8.21,13.99,3.43,54.92,0.0,1.4,62.36,-15.84,-70.02,3825
Puno,2009-05-03,7.82,16.02,1.26,54.8,0.0,1.21,62.27,-15.84,-70.02,3825
Puno,2009-05-04,6.27,16.33,-1.33,39.69,0.0,2.36,62.14,-15.84,-70.02,3825
Puno,2009-05-05,6.65,15.98,-1.71,47.65,0.01,1.82,62.16,-15.84,-70.02,3825
Puno,2009-05-06,7.44,14.21,2.45,62.7,0.01,1.45,62.19,-15.84,-70.02,3825
Puno,2009-05-07,7.15,14.64,0.7,43.66,0.0,1.18,62.18,-15.84,-70.02,3825
Puno,2009-05-08,7.01,15.21,-0.96,47.99,0.0,1.83,62.24,-15.84,-70.02,3825
Puno,2009-05-09,8.02,14.21,3.36,61.97,0.0,1.32,62.28,-15.84,-70.02,3825
Puno,2009-05-10,6.98,13.22,0.49,56.92,0.0,1.96,62.28,-15.84,-70.02,3825
Puno,2009-05-11,8.14,14.14,4.12,59.95,0.01,1.99,62.23,-15.84,-70.02,3825
Puno,2009-05-12,7.6,13.3,2.7,58.14,0.0,1.34,62.28,-15.84,-70.02,3825
Puno,2009-05-13,7.75,15.8,-0.12,42.38,0.0,1.68,62.21,-15.84,-70.02,3825
Puno,2009-05-14,6.82,15.62,-0.86,40.02,0.0,1.93,62.22,-15.84,-70.02,3825
Puno,2009-05-15,7.69,15.97,-0.01,50.47,0.0,1.02,62.14,-15.84,-70.02,3825
Puno,2009-05-16,5.8,15.0,-2.52,29.52,0.0,1.11,62.1,-15.84,-70.02,3825
Puno,2009-05-17,6.02,15.58,-2.62,36.78,0.0,2.01,62.15,-15.84,-70.02,3825
Puno,2009-05-18,6.45,13.47,0.88,66.68,0.0,2.72,62.31,-15.84,-70.02,3825
Puno,2009-05-19,5.61,10.81,1.81,70.71,0.0,2.75,62.4,-15.84,-70.02,3825
Puno,2009-05-20,7.66,14.98,2.25,61.61,0.0,1.32,62.33,-15.84,-70.02,3825
Puno,2009-05-21,7.23,14.79,-0.47,52.86,0.0,1.71,62.31,-15.84,-70.02,3825
Puno,2009-05-22,7.43,15.07,1.43,44.25,0.0,1.41,62.32,-15.84,-70.02,3825
Puno,2009-05-23,7.14,15.09,0.51,41.5,0.0,1.37,62.35,-15.84,-70.02,3825
Puno,2009-05-24,7.14,15.02,0.77,43.55,0.0,1.16,62.36,-15.84,-70.02,3825
Puno,2009-05-25,6.96,16.03,-1.98,39.09,0.0,1.67,62.29,-15.84,-70.02,3825
Puno,2009-05-26,7.53,14.58,0.87,48.9,0.02,1.6,62.24,-15.84,-70.02,3825
Puno,2009-05-27,7.57,15.06,2.58,49.55,0.01,1.01,62.17,-15.84,-70.02,3825
Puno,2009-05-28,6.8,13.38,2.27,58.65,0.04,2.32,62.18,-15.84,-70.02,3825
Puno,2009-05-29,6.16,15.61,-1.11,56.21,0.0,3.49,62.17,-15.84,-70.02,3825
Puno,2009-05-30,4.09,14.46,-3.57,39.93,0.01,3.72,62.2,-15.84,-70.02,3825
Puno,2009-05-31,3.82,14.52,-3.91,25.54,0.0,3.32,62.24,-15.84,-70.02,3825
Puno,2009-06-01,3.89,14.98,-3.08,26.08,0.0,2.8,62.21,-15.84,-70.02,3825
Puno,2009-06-02,3.66,14.41,-3.84,24.9,0.0,2.71,62.23,-15.84,-70.02,3825
Puno,2009-06-03,4.78,14.78,-3.37,29.17,0.0,2.08,62.22,-15.84,-70.02,3825
Puno,2009-06-04,5.69,14.41,-1.35,35.42,0.0,1.71,62.31,-15.84,-70.02,3825
Puno,2009-06-05,5.36,13.97,-0.13,38.8,0.0,2.3,62.4,-15.84,-70.02,3825
Puno,2009-06-06,4.76,13.37,-0.55,58.07,0.0,1.74,62.42,-15.84,-70.02,3825
Puno,2009-06-07,6.34,15.14,-0.83,45.68,0.0,0.9,62.33,-15.84,-70.02,3825
Puno,2009-06-08,4.97,14.49,-2.77,26.74,0.0,1.68,62.29,-15.84,-70.02,3825
Puno,2009-06-09,4.69,12.87,-1.88,30.45,0.0,1.59,62.29,-15.84,-70.02,3825
Puno,2009-06-10,5.3,14.05,-2.48,25.31,0.0,1.25,62.33,-15.84,-70.02,3825
Puno,2009-06-11,5.07,11.56,0.11,44.5,0.0,1.53,62.42,-15.84,-70.02,3825
Puno,2009-06-12,6.04,14.14,-0.04,43.21,0.0,1.25,62.4,-15.84,-70.02,3825
Puno,2009-06-13,5.64,13.76,-0.17,37.09,0.0,1.32,62.31,-15.84,-70.02,3825
Puno,2009-06-14,4.53,14.79,-2.34,36.09,0.0,3.71,62.18,-15.84,-70.02,3825
Puno,2009-06-15,2.92,12.7,-3.53,29.13,0.0,4.07,62.21,-15.84,-70.02,3825
Puno,2009-06-16,3.63,11.75,-2.26,39.12,0.0,1.84,62.31,-15.84,-70.02,3825
Puno,2009-06-17,4.39,13.61,-1.84,36.5,0.0,2.48,62.25,-15.84,-70.02,3825
Puno,2009-06-18,5.09,13.42,-2.4,38.51,0.0,1.89,62.19,-15.84,-70.02,3825
Puno,2009-06-19,5.52,13.09,-0.9,59.59,0.0,1.93,62.19,-15.84,-70.02,3825
Puno,2009-06-20,5.81,14.29,-1.92,43.39,0.0,1.33,62.21,-15.84,-70.02,3825
Puno,2009-06-21,5.66,13.93,-1.31,36.15,0.0,1.31,62.2,-15.84,-70.02,3825
Puno,2009-06-22,5.53,13.95,-1.01,37.77,0.0,2.16,62.19,-15.84,-70.02,3825
Puno,2009-06-23,4.88,11.78,-1.74,58.19,0.0,1.91,62.22,-15.84,-70.02,3825
Puno,2009-06-24,5.69,13.66,-0.35,50.2,0.01,2.24,62.27,-15.84,-70.02,3825
Puno,2009-06-25,4.28,13.65,-2.7,25.66,0.0,3.15,62.31,-15.84,-70.02,3825
Puno,2009-06-26,4.38,13.61,-2.13,25.31,0.0,1.49,62.35,-15.84,-70.02,3825
Puno,2009-06-27,5.03,13.24,-0.82,24.79,0.0,1.0,62.43,-15.84,-70.02,3825
Puno,2009-06-28,4.64,13.73,-2.77,22.63,0.0,1.67,62.39,-15.84,-70.02,3825
Puno,2009-06-29,5.01,14.83,-2.8,28.57,0.0,1.85,62.25,-15.84,-70.02,3825
Puno,2009-06-30,5.2,13.26,0.1,45.15,0.0,1.44,62.2,-15.84,-70.02,3825
Puno,2009-07-01,4.82,14.46,-2.59,29.34,0.0,2.15,62.2,-15.84,-70.02,3825
Puno,2009-07-02,4.58,14.19,-1.93,27.78,0.0,1.97,62.26,-15.84,-70.02,3825
Puno,2009-07-03,4.64,13.73,-1.34,25.34,0.02,1.63,62.25,-15.84,-70.02,3825
Puno,2009-07-04,3.76,13.9,-2.65,27.48,0.01,2.98,62.22,-15.84,-70.02,3825
Puno,2009-07-05,3.28,13.02,-4.04,22.48,0.0,1.82,62.25,-15.84,-70.02,3825
Puno,2009-07-06,4.65,12.08,-1.48,34.2,0.0,1.8,62.24,-15.84,-70.02,3825
Puno,2009-07-07,4.77,13.84,-1.18,28.6,0.0,2.24,62.18,-15.84,-70.02,3825
Puno,2009-07-08,4.83,13.6,-1.88,31.6,0.0,1.51,62.2,-15.84,-70.02,3825
Puno,2009-07-09,5.2,13.81,-0.75,38.92,0.01,1.2,62.23,-15.84,-70.02,3825
Puno,2009-07-10,4.67,14.41,-2.16,37.97,0.01,3.64,62.23,-15.84,-70.02,3825
Puno,2009-07-11,5.06,13.61,-2.15,51.08,0.08,2.27,62.29,-15.84,-70.02,3825
Puno,2009-07-12,7.49,14.57,2.41,58.1,0.01,1.35,62.13,-15.84,-70.02,3825
Puno,2009-07-13,6.36,14.48,-0.99,59.02,0.0,3.51,62.25,-15.84,-70.02,3825
Puno,2009-07-14,7.17,14.28,0.8,65.27,0.0,2.4,62.36,-15.84,-70.02,3825
Puno,2009-07-15,7.22,16.18,-0.48,56.19,0.0,1.94,62.27,-15.84,-70.02,3825
Puno,2009-07-16,6.58,15.22,0.73,62.63,0.0,2.4,62.25,-15.84,-70.02,3825
Puno,2009-07-17,6.3,12.51,1.25,69.36,0.0,2.48,62.35,-15.84,-70.02,3825
Puno,2009-07-18,6.67,13.56,2.41,66.91,0.0,2.44,62.49,-15.84,-70.02,3825
Puno,2009-07-19,6.86,14.21,1.33,60.86,0.0,2.2,62.33,-15.84,-70.02,3825
Puno,2009-07-20,5.73,13.85,-0.26,58.9,1.29,3.41,62.13,-15.84,-70.02,3825
Puno,2009-07-21,2.93,12.7,-3.82,46.27,0.01,5.07,62.07,-15.84,-70.02,3825
Puno,2009-07-22,3.1,13.9,-4.45,26.16,0.01,3.75,62.1,-15.84,-70.02,3825
Puno,2009-07-23,3.62,12.73,-3.61,23.79,0.02,3.0,62.12,-15.84,-70.02,3825
Puno,2009-07-24,4.67,13.29,-1.87,30.52,0.01,3.61,62.08,-15.84,-70.02,3825
Puno,2009-07-25,4.18,11.25,-1.14,51.84,0.0,3.11,62.12,-15.84,-70.02,3825
Puno,2009-07-26,4.02,11.13,-0.74,67.47,0.64,2.77,62.24,-15.84,-70.02,3825
Puno,2009-07-27,3.94,11.24,-0.44,67.51,0.03,2.88,62.34,-15.84,-70.02,3825
Puno,2009-07-28,5.08,12.95,-2.42,59.79,0.0,1.85,62.29,-15.84,-70.02,3825
Puno,2009-07-29,7.05,14.34,1.74,58.09,0.0,2.15,62.25,-15.84,-70.02,3825
Puno,2009-07-30,6.14,14.85,-1.91,55.06,0.0,1.9,62.28,-15.84,-70.02,3825
Puno,2009-07-31,6.28,15.28,-0.79,49.11,0.0,1.62,62.3,-15.84,-70.02,3825
Puno,2009-08-01,5.76,16.23,-1.43,38.76,0.01,3.36,62.22,-15.84,-70.02,3825
Puno,2009-08-02,4.7,13.73,-3.73,46.64,0.04,2.69,62.3,-15.84,-70.02,3825
Puno,2009-08-03,7.92,15.82,1.78,64.21,0.01,2.19,62.32,-15.84,-70.02,3825
Puno,2009-08-04,8.22,16.15,1.19,45.29,0.0,1.7,62.33,-15.84,-70.02,3825
Puno,2009-08-05,7.05,15.81,-0.9,25.7,0.0,1.91,62.3,-15.84,-70.02,3825
Puno,2009-08-06,6.63,15.34,-0.49,39.84,0.0,2.13,62.23,-15.84,-70.02,3825
Puno,2009-08-07,6.48,11.83,1.68,54.45,0.15,1.71,62.23,-15.84,-70.02,3825
Puno,2009-08-08,4.32,12.77,-2.53,43.02,0.24,4.22,62.32,-15.84,-70.02,3825
Puno,2009-08-09,3.96,13.21,-4.01,21.1,0.0,1.64,62.36,-15.84,-70.02,3825
Puno,2009-08-10,6.5,14.07,0.64,37.6,0.0,1.47,62.29,-15.84,-70.02,3825
Puno,2009-08-11,6.99,12.75,2.58,31.11,0.0,0.86,62.3,-15.84,-70.02,3825
Puno,2009-08-12,5.87,14.11,-2.12,26.82,0.0,1.68,62.3,-15.84,-70.02,3825
Puno,2009-08-13,6.47,15.19,-2.18,28.55,0.0,1.86,62.29,-15.84,-70.02,3825
Puno,2009-08-14,7.4,15.52,0.84,35.49,0.0,1.17,62.22,-15.84,-70.02,3825
Puno,2009-08-15,6.22,16.89,-1.94,34.65,0.0,3.32,62.1,-15.84,-70.02,3825
Puno,2009-08-16,4.78,15.62,-4.05,25.2,0.0,3.12,62.09,-15.84,-70.02,3825
Puno,2009-08-17,4.57,15.34,-3.55,20.76,0.0,2.66,62.19,-15.84,-70.02,3825
Puno,2009-08-18,5.37,16.51,-3.39,20.57,0.0,1.84,62.22,-15.84,-70.02,3825
Puno,2009-08-19,5.12,16.79,-3.8,17.8,0.0,2.96,62.2,-15.84,-70.02,3825
Puno,2009-08-20,6.24,15.91,-2.85,17.68,0.0,1.51,62.23,-15.84,-70.02,3825
Puno,2009-08-21,4.85,15.34,-3.35,21.39,0.01,3.62,62.16,-15.84,-70.02,3825
Puno,2009-08-22,3.31,14.4,-4.64,18.99,0.0,5.06,62.06,-15.84,-70.02,3825
Puno,2009-08-23,3.28,14.37,-4.72,16.95,0.0,3.76,62.07,-15.84,-70.02,3825
Puno,2009-08-24,4.32,13.91,-4.48,27.89,0.05,1.83,62.15,-15.84,-70.02,3825
Puno,2009-08-25,6.17,13.81,0.65,65.02,0.01,2.74,62.32,-15.84,-70.02,3825
Puno,2009-08-26,6.83,13.82,1.94,63.62,0.0,2.61,62.4,-15.84,-70.02,3825
Puno,2009-08-27,6.93,13.98,1.72,65.35,0.0,2.86,62.43,-15.84,-70.02,3825
Puno,2009-08-28,5.79,13.15,0.38,52.42,0.0,2.8,62.43,-15.84,-70.02,3825
Puno,2009-08-29,7.28,14.34,0.6,41.35,0.0,1.39,62.27,-15.84,-70.02,3825
Puno,2009-08-30,6.93,15.99,-1.19,33.47,0.0,1.59,62.21,-15.84,-70.02,3825
Puno,2009-08-31,7.01,15.33,-1.26,37.05,0.0,2.23,62.21,-15.84,-70.02,3825
Puno,2009-09-01,8.27,15.09,3.2,56.93,0.24,2.25,62.22,-15.84,-70.02,3825
Puno,2009-09-02,6.02,14.84,0.52,56.68,0.23,3.63,62.22,-15.84,-70.02,3825
Puno,2009-09-03,5.91,16.23,-1.11,35.8,0.06,4.24,62.25,-15.84,-70.02,3825
Puno,2009-09-04,6.31,16.37,-0.8,21.04,0.0,2.12,62.4,-15.84,-70.02,3825
Puno,2009-09-05,7.05,18.23,-1.63,16.85,0.0,3.04,62.44,-15.84,-70.02,3825
Puno,2009-09-06,7.89,17.92,-2.2,16.84,0.0,2.57,62.41,-15.84,-70.02,3825
Puno,2009-09-07,8.26,18.87,-0.67,16.15,0.0,1.9,62.26,-15.84,-70.02,3825
Puno,2009-09-08,7.58,18.24,-2.66,20.33,0.0,1.55,62.14,-15.84,-70.02,3825
Puno,2009-09-09,7.46,18.07,-2.47,21.14,0.0,2.25,62.12,-15.84,-70.02,3825
Puno,2009-09-10,5.92,13.18,0.93,47.16,0.0,3.05,62.3,-15.84,-70.02,3825
Puno,2009-09-11,7.27,14.42,0.82,47.96,0.0,1.47,62.4,-15.84,-70.02,3825
Puno,2009-09-12,9.21,17.46,1.09,39.45,0.0,1.48,62.36,-15.84,-70.02,3825
Puno,2009-09-13,10.16,18.48,2.68,43.84,0.0,2.28,62.33,-15.84,-70.02,3825
Puno,2009-09-14,10.16,16.24,5.31,59.18,0.01,2.58,62.36,-15.84,-70.02,3825
Puno,2009-09-15,9.28,14.93,5.66,65.78,0.01,3.06,62.34,-15.84,-70.02,3825
Puno,2009-09-16,8.67,15.93,3.47,57.78,0.0,3.81,62.37,-15.84,-70.02,3825
Puno,2009-09-17,8.63,15.48,3.06,56.46,0.0,2.18,62.35,-15.84,-70.02,3825
Puno,2009-09-18,10.46,17.04,5.32,52.9,0.0,1.88,62.23,-15.84,-70.02,3825
Puno,2009-09-19,9.02,15.89,5.02,62.07,0.14,2.65,62.27,-15.84,-70.02,3825
Puno,2009-09-20,9.14,15.2,4.39,37.26,0.04,1.33,62.23,-15.84,-70.02,3825
Puno,2009-09-21,8.97,14.91,3.94,15.03,0.0,1.76,62.15,-15.84,-70.02,3825
Puno,2009-09-22,7.67,16.78,-0.46,15.89,0.0,3.98,62.08,-15.84,-70.02,3825
Puno,2009-09-23,8.46,18.09,0.09,32.31,0.01,2.35,62.07,-15.84,-70.02,3825
Puno,2009-09-24,10.52,18.57,4.24,43.36,0.0,1.23,62.1,-15.84,-70.02,3825
Puno,2009-09-25,10.49,18.16,3.96,34.49,0.0,1.49,62.16,-15.84,-70.02,3825
Puno,2009-09-26,9.81,18.46,1.64,41.63,0.15,2.02,62.19,-15.84,-70.02,3825
Puno,2009-09-27,10.44,18.32,1.83,43.67,0.02,2.73,62.19,-15.84,-70.02,3825
Puno,2009-09-28,8.92,14.57,4.69,67.68,7.06,3.45,62.31,-15.84,-70.02,3825
Puno,2009-09-29,9.02,15.7,4.34,64.96,1.27,3.45,62.4,-15.84,-70.02,3825
Puno,2009-09-30,8.99,16.91,2.99,64.06,0.04,2.5,62.33,-15.84,-70.02,3825
Puno,2009-10-01,9.32,16.59,2.56,55.92,0.86,1.56,62.26,-15.84,-70.02,3825
Puno,2009-10-02,9.95,17.08,4.81,52.73,0.07,1.75,62.27,-15.84,-70.02,3825
Puno,2009-10-03,9.24,16.32,3.57,51.23,0.0,2.7,62.31,-15.84,-70.02,3825
Puno,2009-10-04,9.96,16.79,4.61,50.43,0.0,2.46,62.3,-15.84,-70.02,3825
Puno,2009-10-05,10.88,17.85,5.26,41.74,0.0,1.91,62.19,-15.84,-70.02,3825
Puno,2009-10-06,9.19,15.24,5.13,46.99,0.0,1.91,62.28,-15.84,-70.02,3825
Puno,2009-10-07,9.26,15.62,4.37,54.04,0.01,2.97,62.4,-15.84,-70.02,3825
Puno,2009-10-08,9.88,17.08,4.1,53.03,0.0,3.15,62.4,-15.84,-70.02,3825
Puno,2009-10-09,10.68,18.23,5.08,53.13,0.0,2.24,62.28,-15.84,-70.02,3825
Puno,2009-10-10,11.28,19.82,4.61,33.67,0.0,1.08,62.15,-15.84,-70.02,3825
Puno,2009-10-11,10.02,20.04,1.27,24.19,0.0,1.41,62.11,-15.84,-70.02,3825
Puno,2009-10-12,9.75,18.52,1.78,23.07,0.0,1.56,62.12,-15.84,-70.02,3825
Puno,2009-10-13,9.84,20.26,1.17,28.08,0.0,2.97,62.04,-15.84,-70.02,3825
Puno,2009-10-14,9.98,19.2,0.08,26.48,0.0,1.8,62.0,-15.84,-70.02,3825
Puno,2009-10-15,10.2,18.52,2.49,49.55,0.0,2.81,62.03,-15.84,-70.02,3825
Puno,2009-10-16,11.12,19.31,3.49,45.15,0.32,2.44,62.17,-15.84,-70.02,3825
Puno,2009-10-17,9.01,13.84,4.91,65.14,0.03,3.07,62.32,-15.84,-70.02,3825
Puno,2009-10-18,10.86,18.55,3.64,50.15,13.24,2.33,62.22,-15.84,-70.02,3825
Puno,2009-10-19,9.65,15.59,3.92,59.61,2.57,2.34,62.17,-15.84,-70.02,3825
Puno,2009-10-20,10.76,17.51,4.85,46.97,0.37,1.95,62.09,-15.84,-70.02,3825
Puno,2009-10-21,8.8,15.99,4.17,57.84,0.05,3.78,62.19,-15.84,-70.02,3825
Puno,2009-10-22,10.93,17.51,6.23,58.63,0.07,3.39,62.18,-15.84,-70.02,3825
Puno,2009-10-23,8.14,14.57,3.95,69.94,0.45,3.39,62.17,-15.84,-70.02,3825
Puno,2009-10-24,9.72,16.39,2.94,53.86,0.47,2.22,62.14,-15.84,-70.02,3825
Puno,2009-10-25,10.41,16.66,4.9,52.14,0.27,1.65,62.14,-15.84,-70.02,3825
Puno,2009-10-26,11.6,19.09,3.77,43.01,0.03,2.32,62.08,-15.84,-70.02,3825
Puno,2009-10-27,10.66,17.18,5.16,41.93,0.01,2.63,62.11,-15.84,-70.02,3825
Puno,2009-10-28,10.2,17.14,4.03,49.42,0.0,4.11,62.23,-15.84,-70.02,3825
Puno,2009-10-29,9.1,15.4,2.8,55.03,0.0,4.39,62.37,-15.84,-70.02,3825
Puno,2009-10-30,8.85,15.36,2.92,63.81,0.0,3.59,62.28,-15.84,-70.02,3825
Puno,2009-10-31,9.88,15.7,4.43,58.44,0.0,2.58,62.23,-15.84,-70.02,3825
Puno,2009-11-01,11.05,17.92,6.13,52.69,0.0,3.08,62.17,-15.84,-70.02,3825
Puno,2009-11-02,11.41,17.41,5.37,47.26,0.05,1.83,62.16,-15.84,-70.02,3825
Puno,2009-11-03,10.45,15.87,6.56,54.05,0.01,2.02,62.1,-15.84,-70.02,3825
Puno,2009-11-04,9.33,15.71,4.84,60.99,0.01,2.42,62.06,-15.84,-70.02,3825
Puno,2009-11-05,10.52,19.59,2.26,46.91,0.0,2.54,62.02,-15.84,-70.02,3825
Puno,2009-11-06,9.79,19.48,0.55,43.17,0.0,3.28,61.97,-15.84,-70.02,3825
Puno,2009-11-07,10.45,19.71,2.14,35.84,0.01,2.53,61.95,-15.84,-70.02,3825
Puno,2009-11-08,11.53,20.02,2.97,31.27,0.01,1.82,62.01,-15.84,-70.02,3825
Puno,2009-11-09,10.75,16.52,5.83,49.86,0.0,2.64,62.11,-15.84,-70.02,3825
Puno,2009-11-10,12.0,18.96,6.88,53.09,0.0,3.33,62.13,-15.84,-70.02,3825
Puno,2009-11-11,11.75,18.34,7.74,61.66,0.0,4.23,62.11,-15.84,-70.02,3825
Puno,2009-11-12,11.68,18.61,7.04,59.77,0.29,4.21,62.11,-15.84,-70.02,3825
Puno,2009-11-13,10.54,16.11,6.34,61.42,0.05,4.2,62.19,-15.84,-70.02,3825
Puno,2009-11-14,10.14,15.12,6.73,64.91,8.8,3.44,62.24,-15.84,-70.02,3825
Puno,2009-11-15,10.26,15.26,6.49,66.47,4.94,2.12,62.18,-15.84,-70.02,3825
Puno,2009-11-16,10.03,15.67,6.13,68.68,2.83,3.53,62.15,-15.84,-70.02,3825
Puno,2009-11-17,8.81,15.18,3.28,73.27,3.62,2.74,62.13,-15.84,-70.02,3825
Puno,2009-11-18,9.11,16.6,2.64,67.59,2.51,2.89,62.2,-15.84,-70.02,3825
Puno,2009-11-19,11.65,18.28,6.55,59.66,0.2,3.84,62.21,-15.84,-70.02,3825
Puno,2009-11-20,11.22,16.84,7.08,62.82,5.72,2.77,62.22,-15.84,-70.02,3825
Puno,2009-11-21,11.46,17.28,6.98,62.12,0.78,3.17,62.2,-15.84,-70.02,3825
Puno,2009-11-22,11.73,17.27,7.47,61.71,0.0,3.08,62.23,-15.84,-70.02,3825
Puno,2009-11-23,12.06,17.98,6.99,58.35,0.0,3.1,62.18,-15.84,-70.02,3825
Puno,2009-11-24,10.3,14.03,6.52,58.29,2.57,2.18,62.12,-15.84,-70.02,3825
Puno,2009-11-25,10.39,17.69,3.16,63.38,0.56,3.2,62.13,-15.84,-70.02,3825
Puno,2009-11-26,11.57,17.5,6.87,61.1,0.28,3.63,62.18,-15.84,-70.02,3825
Puno,2009-11-27,10.65,15.34,6.64,66.69,0.97,3.59,62.18,-15.84,-70.02,3825
Puno,2009-11-28,11.16,17.08,6.55,62.47,2.63,3.98,62.13,-15.84,-70.02,3825
Puno,2009-11-29,10.27,15.98,6.39,69.13,1.11,3.3,62.14,-15.84,-70.02,3825
Puno,2009-11-30,11.49,17.82,6.68,63.3,0.22,2.67,62.05,-15.84,-70.02,3825
Puno,2009-12-01,8.73,14.83,5.19,70.51,8.51,2.32,62.05,-15.84,-70.02,3825
Puno,2009-12-02,10.67,18.1,3.17,58.47,0.02,3.01,62.03,-15.84,-70.02,3825
Puno,2009-12-03,10.25,16.14,6.14,60.0,0.03,2.46,62.06,-15.84,-70.02,3825
Puno,2009-12-04,9.66,16.55,3.85,55.31,0.2,2.61,62.05,-15.84,-70.02,3825
Puno,2009-12-05,10.96,20.38,0.98,39.87,0.03,2.37,62.0,-15.84,-70.02,3825
Puno,2009-12-06,11.33,19.89,3.58,35.13,0.0,1.76,62.03,-15.84,-70.02,3825
Puno,2009-12-07,11.39,20.29,3.6,40.71,0.02,1.86,62.07,-15.84,-70.02,3825
Puno,2009-12-08,9.25,13.22,6.39,61.94,0.05,3.29,62.14,-15.84,-70.02,3825
Puno,2009-12-09,9.61,15.2,5.73,68.01,2.55,2.85,62.15,-15.84,-70.02,3825
Puno,2009-12-10,7.84,14.88,2.31,68.62,3.71,2.14,62.14,-15.84,-70.02,3825
Puno,2009-12-11,10.66,19.02,3.41,45.86,0.12,2.32,62.11,-15.84,-70.02,3825
Puno,2009-12-12,10.89,18.69,2.62,41.19,0.02,3.57,62.18,-15.84,-70.02,3825
Puno,2009-12-13,8.22,10.62,5.76,72.94,0.01,3.41,62.18,-15.84,-70.02,3825
Puno,2009-12-14,10.73,17.76,5.12,54.96,0.0,3.38,62.13,-15.84,-70.02,3825
Puno,2009-12-15,9.64,15.94,4.18,60.47,0.0,3.48,62.22,-15.84,-70.02,3825
Puno,2009-12-16,11.03,17.16,5.94,53.62,4.27,3.08,62.17,-15.84,-70.02,3825
Puno,2009-12-17,8.98,14.4,4.76,68.07,9.25,3.42,62.12,-15.84,-70.02,3825
Puno,2009-12-18,9.32,16.33,4.96,64.69,4.05,2.8,62.16,-15.84,-70.02,3825
Puno,2009-12-19,8.55,14.64,4.11,70.51,1.35,3.83,62.2,-15.84,-70.02,3825
Puno,2009-12-20,10.21,18.52,3.35,57.57,1.06,3.06,62.2,-15.84,-70.02,3825
Puno,2009-12-21,7.79,14.41,2.14,64.65,1.15,2.27,62.28,-15.84,-70.02,3825
Puno,2009-12-22,9.46,18.0,3.35,65.18,3.37,1.66,62.26,-15.84,-70.02,3825
Puno,2009-12-23,9.13,15.25,3.28,69.48,4.77,2.98,62.29,-15.84,-70.02,3825
Puno,2009-12-24,9.62,15.14,6.33,72.68,3.73,3.3,62.27,-15.84,-70.02,3825
Puno,2009-12-25,9.73,14.32,6.91,72.23,8.11,3.43,62.21,-15.84,-70.02,3825
Puno,2009-12-26,10.47,16.15,6.39,60.37,1.08,2.44,62.13,-15.84,-70.02,3825
Puno,2009-12-27,10.04,16.11,5.22,61.8,2.63,2.4,62.1,-15.84,-70.02,3825
Puno,2009-12-28,8.95,16.39,3.03,65.87,3.57,2.66,62.08,-15.84,-70.02,3825
Puno,2009-12-29,9.83,18.07,2.99,53.46,10.16,2.82,62.03,-15.84,-70.02,3825
Puno,2009-12-30,8.8,14.71,2.24,48.67,0.08,2.75,62.07,-15.84,-70.02,3825
Puno,2009-12-31,10.77,19.42,2.44,47.44,0.01,2.32,62.12,-15.84,-70.02,3825
Puno,2010-01-01,10.25,16.83,3.55,54.8,0.01,2.64,62.14,-15.84,-70.02,3825
Puno,2010-01-02,11.1,16.74,6.48,63.03,0.3,3.66,62.11,-15.84,-70.02,3825
Puno,2010-01-03,9.74,14.72,6.58,69.81,5.83,2.85,62.11,-15.84,-70.02,3825
Puno,2010-01-04,10.2,15.32,6.14,69.07,0.54,3.68,62.16,-15.84,-70.02,3825
Puno,2010-01-05,11.29,17.72,6.1,64.34,0.0,3.86,62.25,-15.84,-70.02,3825
Puno,2010-01-06,11.46,17.67,7.29,60.31,0.13,3.8,62.21,-15.84,-70.02,3825
Puno,2010-01-07,11.78,18.62,5.67,60.18,1.27,3.01,62.2,-15.84,-70.02,3825
Puno,2010-01-08,9.1,17.53,3.63,69.3,0.7,2.28,62.19,-15.84,-70.02,3825
Puno,2010-01-09,10.81,16.71,6.33,63.5,3.03,2.86,62.16,-15.84,-70.02,3825
Puno,2010-01-10,11.91,17.61,6.96,59.84,0.82,3.05,62.09,-15.84,-70.02,3825
Puno,2010-01-11,10.36,15.32,5.23,64.34,0.16,2.67,62.16,-15.84,-70.02,3825
Puno,2010-01-12,11.24,18.85,3.21,55.32,0.0,2.38,62.15,-15.84,-70.02,3825
Puno,2010-01-13,10.01,14.51,5.64,63.72,0.02,2.12,62.22,-15.84,-70.02,3825
Puno,2010-01-14,8.58,15.84,3.18,69.61,0.04,2.37,62.25,-15.84,-70.02,3825
Puno,2010-01-15,8.79,15.7,2.73,68.56,0.2,1.7,62.26,-15.84,-70.02,3825
Puno,2010-01-16,10.69,16.3,6.69,68.4,3.14,2.89,62.26,-15.84,-70.02,3825
Puno,2010-01-17,10.91,16.39,6.12,65.32,0.22,3.1,62.33,-15.84,-70.02,3825
Puno,2010-01-18,10.98,16.84,6.12,61.99,1.21,2.73,62.26,-15.84,-70.02,3825
Puno,2010-01-19,11.44,19.22,3.89,56.77,1.4,2.12,62.13,-15.84,-70.02,3825
Puno,2010-01-20,9.47,16.34,4.15,61.47,0.79,2.5,62.15,-15.84,-70.02,3825
Puno,2010-01-21,8.49,15.63,3.58,72.64,0.26,3.9,62.22,-15.84,-70.02,3825
Puno,2010-01-22,8.02,13.28,3.1,71.11,0.69,3.06,62.3,-15.84,-70.02,3825
Puno,2010-01-23,8.72,13.28,4.52,71.49,7.78,2.42,62.18,-15.84,-70.02,3825
Puno,2010-01-24,7.97,14.93,2.7,74.02,10.91,2.96,62.13,-15.84,-70.02,3825
Puno,2010-01-25,8.57,16.1,2.15,67.02,12.76,1.54,62.16,-15.84,-70.02,3825
Puno,2010-01-26,9.35,16.43,4.15,57.71,2.47,1.63,62.18,-15.84,-70.02,3825
Puno,2010-01-27,10.2,17.78,3.73,63.73,0.36,2.88,62.07,-15.84,-70.02,3825
Puno,2010-01-28,8.83,16.23,3.24,67.19,2.48,2.02,62.09,-15.84,-70.02,3825
Puno,2010-01-29,9.63,18.49,3.6,52.58,0.34,2.5,62.03,-15.84,-70.02,3825
Puno,2010-01-30,9.32,15.41,4.63,63.25,0.33,3.42,62.11,-15.84,-70.02,3825
Puno,2010-01-31,9.08,17.03,2.99,63.3,1.65,2.99,62.2,-15.84,-70.02,3825
Puno,2010-02-01,9.63,16.47,3.25,57.21,5.66,2.23,62.2,-15.84,-70.02,3825
Puno,2010-02-02,10.85,18.06,6.07,57.87,0.63,2.04,62.14,-15.84,-70.02,3825
Puno,2010-02-03,11.85,18.69,4.58,50.58,1.44,1.49,62.18,-15.84,-70.02,3825
Puno,2010-02-04,9.39,15.9,3.74,75.51,6.37,3.5,62.22,-15.84,-70.02,3825
Puno,2010-02-05,8.2,16.2,3.14,66.65,3.39,2.83,62.22,-15.84,-70.02,3825
Puno,2010-02-06,10.02,18.68,3.87,54.86,0.48,3.86,62.18,-15.84,-70.02,3825
Puno,2010-02-07,10.41,17.47,3.75,54.73,1.23,3.93,62.25,-15.84,-70.02,3825
Puno,2010-02-08,10.67,14.97,7.46,70.97,0.58,2.46,62.37,-15.84,-70.02,3825
Puno,2010-02-09,9.81,14.75,6.51,74.84,1.33,2.34,62.23,-15.84,-70.02,3825
Puno,2010-02-10,12.07,20.36,3.31,56.37,0.07,2.57,62.07,-15.84,-70.02,3825
Puno,2010-02-11,10.15,15.76,3.94,53.06,0.05,2.8,62.17,-15.84,-70.02,3825
Puno,2010-02-12,10.89,16.99,5.07,62.57,0.01,3.01,62.24,-15.84,-70.02,3825
Puno,2010-02-13,10.43,15.54,6.49,65.58,0.55,2.41,62.22,-15.84,-70.02,3825
Puno,2010-02-14,10.43,15.92,7.57,64.31,0.46,2.02,62.21,-15.84,-70.02,3825
Puno,2010-02-15,11.58,19.14,6.66,60.84,0.01,2.37,62.13,-15.84,-70.02,3825
Puno,2010-02-16,10.94,17.93,4.69,61.23,2.52,2.94,62.1,-15.84,-70.02,3825
Puno,2010-02-17,9.59,17.52,3.14,72.3,11.73,3.67,62.17,-15.84,-70.02,3825
Puno,2010-02-18,8.89,16.97,3.51,71.39,3.53,1.84,62.25,-15.84,-70.02,3825
Puno,2010-02-19,8.88,17.91,3.28,71.89,1.07,2.47,62.34,-15.84,-70.02,3825
Puno,2010-02-20,9.82,17.39,2.52,69.38,0.9,3.29,62.36,-15.84,-70.02,3825
Puno,2010-02-21,10.44,16.5,6.39,70.82,1.99,3.59,62.29,-15.84,-70.02,3825
Puno,2010-02-22,10.48,16.66,6.0,67.31,4.85,3.71,62.22,-15.84,-70.02,3825
Puno,2010-02-23,10.04,17.13,4.26,64.06,1.4,2.44,62.17,-15.84,-70.02,3825
Puno,2010-02-24,9.84,15.03,5.84,71.36,0.67,3.66,62.23,-15.84,-70.02,3825
Puno,2010-02-25,8.89,13.34,6.29,76.57,1.01,3.23,62.31,-15.84,-70.02,3825
Puno,2010-02-26,9.77,16.35,4.15,71.24,1.07,2.39,62.2,-15.84,-70.02,3825
Puno,2010-02-27,9.12,16.1,2.84,70.72,2.13,1.85,62.19,-15.84,-70.02,3825
Puno,2010-02-28,7.9,13.46,2.38,77.04,1.33,3.03,62.27,-15.84,-70.02,3825
Puno,2010-03-01,8.32,13.26,3.69,72.62,0.69,2.65,62.29,-15.84,-70.02,3825
Puno,2010-03-02,9.96,16.71,5.79,68.25,0.09,2.37,62.25,-15.84,-70.02,3825
Puno,2010-03-03,10.25,16.52,6.19,65.54,0.17,2.54,62.3,-15.84,-70.02,3825
Puno,2010-03-04,10.39,16.65,5.97,61.65,0.02,2.81,62.39,-15.84,-70.02,3825
Puno,2010-03-05,9.49,15.25,5.07,68.35,1.92,4.32,62.42,-15.84,-70.02,3825
Puno,2010-03-06,10.22,16.87,4.87,67.46,0.42,3.62,62.41,-15.84,-70.02,3825
Puno,2010-03-07,10.21,16.33,5.81,64.63,0.0,3.18,62.45,-15.84,-70.02,3825
Puno,2010-03-08,11.06,17.86,6.09,58.16,0.0,2.97,62.38,-15.84,-70.02,3825
Puno,2010-03-09,10.97,17.82,5.9,56.09,0.0,3.03,62.39,-15.84,-70.02,3825
Puno,2010-03-10,10.65,18.24,4.28,56.0,0.0,2.92,62.39,-15.84,-70.02,3825
Puno,2010-03-11,10.77,17.84,5.16,54.67,0.01,3.08,62.29,-15.84,-70.02,3825
Puno,2010-03-12,10.21,16.84,5.95,60.91,0.71,2.05,62.22,-15.84,-70.02,3825
Puno,2010-03-13,10.02,17.2,3.68,53.66,0.73,2.34,62.2,-15.84,-70.02,3825
Puno,2010-03-14,10.63,18.35,1.77,55.78,0.04,2.81,62.25,-15.84,-70.02,3825
Puno,2010-03-15,10.82,15.84,7.1,66.07,0.08,3.45,62.32,-15.84,-70.02,3825
Puno,2010-03-16,9.33,13.74,6.22,77.11,3.46,4.93,62.38,-15.84,-70.02,3825
Puno,2010-03-17,10.52,16.25,6.34,71.06,0.31,3.11,62.38,-15.84,-70.02,3825
Puno,2010-03-18,10.41,17.34,5.87,68.69,0.0,3.61,62.4,-15.84,-70.02,3825
Puno,2010-03-19,9.97,16.3,5.33,71.48,0.0,3.25,62.44,-15.84,-70.02,3825
Puno,2010-03-20,11.01,17.36,6.24,64.59,0.0,2.61,62.48,-15.84,-70.02,3825
Puno,2010-03-21,11.2,16.45,6.78,61.56,0.0,1.5,62.32,-15.84,-70.02,3825
Puno,2010-03-22,11.55,19.72,3.8,52.23,0.16,2.02,62.14,-15.84,-70.02,3825
Puno,2010-03-23,10.34,16.63,3.75,53.28,0.01,2.31,62.21,-15.84,-70.02,3825
Puno,2010-03-24,9.78,15.15,5.81,67.46,1.25,3.78,62.26,-15.84,-70.02,3825
Puno,2010-03-25,8.89,14.61,4.58,71.09,0.24,4.26,62.34,-15.84,-70.02,3825
Puno,2010-03-26,9.51,15.72,4.3,65.01,0.0,3.75,62.36,-15.84,-70.02,3825
Puno,2010-03-27,9.66,16.17,4.45,65.65,0.0,3.32,62.34,-15.84,-70.02,3825
Puno,2010-03-28,9.19,14.71,4.79,62.76,0.4,2.08,62.24,-15.84,-70.02,3825
Puno,2010-03-29,10.29,16.99,5.26,61.94,0.61,2.04,62.17,-15.84,-70.02,3825
Puno,2010-03-30,10.0,17.44,4.95,65.89,3.88,2.29,62.22,-15.84,-70.02,3825
Puno,2010-03-31,9.53,17.14,3.82,58.82,1.23,1.42,62.25,-15.84,-70.02,3825
Puno,2010-04-01,9.66,17.45,3.1,52.96,0.0,2.15,62.25,-15.84,-70.02,3825
Puno,2010-04-02,9.28,16.06,3.77,59.35,0.0,3.22,62.23,-15.84,-70.02,3825
Puno,2010-04-03,10.56,17.63,5.04,57.09,0.0,2.67,62.22,-15.84,-70.02,3825
Puno,2010-04-04,9.58,15.14,5.43,65.74,0.06,4.06,62.33,-15.84,-70.02,3825
Puno,2010-04-05,9.77,16.15,4.7,66.52,0.01,2.92,62.37,-15.84,-70.02,3825
Puno,2010-04-06,9.99,15.93,5.16,62.09,0.02,2.55,62.36,-15.84,-70.02,3825
Puno,2010-04-07,10.62,16.97,5.66,56.47,0.0,2.34,62.28,-15.84,-70.02,3825
Puno,2010-04-08,9.9,16.24,4.94,53.02,0.07,2.31,62.32,-15.84,-70.02,3825
Puno,2010-04-09,9.34,15.59,4.95,58.13,0.34,2.48,62.36,-15.84,-70.02,3825
Puno,2010-04-10,9.74,17.31,3.73,48.6,0.01,1.81,62.3,-15.84,-70.02,3825
Puno,2010-04-11,10.23,17.85,4.36,43.88,0.0,1.36,62.17,-15.84,-70.02,3825
Puno,2010-04-12,8.98,16.36,1.86,47.93,0.0,2.41,62.1,-15.84,-70.02,3825
Puno,2010-04-13,8.47,15.29,4.32,65.02,0.0,1.99,62.16,-15.84,-70.02,3825
Puno,2010-04-14,8.99,17.31,1.69,57.44,0.13,1.54,62.32,-15.84,-70.02,3825
Puno,2010-04-15,9.02,14.89,3.93,63.76,0.01,2.29,62.37,-15.84,-70.02,3825
Puno,2010-04-16,9.37,14.59,5.57,67.38,0.0,3.11,62.3,-15.84,-70.02,3825
Puno,2010-04-17,8.07,13.16,4.46,68.64,0.0,2.04,62.37,-15.84,-70.02,3825
Puno,2010-04-18,9.68,16.28,4.65,64.94,0.0,1.87,62.47,-15.84,-70.02,3825
Puno,2010-04-19,8.55,15.12,3.76,68.19,0.62,2.39,62.5,-15.84,-70.02,3825
Puno,2010-04-20,10.18,18.16,2.71,57.98,0.14,2.25,62.43,-15.84,-70.02,3825
Puno,2010-04-21,10.94,16.82,7.31,61.46,0.38,2.43,62.36,-15.84,-70.02,3825
Puno,2010-04-22,9.91,16.24,5.64,65.07,0.06,1.77,62.37,-15.84,-70.02,3825
Puno,2010-04-23,10.57,17.47,5.64,64.02,0.65,2.81,62.38,-15.84,-70.02,3825
Puno,2010-04-24,10.83,19.55,3.31,51.82,0.1,1.47,62.35,-15.84,-70.02,3825
Puno,2010-04-25,9.3,19.79,1.51,39.28,0.0,2.42,62.34,-15.84,-70.02,3825
Puno,2010-04-26,8.95,18.67,-0.41,41.34,0.0,1.55,62.37,-15.84,-70.02,3825
Puno,2010-04-27,11.22,18.3,6.03,54.01,0.0,2.01,62.45,-15.84,-70.02,3825
Puno,2010-04-28,10.35,15.68,6.14,64.43,0.0,2.64,62.48,-15.84,-70.02,3825
Puno,2010-04-29,9.78,16.73,4.95,62.67,0.07,3.89,62.4,-15.84,-70.02,3825
Puno,2010-04-30,7.68,14.02,3.28,71.99,0.09,4.06,62.28,-15.84,-70.02,3825
Puno,2010-05-01,7.19,14.15,3.27,72.74,2.77,2.89,62.38,-15.84,-70.02,3825
Puno,2010-05-02,6.55,16.01,-0.94,56.13,0.5,3.99,62.34,-15.84,-70.02,3825
Puno,2010-05-03,6.18,16.38,-3.72,34.66,0.05,1.75,62.28,-15.84,-70.02,3825
Puno,2010-05-04,6.91,15.6,-0.99,41.11,0.06,1.37,62.26,-15.84,-70.02,3825
Puno,2010-05-05,6.78,17.25,-0.31,37.42,0.0,1.84,62.22,-15.84,-70.02,3825
Puno,2010-05-06,6.8,17.04,-2.45,38.51,0.0,1.81,62.28,-15.84,-70.02,3825
Puno,2010-05-07,8.95,16.51,3.99,64.29,0.0,1.88,62.37,-15.84,-70.02,3825
Puno,2010-05-08,9.18,16.38,4.59,66.06,0.0,2.1,62.44,-15.84,-70.02,3825
Puno,2010-05-09,8.98,18.12,2.02,50.93,0.0,1.09,62.39,-15.84,-70.02,3825
Puno,2010-05-10,7.65,17.85,-2.31,27.84,0.0,1.5,62.33,-15.84,-70.02,3825
Puno,2010-05-11,7.44,16.37,-0.34,33.61,0.0,1.4,62.24,-15.84,-70.02,3825
Puno,2010-05-12,7.69,16.4,0.38,40.21,0.0,1.55,62.2,-15.84,-70.02,3825
Puno,2010-05-13,8.54,15.93,2.35,44.77,0.0,1.58,62.2,-15.84,-70.02,3825
Puno,2010-05-14,7.34,16.68,-0.17,54.56,0.25,3.71,62.22,-15.84,-70.02,3825
Puno,2010-05-15,7.07,15.02,-0.47,62.91,0.02,4.15,62.25,-15.84,-70.02,3825
Puno,2010-05-16,6.74,14.83,1.01,66.28,0.0,4.06,62.27,-15.84,-70.02,3825
Puno,2010-05-17,7.47,16.61,1.9,49.4,0.0,3.94,62.26,-15.84,-70.02,3825
Puno,2010-05-18,8.23,16.89,0.65,43.01,0.0,1.63,62.32,-15.84,-70.02,3825
Puno,2010-05-19,8.23,15.75,-0.28,46.05,0.0,1.86,62.33,-15.84,-70.02,3825
Puno,2010-05-20,8.8,14.9,2.91,60.87,0.0,1.44,62.35,-15.84,-70.02,3825
Puno,2010-05-21,7.78,14.44,1.93,56.81,0.0,1.61,62.37,-15.84,-70.02,3825
Puno,2010-05-22,7.65,14.97,1.56,53.08,0.0,2.19,62.21,-15.84,-70.02,3825
Puno,2010-05-23,6.06,15.61,-2.04,54.98,0.05,4.6,62.03,-15.84,-70.02,3825
Puno,2010-05-24,6.76,16.01,-1.49,51.07,0.06,2.54,62.04,-15.84,-70.02,3825
Puno,2010-05-25,7.5,15.71,0.64,53.42,0.01,1.72,62.15,-15.84,-70.02,3825
Puno,2010-05-26,6.24,12.07,2.43,72.7,2.49,2.06,62.31,-15.84,-70.02,3825
Puno,2010-05-27,6.43,11.07,3.68,82.08,2.53,2.97,62.43,-15.84,-70.02,3825
Puno,2010-05-28,7.94,13.96,3.52,71.33,0.23,2.45,62.38,-15.84,-70.02,3825
Puno,2010-05-29,8.71,17.3,1.72,61.36,0.0,2.15,62.33,-15.84,-70.02,3825
Puno,2010-05-30,8.69,16.9,1.21,54.2,0.07,2.24,62.44,-15.84,-70.02,3825
Puno,2010-05-31,8.23,15.1,4.04,64.36,0.02,1.53,62.47,-15.84,-70.02,3825
Puno,2010-06-01,6.34,16.01,-0.77,42.59,0.0,2.44,62.34,-15.84,-70.02,3825
Puno,2010-06-02,6.59,15.62,-1.69,46.64,0.0,2.18,62.22,-15.84,-70.02,3825
Puno,2010-06-03,7.47,16.36,-0.74,51.52,0.0,2.16,62.28,-15.84,-70.02,3825
Puno,2010-06-04,7.58,14.62,1.55,59.62,0.0,2.01,62.44,-15.84,-70.02,3825
Puno,2010-06-05,7.52,13.51,3.77,71.09,0.0,1.96,62.5,-15.84,-70.02,3825
Puno,2010-06-06,8.18,15.42,2.77,51.95,0.0,1.23,62.39,-15.84,-70.02,3825
Puno,2010-06-07,7.02,13.91,1.54,58.5,0.0,1.99,62.43,-15.84,-70.02,3825
Puno,2010-06-08,7.57,12.62,4.3,69.89,0.0,2.08,62.53,-15.84,-70.02,3825
Puno,2010-06-09,6.73,13.63,2.42,57.94,0.0,1.98,62.56,-15.84,-70.02,3825
Puno,2010-06-10,5.93,12.11,1.72,64.84,0.0,2.56,62.55,-15.84,-70.02,3825
Puno,2010-06-11,6.24,13.56,1.86,60.66,0.0,1.89,62.52,-15.84,-70.02,3825
Puno,2010-06-12,6.52,14.19,1.0,59.35,0.0,1.93,62.45,-15.84,-70.02,3825
Puno,2010-06-13,6.77,14.77,-0.35,56.98,0.0,1.71,62.32,-15.84,-70.02,3825
Puno,2010-06-14,6.27,15.34,-1.72,46.15,0.0,2.42,62.27,-15.84,-70.02,3825
Puno,2010-06-15,7.43,16.03,-0.76,48.19,0.0,1.9,62.27,-15.84,-70.02,3825
Puno,2010-06-16,7.05,15.94,-1.07,49.15,0.0,1.99,62.35,-15.84,-70.02,3825
Puno,2010-06-17,6.97,16.47,-0.22,48.64,0.03,2.18,62.27,-15.84,-70.02,3825
Puno,2010-06-18,6.96,15.98,-0.31,45.81,0.03,2.26,62.23,-15.84,-70.02,3825
Puno,2010-06-19,7.34,14.69,1.36,53.3,0.0,2.09,62.24,-15.84,-70.02,3825
Puno,2010-06-20,8.33,13.8,4.13,60.91,7.03,1.56,62.27,-15.84,-70.02,3825
Puno,2010-06-21,7.84,13.68,3.47,68.12,0.32,1.89,62.4,-15.84,-70.02,3825
Puno,2010-06-22,7.77,13.92,3.42,72.56,0.03,2.52,62.5,-15.84,-70.02,3825
Puno,2010-06-23,7.91,15.4,4.0,64.56,0.0,2.16,62.43,-15.84,-70.02,3825
Puno,2010-06-24,8.25,14.85,3.8,63.45,0.0,2.27,62.41,-15.84,-70.02,3825
Puno,2010-06-25,7.48,14.57,2.19,68.6,0.0,3.04,62.44,-15.84,-70.02,3825
Puno,2010-06-26,6.87,14.68,0.87,64.53,0.0,2.38,62.4,-15.84,-70.02,3825
Puno,2010-06-27,7.83,14.1,3.96,65.5,0.0,2.79,62.3,-15.84,-70.02,3825
Puno,2010-06-28,6.9,13.01,2.79,69.65,0.0,2.72,62.32,-15.84,-70.02,3825
Puno,2010-06-29,7.11,15.67,0.52,58.58,0.0,2.23,62.3,-15.84,-70.02,3825
Puno,2010-06-30,5.95,14.12,-1.61,57.96,0.0,2.7,62.33,-15.84,-70.02,3825
Puno,2010-07-01,7.9,14.96,2.79,58.66,0.0,1.21,62.32,-15.84,-70.02,3825
Puno,2010-07-02,6.64,14.75,-0.54,49.71,0.0,1.99,62.28,-15.84,-70.02,3825
Puno,2010-07-03,7.57,14.44,3.85,66.73,0.0,1.9,62.37,-15.84,-70.02,3825
Puno,2010-07-04,7.68,14.63,2.8,60.05,0.0,2.08,62.37,-15.84,-70.02,3825
Puno,2010-07-05,7.54,15.66,0.64,53.22,0.0,2.11,62.33,-15.84,-70.02,3825
Puno,2010-07-06,6.37,15.56,-1.78,39.33,0.0,2.2,62.31,-15.84,-70.02,3825
Puno,2010-07-07,5.75,14.67,-1.45,39.29,0.0,2.02,62.23,-15.84,-70.02,3825
Puno,2010-07-08,6.96,15.38,1.29,51.68,0.02,1.58,62.2,-15.84,-70.02,3825
Puno,2010-07-09,5.89,14.24,-1.58,33.14,0.0,1.61,62.24,-15.84,-70.02,3825
Puno,2010-07-10,5.48,14.42,-0.77,40.57,0.01,1.72,62.28,-15.84,-70.02,3825
Puno,2010-07-11,3.67,14.36,-4.03,27.26,0.0,2.87,62.19,-15.84,-70.02,3825
Puno,2010-07-12,5.41,15.23,-3.47,24.43,0.0,2.01,62.15,-15.84,-70.02,3825
Puno,2010-07-13,4.3,13.99,-2.54,23.29,0.0,2.06,62.2,-15.84,-70.02,3825
Puno,2010-07-14,3.06,13.18,-3.88,24.59,0.07,3.04,62.12,-15.84,-70.02,3825
Puno,2010-07-15,2.58,12.07,-3.64,31.14,0.01,4.33,62.06,-15.84,-70.02,3825
Puno,2010-07-16,2.12,9.13,-3.06,60.74,0.06,3.25,62.1,-15.84,-70.02,3825
Puno,2010-07-17,3.98,14.06,-3.12,55.48,0.18,5.13,62.14,-15.84,-70.02,3825
Puno,2010-07-18,1.73,12.19,-5.29,28.34,0.0,4.75,62.32,-15.84,-70.02,3825
Puno,2010-07-19,3.43,13.31,-4.22,20.02,0.0,2.17,62.31,-15.84,-70.02,3825
Puno,2010-07-20,3.98,14.85,-3.66,26.35,0.0,3.2,62.28,-15.84,-70.02,3825
Puno,2010-07-21,4.19,14.7,-3.35,30.81,0.0,3.58,62.27,-15.84,-70.02,3825
Puno,2010-07-22,4.91,15.13,-2.91,31.45,0.0,1.94,62.34,-15.84,-70.02,3825
Puno,2010-07-23,5.65,14.26,-0.13,48.89,0.0,1.69,62.42,-15.84,-70.02,3825
Puno,2010-07-24,5.74,15.65,-2.12,40.64,0.0,1.88,62.4,-15.84,-70.02,3825
Puno,2010-07-25,5.48,14.25,-2.21,37.95,0.0,2.49,62.36,-15.84,-70.02,3825
Puno,2010-07-26,6.46,12.21,2.69,72.36,0.0,2.54,62.32,-15.84,-70.02,3825
Puno,2010-07-27,7.38,15.1,0.33,54.05,0.0,1.12,62.31,-15.84,-70.02,3825
Puno,2010-07-28,6.66,14.34,1.22,45.97,0.0,2.17,62.37,-15.84,-70.02,3825
Puno,2010-07-29,7.85,15.62,1.54,54.11,0.0,1.56,62.29,-15.84,-70.02,3825
Puno,2010-07-30,6.03,15.26,-1.67,38.68,0.0,4.06,62.12,-15.84,-70.02,3825
Puno,2010-07-31,4.78,14.49,-2.01,28.24,0.0,3.73,62.1,-15.84,-70.02,3825
Puno,2010-08-01,5.24,15.42,-2.35,36.95,0.0,2.2,62.12,-15.84,-70.02,3825
Puno,2010-08-02,6.72,14.64,-0.46,57.98,0.0,1.71,62.26,-15.84,-70.02,3825
Puno,2010-08-03,8.19,16.04,3.01,54.42,0.0,1.74,62.31,-15.84,-70.02,3825
Puno,2010-08-04,6.31,16.48,-3.02,40.17,0.0,2.78,62.32,-15.84,-70.02,3825
Puno,2010-08-05,6.19,14.63,-0.24,51.73,0.0,2.41,62.42,-15.84,-70.02,3825
Puno,2010-08-06,6.4,14.9,-0.51,37.09,0.0,2.23,62.42,-15.84,-70.02,3825
Puno,2010-08-07,7.39,16.3,-1.17,36.91,0.0,2.05,62.44,-15.84,-70.02,3825
Puno,2010-08-08,6.96,15.44,1.05,40.82,0.0,2.56,62.44,-15.84,-70.02,3825
Puno,2010-08-09,5.39,13.62,-0.38,50.28,0.0,2.77,62.39,-15.84,-70.02,3825
Puno,2010-08-10,5.83,14.4,-0.71,58.44,0.0,2.65,62.33,-15.84,-70.02,3825
Puno,2010-08-11,6.64,17.25,-1.17,48.95,0.0,4.06,62.24,-15.84,-70.02,3825
Puno,2010-08-12,6.27,15.73,-2.79,40.18,0.0,2.45,62.32,-15.84,-70.02,3825
Puno,2010-08-13,6.38,12.95,1.51,69.31,0.0,3.06,62.46,-15.84,-70.02,3825
Puno,2010-08-14,7.18,15.42,0.55,61.32,0.0,2.27,62.45,-15.84,-70.02,3825
Puno,2010-08-15,7.73,15.92,1.11,50.02,0.0,1.76,62.39,-15.84,-70.02,3825
Puno,2010-08-16,7.28,15.91,-1.09,41.74,0.0,2.71,62.33,-15.84,-70.02,3825
Puno,2010-08-17,8.51,16.01,3.06,56.69,0.0,2.69,62.38,-15.84,-70.02,3825
Puno,2010-08-18,8.38,15.99,2.58,55.04,0.0,2.49,62.41,-15.84,-70.02,3825
Puno,2010-08-19,8.12,15.22,3.23,63.08,0.0,3.09,62.3,-15.84,-70.02,3825
Puno,2010-08-20,6.02,12.2,1.43,67.82,0.0,3.58,62.33,-15.84,-70.02,3825
Puno,2010-08-21,6.36,14.11,0.33,59.82,0.0,2.77,62.38,-15.84,-70.02,3825
Puno,2010-08-22,8.19,15.87,2.22,49.67,0.0,1.79,62.42,-15.84,-70.02,3825
Puno,2010-08-23,9.14,16.47,2.72,49.37,0.0,1.83,62.34,-15.84,-70.02,3825
Puno,2010-08-24,9.17,16.21,3.41,54.42,0.0,2.82,62.33,-15.84,-70.02,3825
Puno,2010-08-25,9.37,15.58,5.24,65.83,0.0,2.41,62.38,-15.84,-70.02,3825
Puno,2010-08-26,9.42,15.18,5.49,61.74,0.0,2.16,62.36,-15.84,-70.02,3825
Puno,2010-08-27,9.01,16.96,1.6,48.52,0.0,2.25,62.24,-15.84,-70.02,3825
Puno,2010-08-28,9.11,15.29,4.62,59.8,0.0,2.02,62.2,-15.84,-70.02,3825
Puno,2010-08-29,9.08,14.7,4.76,63.05,0.0,2.01,62.23,-15.84,-70.02,3825
Puno,2010-08-30,8.19,15.51,3.61,56.73,0.62,2.4,62.2,-15.84,-70.02,3825
Puno,2010-08-31,5.09,10.89,1.34,56.3,0.69,2.58,62.07,-15.84,-70.02,3825
Puno,2010-09-01,6.44,13.5,0.8,65.08,0.49,3.93,62.05,-15.84,-70.02,3825
Puno,2010-09-02,8.52,15.39,3.45,63.7,0.39,4.26,62.25,-15.84,-70.02,3825
Puno,2010-09-03,8.6,17.87,1.46,58.38,0.03,2.76,62.38,-15.84,-70.02,3825
Puno,2010-09-04,8.24,15.98,0.7,54.33,0.0,3.32,62.32,-15.84,-70.02,3825
Puno,2010-09-05,8.93,17.67,1.92,39.89,0.0,1.52,62.25,-15.84,-70.02,3825
Puno,2010-09-06,8.86,16.65,2.52,58.61,0.0,2.13,62.38,-15.84,-70.02,3825
Puno,2010-09-07,8.76,15.44,3.12,60.99,0.0,3.41,62.5,-15.84,-70.02,3825
Puno,2010-09-08,7.85,14.54,2.92,59.03,0.0,3.13,62.47,-15.84,-70.02,3825
Puno,2010-09-09,7.8,15.45,1.68,55.52,0.0,2.9,62.36,-15.84,-70.02,3825
Puno,2010-09-10,9.66,17.5,3.55,55.38,0.0,2.66,62.28,-15.84,-70.02,3825
Puno,2010-09-11,9.59,17.08,3.99,57.16,0.0,2.92,62.22,-15.84,-70.02,3825
Puno,2010-09-12,8.15,15.32,2.79,51.93,0.37,3.51,62.14,-15.84,-70.02,3825
Puno,2010-09-13,5.92,15.9,-3.42,23.52,0.01,3.81,62.19,-15.84,-70.02,3825
Puno,2010-09-14,7.48,16.71,0.22,42.73,0.0,2.73,62.37,-15.84,-70.02,3825
Puno,2010-09-15,8.46,16.88,-0.24,55.86,0.0,3.62,62.42,-15.84,-70.02,3825
Puno,2010-09-16,8.23,16.3,1.46,50.52,0.0,3.19,62.43,-15.84,-70.02,3825
Puno,2010-09-17,6.93,15.32,0.16,52.82,0.0,3.79,62.47,-15.84,-70.02,3825
Puno,2010-09-18,6.0,13.57,-0.4,60.01,0.0,3.68,62.54,-15.84,-70.02,3825
Puno,2010-09-19,6.84,14.74,0.63,55.68,0.0,2.83,62.46,-15.84,-70.02,3825
Puno,2010-09-20,8.42,15.73,3.02,58.58,0.0,2.83,62.28,-15.84,-70.02,3825
Puno,2010-09-21,8.76,15.46,3.59,58.54,0.0,2.41,62.22,-15.84,-70.02,3825
Puno,2010-09-22,9.86,17.29,4.16,51.51,0.0,1.6,62.18,-15.84,-70.02,3825
Puno,2010-09-23,10.02,17.96,3.35,49.96,0.0,2.34,62.2,-15.84,-70.02,3825
Puno,2010-09-24,10.08,17.13,5.97,59.31,0.26,2.33,62.2,-15.84,-70.02,3825
Puno,2010-09-25,10.25,18.83,3.25,44.58,0.02,1.41,62.18,-15.84,-70.02,3825
Puno,2010-09-26,9.44,19.57,0.1,33.42,0.0,2.2,62.17,-15.84,-70.02,3825
Puno,2010-09-27,9.33,20.34,-0.49,26.58,0.0,2.68,62.13,-15.84,-70.02,3825
Puno,2010-09-28,9.41,19.79,0.6,22.41,0.0,2.0,62.08,-15.84,-70.02,3825
Puno,2010-09-29,9.85,19.93,-0.69,24.1,0.0,1.8,62.07,-15.84,-70.02,3825
Puno,2010-09-30,9.63,18.47,2.79,28.69,0.0,1.9,62.15,-15.84,-70.02,3825
Puno,2010-10-01,8.8,17.22,1.35,37.51,1.32,2.41,62.13,-15.84,-70.02,3825
Puno,2010-10-02,6.15,9.78,3.47,57.29,0.78,2.13,62.11,-15.84,-70.02,3825
Puno,2010-10-03,6.18,13.16,-1.84,41.96,0.14,3.25,62.11,-15.84,-70.02,3825
Puno,2010-10-04,7.11,17.58,-4.24,29.73,0.0,2.66,62.22,-15.84,-70.02,3825
Puno,2010-10-05,8.98,16.53,2.63,50.64,0.0,2.32,62.28,-15.84,-70.02,3825
Puno,2010-10-06,8.76,19.12,0.09,22.33,0.0,3.42,62.22,-15.84,-70.02,3825
Puno,2010-10-07,8.3,17.91,-0.54,36.84,0.04,3.42,62.27,-15.84,-70.02,3825
Puno,2010-10-08,9.65,18.92,2.12,48.5,0.03,2.57,62.29,-15.84,-70.02,3825
Puno,2010-10-09,9.79,18.07,3.27,45.51,0.07,2.66,62.32,-15.84,-70.02,3825
Puno,2010-10-10,7.55,13.72,3.44,66.67,6.8,3.47,62.3,-15.84,-70.02,3825
Puno,2010-10-11,8.0,14.84,3.37,66.0,0.53,4.44,62.22,-15.84,-70.02,3825
Puno,2010-10-12,5.76,12.58,2.31,74.15,7.11,2.67,62.27,-15.84,-70.02,3825
Puno,2010-10-13,7.12,13.21,0.99,53.68,1.67,1.72,62.23,-15.84,-70.02,3825
Puno,2010-10-14,8.45,15.68,1.92,39.41,0.04,1.31,62.24,-15.84,-70.02,3825
Puno,2010-10-15,7.53,13.94,3.15,61.96,0.06,3.06,62.29,-15.84,-70.02,3825
Puno,2010-10-16,9.17,16.2,3.61,59.65,0.02,3.0,62.33,-15.84,-70.02,3825
Puno,2010-10-17,9.4,15.4,4.45,61.05,0.39,2.57,62.33,-15.84,-70.02,3825
Puno,2010-10-18,10.64,17.76,4.83,53.74,0.27,1.83,62.22,-15.84,-70.02,3825
Puno,2010-10-19,10.55,17.8,3.89,50.83,0.0,2.22,62.18,-15.84,-70.02,3825
Puno,2010-10-20,8.63,13.94,3.25,52.75,0.01,1.48,62.18,-15.84,-70.02,3825
Puno,2010-10-21,8.99,16.95,4.87,48.32,3.35,2.34,62.13,-15.84,-70.02,3825
Puno,2010-10-22,8.87,18.14,1.9,33.81,0.0,3.1,62.12,-15.84,-70.02,3825
Puno,2010-10-23,8.52,17.04,-0.51,31.04,0.0,1.74,62.12,-15.84,-70.02,3825
Puno,2010-10-24,9.94,18.37,1.05,37.93,0.0,3.03,62.12,-15.84,-70.02,3825
Puno,2010-10-25,10.18,17.23,4.32,56.29,0.0,3.69,62.17,-15.84,-70.02,3825
Puno,2010-10-26,9.58,16.28,3.88,59.27,0.01,3.35,62.25,-15.84,-70.02,3825
Puno,2010-10-27,10.0,16.53,4.79,55.79,0.0,1.99,62.14,-15.84,-70.02,3825
Puno,2010-10-28,10.04,17.36,3.22,43.95,0.0,2.01,62.05,-15.84,-70.02,3825
Puno,2010-10-29,10.42,21.1,1.48,38.77,0.0,2.95,61.97,-15.84,-70.02,3825
Puno,2010-10-30,9.78,16.94,3.4,48.01,1.82,2.12,62.03,-15.84,-70.02,3825
Puno,2010-10-31,9.68,18.62,2.18,41.84,1.29,1.31,62.16,-15.84,-70.02,3825
Puno,2010-11-01,9.57,16.0,3.81,58.23,0.0,3.23,62.26,-15.84,-70.02,3825
Puno,2010-11-02,9.92,18.51,3.98,48.05,0.0,1.54,62.18,-15.84,-70.02,3825
Puno,2010-11-03,8.83,18.97,-0.43,25.53,0.0,1.89,62.03,-15.84,-70.02,3825
Puno,2010-11-04,8.17,19.4,-2.6,22.12,0.0,3.25,62.0,-15.84,-70.02,3825
Puno,2010-11-05,9.08,19.18,-1.83,33.2,0.01,3.26,62.16,-15.84,-70.02,3825
Puno,2010-11-06,9.21,14.63,3.74,66.04,0.01,3.45,62.23,-15.84,-70.02,3825
Puno,2010-11-07,10.34,16.94,4.83,48.55,0.0,2.03,62.12,-15.84,-70.02,3825
Puno,2010-11-08,10.02,18.55,2.12,34.31,0.0,1.59,62.02,-15.84,-70.02,3825
Puno,2010-11-09,7.71,11.91,3.83,65.16,0.05,3.56,62.12,-15.84,-70.02,3825
Puno,2010-11-10,8.8,16.49,3.39,64.25,0.02,3.44,62.22,-15.84,-70.02,3825
Puno,2010-11-11,9.69,15.7,5.71,60.74,2.88,2.91,62.26,-15.84,-70.02,3825
Puno,2010-11-12,9.04,13.87,5.33,58.47,0.08,1.7,62.31,-15.84,-70.02,3825
Puno,2010-11-13,9.57,15.34,3.9,57.76,0.0,2.77,62.27,-15.84,-70.02,3825
Puno,2010-11-14,9.8,14.99,5.21,61.16,0.0,2.95,62.2,-15.84,-70.02,3825
Puno,2010-11-15,10.23,17.78,3.25,53.18,0.49,1.92,62.13,-15.84,-70.02,3825
Puno,2010-11-16,9.45,20.18,0.45,28.57,0.27,2.47,62.06,-15.84,-70.02,3825
Puno,2010-11-17,9.01,19.06,-0.84,26.25,0.0,1.29,62.06,-15.84,-70.02,3825
Puno,2010-11-18,9.39,19.85,0.81,31.01,0.0,2.81,61.98,-15.84,-70.02,3825
Puno,2010-11-19,8.14,17.97,-1.68,29.15,0.0,2.45,61.92,-15.84,-70.02,3825
Puno,2010-11-20,9.23,18.04,1.0,40.21,0.0,2.12,62.02,-15.84,-70.02,3825
Puno,2010-11-21,10.21,18.72,-0.03,38.48,0.0,1.95,62.07,-15.84,-70.02,3825
Puno,2010-11-22,10.66,17.99,5.61,52.05,0.0,2.31,62.0,-15.84,-70.02,3825
Puno,2010-11-23,10.68,20.09,3.0,30.97,0.01,1.99,61.86,-15.84,-70.02,3825
Puno,2010-11-24,10.43,18.38,2.61,44.5,0.03,2.92,61.89,-15.84,-70.02,3825
Puno,2010-11-25,10.09,15.86,4.87,60.14,0.01,3.75,62.04,-15.84,-70.02,3825
Puno,2010-11-26,10.7,17.32,5.8,59.11,0.0,3.38,62.1,-15.84,-70.02,3825
Puno,2010-11-27,10.97,17.03,6.39,56.63,0.0,2.59,62.09,-15.84,-70.02,3825
Puno,2010-11-28,11.29,17.76,5.26,50.2,0.01,3.5,62.04,-15.84,-70.02,3825
Puno,2010-11-29,10.69,16.7,5.79,58.56,0.04,3.21,62.06,-15.84,-70.02,3825
Puno,2010-11-30,10.81,17.45,6.42,59.56,0.01,3.0,62.1,-15.84,-70.02,3825
Puno,2010-12-01,12.01,18.54,7.0,50.95,0.0,2.84,62.08,-15.84,-70.02,3825
Puno,2010-12-02,12.32,19.08,7.46,53.48,0.0,3.86,62.09,-15.84,-70.02,3825
Puno,2010-12-03,11.63,18.89,5.88,52.69,0.0,3.66,62.12,-15.84,-70.02,3825
Puno,2010-12-04,10.35,16.72,5.87,61.95,0.08,3.71,62.14,-15.84,-70.02,3825
Puno,2010-12-05,7.5,12.48,3.17,72.01,2.99,2.87,62.18,-15.84,-70.02,3825
Puno,2010-12-06,9.98,17.52,5.08,60.76,0.8,2.22,62.18,-15.84,-70.02,3825
Puno,2010-12-07,9.61,14.72,5.21,56.99,0.0,1.65,62.15,-15.84,-70.02,3825
Puno,2010-12-08,10.35,15.12,6.93,60.74,0.22,2.71,62.15,-15.84,-70.02,3825
Puno,2010-12-09,10.32,15.48,6.56,61.55,0.03,2.82,62.1,-15.84,-70.02,3825
Puno,2010-12-10,9.08,15.59,3.01,58.82,0.0,2.68,62.05,-15.84,-70.02,3825
Puno,2010-12-11,9.49,16.08,5.15,64.92,5.32,2.48,62.03,-15.84,-70.02,3825
Puno,2010-12-12,10.43,16.79,5.72,62.82,1.48,2.25,61.98,-15.84,-70.02,3825
Puno,2010-12-13,8.84,14.29,4.66,64.38,3.9,2.35,61.89,-15.84,-70.02,3825
Puno,2010-12-14,10.53,20.05,2.66,41.94,0.03,1.84,61.79,-15.84,-70.02,3825
Puno,2010-12-15,10.07,18.75,1.02,36.88,0.01,1.46,61.88,-15.84,-70.02,3825
Puno,2010-12-16,10.89,18.3,3.54,44.56,0.01,2.6,61.98,-15.84,-70.02,3825
Puno,2010-12-17,11.48,17.88,6.38,53.02,0.0,2.78,61.98,-15.84,-70.02,3825
Puno,2010-12-18,11.28,17.7,5.8,53.76,0.01,2.94,61.93,-15.84,-70.02,3825
Puno,2010-12-19,10.3,16.1,5.7,56.86,5.29,2.32,61.97,-15.84,-70.02,3825
Puno,2010-12-20,9.65,14.92,5.85,59.29,1.14,3.85,62.09,-15.84,-70.02,3825
Puno,2010-12-21,8.07,13.3,4.63,72.11,0.18,5.05,62.2,-15.84,-70.02,3825
Puno,2010-12-22,9.5,15.0,4.72,67.59,2.84,3.66,62.16,-15.84,-70.02,3825
Puno,2010-12-23,9.2,15.0,5.43,70.32,5.82,2.97,62.07,-15.84,-70.02,3825
Puno,2010-12-24,8.13,13.6,2.05,66.92,4.68,3.49,62.08,-15.84,-70.02,3825
Puno,2010-12-25,9.3,14.79,5.59,67.74,6.31,3.13,62.1,-15.84,-70.02,3825
Puno,2010-12-26,8.93,15.38,3.63,69.22,0.92,2.3,62.11,-15.84,-70.02,3825
Puno,2010-12-27,9.17,15.7,3.92,66.59,1.94,3.07,62.09,-15.84,-70.02,3825
Puno,2010-12-28,9.61,15.13,5.31,70.13,14.38,2.36,62.05,-15.84,-70.02,3825
Puno,2010-12-29,9.25,14.82,4.66,72.05,5.33,3.02,61.97,-15.84,-70.02,3825
Puno,2010-12-30,8.87,16.37,3.15,58.77,0.36,2.92,61.89,-15.84,-70.02,3825
Puno,2010-12-31,8.79,16.38,2.21,48.8,0.06,2.53,61.87,-15.84,-70.02,3825
Puno,2011-01-01,9.59,19.31,-0.3,40.68,0.02,2.21,61.94,-15.84,-70.02,3825
Puno,2011-01-02,8.86,14.77,3.2,54.14,0.01,2.38,61.93,-15.84,-70.02,3825
Puno,2011-01-03,10.2,16.97,4.74,57.33,0.02,2.29,61.88,-15.84,-70.02,3825
Puno,2011-01-04,9.42,17.34,2.13,55.06,0.0,2.88,61.94,-15.84,-70.02,3825
Puno,2011-01-05,9.8,16.55,4.38,63.76,0.0,4.06,62.03,-15.84,-70.02,3825
Puno,2011-01-06,9.17,15.43,3.63,67.24,0.32,3.15,62.09,-15.84,-70.02,3825
Puno,2011-01-07,8.78,14.4,3.99,64.79,0.02,2.73,62.1,-15.84,-70.02,3825
Puno,2011-01-08,8.87,13.33,5.82,70.93,0.22,4.14,62.13,-15.84,-70.02,3825
Puno,2011-01-09,7.61,13.17,3.5,76.84,0.04,3.74,62.19,-15.84,-70.02,3825
Puno,2011-01-10,10.23,16.69,4.76,61.98,0.04,2.5,62.13,-15.84,-70.02,3825
Puno,2011-01-11,10.14,15.96,6.51,64.52,0.32,3.44,62.05,-15.84,-70.02,3825
Puno,2011-01-12,10.17,16.39,5.65,67.66,0.88,2.91,61.99,-15.84,-70.02,3825
Puno,2011-01-13,8.16,15.04,2.29,63.1,0.37,2.45,61.99,-15.84,-70.02,3825
Puno,2011-01-14,9.79,15.82,2.9,60.99,0.02,2.05,62.09,-15.84,-70.02,3825
Puno,2011-01-15,8.49,14.17,5.51,63.36,0.23,2.23,62.15,-15.84,-70.02,3825
Puno,2011-01-16,10.94,15.53,6.49,59.32,0.03,2.0,62.09,-15.84,-70.02,3825
Puno,2011-01-17,12.02,18.38,6.54,49.6,0.02,2.3,62.13,-15.84,-70.02,3825
Puno,2011-01-18,11.04,16.93,6.28,57.1,0.03,2.17,62.12,-15.84,-70.02,3825
Puno,2011-01-19,10.72,16.51,5.54,59.02,0.01,2.07,62.1,-15.84,-70.02,3825
Puno,2011-01-20,9.72,14.54,5.07,60.57,3.33,2.69,62.03,-15.84,-70.02,3825
Puno,2011-01-21,8.85,15.25,4.37,66.2,1.82,2.28,62.0,-15.84,-70.02,3825
Puno,2011-01-22,8.55,15.16,3.31,66.1,0.25,3.69,61.97,-15.84,-70.02,3825
Puno,2011-01-23,7.67,12.82,3.34,72.15,0.52,4.48,62.08,-15.84,-70.02,3825
Puno,2011-01-24,7.49,12.95,4.13,74.33,2.75,4.54,62.1,-15.84,-70.02,3825
Puno,2011-01-25,8.96,15.35,4.24,71.06,1.3,3.82,62.07,-15.84,-70.02,3825
Puno,2011-01-26,9.7,15.86,4.67,66.76,0.85,2.68,62.08,-15.84,-70.02,3825
Puno,2011-01-27,8.82,14.22,5.35,72.41,0.8,4.21,62.07,-15.84,-70.02,3825
Puno,2011-01-28,9.09,15.74,4.38,67.57,0.31,4.49,62.15,-15.84,-70.02,3825
Puno,2011-01-29,7.85,13.1,5.04,72.33,1.02,4.53,62.31,-15.84,-70.02,3825
Puno,2011-01-30,9.05,15.3,4.32,67.94,0.58,4.28,62.29,-15.84,-70.02,3825
Puno,2011-01-31,9.41,14.75,5.24,68.8,0.48,3.51,62.15,-15.84,-70.02,3825
Puno,2011-02-01,9.37,14.58,5.36,69.87,3.8,3.06,62.19,-15.84,-70.02,3825
Puno,2011-02-02,9.48,15.49,5.48,69.87,1.86,3.81,62.23,-15.84,-70.02,3825
Puno,2011-02-03,10.69,16.67,5.68,62.37,0.05,2.63,62.14,-15.84,-70.02,3825
Puno,2011-02-04,10.22,16.15,5.92,68.93,0.43,3.1,62.0,-15.84,-70.02,3825
Puno,2011-02-05,8.33,16.58,2.49,68.74,0.27,2.49,61.97,-15.84,-70.02,3825
Puno,2011-02-06,8.62,13.45,5.38,75.09,4.43,4.38,62.08,-15.84,-70.02,3825
Puno,2011-02-07,9.61,16.38,4.6,68.49,2.31,2.54,62.14,-15.84,-70.02,3825
Puno,2011-02-08,8.07,15.08,3.36,72.97,5.1,2.56,62.13,-15.84,-70.02,3825
Puno,2011-02-09,8.76,16.72,3.25,66.99,6.35,1.97,62.05,-15.84,-70.02,3825
Puno,2011-02-10,8.18,13.32,3.96,67.07,1.96,1.03,61.97,-15.84,-70.02,3825
Puno,2011-02-11,10.66,18.94,4.46,58.24,2.35,1.7,61.97,-15.84,-70.02,3825
Puno,2011-02-12,10.88,19.59,3.4,48.53,0.07,1.68,62.07,-15.84,-70.02,3825
Puno,2011-02-13,9.72,16.87,3.58,59.61,2.71,2.73,62.12,-15.84,-70.02,3825
Puno,2011-02-14,4.98,7.36,3.17,85.87,14.37,4.18,62.27,-15.84,-70.02,3825
Puno,2011-02-15,7.86,14.91,1.92,71.9,4.66,2.76,62.18,-15.84,-70.02,3825
Puno,2011-02-16,9.57,16.04,4.3,67.53,1.54,2.72,62.15,-15.84,-70.02,3825
Puno,2011-02-17,9.52,15.4,5.15,65.96,8.4,3.59,62.19,-15.84,-70.02,3825
Puno,2011-02-18,7.83,12.72,4.16,77.02,14.09,3.91,62.19,-15.84,-70.02,3825
Puno,2011-02-19,8.05,13.67,4.41,75.53,7.5,4.12,62.09,-15.84,-70.02,3825
Puno,2011-02-20,8.14,13.91,4.14,75.09,2.21,4.11,62.06,-15.84,-70.02,3825
Puno,2011-02-21,7.81,13.27,4.0,75.64,0.79,4.27,62.14,-15.84,-70.02,3825
Puno,2011-02-22,8.41,14.85,4.1,73.83,0.25,3.67,62.1,-15.84,-70.02,3825
Puno,2011-02-23,7.97,14.43,3.05,72.92,13.95,2.12,61.95,-15.84,-70.02,3825
Puno,2011-02-24,6.6,13.43,1.31,74.26,23.73,1.66,61.94,-15.84,-70.02,3825
Puno,2011-02-25,6.99,14.93,1.5,73.74,14.55,2.11,62.07,-15.84,-70.02,3825
Puno,2011-02-26,7.37,14.68,2.42,72.71,4.88,1.87,62.11,-15.84,-70.02,3825
Puno,2011-02-27,7.19,13.31,1.98,75.68,0.57,2.04,62.15,-15.84,-70.02,3825
Puno,2011-02-28,8.85,16.07,2.12,66.66,0.14,1.68,62.1,-15.84,-70.02,3825
Puno,2011-03-01,8.52,16.04,2.58,63.23,2.93,2.36,62.01,-15.84,-70.02,3825
Puno,2011-03-02,8.26,16.27,0.49,49.45,0.34,1.67,61.98,-15.84,-70.02,3825
Puno,2011-03-03,8.55,14.11,4.56,70.12,0.02,3.89,62.02,-15.84,-70.02,3825
Puno,2011-03-04,8.9,14.5,4.63,69.3,0.04,4.24,62.09,-15.84,-70.02,3825
Puno,2011-03-05,9.24,15.27,4.81,66.14,1.78,3.21,62.09,-15.84,-70.02,3825
Puno,2011-03-06,8.37,15.0,3.65,68.95,1.02,1.94,62.01,-15.84,-70.02,3825
Puno,2011-03-07,8.77,16.37,2.14,63.61,0.74,2.62,61.97,-15.84,-70.02,3825
Puno,2011-03-08,9.25,15.59,5.2,70.74,0.36,4.26,62.05,-15.84,-70.02,3825
Puno,2011-03-09,8.72,15.42,4.5,70.07,2.49,2.39,62.1,-15.84,-70.02,3825
Puno,2011-03-10,9.44,17.49,2.21,55.86,0.17,2.69,62.09,-15.84,-70.02,3825
Puno,2011-03-11,8.58,14.94,3.66,67.74,0.16,3.06,62.1,-15.84,-70.02,3825
Puno,2011-03-12,8.99,14.9,3.86,66.71,0.0,3.96,62.14,-15.84,-70.02,3825
Puno,2011-03-13,8.26,13.17,3.13,72.58,13.07,3.65,62.09,-15.84,-70.02,3825
Puno,2011-03-14,5.69,10.03,2.53,83.29,6.03,2.63,62.1,-15.84,-70.02,3825
Puno,2011-03-15,6.07,10.47,1.83,74.64,0.26,2.03,62.15,-15.84,-70.02,3825
Puno,2011-03-16,8.55,15.94,2.1,66.64,0.01,2.23,62.16,-15.84,-70.02,3825
Puno,2011-03-17,9.34,15.54,4.67,70.9,12.2,2.48,62.18,-15.84,-70.02,3825
Puno,2011-03-18,8.65,14.02,6.18,77.89,9.41,2.89,62.24,-15.84,-70.02,3825
Puno,2011-03-19,7.36,11.07,5.03,83.05,3.73,3.6,62.24,-15.84,-70.02,3825
Puno,2011-03-20,8.71,14.63,4.48,75.54,1.38,2.88,62.2,-15.84,-70.02,3825
Puno,2011-03-21,8.55,14.16,4.61,75.98,8.13,2.29,62.12,-15.84,-70.02,3825
Puno,2011-03-22,8.06,13.81,2.81,74.59,3.59,2.62,62.07,-15.84,-70.02,3825
Puno,2011-03-23,9.35,15.71,4.32,71.35,0.03,3.25,62.16,-15.84,-70.02,3825
Puno,2011-03-24,8.65,14.73,4.32,71.48,0.02,3.6,62.27,-15.84,-70.02,3825
Puno,2011-03-25,8.81,15.47,3.05,68.67,0.0,2.4,62.22,-15.84,-70.02,3825
Puno,2011-03-26,9.64,14.58,5.66,69.77,0.03,2.56,62.14,-15.84,-70.02,3825
Puno,2011-03-27,8.07,13.21,3.92,78.04,10.2,2.24,62.11,-15.84,-70.02,3825
Puno,2011-03-28,9.39,17.2,2.56,63.95,0.63,1.98,62.19,-15.84,-70.02,3825
Puno,2011-03-29,6.15,8.68,2.32,76.02,0.26,1.73,62.33,-15.84,-70.02,3825
Puno,2011-03-30,8.38,14.63,3.75,72.63,0.0,2.86,62.34,-15.84,-70.02,3825
Puno,2011-03-31,9.04,14.37,4.66,73.07,0.0,3.13,62.26,-15.84,-70.02,3825
Puno,2011-04-01,9.54,15.56,4.74,70.84,0.0,2.84,62.23,-15.84,-70.02,3825
Puno,2011-04-02,8.32,12.02,5.2,73.15,0.12,1.51,62.24,-15.84,-70.02,3825
Puno,2011-04-03,8.46,13.42,5.05,70.81,0.17,1.52,62.16,-15.84,-70.02,3825
Puno,2011-04-04,9.0,15.44,4.05,66.62,0.06,2.23,62.15,-15.84,-70.02,3825
Puno,2011-04-05,9.37,16.08,4.43,66.34,0.03,3.4,62.22,-15.84,-70.02,3825
Puno,2011-04-06,6.3,8.9,4.53,80.6,0.03,3.68,62.35,-15.84,-70.02,3825
Puno,2011-04-07,8.13,13.75,4.08,71.58,0.11,3.49,62.28,-15.84,-70.02,3825
Puno,2011-04-08,7.22,13.1,3.69,78.05,0.22,5.07,62.32,-15.84,-70.02,3825
Puno,2011-04-09,6.16,12.13,2.03,76.1,1.28,4.14,62.46,-15.84,-70.02,3825
Puno,2011-04-10,8.43,15.81,2.05,48.74,0.02,1.55,62.31,-15.84,-70.02,3825
Puno,2011-04-11,9.09,16.61,3.28,61.37,0.0,1.17,62.14,-15.84,-70.02,3825
Puno,2011-04-12,7.69,16.91,-0.7,55.83,0.01,2.0,62.13,-15.84,-70.02,3825
Puno,2011-04-13,7.4,17.25,-1.7,45.79,0.0,1.7,62.14,-15.84,-70.02,3825
Puno,2011-04-14,7.14,13.57,1.04,64.1,0.0,2.83,62.26,-15.84,-70.02,3825
Puno,2011-04-15,7.09,12.74,3.14,75.06,0.08,3.6,62.32,-15.84,-70.02,3825
Puno,2011-04-16,6.79,11.53,3.01,73.41,0.01,3.25,62.32,-15.84,-70.02,3825
Puno,2011-04-17,7.49,13.77,2.75,71.61,0.01,2.7,62.31,-15.84,-70.02,3825
Puno,2011-04-18,7.24,13.2,2.29,73.26,0.0,3.41,62.4,-15.84,-70.02,3825
Puno,2011-04-19,7.71,14.43,2.56,62.73,0.0,2.26,62.4,-15.84,-70.02,3825
Puno,2011-04-20,9.4,17.24,3.15,64.53,0.0,1.79,62.24,-15.84,-70.02,3825
Puno,2011-04-21,9.18,15.27,5.65,63.82,0.0,2.36,62.22,-15.84,-70.02,3825
Puno,2011-04-22,9.47,15.78,4.77,53.5,0.0,1.88,62.26,-15.84,-70.02,3825
Puno,2011-04-23,9.53,16.11,4.71,63.33,0.06,2.92,62.33,-15.84,-70.02,3825
Puno,2011-04-24,9.07,15.6,3.79,65.44,0.04,2.24,62.3,-15.84,-70.02,3825
Puno,2011-04-25,9.08,16.06,4.37,66.46,0.01,2.85,62.27,-15.84,-70.02,3825
Puno,2011-04-26,7.89,13.54,4.27,69.69,0.0,2.84,62.33,-15.84,-70.02,3825
Puno,2011-04-27,8.62,15.13,3.58,63.05,0.0,1.95,62.38,-15.84,-70.02,3825
Puno,2011-04-28,8.96,16.86,1.85,55.41,0.0,1.19,62.27,-15.84,-70.02,3825
Puno,2011-04-29,6.39,15.35,-2.0,45.31,0.01,1.5,62.16,-15.84,-70.02,3825
Puno,2011-04-30,5.97,15.51,-1.26,40.69,0.03,1.45,62.07,-15.84,-70.02,3825
Puno,2011-05-01,5.8,13.58,-1.23,49.59,0.04,2.12,62.15,-15.84,-70.02,3825
Puno,2011-05-02,8.24,15.07,3.28,63.02,0.11,1.33,62.22,-15.84,-70.02,3825
Puno,2011-05-03,8.71,16.16,2.89,51.63,0.02,1.42,62.26,-15.84,-70.02,3825
Puno,2011-05-04,8.62,15.2,3.18,50.84,1.17,1.78,62.25,-15.84,-70.02,3825
Puno,2011-05-05,8.43,14.48,3.6,58.82,1.79,2.06,62.28,-15.84,-70.02,3825
Puno,2011-05-06,7.57,14.34,2.04,56.11,0.0,3.05,62.41,-15.84,-70.02,3825
Puno,2011-05-07,5.8,12.37,-0.08,62.39,0.0,2.75,62.48,-15.84,-70.02,3825
Puno,2011-05-08,7.41,13.26,3.37,58.04,0.0,2.31,62.43,-15.84,-70.02,3825
Puno,2011-05-09,6.83,13.24,1.55,62.11,0.0,2.35,62.33,-15.84,-70.02,3825
Puno,2011-05-10,6.83,11.35,3.12,70.71,0.01,1.52,62.32,-15.84,-70.02,3825
Puno,2011-05-11,7.22,13.61,1.18,63.07,0.01,1.35,62.26,-15.84,-70.02,3825
Puno,2011-05-12,7.17,14.83,-0.52,57.95,0.01,1.49,62.28,-15.84,-70.02,3825
Puno,2011-05-13,7.75,16.06,0.72,50.97,0.0,0.87,62.23,-15.84,-70.02,3825
Puno,2011-05-14,6.08,13.52,-0.19,53.86,0.0,2.13,62.27,-15.84,-70.02,3825
Puno,2011-05-15,7.68,15.08,1.74,56.31,0.0,1.19,62.26,-15.84,-70.02,3825
Puno,2011-05-16,6.85,15.33,-0.1,49.63,0.0,1.44,62.19,-15.84,-70.02,3825
Puno,2011-05-17,5.14,14.99,-2.53,37.75,0.0,2.83,62.08,-15.84,-70.02,3825
Puno,2011-05-18,5.07,14.8,-2.49,43.03,0.0,1.98,62.11,-15.84,-70.02,3825
Puno,2011-05-19,5.24,15.23,-2.13,42.96,0.0,2.36,62.14,-15.84,-70.02,3825
Puno,2011-05-20,6.11,14.56,-1.68,44.89,0.0,1.55,62.2,-15.84,-70.02,3825
Puno,2011-05-21,7.58,13.94,2.33,52.39,0.0,1.36,62.27,-15.84,-70.02,3825
Puno,2011-05-22,7.71,14.53,2.47,66.53,0.0,2.83,62.31,-15.84,-70.02,3825
Puno,2011-05-23,6.56,11.02,3.32,71.83,0.0,2.65,62.38,-15.84,-70.02,3825
Puno,2011-05-24,8.38,16.52,2.04,64.96,0.0,1.53,62.3,-15.84,-70.02,3825
Puno,2011-05-25,7.47,14.43,2.02,65.38,0.16,2.34,62.43,-15.84,-70.02,3825
Puno,2011-05-26,6.54,10.71,4.03,79.11,0.08,2.3,62.52,-15.84,-70.02,3825
Puno,2011-05-27,7.38,14.25,2.3,66.04,0.0,2.12,62.44,-15.84,-70.02,3825
Puno,2011-05-28,6.49,13.8,2.01,60.68,0.0,2.18,62.38,-15.84,-70.02,3825
Puno,2011-05-29,6.03,13.58,0.59,50.64,0.0,2.45,62.41,-15.84,-70.02,3825
Puno,2011-05-30,6.74,14.27,0.77,40.96,0.0,1.88,62.43,-15.84,-70.02,3825
Puno,2011-05-31,6.53,14.5,1.03,40.85,0.0,2.31,62.42,-15.84,-70.02,3825
Puno,2011-06-01,6.78,15.13,-0.18,49.74,0.0,1.29,62.35,-15.84,-70.02,3825
Puno,2011-06-02,6.59,14.26,-0.27,41.07,0.0,1.93,62.26,-15.84,-70.02,3825
Puno,2011-06-03,6.82,13.46,0.71,46.85,0.0,1.96,62.35,-15.84,-70.02,3825
Puno,2011-06-04,5.44,9.51,1.93,69.98,0.0,2.09,62.45,-15.84,-70.02,3825
Puno,2011-06-05,6.33,13.87,0.57,64.23,0.0,2.66,62.29,-15.84,-70.02,3825
Puno,2011-06-06,4.33,14.28,-3.01,52.19,0.0,3.81,62.2,-15.84,-70.02,3825
Puno,2011-06-07,3.83,12.38,-3.73,42.87,0.0,2.02,62.33,-15.84,-70.02,3825
Puno,2011-06-08,4.1,14.06,-2.93,34.11,0.0,3.13,62.29,-15.84,-70.02,3825
Puno,2011-06-09,4.06,13.23,-3.85,29.55,0.0,1.83,62.34,-15.84,-70.02,3825
Puno,2011-06-10,4.89,11.95,-0.55,53.1,0.05,1.82,62.38,-15.84,-70.02,3825
Puno,2011-06-11,6.07,13.31,1.61,65.73,0.0,1.71,62.33,-15.84,-70.02,3825
Puno,2011-06-12,5.65,13.71,-0.75,58.59,0.0,1.93,62.32,-15.84,-70.02,3825
Puno,2011-06-13,5.16,11.27,1.44,65.8,0.03,2.24,62.41,-15.84,-70.02,3825
Puno,2011-06-14,5.92,14.35,0.35,57.36,0.01,1.72,62.27,-15.84,-70.02,3825
Puno,2011-06-15,5.32,13.69,-1.64,45.09,0.0,1.59,62.14,-15.84,-70.02,3825
Puno,2011-06-16,5.47,12.88,-0.83,51.33,0.0,2.1,62.15,-15.84,-70.02,3825
Puno,2011-06-17,4.9,11.67,-0.56,59.02,0.0,1.99,62.28,-15.84,-70.02,3825
Puno,2011-06-18,5.83,13.09,-0.24,59.09,0.0,1.84,62.26,-15.84,-70.02,3825
Puno,2011-06-19,5.5,12.2,-0.64,63.72,0.0,2.82,62.16,-15.84,-70.02,3825
Puno,2011-06-20,6.69,14.59,-1.57,65.35,0.01,2.2,62.15,-15.84,-70.02,3825
Puno,2011-06-21,6.65,14.15,0.57,67.5,0.02,2.42,62.23,-15.84,-70.02,3825
Puno,2011-06-22,5.45,12.14,0.68,77.45,0.01,2.14,62.35,-15.84,-70.02,3825
Puno,2011-06-23,6.35,14.87,-1.35,58.91,0.01,1.54,62.35,-15.84,-70.02,3825
Puno,2011-06-24,7.41,15.17,0.91,50.67,0.02,1.24,62.26,-15.84,-70.02,3825
Puno,2011-06-25,6.57,13.05,2.71,62.65,0.15,2.02,62.33,-15.84,-70.02,3825
Puno,2011-06-26,7.13,15.5,0.74,55.84,0.0,1.26,62.28,-15.84,-70.02,3825
Puno,2011-06-27,6.22,16.42,-1.97,44.51,0.0,3.65,62.12,-15.84,-70.02,3825
Puno,2011-06-28,4.9,13.6,-1.54,50.66,0.0,5.0,61.96,-15.84,-70.02,3825
Puno,2011-06-29,3.14,11.46,-3.47,50.92,0.04,4.4,61.93,-15.84,-70.02,3825
Puno,2011-06-30,2.2,10.06,-3.0,48.15,0.01,4.12,61.96,-15.84,-70.02,3825
Puno,2011-07-01,1.15,6.32,-2.67,65.63,0.35,2.35,62.12,-15.84,-70.02,3825
Puno,2011-07-02,2.2,7.61,-1.18,79.73,0.82,1.94,62.15,-15.84,-70.02,3825
Puno,2011-07-03,4.05,10.58,-0.28,79.77,0.23,2.61,62.16,-15.84,-70.02,3825
Puno,2011-07-04,5.5,12.67,-1.06,67.54,0.0,2.68,62.15,-15.84,-70.02,3825
Puno,2011-07-05,5.65,13.74,-1.14,69.19,0.0,2.56,62.2,-15.84,-70.02,3825
Puno,2011-07-06,5.61,12.96,-0.45,66.99,0.0,2.73,62.23,-15.84,-70.02,3825
Puno,2011-07-07,4.62,13.42,-1.85,61.46,0.0,3.88,62.18,-15.84,-70.02,3825
Puno,2011-07-08,4.5,13.26,-2.36,63.24,0.0,4.23,62.14,-15.84,-70.02,3825
Puno,2011-07-09,4.61,13.96,-2.4,57.48,0.0,2.86,62.16,-15.84,-70.02,3825
Puno,2011-07-10,4.87,12.4,-1.8,53.0,0.0,2.12,62.32,-15.84,-70.02,3825
Puno,2011-07-11,6.16,12.67,0.71,55.8,0.0,1.31,62.42,-15.84,-70.02,3825
Puno,2011-07-12,5.46,13.6,-0.71,39.88,0.0,1.92,62.36,-15.84,-70.02,3825
Puno,2011-07-13,6.77,14.17,2.24,64.06,0.0,1.79,62.28,-15.84,-70.02,3825
Puno,2011-07-14,6.92,15.54,-0.7,50.27,0.0,1.65,62.13,-15.84,-70.02,3825
Puno,2011-07-15,5.79,15.27,-1.58,45.2,0.0,2.9,62.14,-15.84,-70.02,3825
Puno,2011-07-16,6.18,14.1,-1.47,47.76,0.02,2.32,62.18,-15.84,-70.02,3825
Puno,2011-07-17,5.41,14.14,-1.2,44.96,0.01,2.16,62.21,-15.84,-70.02,3825
Puno,2011-07-18,4.55,13.06,-2.44,41.08,0.01,1.88,62.27,-15.84,-70.02,3825
Puno,2011-07-19,5.89,12.24,0.77,68.2,0.12,2.63,62.15,-15.84,-70.02,3825
Puno,2011-07-20,5.71,14.88,-1.51,50.18,0.01,3.3,62.17,-15.84,-70.02,3825
Puno,2011-07-21,5.32,15.09,-2.32,45.84,0.02,2.07,62.23,-15.84,-70.02,3825
Puno,2011-07-22,5.74,14.83,-1.21,47.45,0.0,1.6,62.32,-15.84,-70.02,3825
Puno,2011-07-23,6.03,13.19,1.37,64.29,0.0,1.86,62.44,-15.84,-70.02,3825
Puno,2011-07-24,6.2,12.99,0.96,61.72,0.0,1.78,62.43,-15.84,-70.02,3825
Puno,2011-07-25,6.77,14.48,-0.9,34.68,0.0,1.52,62.25,-15.84,-70.02,3825
Puno,2011-07-26,6.09,13.33,-1.03,37.88,0.0,1.82,62.2,-15.84,-70.02,3825
Puno,2011-07-27,5.74,13.89,-0.32,53.09,0.0,1.59,62.19,-15.84,-70.02,3825
Puno,2011-07-28,4.88,14.1,-2.9,33.92,0.0,1.94,62.09,-15.84,-70.02,3825
Puno,2011-07-29,3.73,13.66,-2.81,30.11,0.0,4.13,61.99,-15.84,-70.02,3825
Puno,2011-07-30,4.06,14.21,-4.02,29.56,0.0,3.38,61.97,-15.84,-70.02,3825
Puno,2011-07-31,3.9,14.47,-3.52,32.09,0.06,4.72,62.08,-15.84,-70.02,3825
Puno,2011-08-01,4.19,13.29,-3.16,25.83,0.0,3.54,62.19,-15.84,-70.02,3825
Puno,2011-08-02,4.64,14.72,-1.87,23.8,0.01,3.01,62.16,-15.84,-70.02,3825
Puno,2011-08-03,5.66,15.18,-2.49,41.16,0.02,2.14,62.2,-15.84,-70.02,3825
Puno,2011-08-04,5.8,10.92,1.64,62.76,0.0,1.38,62.28,-15.84,-70.02,3825
Puno,2011-08-05,5.61,11.92,0.32,54.26,0.0,1.85,62.4,-15.84,-70.02,3825
Puno,2011-08-06,6.52,13.65,1.28,58.07,0.0,2.25,62.37,-15.84,-70.02,3825
Puno,2011-08-07,6.62,14.68,-1.19,61.08,0.0,2.18,62.37,-15.84,-70.02,3825
Puno,2011-08-08,6.98,13.74,1.3,60.96,0.0,2.11,62.44,-15.84,-70.02,3825
Puno,2011-08-09,5.19,9.5,1.8,78.73,0.0,2.79,62.51,-15.84,-70.02,3825
Puno,2011-08-10,5.76,13.19,0.16,64.59,0.0,2.34,62.45,-15.84,-70.02,3825
Puno,2011-08-11,5.9,12.87,0.66,63.04,0.0,2.35,62.36,-15.84,-70.02,3825
Puno,2011-08-12,6.06,12.4,0.15,59.5,0.0,1.32,62.24,-15.84,-70.02,3825
Puno,2011-08-13,6.95,13.5,0.68,49.65,0.0,1.8,62.22,-15.84,-70.02,3825
Puno,2011-08-14,6.53,12.75,1.5,63.67,0.0,2.8,62.18,-15.84,-70.02,3825
Puno,2011-08-15,7.1,15.37,0.64,57.58,0.0,2.66,62.15,-15.84,-70.02,3825
Puno,2011-08-16,6.68,15.27,-2.0,58.26,0.0,2.2,62.2,-15.84,-70.02,3825
Puno,2011-08-17,8.83,16.19,2.78,55.94,0.0,1.54,62.19,-15.84,-70.02,3825
Puno,2011-08-18,6.82,16.58,-0.65,45.15,0.0,2.97,62.12,-15.84,-70.02,3825
Puno,2011-08-19,7.41,16.84,-1.72,40.47,0.0,2.24,62.09,-15.84,-70.02,3825
Puno,2011-08-20,8.47,15.92,3.03,53.22,0.01,1.69,62.16,-15.84,-70.02,3825
Puno,2011-08-21,7.73,14.98,1.69,41.89,0.0,2.35,62.17,-15.84,-70.02,3825
Puno,2011-08-22,5.48,15.2,-2.57,36.75,0.0,3.9,62.16,-15.84,-70.02,3825
Puno,2011-08-23,6.49,15.26,-1.96,33.34,0.0,1.95,62.14,-15.84,-70.02,3825
Puno,2011-08-24,6.14,14.2,-1.44,42.34,0.0,2.64,62.23,-15.84,-70.02,3825
Puno,2011-08-25,6.4,13.22,0.15,47.38,0.0,2.9,62.42,-15.84,-70.02,3825
Puno,2011-08-26,8.02,15.36,2.4,57.64,0.0,1.7,62.43,-15.84,-70.02,3825
Puno,2011-08-27,8.11,16.28,-0.22,44.08,0.0,1.9,62.3,-15.84,-70.02,3825
Puno,2011-08-28,8.24,16.47,0.13,50.63,0.0,1.94,62.26,-15.84,-70.02,3825
Puno,2011-08-29,8.64,16.11,0.92,53.15,0.0,2.01,62.25,-15.84,-70.02,3825
Puno,2011-08-30,8.14,14.1,3.38,64.73,0.01,2.59,62.38,-15.84,-70.02,3825
Puno,2011-08-31,7.13,13.15,2.52,67.85,0.01,3.16,62.52,-15.84,-70.02,3825
Puno,2011-09-01,7.2,14.2,1.71,65.12,0.0,3.29,62.56,-15.84,-70.02,3825
Puno,2011-09-02,6.35,14.19,0.79,55.32,0.0,2.59,62.46,-15.84,-70.02,3825
Puno,2011-09-03,7.77,15.31,2.34,52.6,0.0,1.62,62.31,-15.84,-70.02,3825
Puno,2011-09-04,7.79,16.38,-1.01,46.87,0.0,2.0,62.26,-15.84,-70.02,3825
Puno,2011-09-05,8.46,14.9,2.65,57.49,0.0,1.99,62.28,-15.84,-70.02,3825
Puno,2011-09-06,8.29,14.29,2.9,62.48,0.02,1.97,62.25,-15.84,-70.02,3825
Puno,2011-09-07,7.6,16.49,-0.74,42.66,0.0,1.65,62.27,-15.84,-70.02,3825
Puno,2011-09-08,7.35,18.16,-1.82,38.08,0.07,2.5,62.18,-15.84,-70.02,3825
Puno,2011-09-09,6.78,17.04,-1.33,31.33,0.02,2.88,62.14,-15.84,-70.02,3825
Puno,2011-09-10,5.6,14.64,-3.59,35.3,0.0,2.93,62.31,-15.84,-70.02,3825
Puno,2011-09-11,6.46,15.23,0.97,68.33,0.1,4.03,62.53,-15.84,-70.02,3825
Puno,2011-09-12,6.72,14.21,-0.44,52.07,0.0,2.87,62.53,-15.84,-70.02,3825
Puno,2011-09-13,7.52,13.27,2.8,44.35,0.0,1.88,62.4,-15.84,-70.02,3825
Puno,2011-09-14,7.02,12.54,2.51,62.32,0.0,2.96,62.34,-15.84,-70.02,3825
Puno,2011-09-15,7.69,14.47,2.13,58.71,0.01,1.72,62.27,-15.84,-70.02,3825
Puno,2011-09-16,7.84,15.51,1.9,45.33,0.0,1.56,62.24,-15.84,-70.02,3825
Puno,2011-09-17,7.43,15.16,1.12,53.96,2.14,2.3,62.26,-15.84,-70.02,3825
Puno,2011-09-18,6.63,12.84,1.81,68.37,3.74,2.48,62.37,-15.84,-70.02,3825
Puno,2011-09-19,9.25,15.9,3.87,43.15,0.0,1.11,62.29,-15.84,-70.02,3825
Puno,2011-09-20,8.17,14.04,4.3,63.13,0.2,1.88,62.29,-15.84,-70.02,3825
Puno,2011-09-21,8.17,14.92,1.52,56.99,0.13,2.08,62.25,-15.84,-70.02,3825
Puno,2011-09-22,7.5,13.11,2.12,41.86,0.03,2.61,62.25,-15.84,-70.02,3825
Puno,2011-09-23,4.78,9.94,1.2,61.67,0.09,2.58,62.28,-15.84,-70.02,3825
Puno,2011-09-24,5.56,10.46,1.51,73.41,6.42,2.49,62.33,-15.84,-70.02,3825
Puno,2011-09-25,6.86,12.95,2.14,71.19,1.02,2.13,62.4,-15.84,-70.02,3825
Puno,2011-09-26,7.62,12.93,2.5,69.75,0.07,3.78,62.44,-15.84,-70.02,3825
Puno,2011-09-27,7.4,12.51,3.19,64.95,0.0,3.79,62.51,-15.84,-70.02,3825
Puno,2011-09-28,7.94,13.19,3.46,63.04,0.7,2.74,62.38,-15.84,-70.02,3825
Puno,2011-09-29,8.37,14.5,3.26,61.4,0.05,2.68,62.26,-15.84,-70.02,3825
Puno,2011-09-30,8.38,16.96,1.61,53.53,0.01,1.83,62.17,-15.84,-70.02,3825
Puno,2011-10-01,7.59,16.7,-0.49,30.58,0.0,1.27,62.16,-15.84,-70.02,3825
Puno,2011-10-02,7.53,15.21,0.22,45.82,0.0,3.9,62.24,-15.84,-70.02,3825
Puno,2011-10-03,7.54,13.93,2.6,56.61,0.72,2.39,62.28,-15.84,-70.02,3825
Puno,2011-10-04,8.85,17.4,3.1,44.94,0.03,1.37,62.15,-15.84,-70.02,3825
Puno,2011-10-05,7.29,13.93,1.14,58.65,0.02,2.35,62.16,-15.84,-70.02,3825
Puno,2011-10-06,7.54,14.41,2.59,68.14,0.01,2.45,62.15,-15.84,-70.02,3825
Puno,2011-10-07,8.41,15.05,2.9,52.75,1.46,1.37,62.14,-15.84,-70.02,3825
Puno,2011-10-08,7.37,15.1,1.89,56.16,0.62,2.3,62.18,-15.84,-70.02,3825
Puno,2011-10-09,7.44,14.71,2.06,62.6,0.2,2.7,62.17,-15.84,-70.02,3825
Puno,2011-10-10,7.9,14.92,2.24,62.48,3.25,1.68,62.19,-15.84,-70.02,3825
Puno,2011-10-11,8.99,17.23,2.97,58.3,0.81,1.78,62.1,-15.84,-70.02,3825
Puno,2011-10-12,9.44,19.07,1.9,50.99,0.05,2.92,61.96,-15.84,-70.02,3825
Puno,2011-10-13,9.54,20.14,1.29,42.27,0.03,3.61,61.91,-15.84,-70.02,3825
Puno,2011-10-14,9.16,19.54,1.35,32.82,0.01,2.27,61.95,-15.84,-70.02,3825
Puno,2011-10-15,10.21,20.13,1.53,34.22,0.0,2.17,61.94,-15.84,-70.02,3825
Puno,2011-10-16,10.05,19.74,1.82,34.36,0.0,2.59,61.98,-15.84,-70.02,3825
Puno,2011-10-17,8.08,13.74,2.46,31.96,0.0,1.82,62.1,-15.84,-70.02,3825
Puno,2011-10-18,9.82,18.46,1.62,32.1,0.0,1.05,62.1,-15.84,-70.02,3825
Puno,2011-10-19,10.22,18.01,4.59,52.89,0.0,2.95,62.15,-15.84,-70.02,3825
Puno,2011-10-20,9.41,19.37,3.1,48.72,0.0,2.61,62.17,-15.84,-70.02,3825
Puno,2011-10-21,8.64,17.82,1.68,36.41,0.0,0.72,62.07,-15.84,-70.02,3825
Puno,2011-10-22,8.6,15.09,3.36,62.38,0.0,3.69,62.1,-15.84,-70.02,3825
Puno,2011-10-23,9.12,15.82,3.59,56.71,0.0,3.61,62.29,-15.84,-70.02,3825
Puno,2011-10-24,10.32,17.06,5.03,53.61,0.0,2.72,62.33,-15.84,-70.02,3825
Puno,2011-10-25,10.76,17.79,5.48,53.27,0.06,3.11,62.23,-15.84,-70.02,3825
Puno,2011-10-26,10.58,17.62,5.3,57.63,0.01,3.5,62.13,-15.84,-70.02,3825
Puno,2011-10-27,10.13,16.24,5.35,57.58,0.0,4.16,62.2,-15.84,-70.02,3825
Puno,2011-10-28,10.11,16.88,5.2,57.03,0.0,4.0,62.22,-15.84,-70.02,3825
Puno,2011-10-29,8.55,14.51,2.91,62.41,0.01,1.61,62.22,-15.84,-70.02,3825
Puno,2011-10-30,8.74,14.3,4.87,63.55,1.58,2.42,62.15,-15.84,-70.02,3825
Puno,2011-10-31,9.39,17.03,3.79,57.18,1.04,2.82,62.11,-15.84,-70.02,3825
Puno,2011-11-01,10.04,17.23,4.69,58.56,0.33,2.59,62.14,-15.84,-70.02,3825
Puno,2011-11-02,8.84,14.61,5.18,67.89,0.0,3.68,62.21,-15.84,-70.02,3825
Puno,2011-11-03,8.94,15.19,3.24,63.93,3.08,3.4,62.25,-15.84,-70.02,3825
Puno,2011-11-04,10.77,17.84,5.21,50.93,0.21,1.67,62.16,-15.84,-70.02,3825
Puno,2011-11-05,11.62,19.81,4.9,42.33,0.03,1.11,62.12,-15.84,-70.02,3825
Puno,2011-11-06,9.7,18.03,2.85,49.75,0.01,3.8,62.19,-15.84,-70.02,3825
Puno,2011-11-07,10.38,17.11,4.91,47.21,0.0,3.4,62.23,-15.84,-70.02,3825
Puno,2011-11-08,10.4,17.35,4.38,48.59,0.0,3.17,62.21,-15.84,-70.02,3825
Puno,2011-11-09,12.58,20.53,4.29,44.47,0.0,2.34,62.15,-15.84,-70.02,3825
Puno,2011-11-10,10.99,16.72,5.65,55.69,0.03,3.41,62.19,-15.84,-70.02,3825
Puno,2011-11-11,10.62,17.67,4.35,55.32,0.01,3.27,62.23,-15.84,-70.02,3825
Puno,2011-11-12,10.13,16.42,5.15,51.79,0.0,4.21,62.26,-15.84,-70.02,3825
Puno,2011-11-13,10.9,18.06,5.01,47.66,0.0,2.56,62.15,-15.84,-70.02,3825
Puno,2011-11-14,11.68,19.47,5.09,42.63,0.0,4.21,62.08,-15.84,-70.02,3825
Puno,2011-11-15,11.58,19.0,5.06,50.59,0.03,3.08,62.11,-15.84,-70.02,3825
Puno,2011-11-16,10.64,17.16,6.86,58.13,0.01,2.92,62.11,-15.84,-70.02,3825
Puno,2011-11-17,10.87,17.93,5.76,55.59,0.02,2.59,62.08,-15.84,-70.02,3825
Puno,2011-11-18,8.54,15.7,3.33,65.43,0.03,4.32,62.12,-15.84,-70.02,3825
Puno,2011-11-19,8.41,14.53,3.16,67.85,20.27,3.48,62.12,-15.84,-70.02,3825
Puno,2011-11-20,7.96,14.86,2.15,65.28,8.12,1.69,62.07,-15.84,-70.02,3825
Puno,2011-11-21,9.75,16.88,2.46,54.95,0.01,3.45,62.1,-15.84,-70.02,3825
Puno,2011-11-22,7.1,14.61,3.07,74.35,0.86,2.81,62.22,-15.84,-70.02,3825
Puno,2011-11-23,9.71,16.64,2.95,61.19,0.07,1.84,62.25,-15.84,-70.02,3825
Puno,2011-11-24,12.14,18.95,6.1,44.33,0.0,2.03,62.19,-15.84,-70.02,3825
Puno,2011-11-25,11.54,18.42,3.47,42.05,0.0,2.52,62.14,-15.84,-70.02,3825
Puno,2011-11-26,10.45,16.13,5.33,54.56,0.05,3.48,62.17,-15.84,-70.02,3825
Puno,2011-11-27,11.57,17.54,5.88,54.35,0.01,2.77,62.18,-15.84,-70.02,3825
Puno,2011-11-28,10.88,16.83,5.8,59.8,0.0,3.75,62.25,-15.84,-70.02,3825
Puno,2011-11-29,10.27,16.47,4.21,58.33,0.02,2.73,62.31,-15.84,-70.02,3825
Puno,2011-11-30,11.77,18.43,6.76,51.37,0.0,3.21,62.21,-15.84,-70.02,3825
Puno,2011-12-01,9.74,15.93,3.85,50.91,0.32,3.85,62.34,-15.84,-70.02,3825
Puno,2011-12-02,10.27,17.31,3.39,53.49,0.15,2.74,62.3,-15.84,-70.02,3825
Puno,2011-12-03,11.85,18.52,5.56,48.87,0.0,2.49,62.17,-15.84,-70.02,3825
Puno,2011-12-04,12.27,19.26,5.04,37.66,0.0,1.92,62.01,-15.84,-70.02,3825
Puno,2011-12-05,10.54,18.29,2.44,40.96,0.06,2.53,61.98,-15.84,-70.02,3825
Puno,2011-12-06,10.78,17.14,5.62,55.27,0.21,2.5,62.03,-15.84,-70.02,3825
Puno,2011-12-07,11.02,18.31,4.05,49.24,0.12,1.6,62.04,-15.84,-70.02,3825
Puno,2011-12-08,10.14,15.59,6.18,61.82,0.22,2.2,62.05,-15.84,-70.02,3825
Puno,2011-12-09,7.72,12.66,5.48,68.18,0.13,1.6,62.07,-15.84,-70.02,3825
Puno,2011-12-10,10.18,16.55,5.11,58.9,0.01,2.2,62.08,-15.84,-70.02,3825
Puno,2011-12-11,9.55,14.25,6.44,66.4,0.19,3.34,62.08,-15.84,-70.02,3825
Puno,2011-12-12,5.84,9.25,4.22,80.94,0.07,2.78,62.07,-15.84,-70.02,3825
Puno,2011-12-13,8.03,13.62,3.83,68.06,14.72,1.8,62.05,-15.84,-70.02,3825
Puno,2011-12-14,6.91,10.64,4.27,73.61,3.3,2.1,62.05,-15.84,-70.02,3825
Puno,2011-12-15,8.87,14.47,4.35,67.89,1.24,2.17,62.05,-15.84,-70.02,3825
Puno,2011-12-16,10.93,19.4,4.77,48.07,0.63,1.11,62.03,-15.84,-70.02,3825
Puno,2011-12-17,10.15,17.76,4.28,48.63,0.0,1.64,62.07,-15.84,-70.02,3825
Puno,2011-12-18,8.91,15.2,2.76,60.58,0.3,2.9,62.1,-15.84,-70.02,3825
Puno,2011-12-19,8.62,14.75,3.57,68.06,0.2,3.69,62.1,-15.84,-70.02,3825
Puno,2011-12-20,8.87,16.62,3.49,64.58,0.01,2.69,62.13,-15.84,-70.02,3825
Puno,2011-12-21,6.98,13.96,2.46,74.22,13.9,2.53,62.13,-15.84,-70.02,3825
Puno,2011-12-22,7.21,13.78,2.45,75.78,12.04,2.93,62.09,-15.84,-70.02,3825
Puno,2011-12-23,7.87,15.77,2.31,71.19,1.36,2.03,62.07,-15.84,-70.02,3825
Puno,2011-12-24,8.03,16.41,2.23,65.57,1.5,2.81,62.18,-15.84,-70.02,3825
Puno,2011-12-25,6.02,11.24,1.58,75.27,1.01,2.68,62.33,-15.84,-70.02,3825
Puno,2011-12-26,8.15,13.94,4.06,72.54,0.23,5.5,62.34,-15.84,-70.02,3825
Puno,2011-12-27,8.53,14.5,3.29,71.09,0.11,4.89,62.39,-15.84,-70.02,3825
Puno,2011-12-28,8.62,13.18,4.67,72.51,2.96,4.55,62.4,-15.84,-70.02,3825
Puno,2011-12-29,10.6,17.3,4.57,62.65,0.28,2.83,62.2,-15.84,-70.02,3825
Puno,2011-12-30,10.34,17.99,3.65,62.79,0.03,1.37,62.11,-15.84,-70.02,3825
Puno,2011-12-31,9.18,16.26,2.87,65.66,5.48,2.48,62.15,-15.84,-70.02,3825
Puno,2012-01-01,6.99,11.65,3.5,76.69,7.93,3.38,62.16,-15.84,-70.02,3825
Puno,2012-01-02,6.72,12.65,2.58,76.86,6.95,2.45,62.24,-15.84,-70.02,3825
Puno,2012-01-03,8.33,14.36,3.32,70.14,2.2,3.69,62.25,-15.84,-70.02,3825
Puno,2012-01-04,9.02,15.01,3.85,64.83,1.45,3.3,62.28,-15.84,-70.02,3825
Puno,2012-01-05,8.87,14.69,3.84,65.95,7.59,4.02,62.19,-15.84,-70.02,3825
Puno,2012-01-06,7.74,14.17,3.04,71.42,3.79,3.02,62.15,-15.84,-70.02,3825
Puno,2012-01-07,7.62,12.93,2.76,72.05,3.13,3.95,62.18,-15.84,-70.02,3825
Puno,2012-01-08,9.31,15.72,4.09,65.58,0.59,2.13,62.19,-15.84,-70.02,3825
Puno,2012-01-09,9.54,15.25,5.08,61.89,0.24,2.5,62.17,-15.84,-70.02,3825
Puno,2012-01-10,9.26,18.24,2.9,52.66,10.11,1.87,62.07,-15.84,-70.02,3825
Puno,2012-01-11,9.82,18.41,0.58,44.41,0.27,1.98,61.96,-15.84,-70.02,3825
Puno,2012-01-12,10.62,18.81,3.99,49.9,0.04,1.95,62.04,-15.84,-70.02,3825
Puno,2012-01-13,11.18,20.35,1.98,43.9,0.03,2.02,62.11,-15.84,-70.02,3825
Puno,2012-01-14,10.23,17.12,3.9,56.69,3.57,1.87,62.25,-15.84,-70.02,3825
Puno,2012-01-15,9.36,18.39,-0.54,44.66,0.07,1.73,62.24,-15.84,-70.02,3825
Puno,2012-01-16,9.84,17.05,3.09,49.39,0.0,3.33,62.31,-15.84,-70.02,3825
Puno,2012-01-17,8.99,14.76,4.43,59.42,3.43,2.88,62.28,-15.84,-70.02,3825
Puno,2012-01-18,8.52,13.48,4.09,60.05,0.38,2.9,62.17,-15.84,-70.02,3825
Puno,2012-01-19,8.21,13.3,3.62,61.54,0.77,3.6,62.12,-15.84,-70.02,3825
Puno,2012-01-20,8.55,14.42,3.62,62.9,0.86,4.42,62.08,-15.84,-70.02,3825
Puno,2012-01-21,8.48,13.93,4.35,67.03,3.78,2.65,62.08,-15.84,-70.02,3825
Puno,2012-01-22,6.71,10.94,2.61,73.8,12.59,1.75,62.06,-15.84,-70.02,3825
Puno,2012-01-23,6.59,12.2,0.65,69.74,5.09,2.11,62.04,-15.84,-70.02,3825
Puno,2012-01-24,7.03,12.99,1.01,65.46,3.57,2.47,62.07,-15.84,-70.02,3825
Puno,2012-01-25,7.1,12.69,3.09,74.48,1.87,1.67,62.08,-15.84,-70.02,3825
Puno,2012-01-26,6.53,11.82,2.51,79.21,1.5,2.86,62.15,-15.84,-70.02,3825
Puno,2012-01-27,8.76,14.93,3.77,73.44,8.65,4.16,62.12,-15.84,-70.02,3825
Puno,2012-01-28,9.55,15.87,3.91,68.29,2.54,3.12,62.14,-15.84,-70.02,3825
Puno,2012-01-29,8.7,13.77,4.21,72.54,9.01,1.96,62.12,-15.84,-70.02,3825
Puno,2012-01-30,8.49,15.37,3.8,70.25,9.1,2.21,62.09,-15.84,-70.02,3825
Puno,2012-01-31,6.84,12.34,2.29,75.09,1.04,2.63,62.13,-15.84,-70.02,3825
Puno,2012-02-01,10.14,16.54,4.9,64.32,5.26,3.08,62.08,-15.84,-70.02,3825
Puno,2012-02-02,9.05,15.15,5.33,72.6,3.89,2.85,62.05,-15.84,-70.02,3825
Puno,2012-02-03,9.05,14.66,4.77,74.26,8.38,3.32,62.05,-15.84,-70.02,3825
Puno,2012-02-04,9.32,15.29,4.75,74.5,3.85,4.34,62.09,-15.84,-70.02,3825
Puno,2012-02-05,9.57,15.46,5.34,74.12,1.48,4.47,62.14,-15.84,-70.02,3825
Puno,2012-02-06,9.23,15.13,5.47,73.27,3.3,4.85,62.22,-15.84,-70.02,3825
Puno,2012-02-07,8.71,15.41,4.27,65.72,0.96,3.59,62.22,-15.84,-70.02,3825
Puno,2012-02-08,9.44,15.6,3.98,60.87,2.82,3.07,62.17,-15.84,-70.02,3825
Puno,2012-02-09,9.72,15.88,4.83,64.53,1.14,3.94,62.23,-15.84,-70.02,3825
Puno,2012-02-10,8.28,12.51,5.44,74.95,1.95,4.11,62.22,-15.84,-70.02,3825
Puno,2012-02-11,8.63,14.24,4.2,72.33,2.93,3.91,62.16,-15.84,-70.02,3825
Puno,2012-02-12,8.57,14.85,3.42,72.76,1.46,2.28,62.06,-15.84,-70.02,3825
Puno,2012-02-13,7.98,14.12,2.23,71.35,5.68,1.86,62.0,-15.84,-70.02,3825
Puno,2012-02-14,6.61,11.98,1.94,78.85,12.87,3.07,62.08,-15.84,-70.02,3825
Puno,2012-02-15,6.91,10.75,4.06,81.15,11.98,3.35,62.13,-15.84,-70.02,3825
Puno,2012-02-16,7.6,12.94,3.35,78.62,7.2,4.15,62.15,-15.84,-70.02,3825
Puno,2012-02-17,7.52,12.52,4.34,75.92,1.07,3.58,62.11,-15.84,-70.02,3825
Puno,2012-02-18,7.04,11.45,3.21,73.91,1.04,3.22,62.08,-15.84,-70.02,3825
Puno,2012-02-19,7.37,13.7,2.33,71.14,0.45,2.83,62.05,-15.84,-70.02,3825
Puno,2012-02-20,6.8,12.52,2.0,72.73,1.54,1.91,62.08,-15.84,-70.02,3825
Puno,2012-02-21,7.71,15.56,0.54,64.38,0.01,2.5,62.06,-15.84,-70.02,3825
Puno,2012-02-22,6.31,11.19,2.19,72.4,0.18,2.66,62.03,-15.84,-70.02,3825
Puno,2012-02-23,7.48,13.81,2.05,72.47,0.32,2.08,62.0,-15.84,-70.02,3825
Puno,2012-02-24,7.69,15.65,1.55,67.4,3.05,1.14,62.07,-15.84,-70.02,3825
Puno,2012-02-25,6.5,11.46,0.46,70.96,0.3,2.2,62.04,-15.84,-70.02,3825
Puno,2012-02-26,7.99,16.49,3.4,65.43,0.0,3.32,62.08,-15.84,-70.02,3825
Puno,2012-02-27,7.9,13.69,3.16,72.44,0.01,3.53,62.1,-15.84,-70.02,3825
Puno,2012-02-28,8.97,15.03,4.09,67.28,0.01,2.1,62.02,-15.84,-70.02,3825
Puno,2012-02-29,6.58,9.27,3.92,80.9,0.6,3.25,62.07,-15.84,-70.02,3825
Puno,2012-03-01,8.47,15.45,3.61,71.77,0.93,2.91,62.12,-15.84,-70.02,3825
Puno,2012-03-02,4.86,8.24,2.48,87.72,6.23,2.93,62.2,-15.84,-70.02,3825
Puno,2012-03-03,8.14,14.84,2.25,75.38,9.65,3.33,62.21,-15.84,-70.02,3825
Puno,2012-03-04,8.62,15.73,3.32,73.94,3.56,2.85,62.18,-15.84,-70.02,3825
Puno,2012-03-05,7.63,12.65,2.36,75.85,5.69,2.58,62.14,-15.84,-70.02,3825
Puno,2012-03-06,7.84,12.92,3.8,77.48,5.78,3.52,62.13,-15.84,-70.02,3825
Puno,2012-03-07,6.85,11.65,3.53,80.91,5.44,4.32,62.2,-15.84,-70.02,3825
Puno,2012-03-08,6.92,12.71,3.16,76.38,0.64,4.58,62.29,-15.84,-70.02,3825
Puno,2012-03-09,6.31,12.63,1.17,71.98,0.02,4.27,62.32,-15.84,-70.02,3825
Puno,2012-03-10,6.84,13.77,0.82,66.75,0.33,3.45,62.27,-15.84,-70.02,3825
Puno,2012-03-11,7.12,12.95,2.35,72.01,3.82,2.76,62.24,-15.84,-70.02,3825
Puno,2012-03-12,6.22,11.86,1.8,78.98,6.36,1.76,62.16,-15.84,-70.02,3825
Puno,2012-03-13,8.53,17.16,1.15,63.79,0.47,1.9,62.14,-15.84,-70.02,3825
Puno,2012-03-14,8.26,17.37,-1.31,57.84,0.06,2.0,62.18,-15.84,-70.02,3825
Puno,2012-03-15,8.65,13.95,4.58,74.07,2.12,3.21,62.32,-15.84,-70.02,3825
Puno,2012-03-16,8.55,14.08,4.64,74.95,4.72,2.87,62.33,-15.84,-70.02,3825
Puno,2012-03-17,9.56,15.97,4.12,66.06,2.26,2.3,62.29,-15.84,-70.02,3825
Puno,2012-03-18,10.08,16.12,5.84,67.59,0.49,2.37,62.22,-15.84,-70.02,3825
Puno,2012-03-19,10.0,15.48,5.69,66.5,0.01,2.38,62.18,-15.84,-70.02,3825
Puno,2012-03-20,9.19,15.92,5.59,70.01,1.32,2.24,62.21,-15.84,-70.02,3825
Puno,2012-03-21,9.19,16.33,4.41,66.44,0.16,2.89,62.26,-15.84,-70.02,3825
Puno,2012-03-22,10.15,16.77,5.49,60.08,0.0,1.55,62.17,-15.84,-70.02,3825
Puno,2012-03-23,10.15,17.39,5.24,60.13,0.01,2.62,62.11,-15.84,-70.02,3825
Puno,2012-03-24,8.07,12.85,5.01,76.13,0.0,3.88,62.22,-15.84,-70.02,3825
Puno,2012-03-25,8.62,15.12,3.83,69.0,0.01,3.36,62.22,-15.84,-70.02,3825
Puno,2012-03-26,8.34,13.36,4.38,74.99,9.22,2.48,62.18,-15.84,-70.02,3825
Puno,2012-03-27,5.3,9.12,2.28,84.81,6.77,3.43,62.24,-15.84,-70.02,3825
Puno,2012-03-28,6.88,10.82,3.28,75.62,5.96,2.1,62.25,-15.84,-70.02,3825
Puno,2012-03-29,7.42,10.82,4.97,77.71,0.73,1.91,62.26,-15.84,-70.02,3825
Puno,2012-03-30,6.62,10.4,3.59,78.31,4.53,3.05,62.44,-15.84,-70.02,3825
Puno,2012-03-31,7.11,12.69,3.39,76.83,1.31,2.47,62.45,-15.84,-70.02,3825
Puno,2012-04-01,6.77,11.06,3.71,78.26,0.71,1.4,62.32,-15.84,-70.02,3825
Puno,2012-04-02,8.16,14.68,2.54,72.21,0.02,2.32,62.25,-15.84,-70.02,3825
Puno,2012-04-03,6.38,10.0,3.1,84.01,1.81,3.14,62.27,-15.84,-70.02,3825
Puno,2012-04-04,7.55,13.07,3.17,77.24,7.07,3.0,62.2,-15.84,-70.02,3825
Puno,2012-04-05,7.43,13.82,2.83,73.49,1.25,1.59,62.23,-15.84,-70.02,3825
Puno,2012-04-06,8.08,14.89,1.77,69.15,0.21,1.94,62.31,-15.84,-70.02,3825
Puno,2012-04-07,7.78,11.96,3.74,75.95,0.05,2.6,62.29,-15.84,-70.02,3825
Puno,2012-04-08,8.03,12.48,4.71,75.4,0.01,2.28,62.19,-15.84,-70.02,3825
Puno,2012-04-09,8.63,13.23,5.85,73.3,9.08,1.9,62.08,-15.84,-70.02,3825
Puno,2012-04-10,7.6,12.64,3.5,76.7,7.56,2.2,62.12,-15.84,-70.02,3825
Puno,2012-04-11,6.71,12.1,3.1,79.15,2.94,3.75,62.26,-15.84,-70.02,3825
Puno,2012-04-12,7.02,13.25,2.45,78.33,5.38,2.52,62.29,-15.84,-70.02,3825
Puno,2012-04-13,7.64,14.95,1.39,71.34,1.71,1.85,62.25,-15.84,-70.02,3825
Puno,2012-04-14,7.49,12.48,3.42,74.83,0.15,2.32,62.22,-15.84,-70.02,3825
Puno,2012-04-15,7.21,13.88,2.65,76.98,10.25,2.78,62.23,-15.84,-70.02,3825
Puno,2012-04-16,7.35,14.04,2.12,77.36,7.9,2.54,62.28,-15.84,-70.02,3825
Puno,2012-04-17,7.74,13.1,3.6,76.82,0.68,3.52,62.35,-15.84,-70.02,3825
Puno,2012-04-18,7.88,13.21,3.64,78.99,2.69,2.94,62.34,-15.84,-70.02,3825
Puno,2012-04-19,8.67,14.32,4.59,75.49,0.36,2.64,62.3,-15.84,-70.02,3825
Puno,2012-04-20,8.73,14.55,3.97,71.5,0.0,2.25,62.27,-15.84,-70.02,3825
Puno,2012-04-21,8.77,13.95,5.42,74.12,0.02,2.81,62.32,-15.84,-70.02,3825
Puno,2012-04-22,6.97,13.31,3.96,79.36,0.01,2.51,62.38,-15.84,-70.02,3825
Puno,2012-04-23,6.82,13.76,2.14,74.57,1.17,2.13,62.29,-15.84,-70.02,3825
Puno,2012-04-24,7.18,14.14,2.34,72.54,2.88,1.43,62.18,-15.84,-70.02,3825
Puno,2012-04-25,6.76,13.29,1.43,67.64,1.35,2.56,62.15,-15.84,-70.02,3825
Puno,2012-04-26,6.2,15.52,-2.13,55.33,0.05,2.04,62.18,-15.84,-70.02,3825
Puno,2012-04-27,6.11,14.85,-0.7,53.63,0.07,3.49,62.14,-15.84,-70.02,3825
Puno,2012-04-28,5.15,15.74,-3.71,48.47,0.01,2.7,62.19,-15.84,-70.02,3825
Puno,2012-04-29,6.77,14.94,-1.52,48.09,0.03,1.66,62.22,-15.84,-70.02,3825
Puno,2012-04-30,7.29,14.42,0.85,62.5,0.01,2.31,62.28,-15.84,-70.02,3825
Puno,2012-05-01,6.63,12.45,2.92,75.78,0.0,2.46,62.26,-15.84,-70.02,3825
Puno,2012-05-02,6.91,12.47,2.85,70.84,0.0,2.03,62.28,-15.84,-70.02,3825
Puno,2012-05-03,7.16,13.27,2.25,71.14,0.0,2.25,62.35,-15.84,-70.02,3825
Puno,2012-05-04,8.29,14.88,3.93,65.16,0.0,2.14,62.33,-15.84,-70.02,3825
Puno,2012-05-05,7.68,13.78,3.65,70.01,0.0,2.05,62.37,-15.84,-70.02,3825
Puno,2012-05-06,7.15,12.98,3.26,71.07,0.0,2.13,62.39,-15.84,-70.02,3825
Puno,2012-05-07,7.43,13.47,3.46,64.57,0.0,2.09,62.4,-15.84,-70.02,3825
Puno,2012-05-08,6.38,12.5,2.18,63.12,0.0,2.32,62.37,-15.84,-70.02,3825
Puno,2012-05-09,7.52,14.63,2.34,53.15,0.0,1.45,62.22,-15.84,-70.02,3825
Puno,2012-05-10,7.33,16.22,-0.35,49.7,0.0,1.54,62.1,-15.84,-70.02,3825
Puno,2012-05-11,7.05,15.94,-0.33,48.35,0.0,2.27,62.13,-15.84,-70.02,3825
Puno,2012-05-12,6.57,13.71,1.01,62.77,0.09,2.66,62.14,-15.84,-70.02,3825
Puno,2012-05-13,4.66,13.85,-1.88,65.24,0.02,3.98,62.11,-15.84,-70.02,3825
Puno,2012-05-14,4.37,15.11,-3.59,56.26,0.02,2.66,62.15,-15.84,-70.02,3825
Puno,2012-05-15,4.85,14.78,-2.66,49.94,0.03,1.96,62.22,-15.84,-70.02,3825
Puno,2012-05-16,4.59,14.4,-2.59,36.64,0.0,1.85,62.21,-15.84,-70.02,3825
Puno,2012-05-17,5.33,14.2,-1.38,39.18,0.0,1.43,62.18,-15.84,-70.02,3825
Puno,2012-05-18,5.11,14.51,-1.79,41.37,0.0,2.32,62.16,-15.84,-70.02,3825
Puno,2012-05-19,5.5,14.42,-0.78,45.4,0.01,1.39,62.18,-15.84,-70.02,3825
Puno,2012-05-20,6.2,14.79,-0.74,47.83,0.0,0.99,62.23,-15.84,-70.02,3825
Puno,2012-05-21,6.85,13.36,1.19,58.7,0.0,1.38,62.32,-15.84,-70.02,3825
Puno,2012-05-22,6.8,14.89,0.11,49.14,0.0,1.81,62.28,-15.84,-70.02,3825
Puno,2012-05-23,5.87,15.1,-0.9,46.05,0.0,1.8,62.27,-15.84,-70.02,3825
Puno,2012-05-24,6.04,14.79,-0.84,49.16,0.02,1.28,62.32,-15.84,-70.02,3825
Puno,2012-05-25,5.23,14.16,-2.07,43.46,0.0,1.85,62.32,-15.84,-70.02,3825
Puno,2012-05-26,5.83,15.14,-2.14,34.75,0.0,1.31,62.33,-15.84,-70.02,3825
Puno,2012-05-27,5.71,13.59,-1.15,34.52,0.0,2.09,62.37,-15.84,-70.02,3825
Puno,2012-05-28,6.22,13.81,0.68,44.46,0.0,1.99,62.43,-15.84,-70.02,3825
Puno,2012-05-29,5.9,12.97,0.38,57.13,0.0,1.73,62.43,-15.84,-70.02,3825
Puno,2012-05-30,5.92,12.45,1.29,59.89,0.0,1.78,62.41,-15.84,-70.02,3825
Puno,2012-05-31,6.16,13.05,1.77,60.72,0.0,1.62,62.44,-15.84,-70.02,3825
Puno,2012-06-01,5.76,11.7,1.32,72.68,0.0,2.05,62.49,-15.84,-70.02,3825
Puno,2012-06-02,7.06,14.81,2.01,57.38,0.0,1.71,62.43,-15.84,-70.02,3825
Puno,2012-06-03,6.33,13.93,0.62,48.22,0.0,1.63,62.27,-15.84,-70.02,3825
Puno,2012-06-04,5.45,14.54,-1.8,42.83,0.06,1.57,62.11,-15.84,-70.02,3825
Puno,2012-06-05,4.64,13.54,-2.58,37.85,0.04,1.99,62.13,-15.84,-70.02,3825
Puno,2012-06-06,5.48,13.59,-1.9,43.63,0.05,1.6,62.21,-15.84,-70.02,3825
Puno,2012-06-07,5.66,13.1,1.55,65.82,0.01,2.12,62.25,-15.84,-70.02,3825
Puno,2012-06-08,3.84,10.44,-0.19,69.02,0.21,1.78,62.22,-15.84,-70.02,3825
Puno,2012-06-09,3.94,9.45,-1.18,65.41,0.78,1.38,62.22,-15.84,-70.02,3825
Puno,2012-06-10,5.55,11.7,1.0,52.98,0.02,1.67,62.28,-15.84,-70.02,3825
Puno,2012-06-11,5.68,12.14,0.86,65.9,0.0,1.87,62.24,-15.84,-70.02,3825
Puno,2012-06-12,5.0,11.61,-1.58,60.86,0.0,1.91,62.23,-15.84,-70.02,3825
Puno,2012-06-13,5.32,11.97,0.98,71.0,0.0,2.25,62.28,-15.84,-70.02,3825
Puno,2012-06-14,6.02,12.04,2.36,67.84,0.0,1.81,62.33,-15.84,-70.02,3825
Puno,2012-06-15,6.58,12.43,2.51,64.9,0.0,1.38,62.36,-15.84,-70.02,3825
Puno,2012-06-16,6.61,13.71,1.12,55.55,0.0,1.36,62.28,-15.84,-70.02,3825
Puno,2012-06-17,6.42,14.94,-1.43,49.67,0.01,1.69,62.17,-15.84,-70.02,3825
Puno,2012-06-18,6.73,15.74,-1.37,51.27,0.01,1.82,62.12,-15.84,-70.02,3825
Puno,2012-06-19,6.57,15.99,-0.87,62.16,0.02,3.43,62.17,-15.84,-70.02,3825
Puno,2012-06-20,4.93,14.61,-1.81,49.35,0.0,3.93,62.2,-15.84,-70.02,3825
Puno,2012-06-21,3.69,13.2,-3.15,38.52,0.02,3.53,62.23,-15.84,-70.02,3825
Puno,2012-06-22,4.76,12.87,-2.07,40.26,0.05,1.54,62.32,-15.84,-70.02,3825
Puno,2012-06-23,6.34,14.18,0.44,65.72,0.0,1.51,62.34,-15.84,-70.02,3825
Puno,2012-06-24,4.86,12.96,-1.21,53.05,0.0,1.46,62.42,-15.84,-70.02,3825
Puno,2012-06-25,3.84,10.88,-1.67,55.04,0.0,2.12,62.41,-15.84,-70.02,3825
Puno,2012-06-26,3.85,9.25,0.03,76.67,0.0,1.57,62.41,-15.84,-70.02,3825
Puno,2012-06-27,5.67,12.89,0.07,61.69,0.0,1.17,62.4,-15.84,-70.02,3825
Puno,2012-06-28,4.69,13.29,-2.8,44.7,0.0,1.69,62.39,-15.84,-70.02,3825
Puno,2012-06-29,5.25,12.95,-0.12,47.68,0.0,1.99,62.3,-15.84,-70.02,3825
Puno,2012-06-30,5.5,12.29,1.72,60.94,0.0,1.9,62.31,-15.84,-70.02,3825
Puno,2012-07-01,5.69,13.07,0.22,61.65,0.0,1.87,62.35,-15.84,-70.02,3825
Puno,2012-07-02,5.34,13.11,-1.14,61.25,0.0,2.13,62.32,-15.84,-70.02,3825
Puno,2012-07-03,5.2,11.71,1.08,70.76,0.01,2.54,62.22,-15.84,-70.02,3825
Puno,2012-07-04,5.71,13.34,-0.42,62.06,0.01,1.66,62.03,-15.84,-70.02,3825
Puno,2012-07-05,4.02,11.2,-1.29,54.84,0.05,2.84,61.97,-15.84,-70.02,3825
Puno,2012-07-06,4.38,12.88,-2.83,46.78,0.01,2.18,62.1,-15.84,-70.02,3825
Puno,2012-07-07,4.55,10.96,-1.29,57.85,0.24,2.28,62.25,-15.84,-70.02,3825
Puno,2012-07-08,4.39,10.32,0.26,76.66,0.03,1.51,62.23,-15.84,-70.02,3825
Puno,2012-07-09,5.64,13.57,-0.9,60.06,0.03,2.78,62.24,-15.84,-70.02,3825
Puno,2012-07-10,5.5,13.64,-1.35,47.04,0.0,2.17,62.31,-15.84,-70.02,3825
Puno,2012-07-11,5.88,14.83,-0.51,41.38,0.0,2.2,62.26,-15.84,-70.02,3825
Puno,2012-07-12,5.4,14.63,-2.29,49.18,0.0,2.71,62.26,-15.84,-70.02,3825
Puno,2012-07-13,6.55,14.31,2.06,67.58,0.0,1.88,62.32,-15.84,-70.02,3825
Puno,2012-07-14,7.49,14.03,3.92,68.15,0.0,2.09,62.36,-15.84,-70.02,3825
Puno,2012-07-15,7.6,15.22,1.83,57.21,0.0,1.3,62.32,-15.84,-70.02,3825
Puno,2012-07-16,4.76,14.16,-2.27,38.24,0.0,1.73,62.27,-15.84,-70.02,3825
Puno,2012-07-17,3.0,11.55,-3.32,37.57,0.0,1.89,62.32,-15.84,-70.02,3825
Puno,2012-07-18,4.13,11.79,-0.6,51.62,0.0,1.99,62.39,-15.84,-70.02,3825
Puno,2012-07-19,4.84,12.19,-1.74,48.47,0.0,1.97,62.42,-15.84,-70.02,3825
Puno,2012-07-20,5.21,12.85,-1.53,34.9,0.0,2.4,62.33,-15.84,-70.02,3825
Puno,2012-07-21,5.93,13.65,-0.57,31.96,0.0,1.75,62.3,-15.84,-70.02,3825
Puno,2012-07-22,5.49,12.83,0.92,38.97,0.0,1.99,62.34,-15.84,-70.02,3825
Puno,2012-07-23,5.47,14.35,-1.39,42.35,0.0,1.44,62.38,-15.84,-70.02,3825
Puno,2012-07-24,5.13,13.44,-2.79,33.73,0.0,1.88,62.38,-15.84,-70.02,3825
Puno,2012-07-25,6.26,13.3,1.37,54.46,0.0,1.54,62.3,-15.84,-70.02,3825
Puno,2012-07-26,6.2,14.34,-1.2,44.87,0.0,1.84,62.22,-15.84,-70.02,3825
Puno,2012-07-27,5.34,13.16,-0.89,57.03,0.11,2.03,62.3,-15.84,-70.02,3825
Puno,2012-07-28,5.36,12.21,-0.04,64.05,0.0,2.56,62.28,-15.84,-70.02,3825
Puno,2012-07-29,4.83,12.19,-0.68,66.16,0.0,2.0,62.25,-15.84,-70.02,3825
Puno,2012-07-30,5.29,12.0,-0.64,63.06,0.01,1.89,62.29,-15.84,-70.02,3825
Puno,2012-07-31,6.48,14.64,-0.62,58.05,0.0,2.02,62.38,-15.84,-70.02,3825
Puno,2012-08-01,6.6,13.31,1.38,63.12,0.0,1.9,62.36,-15.84,-70.02,3825
Puno,2012-08-02,6.89,15.39,-1.07,54.16,0.0,2.08,62.28,-15.84,-70.02,3825
Puno,2012-08-03,7.02,15.21,-0.74,58.26,0.02,2.45,62.31,-15.84,-70.02,3825
Puno,2012-08-04,6.95,13.01,2.42,65.73,0.13,2.41,62.48,-15.84,-70.02,3825
Puno,2012-08-05,5.99,13.24,0.35,64.81,0.0,2.64,62.58,-15.84,-70.02,3825
Puno,2012-08-06,6.66,13.86,0.11,47.46,0.0,1.86,62.52,-15.84,-70.02,3825
Puno,2012-08-07,6.9,14.73,1.03,36.53,0.0,2.15,62.42,-15.84,-70.02,3825
Puno,2012-08-08,6.1,14.15,-0.22,47.1,0.0,2.43,62.49,-15.84,-70.02,3825
Puno,2012-08-09,5.9,13.64,0.37,44.58,0.0,2.01,62.45,-15.84,-70.02,3825
Puno,2012-08-10,6.53,13.82,1.14,42.66,0.0,2.0,62.36,-15.84,-70.02,3825
Puno,2012-08-11,6.13,15.35,-1.61,36.02,0.0,2.27,62.28,-15.84,-70.02,3825
Puno,2012-08-12,5.55,14.36,-1.92,36.53,0.0,1.82,62.24,-15.84,-70.02,3825
Puno,2012-08-13,4.02,7.68,1.04,77.31,0.01,2.56,62.37,-15.84,-70.02,3825
Puno,2012-08-14,4.97,14.67,-2.16,51.6,0.0,2.44,62.23,-15.84,-70.02,3825
Puno,2012-08-15,4.97,13.79,-4.12,28.82,0.0,1.55,62.17,-15.84,-70.02,3825
Puno,2012-08-16,5.69,14.8,-1.89,42.69,0.05,2.87,62.17,-15.84,-70.02,3825
Puno,2012-08-17,4.33,13.61,-1.39,44.76,0.0,3.65,62.25,-15.84,-70.02,3825
Puno,2012-08-18,4.79,12.73,-2.98,41.19,0.0,2.24,62.32,-15.84,-70.02,3825
Puno,2012-08-19,4.55,10.19,-1.55,57.89,0.0,1.65,62.42,-15.84,-70.02,3825
Puno,2012-08-20,3.65,12.47,-4.85,34.04,0.0,2.45,62.41,-15.84,-70.02,3825
Puno,2012-08-21,4.87,11.99,-0.07,56.12,0.0,2.39,62.42,-15.84,-70.02,3825
Puno,2012-08-22,6.76,13.9,0.55,63.51,0.0,2.07,62.36,-15.84,-70.02,3825
Puno,2012-08-23,7.47,14.98,-0.11,58.56,0.55,1.7,62.27,-15.84,-70.02,3825
Puno,2012-08-24,7.15,12.93,1.56,72.19,0.02,2.69,62.24,-15.84,-70.02,3825
Puno,2012-08-25,5.51,9.99,2.23,81.35,13.79,3.09,62.3,-15.84,-70.02,3825
Puno,2012-08-26,6.93,14.07,1.07,69.75,0.38,1.97,62.34,-15.84,-70.02,3825
Puno,2012-08-27,8.1,16.75,2.59,56.54,0.0,1.09,62.33,-15.84,-70.02,3825
Puno,2012-08-28,6.25,13.78,1.32,49.12,0.02,2.49,62.38,-15.84,-70.02,3825
Puno,2012-08-29,5.49,13.3,0.17,52.89,0.05,3.09,62.4,-15.84,-70.02,3825
Puno,2012-08-30,5.26,12.85,0.19,36.17,0.0,2.75,62.41,-15.84,-70.02,3825
Puno,2012-08-31,5.75,13.33,0.94,45.22,0.0,2.7,62.41,-15.84,-70.02,3825
Puno,2012-09-01,5.99,13.39,1.02,55.32,0.0,2.61,62.38,-15.84,-70.02,3825
Puno,2012-09-02,6.93,14.31,0.93,65.48,0.0,3.2,62.38,-15.84,-70.02,3825
Puno,2012-09-03,6.05,11.64,1.7,72.94,0.0,2.95,62.53,-15.84,-70.02,3825
Puno,2012-09-04,6.75,12.88,2.22,71.25,0.0,2.77,62.5,-15.84,-70.02,3825
Puno,2012-09-05,7.52,14.38,3.09,64.32,0.0,2.74,62.51,-15.84,-70.02,3825
Puno,2012-09-06,8.45,16.14,3.47,66.3,0.01,2.64,62.41,-15.84,-70.02,3825
Puno,2012-09-07,9.14,16.28,3.58,61.73,0.01,2.66,62.36,-15.84,-70.02,3825
Puno,2012-09-08,9.45,15.51,5.46,64.06,0.0,2.86,62.44,-15.84,-70.02,3825
Puno,2012-09-09,7.5,11.09,5.25,74.96,0.36,3.28,62.51,-15.84,-70.02,3825
Puno,2012-09-10,8.94,15.38,4.79,62.97,0.01,3.05,62.47,-15.84,-70.02,3825
Puno,2012-09-11,8.37,15.43,3.88,63.44,0.0,2.61,62.4,-15.84,-70.02,3825
Puno,2012-09-12,8.3,14.82,3.44,59.96,0.0,3.49,62.38,-15.84,-70.02,3825
Puno,2012-09-13,6.13,12.74,0.75,66.11,0.0,4.08,62.47,-15.84,-70.02,3825
Puno,2012-09-14,6.33,12.78,0.88,59.34,0.0,3.16,62.46,-15.84,-70.02,3825
Puno,2012-09-15,7.08,12.22,3.45,62.68,0.0,2.08,62.39,-15.84,-70.02,3825
Puno,2012-09-16,8.58,15.22,3.93,56.24,0.11,2.54,62.33,-15.84,-70.02,3825
Puno,2012-09-17,8.97,15.33,3.64,58.32,0.02,1.99,62.32,-15.84,-70.02,3825
Puno,2012-09-18,9.44,18.31,2.35,39.93,0.0,1.65,62.26,-15.84,-70.02,3825
Puno,2012-09-19,8.38,17.01,-0.96,33.65,0.01,1.83,62.22,-15.84,-70.02,3825
Puno,2012-09-20,7.68,17.33,-1.07,30.97,0.12,3.86,62.09,-15.84,-70.02,3825
Puno,2012-09-21,6.39,15.15,-2.48,40.82,0.53,2.59,62.18,-15.84,-70.02,3825
Puno,2012-09-22,9.18,17.09,3.28,57.01,0.01,1.6,62.24,-15.84,-70.02,3825
Puno,2012-09-23,9.57,17.49,2.21,34.45,0.0,0.91,62.23,-15.84,-70.02,3825
Puno,2012-09-24,8.65,16.45,0.25,46.76,0.0,2.74,62.24,-15.84,-70.02,3825
Puno,2012-09-25,8.61,14.99,3.46,64.5,0.03,4.54,62.33,-15.84,-70.02,3825
Puno,2012-09-26,7.22,13.78,2.12,67.33,0.04,4.86,62.4,-15.84,-70.02,3825
Puno,2012-09-27,5.53,11.16,1.4,71.54,0.11,1.96,62.38,-15.84,-70.02,3825
Puno,2012-09-28,8.93,16.18,2.63,49.06,0.01,2.21,62.28,-15.84,-70.02,3825
Puno,2012-09-29,8.36,14.03,3.77,56.47,0.0,2.94,62.35,-15.84,-70.02,3825
Puno,2012-09-30,8.56,14.71,3.55,58.14,0.0,2.06,62.29,-15.84,-70.02,3825
Puno,2012-10-01,9.43,15.77,4.35,48.67,0.0,1.92,62.17,-15.84,-70.02,3825
Puno,2012-10-02,8.17,17.38,0.43,35.59,0.0,2.15,62.2,-15.84,-70.02,3825
Puno,2012-10-03,8.15,16.48,-0.7,36.71,0.0,2.36,62.28,-15.84,-70.02,3825
Puno,2012-10-04,9.25,16.42,3.43,54.02,0.05,1.88,62.23,-15.84,-70.02,3825
Puno,2012-10-05,8.27,16.58,1.16,33.75,0.0,2.15,62.07,-15.84,-70.02,3825
Puno,2012-10-06,7.95,15.26,1.78,36.67,0.0,2.4,62.06,-15.84,-70.02,3825
Puno,2012-10-07,8.66,16.53,0.48,40.96,0.0,1.75,62.18,-15.84,-70.02,3825
Puno,2012-10-08,9.28,15.38,4.66,60.03,0.47,1.73,62.27,-15.84,-70.02,3825
Puno,2012-10-09,9.66,18.11,1.95,39.41,0.04,1.57,62.24,-15.84,-70.02,3825
Puno,2012-10-10,9.38,14.75,4.59,47.97,1.04,2.32,62.15,-15.84,-70.02,3825
Puno,2012-10-11,8.07,14.59,0.9,45.35,0.27,2.12,62.14,-15.84,-70.02,3825
Puno,2012-10-12,9.7,16.25,4.67,54.31,0.0,2.66,62.21,-15.84,-70.02,3825
Puno,2012-10-13,9.04,14.92,4.35,64.74,0.0,3.59,62.27,-15.84,-70.02,3825
Puno,2012-10-14,9.56,16.39,4.54,61.88,0.0,1.73,62.27,-15.84,-70.02,3825
Puno,2012-10-15,11.2,19.11,3.91,40.99,0.0,1.72,62.2,-15.84,-70.02,3825
Puno,2012-10-16,10.21,17.11,4.08,56.6,0.01,3.76,62.27,-15.84,-70.02,3825
Puno,2012-10-17,10.18,16.88,5.62,59.41,0.03,3.06,62.29,-15.84,-70.02,3825
Puno,2012-10-18,9.78,15.84,3.79,59.99,0.0,3.48,62.29,-15.84,-70.02,3825
Puno,2012-10-19,10.59,17.02,5.01,55.56,0.0,2.59,62.17,-15.84,-70.02,3825
Puno,2012-10-20,10.14,15.09,6.36,60.08,0.0,1.86,62.17,-15.84,-70.02,3825
Puno,2012-10-21,10.37,17.8,4.51,52.36,0.0,1.66,62.12,-15.84,-70.02,3825
Puno,2012-10-22,10.73,19.81,1.41,32.5,0.0,1.41,62.05,-15.84,-70.02,3825
Puno,2012-10-23,11.35,18.58,4.94,40.79,0.0,3.04,62.09,-15.84,-70.02,3825
Puno,2012-10-24,10.65,17.16,4.97,59.18,0.0,4.41,62.18,-15.84,-70.02,3825
Puno,2012-10-25,10.93,17.99,4.88,58.33,0.0,3.61,62.22,-15.84,-70.02,3825
Puno,2012-10-26,10.12,15.39,5.23,62.62,0.0,3.85,62.26,-15.84,-70.02,3825
Puno,2012-10-27,9.32,14.76,6.07,66.24,0.12,4.33,62.31,-15.84,-70.02,3825
Puno,2012-10-28,9.81,16.12,4.97,63.27,0.02,4.31,62.31,-15.84,-70.02,3825
Puno,2012-10-29,9.88,16.62,5.41,66.23,1.27,4.22,62.31,-15.84,-70.02,3825
Puno,2012-10-30,10.07,16.94,5.33,60.94,0.26,4.07,62.28,-15.84,-70.02,3825
Puno,2012-10-31,10.01,16.41,5.04,59.11,4.11,2.71,62.24,-15.84,-70.02,3825
Puno,2012-11-01,8.41,13.3,4.23,64.86,1.6,1.57,62.22,-15.84,-70.02,3825
Puno,2012-11-02,10.21,18.97,1.52,47.51,0.16,2.23,62.15,-15.84,-70.02,3825
Puno,2012-11-03,7.82,12.75,4.75,70.52,0.02,2.94,62.21,-15.84,-70.02,3825
Puno,2012-11-04,10.29,16.98,4.63,55.49,0.0,2.44,62.18,-15.84,-70.02,3825
Puno,2012-11-05,6.15,9.73,3.63,73.67,1.11,2.85,62.12,-15.84,-70.02,3825
Puno,2012-11-06,9.89,18.16,1.78,54.85,1.93,1.52,62.04,-15.84,-70.02,3825
Puno,2012-11-07,10.45,19.54,1.13,39.14,0.03,1.35,62.04,-15.84,-70.02,3825
Puno,2012-11-08,10.24,17.19,3.13,49.22,0.0,2.75,62.04,-15.84,-70.02,3825
Puno,2012-11-09,10.99,19.91,1.77,34.45,0.0,2.59,62.01,-15.84,-70.02,3825
Puno,2012-11-10,10.74,18.69,3.08,46.06,0.0,3.54,62.15,-15.84,-70.02,3825
Puno,2012-11-11,10.84,18.24,4.02,52.04,0.0,3.62,62.33,-15.84,-70.02,3825
Puno,2012-11-12,9.74,15.64,5.03,62.51,0.0,3.69,62.38,-15.84,-70.02,3825
Puno,2012-11-13,10.36,18.15,4.39,53.41,0.0,3.38,62.33,-15.84,-70.02,3825
Puno,2012-11-14,10.7,16.82,5.18,53.72,0.0,3.08,62.27,-15.84,-70.02,3825
Puno,2012-11-15,11.16,18.3,5.42,48.42,0.14,2.6,62.14,-15.84,-70.02,3825
Puno,2012-11-16,8.48,12.88,5.3,62.68,0.22,3.37,62.17,-15.84,-70.02,3825
Puno,2012-11-17,9.45,16.17,3.71,61.09,1.39,3.68,62.29,-15.84,-70.02,3825
Puno,2012-11-18,8.1,13.88,4.07,69.84,0.2,2.87,62.28,-15.84,-70.02,3825
Puno,2012-11-19,8.49,14.71,3.85,63.84,1.93,2.64,62.22,-15.84,-70.02,3825
Puno,2012-11-20,8.47,14.91,3.78,62.7,3.25,3.18,62.18,-15.84,-70.02,3825
Puno,2012-11-21,8.3,14.69,4.09,63.47,5.36,2.84,62.2,-15.84,-70.02,3825
Puno,2012-11-22,10.61,19.73,2.69,39.6,0.31,1.92,62.12,-15.84,-70.02,3825
Puno,2012-11-23,10.34,19.77,1.61,33.4,0.02,1.57,62.12,-15.84,-70.02,3825
Puno,2012-11-24,11.42,20.07,3.67,42.56,0.28,1.77,62.12,-15.84,-70.02,3825
Puno,2012-11-25,9.92,15.41,4.81,64.37,0.11,2.75,62.2,-15.84,-70.02,3825
Puno,2012-11-26,10.8,16.82,5.96,61.77,0.0,3.1,62.29,-15.84,-70.02,3825
Puno,2012-11-27,11.81,18.9,4.03,44.69,0.0,2.56,62.23,-15.84,-70.02,3825
Puno,2012-11-28,9.9,16.46,4.61,50.94,0.0,2.13,62.16,-15.84,-70.02,3825
Puno,2012-11-29,9.99,18.33,3.88,34.43,0.0,2.42,62.19,-15.84,-70.02,3825
Puno,2012-11-30,8.82,13.77,4.59,60.75,3.54,3.86,62.23,-15.84,-70.02,3825
Puno,2012-12-01,9.22,15.58,5.21,63.07,0.38,5.14,62.29,-15.84,-70.02,3825
Puno,2012-12-02,9.43,15.42,4.49,64.65,2.15,4.2,62.23,-15.84,-70.02,3825
Puno,2012-12-03,10.03,16.35,5.23,64.87,3.41,3.67,62.2,-15.84,-70.02,3825
Puno,2012-12-04,10.07,15.54,6.04,65.73,0.29,3.26,62.17,-15.84,-70.02,3825
Puno,2012-12-05,9.42,14.22,5.96,72.06,7.02,5.19,62.11,-15.84,-70.02,3825
Puno,2012-12-06,10.7,15.48,5.99,58.83,1.01,2.1,61.99,-15.84,-70.02,3825
Puno,2012-12-07,10.53,16.49,6.05,63.87,0.31,3.19,62.02,-15.84,-70.02,3825
Puno,2012-12-08,10.41,16.14,6.0,61.24,0.23,3.55,62.19,-15.84,-70.02,3825
Puno,2012-12-09,9.62,14.13,6.43,71.03,10.08,4.3,62.25,-15.84,-70.02,3825
Puno,2012-12-10,9.04,15.22,2.88,71.86,9.24,2.51,62.13,-15.84,-70.02,3825
Puno,2012-12-11,10.27,15.5,5.37,64.81,3.3,2.47,62.04,-15.84,-70.02,3825
Puno,2012-12-12,9.44,14.31,5.74,65.62,1.7,2.33,62.02,-15.84,-70.02,3825
Puno,2012-12-13,8.54,14.49,4.23,63.55,9.17,2.81,62.03,-15.84,-70.02,3825
Puno,2012-12-14,6.99,13.56,1.33,73.81,10.56,2.03,62.05,-15.84,-70.02,3825
Puno,2012-12-15,8.35,13.36,5.3,78.36,2.62,3.68,62.04,-15.84,-70.02,3825
Puno,2012-12-16,9.56,14.82,6.12,72.49,2.82,3.92,62.07,-15.84,-70.02,3825
Puno,2012-12-17,10.37,15.99,6.2,69.5,1.5,3.52,62.01,-15.84,-70.02,3825
Puno,2012-12-18,6.97,13.03,3.59,76.82,11.49,3.15,62.03,-15.84,-70.02,3825
Puno,2012-12-19,8.97,16.11,3.13,65.17,3.07,2.19,62.02,-15.84,-70.02,3825
Puno,2012-12-20,9.44,16.1,2.42,59.78,0.0,2.22,62.05,-15.84,-70.02,3825
Puno,2012-12-21,7.66,14.53,2.47,69.24,0.74,2.67,62.1,-15.84,-70.02,3825
Puno,2012-12-22,7.55,12.6,2.45,73.86,1.27,4.8,62.28,-15.84,-70.02,3825
Puno,2012-12-23,9.26,15.41,4.6,66.79,0.83,4.09,62.26,-15.84,-70.02,3825
Puno,2012-12-24,10.04,15.94,4.96,64.09,0.25,3.18,62.17,-15.84,-70.02,3825
Puno,2012-12-25,10.61,17.66,5.41,64.95,0.29,2.62,62.04,-15.84,-70.02,3825
Puno,2012-12-26,8.74,15.96,3.23,69.83,7.81,2.64,62.07,-15.84,-70.02,3825
Puno,2012-12-27,8.01,14.69,2.58,69.01,5.2,1.14,62.05,-15.84,-70.02,3825
Puno,2012-12-28,8.99,14.69,4.59,53.9,0.68,1.35,61.99,-15.84,-70.02,3825
Puno,2012-12-29,9.24,13.87,5.37,61.78,0.3,1.28,62.05,-15.84,-70.02,3825
Puno,2012-12-30,10.53,17.51,3.62,46.63,1.27,1.68,62.13,-15.84,-70.02,3825
Puno,2012-12-31,8.82,13.41,4.14,61.21,1.11,2.6,62.21,-15.84,-70.02,3825
Puno,2013-01-01,9.48,14.33,5.78,64.03,2.65,2.87,62.22,-15.84,-70.02,3825
Puno,2013-01-02,6.58,9.39,3.6,80.59,2.91,2.67,62.28,-15.84,-70.02,3825
Puno,2013-01-03,8.26,13.26,3.95,70.35,0.0,2.64,62.36,-15.84,-70.02,3825
Puno,2013-01-04,8.66,12.74,5.4,70.41,1.35,3.16,62.39,-15.84,-70.02,3825
Puno,2013-01-05,8.44,15.21,2.4,70.96,8.61,3.09,62.27,-15.84,-70.02,3825
Puno,2013-01-06,8.62,16.48,3.16,65.25,5.69,1.99,62.14,-15.84,-70.02,3825
Puno,2013-01-07,10.43,17.78,3.73,52.23,2.44,1.68,62.1,-15.84,-70.02,3825
Puno,2013-01-08,10.13,15.26,6.95,60.85,0.34,1.56,62.18,-15.84,-70.02,3825
Puno,2013-01-09,8.93,14.61,4.57,69.89,1.74,2.79,62.28,-15.84,-70.02,3825
Puno,2013-01-10,8.86,14.83,3.89,71.42,10.75,1.91,62.32,-15.84,-70.02,3825
Puno,2013-01-11,9.08,14.26,5.03,70.87,5.06,3.14,62.2,-15.84,-70.02,3825
Puno,2013-01-12,8.79,14.48,3.96,70.05,7.52,2.29,62.08,-15.84,-70.02,3825
Puno,2013-01-13,8.59,12.87,4.87,72.79,3.27,2.49,62.18,-15.84,-70.02,3825
Puno,2013-01-14,9.17,14.91,4.19,69.72,1.48,3.25,62.19,-15.84,-70.02,3825
Puno,2013-01-15,9.09,14.91,4.72,67.03,0.63,3.42,62.1,-15.84,-70.02,3825
Puno,2013-01-16,9.94,16.03,5.03,66.44,1.92,3.49,62.01,-15.84,-70.02,3825
Puno,2013-01-17,7.76,12.14,3.1,73.57,9.78,3.08,62.18,-15.84,-70.02,3825
Puno,2013-01-18,8.93,15.44,3.43,70.32,5.57,1.43,62.22,-15.84,-70.02,3825
Puno,2013-01-19,5.3,7.94,2.16,80.44,10.3,1.5,62.24,-15.84,-70.02,3825
Puno,2013-01-20,8.4,15.08,3.69,63.26,3.71,1.3,62.17,-15.84,-70.02,3825
Puno,2013-01-21,8.63,13.32,4.6,64.0,0.78,1.82,62.2,-15.84,-70.02,3825
Puno,2013-01-22,8.6,16.1,4.13,60.76,2.37,2.51,62.33,-15.84,-70.02,3825
Puno,2013-01-23,8.66,13.8,4.95,62.75,5.06,1.83,62.37,-15.84,-70.02,3825
Puno,2013-01-24,9.92,17.26,4.05,46.81,5.4,1.88,62.29,-15.84,-70.02,3825
Puno,2013-01-25,9.76,16.77,4.34,55.16,0.82,3.13,62.28,-15.84,-70.02,3825
Puno,2013-01-26,6.78,11.78,3.05,78.41,5.08,3.09,62.3,-15.84,-70.02,3825
Puno,2013-01-27,8.61,15.8,2.09,65.49,0.75,2.51,62.38,-15.84,-70.02,3825
Puno,2013-01-28,9.27,14.93,3.65,66.78,0.02,3.23,62.4,-15.84,-70.02,3825
Puno,2013-01-29,7.71,14.39,3.09,73.52,7.68,2.48,62.37,-15.84,-70.02,3825
Puno,2013-01-30,7.92,13.67,2.98,74.89,4.98,2.56,62.27,-15.84,-70.02,3825
Puno,2013-01-31,9.24,15.67,4.26,69.2,0.85,2.25,62.15,-15.84,-70.02,3825
Puno,2013-02-01,9.58,18.0,2.94,54.98,5.26,2.61,62.23,-15.84,-70.02,3825
Puno,2013-02-02,8.36,16.63,3.21,65.04,1.04,3.56,62.36,-15.84,-70.02,3825
Puno,2013-02-03,7.79,11.78,4.02,78.43,4.33,4.05,62.39,-15.84,-70.02,3825
Puno,2013-02-04,8.73,14.2,4.7,72.11,2.25,4.5,62.3,-15.84,-70.02,3825
Puno,2013-02-05,9.27,15.54,4.46,68.92,1.28,4.03,62.26,-15.84,-70.02,3825
Puno,2013-02-06,8.74,14.58,3.75,74.91,16.98,1.95,62.21,-15.84,-70.02,3825
Puno,2013-02-07,7.78,15.23,2.01,74.98,2.67,1.97,62.15,-15.84,-70.02,3825
Puno,2013-02-08,10.06,16.9,4.03,60.85,8.15,1.31,62.06,-15.84,-70.02,3825
Puno,2013-02-09,8.9,14.46,4.74,72.7,10.36,2.04,62.07,-15.84,-70.02,3825
Puno,2013-02-10,8.01,14.97,2.0,71.68,4.03,1.99,62.06,-15.84,-70.02,3825
Puno,2013-02-11,8.98,18.21,1.44,60.6,7.17,1.66,62.0,-15.84,-70.02,3825
Puno,2013-02-12,8.98,17.17,1.07,61.04,3.08,1.64,61.98,-15.84,-70.02,3825
Puno,2013-02-13,9.39,18.2,1.46,55.19,5.62,1.75,62.0,-15.84,-70.02,3825
Puno,2013-02-14,9.29,16.22,3.3,64.96,2.67,2.54,62.1,-15.84,-70.02,3825
Puno,2013-02-15,6.74,9.35,4.74,84.67,4.69,2.89,62.21,-15.84,-70.02,3825
Puno,2013-02-16,8.63,16.21,2.45,72.53,2.77,1.69,62.14,-15.84,-70.02,3825
Puno,2013-02-17,8.54,15.55,2.72,69.28,0.53,2.08,62.18,-15.84,-70.02,3825
Puno,2013-02-18,9.76,15.42,6.16,68.31,0.87,4.1,62.19,-15.84,-70.02,3825
Puno,2013-02-19,8.87,14.56,4.51,73.08,5.23,3.78,62.2,-15.84,-70.02,3825
Puno,2013-02-20,9.22,14.78,4.92,75.13,5.69,3.06,62.13,-15.84,-70.02,3825
Puno,2013-02-21,9.04,14.37,5.11,76.6,4.43,3.99,62.18,-15.84,-70.02,3825
Puno,2013-02-22,8.69,13.41,5.28,78.77,2.74,4.91,62.33,-15.84,-70.02,3825
Puno,2013-02-23,9.37,15.73,5.1,73.24,0.2,3.46,62.32,-15.84,-70.02,3825
Puno,2013-02-24,10.58,17.21,5.54,66.13,0.0,2.77,62.23,-15.84,-70.02,3825
Puno,2013-02-25,10.76,16.26,7.2,69.24,1.38,2.58,62.16,-15.84,-70.02,3825
Puno,2013-02-26,10.33,16.96,4.96,65.96,0.37,3.05,62.25,-15.84,-70.02,3825
Puno,2013-02-27,9.6,15.13,5.8,72.44,2.81,3.93,62.3,-15.84,-70.02,3825
Puno,2013-02-28,9.22,14.23,5.64,76.15,4.62,3.83,62.26,-15.84,-70.02,3825
Puno,2013-03-01,9.91,15.59,5.73,70.19,0.69,3.24,62.23,-15.84,-70.02,3825
Puno,2013-03-02,10.05,15.03,6.05,71.46,0.11,3.39,62.25,-15.84,-70.02,3825
Puno,2013-03-03,9.69,15.38,5.63,73.07,0.08,4.01,62.42,-15.84,-70.02,3825
Puno,2013-03-04,9.67,15.89,4.66,69.96,1.95,3.11,62.41,-15.84,-70.02,3825
Puno,2013-03-05,9.85,16.31,4.46,67.08,0.96,2.86,62.34,-15.84,-70.02,3825
Puno,2013-03-06,10.33,15.8,5.8,71.27,0.63,2.45,62.29,-15.84,-70.02,3825
Puno,2013-03-07,8.46,11.12,6.47,81.82,9.55,3.57,62.37,-15.84,-70.02,3825
Puno,2013-03-08,9.45,15.38,4.75,71.57,0.96,3.32,62.4,-15.84,-70.02,3825
Puno,2013-03-09,9.76,15.22,4.92,71.96,7.86,2.33,62.34,-15.84,-70.02,3825
Puno,2013-03-10,9.5,15.4,4.36,70.49,2.69,2.08,62.27,-15.84,-70.02,3825
Puno,2013-03-11,8.06,12.3,4.8,77.63,13.09,2.13,62.17,-15.84,-70.02,3825
Puno,2013-03-12,8.96,15.35,4.84,72.29,1.16,2.19,62.21,-15.84,-70.02,3825
Puno,2013-03-13,8.53,14.09,3.06,66.52,0.44,2.09,62.21,-15.84,-70.02,3825
Puno,2013-03-14,10.14,17.86,4.25,60.89,0.14,2.16,62.18,-15.84,-70.02,3825
Puno,2013-03-15,8.17,11.32,6.01,79.25,0.69,2.79,62.27,-15.84,-70.02,3825
Puno,2013-03-16,8.5,13.53,4.68,76.14,1.48,3.49,62.31,-15.84,-70.02,3825
Puno,2013-03-17,8.32,13.77,4.06,74.51,4.31,1.83,62.34,-15.84,-70.02,3825
Puno,2013-03-18,9.25,14.5,5.02,70.31,1.63,1.75,62.27,-15.84,-70.02,3825
Puno,2013-03-19,10.22,17.68,3.04,60.45,0.0,1.12,62.14,-15.84,-70.02,3825
Puno,2013-03-20,8.7,18.36,-1.38,52.24,0.0,1.67,62.14,-15.84,-70.02,3825
Puno,2013-03-21,9.81,16.07,4.6,67.34,0.01,2.7,62.2,-15.84,-70.02,3825
Puno,2013-03-22,9.75,15.98,5.18,65.47,2.12,2.01,62.3,-15.84,-70.02,3825
Puno,2013-03-23,9.36,17.91,1.83,57.34,0.18,1.32,62.24,-15.84,-70.02,3825
Puno,2013-03-24,8.17,17.79,0.6,50.0,0.02,2.46,62.08,-15.84,-70.02,3825
Puno,2013-03-25,7.25,17.61,-2.07,44.4,0.12,1.61,62.06,-15.84,-70.02,3825
Puno,2013-03-26,8.67,16.78,1.63,59.46,0.09,2.35,62.22,-15.84,-70.02,3825
Puno,2013-03-27,7.53,13.37,3.42,72.29,0.0,2.68,62.3,-15.84,-70.02,3825
Puno,2013-03-28,8.3,15.02,2.59,64.74,0.0,1.48,62.26,-15.84,-70.02,3825
Puno,2013-03-29,8.67,15.94,2.76,62.2,0.0,1.4,62.26,-15.84,-70.02,3825
Puno,2013-03-30,9.5,18.07,0.78,53.21,0.0,1.26,62.27,-15.84,-70.02,3825
Puno,2013-03-31,10.49,17.78,4.24,54.48,0.0,1.32,62.27,-15.84,-70.02,3825
Puno,2013-04-01,10.51,16.99,5.05,59.17,0.0,1.42,62.31,-15.84,-70.02,3825
Puno,2013-04-02,9.62,15.13,4.81,63.3,0.06,2.19,62.34,-15.84,-70.02,3825
Puno,2013-04-03,10.08,14.71,6.57,65.11,5.42,1.38,62.28,-15.84,-70.02,3825
Puno,2013-04-04,8.72,17.34,1.29,58.95,0.64,1.61,62.24,-15.84,-70.02,3825
Puno,2013-04-05,9.33,16.2,2.83,54.08,0.01,1.59,62.29,-15.84,-70.02,3825
Puno,2013-04-06,8.54,15.67,1.93,65.71,0.07,1.97,62.3,-15.84,-70.02,3825
Puno,2013-04-07,8.87,13.75,4.85,65.79,0.26,2.31,62.29,-15.84,-70.02,3825
Puno,2013-04-08,9.95,16.95,4.27,55.76,0.16,1.42,62.24,-15.84,-70.02,3825
Puno,2013-04-09,8.25,13.83,3.3,67.29,0.01,2.1,62.27,-15.84,-70.02,3825
Puno,2013-04-10,10.15,17.93,3.38,47.46,0.0,1.22,62.18,-15.84,-70.02,3825
Puno,2013-04-11,8.73,18.38,0.06,43.19,0.03,2.07,62.11,-15.84,-70.02,3825
Puno,2013-04-12,8.05,18.17,0.41,40.03,0.0,2.46,62.19,-15.84,-70.02,3825
Puno,2013-04-13,7.23,15.72,-1.24,37.65,0.04,1.53,62.27,-15.84,-70.02,3825
Puno,2013-04-14,8.21,14.29,2.98,52.41,0.0,1.67,62.31,-15.84,-70.02,3825
Puno,2013-04-15,8.64,17.29,1.39,41.94,0.0,0.97,62.35,-15.84,-70.02,3825
Puno,2013-04-16,8.28,15.84,1.04,42.8,0.0,1.66,62.34,-15.84,-70.02,3825
Puno,2013-04-17,6.89,13.02,1.92,69.99,1.3,2.72,62.33,-15.84,-70.02,3825
Puno,2013-04-18,6.56,12.17,2.32,65.25,0.19,2.44,62.29,-15.84,-70.02,3825
Puno,2013-04-19,6.65,12.16,2.15,56.4,1.27,1.64,62.34,-15.84,-70.02,3825
Puno,2013-04-20,8.12,15.18,1.51,48.85,0.21,1.5,62.35,-15.84,-70.02,3825
Puno,2013-04-21,6.85,14.02,0.26,56.23,0.0,2.45,62.37,-15.84,-70.02,3825
Puno,2013-04-22,7.76,14.31,2.99,57.19,0.0,2.42,62.38,-15.84,-70.02,3825
Puno,2013-04-23,7.09,13.99,1.76,68.35,0.0,2.63,62.36,-15.84,-70.02,3825
Puno,2013-04-24,7.16,14.51,1.46,61.02,0.0,2.65,62.36,-15.84,-70.02,3825
Puno,2013-04-25,8.46,16.32,3.08,50.25,0.0,1.61,62.33,-15.84,-70.02,3825
Puno,2013-04-26,7.64,17.41,-1.58,41.65,0.0,2.29,62.28,-15.84,-70.02,3825
Puno,2013-04-27,7.7,17.83,-0.92,39.35,0.0,1.4,62.19,-15.84,-70.02,3825
Puno,2013-04-28,8.22,15.43,3.05,59.5,0.0,2.32,62.21,-15.84,-70.02,3825
Puno,2013-04-29,8.71,15.07,5.01,72.79,0.0,2.64,62.28,-15.84,-70.02,3825
Puno,2013-04-30,8.65,14.93,4.69,67.19,0.0,2.32,62.34,-15.84,-70.02,3825
Puno,2013-05-01,8.03,13.87,3.25,68.89,0.0,2.41,62.37,-15.84,-70.02,3825
Puno,2013-05-02,7.71,14.93,1.62,58.7,0.01,2.06,62.4,-15.84,-70.02,3825
Puno,2013-05-03,7.67,13.67,1.72,58.26,0.0,1.81,62.35,-15.84,-70.02,3825
Puno,2013-05-04,8.67,14.73,3.33,62.93,0.01,1.24,62.31,-15.84,-70.02,3825
Puno,2013-05-05,7.47,14.48,0.26,64.76,0.01,2.68,62.41,-15.84,-70.02,3825
Puno,2013-05-06,8.66,14.67,3.7,66.86,0.0,1.64,62.47,-15.84,-70.02,3825
Puno,2013-05-07,7.9,13.68,3.66,68.4,0.0,3.05,62.52,-15.84,-70.02,3825
Puno,2013-05-08,8.74,16.3,1.94,55.57,0.0,1.48,62.47,-15.84,-70.02,3825
Puno,2013-05-09,8.64,16.29,1.61,53.23,0.0,1.74,62.41,-15.84,-70.02,3825
Puno,2013-05-10,8.58,16.57,0.83,50.46,0.0,2.08,62.33,-15.84,-70.02,3825
Puno,2013-05-11,8.82,16.8,1.36,46.51,0.0,1.56,62.27,-15.84,-70.02,3825
Puno,2013-05-12,7.66,14.18,2.82,62.36,0.01,1.92,62.24,-15.84,-70.02,3825
Puno,2013-05-13,7.99,14.63,2.4,59.41,0.0,1.78,62.26,-15.84,-70.02,3825
Puno,2013-05-14,9.05,15.43,4.73,59.82,0.0,1.35,62.28,-15.84,-70.02,3825
Puno,2013-05-15,7.09,12.33,3.25,67.78,0.32,1.79,62.28,-15.84,-70.02,3825
Puno,2013-05-16,6.21,12.31,1.28,76.36,0.32,2.9,62.23,-15.84,-70.02,3825
Puno,2013-05-17,7.26,13.24,4.25,78.23,0.81,3.78,62.22,-15.84,-70.02,3825
Puno,2013-05-18,7.35,13.4,3.32,71.93,0.23,2.03,62.35,-15.84,-70.02,3825
Puno,2013-05-19,6.86,13.1,1.73,71.8,0.07,2.41,62.41,-15.84,-70.02,3825
Puno,2013-05-20,8.17,13.82,4.29,69.04,0.02,1.71,62.34,-15.84,-70.02,3825
Puno,2013-05-21,8.43,15.66,1.21,59.32,0.0,1.2,62.25,-15.84,-70.02,3825
Puno,2013-05-22,7.86,14.77,1.45,63.86,0.0,1.59,62.25,-15.84,-70.02,3825
Puno,2013-05-23,9.61,16.06,3.86,52.9,0.0,1.05,62.26,-15.84,-70.02,3825
Puno,2013-05-24,6.29,11.55,2.04,71.21,1.03,1.78,62.33,-15.84,-70.02,3825
Puno,2013-05-25,6.8,14.32,0.99,58.71,0.05,1.41,62.29,-15.84,-70.02,3825
Puno,2013-05-26,5.22,14.63,-2.22,43.47,0.0,3.16,62.28,-15.84,-70.02,3825
Puno,2013-05-27,4.68,15.13,-2.68,37.8,0.0,2.71,62.22,-15.84,-70.02,3825
Puno,2013-05-28,4.44,14.75,-3.02,34.36,0.0,2.61,62.13,-15.84,-70.02,3825
Puno,2013-05-29,3.91,13.99,-2.97,35.3,0.0,3.12,62.15,-15.84,-70.02,3825
Puno,2013-05-30,4.14,13.11,-3.67,32.42,0.02,1.51,62.24,-15.84,-70.02,3825
Puno,2013-05-31,4.16,14.07,-3.22,33.38,0.0,3.33,62.2,-15.84,-70.02,3825
Puno,2013-06-01,5.24,13.41,-2.69,37.29,0.0,1.96,62.22,-15.84,-70.02,3825
Puno,2013-06-02,5.9,14.18,-0.32,38.06,0.0,1.08,62.35,-15.84,-70.02,3825
Puno,2013-06-03,5.06,12.48,0.2,63.79,0.03,2.71,62.44,-15.84,-70.02,3825
Puno,2013-06-04,5.68,13.54,-0.35,57.29,0.0,1.69,62.38,-15.84,-70.02,3825
Puno,2013-06-05,6.61,12.86,1.84,56.63,0.0,1.3,62.27,-15.84,-70.02,3825
Puno,2013-06-06,5.05,8.94,2.1,72.66,0.74,4.03,62.31,-15.84,-70.02,3825
Puno,2013-06-07,4.47,10.94,1.24,76.86,0.12,2.09,62.36,-15.84,-70.02,3825
Puno,2013-06-08,4.54,10.14,-0.36,78.41,0.1,2.25,62.37,-15.84,-70.02,3825
Puno,2013-06-09,5.58,12.63,0.14,68.63,0.0,1.92,62.33,-15.84,-70.02,3825
Puno,2013-06-10,5.71,11.27,0.92,58.31,0.0,1.64,62.34,-15.84,-70.02,3825
Puno,2013-06-11,5.44,10.96,1.84,78.59,0.3,2.46,62.31,-15.84,-70.02,3825
Puno,2013-06-12,4.69,9.39,1.12,80.25,2.38,3.05,62.32,-15.84,-70.02,3825
Puno,2013-06-13,4.95,10.89,1.7,78.8,2.29,2.56,62.26,-15.84,-70.02,3825
Puno,2013-06-14,5.61,13.18,0.41,65.91,0.03,2.26,62.23,-15.84,-70.02,3825
Puno,2013-06-15,4.21,14.03,-2.65,56.69,0.0,3.2,62.23,-15.84,-70.02,3825
Puno,2013-06-16,4.31,13.65,-4.43,35.81,0.0,1.77,62.2,-15.84,-70.02,3825
Puno,2013-06-17,5.56,12.53,1.32,64.68,0.03,1.95,62.2,-15.84,-70.02,3825
Puno,2013-06-18,4.84,12.62,-1.2,60.34,0.0,2.39,62.17,-15.84,-70.02,3825
Puno,2013-06-19,4.09,11.61,-2.33,61.93,0.0,2.19,62.12,-15.84,-70.02,3825
Puno,2013-06-20,5.1,12.53,-0.45,61.92,0.0,2.8,62.1,-15.84,-70.02,3825
Puno,2013-06-21,5.35,14.2,-2.28,49.45,0.02,2.23,62.16,-15.84,-70.02,3825
Puno,2013-06-22,5.4,12.71,-1.08,56.79,0.0,2.96,62.16,-15.84,-70.02,3825
Puno,2013-06-23,5.08,12.62,-0.83,69.33,0.04,3.39,62.19,-15.84,-70.02,3825
Puno,2013-06-24,5.07,13.21,-1.81,68.32,0.15,3.94,62.19,-15.84,-70.02,3825
Puno,2013-06-25,4.11,11.62,-1.57,72.76,0.2,3.93,62.19,-15.84,-70.02,3825
Puno,2013-06-26,3.95,13.02,-1.97,50.98,0.0,3.43,62.25,-15.84,-70.02,3825
Puno,2013-06-27,3.99,13.67,-3.91,31.34,0.0,1.71,62.41,-15.84,-70.02,3825
Puno,2013-06-28,4.36,12.86,-2.53,30.92,0.0,2.28,62.39,-15.84,-70.02,3825
Puno,2013-06-29,4.52,12.25,-0.68,37.84,0.0,2.18,62.29,-15.84,-70.02,3825
Puno,2013-06-30,4.73,12.46,-2.0,54.09,0.03,1.37,62.24,-15.84,-70.02,3825
Puno,2013-07-01,4.91,12.47,-1.6,52.99,0.02,2.01,62.29,-15.84,-70.02,3825
Puno,2013-07-02,6.11,12.16,1.63,64.75,0.0,1.5,62.24,-15.84,-70.02,3825
Puno,2013-07-03,4.35,11.89,-0.95,55.76,0.0,2.4,62.22,-15.84,-70.02,3825
Puno,2013-07-04,3.53,9.85,-1.72,57.58,0.19,1.97,62.29,-15.84,-70.02,3825
Puno,2013-07-05,4.73,9.9,1.07,59.54,0.1,2.08,62.39,-15.84,-70.02,3825
Puno,2013-07-06,5.99,11.01,2.33,74.69,0.02,2.31,62.33,-15.84,-70.02,3825
Puno,2013-07-07,5.46,12.16,1.04,70.04,0.0,2.52,62.33,-15.84,-70.02,3825
Puno,2013-07-08,5.35,11.94,0.38,67.56,0.0,2.39,62.45,-15.84,-70.02,3825
Puno,2013-07-09,6.81,13.28,1.86,62.21,0.81,1.27,62.4,-15.84,-70.02,3825
Puno,2013-07-10,5.79,12.9,-0.81,55.35,0.0,2.18,62.37,-15.84,-70.02,3825
Puno,2013-07-11,6.75,13.99,0.21,52.59,0.0,1.52,62.29,-15.84,-70.02,3825
Puno,2013-07-12,6.67,13.06,2.88,46.89,0.0,1.72,62.27,-15.84,-70.02,3825
Puno,2013-07-13,6.19,13.4,0.76,58.88,0.0,1.34,62.2,-15.84,-70.02,3825
Puno,2013-07-14,4.2,8.46,1.34,74.02,0.0,2.4,62.3,-15.84,-70.02,3825
Puno,2013-07-15,4.18,9.91,-0.14,76.59,0.0,2.44,62.36,-15.84,-70.02,3825
Puno,2013-07-16,4.53,10.32,0.11,72.65,0.0,1.26,62.35,-15.84,-70.02,3825
Puno,2013-07-17,5.94,11.97,0.15,56.57,0.0,1.39,62.33,-15.84,-70.02,3825
Puno,2013-07-18,5.5,10.25,1.18,45.63,0.0,2.23,62.33,-15.84,-70.02,3825
Puno,2013-07-19,4.99,11.42,0.02,66.62,0.47,3.07,62.25,-15.84,-70.02,3825
Puno,2013-07-20,3.61,11.01,-2.06,61.84,0.01,4.15,62.19,-15.84,-70.02,3825
Puno,2013-07-21,4.33,13.93,-4.09,46.12,0.0,3.03,62.11,-15.84,-70.02,3825
Puno,2013-07-22,5.35,13.83,-2.16,55.09,0.0,3.27,62.19,-15.84,-70.02,3825
Puno,2013-07-23,5.16,13.28,-2.26,59.42,0.0,3.14,62.17,-15.84,-70.02,3825
Puno,2013-07-24,5.68,13.88,-2.03,61.3,0.0,2.19,62.17,-15.84,-70.02,3825
Puno,2013-07-25,5.99,12.34,1.68,69.48,0.0,2.76,62.3,-15.84,-70.02,3825
Puno,2013-07-26,5.54,13.28,-0.85,64.51,0.0,2.55,62.41,-15.84,-70.02,3825
Puno,2013-07-27,5.75,13.21,-0.37,65.27,0.0,2.21,62.47,-15.84,-70.02,3825
Puno,2013-07-28,6.04,13.4,1.42,64.02,0.0,2.31,62.44,-15.84,-70.02,3825
Puno,2013-07-29,5.01,12.62,-0.76,56.98,0.0,2.35,62.51,-15.84,-70.02,3825
Puno,2013-07-30,5.51,13.1,-0.46,53.75,0.0,1.93,62.46,-15.84,-70.02,3825
Puno,2013-07-31,6.2,13.98,0.19,63.5,0.01,2.33,62.33,-15.84,-70.02,3825
Puno,2013-08-01,6.48,15.34,-2.03,55.1,0.0,2.58,62.23,-15.84,-70.02,3825
Puno,2013-08-02,6.53,14.39,-0.83,57.62,0.0,2.08,62.29,-15.84,-70.02,3825
Puno,2013-08-03,6.5,14.03,0.65,50.3,0.0,2.5,62.35,-15.84,-70.02,3825
Puno,2013-08-04,5.9,12.9,0.15,49.96,0.0,2.95,62.4,-15.84,-70.02,3825
Puno,2013-08-05,7.1,13.62,1.93,69.17,0.0,1.84,62.37,-15.84,-70.02,3825
Puno,2013-08-06,5.95,10.83,2.39,69.09,0.0,1.36,62.4,-15.84,-70.02,3825
Puno,2013-08-07,6.64,13.5,1.7,60.03,0.0,1.65,62.3,-15.84,-70.02,3825
Puno,2013-08-08,6.49,15.05,-0.78,48.16,0.0,2.92,62.17,-15.84,-70.02,3825
Puno,2013-08-09,5.99,14.31,-0.42,30.52,0.0,3.34,62.17,-15.84,-70.02,3825
Puno,2013-08-10,4.52,9.32,-1.02,45.89,0.0,1.86,62.31,-15.84,-70.02,3825
Puno,2013-08-11,4.65,14.31,-3.63,23.32,0.0,2.39,62.25,-15.84,-70.02,3825
Puno,2013-08-12,5.63,14.58,-2.67,21.99,0.0,1.47,62.14,-15.84,-70.02,3825
Puno,2013-08-13,5.81,15.38,-2.88,37.85,0.01,2.35,62.16,-15.84,-70.02,3825
Puno,2013-08-14,7.15,14.64,2.68,63.39,0.0,1.71,62.28,-15.84,-70.02,3825
Puno,2013-08-15,6.87,15.42,-1.12,38.25,0.0,1.38,62.28,-15.84,-70.02,3825
Puno,2013-08-16,5.76,15.3,-2.96,33.56,0.0,2.16,62.3,-15.84,-70.02,3825
Puno,2013-08-17,5.85,13.94,0.1,63.34,0.0,2.34,62.35,-15.84,-70.02,3825
Puno,2013-08-18,6.84,14.36,0.92,56.67,0.0,2.32,62.3,-15.84,-70.02,3825
Puno,2013-08-19,6.76,14.44,0.85,59.12,0.0,2.18,62.28,-15.84,-70.02,3825
Puno,2013-08-20,7.24,14.8,1.15,63.05,0.0,2.31,62.27,-15.84,-70.02,3825
Puno,2013-08-21,8.44,16.18,1.17,47.95,0.0,1.57,62.22,-15.84,-70.02,3825
Puno,2013-08-22,7.64,14.84,0.12,40.2,0.03,1.84,62.11,-15.84,-70.02,3825
Puno,2013-08-23,4.21,8.07,0.73,69.93,0.33,2.51,61.99,-15.84,-70.02,3825
Puno,2013-08-24,3.44,9.68,-0.68,77.69,3.43,3.98,61.96,-15.84,-70.02,3825
Puno,2013-08-25,3.42,9.98,-1.76,42.36,0.43,4.82,62.24,-15.84,-70.02,3825
Puno,2013-08-26,4.5,13.31,-3.75,23.26,0.0,3.45,62.28,-15.84,-70.02,3825
Puno,2013-08-27,4.51,12.2,-1.95,33.79,0.0,2.52,62.28,-15.84,-70.02,3825
Puno,2013-08-28,2.78,8.97,-1.39,64.9,5.19,4.03,62.4,-15.84,-70.02,3825
Puno,2013-08-29,3.81,11.67,-2.43,63.12,0.37,2.42,62.38,-15.84,-70.02,3825
Puno,2013-08-30,4.77,12.23,-0.92,56.27,0.05,2.35,62.33,-15.84,-70.02,3825
Puno,2013-08-31,5.98,15.06,-2.02,40.4,0.0,1.42,62.28,-15.84,-70.02,3825
Puno,2013-09-01,4.82,14.87,-2.79,34.95,0.0,3.82,62.26,-15.84,-70.02,3825
Puno,2013-09-02,4.03,14.04,-4.23,26.47,0.0,3.47,62.26,-15.84,-70.02,3825
Puno,2013-09-03,4.6,13.79,-3.26,33.47,0.0,2.87,62.31,-15.84,-70.02,3825
Puno,2013-09-04,5.5,11.74,-0.21,66.57,0.0,2.37,62.4,-15.84,-70.02,3825
Puno,2013-09-05,7.23,13.63,2.18,56.7,0.0,1.85,62.41,-15.84,-70.02,3825
Puno,2013-09-06,7.23,14.93,-0.82,40.3,0.0,2.74,62.41,-15.84,-70.02,3825
Puno,2013-09-07,7.46,14.78,1.07,42.55,0.0,2.6,62.43,-15.84,-70.02,3825
Puno,2013-09-08,7.26,14.37,1.68,53.65,0.0,3.17,62.43,-15.84,-70.02,3825
Puno,2013-09-09,6.08,11.89,1.73,62.29,0.0,3.68,62.48,-15.84,-70.02,3825
Puno,2013-09-10,6.79,13.56,1.39,59.77,0.0,1.85,62.39,-15.84,-70.02,3825
Puno,2013-09-11,8.35,16.06,2.66,50.21,0.0,1.05,62.2,-15.84,-70.02,3825
Puno,2013-09-12,7.36,15.61,-0.79,48.32,0.0,2.5,62.06,-15.84,-70.02,3825
Puno,2013-09-13,8.35,14.6,3.97,57.5,0.07,2.05,62.01,-15.84,-70.02,3825
Puno,2013-09-14,7.28,15.68,-0.38,48.4,0.04,2.49,62.07,-15.84,-70.02,3825
Puno,2013-09-15,7.85,17.15,0.46,42.45,0.0,2.26,62.16,-15.84,-70.02,3825
Puno,2013-09-16,6.49,17.37,-1.44,25.68,0.0,3.36,62.17,-15.84,-70.02,3825
Puno,2013-09-17,6.5,16.9,-3.7,23.05,0.01,1.98,62.16,-15.84,-70.02,3825
Puno,2013-09-18,7.25,17.05,-2.31,40.45,0.0,2.4,62.18,-15.84,-70.02,3825
Puno,2013-09-19,8.69,15.9,1.92,41.19,0.0,1.7,62.33,-15.84,-70.02,3825
Puno,2013-09-20,8.34,16.49,0.31,41.15,0.73,2.53,62.21,-15.84,-70.02,3825
Puno,2013-09-21,7.74,16.91,0.08,48.74,0.04,3.3,62.14,-15.84,-70.02,3825
Puno,2013-09-22,8.08,18.29,-1.96,48.48,0.0,2.09,62.26,-15.84,-70.02,3825
Puno,2013-09-23,9.35,17.76,4.77,64.52,1.93,1.91,62.34,-15.84,-70.02,3825
Puno,2013-09-24,9.71,16.3,4.26,55.77,2.68,1.85,62.28,-15.84,-70.02,3825
Puno,2013-09-25,9.27,17.25,2.0,45.91,0.29,1.49,62.21,-15.84,-70.02,3825
Puno,2013-09-26,10.06,17.01,4.26,57.78,0.01,2.63,62.18,-15.84,-70.02,3825
Puno,2013-09-27,9.6,18.38,2.18,48.69,0.0,2.68,62.2,-15.84,-70.02,3825
Puno,2013-09-28,6.52,15.11,-1.31,46.03,0.0,3.0,62.28,-15.84,-70.02,3825
Puno,2013-09-29,8.7,17.16,1.44,41.95,0.0,1.63,62.28,-15.84,-70.02,3825
Puno,2013-09-30,8.48,16.46,0.66,47.24,0.01,2.0,62.18,-15.84,-70.02,3825
Puno,2013-10-01,8.7,16.8,0.95,46.75,0.0,2.58,62.08,-15.84,-70.02,3825
Puno,2013-10-02,6.52,12.33,1.38,40.62,0.0,2.12,62.21,-15.84,-70.02,3825
Puno,2013-10-03,8.15,16.54,-0.97,38.4,0.0,2.14,62.22,-15.84,-70.02,3825
Puno,2013-10-04,8.56,15.11,3.82,60.41,0.01,2.41,62.25,-15.84,-70.02,3825
Puno,2013-10-05,8.98,16.25,2.59,48.58,0.1,1.58,62.2,-15.84,-70.02,3825
Puno,2013-10-06,7.51,15.27,0.59,50.46,0.01,2.32,62.25,-15.84,-70.02,3825
Puno,2013-10-07,7.68,15.93,1.12,39.05,0.0,2.06,62.27,-15.84,-70.02,3825
Puno,2013-10-08,8.8,17.07,2.09,42.3,0.0,1.31,62.27,-15.84,-70.02,3825
Puno,2013-10-09,8.93,15.97,3.8,52.46,0.0,1.84,62.27,-15.84,-70.02,3825
Puno,2013-10-10,8.92,14.78,4.36,51.78,0.12,2.38,62.24,-15.84,-70.02,3825
Puno,2013-10-11,9.38,17.54,3.49,31.57,0.03,1.03,62.12,-15.84,-70.02,3825
Puno,2013-10-12,9.33,16.81,2.36,39.24,0.0,1.76,62.12,-15.84,-70.02,3825
Puno,2013-10-13,6.73,11.48,1.79,66.05,10.17,2.29,62.15,-15.84,-70.02,3825
Puno,2013-10-14,6.31,13.44,0.08,51.7,3.62,2.79,62.19,-15.84,-70.02,3825
Puno,2013-10-15,8.33,15.27,1.71,53.89,1.95,1.54,62.21,-15.84,-70.02,3825
Puno,2013-10-16,9.97,17.78,3.87,53.55,0.0,1.87,62.25,-15.84,-70.02,3825
Puno,2013-10-17,9.69,18.67,1.11,42.26,0.0,1.19,62.25,-15.84,-70.02,3825
Puno,2013-10-18,10.85,17.71,4.55,47.45,0.0,1.7,62.2,-15.84,-70.02,3825
Puno,2013-10-19,11.62,19.98,2.57,36.38,0.0,1.43,62.16,-15.84,-70.02,3825
Puno,2013-10-20,11.41,19.25,4.38,38.03,0.0,1.4,62.19,-15.84,-70.02,3825
Puno,2013-10-21,11.28,18.95,6.21,50.42,0.0,4.08,62.21,-15.84,-70.02,3825
Puno,2013-10-22,9.91,16.59,3.29,49.12,0.01,2.26,62.19,-15.84,-70.02,3825
Puno,2013-10-23,10.3,16.79,5.27,47.09,0.0,2.82,62.14,-15.84,-70.02,3825
Puno,2013-10-24,9.43,15.67,4.57,59.26,0.93,4.04,62.22,-15.84,-70.02,3825
Puno,2013-10-25,7.72,12.6,3.36,66.93,4.76,1.29,62.31,-15.84,-70.02,3825
Puno,2013-10-26,9.89,16.25,3.39,58.41,0.01,3.29,62.25,-15.84,-70.02,3825
Puno,2013-10-27,9.66,15.28,3.8,67.98,0.19,4.62,62.21,-15.84,-70.02,3825
Puno,2013-10-28,7.02,14.63,2.61,72.06,2.1,2.02,62.26,-15.84,-70.02,3825
Puno,2013-10-29,10.31,18.83,2.94,42.26,0.07,2.1,62.19,-15.84,-70.02,3825
Puno,2013-10-30,8.93,16.75,3.61,55.23,1.41,3.45,62.13,-15.84,-70.02,3825
Puno,2013-10-31,9.49,16.62,4.4,59.23,0.28,2.48,62.04,-15.84,-70.02,3825
Puno,2013-11-01,9.87,18.13,2.4,39.33,0.05,2.03,62.01,-15.84,-70.02,3825
Puno,2013-11-02,9.96,16.55,3.66,50.4,0.02,3.58,62.08,-15.84,-70.02,3825
Puno,2013-11-03,8.46,14.66,2.89,70.64,0.38,3.32,62.13,-15.84,-70.02,3825
Puno,2013-11-04,10.55,19.43,3.09,49.08,0.18,1.76,62.09,-15.84,-70.02,3825
Puno,2013-11-05,9.09,17.0,1.54,54.61,0.01,3.56,62.15,-15.84,-70.02,3825
Puno,2013-11-06,9.21,16.22,3.4,53.85,0.0,3.55,62.23,-15.84,-70.02,3825
Puno,2013-11-07,10.53,18.09,4.02,43.82,0.0,3.01,62.22,-15.84,-70.02,3825
Puno,2013-11-08,10.59,17.61,4.66,40.23,0.0,3.26,62.21,-15.84,-70.02,3825
Puno,2013-11-09,10.0,18.09,2.4,43.23,0.0,2.74,62.1,-15.84,-70.02,3825
Puno,2013-11-10,10.18,19.64,1.56,33.59,0.0,3.07,62.03,-15.84,-70.02,3825
Puno,2013-11-11,10.17,18.61,0.13,30.76,0.04,2.12,62.09,-15.84,-70.02,3825
Puno,2013-11-12,9.39,15.38,5.36,62.38,0.09,2.74,62.11,-15.84,-70.02,3825
Puno,2013-11-13,7.92,12.52,3.77,68.08,0.03,4.04,62.28,-15.84,-70.02,3825
Puno,2013-11-14,9.8,13.93,5.03,61.31,0.01,2.61,62.27,-15.84,-70.02,3825
Puno,2013-11-15,11.68,18.31,5.62,53.33,0.0,2.75,62.23,-15.84,-70.02,3825
Puno,2013-11-16,10.5,16.77,3.05,61.83,0.27,2.86,62.23,-15.84,-70.02,3825
Puno,2013-11-17,8.52,15.96,2.75,65.15,0.04,2.35,62.17,-15.84,-70.02,3825
Puno,2013-11-18,10.59,16.53,4.63,53.92,0.0,1.82,61.96,-15.84,-70.02,3825
Puno,2013-11-19,9.63,18.63,1.99,40.65,0.01,2.61,61.96,-15.84,-70.02,3825
Puno,2013-11-20,9.73,18.44,-0.68,38.98,0.05,2.58,62.08,-15.84,-70.02,3825
Puno,2013-11-21,5.69,8.61,2.31,83.08,0.25,3.85,62.2,-15.84,-70.02,3825
Puno,2013-11-22,7.68,13.57,2.82,69.25,0.67,2.62,62.11,-15.84,-70.02,3825
Puno,2013-11-23,9.96,17.68,3.23,46.19,0.04,1.65,61.96,-15.84,-70.02,3825
Puno,2013-11-24,10.57,18.89,1.57,42.31,0.0,1.65,61.96,-15.84,-70.02,3825
Puno,2013-11-25,11.12,18.3,3.85,46.2,0.01,2.79,62.1,-15.84,-70.02,3825
Puno,2013-11-26,11.18,17.79,5.33,50.36,0.0,3.01,62.09,-15.84,-70.02,3825
Puno,2013-11-27,11.52,18.2,5.9,49.35,0.0,2.66,62.06,-15.84,-70.02,3825
Puno,2013-11-28,12.05,18.15,6.88,45.75,0.0,2.35,62.12,-15.84,-70.02,3825
Puno,2013-11-29,10.74,16.01,5.93,58.68,0.0,3.06,62.14,-15.84,-70.02,3825
Puno,2013-11-30,10.7,17.47,5.34,53.61,0.05,4.5,62.18,-15.84,-70.02,3825
Puno,2013-12-01,10.81,17.29,5.79,52.15,0.01,4.26,62.24,-15.84,-70.02,3825
Puno,2013-12-02,9.67,13.97,5.37,54.87,0.01,4.58,62.34,-15.84,-70.02,3825
Puno,2013-12-03,9.59,16.37,4.92,60.1,0.02,6.71,62.4,-15.84,-70.02,3825
Puno,2013-12-04,7.77,10.93,3.87,72.21,0.15,3.77,62.32,-15.84,-70.02,3825
Puno,2013-12-05,11.08,17.68,6.21,58.64,0.01,3.05,62.23,-15.84,-70.02,3825
Puno,2013-12-06,10.71,16.61,7.03,59.85,1.5,3.32,62.15,-15.84,-70.02,3825
Puno,2013-12-07,9.62,14.62,6.4,64.65,5.8,3.65,62.15,-15.84,-70.02,3825
Puno,2013-12-08,8.99,15.42,3.66,64.25,18.1,2.71,62.13,-15.84,-70.02,3825
Puno,2013-12-09,8.86,14.75,4.18,64.39,4.93,2.02,62.15,-15.84,-70.02,3825
Puno,2013-12-10,8.89,14.23,5.09,72.79,2.1,3.15,62.17,-15.84,-70.02,3825
Puno,2013-12-11,8.08,14.93,2.88,68.13,3.97,2.35,62.16,-15.84,-70.02,3825
Puno,2013-12-12,9.2,17.39,1.71,56.59,2.33,2.63,62.1,-15.84,-70.02,3825
Puno,2013-12-13,10.57,19.73,2.54,50.15,0.18,2.02,61.98,-15.84,-70.02,3825
Puno,2013-12-14,8.0,13.85,3.95,63.77,4.82,2.33,62.06,-15.84,-70.02,3825
Puno,2013-12-15,8.34,15.33,2.47,64.26,1.56,3.31,62.15,-15.84,-70.02,3825
Puno,2013-12-16,9.97,17.92,3.35,50.63,7.05,2.77,62.13,-15.84,-70.02,3825
Puno,2013-12-17,9.4,16.79,1.8,50.4,1.84,2.88,62.1,-15.84,-70.02,3825
Puno,2013-12-18,10.73,18.85,2.42,52.2,0.64,3.59,62.05,-15.84,-70.02,3825
Puno,2013-12-19,8.37,15.63,3.74,60.95,0.2,3.05,62.08,-15.84,-70.02,3825
Puno,2013-12-20,8.94,15.85,2.25,65.44,1.37,3.42,62.04,-15.84,-70.02,3825
Puno,2013-12-21,9.93,16.2,3.9,61.99,5.12,3.09,62.09,-15.84,-70.02,3825
Puno,2013-12-22,9.51,15.33,3.83,65.69,6.32,2.79,62.12,-15.84,-70.02,3825
Puno,2013-12-23,8.17,15.79,1.72,64.03,4.97,1.74,62.12,-15.84,-70.02,3825
Puno,2013-12-24,8.3,15.74,2.72,64.53,5.8,2.23,62.05,-15.84,-70.02,3825
Puno,2013-12-25,8.02,14.27,2.81,66.32,5.59,2.12,62.09,-15.84,-70.02,3825
Puno,2013-12-26,9.87,15.82,4.83,64.5,0.52,3.02,62.19,-15.84,-70.02,3825
Puno,2013-12-27,9.46,14.33,5.97,71.01,1.3,3.26,62.3,-15.84,-70.02,3825
Puno,2013-12-28,10.57,16.65,5.27,63.53,0.23,2.92,62.27,-15.84,-70.02,3825
Puno,2013-12-29,10.48,13.97,7.52,66.59,16.24,1.25,62.17,-15.84,-70.02,3825
Puno,2013-12-30,7.96,11.05,4.99,72.58,9.8,1.35,62.14,-15.84,-70.02,3825
Puno,2013-12-31,9.25,17.35,2.6,61.71,5.57,3.18,62.1,-15.84,-70.02,3825
Puno,2014-01-01,7.85,13.45,2.51,63.25,0.15,2.31,62.08,-15.84,-70.02,3825
Puno,2014-01-02,10.89,19.67,3.02,56.2,1.14,2.54,61.98,-15.84,-70.02,3825
Puno,2014-01-03,10.94,19.46,3.44,54.22,0.56,2.19,62.05,-15.84,-70.02,3825
Puno,2014-01-04,7.76,12.71,4.3,74.45,0.33,2.51,62.22,-15.84,-70.02,3825
Puno,2014-01-05,10.52,16.79,5.33,64.31,1.05,3.05,62.28,-15.84,-70.02,3825
Puno,2014-01-06,10.03,15.14,6.35,70.94,3.84,3.65,62.2,-15.84,-70.02,3825
Puno,2014-01-07,9.07,13.34,6.19,73.03,1.48,3.42,62.12,-15.84,-70.02,3825
Puno,2014-01-08,9.27,14.97,5.42,69.67,0.7,2.68,62.16,-15.84,-70.02,3825
Puno,2014-01-09,9.9,15.93,4.87,64.78,0.17,3.41,62.18,-15.84,-70.02,3825
Puno,2014-01-10,10.55,16.9,5.69,63.2,0.01,4.02,62.11,-15.84,-70.02,3825
Puno,2014-01-11,10.26,16.74,5.32,64.89,0.09,4.45,62.26,-15.84,-70.02,3825
Puno,2014-01-12,9.12,14.05,5.68,66.5,0.05,3.59,62.37,-15.84,-70.02,3825
Puno,2014-01-13,9.72,15.77,4.65,63.26,0.0,3.53,62.35,-15.84,-70.02,3825
Puno,2014-01-14,9.7,16.46,3.69,61.39,3.26,3.94,62.3,-15.84,-70.02,3825
Puno,2014-01-15,8.26,13.0,4.52,71.42,12.09,2.84,62.2,-15.84,-70.02,3825
Puno,2014-01-16,5.3,10.68,1.8,80.59,15.66,1.78,62.19,-15.84,-70.02,3825
Puno,2014-01-17,7.11,14.29,2.28,73.46,9.84,1.22,62.18,-15.84,-70.02,3825
Puno,2014-01-18,8.27,14.73,3.23,71.65,9.83,2.23,62.27,-15.84,-70.02,3825
Puno,2014-01-19,8.18,12.47,3.65,73.27,6.65,2.01,62.28,-15.84,-70.02,3825
Puno,2014-01-20,9.34,13.71,5.58,70.46,2.58,1.81,62.21,-15.84,-70.02,3825
Puno,2014-01-21,10.83,16.31,5.69,58.24,2.62,1.63,62.15,-15.84,-70.02,3825
Puno,2014-01-22,7.29,12.88,3.86,75.18,0.61,2.65,62.12,-15.84,-70.02,3825
Puno,2014-01-23,8.55,17.24,1.08,66.56,0.76,2.24,62.08,-15.84,-70.02,3825
Puno,2014-01-24,8.99,19.43,0.55,56.77,0.67,4.24,62.06,-15.84,-70.02,3825
Puno,2014-01-25,8.97,18.92,-0.22,51.08,0.37,3.37,62.03,-15.84,-70.02,3825
Puno,2014-01-26,8.19,15.1,2.86,58.17,0.26,1.81,62.06,-15.84,-70.02,3825
Puno,2014-01-27,8.78,15.23,4.0,63.72,3.64,1.99,62.06,-15.84,-70.02,3825
Puno,2014-01-28,9.77,16.73,3.43,58.95,2.32,2.66,62.04,-15.84,-70.02,3825
Puno,2014-01-29,9.01,14.33,5.78,73.85,5.87,2.82,62.01,-15.84,-70.02,3825
Puno,2014-01-30,9.66,16.58,4.36,65.04,5.27,1.97,62.06,-15.84,-70.02,3825
Puno,2014-01-31,8.14,12.44,4.57,76.24,3.89,2.8,62.12,-15.84,-70.02,3825
Puno,2014-02-01,8.46,14.94,2.47,73.5,11.66,2.39,62.09,-15.84,-70.02,3825
Puno,2014-02-02,9.55,18.08,3.1,55.77,2.11,2.74,62.05,-15.84,-70.02,3825
Puno,2014-02-03,9.65,19.33,1.22,48.84,0.04,2.89,62.07,-15.84,-70.02,3825
Puno,2014-02-04,8.79,17.0,0.16,48.37,0.12,1.56,62.05,-15.84,-70.02,3825
Puno,2014-02-05,8.33,14.23,2.6,68.74,3.26,2.59,62.08,-15.84,-70.02,3825
Puno,2014-02-06,6.71,13.39,2.61,75.91,1.73,2.02,62.06,-15.84,-70.02,3825
Puno,2014-02-07,8.39,16.56,3.03,67.21,0.2,2.7,62.09,-15.84,-70.02,3825
Puno,2014-02-08,8.28,14.92,3.41,72.03,5.02,2.21,62.08,-15.84,-70.02,3825
Puno,2014-02-09,9.92,18.52,1.72,50.76,0.53,2.05,62.05,-15.84,-70.02,3825
Puno,2014-02-10,10.09,18.71,1.75,55.51,0.45,2.31,62.11,-15.84,-70.02,3825
Puno,2014-02-11,7.59,12.94,3.24,67.0,0.22,2.95,62.14,-15.84,-70.02,3825
Puno,2014-02-12,8.03,15.04,3.69,70.04,0.61,2.36,62.1,-15.84,-70.02,3825
Puno,2014-02-13,9.58,17.0,3.01,52.51,0.09,2.28,62.08,-15.84,-70.02,3825
Puno,2014-02-14,7.8,15.42,2.74,64.74,9.77,3.12,62.18,-15.84,-70.02,3825
Puno,2014-02-15,6.54,11.24,2.37,78.61,0.4,3.36,62.27,-15.84,-70.02,3825
Puno,2014-02-16,10.14,16.92,5.17,60.24,0.02,0.97,62.14,-15.84,-70.02,3825
Puno,2014-02-17,9.98,17.71,2.18,60.2,0.0,2.18,62.11,-15.84,-70.02,3825
Puno,2014-02-18,10.01,15.22,5.94,68.36,1.3,1.98,62.1,-15.84,-70.02,3825
Puno,2014-02-19,10.3,17.0,3.68,63.31,0.22,1.98,62.07,-15.84,-70.02,3825
Puno,2014-02-20,9.51,14.92,4.44,66.39,0.23,2.31,62.04,-15.84,-70.02,3825
Puno,2014-02-21,10.75,18.32,4.43,55.64,0.03,2.09,62.11,-15.84,-70.02,3825
Puno,2014-02-22,8.55,14.19,4.51,71.08,0.0,3.53,62.19,-15.84,-70.02,3825
Puno,2014-02-23,10.47,16.51,5.93,67.89,0.0,3.3,62.2,-15.84,-70.02,3825
Puno,2014-02-24,9.6,13.83,6.5,70.74,0.0,2.94,62.25,-15.84,-70.02,3825
Puno,2014-02-25,9.92,16.02,5.42,62.58,0.0,3.11,62.25,-15.84,-70.02,3825
Puno,2014-02-26,9.88,16.22,4.86,64.15,0.0,3.66,62.32,-15.84,-70.02,3825
Puno,2014-02-27,10.2,16.11,5.19,61.18,0.01,3.55,62.37,-15.84,-70.02,3825
Puno,2014-02-28,11.29,17.6,6.69,56.16,0.0,2.32,62.28,-15.84,-70.02,3825
Puno,2014-03-01,10.54,16.77,5.75,60.84,0.42,1.96,62.22,-15.84,-70.02,3825
Puno,2014-03-02,9.81,17.11,3.76,61.74,4.43,1.86,62.13,-15.84,-70.02,3825
Puno,2014-03-03,8.43,16.21,1.7,61.34,0.11,2.4,62.12,-15.84,-70.02,3825
Puno,2014-03-04,9.44,16.62,3.86,61.66,0.0,3.4,62.18,-15.84,-70.02,3825
Puno,2014-03-05,9.41,14.93,5.11,71.83,0.01,4.68,62.26,-15.84,-70.02,3825
Puno,2014-03-06,10.12,16.51,5.32,67.93,0.0,3.25,62.33,-15.84,-70.02,3825
Puno,2014-03-07,10.54,17.26,5.71,64.96,2.1,3.78,62.32,-15.84,-70.02,3825
Puno,2014-03-08,9.2,15.13,5.78,69.47,0.76,3.63,62.36,-15.84,-70.02,3825
Puno,2014-03-09,10.03,17.64,4.68,60.63,0.17,2.19,62.3,-15.84,-70.02,3825
Puno,2014-03-10,10.6,17.71,3.9,51.43,0.13,2.51,62.23,-15.84,-70.02,3825
Puno,2014-03-11,9.61,15.75,5.54,66.8,2.68,1.98,62.16,-15.84,-70.02,3825
Puno,2014-03-12,8.8,15.53,3.94,72.43,0.76,3.29,62.19,-15.84,-70.02,3825
Puno,2014-03-13,9.89,15.64,4.81,69.65,0.04,3.67,62.22,-15.84,-70.02,3825
Puno,2014-03-14,10.07,15.62,4.78,64.89,0.01,2.21,62.19,-15.84,-70.02,3825
Puno,2014-03-15,8.93,12.95,6.53,73.75,0.59,2.37,62.14,-15.84,-70.02,3825
Puno,2014-03-16,10.07,16.14,6.26,67.68,0.8,2.78,62.13,-15.84,-70.02,3825
Puno,2014-03-17,9.04,14.33,4.84,74.77,9.78,3.16,62.09,-15.84,-70.02,3825
Puno,2014-03-18,8.38,15.77,2.53,72.29,2.04,2.54,62.15,-15.84,-70.02,3825
Puno,2014-03-19,9.29,17.44,4.81,64.89,1.52,1.31,62.15,-15.84,-70.02,3825
Puno,2014-03-20,10.37,18.91,2.65,55.19,0.8,1.57,62.07,-15.84,-70.02,3825
Puno,2014-03-21,10.27,17.76,3.81,49.77,0.12,1.35,62.21,-15.84,-70.02,3825
Puno,2014-03-22,9.39,15.04,4.26,67.97,0.01,3.17,62.4,-15.84,-70.02,3825
Puno,2014-03-23,9.14,14.67,3.97,69.32,0.18,2.72,62.37,-15.84,-70.02,3825
Puno,2014-03-24,10.92,18.02,3.93,58.6,0.05,1.71,62.25,-15.84,-70.02,3825
Puno,2014-03-25,8.98,13.54,5.79,71.2,1.85,2.35,62.29,-15.84,-70.02,3825
Puno,2014-03-26,7.76,13.95,2.75,76.66,10.48,3.19,62.33,-15.84,-70.02,3825
Puno,2014-03-27,8.35,15.77,4.07,72.4,12.35,1.83,62.21,-15.84,-70.02,3825
Puno,2014-03-28,8.15,17.66,1.72,61.67,0.62,3.89,62.07,-15.84,-70.02,3825
Puno,2014-03-29,5.97,16.43,-2.67,49.67,0.01,4.57,62.02,-15.84,-70.02,3825
Puno,2014-03-30,5.17,15.73,-3.92,43.11,0.04,3.46,62.07,-15.84,-70.02,3825
Puno,2014-03-31,6.15,13.1,-1.5,61.31,0.01,2.76,62.27,-15.84,-70.02,3825
Puno,2014-04-01,7.88,13.63,3.6,73.58,0.15,3.5,62.41,-15.84,-70.02,3825
Puno,2014-04-02,8.64,14.49,4.35,72.65,0.02,3.65,62.42,-15.84,-70.02,3825
Puno,2014-04-03,8.82,14.5,4.29,73.01,0.0,3.48,62.4,-15.84,-70.02,3825
Puno,2014-04-04,8.11,13.4,4.48,75.07,3.19,3.59,62.46,-15.84,-70.02,3825
Puno,2014-04-05,7.72,13.0,3.91,73.82,0.37,4.07,62.45,-15.84,-70.02,3825
Puno,2014-04-06,9.51,16.27,4.45,66.38,1.35,2.91,62.37,-15.84,-70.02,3825
Puno,2014-04-07,9.65,15.11,5.77,68.79,0.25,2.09,62.36,-15.84,-70.02,3825
Puno,2014-04-08,10.04,16.19,6.35,65.67,1.43,2.66,62.37,-15.84,-70.02,3825
Puno,2014-04-09,8.94,14.3,4.89,64.3,1.75,2.36,62.34,-15.84,-70.02,3825
Puno,2014-04-10,8.86,15.02,4.24,57.73,2.71,1.52,62.25,-15.84,-70.02,3825
Puno,2014-04-11,8.12,17.95,0.3,52.64,0.29,1.71,62.23,-15.84,-70.02,3825
Puno,2014-04-12,8.11,15.26,0.98,64.53,0.02,2.93,62.26,-15.84,-70.02,3825
Puno,2014-04-13,8.75,15.23,4.62,72.38,0.08,3.79,62.32,-15.84,-70.02,3825
Puno,2014-04-14,8.75,14.87,4.46,69.83,0.01,2.18,62.29,-15.84,-70.02,3825
Puno,2014-04-15,9.38,15.06,5.42,66.98,0.0,2.47,62.26,-15.84,-70.02,3825
Puno,2014-04-16,10.49,16.56,5.87,57.09,0.0,1.42,62.21,-15.84,-70.02,3825
Puno,2014-04-17,8.2,13.07,4.26,66.74,1.38,2.24,62.25,-15.84,-70.02,3825
Puno,2014-04-18,8.89,13.56,5.68,64.91,0.18,1.82,62.26,-15.84,-70.02,3825
Puno,2014-04-19,8.71,13.72,5.31,67.12,0.02,2.24,62.36,-15.84,-70.02,3825
Puno,2014-04-20,8.71,14.41,4.01,63.18,0.52,1.94,62.43,-15.84,-70.02,3825
Puno,2014-04-21,7.93,13.98,3.63,65.18,0.76,1.48,62.32,-15.84,-70.02,3825
Puno,2014-04-22,8.65,15.3,3.46,64.51,0.07,1.86,62.24,-15.84,-70.02,3825
Puno,2014-04-23,8.44,14.51,3.94,67.49,0.22,2.01,62.3,-15.84,-70.02,3825
Puno,2014-04-24,7.83,13.91,4.33,71.59,0.17,1.77,62.37,-15.84,-70.02,3825
Puno,2014-04-25,8.85,17.2,3.31,49.45,0.01,1.13,62.31,-15.84,-70.02,3825
Puno,2014-04-26,7.66,15.89,1.05,45.77,0.0,1.46,62.28,-15.84,-70.02,3825
Puno,2014-04-27,7.78,16.39,-0.28,40.04,0.0,1.74,62.26,-15.84,-70.02,3825
Puno,2014-04-28,8.9,15.62,4.15,66.66,0.02,3.38,62.26,-15.84,-70.02,3825
Puno,2014-04-29,7.99,15.43,3.57,65.22,1.43,2.09,62.2,-15.84,-70.02,3825
Puno,2014-04-30,7.75,16.02,0.67,53.02,0.09,3.3,62.17,-15.84,-70.02,3825
Puno,2014-05-01,5.9,16.81,-2.4,33.81,0.0,2.78,62.18,-15.84,-70.02,3825
Puno,2014-05-02,6.9,15.9,-1.81,47.1,0.09,2.23,62.27,-15.84,-70.02,3825
Puno,2014-05-03,8.68,15.95,3.62,69.94,0.03,2.19,62.42,-15.84,-70.02,3825
Puno,2014-05-04,8.41,13.5,4.81,63.55,0.0,1.3,62.44,-15.84,-70.02,3825
Puno,2014-05-05,8.3,16.73,1.97,47.02,0.0,1.49,62.3,-15.84,-70.02,3825
Puno,2014-05-06,7.49,15.99,-0.62,42.8,0.0,1.83,62.32,-15.84,-70.02,3825
Puno,2014-05-07,7.16,11.55,3.68,59.0,0.0,1.6,62.4,-15.84,-70.02,3825
Puno,2014-05-08,6.34,11.16,2.47,71.14,0.01,2.31,62.46,-15.84,-70.02,3825
Puno,2014-05-09,7.67,13.1,3.3,59.64,0.01,1.19,62.35,-15.84,-70.02,3825
Puno,2014-05-10,7.82,13.72,3.56,60.15,0.0,1.61,62.24,-15.84,-70.02,3825
Puno,2014-05-11,7.81,14.94,2.85,63.12,0.19,1.87,62.16,-15.84,-70.02,3825
Puno,2014-05-12,5.27,11.54,1.33,70.27,0.66,1.58,62.19,-15.84,-70.02,3825
Puno,2014-05-13,5.34,12.42,0.47,69.9,0.51,1.58,62.2,-15.84,-70.02,3825
Puno,2014-05-14,6.88,14.64,1.69,52.27,0.07,1.73,62.25,-15.84,-70.02,3825
Puno,2014-05-15,6.76,15.31,-0.1,43.89,0.0,1.55,62.3,-15.84,-70.02,3825
Puno,2014-05-16,6.66,16.14,-0.86,41.56,0.01,2.28,62.25,-15.84,-70.02,3825
Puno,2014-05-17,5.77,14.19,-2.31,46.74,0.0,2.01,62.29,-15.84,-70.02,3825
Puno,2014-05-18,7.27,13.09,3.57,69.71,0.0,1.78,62.33,-15.84,-70.02,3825
Puno,2014-05-19,8.14,14.49,3.59,61.11,0.0,2.06,62.33,-15.84,-70.02,3825
Puno,2014-05-20,7.46,15.58,1.2,43.13,0.0,1.19,62.24,-15.84,-70.02,3825
Puno,2014-05-21,6.84,15.99,-0.39,41.87,0.0,2.72,62.13,-15.84,-70.02,3825
Puno,2014-05-22,4.98,11.43,-0.34,58.79,0.01,3.58,62.04,-15.84,-70.02,3825
Puno,2014-05-23,4.73,12.73,-2.09,66.56,0.53,3.44,62.11,-15.84,-70.02,3825
Puno,2014-05-24,4.69,14.85,-2.58,49.71,0.02,5.76,62.11,-15.84,-70.02,3825
Puno,2014-05-25,4.07,15.1,-4.19,31.74,0.0,3.22,62.2,-15.84,-70.02,3825
Puno,2014-05-26,5.54,14.84,-2.44,30.33,0.0,1.53,62.35,-15.84,-70.02,3825
Puno,2014-05-27,5.51,14.47,-2.28,30.86,0.0,1.62,62.42,-15.84,-70.02,3825
Puno,2014-05-28,5.63,15.29,-1.98,32.27,0.0,1.54,62.33,-15.84,-70.02,3825
Puno,2014-05-29,5.77,15.49,-2.16,35.66,0.0,1.96,62.21,-15.84,-70.02,3825
Puno,2014-05-30,5.72,16.6,-1.73,39.69,0.0,3.04,62.2,-15.84,-70.02,3825
Puno,2014-05-31,5.56,16.38,-3.03,34.46,0.0,2.02,62.25,-15.84,-70.02,3825
Puno,2014-06-01,6.28,14.78,-0.58,38.28,0.01,1.35,62.29,-15.84,-70.02,3825
Puno,2014-06-02,6.89,16.12,-1.0,30.37,0.01,1.22,62.21,-15.84,-70.02,3825
Puno,2014-06-03,5.51,15.55,-2.63,27.94,0.0,1.6,62.2,-15.84,-70.02,3825
Puno,2014-06-04,5.34,15.83,-2.5,26.78,0.0,1.87,62.2,-15.84,-70.02,3825
Puno,2014-06-05,6.42,16.05,-2.21,28.72,0.0,1.71,62.18,-15.84,-70.02,3825
Puno,2014-06-06,6.43,16.06,-0.85,33.04,0.0,1.72,62.19,-15.84,-70.02,3825
Puno,2014-06-07,6.09,16.9,-1.64,31.97,0.0,3.42,62.17,-15.84,-70.02,3825
Puno,2014-06-08,5.38,16.27,-2.64,32.55,0.01,2.62,62.18,-15.84,-70.02,3825
Puno,2014-06-09,6.44,15.22,-1.59,43.19,0.02,1.79,62.27,-15.84,-70.02,3825
Puno,2014-06-10,6.36,12.59,1.39,63.25,0.01,2.16,62.37,-15.84,-70.02,3825
Puno,2014-06-11,7.22,14.74,1.47,59.24,0.0,1.47,62.34,-15.84,-70.02,3825
Puno,2014-06-12,5.58,15.12,-1.7,48.27,0.0,2.69,62.3,-15.84,-70.02,3825
Puno,2014-06-13,5.38,13.66,-1.83,37.86,0.0,1.77,62.38,-15.84,-70.02,3825
Puno,2014-06-14,7.16,14.02,2.26,58.11,0.01,1.34,62.37,-15.84,-70.02,3825
Puno,2014-06-15,6.34,13.09,1.86,64.63,0.0,1.96,62.41,-15.84,-70.02,3825
Puno,2014-06-16,6.14,12.64,2.26,70.39,0.0,2.03,62.41,-15.84,-70.02,3825
Puno,2014-06-17,6.67,12.89,3.07,69.41,0.0,1.61,62.37,-15.84,-70.02,3825
Puno,2014-06-18,5.34,11.38,1.03,73.13,0.0,2.36,62.47,-15.84,-70.02,3825
Puno,2014-06-19,6.1,13.04,2.06,70.11,0.0,2.04,62.47,-15.84,-70.02,3825
Puno,2014-06-20,7.72,15.15,2.09,59.13,0.0,1.38,62.34,-15.84,-70.02,3825
Puno,2014-06-21,6.39,14.86,-0.87,41.83,0.0,2.13,62.25,-15.84,-70.02,3825
Puno,2014-06-22,7.2,14.67,-0.89,41.78,0.02,1.9,62.31,-15.84,-70.02,3825
Puno,2014-06-23,7.55,14.86,1.63,50.95,0.0,1.61,62.42,-15.84,-70.02,3825
Puno,2014-06-24,7.7,13.41,2.64,60.86,0.03,1.73,62.44,-15.84,-70.02,3825
Puno,2014-06-25,7.23,15.39,-0.08,54.12,0.04,1.86,62.27,-15.84,-70.02,3825
Puno,2014-06-26,5.11,13.78,-0.29,52.12,0.1,3.03,62.22,-15.84,-70.02,3825
Puno,2014-06-27,5.65,15.27,-1.96,46.95,0.04,2.24,62.22,-15.84,-70.02,3825
Puno,2014-06-28,6.39,14.91,-0.84,47.09,0.01,2.32,62.31,-15.84,-70.02,3825
Puno,2014-06-29,6.21,15.39,-0.7,41.3,0.0,2.76,62.34,-15.84,-70.02,3825
Puno,2014-06-30,5.8,13.44,-0.56,45.06,0.0,2.35,62.26,-15.84,-70.02,3825
Puno,2014-07-01,5.7,15.08,-1.85,36.42,0.0,2.67,62.16,-15.84,-70.02,3825
Puno,2014-07-02,5.98,13.78,-1.16,46.79,0.0,2.19,62.25,-15.84,-70.02,3825
Puno,2014-07-03,5.94,12.54,0.18,54.62,0.0,1.97,62.33,-15.84,-70.02,3825
Puno,2014-07-04,5.94,14.6,-0.79,58.29,0.02,3.67,62.3,-15.84,-70.02,3825
Puno,2014-07-05,4.54,14.39,-2.74,47.49,0.01,4.06,62.25,-15.84,-70.02,3825
Puno,2014-07-06,5.61,15.06,-2.36,42.28,0.03,2.13,62.32,-15.84,-70.02,3825
Puno,2014-07-07,7.3,13.17,3.31,67.66,0.01,1.63,62.39,-15.84,-70.02,3825
Puno,2014-07-08,6.96,14.91,0.09,40.03,0.0,1.15,62.39,-15.84,-70.02,3825
Puno,2014-07-09,6.76,15.56,-0.62,42.99,0.0,1.84,62.3,-15.84,-70.02,3825
Puno,2014-07-10,6.73,14.86,-0.05,42.6,0.0,1.33,62.27,-15.84,-70.02,3825
Puno,2014-07-11,6.62,14.52,-0.23,41.13,0.0,1.49,62.25,-15.84,-70.02,3825
Puno,2014-07-12,6.38,13.84,0.18,52.64,0.0,2.33,62.34,-15.84,-70.02,3825
Puno,2014-07-13,6.58,12.73,2.43,64.23,0.0,2.21,62.44,-15.84,-70.02,3825
Puno,2014-07-14,7.14,13.81,-0.17,47.53,0.0,1.64,62.5,-15.84,-70.02,3825
Puno,2014-07-15,6.99,14.21,0.11,40.07,0.0,2.78,62.47,-15.84,-70.02,3825
Puno,2014-07-16,5.69,9.68,0.8,52.6,0.0,1.27,62.49,-15.84,-70.02,3825
Puno,2014-07-17,5.2,12.5,-1.94,45.29,0.0,1.54,62.44,-15.84,-70.02,3825
Puno,2014-07-18,3.37,7.01,0.16,73.59,0.16,1.93,62.46,-15.84,-70.02,3825
Puno,2014-07-19,2.47,6.47,-0.36,78.66,2.09,2.43,62.41,-15.84,-70.02,3825
Puno,2014-07-20,3.41,9.79,-0.66,74.8,1.0,1.97,62.34,-15.84,-70.02,3825
Puno,2014-07-21,4.01,11.76,-1.86,54.84,0.02,3.03,62.28,-15.84,-70.02,3825
Puno,2014-07-22,3.62,13.88,-3.74,46.88,0.0,3.66,62.15,-15.84,-70.02,3825
Puno,2014-07-23,2.31,12.59,-4.42,36.66,0.0,4.45,62.15,-15.84,-70.02,3825
Puno,2014-07-24,4.37,13.67,-4.26,32.62,0.03,2.24,62.13,-15.84,-70.02,3825
Puno,2014-07-25,3.45,10.76,-2.47,38.2,0.01,4.22,62.13,-15.84,-70.02,3825
Puno,2014-07-26,3.68,13.23,-2.72,33.94,0.0,3.12,62.2,-15.84,-70.02,3825
Puno,2014-07-27,2.63,12.18,-4.52,25.58,0.0,3.34,62.27,-15.84,-70.02,3825
Puno,2014-07-28,4.27,12.9,-3.54,31.08,0.0,1.56,62.33,-15.84,-70.02,3825
Puno,2014-07-29,5.51,12.68,-0.95,35.51,0.0,1.28,62.39,-15.84,-70.02,3825
Puno,2014-07-30,5.07,12.09,-0.34,47.87,0.0,1.97,62.46,-15.84,-70.02,3825
Puno,2014-07-31,5.54,13.29,-0.21,45.39,0.0,1.73,62.39,-15.84,-70.02,3825
Puno,2014-08-01,5.41,13.92,-1.99,38.03,0.0,2.7,62.37,-15.84,-70.02,3825
Puno,2014-08-02,5.7,12.98,-0.07,56.88,0.0,2.16,62.44,-15.84,-70.02,3825
Puno,2014-08-03,6.73,14.73,0.14,42.99,0.0,2.24,62.4,-15.84,-70.02,3825
Puno,2014-08-04,6.24,14.61,0.29,45.86,0.0,3.28,62.45,-15.84,-70.02,3825
Puno,2014-08-05,5.79,13.27,0.17,68.9,0.0,2.14,62.47,-15.84,-70.02,3825
Puno,2014-08-06,6.89,14.88,-0.4,51.29,0.0,1.37,62.3,-15.84,-70.02,3825
Puno,2014-08-07,5.34,12.73,0.22,61.37,0.03,3.17,62.3,-15.84,-70.02,3825
Puno,2014-08-08,4.72,10.17,1.26,78.86,3.62,3.91,62.33,-15.84,-70.02,3825
Puno,2014-08-09,5.83,13.53,-0.12,66.48,0.06,2.42,62.28,-15.84,-70.02,3825
Puno,2014-08-10,6.88,14.71,0.91,55.23,0.0,1.67,62.25,-15.84,-70.02,3825
Puno,2014-08-11,6.7,13.91,-0.87,52.31,0.0,1.62,62.31,-15.84,-70.02,3825
Puno,2014-08-12,7.3,15.63,-1.0,49.2,0.0,1.63,62.33,-15.84,-70.02,3825
Puno,2014-08-13,6.59,12.01,2.27,59.3,0.01,1.94,62.38,-15.84,-70.02,3825
Puno,2014-08-14,6.22,12.67,1.5,60.07,0.01,0.99,62.32,-15.84,-70.02,3825
Puno,2014-08-15,5.87,11.49,1.82,59.14,1.47,1.7,62.43,-15.84,-70.02,3825
Puno,2014-08-16,6.76,13.98,0.61,59.96,0.04,1.74,62.47,-15.84,-70.02,3825
Puno,2014-08-17,7.11,14.47,2.33,61.11,0.0,1.73,62.37,-15.84,-70.02,3825
Puno,2014-08-18,6.02,12.72,1.05,65.89,0.22,2.16,62.31,-15.84,-70.02,3825
Puno,2014-08-19,5.56,10.96,1.35,66.69,0.04,2.92,62.34,-15.84,-70.02,3825
Puno,2014-08-20,6.08,12.56,0.63,64.4,0.0,3.05,62.36,-15.84,-70.02,3825
Puno,2014-08-21,7.57,14.85,1.92,51.63,0.0,1.95,62.28,-15.84,-70.02,3825
Puno,2014-08-22,6.48,15.64,-1.72,42.46,0.0,2.17,62.26,-15.84,-70.02,3825
Puno,2014-08-23,6.18,15.73,-2.39,35.33,0.0,2.12,62.18,-15.84,-70.02,3825
Puno,2014-08-24,5.92,15.01,-2.45,35.12,0.0,1.89,62.11,-15.84,-70.02,3825
Puno,2014-08-25,6.75,14.28,-1.11,39.82,0.0,1.9,62.15,-15.84,-70.02,3825
Puno,2014-08-26,6.31,14.07,-1.02,39.81,0.0,2.15,62.18,-15.84,-70.02,3825
Puno,2014-08-27,6.28,14.48,-0.06,36.45,0.0,1.87,62.23,-15.84,-70.02,3825
Puno,2014-08-28,6.9,13.76,0.81,53.56,0.0,2.93,62.24,-15.84,-70.02,3825
Puno,2014-08-29,6.51,12.75,1.98,71.73,0.87,2.73,62.27,-15.84,-70.02,3825
Puno,2014-08-30,4.23,9.44,0.86,74.17,0.49,2.09,62.37,-15.84,-70.02,3825
Puno,2014-08-31,5.43,11.27,0.35,70.24,3.44,2.0,62.34,-15.84,-70.02,3825
Puno,2014-09-01,4.65,11.1,0.71,71.48,2.95,2.26,62.32,-15.84,-70.02,3825
Puno,2014-09-02,6.77,13.72,-0.61,52.99,2.29,1.84,62.22,-15.84,-70.02,3825
Puno,2014-09-03,6.38,11.96,2.08,62.02,0.84,1.99,62.25,-15.84,-70.02,3825
Puno,2014-09-04,4.34,10.33,1.24,71.21,0.91,2.1,62.31,-15.84,-70.02,3825
Puno,2014-09-05,5.81,12.37,1.27,56.47,2.26,1.88,62.33,-15.84,-70.02,3825
Puno,2014-09-06,7.15,12.79,1.25,52.97,2.53,1.88,62.3,-15.84,-70.02,3825
Puno,2014-09-07,6.59,12.16,2.43,71.74,1.9,2.26,62.34,-15.84,-70.02,3825
Puno,2014-09-08,7.35,15.15,-0.12,51.57,0.72,2.15,62.4,-15.84,-70.02,3825
Puno,2014-09-09,9.13,16.11,3.74,54.27,0.08,1.6,62.31,-15.84,-70.02,3825
Puno,2014-09-10,8.96,16.64,1.51,51.49,0.03,3.12,62.17,-15.84,-70.02,3825
Puno,2014-09-11,7.26,10.47,4.4,72.52,1.25,3.04,62.15,-15.84,-70.02,3825
Puno,2014-09-12,5.63,10.01,1.68,75.36,1.44,2.27,62.14,-15.84,-70.02,3825
Puno,2014-09-13,6.56,13.72,1.45,65.92,1.79,1.37,62.22,-15.84,-70.02,3825
Puno,2014-09-14,7.21,15.87,0.01,54.91,0.04,2.18,62.34,-15.84,-70.02,3825
Puno,2014-09-15,8.39,15.14,3.43,66.59,0.0,3.64,62.43,-15.84,-70.02,3825
Puno,2014-09-16,8.81,15.69,4.18,63.76,0.0,1.66,62.38,-15.84,-70.02,3825
Puno,2014-09-17,7.64,14.16,3.53,64.43,0.0,2.43,62.27,-15.84,-70.02,3825
Puno,2014-09-18,5.82,12.41,1.1,67.07,0.9,2.32,62.25,-15.84,-70.02,3825
Puno,2014-09-19,6.41,16.0,-1.39,35.24,0.02,2.33,62.21,-15.84,-70.02,3825
Puno,2014-09-20,7.02,14.93,-1.75,44.45,0.02,2.74,62.25,-15.84,-70.02,3825
Puno,2014-09-21,7.94,16.07,1.39,61.22,2.24,1.84,62.27,-15.84,-70.02,3825
Puno,2014-09-22,7.47,14.68,2.1,59.47,5.2,1.83,62.24,-15.84,-70.02,3825
Puno,2014-09-23,8.04,15.43,1.28,57.71,1.29,2.08,62.22,-15.84,-70.02,3825
Puno,2014-09-24,9.35,17.82,2.36,51.64,0.07,1.99,62.23,-15.84,-70.02,3825
Puno,2014-09-25,9.06,17.29,1.5,43.09,0.0,1.91,62.24,-15.84,-70.02,3825
Puno,2014-09-26,8.23,13.87,4.01,60.8,0.14,1.94,62.29,-15.84,-70.02,3825
Puno,2014-09-27,8.72,16.11,2.84,62.45,0.18,2.89,62.29,-15.84,-70.02,3825
Puno,2014-09-28,7.88,15.7,1.82,66.67,49.01,2.76,62.31,-15.84,-70.02,3825
Puno,2014-09-29,4.98,10.15,1.33,74.5,19.79,1.11,62.33,-15.84,-70.02,3825
Puno,2014-09-30,5.96,11.68,1.83,72.71,0.95,1.48,62.36,-15.84,-70.02,3825
Puno,2014-10-01,5.91,9.68,2.35,76.04,3.71,2.82,62.4,-15.84,-70.02,3825
Puno,2014-10-02,7.09,13.65,1.61,67.08,6.11,3.65,62.45,-15.84,-70.02,3825
Puno,2014-10-03,7.08,12.81,1.63,70.02,2.87,2.82,62.42,-15.84,-70.02,3825
Puno,2014-10-04,7.15,12.56,2.07,71.1,0.01,2.87,62.29,-15.84,-70.02,3825
Puno,2014-10-05,8.64,14.83,3.97,68.86,0.0,3.71,62.29,-15.84,-70.02,3825
Puno,2014-10-06,8.87,13.78,4.88,70.17,0.31,3.38,62.34,-15.84,-70.02,3825
Puno,2014-10-07,9.1,14.79,4.81,67.86,0.78,2.14,62.32,-15.84,-70.02,3825
Puno,2014-10-08,8.7,13.91,5.42,72.31,0.23,2.91,62.23,-15.84,-70.02,3825
Puno,2014-10-09,9.78,16.06,3.7,57.55,0.01,2.08,62.19,-15.84,-70.02,3825
Puno,2014-10-10,9.64,15.12,4.95,64.31,0.0,3.86,62.27,-15.84,-70.02,3825
Puno,2014-10-11,8.99,15.61,4.08,68.1,1.7,3.98,62.44,-15.84,-70.02,3825
Puno,2014-10-12,9.2,15.35,4.5,64.75,0.39,3.62,62.45,-15.84,-70.02,3825
Puno,2014-10-13,8.77,15.25,3.56,61.33,0.0,3.97,62.52,-15.84,-70.02,3825
Puno,2014-10-14,8.3,15.06,2.96,58.02,0.0,3.93,62.6,-15.84,-70.02,3825
Puno,2014-10-15,7.67,14.81,1.01,59.35,0.0,3.52,62.63,-15.84,-70.02,3825
Puno,2014-10-16,8.23,15.68,2.04,60.75,0.0,3.15,62.55,-15.84,-70.02,3825
Puno,2014-10-17,9.1,16.06,3.94,62.34,0.0,3.25,62.42,-15.84,-70.02,3825
Puno,2014-10-18,9.73,15.39,4.66,53.22,0.0,2.02,62.25,-15.84,-70.02,3825
Puno,2014-10-19,6.34,9.42,3.66,68.68,2.35,2.22,62.28,-15.84,-70.02,3825
Puno,2014-10-20,6.05,10.07,3.37,77.12,6.95,2.8,62.25,-15.84,-70.02,3825
Puno,2014-10-21,6.74,12.96,3.07,72.54,6.98,2.41,62.27,-15.84,-70.02,3825
Puno,2014-10-22,6.75,12.47,2.38,74.57,2.49,2.69,62.33,-15.84,-70.02,3825
Puno,2014-10-23,8.93,16.92,1.32,57.22,1.62,1.98,62.32,-15.84,-70.02,3825
Puno,2014-10-24,8.66,16.37,0.48,58.48,0.57,2.49,62.28,-15.84,-70.02,3825
Puno,2014-10-25,9.13,14.37,5.42,66.95,0.78,3.51,62.25,-15.84,-70.02,3825
Puno,2014-10-26,9.33,15.39,5.03,62.4,0.28,3.33,62.2,-15.84,-70.02,3825
Puno,2014-10-27,9.8,15.62,4.55,55.76,0.03,2.31,62.18,-15.84,-70.02,3825
Puno,2014-10-28,10.87,18.45,4.58,49.9,0.03,1.73,62.18,-15.84,-70.02,3825
Puno,2014-10-29,9.47,19.15,-0.49,42.16,0.01,2.39,62.08,-15.84,-70.02,3825
Puno,2014-10-30,10.34,18.32,1.22,43.13,0.0,2.01,62.04,-15.84,-70.02,3825
Puno,2014-10-31,10.29,17.46,6.13,58.63,0.0,2.84,62.15,-15.84,-70.02,3825
Puno,2014-11-01,10.04,15.62,5.78,54.84,0.0,2.5,62.23,-15.84,-70.02,3825
Puno,2014-11-02,9.42,15.53,4.68,56.79,0.23,1.39,62.24,-15.84,-70.02,3825
Puno,2014-11-03,10.16,18.51,0.74,39.7,0.02,2.29,62.16,-15.84,-70.02,3825
Puno,2014-11-04,10.4,18.22,3.2,47.99,0.0,3.78,62.22,-15.84,-70.02,3825
Puno,2014-11-05,10.22,15.04,6.29,64.37,0.0,3.45,62.37,-15.84,-70.02,3825
Puno,2014-11-06,10.45,17.6,4.35,56.78,0.0,3.41,62.48,-15.84,-70.02,3825
Puno,2014-11-07,11.45,18.85,5.77,48.91,0.0,2.72,62.4,-15.84,-70.02,3825
Puno,2014-11-08,11.7,19.11,5.4,53.82,0.01,3.12,62.32,-15.84,-70.02,3825
Puno,2014-11-09,9.99,16.54,5.32,61.86,0.0,1.84,62.32,-15.84,-70.02,3825
Puno,2014-11-10,9.98,16.36,2.15,50.04,0.0,2.09,62.28,-15.84,-70.02,3825
Puno,2014-11-11,10.31,15.64,4.54,49.03,0.0,2.29,62.19,-15.84,-70.02,3825
Puno,2014-11-12,10.71,18.65,2.75,40.51,0.0,2.44,62.09,-15.84,-70.02,3825
Puno,2014-11-13,10.3,18.62,2.55,43.75,0.04,1.59,62.03,-15.84,-70.02,3825
Puno,2014-11-14,8.51,13.99,4.13,67.34,0.01,3.17,62.11,-15.84,-70.02,3825
Puno,2014-11-15,7.66,14.21,2.96,71.22,0.1,3.94,62.21,-15.84,-70.02,3825
Puno,2014-11-16,7.17,13.68,2.24,71.96,2.23,4.27,62.28,-15.84,-70.02,3825
Puno,2014-11-17,7.54,14.56,1.82,66.36,1.04,2.43,62.25,-15.84,-70.02,3825
Puno,2014-11-18,9.12,19.0,1.09,38.56,0.0,3.62,62.09,-15.84,-70.02,3825
Puno,2014-11-19,8.13,18.12,-2.38,39.29,0.0,1.89,62.05,-15.84,-70.02,3825
Puno,2014-11-20,9.63,17.29,1.85,45.62,0.0,1.68,62.05,-15.84,-70.02,3825
Puno,2014-11-21,8.93,16.15,4.26,60.85,0.01,2.06,62.12,-15.84,-70.02,3825
Puno,2014-11-22,9.7,15.86,4.77,49.2,0.25,2.41,62.15,-15.84,-70.02,3825
Puno,2014-11-23,7.44,14.07,2.12,61.41,2.31,2.95,62.15,-15.84,-70.02,3825
Puno,2014-11-24,10.54,18.42,4.53,42.43,0.05,1.62,62.08,-15.84,-70.02,3825
Puno,2014-11-25,9.56,19.35,0.22,30.7,0.0,2.37,62.12,-15.84,-70.02,3825
Puno,2014-11-26,9.7,17.66,2.0,38.34,0.01,1.81,62.12,-15.84,-70.02,3825
Puno,2014-11-27,9.38,15.36,3.66,59.7,0.0,3.59,62.2,-15.84,-70.02,3825
Puno,2014-11-28,9.77,15.8,5.04,64.28,0.01,4.21,62.19,-15.84,-70.02,3825
Puno,2014-11-29,10.04,16.08,4.13,62.22,0.0,1.88,62.16,-15.84,-70.02,3825
Puno,2014-11-30,9.31,15.64,4.92,63.22,1.2,2.56,62.18,-15.84,-70.02,3825
Puno,2014-12-01,10.47,17.08,5.29,57.67,1.9,2.32,62.16,-15.84,-70.02,3825
Puno,2014-12-02,11.98,19.95,4.75,48.23,0.03,2.68,62.07,-15.84,-70.02,3825
Puno,2014-12-03,9.42,12.49,7.17,72.69,4.33,3.25,62.16,-15.84,-70.02,3825
Puno,2014-12-04,10.12,16.3,5.55,64.82,0.91,4.12,62.27,-15.84,-70.02,3825
Puno,2014-12-05,9.62,16.36,2.82,50.94,0.0,3.42,62.32,-15.84,-70.02,3825
Puno,2014-12-06,11.14,17.59,6.01,55.62,0.0,2.15,62.21,-15.84,-70.02,3825
Puno,2014-12-07,10.96,18.45,3.45,50.22,2.81,2.78,62.11,-15.84,-70.02,3825
Puno,2014-12-08,10.52,16.96,5.36,57.85,0.71,2.16,62.11,-15.84,-70.02,3825
Puno,2014-12-09,8.43,14.13,4.3,64.45,0.0,3.01,62.06,-15.84,-70.02,3825
Puno,2014-12-10,10.39,16.83,3.79,48.03,0.01,2.52,62.12,-15.84,-70.02,3825
Puno,2014-12-11,9.64,15.77,4.27,63.45,0.26,3.46,62.24,-15.84,-70.02,3825
Puno,2014-12-12,10.17,17.52,4.39,61.81,0.31,2.47,62.25,-15.84,-70.02,3825
Puno,2014-12-13,10.07,15.25,4.26,48.88,0.54,2.63,62.19,-15.84,-70.02,3825
Puno,2014-12-14,8.75,15.34,4.72,68.9,0.19,2.91,62.17,-15.84,-70.02,3825
Puno,2014-12-15,9.26,15.48,4.98,66.75,0.19,2.99,62.2,-15.84,-70.02,3825
Puno,2014-12-16,10.62,17.11,4.69,62.27,1.72,2.0,62.24,-15.84,-70.02,3825
Puno,2014-12-17,8.63,13.74,5.84,70.56,3.69,1.9,62.2,-15.84,-70.02,3825
Puno,2014-12-18,7.16,9.44,5.03,78.38,10.56,2.39,62.1,-15.84,-70.02,3825
Puno,2014-12-19,8.64,14.18,4.39,64.52,0.43,2.29,61.99,-15.84,-70.02,3825
Puno,2014-12-20,10.16,19.22,3.15,50.26,0.02,3.06,61.96,-15.84,-70.02,3825
Puno,2014-12-21,9.78,19.77,0.03,36.2,0.0,2.21,62.06,-15.84,-70.02,3825
Puno,2014-12-22,10.43,17.06,3.95,52.88,0.08,3.14,62.12,-15.84,-70.02,3825
Puno,2014-12-23,8.69,16.37,3.09,67.33,2.32,2.67,62.18,-15.84,-70.02,3825
Puno,2014-12-24,11.0,18.65,4.54,57.29,3.05,1.65,62.13,-15.84,-70.02,3825
Puno,2014-12-25,10.3,15.52,5.34,54.89,1.51,2.44,62.2,-15.84,-70.02,3825
Puno,2014-12-26,8.8,15.19,4.87,70.42,6.48,3.68,62.34,-15.84,-70.02,3825
Puno,2014-12-27,9.4,15.2,4.34,71.04,16.73,3.36,62.34,-15.84,-70.02,3825
Puno,2014-12-28,8.61,14.11,5.25,75.91,1.74,3.38,62.28,-15.84,-70.02,3825
Puno,2014-12-29,9.0,14.89,4.56,67.6,2.68,1.76,62.24,-15.84,-70.02,3825
Puno,2014-12-30,8.8,13.74,5.69,71.19,1.52,2.64,62.16,-15.84,-70.02,3825
Puno,2014-12-31,10.87,19.04,4.25,42.96,0.11,1.43,62.09,-15.84,-70.02,3825
Puno,2015-01-01,9.81,17.14,3.42,54.78,0.13,2.12,62.15,-15.84,-70.02,3825
Puno,2015-01-02,6.84,10.83,2.83,72.99,6.6,1.62,62.23,-15.84,-70.02,3825
Puno,2015-01-03,8.33,14.41,2.39,63.49,0.73,1.94,62.26,-15.84,-70.02,3825
Puno,2015-01-04,6.85,13.62,2.05,73.16,2.53,2.79,62.31,-15.84,-70.02,3825
Puno,2015-01-05,7.54,12.78,2.71,70.84,8.66,2.1,62.26,-15.84,-70.02,3825
Puno,2015-01-06,7.97,14.57,2.28,67.3,0.8,1.99,62.21,-15.84,-70.02,3825
Puno,2015-01-07,7.96,13.06,4.29,68.45,1.41,2.49,62.19,-15.84,-70.02,3825
Puno,2015-01-08,8.11,14.04,3.85,73.0,1.06,3.41,62.18,-15.84,-70.02,3825
Puno,2015-01-09,8.22,13.85,3.42,71.89,0.49,3.43,62.31,-15.84,-70.02,3825
Puno,2015-01-10,8.15,13.53,4.45,73.85,5.18,3.15,62.32,-15.84,-70.02,3825
Puno,2015-01-11,7.93,14.49,2.85,70.63,1.24,2.68,62.22,-15.84,-70.02,3825
Puno,2015-01-12,7.69,14.18,2.7,63.11,5.73,2.16,62.15,-15.84,-70.02,3825
Puno,2015-01-13,9.26,17.56,1.39,50.24,1.19,1.68,62.11,-15.84,-70.02,3825
Puno,2015-01-14,8.59,14.92,3.73,51.0,0.03,2.62,62.2,-15.84,-70.02,3825
Puno,2015-01-15,9.37,15.12,4.64,54.81,2.99,1.89,62.25,-15.84,-70.02,3825
Puno,2015-01-16,9.46,16.83,3.3,56.59,0.62,3.33,62.29,-15.84,-70.02,3825
Puno,2015-01-17,8.59,14.19,3.4,63.22,3.51,2.9,62.26,-15.84,-70.02,3825
Puno,2015-01-18,7.58,13.36,2.11,72.95,1.94,1.77,62.23,-15.84,-70.02,3825
Puno,2015-01-19,7.3,14.7,2.27,72.51,0.49,2.75,62.2,-15.84,-70.02,3825
Puno,2015-01-20,6.48,12.36,2.11,77.44,3.55,4.26,62.22,-15.84,-70.02,3825
Puno,2015-01-21,7.46,13.12,3.29,74.6,1.2,5.69,62.34,-15.84,-70.02,3825
Puno,2015-01-22,8.6,15.08,2.83,68.83,0.53,3.83,62.33,-15.84,-70.02,3825
Puno,2015-01-23,8.91,14.69,4.69,70.42,1.5,4.29,62.32,-15.84,-70.02,3825
Puno,2015-01-24,9.05,14.66,4.79,68.33,0.32,3.3,62.26,-15.84,-70.02,3825
Puno,2015-01-25,8.92,14.64,4.64,66.59,0.16,2.78,62.17,-15.84,-70.02,3825
Puno,2015-01-26,7.77,12.58,4.88,72.44,0.31,2.71,62.13,-15.84,-70.02,3825
Puno,2015-01-27,9.42,15.43,4.01,64.02,0.0,3.23,62.13,-15.84,-70.02,3825
Puno,2015-01-28,8.03,15.0,3.08,73.82,0.09,3.66,62.11,-15.84,-70.02,3825
Puno,2015-01-29,7.48,13.33,2.4,74.61,2.09,2.98,62.2,-15.84,-70.02,3825
Puno,2015-01-30,7.25,13.09,3.09,78.43,2.15,4.31,62.28,-15.84,-70.02,3825
Puno,2015-01-31,8.14,14.18,4.13,75.13,1.01,4.72,62.35,-15.84,-70.02,3825
Puno,2015-02-01,8.57,14.14,4.3,72.52,2.07,4.37,62.41,-15.84,-70.02,3825
Puno,2015-02-02,9.47,16.04,4.71,66.57,0.08,3.7,62.42,-15.84,-70.02,3825
Puno,2015-02-03,10.2,16.78,5.26,65.46,0.01,3.28,62.37,-15.84,-70.02,3825
Puno,2015-02-04,9.42,13.65,6.83,67.23,0.16,1.39,62.26,-15.84,-70.02,3825
Puno,2015-02-05,9.27,13.71,5.53,63.65,0.14,1.51,62.2,-15.84,-70.02,3825
Puno,2015-02-06,8.09,12.38,4.78,71.13,0.62,1.76,62.21,-15.84,-70.02,3825
Puno,2015-02-07,8.05,13.61,3.83,71.35,1.67,3.89,62.2,-15.84,-70.02,3825
Puno,2015-02-08,8.86,15.15,3.46,69.75,2.05,4.21,62.18,-15.84,-70.02,3825
Puno,2015-02-09,8.68,15.26,4.93,74.11,7.97,2.3,62.09,-15.84,-70.02,3825
Puno,2015-02-10,8.4,14.98,3.42,69.86,9.45,2.29,62.14,-15.84,-70.02,3825
Puno,2015-02-11,7.81,12.64,3.78,78.82,9.19,2.74,62.28,-15.84,-70.02,3825
Puno,2015-02-12,9.46,15.77,4.09,72.19,2.89,3.45,62.36,-15.84,-70.02,3825
Puno,2015-02-13,9.98,15.05,5.35,72.57,1.03,3.98,62.37,-15.84,-70.02,3825
Puno,2015-02-14,10.42,15.8,6.02,71.28,1.49,2.8,62.28,-15.84,-70.02,3825
Puno,2015-02-15,8.62,13.08,5.04,72.63,3.0,1.71,62.25,-15.84,-70.02,3825
Puno,2015-02-16,9.67,13.3,6.61,70.03,0.17,2.3,62.22,-15.84,-70.02,3825
Puno,2015-02-17,10.17,15.58,6.71,66.83,0.02,2.22,62.2,-15.84,-70.02,3825
Puno,2015-02-18,11.19,20.37,3.02,48.17,0.0,2.47,62.1,-15.84,-70.02,3825
Puno,2015-02-19,9.05,18.79,-1.5,47.07,0.0,1.68,62.04,-15.84,-70.02,3825
Puno,2015-02-20,9.17,16.3,2.62,63.81,0.12,2.2,62.05,-15.84,-70.02,3825
Puno,2015-02-21,6.88,12.73,2.64,76.44,1.64,3.37,62.18,-15.84,-70.02,3825
Puno,2015-02-22,9.09,15.34,4.19,69.93,0.75,4.13,62.28,-15.84,-70.02,3825
Puno,2015-02-23,8.34,13.45,4.37,74.33,0.25,4.58,62.35,-15.84,-70.02,3825
Puno,2015-02-24,9.2,16.02,3.97,67.81,0.01,4.35,62.33,-15.84,-70.02,3825
Puno,2015-02-25,9.77,16.74,3.97,63.75,0.0,3.65,62.28,-15.84,-70.02,3825
Puno,2015-02-26,9.99,16.76,5.3,66.47,0.01,3.79,62.23,-15.84,-70.02,3825
Puno,2015-02-27,8.86,14.46,4.96,70.34,6.42,2.4,62.24,-15.84,-70.02,3825
Puno,2015-02-28,8.46,14.05,4.16,72.12,3.04,2.79,62.26,-15.84,-70.02,3825
Puno,2015-03-01,8.84,15.26,2.45,70.72,2.83,2.71,62.29,-15.84,-70.02,3825
Puno,2015-03-02,9.89,15.29,5.48,68.94,2.24,2.87,62.22,-15.84,-70.02,3825
Puno,2015-03-03,9.56,13.59,6.54,72.45,6.86,2.76,62.16,-15.84,-70.02,3825
Puno,2015-03-04,8.61,13.45,5.47,76.64,13.47,3.36,62.18,-15.84,-70.02,3825
Puno,2015-03-05,8.31,14.08,4.61,78.38,4.98,4.14,62.23,-15.84,-70.02,3825
Puno,2015-03-06,9.02,13.89,5.17,78.15,9.55,3.87,62.24,-15.84,-70.02,3825
Puno,2015-03-07,9.38,14.49,5.31,76.53,3.03,4.25,62.28,-15.84,-70.02,3825
Puno,2015-03-08,8.85,13.64,5.92,77.99,0.49,3.67,62.28,-15.84,-70.02,3825
Puno,2015-03-09,10.14,16.45,5.07,66.32,0.53,3.52,62.32,-15.84,-70.02,3825
Puno,2015-03-10,10.0,15.98,5.54,71.65,0.35,3.88,62.37,-15.84,-70.02,3825
Puno,2015-03-11,9.3,15.34,5.35,70.89,0.01,1.91,62.39,-15.84,-70.02,3825
Puno,2015-03-12,10.43,15.57,6.6,67.52,0.0,2.17,62.29,-15.84,-70.02,3825
Puno,2015-03-13,10.59,15.28,6.57,66.36,1.61,1.79,62.17,-15.84,-70.02,3825
Puno,2015-03-14,9.16,14.5,5.64,72.85,0.89,2.67,62.23,-15.84,-70.02,3825
Puno,2015-03-15,8.17,12.77,4.26,74.58,0.26,3.78,62.33,-15.84,-70.02,3825
Puno,2015-03-16,8.76,14.51,4.44,67.45,0.02,3.26,62.38,-15.84,-70.02,3825
Puno,2015-03-17,9.22,14.98,5.16,69.21,0.28,3.51,62.32,-15.84,-70.02,3825
Puno,2015-03-18,7.6,12.15,3.99,74.38,0.8,4.04,62.34,-15.84,-70.02,3825
Puno,2015-03-19,8.33,14.35,3.43,71.43,0.8,3.41,62.33,-15.84,-70.02,3825
Puno,2015-03-20,9.11,15.25,4.63,68.87,1.82,2.83,62.34,-15.84,-70.02,3825
Puno,2015-03-21,7.5,11.43,5.28,79.09,5.38,3.51,62.41,-15.84,-70.02,3825
Puno,2015-03-22,7.76,14.4,3.16,73.12,0.96,3.25,62.4,-15.84,-70.02,3825
Puno,2015-03-23,6.95,13.56,1.55,63.09,0.58,3.16,62.42,-15.84,-70.02,3825
Puno,2015-03-24,7.35,15.07,0.19,60.15,1.63,2.73,62.32,-15.84,-70.02,3825
Puno,2015-03-25,6.62,13.17,1.61,74.94,7.88,1.87,62.28,-15.84,-70.02,3825
Puno,2015-03-26,6.51,13.34,1.8,72.44,18.62,1.56,62.22,-15.84,-70.02,3825
Puno,2015-03-27,7.58,13.94,1.43,56.46,0.81,1.37,62.29,-15.84,-70.02,3825
Puno,2015-03-28,9.39,17.5,3.49,45.86,0.06,0.68,62.41,-15.84,-70.02,3825
Puno,2015-03-29,9.62,17.06,3.56,50.33,0.08,1.28,62.38,-15.84,-70.02,3825
Puno,2015-03-30,8.03,14.07,2.65,64.27,0.12,2.26,62.32,-15.84,-70.02,3825
Puno,2015-03-31,8.62,14.61,4.39,70.26,0.01,2.89,62.28,-15.84,-70.02,3825
Puno,2015-04-01,7.81,14.56,2.63,72.58,0.14,3.03,62.34,-15.84,-70.02,3825
Puno,2015-04-02,8.94,15.93,3.83,68.99,6.45,1.95,62.36,-15.84,-70.02,3825
Puno,2015-04-03,10.39,17.69,3.62,60.7,6.14,1.67,62.22,-15.84,-70.02,3825
Puno,2015-04-04,9.78,14.08,6.21,67.85,0.0,2.14,62.15,-15.84,-70.02,3825
Puno,2015-04-05,9.58,16.16,4.48,65.93,0.0,3.52,62.24,-15.84,-70.02,3825
Puno,2015-04-06,6.75,10.28,3.93,78.81,0.0,3.48,62.36,-15.84,-70.02,3825
Puno,2015-04-07,7.16,12.74,3.69,74.31,0.83,1.75,62.3,-15.84,-70.02,3825
Puno,2015-04-08,5.86,10.22,2.14,82.35,11.25,2.27,62.22,-15.84,-70.02,3825
Puno,2015-04-09,5.55,11.28,1.3,79.13,7.44,2.48,62.29,-15.84,-70.02,3825
Puno,2015-04-10,6.1,11.37,1.95,80.03,3.96,3.68,62.36,-15.84,-70.02,3825
Puno,2015-04-11,6.42,11.73,2.91,80.54,5.25,2.24,62.37,-15.84,-70.02,3825
Puno,2015-04-12,6.75,14.21,1.62,75.71,1.26,1.73,62.33,-15.84,-70.02,3825
Puno,2015-04-13,7.73,14.99,2.51,65.58,2.23,2.14,62.4,-15.84,-70.02,3825
Puno,2015-04-14,8.84,15.5,3.97,55.94,0.45,1.9,62.36,-15.84,-70.02,3825
Puno,2015-04-15,7.3,12.85,2.87,63.7,1.34,2.5,62.33,-15.84,-70.02,3825
Puno,2015-04-16,7.31,14.47,1.91,61.09,1.35,1.88,62.3,-15.84,-70.02,3825
Puno,2015-04-17,6.62,12.13,1.87,66.12,0.04,2.12,62.28,-15.84,-70.02,3825
Puno,2015-04-18,8.02,13.97,4.25,71.11,0.16,1.8,62.23,-15.84,-70.02,3825
Puno,2015-04-19,7.39,13.25,2.36,71.21,2.52,1.49,62.2,-15.84,-70.02,3825
Puno,2015-04-20,6.92,12.04,1.56,75.33,10.72,1.99,62.23,-15.84,-70.02,3825
Puno,2015-04-21,7.75,13.36,4.23,75.3,4.26,2.2,62.28,-15.84,-70.02,3825
Puno,2015-04-22,7.57,13.6,2.91,75.39,0.34,3.15,62.31,-15.84,-70.02,3825
Puno,2015-04-23,7.39,14.33,2.22,75.68,0.29,3.53,62.36,-15.84,-70.02,3825
Puno,2015-04-24,7.71,13.19,3.7,77.02,2.73,3.11,62.45,-15.84,-70.02,3825
Puno,2015-04-25,7.74,13.58,4.03,74.77,0.83,3.65,62.5,-15.84,-70.02,3825
Puno,2015-04-26,8.54,14.38,3.99,70.72,0.15,2.0,62.43,-15.84,-70.02,3825
Puno,2015-04-27,9.0,14.55,5.44,69.73,0.14,2.44,62.36,-15.84,-70.02,3825
Puno,2015-04-28,7.47,11.14,4.93,80.53,0.73,2.12,62.32,-15.84,-70.02,3825
Puno,2015-04-29,7.64,13.7,3.42,73.61,0.09,2.6,62.34,-15.84,-70.02,3825
Puno,2015-04-30,7.76,13.12,3.97,74.09,0.01,2.15,62.32,-15.84,-70.02,3825
Puno,2015-05-01,7.75,16.8,1.62,63.99,0.02,1.35,62.23,-15.84,-70.02,3825
Puno,2015-05-02,6.34,16.42,-1.75,55.69,0.03,2.74,62.11,-15.84,-70.02,3825
Puno,2015-05-03,5.27,16.03,-3.62,47.43,0.03,3.0,62.15,-15.84,-70.02,3825
Puno,2015-05-04,6.26,16.33,-1.28,42.06,0.05,1.6,62.25,-15.84,-70.02,3825
Puno,2015-05-05,7.43,16.61,-0.85,45.22,0.03,1.04,62.28,-15.84,-70.02,3825
Puno,2015-05-06,7.4,14.02,1.57,62.02,0.0,2.46,62.31,-15.84,-70.02,3825
Puno,2015-05-07,6.99,11.4,2.67,72.36,0.69,2.7,62.28,-15.84,-70.02,3825
Puno,2015-05-08,6.92,13.97,1.81,72.53,0.02,1.65,62.33,-15.84,-70.02,3825
Puno,2015-05-09,7.6,15.58,1.93,56.91,0.0,1.7,62.31,-15.84,-70.02,3825
Puno,2015-05-10,7.38,15.38,-0.09,53.43,0.03,1.63,62.32,-15.84,-70.02,3825
Puno,2015-05-11,6.98,11.77,3.05,74.18,0.85,2.2,62.37,-15.84,-70.02,3825
Puno,2015-05-12,7.9,15.29,2.27,58.73,0.01,1.12,62.25,-15.84,-70.02,3825
Puno,2015-05-13,6.34,14.44,-0.76,57.14,0.0,2.2,62.22,-15.84,-70.02,3825
Puno,2015-05-14,5.32,14.98,-1.62,56.2,0.0,3.04,62.21,-15.84,-70.02,3825
Puno,2015-05-15,5.07,12.11,-1.98,44.5,0.0,2.1,62.21,-15.84,-70.02,3825
Puno,2015-05-16,3.38,6.05,1.55,59.97,0.02,1.42,62.41,-15.84,-70.02,3825
Puno,2015-05-17,6.41,13.51,1.12,64.28,0.02,1.72,62.39,-15.84,-70.02,3825
Puno,2015-05-18,7.57,16.01,0.76,59.25,0.0,1.52,62.41,-15.84,-70.02,3825
Puno,2015-05-19,6.93,13.36,0.61,59.49,0.0,1.43,62.44,-15.84,-70.02,3825
Puno,2015-05-20,7.43,13.77,1.85,54.21,0.0,1.53,62.37,-15.84,-70.02,3825
Puno,2015-05-21,5.44,14.77,-2.27,36.01,0.0,1.73,62.37,-15.84,-70.02,3825
Puno,2015-05-22,5.4,14.42,-2.91,37.25,0.0,1.76,62.36,-15.84,-70.02,3825
Puno,2015-05-23,5.07,15.55,-2.57,37.1,0.01,2.99,62.35,-15.84,-70.02,3825
Puno,2015-05-24,5.96,14.42,-1.74,38.17,0.02,1.99,62.32,-15.84,-70.02,3825
Puno,2015-05-25,6.26,12.92,2.93,75.53,0.01,2.23,62.33,-15.84,-70.02,3825
Puno,2015-05-26,5.48,11.98,0.52,69.07,0.26,1.86,62.3,-15.84,-70.02,3825
Puno,2015-05-27,5.42,15.24,-2.26,58.6,0.02,2.03,62.27,-15.84,-70.02,3825
Puno,2015-05-28,6.46,15.33,0.07,53.73,0.09,1.44,62.27,-15.84,-70.02,3825
Puno,2015-05-29,5.72,15.89,-1.28,42.23,0.0,3.03,62.18,-15.84,-70.02,3825
Puno,2015-05-30,5.95,14.49,-2.85,44.09,0.0,2.07,62.17,-15.84,-70.02,3825
Puno,2015-05-31,6.93,14.38,0.19,51.23,0.05,1.81,62.28,-15.84,-70.02,3825
Puno,2015-06-01,6.9,14.89,0.01,43.51,0.02,1.51,62.35,-15.84,-70.02,3825
Puno,2015-06-02,6.83,13.23,0.29,49.48,0.0,1.58,62.35,-15.84,-70.02,3825
Puno,2015-06-03,6.93,13.79,1.43,54.11,0.0,1.44,62.38,-15.84,-70.02,3825
Puno,2015-06-04,7.06,12.74,3.63,71.01,0.0,1.91,62.53,-15.84,-70.02,3825
Puno,2015-06-05,7.49,13.55,3.82,64.11,0.0,2.1,62.54,-15.84,-70.02,3825
Puno,2015-06-06,7.26,14.12,0.91,56.94,0.0,1.95,62.44,-15.84,-70.02,3825
Puno,2015-06-07,6.82,13.49,1.8,46.71,0.0,1.98,62.45,-15.84,-70.02,3825
Puno,2015-06-08,5.41,12.51,-0.17,43.62,0.0,1.82,62.39,-15.84,-70.02,3825
Puno,2015-06-09,6.31,14.34,-0.58,38.3,0.0,1.33,62.26,-15.84,-70.02,3825
Puno,2015-06-10,6.52,15.2,-1.15,42.11,0.0,1.65,62.28,-15.84,-70.02,3825
Puno,2015-06-11,6.69,15.24,-0.57,45.36,0.0,1.4,62.35,-15.84,-70.02,3825
Puno,2015-06-12,7.22,14.89,0.06,49.83,0.0,0.86,62.36,-15.84,-70.02,3825
Puno,2015-06-13,5.08,15.04,-2.62,37.29,0.0,1.81,62.27,-15.84,-70.02,3825
Puno,2015-06-14,5.52,14.98,-2.03,41.81,0.0,1.92,62.25,-15.84,-70.02,3825
Puno,2015-06-15,6.37,11.66,2.56,77.53,0.06,2.54,62.36,-15.84,-70.02,3825
Puno,2015-06-16,6.93,14.47,0.51,65.35,0.0,1.83,62.27,-15.84,-70.02,3825
Puno,2015-06-17,6.66,14.61,-0.36,49.22,0.0,2.24,62.28,-15.84,-70.02,3825
Puno,2015-06-18,5.45,13.48,-1.15,60.8,0.0,2.41,62.37,-15.84,-70.02,3825
Puno,2015-06-19,6.42,13.74,1.88,66.05,0.0,1.63,62.37,-15.84,-70.02,3825
Puno,2015-06-20,6.74,13.97,2.15,54.82,0.0,1.61,62.37,-15.84,-70.02,3825
Puno,2015-06-21,5.37,12.06,0.77,54.35,0.0,2.16,62.43,-15.84,-70.02,3825
Puno,2015-06-22,5.77,13.42,-0.89,65.58,0.0,1.97,62.38,-15.84,-70.02,3825
Puno,2015-06-23,6.79,13.68,2.46,73.68,0.0,2.16,62.44,-15.84,-70.02,3825
Puno,2015-06-24,6.89,12.83,2.92,70.14,0.0,2.09,62.48,-15.84,-70.02,3825
Puno,2015-06-25,7.06,13.82,2.56,70.69,0.0,1.8,62.46,-15.84,-70.02,3825
Puno,2015-06-26,6.87,13.29,2.83,73.22,0.0,2.4,62.49,-15.84,-70.02,3825
Puno,2015-06-27,7.29,14.5,2.6,67.25,0.01,1.88,62.48,-15.84,-70.02,3825
Puno,2015-06-28,6.73,14.18,0.54,49.71,0.0,1.66,62.37,-15.84,-70.02,3825
Puno,2015-06-29,4.45,14.22,-2.5,32.75,0.0,3.55,62.32,-15.84,-70.02,3825
Puno,2015-06-30,5.02,13.86,-2.67,34.64,0.07,1.86,62.33,-15.84,-70.02,3825
Puno,2015-07-01,5.71,13.83,-0.68,46.15,0.1,1.4,62.31,-15.84,-70.02,3825
Puno,2015-07-02,5.51,13.91,-1.31,39.16,0.01,1.57,62.22,-15.84,-70.02,3825
Puno,2015-07-03,4.0,10.41,0.26,60.63,0.4,2.04,62.17,-15.84,-70.02,3825
Puno,2015-07-04,2.98,8.38,-1.32,67.71,1.65,2.7,62.15,-15.84,-70.02,3825
Puno,2015-07-05,1.51,7.96,-2.27,44.84,0.0,3.51,62.19,-15.84,-70.02,3825
Puno,2015-07-06,0.92,9.6,-4.97,44.66,0.04,4.91,62.14,-15.84,-70.02,3825
Puno,2015-07-07,0.96,10.05,-4.99,40.73,0.0,4.71,62.16,-15.84,-70.02,3825
Puno,2015-07-08,3.13,11.76,-4.06,31.79,0.04,1.53,62.23,-15.84,-70.02,3825
Puno,2015-07-09,4.02,12.81,-2.47,24.35,0.01,1.34,62.29,-15.84,-70.02,3825
Puno,2015-07-10,4.76,13.44,-2.35,27.52,0.0,1.29,62.35,-15.84,-70.02,3825
Puno,2015-07-11,5.42,14.14,-1.31,31.72,0.0,1.21,62.38,-15.84,-70.02,3825
Puno,2015-07-12,4.31,13.65,-2.52,30.95,0.01,1.94,62.31,-15.84,-70.02,3825
Puno,2015-07-13,3.11,13.43,-3.61,31.29,0.0,4.21,62.12,-15.84,-70.02,3825
Puno,2015-07-14,3.34,13.57,-3.25,42.96,0.01,4.14,62.07,-15.84,-70.02,3825
Puno,2015-07-15,1.94,7.51,-3.27,49.32,0.0,2.23,62.28,-15.84,-70.02,3825
Puno,2015-07-16,3.15,12.94,-3.31,39.23,0.0,4.03,62.3,-15.84,-70.02,3825
Puno,2015-07-17,3.74,12.83,-2.95,37.18,0.0,1.73,62.41,-15.84,-70.02,3825
Puno,2015-07-18,4.32,13.77,-2.39,37.66,0.0,1.74,62.36,-15.84,-70.02,3825
Puno,2015-07-19,3.98,14.05,-2.7,34.61,0.0,2.6,62.39,-15.84,-70.02,3825
Puno,2015-07-20,4.39,14.42,-3.53,37.97,0.0,2.22,62.38,-15.84,-70.02,3825
Puno,2015-07-21,6.04,12.37,0.32,66.5,0.0,1.75,62.36,-15.84,-70.02,3825
Puno,2015-07-22,6.78,15.74,-0.51,59.98,0.0,2.19,62.31,-15.84,-70.02,3825
Puno,2015-07-23,6.8,14.43,-0.62,56.28,0.0,1.68,62.38,-15.84,-70.02,3825
Puno,2015-07-24,7.68,14.61,1.58,53.25,0.0,1.09,62.42,-15.84,-70.02,3825
Puno,2015-07-25,7.76,15.42,0.16,48.9,0.0,1.44,62.35,-15.84,-70.02,3825
Puno,2015-07-26,8.17,15.38,1.82,50.25,0.0,1.17,62.31,-15.84,-70.02,3825
Puno,2015-07-27,8.05,15.95,0.16,36.33,0.0,1.27,62.3,-15.84,-70.02,3825
Puno,2015-07-28,7.24,14.33,2.4,49.85,0.0,2.16,62.34,-15.84,-70.02,3825
Puno,2015-07-29,6.43,13.18,2.31,63.1,0.0,2.3,62.42,-15.84,-70.02,3825
Puno,2015-07-30,6.99,13.83,1.77,53.33,0.0,1.44,62.42,-15.84,-70.02,3825
Puno,2015-07-31,5.93,13.61,-1.21,40.08,0.0,2.44,62.39,-15.84,-70.02,3825
Puno,2015-08-01,7.1,13.98,1.14,57.32,0.0,1.54,62.31,-15.84,-70.02,3825
Puno,2015-08-02,7.68,15.88,-1.23,32.63,0.0,1.49,62.25,-15.84,-70.02,3825
Puno,2015-08-03,7.67,14.61,1.62,43.96,0.0,1.86,62.3,-15.84,-70.02,3825
Puno,2015-08-04,8.36,15.38,2.5,48.1,0.0,1.22,62.35,-15.84,-70.02,3825
Puno,2015-08-05,6.79,15.78,0.32,33.27,0.0,1.49,62.39,-15.84,-70.02,3825
Puno,2015-08-06,7.25,16.06,-0.56,32.88,0.0,2.13,62.32,-15.84,-70.02,3825
Puno,2015-08-07,7.23,15.37,0.66,44.48,0.0,2.15,62.25,-15.84,-70.02,3825
Puno,2015-08-08,8.56,16.61,3.24,56.37,0.07,2.54,62.1,-15.84,-70.02,3825
Puno,2015-08-09,4.17,12.01,-3.35,44.67,0.1,5.49,62.04,-15.84,-70.02,3825
Puno,2015-08-10,3.83,11.73,-4.0,36.8,0.0,2.96,62.1,-15.84,-70.02,3825
Puno,2015-08-11,3.04,8.25,-0.38,78.34,0.18,2.69,62.18,-15.84,-70.02,3825
Puno,2015-08-12,3.34,7.66,0.05,73.46,0.34,2.35,62.25,-15.84,-70.02,3825
Puno,2015-08-13,1.66,7.02,-0.52,72.4,0.4,1.21,62.29,-15.84,-70.02,3825
Puno,2015-08-14,4.51,13.76,-1.61,47.33,0.1,3.06,62.31,-15.84,-70.02,3825
Puno,2015-08-15,5.08,14.26,-3.06,39.5,0.01,2.17,62.3,-15.84,-70.02,3825
Puno,2015-08-16,6.42,14.83,-0.92,54.85,0.03,2.99,62.25,-15.84,-70.02,3825
Puno,2015-08-17,5.49,13.56,-0.14,61.36,0.01,2.88,62.31,-15.84,-70.02,3825
Puno,2015-08-18,3.22,7.34,-0.83,77.98,0.0,1.48,62.44,-15.84,-70.02,3825
Puno,2015-08-19,6.61,15.33,0.15,62.39,0.0,3.37,62.32,-15.84,-70.02,3825
Puno,2015-08-20,6.36,13.42,-1.2,60.53,0.0,1.87,62.36,-15.84,-70.02,3825
Puno,2015-08-21,7.33,13.15,3.21,67.43,0.0,2.02,62.29,-15.84,-70.02,3825
Puno,2015-08-22,7.1,15.53,-1.04,58.04,0.0,2.81,62.28,-15.84,-70.02,3825
Puno,2015-08-23,7.4,12.69,3.51,49.97,1.21,1.86,62.31,-15.84,-70.02,3825
Puno,2015-08-24,7.67,16.18,1.14,53.36,0.27,1.73,62.26,-15.84,-70.02,3825
Puno,2015-08-25,6.98,14.83,0.08,44.66,0.0,1.72,62.26,-15.84,-70.02,3825
Puno,2015-08-26,6.83,16.33,-1.24,33.18,0.0,1.56,62.25,-15.84,-70.02,3825
Puno,2015-08-27,6.3,15.67,-0.87,48.25,0.0,3.42,62.38,-15.84,-70.02,3825
Puno,2015-08-28,6.76,13.99,1.62,54.61,0.0,2.85,62.5,-15.84,-70.02,3825
Puno,2015-08-29,6.54,13.83,1.23,39.71,0.0,2.77,62.53,-15.84,-70.02,3825
Puno,2015-08-30,6.22,13.72,0.9,48.79,0.0,2.82,62.52,-15.84,-70.02,3825
Puno,2015-08-31,5.13,12.41,-0.4,47.05,0.0,2.85,62.53,-15.84,-70.02,3825
Puno,2015-09-01,5.4,12.38,-0.57,68.56,0.0,3.59,62.55,-15.84,-70.02,3825
Puno,2015-09-02,6.27,11.73,1.61,73.32,9.84,2.88,62.49,-15.84,-70.02,3825
Puno,2015-09-03,5.78,11.77,1.78,75.73,8.45,2.31,62.37,-15.84,-70.02,3825
Puno,2015-09-04,6.94,13.39,1.81,71.27,4.08,2.21,62.34,-15.84,-70.02,3825
Puno,2015-09-05,5.76,10.87,1.99,73.34,3.85,2.0,62.34,-15.84,-70.02,3825
Puno,2015-09-06,6.26,15.57,-1.13,48.81,0.04,2.94,62.28,-15.84,-70.02,3825
Puno,2015-09-07,5.38,16.58,-3.45,44.21,0.0,4.41,62.17,-15.84,-70.02,3825
Puno,2015-09-08,5.0,16.37,-4.19,26.99,0.0,3.86,62.14,-15.84,-70.02,3825
Puno,2015-09-09,5.7,17.23,-3.75,28.18,0.0,3.21,62.13,-15.84,-70.02,3825
Puno,2015-09-10,6.35,17.69,-2.63,25.33,0.0,3.23,62.17,-15.84,-70.02,3825
Puno,2015-09-11,7.11,17.05,-1.23,29.65,0.0,1.39,62.3,-15.84,-70.02,3825
Puno,2015-09-12,6.77,17.01,-1.61,29.88,0.0,2.63,62.35,-15.84,-70.02,3825
Puno,2015-09-13,7.43,17.37,-2.29,27.54,0.0,1.51,62.33,-15.84,-70.02,3825
Puno,2015-09-14,8.61,17.59,-0.56,30.39,0.0,1.23,62.31,-15.84,-70.02,3825
Puno,2015-09-15,9.01,16.62,0.89,43.77,0.05,1.72,62.39,-15.84,-70.02,3825
Puno,2015-09-16,8.87,16.32,1.24,52.37,0.03,2.37,62.33,-15.84,-70.02,3825
Puno,2015-09-17,9.34,16.59,3.52,52.63,0.07,1.45,62.27,-15.84,-70.02,3825
Puno,2015-09-18,6.75,13.52,2.71,61.69,5.51,1.62,62.36,-15.84,-70.02,3825
Puno,2015-09-19,6.0,12.75,1.68,74.83,1.64,1.8,62.38,-15.84,-70.02,3825
Puno,2015-09-20,9.19,16.23,3.22,56.09,0.03,1.35,62.32,-15.84,-70.02,3825
Puno,2015-09-21,8.5,14.66,2.76,62.75,0.0,2.55,62.28,-15.84,-70.02,3825
Puno,2015-09-22,9.19,15.05,4.92,69.44,0.1,2.48,62.21,-15.84,-70.02,3825
Puno,2015-09-23,9.36,16.95,3.66,53.68,0.72,1.93,62.18,-15.84,-70.02,3825
Puno,2015-09-24,8.99,15.62,2.89,52.8,0.06,3.3,62.25,-15.84,-70.02,3825
Puno,2015-09-25,9.22,15.77,4.65,59.64,0.42,1.8,62.23,-15.84,-70.02,3825
Puno,2015-09-26,8.17,16.31,1.91,42.73,0.07,2.34,62.27,-15.84,-70.02,3825
Puno,2015-09-27,7.71,17.06,-2.15,38.37,0.0,2.18,62.21,-15.84,-70.02,3825
Puno,2015-09-28,9.46,17.57,2.97,46.0,0.0,1.21,62.13,-15.84,-70.02,3825
Puno,2015-09-29,8.01,17.03,-0.65,34.02,0.0,1.8,62.02,-15.84,-70.02,3825
Puno,2015-09-30,7.64,15.99,-0.77,37.92,0.02,1.93,62.04,-15.84,-70.02,3825
Puno,2015-10-01,7.38,14.06,2.31,43.63,0.0,2.06,62.18,-15.84,-70.02,3825
Puno,2015-10-02,6.89,12.88,2.23,61.47,5.44,2.74,62.18,-15.84,-70.02,3825
Puno,2015-10-03,5.83,12.78,1.03,67.37,1.03,2.49,62.27,-15.84,-70.02,3825
Puno,2015-10-04,9.43,17.06,3.1,57.3,0.02,1.97,62.37,-15.84,-70.02,3825
Puno,2015-10-05,10.31,16.95,5.21,59.18,0.0,2.69,62.44,-15.84,-70.02,3825
Puno,2015-10-06,10.6,16.66,6.48,59.42,0.0,3.01,62.38,-15.84,-70.02,3825
Puno,2015-10-07,10.64,16.84,6.3,57.06,0.05,2.52,62.28,-15.84,-70.02,3825
Puno,2015-10-08,10.45,19.46,1.73,40.95,0.02,2.96,62.17,-15.84,-70.02,3825
Puno,2015-10-09,7.96,18.46,-1.6,28.65,0.0,2.28,62.24,-15.84,-70.02,3825
Puno,2015-10-10,8.35,19.09,-0.39,28.15,0.0,2.73,62.25,-15.84,-70.02,3825
Puno,2015-10-11,8.43,19.89,-1.74,26.91,0.0,3.28,62.16,-15.84,-70.02,3825
Puno,2015-10-12,8.88,19.22,-0.72,28.34,0.0,1.86,62.21,-15.84,-70.02,3825
Puno,2015-10-13,8.1,18.75,-3.39,27.86,0.0,1.84,62.23,-15.84,-70.02,3825
Puno,2015-10-14,8.71,19.05,-0.89,30.7,0.0,2.65,62.22,-15.84,-70.02,3825
Puno,2015-10-15,8.49,16.74,0.22,48.7,0.0,3.3,62.25,-15.84,-70.02,3825
Puno,2015-10-16,8.8,15.09,2.5,60.61,0.0,3.24,62.34,-15.84,-70.02,3825
Puno,2015-10-17,8.89,15.7,3.71,65.37,0.0,5.81,62.42,-15.84,-70.02,3825
Puno,2015-10-18,8.7,16.06,2.37,58.8,0.0,5.53,62.49,-15.84,-70.02,3825
Puno,2015-10-19,8.88,16.71,3.55,63.19,0.0,2.59,62.38,-15.84,-70.02,3825
Puno,2015-10-20,6.7,12.06,3.28,68.87,0.77,2.19,62.4,-15.84,-70.02,3825
Puno,2015-10-21,10.41,18.78,3.3,56.98,0.07,1.98,62.33,-15.84,-70.02,3825
Puno,2015-10-22,9.1,13.83,5.6,64.24,0.2,2.62,62.36,-15.84,-70.02,3825
Puno,2015-10-23,10.16,17.49,3.96,58.84,0.03,4.17,62.32,-15.84,-70.02,3825
Puno,2015-10-24,8.51,15.16,2.76,67.17,2.46,3.14,62.38,-15.84,-70.02,3825
Puno,2015-10-25,7.17,13.73,2.51,69.55,9.36,2.27,62.42,-15.84,-70.02,3825
Puno,2015-10-26,7.26,14.4,1.84,66.39,3.54,2.76,62.41,-15.84,-70.02,3825
Puno,2015-10-27,7.78,12.6,3.63,65.05,0.12,2.56,62.38,-15.84,-70.02,3825
Puno,2015-10-28,7.69,14.13,2.3,63.25,10.01,3.12,62.34,-15.84,-70.02,3825
Puno,2015-10-29,8.04,13.37,3.37,66.25,3.59,2.15,62.32,-15.84,-70.02,3825
Puno,2015-10-30,9.21,17.69,1.44,50.27,0.59,2.31,62.2,-15.84,-70.02,3825
Puno,2015-10-31,10.24,18.08,3.25,44.63,0.51,1.93,62.12,-15.84,-70.02,3825
Puno,2015-11-01,7.55,15.0,1.21,39.15,0.05,3.13,62.05,-15.84,-70.02,3825
Puno,2015-11-02,8.04,17.01,1.0,44.66,0.64,2.83,61.97,-15.84,-70.02,3825
Puno,2015-11-03,8.06,17.28,1.39,49.58,0.1,3.22,62.04,-15.84,-70.02,3825
Puno,2015-11-04,8.79,19.14,-1.21,30.92,0.14,2.08,62.18,-15.84,-70.02,3825
Puno,2015-11-05,10.01,17.37,3.81,58.67,0.06,3.33,62.25,-15.84,-70.02,3825
Puno,2015-11-06,9.8,17.6,4.12,62.78,0.02,3.47,62.26,-15.84,-70.02,3825
Puno,2015-11-07,10.67,17.91,3.74,56.27,0.0,2.3,62.21,-15.84,-70.02,3825
Puno,2015-11-08,11.55,18.72,5.11,52.71,0.01,2.12,62.14,-15.84,-70.02,3825
Puno,2015-11-09,10.97,17.34,4.22,42.27,2.98,2.33,62.23,-15.84,-70.02,3825
Puno,2015-11-10,8.83,15.4,3.09,65.04,4.81,2.85,62.32,-15.84,-70.02,3825
Puno,2015-11-11,8.5,14.7,3.01,68.41,1.07,2.51,62.29,-15.84,-70.02,3825
Puno,2015-11-12,8.04,14.84,3.74,71.89,3.28,2.51,62.26,-15.84,-70.02,3825
Puno,2015-11-13,8.95,15.52,3.76,66.11,2.08,3.56,62.25,-15.84,-70.02,3825
Puno,2015-11-14,8.51,15.1,4.07,64.34,1.49,2.23,62.28,-15.84,-70.02,3825
Puno,2015-11-15,9.06,13.97,4.21,57.54,3.4,1.1,62.25,-15.84,-70.02,3825
Puno,2015-11-16,9.86,17.79,1.99,45.15,0.09,1.66,62.1,-15.84,-70.02,3825
Puno,2015-11-17,10.41,18.78,3.38,39.16,0.0,1.8,62.07,-15.84,-70.02,3825
Puno,2015-11-18,10.61,20.53,1.85,35.33,0.0,1.63,62.08,-15.84,-70.02,3825
Puno,2015-11-19,10.5,20.99,-0.08,30.79,0.0,1.71,62.12,-15.84,-70.02,3825
Puno,2015-11-20,10.93,18.47,3.23,44.31,0.0,3.75,62.13,-15.84,-70.02,3825
Puno,2015-11-21,10.84,18.85,5.46,60.19,0.01,2.64,62.17,-15.84,-70.02,3825
Puno,2015-11-22,13.0,19.74,8.15,46.61,0.0,2.87,62.26,-15.84,-70.02,3825
Puno,2015-11-23,12.5,19.57,7.71,55.63,0.0,3.29,62.28,-15.84,-70.02,3825
Puno,2015-11-24,12.5,19.4,7.13,50.65,0.0,3.38,62.21,-15.84,-70.02,3825
Puno,2015-11-25,12.44,19.02,7.11,49.51,0.0,3.18,62.26,-15.84,-70.02,3825
Puno,2015-11-26,12.66,19.09,7.45,43.09,0.0,2.46,62.31,-15.84,-70.02,3825
Puno,2015-11-27,11.84,17.58,6.97,51.32,0.01,2.38,62.23,-15.84,-70.02,3825
Puno,2015-11-28,12.44,18.46,6.92,48.53,0.1,2.17,62.14,-15.84,-70.02,3825
Puno,2015-11-29,11.39,20.23,4.04,45.24,0.17,2.34,62.12,-15.84,-70.02,3825
Puno,2015-11-30,11.27,18.9,5.58,45.56,0.06,3.0,62.15,-15.84,-70.02,3825
Puno,2015-12-01,9.08,17.01,4.33,61.24,0.03,2.8,62.24,-15.84,-70.02,3825
Puno,2015-12-02,7.35,15.55,3.53,66.87,0.38,2.38,62.34,-15.84,-70.02,3825
Puno,2015-12-03,11.78,20.37,4.45,36.15,0.01,1.21,62.29,-15.84,-70.02,3825
Puno,2015-12-04,10.81,17.2,6.14,49.5,15.03,1.56,62.34,-15.84,-70.02,3825
Puno,2015-12-05,9.6,16.19,3.73,44.53,1.08,1.97,62.28,-15.84,-70.02,3825
Puno,2015-12-06,10.52,17.27,4.15,48.47,0.0,2.62,62.22,-15.84,-70.02,3825
Puno,2015-12-07,8.33,14.55,2.82,66.36,2.2,2.35,62.22,-15.84,-70.02,3825
Puno,2015-12-08,10.07,15.55,5.16,53.75,1.13,1.64,62.18,-15.84,-70.02,3825
Puno,2015-12-09,10.71,18.47,4.46,50.39,0.09,2.5,62.23,-15.84,-70.02,3825
Puno,2015-12-10,10.71,17.46,3.81,48.47,0.02,2.33,62.27,-15.84,-70.02,3825
Puno,2015-12-11,12.7,20.98,5.63,39.54,0.35,1.5,62.25,-15.84,-70.02,3825
Puno,2015-12-12,12.28,20.5,5.03,43.2,0.45,1.74,62.25,-15.84,-70.02,3825
Puno,2015-12-13,11.83,20.84,3.19,34.13,0.07,1.28,62.27,-15.84,-70.02,3825
Puno,2015-12-14,11.45,18.16,5.11,47.74,0.23,2.68,62.22,-15.84,-70.02,3825
Puno,2015-12-15,11.63,18.09,7.05,55.49,0.53,4.14,62.25,-15.84,-70.02,3825
Puno,2015-12-16,9.92,14.88,6.51,66.87,1.35,3.53,62.26,-15.84,-70.02,3825
Puno,2015-12-17,10.2,16.45,4.86,63.35,3.23,2.67,62.17,-15.84,-70.02,3825
Puno,2015-12-18,10.15,16.31,4.77,55.18,3.02,2.57,62.18,-15.84,-70.02,3825
Puno,2015-12-19,8.53,11.97,6.46,75.31,0.29,3.37,62.29,-15.84,-70.02,3825
Puno,2015-12-20,9.76,15.46,5.44,67.36,4.04,2.79,62.3,-15.84,-70.02,3825
Puno,2015-12-21,8.32,13.83,4.06,70.62,7.68,2.38,62.18,-15.84,-70.02,3825
Puno,2015-12-22,10.23,17.75,3.78,44.17,3.48,2.29,62.11,-15.84,-70.02,3825
Puno,2015-12-23,9.31,15.32,4.65,50.75,4.0,2.15,62.22,-15.84,-70.02,3825
Puno,2015-12-24,8.9,14.12,4.22,57.75,4.15,2.32,62.32,-15.84,-70.02,3825
Puno,2015-12-25,9.89,18.02,2.91,56.76,9.03,1.95,62.33,-15.84,-70.02,3825
Puno,2015-12-26,7.14,12.16,2.26,70.74,2.43,1.9,62.29,-15.84,-70.02,3825
Puno,2015-12-27,9.77,17.01,4.35,61.09,0.43,1.95,62.15,-15.84,-70.02,3825
Puno,2015-12-28,12.05,19.28,6.64,47.83,1.33,1.15,62.16,-15.84,-70.02,3825
Puno,2015-12-29,11.19,18.05,3.98,48.99,0.45,2.2,62.34,-15.84,-70.02,3825
Puno,2015-12-30,11.17,17.49,6.44,60.83,1.2,2.93,62.37,-15.84,-70.02,3825
Puno,2015-12-31,11.83,19.78,5.97,42.92,0.02,1.29,62.22,-15.84,-70.02,3825
Puno,2016-01-01,10.98,18.43,2.81,35.38,0.02,2.15,62.18,-15.84,-70.02,3825
Puno,2016-01-02,8.03,12.02,5.53,64.05,0.02,2.34,62.29,-15.84,-70.02,3825
Puno,2016-01-03,11.56,19.37,5.17,44.28,1.12,1.37,62.16,-15.84,-70.02,3825
Puno,2016-01-04,11.76,19.31,4.03,47.35,0.6,1.97,62.18,-15.84,-70.02,3825
Puno,2016-01-05,11.32,17.23,5.64,53.4,0.84,2.74,62.32,-15.84,-70.02,3825
Puno,2016-01-06,8.99,12.19,4.27,66.76,1.32,1.8,62.43,-15.84,-70.02,3825
Puno,2016-01-07,9.78,14.8,5.97,59.65,0.24,2.27,62.35,-15.84,-70.02,3825
Puno,2016-01-08,9.86,16.93,2.54,54.42,0.06,2.45,62.24,-15.84,-70.02,3825
Puno,2016-01-09,11.54,19.42,3.13,47.27,0.65,2.64,62.22,-15.84,-70.02,3825
Puno,2016-01-10,8.69,13.89,5.0,66.94,15.46,2.9,62.23,-15.84,-70.02,3825
Puno,2016-01-11,8.31,12.29,3.52,77.66,11.55,3.53,62.25,-15.84,-70.02,3825
Puno,2016-01-12,8.17,16.43,2.68,71.87,5.51,2.24,62.24,-15.84,-70.02,3825
Puno,2016-01-13,10.67,20.22,3.57,52.78,1.93,2.87,62.24,-15.84,-70.02,3825
Puno,2016-01-14,9.77,18.93,1.96,35.13,0.09,2.41,62.25,-15.84,-70.02,3825
Puno,2016-01-15,10.89,19.56,1.76,36.49,0.12,1.8,62.23,-15.84,-70.02,3825
Puno,2016-01-16,11.77,17.96,7.5,59.12,0.27,2.54,62.29,-15.84,-70.02,3825
Puno,2016-01-17,10.79,17.98,5.73,61.43,6.5,2.23,62.29,-15.84,-70.02,3825
Puno,2016-01-18,9.47,16.99,2.87,69.95,3.75,2.92,62.33,-15.84,-70.02,3825
Puno,2016-01-19,9.86,15.12,4.97,69.15,2.42,3.59,62.39,-15.84,-70.02,3825
Puno,2016-01-20,10.63,15.48,7.09,70.29,1.81,3.24,62.38,-15.84,-70.02,3825
Puno,2016-01-21,9.53,16.08,3.68,70.92,0.0,3.54,62.43,-15.84,-70.02,3825
Puno,2016-01-22,10.75,18.04,4.65,59.25,0.0,3.13,62.47,-15.84,-70.02,3825
Puno,2016-01-23,10.71,16.44,5.66,57.83,0.0,3.47,62.5,-15.84,-70.02,3825
Puno,2016-01-24,11.93,19.54,4.75,47.88,0.0,2.06,62.35,-15.84,-70.02,3825
Puno,2016-01-25,12.1,19.39,4.26,52.29,0.17,3.04,62.3,-15.84,-70.02,3825
Puno,2016-01-26,10.77,17.34,5.5,63.99,0.53,3.33,62.31,-15.84,-70.02,3825
Puno,2016-01-27,11.29,18.36,4.49,62.36,0.0,3.58,62.28,-15.84,-70.02,3825
Puno,2016-01-28,10.45,15.96,5.64,66.37,0.0,2.79,62.28,-15.84,-70.02,3825
Puno,2016-01-29,10.98,17.68,4.07,54.8,0.0,2.58,62.25,-15.84,-70.02,3825
Puno,2016-01-30,11.96,21.18,3.06,45.91,0.26,1.87,62.17,-15.84,-70.02,3825
Puno,2016-01-31,9.69,17.04,4.08,62.95,5.59,3.65,62.26,-15.84,-70.02,3825
Puno,2016-02-01,6.74,12.77,2.42,79.85,8.3,3.82,62.31,-15.84,-70.02,3825
Puno,2016-02-02,8.81,16.07,3.41,69.89,7.91,1.49,62.22,-15.84,-70.02,3825
Puno,2016-02-03,9.37,15.82,4.21,67.35,2.31,1.85,62.16,-15.84,-70.02,3825
Puno,2016-02-04,10.65,19.4,2.21,44.9,0.01,1.73,62.16,-15.84,-70.02,3825
Puno,2016-02-05,10.12,18.96,1.97,51.81,0.01,3.18,62.26,-15.84,-70.02,3825
Puno,2016-02-06,9.6,14.15,6.61,74.92,5.76,4.27,62.36,-15.84,-70.02,3825
Puno,2016-02-07,9.71,15.37,5.7,75.1,6.79,3.6,62.36,-15.84,-70.02,3825
Puno,2016-02-08,9.31,16.84,3.41,71.93,3.76,3.09,62.35,-15.84,-70.02,3825
Puno,2016-02-09,10.01,17.11,3.12,68.61,2.28,3.55,62.43,-15.84,-70.02,3825
Puno,2016-02-10,10.26,15.89,6.1,70.06,3.74,3.26,62.44,-15.84,-70.02,3825
Puno,2016-02-11,10.45,15.45,6.27,71.23,0.3,3.6,62.43,-15.84,-70.02,3825
Puno,2016-02-12,10.57,15.06,7.27,73.61,5.33,2.85,62.32,-15.84,-70.02,3825
Puno,2016-02-13,11.5,18.33,6.05,66.88,2.34,3.22,62.3,-15.84,-70.02,3825
Puno,2016-02-14,12.0,18.53,7.03,63.99,0.0,3.76,62.29,-15.84,-70.02,3825
Puno,2016-02-15,10.99,15.46,7.7,69.06,3.62,3.41,62.27,-15.84,-70.02,3825
Puno,2016-02-16,10.32,17.12,5.95,69.77,8.1,2.69,62.27,-15.84,-70.02,3825
Puno,2016-02-17,10.36,16.24,5.77,71.68,3.91,2.3,62.27,-15.84,-70.02,3825
Puno,2016-02-18,10.1,16.51,5.94,75.73,0.8,4.16,62.34,-15.84,-70.02,3825
Puno,2016-02-19,10.25,17.33,4.63,71.23,7.29,3.09,62.36,-15.84,-70.02,3825
Puno,2016-02-20,10.64,16.21,7.2,74.99,6.03,4.0,62.27,-15.84,-70.02,3825
Puno,2016-02-21,11.19,17.19,6.42,67.64,1.08,3.66,62.21,-15.84,-70.02,3825
Puno,2016-02-22,10.45,16.0,6.05,70.53,8.49,3.68,62.2,-15.84,-70.02,3825
Puno,2016-02-23,10.01,15.7,5.36,73.6,2.69,3.75,62.31,-15.84,-70.02,3825
Puno,2016-02-24,10.26,16.88,4.7,73.16,12.77,2.7,62.31,-15.84,-70.02,3825
Puno,2016-02-25,8.77,17.25,2.77,74.49,14.8,2.34,62.25,-15.84,-70.02,3825
Puno,2016-02-26,8.71,16.91,3.94,76.04,4.43,3.04,62.15,-15.84,-70.02,3825
Puno,2016-02-27,9.36,15.88,5.16,71.61,11.11,2.29,62.21,-15.84,-70.02,3825
Puno,2016-02-28,11.29,20.24,3.72,61.91,3.77,1.84,62.31,-15.84,-70.02,3825
Puno,2016-02-29,9.01,15.8,3.02,74.62,2.39,2.96,62.45,-15.84,-70.02,3825
Puno,2016-03-01,10.95,17.17,5.28,68.98,0.21,2.4,62.46,-15.84,-70.02,3825
Puno,2016-03-02,10.63,17.57,5.31,68.89,0.0,3.06,62.46,-15.84,-70.02,3825
Puno,2016-03-03,11.56,18.96,4.92,55.93,0.0,2.05,62.45,-15.84,-70.02,3825
Puno,2016-03-04,11.32,17.75,6.27,52.6,0.01,2.75,62.37,-15.84,-70.02,3825
Puno,2016-03-05,12.42,20.61,5.34,43.52,0.01,1.18,62.32,-15.84,-70.02,3825
Puno,2016-03-06,10.61,18.95,1.46,43.95,0.02,1.94,62.34,-15.84,-70.02,3825
Puno,2016-03-07,11.04,16.8,5.25,63.45,0.94,2.22,62.31,-15.84,-70.02,3825
Puno,2016-03-08,8.93,14.82,4.01,74.87,6.31,2.02,62.33,-15.84,-70.02,3825
Puno,2016-03-09,10.27,17.1,4.44,67.56,10.05,2.08,62.32,-15.84,-70.02,3825
Puno,2016-03-10,8.07,13.26,5.19,76.68,2.4,2.35,62.4,-15.84,-70.02,3825
Puno,2016-03-11,10.73,18.92,3.71,61.04,0.13,1.78,62.33,-15.84,-70.02,3825
Puno,2016-03-12,8.66,15.04,3.47,72.42,0.0,2.06,62.37,-15.84,-70.02,3825
Puno,2016-03-13,8.8,14.35,4.04,73.9,8.31,2.89,62.42,-15.84,-70.02,3825
Puno,2016-03-14,9.79,15.95,4.61,66.42,1.93,3.56,62.47,-15.84,-70.02,3825
Puno,2016-03-15,9.94,16.5,5.13,58.06,0.0,3.34,62.52,-15.84,-70.02,3825
Puno,2016-03-16,8.86,15.47,3.66,57.49,0.0,3.35,62.56,-15.84,-70.02,3825
Puno,2016-03-17,8.76,16.05,1.99,63.44,0.0,3.06,62.52,-15.84,-70.02,3825
Puno,2016-03-18,9.54,16.77,4.08,56.23,0.0,2.95,62.43,-15.84,-70.02,3825
Puno,2016-03-19,9.53,17.61,4.13,64.48,0.01,3.09,62.44,-15.84,-70.02,3825
Puno,2016-03-20,10.52,16.69,5.84,67.25,0.01,2.31,62.44,-15.84,-70.02,3825
Puno,2016-03-21,10.32,16.55,5.05,68.68,0.0,2.25,62.49,-15.84,-70.02,3825
Puno,2016-03-22,11.23,17.31,6.91,68.25,0.04,3.38,62.51,-15.84,-70.02,3825
Puno,2016-03-23,9.24,13.18,6.33,77.85,5.14,2.67,62.44,-15.84,-70.02,3825
Puno,2016-03-24,10.66,20.68,2.37,54.34,0.12,2.77,62.28,-15.84,-70.02,3825
Puno,2016-03-25,10.94,20.16,1.66,42.94,0.11,1.45,62.26,-15.84,-70.02,3825
Puno,2016-03-26,11.42,18.18,5.9,56.96,0.07,1.56,62.4,-15.84,-70.02,3825
Puno,2016-03-27,12.0,19.69,6.02,54.06,0.0,0.79,62.43,-15.84,-70.02,3825
Puno,2016-03-28,11.74,19.2,6.54,54.24,0.0,1.51,62.39,-15.84,-70.02,3825
Puno,2016-03-29,10.48,16.01,6.63,63.7,0.01,2.59,62.45,-15.84,-70.02,3825
Puno,2016-03-30,10.22,16.0,5.8,67.14,0.0,2.92,62.51,-15.84,-70.02,3825
Puno,2016-03-31,10.05,16.17,5.38,64.5,0.0,2.32,62.52,-15.84,-70.02,3825
Puno,2016-04-01,10.1,15.09,6.03,66.19,0.01,2.45,62.48,-15.84,-70.02,3825
Puno,2016-04-02,10.73,16.59,5.7,63.42,0.01,2.33,62.39,-15.84,-70.02,3825
Puno,2016-04-03,10.35,14.68,5.92,67.95,0.0,2.59,62.4,-15.84,-70.02,3825
Puno,2016-04-04,10.48,16.74,6.73,67.79,2.66,3.78,62.45,-15.84,-70.02,3825
Puno,2016-04-05,8.3,15.18,2.78,76.66,5.63,2.25,62.44,-15.84,-70.02,3825
Puno,2016-04-06,8.09,14.41,2.28,73.35,5.25,2.18,62.43,-15.84,-70.02,3825
Puno,2016-04-07,8.05,13.79,2.66,74.52,13.88,2.28,62.38,-15.84,-70.02,3825
Puno,2016-04-08,7.99,15.73,2.25,72.08,5.61,1.91,62.33,-15.84,-70.02,3825
Puno,2016-04-09,8.64,15.28,3.8,65.73,5.14,1.52,62.36,-15.84,-70.02,3825
Puno,2016-04-10,9.57,16.46,4.79,68.51,1.18,1.85,62.34,-15.84,-70.02,3825
Puno,2016-04-11,7.95,13.1,4.34,75.85,0.44,1.95,62.34,-15.84,-70.02,3825
Puno,2016-04-12,8.42,13.76,4.8,73.1,0.2,1.97,62.41,-15.84,-70.02,3825
Puno,2016-04-13,9.76,16.65,4.84,61.62,0.0,1.98,62.35,-15.84,-70.02,3825
Puno,2016-04-14,9.87,16.36,5.69,65.76,0.01,2.6,62.33,-15.84,-70.02,3825
Puno,2016-04-15,9.32,15.57,5.42,72.88,0.75,3.0,62.3,-15.84,-70.02,3825
Puno,2016-04-16,8.98,15.77,3.93,72.53,0.97,2.94,62.28,-15.84,-70.02,3825
Puno,2016-04-17,8.66,14.83,2.96,73.99,1.76,3.19,62.41,-15.84,-70.02,3825
Puno,2016-04-18,9.75,17.1,4.01,67.94,0.67,2.51,62.43,-15.84,-70.02,3825
Puno,2016-04-19,7.04,11.46,2.95,76.79,5.95,2.06,62.36,-15.84,-70.02,3825
Puno,2016-04-20,8.09,15.71,2.16,68.88,0.24,1.94,62.28,-15.84,-70.02,3825
Puno,2016-04-21,8.72,13.45,5.23,64.89,0.02,2.08,62.4,-15.84,-70.02,3825
Puno,2016-04-22,8.21,14.79,4.85,67.8,0.09,1.61,62.44,-15.84,-70.02,3825
Puno,2016-04-23,8.41,17.53,1.3,43.47,0.0,2.63,62.34,-15.84,-70.02,3825
Puno,2016-04-24,6.4,17.4,-2.15,43.54,0.0,3.4,62.28,-15.84,-70.02,3825
Puno,2016-04-25,6.51,17.14,-2.84,39.65,0.08,1.91,62.2,-15.84,-70.02,3825
Puno,2016-04-26,7.02,17.3,-1.88,36.07,0.18,1.73,62.19,-15.84,-70.02,3825
Puno,2016-04-27,6.75,17.49,-1.48,39.0,0.01,1.9,62.2,-15.84,-70.02,3825
Puno,2016-04-28,7.98,18.51,-1.49,36.89,0.0,2.07,62.28,-15.84,-70.02,3825
Puno,2016-04-29,7.99,17.13,-0.19,46.49,0.0,2.27,62.31,-15.84,-70.02,3825
Puno,2016-04-30,8.77,16.74,3.05,62.77,0.0,1.84,62.25,-15.84,-70.02,3825
Puno,2016-05-01,8.72,17.35,0.03,48.73,0.0,1.79,62.28,-15.84,-70.02,3825
Puno,2016-05-02,8.03,15.7,1.57,57.42,0.0,2.7,62.38,-15.84,-70.02,3825
Puno,2016-05-03,7.66,14.21,2.19,63.77,0.0,3.05,62.4,-15.84,-70.02,3825
Puno,2016-05-04,7.86,14.69,3.2,63.94,0.0,1.63,62.34,-15.84,-70.02,3825
Puno,2016-05-05,6.73,16.16,-1.0,53.55,0.0,2.33,62.32,-15.84,-70.02,3825
Puno,2016-05-06,6.63,16.85,-1.86,48.78,0.0,1.9,62.34,-15.84,-70.02,3825
Puno,2016-05-07,6.54,15.38,-1.61,46.7,0.01,1.65,62.33,-15.84,-70.02,3825
Puno,2016-05-08,6.56,15.83,-0.76,49.42,0.0,2.15,62.22,-15.84,-70.02,3825
Puno,2016-05-09,5.33,15.54,-2.65,46.95,0.0,3.5,62.25,-15.84,-70.02,3825
Puno,2016-05-10,6.72,16.4,-1.89,52.41,0.06,2.29,62.28,-15.84,-70.02,3825
Puno,2016-05-11,7.05,16.53,-0.56,48.39,0.04,1.98,62.33,-15.84,-70.02,3825
Puno,2016-05-12,7.21,15.94,-0.46,57.92,0.0,2.01,62.42,-15.84,-70.02,3825
Puno,2016-05-13,8.4,15.03,3.42,63.99,0.0,2.33,62.49,-15.84,-70.02,3825
Puno,2016-05-14,8.09,14.16,2.94,63.79,0.0,2.07,62.5,-15.84,-70.02,3825
Puno,2016-05-15,7.84,15.55,0.04,55.45,0.0,2.06,62.47,-15.84,-70.02,3825
Puno,2016-05-16,9.27,15.87,5.11,64.85,0.0,1.31,62.46,-15.84,-70.02,3825
Puno,2016-05-17,7.32,16.24,1.0,42.75,0.0,2.58,62.39,-15.84,-70.02,3825
Puno,2016-05-18,5.51,15.45,-1.9,37.23,0.0,3.11,62.34,-15.84,-70.02,3825
Puno,2016-05-19,4.67,14.79,-2.98,32.82,0.0,3.13,62.33,-15.84,-70.02,3825
Puno,2016-05-20,6.28,14.92,-2.27,38.29,0.0,1.92,62.4,-15.84,-70.02,3825
Puno,2016-05-21,6.72,15.77,-0.66,34.44,0.0,1.63,62.46,-15.84,-70.02,3825
Puno,2016-05-22,6.02,14.76,-1.13,45.15,0.0,2.16,62.5,-15.84,-70.02,3825
Puno,2016-05-23,7.82,13.52,3.13,63.28,0.0,1.42,62.57,-15.84,-70.02,3825
Puno,2016-05-24,8.35,15.89,2.14,45.98,1.34,1.27,62.58,-15.84,-70.02,3825
Puno,2016-05-25,6.38,15.64,-0.59,41.63,0.14,2.43,62.51,-15.84,-70.02,3825
Puno,2016-05-26,4.91,14.48,-2.7,37.73,0.0,2.04,62.35,-15.84,-70.02,3825
Puno,2016-05-27,4.85,15.28,-2.18,36.92,0.0,2.55,62.29,-15.84,-70.02,3825
Puno,2016-05-28,4.49,14.83,-2.83,34.47,0.0,3.37,62.37,-15.84,-70.02,3825
Puno,2016-05-29,4.3,14.78,-2.94,37.03,0.0,3.42,62.36,-15.84,-70.02,3825
Puno,2016-05-30,3.79,14.1,-3.37,30.31,0.0,3.06,62.23,-15.84,-70.02,3825
Puno,2016-05-31,3.84,14.64,-3.49,33.68,0.0,2.78,62.18,-15.84,-70.02,3825
Puno,2016-06-01,3.47,13.95,-3.59,31.42,0.0,3.53,62.27,-15.84,-70.02,3825
Puno,2016-06-02,3.88,14.43,-3.27,29.48,0.03,2.27,62.29,-15.84,-70.02,3825
Puno,2016-06-03,5.03,14.67,-2.04,32.54,0.03,1.91,62.27,-15.84,-70.02,3825
Puno,2016-06-04,5.71,14.98,-1.31,35.18,0.02,2.25,62.22,-15.84,-70.02,3825
Puno,2016-06-05,6.32,15.34,-1.1,40.03,0.0,2.25,62.24,-15.84,-70.02,3825
Puno,2016-06-06,6.05,15.0,0.02,37.09,0.04,2.43,62.33,-15.84,-70.02,3825
Puno,2016-06-07,5.61,14.68,-1.24,40.32,0.04,2.03,62.41,-15.84,-70.02,3825
Puno,2016-06-08,5.88,14.37,-1.27,34.22,0.0,1.65,62.45,-15.84,-70.02,3825
Puno,2016-06-09,6.66,14.91,0.44,31.05,0.0,1.21,62.42,-15.84,-70.02,3825
Puno,2016-06-10,5.16,13.04,-1.11,42.47,0.0,2.49,62.57,-15.84,-70.02,3825
Puno,2016-06-11,6.37,13.62,2.2,69.94,0.0,1.85,62.51,-15.84,-70.02,3825
Puno,2016-06-12,6.62,12.81,2.35,73.73,0.0,1.72,62.49,-15.84,-70.02,3825
Puno,2016-06-13,7.3,14.76,-0.29,58.27,0.0,1.39,62.5,-15.84,-70.02,3825
Puno,2016-06-14,6.63,12.96,1.49,61.85,0.0,2.16,62.56,-15.84,-70.02,3825
Puno,2016-06-15,6.81,13.41,1.71,63.16,0.0,2.06,62.64,-15.84,-70.02,3825
Puno,2016-06-16,7.52,14.61,2.99,55.52,0.0,1.37,62.49,-15.84,-70.02,3825
Puno,2016-06-17,6.16,14.68,-0.7,49.21,0.0,1.8,62.34,-15.84,-70.02,3825
Puno,2016-06-18,4.81,13.84,-2.61,32.57,0.0,1.65,62.28,-15.84,-70.02,3825
Puno,2016-06-19,5.23,13.72,-1.52,42.71,0.0,1.98,62.27,-15.84,-70.02,3825
Puno,2016-06-20,4.72,14.03,-2.31,45.27,0.0,2.41,62.28,-15.84,-70.02,3825
Puno,2016-06-21,3.68,13.54,-2.56,32.84,0.0,2.91,62.33,-15.84,-70.02,3825
Puno,2016-06-22,4.37,14.09,-3.46,26.22,0.0,1.41,62.35,-15.84,-70.02,3825
Puno,2016-06-23,4.46,13.07,-2.5,25.79,0.0,1.55,62.33,-15.84,-70.02,3825
Puno,2016-06-24,4.58,13.65,-2.32,36.64,0.0,2.88,62.22,-15.84,-70.02,3825
Puno,2016-06-25,4.65,14.22,-1.72,50.73,0.0,3.27,62.08,-15.84,-70.02,3825
Puno,2016-06-26,5.27,13.99,-2.34,68.29,0.0,2.8,62.18,-15.84,-70.02,3825
Puno,2016-06-27,4.06,9.67,0.43,79.92,0.0,1.82,62.33,-15.84,-70.02,3825
Puno,2016-06-28,4.42,10.98,-0.54,73.59,0.27,2.23,62.33,-15.84,-70.02,3825
Puno,2016-06-29,5.61,11.84,0.12,60.88,0.01,1.47,62.36,-15.84,-70.02,3825
Puno,2016-06-30,6.47,14.47,0.23,49.27,0.0,1.84,62.38,-15.84,-70.02,3825
Puno,2016-07-01,6.26,12.79,1.24,66.58,0.0,1.95,62.41,-15.84,-70.02,3825
Puno,2016-07-02,6.24,13.13,0.99,60.35,0.03,1.64,62.44,-15.84,-70.02,3825
Puno,2016-07-03,6.08,13.33,0.78,52.4,0.0,2.6,62.37,-15.84,-70.02,3825
Puno,2016-07-04,4.82,13.62,-2.14,54.47,0.0,3.79,62.27,-15.84,-70.02,3825
Puno,2016-07-05,4.51,14.26,-2.45,53.54,0.0,3.12,62.29,-15.84,-70.02,3825
Puno,2016-07-06,4.54,11.45,-1.46,53.58,0.01,1.97,62.39,-15.84,-70.02,3825
Puno,2016-07-07,1.79,4.46,0.43,89.67,29.75,1.65,62.36,-15.84,-70.02,3825
Puno,2016-07-08,2.88,10.08,-2.72,77.23,1.06,3.14,62.4,-15.84,-70.02,3825
Puno,2016-07-09,4.06,12.19,-3.67,59.52,0.04,1.66,62.43,-15.84,-70.02,3825
Puno,2016-07-10,5.23,12.84,-1.91,48.64,0.06,1.67,62.37,-15.84,-70.02,3825
Puno,2016-07-11,4.64,13.86,-2.92,41.11,0.03,1.88,62.33,-15.84,-70.02,3825
Puno,2016-07-12,5.18,13.57,-2.33,31.86,0.0,1.41,62.31,-15.84,-70.02,3825
Puno,2016-07-13,6.14,13.72,0.56,40.92,0.05,1.39,62.3,-15.84,-70.02,3825
Puno,2016-07-14,6.01,14.12,-1.76,36.56,0.0,1.68,62.31,-15.84,-70.02,3825
Puno,2016-07-15,5.47,14.88,-1.17,36.41,0.0,2.37,62.27,-15.84,-70.02,3825
Puno,2016-07-16,5.34,13.42,-1.6,45.2,0.04,2.22,62.32,-15.84,-70.02,3825
Puno,2016-07-17,6.2,13.73,-0.63,54.12,0.01,0.84,62.33,-15.84,-70.02,3825
Puno,2016-07-18,6.75,14.73,-1.21,40.99,0.0,1.65,62.32,-15.84,-70.02,3825
Puno,2016-07-19,7.07,13.46,1.53,53.67,0.0,1.43,62.35,-15.84,-70.02,3825
Puno,2016-07-20,6.38,13.67,-0.61,48.1,0.0,2.06,62.44,-15.84,-70.02,3825
Puno,2016-07-21,6.87,13.91,0.34,47.38,0.0,2.11,62.48,-15.84,-70.02,3825
Puno,2016-07-22,6.8,13.86,0.53,45.02,0.0,2.06,62.41,-15.84,-70.02,3825
Puno,2016-07-23,6.33,13.52,0.43,44.0,0.0,2.27,62.33,-15.84,-70.02,3825
Puno,2016-07-24,6.79,14.32,1.22,52.35,0.0,1.91,62.28,-15.84,-70.02,3825
Puno,2016-07-25,6.24,16.36,-1.78,41.07,0.0,2.52,62.27,-15.84,-70.02,3825
Puno,2016-07-26,5.77,13.91,-0.39,43.53,0.0,2.43,62.32,-15.84,-70.02,3825
Puno,2016-07-27,7.43,14.55,1.96,61.77,0.0,1.56,62.36,-15.84,-70.02,3825
Puno,2016-07-28,6.67,14.57,-0.46,51.29,0.0,2.32,62.35,-15.84,-70.02,3825
Puno,2016-07-29,7.28,14.27,1.73,61.46,0.0,1.75,62.31,-15.84,-70.02,3825
Puno,2016-07-30,6.76,13.46,2.11,57.74,0.0,2.29,62.32,-15.84,-70.02,3825
Puno,2016-07-31,6.19,14.28,-1.83,54.08,0.0,2.15,62.34,-15.84,-70.02,3825
Puno,2016-08-01,6.33,13.35,1.37,59.45,0.0,2.64,62.39,-15.84,-70.02,3825
Puno,2016-08-02,6.1,13.14,1.21,67.83,0.0,2.37,62.44,-15.84,-70.02,3825
Puno,2016-08-03,7.55,14.23,2.55,56.12,0.0,1.62,62.39,-15.84,-70.02,3825
Puno,2016-08-04,7.25,13.94,1.4,48.31,0.0,1.96,62.37,-15.84,-70.02,3825
Puno,2016-08-05,7.36,15.48,0.33,47.54,0.0,2.49,62.32,-15.84,-70.02,3825
Puno,2016-08-06,7.04,16.56,-1.99,58.13,0.02,3.47,62.26,-15.84,-70.02,3825
Puno,2016-08-07,8.08,16.45,0.62,63.31,5.8,2.47,62.27,-15.84,-70.02,3825
Puno,2016-08-08,7.51,15.75,0.92,53.67,0.86,2.73,62.24,-15.84,-70.02,3825
Puno,2016-08-09,6.1,12.66,0.87,61.41,0.66,2.24,62.29,-15.84,-70.02,3825
Puno,2016-08-10,3.7,7.87,0.58,72.11,0.13,1.44,62.41,-15.84,-70.02,3825
Puno,2016-08-11,6.05,15.09,-0.48,54.82,0.0,1.57,62.3,-15.84,-70.02,3825
Puno,2016-08-12,5.36,14.22,-2.86,49.47,0.0,2.06,62.28,-15.84,-70.02,3825
Puno,2016-08-13,7.23,14.21,1.28,49.31,0.0,1.22,62.26,-15.84,-70.02,3825
Puno,2016-08-14,6.71,15.25,-1.55,33.88,0.0,1.56,62.25,-15.84,-70.02,3825
Puno,2016-08-15,7.32,15.84,-1.17,27.23,0.0,1.16,62.26,-15.84,-70.02,3825
Puno,2016-08-16,7.58,14.75,1.7,37.18,0.0,1.36,62.33,-15.84,-70.02,3825
Puno,2016-08-17,6.56,14.02,-0.67,42.4,0.0,2.38,62.39,-15.84,-70.02,3825
Puno,2016-08-18,6.25,11.72,2.33,64.53,0.01,1.73,62.36,-15.84,-70.02,3825
Puno,2016-08-19,6.41,12.92,1.05,40.69,0.01,1.42,62.24,-15.84,-70.02,3825
Puno,2016-08-20,4.76,11.41,-2.04,33.14,0.0,1.79,62.33,-15.84,-70.02,3825
Puno,2016-08-21,6.04,12.99,-0.27,63.91,0.02,2.84,62.43,-15.84,-70.02,3825
Puno,2016-08-22,7.12,13.43,1.9,69.11,0.0,2.21,62.45,-15.84,-70.02,3825
Puno,2016-08-23,7.8,13.94,3.8,66.08,0.0,1.52,62.39,-15.84,-70.02,3825
Puno,2016-08-24,8.46,15.12,2.66,56.95,0.0,1.84,62.36,-15.84,-70.02,3825
Puno,2016-08-25,7.16,11.4,3.05,60.78,0.0,1.88,62.34,-15.84,-70.02,3825
Puno,2016-08-26,7.63,14.09,1.62,59.41,0.0,1.95,62.29,-15.84,-70.02,3825
Puno,2016-08-27,7.26,15.32,-0.37,43.83,0.04,2.17,62.2,-15.84,-70.02,3825
Puno,2016-08-28,4.62,14.23,-3.28,37.62,0.0,4.58,62.17,-15.84,-70.02,3825
Puno,2016-08-29,3.22,13.56,-5.08,29.67,0.0,4.59,62.2,-15.84,-70.02,3825
Puno,2016-08-30,4.95,15.87,-3.77,27.2,0.0,2.21,62.21,-15.84,-70.02,3825
Puno,2016-08-31,5.85,15.0,-3.41,34.26,0.0,2.01,62.27,-15.84,-70.02,3825
Puno,2016-09-01,6.63,14.79,-1.19,47.92,0.0,2.06,62.3,-15.84,-70.02,3825
Puno,2016-09-02,5.71,12.95,0.52,49.28,0.29,2.01,62.27,-15.84,-70.02,3825
Puno,2016-09-03,5.4,15.55,-2.64,35.7,0.03,3.89,62.17,-15.84,-70.02,3825
Puno,2016-09-04,3.28,10.96,-1.81,50.18,0.01,2.52,62.2,-15.84,-70.02,3825
Puno,2016-09-05,4.79,14.81,-3.77,39.39,0.0,3.07,62.27,-15.84,-70.02,3825
Puno,2016-09-06,6.79,14.61,0.33,55.01,0.0,2.07,62.4,-15.84,-70.02,3825
Puno,2016-09-07,8.02,16.53,1.12,44.56,0.0,2.22,62.38,-15.84,-70.02,3825
Puno,2016-09-08,7.09,16.74,-1.9,31.72,0.0,1.6,62.34,-15.84,-70.02,3825
Puno,2016-09-09,6.64,15.79,-2.53,43.02,0.0,2.12,62.4,-15.84,-70.02,3825
Puno,2016-09-10,7.87,14.64,3.21,58.18,0.0,2.76,62.6,-15.84,-70.02,3825
Puno,2016-09-11,7.9,15.65,1.95,55.75,0.0,2.38,62.55,-15.84,-70.02,3825
Puno,2016-09-12,9.85,17.86,1.6,43.67,0.0,2.74,62.36,-15.84,-70.02,3825
Puno,2016-09-13,9.66,17.87,2.45,52.7,0.0,3.42,62.36,-15.84,-70.02,3825
Puno,2016-09-14,9.23,16.97,3.05,59.24,0.0,2.18,62.48,-15.84,-70.02,3825
Puno,2016-09-15,9.11,14.98,4.97,61.72,0.0,1.69,62.44,-15.84,-70.02,3825
Puno,2016-09-16,9.35,15.63,4.31,56.55,0.0,1.99,62.41,-15.84,-70.02,3825
Puno,2016-09-17,9.13,15.27,4.46,58.74,0.0,2.61,62.38,-15.84,-70.02,3825
Puno,2016-09-18,8.22,13.59,3.98,60.26,0.0,3.39,62.42,-15.84,-70.02,3825
Puno,2016-09-19,7.0,12.32,3.21,61.76,0.16,3.02,62.45,-15.84,-70.02,3825
Puno,2016-09-20,7.9,15.19,1.78,62.82,0.08,2.61,62.32,-15.84,-70.02,3825
Puno,2016-09-21,7.9,14.65,2.29,63.74,0.23,3.38,62.26,-15.84,-70.02,3825
Puno,2016-09-22,8.17,14.32,3.45,65.88,0.05,3.19,62.29,-15.84,-70.02,3825
Puno,2016-09-23,6.78,11.52,3.5,71.95,0.25,3.08,62.48,-15.84,-70.02,3825
Puno,2016-09-24,8.47,15.83,2.79,62.36,0.35,2.02,62.43,-15.84,-70.02,3825
Puno,2016-09-25,7.98,12.6,4.32,60.63,0.05,2.49,62.32,-15.84,-70.02,3825
Puno,2016-09-26,7.98,13.89,4.6,66.72,0.0,2.66,62.28,-15.84,-70.02,3825
Puno,2016-09-27,8.93,15.51,3.9,59.8,0.0,2.94,62.32,-15.84,-70.02,3825
Puno,2016-09-28,9.05,14.96,4.12,58.35,0.0,2.41,62.39,-15.84,-70.02,3825
Puno,2016-09-29,9.59,15.42,4.65,53.94,0.0,1.75,62.33,-15.84,-70.02,3825
Puno,2016-09-30,9.6,17.61,1.96,43.66,0.0,2.5,62.2,-15.84,-70.02,3825
Puno,2016-10-01,7.27,14.66,2.37,74.41,0.02,3.82,62.24,-15.84,-70.02,3825
Puno,2016-10-02,7.07,14.39,1.78,69.98,0.0,2.79,62.34,-15.84,-70.02,3825
Puno,2016-10-03,8.32,14.76,2.6,64.42,0.0,2.51,62.29,-15.84,-70.02,3825
Puno,2016-10-04,9.24,16.06,2.32,51.02,0.0,1.47,62.22,-15.84,-70.02,3825
Puno,2016-10-05,7.86,16.77,-1.66,36.22,0.03,3.04,62.25,-15.84,-70.02,3825
Puno,2016-10-06,8.75,17.34,0.22,41.18,0.02,2.12,62.1,-15.84,-70.02,3825
Puno,2016-10-07,6.59,17.57,-4.04,29.82,0.0,1.67,61.99,-15.84,-70.02,3825
Puno,2016-10-08,7.95,17.08,-0.45,47.56,0.04,3.46,62.1,-15.84,-70.02,3825
Puno,2016-10-09,8.31,15.82,2.54,61.25,0.01,2.43,62.2,-15.84,-70.02,3825
Puno,2016-10-10,7.49,13.65,4.1,60.87,3.0,1.51,62.28,-15.84,-70.02,3825
Puno,2016-10-11,8.38,13.47,4.61,52.06,0.9,0.89,62.25,-15.84,-70.02,3825
Puno,2016-10-12,9.51,18.38,2.44,36.18,0.0,2.58,62.17,-15.84,-70.02,3825
Puno,2016-10-13,9.22,18.11,-0.03,26.57,0.0,1.58,62.18,-15.84,-70.02,3825
Puno,2016-10-14,8.08,15.33,3.7,51.23,20.26,1.8,62.32,-15.84,-70.02,3825
Puno,2016-10-15,8.71,16.67,1.04,51.8,0.24,1.76,62.29,-15.84,-70.02,3825
Puno,2016-10-16,9.07,15.94,4.35,46.13,0.27,2.25,62.18,-15.84,-70.02,3825
Puno,2016-10-17,7.64,15.36,3.55,56.74,8.12,2.31,62.2,-15.84,-70.02,3825
Puno,2016-10-18,8.7,16.16,2.56,48.15,1.34,1.68,62.24,-15.84,-70.02,3825
Puno,2016-10-19,9.11,15.86,4.01,47.8,0.0,3.12,62.26,-15.84,-70.02,3825
Puno,2016-10-20,7.39,14.23,2.39,68.14,0.79,2.79,62.23,-15.84,-70.02,3825
Puno,2016-10-21,7.25,14.48,2.13,57.13,0.06,2.22,62.21,-15.84,-70.02,3825
Puno,2016-10-22,7.61,13.27,2.94,50.6,0.0,1.52,62.29,-15.84,-70.02,3825
Puno,2016-10-23,9.78,16.88,2.53,44.41,0.01,2.21,62.33,-15.84,-70.02,3825
Puno,2016-10-24,9.27,16.1,3.87,50.03,0.01,2.43,62.26,-15.84,-70.02,3825
Puno,2016-10-25,9.51,15.96,2.36,46.31,0.01,2.47,62.13,-15.84,-70.02,3825
Puno,2016-10-26,8.66,14.93,1.87,55.89,0.03,3.54,62.08,-15.84,-70.02,3825
Puno,2016-10-27,6.61,12.01,2.17,72.27,2.09,5.19,62.18,-15.84,-70.02,3825
Puno,2016-10-28,7.03,14.56,1.16,61.36,3.25,3.65,62.23,-15.84,-70.02,3825
Puno,2016-10-29,8.15,15.63,1.51,63.87,3.96,1.57,62.29,-15.84,-70.02,3825
Puno,2016-10-30,9.82,17.21,3.2,46.74,0.37,1.82,62.24,-15.84,-70.02,3825
Puno,2016-10-31,8.55,18.14,-0.75,35.76,0.0,1.68,62.11,-15.84,-70.02,3825
Puno,2016-11-01,9.11,18.62,-0.3,32.37,0.0,2.34,62.08,-15.84,-70.02,3825
Puno,2016-11-02,9.17,17.29,-0.15,32.84,0.0,1.99,62.17,-15.84,-70.02,3825
Puno,2016-11-03,10.31,17.94,5.01,53.29,0.0,3.19,62.25,-15.84,-70.02,3825
Puno,2016-11-04,8.28,14.55,3.53,66.19,0.0,4.48,62.47,-15.84,-70.02,3825
Puno,2016-11-05,7.8,12.95,3.11,60.34,0.0,2.9,62.5,-15.84,-70.02,3825
Puno,2016-11-06,9.7,16.33,3.92,48.43,0.0,2.66,62.35,-15.84,-70.02,3825
Puno,2016-11-07,10.22,16.72,4.49,46.71,0.0,2.62,62.28,-15.84,-70.02,3825
Puno,2016-11-08,9.09,15.46,4.74,56.07,0.25,1.94,62.24,-15.84,-70.02,3825
Puno,2016-11-09,9.98,17.51,4.26,48.61,0.07,2.74,62.19,-15.84,-70.02,3825
Puno,2016-11-10,9.31,16.42,4.36,52.29,0.36,2.72,62.25,-15.84,-70.02,3825
Puno,2016-11-11,8.64,18.39,-0.58,33.6,0.0,2.61,62.18,-15.84,-70.02,3825
Puno,2016-11-12,8.76,19.25,-0.47,32.47,0.01,3.18,62.05,-15.84,-70.02,3825
Puno,2016-11-13,8.05,18.76,-1.11,30.03,0.0,3.11,62.04,-15.84,-70.02,3825
Puno,2016-11-14,7.3,18.63,-4.42,32.08,0.01,2.55,61.99,-15.84,-70.02,3825
Puno,2016-11-15,8.29,19.92,-1.32,27.9,0.02,3.91,61.96,-15.84,-70.02,3825
Puno,2016-11-16,8.68,18.82,-0.98,26.49,0.01,1.58,61.98,-15.84,-70.02,3825
Puno,2016-11-17,9.38,15.75,2.5,46.09,0.01,3.64,62.08,-15.84,-70.02,3825
Puno,2016-11-18,8.15,13.95,4.56,70.1,0.01,3.43,62.23,-15.84,-70.02,3825
Puno,2016-11-19,9.63,16.68,4.3,51.87,0.0,2.07,62.15,-15.84,-70.02,3825
Puno,2016-11-20,8.71,17.78,0.52,27.63,0.0,1.99,62.02,-15.84,-70.02,3825
Puno,2016-11-21,9.65,18.71,0.67,34.84,0.03,2.32,61.98,-15.84,-70.02,3825
Puno,2016-11-22,10.49,18.91,2.94,37.13,0.05,1.12,62.03,-15.84,-70.02,3825
Puno,2016-11-23,9.59,18.01,2.26,29.06,0.01,1.56,62.08,-15.84,-70.02,3825
Puno,2016-11-24,10.58,18.86,2.65,29.27,0.0,1.82,62.12,-15.84,-70.02,3825
Puno,2016-11-25,8.47,12.9,3.33,51.24,0.0,3.13,62.23,-15.84,-70.02,3825
Puno,2016-11-26,10.4,17.14,5.36,49.86,0.0,1.86,62.15,-15.84,-70.02,3825
Puno,2016-11-27,9.02,14.38,4.93,43.03,0.0,2.39,62.2,-15.84,-70.02,3825
Puno,2016-11-28,9.53,15.98,4.42,55.42,0.63,2.49,62.23,-15.84,-70.02,3825
Puno,2016-11-29,8.18,15.16,3.89,58.17,0.19,2.67,62.32,-15.84,-70.02,3825
Puno,2016-11-30,8.25,14.69,2.69,66.26,0.01,2.58,62.33,-15.84,-70.02,3825
Puno,2016-12-01,8.45,14.93,1.91,64.67,1.12,2.64,62.26,-15.84,-70.02,3825
Puno,2016-12-02,10.65,17.35,5.09,58.41,0.23,2.53,62.22,-15.84,-70.02,3825
Puno,2016-12-03,10.08,14.57,5.94,58.82,0.01,2.22,62.26,-15.84,-70.02,3825
Puno,2016-12-04,8.47,13.26,5.57,69.31,0.9,2.79,62.25,-15.84,-70.02,3825
Puno,2016-12-05,10.43,17.29,4.61,59.41,0.01,2.22,62.17,-15.84,-70.02,3825
Puno,2016-12-06,7.62,13.98,2.39,69.0,0.0,3.56,62.25,-15.84,-70.02,3825
Puno,2016-12-07,11.02,17.97,4.88,57.31,0.29,3.01,62.15,-15.84,-70.02,3825
Puno,2016-12-08,9.66,16.07,5.96,66.74,5.33,2.55,62.06,-15.84,-70.02,3825
Puno,2016-12-09,9.65,19.15,3.29,43.5,0.65,2.7,62.02,-15.84,-70.02,3825
Puno,2016-12-10,7.92,13.05,1.98,31.69,0.0,2.41,62.12,-15.84,-70.02,3825
Puno,2016-12-11,9.43,17.21,0.57,45.25,0.01,2.12,62.14,-15.84,-70.02,3825
Puno,2016-12-12,9.83,17.15,4.67,49.19,0.02,1.47,62.11,-15.84,-70.02,3825
Puno,2016-12-13,10.89,19.01,2.22,39.95,0.0,2.84,62.13,-15.84,-70.02,3825
Puno,2016-12-14,9.52,14.86,4.94,67.31,2.45,5.07,62.32,-15.84,-70.02,3825
Puno,2016-12-15,8.66,13.25,4.66,68.89,0.6,3.93,62.4,-15.84,-70.02,3825
Puno,2016-12-16,10.6,16.85,5.52,61.51,1.6,4.0,62.34,-15.84,-70.02,3825
Puno,2016-12-17,10.38,17.44,5.1,58.21,0.58,3.59,62.28,-15.84,-70.02,3825
Puno,2016-12-18,11.33,18.86,4.74,51.29,0.06,2.86,62.19,-15.84,-70.02,3825
Puno,2016-12-19,10.42,15.77,6.11,62.5,0.38,2.35,62.14,-15.84,-70.02,3825
Puno,2016-12-20,10.65,18.81,2.1,49.81,0.16,4.16,62.1,-15.84,-70.02,3825
Puno,2016-12-21,10.98,17.36,5.63,56.05,0.0,3.47,62.07,-15.84,-70.02,3825
Puno,2016-12-22,9.98,14.58,6.53,62.88,0.06,2.07,62.11,-15.84,-70.02,3825
Puno,2016-12-23,8.69,16.84,2.21,63.91,0.05,3.36,62.17,-15.84,-70.02,3825
Puno,2016-12-24,10.99,17.37,6.15,58.28,0.0,3.73,62.18,-15.84,-70.02,3825
Puno,2016-12-25,10.88,15.95,5.98,57.38,0.0,2.19,62.14,-15.84,-70.02,3825
Puno,2016-12-26,9.15,14.0,5.9,62.34,2.27,2.4,62.1,-15.84,-70.02,3825
Puno,2016-12-27,9.21,15.96,2.81,61.66,0.95,3.12,62.1,-15.84,-70.02,3825
Puno,2016-12-28,7.46,13.18,2.68,72.36,0.52,3.45,62.17,-15.84,-70.02,3825
Puno,2016-12-29,10.17,16.79,4.87,67.97,5.1,3.84,62.2,-15.84,-70.02,3825
Puno,2016-12-30,10.71,16.73,5.44,66.88,3.84,2.64,62.19,-15.84,-70.02,3825
Puno,2016-12-31,9.29,13.67,5.3,71.72,1.17,3.7,62.24,-15.84,-70.02,3825
Puno,2017-01-01,10.63,16.78,6.22,66.67,0.06,3.73,62.31,-15.84,-70.02,3825
Puno,2017-01-02,10.27,16.12,6.35,66.1,0.42,3.88,62.32,-15.84,-70.02,3825
Puno,2017-01-03,10.4,15.82,6.14,65.24,7.04,2.95,62.2,-15.84,-70.02,3825
Puno,2017-01-04,9.67,15.09,6.28,69.61,6.47,3.06,62.1,-15.84,-70.02,3825
Puno,2017-01-05,8.22,15.87,3.81,75.11,2.74,3.75,62.1,-15.84,-70.02,3825
Puno,2017-01-06,8.78,16.8,3.62,70.38,5.45,2.99,62.21,-15.84,-70.02,3825
Puno,2017-01-07,8.17,15.4,2.4,71.43,1.69,1.54,62.28,-15.84,-70.02,3825
Puno,2017-01-08,9.28,16.33,4.12,68.16,7.15,2.71,62.18,-15.84,-70.02,3825
Puno,2017-01-09,8.04,12.61,3.36,73.37,4.38,2.89,62.1,-15.84,-70.02,3825
Puno,2017-01-10,10.01,15.49,5.96,69.07,0.98,4.0,62.1,-15.84,-70.02,3825
Puno,2017-01-11,8.38,11.5,5.91,76.38,0.2,4.8,62.21,-15.84,-70.02,3825
Puno,2017-01-12,9.38,15.02,4.96,69.11,1.7,4.54,62.3,-15.84,-70.02,3825
Puno,2017-01-13,9.65,15.48,5.66,68.18,4.35,3.46,62.27,-15.84,-70.02,3825
Puno,2017-01-14,9.52,15.05,5.13,66.98,9.1,3.63,62.15,-15.84,-70.02,3825
Puno,2017-01-15,10.22,16.4,5.48,64.81,4.76,2.77,62.07,-15.84,-70.02,3825
Puno,2017-01-16,9.63,15.28,6.01,67.93,6.0,4.0,62.15,-15.84,-70.02,3825
Puno,2017-01-17,9.98,16.65,5.14,60.13,0.92,4.25,62.25,-15.84,-70.02,3825
Puno,2017-01-18,9.31,15.01,5.08,66.45,0.81,3.93,62.33,-15.84,-70.02,3825
Puno,2017-01-19,9.11,14.69,4.17,66.81,0.38,3.78,62.31,-15.84,-70.02,3825
Puno,2017-01-20,9.23,16.03,3.85,65.58,0.06,4.85,62.35,-15.84,-70.02,3825
Puno,2017-01-21,8.26,12.89,4.98,67.96,0.77,4.19,62.38,-15.84,-70.02,3825
Puno,2017-01-22,9.51,15.91,4.21,63.16,1.1,2.96,62.29,-15.84,-70.02,3825
Puno,2017-01-23,9.2,15.87,5.0,66.26,1.43,2.0,62.16,-15.84,-70.02,3825
Puno,2017-01-24,8.81,16.61,3.2,67.35,13.22,2.26,62.08,-15.84,-70.02,3825
Puno,2017-01-25,5.98,10.72,2.8,81.9,16.28,2.27,62.25,-15.84,-70.02,3825
Puno,2017-01-26,7.0,12.37,3.6,78.07,10.83,2.56,62.39,-15.84,-70.02,3825
Puno,2017-01-27,7.44,13.55,2.88,71.99,1.17,4.63,62.47,-15.84,-70.02,3825
Puno,2017-01-28,8.54,14.88,3.14,69.8,0.37,4.04,62.37,-15.84,-70.02,3825
Puno,2017-01-29,9.44,15.88,3.78,62.19,0.0,2.76,62.36,-15.84,-70.02,3825
Puno,2017-01-30,11.4,17.8,6.07,51.06,0.01,1.86,62.31,-15.84,-70.02,3825
Puno,2017-01-31,9.72,16.58,4.65,60.59,0.15,1.87,62.25,-15.84,-70.02,3825
Puno,2017-02-01,10.89,20.15,2.13,51.19,1.37,2.02,62.12,-15.84,-70.02,3825
Puno,2017-02-02,11.06,19.54,3.0,46.88,0.31,1.21,62.12,-15.84,-70.02,3825
Puno,2017-02-03,11.58,18.53,7.28,60.29,0.68,2.46,62.14,-15.84,-70.02,3825
Puno,2017-02-04,11.44,17.56,6.54,57.28,0.0,2.34,62.18,-15.84,-70.02,3825
Puno,2017-02-05,11.81,18.24,7.15,57.46,0.0,3.62,62.23,-15.84,-70.02,3825
Puno,2017-02-06,9.28,14.62,4.02,71.29,0.07,3.32,62.25,-15.84,-70.02,3825
Puno,2017-02-07,9.79,16.12,4.41,66.29,0.01,2.55,62.27,-15.84,-70.02,3825
Puno,2017-02-08,11.44,17.77,7.31,59.77,0.0,3.53,62.3,-15.84,-70.02,3825
Puno,2017-02-09,11.18,17.44,6.31,54.91,0.0,3.35,62.33,-15.84,-70.02,3825
Puno,2017-02-10,12.19,19.55,6.85,49.25,0.0,2.19,62.22,-15.84,-70.02,3825
Puno,2017-02-11,11.53,17.46,5.25,52.03,0.0,2.46,62.13,-15.84,-70.02,3825
Puno,2017-02-12,10.33,14.28,8.06,64.29,0.02,2.6,62.1,-15.84,-70.02,3825
Puno,2017-02-13,8.69,12.61,3.86,74.47,0.02,4.17,62.12,-15.84,-70.02,3825
Puno,2017-02-14,10.24,16.9,5.42,59.52,0.02,3.78,62.25,-15.84,-70.02,3825
Puno,2017-02-15,9.74,16.39,4.28,58.53,2.22,3.59,62.37,-15.84,-70.02,3825
Puno,2017-02-16,9.23,15.3,2.95,71.3,9.34,2.59,62.28,-15.84,-70.02,3825
Puno,2017-02-17,8.85,14.9,3.42,71.59,1.5,2.5,62.19,-15.84,-70.02,3825
Puno,2017-02-18,8.71,14.64,3.48,68.5,3.03,1.55,62.14,-15.84,-70.02,3825
Puno,2017-02-19,9.22,15.42,5.22,70.61,4.76,2.63,62.21,-15.84,-70.02,3825
Puno,2017-02-20,9.48,15.03,5.33,70.89,1.67,3.49,62.31,-15.84,-70.02,3825
Puno,2017-02-21,8.21,13.43,4.38,76.65,5.79,4.08,62.29,-15.84,-70.02,3825
Puno,2017-02-22,8.0,14.65,3.93,73.03,1.61,5.05,62.26,-15.84,-70.02,3825
Puno,2017-02-23,7.46,13.43,3.24,74.51,0.98,4.81,62.26,-15.84,-70.02,3825
Puno,2017-02-24,8.05,14.42,3.36,73.38,1.36,4.34,62.25,-15.84,-70.02,3825
Puno,2017-02-25,8.69,14.42,4.18,74.29,4.61,3.4,62.15,-15.84,-70.02,3825
Puno,2017-02-26,8.49,14.32,4.82,76.19,7.56,3.51,62.13,-15.84,-70.02,3825
Puno,2017-02-27,9.14,15.57,3.83,68.08,1.62,1.84,62.14,-15.84,-70.02,3825
Puno,2017-02-28,7.79,12.84,4.25,73.13,3.15,2.77,62.1,-15.84,-70.02,3825
Puno,2017-03-01,7.71,14.92,2.69,73.99,2.25,2.85,61.97,-15.84,-70.02,3825
Puno,2017-03-02,9.99,18.65,1.88,62.94,2.81,1.35,62.02,-15.84,-70.02,3825
Puno,2017-03-03,9.8,17.26,3.55,63.5,0.76,2.42,62.16,-15.84,-70.02,3825
Puno,2017-03-04,8.59,15.42,2.33,70.91,0.1,2.94,62.17,-15.84,-70.02,3825
Puno,2017-03-05,10.07,15.6,6.74,69.76,0.02,3.3,62.17,-15.84,-70.02,3825
Puno,2017-03-06,9.45,14.45,5.82,71.8,0.71,3.44,62.26,-15.84,-70.02,3825
Puno,2017-03-07,8.75,14.33,5.16,73.19,0.76,4.42,62.33,-15.84,-70.02,3825
Puno,2017-03-08,9.56,15.57,4.85,72.5,0.5,3.82,62.28,-15.84,-70.02,3825
Puno,2017-03-09,10.27,15.86,6.24,71.88,0.6,2.99,62.17,-15.84,-70.02,3825
Puno,2017-03-10,10.09,16.19,5.5,70.26,0.41,4.28,62.28,-15.84,-70.02,3825
Puno,2017-03-11,8.51,13.57,4.7,70.92,0.21,3.98,62.4,-15.84,-70.02,3825
Puno,2017-03-12,8.79,15.29,3.01,63.29,0.2,4.11,62.39,-15.84,-70.02,3825
Puno,2017-03-13,8.08,13.75,3.87,71.29,1.37,4.01,62.35,-15.84,-70.02,3825
Puno,2017-03-14,9.27,15.68,3.98,67.2,0.49,2.84,62.24,-15.84,-70.02,3825
Puno,2017-03-15,8.8,14.79,4.66,71.68,19.42,2.07,62.18,-15.84,-70.02,3825
Puno,2017-03-16,7.7,14.49,3.48,75.68,7.13,2.38,62.18,-15.84,-70.02,3825
Puno,2017-03-17,6.3,10.91,3.13,80.79,1.75,2.47,62.26,-15.84,-70.02,3825
Puno,2017-03-18,9.03,15.42,4.24,71.77,0.0,2.49,62.28,-15.84,-70.02,3825
Puno,2017-03-19,9.38,16.03,4.71,68.09,0.0,3.16,62.34,-15.84,-70.02,3825
Puno,2017-03-20,8.97,16.16,3.17,59.84,0.0,3.5,62.34,-15.84,-70.02,3825
Puno,2017-03-21,9.16,15.87,3.47,63.35,0.0,3.44,62.34,-15.84,-70.02,3825
Puno,2017-03-22,8.33,14.8,3.68,74.47,1.8,3.52,62.35,-15.84,-70.02,3825
Puno,2017-03-23,7.89,14.55,3.55,75.64,9.98,2.22,62.34,-15.84,-70.02,3825
Puno,2017-03-24,7.68,15.2,2.89,74.08,8.09,1.59,62.28,-15.84,-70.02,3825
Puno,2017-03-25,7.8,14.06,3.39,75.5,9.65,2.19,62.23,-15.84,-70.02,3825
Puno,2017-03-26,9.29,15.92,3.05,68.27,0.69,2.28,62.2,-15.84,-70.02,3825
Puno,2017-03-27,8.84,14.04,4.94,75.31,1.41,3.23,62.25,-15.84,-70.02,3825
Puno,2017-03-28,8.42,13.84,4.58,76.87,1.58,3.78,62.33,-15.84,-70.02,3825
Puno,2017-03-29,8.87,14.52,4.88,72.72,0.97,2.25,62.28,-15.84,-70.02,3825
Puno,2017-03-30,8.79,14.35,3.67,71.69,0.78,2.4,62.17,-15.84,-70.02,3825
Puno,2017-03-31,9.16,16.72,3.12,67.59,2.19,2.31,62.24,-15.84,-70.02,3825
Puno,2017-04-01,8.0,13.05,2.39,70.12,0.77,2.02,62.36,-15.84,-70.02,3825
Puno,2017-04-02,10.28,17.51,5.81,66.89,15.76,1.3,62.23,-15.84,-70.02,3825
Puno,2017-04-03,8.75,14.37,3.71,72.36,13.95,2.2,62.18,-15.84,-70.02,3825
Puno,2017-04-04,9.53,18.25,1.44,62.27,0.87,1.67,62.17,-15.84,-70.02,3825
Puno,2017-04-05,9.8,15.62,6.03,71.03,0.01,2.99,62.31,-15.84,-70.02,3825
Puno,2017-04-06,9.01,14.94,3.48,74.41,0.87,3.3,62.36,-15.84,-70.02,3825
Puno,2017-04-07,8.27,15.57,3.44,67.85,0.65,2.05,62.27,-15.84,-70.02,3825
Puno,2017-04-08,6.99,10.79,3.44,59.35,0.55,1.43,62.2,-15.84,-70.02,3825
Puno,2017-04-09,8.4,15.59,3.25,59.95,0.5,1.47,62.17,-15.84,-70.02,3825
Puno,2017-04-10,8.84,14.31,5.38,74.4,0.12,2.94,62.22,-15.84,-70.02,3825
Puno,2017-04-11,7.94,12.97,4.64,76.71,0.51,3.91,62.32,-15.84,-70.02,3825
Puno,2017-04-12,7.64,13.01,3.85,76.39,0.69,3.33,62.37,-15.84,-70.02,3825
Puno,2017-04-13,8.5,14.84,4.07,70.75,0.16,2.53,62.33,-15.84,-70.02,3825
Puno,2017-04-14,9.07,15.31,4.82,63.16,0.0,2.32,62.35,-15.84,-70.02,3825
Puno,2017-04-15,9.02,15.09,4.52,63.44,0.0,2.28,62.38,-15.84,-70.02,3825
Puno,2017-04-16,8.92,14.9,4.7,66.92,0.04,2.71,62.41,-15.84,-70.02,3825
Puno,2017-04-17,7.67,13.49,4.27,73.81,0.28,1.86,62.34,-15.84,-70.02,3825
Puno,2017-04-18,8.83,15.4,3.84,65.45,0.02,1.88,62.23,-15.84,-70.02,3825
Puno,2017-04-19,6.69,16.43,-0.5,59.97,0.0,4.32,62.23,-15.84,-70.02,3825
Puno,2017-04-20,6.57,15.78,-2.79,44.8,0.01,2.17,62.25,-15.84,-70.02,3825
Puno,2017-04-21,7.73,15.93,0.13,55.32,0.03,2.38,62.3,-15.84,-70.02,3825
Puno,2017-04-22,8.86,15.67,3.9,68.97,0.02,2.74,62.4,-15.84,-70.02,3825
Puno,2017-04-23,8.63,13.7,4.51,67.55,0.0,1.92,62.36,-15.84,-70.02,3825
Puno,2017-04-24,8.22,13.95,3.53,70.16,2.44,1.78,62.25,-15.84,-70.02,3825
Puno,2017-04-25,7.72,16.36,1.67,49.2,0.2,2.8,62.18,-15.84,-70.02,3825
Puno,2017-04-26,7.65,14.46,3.22,60.6,0.01,1.5,62.21,-15.84,-70.02,3825
Puno,2017-04-27,7.4,15.24,2.75,60.32,0.17,1.25,62.27,-15.84,-70.02,3825
Puno,2017-04-28,7.33,13.09,2.82,65.53,5.66,2.18,62.37,-15.84,-70.02,3825
Puno,2017-04-29,5.84,12.62,1.49,78.01,11.27,2.11,62.37,-15.84,-70.02,3825
Puno,2017-04-30,6.57,13.96,1.01,71.68,0.76,1.72,62.4,-15.84,-70.02,3825
Puno,2017-05-01,8.43,16.19,1.95,56.35,0.06,0.74,62.38,-15.84,-70.02,3825
Puno,2017-05-02,7.13,16.71,-1.21,47.29,0.0,1.35,62.36,-15.84,-70.02,3825
Puno,2017-05-03,7.63,14.97,1.51,54.67,0.0,2.03,62.32,-15.84,-70.02,3825
Puno,2017-05-04,8.93,16.72,3.77,56.04,0.01,1.19,62.27,-15.84,-70.02,3825
Puno,2017-05-05,7.37,14.38,0.83,58.49,0.01,2.25,62.3,-15.84,-70.02,3825
Puno,2017-05-06,8.56,14.18,5.06,68.69,0.05,1.39,62.32,-15.84,-70.02,3825
Puno,2017-05-07,8.72,16.25,1.86,58.33,0.03,1.46,62.25,-15.84,-70.02,3825
Puno,2017-05-08,8.21,15.24,0.98,64.6,0.02,2.06,62.22,-15.84,-70.02,3825
Puno,2017-05-09,7.87,14.18,2.9,75.18,0.02,2.41,62.25,-15.84,-70.02,3825
Puno,2017-05-10,7.77,15.13,2.48,68.52,0.09,1.55,62.37,-15.84,-70.02,3825
Puno,2017-05-11,8.13,14.82,1.68,64.79,0.0,1.37,62.33,-15.84,-70.02,3825
Puno,2017-05-12,8.16,16.34,2.21,62.02,0.01,2.28,62.28,-15.84,-70.02,3825
Puno,2017-05-13,8.05,17.25,-0.15,53.49,0.0,1.52,62.34,-15.84,-70.02,3825
Puno,2017-05-14,8.76,17.93,1.89,53.27,0.0,1.18,62.37,-15.84,-70.02,3825
Puno,2017-05-15,7.79,15.19,1.05,57.43,0.0,2.28,62.4,-15.84,-70.02,3825
Puno,2017-05-16,8.65,15.11,3.56,59.61,0.0,1.4,62.34,-15.84,-70.02,3825
Puno,2017-05-17,6.79,13.72,1.3,51.98,0.0,2.67,62.25,-15.84,-70.02,3825
Puno,2017-05-18,5.63,14.99,-1.51,43.76,0.0,3.87,62.13,-15.84,-70.02,3825
Puno,2017-05-19,5.98,14.41,-1.72,46.84,0.03,2.65,62.05,-15.84,-70.02,3825
Puno,2017-05-20,6.34,14.31,0.34,44.82,0.06,3.18,62.14,-15.84,-70.02,3825
Puno,2017-05-21,7.43,15.23,1.26,47.43,0.0,1.86,62.25,-15.84,-70.02,3825
Puno,2017-05-22,6.64,13.41,1.67,67.15,2.23,3.04,62.25,-15.84,-70.02,3825
Puno,2017-05-23,4.48,12.08,0.44,77.03,3.28,2.58,62.29,-15.84,-70.02,3825
Puno,2017-05-24,6.72,12.99,1.51,74.35,0.82,2.71,62.28,-15.84,-70.02,3825
Puno,2017-05-25,6.8,12.73,1.88,78.47,0.41,2.73,62.35,-15.84,-70.02,3825
Puno,2017-05-26,7.13,12.07,3.18,72.32,1.01,1.91,62.47,-15.84,-70.02,3825
Puno,2017-05-27,6.68,12.79,3.64,74.39,2.43,2.01,62.47,-15.84,-70.02,3825
Puno,2017-05-28,5.24,8.81,1.96,77.82,0.15,1.86,62.46,-15.84,-70.02,3825
Puno,2017-05-29,5.99,12.03,1.79,78.56,6.76,1.61,62.44,-15.84,-70.02,3825
Puno,2017-05-30,4.42,10.83,-0.04,71.01,3.37,1.96,62.47,-15.84,-70.02,3825
Puno,2017-05-31,5.23,14.23,-0.85,44.41,0.0,2.42,62.42,-15.84,-70.02,3825
Puno,2017-06-01,4.73,13.55,-1.99,34.06,0.0,2.21,62.38,-15.84,-70.02,3825
Puno,2017-06-02,5.32,13.35,-1.55,44.49,0.0,2.49,62.34,-15.84,-70.02,3825
Puno,2017-06-03,6.46,14.15,-0.25,64.5,0.0,2.65,62.28,-15.84,-70.02,3825
Puno,2017-06-04,6.86,14.53,0.42,66.8,0.0,2.76,62.27,-15.84,-70.02,3825
Puno,2017-06-05,6.72,14.49,-0.36,67.26,0.0,2.65,62.28,-15.84,-70.02,3825
Puno,2017-06-06,6.65,14.49,-0.38,65.64,0.01,3.08,62.26,-15.84,-70.02,3825
Puno,2017-06-07,6.35,15.04,0.59,70.45,0.03,5.0,62.19,-15.84,-70.02,3825
Puno,2017-06-08,4.96,13.9,-1.09,62.9,0.04,4.98,62.29,-15.84,-70.02,3825
Puno,2017-06-09,5.51,14.28,-1.92,68.25,0.04,2.62,62.37,-15.84,-70.02,3825
Puno,2017-06-10,7.5,16.19,1.85,65.59,0.03,1.2,62.32,-15.84,-70.02,3825
Puno,2017-06-11,4.37,14.55,-2.37,51.88,0.0,4.56,62.26,-15.84,-70.02,3825
Puno,2017-06-12,3.67,14.71,-3.44,34.56,0.0,3.22,62.25,-15.84,-70.02,3825
Puno,2017-06-13,4.18,13.67,-4.15,37.27,0.0,2.1,62.28,-15.84,-70.02,3825
Puno,2017-06-14,6.16,13.23,2.09,62.57,0.0,1.66,62.48,-15.84,-70.02,3825
Puno,2017-06-15,7.01,13.66,2.79,64.02,0.0,1.57,62.49,-15.84,-70.02,3825
Puno,2017-06-16,6.36,15.54,-1.13,41.1,0.0,1.91,62.4,-15.84,-70.02,3825
Puno,2017-06-17,6.77,16.38,-1.8,32.09,0.0,2.07,62.31,-15.84,-70.02,3825
Puno,2017-06-18,6.73,15.16,1.27,43.14,0.0,2.1,62.28,-15.84,-70.02,3825
Puno,2017-06-19,7.46,15.13,3.23,72.12,0.02,2.34,62.26,-15.84,-70.02,3825
Puno,2017-06-20,6.78,14.75,-0.1,49.54,0.0,0.99,62.26,-15.84,-70.02,3825
Puno,2017-06-21,5.47,13.63,-2.39,47.99,0.0,1.58,62.28,-15.84,-70.02,3825
Puno,2017-06-22,6.48,14.77,-0.5,48.39,0.0,1.55,62.2,-15.84,-70.02,3825
Puno,2017-06-23,6.79,14.81,0.09,47.7,0.0,1.67,62.23,-15.84,-70.02,3825
Puno,2017-06-24,6.42,12.4,1.75,67.64,0.0,2.06,62.34,-15.84,-70.02,3825
Puno,2017-06-25,7.67,13.33,3.58,68.06,0.0,1.64,62.34,-15.84,-70.02,3825
Puno,2017-06-26,6.78,15.42,-0.45,55.64,0.0,1.94,62.25,-15.84,-70.02,3825
Puno,2017-06-27,6.91,14.29,-0.63,57.49,0.06,1.79,62.24,-15.84,-70.02,3825
Puno,2017-06-28,5.2,10.37,2.0,77.17,0.04,1.58,62.35,-15.84,-70.02,3825
Puno,2017-06-29,7.3,13.43,3.05,66.64,0.0,1.01,62.37,-15.84,-70.02,3825
Puno,2017-06-30,6.97,12.27,3.35,75.78,0.0,2.19,62.39,-15.84,-70.02,3825
Puno,2017-07-01,5.56,11.37,1.87,77.4,0.0,2.36,62.43,-15.84,-70.02,3825
Puno,2017-07-02,5.14,11.21,1.01,72.06,0.21,1.51,62.43,-15.84,-70.02,3825
Puno,2017-07-03,5.4,12.75,-0.82,53.63,0.18,0.93,62.32,-15.84,-70.02,3825
Puno,2017-07-04,4.31,13.66,-3.24,38.26,0.01,1.63,62.26,-15.84,-70.02,3825
Puno,2017-07-05,5.16,12.75,-1.59,37.09,0.0,1.84,62.4,-15.84,-70.02,3825
Puno,2017-07-06,5.89,12.42,0.74,48.58,0.0,1.56,62.45,-15.84,-70.02,3825
Puno,2017-07-07,6.38,13.5,0.17,47.79,0.0,0.93,62.4,-15.84,-70.02,3825
Puno,2017-07-08,5.34,13.69,-2.95,28.91,0.0,1.2,62.4,-15.84,-70.02,3825
Puno,2017-07-09,5.32,12.44,0.47,56.18,0.0,1.82,62.45,-15.84,-70.02,3825
Puno,2017-07-10,5.73,11.91,0.51,66.61,0.0,2.28,62.46,-15.84,-70.02,3825
Puno,2017-07-11,4.57,11.39,0.43,60.61,0.0,2.37,62.49,-15.84,-70.02,3825
Puno,2017-07-12,5.71,12.37,1.3,56.16,0.0,1.82,62.46,-15.84,-70.02,3825
Puno,2017-07-13,6.71,14.56,-0.31,45.29,0.0,1.69,62.43,-15.84,-70.02,3825
Puno,2017-07-14,6.24,15.44,-1.55,36.3,0.0,1.62,62.39,-15.84,-70.02,3825
Puno,2017-07-15,4.68,14.97,-2.92,34.9,0.0,3.1,62.29,-15.84,-70.02,3825
Puno,2017-07-16,5.31,14.89,-2.83,46.71,0.0,2.41,62.25,-15.84,-70.02,3825
Puno,2017-07-17,6.49,14.49,0.46,74.72,0.03,2.69,62.32,-15.84,-70.02,3825
Puno,2017-07-18,7.03,16.34,-0.06,55.85,0.0,1.58,62.38,-15.84,-70.02,3825
Puno,2017-07-19,5.62,14.53,-2.37,39.66,0.0,2.0,62.41,-15.84,-70.02,3825
Puno,2017-07-20,6.96,15.29,1.24,48.96,0.0,1.81,62.34,-15.84,-70.02,3825
Puno,2017-07-21,6.43,14.68,0.31,65.39,0.0,2.37,62.33,-15.84,-70.02,3825
Puno,2017-07-22,6.59,15.47,-0.15,58.59,0.0,1.79,62.32,-15.84,-70.02,3825
Puno,2017-07-23,5.53,15.72,-2.5,37.91,0.0,2.92,62.36,-15.84,-70.02,3825
Puno,2017-07-24,5.55,13.97,-1.15,49.21,0.0,2.21,62.44,-15.84,-70.02,3825
Puno,2017-07-25,6.72,13.24,2.78,69.33,0.0,2.28,62.5,-15.84,-70.02,3825
Puno,2017-07-26,6.79,13.3,2.64,69.11,0.01,2.46,62.45,-15.84,-70.02,3825
Puno,2017-07-27,6.3,12.63,1.87,69.17,0.05,2.54,62.42,-15.84,-70.02,3825
Puno,2017-07-28,7.24,14.16,3.16,60.33,0.03,1.96,62.33,-15.84,-70.02,3825
Puno,2017-07-29,7.49,14.94,2.86,57.21,0.06,1.73,62.34,-15.84,-70.02,3825
Puno,2017-07-30,7.03,13.19,2.65,65.26,0.0,2.06,62.46,-15.84,-70.02,3825
Puno,2017-07-31,7.92,14.71,3.1,50.61,0.0,1.1,62.38,-15.84,-70.02,3825
Puno,2017-08-01,6.13,16.03,-2.08,35.06,0.0,2.01,62.3,-15.84,-70.02,3825
Puno,2017-08-02,6.17,16.21,-2.72,46.38,0.0,2.77,62.37,-15.84,-70.02,3825
Puno,2017-08-03,8.69,16.62,2.93,60.78,0.0,2.15,62.45,-15.84,-70.02,3825
Puno,2017-08-04,7.91,15.72,-0.12,42.05,0.0,2.18,62.43,-15.84,-70.02,3825
Puno,2017-08-05,9.21,16.49,4.25,40.14,0.0,1.36,62.39,-15.84,-70.02,3825
Puno,2017-08-06,8.57,15.64,2.75,39.03,0.0,1.67,62.36,-15.84,-70.02,3825
Puno,2017-08-07,7.92,16.38,-1.07,32.15,0.0,1.84,62.31,-15.84,-70.02,3825
Puno,2017-08-08,8.23,15.37,0.7,41.5,0.0,2.64,62.33,-15.84,-70.02,3825
Puno,2017-08-09,7.04,13.28,2.79,63.85,0.0,2.0,62.37,-15.84,-70.02,3825
Puno,2017-08-10,6.63,14.6,-0.26,43.53,0.03,2.87,62.3,-15.84,-70.02,3825
Puno,2017-08-11,4.55,14.9,-3.56,39.76,0.0,4.0,62.16,-15.84,-70.02,3825
Puno,2017-08-12,3.08,13.06,-4.21,34.91,0.07,5.25,62.16,-15.84,-70.02,3825
Puno,2017-08-13,4.15,15.04,-4.32,28.57,0.01,2.76,62.23,-15.84,-70.02,3825
Puno,2017-08-14,6.1,14.79,-1.28,30.38,0.03,2.34,62.16,-15.84,-70.02,3825
Puno,2017-08-15,6.53,14.66,-1.54,39.53,0.02,3.29,62.17,-15.84,-70.02,3825
Puno,2017-08-16,5.87,13.18,-1.15,44.35,0.01,1.59,62.22,-15.84,-70.02,3825
Puno,2017-08-17,5.14,11.75,-0.87,37.46,0.04,2.41,62.15,-15.84,-70.02,3825
Puno,2017-08-18,4.99,13.68,-0.84,24.45,0.0,3.13,62.19,-15.84,-70.02,3825
Puno,2017-08-19,4.88,14.5,-4.28,21.99,0.01,2.71,62.2,-15.84,-70.02,3825
Puno,2017-08-20,4.97,13.33,-2.57,40.3,0.0,2.57,62.35,-15.84,-70.02,3825
Puno,2017-08-21,7.85,16.14,1.77,58.1,0.0,1.48,62.38,-15.84,-70.02,3825
Puno,2017-08-22,6.85,15.21,-0.59,37.42,0.0,1.32,62.32,-15.84,-70.02,3825
Puno,2017-08-23,5.96,15.44,-3.34,31.12,0.0,2.41,62.16,-15.84,-70.02,3825
Puno,2017-08-24,7.9,15.93,0.8,44.93,0.0,1.71,62.13,-15.84,-70.02,3825
Puno,2017-08-25,7.08,15.41,-1.03,42.68,0.0,1.95,62.2,-15.84,-70.02,3825
Puno,2017-08-26,7.81,15.21,0.08,47.19,0.0,1.89,62.24,-15.84,-70.02,3825
Puno,2017-08-27,7.69,12.9,2.15,63.41,0.0,2.42,62.25,-15.84,-70.02,3825
Puno,2017-08-28,7.42,13.55,2.61,64.35,0.0,2.22,62.3,-15.84,-70.02,3825
Puno,2017-08-29,7.56,14.99,0.71,63.07,0.0,2.55,62.4,-15.84,-70.02,3825
Puno,2017-08-30,6.71,13.29,1.55,60.69,0.0,4.03,62.5,-15.84,-70.02,3825
Puno,2017-08-31,6.6,14.66,0.32,58.78,0.0,2.53,62.48,-15.84,-70.02,3825
Puno,2017-09-01,8.24,15.93,2.85,61.32,0.0,2.46,62.45,-15.84,-70.02,3825
Puno,2017-09-02,8.28,14.19,3.33,67.59,0.0,2.96,62.47,-15.84,-70.02,3825
Puno,2017-09-03,7.4,12.12,4.45,68.27,0.0,1.82,62.5,-15.84,-70.02,3825
Puno,2017-09-04,8.5,13.66,4.52,63.65,0.0,2.34,62.45,-15.84,-70.02,3825
Puno,2017-09-05,6.77,10.78,3.75,70.85,10.54,2.2,62.42,-15.84,-70.02,3825
Puno,2017-09-06,6.88,12.23,2.01,67.55,2.82,1.24,62.32,-15.84,-70.02,3825
Puno,2017-09-07,5.82,14.2,1.03,68.56,3.36,2.93,62.2,-15.84,-70.02,3825
Puno,2017-09-08,6.01,14.2,-0.32,60.4,1.24,2.41,62.1,-15.84,-70.02,3825
Puno,2017-09-09,7.6,17.27,0.92,48.21,0.03,2.95,62.12,-15.84,-70.02,3825
Puno,2017-09-10,7.41,17.2,-1.57,42.2,0.0,2.31,62.18,-15.84,-70.02,3825
Puno,2017-09-11,7.29,15.32,2.4,64.05,0.21,2.3,62.23,-15.84,-70.02,3825
Puno,2017-09-12,4.2,8.7,1.33,79.81,0.44,2.19,62.36,-15.84,-70.02,3825
Puno,2017-09-13,6.72,14.33,1.69,68.97,0.42,2.37,62.34,-15.84,-70.02,3825
Puno,2017-09-14,6.71,14.01,1.45,64.01,0.73,2.61,62.31,-15.84,-70.02,3825
Puno,2017-09-15,4.05,10.77,0.49,76.49,6.75,2.66,62.36,-15.84,-70.02,3825
Puno,2017-09-16,4.79,9.6,0.79,80.1,1.77,2.83,62.42,-15.84,-70.02,3825
Puno,2017-09-17,7.25,13.78,2.01,70.94,0.67,2.58,62.43,-15.84,-70.02,3825
Puno,2017-09-18,8.63,15.47,3.35,60.55,0.03,2.44,62.44,-15.84,-70.02,3825
Puno,2017-09-19,8.77,15.63,2.95,64.06,0.0,2.79,62.48,-15.84,-70.02,3825
Puno,2017-09-20,10.5,17.78,5.41,60.77,0.0,2.39,62.38,-15.84,-70.02,3825
Puno,2017-09-21,10.68,17.19,5.42,58.56,0.07,2.82,62.3,-15.84,-70.02,3825
Puno,2017-09-22,9.5,16.55,4.32,60.88,0.27,2.06,62.25,-15.84,-70.02,3825
Puno,2017-09-23,7.18,12.45,4.37,64.83,0.37,1.01,62.3,-15.84,-70.02,3825
Puno,2017-09-24,8.5,17.22,2.49,48.53,0.09,2.2,62.27,-15.84,-70.02,3825
Puno,2017-09-25,7.52,14.33,0.3,57.74,0.0,2.78,62.29,-15.84,-70.02,3825
Puno,2017-09-26,9.23,15.96,3.36,58.83,0.0,2.41,62.18,-15.84,-70.02,3825
Puno,2017-09-27,9.38,16.56,4.43,48.91,0.44,1.29,62.12,-15.84,-70.02,3825
Puno,2017-09-28,8.07,17.54,1.33,40.81,0.02,2.23,62.19,-15.84,-70.02,3825
Puno,2017-09-29,8.44,18.2,-0.86,28.05,0.0,1.66,62.27,-15.84,-70.02,3825
Puno,2017-09-30,9.47,17.44,2.23,33.88,0.0,1.62,62.22,-15.84,-70.02,3825
Puno,2017-10-01,6.2,16.5,-2.47,27.23,0.0,5.66,62.07,-15.84,-70.02,3825
Puno,2017-10-02,5.56,15.7,-3.99,21.01,0.0,3.45,62.06,-15.84,-70.02,3825
Puno,2017-10-03,7.55,17.75,-3.01,25.81,0.0,2.26,62.13,-15.84,-70.02,3825
Puno,2017-10-04,8.72,17.15,0.65,40.79,0.0,2.49,62.22,-15.84,-70.02,3825
Puno,2017-10-05,9.16,17.92,-0.33,45.53,0.0,2.69,62.22,-15.84,-70.02,3825
Puno,2017-10-06,9.95,16.71,4.32,60.81,0.0,3.46,62.33,-15.84,-70.02,3825
Puno,2017-10-07,9.66,15.45,5.57,59.6,0.0,2.66,62.38,-15.84,-70.02,3825
Puno,2017-10-08,10.19,16.45,4.95,58.32,0.0,2.81,62.31,-15.84,-70.02,3825
Puno,2017-10-09,9.9,16.94,5.19,58.85,0.0,3.42,62.24,-15.84,-70.02,3825
Puno,2017-10-10,9.24,16.04,4.55,62.95,0.0,3.75,62.2,-15.84,-70.02,3825
Puno,2017-10-11,7.36,12.56,5.1,69.1,3.14,2.57,62.12,-15.84,-70.02,3825
Puno,2017-10-12,8.67,15.74,2.99,57.18,1.14,1.81,62.15,-15.84,-70.02,3825
Puno,2017-10-13,8.58,15.11,2.36,61.44,1.65,2.42,62.2,-15.84,-70.02,3825
Puno,2017-10-14,6.04,8.98,2.29,71.46,9.73,3.01,62.33,-15.84,-70.02,3825
Puno,2017-10-15,5.96,10.97,2.27,78.28,23.45,2.44,62.37,-15.84,-70.02,3825
Puno,2017-10-16,6.35,12.56,1.1,76.38,15.11,2.25,62.38,-15.84,-70.02,3825
Puno,2017-10-17,6.86,12.34,1.86,72.05,3.63,2.2,62.43,-15.84,-70.02,3825
Puno,2017-10-18,7.93,12.91,2.71,65.06,0.83,2.36,62.43,-15.84,-70.02,3825
Puno,2017-10-19,10.11,15.21,5.96,59.46,0.13,2.08,62.28,-15.84,-70.02,3825
Puno,2017-10-20,10.42,18.25,5.33,54.28,0.1,1.78,62.17,-15.84,-70.02,3825
Puno,2017-10-21,8.43,15.13,1.22,40.48,0.02,2.32,62.27,-15.84,-70.02,3825
Puno,2017-10-22,9.81,15.94,5.37,59.48,0.01,2.52,62.32,-15.84,-70.02,3825
Puno,2017-10-23,8.96,15.38,2.01,40.63,0.01,2.73,62.32,-15.84,-70.02,3825
Puno,2017-10-24,9.18,16.82,0.99,41.99,0.0,2.9,62.26,-15.84,-70.02,3825
Puno,2017-10-25,8.13,12.53,4.89,57.29,0.01,2.06,62.27,-15.84,-70.02,3825
Puno,2017-10-26,9.92,17.59,1.58,40.08,0.0,2.11,62.19,-15.84,-70.02,3825
Puno,2017-10-27,10.77,18.62,2.29,41.24,0.02,1.86,62.12,-15.84,-70.02,3825
Puno,2017-10-28,9.8,19.13,1.19,37.16,0.01,2.6,62.03,-15.84,-70.02,3825
Puno,2017-10-29,9.34,18.79,0.17,36.13,0.0,2.12,62.08,-15.84,-70.02,3825
Puno,2017-10-30,9.51,18.62,2.29,37.67,0.0,2.69,62.16,-15.84,-70.02,3825
Puno,2017-10-31,9.15,18.96,-0.47,36.75,0.0,2.32,62.13,-15.84,-70.02,3825
Puno,2017-11-01,10.0,19.29,2.49,41.33,0.01,1.38,62.12,-15.84,-70.02,3825
Puno,2017-11-02,10.55,17.79,3.71,48.98,0.0,2.47,62.2,-15.84,-70.02,3825
Puno,2017-11-03,9.67,15.17,5.73,57.88,0.0,1.94,62.23,-15.84,-70.02,3825
Puno,2017-11-04,9.32,14.01,5.25,56.63,0.0,2.04,62.19,-15.84,-70.02,3825
Puno,2017-11-05,10.65,17.44,4.99,56.21,0.02,2.54,62.2,-15.84,-70.02,3825
Puno,2017-11-06,9.06,14.04,5.52,65.53,5.03,3.02,62.22,-15.84,-70.02,3825
Puno,2017-11-07,10.85,17.63,4.91,54.5,0.16,2.26,62.12,-15.84,-70.02,3825
Puno,2017-11-08,10.88,18.81,1.98,40.64,0.0,2.29,62.06,-15.84,-70.02,3825
Puno,2017-11-09,10.67,16.17,3.95,60.14,0.08,3.1,62.1,-15.84,-70.02,3825
Puno,2017-11-10,9.77,17.17,3.05,60.54,0.03,3.41,62.15,-15.84,-70.02,3825
Puno,2017-11-11,10.26,16.93,4.04,59.84,0.99,3.33,62.13,-15.84,-70.02,3825
Puno,2017-11-12,7.57,12.01,2.83,71.91,3.19,3.38,62.22,-15.84,-70.02,3825
Puno,2017-11-13,8.63,15.83,2.42,65.67,0.27,4.49,62.19,-15.84,-70.02,3825
Puno,2017-11-14,10.06,17.97,2.82,57.4,0.14,2.26,62.14,-15.84,-70.02,3825
Puno,2017-11-15,8.62,14.68,2.55,64.67,0.24,3.09,62.18,-15.84,-70.02,3825
Puno,2017-11-16,8.84,16.33,2.09,63.25,0.38,2.79,62.19,-15.84,-70.02,3825
Puno,2017-11-17,10.3,17.48,3.4,54.15,0.34,2.07,62.04,-15.84,-70.02,3825
Puno,2017-11-18,9.47,17.8,-0.61,47.82,0.0,3.22,62.03,-15.84,-70.02,3825
Puno,2017-11-19,10.23,16.38,3.95,52.5,0.04,2.84,62.01,-15.84,-70.02,3825
Puno,2017-11-20,10.31,19.29,2.09,36.47,0.0,2.41,62.06,-15.84,-70.02,3825
Puno,2017-11-21,10.12,18.77,-0.86,26.61,0.0,2.56,62.16,-15.84,-70.02,3825
Puno,2017-11-22,10.64,16.78,4.62,57.24,0.0,3.39,62.18,-15.84,-70.02,3825
Puno,2017-11-23,10.53,16.64,7.2,58.8,0.0,1.87,62.2,-15.84,-70.02,3825
Puno,2017-11-24,11.83,18.84,6.92,42.63,0.0,3.13,62.25,-15.84,-70.02,3825
Puno,2017-11-25,11.9,19.29,5.1,53.93,0.0,2.8,62.28,-15.84,-70.02,3825
Puno,2017-11-26,11.79,18.05,7.55,53.45,0.03,1.51,62.2,-15.84,-70.02,3825
Puno,2017-11-27,10.09,18.09,5.03,54.65,0.42,3.95,62.19,-15.84,-70.02,3825
Puno,2017-11-28,9.34,15.88,3.85,68.49,2.27,2.95,62.3,-15.84,-70.02,3825
Puno,2017-11-29,8.59,16.74,2.44,67.66,0.12,1.99,62.28,-15.84,-70.02,3825
Puno,2017-11-30,11.11,17.93,5.19,52.66,1.68,1.88,62.05,-15.84,-70.02,3825
Puno,2017-12-01,11.25,19.99,3.34,37.76,0.08,2.14,61.99,-15.84,-70.02,3825
Puno,2017-12-02,10.02,18.19,1.94,45.35,0.01,3.3,62.05,-15.84,-70.02,3825
Puno,2017-12-03,10.15,16.13,5.62,57.61,0.91,2.19,62.03,-15.84,-70.02,3825
Puno,2017-12-04,9.82,17.3,4.54,52.27,1.7,2.59,62.05,-15.84,-70.02,3825
Puno,2017-12-05,6.65,14.53,2.94,66.62,0.61,2.52,62.24,-15.84,-70.02,3825
Puno,2017-12-06,9.65,17.07,4.1,53.65,0.04,2.38,62.2,-15.84,-70.02,3825
Puno,2017-12-07,9.27,14.4,5.58,58.85,0.25,2.61,62.17,-15.84,-70.02,3825
Puno,2017-12-08,9.5,14.32,3.42,50.94,0.08,2.97,62.17,-15.84,-70.02,3825
Puno,2017-12-09,10.95,19.71,3.17,47.92,7.99,2.44,62.19,-15.84,-70.02,3825
Puno,2017-12-10,10.61,20.0,1.0,36.03,0.01,2.54,62.19,-15.84,-70.02,3825
Puno,2017-12-11,9.94,17.18,2.37,52.16,0.01,3.22,62.22,-15.84,-70.02,3825
Puno,2017-12-12,10.47,17.08,5.27,61.02,0.0,3.6,62.24,-15.84,-70.02,3825
Puno,2017-12-13,11.24,17.99,4.95,52.82,0.0,3.3,62.31,-15.84,-70.02,3825
Puno,2017-12-14,11.01,18.41,6.63,59.27,0.07,4.21,62.33,-15.84,-70.02,3825
Puno,2017-12-15,9.33,15.75,4.24,66.41,0.02,3.57,62.33,-15.84,-70.02,3825
Puno,2017-12-16,10.66,17.14,5.46,52.35,0.0,3.63,62.22,-15.84,-70.02,3825
Puno,2017-12-17,10.29,17.18,4.9,59.86,1.56,4.24,62.25,-15.84,-70.02,3825
Puno,2017-12-18,9.56,15.76,4.7,63.71,0.16,4.41,62.25,-15.84,-70.02,3825
Puno,2017-12-19,7.91,11.46,5.32,73.53,0.8,2.58,62.25,-15.84,-70.02,3825
Puno,2017-12-20,10.5,16.87,5.84,67.02,23.84,2.53,62.1,-15.84,-70.02,3825
Puno,2017-12-21,8.64,14.95,2.06,69.73,22.33,1.91,62.1,-15.84,-70.02,3825
Puno,2017-12-22,10.28,19.32,2.68,56.04,4.71,2.35,62.04,-15.84,-70.02,3825
Puno,2017-12-23,9.77,18.51,3.54,49.46,0.03,2.68,62.11,-15.84,-70.02,3825
Puno,2017-12-24,11.27,20.38,3.01,46.83,0.23,1.59,62.07,-15.84,-70.02,3825
Puno,2017-12-25,10.51,17.14,4.61,52.33,0.26,2.68,62.06,-15.84,-70.02,3825
Puno,2017-12-26,8.59,14.14,3.54,71.4,3.42,2.81,62.09,-15.84,-70.02,3825
Puno,2017-12-27,7.8,11.18,4.53,76.75,2.06,3.14,62.17,-15.84,-70.02,3825
Puno,2017-12-28,8.97,14.94,4.88,73.19,1.98,3.41,62.18,-15.84,-70.02,3825
Puno,2017-12-29,8.52,13.29,5.37,73.01,0.39,4.15,62.24,-15.84,-70.02,3825
Puno,2017-12-30,10.27,15.67,5.67,60.79,1.03,2.35,62.21,-15.84,-70.02,3825
Puno,2017-12-31,10.84,17.28,6.25,61.6,0.31,3.17,62.19,-15.84,-70.02,3825
Puno,2018-01-01,10.45,17.45,4.7,59.68,6.43,2.61,62.16,-15.84,-70.02,3825
Puno,2018-01-02,9.27,16.02,4.41,61.53,2.3,2.64,62.07,-15.84,-70.02,3825
Puno,2018-01-03,6.52,9.98,3.3,69.72,0.02,2.71,62.15,-15.84,-70.02,3825
Puno,2018-01-04,8.73,13.6,4.38,69.83,0.02,2.4,62.21,-15.84,-70.02,3825
Puno,2018-01-05,11.98,20.73,4.41,49.13,0.3,1.94,62.15,-15.84,-70.02,3825
Puno,2018-01-06,9.63,15.68,5.24,58.02,3.69,2.53,62.2,-15.84,-70.02,3825
Puno,2018-01-07,6.06,10.23,2.72,80.85,5.48,2.6,62.21,-15.84,-70.02,3825
Puno,2018-01-08,7.79,13.7,3.17,72.61,1.57,4.33,62.22,-15.84,-70.02,3825
Puno,2018-01-09,8.83,15.92,3.58,66.95,0.11,3.97,62.15,-15.84,-70.02,3825
Puno,2018-01-10,8.86,14.66,4.01,66.25,0.09,4.35,62.18,-15.84,-70.02,3825
Puno,2018-01-11,8.17,13.98,4.56,70.57,7.13,3.99,62.23,-15.84,-70.02,3825
Puno,2018-01-12,7.76,15.25,2.93,73.37,7.4,2.9,62.13,-15.84,-70.02,3825
Puno,2018-01-13,9.02,17.11,2.09,61.34,2.27,2.77,61.99,-15.84,-70.02,3825
Puno,2018-01-14,8.9,16.94,0.69,54.78,1.46,2.05,62.02,-15.84,-70.02,3825
Puno,2018-01-15,7.28,13.18,3.69,76.78,11.47,3.65,62.13,-15.84,-70.02,3825
Puno,2018-01-16,8.1,14.79,2.42,75.17,1.27,4.11,62.24,-15.84,-70.02,3825
Puno,2018-01-17,9.62,15.48,4.8,69.09,0.22,4.28,62.24,-15.84,-70.02,3825
Puno,2018-01-18,9.28,14.32,5.92,71.75,0.23,4.41,62.26,-15.84,-70.02,3825
Puno,2018-01-19,9.11,15.2,5.12,70.87,0.66,4.76,62.24,-15.84,-70.02,3825
Puno,2018-01-20,8.79,14.73,4.33,70.67,1.53,4.01,62.21,-15.84,-70.02,3825
Puno,2018-01-21,9.2,14.78,4.47,69.4,1.22,3.06,62.14,-15.84,-70.02,3825
Puno,2018-01-22,9.33,15.08,5.77,68.76,3.97,3.84,62.06,-15.84,-70.02,3825
Puno,2018-01-23,8.25,14.58,3.38,72.03,6.74,3.08,62.05,-15.84,-70.02,3825
Puno,2018-01-24,6.57,14.05,2.04,75.95,2.91,2.49,62.15,-15.84,-70.02,3825
Puno,2018-01-25,8.09,16.01,2.35,66.25,3.98,1.96,62.23,-15.84,-70.02,3825
Puno,2018-01-26,9.48,17.37,4.02,56.31,0.46,1.86,62.16,-15.84,-70.02,3825
Puno,2018-01-27,10.46,18.97,2.75,47.84,0.17,1.79,62.04,-15.84,-70.02,3825
Puno,2018-01-28,9.89,17.14,3.36,48.71,1.61,1.33,61.96,-15.84,-70.02,3825
Puno,2018-01-29,9.95,16.16,3.73,45.2,0.19,1.36,61.97,-15.84,-70.02,3825
Puno,2018-01-30,10.03,17.53,4.68,58.08,0.09,2.43,61.99,-15.84,-70.02,3825
Puno,2018-01-31,9.48,18.0,4.57,62.52,4.94,2.44,62.08,-15.84,-70.02,3825
Puno,2018-02-01,8.43,13.97,4.05,69.64,0.97,1.94,62.11,-15.84,-70.02,3825
Puno,2018-02-02,9.33,16.67,2.06,60.05,0.38,2.22,62.12,-15.84,-70.02,3825
Puno,2018-02-03,8.68,12.47,3.73,65.51,1.64,1.93,62.14,-15.84,-70.02,3825
Puno,2018-02-04,9.46,16.19,2.51,70.13,0.1,3.11,62.21,-15.84,-70.02,3825
Puno,2018-02-05,10.76,15.97,6.11,68.03,0.02,2.76,62.18,-15.84,-70.02,3825
Puno,2018-02-06,10.31,16.09,6.77,70.56,1.35,2.3,62.12,-15.84,-70.02,3825
Puno,2018-02-07,9.87,17.69,3.81,62.63,1.79,1.91,62.1,-15.84,-70.02,3825
Puno,2018-02-08,8.39,14.43,3.64,70.79,1.28,2.36,62.04,-15.84,-70.02,3825
Puno,2018-02-09,7.42,12.57,3.2,72.23,2.36,1.98,62.04,-15.84,-70.02,3825
Puno,2018-02-10,9.52,18.2,2.27,65.01,5.53,2.27,62.05,-15.84,-70.02,3825
Puno,2018-02-11,9.84,17.15,3.69,59.59,3.72,1.96,62.15,-15.84,-70.02,3825
Puno,2018-02-12,8.04,13.53,3.21,76.3,5.94,3.2,62.23,-15.84,-70.02,3825
Puno,2018-02-13,6.7,11.34,1.81,79.1,4.03,2.77,62.35,-15.84,-70.02,3825
Puno,2018-02-14,7.96,13.26,3.95,78.17,6.92,4.81,62.36,-15.84,-70.02,3825
Puno,2018-02-15,8.24,14.01,4.0,75.43,3.14,4.23,62.32,-15.84,-70.02,3825
Puno,2018-02-16,8.61,13.6,4.37,74.95,8.9,2.9,62.35,-15.84,-70.02,3825
Puno,2018-02-17,9.5,15.15,5.66,70.9,2.92,2.87,62.21,-15.84,-70.02,3825
Puno,2018-02-18,9.82,16.81,3.23,64.52,3.33,1.74,62.09,-15.84,-70.02,3825
Puno,2018-02-19,8.93,17.77,-1.36,45.21,0.5,2.16,62.02,-15.84,-70.02,3825
Puno,2018-02-20,9.64,16.03,3.93,60.95,1.86,1.96,62.1,-15.84,-70.02,3825
Puno,2018-02-21,9.0,15.24,4.05,69.19,6.37,3.18,62.21,-15.84,-70.02,3825
Puno,2018-02-22,6.21,9.74,3.92,81.41,7.6,3.17,62.23,-15.84,-70.02,3825
Puno,2018-02-23,8.07,14.09,3.14,69.39,3.03,2.76,62.17,-15.84,-70.02,3825
Puno,2018-02-24,8.71,14.63,3.95,68.98,5.73,2.21,62.13,-15.84,-70.02,3825
Puno,2018-02-25,8.89,15.19,3.48,66.49,0.53,3.62,62.19,-15.84,-70.02,3825
Puno,2018-02-26,8.79,14.88,4.14,71.44,1.26,3.84,62.22,-15.84,-70.02,3825
Puno,2018-02-27,9.58,16.11,3.82,68.06,1.03,3.19,62.15,-15.84,-70.02,3825
Puno,2018-02-28,10.2,16.76,5.18,65.72,0.21,2.95,62.12,-15.84,-70.02,3825
Puno,2018-03-01,9.93,16.27,5.42,71.01,2.1,3.93,62.2,-15.84,-70.02,3825
Puno,2018-03-02,9.69,15.32,5.83,72.66,3.68,4.07,62.28,-15.84,-70.02,3825
Puno,2018-03-03,9.32,15.11,5.06,73.14,1.57,4.32,62.23,-15.84,-70.02,3825
Puno,2018-03-04,9.13,14.34,5.04,72.91,3.86,3.1,62.17,-15.84,-70.02,3825
Puno,2018-03-05,9.09,14.45,5.68,74.38,5.52,3.67,62.12,-15.84,-70.02,3825
Puno,2018-03-06,7.91,15.11,2.2,77.68,20.02,3.7,62.09,-15.84,-70.02,3825
Puno,2018-03-07,6.23,13.75,1.48,79.29,10.85,2.13,62.2,-15.84,-70.02,3825
Puno,2018-03-08,8.76,16.44,3.0,69.74,5.85,1.72,62.2,-15.84,-70.02,3825
Puno,2018-03-09,7.95,13.71,3.67,74.34,8.69,2.23,62.23,-15.84,-70.02,3825
Puno,2018-03-10,7.53,12.68,3.73,72.17,0.25,2.7,62.26,-15.84,-70.02,3825
Puno,2018-03-11,9.76,15.16,5.77,74.95,0.01,3.12,62.28,-15.84,-70.02,3825
Puno,2018-03-12,10.15,14.97,6.57,74.69,3.66,2.93,62.22,-15.84,-70.02,3825
Puno,2018-03-13,9.38,14.37,5.74,73.79,0.34,2.55,62.23,-15.84,-70.02,3825
Puno,2018-03-14,8.19,14.39,3.56,73.83,7.5,2.36,62.25,-15.84,-70.02,3825
Puno,2018-03-15,8.65,14.22,5.01,74.21,5.34,2.1,62.22,-15.84,-70.02,3825
Puno,2018-03-16,8.02,13.35,3.54,76.59,5.19,2.74,62.21,-15.84,-70.02,3825
Puno,2018-03-17,8.35,15.39,3.88,77.52,0.95,2.63,62.17,-15.84,-70.02,3825
Puno,2018-03-18,9.24,15.08,4.14,72.52,0.94,2.28,62.08,-15.84,-70.02,3825
Puno,2018-03-19,7.65,10.52,6.1,83.49,0.45,3.53,62.13,-15.84,-70.02,3825
Puno,2018-03-20,8.5,13.25,4.58,82.3,0.76,4.06,62.19,-15.84,-70.02,3825
Puno,2018-03-21,8.02,12.72,5.07,82.78,7.5,4.46,62.33,-15.84,-70.02,3825
Puno,2018-03-22,9.69,16.03,4.76,71.2,1.58,2.09,62.3,-15.84,-70.02,3825
Puno,2018-03-23,10.12,15.58,6.84,69.28,0.0,2.36,62.22,-15.84,-70.02,3825
Puno,2018-03-24,10.03,15.75,6.54,67.75,2.04,2.24,62.21,-15.84,-70.02,3825
Puno,2018-03-25,9.47,14.91,5.68,70.43,0.18,3.31,62.22,-15.84,-70.02,3825
Puno,2018-03-26,9.12,15.92,3.31,65.98,0.0,2.08,62.17,-15.84,-70.02,3825
Puno,2018-03-27,8.96,15.48,2.24,60.08,0.38,1.67,62.11,-15.84,-70.02,3825
Puno,2018-03-28,8.33,17.94,0.94,59.43,0.09,1.79,62.09,-15.84,-70.02,3825
Puno,2018-03-29,7.48,17.37,-1.86,45.86,0.0,1.47,62.15,-15.84,-70.02,3825
Puno,2018-03-30,8.42,17.54,0.82,50.94,4.7,1.29,62.14,-15.84,-70.02,3825
Puno,2018-03-31,6.02,15.78,-2.79,50.24,0.06,1.45,62.11,-15.84,-70.02,3825
Puno,2018-04-01,7.02,16.86,-3.2,42.45,0.01,1.36,62.08,-15.84,-70.02,3825
Puno,2018-04-02,8.72,16.86,1.36,48.25,0.05,1.36,62.12,-15.84,-70.02,3825
Puno,2018-04-03,8.89,17.06,2.2,56.36,0.0,1.23,62.13,-15.84,-70.02,3825
Puno,2018-04-04,7.66,17.71,-1.07,50.59,0.02,2.0,62.17,-15.84,-70.02,3825
Puno,2018-04-05,8.4,16.88,-0.63,43.42,0.03,1.32,62.17,-15.84,-70.02,3825
Puno,2018-04-06,8.82,14.2,5.23,63.68,0.06,2.52,62.22,-15.84,-70.02,3825
Puno,2018-04-07,8.31,14.16,2.69,66.94,0.03,2.86,62.3,-15.84,-70.02,3825
Puno,2018-04-08,8.08,14.33,3.17,67.76,0.01,3.06,62.38,-15.84,-70.02,3825
Puno,2018-04-09,7.56,11.99,4.04,70.89,0.0,3.76,62.41,-15.84,-70.02,3825
Puno,2018-04-10,8.25,13.94,4.02,70.1,0.0,2.68,62.41,-15.84,-70.02,3825
Puno,2018-04-11,10.09,16.93,4.12,52.74,0.0,2.25,62.31,-15.84,-70.02,3825
Puno,2018-04-12,9.81,16.88,3.79,62.26,0.14,3.19,62.35,-15.84,-70.02,3825
Puno,2018-04-13,7.44,12.92,3.96,76.18,1.75,3.88,62.5,-15.84,-70.02,3825
Puno,2018-04-14,7.86,14.31,3.7,70.49,0.16,3.22,62.55,-15.84,-70.02,3825
Puno,2018-04-15,7.69,14.84,2.14,70.8,0.0,3.16,62.57,-15.84,-70.02,3825
Puno,2018-04-16,8.44,14.81,2.79,63.12,0.0,1.89,62.48,-15.84,-70.02,3825
Puno,2018-04-17,8.72,15.95,3.47,62.69,0.0,2.21,62.35,-15.84,-70.02,3825
Puno,2018-04-18,7.93,14.23,3.69,68.7,0.01,2.51,62.36,-15.84,-70.02,3825
Puno,2018-04-19,9.12,15.58,3.59,62.64,0.0,1.41,62.34,-15.84,-70.02,3825
Puno,2018-04-20,9.03,15.48,4.69,65.12,0.0,2.89,62.33,-15.84,-70.02,3825
Puno,2018-04-21,8.15,13.55,3.99,72.23,0.0,3.07,62.36,-15.84,-70.02,3825
Puno,2018-04-22,8.25,13.73,4.4,66.69,0.0,2.33,62.31,-15.84,-70.02,3825
Puno,2018-04-23,7.78,12.46,4.52,70.35,0.0,3.55,62.36,-15.84,-70.02,3825
Puno,2018-04-24,6.84,12.26,3.12,76.81,2.12,3.32,62.4,-15.84,-70.02,3825
Puno,2018-04-25,5.76,12.17,1.57,80.81,8.87,3.44,62.43,-15.84,-70.02,3825
Puno,2018-04-26,6.79,12.62,2.09,75.55,2.14,1.72,62.45,-15.84,-70.02,3825
Puno,2018-04-27,7.37,13.48,2.54,75.58,0.26,2.24,62.4,-15.84,-70.02,3825
Puno,2018-04-28,8.22,13.24,4.78,70.74,4.42,2.9,62.44,-15.84,-70.02,3825
Puno,2018-04-29,7.41,13.42,2.91,71.49,1.83,2.65,62.47,-15.84,-70.02,3825
Puno,2018-04-30,8.32,14.83,3.63,67.37,0.0,2.83,62.46,-15.84,-70.02,3825
Puno,2018-05-01,7.45,14.19,1.82,66.54,0.0,2.82,62.53,-15.84,-70.02,3825
Puno,2018-05-02,7.59,14.98,2.14,61.44,0.03,2.39,62.48,-15.84,-70.02,3825
Puno,2018-05-03,9.26,15.63,4.55,62.68,0.06,1.26,62.34,-15.84,-70.02,3825
Puno,2018-05-04,8.94,17.46,1.3,54.47,2.82,2.21,62.24,-15.84,-70.02,3825
Puno,2018-05-05,6.12,9.3,3.49,80.92,8.72,2.11,62.4,-15.84,-70.02,3825
Puno,2018-05-06,6.57,12.63,1.79,73.36,3.0,1.67,62.46,-15.84,-70.02,3825
Puno,2018-05-07,7.15,13.08,2.52,68.79,0.11,2.42,62.44,-15.84,-70.02,3825
Puno,2018-05-08,7.0,12.1,3.21,77.96,9.22,2.27,62.35,-15.84,-70.02,3825
Puno,2018-05-09,6.31,12.01,0.99,74.16,2.54,1.35,62.38,-15.84,-70.02,3825
Puno,2018-05-10,7.0,16.18,-0.66,60.42,0.0,1.65,62.36,-15.84,-70.02,3825
Puno,2018-05-11,7.74,15.58,0.76,48.6,0.0,1.24,62.35,-15.84,-70.02,3825
Puno,2018-05-12,6.96,14.77,-0.04,44.29,0.01,1.26,62.33,-15.84,-70.02,3825
Puno,2018-05-13,4.99,14.79,-2.25,40.96,0.0,2.77,62.25,-15.84,-70.02,3825
Puno,2018-05-14,4.04,14.51,-3.86,37.38,0.0,2.63,62.2,-15.84,-70.02,3825
Puno,2018-05-15,5.37,14.76,-2.68,32.54,0.0,1.2,62.27,-15.84,-70.02,3825
Puno,2018-05-16,6.12,13.43,0.59,49.55,0.02,1.55,62.33,-15.84,-70.02,3825
Puno,2018-05-17,7.65,14.81,2.1,57.16,0.0,1.12,62.25,-15.84,-70.02,3825
Puno,2018-05-18,5.88,15.26,-2.7,34.93,0.0,1.32,62.22,-15.84,-70.02,3825
Puno,2018-05-19,6.04,13.82,-0.27,55.28,0.09,2.62,62.36,-15.84,-70.02,3825
Puno,2018-05-20,6.85,15.72,-0.62,55.62,0.0,1.15,62.28,-15.84,-70.02,3825
Puno,2018-05-21,6.02,14.69,-2.58,39.96,0.0,1.55,62.22,-15.84,-70.02,3825
Puno,2018-05-22,6.11,14.46,-0.52,51.57,0.0,1.69,62.25,-15.84,-70.02,3825
Puno,2018-05-23,7.97,15.34,2.75,57.51,0.0,0.97,62.32,-15.84,-70.02,3825
Puno,2018-05-24,7.34,14.66,-0.56,54.44,0.0,1.24,62.38,-15.84,-70.02,3825
Puno,2018-05-25,7.25,14.31,1.1,61.2,0.0,1.9,62.35,-15.84,-70.02,3825
Puno,2018-05-26,7.3,13.68,3.07,67.21,0.0,1.88,62.32,-15.84,-70.02,3825
Puno,2018-05-27,7.33,13.87,2.64,67.6,0.0,1.92,62.31,-15.84,-70.02,3825
Puno,2018-05-28,7.1,15.43,-0.42,53.23,0.0,2.02,62.32,-15.84,-70.02,3825
Puno,2018-05-29,4.39,14.66,-3.32,38.48,0.0,2.52,62.29,-15.84,-70.02,3825
Puno,2018-05-30,4.56,14.33,-3.73,32.03,0.0,1.64,62.23,-15.84,-70.02,3825
Puno,2018-05-31,4.43,14.52,-2.86,30.33,0.0,1.93,62.18,-15.84,-70.02,3825
Puno,2018-06-01,5.43,13.93,-2.33,33.68,0.0,1.83,62.15,-15.84,-70.02,3825
Puno,2018-06-02,6.33,14.19,1.53,69.19,0.43,1.5,62.21,-15.84,-70.02,3825
Puno,2018-06-03,3.48,9.29,-0.27,77.88,4.31,1.84,62.39,-15.84,-70.02,3825
Puno,2018-06-04,4.17,9.43,0.87,80.15,0.37,1.89,62.47,-15.84,-70.02,3825
Puno,2018-06-05,6.37,12.72,0.58,67.06,0.18,1.99,62.34,-15.84,-70.02,3825
Puno,2018-06-06,5.42,13.17,-0.82,71.65,0.1,3.2,62.2,-15.84,-70.02,3825
Puno,2018-06-07,5.16,12.56,0.03,61.12,0.75,2.5,62.3,-15.84,-70.02,3825
Puno,2018-06-08,4.38,12.56,-1.38,70.23,0.67,3.61,62.31,-15.84,-70.02,3825
Puno,2018-06-09,2.88,9.0,-0.91,77.54,1.39,3.16,62.31,-15.84,-70.02,3825
Puno,2018-06-10,3.26,9.54,-0.65,74.39,1.48,3.38,62.23,-15.84,-70.02,3825
Puno,2018-06-11,3.68,12.85,-2.66,64.69,0.03,4.1,62.2,-15.84,-70.02,3825
Puno,2018-06-12,2.95,9.6,-2.82,71.74,0.24,2.14,62.26,-15.84,-70.02,3825
Puno,2018-06-13,4.31,11.49,-0.46,80.46,0.02,2.98,62.28,-15.84,-70.02,3825
Puno,2018-06-14,5.21,13.43,-0.81,68.37,0.0,3.89,62.27,-15.84,-70.02,3825
Puno,2018-06-15,5.7,12.99,-1.28,66.7,0.0,2.51,62.32,-15.84,-70.02,3825
Puno,2018-06-16,6.64,13.56,1.34,68.38,0.0,1.55,62.37,-15.84,-70.02,3825
Puno,2018-06-17,5.89,13.13,0.43,72.33,0.0,2.17,62.44,-15.84,-70.02,3825
Puno,2018-06-18,6.16,12.84,1.99,68.29,0.0,1.79,62.5,-15.84,-70.02,3825
Puno,2018-06-19,5.78,11.63,0.49,63.32,0.0,1.35,62.47,-15.84,-70.02,3825
Puno,2018-06-20,5.71,12.34,0.61,59.61,0.0,1.83,62.4,-15.84,-70.02,3825
Puno,2018-06-21,5.23,12.75,-1.38,65.58,0.0,2.22,62.39,-15.84,-70.02,3825
Puno,2018-06-22,6.36,14.08,1.02,62.78,0.0,1.73,62.3,-15.84,-70.02,3825
Puno,2018-06-23,5.89,14.39,-2.03,48.98,0.0,2.24,62.2,-15.84,-70.02,3825
Puno,2018-06-24,6.16,13.28,-0.02,57.27,0.02,1.89,62.23,-15.84,-70.02,3825
Puno,2018-06-25,5.89,13.63,-1.45,57.63,0.03,1.68,62.27,-15.84,-70.02,3825
Puno,2018-06-26,6.23,14.13,-1.36,54.17,0.04,2.02,62.19,-15.84,-70.02,3825
Puno,2018-06-27,6.31,15.01,-0.93,55.15,0.06,1.81,62.16,-15.84,-70.02,3825
Puno,2018-06-28,6.51,14.43,-0.74,60.81,0.01,1.57,62.24,-15.84,-70.02,3825
Puno,2018-06-29,6.27,14.3,-0.59,61.3,0.0,2.0,62.3,-15.84,-70.02,3825
Puno,2018-06-30,7.53,13.84,4.01,66.94,0.0,1.41,62.27,-15.84,-70.02,3825
Puno,2018-07-01,7.33,13.67,3.04,60.72,0.0,1.74,62.26,-15.84,-70.02,3825
Puno,2018-07-02,7.16,13.56,1.61,68.68,0.02,2.54,62.28,-15.84,-70.02,3825
Puno,2018-07-03,5.6,13.21,0.3,69.79,0.02,2.67,62.32,-15.84,-70.02,3825
Puno,2018-07-04,6.09,13.94,-0.5,67.42,0.0,2.42,62.28,-15.84,-70.02,3825
Puno,2018-07-05,8.04,14.72,3.02,61.28,0.0,1.94,62.34,-15.84,-70.02,3825
Puno,2018-07-06,7.62,14.42,3.69,68.99,0.0,1.97,62.38,-15.84,-70.02,3825
Puno,2018-07-07,7.03,13.96,2.31,60.57,0.0,2.09,62.37,-15.84,-70.02,3825
Puno,2018-07-08,5.77,13.21,-0.02,62.61,0.0,2.2,62.38,-15.84,-70.02,3825
Puno,2018-07-09,6.84,12.58,2.37,61.68,0.0,1.43,62.37,-15.84,-70.02,3825
Puno,2018-07-10,6.46,12.79,0.2,52.92,0.0,1.73,62.3,-15.84,-70.02,3825
Puno,2018-07-11,6.33,11.43,1.87,60.97,0.02,1.31,62.26,-15.84,-70.02,3825
Puno,2018-07-12,4.94,10.95,0.77,64.32,0.02,1.78,62.34,-15.84,-70.02,3825
Puno,2018-07-13,4.87,10.41,0.68,69.15,0.0,2.61,62.38,-15.84,-70.02,3825
Puno,2018-07-14,4.42,11.95,-0.7,67.48,0.19,2.85,62.32,-15.84,-70.02,3825
Puno,2018-07-15,5.3,12.64,-0.16,61.23,0.0,1.59,62.28,-15.84,-70.02,3825
Puno,2018-07-16,5.75,12.01,1.99,72.45,0.0,2.0,62.38,-15.84,-70.02,3825
Puno,2018-07-17,5.43,13.09,-1.1,67.46,0.01,2.65,62.34,-15.84,-70.02,3825
Puno,2018-07-18,5.34,11.86,-0.19,67.53,0.03,3.04,62.21,-15.84,-70.02,3825
Puno,2018-07-19,4.88,11.48,-0.16,73.31,0.7,3.94,62.13,-15.84,-70.02,3825
Puno,2018-07-20,4.14,9.61,-0.56,75.71,1.99,2.46,62.19,-15.84,-70.02,3825
Puno,2018-07-21,2.27,7.74,-0.13,87.21,1.09,3.07,62.23,-15.84,-70.02,3825
Puno,2018-07-22,4.93,12.48,-2.17,63.63,0.11,1.95,62.29,-15.84,-70.02,3825
Puno,2018-07-23,6.03,12.75,1.5,67.45,0.05,2.52,62.33,-15.84,-70.02,3825
Puno,2018-07-24,6.19,14.26,-1.05,62.89,0.0,2.32,62.38,-15.84,-70.02,3825
Puno,2018-07-25,5.32,11.85,-0.44,68.84,0.0,2.19,62.43,-15.84,-70.02,3825
Puno,2018-07-26,6.2,13.42,0.56,62.49,0.03,2.05,62.36,-15.84,-70.02,3825
Puno,2018-07-27,6.23,14.52,-1.72,54.46,0.02,2.15,62.32,-15.84,-70.02,3825
Puno,2018-07-28,5.82,14.98,-2.09,49.75,0.0,1.91,62.31,-15.84,-70.02,3825
Puno,2018-07-29,5.61,15.1,-1.59,42.85,0.04,2.15,62.29,-15.84,-70.02,3825
Puno,2018-07-30,4.93,14.66,-3.5,32.08,0.02,2.84,62.29,-15.84,-70.02,3825
Puno,2018-07-31,6.63,13.93,1.62,45.24,0.0,1.28,62.3,-15.84,-70.02,3825
Puno,2018-08-01,6.32,12.72,0.66,46.09,0.0,1.47,62.25,-15.84,-70.02,3825
Puno,2018-08-02,5.86,12.32,1.94,61.73,0.0,2.41,62.22,-15.84,-70.02,3825
Puno,2018-08-03,4.96,12.82,-0.94,70.71,0.18,2.71,62.16,-15.84,-70.02,3825
Puno,2018-08-04,4.93,12.92,-0.42,69.89,0.75,4.08,62.03,-15.84,-70.02,3825
Puno,2018-08-05,3.58,12.63,-3.53,46.81,0.01,5.74,62.01,-15.84,-70.02,3825
Puno,2018-08-06,3.79,10.82,-3.84,32.95,0.01,1.45,62.24,-15.84,-70.02,3825
Puno,2018-08-07,4.05,9.68,0.1,48.65,0.01,2.65,62.32,-15.84,-70.02,3825
Puno,2018-08-08,5.16,12.56,-1.12,54.58,0.22,2.41,62.44,-15.84,-70.02,3825
Puno,2018-08-09,6.33,13.36,1.7,67.75,0.0,1.91,62.47,-15.84,-70.02,3825
Puno,2018-08-10,6.39,13.43,1.44,66.02,0.0,2.01,62.42,-15.84,-70.02,3825
Puno,2018-08-11,6.1,11.93,1.41,67.12,0.0,2.34,62.45,-15.84,-70.02,3825
Puno,2018-08-12,6.61,11.75,1.16,56.94,0.39,1.1,62.41,-15.84,-70.02,3825
Puno,2018-08-13,6.34,13.23,0.4,40.17,0.01,1.7,62.31,-15.84,-70.02,3825
Puno,2018-08-14,5.35,13.13,-1.76,39.77,0.02,1.54,62.26,-15.84,-70.02,3825
Puno,2018-08-15,6.18,13.66,0.57,48.93,0.01,1.31,62.29,-15.84,-70.02,3825
Puno,2018-08-16,6.98,13.87,1.54,50.42,0.0,1.57,62.41,-15.84,-70.02,3825
Puno,2018-08-17,7.71,14.33,2.83,44.17,0.0,1.33,62.43,-15.84,-70.02,3825
Puno,2018-08-18,5.7,14.69,-2.85,36.78,0.0,1.58,62.33,-15.84,-70.02,3825
Puno,2018-08-19,6.15,14.68,-2.0,45.87,0.0,2.16,62.24,-15.84,-70.02,3825
Puno,2018-08-20,4.18,9.15,1.06,76.66,5.49,2.37,62.33,-15.84,-70.02,3825
Puno,2018-08-21,4.73,10.78,0.39,58.78,0.35,1.6,62.33,-15.84,-70.02,3825
Puno,2018-08-22,4.81,14.81,-2.72,47.07,0.0,2.15,62.32,-15.84,-70.02,3825
Puno,2018-08-23,4.72,15.13,-2.99,28.44,0.0,3.04,62.25,-15.84,-70.02,3825
Puno,2018-08-24,5.1,13.87,-2.66,37.88,0.0,2.82,62.28,-15.84,-70.02,3825
Puno,2018-08-25,6.73,13.41,2.1,64.59,0.0,2.85,62.34,-15.84,-70.02,3825
Puno,2018-08-26,4.93,10.19,1.35,65.82,0.0,2.49,62.37,-15.84,-70.02,3825
Puno,2018-08-27,6.77,13.78,0.9,47.19,0.6,1.95,62.33,-15.84,-70.02,3825
Puno,2018-08-28,7.01,13.57,2.44,68.16,0.44,1.91,62.31,-15.84,-70.02,3825
Puno,2018-08-29,7.58,14.46,1.22,54.41,0.0,1.76,62.3,-15.84,-70.02,3825
Puno,2018-08-30,8.13,15.25,0.85,46.49,0.0,1.53,62.26,-15.84,-70.02,3825
Puno,2018-08-31,7.66,14.78,1.3,46.28,0.0,1.67,62.24,-15.84,-70.02,3825
Puno,2018-09-01,6.45,15.47,-1.99,38.22,0.0,4.82,62.19,-15.84,-70.02,3825
Puno,2018-09-02,5.01,15.39,-4.94,35.8,0.0,2.66,62.31,-15.84,-70.02,3825
Puno,2018-09-03,6.58,14.14,0.4,52.45,0.0,2.85,62.39,-15.84,-70.02,3825
Puno,2018-09-04,5.47,13.35,-0.31,44.45,0.0,2.63,62.35,-15.84,-70.02,3825
Puno,2018-09-05,6.81,14.3,1.62,47.3,0.0,2.44,62.3,-15.84,-70.02,3825
Puno,2018-09-06,7.77,15.46,1.59,50.8,0.0,2.29,62.29,-15.84,-70.02,3825
Puno,2018-09-07,8.64,16.1,2.93,53.72,0.0,2.06,62.3,-15.84,-70.02,3825
Puno,2018-09-08,7.52,13.37,3.19,63.67,0.0,2.41,62.33,-15.84,-70.02,3825
Puno,2018-09-09,7.83,14.49,2.98,62.46,0.0,2.57,62.32,-15.84,-70.02,3825
Puno,2018-09-10,7.77,14.15,3.06,66.47,0.06,2.99,62.34,-15.84,-70.02,3825
Puno,2018-09-11,8.24,15.53,2.27,56.07,0.03,1.69,62.3,-15.84,-70.02,3825
Puno,2018-09-12,8.99,16.65,2.73,35.3,0.0,0.95,62.24,-15.84,-70.02,3825
Puno,2018-09-13,8.26,17.23,-1.57,33.66,0.0,1.14,62.15,-15.84,-70.02,3825
Puno,2018-09-14,8.59,16.33,1.75,44.72,0.0,1.43,62.1,-15.84,-70.02,3825
Puno,2018-09-15,7.67,16.18,0.27,39.97,0.13,2.53,62.1,-15.84,-70.02,3825
Puno,2018-09-16,7.31,17.01,-0.16,36.92,0.01,3.64,62.11,-15.84,-70.02,3825
Puno,2018-09-17,6.15,16.28,-2.11,24.25,0.04,2.79,62.18,-15.84,-70.02,3825
Puno,2018-09-18,7.03,15.35,-2.27,25.74,0.05,1.37,62.17,-15.84,-70.02,3825
Puno,2018-09-19,9.14,16.92,0.0,27.73,0.03,1.29,62.21,-15.84,-70.02,3825
Puno,2018-09-20,9.51,16.91,2.29,49.07,0.02,1.97,62.27,-15.84,-70.02,3825
Puno,2018-09-21,9.73,16.32,5.03,55.46,0.0,2.83,62.28,-15.84,-70.02,3825
Puno,2018-09-22,8.41,14.81,3.13,63.97,0.0,3.44,62.26,-15.84,-70.02,3825
Puno,2018-09-23,8.65,15.27,2.89,55.75,0.0,2.18,62.22,-15.84,-70.02,3825
Puno,2018-09-24,7.06,12.38,3.54,66.18,0.31,2.04,62.23,-15.84,-70.02,3825
Puno,2018-09-25,8.31,15.62,2.67,38.98,0.21,1.42,62.18,-15.84,-70.02,3825
Puno,2018-09-26,8.26,16.0,2.86,33.21,0.03,1.16,62.2,-15.84,-70.02,3825
Puno,2018-09-27,8.25,14.61,2.17,37.67,0.0,2.78,62.24,-15.84,-70.02,3825
Puno,2018-09-28,9.05,14.25,3.99,51.67,0.0,2.14,62.27,-15.84,-70.02,3825
Puno,2018-09-29,9.6,17.94,0.68,31.29,0.01,1.38,62.17,-15.84,-70.02,3825
Puno,2018-09-30,10.22,17.79,3.28,35.63,0.0,1.81,62.17,-15.84,-70.02,3825
Puno,2018-10-01,9.6,15.34,4.55,59.88,0.0,3.06,62.28,-15.84,-70.02,3825
Puno,2018-10-02,10.2,17.8,3.54,57.52,0.01,3.58,62.32,-15.84,-70.02,3825
Puno,2018-10-03,9.09,14.82,4.89,68.73,0.01,4.17,62.32,-15.84,-70.02,3825
Puno,2018-10-04,7.38,13.5,3.14,75.53,0.02,4.3,62.32,-15.84,-70.02,3825
Puno,2018-10-05,7.06,11.63,2.83,79.4,113.78,3.77,62.29,-15.84,-70.02,3825
Puno,2018-10-06,6.7,12.85,1.65,73.2,39.06,2.23,62.23,-15.84,-70.02,3825
Puno,2018-10-07,6.78,14.11,0.8,68.59,1.35,2.86,62.24,-15.84,-70.02,3825
Puno,2018-10-08,7.71,15.3,-0.36,59.42,0.0,2.0,62.21,-15.84,-70.02,3825
Puno,2018-10-09,8.72,15.56,1.01,60.09,8.8,1.5,62.19,-15.84,-70.02,3825
Puno,2018-10-10,7.36,12.73,4.36,72.32,6.92,2.24,62.19,-15.84,-70.02,3825
Puno,2018-10-11,8.13,14.16,2.89,66.73,0.58,1.93,62.23,-15.84,-70.02,3825
Puno,2018-10-12,8.19,13.8,3.56,73.3,0.18,2.84,62.25,-15.84,-70.02,3825
Puno,2018-10-13,7.38,12.68,3.53,75.43,0.05,3.05,62.31,-15.84,-70.02,3825
Puno,2018-10-14,7.67,14.33,2.94,72.32,0.31,1.97,62.27,-15.84,-70.02,3825
Puno,2018-10-15,7.28,12.97,2.87,68.3,0.92,1.14,62.21,-15.84,-70.02,3825
Puno,2018-10-16,8.62,16.23,2.07,59.22,0.11,2.47,62.13,-15.84,-70.02,3825
Puno,2018-10-17,8.6,14.25,3.45,63.42,0.09,2.27,62.19,-15.84,-70.02,3825
Puno,2018-10-18,8.73,13.38,5.14,73.3,0.75,3.37,62.28,-15.84,-70.02,3825
Puno,2018-10-19,8.97,15.86,3.17,68.48,1.84,2.56,62.26,-15.84,-70.02,3825
Puno,2018-10-20,6.17,10.97,1.58,76.73,0.95,2.29,62.27,-15.84,-70.02,3825
Puno,2018-10-21,9.23,14.86,4.49,65.5,0.0,3.2,62.2,-15.84,-70.02,3825
Puno,2018-10-22,9.71,15.73,4.35,65.1,0.1,2.56,62.14,-15.84,-70.02,3825
Puno,2018-10-23,8.19,15.58,2.28,61.92,0.59,2.58,62.16,-15.84,-70.02,3825
Puno,2018-10-24,7.49,13.97,2.79,65.97,0.13,3.37,62.23,-15.84,-70.02,3825
Puno,2018-10-25,6.71,13.0,2.43,73.58,0.52,1.99,62.14,-15.84,-70.02,3825
Puno,2018-10-26,8.45,13.75,2.92,59.97,0.04,2.09,62.16,-15.84,-70.02,3825
Puno,2018-10-27,9.91,15.33,6.02,62.44,0.6,1.79,62.21,-15.84,-70.02,3825
Puno,2018-10-28,11.09,18.28,5.47,45.37,0.01,1.19,62.21,-15.84,-70.02,3825
Puno,2018-10-29,10.19,16.22,5.45,58.68,0.0,2.18,62.24,-15.84,-70.02,3825
Puno,2018-10-30,10.41,15.54,6.25,63.05,0.0,2.47,62.3,-15.84,-70.02,3825
Puno,2018-10-31,10.52,16.59,5.37,59.61,0.0,2.31,62.36,-15.84,-70.02,3825
Puno,2018-11-01,9.94,16.53,5.39,61.11,0.19,2.85,62.31,-15.84,-70.02,3825
Puno,2018-11-02,9.27,15.36,4.4,61.77,2.22,2.22,62.22,-15.84,-70.02,3825
Puno,2018-11-03,9.91,18.34,1.57,48.47,0.06,2.65,62.11,-15.84,-70.02,3825
Puno,2018-11-04,9.09,15.53,2.39,53.77,0.0,2.86,62.13,-15.84,-70.02,3825
Puno,2018-11-05,7.19,11.97,3.54,66.88,0.23,3.92,62.12,-15.84,-70.02,3825
Puno,2018-11-06,9.98,15.79,4.33,64.61,0.01,2.65,62.17,-15.84,-70.02,3825
Puno,2018-11-07,7.68,12.79,3.81,80.57,3.38,3.75,62.23,-15.84,-70.02,3825
Puno,2018-11-08,10.04,17.11,3.98,65.42,1.3,2.17,62.21,-15.84,-70.02,3825
Puno,2018-11-09,10.63,15.18,6.15,63.6,0.0,2.09,62.24,-15.84,-70.02,3825
Puno,2018-11-10,10.97,17.0,6.78,62.99,0.0,2.7,62.19,-15.84,-70.02,3825
Puno,2018-11-11,11.03,17.37,6.2,58.87,0.0,1.99,62.13,-15.84,-70.02,3825
Puno,2018-11-12,9.55,16.23,3.77,58.33,0.03,2.26,62.13,-15.84,-70.02,3825
Puno,2018-11-13,10.54,19.1,2.25,41.4,0.0,1.63,62.18,-15.84,-70.02,3825
Puno,2018-11-14,10.9,18.29,3.6,45.75,0.0,2.64,62.19,-15.84,-70.02,3825
Puno,2018-11-15,11.72,19.4,6.95,58.85,0.01,3.16,62.14,-15.84,-70.02,3825
Puno,2018-11-16,8.94,11.28,6.76,71.45,0.01,1.82,62.25,-15.84,-70.02,3825
Puno,2018-11-17,10.61,17.04,2.86,42.99,0.02,1.61,62.19,-15.84,-70.02,3825
Puno,2018-11-18,9.87,16.6,6.5,61.2,0.09,2.31,62.26,-15.84,-70.02,3825
Puno,2018-11-19,7.94,12.81,4.92,71.94,0.05,1.96,62.28,-15.84,-70.02,3825
Puno,2018-11-20,9.66,16.29,3.47,66.88,0.0,2.38,62.31,-15.84,-70.02,3825
Puno,2018-11-21,10.91,16.93,6.22,64.32,0.54,2.55,62.25,-15.84,-70.02,3825
Puno,2018-11-22,10.81,19.68,3.83,50.49,0.92,2.01,62.19,-15.84,-70.02,3825
Puno,2018-11-23,10.97,20.61,2.43,42.25,0.28,1.88,62.1,-15.84,-70.02,3825
Puno,2018-11-24,11.25,19.94,2.3,45.46,0.21,2.69,62.11,-15.84,-70.02,3825
Puno,2018-11-25,10.27,15.36,5.58,66.76,2.68,2.92,62.17,-15.84,-70.02,3825
Puno,2018-11-26,10.78,18.67,4.19,47.43,4.92,1.76,62.18,-15.84,-70.02,3825
Puno,2018-11-27,10.14,15.32,5.2,63.59,10.9,1.76,62.1,-15.84,-70.02,3825
Puno,2018-11-28,9.14,16.84,2.03,61.34,7.81,2.31,62.07,-15.84,-70.02,3825
Puno,2018-11-29,10.54,19.21,2.14,45.52,1.04,1.53,62.08,-15.84,-70.02,3825
Puno,2018-11-30,9.96,19.19,2.59,38.35,0.03,3.31,62.08,-15.84,-70.02,3825
Puno,2018-12-01,8.48,17.93,-1.05,34.98,0.02,2.21,62.11,-15.84,-70.02,3825
Puno,2018-12-02,9.23,15.59,3.69,61.07,0.07,2.51,62.14,-15.84,-70.02,3825
Puno,2018-12-03,9.78,19.51,0.78,45.13,0.0,2.96,62.11,-15.84,-70.02,3825
Puno,2018-12-04,7.72,18.8,-2.68,30.42,0.0,3.57,62.03,-15.84,-70.02,3825
Puno,2018-12-05,9.05,17.85,-1.45,40.27,0.0,2.46,62.05,-15.84,-70.02,3825
Puno,2018-12-06,8.68,15.56,4.64,68.67,0.0,3.51,62.26,-15.84,-70.02,3825
Puno,2018-12-07,9.21,16.17,4.17,65.23,0.01,4.15,62.47,-15.84,-70.02,3825
Puno,2018-12-08,9.58,14.84,4.42,59.96,0.0,3.56,62.53,-15.84,-70.02,3825
Puno,2018-12-09,11.23,18.15,5.64,49.62,0.0,2.77,62.45,-15.84,-70.02,3825
Puno,2018-12-10,10.54,17.68,4.08,48.52,0.0,3.31,62.55,-15.84,-70.02,3825
Puno,2018-12-11,11.03,18.09,5.16,45.59,0.0,3.05,62.58,-15.84,-70.02,3825
Puno,2018-12-12,11.59,18.37,5.98,48.16,0.0,2.74,62.47,-15.84,-70.02,3825
Puno,2018-12-13,10.87,16.1,5.91,51.83,0.15,2.69,62.39,-15.84,-70.02,3825
Puno,2018-12-14,11.28,19.13,5.59,55.77,2.42,1.99,62.29,-15.84,-70.02,3825
Puno,2018-12-15,8.2,12.69,4.46,72.73,1.99,3.23,62.33,-15.84,-70.02,3825
Puno,2018-12-16,8.15,16.02,2.97,69.7,2.05,2.54,62.3,-15.84,-70.02,3825
Puno,2018-12-17,9.35,17.56,3.12,62.58,1.45,1.76,62.2,-15.84,-70.02,3825
Puno,2018-12-18,8.33,14.16,4.69,64.48,4.32,1.51,62.23,-15.84,-70.02,3825
Puno,2018-12-19,9.52,15.94,3.81,60.42,56.26,1.51,62.22,-15.84,-70.02,3825
Puno,2018-12-20,9.21,16.36,3.3,50.89,8.18,1.33,62.16,-15.84,-70.02,3825
Puno,2018-12-21,8.55,16.88,0.68,55.33,0.0,2.7,62.13,-15.84,-70.02,3825
Puno,2018-12-22,10.26,18.4,3.14,46.64,0.06,1.56,62.16,-15.84,-70.02,3825
Puno,2018-12-23,10.97,19.35,2.65,58.84,1.07,2.09,62.15,-15.84,-70.02,3825
Puno,2018-12-24,8.21,10.92,5.57,79.15,1.3,3.52,62.2,-15.84,-70.02,3825
Puno,2018-12-25,9.73,14.75,5.96,67.1,0.03,1.95,62.18,-15.84,-70.02,3825
Puno,2018-12-26,7.74,13.49,5.23,77.55,6.48,3.01,62.18,-15.84,-70.02,3825
Puno,2018-12-27,8.35,14.71,2.59,74.91,3.44,2.28,62.12,-15.84,-70.02,3825
Puno,2018-12-28,9.75,17.27,2.82,62.36,0.9,2.7,62.09,-15.84,-70.02,3825
Puno,2018-12-29,7.8,15.42,1.81,66.72,1.64,2.79,62.08,-15.84,-70.02,3825
Puno,2018-12-30,8.21,16.27,2.12,68.66,5.14,2.32,62.01,-15.84,-70.02,3825
Puno,2018-12-31,9.02,16.78,2.83,63.24,4.87,2.34,62.06,-15.84,-70.02,3825
Puno,2019-01-01,9.58,16.71,4.32,60.75,0.29,3.29,62.17,-15.84,-70.02,3825
Puno,2019-01-02,10.35,17.07,4.64,68.0,1.01,3.34,62.22,-15.84,-70.02,3825
Puno,2019-01-03,7.82,14.83,5.12,79.74,11.97,3.09,62.17,-15.84,-70.02,3825
Puno,2019-01-04,9.07,15.64,4.05,71.91,5.37,3.21,62.22,-15.84,-70.02,3825
Puno,2019-01-05,10.41,17.54,4.68,63.59,0.61,1.65,62.23,-15.84,-70.02,3825
Puno,2019-01-06,10.78,20.33,1.63,50.56,0.11,2.52,62.21,-15.84,-70.02,3825
Puno,2019-01-07,10.81,19.2,0.9,43.31,0.01,2.01,62.19,-15.84,-70.02,3825
Puno,2019-01-08,9.61,15.15,5.49,65.83,0.02,1.92,62.23,-15.84,-70.02,3825
Puno,2019-01-09,10.53,17.61,6.02,60.99,0.0,2.38,62.17,-15.84,-70.02,3825
Puno,2019-01-10,10.14,16.52,5.65,65.04,0.0,2.54,62.09,-15.84,-70.02,3825
Puno,2019-01-11,8.84,14.15,3.88,70.4,0.01,2.22,62.18,-15.84,-70.02,3825
Puno,2019-01-12,9.16,15.42,4.19,69.33,0.0,3.73,62.17,-15.84,-70.02,3825
Puno,2019-01-13,9.51,16.5,4.95,68.1,0.67,2.92,62.18,-15.84,-70.02,3825
Puno,2019-01-14,7.82,16.15,4.17,75.0,0.69,3.42,62.25,-15.84,-70.02,3825
Puno,2019-01-15,8.6,13.89,4.51,74.22,0.76,3.29,62.33,-15.84,-70.02,3825
Puno,2019-01-16,9.51,15.83,4.63,69.39,0.13,4.32,62.39,-15.84,-70.02,3825
Puno,2019-01-17,9.23,14.18,5.53,74.16,2.4,4.11,62.36,-15.84,-70.02,3825
Puno,2019-01-18,8.57,12.76,5.73,76.69,0.31,4.6,62.34,-15.84,-70.02,3825
Puno,2019-01-19,8.96,14.29,4.55,70.07,1.5,3.55,62.36,-15.84,-70.02,3825
Puno,2019-01-20,10.29,16.52,5.17,69.91,1.56,3.49,62.34,-15.84,-70.02,3825
Puno,2019-01-21,10.38,16.55,6.04,70.34,0.43,3.77,62.39,-15.84,-70.02,3825
Puno,2019-01-22,9.24,14.34,5.21,72.69,2.14,4.06,62.43,-15.84,-70.02,3825
Puno,2019-01-23,9.36,15.3,5.0,72.38,0.29,4.28,62.4,-15.84,-70.02,3825
Puno,2019-01-24,9.13,14.52,5.14,70.97,0.32,4.6,62.46,-15.84,-70.02,3825
Puno,2019-01-25,9.65,15.87,4.34,64.34,0.23,3.75,62.47,-15.84,-70.02,3825
Puno,2019-01-26,9.48,14.98,5.45,67.3,0.69,3.94,62.37,-15.84,-70.02,3825
Puno,2019-01-27,9.1,14.31,4.89,75.6,1.76,4.67,62.34,-15.84,-70.02,3825
Puno,2019-01-28,8.04,13.26,5.32,80.72,2.17,3.25,62.28,-15.84,-70.02,3825
Puno,2019-01-29,8.82,14.39,4.68,77.05,2.95,3.59,62.23,-15.84,-70.02,3825
Puno,2019-01-30,8.89,15.43,4.75,74.85,2.49,3.07,62.12,-15.84,-70.02,3825
Puno,2019-01-31,8.99,16.17,4.1,71.6,7.59,2.36,62.14,-15.84,-70.02,3825
Puno,2019-02-01,7.92,15.56,3.16,73.92,3.18,2.39,62.21,-15.84,-70.02,3825
Puno,2019-02-02,7.03,10.71,3.19,76.45,0.29,3.24,62.27,-15.84,-70.02,3825
Puno,2019-02-03,8.27,14.57,2.58,75.1,1.77,4.98,62.3,-15.84,-70.02,3825
Puno,2019-02-04,8.71,14.27,4.62,74.38,3.85,4.42,62.36,-15.84,-70.02,3825
Puno,2019-02-05,8.64,14.1,4.81,75.94,13.1,4.57,62.36,-15.84,-70.02,3825
Puno,2019-02-06,8.82,14.66,4.12,72.14,2.53,3.91,62.29,-15.84,-70.02,3825
Puno,2019-02-07,7.33,11.19,5.06,78.18,1.81,3.09,62.24,-15.84,-70.02,3825
Puno,2019-02-08,8.17,12.44,4.7,75.99,4.01,2.87,62.17,-15.84,-70.02,3825
Puno,2019-02-09,7.38,12.82,2.1,73.04,3.11,2.02,62.24,-15.84,-70.02,3825
Puno,2019-02-10,7.71,15.12,2.88,72.37,2.89,2.37,62.19,-15.84,-70.02,3825
Puno,2019-02-11,8.03,14.76,2.78,76.68,5.87,2.79,62.16,-15.84,-70.02,3825
Puno,2019-02-12,6.93,14.49,2.51,77.78,5.86,1.58,62.28,-15.84,-70.02,3825
Puno,2019-02-13,9.09,16.52,2.82,68.12,3.94,2.38,62.37,-15.84,-70.02,3825
Puno,2019-02-14,9.72,15.45,4.11,73.0,1.41,3.28,62.28,-15.84,-70.02,3825
Puno,2019-02-15,9.83,17.45,4.76,71.28,1.6,3.16,62.3,-15.84,-70.02,3825
Puno,2019-02-16,8.62,14.0,4.25,73.1,3.94,1.9,62.29,-15.84,-70.02,3825
Puno,2019-02-17,9.3,16.21,2.15,70.12,1.97,2.44,62.22,-15.84,-70.02,3825
Puno,2019-02-18,9.12,16.99,4.36,68.28,0.24,2.36,62.25,-15.84,-70.02,3825
Puno,2019-02-19,10.2,16.77,4.39,66.6,0.78,1.93,62.25,-15.84,-70.02,3825
Puno,2019-02-20,9.68,15.69,6.1,70.78,0.26,3.15,62.25,-15.84,-70.02,3825
Puno,2019-02-21,10.0,15.69,5.64,70.46,0.01,3.13,62.36,-15.84,-70.02,3825
Puno,2019-02-22,10.55,16.43,6.41,70.33,0.0,3.28,62.43,-15.84,-70.02,3825
Puno,2019-02-23,9.12,16.37,4.75,71.55,0.0,2.16,62.25,-15.84,-70.02,3825
Puno,2019-02-24,10.19,16.67,5.2,63.68,0.04,2.0,62.12,-15.84,-70.02,3825
Puno,2019-02-25,8.62,15.14,2.92,63.0,0.0,3.74,62.09,-15.84,-70.02,3825
Puno,2019-02-26,9.9,19.3,0.7,56.69,0.02,3.14,62.13,-15.84,-70.02,3825
Puno,2019-02-27,7.12,10.98,2.57,80.1,1.21,3.28,62.2,-15.84,-70.02,3825
Puno,2019-02-28,5.83,10.36,2.36,82.28,1.28,2.07,62.34,-15.84,-70.02,3825
Puno,2019-03-01,9.86,15.63,5.66,70.17,1.1,2.25,62.3,-15.84,-70.02,3825
Puno,2019-03-02,10.33,16.11,6.44,70.63,1.5,2.72,62.33,-15.84,-70.02,3825
Puno,2019-03-03,10.13,17.09,5.86,68.73,0.62,2.68,62.31,-15.84,-70.02,3825
Puno,2019-03-04,10.09,16.36,5.85,65.69,0.01,2.07,62.32,-15.84,-70.02,3825
Puno,2019-03-05,10.67,17.41,5.75,58.97,0.0,2.75,62.4,-15.84,-70.02,3825
Puno,2019-03-06,10.12,16.09,5.27,64.73,0.56,3.09,62.47,-15.84,-70.02,3825
Puno,2019-03-07,10.48,17.2,5.4,63.56,0.27,2.53,62.39,-15.84,-70.02,3825
Puno,2019-03-08,11.12,17.77,5.6,65.77,0.0,3.39,62.3,-15.84,-70.02,3825
Puno,2019-03-09,9.81,15.97,3.62,70.71,0.24,3.67,62.34,-15.84,-70.02,3825
Puno,2019-03-10,8.61,14.07,3.23,75.57,1.15,3.07,62.39,-15.84,-70.02,3825
Puno,2019-03-11,8.97,13.1,5.14,71.02,0.1,1.96,62.32,-15.84,-70.02,3825
Puno,2019-03-12,9.79,15.29,5.3,69.55,1.79,1.93,62.22,-15.84,-70.02,3825
Puno,2019-03-13,8.82,15.1,2.72,72.82,5.17,2.65,62.22,-15.84,-70.02,3825
Puno,2019-03-14,8.47,15.8,2.87,74.59,5.38,1.91,62.24,-15.84,-70.02,3825
Puno,2019-03-15,10.94,19.33,4.37,59.33,2.4,1.06,62.19,-15.84,-70.02,3825
Puno,2019-03-16,9.24,17.62,3.08,69.34,7.36,2.37,62.17,-15.84,-70.02,3825
Puno,2019-03-17,9.59,17.83,1.78,58.54,0.43,1.66,62.22,-15.84,-70.02,3825
Puno,2019-03-18,9.88,15.1,6.04,70.0,0.62,2.64,62.26,-15.84,-70.02,3825
Puno,2019-03-19,10.67,19.1,3.57,55.11,2.87,1.46,62.2,-15.84,-70.02,3825
Puno,2019-03-20,8.59,13.89,4.52,77.35,3.89,2.26,62.25,-15.84,-70.02,3825
Puno,2019-03-21,8.04,14.4,3.66,75.7,2.36,2.15,62.29,-15.84,-70.02,3825
Puno,2019-03-22,9.34,15.39,4.32,63.04,0.17,2.41,62.3,-15.84,-70.02,3825
Puno,2019-03-23,10.42,17.29,4.77,64.04,0.0,2.41,62.35,-15.84,-70.02,3825
Puno,2019-03-24,6.86,13.0,2.89,79.57,0.75,1.77,62.34,-15.84,-70.02,3825
Puno,2019-03-25,7.97,13.24,3.15,76.01,1.84,2.6,62.28,-15.84,-70.02,3825
Puno,2019-03-26,8.41,13.65,4.67,76.61,1.29,3.56,62.23,-15.84,-70.02,3825
Puno,2019-03-27,7.97,13.01,4.6,78.11,3.93,4.15,62.38,-15.84,-70.02,3825
Puno,2019-03-28,8.38,14.57,4.2,75.25,0.74,3.64,62.48,-15.84,-70.02,3825
Puno,2019-03-29,8.7,14.13,4.74,73.11,0.03,4.19,62.44,-15.84,-70.02,3825
Puno,2019-03-30,9.55,15.45,4.89,72.18,0.01,3.2,62.42,-15.84,-70.02,3825
Puno,2019-03-31,10.61,17.36,4.59,67.28,0.31,2.3,62.37,-15.84,-70.02,3825
Puno,2019-04-01,9.26,16.21,5.22,71.79,1.57,1.86,62.28,-15.84,-70.02,3825
Puno,2019-04-02,8.38,15.48,2.94,71.41,4.28,1.61,62.27,-15.84,-70.02,3825
Puno,2019-04-03,7.21,14.67,3.08,75.78,1.57,1.99,62.27,-15.84,-70.02,3825
Puno,2019-04-04,7.58,18.09,0.46,58.49,0.07,4.23,62.1,-15.84,-70.02,3825
Puno,2019-04-05,7.57,17.97,-2.3,52.9,0.0,2.88,62.18,-15.84,-70.02,3825
Puno,2019-04-06,9.76,16.74,4.83,54.61,0.01,1.48,62.31,-15.84,-70.02,3825
Puno,2019-04-07,8.68,15.06,3.78,67.08,0.0,3.05,62.45,-15.84,-70.02,3825
Puno,2019-04-08,8.43,15.18,3.51,55.98,0.0,2.93,62.45,-15.84,-70.02,3825
Puno,2019-04-09,9.79,16.47,4.69,45.78,0.0,1.98,62.36,-15.84,-70.02,3825
Puno,2019-04-10,9.94,17.13,3.25,56.76,0.0,2.01,62.25,-15.84,-70.02,3825
Puno,2019-04-11,9.44,15.14,5.37,63.4,1.18,1.83,62.26,-15.84,-70.02,3825
Puno,2019-04-12,9.74,17.11,3.61,59.57,0.33,1.63,62.25,-15.84,-70.02,3825
Puno,2019-04-13,8.16,17.89,-0.69,45.41,0.0,1.7,62.25,-15.84,-70.02,3825
Puno,2019-04-14,9.49,16.67,2.63,53.32,0.0,1.21,62.32,-15.84,-70.02,3825
Puno,2019-04-15,9.01,14.12,5.7,71.01,0.48,2.27,62.44,-15.84,-70.02,3825
Puno,2019-04-16,8.96,14.66,5.06,70.27,0.51,2.96,62.48,-15.84,-70.02,3825
Puno,2019-04-17,8.23,13.32,5.05,75.59,0.13,2.15,62.4,-15.84,-70.02,3825
Puno,2019-04-18,9.0,14.57,4.57,74.08,4.21,2.33,62.33,-15.84,-70.02,3825
Puno,2019-04-19,8.98,13.8,6.02,75.73,7.15,2.07,62.38,-15.84,-70.02,3825
Puno,2019-04-20,9.4,15.89,5.28,68.38,2.8,2.17,62.41,-15.84,-70.02,3825
Puno,2019-04-21,9.57,16.23,2.75,62.69,5.24,1.52,62.35,-15.84,-70.02,3825
Puno,2019-04-22,9.26,15.51,4.09,69.69,0.05,2.01,62.23,-15.84,-70.02,3825
Puno,2019-04-23,8.75,15.98,3.31,67.28,6.92,2.08,62.22,-15.84,-70.02,3825
Puno,2019-04-24,8.15,13.84,4.09,78.78,1.4,3.55,62.34,-15.84,-70.02,3825
Puno,2019-04-25,9.23,14.61,4.99,73.67,0.51,2.44,62.41,-15.84,-70.02,3825
Puno,2019-04-26,8.99,13.27,6.27,73.77,5.06,1.62,62.43,-15.84,-70.02,3825
Puno,2019-04-27,9.1,16.71,3.1,64.47,0.26,1.62,62.37,-15.84,-70.02,3825
Puno,2019-04-28,9.04,14.67,5.57,67.95,0.06,2.16,62.38,-15.84,-70.02,3825
Puno,2019-04-29,9.45,15.26,4.37,61.38,0.0,1.73,62.33,-15.84,-70.02,3825
Puno,2019-04-30,8.6,13.27,4.34,63.23,1.07,1.66,62.3,-15.84,-70.02,3825
Puno,2019-05-01,7.96,14.92,2.91,62.87,0.52,1.9,62.3,-15.84,-70.02,3825
Puno,2019-05-02,8.17,18.63,0.53,46.59,0.0,2.94,62.24,-15.84,-70.02,3825
Puno,2019-05-03,7.54,17.52,-2.85,40.97,0.0,1.88,62.25,-15.84,-70.02,3825
Puno,2019-05-04,9.69,17.41,4.72,60.47,0.29,1.32,62.28,-15.84,-70.02,3825
Puno,2019-05-05,8.3,14.8,3.62,71.28,0.5,2.37,62.42,-15.84,-70.02,3825
Puno,2019-05-06,7.82,11.92,4.6,79.48,57.67,2.92,62.5,-15.84,-70.02,3825
Puno,2019-05-07,6.21,11.76,2.5,80.23,8.63,1.85,62.47,-15.84,-70.02,3825
Puno,2019-05-08,6.0,11.58,1.14,81.49,0.89,2.46,62.37,-15.84,-70.02,3825
Puno,2019-05-09,7.4,14.46,0.7,64.11,0.09,1.85,62.32,-15.84,-70.02,3825
Puno,2019-05-10,8.43,16.72,0.02,52.01,0.01,2.03,62.2,-15.84,-70.02,3825
Puno,2019-05-11,7.98,16.06,0.84,55.44,0.02,2.62,62.19,-15.84,-70.02,3825
Puno,2019-05-12,5.38,12.71,1.06,70.15,2.66,2.63,62.3,-15.84,-70.02,3825
Puno,2019-05-13,5.65,11.81,0.84,71.19,0.59,1.51,62.48,-15.84,-70.02,3825
Puno,2019-05-14,7.12,14.06,1.33,66.53,0.03,1.17,62.45,-15.84,-70.02,3825
Puno,2019-05-15,6.12,15.37,-1.59,58.55,0.0,1.39,62.38,-15.84,-70.02,3825
Puno,2019-05-16,5.99,15.31,-2.66,51.23,0.0,1.5,62.35,-15.84,-70.02,3825
Puno,2019-05-17,5.76,15.97,-3.03,39.13,0.0,1.67,62.23,-15.84,-70.02,3825
Puno,2019-05-18,6.24,15.22,-2.4,38.95,0.0,1.97,62.22,-15.84,-70.02,3825
Puno,2019-05-19,7.87,15.6,0.19,45.63,0.0,1.36,62.23,-15.84,-70.02,3825
Puno,2019-05-20,6.5,15.43,-1.03,50.13,0.0,2.49,62.25,-15.84,-70.02,3825
Puno,2019-05-21,6.4,13.39,-0.4,61.82,0.0,2.12,62.3,-15.84,-70.02,3825
Puno,2019-05-22,6.44,13.83,1.15,66.58,0.01,2.4,62.29,-15.84,-70.02,3825
Puno,2019-05-23,5.55,15.03,-0.83,56.6,0.01,4.0,62.28,-15.84,-70.02,3825
Puno,2019-05-24,5.26,14.31,-2.86,46.17,0.01,1.65,62.25,-15.84,-70.02,3825
Puno,2019-05-25,5.76,14.37,-0.92,53.13,0.03,2.03,62.25,-15.84,-70.02,3825
Puno,2019-05-26,6.43,14.98,-0.71,54.42,0.0,2.64,62.29,-15.84,-70.02,3825
Puno,2019-05-27,5.86,14.82,-1.4,60.1,0.0,2.8,62.27,-15.84,-70.02,3825
Puno,2019-05-28,6.12,14.53,-1.84,64.08,0.0,2.27,62.32,-15.84,-70.02,3825
Puno,2019-05-29,7.54,14.96,0.91,63.39,0.0,1.69,62.39,-15.84,-70.02,3825
Puno,2019-05-30,6.81,15.89,-0.18,54.3,0.0,1.76,62.41,-15.84,-70.02,3825
Puno,2019-05-31,6.35,15.72,-1.95,44.61,0.0,1.81,62.36,-15.84,-70.02,3825
Puno,2019-06-01,6.12,15.6,-0.69,40.55,0.02,1.96,62.33,-15.84,-70.02,3825
Puno,2019-06-02,6.34,14.92,-1.24,36.46,0.0,1.39,62.37,-15.84,-70.02,3825
Puno,2019-06-03,5.27,12.81,-1.34,50.9,0.0,2.34,62.53,-15.84,-70.02,3825
Puno,2019-06-04,6.12,13.18,1.4,68.35,0.0,2.1,62.6,-15.84,-70.02,3825
Puno,2019-06-05,6.88,12.98,2.93,44.24,0.03,1.68,62.53,-15.84,-70.02,3825
Puno,2019-06-06,6.23,13.39,0.69,31.99,0.0,1.9,62.4,-15.84,-70.02,3825
Puno,2019-06-07,6.24,13.95,-0.28,33.97,0.0,1.94,62.29,-15.84,-70.02,3825
Puno,2019-06-08,6.23,14.33,-0.58,45.23,0.0,1.48,62.33,-15.84,-70.02,3825
Puno,2019-06-09,6.64,13.84,1.91,56.5,0.0,1.48,62.4,-15.84,-70.02,3825
Puno,2019-06-10,6.77,14.67,-1.14,46.24,0.0,1.82,62.41,-15.84,-70.02,3825
Puno,2019-06-11,7.44,14.22,1.57,52.15,0.0,1.53,62.42,-15.84,-70.02,3825
Puno,2019-06-12,7.64,14.12,2.48,56.16,0.0,1.58,62.43,-15.84,-70.02,3825
Puno,2019-06-13,7.69,13.9,1.91,61.65,0.0,1.72,62.47,-15.84,-70.02,3825
Puno,2019-06-14,7.63,12.64,2.76,73.24,0.29,1.56,62.42,-15.84,-70.02,3825
Puno,2019-06-15,6.45,12.26,1.93,69.67,1.79,2.42,62.29,-15.84,-70.02,3825
Puno,2019-06-16,3.72,7.24,1.75,77.58,0.3,1.69,62.36,-15.84,-70.02,3825
Puno,2019-06-17,6.82,14.39,1.28,67.27,0.18,1.72,62.42,-15.84,-70.02,3825
Puno,2019-06-18,7.61,14.97,1.64,57.37,0.01,1.37,62.44,-15.84,-70.02,3825
Puno,2019-06-19,6.92,13.39,2.43,60.95,0.86,2.47,62.51,-15.84,-70.02,3825
Puno,2019-06-20,6.47,11.87,3.28,80.95,0.1,2.67,62.6,-15.84,-70.02,3825
Puno,2019-06-21,6.15,12.93,0.93,51.39,0.0,1.87,62.67,-15.84,-70.02,3825
Puno,2019-06-22,5.69,12.43,1.06,48.72,0.0,2.68,62.67,-15.84,-70.02,3825
Puno,2019-06-23,5.25,12.07,-1.41,48.15,0.0,1.76,62.57,-15.84,-70.02,3825
Puno,2019-06-24,5.13,14.43,-1.66,36.49,0.0,2.06,62.27,-15.84,-70.02,3825
Puno,2019-06-25,3.33,12.82,-3.11,40.66,0.0,4.5,62.13,-15.84,-70.02,3825
Puno,2019-06-26,3.64,13.84,-3.35,42.36,0.02,2.74,62.13,-15.84,-70.02,3825
Puno,2019-06-27,4.24,11.52,-1.46,55.95,0.13,1.85,62.15,-15.84,-70.02,3825
Puno,2019-06-28,5.0,11.97,-0.37,64.64,0.01,2.31,62.23,-15.84,-70.02,3825
Puno,2019-06-29,6.22,13.58,-1.0,62.69,0.0,1.6,62.31,-15.84,-70.02,3825
Puno,2019-06-30,6.67,12.31,2.01,64.47,0.0,1.67,62.37,-15.84,-70.02,3825
Puno,2019-07-01,6.18,13.68,-0.19,69.63,0.0,2.11,62.43,-15.84,-70.02,3825
Puno,2019-07-02,6.87,16.18,-0.76,57.47,0.0,1.88,62.29,-15.84,-70.02,3825
Puno,2019-07-03,6.39,16.45,-2.04,38.47,0.07,2.24,62.12,-15.84,-70.02,3825
Puno,2019-07-04,5.49,16.0,-2.13,33.32,0.04,2.25,62.21,-15.84,-70.02,3825
Puno,2019-07-05,5.89,13.37,1.2,60.44,0.02,1.79,62.44,-15.84,-70.02,3825
Puno,2019-07-06,7.33,14.26,2.24,61.79,0.0,1.21,62.43,-15.84,-70.02,3825
Puno,2019-07-07,6.57,14.35,-0.36,45.06,0.0,2.68,62.44,-15.84,-70.02,3825
Puno,2019-07-08,5.75,13.46,-0.4,47.76,0.0,2.55,62.45,-15.84,-70.02,3825
Puno,2019-07-09,5.71,13.26,0.46,43.51,0.0,2.07,62.49,-15.84,-70.02,3825
Puno,2019-07-10,5.74,13.49,-0.03,38.03,0.0,1.92,62.42,-15.84,-70.02,3825
Puno,2019-07-11,5.95,14.38,-0.67,40.4,0.0,1.62,62.27,-15.84,-70.02,3825
Puno,2019-07-12,5.59,14.31,-1.87,41.78,0.0,2.23,62.26,-15.84,-70.02,3825
Puno,2019-07-13,6.62,12.72,2.0,60.09,0.0,1.35,62.26,-15.84,-70.02,3825
Puno,2019-07-14,6.24,14.05,-1.17,44.93,0.0,1.57,62.23,-15.84,-70.02,3825
Puno,2019-07-15,5.59,13.0,-0.95,48.75,0.0,1.81,62.29,-15.84,-70.02,3825
Puno,2019-07-16,3.92,8.96,1.31,77.54,0.02,1.2,62.33,-15.84,-70.02,3825
Puno,2019-07-17,4.47,9.85,0.19,60.13,0.78,1.14,62.39,-15.84,-70.02,3825
Puno,2019-07-18,3.39,8.85,-0.73,61.58,0.41,1.7,62.4,-15.84,-70.02,3825
Puno,2019-07-19,5.4,12.41,0.43,63.49,0.97,1.68,62.33,-15.84,-70.02,3825
Puno,2019-07-20,3.16,7.97,-1.07,71.15,0.88,2.4,62.32,-15.84,-70.02,3825
Puno,2019-07-21,4.55,12.14,-1.58,65.67,0.0,2.85,62.23,-15.84,-70.02,3825
Puno,2019-07-22,4.91,12.35,-1.47,61.21,0.03,2.61,62.23,-15.84,-70.02,3825
Puno,2019-07-23,4.36,11.61,-1.31,71.94,0.07,3.61,62.1,-15.84,-70.02,3825
Puno,2019-07-24,4.32,11.91,-2.52,69.81,0.25,5.75,62.08,-15.84,-70.02,3825
Puno,2019-07-25,2.21,11.91,-4.28,32.94,0.0,4.6,62.25,-15.84,-70.02,3825
Puno,2019-07-26,3.5,12.35,-3.31,34.79,0.0,1.61,62.36,-15.84,-70.02,3825
Puno,2019-07-27,5.39,12.13,0.02,62.17,0.0,1.17,62.41,-15.84,-70.02,3825
Puno,2019-07-28,5.32,12.59,-1.27,51.45,0.0,2.34,62.37,-15.84,-70.02,3825
Puno,2019-07-29,5.99,14.74,-2.49,34.33,0.0,2.05,62.35,-15.84,-70.02,3825
Puno,2019-07-30,5.49,12.81,0.72,63.05,0.0,2.28,62.48,-15.84,-70.02,3825
Puno,2019-07-31,5.99,13.25,0.48,55.75,0.0,1.69,62.43,-15.84,-70.02,3825
Puno,2019-08-01,6.19,15.67,-1.74,38.16,0.0,2.03,62.29,-15.84,-70.02,3825
Puno,2019-08-02,5.36,15.13,-2.22,33.66,0.0,2.02,62.33,-15.84,-70.02,3825
Puno,2019-08-03,4.38,13.83,-3.58,31.28,0.0,3.33,62.4,-15.84,-70.02,3825
Puno,2019-08-04,4.98,13.65,-2.35,37.28,0.0,2.16,62.48,-15.84,-70.02,3825
Puno,2019-08-05,5.94,13.92,-0.6,44.93,0.0,1.92,62.48,-15.84,-70.02,3825
Puno,2019-08-06,6.76,14.85,-0.73,34.17,0.0,1.69,62.43,-15.84,-70.02,3825
Puno,2019-08-07,6.5,14.53,0.28,38.66,0.0,2.4,62.42,-15.84,-70.02,3825
Puno,2019-08-08,6.11,14.46,-0.55,54.47,0.02,2.36,62.38,-15.84,-70.02,3825
Puno,2019-08-09,6.02,14.96,-2.31,52.61,0.01,2.13,62.34,-15.84,-70.02,3825
Puno,2019-08-10,6.44,13.93,0.87,60.5,0.0,2.79,62.35,-15.84,-70.02,3825
Puno,2019-08-11,6.05,15.45,-1.8,50.49,0.0,3.05,62.35,-15.84,-70.02,3825
Puno,2019-08-12,6.5,14.89,-1.08,55.07,0.0,2.76,62.39,-15.84,-70.02,3825
Puno,2019-08-13,6.83,13.14,1.81,75.62,0.0,2.76,62.47,-15.84,-70.02,3825
Puno,2019-08-14,7.6,14.44,3.05,69.27,0.0,2.45,62.47,-15.84,-70.02,3825
Puno,2019-08-15,7.35,13.57,3.09,62.86,0.0,2.5,62.47,-15.84,-70.02,3825
Puno,2019-08-16,8.12,15.22,2.03,46.63,0.0,1.99,62.44,-15.84,-70.02,3825
Puno,2019-08-17,7.92,16.48,0.35,35.12,0.0,1.83,62.33,-15.84,-70.02,3825
Puno,2019-08-18,7.12,16.21,-1.62,41.87,0.0,2.31,62.33,-15.84,-70.02,3825
Puno,2019-08-19,8.23,15.17,3.66,57.6,0.0,1.36,62.36,-15.84,-70.02,3825
Puno,2019-08-20,6.91,12.7,2.34,67.05,0.0,2.84,62.43,-15.84,-70.02,3825
Puno,2019-08-21,6.73,13.45,2.12,69.26,0.0,2.5,62.51,-15.84,-70.02,3825
Puno,2019-08-22,7.44,14.41,3.07,64.36,0.0,2.94,62.51,-15.84,-70.02,3825
Puno,2019-08-23,5.94,12.37,0.54,63.2,0.05,2.95,62.55,-15.84,-70.02,3825
Puno,2019-08-24,7.99,14.31,3.2,48.87,0.04,1.21,62.38,-15.84,-70.02,3825
Puno,2019-08-25,5.71,14.54,-1.89,37.95,0.0,2.25,62.35,-15.84,-70.02,3825
Puno,2019-08-26,4.64,12.98,-2.78,40.41,0.0,2.11,62.43,-15.84,-70.02,3825
Puno,2019-08-27,5.68,12.77,0.6,65.02,0.0,2.98,62.48,-15.84,-70.02,3825
Puno,2019-08-28,6.29,13.31,1.02,52.13,0.0,2.26,62.5,-15.84,-70.02,3825
Puno,2019-08-29,7.62,14.45,1.86,42.78,0.0,2.09,62.41,-15.84,-70.02,3825
Puno,2019-08-30,7.95,16.25,0.3,40.72,0.0,1.89,62.31,-15.84,-70.02,3825
Puno,2019-08-31,8.66,15.38,3.27,47.37,0.0,1.35,62.3,-15.84,-70.02,3825
Puno,2019-09-01,7.65,14.32,1.57,59.75,0.0,2.15,62.28,-15.84,-70.02,3825
Puno,2019-09-02,8.44,15.9,1.55,43.97,0.0,1.34,62.17,-15.84,-70.02,3825
Puno,2019-09-03,6.32,12.4,0.95,58.12,0.0,2.02,62.25,-15.84,-70.02,3825
Puno,2019-09-04,4.8,10.01,1.79,79.78,4.34,2.86,62.41,-15.84,-70.02,3825
Puno,2019-09-05,6.18,13.29,0.39,70.59,1.71,3.44,62.43,-15.84,-70.02,3825
Puno,2019-09-06,5.45,13.31,0.53,75.82,1.94,2.89,62.35,-15.84,-70.02,3825
Puno,2019-09-07,6.59,13.09,0.79,70.37,0.85,3.78,62.27,-15.84,-70.02,3825
Puno,2019-09-08,7.34,15.1,1.14,65.64,0.22,5.49,62.35,-15.84,-70.02,3825
Puno,2019-09-09,6.91,16.99,-2.61,51.88,0.0,2.82,62.3,-15.84,-70.02,3825
Puno,2019-09-10,7.9,16.7,0.29,49.76,0.08,2.67,62.24,-15.84,-70.02,3825
Puno,2019-09-11,8.78,17.34,0.25,56.95,0.11,3.15,62.18,-15.84,-70.02,3825
Puno,2019-09-12,6.98,12.66,2.82,75.04,0.81,3.41,62.25,-15.84,-70.02,3825
Puno,2019-09-13,6.29,13.29,1.66,74.62,7.23,2.67,62.35,-15.84,-70.02,3825
Puno,2019-09-14,7.52,14.56,0.98,64.32,1.04,1.79,62.39,-15.84,-70.02,3825
Puno,2019-09-15,8.73,15.16,3.14,60.08,0.0,2.51,62.39,-15.84,-70.02,3825
Puno,2019-09-16,9.43,15.35,5.21,67.82,0.0,2.72,62.44,-15.84,-70.02,3825
Puno,2019-09-17,9.56,15.72,3.64,52.72,0.0,2.31,62.44,-15.84,-70.02,3825
Puno,2019-09-18,10.14,17.29,2.68,48.56,0.03,1.83,62.23,-15.84,-70.02,3825
Puno,2019-09-19,8.42,15.81,0.29,38.95,0.0,2.26,62.17,-15.84,-70.02,3825
Puno,2019-09-20,8.72,16.41,2.6,51.77,0.01,3.25,62.33,-15.84,-70.02,3825
Puno,2019-09-21,8.84,14.25,4.26,71.47,0.01,3.28,62.44,-15.84,-70.02,3825
Puno,2019-09-22,8.61,15.87,2.41,67.55,0.0,3.71,62.58,-15.84,-70.02,3825
Puno,2019-09-23,8.42,15.87,2.35,60.26,0.0,3.17,62.65,-15.84,-70.02,3825
Puno,2019-09-24,9.13,16.08,3.62,61.49,0.0,3.45,62.63,-15.84,-70.02,3825
Puno,2019-09-25,9.47,16.19,4.02,62.27,0.01,2.88,62.54,-15.84,-70.02,3825
Puno,2019-09-26,10.05,17.37,4.75,59.22,0.0,3.13,62.42,-15.84,-70.02,3825
Puno,2019-09-27,9.2,16.01,4.19,60.59,0.0,2.94,62.44,-15.84,-70.02,3825
Puno,2019-09-28,9.74,16.96,3.68,57.85,0.0,3.21,62.4,-15.84,-70.02,3825
Puno,2019-09-29,8.61,16.51,2.21,56.37,0.0,3.35,62.37,-15.84,-70.02,3825
Puno,2019-09-30,9.23,15.57,4.07,59.77,0.0,2.59,62.18,-15.84,-70.02,3825
Puno,2019-10-01,6.72,11.13,3.3,74.04,0.49,3.2,62.04,-15.84,-70.02,3825
Puno,2019-10-02,7.58,15.11,2.15,66.94,5.4,2.57,62.1,-15.84,-70.02,3825
Puno,2019-10-03,7.0,14.08,2.26,68.61,1.59,2.24,62.24,-15.84,-70.02,3825
Puno,2019-10-04,5.6,11.48,1.2,71.68,0.05,2.35,62.28,-15.84,-70.02,3825
Puno,2019-10-05,6.55,13.54,2.81,68.19,0.37,2.59,62.11,-15.84,-70.02,3825
Puno,2019-10-06,5.54,13.11,-0.68,34.48,0.06,3.03,62.12,-15.84,-70.02,3825
Puno,2019-10-07,4.87,14.12,-1.63,25.0,0.0,2.54,62.17,-15.84,-70.02,3825
Puno,2019-10-08,5.63,14.05,-2.9,43.67,0.0,2.91,62.33,-15.84,-70.02,3825
Puno,2019-10-09,7.28,14.54,1.61,59.54,0.0,3.22,62.39,-15.84,-70.02,3825
Puno,2019-10-10,7.37,15.66,0.58,51.22,0.0,3.18,62.33,-15.84,-70.02,3825
Puno,2019-10-11,7.09,15.28,0.19,56.25,0.0,2.98,62.26,-15.84,-70.02,3825
Puno,2019-10-12,8.54,15.32,2.0,60.8,0.0,2.61,62.17,-15.84,-70.02,3825
Puno,2019-10-13,8.46,15.16,3.78,64.4,1.15,1.73,62.15,-15.84,-70.02,3825
Puno,2019-10-14,9.77,17.59,2.24,48.53,0.32,1.87,62.2,-15.84,-70.02,3825
Puno,2019-10-15,8.31,13.68,4.01,71.05,0.63,3.47,62.3,-15.84,-70.02,3825
Puno,2019-10-16,8.89,16.88,2.57,65.99,0.65,2.28,62.3,-15.84,-70.02,3825
Puno,2019-10-17,8.66,14.03,4.49,69.99,4.65,3.48,62.29,-15.84,-70.02,3825
Puno,2019-10-18,7.79,12.28,4.13,75.3,8.43,4.04,62.25,-15.84,-70.02,3825
Puno,2019-10-19,5.41,10.38,2.27,80.26,4.2,2.23,62.31,-15.84,-70.02,3825
Puno,2019-10-20,9.35,17.71,2.8,45.19,0.03,0.79,62.25,-15.84,-70.02,3825
Puno,2019-10-21,9.14,16.56,2.04,41.19,0.0,2.7,62.25,-15.84,-70.02,3825
Puno,2019-10-22,10.53,19.14,3.2,45.5,0.0,1.51,62.19,-15.84,-70.02,3825
Puno,2019-10-23,8.15,16.19,0.44,41.14,0.07,4.18,62.22,-15.84,-70.02,3825
Puno,2019-10-24,9.32,16.84,2.88,49.12,0.06,3.13,62.32,-15.84,-70.02,3825
Puno,2019-10-25,10.22,16.27,5.35,62.35,0.24,3.49,62.36,-15.84,-70.02,3825
Puno,2019-10-26,10.21,16.49,5.2,61.53,0.04,3.57,62.36,-15.84,-70.02,3825
Puno,2019-10-27,10.05,15.44,5.87,64.37,0.0,3.33,62.32,-15.84,-70.02,3825
Puno,2019-10-28,10.75,17.4,5.95,56.03,0.0,3.3,62.34,-15.84,-70.02,3825
Puno,2019-10-29,10.63,17.51,5.1,57.68,0.0,3.59,62.27,-15.84,-70.02,3825
Puno,2019-10-30,10.17,17.43,4.07,54.4,0.0,3.39,62.31,-15.84,-70.02,3825
Puno,2019-10-31,9.58,15.77,4.83,62.16,0.63,4.47,62.36,-15.84,-70.02,3825
Puno,2019-11-01,9.61,15.85,4.92,60.68,0.09,4.51,62.37,-15.84,-70.02,3825
Puno,2019-11-02,10.16,16.87,5.02,57.7,0.0,3.71,62.26,-15.84,-70.02,3825
Puno,2019-11-03,9.88,17.19,2.67,61.06,1.02,3.08,62.1,-15.84,-70.02,3825
Puno,2019-11-04,9.53,16.27,2.81,56.11,4.39,2.07,62.09,-15.84,-70.02,3825
Puno,2019-11-05,9.92,14.93,5.59,62.62,0.59,2.25,62.17,-15.84,-70.02,3825
Puno,2019-11-06,8.49,14.86,3.06,68.09,3.36,3.07,62.28,-15.84,-70.02,3825
Puno,2019-11-07,10.05,15.96,5.42,65.66,0.7,3.7,62.2,-15.84,-70.02,3825
Puno,2019-11-08,9.93,16.69,5.43,62.85,1.41,3.04,62.17,-15.84,-70.02,3825
Puno,2019-11-09,10.2,17.97,4.07,52.89,0.31,3.13,62.21,-15.84,-70.02,3825
Puno,2019-11-10,10.07,16.44,3.09,63.34,12.56,3.12,62.23,-15.84,-70.02,3825
Puno,2019-11-11,4.64,6.51,2.47,79.94,5.71,1.48,62.29,-15.84,-70.02,3825
Puno,2019-11-12,8.9,15.84,1.99,62.45,13.16,1.5,62.16,-15.84,-70.02,3825
Puno,2019-11-13,9.86,17.73,2.73,52.55,0.79,2.13,62.17,-15.84,-70.02,3825
Puno,2019-11-14,10.23,17.98,2.43,55.64,0.73,3.47,62.16,-15.84,-70.02,3825
Puno,2019-11-15,8.99,13.13,5.98,70.59,0.56,3.95,62.21,-15.84,-70.02,3825
Puno,2019-11-16,9.28,15.26,4.65,60.44,0.0,4.27,62.15,-15.84,-70.02,3825
Puno,2019-11-17,8.79,15.62,3.18,52.25,0.0,3.73,62.17,-15.84,-70.02,3825
Puno,2019-11-18,9.0,16.13,3.34,51.53,0.0,4.25,62.27,-15.84,-70.02,3825
Puno,2019-11-19,8.17,15.07,1.73,56.97,0.0,4.1,62.38,-15.84,-70.02,3825
Puno,2019-11-20,8.88,16.43,1.27,58.26,0.0,3.67,62.37,-15.84,-70.02,3825
Puno,2019-11-21,9.59,16.76,3.76,62.11,0.27,2.67,62.31,-15.84,-70.02,3825
Puno,2019-11-22,8.88,16.48,2.53,66.52,1.09,3.29,62.26,-15.84,-70.02,3825
Puno,2019-11-23,9.04,14.73,4.44,69.67,1.17,4.51,62.28,-15.84,-70.02,3825
Puno,2019-11-24,9.48,14.75,5.28,69.4,0.53,3.8,62.19,-15.84,-70.02,3825
Puno,2019-11-25,9.95,16.93,5.66,65.3,0.65,2.09,62.08,-15.84,-70.02,3825
Puno,2019-11-26,10.61,18.57,4.41,55.07,0.01,2.56,62.1,-15.84,-70.02,3825
Puno,2019-11-27,12.26,20.75,5.12,39.71,0.22,1.59,62.2,-15.84,-70.02,3825
Puno,2019-11-28,11.49,19.51,6.12,42.25,0.01,2.07,62.25,-15.84,-70.02,3825
Puno,2019-11-29,11.46,19.38,3.51,38.89,0.0,1.99,62.17,-15.84,-70.02,3825
Puno,2019-11-30,11.27,17.32,6.01,56.02,0.0,3.16,62.18,-15.84,-70.02,3825
Puno,2019-12-01,11.57,17.42,6.89,59.76,1.77,3.63,62.31,-15.84,-70.02,3825
Puno,2019-12-02,8.99,12.63,6.2,76.33,11.73,1.88,62.29,-15.84,-70.02,3825
Puno,2019-12-03,11.23,18.5,4.5,53.97,0.31,1.83,62.11,-15.84,-70.02,3825
Puno,2019-12-04,9.53,14.75,4.52,60.25,0.07,2.41,62.11,-15.84,-70.02,3825
Puno,2019-12-05,6.61,9.12,2.97,79.96,0.68,2.25,62.23,-15.84,-70.02,3825
Puno,2019-12-06,6.59,11.1,2.97,76.7,4.84,2.43,62.24,-15.84,-70.02,3825
Puno,2019-12-07,9.09,17.04,3.41,66.7,9.59,2.21,62.14,-15.84,-70.02,3825
Puno,2019-12-08,9.64,18.46,0.86,50.24,0.95,1.35,62.08,-15.84,-70.02,3825
Puno,2019-12-09,9.92,14.17,6.16,67.26,1.54,2.59,62.12,-15.84,-70.02,3825
Puno,2019-12-10,10.99,15.98,7.21,64.07,0.83,1.76,62.17,-15.84,-70.02,3825
Puno,2019-12-11,10.23,15.66,5.87,63.12,0.2,1.68,62.17,-15.84,-70.02,3825
Puno,2019-12-12,10.28,18.27,1.45,55.08,0.73,4.34,62.13,-15.84,-70.02,3825
Puno,2019-12-13,9.21,15.49,5.23,64.47,1.65,5.45,62.26,-15.84,-70.02,3825
Puno,2019-12-14,9.57,15.74,4.3,68.28,0.57,3.54,62.24,-15.84,-70.02,3825
Puno,2019-12-15,10.07,16.74,3.18,59.0,0.51,1.59,62.21,-15.84,-70.02,3825
Puno,2019-12-16,10.51,18.04,4.09,57.16,1.23,2.24,62.12,-15.84,-70.02,3825
Puno,2019-12-17,10.26,18.26,1.39,51.48,1.84,2.79,62.03,-15.84,-70.02,3825
Puno,2019-12-18,8.08,14.27,3.29,73.25,0.68,3.63,62.15,-15.84,-70.02,3825
Puno,2019-12-19,10.22,15.46,5.38,66.05,0.5,2.48,62.2,-15.84,-70.02,3825
Puno,2019-12-20,11.23,19.16,4.94,52.62,0.64,2.97,62.17,-15.84,-70.02,3825
Puno,2019-12-21,11.23,16.91,5.42,54.5,0.03,2.68,62.18,-15.84,-70.02,3825
Puno,2019-12-22,9.1,13.45,5.36,72.25,0.55,2.49,62.3,-15.84,-70.02,3825
Puno,2019-12-23,10.34,15.77,5.93,68.93,0.24,3.63,62.32,-15.84,-70.02,3825
Puno,2019-12-24,9.68,14.95,3.35,69.82,0.14,3.02,62.22,-15.84,-70.02,3825
Puno,2019-12-25,9.19,15.4,2.99,68.49,0.0,2.84,62.23,-15.84,-70.02,3825
Puno,2019-12-26,9.07,17.21,2.08,72.76,9.72,2.6,62.27,-15.84,-70.02,3825
Puno,2019-12-27,8.64,13.59,2.67,73.99,12.86,2.48,62.31,-15.84,-70.02,3825
Puno,2019-12-28,9.01,13.98,5.46,73.42,0.25,2.1,62.25,-15.84,-70.02,3825
Puno,2019-12-29,10.58,17.94,4.79,60.16,0.62,2.34,62.19,-15.84,-70.02,3825
Puno,2019-12-30,7.93,13.6,1.74,66.47,1.39,3.13,62.22,-15.84,-70.02,3825
Puno,2019-12-31,9.12,15.96,2.11,58.95,0.46,2.8,62.17,-15.84,-70.02,3825
Puno,2020-01-01,8.84,14.24,5.18,73.68,3.24,3.61,62.17,-15.84,-70.02,3825
Puno,2020-01-02,8.49,13.28,5.39,75.88,2.83,4.88,62.25,-15.84,-70.02,3825
Puno,2020-01-03,10.05,16.02,5.3,69.58,3.27,2.94,62.36,-15.84,-70.02,3825
Puno,2020-01-04,9.15,15.39,5.32,71.48,6.75,2.56,62.28,-15.84,-70.02,3825
Puno,2020-01-05,9.57,18.0,3.4,61.2,3.04,2.96,62.11,-15.84,-70.02,3825
Puno,2020-01-06,9.65,19.54,0.92,42.61,0.01,3.19,62.04,-15.84,-70.02,3825
Puno,2020-01-07,10.36,19.96,1.25,45.78,0.0,2.68,62.1,-15.84,-70.02,3825
Puno,2020-01-08,11.17,20.22,2.3,37.88,0.0,1.58,62.16,-15.84,-70.02,3825
Puno,2020-01-09,10.7,16.59,4.82,55.01,0.0,1.99,62.2,-15.84,-70.02,3825
Puno,2020-01-10,8.77,13.0,5.82,62.87,0.0,1.37,62.28,-15.84,-70.02,3825
Puno,2020-01-11,10.04,16.11,6.01,56.36,0.66,2.11,62.27,-15.84,-70.02,3825
Puno,2020-01-12,9.04,14.46,4.03,69.97,10.57,4.04,62.33,-15.84,-70.02,3825
Puno,2020-01-13,9.55,15.24,4.72,69.24,4.63,3.49,62.28,-15.84,-70.02,3825
Puno,2020-01-14,10.06,15.45,5.89,70.7,0.76,3.0,62.15,-15.84,-70.02,3825
Puno,2020-01-15,10.05,15.97,5.12,69.94,0.34,3.5,62.22,-15.84,-70.02,3825
Puno,2020-01-16,10.0,15.79,5.66,69.12,0.12,4.79,62.38,-15.84,-70.02,3825
Puno,2020-01-17,7.9,11.59,5.06,74.76,0.22,5.17,62.52,-15.84,-70.02,3825
Puno,2020-01-18,9.29,15.37,3.73,69.05,0.0,4.44,62.46,-15.84,-70.02,3825
Puno,2020-01-19,10.12,15.59,5.92,71.17,2.1,3.88,62.4,-15.84,-70.02,3825
Puno,2020-01-20,11.23,17.38,5.94,65.3,0.98,2.07,62.32,-15.84,-70.02,3825
Puno,2020-01-21,8.78,11.46,5.67,69.43,3.26,1.78,62.25,-15.84,-70.02,3825
Puno,2020-01-22,8.67,13.72,4.82,74.14,2.64,3.31,62.24,-15.84,-70.02,3825
Puno,2020-01-23,9.07,15.46,2.9,72.96,3.09,3.35,62.28,-15.84,-70.02,3825
Puno,2020-01-24,10.89,16.34,7.05,71.86,1.18,2.65,62.26,-15.84,-70.02,3825
Puno,2020-01-25,10.89,15.75,6.9,70.77,0.72,3.05,62.36,-15.84,-70.02,3825
Puno,2020-01-26,11.44,17.13,7.72,63.64,0.98,2.44,62.38,-15.84,-70.02,3825
Puno,2020-01-27,10.94,16.45,6.9,63.87,7.95,2.75,62.35,-15.84,-70.02,3825
Puno,2020-01-28,10.44,18.49,3.08,59.36,0.14,2.16,62.21,-15.84,-70.02,3825
Puno,2020-01-29,9.66,15.91,4.51,66.95,0.0,2.51,62.15,-15.84,-70.02,3825
Puno,2020-01-30,8.43,18.21,3.02,68.46,0.0,2.41,62.21,-15.84,-70.02,3825
Puno,2020-01-31,9.32,15.92,2.78,65.36,0.13,1.58,62.28,-15.84,-70.02,3825
Puno,2020-02-01,10.82,19.29,4.07,58.24,0.01,2.77,62.31,-15.84,-70.02,3825
Puno,2020-02-02,9.67,14.22,3.94,72.79,8.86,2.06,62.36,-15.84,-70.02,3825
Puno,2020-02-03,9.12,15.49,2.58,73.54,18.38,2.49,62.35,-15.84,-70.02,3825
Puno,2020-02-04,8.1,14.96,2.84,76.57,15.74,1.45,62.28,-15.84,-70.02,3825
Puno,2020-02-05,10.0,16.15,5.33,71.58,2.05,2.92,62.18,-15.84,-70.02,3825
Puno,2020-02-06,8.68,13.74,3.34,74.4,2.5,3.18,62.19,-15.84,-70.02,3825
Puno,2020-02-07,9.06,16.09,2.06,73.96,7.14,3.29,62.24,-15.84,-70.02,3825
Puno,2020-02-08,8.77,12.67,5.41,78.32,12.87,2.48,62.27,-15.84,-70.02,3825
Puno,2020-02-09,9.19,16.22,5.23,75.88,5.44,3.1,62.29,-15.84,-70.02,3825
Puno,2020-02-10,8.9,14.98,5.18,76.97,4.91,4.54,62.38,-15.84,-70.02,3825
Puno,2020-02-11,9.66,15.82,5.32,73.85,2.28,3.68,62.35,-15.84,-70.02,3825
Puno,2020-02-12,9.17,14.09,6.01,77.63,3.33,3.57,62.25,-15.84,-70.02,3825
Puno,2020-02-13,9.25,15.32,4.58,75.61,5.37,3.25,62.21,-15.84,-70.02,3825
Puno,2020-02-14,9.06,12.85,5.75,79.19,3.25,2.26,62.28,-15.84,-70.02,3825
Puno,2020-02-15,9.94,16.35,3.33,73.4,6.57,3.12,62.28,-15.84,-70.02,3825
Puno,2020-02-16,10.72,17.0,5.27,68.97,0.47,2.96,62.25,-15.84,-70.02,3825
Puno,2020-02-17,9.56,15.35,4.6,73.81,1.27,2.62,62.22,-15.84,-70.02,3825
Puno,2020-02-18,9.94,15.98,4.62,74.44,0.08,3.82,62.3,-15.84,-70.02,3825
Puno,2020-02-19,10.88,16.38,6.16,69.91,0.11,2.47,62.29,-15.84,-70.02,3825
Puno,2020-02-20,9.54,14.7,6.11,72.63,2.78,2.92,62.26,-15.84,-70.02,3825
Puno,2020-02-21,7.49,12.36,3.3,79.72,11.18,3.39,62.36,-15.84,-70.02,3825
Puno,2020-02-22,8.56,14.04,5.0,77.77,3.86,4.25,62.39,-15.84,-70.02,3825
Puno,2020-02-23,9.78,17.6,4.86,71.64,3.91,2.29,62.28,-15.84,-70.02,3825
Puno,2020-02-24,8.47,15.93,3.65,75.72,25.94,2.14,62.22,-15.84,-70.02,3825
Puno,2020-02-25,10.88,17.89,4.9,67.96,23.26,2.74,62.19,-15.84,-70.02,3825
Puno,2020-02-26,8.16,11.5,4.64,84.43,13.12,3.2,62.29,-15.84,-70.02,3825
Puno,2020-02-27,9.15,17.45,2.42,69.91,11.73,1.65,62.31,-15.84,-70.02,3825
Puno,2020-02-28,8.39,14.55,2.12,76.2,0.88,1.81,62.38,-15.84,-70.02,3825
Puno,2020-02-29,9.87,14.39,6.66,77.07,0.0,3.1,62.42,-15.84,-70.02,3825
Puno,2020-03-01,9.59,15.1,5.84,71.92,0.02,2.84,62.41,-15.84,-70.02,3825
Puno,2020-03-02,9.7,15.4,5.4,71.08,8.96,1.94,62.33,-15.84,-70.02,3825
Puno,2020-03-03,9.51,17.14,1.93,60.89,0.63,2.25,62.3,-15.84,-70.02,3825
Puno,2020-03-04,8.45,14.78,3.56,77.3,1.07,2.25,62.38,-15.84,-70.02,3825
Puno,2020-03-05,9.73,16.51,4.74,69.03,0.0,2.0,62.46,-15.84,-70.02,3825
Puno,2020-03-06,9.39,15.41,4.81,71.69,0.62,2.5,62.4,-15.84,-70.02,3825
Puno,2020-03-07,9.8,15.18,5.26,71.09,0.09,2.3,62.3,-15.84,-70.02,3825
Puno,2020-03-08,10.4,16.2,6.73,65.67,0.0,2.88,62.35,-15.84,-70.02,3825
Puno,2020-03-09,9.35,15.04,5.03,63.28,0.06,3.68,62.45,-15.84,-70.02,3825
Puno,2020-03-10,8.59,13.81,4.41,69.87,0.31,2.83,62.44,-15.84,-70.02,3825
Puno,2020-03-11,8.75,14.2,3.75,68.48,0.3,1.76,62.26,-15.84,-70.02,3825
Puno,2020-03-12,9.04,14.49,5.45,74.62,3.83,3.46,62.26,-15.84,-70.02,3825
Puno,2020-03-13,8.96,13.81,5.43,74.45,43.53,2.81,62.4,-15.84,-70.02,3825
Puno,2020-03-14,9.69,14.78,5.52,72.79,8.41,2.76,62.44,-15.84,-70.02,3825
Puno,2020-03-15,9.59,15.38,5.33,69.79,0.52,2.82,62.39,-15.84,-70.02,3825
Puno,2020-03-16,8.43,14.77,3.39,77.82,5.76,3.85,62.32,-15.84,-70.02,3825
Puno,2020-03-17,9.1,14.9,4.44,74.88,18.67,3.19,62.26,-15.84,-70.02,3825
Puno,2020-03-18,9.16,14.56,4.29,75.75,8.47,2.71,62.31,-15.84,-70.02,3825
Puno,2020-03-19,9.17,14.07,5.19,75.73,0.4,1.98,62.29,-15.84,-70.02,3825
Puno,2020-03-20,8.9,14.68,3.51,75.04,0.7,2.4,62.17,-15.84,-70.02,3825
Puno,2020-03-21,8.01,14.99,2.42,74.82,1.02,2.36,62.14,-15.84,-70.02,3825
Puno,2020-03-22,8.89,14.91,3.85,74.68,0.0,3.98,62.26,-15.84,-70.02,3825
Puno,2020-03-23,9.43,14.88,5.12,77.11,0.0,3.58,62.45,-15.84,-70.02,3825
Puno,2020-03-24,9.66,14.54,5.94,77.17,2.7,2.94,62.4,-15.84,-70.02,3825
Puno,2020-03-25,10.68,16.61,5.85,65.39,0.37,2.18,62.27,-15.84,-70.02,3825
Puno,2020-03-26,10.46,15.49,5.91,70.95,0.1,2.49,62.16,-15.84,-70.02,3825
Puno,2020-03-27,7.99,15.23,2.72,75.05,0.15,1.53,62.08,-15.84,-70.02,3825
Puno,2020-03-28,8.9,14.35,4.25,75.11,0.01,3.06,62.16,-15.84,-70.02,3825
Puno,2020-03-29,9.34,14.05,5.44,79.03,0.0,4.29,62.31,-15.84,-70.02,3825
Puno,2020-03-30,9.21,14.39,4.92,78.09,0.01,3.85,62.42,-15.84,-70.02,3825
Puno,2020-03-31,8.51,12.75,4.56,81.38,0.42,4.19,62.38,-15.84,-70.02,3825
Puno,2020-04-01,8.66,14.78,4.19,72.61,0.02,3.32,62.46,-15.84,-70.02,3825
Puno,2020-04-02,9.0,15.22,4.41,68.3,0.01,3.52,62.53,-15.84,-70.02,3825
Puno,2020-04-03,9.13,15.16,3.64,69.25,0.03,2.38,62.4,-15.84,-70.02,3825
Puno,2020-04-04,8.76,15.24,4.57,71.7,0.22,1.27,62.22,-15.84,-70.02,3825
Puno,2020-04-05,8.99,15.42,3.32,65.65,0.12,1.67,62.33,-15.84,-70.02,3825
Puno,2020-04-06,9.61,15.62,4.63,64.53,0.06,2.6,62.46,-15.84,-70.02,3825
Puno,2020-04-07,9.6,15.58,5.58,71.26,0.44,2.0,62.45,-15.84,-70.02,3825
Puno,2020-04-08,9.95,18.03,3.76,61.1,0.01,1.35,62.39,-15.84,-70.02,3825
Puno,2020-04-09,8.86,17.85,2.51,59.15,0.0,1.27,62.35,-15.84,-70.02,3825
Puno,2020-04-10,7.6,17.45,-1.13,55.52,0.0,2.45,62.31,-15.84,-70.02,3825
Puno,2020-04-11,7.23,17.43,-1.33,47.01,0.0,2.71,62.32,-15.84,-70.02,3825
Puno,2020-04-12,7.08,17.22,-1.6,42.94,0.0,1.81,62.33,-15.84,-70.02,3825
Puno,2020-04-13,6.68,17.2,-1.32,43.41,0.0,3.25,62.31,-15.84,-70.02,3825
Puno,2020-04-14,5.92,16.9,-2.33,41.97,0.0,2.58,62.21,-15.84,-70.02,3825
Puno,2020-04-15,6.09,16.77,-3.12,51.41,0.0,2.06,62.19,-15.84,-70.02,3825
Puno,2020-04-16,7.11,14.45,-0.16,57.15,0.38,0.96,62.33,-15.84,-70.02,3825
Puno,2020-04-17,7.15,13.82,1.78,68.36,0.1,1.83,62.43,-15.84,-70.02,3825
Puno,2020-04-18,7.29,12.97,3.12,71.92,0.04,2.31,62.45,-15.84,-70.02,3825
Puno,2020-04-19,7.52,12.68,3.09,67.21,0.48,2.46,62.47,-15.84,-70.02,3825
Puno,2020-04-20,6.91,12.81,2.8,72.0,8.35,2.01,62.49,-15.84,-70.02,3825
Puno,2020-04-21,7.68,13.24,3.26,66.26,2.18,1.56,62.47,-15.84,-70.02,3825
Puno,2020-04-22,7.18,14.55,0.28,59.01,0.01,2.01,62.42,-15.84,-70.02,3825
Puno,2020-04-23,8.54,14.5,4.81,67.64,0.0,1.96,62.35,-15.84,-70.02,3825
Puno,2020-04-24,9.12,16.11,2.58,64.14,0.0,1.63,62.27,-15.84,-70.02,3825
Puno,2020-04-25,8.66,16.42,1.03,57.23,0.0,2.11,62.35,-15.84,-70.02,3825
Puno,2020-04-26,7.22,12.72,2.11,73.44,0.0,2.73,62.49,-15.84,-70.02,3825
Puno,2020-04-27,8.38,13.88,4.91,73.03,0.0,2.54,62.53,-15.84,-70.02,3825
Puno,2020-04-28,9.22,15.29,5.14,68.12,0.0,1.87,62.46,-15.84,-70.02,3825
Puno,2020-04-29,8.91,15.05,5.14,75.79,0.0,2.71,62.46,-15.84,-70.02,3825
Puno,2020-04-30,8.77,14.28,5.04,77.51,0.0,2.57,62.53,-15.84,-70.02,3825
Puno,2020-05-01,8.64,14.15,5.31,70.82,0.0,2.64,62.57,-15.84,-70.02,3825
Puno,2020-05-02,7.01,9.95,4.32,81.1,0.0,2.12,62.54,-15.84,-70.02,3825
Puno,2020-05-03,7.72,13.46,3.02,70.27,0.15,1.8,62.42,-15.84,-70.02,3825
Puno,2020-05-04,7.94,13.58,2.88,62.2,0.02,1.67,62.29,-15.84,-70.02,3825
Puno,2020-05-05,8.7,15.98,2.23,56.29,0.0,2.06,62.28,-15.84,-70.02,3825
Puno,2020-05-06,7.72,15.25,1.63,64.91,0.0,1.59,62.39,-15.84,-70.02,3825
Puno,2020-05-07,8.33,15.01,2.51,60.96,0.0,1.07,62.41,-15.84,-70.02,3825
Puno,2020-05-08,8.41,14.57,4.43,60.74,0.0,1.81,62.49,-15.84,-70.02,3825
Puno,2020-05-09,9.02,15.97,3.37,60.49,0.0,1.28,62.45,-15.84,-70.02,3825
Puno,2020-05-10,9.02,16.98,2.66,57.8,0.0,1.74,62.35,-15.84,-70.02,3825
Puno,2020-05-11,7.16,16.45,-0.02,44.87,0.0,1.92,62.33,-15.84,-70.02,3825
Puno,2020-05-12,5.21,14.88,-2.08,41.29,0.0,3.62,62.38,-15.84,-70.02,3825
Puno,2020-05-13,5.25,14.72,-2.41,45.45,0.0,2.32,62.38,-15.84,-70.02,3825
Puno,2020-05-14,5.92,15.78,-0.12,49.04,0.0,2.86,62.33,-15.84,-70.02,3825
Puno,2020-05-15,5.68,14.62,-2.74,37.5,0.0,1.68,62.34,-15.84,-70.02,3825
Puno,2020-05-16,6.11,12.89,0.77,60.15,0.0,2.26,62.42,-15.84,-70.02,3825
Puno,2020-05-17,6.61,12.57,2.18,67.31,0.0,1.06,62.43,-15.84,-70.02,3825
Puno,2020-05-18,5.82,14.66,-0.89,52.2,0.0,2.43,62.45,-15.84,-70.02,3825
Puno,2020-05-19,4.9,14.82,-2.8,46.58,0.0,2.87,62.39,-15.84,-70.02,3825
Puno,2020-05-20,5.25,14.87,-2.57,45.17,0.0,2.2,62.38,-15.84,-70.02,3825
Puno,2020-05-21,6.13,15.35,-0.88,47.48,0.0,2.69,62.37,-15.84,-70.02,3825
Puno,2020-05-22,6.62,14.72,-1.17,46.67,0.0,1.87,62.42,-15.84,-70.02,3825
Puno,2020-05-23,6.23,15.0,-0.77,38.19,0.0,2.62,62.48,-15.84,-70.02,3825
Puno,2020-05-24,4.79,12.61,-2.88,34.99,0.0,2.27,62.57,-15.84,-70.02,3825
Puno,2020-05-25,5.08,12.98,-0.41,39.84,0.0,3.03,62.64,-15.84,-70.02,3825
Puno,2020-05-26,5.2,12.46,-1.03,34.68,0.0,1.64,62.62,-15.84,-70.02,3825
Puno,2020-05-27,5.67,13.25,-0.25,38.67,0.0,1.93,62.41,-15.84,-70.02,3825
Puno,2020-05-28,6.06,14.83,-0.6,42.7,0.0,1.42,62.29,-15.84,-70.02,3825
Puno,2020-05-29,4.95,12.75,-1.91,53.24,0.0,2.25,62.33,-15.84,-70.02,3825
Puno,2020-05-30,6.14,14.95,-1.57,59.28,0.0,2.01,62.28,-15.84,-70.02,3825
Puno,2020-05-31,5.34,14.1,-0.9,64.38,0.0,2.31,62.31,-15.84,-70.02,3825
Puno,2020-06-01,4.68,13.42,-2.15,70.21,0.0,3.41,62.33,-15.84,-70.02,3825
Puno,2020-06-02,4.96,13.31,-2.59,64.1,0.0,3.1,62.23,-15.84,-70.02,3825
Puno,2020-06-03,4.27,11.2,-0.54,68.61,0.01,3.1,62.1,-15.84,-70.02,3825
Puno,2020-06-04,4.74,10.93,-1.05,60.04,0.0,2.07,62.27,-15.84,-70.02,3825
Puno,2020-06-05,5.72,13.01,-0.6,66.47,0.0,2.19,62.4,-15.84,-70.02,3825
Puno,2020-06-06,6.9,13.64,0.76,68.15,0.0,1.79,62.48,-15.84,-70.02,3825
Puno,2020-06-07,7.46,13.87,2.35,70.36,0.0,1.49,62.55,-15.84,-70.02,3825
Puno,2020-06-08,7.08,13.63,1.7,77.07,0.0,2.25,62.53,-15.84,-70.02,3825
Puno,2020-06-09,7.57,14.71,2.32,65.38,0.0,1.56,62.44,-15.84,-70.02,3825
Puno,2020-06-10,7.02,14.47,1.17,64.7,0.0,2.05,62.37,-15.84,-70.02,3825
Puno,2020-06-11,8.11,14.43,3.87,69.3,0.07,1.94,62.38,-15.84,-70.02,3825
Puno,2020-06-12,7.42,15.64,-0.36,56.47,0.0,1.98,62.26,-15.84,-70.02,3825
Puno,2020-06-13,6.66,12.82,1.51,69.8,0.0,2.84,62.35,-15.84,-70.02,3825
Puno,2020-06-14,7.01,13.06,2.88,71.23,0.0,2.25,62.44,-15.84,-70.02,3825
Puno,2020-06-15,7.11,12.99,3.49,69.12,0.0,2.04,62.49,-15.84,-70.02,3825
Puno,2020-06-16,7.51,14.04,2.77,66.23,0.0,1.61,62.41,-15.84,-70.02,3825
Puno,2020-06-17,6.72,15.55,0.22,50.74,0.0,2.07,62.38,-15.84,-70.02,3825
Puno,2020-06-18,5.7,15.49,-2.33,43.03,0.0,2.24,62.38,-15.84,-70.02,3825
Puno,2020-06-19,7.35,14.16,2.98,60.88,0.0,1.59,62.41,-15.84,-70.02,3825
Puno,2020-06-20,6.86,14.36,0.57,52.88,0.0,1.49,62.41,-15.84,-70.02,3825
Puno,2020-06-21,6.88,15.33,-0.86,39.2,0.0,1.93,62.37,-15.84,-70.02,3825
Puno,2020-06-22,7.4,14.26,2.92,54.43,0.01,1.23,62.3,-15.84,-70.02,3825
Puno,2020-06-23,5.23,14.28,-1.7,38.11,0.0,2.39,62.17,-15.84,-70.02,3825
Puno,2020-06-24,3.18,13.33,-3.51,36.12,0.0,3.53,62.11,-15.84,-70.02,3825
Puno,2020-06-25,4.58,14.05,-3.5,37.3,0.01,1.78,62.21,-15.84,-70.02,3825
Puno,2020-06-26,4.36,14.47,-2.49,41.28,0.0,2.66,62.27,-15.84,-70.02,3825
Puno,2020-06-27,3.58,14.24,-3.75,34.65,0.01,1.99,62.2,-15.84,-70.02,3825
Puno,2020-06-28,3.21,12.79,-2.86,33.71,0.02,2.67,62.2,-15.84,-70.02,3825
Puno,2020-06-29,2.98,13.0,-3.35,32.35,0.0,2.33,62.26,-15.84,-70.02,3825
Puno,2020-06-30,4.11,12.18,-3.02,29.01,0.0,2.02,62.32,-15.84,-70.02,3825
Puno,2020-07-01,4.79,13.05,-2.61,29.76,0.0,1.48,62.26,-15.84,-70.02,3825
Puno,2020-07-02,4.37,14.57,-3.58,28.52,0.0,1.55,62.18,-15.84,-70.02,3825
Puno,2020-07-03,4.22,14.78,-3.71,28.39,0.0,1.51,62.17,-15.84,-70.02,3825
Puno,2020-07-04,4.07,14.48,-3.57,34.89,0.0,2.46,62.2,-15.84,-70.02,3825
Puno,2020-07-05,5.8,14.72,-1.84,55.07,0.0,2.33,62.21,-15.84,-70.02,3825
Puno,2020-07-06,7.3,14.38,1.91,66.83,0.0,2.34,62.22,-15.84,-70.02,3825
Puno,2020-07-07,4.45,14.45,-3.4,49.24,0.0,4.22,62.18,-15.84,-70.02,3825
Puno,2020-07-08,2.44,12.23,-4.19,28.07,0.0,2.67,62.23,-15.84,-70.02,3825
Puno,2020-07-09,4.23,10.7,-1.45,53.93,0.07,1.89,62.3,-15.84,-70.02,3825
Puno,2020-07-10,4.6,13.19,-2.04,52.01,0.03,1.68,62.27,-15.84,-70.02,3825
Puno,2020-07-11,5.08,13.74,-2.88,35.82,0.0,1.83,62.25,-15.84,-70.02,3825
Puno,2020-07-12,6.53,14.63,0.36,32.94,0.0,1.37,62.28,-15.84,-70.02,3825
Puno,2020-07-13,6.34,13.91,0.07,39.09,0.0,1.42,62.36,-15.84,-70.02,3825
Puno,2020-07-14,4.99,9.89,1.08,78.65,0.0,2.16,62.41,-15.84,-70.02,3825
Puno,2020-07-15,6.11,14.24,-1.04,50.4,0.0,1.6,62.37,-15.84,-70.02,3825
Puno,2020-07-16,5.5,13.63,-1.01,44.17,0.0,2.19,62.39,-15.84,-70.02,3825
Puno,2020-07-17,6.6,13.79,2.42,68.89,0.0,1.77,62.37,-15.84,-70.02,3825
Puno,2020-07-18,7.49,15.2,2.12,60.52,0.0,1.71,62.33,-15.84,-70.02,3825
Puno,2020-07-19,7.95,15.02,3.48,59.65,0.0,1.84,62.36,-15.84,-70.02,3825
Puno,2020-07-20,7.85,14.45,4.04,64.29,0.0,2.11,62.39,-15.84,-70.02,3825
Puno,2020-07-21,6.84,14.68,1.56,62.44,0.0,1.88,62.31,-15.84,-70.02,3825
Puno,2020-07-22,7.24,15.33,0.39,49.33,0.0,1.56,62.2,-15.84,-70.02,3825
Puno,2020-07-23,5.54,13.6,-1.95,34.79,0.0,3.75,62.2,-15.84,-70.02,3825
Puno,2020-07-24,3.49,10.93,-1.47,30.9,0.0,3.17,62.2,-15.84,-70.02,3825
Puno,2020-07-25,4.4,11.02,-0.58,44.98,0.0,1.93,62.35,-15.84,-70.02,3825
Puno,2020-07-26,5.45,13.42,-2.03,45.53,0.0,1.16,62.35,-15.84,-70.02,3825
Puno,2020-07-27,4.55,13.95,-3.16,28.19,0.0,1.64,62.33,-15.84,-70.02,3825
Puno,2020-07-28,4.57,12.79,-1.4,39.7,0.0,1.9,62.34,-15.84,-70.02,3825
Puno,2020-07-29,6.6,14.84,-0.26,59.28,0.0,1.55,62.32,-15.84,-70.02,3825
Puno,2020-07-30,7.55,15.75,-0.82,35.38,0.0,1.32,62.33,-15.84,-70.02,3825
Puno,2020-07-31,7.48,15.43,2.28,45.65,0.0,2.13,62.39,-15.84,-70.02,3825
Puno,2020-08-01,7.27,14.65,2.83,64.36,0.0,1.91,62.48,-15.84,-70.02,3825
Puno,2020-08-02,7.61,15.57,1.87,63.57,0.0,2.42,62.5,-15.84,-70.02,3825
Puno,2020-08-03,7.25,15.27,2.84,66.03,0.0,2.35,62.58,-15.84,-70.02,3825
Puno,2020-08-04,7.84,15.88,1.4,53.0,0.0,2.01,62.53,-15.84,-70.02,3825
Puno,2020-08-05,6.7,14.11,0.24,42.81,0.0,2.31,62.46,-15.84,-70.02,3825
Puno,2020-08-06,6.72,14.17,1.33,55.37,0.0,2.2,62.4,-15.84,-70.02,3825
Puno,2020-08-07,5.86,13.1,0.47,59.08,0.0,2.19,62.49,-15.84,-70.02,3825
Puno,2020-08-08,6.68,14.33,0.34,49.01,0.0,2.33,62.46,-15.84,-70.02,3825
Puno,2020-08-09,7.34,14.64,2.01,53.13,0.0,1.61,62.41,-15.84,-70.02,3825
Puno,2020-08-10,7.43,14.96,-1.05,37.39,0.0,1.86,62.21,-15.84,-70.02,3825
Puno,2020-08-11,5.17,11.93,-0.07,47.45,0.01,2.7,62.13,-15.84,-70.02,3825
Puno,2020-08-12,4.47,14.54,-3.07,35.7,0.0,3.85,62.09,-15.84,-70.02,3825
Puno,2020-08-13,4.16,15.3,-4.03,34.6,0.0,4.04,62.05,-15.84,-70.02,3825
Puno,2020-08-14,3.92,14.98,-3.65,35.55,0.0,3.38,62.07,-15.84,-70.02,3825
Puno,2020-08-15,5.41,15.74,-3.15,41.77,0.0,3.44,62.09,-15.84,-70.02,3825
Puno,2020-08-16,6.68,16.1,-1.56,54.26,0.34,3.77,62.12,-15.84,-70.02,3825
Puno,2020-08-17,6.63,15.67,-1.34,58.49,0.04,4.35,62.08,-15.84,-70.02,3825
Puno,2020-08-18,6.11,15.98,-1.43,59.94,0.0,4.23,62.04,-15.84,-70.02,3825
Puno,2020-08-19,6.45,16.64,-2.47,54.67,0.0,3.86,62.08,-15.84,-70.02,3825
Puno,2020-08-20,7.29,15.26,-0.01,63.63,0.02,2.34,62.21,-15.84,-70.02,3825
Puno,2020-08-21,7.69,17.35,0.29,48.17,0.0,2.49,62.23,-15.84,-70.02,3825
Puno,2020-08-22,7.37,17.07,-1.22,46.3,0.0,2.13,62.14,-15.84,-70.02,3825
Puno,2020-08-23,8.2,16.97,-0.13,56.2,0.0,2.1,62.13,-15.84,-70.02,3825
Puno,2020-08-24,8.26,17.7,0.51,54.91,0.02,3.09,62.08,-15.84,-70.02,3825
Puno,2020-08-25,7.95,17.61,-1.11,58.32,0.06,2.55,62.1,-15.84,-70.02,3825
Puno,2020-08-26,8.54,17.07,0.67,61.76,0.0,3.19,62.17,-15.84,-70.02,3825
Puno,2020-08-27,8.71,17.17,0.52,62.26,0.0,2.76,62.34,-15.84,-70.02,3825
Puno,2020-08-28,10.18,16.53,5.22,60.21,0.0,1.61,62.4,-15.84,-70.02,3825
Puno,2020-08-29,9.52,16.23,4.52,59.34,0.0,2.98,62.32,-15.84,-70.02,3825
Puno,2020-08-30,8.24,15.11,3.62,65.86,0.0,4.45,62.3,-15.84,-70.02,3825
Puno,2020-08-31,7.71,14.92,1.85,60.39,0.0,4.59,62.37,-15.84,-70.02,3825
Puno,2020-09-01,8.51,15.8,1.88,65.28,0.0,3.39,62.33,-15.84,-70.02,3825
Puno,2020-09-02,9.19,15.71,4.28,60.34,0.0,1.53,62.2,-15.84,-70.02,3825
Puno,2020-09-03,9.19,16.13,4.33,58.3,0.0,2.3,62.21,-15.84,-70.02,3825
Puno,2020-09-04,8.57,14.66,2.93,60.24,0.0,2.83,62.34,-15.84,-70.02,3825
Puno,2020-09-05,9.39,16.36,4.69,63.37,0.0,2.42,62.42,-15.84,-70.02,3825
Puno,2020-09-06,8.93,15.6,4.98,62.39,0.0,2.52,62.37,-15.84,-70.02,3825
Puno,2020-09-07,8.42,15.79,3.29,60.51,0.28,2.35,62.25,-15.84,-70.02,3825
Puno,2020-09-08,7.97,13.65,3.41,65.21,0.06,2.16,62.29,-15.84,-70.02,3825
Puno,2020-09-09,9.29,16.59,4.39,61.32,0.0,2.6,62.41,-15.84,-70.02,3825
Puno,2020-09-10,8.77,15.14,3.97,62.99,0.0,3.39,62.43,-15.84,-70.02,3825
Puno,2020-09-11,7.73,13.48,4.07,68.63,0.0,2.46,62.29,-15.84,-70.02,3825
Puno,2020-09-12,7.17,12.86,4.19,70.49,0.0,2.57,62.25,-15.84,-70.02,3825
Puno,2020-09-13,7.43,14.19,2.09,64.65,0.3,1.79,62.34,-15.84,-70.02,3825
Puno,2020-09-14,5.98,12.38,1.88,73.05,0.02,2.75,62.47,-15.84,-70.02,3825
Puno,2020-09-15,7.65,14.65,3.17,66.43,0.28,2.42,62.38,-15.84,-70.02,3825
Puno,2020-09-16,8.33,16.23,1.83,50.14,0.08,2.06,62.24,-15.84,-70.02,3825
Puno,2020-09-17,7.6,15.47,1.55,62.42,0.66,2.44,62.19,-15.84,-70.02,3825
Puno,2020-09-18,5.29,10.44,1.61,75.36,1.26,2.27,62.28,-15.84,-70.02,3825
Puno,2020-09-19,7.64,14.87,1.04,60.4,0.0,2.34,62.34,-15.84,-70.02,3825
Puno,2020-09-20,8.95,16.61,3.73,58.98,0.0,1.72,62.28,-15.84,-70.02,3825
Puno,2020-09-21,7.89,18.71,-0.21,38.87,0.03,3.49,62.24,-15.84,-70.02,3825
Puno,2020-09-22,6.52,16.06,-2.79,38.31,0.02,2.36,62.32,-15.84,-70.02,3825
Puno,2020-09-23,7.0,14.59,1.41,56.29,0.01,3.61,62.56,-15.84,-70.02,3825
Puno,2020-09-24,6.14,14.05,-0.27,46.98,0.0,3.08,62.59,-15.84,-70.02,3825
Puno,2020-09-25,7.32,14.89,0.27,59.17,0.0,2.85,62.47,-15.84,-70.02,3825
Puno,2020-09-26,9.07,16.81,2.35,45.96,0.0,1.99,62.25,-15.84,-70.02,3825
Puno,2020-09-27,7.88,15.72,-0.32,51.76,0.0,3.23,62.11,-15.84,-70.02,3825
Puno,2020-09-28,6.61,11.1,3.98,70.61,0.35,2.67,62.14,-15.84,-70.02,3825
Puno,2020-09-29,7.2,14.6,1.43,68.3,0.17,2.28,62.23,-15.84,-70.02,3825
Puno,2020-09-30,6.79,14.35,1.4,62.91,0.03,2.68,62.3,-15.84,-70.02,3825
Puno,2020-10-01,8.01,14.56,1.03,56.98,0.0,3.33,62.27,-15.84,-70.02,3825
Puno,2020-10-02,8.87,14.31,4.37,68.0,0.0,4.09,62.24,-15.84,-70.02,3825
Puno,2020-10-03,8.6,14.72,3.96,63.86,0.0,4.42,62.4,-15.84,-70.02,3825
Puno,2020-10-04,7.74,13.59,2.56,69.17,0.02,4.13,62.47,-15.84,-70.02,3825
Puno,2020-10-05,8.76,16.04,4.26,64.6,0.04,4.25,62.44,-15.84,-70.02,3825
Puno,2020-10-06,8.67,13.95,4.19,64.83,0.02,3.37,62.39,-15.84,-70.02,3825
Puno,2020-10-07,8.2,14.49,3.4,70.09,0.0,4.3,62.47,-15.84,-70.02,3825
Puno,2020-10-08,9.34,15.88,4.77,63.26,0.0,3.67,62.55,-15.84,-70.02,3825
Puno,2020-10-09,10.15,16.78,5.59,60.49,0.0,3.11,62.49,-15.84,-70.02,3825
Puno,2020-10-10,9.45,14.9,5.18,63.61,0.0,2.37,62.44,-15.84,-70.02,3825
Puno,2020-10-11,8.71,14.08,4.47,64.59,6.7,2.86,62.42,-15.84,-70.02,3825
Puno,2020-10-12,8.16,14.27,4.48,67.28,0.95,3.69,62.42,-15.84,-70.02,3825
Puno,2020-10-13,8.07,14.41,3.32,67.36,1.76,3.28,62.33,-15.84,-70.02,3825
Puno,2020-10-14,6.91,12.79,1.92,71.2,2.15,3.3,62.27,-15.84,-70.02,3825
Puno,2020-10-15,8.28,13.94,4.14,68.3,0.08,4.5,62.3,-15.84,-70.02,3825
Puno,2020-10-16,7.39,12.65,3.38,68.86,0.3,2.76,62.37,-15.84,-70.02,3825
Puno,2020-10-17,9.26,15.51,4.33,58.4,0.21,1.96,62.31,-15.84,-70.02,3825
Puno,2020-10-18,8.89,16.41,2.81,55.91,0.47,2.71,62.21,-15.84,-70.02,3825
Puno,2020-10-19,8.88,14.18,2.84,57.51,0.17,2.64,62.19,-15.84,-70.02,3825
Puno,2020-10-20,8.81,14.17,4.81,64.25,0.12,3.78,62.24,-15.84,-70.02,3825
Puno,2020-10-21,8.87,14.9,3.96,65.67,0.44,3.41,62.34,-15.84,-70.02,3825
Puno,2020-10-22,9.59,16.6,3.11,57.63,2.58,1.84,62.32,-15.84,-70.02,3825
Puno,2020-10-23,9.65,16.91,2.51,53.6,0.16,3.18,62.33,-15.84,-70.02,3825
Puno,2020-10-24,10.6,17.73,2.79,41.86,0.0,2.65,62.31,-15.84,-70.02,3825
Puno,2020-10-25,9.48,14.41,4.79,52.59,0.0,2.79,62.3,-15.84,-70.02,3825
Puno,2020-10-26,11.43,18.68,5.9,55.87,0.02,3.9,62.24,-15.84,-70.02,3825
Puno,2020-10-27,10.5,20.19,1.64,48.24,0.05,3.36,62.09,-15.84,-70.02,3825
Puno,2020-10-28,8.07,18.82,-1.66,25.38,0.0,3.78,62.05,-15.84,-70.02,3825
Puno,2020-10-29,8.87,19.28,-1.22,32.51,0.03,1.95,62.07,-15.84,-70.02,3825
Puno,2020-10-30,9.24,18.19,2.21,51.82,0.01,1.22,62.12,-15.84,-70.02,3825
Puno,2020-10-31,10.19,17.41,4.06,59.93,0.0,2.63,62.19,-15.84,-70.02,3825
Puno,2020-11-01,11.29,20.65,4.05,44.56,0.0,1.11,62.14,-15.84,-70.02,3825
Puno,2020-11-02,10.82,19.52,2.63,40.75,0.0,1.11,62.05,-15.84,-70.02,3825
Puno,2020-11-03,10.27,17.1,5.58,61.8,0.0,3.99,62.2,-15.84,-70.02,3825
Puno,2020-11-04,9.33,15.96,3.52,56.35,0.0,4.59,62.42,-15.84,-70.02,3825
Puno,2020-11-05,9.55,16.77,2.7,50.09,0.0,3.27,62.34,-15.84,-70.02,3825
Puno,2020-11-06,9.75,16.93,4.45,58.61,0.0,4.47,62.28,-15.84,-70.02,3825
Puno,2020-11-07,9.17,16.12,4.95,64.45,0.0,5.08,62.41,-15.84,-70.02,3825
Puno,2020-11-08,8.93,15.2,4.93,60.52,0.0,3.29,62.45,-15.84,-70.02,3825
Puno,2020-11-09,10.68,18.21,5.19,55.46,0.02,2.52,62.31,-15.84,-70.02,3825
Puno,2020-11-10,9.8,18.07,3.26,33.34,0.17,2.04,62.21,-15.84,-70.02,3825
Puno,2020-11-11,9.42,18.85,0.41,33.49,0.07,1.82,62.21,-15.84,-70.02,3825
Puno,2020-11-12,9.38,19.13,0.11,28.33,0.3,1.7,62.23,-15.84,-70.02,3825
Puno,2020-11-13,9.46,19.54,0.09,26.38,0.53,1.61,62.22,-15.84,-70.02,3825
Puno,2020-11-14,9.6,18.13,-0.73,35.09,0.83,2.54,62.2,-15.84,-70.02,3825
Puno,2020-11-15,12.06,19.05,6.41,52.43,0.0,2.73,62.21,-15.84,-70.02,3825
Puno,2020-11-16,11.38,18.37,5.6,47.45,0.07,2.04,62.22,-15.84,-70.02,3825
Puno,2020-11-17,10.4,20.8,0.5,29.72,0.03,2.16,62.13,-15.84,-70.02,3825
Puno,2020-11-18,9.85,19.96,-0.28,25.58,0.0,1.8,62.12,-15.84,-70.02,3825
Puno,2020-11-19,10.52,19.85,2.8,33.91,0.08,1.59,62.12,-15.84,-70.02,3825
Puno,2020-11-20,11.03,20.09,1.36,30.32,0.01,1.81,62.16,-15.84,-70.02,3825
Puno,2020-11-21,11.78,18.98,5.27,50.14,0.0,2.86,62.19,-15.84,-70.02,3825
Puno,2020-11-22,10.62,16.98,5.65,56.13,0.0,4.24,62.32,-15.84,-70.02,3825
Puno,2020-11-23,10.72,17.94,4.77,53.17,0.0,3.98,62.44,-15.84,-70.02,3825
Puno,2020-11-24,11.53,19.55,5.01,53.83,0.0,3.42,62.45,-15.84,-70.02,3825
Puno,2020-11-25,9.97,17.8,4.95,62.8,0.0,2.6,62.4,-15.84,-70.02,3825
Puno,2020-11-26,10.78,19.61,5.09,53.26,0.18,2.38,62.27,-15.84,-70.02,3825
Puno,2020-11-27,8.14,12.36,4.23,67.94,0.35,2.88,62.3,-15.84,-70.02,3825
Puno,2020-11-28,10.18,16.28,5.06,64.69,0.4,3.82,62.35,-15.84,-70.02,3825
Puno,2020-11-29,11.3,18.27,6.47,60.79,0.0,4.01,62.35,-15.84,-70.02,3825
Puno,2020-11-30,11.67,18.63,6.36,58.44,2.28,3.91,62.31,-15.84,-70.02,3825
Puno,2020-12-01,7.84,10.33,6.14,76.4,2.39,2.99,62.34,-15.84,-70.02,3825
Puno,2020-12-02,10.91,17.71,5.29,57.97,0.07,1.67,62.17,-15.84,-70.02,3825
Puno,2020-12-03,10.51,15.63,6.43,64.19,1.41,3.3,62.12,-15.84,-70.02,3825
Puno,2020-12-04,7.35,14.69,3.04,76.16,2.0,3.15,62.23,-15.84,-70.02,3825
Puno,2020-12-05,9.0,16.74,2.42,66.76,1.28,3.47,62.33,-15.84,-70.02,3825
Puno,2020-12-06,9.02,13.94,5.5,74.18,2.76,4.08,62.25,-15.84,-70.02,3825
Puno,2020-12-07,10.07,16.58,6.03,67.08,1.67,2.8,62.27,-15.84,-70.02,3825
Puno,2020-12-08,8.78,14.35,4.91,68.45,0.51,2.34,62.36,-15.84,-70.02,3825
Puno,2020-12-09,11.94,19.09,5.7,56.96,0.58,1.93,62.21,-15.84,-70.02,3825
Puno,2020-12-10,9.11,15.93,2.38,54.37,0.19,2.89,62.19,-15.84,-70.02,3825
Puno,2020-12-11,11.4,19.28,3.95,47.18,0.0,2.24,62.11,-15.84,-70.02,3825
Puno,2020-12-12,11.18,18.61,5.45,53.56,0.02,1.92,62.14,-15.84,-70.02,3825
Puno,2020-12-13,11.62,18.61,5.3,47.16,0.55,1.76,62.23,-15.84,-70.02,3825
Puno,2020-12-14,11.02,18.37,4.32,45.57,0.46,1.9,62.2,-15.84,-70.02,3825
Puno,2020-12-15,11.62,20.4,2.44,37.8,0.05,2.26,62.09,-15.84,-70.02,3825
Puno,2020-12-16,10.89,15.82,7.2,60.39,1.47,3.48,62.21,-15.84,-70.02,3825
Puno,2020-12-17,11.02,17.09,6.39,60.76,0.5,4.1,62.27,-15.84,-70.02,3825
Puno,2020-12-18,10.37,16.47,6.31,64.89,2.16,3.17,62.22,-15.84,-70.02,3825
Puno,2020-12-19,11.1,17.6,6.51,55.92,0.15,2.4,62.14,-15.84,-70.02,3825
Puno,2020-12-20,11.61,17.88,6.93,54.89,0.0,3.23,62.14,-15.84,-70.02,3825
Puno,2020-12-21,7.68,15.79,3.73,75.5,1.5,3.55,62.26,-15.84,-70.02,3825
Puno,2020-12-22,8.11,13.36,3.96,72.79,2.69,4.37,62.29,-15.84,-70.02,3825
Puno,2020-12-23,9.25,14.65,4.54,71.71,0.71,4.73,62.19,-15.84,-70.02,3825
Puno,2020-12-24,10.07,16.2,5.37,68.83,5.15,3.88,62.17,-15.84,-70.02,3825
Puno,2020-12-25,10.03,15.61,5.31,70.22,2.14,3.52,62.12,-15.84,-70.02,3825
Puno,2020-12-26,8.85,14.34,5.59,74.12,6.63,3.99,62.05,-15.84,-70.02,3825
Puno,2020-12-27,8.21,14.11,4.36,74.02,2.18,5.25,62.1,-15.84,-70.02,3825
Puno,2020-12-28,7.29,10.35,5.02,81.11,4.36,5.19,62.18,-15.84,-70.02,3825
Puno,2020-12-29,8.74,14.29,4.32,75.83,2.26,4.47,62.12,-15.84,-70.02,3825
Puno,2020-12-30,7.71,12.75,4.41,82.32,44.35,3.81,62.09,-15.84,-70.02,3825
Puno,2020-12-31,5.4,8.86,2.38,90.49,17.7,3.87,62.2,-15.84,-70.02,3825
Puno,2021-01-01,7.63,13.17,2.64,78.78,2.23,3.64,62.37,-15.84,-70.02,3825
Puno,2021-01-02,8.39,12.51,4.88,78.54,1.26,2.37,62.29,-15.84,-70.02,3825
Puno,2021-01-03,9.36,14.9,5.14,71.99,4.42,2.41,62.17,-15.84,-70.02,3825
Puno,2021-01-04,10.55,18.24,3.79,59.37,0.12,1.54,61.99,-15.84,-70.02,3825
Puno,2021-01-05,10.03,18.07,2.58,56.24,0.58,1.96,61.94,-15.84,-70.02,3825
Puno,2021-01-06,7.24,11.58,3.6,76.56,6.5,3.54,62.08,-15.84,-70.02,3825
Puno,2021-01-07,6.81,13.88,2.14,77.2,12.04,1.96,62.17,-15.84,-70.02,3825
Puno,2021-01-08,6.65,13.83,2.33,75.44,21.77,2.11,62.22,-15.84,-70.02,3825
Puno,2021-01-09,6.87,14.22,2.86,76.49,0.78,2.99,62.18,-15.84,-70.02,3825
Puno,2021-01-10,8.6,14.28,2.77,70.27,0.25,2.83,62.22,-15.84,-70.02,3825
Puno,2021-01-11,9.22,13.07,5.67,70.72,0.74,2.54,62.22,-15.84,-70.02,3825
Puno,2021-01-12,10.13,16.0,5.73,68.4,4.3,3.09,62.23,-15.84,-70.02,3825
Puno,2021-01-13,8.91,12.62,5.84,76.13,2.85,3.23,62.24,-15.84,-70.02,3825
Puno,2021-01-14,9.33,15.13,5.37,74.83,2.37,4.54,62.19,-15.84,-70.02,3825
Puno,2021-01-15,10.02,14.93,5.65,71.79,2.8,2.58,62.09,-15.84,-70.02,3825
Puno,2021-01-16,9.3,14.91,5.0,71.4,5.09,2.25,62.02,-15.84,-70.02,3825
Puno,2021-01-17,7.93,12.01,4.38,77.24,3.05,2.68,62.0,-15.84,-70.02,3825
Puno,2021-01-18,6.02,9.86,1.97,83.47,4.05,2.45,62.08,-15.84,-70.02,3825
Puno,2021-01-19,9.78,16.21,4.71,69.19,0.52,2.62,62.11,-15.84,-70.02,3825
Puno,2021-01-20,9.16,15.7,3.6,71.71,1.62,3.28,62.11,-15.84,-70.02,3825
Puno,2021-01-21,7.82,14.18,2.68,75.59,6.79,3.71,62.17,-15.84,-70.02,3825
Puno,2021-01-22,6.53,12.87,2.47,80.88,11.46,4.03,62.23,-15.84,-70.02,3825
Puno,2021-01-23,7.92,13.73,3.07,76.84,7.27,4.41,62.2,-15.84,-70.02,3825
Puno,2021-01-24,7.98,14.57,2.99,76.1,1.84,3.58,62.1,-15.84,-70.02,3825
Puno,2021-01-25,7.69,16.07,2.21,74.8,8.54,2.45,62.04,-15.84,-70.02,3825
Puno,2021-01-26,9.34,18.53,2.16,59.29,0.11,2.89,62.05,-15.84,-70.02,3825
Puno,2021-01-27,9.03,18.87,-0.64,51.17,0.01,1.52,62.07,-15.84,-70.02,3825
Puno,2021-01-28,9.04,19.67,-0.1,49.17,0.42,2.61,61.99,-15.84,-70.02,3825
Puno,2021-01-29,8.04,17.65,-1.26,43.91,0.39,2.02,61.99,-15.84,-70.02,3825
Puno,2021-01-30,9.34,16.54,1.56,58.83,0.05,2.6,62.11,-15.84,-70.02,3825
Puno,2021-01-31,10.02,15.52,5.48,67.5,0.32,2.27,62.17,-15.84,-70.02,3825
Puno,2021-02-01,9.06,16.55,2.76,67.32,0.12,3.89,62.2,-15.84,-70.02,3825
Puno,2021-02-02,10.13,17.12,6.14,70.16,1.39,4.13,62.18,-15.84,-70.02,3825
Puno,2021-02-03,9.57,15.89,4.81,71.9,1.66,4.56,62.28,-15.84,-70.02,3825
Puno,2021-02-04,8.61,12.9,5.71,79.33,1.88,4.45,62.36,-15.84,-70.02,3825
Puno,2021-02-05,9.6,15.51,4.98,73.35,1.33,4.2,62.28,-15.84,-70.02,3825
Puno,2021-02-06,10.67,17.17,5.21,69.14,0.0,3.92,62.25,-15.84,-70.02,3825
Puno,2021-02-07,11.35,18.09,5.77,66.08,0.02,3.31,62.23,-15.84,-70.02,3825
Puno,2021-02-08,10.23,14.74,7.13,70.76,0.04,3.28,62.19,-15.84,-70.02,3825
Puno,2021-02-09,10.58,17.14,6.08,66.76,2.35,2.78,62.13,-15.84,-70.02,3825
Puno,2021-02-10,8.04,13.32,3.13,72.37,8.39,2.47,62.08,-15.84,-70.02,3825
Puno,2021-02-11,11.0,18.15,5.71,61.5,2.38,1.48,62.01,-15.84,-70.02,3825
Puno,2021-02-12,8.63,14.27,3.72,73.87,1.2,2.18,62.09,-15.84,-70.02,3825
Puno,2021-02-13,7.33,14.69,2.81,72.02,1.3,2.46,62.16,-15.84,-70.02,3825
Puno,2021-02-14,9.48,17.46,3.39,53.29,0.21,2.45,62.13,-15.84,-70.02,3825
Puno,2021-02-15,7.61,14.87,3.32,66.6,2.08,2.59,62.16,-15.84,-70.02,3825
Puno,2021-02-16,8.71,17.16,0.29,56.74,2.31,2.72,62.09,-15.84,-70.02,3825
Puno,2021-02-17,7.68,14.81,2.53,68.83,6.79,3.5,62.06,-15.84,-70.02,3825
Puno,2021-02-18,6.63,13.18,1.52,71.13,4.51,3.87,62.13,-15.84,-70.02,3825
Puno,2021-02-19,8.15,15.88,1.2,69.01,1.06,2.84,62.17,-15.84,-70.02,3825
Puno,2021-02-20,7.66,14.23,1.8,73.28,0.04,3.7,62.3,-15.84,-70.02,3825
Puno,2021-02-21,8.59,15.01,5.23,75.29,1.47,5.03,62.3,-15.84,-70.02,3825
Puno,2021-02-22,8.42,14.34,3.9,71.86,0.14,4.14,62.35,-15.84,-70.02,3825
Puno,2021-02-23,7.93,13.04,3.44,77.88,0.0,4.85,62.39,-15.84,-70.02,3825
Puno,2021-02-24,8.74,15.74,3.25,67.13,0.0,3.86,62.46,-15.84,-70.02,3825
Puno,2021-02-25,9.34,16.92,3.23,61.94,0.0,3.41,62.38,-15.84,-70.02,3825
Puno,2021-02-26,8.45,16.87,2.95,68.98,0.29,2.52,62.25,-15.84,-70.02,3825
Puno,2021-02-27,9.22,15.39,4.93,66.89,0.01,4.17,62.28,-15.84,-70.02,3825
Puno,2021-02-28,8.89,14.53,4.25,70.6,0.6,3.74,62.21,-15.84,-70.02,3825
Puno,2021-03-01,9.13,13.51,5.56,71.26,1.22,2.37,62.06,-15.84,-70.02,3825
Puno,2021-03-02,9.63,15.24,5.42,70.12,0.7,2.53,62.08,-15.84,-70.02,3825
Puno,2021-03-03,9.26,15.12,5.07,69.82,0.09,3.8,62.26,-15.84,-70.02,3825
Puno,2021-03-04,9.77,16.28,4.72,65.91,0.0,2.93,62.24,-15.84,-70.02,3825
Puno,2021-03-05,8.59,14.45,3.28,73.17,1.75,2.85,62.13,-15.84,-70.02,3825
Puno,2021-03-06,7.16,12.85,2.16,77.44,0.62,3.81,62.23,-15.84,-70.02,3825
Puno,2021-03-07,9.4,14.7,5.6,70.41,11.73,2.89,62.3,-15.84,-70.02,3825
Puno,2021-03-08,8.91,13.65,4.79,70.89,5.62,2.34,62.28,-15.84,-70.02,3825
Puno,2021-03-09,6.79,12.54,2.22,76.11,0.31,3.44,62.31,-15.84,-70.02,3825
Puno,2021-03-10,8.77,14.98,2.84,59.82,0.44,2.63,62.22,-15.84,-70.02,3825
Puno,2021-03-11,8.76,15.1,3.8,63.04,0.07,3.01,62.17,-15.84,-70.02,3825
Puno,2021-03-12,8.4,14.48,3.42,67.12,0.0,3.47,62.21,-15.84,-70.02,3825
Puno,2021-03-13,8.17,13.99,3.26,68.69,0.01,3.02,62.21,-15.84,-70.02,3825
Puno,2021-03-14,7.97,13.87,3.28,72.74,0.12,4.03,62.22,-15.84,-70.02,3825
Puno,2021-03-15,8.4,14.19,4.47,74.66,11.68,3.2,62.21,-15.84,-70.02,3825
Puno,2021-03-16,9.39,15.43,4.23,70.03,1.46,1.92,62.14,-15.84,-70.02,3825
Puno,2021-03-17,8.44,12.93,5.13,76.16,0.56,2.41,62.13,-15.84,-70.02,3825
Puno,2021-03-18,6.66,10.84,3.82,80.67,4.45,2.24,62.14,-15.84,-70.02,3825
Puno,2021-03-19,8.29,14.38,3.24,70.04,0.35,1.96,62.07,-15.84,-70.02,3825
Puno,2021-03-20,8.78,14.73,2.69,68.6,0.05,3.16,62.11,-15.84,-70.02,3825
Puno,2021-03-21,8.18,12.11,5.63,78.5,1.38,4.42,62.26,-15.84,-70.02,3825
Puno,2021-03-22,7.27,10.91,4.5,80.24,4.81,3.66,62.31,-15.84,-70.02,3825
Puno,2021-03-23,7.84,13.82,3.33,77.02,1.6,3.91,62.29,-15.84,-70.02,3825
Puno,2021-03-24,8.75,14.36,4.09,73.45,0.73,3.0,62.28,-15.84,-70.02,3825
Puno,2021-03-25,9.75,15.95,5.19,69.05,0.12,2.37,62.28,-15.84,-70.02,3825
Puno,2021-03-26,9.59,14.9,6.11,71.22,0.16,2.26,62.25,-15.84,-70.02,3825
Puno,2021-03-27,9.36,14.97,5.38,70.86,0.05,3.29,62.19,-15.84,-70.02,3825
Puno,2021-03-28,7.68,13.71,2.08,77.0,2.07,3.28,62.19,-15.84,-70.02,3825
Puno,2021-03-29,7.48,15.1,2.14,75.39,4.13,2.12,62.22,-15.84,-70.02,3825
Puno,2021-03-30,7.64,13.15,3.08,77.83,4.37,3.17,62.25,-15.84,-70.02,3825
Puno,2021-03-31,8.13,15.22,4.2,70.84,0.42,1.98,62.19,-15.84,-70.02,3825
Puno,2021-04-01,7.8,11.61,4.42,69.71,0.41,1.43,62.12,-15.84,-70.02,3825
Puno,2021-04-02,7.46,12.28,3.25,74.12,1.5,2.6,62.22,-15.84,-70.02,3825
Puno,2021-04-03,7.08,12.74,2.78,77.16,7.08,1.99,62.29,-15.84,-70.02,3825
Puno,2021-04-04,5.82,13.24,1.38,79.21,10.88,2.05,62.25,-15.84,-70.02,3825
Puno,2021-04-05,7.52,14.41,1.63,69.15,2.0,2.32,62.27,-15.84,-70.02,3825
Puno,2021-04-06,9.04,15.35,2.53,65.89,0.03,2.57,62.26,-15.84,-70.02,3825
Puno,2021-04-07,9.6,14.72,5.93,70.96,0.48,1.88,62.28,-15.84,-70.02,3825
Puno,2021-04-08,8.25,11.2,5.25,77.17,0.05,1.92,62.3,-15.84,-70.02,3825
Puno,2021-04-09,9.2,15.75,4.68,72.59,0.0,3.12,62.34,-15.84,-70.02,3825
Puno,2021-04-10,9.22,14.06,5.73,68.36,0.0,2.43,62.23,-15.84,-70.02,3825
Puno,2021-04-11,8.45,13.99,4.33,72.25,0.67,3.2,62.22,-15.84,-70.02,3825
Puno,2021-04-12,8.46,14.1,3.94,75.18,0.15,4.08,62.33,-15.84,-70.02,3825
Puno,2021-04-13,8.72,13.96,4.15,72.31,0.0,2.62,62.37,-15.84,-70.02,3825
Puno,2021-04-14,7.99,12.58,4.0,72.63,2.19,1.72,62.31,-15.84,-70.02,3825
Puno,2021-04-15,8.54,17.58,0.03,62.49,0.04,2.05,62.23,-15.84,-70.02,3825
Puno,2021-04-16,10.37,17.59,3.55,58.84,0.0,1.5,62.21,-15.84,-70.02,3825
Puno,2021-04-17,8.84,17.66,1.15,54.41,0.0,1.57,62.25,-15.84,-70.02,3825
Puno,2021-04-18,8.1,18.23,-0.33,42.66,0.0,1.51,62.26,-15.84,-70.02,3825
Puno,2021-04-19,7.55,17.31,-1.06,39.06,0.24,1.97,62.31,-15.84,-70.02,3825
Puno,2021-04-20,7.13,14.9,0.94,60.23,0.38,2.94,62.33,-15.84,-70.02,3825
Puno,2021-04-21,8.61,15.59,1.71,62.38,0.0,1.78,62.28,-15.84,-70.02,3825
Puno,2021-04-22,8.56,16.51,2.85,50.28,0.0,1.87,62.19,-15.84,-70.02,3825
Puno,2021-04-23,7.89,16.82,0.96,56.75,0.26,3.21,62.15,-15.84,-70.02,3825
Puno,2021-04-24,6.96,17.25,-0.96,48.06,0.02,3.96,62.14,-15.84,-70.02,3825
Puno,2021-04-25,6.66,16.81,-0.83,39.95,0.02,2.9,62.17,-15.84,-70.02,3825
Puno,2021-04-26,5.63,16.41,-2.9,35.24,0.0,2.59,62.18,-15.84,-70.02,3825
Puno,2021-04-27,6.87,15.7,-1.93,42.25,0.1,1.56,62.19,-15.84,-70.02,3825
Puno,2021-04-28,7.08,15.67,-1.05,49.83,0.31,1.44,62.18,-15.84,-70.02,3825
Puno,2021-04-29,7.43,14.31,1.22,57.16,0.16,1.17,62.25,-15.84,-70.02,3825
Puno,2021-04-30,5.98,16.02,-2.52,41.69,0.0,2.09,62.25,-15.84,-70.02,3825
Puno,2021-05-01,6.32,15.88,-3.35,44.94,0.0,1.83,62.31,-15.84,-70.02,3825
Puno,2021-05-02,7.01,15.17,-0.6,51.39,0.0,2.25,62.34,-15.84,-70.02,3825
Puno,2021-05-03,7.93,14.32,2.92,67.87,0.0,1.7,62.34,-15.84,-70.02,3825
Puno,2021-05-04,9.11,16.61,2.99,65.22,0.0,2.38,62.38,-15.84,-70.02,3825
Puno,2021-05-05,8.66,14.49,3.94,69.98,0.01,1.74,62.45,-15.84,-70.02,3825
Puno,2021-05-06,7.6,13.2,2.56,67.67,0.16,1.63,62.41,-15.84,-70.02,3825
Puno,2021-05-07,8.65,15.42,2.82,60.88,0.2,1.04,62.3,-15.84,-70.02,3825
Puno,2021-05-08,7.75,14.52,1.8,62.91,0.05,2.18,62.38,-15.84,-70.02,3825
Puno,2021-05-09,8.34,14.78,3.96,63.38,0.0,1.9,62.37,-15.84,-70.02,3825
Puno,2021-05-10,8.01,13.4,3.78,62.9,0.0,1.62,62.37,-15.84,-70.02,3825
Puno,2021-05-11,8.77,15.18,3.38,61.32,0.0,1.13,62.31,-15.84,-70.02,3825
Puno,2021-05-12,8.3,13.82,4.92,67.73,0.0,1.53,62.29,-15.84,-70.02,3825
Puno,2021-05-13,7.94,16.07,1.65,56.82,0.0,2.5,62.32,-15.84,-70.02,3825
Puno,2021-05-14,7.76,15.55,0.78,54.13,0.0,0.95,62.34,-15.84,-70.02,3825
Puno,2021-05-15,7.29,15.55,1.44,47.4,0.0,1.58,62.36,-15.84,-70.02,3825
Puno,2021-05-16,6.83,14.78,-0.31,46.57,0.0,1.52,62.38,-15.84,-70.02,3825
Puno,2021-05-17,7.52,14.1,2.91,61.99,0.02,2.28,62.41,-15.84,-70.02,3825
Puno,2021-05-18,7.8,15.28,1.56,59.04,0.02,1.11,62.35,-15.84,-70.02,3825
Puno,2021-05-19,6.38,16.33,-1.66,41.03,0.0,1.93,62.23,-15.84,-70.02,3825
Puno,2021-05-20,5.83,15.92,-1.79,37.73,0.0,3.23,62.23,-15.84,-70.02,3825
Puno,2021-05-21,5.12,15.84,-3.16,36.01,0.0,2.83,62.2,-15.84,-70.02,3825
Puno,2021-05-22,5.72,16.11,-1.76,29.6,0.0,2.22,62.28,-15.84,-70.02,3825
Puno,2021-05-23,5.86,14.08,-0.87,40.27,0.02,1.53,62.37,-15.84,-70.02,3825
Puno,2021-05-24,5.67,11.65,0.44,49.72,0.07,1.2,62.36,-15.84,-70.02,3825
Puno,2021-05-25,4.64,8.32,-0.18,67.87,0.47,1.14,62.47,-15.84,-70.02,3825
Puno,2021-05-26,5.93,12.5,0.91,70.31,0.22,1.51,62.53,-15.84,-70.02,3825
Puno,2021-05-27,6.92,13.28,2.21,63.51,0.0,2.21,62.38,-15.84,-70.02,3825
Puno,2021-05-28,6.51,15.34,-0.78,63.12,0.03,2.93,62.22,-15.84,-70.02,3825
Puno,2021-05-29,6.89,14.93,-0.16,60.38,0.0,1.9,62.22,-15.84,-70.02,3825
Puno,2021-05-30,6.7,13.92,0.79,63.37,1.37,1.88,62.33,-15.84,-70.02,3825
Puno,2021-05-31,6.78,14.75,-0.34,59.3,0.38,1.27,62.38,-15.84,-70.02,3825
Puno,2021-06-01,5.98,16.05,-1.78,34.77,0.0,2.37,62.32,-15.84,-70.02,3825
Puno,2021-06-02,5.53,14.39,-1.24,36.46,0.0,2.05,62.3,-15.84,-70.02,3825
Puno,2021-06-03,6.98,14.5,1.65,67.39,0.0,1.93,62.31,-15.84,-70.02,3825
Puno,2021-06-04,7.63,14.08,4.03,61.57,0.08,1.2,62.32,-15.84,-70.02,3825
Puno,2021-06-05,6.46,14.82,-0.19,51.68,0.16,1.9,62.24,-15.84,-70.02,3825
Puno,2021-06-06,4.98,14.49,-1.85,36.22,0.01,2.4,62.23,-15.84,-70.02,3825
Puno,2021-06-07,4.48,13.89,-2.06,36.65,0.06,2.88,62.25,-15.84,-70.02,3825
Puno,2021-06-08,5.18,14.3,-2.13,38.1,0.03,1.78,62.3,-15.84,-70.02,3825
Puno,2021-06-09,4.87,14.71,-1.97,43.83,0.04,2.51,62.32,-15.84,-70.02,3825
Puno,2021-06-10,4.48,14.37,-2.9,36.84,1.39,1.83,62.34,-15.84,-70.02,3825
Puno,2021-06-11,4.95,13.52,-1.23,51.56,3.8,1.74,62.29,-15.84,-70.02,3825
Puno,2021-06-12,5.35,14.06,-0.53,52.34,1.2,1.61,62.26,-15.84,-70.02,3825
Puno,2021-06-13,4.59,14.04,-1.82,41.5,0.0,1.76,62.28,-15.84,-70.02,3825
Puno,2021-06-14,4.86,14.24,-2.41,45.79,0.0,1.59,62.33,-15.84,-70.02,3825
Puno,2021-06-15,5.72,12.98,0.12,51.08,0.68,1.17,62.34,-15.84,-70.02,3825
Puno,2021-06-16,5.81,13.56,-1.21,60.58,0.72,1.72,62.26,-15.84,-70.02,3825
Puno,2021-06-17,5.25,11.57,0.95,69.7,0.0,1.33,62.25,-15.84,-70.02,3825
Puno,2021-06-18,5.67,14.35,-0.48,64.92,0.0,2.62,62.3,-15.84,-70.02,3825
Puno,2021-06-19,5.59,12.59,-1.54,67.16,0.0,1.81,62.42,-15.84,-70.02,3825
Puno,2021-06-20,7.12,14.79,0.01,59.1,0.0,1.73,62.39,-15.84,-70.02,3825
Puno,2021-06-21,6.6,14.0,-0.41,65.11,0.0,2.4,62.38,-15.84,-70.02,3825
Puno,2021-06-22,5.7,9.29,2.18,78.03,0.0,1.83,62.38,-15.84,-70.02,3825
Puno,2021-06-23,5.64,14.63,-1.21,61.45,0.0,3.2,62.36,-15.84,-70.02,3825
Puno,2021-06-24,6.04,14.61,-2.29,48.08,0.0,1.77,62.3,-15.84,-70.02,3825
Puno,2021-06-25,7.0,14.55,0.68,44.22,0.0,1.78,62.21,-15.84,-70.02,3825
Puno,2021-06-26,5.8,14.41,-1.34,45.71,0.02,2.29,62.16,-15.84,-70.02,3825
Puno,2021-06-27,5.47,13.22,-1.34,43.22,0.11,2.46,62.16,-15.84,-70.02,3825
Puno,2021-06-28,4.69,12.6,-2.0,41.18,0.03,3.11,62.29,-15.84,-70.02,3825
Puno,2021-06-29,4.9,12.83,-1.7,35.72,0.0,1.46,62.38,-15.84,-70.02,3825
Puno,2021-06-30,4.85,12.48,-0.42,41.01,0.0,1.5,62.35,-15.84,-70.02,3825
Puno,2021-07-01,5.4,12.87,-0.38,39.75,0.0,2.11,62.42,-15.84,-70.02,3825
Puno,2021-07-02,4.58,12.48,-0.49,32.57,0.0,2.39,62.52,-15.84,-70.02,3825
Puno,2021-07-03,3.86,10.64,-1.07,30.46,0.0,1.89,62.58,-15.84,-70.02,3825
Puno,2021-07-04,4.78,12.03,-0.92,25.34,0.0,1.79,62.49,-15.84,-70.02,3825
Puno,2021-07-05,4.74,12.68,-0.28,37.49,0.0,1.93,62.45,-15.84,-70.02,3825
Puno,2021-07-06,6.18,14.73,-1.14,49.27,0.0,1.57,62.38,-15.84,-70.02,3825
Puno,2021-07-07,6.38,14.78,-0.21,45.9,0.0,2.32,62.27,-15.84,-70.02,3825
Puno,2021-07-08,7.23,14.65,2.04,59.11,0.0,1.65,62.29,-15.84,-70.02,3825
Puno,2021-07-09,7.27,15.05,0.42,45.83,0.0,1.29,62.33,-15.84,-70.02,3825
Puno,2021-07-10,6.42,13.93,1.47,50.89,0.0,2.03,62.33,-15.84,-70.02,3825
Puno,2021-07-11,6.81,13.19,1.64,64.99,0.0,2.01,62.33,-15.84,-70.02,3825
Puno,2021-07-12,7.47,13.61,2.55,62.09,0.0,1.61,62.33,-15.84,-70.02,3825
Puno,2021-07-13,7.06,14.07,0.62,58.06,0.03,1.92,62.39,-15.84,-70.02,3825
Puno,2021-07-14,7.71,14.22,0.29,51.43,0.03,1.5,62.34,-15.84,-70.02,3825
Puno,2021-07-15,8.07,15.97,0.93,54.76,0.0,1.68,62.28,-15.84,-70.02,3825
Puno,2021-07-16,6.11,15.61,-0.85,48.36,0.01,2.51,62.29,-15.84,-70.02,3825
Puno,2021-07-17,6.17,15.12,-2.05,40.97,0.02,1.81,62.35,-15.84,-70.02,3825
Puno,2021-07-18,5.14,10.22,1.9,73.17,0.01,2.43,62.47,-15.84,-70.02,3825
Puno,2021-07-19,6.09,13.59,0.19,50.47,0.01,1.27,62.35,-15.84,-70.02,3825
Puno,2021-07-20,4.25,8.06,0.91,57.6,0.01,1.43,62.35,-15.84,-70.02,3825
Puno,2021-07-21,6.07,13.67,-0.01,52.98,0.0,1.59,62.41,-15.84,-70.02,3825
Puno,2021-07-22,5.87,12.77,0.16,69.4,0.0,2.37,62.54,-15.84,-70.02,3825
Puno,2021-07-23,7.49,13.59,0.6,56.94,0.0,1.32,62.46,-15.84,-70.02,3825
Puno,2021-07-24,7.58,14.43,0.72,42.41,0.0,1.76,62.39,-15.84,-70.02,3825
Puno,2021-07-25,6.8,13.2,0.94,53.88,0.0,1.92,62.32,-15.84,-70.02,3825
Puno,2021-07-26,6.58,15.23,-1.04,51.17,0.02,3.19,62.28,-15.84,-70.02,3825
Puno,2021-07-27,6.04,14.38,-1.61,49.4,0.0,2.25,62.31,-15.84,-70.02,3825
Puno,2021-07-28,6.33,15.25,-0.84,47.99,0.0,3.44,62.18,-15.84,-70.02,3825
Puno,2021-07-29,6.09,13.32,-0.82,57.53,0.0,3.06,62.18,-15.84,-70.02,3825
Puno,2021-07-30,6.66,14.16,0.37,56.24,0.0,2.17,62.19,-15.84,-70.02,3825
Puno,2021-07-31,6.47,15.32,-0.65,53.07,0.0,2.93,62.26,-15.84,-70.02,3825
Puno,2021-08-01,6.41,12.65,1.09,68.24,0.0,2.2,62.45,-15.84,-70.02,3825
Puno,2021-08-02,5.4,11.61,1.09,69.48,0.09,1.81,62.51,-15.84,-70.02,3825
Puno,2021-08-03,4.9,11.04,-0.41,71.99,3.33,2.27,62.43,-15.84,-70.02,3825
Puno,2021-08-04,4.82,10.21,-0.27,67.05,0.78,2.55,62.46,-15.84,-70.02,3825
Puno,2021-08-05,6.13,14.92,0.03,54.52,0.0,1.72,62.46,-15.84,-70.02,3825
Puno,2021-08-06,5.39,13.38,-1.15,50.8,0.0,1.97,62.47,-15.84,-70.02,3825
Puno,2021-08-07,7.01,15.65,-0.87,47.59,0.0,1.35,62.32,-15.84,-70.02,3825
Puno,2021-08-08,7.27,15.52,-1.42,40.01,0.0,1.52,62.34,-15.84,-70.02,3825
Puno,2021-08-09,7.87,15.75,1.48,51.94,0.0,2.03,62.4,-15.84,-70.02,3825
Puno,2021-08-10,8.78,16.32,2.54,57.61,0.0,2.03,62.36,-15.84,-70.02,3825
Puno,2021-08-11,7.9,13.33,3.28,58.36,0.0,1.99,62.34,-15.84,-70.02,3825
Puno,2021-08-12,5.94,15.48,-1.78,41.59,0.0,3.55,62.32,-15.84,-70.02,3825
Puno,2021-08-13,5.69,16.37,-2.24,43.62,0.0,3.17,62.34,-15.84,-70.02,3825
Puno,2021-08-14,6.04,15.86,-2.57,42.53,0.0,1.81,62.37,-15.84,-70.02,3825
Puno,2021-08-15,6.09,15.62,-1.51,40.46,0.0,1.99,62.29,-15.84,-70.02,3825
Puno,2021-08-16,5.56,14.3,-3.09,36.95,0.0,1.87,62.32,-15.84,-70.02,3825
Puno,2021-08-17,7.28,14.99,1.47,48.81,0.0,2.22,62.4,-15.84,-70.02,3825
Puno,2021-08-18,7.25,14.21,2.89,60.12,0.0,2.25,62.48,-15.84,-70.02,3825
Puno,2021-08-19,7.42,15.69,0.38,48.65,0.0,1.43,62.32,-15.84,-70.02,3825
Puno,2021-08-20,6.09,14.86,-2.37,35.76,0.0,2.54,62.22,-15.84,-70.02,3825
Puno,2021-08-21,7.07,13.31,2.35,70.75,0.0,2.5,62.26,-15.84,-70.02,3825
Puno,2021-08-22,8.51,15.61,2.57,55.32,0.0,1.98,62.22,-15.84,-70.02,3825
Puno,2021-08-23,8.19,16.52,0.59,36.55,0.0,1.32,62.09,-15.84,-70.02,3825
Puno,2021-08-24,7.03,16.33,-1.29,36.6,0.09,3.13,61.99,-15.84,-70.02,3825
Puno,2021-08-25,5.92,16.7,-2.71,37.05,0.01,4.84,62.03,-15.84,-70.02,3825
Puno,2021-08-26,6.3,17.36,-2.49,40.08,0.02,3.75,62.07,-15.84,-70.02,3825
Puno,2021-08-27,6.58,16.86,-1.56,38.17,0.0,4.37,62.12,-15.84,-70.02,3825
Puno,2021-08-28,6.18,16.01,-2.77,45.75,0.0,2.39,62.29,-15.84,-70.02,3825
Puno,2021-08-29,7.02,14.21,1.33,66.48,0.0,1.93,62.41,-15.84,-70.02,3825
Puno,2021-08-30,7.17,14.04,1.92,64.53,0.0,2.48,62.38,-15.84,-70.02,3825
Puno,2021-08-31,7.36,14.21,2.9,68.31,0.0,2.76,62.38,-15.84,-70.02,3825
Puno,2021-09-01,8.42,15.77,3.3,63.18,0.0,2.54,62.4,-15.84,-70.02,3825
Puno,2021-09-02,9.66,16.75,4.46,57.83,0.0,2.45,62.35,-15.84,-70.02,3825
Puno,2021-09-03,9.49,15.76,5.17,63.43,0.05,2.37,62.37,-15.84,-70.02,3825
Puno,2021-09-04,9.72,16.46,3.78,60.58,0.03,3.07,62.33,-15.84,-70.02,3825
Puno,2021-09-05,9.09,15.04,4.71,64.83,0.03,3.44,62.37,-15.84,-70.02,3825
Puno,2021-09-06,8.9,15.53,3.75,61.46,0.01,2.68,62.33,-15.84,-70.02,3825
Puno,2021-09-07,8.71,15.98,3.76,57.3,0.07,2.1,62.23,-15.84,-70.02,3825
Puno,2021-09-08,9.1,17.25,0.62,50.0,0.01,2.83,62.17,-15.84,-70.02,3825
Puno,2021-09-09,8.84,16.61,1.82,53.49,0.15,2.63,62.22,-15.84,-70.02,3825
Puno,2021-09-10,9.45,18.04,2.4,40.89,0.01,1.74,62.21,-15.84,-70.02,3825
Puno,2021-09-11,9.3,16.11,3.97,54.83,0.0,2.72,62.33,-15.84,-70.02,3825
Puno,2021-09-12,10.88,17.82,4.86,48.86,0.0,1.75,62.31,-15.84,-70.02,3825
Puno,2021-09-13,10.45,19.02,2.19,44.21,0.01,2.01,62.25,-15.84,-70.02,3825
Puno,2021-09-14,10.16,19.0,1.71,50.69,0.0,2.28,62.22,-15.84,-70.02,3825
Puno,2021-09-15,10.04,16.53,4.59,49.92,0.0,2.82,62.3,-15.84,-70.02,3825
Puno,2021-09-16,8.04,14.27,2.58,70.43,3.8,3.93,62.48,-15.84,-70.02,3825
Puno,2021-09-17,8.63,14.98,4.75,67.28,3.1,3.38,62.48,-15.84,-70.02,3825
Puno,2021-09-18,8.89,15.79,4.56,64.92,0.0,3.77,62.36,-15.84,-70.02,3825
Puno,2021-09-19,7.99,15.6,2.33,64.94,0.27,2.8,62.25,-15.84,-70.02,3825
Puno,2021-09-20,7.01,13.93,1.97,69.2,2.36,3.33,62.29,-15.84,-70.02,3825
Puno,2021-09-21,6.09,10.26,3.03,73.59,5.95,1.99,62.45,-15.84,-70.02,3825
Puno,2021-09-22,6.16,12.46,1.3,69.84,7.41,1.8,62.4,-15.84,-70.02,3825
Puno,2021-09-23,6.46,11.51,3.09,73.55,4.78,4.04,62.42,-15.84,-70.02,3825
Puno,2021-09-24,7.57,13.98,3.04,66.53,0.03,3.02,62.5,-15.84,-70.02,3825
Puno,2021-09-25,8.21,14.69,3.15,65.52,0.0,3.05,62.53,-15.84,-70.02,3825
Puno,2021-09-26,9.57,16.58,4.72,61.98,0.0,2.44,62.46,-15.84,-70.02,3825
Puno,2021-09-27,10.13,17.64,3.87,54.64,0.0,2.77,62.46,-15.84,-70.02,3825
Puno,2021-09-28,9.57,16.27,4.06,59.3,0.0,2.98,62.41,-15.84,-70.02,3825
Puno,2021-09-29,9.37,16.24,5.14,61.98,0.0,3.96,62.39,-15.84,-70.02,3825
Puno,2021-09-30,7.62,12.1,2.59,65.91,0.0,2.11,62.36,-15.84,-70.02,3825
Puno,2021-10-01,10.06,16.39,5.1,58.6,0.01,2.48,62.25,-15.84,-70.02,3825
Puno,2021-10-02,10.87,19.05,4.54,47.39,0.0,1.62,62.12,-15.84,-70.02,3825
Puno,2021-10-03,10.45,16.77,5.09,58.14,0.02,3.19,62.12,-15.84,-70.02,3825
Puno,2021-10-04,10.18,17.23,4.92,64.93,5.1,3.8,62.17,-15.84,-70.02,3825
Puno,2021-10-05,7.23,13.74,3.16,72.24,18.95,2.32,62.24,-15.84,-70.02,3825
Puno,2021-10-06,7.32,12.9,3.87,73.89,31.81,2.07,62.26,-15.84,-70.02,3825
Puno,2021-10-07,7.02,12.87,2.01,71.36,13.98,2.38,62.27,-15.84,-70.02,3825
Puno,2021-10-08,8.24,14.34,1.94,66.69,8.84,2.63,62.24,-15.84,-70.02,3825
Puno,2021-10-09,9.3,15.05,4.82,70.23,0.05,2.45,62.28,-15.84,-70.02,3825
Puno,2021-10-10,10.64,18.6,2.64,58.57,2.82,2.35,62.29,-15.84,-70.02,3825
Puno,2021-10-11,10.03,15.93,5.07,65.64,2.17,2.87,62.36,-15.84,-70.02,3825
Puno,2021-10-12,9.96,17.04,4.79,65.3,0.0,2.08,62.38,-15.84,-70.02,3825
Puno,2021-10-13,11.08,19.44,4.39,41.68,0.0,2.35,62.32,-15.84,-70.02,3825
Puno,2021-10-14,10.36,19.84,2.24,40.08,0.0,2.66,62.17,-15.84,-70.02,3825
Puno,2021-10-15,9.72,18.49,0.2,37.18,0.0,1.93,62.23,-15.84,-70.02,3825
Puno,2021-10-16,9.87,19.67,1.69,38.24,0.0,2.79,62.25,-15.84,-70.02,3825
Puno,2021-10-17,10.32,18.66,3.12,44.15,0.0,1.35,62.3,-15.84,-70.02,3825
Puno,2021-10-18,9.44,17.38,1.12,43.93,0.0,1.88,62.29,-15.84,-70.02,3825
Puno,2021-10-19,9.45,14.36,6.0,65.65,0.0,2.95,62.3,-15.84,-70.02,3825
Puno,2021-10-20,10.6,19.65,0.87,37.99,0.0,1.21,62.33,-15.84,-70.02,3825
Puno,2021-10-21,10.84,17.51,5.0,50.9,0.0,2.36,62.33,-15.84,-70.02,3825
Puno,2021-10-22,11.35,19.03,5.87,52.15,0.0,2.52,62.25,-15.84,-70.02,3825
Puno,2021-10-23,10.62,20.15,1.63,31.55,0.0,3.17,62.23,-15.84,-70.02,3825
Puno,2021-10-24,9.67,19.34,0.6,33.16,0.02,3.1,62.22,-15.84,-70.02,3825
Puno,2021-10-25,8.87,17.8,2.03,31.9,0.0,1.87,62.24,-15.84,-70.02,3825
Puno,2021-10-26,8.99,17.75,2.57,47.59,0.0,1.75,62.27,-15.84,-70.02,3825
Puno,2021-10-27,9.33,16.61,3.67,50.52,0.0,2.91,62.36,-15.84,-70.02,3825
Puno,2021-10-28,9.46,15.67,4.34,63.33,2.67,3.75,62.47,-15.84,-70.02,3825
Puno,2021-10-29,9.39,15.0,4.51,63.53,1.31,3.53,62.42,-15.84,-70.02,3825
Puno,2021-10-30,10.36,16.49,5.61,60.01,5.72,2.41,62.27,-15.84,-70.02,3825
Puno,2021-10-31,9.83,15.03,5.45,62.32,1.13,2.56,62.35,-15.84,-70.02,3825
Puno,2021-11-01,10.64,17.16,5.75,57.56,0.01,2.78,62.31,-15.84,-70.02,3825
Puno,2021-11-02,10.88,18.12,6.09,51.59,0.8,1.95,62.22,-15.84,-70.02,3825
Puno,2021-11-03,9.3,17.76,2.14,48.24,0.04,3.0,62.17,-15.84,-70.02,3825
Puno,2021-11-04,9.5,16.1,5.23,59.17,0.48,2.09,62.11,-15.84,-70.02,3825
Puno,2021-11-05,10.78,19.19,3.35,39.26,0.11,1.45,62.09,-15.84,-70.02,3825
Puno,2021-11-06,10.32,19.26,2.14,39.44,0.0,1.81,62.17,-15.84,-70.02,3825
Puno,2021-11-07,9.27,14.14,3.32,52.46,0.53,2.35,62.22,-15.84,-70.02,3825
Puno,2021-11-08,11.09,17.66,5.92,46.51,0.15,1.77,62.16,-15.84,-70.02,3825
Puno,2021-11-09,9.58,15.44,4.76,57.04,2.24,2.08,62.19,-15.84,-70.02,3825
Puno,2021-11-10,9.21,16.54,1.34,57.6,3.91,3.01,62.11,-15.84,-70.02,3825
Puno,2021-11-11,9.94,16.14,5.67,64.43,6.99,2.23,62.2,-15.84,-70.02,3825
Puno,2021-11-12,8.31,13.49,2.28,63.76,1.02,2.43,62.29,-15.84,-70.02,3825
Puno,2021-11-13,10.68,17.67,5.28,56.58,0.12,2.26,62.14,-15.84,-70.02,3825
Puno,2021-11-14,9.98,17.58,4.52,48.57,0.0,2.76,62.13,-15.84,-70.02,3825
Puno,2021-11-15,10.5,17.67,6.06,55.87,4.82,1.75,62.12,-15.84,-70.02,3825
Puno,2021-11-16,11.44,17.87,6.62,46.65,0.11,1.48,62.11,-15.84,-70.02,3825
Puno,2021-11-17,10.89,18.7,5.71,49.49,0.57,1.86,62.09,-15.84,-70.02,3825
Puno,2021-11-18,10.35,18.08,2.62,40.87,0.05,1.68,62.01,-15.84,-70.02,3825
Puno,2021-11-19,10.53,18.26,4.33,51.65,0.06,2.47,62.08,-15.84,-70.02,3825
Puno,2021-11-20,8.45,15.37,3.45,70.51,1.2,3.45,62.2,-15.84,-70.02,3825
Puno,2021-11-21,9.6,16.72,2.86,65.63,0.43,2.51,62.23,-15.84,-70.02,3825
Puno,2021-11-22,10.85,17.31,4.79,61.89,0.0,2.91,62.18,-15.84,-70.02,3825
Puno,2021-11-23,9.79,14.47,5.8,63.95,0.0,4.1,62.32,-15.84,-70.02,3825
Puno,2021-11-24,8.57,14.41,4.28,69.69,0.13,3.37,62.3,-15.84,-70.02,3825
Puno,2021-11-25,10.12,15.45,5.96,69.5,12.87,2.99,62.26,-15.84,-70.02,3825
Puno,2021-11-26,9.05,13.23,6.41,72.63,1.43,3.84,62.26,-15.84,-70.02,3825
Puno,2021-11-27,10.15,16.3,5.25,63.42,0.6,3.98,62.18,-15.84,-70.02,3825
Puno,2021-11-28,9.07,14.49,4.47,69.99,6.86,2.99,62.07,-15.84,-70.02,3825
Puno,2021-11-29,9.88,15.64,5.17,63.87,3.08,2.18,62.08,-15.84,-70.02,3825
Puno,2021-11-30,10.48,16.42,5.77,62.61,0.13,1.97,62.11,-15.84,-70.02,3825
Puno,2021-12-01,11.52,18.48,5.74,61.05,0.0,2.69,62.12,-15.84,-70.02,3825
Puno,2021-12-02,9.19,13.91,4.8,73.41,30.13,3.47,62.19,-15.84,-70.02,3825
Puno,2021-12-03,7.49,14.5,2.08,74.55,4.19,1.75,62.11,-15.84,-70.02,3825
Puno,2021-12-04,8.31,14.34,2.57,73.03,1.9,2.77,62.23,-15.84,-70.02,3825
Puno,2021-12-05,9.22,13.6,6.05,74.15,4.59,3.51,62.29,-15.84,-70.02,3825
Puno,2021-12-06,8.46,13.24,5.35,76.6,5.54,4.68,62.32,-15.84,-70.02,3825
Puno,2021-12-07,9.7,15.89,4.43,70.05,1.13,2.33,62.3,-15.84,-70.02,3825
Puno,2021-12-08,8.15,14.79,3.11,74.15,0.63,2.63,62.26,-15.84,-70.02,3825
Puno,2021-12-09,8.67,13.93,3.95,77.2,3.07,3.68,62.23,-15.84,-70.02,3825
Puno,2021-12-10,7.65,14.03,2.22,77.93,9.87,2.85,62.1,-15.84,-70.02,3825
Puno,2021-12-11,9.46,19.03,2.06,59.4,1.46,3.18,61.96,-15.84,-70.02,3825
Puno,2021-12-12,8.79,19.25,-0.31,42.8,0.11,3.77,61.91,-15.84,-70.02,3825
Puno,2021-12-13,8.93,17.86,0.1,47.47,0.16,3.21,62.05,-15.84,-70.02,3825
Puno,2021-12-14,9.83,18.08,1.27,49.02,2.64,2.11,62.11,-15.84,-70.02,3825
Puno,2021-12-15,9.74,16.71,3.7,58.63,0.15,2.1,62.11,-15.84,-70.02,3825
Puno,2021-12-16,7.61,14.7,2.62,69.81,3.56,2.15,62.18,-15.84,-70.02,3825
Puno,2021-12-17,9.26,14.67,4.12,59.98,2.41,1.25,62.2,-15.84,-70.02,3825
Puno,2021-12-18,9.24,14.74,4.92,69.62,3.46,2.24,62.25,-15.84,-70.02,3825
Puno,2021-12-19,9.53,17.84,3.02,65.42,1.01,2.34,62.16,-15.84,-70.02,3825
Puno,2021-12-20,8.65,15.42,2.55,69.4,1.62,2.64,62.12,-15.84,-70.02,3825
Puno,2021-12-21,8.61,16.45,3.42,71.14,7.97,2.13,62.0,-15.84,-70.02,3825
Puno,2021-12-22,8.74,15.09,4.15,65.33,2.33,2.47,62.03,-15.84,-70.02,3825
Puno,2021-12-23,9.61,15.01,2.34,51.63,0.33,2.34,62.13,-15.84,-70.02,3825
Puno,2021-12-24,9.68,17.17,2.42,64.4,1.53,2.21,62.1,-15.84,-70.02,3825
Puno,2021-12-25,8.86,17.15,2.84,67.77,0.06,2.98,62.18,-15.84,-70.02,3825
Puno,2021-12-26,8.31,14.18,2.22,66.11,3.33,2.13,62.28,-15.84,-70.02,3825
Puno,2021-12-27,10.55,17.68,3.17,53.94,0.76,1.75,62.24,-15.84,-70.02,3825
Puno,2021-12-28,9.94,15.65,5.68,66.46,0.21,3.55,62.23,-15.84,-70.02,3825
Puno,2021-12-29,9.97,16.15,3.79,64.98,1.13,3.71,62.31,-15.84,-70.02,3825
Puno,2021-12-30,10.52,15.85,6.47,64.65,1.22,3.42,62.3,-15.84,-70.02,3825
Puno,2021-12-31,10.42,17.31,4.18,54.52,0.05,3.6,62.33,-15.84,-70.02,3825
Puno,2022-01-01,11.41,17.94,5.26,40.29,0.0,2.65,62.3,-15.84,-70.02,3825
Puno,2022-01-02,12.03,18.77,6.5,47.04,3.04,1.41,62.29,-15.84,-70.02,3825
Puno,2022-01-03,11.73,17.57,6.19,49.13,1.16,1.98,62.24,-15.84,-70.02,3825
Puno,2022-01-04,10.78,18.47,2.1,49.55,0.31,2.09,62.08,-15.84,-70.02,3825
Puno,2022-01-05,9.69,14.57,6.27,67.27,0.19,3.78,62.05,-15.84,-70.02,3825
Puno,2022-01-06,8.91,14.21,5.07,74.13,1.07,3.87,62.15,-15.84,-70.02,3825
Puno,2022-01-07,9.36,16.07,3.98,66.39,0.1,2.13,62.17,-15.84,-70.02,3825
Puno,2022-01-08,9.53,16.26,3.31,64.8,3.57,3.28,62.18,-15.84,-70.02,3825
Puno,2022-01-09,9.19,15.94,3.25,65.55,2.42,3.45,62.15,-15.84,-70.02,3825
Puno,2022-01-10,7.81,14.24,2.75,75.62,6.31,2.57,62.19,-15.84,-70.02,3825
Puno,2022-01-11,7.1,11.32,4.56,79.91,2.97,2.88,62.23,-15.84,-70.02,3825
Puno,2022-01-12,8.58,13.42,4.79,73.07,1.33,3.6,62.29,-15.84,-70.02,3825
Puno,2022-01-13,8.39,13.64,4.53,71.19,0.2,3.92,62.23,-15.84,-70.02,3825
Puno,2022-01-14,7.63,12.84,3.4,68.78,0.51,3.69,62.28,-15.84,-70.02,3825
Puno,2022-01-15,8.48,14.25,4.24,69.02,0.66,2.47,62.29,-15.84,-70.02,3825
Puno,2022-01-16,8.77,14.75,4.18,68.73,2.87,1.85,62.24,-15.84,-70.02,3825
Puno,2022-01-17,9.68,16.28,4.57,66.08,3.31,2.14,62.14,-15.84,-70.02,3825
Puno,2022-01-18,7.07,12.69,2.24,71.93,0.23,2.03,62.2,-15.84,-70.02,3825
Puno,2022-01-19,9.33,15.03,4.47,71.41,5.69,3.71,62.28,-15.84,-70.02,3825
Puno,2022-01-20,9.55,16.01,4.06,67.98,3.34,3.94,62.27,-15.84,-70.02,3825
Puno,2022-01-21,9.69,15.22,4.97,70.72,2.66,3.71,62.17,-15.84,-70.02,3825
Puno,2022-01-22,9.22,16.0,3.79,71.31,1.57,3.4,62.1,-15.84,-70.02,3825
Puno,2022-01-23,8.5,15.58,3.26,71.86,3.44,3.06,62.12,-15.84,-70.02,3825
Puno,2022-01-24,7.72,13.65,3.14,76.51,3.61,4.21,62.14,-15.84,-70.02,3825
Puno,2022-01-25,8.78,14.46,4.43,71.86,1.21,4.11,62.2,-15.84,-70.02,3825
Puno,2022-01-26,9.89,16.21,4.5,65.1,1.94,2.51,62.19,-15.84,-70.02,3825
Puno,2022-01-27,9.27,14.29,4.51,69.2,1.16,3.15,62.18,-15.84,-70.02,3825
Puno,2022-01-28,9.86,15.67,6.19,70.88,9.06,2.66,62.11,-15.84,-70.02,3825
Puno,2022-01-29,9.46,16.15,3.74,72.36,3.06,2.14,62.02,-15.84,-70.02,3825
Puno,2022-01-30,9.22,15.29,3.17,71.86,5.63,2.88,62.03,-15.84,-70.02,3825
Puno,2022-01-31,8.73,16.05,2.55,73.81,6.66,2.34,61.96,-15.84,-70.02,3825
Puno,2022-02-01,7.56,14.55,2.28,75.35,6.57,3.26,62.04,-15.84,-70.02,3825
Puno,2022-02-02,8.8,15.39,4.16,73.91,8.09,2.57,62.08,-15.84,-70.02,3825
Puno,2022-02-03,8.65,14.76,3.57,72.64,6.0,2.3,62.12,-15.84,-70.02,3825
Puno,2022-02-04,8.49,16.21,2.9,65.96,0.2,2.34,62.15,-15.84,-70.02,3825
Puno,2022-02-05,10.11,18.7,1.6,47.44,0.01,1.7,62.1,-15.84,-70.02,3825
Puno,2022-02-06,7.62,13.2,3.25,78.2,5.83,3.36,62.21,-15.84,-70.02,3825
Puno,2022-02-07,9.04,15.67,3.14,69.63,0.53,2.32,62.26,-15.84,-70.02,3825
Puno,2022-02-08,9.57,15.26,5.35,69.07,5.21,2.83,62.21,-15.84,-70.02,3825
Puno,2022-02-09,8.8,14.94,3.44,72.29,7.58,2.33,62.1,-15.84,-70.02,3825
Puno,2022-02-10,9.29,18.75,1.88,55.98,0.63,1.36,61.98,-15.84,-70.02,3825
Puno,2022-02-11,9.73,17.76,1.72,56.88,0.71,2.28,61.99,-15.84,-70.02,3825
Puno,2022-02-12,8.68,13.98,5.06,67.1,0.38,3.44,62.13,-15.84,-70.02,3825
Puno,2022-02-13,8.87,14.79,4.18,69.74,0.04,4.42,62.19,-15.84,-70.02,3825
Puno,2022-02-14,8.82,13.83,4.57,72.71,0.28,2.98,62.19,-15.84,-70.02,3825
Puno,2022-02-15,9.44,15.98,5.29,71.36,0.81,4.35,62.27,-15.84,-70.02,3825
Puno,2022-02-16,8.73,14.32,5.09,76.27,4.26,4.4,62.36,-15.84,-70.02,3825
Puno,2022-02-17,8.4,12.95,4.8,78.97,6.52,3.86,62.32,-15.84,-70.02,3825
Puno,2022-02-18,9.53,15.53,5.74,71.59,0.66,2.84,62.17,-15.84,-70.02,3825
Puno,2022-02-19,9.63,16.2,3.67,68.84,2.91,2.41,62.1,-15.84,-70.02,3825
Puno,2022-02-20,8.7,15.68,2.55,69.59,2.72,2.94,62.1,-15.84,-70.02,3825
Puno,2022-02-21,9.28,15.6,3.96,64.78,0.72,3.26,62.17,-15.84,-70.02,3825
Puno,2022-02-22,9.56,15.3,4.72,68.12,0.87,3.85,62.24,-15.84,-70.02,3825
Puno,2022-02-23,7.04,12.25,3.09,81.5,4.01,2.56,62.24,-15.84,-70.02,3825
Puno,2022-02-24,9.51,15.61,5.32,73.77,2.27,3.52,62.22,-15.84,-70.02,3825
Puno,2022-02-25,8.74,14.34,4.59,76.92,0.75,4.9,62.36,-15.84,-70.02,3825
Puno,2022-02-26,8.34,12.24,5.78,79.96,1.55,4.95,62.46,-15.84,-70.02,3825
Puno,2022-02-27,9.24,15.47,5.02,72.27,2.8,2.9,62.39,-15.84,-70.02,3825
Puno,2022-02-28,9.79,14.49,6.22,70.45,0.87,3.1,62.31,-15.84,-70.02,3825
Puno,2022-03-01,8.79,13.67,5.08,72.4,0.15,3.91,62.32,-15.84,-70.02,3825
Puno,2022-03-02,9.4,15.84,4.46,71.09,0.25,3.92,62.3,-15.84,-70.02,3825
Puno,2022-03-03,9.48,15.91,4.64,71.34,2.4,3.65,62.27,-15.84,-70.02,3825
Puno,2022-03-04,10.01,15.5,5.7,72.38,1.88,2.83,62.22,-15.84,-70.02,3825
Puno,2022-03-05,9.16,14.05,6.23,75.98,3.2,2.95,62.21,-15.84,-70.02,3825
Puno,2022-03-06,10.25,16.53,5.23,67.35,2.0,2.69,62.16,-15.84,-70.02,3825
Puno,2022-03-07,9.43,14.94,5.18,68.42,1.36,2.87,62.19,-15.84,-70.02,3825
Puno,2022-03-08,7.23,10.78,4.41,79.38,2.55,3.06,62.19,-15.84,-70.02,3825
Puno,2022-03-09,8.99,15.52,4.31,72.03,1.57,3.41,62.18,-15.84,-70.02,3825
Puno,2022-03-10,9.34,14.4,4.76,73.01,1.64,2.33,62.13,-15.84,-70.02,3825
Puno,2022-03-11,8.21,11.83,5.28,79.14,8.2,2.41,62.11,-15.84,-70.02,3825
Puno,2022-03-12,8.61,15.47,3.82,72.32,1.63,2.6,62.14,-15.84,-70.02,3825
Puno,2022-03-13,8.74,15.06,4.14,73.11,1.06,2.46,62.17,-15.84,-70.02,3825
Puno,2022-03-14,8.04,15.55,2.97,75.47,7.67,1.93,62.14,-15.84,-70.02,3825
Puno,2022-03-15,4.87,10.27,2.02,83.56,7.43,2.74,62.23,-15.84,-70.02,3825
Puno,2022-03-16,6.21,13.47,1.28,74.7,1.46,2.13,62.19,-15.84,-70.02,3825
Puno,2022-03-17,8.3,15.88,1.65,66.6,0.01,1.48,62.14,-15.84,-70.02,3825
Puno,2022-03-18,8.47,14.29,4.1,74.76,7.25,2.45,62.23,-15.84,-70.02,3825
Puno,2022-03-19,7.64,13.59,2.62,78.78,10.04,3.1,62.33,-15.84,-70.02,3825
Puno,2022-03-20,8.28,13.33,4.47,79.47,4.42,3.95,62.33,-15.84,-70.02,3825
Puno,2022-03-21,9.21,15.16,4.3,75.39,1.12,3.34,62.23,-15.84,-70.02,3825
Puno,2022-03-22,10.11,15.81,5.66,70.22,0.78,2.57,62.18,-15.84,-70.02,3825
Puno,2022-03-23,9.59,15.89,4.34,69.19,3.8,1.53,62.18,-15.84,-70.02,3825
Puno,2022-03-24,6.9,10.92,2.62,77.93,0.04,2.57,62.2,-15.84,-70.02,3825
Puno,2022-03-25,9.76,16.78,4.24,71.33,5.98,2.7,62.16,-15.84,-70.02,3825
Puno,2022-03-26,9.43,17.85,2.53,66.63,1.7,1.86,62.13,-15.84,-70.02,3825
Puno,2022-03-27,8.47,14.63,3.22,74.37,0.23,3.89,62.27,-15.84,-70.02,3825
Puno,2022-03-28,8.48,12.82,5.17,78.93,4.17,3.83,62.38,-15.84,-70.02,3825
Puno,2022-03-29,9.5,15.95,4.88,72.55,0.1,2.4,62.27,-15.84,-70.02,3825
Puno,2022-03-30,9.68,16.26,5.37,65.89,0.01,2.37,62.17,-15.84,-70.02,3825
Puno,2022-03-31,8.75,14.65,4.73,73.21,0.22,2.56,62.16,-15.84,-70.02,3825
Puno,2022-04-01,8.15,14.05,4.29,74.53,2.01,3.42,62.21,-15.84,-70.02,3825
Puno,2022-04-02,7.65,15.78,2.66,73.2,11.46,2.22,62.2,-15.84,-70.02,3825
Puno,2022-04-03,7.47,14.87,2.11,67.36,7.38,1.79,62.22,-15.84,-70.02,3825
Puno,2022-04-04,7.03,13.34,2.08,77.96,14.73,2.82,62.26,-15.84,-70.02,3825
Puno,2022-04-05,7.44,13.39,2.83,75.92,3.99,2.43,62.35,-15.84,-70.02,3825
Puno,2022-04-06,8.24,12.99,4.02,76.81,0.06,2.5,62.34,-15.84,-70.02,3825
Puno,2022-04-07,8.89,14.36,5.23,73.8,0.97,1.87,62.3,-15.84,-70.02,3825
Puno,2022-04-08,8.6,12.95,5.48,77.31,0.28,1.89,62.31,-15.84,-70.02,3825
Puno,2022-04-09,9.15,15.0,4.84,71.98,1.43,2.2,62.31,-15.84,-70.02,3825
Puno,2022-04-10,8.91,13.88,4.49,71.53,2.3,1.45,62.2,-15.84,-70.02,3825
Puno,2022-04-11,7.97,17.79,-0.23,46.3,0.04,2.61,62.12,-15.84,-70.02,3825
Puno,2022-04-12,6.78,18.12,-2.62,36.92,0.0,2.73,62.15,-15.84,-70.02,3825
Puno,2022-04-13,6.91,17.49,-2.57,33.79,0.0,1.44,62.2,-15.84,-70.02,3825
Puno,2022-04-14,7.87,18.5,-0.51,38.73,0.32,1.43,62.25,-15.84,-70.02,3825
Puno,2022-04-15,8.28,18.44,1.27,41.73,0.26,1.3,62.24,-15.84,-70.02,3825
Puno,2022-04-16,7.69,18.67,-1.65,35.03,0.0,1.81,62.23,-15.84,-70.02,3825
Puno,2022-04-17,8.08,18.12,-1.53,34.41,0.0,1.13,62.25,-15.84,-70.02,3825
Puno,2022-04-18,8.25,17.39,0.9,41.66,0.0,1.26,62.27,-15.84,-70.02,3825
Puno,2022-04-19,7.69,16.86,-0.98,43.52,0.0,1.8,62.26,-15.84,-70.02,3825
Puno,2022-04-20,9.11,15.54,3.14,59.53,0.0,1.75,62.31,-15.84,-70.02,3825
Puno,2022-04-21,9.62,15.72,4.37,59.11,0.0,1.65,62.33,-15.84,-70.02,3825
Puno,2022-04-22,9.62,18.59,1.64,48.47,0.0,1.25,62.18,-15.84,-70.02,3825
Puno,2022-04-23,8.21,16.14,0.15,52.3,0.0,2.17,62.16,-15.84,-70.02,3825
Puno,2022-04-24,10.88,17.73,6.31,55.07,0.0,1.02,62.21,-15.84,-70.02,3825
Puno,2022-04-25,9.13,13.67,6.23,68.84,0.0,2.05,62.33,-15.84,-70.02,3825
Puno,2022-04-26,9.27,16.13,4.05,63.07,0.0,1.85,62.35,-15.84,-70.02,3825
Puno,2022-04-27,9.44,17.01,2.81,42.02,0.0,2.22,62.29,-15.84,-70.02,3825
Puno,2022-04-28,8.78,14.93,3.66,68.32,0.0,2.97,62.36,-15.84,-70.02,3825
Puno,2022-04-29,7.69,13.52,3.31,75.64,0.0,2.94,62.45,-15.84,-70.02,3825
Puno,2022-04-30,6.35,9.96,2.51,77.19,0.0,1.9,62.38,-15.84,-70.02,3825
Puno,2022-05-01,8.68,16.11,1.43,59.5,0.0,1.77,62.23,-15.84,-70.02,3825
Puno,2022-05-02,8.36,17.44,0.94,50.59,0.0,1.61,62.23,-15.84,-70.02,3825
Puno,2022-05-03,8.37,17.52,0.04,59.04,0.09,2.31,62.25,-15.84,-70.02,3825
Puno,2022-05-04,8.67,16.96,1.47,55.89,0.02,0.98,62.31,-15.84,-70.02,3825
Puno,2022-05-05,6.89,16.07,-2.02,53.29,0.0,2.2,62.37,-15.84,-70.02,3825
Puno,2022-05-06,8.3,15.4,3.86,60.15,0.0,1.99,62.4,-15.84,-70.02,3825
Puno,2022-05-07,8.53,15.57,3.57,70.47,0.0,2.2,62.34,-15.84,-70.02,3825
Puno,2022-05-08,8.01,16.55,1.81,58.13,0.0,1.89,62.25,-15.84,-70.02,3825
Puno,2022-05-09,7.28,16.23,-1.9,51.11,0.0,2.01,62.24,-15.84,-70.02,3825
Puno,2022-05-10,7.57,14.03,1.36,52.32,0.0,1.17,62.28,-15.84,-70.02,3825
Puno,2022-05-11,6.44,14.16,-0.57,45.91,0.42,1.7,62.26,-15.84,-70.02,3825
Puno,2022-05-12,7.06,15.26,0.85,57.4,1.43,1.4,62.23,-15.84,-70.02,3825
Puno,2022-05-13,6.52,15.61,-0.43,47.02,0.0,1.82,62.21,-15.84,-70.02,3825
Puno,2022-05-14,6.52,16.49,-0.82,47.01,0.0,2.35,62.25,-15.84,-70.02,3825
Puno,2022-05-15,6.76,16.11,-1.33,43.18,0.0,1.7,62.32,-15.84,-70.02,3825
Puno,2022-05-16,6.82,16.48,-1.3,45.38,0.0,2.33,62.39,-15.84,-70.02,3825
Puno,2022-05-17,6.23,16.6,-1.9,38.91,0.0,2.61,62.42,-15.84,-70.02,3825
Puno,2022-05-18,7.09,16.82,-1.92,41.08,0.0,2.08,62.39,-15.84,-70.02,3825
Puno,2022-05-19,6.16,15.28,-1.26,48.7,0.0,3.41,62.36,-15.84,-70.02,3825
Puno,2022-05-20,5.7,14.39,-2.84,43.86,0.0,1.58,62.35,-15.84,-70.02,3825
Puno,2022-05-21,6.47,15.27,-1.61,43.61,0.0,1.81,62.38,-15.84,-70.02,3825
Puno,2022-05-22,4.53,14.24,-3.36,43.72,0.0,3.87,62.34,-15.84,-70.02,3825
Puno,2022-05-23,3.36,14.05,-4.94,34.84,0.0,1.74,62.24,-15.84,-70.02,3825
Puno,2022-05-24,4.56,13.22,-3.79,37.02,0.0,1.89,62.22,-15.84,-70.02,3825
Puno,2022-05-25,5.97,13.58,-0.25,48.41,0.08,1.49,62.3,-15.84,-70.02,3825
Puno,2022-05-26,6.05,13.8,0.02,48.87,0.09,1.73,62.35,-15.84,-70.02,3825
Puno,2022-05-27,5.53,14.35,-1.58,41.28,0.02,1.35,62.3,-15.84,-70.02,3825
Puno,2022-05-28,5.64,14.43,-1.63,41.61,0.0,1.78,62.19,-15.84,-70.02,3825
Puno,2022-05-29,5.69,14.87,-1.83,42.03,0.0,1.89,62.15,-15.84,-70.02,3825
Puno,2022-05-30,6.5,14.92,-1.41,48.51,0.03,2.2,62.12,-15.84,-70.02,3825
Puno,2022-05-31,6.23,13.48,-0.21,56.97,0.13,2.98,62.07,-15.84,-70.02,3825
Puno,2022-06-01,5.72,12.96,0.33,65.86,0.05,3.2,62.08,-15.84,-70.02,3825
Puno,2022-06-02,6.44,14.65,-0.91,59.23,0.0,2.4,62.17,-15.84,-70.02,3825
Puno,2022-06-03,5.82,13.37,-0.24,70.29,0.0,2.49,62.29,-15.84,-70.02,3825
Puno,2022-06-04,6.96,12.14,3.4,75.35,0.07,1.56,62.27,-15.84,-70.02,3825
Puno,2022-06-05,6.49,13.54,1.21,70.68,0.15,2.03,62.26,-15.84,-70.02,3825
Puno,2022-06-06,5.9,15.36,-1.27,61.21,0.03,2.37,62.14,-15.84,-70.02,3825
Puno,2022-06-07,5.16,14.99,-2.08,47.04,0.0,2.44,62.15,-15.84,-70.02,3825
Puno,2022-06-08,2.81,13.16,-4.29,37.74,0.0,3.24,62.16,-15.84,-70.02,3825
Puno,2022-06-09,3.14,12.59,-4.39,34.52,0.0,1.62,62.16,-15.84,-70.02,3825
Puno,2022-06-10,3.51,12.06,-2.61,39.01,0.0,1.84,62.23,-15.84,-70.02,3825
Puno,2022-06-11,3.32,13.1,-3.07,46.11,0.0,1.91,62.25,-15.84,-70.02,3825
Puno,2022-06-12,2.77,12.6,-3.97,31.89,0.0,2.01,62.21,-15.84,-70.02,3825
Puno,2022-06-13,3.07,12.11,-3.48,31.28,0.0,1.35,62.25,-15.84,-70.02,3825
Puno,2022-06-14,4.02,12.97,-3.76,30.7,0.0,1.6,62.18,-15.84,-70.02,3825
Puno,2022-06-15,4.66,13.36,-2.29,45.84,0.0,2.15,62.17,-15.84,-70.02,3825
Puno,2022-06-16,4.6,14.55,-2.29,47.52,0.0,3.38,62.19,-15.84,-70.02,3825
Puno,2022-06-17,3.25,12.97,-4.42,33.99,0.0,2.95,62.17,-15.84,-70.02,3825
Puno,2022-06-18,4.18,13.55,-1.96,39.96,0.0,2.67,62.21,-15.84,-70.02,3825
Puno,2022-06-19,3.65,13.18,-2.79,35.7,0.0,2.71,62.28,-15.84,-70.02,3825
Puno,2022-06-20,4.65,11.91,-1.17,49.02,0.0,2.13,62.25,-15.84,-70.02,3825
Puno,2022-06-21,4.56,12.79,-1.97,56.31,0.0,2.58,62.19,-15.84,-70.02,3825
Puno,2022-06-22,5.07,14.13,-1.99,54.29,0.0,2.06,62.14,-15.84,-70.02,3825
Puno,2022-06-23,4.84,12.81,-2.23,63.44,0.0,2.62,62.22,-15.84,-70.02,3825
Puno,2022-06-24,5.56,12.89,-0.36,66.16,0.0,2.34,62.36,-15.84,-70.02,3825
Puno,2022-06-25,4.82,11.19,0.01,73.84,0.0,3.25,62.47,-15.84,-70.02,3825
Puno,2022-06-26,4.88,12.49,-0.34,61.7,0.0,2.32,62.4,-15.84,-70.02,3825
Puno,2022-06-27,5.57,14.32,-1.95,49.69,0.0,2.02,62.35,-15.84,-70.02,3825
Puno,2022-06-28,5.8,15.73,-2.2,53.36,0.0,2.34,62.39,-15.84,-70.02,3825
Puno,2022-06-29,6.89,14.43,1.67,69.51,0.11,1.91,62.4,-15.84,-70.02,3825
Puno,2022-06-30,6.98,15.58,-1.22,57.84,0.0,2.14,62.31,-15.84,-70.02,3825
Puno,2022-07-01,6.96,15.21,-0.63,44.26,0.0,1.37,62.23,-15.84,-70.02,3825
Puno,2022-07-02,6.47,13.52,1.38,52.02,0.0,2.37,62.32,-15.84,-70.02,3825
Puno,2022-07-03,5.94,13.12,0.14,72.4,0.0,2.36,62.46,-15.84,-70.02,3825
Puno,2022-07-04,6.33,12.04,2.5,69.33,0.0,1.78,62.51,-15.84,-70.02,3825
Puno,2022-07-05,6.93,12.95,3.58,65.43,0.0,1.69,62.45,-15.84,-70.02,3825
Puno,2022-07-06,7.18,14.39,0.63,57.0,0.0,1.56,62.29,-15.84,-70.02,3825
Puno,2022-07-07,6.15,12.75,0.53,70.62,0.0,2.51,62.3,-15.84,-70.02,3825
Puno,2022-07-08,6.44,12.28,2.08,73.85,0.0,2.32,62.38,-15.84,-70.02,3825
Puno,2022-07-09,7.4,14.93,0.71,58.43,0.0,2.06,62.4,-15.84,-70.02,3825
Puno,2022-07-10,6.95,15.74,-0.13,62.71,0.0,2.92,62.31,-15.84,-70.02,3825
Puno,2022-07-11,6.15,15.63,0.29,48.86,0.0,3.57,62.22,-15.84,-70.02,3825
Puno,2022-07-12,7.04,14.79,1.09,51.06,0.01,1.89,62.24,-15.84,-70.02,3825
Puno,2022-07-13,6.63,15.82,-0.41,48.29,0.07,3.37,62.2,-15.84,-70.02,3825
Puno,2022-07-14,5.36,13.9,-0.96,38.51,0.0,4.58,62.21,-15.84,-70.02,3825
Puno,2022-07-15,5.06,15.08,-2.51,40.93,0.01,4.09,62.12,-15.84,-70.02,3825
Puno,2022-07-16,4.79,14.54,-4.55,37.11,0.0,2.07,62.18,-15.84,-70.02,3825
Puno,2022-07-17,6.83,15.22,-0.78,44.16,0.05,2.12,62.26,-15.84,-70.02,3825
Puno,2022-07-18,4.9,9.36,1.55,78.6,0.06,1.7,62.5,-15.84,-70.02,3825
Puno,2022-07-19,6.33,13.17,2.43,68.74,0.0,2.17,62.53,-15.84,-70.02,3825
Puno,2022-07-20,7.43,14.89,2.48,63.05,0.0,1.93,62.4,-15.84,-70.02,3825
Puno,2022-07-21,7.59,15.09,2.1,61.65,0.0,1.98,62.32,-15.84,-70.02,3825
Puno,2022-07-22,7.92,15.76,2.52,61.31,0.01,1.76,62.25,-15.84,-70.02,3825
Puno,2022-07-23,8.0,15.57,-0.16,43.62,0.0,1.28,62.24,-15.84,-70.02,3825
Puno,2022-07-24,7.21,14.96,-0.68,44.76,0.0,1.7,62.26,-15.84,-70.02,3825
Puno,2022-07-25,6.73,13.34,0.56,58.13,0.0,2.21,62.33,-15.84,-70.02,3825
Puno,2022-07-26,7.37,13.37,3.65,72.7,0.0,2.3,62.4,-15.84,-70.02,3825
Puno,2022-07-27,7.44,14.04,3.3,59.62,0.0,2.34,62.48,-15.84,-70.02,3825
Puno,2022-07-28,7.28,16.0,-1.0,54.32,0.0,2.26,62.4,-15.84,-70.02,3825
Puno,2022-07-29,6.73,14.22,1.18,62.73,0.02,2.13,62.4,-15.84,-70.02,3825
Puno,2022-07-30,8.11,17.61,-0.79,45.76,0.0,2.0,62.27,-15.84,-70.02,3825
Puno,2022-07-31,7.85,17.05,-0.81,34.33,0.0,1.95,62.24,-15.84,-70.02,3825
Puno,2022-08-01,8.37,15.61,1.67,42.0,0.0,1.54,62.2,-15.84,-70.02,3825
Puno,2022-08-02,7.79,16.33,1.45,42.17,0.16,1.48,62.14,-15.84,-70.02,3825
Puno,2022-08-03,6.06,14.74,-1.05,34.06,0.01,2.89,62.21,-15.84,-70.02,3825
Puno,2022-08-04,6.71,14.16,0.75,37.66,0.0,1.81,62.18,-15.84,-70.02,3825
Puno,2022-08-05,6.93,13.41,2.45,50.79,0.12,1.09,62.14,-15.84,-70.02,3825
Puno,2022-08-06,4.34,11.33,-0.44,48.96,0.02,3.34,62.18,-15.84,-70.02,3825
Puno,2022-08-07,5.24,13.98,-1.56,36.27,0.0,2.11,62.11,-15.84,-70.02,3825
Puno,2022-08-08,4.47,11.35,-1.7,39.29,0.07,2.8,62.17,-15.84,-70.02,3825
Puno,2022-08-09,5.59,15.32,-2.16,40.14,0.03,2.39,62.35,-15.84,-70.02,3825
Puno,2022-08-10,6.15,13.39,-0.02,59.99,0.04,1.78,62.44,-15.84,-70.02,3825
Puno,2022-08-11,6.19,14.05,-1.69,46.15,0.0,2.57,62.4,-15.84,-70.02,3825
Puno,2022-08-12,6.98,15.11,-0.3,42.25,0.0,1.78,62.38,-15.84,-70.02,3825
Puno,2022-08-13,7.61,16.68,-1.43,41.41,0.0,1.8,62.33,-15.84,-70.02,3825
Puno,2022-08-14,6.58,16.19,-1.75,39.86,0.0,1.56,62.33,-15.84,-70.02,3825
Puno,2022-08-15,6.6,16.67,-1.57,43.18,0.0,2.84,62.22,-15.84,-70.02,3825
Puno,2022-08-16,6.25,16.83,-2.9,36.13,0.0,2.75,62.11,-15.84,-70.02,3825
Puno,2022-08-17,4.58,15.78,-3.41,30.25,0.0,4.91,62.09,-15.84,-70.02,3825
Puno,2022-08-18,3.8,13.35,-4.97,37.81,0.02,2.8,62.24,-15.84,-70.02,3825
Puno,2022-08-19,7.07,15.8,1.57,54.12,0.04,1.07,62.29,-15.84,-70.02,3825
Puno,2022-08-20,6.25,15.68,-2.5,30.99,0.0,2.0,62.31,-15.84,-70.02,3825
Puno,2022-08-21,7.06,15.51,1.36,40.28,0.0,1.66,62.28,-15.84,-70.02,3825
Puno,2022-08-22,6.16,15.28,-1.19,40.79,0.0,1.4,62.23,-15.84,-70.02,3825
Puno,2022-08-23,5.75,14.84,-2.62,37.08,0.0,1.93,62.27,-15.84,-70.02,3825
Puno,2022-08-24,6.93,14.79,0.24,45.35,0.0,2.25,62.38,-15.84,-70.02,3825
Puno,2022-08-25,7.15,14.75,2.2,49.9,0.0,2.31,62.4,-15.84,-70.02,3825
Puno,2022-08-26,7.75,14.71,2.27,64.86,0.0,2.44,62.33,-15.84,-70.02,3825
Puno,2022-08-27,8.64,16.44,-0.26,37.76,0.0,1.79,62.28,-15.84,-70.02,3825
Puno,2022-08-28,6.41,11.6,3.38,70.57,0.0,3.59,62.43,-15.84,-70.02,3825
Puno,2022-08-29,7.06,13.02,2.96,68.55,0.0,2.97,62.44,-15.84,-70.02,3825
Puno,2022-08-30,8.53,16.1,2.91,60.96,0.0,2.26,62.36,-15.84,-70.02,3825
Puno,2022-08-31,9.16,16.11,2.4,51.28,0.02,1.95,62.27,-15.84,-70.02,3825
Puno,2022-09-01,8.42,17.51,0.4,38.87,0.0,2.62,62.16,-15.84,-70.02,3825
Puno,2022-09-02,8.31,15.58,2.22,43.3,0.06,2.16,62.24,-15.84,-70.02,3825
Puno,2022-09-03,8.42,15.89,3.32,46.35,0.02,1.54,62.25,-15.84,-70.02,3825
Puno,2022-09-04,7.57,16.71,0.33,41.03,0.0,2.52,62.25,-15.84,-70.02,3825
Puno,2022-09-05,6.52,17.44,-2.61,33.37,0.0,2.62,62.28,-15.84,-70.02,3825
Puno,2022-09-06,7.35,17.03,-2.04,27.54,0.0,1.51,62.37,-15.84,-70.02,3825
Puno,2022-09-07,7.32,16.97,-2.62,32.16,0.0,1.95,62.3,-15.84,-70.02,3825
Puno,2022-09-08,7.91,16.71,-1.15,45.09,0.0,2.8,62.18,-15.84,-70.02,3825
Puno,2022-09-09,9.05,16.91,1.32,56.66,0.0,3.46,62.25,-15.84,-70.02,3825
Puno,2022-09-10,6.79,11.73,4.06,75.79,0.0,3.15,62.44,-15.84,-70.02,3825
Puno,2022-09-11,8.86,18.12,1.8,43.57,0.0,1.87,62.35,-15.84,-70.02,3825
Puno,2022-09-12,8.19,18.73,-1.09,38.84,13.19,2.05,62.18,-15.84,-70.02,3825
Puno,2022-09-13,7.46,17.42,-0.32,42.97,15.61,2.23,62.12,-15.84,-70.02,3825
Puno,2022-09-14,7.11,14.59,-1.68,42.34,0.57,2.17,62.18,-15.84,-70.02,3825
Puno,2022-09-15,6.73,13.58,0.71,35.4,0.03,2.02,62.26,-15.84,-70.02,3825
Puno,2022-09-16,8.23,16.09,2.02,44.61,0.0,2.07,62.28,-15.84,-70.02,3825
Puno,2022-09-17,8.45,17.27,0.0,44.46,0.0,1.99,62.21,-15.84,-70.02,3825
Puno,2022-09-18,7.72,18.02,-0.75,38.11,0.0,2.8,62.22,-15.84,-70.02,3825
Puno,2022-09-19,8.01,17.8,-2.52,31.6,0.0,1.42,62.23,-15.84,-70.02,3825
Puno,2022-09-20,8.8,18.75,1.04,37.05,0.02,1.54,62.22,-15.84,-70.02,3825
Puno,2022-09-21,8.57,18.86,-1.15,28.32,0.0,1.58,62.22,-15.84,-70.02,3825
Puno,2022-09-22,8.53,16.1,0.61,50.53,0.45,2.82,62.26,-15.84,-70.02,3825
Puno,2022-09-23,8.74,16.73,2.43,40.14,0.06,2.19,62.22,-15.84,-70.02,3825
Puno,2022-09-24,7.68,17.0,-0.38,35.87,0.17,3.09,62.17,-15.84,-70.02,3825
Puno,2022-09-25,7.43,16.99,-0.9,27.47,0.0,3.14,62.13,-15.84,-70.02,3825
Puno,2022-09-26,8.26,17.91,-0.48,32.01,0.0,2.64,62.15,-15.84,-70.02,3825
Puno,2022-09-27,7.23,18.53,-1.52,28.14,0.0,3.59,62.21,-15.84,-70.02,3825
Puno,2022-09-28,6.73,18.16,-3.69,25.66,0.05,2.55,62.19,-15.84,-70.02,3825
Puno,2022-09-29,6.46,17.01,-1.97,24.68,0.05,3.76,62.12,-15.84,-70.02,3825
Puno,2022-09-30,6.42,14.94,-2.32,46.03,0.02,3.0,62.23,-15.84,-70.02,3825
Puno,2022-10-01,8.81,15.72,3.07,61.9,0.0,2.79,62.35,-15.84,-70.02,3825
Puno,2022-10-02,8.38,14.56,4.54,69.49,0.33,2.55,62.41,-15.84,-70.02,3825
Puno,2022-10-03,9.42,16.31,2.99,49.04,0.41,1.53,62.32,-15.84,-70.02,3825
Puno,2022-10-04,9.45,17.02,2.81,42.5,0.07,1.06,62.17,-15.84,-70.02,3825
Puno,2022-10-05,7.7,16.99,-0.33,35.46,0.0,4.45,62.13,-15.84,-70.02,3825
Puno,2022-10-06,6.74,15.99,-1.92,26.92,0.0,1.7,62.2,-15.84,-70.02,3825
Puno,2022-10-07,8.23,15.95,0.55,45.92,0.14,2.22,62.22,-15.84,-70.02,3825
Puno,2022-10-08,9.83,17.59,3.42,47.96,0.04,1.67,62.11,-15.84,-70.02,3825
Puno,2022-10-09,8.74,18.14,1.61,37.67,0.0,1.69,62.13,-15.84,-70.02,3825
Puno,2022-10-10,7.76,18.81,-2.01,26.76,0.0,3.16,62.22,-15.84,-70.02,3825
Puno,2022-10-11,6.98,18.05,-2.43,25.16,0.0,3.7,62.24,-15.84,-70.02,3825
Puno,2022-10-12,5.83,17.49,-3.88,28.94,0.01,3.53,62.12,-15.84,-70.02,3825
Puno,2022-10-13,6.11,17.31,-4.31,30.37,0.05,2.82,62.05,-15.84,-70.02,3825
Puno,2022-10-14,6.48,12.09,2.27,69.76,0.08,2.65,62.25,-15.84,-70.02,3825
Puno,2022-10-15,9.32,16.53,3.19,58.77,0.0,2.92,62.34,-15.84,-70.02,3825
Puno,2022-10-16,8.97,15.9,4.55,64.66,0.37,2.15,62.27,-15.84,-70.02,3825
Puno,2022-10-17,9.1,18.48,0.8,47.38,0.02,1.7,62.16,-15.84,-70.02,3825
Puno,2022-10-18,9.37,18.37,-0.25,40.47,0.0,2.06,62.2,-15.84,-70.02,3825
Puno,2022-10-19,9.83,19.66,1.98,34.1,0.0,2.23,62.25,-15.84,-70.02,3825
Puno,2022-10-20,8.15,19.26,-2.32,25.83,0.0,2.71,62.16,-15.84,-70.02,3825
Puno,2022-10-21,8.7,19.01,-0.76,29.54,0.0,2.17,62.11,-15.84,-70.02,3825
Puno,2022-10-22,8.81,19.6,-1.41,25.63,0.0,2.54,62.16,-15.84,-70.02,3825
Puno,2022-10-23,9.56,17.72,0.68,43.08,0.0,2.11,62.28,-15.84,-70.02,3825
Puno,2022-10-24,10.61,16.49,5.89,58.46,0.0,2.82,62.31,-15.84,-70.02,3825
Puno,2022-10-25,11.48,18.59,5.83,50.22,0.0,1.82,62.22,-15.84,-70.02,3825
Puno,2022-10-26,11.16,19.68,3.4,38.65,0.0,1.63,62.16,-15.84,-70.02,3825
Puno,2022-10-27,10.31,19.0,1.95,31.26,0.03,1.58,62.17,-15.84,-70.02,3825
Puno,2022-10-28,10.13,20.05,1.42,28.6,0.12,3.59,62.17,-15.84,-70.02,3825
Puno,2022-10-29,9.31,19.4,-0.05,26.9,0.0,2.04,62.09,-15.84,-70.02,3825
Puno,2022-10-30,9.12,20.18,0.29,28.97,0.0,3.74,62.02,-15.84,-70.02,3825
Puno,2022-10-31,8.64,17.87,-1.45,31.57,0.37,2.86,62.16,-15.84,-70.02,3825
Puno,2022-11-01,10.76,18.96,3.12,38.87,0.02,1.97,62.24,-15.84,-70.02,3825
Puno,2022-11-02,10.83,19.0,3.85,49.8,0.0,2.66,62.38,-15.84,-70.02,3825
Puno,2022-11-03,11.24,19.46,5.77,42.81,0.0,2.13,62.31,-15.84,-70.02,3825
Puno,2022-11-04,11.39,19.46,4.69,41.21,0.0,2.11,62.2,-15.84,-70.02,3825
Puno,2022-11-05,11.15,19.63,3.04,29.84,0.0,1.76,62.11,-15.84,-70.02,3825
Puno,2022-11-06,10.0,17.24,2.66,43.57,0.0,3.11,62.17,-15.84,-70.02,3825
Puno,2022-11-07,11.04,19.23,4.51,45.7,0.0,1.55,62.2,-15.84,-70.02,3825
Puno,2022-11-08,10.47,18.74,3.38,37.74,0.0,1.5,62.21,-15.84,-70.02,3825
Puno,2022-11-09,9.38,19.08,0.69,32.04,0.1,3.04,62.16,-15.84,-70.02,3825
Puno,2022-11-10,8.75,18.8,-0.75,27.94,0.0,2.32,62.12,-15.84,-70.02,3825
Puno,2022-11-11,9.01,19.28,-0.63,29.03,0.0,2.58,62.13,-15.84,-70.02,3825
Puno,2022-11-12,8.33,19.76,-1.35,24.46,0.0,4.69,62.11,-15.84,-70.02,3825
Puno,2022-11-13,9.1,20.18,-2.77,22.91,0.0,2.65,62.08,-15.84,-70.02,3825
Puno,2022-11-14,10.15,18.02,0.83,37.18,0.05,3.76,62.21,-15.84,-70.02,3825
Puno,2022-11-15,11.35,18.03,5.79,59.69,0.05,4.07,62.36,-15.84,-70.02,3825
Puno,2022-11-16,10.61,17.6,4.68,56.12,0.0,4.21,62.5,-15.84,-70.02,3825
Puno,2022-11-17,9.68,17.89,2.39,51.67,0.0,3.73,62.45,-15.84,-70.02,3825
Puno,2022-11-18,10.39,18.33,3.89,44.48,0.0,3.26,62.36,-15.84,-70.02,3825
Puno,2022-11-19,11.49,19.29,4.07,46.13,0.46,2.24,62.23,-15.84,-70.02,3825
Puno,2022-11-20,12.57,21.55,3.99,32.88,0.03,1.77,62.07,-15.84,-70.02,3825
Puno,2022-11-21,12.13,21.23,2.62,32.34,0.16,2.36,62.02,-15.84,-70.02,3825
Puno,2022-11-22,8.56,13.97,5.45,67.73,3.04,3.22,62.15,-15.84,-70.02,3825
Puno,2022-11-23,9.0,15.36,4.15,60.37,0.21,4.0,62.16,-15.84,-70.02,3825
Puno,2022-11-24,8.66,15.09,3.98,57.14,0.0,4.93,62.29,-15.84,-70.02,3825
Puno,2022-11-25,7.8,13.11,2.53,59.33,0.02,4.31,62.38,-15.84,-70.02,3825
Puno,2022-11-26,9.01,15.55,2.67,59.56,0.0,3.68,62.39,-15.84,-70.02,3825
Puno,2022-11-27,8.91,14.72,3.07,55.51,0.0,3.68,62.37,-15.84,-70.02,3825
Puno,2022-11-28,9.71,15.39,4.79,54.6,0.0,2.04,62.16,-15.84,-70.02,3825
Puno,2022-11-29,9.95,19.22,1.04,40.47,0.0,2.06,61.94,-15.84,-70.02,3825
Puno,2022-11-30,8.56,19.68,-1.43,36.33,0.0,3.56,61.85,-15.84,-70.02,3825
Puno,2022-12-01,7.48,18.09,-2.71,26.21,0.18,3.43,61.85,-15.84,-70.02,3825
Puno,2022-12-02,7.75,19.53,-3.09,27.97,0.2,2.95,61.93,-15.84,-70.02,3825
Puno,2022-12-03,8.14,18.49,-0.06,27.06,0.0,1.4,62.01,-15.84,-70.02,3825
Puno,2022-12-04,8.5,17.04,-2.11,39.11,0.13,2.78,62.02,-15.84,-70.02,3825
Puno,2022-12-05,8.13,13.64,4.82,67.37,0.17,4.34,62.09,-15.84,-70.02,3825
Puno,2022-12-06,8.1,14.32,3.56,61.58,4.28,3.34,62.21,-15.84,-70.02,3825
Puno,2022-12-07,8.1,14.48,3.24,70.87,1.6,2.77,62.23,-15.84,-70.02,3825
Puno,2022-12-08,7.78,15.07,2.58,72.12,0.26,2.79,62.22,-15.84,-70.02,3825
Puno,2022-12-09,8.37,11.37,6.05,72.88,0.19,4.16,62.22,-15.84,-70.02,3825
Puno,2022-12-10,9.08,14.39,4.77,64.22,0.82,2.91,62.28,-15.84,-70.02,3825
Puno,2022-12-11,9.7,14.6,5.56,61.71,2.55,2.09,62.22,-15.84,-70.02,3825
Puno,2022-12-12,9.69,15.42,4.54,67.06,3.45,3.53,62.08,-15.84,-70.02,3825
Puno,2022-12-13,9.6,15.99,5.15,69.99,0.37,4.13,62.13,-15.84,-70.02,3825
Puno,2022-12-14,9.77,15.39,3.65,62.5,4.6,2.3,62.21,-15.84,-70.02,3825
Puno,2022-12-15,7.8,12.18,3.69,75.13,6.02,2.94,62.23,-15.84,-70.02,3825
Puno,2022-12-16,8.65,15.93,3.2,71.88,0.61,3.59,62.12,-15.84,-70.02,3825
Puno,2022-12-17,11.05,19.95,3.24,53.33,2.2,1.81,61.89,-15.84,-70.02,3825
Puno,2022-12-18,11.37,20.48,3.99,46.95,0.49,2.17,61.94,-15.84,-70.02,3825
Puno,2022-12-19,10.86,20.28,1.91,42.78,1.67,1.86,62.08,-15.84,-70.02,3825
Puno,2022-12-20,11.15,19.65,4.26,53.92,1.68,2.7,62.14,-15.84,-70.02,3825
Puno,2022-12-21,9.67,15.5,5.24,66.6,1.32,3.31,62.17,-15.84,-70.02,3825
Puno,2022-12-22,9.55,14.83,4.59,63.58,0.18,2.47,62.18,-15.84,-70.02,3825
Puno,2022-12-23,11.06,19.12,3.36,51.04,0.35,2.38,62.15,-15.84,-70.02,3825
Puno,2022-12-24,10.43,21.74,-0.17,31.42,0.01,3.83,62.08,-15.84,-70.02,3825
Puno,2022-12-25,9.74,18.89,2.18,39.37,0.01,3.83,62.11,-15.84,-70.02,3825
Puno,2022-12-26,10.19,16.64,4.8,57.99,0.0,3.36,62.19,-15.84,-70.02,3825
Puno,2022-12-27,10.34,16.98,5.89,58.21,0.99,2.36,62.19,-15.84,-70.02,3825
Puno,2022-12-28,9.74,17.43,4.13,56.78,0.13,2.84,62.23,-15.84,-70.02,3825
Puno,2022-12-29,10.38,18.55,4.94,57.61,0.05,2.99,62.21,-15.84,-70.02,3825
Puno,2022-12-30,9.14,16.18,4.21,64.98,2.03,3.69,62.21,-15.84,-70.02,3825
Puno,2022-12-31,9.5,14.99,5.59,67.43,1.3,4.1,62.22,-15.84,-70.02,3825
Puno,2023-01-01,10.21,16.0,5.42,69.12,15.86,3.19,62.19,-15.84,-70.02,3825
Puno,2023-01-02,10.54,15.77,6.17,65.95,6.53,1.85,62.15,-15.84,-70.02,3825
Puno,2023-01-03,8.68,14.36,4.43,67.74,3.62,2.4,62.06,-15.84,-70.02,3825
Puno,2023-01-04,8.9,16.21,4.06,68.96,4.08,2.1,62.08,-15.84,-70.02,3825
Puno,2023-01-05,9.95,17.81,3.56,56.95,1.04,1.72,62.15,-15.84,-70.02,3825
Puno,2023-01-06,9.75,16.15,4.65,58.98,0.86,3.23,62.21,-15.84,-70.02,3825
Puno,2023-01-07,10.78,17.24,4.98,56.37,0.01,3.05,62.27,-15.84,-70.02,3825
Puno,2023-01-08,10.71,17.35,5.03,57.99,0.39,2.41,62.28,-15.84,-70.02,3825
Puno,2023-01-09,10.8,18.19,5.0,53.71,0.2,1.71,62.19,-15.84,-70.02,3825
Puno,2023-01-10,11.44,19.68,4.14,45.41,0.06,2.01,62.2,-15.84,-70.02,3825
Puno,2023-01-11,11.02,16.41,6.12,56.75,0.0,2.81,62.28,-15.84,-70.02,3825
Puno,2023-01-12,11.36,17.4,6.17,51.82,0.0,2.63,62.25,-15.84,-70.02,3825
Puno,2023-01-13,12.17,21.0,4.14,37.17,0.0,1.71,62.06,-15.84,-70.02,3825
Puno,2023-01-14,10.63,20.19,-0.13,33.41,0.0,1.82,62.08,-15.84,-70.02,3825
Puno,2023-01-15,11.97,20.44,6.74,53.7,0.0,2.52,62.12,-15.84,-70.02,3825
Puno,2023-01-16,10.08,15.96,6.04,61.43,0.33,4.1,62.18,-15.84,-70.02,3825
Puno,2023-01-17,8.93,14.19,5.07,68.25,2.03,4.28,62.23,-15.84,-70.02,3825
Puno,2023-01-18,8.93,14.72,4.63,68.76,3.9,4.66,62.29,-15.84,-70.02,3825
Puno,2023-01-19,6.84,11.56,3.98,76.69,2.43,5.16,62.38,-15.84,-70.02,3825
Puno,2023-01-20,8.83,15.36,3.66,65.7,0.49,3.87,62.29,-15.84,-70.02,3825
Puno,2023-01-21,10.42,16.98,5.82,57.86,0.0,3.01,62.13,-15.84,-70.02,3825
Puno,2023-01-22,10.48,17.41,5.18,56.23,0.0,4.2,62.15,-15.84,-70.02,3825
Puno,2023-01-23,10.75,18.19,4.14,54.49,0.0,3.65,62.23,-15.84,-70.02,3825
Puno,2023-01-24,11.57,18.63,5.81,53.0,0.18,2.39,62.2,-15.84,-70.02,3825
Puno,2023-01-25,10.02,14.27,6.36,59.85,0.85,2.47,62.13,-15.84,-70.02,3825
Puno,2023-01-26,8.64,12.46,4.86,72.9,5.57,3.57,62.11,-15.84,-70.02,3825
Puno,2023-01-27,10.48,16.84,5.7,68.25,1.21,4.06,62.07,-15.84,-70.02,3825
Puno,2023-01-28,8.78,15.54,2.53,72.71,4.43,4.63,62.18,-15.84,-70.02,3825
Puno,2023-01-29,8.8,13.93,4.71,72.25,6.1,4.54,62.2,-15.84,-70.02,3825
Puno,2023-01-30,9.65,15.63,4.73,70.7,4.74,3.66,62.12,-15.84,-70.02,3825
Puno,2023-01-31,9.75,14.39,6.08,72.9,4.96,3.19,62.14,-15.84,-70.02,3825
Puno,2023-02-01,9.29,14.1,6.07,72.33,9.66,3.44,62.23,-15.84,-70.02,3825
Puno,2023-02-02,9.89,16.16,4.9,69.2,2.95,3.59,62.25,-15.84,-70.02,3825
Puno,2023-02-03,8.91,14.07,4.69,74.25,2.93,3.81,62.22,-15.84,-70.02,3825
Puno,2023-02-04,7.43,12.44,3.33,77.52,9.66,4.0,62.22,-15.84,-70.02,3825
Puno,2023-02-05,6.48,13.5,1.79,79.1,11.71,2.97,62.17,-15.84,-70.02,3825
Puno,2023-02-06,7.35,14.26,2.29,72.8,4.38,1.57,62.15,-15.84,-70.02,3825
Puno,2023-02-07,7.91,14.9,2.25,72.01,2.71,2.3,62.17,-15.84,-70.02,3825
Puno,2023-02-08,7.72,13.85,2.42,70.44,2.01,2.82,62.18,-15.84,-70.02,3825
Puno,2023-02-09,9.25,15.23,4.67,70.52,1.34,2.78,62.2,-15.84,-70.02,3825
Puno,2023-02-10,9.66,16.14,3.52,70.39,0.64,4.0,62.21,-15.84,-70.02,3825
Puno,2023-02-11,9.89,14.76,6.12,72.21,0.8,4.4,62.23,-15.84,-70.02,3825
Puno,2023-02-12,11.01,17.58,5.32,63.47,0.99,2.85,62.17,-15.84,-70.02,3825
Puno,2023-02-13,11.37,17.9,6.31,62.48,0.47,2.5,62.17,-15.84,-70.02,3825
Puno,2023-02-14,9.18,15.38,4.15,67.9,1.42,3.25,62.2,-15.84,-70.02,3825
Puno,2023-02-15,11.0,16.98,4.75,65.22,1.51,2.06,62.14,-15.84,-70.02,3825
Puno,2023-02-16,11.32,20.6,5.01,58.92,0.52,2.65,61.98,-15.84,-70.02,3825
Puno,2023-02-17,10.51,19.62,2.44,58.36,0.08,2.68,61.95,-15.84,-70.02,3825
Puno,2023-02-18,8.38,14.71,3.9,67.64,0.09,2.19,62.12,-15.84,-70.02,3825
Puno,2023-02-19,11.94,20.38,4.23,50.85,0.01,1.44,62.07,-15.84,-70.02,3825
Puno,2023-02-20,10.93,16.57,6.29,62.87,0.02,3.54,62.12,-15.84,-70.02,3825
Puno,2023-02-21,10.21,16.19,6.32,61.75,0.0,3.52,62.17,-15.84,-70.02,3825
Puno,2023-02-22,10.65,17.15,5.22,61.19,1.41,3.2,62.28,-15.84,-70.02,3825
Puno,2023-02-23,10.09,17.03,5.16,66.23,0.58,3.39,62.38,-15.84,-70.02,3825
Puno,2023-02-24,11.46,18.37,6.13,58.63,0.0,2.78,62.35,-15.84,-70.02,3825
Puno,2023-02-25,11.65,17.77,6.76,56.86,0.03,2.35,62.33,-15.84,-70.02,3825
Puno,2023-02-26,11.67,18.64,6.54,55.59,2.2,3.25,62.35,-15.84,-70.02,3825
Puno,2023-02-27,9.15,14.91,6.45,71.37,3.58,4.51,62.5,-15.84,-70.02,3825
Puno,2023-02-28,10.76,17.65,5.27,61.71,0.02,3.6,62.53,-15.84,-70.02,3825
Puno,2023-03-01,11.21,17.58,6.62,60.49,0.62,2.87,62.39,-15.84,-70.02,3825
Puno,2023-03-02,11.95,18.21,7.39,56.76,0.47,1.68,62.22,-15.84,-70.02,3825
Puno,2023-03-03,9.67,14.9,5.18,68.07,0.97,2.2,62.22,-15.84,-70.02,3825
Puno,2023-03-04,10.32,16.89,5.18,65.66,0.14,3.32,62.32,-15.84,-70.02,3825
Puno,2023-03-05,10.5,16.48,6.5,67.04,2.82,3.66,62.39,-15.84,-70.02,3825
Puno,2023-03-06,10.93,17.56,5.87,63.14,0.2,3.18,62.31,-15.84,-70.02,3825
Puno,2023-03-07,12.05,18.63,7.67,59.36,0.33,2.96,62.23,-15.84,-70.02,3825
Puno,2023-03-08,10.73,16.84,7.27,65.57,1.76,1.61,62.25,-15.84,-70.02,3825
Puno,2023-03-09,8.88,15.42,3.6,74.47,0.95,3.13,62.23,-15.84,-70.02,3825
Puno,2023-03-10,9.44,16.43,3.52,70.96,1.0,4.0,62.29,-15.84,-70.02,3825
Puno,2023-03-11,9.73,15.4,5.58,70.98,0.68,4.02,62.31,-15.84,-70.02,3825
Puno,2023-03-12,10.39,17.02,4.41,65.98,0.04,3.15,62.29,-15.84,-70.02,3825
Puno,2023-03-13,10.5,15.95,6.1,65.97,0.75,4.24,62.24,-15.84,-70.02,3825
Puno,2023-03-14,9.21,15.32,4.58,68.53,2.7,1.71,62.22,-15.84,-70.02,3825
Puno,2023-03-15,8.75,14.98,4.19,70.66,5.01,2.78,62.21,-15.84,-70.02,3825
Puno,2023-03-16,7.13,14.19,2.89,76.35,3.75,2.18,62.18,-15.84,-70.02,3825
Puno,2023-03-17,8.5,14.89,2.6,71.86,0.55,3.66,62.23,-15.84,-70.02,3825
Puno,2023-03-18,7.94,12.57,4.75,72.58,0.66,3.25,62.22,-15.84,-70.02,3825
Puno,2023-03-19,9.23,15.65,4.21,66.1,2.04,2.47,62.2,-15.84,-70.02,3825
Puno,2023-03-20,7.96,12.89,3.79,73.32,1.52,1.96,62.19,-15.84,-70.02,3825
Puno,2023-03-21,7.27,13.0,2.82,75.22,1.76,2.4,62.21,-15.84,-70.02,3825
Puno,2023-03-22,8.0,13.58,3.43,71.33,3.47,1.29,62.22,-15.84,-70.02,3825
Puno,2023-03-23,7.54,13.54,3.24,78.86,8.01,3.49,62.25,-15.84,-70.02,3825
Puno,2023-03-24,7.74,12.91,3.99,79.37,9.22,4.17,62.29,-15.84,-70.02,3825
Puno,2023-03-25,9.13,15.61,3.61,71.23,0.36,3.64,62.27,-15.84,-70.02,3825
Puno,2023-03-26,8.5,15.04,4.43,74.67,8.4,4.65,62.33,-15.84,-70.02,3825
Puno,2023-03-27,7.74,14.28,2.99,72.47,4.1,3.13,62.36,-15.84,-70.02,3825
Puno,2023-03-28,9.62,15.86,4.57,69.64,0.2,2.56,62.22,-15.84,-70.02,3825
Puno,2023-03-29,9.74,14.74,6.23,71.23,1.18,3.35,62.25,-15.84,-70.02,3825
Puno,2023-03-30,8.52,13.42,4.74,75.05,2.18,3.65,62.38,-15.84,-70.02,3825
Puno,2023-03-31,8.37,15.01,3.27,70.17,1.11,3.9,62.47,-15.84,-70.02,3825
Puno,2023-04-01,8.24,14.2,2.94,70.01,0.1,3.72,62.45,-15.84,-70.02,3825
Puno,2023-04-02,9.53,15.98,4.18,68.69,1.13,2.79,62.3,-15.84,-70.02,3825
Puno,2023-04-03,8.47,14.71,3.7,75.25,4.12,2.09,62.18,-15.84,-70.02,3825
Puno,2023-04-04,8.27,14.38,4.39,71.08,3.19,2.03,62.09,-15.84,-70.02,3825
Puno,2023-04-05,8.15,17.14,-0.32,57.94,2.71,1.68,62.06,-15.84,-70.02,3825
Puno,2023-04-06,7.61,14.65,1.29,56.84,0.35,3.22,62.15,-15.84,-70.02,3825
Puno,2023-04-07,7.65,12.51,4.39,73.24,0.0,3.44,62.21,-15.84,-70.02,3825
Puno,2023-04-08,7.69,13.48,3.31,66.9,0.08,3.07,62.29,-15.84,-70.02,3825
Puno,2023-04-09,8.44,14.18,3.3,59.82,0.02,1.89,62.38,-15.84,-70.02,3825
Puno,2023-04-10,9.16,14.86,3.96,64.23,0.0,2.6,62.34,-15.84,-70.02,3825
Puno,2023-04-11,10.4,18.09,4.45,54.6,0.0,1.23,62.23,-15.84,-70.02,3825
Puno,2023-04-12,9.41,16.86,1.75,58.06,0.0,1.78,62.17,-15.84,-70.02,3825
Puno,2023-04-13,9.36,18.68,1.77,48.74,0.0,1.67,62.1,-15.84,-70.02,3825
Puno,2023-04-14,9.83,18.61,0.08,49.53,0.0,1.89,62.17,-15.84,-70.02,3825
Puno,2023-04-15,8.82,13.43,6.07,73.2,0.02,1.88,62.35,-15.84,-70.02,3825
Puno,2023-04-16,10.43,17.4,3.54,61.3,0.01,1.84,62.28,-15.84,-70.02,3825
Puno,2023-04-17,10.54,18.35,3.84,54.26,0.01,1.93,62.13,-15.84,-70.02,3825
Puno,2023-04-18,10.42,19.35,1.84,42.24,0.0,2.0,62.11,-15.84,-70.02,3825
Puno,2023-04-19,10.59,18.74,4.19,59.0,2.58,2.12,62.22,-15.84,-70.02,3825
Puno,2023-04-20,8.16,11.64,5.69,78.42,4.57,2.73,62.4,-15.84,-70.02,3825
Puno,2023-04-21,9.94,15.98,5.19,58.52,0.07,1.81,62.29,-15.84,-70.02,3825
Puno,2023-04-22,9.41,17.37,2.03,62.78,0.0,2.77,62.21,-15.84,-70.02,3825
Puno,2023-04-23,9.93,18.12,3.29,55.2,0.0,1.15,62.21,-15.84,-70.02,3825
Puno,2023-04-24,9.49,18.15,1.68,46.87,0.0,1.14,62.23,-15.84,-70.02,3825
Puno,2023-04-25,9.56,16.33,4.71,62.01,0.0,2.56,62.34,-15.84,-70.02,3825
Puno,2023-04-26,9.35,15.7,5.18,65.19,0.0,2.84,62.4,-15.84,-70.02,3825
Puno,2023-04-27,8.87,15.22,4.24,61.45,0.0,2.98,62.41,-15.84,-70.02,3825
Puno,2023-04-28,8.84,15.6,4.36,68.27,0.0,2.8,62.43,-15.84,-70.02,3825
Puno,2023-04-29,9.6,16.75,4.16,58.0,0.0,2.16,62.43,-15.84,-70.02,3825
Puno,2023-04-30,9.86,16.71,3.93,54.9,0.0,2.07,62.4,-15.84,-70.02,3825
Puno,2023-05-01,9.27,16.35,2.8,61.21,0.03,2.29,62.35,-15.84,-70.02,3825
Puno,2023-05-02,10.45,17.85,5.35,64.98,0.08,2.45,62.25,-15.84,-70.02,3825
Puno,2023-05-03,9.54,14.45,5.37,67.25,0.04,1.76,62.27,-15.84,-70.02,3825
Puno,2023-05-04,9.2,15.67,2.97,68.34,0.51,2.43,62.23,-15.84,-70.02,3825
Puno,2023-05-05,7.54,15.34,2.48,68.92,3.4,1.92,62.27,-15.84,-70.02,3825
Puno,2023-05-06,5.88,13.37,2.07,73.16,3.58,2.42,62.32,-15.84,-70.02,3825
Puno,2023-05-07,4.98,8.08,1.59,55.31,0.25,0.83,62.44,-15.84,-70.02,3825
Puno,2023-05-08,5.61,9.52,2.31,60.35,0.29,1.97,62.53,-15.84,-70.02,3825
Puno,2023-05-09,4.82,8.38,1.75,71.28,0.22,1.22,62.54,-15.84,-70.02,3825
Puno,2023-05-10,7.7,13.76,3.42,56.64,0.0,2.16,62.49,-15.84,-70.02,3825
Puno,2023-05-11,6.69,11.42,2.38,63.71,0.0,1.64,62.42,-15.84,-70.02,3825
Puno,2023-05-12,5.57,9.31,2.74,75.42,2.6,2.75,62.5,-15.84,-70.02,3825
Puno,2023-05-13,5.72,11.73,1.67,76.6,4.14,1.92,62.49,-15.84,-70.02,3825
Puno,2023-05-14,6.85,13.79,1.7,68.12,0.05,1.42,62.58,-15.84,-70.02,3825
Puno,2023-05-15,8.47,16.45,2.5,58.85,0.09,0.89,62.57,-15.84,-70.02,3825
Puno,2023-05-16,7.27,16.26,-1.79,47.67,0.0,1.63,62.44,-15.84,-70.02,3825
Puno,2023-05-17,7.24,17.61,-1.23,41.15,0.01,2.27,62.31,-15.84,-70.02,3825
Puno,2023-05-18,7.26,15.74,-0.08,51.27,0.0,2.32,62.4,-15.84,-70.02,3825
Puno,2023-05-19,9.27,15.63,4.49,64.95,0.0,1.25,62.37,-15.84,-70.02,3825
Puno,2023-05-20,8.31,16.57,1.02,40.98,0.0,2.16,62.32,-15.84,-70.02,3825
Puno,2023-05-21,6.94,16.44,-0.15,36.18,0.0,3.43,62.24,-15.84,-70.02,3825
Puno,2023-05-22,6.79,15.91,-2.84,31.8,0.6,1.18,62.28,-15.84,-70.02,3825
Puno,2023-05-23,7.23,16.33,0.4,41.06,0.03,1.46,62.33,-15.84,-70.02,3825
Puno,2023-05-24,6.49,14.77,-1.29,45.33,0.0,1.91,62.25,-15.84,-70.02,3825
Puno,2023-05-25,7.84,15.55,0.86,46.57,0.0,1.57,62.24,-15.84,-70.02,3825
Puno,2023-05-26,7.91,14.11,2.43,57.25,0.0,2.23,62.39,-15.84,-70.02,3825
Puno,2023-05-27,7.44,12.41,4.32,74.93,0.0,1.66,62.42,-15.84,-70.02,3825
Puno,2023-05-28,7.47,12.84,2.79,75.05,0.77,2.45,62.44,-15.84,-70.02,3825
Puno,2023-05-29,5.92,14.98,-1.15,53.12,0.07,3.07,62.35,-15.84,-70.02,3825
Puno,2023-05-30,5.42,14.73,-3.43,36.03,0.0,2.54,62.43,-15.84,-70.02,3825
Puno,2023-05-31,6.57,14.03,1.13,40.39,0.0,2.11,62.53,-15.84,-70.02,3825
Puno,2023-06-01,7.08,14.51,1.19,34.77,0.0,1.78,62.56,-15.84,-70.02,3825
Puno,2023-06-02,6.84,15.35,0.04,31.72,0.0,1.97,62.45,-15.84,-70.02,3825
Puno,2023-06-03,6.26,14.84,-1.5,36.43,0.0,2.66,62.36,-15.84,-70.02,3825
Puno,2023-06-04,6.29,14.5,0.25,51.99,0.0,1.97,62.4,-15.84,-70.02,3825
Puno,2023-06-05,6.51,12.97,2.54,68.11,0.0,2.19,62.47,-15.84,-70.02,3825
Puno,2023-06-06,7.58,15.7,0.56,51.75,0.0,1.1,62.35,-15.84,-70.02,3825
Puno,2023-06-07,6.08,14.54,-1.69,47.77,0.0,2.29,62.39,-15.84,-70.02,3825
Puno,2023-06-08,7.49,15.21,2.49,55.44,0.0,1.56,62.47,-15.84,-70.02,3825
Puno,2023-06-09,7.2,15.14,0.99,39.41,0.0,1.84,62.44,-15.84,-70.02,3825
Puno,2023-06-10,6.68,15.3,-0.33,35.75,0.0,1.48,62.31,-15.84,-70.02,3825
Puno,2023-06-11,5.93,15.35,-1.47,31.97,0.01,1.59,62.3,-15.84,-70.02,3825
Puno,2023-06-12,5.81,15.83,-1.25,35.55,0.13,1.93,62.24,-15.84,-70.02,3825
Puno,2023-06-13,5.1,16.19,-2.4,35.35,0.22,3.52,62.18,-15.84,-70.02,3825
Puno,2023-06-14,3.14,13.65,-4.05,29.55,0.08,3.9,62.23,-15.84,-70.02,3825
Puno,2023-06-15,3.34,14.1,-3.83,28.18,0.15,3.28,62.25,-15.84,-70.02,3825
Puno,2023-06-16,3.96,14.29,-3.58,25.67,0.0,2.34,62.35,-15.84,-70.02,3825
Puno,2023-06-17,4.41,12.5,-1.32,37.43,0.0,1.64,62.38,-15.84,-70.02,3825
Puno,2023-06-18,5.82,14.01,-1.04,46.61,0.0,1.55,62.33,-15.84,-70.02,3825
Puno,2023-06-19,4.78,14.24,-1.89,34.45,0.0,2.64,62.33,-15.84,-70.02,3825
Puno,2023-06-20,5.26,14.4,-2.36,30.67,0.0,1.77,62.36,-15.84,-70.02,3825
Puno,2023-06-21,4.7,14.29,-2.34,30.59,0.0,2.05,62.3,-15.84,-70.02,3825
Puno,2023-06-22,4.43,13.64,-2.02,28.32,0.0,1.53,62.31,-15.84,-70.02,3825
Puno,2023-06-23,4.59,12.89,-2.37,26.34,0.0,2.13,62.4,-15.84,-70.02,3825
Puno,2023-06-24,5.61,13.61,-0.32,26.58,0.0,1.85,62.41,-15.84,-70.02,3825
Puno,2023-06-25,5.64,13.05,0.89,38.44,0.0,1.96,62.45,-15.84,-70.02,3825
Puno,2023-06-26,6.15,14.14,-0.9,55.11,0.0,1.7,62.46,-15.84,-70.02,3825
Puno,2023-06-27,6.46,14.4,0.04,46.39,0.0,1.74,62.38,-15.84,-70.02,3825
Puno,2023-06-28,6.34,13.61,1.64,58.71,0.0,2.38,62.44,-15.84,-70.02,3825
Puno,2023-06-29,6.6,13.65,2.25,71.42,0.0,2.27,62.47,-15.84,-70.02,3825
Puno,2023-06-30,6.85,14.09,1.65,67.83,0.0,1.9,62.46,-15.84,-70.02,3825
Puno,2023-07-01,7.42,15.25,1.43,59.27,0.0,1.56,62.39,-15.84,-70.02,3825
Puno,2023-07-02,6.88,16.01,-1.35,37.95,0.0,2.29,62.35,-15.84,-70.02,3825
Puno,2023-07-03,7.54,15.88,0.91,34.62,0.0,2.15,62.38,-15.84,-70.02,3825
Puno,2023-07-04,8.13,18.08,-0.57,35.77,0.0,1.48,62.4,-15.84,-70.02,3825
Puno,2023-07-05,7.31,16.91,-0.15,28.42,0.0,1.8,62.43,-15.84,-70.02,3825
Puno,2023-07-06,7.12,17.13,-2.05,28.95,0.0,1.59,62.32,-15.84,-70.02,3825
Puno,2023-07-07,7.18,17.42,-1.69,27.78,0.0,1.71,62.28,-15.84,-70.02,3825
Puno,2023-07-08,7.3,16.94,-1.31,32.43,0.0,1.64,62.32,-15.84,-70.02,3825
Puno,2023-07-09,7.94,15.42,3.71,60.9,0.0,1.83,62.37,-15.84,-70.02,3825
Puno,2023-07-10,9.24,16.31,4.09,59.86,0.0,1.54,62.32,-15.84,-70.02,3825
Puno,2023-07-11,8.1,17.08,0.61,45.71,0.0,2.43,62.27,-15.84,-70.02,3825
Puno,2023-07-12,6.74,16.14,-0.9,36.5,0.0,3.39,62.24,-15.84,-70.02,3825
Puno,2023-07-13,7.25,16.08,-0.66,45.77,0.26,2.04,62.24,-15.84,-70.02,3825
Puno,2023-07-14,7.33,16.92,-0.18,39.89,0.31,2.74,62.23,-15.84,-70.02,3825
Puno,2023-07-15,6.2,16.53,-1.72,31.88,0.12,2.41,62.27,-15.84,-70.02,3825
Puno,2023-07-16,6.89,15.53,-1.45,32.19,0.08,1.68,62.32,-15.84,-70.02,3825
Puno,2023-07-17,6.97,15.16,-0.75,36.31,0.0,1.6,62.36,-15.84,-70.02,3825
Puno,2023-07-18,7.2,15.19,1.83,49.37,0.0,1.86,62.48,-15.84,-70.02,3825
Puno,2023-07-19,7.74,15.29,2.39,60.08,0.0,1.96,62.57,-15.84,-70.02,3825
Puno,2023-07-20,6.8,14.75,-0.13,64.27,0.0,2.48,62.56,-15.84,-70.02,3825
Puno,2023-07-21,6.53,14.37,0.6,58.69,0.0,2.02,62.5,-15.84,-70.02,3825
Puno,2023-07-22,8.17,16.57,-0.23,41.69,0.0,1.78,62.43,-15.84,-70.02,3825
Puno,2023-07-23,7.62,15.26,0.95,47.47,0.0,2.93,62.51,-15.84,-70.02,3825
Puno,2023-07-24,8.02,16.63,1.24,50.39,0.0,1.14,62.46,-15.84,-70.02,3825
Puno,2023-07-25,6.2,16.48,-1.91,29.02,2.86,2.71,62.31,-15.84,-70.02,3825
Puno,2023-07-26,2.75,11.29,-6.03,51.52,251.92,2.23,62.24,-15.84,-70.02,3825
Puno,2023-07-27,2.96,12.09,-4.14,45.08,0.07,2.18,62.27,-15.84,-70.02,3825
Puno,2023-07-28,4.33,12.75,-3.23,57.1,0.03,3.0,62.37,-15.84,-70.02,3825
Puno,2023-07-29,4.25,10.91,0.26,79.67,1.97,1.71,62.52,-15.84,-70.02,3825
Puno,2023-07-30,5.32,11.31,0.47,75.42,0.34,1.99,62.54,-15.84,-70.02,3825
Puno,2023-07-31,5.98,12.5,0.6,68.36,0.0,2.93,62.66,-15.84,-70.02,3825
Puno,2023-08-01,5.12,11.74,0.63,56.13,0.0,2.0,62.64,-15.84,-70.02,3825
Puno,2023-08-02,5.97,12.99,1.66,60.26,0.0,2.09,62.55,-15.84,-70.02,3825
Puno,2023-08-03,5.91,12.3,1.2,70.59,0.0,2.72,62.52,-15.84,-70.02,3825
Puno,2023-08-04,5.62,12.61,1.2,60.24,0.0,2.23,62.48,-15.84,-70.02,3825
Puno,2023-08-05,6.44,13.56,0.63,65.15,0.0,1.9,62.41,-15.84,-70.02,3825
Puno,2023-08-06,7.13,13.79,0.15,59.14,0.0,1.73,62.46,-15.84,-70.02,3825
Puno,2023-08-07,7.15,13.42,1.9,56.64,0.36,1.63,62.55,-15.84,-70.02,3825
Puno,2023-08-08,7.99,15.78,1.26,43.93,0.14,1.37,62.53,-15.84,-70.02,3825
Puno,2023-08-09,7.2,14.51,0.49,50.54,0.0,1.7,62.5,-15.84,-70.02,3825
Puno,2023-08-10,6.96,15.6,-1.57,44.27,0.0,2.35,62.39,-15.84,-70.02,3825
Puno,2023-08-11,6.86,12.88,2.41,67.7,0.03,2.52,62.35,-15.84,-70.02,3825
Puno,2023-08-12,5.7,10.68,2.66,70.99,0.01,2.81,62.36,-15.84,-70.02,3825
Puno,2023-08-13,5.83,12.1,1.38,65.19,0.0,1.91,62.31,-15.84,-70.02,3825
Puno,2023-08-14,5.43,12.28,0.63,64.21,0.0,2.21,62.33,-15.84,-70.02,3825
Puno,2023-08-15,6.59,13.43,0.79,56.16,0.0,2.06,62.34,-15.84,-70.02,3825
Puno,2023-08-16,7.67,15.15,0.46,48.45,0.0,2.03,62.32,-15.84,-70.02,3825
Puno,2023-08-17,8.18,17.94,0.15,41.09,0.0,1.25,62.23,-15.84,-70.02,3825
Puno,2023-08-18,6.3,17.9,-2.76,28.76,0.0,3.51,62.2,-15.84,-70.02,3825
Puno,2023-08-19,5.97,17.32,-3.03,26.47,0.0,2.27,62.2,-15.84,-70.02,3825
Puno,2023-08-20,6.52,16.91,-2.66,25.28,0.0,1.97,62.21,-15.84,-70.02,3825
Puno,2023-08-21,6.19,14.87,-1.86,25.86,0.0,2.08,62.31,-15.84,-70.02,3825
Puno,2023-08-22,7.55,15.59,0.94,38.13,0.0,1.75,62.28,-15.84,-70.02,3825
Puno,2023-08-23,9.69,17.75,4.02,46.91,0.0,1.57,62.25,-15.84,-70.02,3825
Puno,2023-08-24,8.69,16.94,1.9,42.93,0.0,1.94,62.34,-15.84,-70.02,3825
Puno,2023-08-25,8.63,17.83,-0.88,36.74,0.0,2.15,62.35,-15.84,-70.02,3825
Puno,2023-08-26,8.95,16.0,3.49,57.1,0.0,1.63,62.33,-15.84,-70.02,3825
Puno,2023-08-27,9.14,17.08,1.3,39.45,0.0,1.6,62.33,-15.84,-70.02,3825
Puno,2023-08-28,8.36,17.97,-0.55,32.84,0.0,1.41,62.4,-15.84,-70.02,3825
Puno,2023-08-29,8.21,17.0,-0.47,37.67,0.0,2.48,62.45,-15.84,-70.02,3825
Puno,2023-08-30,10.05,16.24,5.07,57.93,0.03,1.73,62.37,-15.84,-70.02,3825
Puno,2023-08-31,9.64,16.7,4.54,57.89,1.16,2.15,62.35,-15.84,-70.02,3825
Puno,2023-09-01,9.17,17.0,2.35,51.48,0.42,1.55,62.28,-15.84,-70.02,3825
Puno,2023-09-02,7.3,14.71,1.9,43.18,0.0,2.65,62.23,-15.84,-70.02,3825
Puno,2023-09-03,6.19,15.86,-0.95,37.47,0.01,3.87,62.25,-15.84,-70.02,3825
Puno,2023-09-04,6.76,16.37,-2.53,41.46,0.01,2.44,62.43,-15.84,-70.02,3825
Puno,2023-09-05,8.49,14.68,3.72,63.08,0.0,3.16,62.52,-15.84,-70.02,3825
Puno,2023-09-06,7.53,13.21,3.33,61.97,1.49,2.27,62.45,-15.84,-70.02,3825
Puno,2023-09-07,8.49,15.77,4.25,51.52,0.12,1.01,62.26,-15.84,-70.02,3825
Puno,2023-09-08,7.43,16.12,0.94,31.09,0.0,1.49,62.3,-15.84,-70.02,3825
Puno,2023-09-09,6.85,15.35,-0.28,39.04,0.0,2.47,62.42,-15.84,-70.02,3825
Puno,2023-09-10,8.03,15.22,3.14,67.98,0.0,3.09,62.48,-15.84,-70.02,3825
Puno,2023-09-11,8.87,16.09,3.18,58.42,0.0,2.49,62.41,-15.84,-70.02,3825
Puno,2023-09-12,8.45,14.52,1.77,48.67,0.0,1.63,62.28,-15.84,-70.02,3825
Puno,2023-09-13,7.1,15.81,-1.87,33.48,0.0,1.63,62.3,-15.84,-70.02,3825
Puno,2023-09-14,8.17,15.6,2.29,39.12,0.0,1.69,62.36,-15.84,-70.02,3825
Puno,2023-09-15,8.85,17.19,1.93,56.68,0.0,2.26,62.31,-15.84,-70.02,3825
Puno,2023-09-16,9.86,16.34,5.02,62.91,0.0,2.97,62.29,-15.84,-70.02,3825
Puno,2023-09-17,8.89,13.44,4.63,54.76,0.0,1.72,62.27,-15.84,-70.02,3825
Puno,2023-09-18,8.99,15.86,2.13,46.12,0.0,2.5,62.3,-15.84,-70.02,3825
Puno,2023-09-19,9.55,17.18,3.93,46.75,0.0,1.7,62.28,-15.84,-70.02,3825
Puno,2023-09-20,8.5,14.63,3.42,59.51,0.06,3.32,62.36,-15.84,-70.02,3825
Puno,2023-09-21,9.84,16.56,4.71,66.76,0.01,3.33,62.37,-15.84,-70.02,3825
Puno,2023-09-22,10.42,16.02,6.54,67.11,0.0,3.28,62.38,-15.84,-70.02,3825
Puno,2023-09-23,10.18,16.71,5.83,67.02,0.0,3.77,62.41,-15.84,-70.02,3825
Puno,2023-09-24,10.08,16.52,5.46,62.08,0.0,3.94,62.43,-15.84,-70.02,3825
Puno,2023-09-25,10.65,17.2,5.55,57.7,0.49,2.15,62.43,-15.84,-70.02,3825
Puno,2023-09-26,11.66,19.44,3.93,54.4,0.01,2.69,62.34,-15.84,-70.02,3825
Puno,2023-09-27,10.42,15.28,6.38,70.01,0.16,3.46,62.31,-15.84,-70.02,3825
Puno,2023-09-28,11.82,20.42,5.12,53.86,0.07,1.8,62.24,-15.84,-70.02,3825
Puno,2023-09-29,11.19,18.21,6.14,64.59,0.01,4.39,62.35,-15.84,-70.02,3825
Puno,2023-09-30,10.84,17.37,5.93,62.55,0.55,3.67,62.43,-15.84,-70.02,3825
Puno,2023-10-01,8.63,15.82,3.01,73.17,1.69,2.95,62.38,-15.84,-70.02,3825
Puno,2023-10-02,10.5,17.33,4.09,62.41,0.02,2.76,62.24,-15.84,-70.02,3825
Puno,2023-10-03,10.27,17.98,3.64,49.49,0.0,2.99,62.22,-15.84,-70.02,3825
Puno,2023-10-04,10.89,19.37,2.49,55.33,0.0,3.9,62.3,-15.84,-70.02,3825
Puno,2023-10-05,10.95,16.34,6.21,63.18,0.0,2.52,62.29,-15.84,-70.02,3825
Puno,2023-10-06,12.17,21.31,2.81,49.56,0.0,1.93,62.33,-15.84,-70.02,3825
Puno,2023-10-07,12.71,20.75,5.34,51.14,0.0,2.69,62.35,-15.84,-70.02,3825
Puno,2023-10-08,12.61,21.79,3.06,42.53,0.0,1.85,62.31,-15.84,-70.02,3825
Puno,2023-10-09,13.06,20.08,8.18,54.11,0.0,3.13,62.39,-15.84,-70.02,3825
Puno,2023-10-10,11.76,18.41,7.08,63.48,0.0,3.6,62.47,-15.84,-70.02,3825
Puno,2023-10-11,12.34,19.21,7.33,57.56,0.0,3.44,62.47,-15.84,-70.02,3825
Puno,2023-10-12,11.26,16.48,7.73,61.82,0.0,3.41,62.48,-15.84,-70.02,3825
Puno,2023-10-13,10.78,16.3,7.79,64.24,0.0,3.91,62.47,-15.84,-70.02,3825
Puno,2023-10-14,10.56,17.06,6.13,64.58,0.0,4.72,62.52,-15.84,-70.02,3825
Puno,2023-10-15,10.48,17.5,5.25,61.59,0.0,4.46,62.5,-15.84,-70.02,3825
Puno,2023-10-16,10.27,16.65,5.73,64.3,0.0,4.22,62.44,-15.84,-70.02,3825
Puno,2023-10-17,10.22,16.92,5.82,64.87,0.0,4.78,62.35,-15.84,-70.02,3825
Puno,2023-10-18,10.3,17.36,4.96,58.84,0.0,4.65,62.35,-15.84,-70.02,3825
Puno,2023-10-19,8.74,12.29,5.66,73.18,1.05,3.66,62.4,-15.84,-70.02,3825
Puno,2023-10-20,9.66,15.69,5.14,66.23,0.73,5.1,62.43,-15.84,-70.02,3825
Puno,2023-10-21,9.94,16.96,4.47,63.32,0.17,5.42,62.42,-15.84,-70.02,3825
Puno,2023-10-22,10.74,18.12,5.4,60.51,7.48,4.46,62.4,-15.84,-70.02,3825
Puno,2023-10-23,8.16,15.37,2.76,71.73,9.2,2.85,62.44,-15.84,-70.02,3825
Puno,2023-10-24,9.52,14.97,5.62,64.37,0.41,3.13,62.4,-15.84,-70.02,3825
Puno,2023-10-25,11.61,17.66,7.22,62.18,0.06,2.39,62.25,-15.84,-70.02,3825
Puno,2023-10-26,11.82,19.26,4.89,54.7,0.02,2.51,62.09,-15.84,-70.02,3825
Puno,2023-10-27,11.76,19.26,6.57,54.9,0.01,2.63,62.0,-15.84,-70.02,3825
Puno,2023-10-28,11.12,20.31,3.03,42.09,0.0,3.56,62.02,-15.84,-70.02,3825
Puno,2023-10-29,9.04,20.48,-1.07,30.36,0.0,3.13,62.13,-15.84,-70.02,3825
Puno,2023-10-30,9.48,20.3,-1.1,28.54,0.0,2.32,62.17,-15.84,-70.02,3825
Puno,2023-10-31,10.64,19.21,1.07,44.95,0.0,2.46,62.17,-15.84,-70.02,3825
Puno,2023-11-01,12.88,21.18,4.78,43.9,0.0,1.95,62.1,-15.84,-70.02,3825
Puno,2023-11-02,12.49,20.51,4.17,47.98,0.0,2.59,62.12,-15.84,-70.02,3825
Puno,2023-11-03,11.64,16.77,8.22,64.17,0.0,4.8,62.21,-15.84,-70.02,3825
Puno,2023-11-04,11.62,19.06,6.14,58.79,0.22,3.23,62.22,-15.84,-70.02,3825
Puno,2023-11-05,10.33,16.3,5.1,66.42,0.04,4.78,62.27,-15.84,-70.02,3825
Puno,2023-11-06,11.55,18.68,5.92,60.07,0.0,4.59,62.37,-15.84,-70.02,3825
Puno,2023-11-07,11.44,17.37,7.8,65.81,0.0,5.53,62.44,-15.84,-70.02,3825
Puno,2023-11-08,11.19,18.39,5.82,61.51,0.0,4.96,62.47,-15.84,-70.02,3825
Puno,2023-11-09,9.91,14.59,6.36,67.21,0.08,5.71,62.37,-15.84,-70.02,3825
Puno,2023-11-10,9.41,17.47,4.34,66.62,0.17,4.07,62.26,-15.84,-70.02,3825
Puno,2023-11-11,10.39,17.36,4.22,58.66,0.27,2.17,62.26,-15.84,-70.02,3825
Puno,2023-11-12,8.51,17.09,2.59,67.85,0.87,3.25,62.26,-15.84,-70.02,3825
Puno,2023-11-13,11.75,20.01,4.15,47.64,0.02,1.74,62.23,-15.84,-70.02,3825
Puno,2023-11-14,12.21,19.33,6.23,53.57,0.02,2.16,62.15,-15.84,-70.02,3825
Puno,2023-11-15,10.34,16.8,3.83,38.48,0.02,2.16,62.29,-15.84,-70.02,3825
Puno,2023-11-16,11.27,17.29,4.64,52.96,0.13,2.86,62.27,-15.84,-70.02,3825
Puno,2023-11-17,11.4,19.63,5.92,54.66,14.87,2.31,62.28,-15.84,-70.02,3825
Puno,2023-11-18,12.65,21.65,3.73,48.95,0.78,2.49,62.28,-15.84,-70.02,3825
Puno,2023-11-19,12.57,20.76,3.42,40.62,0.01,2.7,62.31,-15.84,-70.02,3825
Puno,2023-11-20,11.11,19.62,3.78,52.54,0.01,3.85,62.25,-15.84,-70.02,3825
Puno,2023-11-21,11.97,18.83,6.1,51.39,0.0,1.62,62.11,-15.84,-70.02,3825
Puno,2023-11-22,10.85,17.8,2.45,53.35,0.3,3.47,62.08,-15.84,-70.02,3825
Puno,2023-11-23,10.68,16.34,3.95,67.3,1.15,3.33,62.19,-15.84,-70.02,3825
Puno,2023-11-24,8.5,14.58,4.03,71.36,4.93,3.65,62.38,-15.84,-70.02,3825
Puno,2023-11-25,8.35,14.18,4.97,76.98,7.99,3.12,62.26,-15.84,-70.02,3825
Puno,2023-11-26,8.27,15.81,2.77,74.49,9.13,3.3,62.17,-15.84,-70.02,3825
Puno,2023-11-27,9.25,15.93,3.79,64.14,3.88,2.38,62.26,-15.84,-70.02,3825
Puno,2023-11-28,9.86,17.55,1.9,61.89,0.57,3.48,62.32,-15.84,-70.02,3825
Puno,2023-11-29,9.22,16.37,2.61,72.44,2.08,3.56,62.2,-15.84,-70.02,3825
Puno,2023-11-30,9.32,16.69,4.06,73.76,4.17,4.29,62.17,-15.84,-70.02,3825
Puno,2023-12-01,9.86,17.02,3.8,59.3,20.52,2.22,62.23,-15.84,-70.02,3825
Puno,2023-12-02,11.22,20.29,3.04,60.15,23.51,2.42,62.17,-15.84,-70.02,3825
Puno,2023-12-03,11.89,20.47,4.14,52.4,2.77,2.32,62.13,-15.84,-70.02,3825
Puno,2023-12-04,12.31,19.96,6.52,55.88,1.37,2.65,62.16,-15.84,-70.02,3825
Puno,2023-12-05,10.77,17.85,5.11,58.16,0.28,2.81,62.25,-15.84,-70.02,3825
Puno,2023-12-06,10.97,16.22,5.75,64.97,0.26,2.93,62.26,-15.84,-70.02,3825
Puno,2023-12-07,11.12,16.59,7.34,69.55,0.24,3.55,62.34,-15.84,-70.02,3825
Puno,2023-12-08,10.65,16.14,7.34,69.5,0.15,5.37,62.42,-15.84,-70.02,3825
Puno,2023-12-09,11.32,17.51,6.48,65.39,0.0,4.15,62.37,-15.84,-70.02,3825
Puno,2023-12-10,11.18,17.28,6.95,69.12,7.83,4.19,62.24,-15.84,-70.02,3825
Puno,2023-12-11,10.5,15.75,6.4,70.46,2.42,4.01,62.23,-15.84,-70.02,3825
Puno,2023-12-12,11.05,16.56,5.13,70.92,2.17,3.49,62.25,-15.84,-70.02,3825
Puno,2023-12-13,9.37,15.82,2.39,72.4,0.75,3.47,62.21,-15.84,-70.02,3825
Puno,2023-12-14,9.81,16.85,6.22,71.95,2.61,2.63,62.13,-15.84,-70.02,3825
Puno,2023-12-15,9.34,17.32,3.77,71.08,4.19,2.12,62.26,-15.84,-70.02,3825
Puno,2023-12-16,10.8,16.76,4.15,67.83,0.96,2.5,62.33,-15.84,-70.02,3825
Puno,2023-12-17,11.14,17.0,6.86,63.92,0.12,2.02,62.33,-15.84,-70.02,3825
Puno,2023-12-18,11.92,17.82,6.5,59.27,0.11,3.23,62.18,-15.84,-70.02,3825
Puno,2023-12-19,10.72,15.55,6.13,63.41,6.49,3.01,62.18,-15.84,-70.02,3825
Puno,2023-12-20,10.3,18.44,3.87,61.97,12.74,2.79,62.23,-15.84,-70.02,3825
Puno,2023-12-21,11.39,18.78,4.28,66.21,0.01,3.07,62.34,-15.84,-70.02,3825
Puno,2023-12-22,10.65,13.85,8.3,73.41,0.0,2.99,62.42,-15.84,-70.02,3825
Puno,2023-12-23,11.69,17.39,7.76,64.98,0.0,2.86,62.45,-15.84,-70.02,3825
Puno,2023-12-24,11.84,18.43,5.83,63.08,0.0,3.73,62.49,-15.84,-70.02,3825
Puno,2023-12-25,11.89,18.51,6.87,60.96,0.0,3.68,62.52,-15.84,-70.02,3825
Puno,2023-12-26,9.48,13.39,5.66,67.62,0.0,4.26,62.57,-15.84,-70.02,3825
Puno,2023-12-27,10.44,16.63,4.7,64.01,5.8,3.77,62.43,-15.84,-70.02,3825
Puno,2023-12-28,11.1,16.89,6.07,69.17,4.42,2.77,62.35,-15.84,-70.02,3825
Puno,2023-12-29,10.95,17.07,6.43,69.07,0.26,3.26,62.37,-15.84,-70.02,3825
Puno,2023-12-30,8.48,16.41,3.25,72.74,0.64,3.41,62.4,-15.84,-70.02,3825
Puno,2023-12-31,10.11,18.22,4.03,66.08,0.04,2.37,62.33,-15.84,-70.02,3825
Puno,2024-01-01,11.15,18.23,4.05,59.45,3.7,2.76,62.3,-15.84,-70.02,3825
Puno,2024-01-02,10.88,14.65,7.94,70.39,2.17,2.26,62.26,-15.84,-70.02,3825
Puno,2024-01-03,9.43,14.8,3.31,77.6,17.21,3.68,62.26,-15.84,-70.02,3825
Puno,2024-01-04,7.07,12.01,2.48,80.72,6.73,2.9,62.4,-15.84,-70.02,3825
Puno,2024-01-05,9.71,15.2,5.46,71.98,0.56,4.39,62.39,-15.84,-70.02,3825
Puno,2024-01-06,10.37,16.96,5.57,63.88,0.0,3.65,62.39,-15.84,-70.02,3825
Puno,2024-01-07,11.25,18.26,5.73,58.22,0.04,3.43,62.33,-15.84,-70.02,3825
Puno,2024-01-08,11.96,19.54,6.68,57.31,0.0,3.26,62.35,-15.84,-70.02,3825
Puno,2024-01-09,11.81,19.19,6.06,57.08,0.0,3.08,62.4,-15.84,-70.02,3825
Puno,2024-01-10,12.33,19.32,6.44,54.58,0.0,3.39,62.32,-15.84,-70.02,3825
Puno,2024-01-11,11.23,17.12,6.69,62.62,0.01,3.95,62.36,-15.84,-70.02,3825
Puno,2024-01-12,11.03,18.03,4.93,58.91,0.0,3.91,62.37,-15.84,-70.02,3825
Puno,2024-01-13,11.54,17.76,6.55,56.01,0.0,3.45,62.36,-15.84,-70.02,3825
Puno,2024-01-14,11.94,18.3,7.08,63.85,0.34,3.71,62.36,-15.84,-70.02,3825
Puno,2024-01-15,10.49,14.79,7.19,72.43,1.65,5.54,62.39,-15.84,-70.02,3825
Puno,2024-01-16,10.99,15.38,7.32,72.58,0.78,3.28,62.39,-15.84,-70.02,3825
Puno,2024-01-17,11.72,17.53,7.25,67.96,0.18,4.17,62.46,-15.84,-70.02,3825
Puno,2024-01-18,11.6,17.49,7.49,68.11,0.22,3.72,62.44,-15.84,-70.02,3825
Puno,2024-01-19,11.29,16.03,7.82,71.31,3.63,3.25,62.44,-15.84,-70.02,3825
Puno,2024-01-20,11.84,18.26,7.27,66.76,1.7,4.01,62.4,-15.84,-70.02,3825
Puno,2024-01-21,11.41,17.17,8.02,71.24,0.0,4.23,62.45,-15.84,-70.02,3825
Puno,2024-01-22,12.31,18.96,7.51,62.95,0.0,4.06,62.44,-15.84,-70.02,3825
Puno,2024-01-23,11.62,16.97,7.79,67.74,0.34,3.52,62.4,-15.84,-70.02,3825
Puno,2024-01-24,10.53,17.18,6.55,66.57,0.84,2.26,62.32,-15.84,-70.02,3825
Puno,2024-01-25,7.59,14.51,2.73,79.72,9.87,3.66,62.29,-15.84,-70.02,3825
Puno,2024-01-26,9.97,17.37,2.99,71.41,3.97,2.31,62.34,-15.84,-70.02,3825
Puno,2024-01-27,9.97,17.2,2.99,70.06,1.71,3.21,62.35,-15.84,-70.02,3825
Puno,2024-01-28,8.82,16.11,4.04,75.01,10.92,2.81,62.35,-15.84,-70.02,3825
Puno,2024-01-29,10.09,16.65,4.56,71.56,5.92,2.66,62.39,-15.84,-70.02,3825
Puno,2024-01-30,9.51,16.31,3.77,71.42,7.15,3.13,62.39,-15.84,-70.02,3825
Puno,2024-01-31,9.4,16.1,3.19,73.22,2.69,3.83,62.45,-15.84,-70.02,3825
Puno,2024-02-01,10.83,17.08,6.02,69.12,1.0,4.24,62.5,-15.84,-70.02,3825
Puno,2024-02-02,9.73,15.85,5.13,69.33,4.09,4.22,62.49,-15.84,-70.02,3825
Puno,2024-02-03,9.93,15.53,5.72,71.37,0.92,3.76,62.4,-15.84,-70.02,3825
Puno,2024-02-04,10.07,16.29,5.55,68.98,0.0,4.3,62.38,-15.84,-70.02,3825
Puno,2024-02-05,9.47,14.43,5.73,71.38,15.71,3.3,62.37,-15.84,-70.02,3825
Puno,2024-02-06,9.71,14.74,5.64,69.17,0.88,4.1,62.36,-15.84,-70.02,3825
Puno,2024-02-07,8.33,16.2,2.78,74.02,0.47,2.48,62.33,-15.84,-70.02,3825
Puno,2024-02-08,10.87,19.71,3.94,54.71,0.08,2.14,62.26,-15.84,-70.02,3825
Puno,2024-02-09,10.76,18.73,4.84,46.58,0.01,1.38,62.33,-15.84,-70.02,3825
Puno,2024-02-10,10.44,18.33,3.58,61.86,1.37,2.53,62.37,-15.84,-70.02,3825
Puno,2024-02-11,8.11,13.81,3.27,77.13,9.38,2.95,62.38,-15.84,-70.02,3825
Puno,2024-02-12,7.64,13.51,2.82,81.37,4.91,3.0,62.36,-15.84,-70.02,3825
Puno,2024-02-13,10.63,16.86,6.2,73.67,2.66,3.76,62.41,-15.84,-70.02,3825
Puno,2024-02-14,10.5,16.8,5.46,74.39,4.76,4.12,62.51,-15.84,-70.02,3825
Puno,2024-02-15,10.3,16.35,5.52,77.0,4.91,3.66,62.54,-15.84,-70.02,3825
Puno,2024-02-16,11.12,17.43,6.32,73.23,1.65,3.63,62.52,-15.84,-70.02,3825
Puno,2024-02-17,11.42,17.31,7.93,70.81,1.95,3.31,62.45,-15.84,-70.02,3825
Puno,2024-02-18,11.63,17.89,6.95,69.35,1.56,3.59,62.41,-15.84,-70.02,3825
Puno,2024-02-19,10.62,16.13,6.94,73.81,5.31,2.65,62.37,-15.84,-70.02,3825
Puno,2024-02-20,8.46,13.46,4.23,76.91,1.98,1.99,62.31,-15.84,-70.02,3825
Puno,2024-02-21,9.08,16.29,4.03,71.12,3.19,2.52,62.14,-15.84,-70.02,3825
Puno,2024-02-22,10.3,19.86,1.92,60.77,0.05,2.58,62.08,-15.84,-70.02,3825
Puno,2024-02-23,9.71,14.58,5.04,70.97,0.1,3.47,62.22,-15.84,-70.02,3825
Puno,2024-02-24,8.16,12.93,4.26,80.31,2.59,3.7,62.39,-15.84,-70.02,3825
Puno,2024-02-25,8.0,11.78,5.1,84.09,5.38,3.82,62.48,-15.84,-70.02,3825
Puno,2024-02-26,9.28,15.13,5.21,77.2,2.33,4.2,62.45,-15.84,-70.02,3825
Puno,2024-02-27,9.51,15.38,5.36,77.01,3.56,4.13,62.37,-15.84,-70.02,3825
Puno,2024-02-28,8.95,13.6,5.51,78.71,13.08,2.59,62.36,-15.84,-70.02,3825
Puno,2024-02-29,8.51,15.23,4.39,76.72,1.08,2.94,62.41,-15.84,-70.02,3825
Puno,2024-03-01,8.76,14.14,5.01,74.14,0.13,4.92,62.47,-15.84,-70.02,3825
Puno,2024-03-02,9.72,15.96,4.56,70.27,0.33,3.89,62.46,-15.84,-70.02,3825
Puno,2024-03-03,10.03,16.12,5.8,72.68,2.01,3.28,62.4,-15.84,-70.02,3825
Puno,2024-03-04,9.81,16.21,5.62,72.48,2.39,3.75,62.34,-15.84,-70.02,3825
Puno,2024-03-05,9.75,15.54,5.31,75.01,1.96,4.29,62.28,-15.84,-70.02,3825
Puno,2024-03-06,9.84,17.1,4.82,75.65,8.31,2.82,62.27,-15.84,-70.02,3825
Puno,2024-03-07,8.82,14.97,3.35,76.9,14.43,2.3,62.4,-15.84,-70.02,3825
Puno,2024-03-08,9.99,15.75,4.7,78.22,11.79,3.48,62.4,-15.84,-70.02,3825
Puno,2024-03-09,10.49,16.12,5.75,75.86,7.21,2.47,62.45,-15.84,-70.02,3825
Puno,2024-03-10,9.71,14.11,6.15,78.68,10.17,3.03,62.48,-15.84,-70.02,3825
Puno,2024-03-11,10.03,15.77,5.66,76.93,1.61,3.66,62.57,-15.84,-70.02,3825
Puno,2024-03-12,10.07,14.49,5.86,78.49,0.35,2.52,62.61,-15.84,-70.02,3825
Puno,2024-03-13,10.73,15.63,6.88,78.59,0.85,3.3,62.52,-15.84,-70.02,3825
Puno,2024-03-14,10.88,15.74,7.0,75.12,0.03,3.55,62.48,-15.84,-70.02,3825
Puno,2024-03-15,11.98,19.08,6.19,68.73,0.0,2.54,62.38,-15.84,-70.02,3825
Puno,2024-03-16,10.81,15.64,7.53,73.58,1.18,1.56,62.33,-15.84,-70.02,3825
Puno,2024-03-17,10.08,15.59,6.85,75.33,3.64,3.93,62.32,-15.84,-70.02,3825
Puno,2024-03-18,10.51,17.69,4.52,73.02,0.55,2.32,62.3,-15.84,-70.02,3825
Puno,2024-03-19,8.55,14.78,2.56,75.01,1.05,1.63,62.32,-15.84,-70.02,3825
Puno,2024-03-20,11.0,18.7,4.18,62.48,3.65,1.46,62.24,-15.84,-70.02,3825
Puno,2024-03-21,10.34,17.23,3.18,66.56,0.41,2.98,62.35,-15.84,-70.02,3825
Puno,2024-03-22,8.63,14.25,4.44,80.57,3.07,3.42,62.47,-15.84,-70.02,3825
Puno,2024-03-23,9.98,16.36,5.4,69.48,0.01,2.89,62.45,-15.84,-70.02,3825
Puno,2024-03-24,10.76,17.24,6.3,68.1,0.0,3.02,62.37,-15.84,-70.02,3825
Puno,2024-03-25,9.89,15.15,5.75,74.06,0.78,3.47,62.38,-15.84,-70.02,3825
Puno,2024-03-26,9.77,15.31,5.87,72.54,2.37,2.77,62.35,-15.84,-70.02,3825
Puno,2024-03-27,8.12,13.32,2.83,77.14,0.47,2.22,62.34,-15.84,-70.02,3825
Puno,2024-03-28,8.35,15.25,2.71,61.62,0.01,2.91,62.41,-15.84,-70.02,3825
Puno,2024-03-29,9.17,15.92,2.49,60.75,0.0,2.0,62.47,-15.84,-70.02,3825
Puno,2024-03-30,10.3,16.14,5.86,69.1,0.0,2.15,62.42,-15.84,-70.02,3825
Puno,2024-03-31,9.61,15.66,5.54,73.22,3.47,2.8,62.45,-15.84,-70.02,3825
Puno,2024-04-01,10.7,17.51,4.32,65.77,1.27,2.01,62.39,-15.84,-70.02,3825
Puno,2024-04-02,9.29,16.24,2.72,70.19,0.5,2.98,62.34,-15.84,-70.02,3825
Puno,2024-04-03,8.57,14.26,4.67,78.16,9.07,2.25,62.33,-15.84,-70.02,3825
Puno,2024-04-04,9.2,15.32,4.75,76.61,0.1,2.39,62.42,-15.84,-70.02,3825
Puno,2024-04-05,10.14,15.89,5.9,71.25,0.0,3.22,62.53,-15.84,-70.02,3825
Puno,2024-04-06,10.25,14.8,6.45,76.13,0.0,2.99,62.44,-15.84,-70.02,3825
Puno,2024-04-07,10.75,16.87,6.56,72.18,0.0,3.2,62.39,-15.84,-70.02,3825
Puno,2024-04-08,11.25,17.8,6.83,67.17,0.94,2.21,62.4,-15.84,-70.02,3825
Puno,2024-04-09,11.16,17.31,6.81,71.38,0.49,2.92,62.37,-15.84,-70.02,3825
Puno,2024-04-10,10.96,15.86,7.74,71.54,0.01,2.55,62.28,-15.84,-70.02,3825
Puno,2024-04-11,9.12,13.25,4.25,75.59,5.34,2.26,62.34,-15.84,-70.02,3825
Puno,2024-04-12,9.76,18.15,2.61,66.31,1.68,1.88,62.31,-15.84,-70.02,3825
Puno,2024-04-13,10.64,19.48,4.06,57.84,0.07,1.85,62.24,-15.84,-70.02,3825
Puno,2024-04-14,9.53,19.82,1.69,51.59,0.26,2.64,62.15,-15.84,-70.02,3825
Puno,2024-04-15,7.84,18.32,-0.61,45.76,0.23,2.98,62.23,-15.84,-70.02,3825
Puno,2024-04-16,8.66,18.19,-0.25,44.27,0.0,2.14,62.39,-15.84,-70.02,3825
Puno,2024-04-17,10.45,17.39,5.86,70.7,0.14,2.78,62.47,-15.84,-70.02,3825
Puno,2024-04-18,10.01,14.99,6.11,73.07,0.02,2.69,62.46,-15.84,-70.02,3825
Puno,2024-04-19,9.93,16.04,5.42,71.91,0.15,2.52,62.44,-15.84,-70.02,3825
Puno,2024-04-20,10.04,15.65,5.54,74.86,0.08,2.94,62.43,-15.84,-70.02,3825
Puno,2024-04-21,10.49,17.24,5.51,68.31,0.01,2.27,62.43,-15.84,-70.02,3825
Puno,2024-04-22,11.31,17.28,7.33,66.74,0.0,1.95,62.39,-15.84,-70.02,3825
Puno,2024-04-23,11.3,17.37,7.58,69.4,0.0,2.8,62.47,-15.84,-70.02,3825
Puno,2024-04-24,10.61,16.48,7.22,73.22,0.0,2.56,62.54,-15.84,-70.02,3825
Puno,2024-04-25,11.13,17.45,7.28,68.38,0.0,3.1,62.51,-15.84,-70.02,3825
Puno,2024-04-26,10.81,17.02,7.12,57.42,0.0,2.4,62.45,-15.84,-70.02,3825
Puno,2024-04-27,10.21,17.26,4.93,60.44,0.0,2.74,62.4,-15.84,-70.02,3825
Puno,2024-04-28,9.68,16.27,5.1,68.18,0.0,2.4,62.33,-15.84,-70.02,3825
Puno,2024-04-29,10.06,15.87,6.24,65.57,0.0,1.44,62.38,-15.84,-70.02,3825
Puno,2024-04-30,9.86,16.24,4.08,64.31,3.4,2.02,62.35,-15.84,-70.02,3825
Puno,2024-05-01,8.7,16.5,2.79,67.6,4.69,1.95,62.32,-15.84,-70.02,3825
Puno,2024-05-02,8.61,12.96,5.16,70.53,4.16,1.17,62.2,-15.84,-70.02,3825
Puno,2024-05-03,8.57,12.61,5.23,62.21,1.6,0.84,62.23,-15.84,-70.02,3825
Puno,2024-05-04,8.52,12.64,4.17,54.39,4.98,1.78,62.35,-15.84,-70.02,3825
Puno,2024-05-05,10.77,17.69,3.83,51.03,1.45,1.33,62.42,-15.84,-70.02,3825
Puno,2024-05-06,10.31,15.84,5.18,67.93,0.27,1.65,62.37,-15.84,-70.02,3825
Puno,2024-05-07,9.71,16.39,4.44,65.04,0.0,2.3,62.31,-15.84,-70.02,3825
Puno,2024-05-08,8.86,16.11,2.07,65.72,0.0,2.04,62.44,-15.84,-70.02,3825
Puno,2024-05-09,9.53,14.26,5.87,74.84,0.0,2.99,62.52,-15.84,-70.02,3825
Puno,2024-05-10,9.41,16.51,3.08,72.87,0.0,2.37,62.47,-15.84,-70.02,3825
Puno,2024-05-11,10.69,18.35,3.75,61.19,0.0,1.85,62.43,-15.84,-70.02,3825
Puno,2024-05-12,10.94,18.28,4.54,63.5,0.0,1.89,62.38,-15.84,-70.02,3825
Puno,2024-05-13,10.96,16.72,6.86,69.48,0.0,2.28,62.4,-15.84,-70.02,3825
Puno,2024-05-14,7.97,11.56,5.33,74.26,0.68,1.66,62.42,-15.84,-70.02,3825
Puno,2024-05-15,9.19,15.45,4.46,60.85,0.22,1.42,62.32,-15.84,-70.02,3825
Puno,2024-05-16,7.77,14.66,3.24,67.4,0.69,2.18,62.31,-15.84,-70.02,3825
Puno,2024-05-17,7.88,15.09,2.45,64.42,0.85,2.2,62.37,-15.84,-70.02,3825
Puno,2024-05-18,7.79,17.38,0.45,50.03,0.02,2.52,62.45,-15.84,-70.02,3825
Puno,2024-05-19,8.45,16.83,2.34,50.91,0.0,1.34,62.42,-15.84,-70.02,3825
Puno,2024-05-20,7.81,16.5,1.34,36.51,0.0,1.76,62.33,-15.84,-70.02,3825
Puno,2024-05-21,8.24,17.02,0.04,31.64,0.0,1.9,62.34,-15.84,-70.02,3825
Puno,2024-05-22,6.8,17.26,-0.67,37.54,0.0,2.05,62.4,-15.84,-70.02,3825
Puno,2024-05-23,5.65,15.9,-2.13,33.41,0.0,3.46,62.43,-15.84,-70.02,3825
Puno,2024-05-24,6.56,16.59,0.11,37.89,0.0,1.79,62.44,-15.84,-70.02,3825
Puno,2024-05-25,5.95,16.39,-1.36,40.19,0.0,3.62,62.41,-15.84,-70.02,3825
Puno,2024-05-26,4.84,15.74,-2.57,37.28,0.0,3.6,62.39,-15.84,-70.02,3825
Puno,2024-05-27,4.31,15.3,-3.7,30.04,0.12,2.08,62.41,-15.84,-70.02,3825
Puno,2024-05-28,6.0,15.87,-2.92,27.35,0.0,1.47,62.43,-15.84,-70.02,3825
Puno,2024-05-29,6.75,14.4,1.16,29.53,0.0,1.66,62.51,-15.84,-70.02,3825
Puno,2024-05-30,7.24,16.16,-0.75,32.55,0.02,1.41,62.45,-15.84,-70.02,3825
Puno,2024-05-31,6.17,16.57,-1.5,34.45,0.03,1.69,62.45,-15.84,-70.02,3825
Puno,2024-06-01,6.37,15.99,-2.22,32.91,0.0,1.92,62.41,-15.84,-70.02,3825
Puno,2024-06-02,6.33,15.2,-1.99,32.36,0.0,2.21,62.47,-15.84,-70.02,3825
Puno,2024-06-03,6.23,13.36,1.96,55.24,0.0,2.52,62.56,-15.84,-70.02,3825
Puno,2024-06-04,7.87,17.0,0.47,58.6,0.0,1.74,62.48,-15.84,-70.02,3825
Puno,2024-06-05,6.89,14.95,0.09,51.14,0.0,2.28,62.5,-15.84,-70.02,3825
Puno,2024-06-06,6.7,14.97,0.44,60.34,0.0,2.27,62.52,-15.84,-70.02,3825
Puno,2024-06-07,6.51,14.88,0.31,56.13,0.0,2.15,62.62,-15.84,-70.02,3825
Puno,2024-06-08,6.89,15.47,-0.26,42.63,0.0,1.55,62.6,-15.84,-70.02,3825
Puno,2024-06-09,6.34,14.46,-0.45,39.49,0.0,1.97,62.43,-15.84,-70.02,3825
Puno,2024-06-10,6.85,15.32,0.46,45.77,0.0,2.1,62.37,-15.84,-70.02,3825
Puno,2024-06-11,7.81,15.31,3.24,68.75,0.0,1.82,62.44,-15.84,-70.02,3825
Puno,2024-06-12,9.0,16.2,4.25,61.96,0.0,1.49,62.41,-15.84,-70.02,3825
Puno,2024-06-13,7.87,17.0,0.53,54.09,0.0,2.99,62.34,-15.84,-70.02,3825
Puno,2024-06-14,6.97,16.84,-0.61,48.67,0.0,2.41,62.36,-15.84,-70.02,3825
Puno,2024-06-15,7.31,15.65,-0.34,51.01,0.03,1.88,62.4,-15.84,-70.02,3825
Puno,2024-06-16,7.77,14.63,2.41,56.92,0.07,1.07,62.33,-15.84,-70.02,3825
Puno,2024-06-17,7.45,16.01,-0.15,52.94,0.01,1.62,62.19,-15.84,-70.02,3825
Puno,2024-06-18,6.83,15.47,0.4,48.04,0.05,2.23,62.08,-15.84,-70.02,3825
Puno,2024-06-19,5.41,11.72,-0.93,51.38,0.03,1.78,62.17,-15.84,-70.02,3825
Puno,2024-06-20,5.62,11.92,1.36,60.23,0.0,1.98,62.29,-15.84,-70.02,3825
Puno,2024-06-21,6.29,13.36,0.58,62.47,0.0,1.93,62.35,-15.84,-70.02,3825
Puno,2024-06-22,7.21,16.2,-0.11,52.34,0.0,2.14,62.38,-15.84,-70.02,3825
Puno,2024-06-23,7.42,15.7,0.98,44.63,0.0,1.68,62.39,-15.84,-70.02,3825
Puno,2024-06-24,7.22,15.03,0.64,55.77,0.04,2.13,62.4,-15.84,-70.02,3825
Puno,2024-06-25,9.22,16.12,3.47,55.63,0.01,1.06,62.42,-15.84,-70.02,3825
Puno,2024-06-26,7.11,15.48,-0.48,39.42,0.0,2.25,62.47,-15.84,-70.02,3825
Puno,2024-06-27,7.47,15.74,1.26,41.83,0.0,1.72,62.33,-15.84,-70.02,3825
Puno,2024-06-28,7.76,16.74,-0.91,38.37,0.0,1.66,62.28,-15.84,-70.02,3825
Puno,2024-06-29,7.76,15.71,0.63,55.66,2.3,1.74,62.32,-15.84,-70.02,3825
Puno,2024-06-30,6.41,15.08,0.02,48.91,0.97,2.59,62.32,-15.84,-70.02,3825
Puno,2024-07-01,6.35,14.06,0.14,32.61,0.03,1.66,62.42,-15.84,-70.02,3825
Puno,2024-07-02,7.17,14.91,1.54,34.2,0.0,1.94,62.45,-15.84,-70.02,3825
Puno,2024-07-03,7.02,14.97,1.11,40.68,0.0,1.97,62.35,-15.84,-70.02,3825
Puno,2024-07-04,7.36,15.36,0.44,34.96,0.0,1.55,62.26,-15.84,-70.02,3825
Puno,2024-07-05,7.46,16.16,-0.93,32.22,0.0,1.28,62.29,-15.84,-70.02,3825
Puno,2024-07-06,6.71,16.27,0.17,46.5,0.0,2.08,62.35,-15.84,-70.02,3825
Puno,2024-07-07,6.89,15.56,-1.17,46.03,0.0,1.53,62.35,-15.84,-70.02,3825
Puno,2024-07-08,5.65,15.98,-1.94,47.74,0.02,3.39,62.24,-15.84,-70.02,3825
Puno,2024-07-09,3.74,14.55,-3.74,35.35,0.0,4.04,62.11,-15.84,-70.02,3825
Puno,2024-07-10,3.68,13.98,-3.33,29.45,0.0,5.49,61.97,-15.84,-70.02,3825
Puno,2024-07-11,2.84,12.74,-4.39,33.37,0.01,4.71,62.0,-15.84,-70.02,3825
Puno,2024-07-12,3.77,12.53,-2.74,58.23,0.0,3.46,62.27,-15.84,-70.02,3825
Puno,2024-07-13,4.06,14.62,-3.27,45.16,0.0,3.21,62.38,-15.84,-70.02,3825
Puno,2024-07-14,4.7,15.34,-2.92,33.55,0.0,2.72,62.36,-15.84,-70.02,3825
Puno,2024-07-15,5.43,15.07,-1.92,28.32,0.0,1.8,62.37,-15.84,-70.02,3825
Puno,2024-07-16,6.19,15.1,0.16,40.29,0.0,1.84,62.49,-15.84,-70.02,3825
Puno,2024-07-17,6.27,14.14,1.15,68.03,0.0,2.14,62.58,-15.84,-70.02,3825
Puno,2024-07-18,6.15,14.63,-0.75,65.05,0.0,2.2,62.5,-15.84,-70.02,3825
Puno,2024-07-19,5.9,14.11,0.01,61.52,0.0,2.62,62.48,-15.84,-70.02,3825
Puno,2024-07-20,4.26,12.97,-1.67,53.57,0.0,3.0,62.44,-15.84,-70.02,3825
Puno,2024-07-21,5.93,15.13,-2.78,60.62,0.0,2.71,62.27,-15.84,-70.02,3825
Puno,2024-07-22,5.54,14.1,-1.28,68.43,0.05,3.26,62.35,-15.84,-70.02,3825
Puno,2024-07-23,6.4,15.62,-1.63,66.36,0.01,2.41,62.43,-15.84,-70.02,3825
Puno,2024-07-24,7.69,15.27,1.72,62.2,0.0,2.11,62.53,-15.84,-70.02,3825
Puno,2024-07-25,7.52,15.26,0.99,55.23,0.0,2.71,62.51,-15.84,-70.02,3825
Puno,2024-07-26,7.71,16.0,-0.34,55.06,0.0,1.65,62.42,-15.84,-70.02,3825
Puno,2024-07-27,8.35,15.29,3.84,69.54,0.0,1.79,62.4,-15.84,-70.02,3825
Puno,2024-07-28,9.42,17.24,4.58,58.92,0.01,1.3,62.39,-15.84,-70.02,3825
Puno,2024-07-29,8.42,15.68,3.32,67.0,0.01,1.84,62.41,-15.84,-70.02,3825
Puno,2024-07-30,8.67,16.05,2.35,57.04,0.0,1.45,62.37,-15.84,-70.02,3825
Puno,2024-07-31,8.03,16.18,0.17,46.01,0.0,1.53,62.33,-15.84,-70.02,3825
Puno,2024-08-01,7.14,16.73,0.09,46.03,0.0,2.49,62.33,-15.84,-70.02,3825
Puno,2024-08-02,5.66,16.52,-2.45,35.18,0.0,3.14,62.28,-15.84,-70.02,3825
Puno,2024-08-03,4.9,15.1,-3.45,32.52,0.0,1.96,62.22,-15.84,-70.02,3825
Puno,2024-08-04,5.56,14.33,-1.92,37.76,0.0,1.78,62.3,-15.84,-70.02,3825
Puno,2024-08-05,5.66,14.41,-1.63,47.0,0.0,2.75,62.33,-15.84,-70.02,3825
Puno,2024-08-06,5.5,13.26,-0.5,51.25,0.0,3.75,62.18,-15.84,-70.02,3825
Puno,2024-08-07,3.94,13.97,-3.62,38.19,0.0,4.93,62.12,-15.84,-70.02,3825
Puno,2024-08-08,4.6,13.52,-3.33,33.03,0.0,2.33,62.16,-15.84,-70.02,3825
Puno,2024-08-09,5.43,14.86,-2.64,29.66,0.0,2.19,62.31,-15.84,-70.02,3825
Puno,2024-08-10,5.6,15.45,-1.22,30.67,0.0,3.22,62.33,-15.84,-70.02,3825
Puno,2024-08-11,6.53,15.81,-2.35,42.87,0.0,2.68,62.31,-15.84,-70.02,3825
Puno,2024-08-12,7.36,15.82,1.8,65.48,0.0,3.0,62.35,-15.84,-70.02,3825
Puno,2024-08-13,7.29,16.4,-0.57,50.99,0.0,2.08,62.33,-15.84,-70.02,3825
Puno,2024-08-14,7.48,16.24,-0.73,43.01,0.0,1.94,62.37,-15.84,-70.02,3825
Puno,2024-08-15,7.54,14.97,0.74,56.96,0.0,2.74,62.46,-15.84,-70.02,3825
Puno,2024-08-16,7.91,14.68,2.67,64.61,0.0,3.08,62.47,-15.84,-70.02,3825
Puno,2024-08-17,7.49,14.32,2.37,66.24,0.0,3.28,62.44,-15.84,-70.02,3825
Puno,2024-08-18,8.39,15.28,3.8,65.17,0.0,2.27,62.41,-15.84,-70.02,3825
Puno,2024-08-19,8.84,15.77,2.56,66.36,0.0,3.23,62.42,-15.84,-70.02,3825
Puno,2024-08-20,9.39,17.44,2.36,60.13,0.06,3.1,62.36,-15.84,-70.02,3825
Puno,2024-08-21,8.53,18.71,1.03,50.74,0.06,3.43,62.31,-15.84,-70.02,3825
Puno,2024-08-22,7.57,18.66,-1.13,32.84,0.0,3.56,62.32,-15.84,-70.02,3825
Puno,2024-08-23,7.89,18.47,-2.84,30.32,0.01,1.66,62.32,-15.84,-70.02,3825
Puno,2024-08-24,8.35,16.51,1.23,51.68,0.01,2.25,62.43,-15.84,-70.02,3825
Puno,2024-08-25,9.27,17.47,2.45,64.88,0.0,2.28,62.45,-15.84,-70.02,3825
Puno,2024-08-26,10.07,18.16,2.04,48.57,0.0,1.62,62.38,-15.84,-70.02,3825
Puno,2024-08-27,9.91,18.34,1.92,43.34,0.0,2.35,62.38,-15.84,-70.02,3825
Puno,2024-08-28,9.85,17.58,4.74,59.39,0.0,3.15,62.35,-15.84,-70.02,3825
Puno,2024-08-29,9.57,17.1,4.26,57.84,0.0,3.12,62.4,-15.84,-70.02,3825
Puno,2024-08-30,9.35,16.92,4.27,59.17,0.0,2.17,62.35,-15.84,-70.02,3825
Puno,2024-08-31,8.39,15.82,2.78,57.93,0.0,2.74,62.35,-15.84,-70.02,3825
Puno,2024-09-01,7.68,14.53,2.51,65.45,0.0,3.62,62.4,-15.84,-70.02,3825
Puno,2024-09-02,8.01,16.44,1.54,57.56,0.01,2.35,62.34,-15.84,-70.02,3825
Puno,2024-09-03,7.81,15.88,-0.34,50.9,0.04,2.45,62.36,-15.84,-70.02,3825
Puno,2024-09-04,10.14,18.8,4.6,57.48,0.01,2.22,62.41,-15.84,-70.02,3825
Puno,2024-09-05,8.91,16.11,3.8,66.52,0.0,3.91,62.47,-15.84,-70.02,3825
Puno,2024-09-06,9.47,17.01,4.24,61.62,0.0,2.78,62.35,-15.84,-70.02,3825
Puno,2024-09-07,9.5,15.74,5.56,59.89,0.0,2.62,62.33,-15.84,-70.02,3825
Puno,2024-09-08,9.27,15.38,4.49,60.86,0.0,2.44,62.46,-15.84,-70.02,3825
Puno,2024-09-09,9.81,16.63,5.23,57.01,0.0,1.96,62.53,-15.84,-70.02,3825
Puno,2024-09-10,9.38,16.16,5.27,56.94,0.0,1.87,62.44,-15.84,-70.02,3825
Puno,2024-09-11,10.09,17.63,2.53,48.03,0.0,2.42,62.31,-15.84,-70.02,3825
Puno,2024-09-12,10.84,18.28,4.65,48.72,0.0,1.99,62.28,-15.84,-70.02,3825
Puno,2024-09-13,10.25,18.73,2.03,48.51,0.0,2.4,62.3,-15.84,-70.02,3825
Puno,2024-09-14,9.89,18.4,3.17,42.84,0.17,2.22,62.3,-15.84,-70.02,3825
Puno,2024-09-15,10.21,17.49,3.98,44.65,0.06,1.51,62.29,-15.84,-70.02,3825
Puno,2024-09-16,9.56,16.51,4.95,49.98,2.33,1.91,62.38,-15.84,-70.02,3825
Puno,2024-09-17,10.05,18.06,2.37,44.01,0.07,1.61,62.35,-15.84,-70.02,3825
Puno,2024-09-18,8.69,14.46,5.5,68.17,5.12,2.01,62.34,-15.84,-70.02,3825
Puno,2024-09-19,10.23,18.2,4.13,47.15,0.02,1.05,62.25,-15.84,-70.02,3825
Puno,2024-09-20,9.73,17.54,2.69,47.61,0.0,2.84,62.3,-15.84,-70.02,3825
Puno,2024-09-21,10.34,15.87,6.23,68.64,0.04,3.28,62.31,-15.84,-70.02,3825
Puno,2024-09-22,10.52,17.65,4.84,54.82,0.02,2.9,62.36,-15.84,-70.02,3825
Puno,2024-09-23,10.08,16.59,5.32,63.14,0.04,3.25,62.39,-15.84,-70.02,3825
Puno,2024-09-24,10.22,17.23,5.93,64.58,0.13,2.73,62.37,-15.84,-70.02,3825
Puno,2024-09-25,11.33,18.69,4.94,51.19,0.01,2.31,62.29,-15.84,-70.02,3825
Puno,2024-09-26,10.13,16.83,5.99,64.4,4.83,2.73,62.32,-15.84,-70.02,3825
Puno,2024-09-27,10.34,17.07,4.65,57.7,0.97,1.96,62.35,-15.84,-70.02,3825
Puno,2024-09-28,10.64,17.25,4.99,50.24,0.09,1.79,62.32,-15.84,-70.02,3825
Puno,2024-09-29,10.48,17.78,4.93,53.04,0.03,3.0,62.36,-15.84,-70.02,3825
Puno,2024-09-30,10.79,17.34,5.61,64.47,0.0,2.99,62.39,-15.84,-70.02,3825
Puno,2024-10-01,11.78,17.97,6.84,61.21,0.0,3.3,62.39,-15.84,-70.02,3825
Puno,2024-10-02,11.59,17.5,7.5,63.09,0.0,3.75,62.39,-15.84,-70.02,3825
Puno,2024-10-03,9.82,13.04,6.83,71.35,0.0,4.08,62.45,-15.84,-70.02,3825
Puno,2024-10-04,9.55,15.64,6.3,63.24,0.0,4.54,62.59,-15.84,-70.02,3825
Puno,2024-10-05,9.54,16.21,4.9,62.98,0.0,4.5,62.58,-15.84,-70.02,3825
Puno,2024-10-06,8.99,15.62,4.23,63.9,0.0,4.7,62.49,-15.84,-70.02,3825
Puno,2024-10-07,10.15,17.77,4.63,59.68,0.02,3.62,62.3,-15.84,-70.02,3825
Puno,2024-10-08,9.58,17.69,4.76,59.71,4.64,2.69,62.26,-15.84,-70.02,3825
Puno,2024-10-09,9.18,19.02,2.01,40.68,0.01,2.8,62.29,-15.84,-70.02,3825
Puno,2024-10-10,7.88,18.88,-1.98,27.95,0.0,3.49,62.25,-15.84,-70.02,3825
Puno,2024-10-11,8.6,17.79,-2.06,29.33,0.0,2.21,62.26,-15.84,-70.02,3825
Puno,2024-10-12,9.74,14.97,5.28,54.48,0.0,2.5,62.41,-15.84,-70.02,3825
Puno,2024-10-13,8.74,14.61,3.76,65.58,0.0,4.0,62.58,-15.84,-70.02,3825
Puno,2024-10-14,7.99,13.84,2.52,67.84,0.11,2.88,62.64,-15.84,-70.02,3825
Puno,2024-10-15,9.74,15.74,3.93,61.24,0.13,3.07,62.49,-15.84,-70.02,3825
Puno,2024-10-16,9.95,15.64,5.85,62.11,0.72,2.41,62.38,-15.84,-70.02,3825
Puno,2024-10-17,10.46,19.01,1.29,38.47,0.06,2.08,62.28,-15.84,-70.02,3825
Puno,2024-10-18,10.17,18.78,1.79,29.29,0.0,1.5,62.26,-15.84,-70.02,3825
Puno,2024-10-19,10.05,17.92,2.93,40.66,0.0,2.37,62.22,-15.84,-70.02,3825
Puno,2024-10-20,11.91,19.53,6.26,49.93,0.0,2.14,62.09,-15.84,-70.02,3825
Puno,2024-10-21,10.17,17.47,4.79,62.04,0.0,3.64,62.17,-15.84,-70.02,3825
Puno,2024-10-22,9.52,16.22,3.39,69.97,0.0,3.47,62.29,-15.84,-70.02,3825
Puno,2024-10-23,10.66,17.04,4.64,53.92,0.0,2.03,62.29,-15.84,-70.02,3825
Puno,2024-10-24,11.12,19.27,2.49,47.72,0.0,3.39,62.23,-15.84,-70.02,3825
Puno,2024-10-25,12.14,18.69,7.03,54.08,1.17,2.34,62.22,-15.84,-70.02,3825
Puno,2024-10-26,9.43,14.44,6.43,69.68,5.33,2.67,62.31,-15.84,-70.02,3825
Puno,2024-10-27,10.83,17.39,5.25,53.57,0.04,2.96,62.33,-15.84,-70.02,3825
Puno,2024-10-28,10.97,17.08,6.15,63.19,0.0,4.33,62.37,-15.84,-70.02,3825
Puno,2024-10-29,10.32,15.58,6.54,68.22,5.92,2.94,62.4,-15.84,-70.02,3825
Puno,2024-10-30,10.49,16.99,3.68,60.45,3.03,2.42,62.35,-15.84,-70.02,3825
Puno,2024-10-31,12.03,20.04,5.24,41.58,0.4,2.27,62.16,-15.84,-70.02,3825
Puno,2024-11-01,9.95,18.76,0.51,32.23,0.03,1.37,62.1,-15.84,-70.02,3825
Puno,2024-11-02,11.07,19.79,1.5,33.8,0.0,2.5,62.16,-15.84,-70.02,3825
Puno,2024-11-03,11.47,17.17,7.54,55.31,0.0,2.62,62.22,-15.84,-70.02,3825
Puno,2024-11-04,9.96,13.67,5.65,59.31,0.01,3.04,62.27,-15.84,-70.02,3825
Puno,2024-11-05,12.02,18.4,7.5,59.28,0.02,2.4,62.23,-15.84,-70.02,3825
Puno,2024-11-06,11.7,19.33,6.18,46.33,0.01,2.17,62.16,-15.84,-70.02,3825
Puno,2024-11-07,11.73,19.59,4.25,38.63,0.0,2.43,62.16,-15.84,-70.02,3825
Puno,2024-11-08,10.73,17.06,4.5,60.53,0.0,4.32,62.21,-15.84,-70.02,3825
Puno,2024-11-09,10.99,18.06,5.52,60.07,0.0,4.42,62.31,-15.84,-70.02,3825
Puno,2024-11-10,11.54,18.02,6.17,59.93,0.0,3.65,62.31,-15.84,-70.02,3825
Puno,2024-11-11,11.58,17.06,7.43,57.48,0.12,2.69,62.24,-15.84,-70.02,3825
Puno,2024-11-12,10.38,15.86,7.17,62.08,0.49,2.88,62.2,-15.84,-70.02,3825
Puno,2024-11-13,10.88,17.29,6.22,64.81,1.05,3.47,62.12,-15.84,-70.02,3825
Puno,2024-11-14,11.15,16.85,7.03,63.02,0.43,3.35,62.1,-15.84,-70.02,3825
Puno,2024-11-15,9.8,16.53,3.4,67.71,1.82,3.54,62.08,-15.84,-70.02,3825
Puno,2024-11-16,9.99,16.4,3.4,60.88,2.55,2.58,62.12,-15.84,-70.02,3825
Puno,2024-11-17,8.97,15.54,2.18,62.57,2.32,2.73,62.23,-15.84,-70.02,3825
Puno,2024-11-18,9.74,16.47,4.16,67.03,0.44,2.22,62.17,-15.84,-70.02,3825
Puno,2024-11-19,9.94,17.1,2.85,61.99,1.28,2.59,62.18,-15.84,-70.02,3825
Puno,2024-11-20,10.67,16.56,6.07,63.23,0.46,2.88,62.26,-15.84,-70.02,3825
Puno,2024-11-21,8.76,12.2,6.03,75.2,14.71,3.67,62.34,-15.84,-70.02,3825
Puno,2024-11-22,9.44,14.4,5.78,74.36,13.07,4.71,62.32,-15.84,-70.02,3825
Puno,2024-11-23,10.1,15.85,5.27,71.52,9.17,4.31,62.32,-15.84,-70.02,3825
Puno,2024-11-24,10.47,16.1,5.75,70.41,2.1,4.66,62.34,-15.84,-70.02,3825
Puno,2024-11-25,11.88,18.78,6.26,64.56,0.3,3.52,62.38,-15.84,-70.02,3825
Puno,2024-11-26,12.99,19.56,8.77,59.36,0.38,3.64,62.3,-15.84,-70.02,3825
Puno,2024-11-27,10.62,15.79,5.52,64.56,0.99,2.89,62.26,-15.84,-70.02,3825
Puno,2024-11-28,10.9,16.8,5.16,63.48,0.52,3.07,62.25,-15.84,-70.02,3825
Puno,2024-11-29,11.61,17.56,7.36,64.29,0.08,4.63,62.29,-15.84,-70.02,3825
Puno,2024-11-30,11.93,18.8,6.54,58.51,0.39,4.86,62.33,-15.84,-70.02,3825
Puno,2024-12-01,11.51,17.19,6.41,59.95,0.22,3.24,62.26,-15.84,-70.02,3825
Puno,2024-12-02,11.26,18.44,5.68,60.1,0.34,2.7,62.15,-15.84,-70.02,3825
Puno,2024-12-03,8.17,13.15,3.72,60.63,0.45,2.87,62.22,-15.84,-70.02,3825
Puno,2024-12-04,9.62,18.51,4.42,57.6,0.0,2.72,62.23,-15.84,-70.02,3825
Puno,2024-12-05,10.56,16.56,5.63,57.79,0.01,1.65,62.16,-15.84,-70.02,3825
Puno,2024-12-06,11.38,18.07,3.67,50.08,0.0,2.12,62.09,-15.84,-70.02,3825
Puno,2024-12-07,9.63,12.57,7.17,70.97,0.0,2.46,62.15,-15.84,-70.02,3825
Puno,2024-12-08,9.34,17.18,3.59,71.95,1.37,4.04,62.25,-15.84,-70.02,3825
Puno,2024-12-09,10.44,17.5,3.95,64.74,0.41,2.99,62.29,-15.84,-70.02,3825
Puno,2024-12-10,11.26,16.9,7.02,63.99,0.01,4.13,62.36,-15.84,-70.02,3825
Puno,2024-12-11,11.25,18.58,5.28,59.47,0.0,3.98,62.35,-15.84,-70.02,3825
Puno,2024-12-12,11.27,17.82,5.85,62.53,0.0,3.1,62.25,-15.84,-70.02,3825
Puno,2024-12-13,11.28,17.37,6.58,60.19,1.06,2.58,62.18,-15.84,-70.02,3825
Puno,2024-12-14,12.2,18.65,7.13,51.16,0.4,2.8,62.16,-15.84,-70.02,3825
Puno,2024-12-15,9.99,16.7,3.4,67.9,0.0,3.34,62.22,-15.84,-70.02,3825
Puno,2024-12-16,9.57,15.74,3.46,64.46,0.0,3.47,62.35,-15.84,-70.02,3825
Puno,2024-12-17,10.74,17.08,5.89,64.95,0.1,4.4,62.36,-15.84,-70.02,3825
Puno,2024-12-18,10.03,16.74,4.79,64.96,0.01,3.36,62.27,-15.84,-70.02,3825
Puno,2024-12-19,8.99,16.12,3.9,63.31,0.12,3.14,62.22,-15.84,-70.02,3825
Puno,2024-12-20,11.23,19.6,4.0,54.71,0.42,2.91,62.19,-15.84,-70.02,3825
Puno,2024-12-21,10.91,17.22,5.41,54.23,7.39,2.22,62.27,-15.84,-70.02,3825
Puno,2024-12-22,9.49,13.61,5.29,68.53,2.33,2.88,62.35,-15.84,-70.02,3825
Puno,2024-12-23,11.86,19.56,5.95,57.51,0.0,2.33,62.32,-15.84,-70.02,3825
Puno,2024-12-24,11.94,21.3,2.15,41.34,0.0,2.76,62.2,-15.84,-70.02,3825
Puno,2024-12-25,9.84,17.03,4.99,59.52,0.0,3.24,62.21,-15.84,-70.02,3825
Puno,2024-12-26,12.07,20.8,4.75,46.83,0.0,1.21,62.12,-15.84,-70.02,3825
Puno,2024-12-27,12.1,19.1,5.99,53.12,0.82,2.28,62.22,-15.84,-70.02,3825
Puno,2024-12-28,11.11,16.49,5.87,57.42,0.57,2.97,62.33,-15.84,-70.02,3825
Puno,2024-12-29,10.65,16.09,6.17,62.49,1.12,3.53,62.28,-15.84,-70.02,3825
Puno,2024-12-30,10.63,16.69,6.37,63.99,0.26,3.45,62.2,-15.84,-70.02,3825
Puno,2024-12-31,11.18,17.96,4.69,56.68,0.0,3.88,62.22,-15.84,-70.02,3825
