station,date,tmean,tmax,tmin,rh,precip,wind,pressure,latitude,longitude,elevation
Yunguyo,2000-01-01,7.73,10.35,5.22,82.38,11.43,1.96,63.6,-16.25,-69.08333,3826
Yunguyo,2000-01-02,9.93,14.55,6.49,70.28,1.97,4.25,63.59,-16.25,-69.08333,3826
Yunguyo,2000-01-03,10.36,16.01,5.72,61.45,0.14,2.73,63.56,-16.25,-69.08333,3826
Yunguyo,2000-01-04,10.14,15.7,6.26,62.55,0.61,2.05,63.5,-16.25,-69.08333,3826
Yunguyo,2000-01-05,9.26,13.41,6.41,70.65,2.25,3.78,63.54,-16.25,-69.08333,3826
Yunguyo,2000-01-06,8.31,12.22,5.1,73.02,1.17,5.06,63.63,-16.25,-69.08333,3826
Yunguyo,2000-01-07,8.62,13.88,4.64,63.47,4.6,3.94,63.61,-16.25,-69.08333,3826
Yunguyo,2000-01-08,9.3,14.52,5.02,61.77,9.35,3.82,63.59,-16.25,-69.08333,3826
Yunguyo,2000-01-09,8.8,13.43,5.05,72.2,2.27,5.13,63.64,-16.25,-69.08333,3826
Yunguyo,2000-01-10,8.95,13.82,5.0,70.3,3.76,4.09,63.63,-16.25,-69.08333,3826
Yunguyo,2000-01-11,9.26,14.63,4.86,71.04,0.63,4.36,63.61,-16.25,-69.08333,3826
Yunguyo,2000-01-12,9.91,14.98,5.7,70.45,0.65,4.35,63.57,-16.25,-69.08333,3826
Yunguyo,2000-01-13,9.72,14.67,5.39,71.49,10.68,3.93,63.58,-16.25,-69.08333,3826
Yunguyo,2000-01-14,10.61,15.76,6.64,68.63,3.79,3.5,63.51,-16.25,-69.08333,3826
Yunguyo,2000-01-15,9.29,13.3,5.47,74.14,15.22,3.03,63.44,-16.25,-69.08333,3826
Yunguyo,2000-01-16,7.31,11.5,3.27,79.68,4.78,3.3,63.45,-16.25,-69.08333,3826
Yunguyo,2000-01-17,9.13,13.43,6.46,77.85,2.04,5.22,63.55,-16.25,-69.08333,3826
Yunguyo,2000-01-18,9.21,13.76,5.29,74.29,2.14,5.34,63.86,-16.25,-69.08333,3826
Yunguyo,2000-01-19,7.52,10.97,4.75,78.43,3.31,5.24,63.9,-16.25,-69.08333,3826
Yunguyo,2000-01-20,8.92,12.93,5.27,74.37,1.67,3.95,63.76,-16.25,-69.08333,3826
Yunguyo,2000-01-21,10.2,13.54,7.4,71.33,4.43,1.77,63.61,-16.25,-69.08333,3826
Yunguyo,2000-01-22,8.68,13.24,4.8,78.49,0.56,3.11,63.65,-16.25,-69.08333,3826
Yunguyo,2000-01-23,9.46,14.34,5.9,74.83,0.19,5.06,63.67,-16.25,-69.08333,3826
Yunguyo,2000-01-24,9.95,14.9,6.15,72.66,2.6,3.92,63.64,-16.25,-69.08333,3826
Yunguyo,2000-01-25,10.01,14.45,6.57,75.76,8.54,4.2,63.64,-16.25,-69.08333,3826
Yunguyo,2000-01-26,9.21,12.79,6.84,73.32,4.83,4.31,63.72,-16.25,-69.08333,3826
Yunguyo,2000-01-27,9.6,14.75,5.15,73.87,7.58,3.94,63.72,-16.25,-69.08333,3826
Yunguyo,2000-01-28,9.66,14.86,5.81,77.62,10.28,3.53,63.62,-16.25,-69.08333,3826
Yunguyo,2000-01-29,9.95,14.72,6.89,77.61,4.32,3.93,63.53,-16.25,-69.08333,3826
Yunguyo,2000-01-30,7.21,9.84,5.15,81.99,3.75,1.65,63.67,-16.25,-69.08333,3826
Yunguyo,2000-01-31,8.67,12.54,4.61,81.18,1.48,4.17,63.84,-16.25,-69.08333,3826
Yunguyo,2000-02-01,10.16,14.92,6.12,74.12,1.05,4.67,63.86,-16.25,-69.08333,3826
Yunguyo,2000-02-02,10.16,15.15,6.03,74.5,3.08,3.02,63.72,-16.25,-69.08333,3826
Yunguyo,2000-02-03,8.49,12.92,5.13,73.15,4.66,2.66,63.62,-16.25,-69.08333,3826
Yunguyo,2000-02-04,10.22,15.99,5.63,60.2,1.75,3.5,63.58,-16.25,-69.08333,3826
Yunguyo,2000-02-05,10.82,16.19,7.08,65.35,5.18,2.29,63.67,-16.25,-69.08333,3826
Yunguyo,2000-02-06,9.61,13.63,5.85,68.53,0.37,3.14,63.78,-16.25,-69.08333,3826
Yunguyo,2000-02-07,10.3,14.32,7.08,76.36,4.72,4.83,63.79,-16.25,-69.08333,3826
Yunguyo,2000-02-08,10.89,15.66,7.08,72.34,1.19,3.56,63.72,-16.25,-69.08333,3826
Yunguyo,2000-02-09,9.49,12.04,7.57,76.21,2.46,2.46,63.65,-16.25,-69.08333,3826
Yunguyo,2000-02-10,8.32,11.57,4.87,80.9,9.15,2.98,63.64,-16.25,-69.08333,3826
Yunguyo,2000-02-11,9.86,14.08,6.9,72.96,4.23,3.32,63.61,-16.25,-69.08333,3826
Yunguyo,2000-02-12,8.76,12.2,5.59,77.69,0.42,3.37,63.61,-16.25,-69.08333,3826
Yunguyo,2000-02-13,9.2,13.89,5.5,72.36,0.07,4.21,63.63,-16.25,-69.08333,3826
Yunguyo,2000-02-14,8.86,13.74,5.76,73.77,0.87,5.25,63.77,-16.25,-69.08333,3826
Yunguyo,2000-02-15,8.08,13.3,4.16,76.44,1.41,4.66,63.82,-16.25,-69.08333,3826
Yunguyo,2000-02-16,7.73,11.98,4.94,79.62,17.49,5.32,63.82,-16.25,-69.08333,3826
Yunguyo,2000-02-17,7.63,12.46,4.25,78.07,7.16,5.07,63.78,-16.25,-69.08333,3826
Yunguyo,2000-02-18,8.01,13.11,3.93,74.81,0.62,4.16,63.73,-16.25,-69.08333,3826
Yunguyo,2000-02-19,8.42,13.65,3.91,73.55,1.82,4.0,63.76,-16.25,-69.08333,3826
Yunguyo,2000-02-20,8.31,12.79,4.82,77.01,11.43,4.27,63.79,-16.25,-69.08333,3826
Yunguyo,2000-02-21,8.42,13.48,4.77,75.98,2.68,4.51,63.74,-16.25,-69.08333,3826
Yunguyo,2000-02-22,8.59,13.24,4.82,77.47,20.65,3.61,63.68,-16.25,-69.08333,3826
Yunguyo,2000-02-23,9.02,13.17,5.83,77.58,7.65,4.18,63.66,-16.25,-69.08333,3826
Yunguyo,2000-02-24,9.15,13.6,5.38,78.19,4.13,4.7,63.66,-16.25,-69.08333,3826
Yunguyo,2000-02-25,9.27,13.84,5.96,77.88,10.17,4.97,63.65,-16.25,-69.08333,3826
Yunguyo,2000-02-26,9.64,14.75,5.68,71.38,10.5,2.99,63.68,-16.25,-69.08333,3826
Yunguyo,2000-02-27,10.19,14.89,6.93,71.3,2.96,3.09,63.65,-16.25,-69.08333,3826
Yunguyo,2000-02-28,9.54,13.48,6.51,79.0,1.07,5.26,63.67,-16.25,-69.08333,3826
Yunguyo,2000-02-29,9.52,13.38,6.53,76.45,3.88,4.83,63.81,-16.25,-69.08333,3826
Yunguyo,2000-03-01,10.26,14.83,6.76,75.75,6.1,3.9,63.81,-16.25,-69.08333,3826
Yunguyo,2000-03-02,10.36,15.05,6.9,73.27,6.34,4.07,63.75,-16.25,-69.08333,3826
Yunguyo,2000-03-03,10.67,15.76,6.45,70.14,5.02,3.63,63.67,-16.25,-69.08333,3826
Yunguyo,2000-03-04,10.2,14.06,7.62,74.6,1.63,4.19,63.7,-16.25,-69.08333,3826
Yunguyo,2000-03-05,9.76,14.14,5.82,75.91,3.44,4.43,63.77,-16.25,-69.08333,3826
Yunguyo,2000-03-06,9.43,13.2,7.25,79.0,6.31,4.48,63.82,-16.25,-69.08333,3826
Yunguyo,2000-03-07,8.64,12.59,5.72,78.66,5.34,4.65,63.79,-16.25,-69.08333,3826
Yunguyo,2000-03-08,9.52,14.58,5.81,77.01,2.38,4.19,63.6,-16.25,-69.08333,3826
Yunguyo,2000-03-09,9.44,14.05,6.25,80.26,8.11,5.11,63.58,-16.25,-69.08333,3826
Yunguyo,2000-03-10,7.71,13.14,2.78,80.36,9.86,2.6,63.68,-16.25,-69.08333,3826
Yunguyo,2000-03-11,6.93,10.3,2.53,76.23,10.11,2.09,63.69,-16.25,-69.08333,3826
Yunguyo,2000-03-12,9.78,14.18,6.25,70.43,13.86,1.65,63.56,-16.25,-69.08333,3826
Yunguyo,2000-03-13,10.47,17.4,5.2,53.91,1.62,2.41,63.52,-16.25,-69.08333,3826
Yunguyo,2000-03-14,10.22,14.92,5.7,64.11,2.43,2.98,63.55,-16.25,-69.08333,3826
Yunguyo,2000-03-15,8.83,11.86,5.21,80.78,2.83,2.85,63.58,-16.25,-69.08333,3826
Yunguyo,2000-03-16,10.41,16.3,4.81,51.18,0.05,2.05,63.6,-16.25,-69.08333,3826
Yunguyo,2000-03-17,8.97,14.48,4.04,71.67,0.06,2.48,63.62,-16.25,-69.08333,3826
Yunguyo,2000-03-18,9.78,14.1,6.96,72.18,3.01,3.89,63.58,-16.25,-69.08333,3826
Yunguyo,2000-03-19,9.16,13.23,6.02,76.26,1.94,3.43,63.55,-16.25,-69.08333,3826
Yunguyo,2000-03-20,9.09,12.36,6.62,79.99,1.3,4.09,63.58,-16.25,-69.08333,3826
Yunguyo,2000-03-21,9.34,13.82,6.15,73.3,1.36,3.99,63.74,-16.25,-69.08333,3826
Yunguyo,2000-03-22,8.18,12.67,4.92,74.76,1.31,3.77,63.81,-16.25,-69.08333,3826
Yunguyo,2000-03-23,8.09,12.08,5.09,75.5,2.19,3.81,63.7,-16.25,-69.08333,3826
Yunguyo,2000-03-24,7.8,12.33,4.32,76.89,8.73,4.49,63.8,-16.25,-69.08333,3826
Yunguyo,2000-03-25,8.19,12.77,4.1,69.23,1.13,3.76,63.93,-16.25,-69.08333,3826
Yunguyo,2000-03-26,10.46,15.11,6.1,54.88,0.32,1.98,63.75,-16.25,-69.08333,3826
Yunguyo,2000-03-27,9.82,13.35,6.86,71.52,0.15,2.84,63.68,-16.25,-69.08333,3826
Yunguyo,2000-03-28,8.89,12.64,6.08,73.31,0.07,4.42,63.77,-16.25,-69.08333,3826
Yunguyo,2000-03-29,8.65,12.37,6.4,75.86,0.12,2.42,63.77,-16.25,-69.08333,3826
Yunguyo,2000-03-30,9.53,14.11,6.33,65.96,0.03,2.73,63.65,-16.25,-69.08333,3826
Yunguyo,2000-03-31,8.02,12.47,4.56,73.51,0.0,4.72,63.66,-16.25,-69.08333,3826
Yunguyo,2000-04-01,7.47,12.4,4.08,74.78,0.02,4.93,63.79,-16.25,-69.08333,3826
Yunguyo,2000-04-02,7.1,12.35,2.64,70.49,0.02,3.89,63.93,-16.25,-69.08333,3826
Yunguyo,2000-04-03,8.0,13.42,3.77,69.23,0.0,3.72,63.9,-16.25,-69.08333,3826
Yunguyo,2000-04-04,8.4,13.71,4.67,64.73,1.15,3.36,63.89,-16.25,-69.08333,3826
Yunguyo,2000-04-05,7.75,13.31,4.0,60.15,1.15,3.44,63.94,-16.25,-69.08333,3826
Yunguyo,2000-04-06,7.85,13.12,3.35,67.69,0.18,3.4,63.92,-16.25,-69.08333,3826
Yunguyo,2000-04-07,9.73,14.86,5.9,70.26,0.03,2.83,63.76,-16.25,-69.08333,3826
Yunguyo,2000-04-08,9.06,14.37,5.2,67.24,0.09,4.14,63.78,-16.25,-69.08333,3826
Yunguyo,2000-04-09,8.55,13.36,4.89,73.42,0.73,3.29,63.86,-16.25,-69.08333,3826
Yunguyo,2000-04-10,9.19,14.8,5.4,70.0,0.05,3.67,63.89,-16.25,-69.08333,3826
Yunguyo,2000-04-11,8.84,13.88,5.03,69.24,0.24,3.15,63.93,-16.25,-69.08333,3826
Yunguyo,2000-04-12,9.43,13.98,6.55,71.08,0.23,3.01,63.83,-16.25,-69.08333,3826
Yunguyo,2000-04-13,8.24,12.47,5.09,74.67,0.03,1.95,63.72,-16.25,-69.08333,3826
Yunguyo,2000-04-14,7.2,10.98,4.08,71.7,0.01,2.53,63.76,-16.25,-69.08333,3826
Yunguyo,2000-04-15,8.61,12.84,5.45,72.77,0.6,3.6,63.82,-16.25,-69.08333,3826
Yunguyo,2000-04-16,8.77,13.25,5.22,72.6,2.34,2.91,63.84,-16.25,-69.08333,3826
Yunguyo,2000-04-17,9.61,15.17,5.65,56.84,0.06,1.75,63.7,-16.25,-69.08333,3826
Yunguyo,2000-04-18,9.29,14.7,5.76,68.55,0.77,2.76,63.69,-16.25,-69.08333,3826
Yunguyo,2000-04-19,8.48,11.25,6.57,77.37,0.52,3.36,63.76,-16.25,-69.08333,3826
Yunguyo,2000-04-20,9.3,13.68,6.41,71.27,0.0,2.37,63.81,-16.25,-69.08333,3826
Yunguyo,2000-04-21,9.29,14.3,6.01,73.14,4.6,2.82,63.78,-16.25,-69.08333,3826
Yunguyo,2000-04-22,8.27,12.95,5.15,75.38,4.48,3.08,63.78,-16.25,-69.08333,3826
Yunguyo,2000-04-23,8.27,12.75,5.16,77.09,0.57,3.49,63.83,-16.25,-69.08333,3826
Yunguyo,2000-04-24,9.7,14.2,6.42,67.49,0.61,2.49,63.82,-16.25,-69.08333,3826
Yunguyo,2000-04-25,10.01,14.39,6.93,70.58,0.27,2.02,63.8,-16.25,-69.08333,3826
Yunguyo,2000-04-26,9.74,13.85,7.2,71.87,0.01,2.65,63.82,-16.25,-69.08333,3826
Yunguyo,2000-04-27,9.4,13.24,6.79,72.32,0.05,2.52,63.9,-16.25,-69.08333,3826
Yunguyo,2000-04-28,9.51,13.64,5.7,68.93,0.84,2.59,63.95,-16.25,-69.08333,3826
Yunguyo,2000-04-29,8.71,12.8,5.35,71.98,0.37,3.27,63.93,-16.25,-69.08333,3826
Yunguyo,2000-04-30,9.97,15.14,5.82,56.11,0.0,2.01,63.79,-16.25,-69.08333,3826
Yunguyo,2000-05-01,9.92,15.47,5.84,51.43,0.02,2.17,63.73,-16.25,-69.08333,3826
Yunguyo,2000-05-02,9.73,14.56,5.99,64.16,0.04,3.61,63.66,-16.25,-69.08333,3826
Yunguyo,2000-05-03,9.86,14.08,6.23,59.84,0.01,2.44,63.69,-16.25,-69.08333,3826
Yunguyo,2000-05-04,8.76,12.91,5.5,68.17,0.92,1.61,63.77,-16.25,-69.08333,3826
Yunguyo,2000-05-05,8.64,13.32,5.36,69.35,0.22,2.91,63.85,-16.25,-69.08333,3826
Yunguyo,2000-05-06,8.53,13.4,4.76,70.47,0.06,3.33,63.84,-16.25,-69.08333,3826
Yunguyo,2000-05-07,8.7,12.37,6.31,74.52,0.01,1.89,63.82,-16.25,-69.08333,3826
Yunguyo,2000-05-08,8.83,13.47,5.61,68.82,0.01,3.46,63.85,-16.25,-69.08333,3826
Yunguyo,2000-05-09,8.75,14.33,5.18,66.63,0.0,2.5,63.92,-16.25,-69.08333,3826
Yunguyo,2000-05-10,7.84,13.08,4.36,61.52,0.0,2.98,64.02,-16.25,-69.08333,3826
Yunguyo,2000-05-11,8.91,14.31,4.74,66.13,0.0,1.94,63.91,-16.25,-69.08333,3826
Yunguyo,2000-05-12,7.86,12.29,2.38,75.67,0.0,2.01,63.81,-16.25,-69.08333,3826
Yunguyo,2000-05-13,7.94,12.79,2.66,73.68,0.16,3.69,63.76,-16.25,-69.08333,3826
Yunguyo,2000-05-14,8.14,12.29,5.0,76.83,5.27,4.39,63.76,-16.25,-69.08333,3826
Yunguyo,2000-05-15,9.55,15.42,5.28,63.55,0.04,3.51,63.69,-16.25,-69.08333,3826
Yunguyo,2000-05-16,9.07,14.17,4.53,53.57,0.01,2.67,63.7,-16.25,-69.08333,3826
Yunguyo,2000-05-17,9.09,13.8,6.17,68.38,0.01,2.39,63.8,-16.25,-69.08333,3826
Yunguyo,2000-05-18,9.56,15.21,5.71,46.82,0.0,1.41,63.82,-16.25,-69.08333,3826
Yunguyo,2000-05-19,8.75,14.32,4.53,45.32,0.0,2.33,63.76,-16.25,-69.08333,3826
Yunguyo,2000-05-20,7.77,14.21,3.45,45.01,0.0,3.06,63.79,-16.25,-69.08333,3826
Yunguyo,2000-05-21,8.04,13.69,3.55,65.3,0.0,2.51,63.85,-16.25,-69.08333,3826
Yunguyo,2000-05-22,8.35,14.2,4.45,53.09,0.0,2.18,63.93,-16.25,-69.08333,3826
Yunguyo,2000-05-23,7.77,13.12,3.91,68.96,0.0,2.4,63.99,-16.25,-69.08333,3826
Yunguyo,2000-05-24,8.75,13.78,5.06,65.97,0.0,1.82,63.95,-16.25,-69.08333,3826
Yunguyo,2000-05-25,9.23,14.95,5.1,50.8,0.0,2.28,63.85,-16.25,-69.08333,3826
Yunguyo,2000-05-26,9.29,14.51,5.83,60.89,0.0,2.69,63.85,-16.25,-69.08333,3826
Yunguyo,2000-05-27,8.77,13.38,5.46,72.02,0.0,2.99,63.86,-16.25,-69.08333,3826
Yunguyo,2000-05-28,8.12,13.14,4.93,66.34,0.0,2.38,63.82,-16.25,-69.08333,3826
Yunguyo,2000-05-29,8.92,15.14,4.38,57.97,0.0,2.67,63.69,-16.25,-69.08333,3826
Yunguyo,2000-05-30,8.28,13.07,5.44,66.83,1.05,2.95,63.72,-16.25,-69.08333,3826
Yunguyo,2000-05-31,7.32,10.81,5.4,73.19,0.22,2.14,63.74,-16.25,-69.08333,3826
Yunguyo,2000-06-01,6.99,12.41,3.76,74.87,1.69,3.84,63.59,-16.25,-69.08333,3826
Yunguyo,2000-06-02,6.28,13.18,0.83,56.99,0.37,5.46,63.66,-16.25,-69.08333,3826
Yunguyo,2000-06-03,5.75,11.94,0.19,45.27,0.0,3.27,63.83,-16.25,-69.08333,3826
Yunguyo,2000-06-04,7.94,12.83,4.02,63.44,0.0,2.43,63.87,-16.25,-69.08333,3826
Yunguyo,2000-06-05,7.63,11.62,4.76,73.19,0.0,1.94,63.85,-16.25,-69.08333,3826
Yunguyo,2000-06-06,6.38,10.54,3.19,73.57,0.65,2.2,63.88,-16.25,-69.08333,3826
Yunguyo,2000-06-07,7.1,11.89,3.13,74.03,0.18,2.46,63.83,-16.25,-69.08333,3826
Yunguyo,2000-06-08,6.61,11.04,3.35,74.94,6.83,3.09,63.82,-16.25,-69.08333,3826
Yunguyo,2000-06-09,6.17,9.66,3.7,78.19,5.97,2.68,63.81,-16.25,-69.08333,3826
Yunguyo,2000-06-10,6.36,10.25,3.82,75.15,0.65,1.66,63.78,-16.25,-69.08333,3826
Yunguyo,2000-06-11,7.19,12.35,3.42,65.66,0.02,2.09,63.76,-16.25,-69.08333,3826
Yunguyo,2000-06-12,7.48,13.37,3.25,50.34,0.0,2.84,63.76,-16.25,-69.08333,3826
Yunguyo,2000-06-13,6.41,12.43,1.49,37.59,0.0,2.6,63.73,-16.25,-69.08333,3826
Yunguyo,2000-06-14,6.81,13.0,1.81,39.51,0.07,2.65,63.67,-16.25,-69.08333,3826
Yunguyo,2000-06-15,6.98,13.05,2.04,43.97,0.03,2.87,63.66,-16.25,-69.08333,3826
Yunguyo,2000-06-16,7.12,11.24,3.72,62.55,0.07,2.25,63.69,-16.25,-69.08333,3826
Yunguyo,2000-06-17,6.15,10.82,3.4,75.75,1.37,2.95,63.72,-16.25,-69.08333,3826
Yunguyo,2000-06-18,6.76,13.12,2.64,60.45,0.13,3.22,63.72,-16.25,-69.08333,3826
Yunguyo,2000-06-19,5.76,12.62,0.58,40.86,0.0,3.76,63.78,-16.25,-69.08333,3826
Yunguyo,2000-06-20,5.47,11.07,0.3,36.67,0.0,2.86,63.85,-16.25,-69.08333,3826
Yunguyo,2000-06-21,6.26,11.46,2.18,60.66,0.0,2.6,63.88,-16.25,-69.08333,3826
Yunguyo,2000-06-22,6.86,12.39,2.56,64.53,0.0,2.22,63.78,-16.25,-69.08333,3826
Yunguyo,2000-06-23,7.59,13.47,3.27,50.76,0.0,2.39,63.74,-16.25,-69.08333,3826
Yunguyo,2000-06-24,7.14,12.72,1.82,48.99,0.0,3.37,63.73,-16.25,-69.08333,3826
Yunguyo,2000-06-25,8.21,12.35,5.16,62.07,0.0,2.16,63.67,-16.25,-69.08333,3826
Yunguyo,2000-06-26,7.58,12.21,4.15,59.64,0.0,2.9,63.7,-16.25,-69.08333,3826
Yunguyo,2000-06-27,8.08,12.74,4.86,63.22,0.0,1.9,63.73,-16.25,-69.08333,3826
Yunguyo,2000-06-28,7.84,13.45,3.55,48.51,0.0,2.35,63.7,-16.25,-69.08333,3826
Yunguyo,2000-06-29,7.63,14.8,1.81,37.52,0.0,2.6,63.72,-16.25,-69.08333,3826
Yunguyo,2000-06-30,7.75,12.87,4.4,54.12,0.0,2.34,63.78,-16.25,-69.08333,3826
Yunguyo,2000-07-01,7.88,13.02,4.13,52.99,0.0,1.79,63.73,-16.25,-69.08333,3826
Yunguyo,2000-07-02,6.56,12.09,2.49,41.41,0.0,2.42,63.83,-16.25,-69.08333,3826
Yunguyo,2000-07-03,6.61,11.67,3.83,68.48,0.18,2.64,63.9,-16.25,-69.08333,3826
Yunguyo,2000-07-04,5.68,10.14,2.95,68.98,0.01,2.51,63.9,-16.25,-69.08333,3826
Yunguyo,2000-07-05,5.75,10.72,2.34,64.94,0.06,1.78,63.83,-16.25,-69.08333,3826
Yunguyo,2000-07-06,6.89,11.77,3.15,57.46,0.0,1.83,63.67,-16.25,-69.08333,3826
Yunguyo,2000-07-07,7.34,13.3,2.86,51.24,0.0,2.41,63.61,-16.25,-69.08333,3826
Yunguyo,2000-07-08,7.42,13.55,2.56,50.38,0.02,3.44,63.57,-16.25,-69.08333,3826
Yunguyo,2000-07-09,7.2,13.59,2.44,52.9,0.01,4.68,63.51,-16.25,-69.08333,3826
Yunguyo,2000-07-10,5.45,12.68,0.34,39.21,0.0,5.93,63.63,-16.25,-69.08333,3826
Yunguyo,2000-07-11,4.87,10.85,-0.05,42.31,0.12,3.6,63.78,-16.25,-69.08333,3826
Yunguyo,2000-07-12,5.95,10.92,1.12,45.29,0.08,2.13,63.84,-16.25,-69.08333,3826
Yunguyo,2000-07-13,6.48,12.07,2.67,33.02,0.07,2.0,63.86,-16.25,-69.08333,3826
Yunguyo,2000-07-14,6.34,11.5,2.35,37.72,0.01,1.9,63.82,-16.25,-69.08333,3826
Yunguyo,2000-07-15,5.82,12.53,0.82,42.24,0.0,2.46,63.83,-16.25,-69.08333,3826
Yunguyo,2000-07-16,5.99,12.65,1.96,45.87,0.06,2.15,63.74,-16.25,-69.08333,3826
Yunguyo,2000-07-17,6.16,12.08,1.69,38.86,0.0,2.81,63.64,-16.25,-69.08333,3826
Yunguyo,2000-07-18,5.74,11.42,1.81,52.5,0.02,2.59,63.64,-16.25,-69.08333,3826
Yunguyo,2000-07-19,3.34,7.47,1.29,78.21,0.03,2.33,63.71,-16.25,-69.08333,3826
Yunguyo,2000-07-20,5.7,12.12,1.19,63.96,0.06,2.33,63.55,-16.25,-69.08333,3826
Yunguyo,2000-07-21,5.49,12.76,0.18,61.03,0.01,4.47,63.42,-16.25,-69.08333,3826
Yunguyo,2000-07-22,5.33,12.37,0.54,45.56,0.21,5.58,63.6,-16.25,-69.08333,3826
Yunguyo,2000-07-23,5.32,11.71,0.76,44.38,0.47,3.13,63.74,-16.25,-69.08333,3826
Yunguyo,2000-07-24,5.79,10.09,1.54,39.0,0.05,1.49,63.8,-16.25,-69.08333,3826
Yunguyo,2000-07-25,4.79,11.7,0.38,41.7,0.0,4.03,63.88,-16.25,-69.08333,3826
Yunguyo,2000-07-26,5.32,10.98,0.7,50.42,0.0,1.88,63.89,-16.25,-69.08333,3826
Yunguyo,2000-07-27,6.98,12.06,3.47,52.54,0.0,2.22,63.84,-16.25,-69.08333,3826
Yunguyo,2000-07-28,6.54,11.43,3.45,57.04,0.0,2.34,63.86,-16.25,-69.08333,3826
Yunguyo,2000-07-29,6.31,11.81,2.66,50.6,0.0,1.93,63.76,-16.25,-69.08333,3826
Yunguyo,2000-07-30,6.49,12.16,2.84,54.56,0.0,2.95,63.67,-16.25,-69.08333,3826
Yunguyo,2000-07-31,6.29,12.98,1.95,40.2,0.0,2.09,63.68,-16.25,-69.08333,3826
Yunguyo,2000-08-01,6.44,13.04,1.18,36.48,0.0,2.61,63.69,-16.25,-69.08333,3826
Yunguyo,2000-08-02,7.14,12.4,3.42,50.56,0.0,2.58,63.74,-16.25,-69.08333,3826
Yunguyo,2000-08-03,6.47,10.86,3.35,77.94,0.01,3.7,63.87,-16.25,-69.08333,3826
Yunguyo,2000-08-04,7.04,11.26,3.66,70.09,0.04,2.0,63.87,-16.25,-69.08333,3826
Yunguyo,2000-08-05,8.37,14.01,3.92,51.85,0.01,2.71,63.75,-16.25,-69.08333,3826
Yunguyo,2000-08-06,7.45,12.61,4.07,72.01,0.0,2.39,63.79,-16.25,-69.08333,3826
Yunguyo,2000-08-07,8.25,13.38,4.2,62.38,0.04,3.0,63.79,-16.25,-69.08333,3826
Yunguyo,2000-08-08,7.86,12.88,4.52,64.59,0.0,2.08,63.78,-16.25,-69.08333,3826
Yunguyo,2000-08-09,7.66,12.84,3.49,57.9,0.0,2.81,63.86,-16.25,-69.08333,3826
Yunguyo,2000-08-10,6.02,8.08,4.25,82.31,0.68,4.55,63.95,-16.25,-69.08333,3826
Yunguyo,2000-08-11,5.24,9.21,2.18,82.11,0.33,4.04,63.96,-16.25,-69.08333,3826
Yunguyo,2000-08-12,7.24,12.36,3.81,70.87,0.42,2.26,63.85,-16.25,-69.08333,3826
Yunguyo,2000-08-13,6.31,11.35,3.3,75.52,5.77,2.09,63.79,-16.25,-69.08333,3826
Yunguyo,2000-08-14,7.26,11.93,3.4,63.19,0.1,2.64,63.85,-16.25,-69.08333,3826
Yunguyo,2000-08-15,7.4,11.34,5.04,73.1,4.91,2.77,63.9,-16.25,-69.08333,3826
Yunguyo,2000-08-16,7.74,12.29,3.94,62.0,0.51,1.88,63.84,-16.25,-69.08333,3826
Yunguyo,2000-08-17,7.97,13.29,3.98,53.95,0.0,2.81,63.85,-16.25,-69.08333,3826
Yunguyo,2000-08-18,7.02,11.15,3.89,73.98,0.0,3.78,63.93,-16.25,-69.08333,3826
Yunguyo,2000-08-19,6.25,10.87,3.69,76.56,0.0,3.15,63.95,-16.25,-69.08333,3826
Yunguyo,2000-08-20,5.87,9.53,3.95,76.39,1.68,1.98,63.91,-16.25,-69.08333,3826
Yunguyo,2000-08-21,5.36,8.33,3.58,78.11,1.91,2.12,63.84,-16.25,-69.08333,3826
Yunguyo,2000-08-22,7.47,12.78,2.87,65.97,0.14,2.55,63.8,-16.25,-69.08333,3826
Yunguyo,2000-08-23,8.41,13.22,5.05,67.51,0.0,2.65,63.75,-16.25,-69.08333,3826
Yunguyo,2000-08-24,8.9,13.59,5.36,66.39,0.0,2.64,63.72,-16.25,-69.08333,3826
Yunguyo,2000-08-25,9.36,15.32,5.68,65.85,0.64,3.84,63.63,-16.25,-69.08333,3826
Yunguyo,2000-08-26,9.15,14.61,4.41,56.12,0.19,3.24,63.63,-16.25,-69.08333,3826
Yunguyo,2000-08-27,8.78,15.58,3.39,43.76,0.01,3.96,63.67,-16.25,-69.08333,3826
Yunguyo,2000-08-28,8.37,16.16,1.39,34.54,0.01,3.5,63.66,-16.25,-69.08333,3826
Yunguyo,2000-08-29,9.18,16.64,2.57,34.98,0.03,3.23,63.6,-16.25,-69.08333,3826
Yunguyo,2000-08-30,8.68,14.49,5.3,57.56,0.0,2.49,63.67,-16.25,-69.08333,3826
Yunguyo,2000-08-31,8.29,12.7,5.18,68.12,0.53,3.39,63.78,-16.25,-69.08333,3826
Yunguyo,2000-09-01,8.91,16.11,4.55,63.62,0.99,3.97,63.66,-16.25,-69.08333,3826
Yunguyo,2000-09-02,8.76,15.35,4.42,55.63,0.17,3.48,63.61,-16.25,-69.08333,3826
Yunguyo,2000-09-03,8.54,16.18,3.22,47.53,0.04,3.02,63.66,-16.25,-69.08333,3826
Yunguyo,2000-09-04,8.34,15.82,1.78,40.33,0.0,2.87,63.67,-16.25,-69.08333,3826
Yunguyo,2000-09-05,8.69,16.4,2.63,36.99,0.0,3.07,63.68,-16.25,-69.08333,3826
Yunguyo,2000-09-06,9.23,15.79,3.83,49.04,0.0,2.51,63.67,-16.25,-69.08333,3826
Yunguyo,2000-09-07,9.28,15.86,4.69,47.22,0.01,1.96,63.59,-16.25,-69.08333,3826
Yunguyo,2000-09-08,8.57,15.0,2.78,42.74,0.01,3.25,63.53,-16.25,-69.08333,3826
Yunguyo,2000-09-09,7.81,13.15,4.54,59.97,0.0,2.81,63.59,-16.25,-69.08333,3826
Yunguyo,2000-09-10,7.38,12.6,2.68,53.27,0.0,2.76,63.69,-16.25,-69.08333,3826
Yunguyo,2000-09-11,9.38,15.01,4.31,41.86,0.0,2.9,63.65,-16.25,-69.08333,3826
Yunguyo,2000-09-12,9.83,15.68,4.74,50.1,0.0,2.72,63.71,-16.25,-69.08333,3826
Yunguyo,2000-09-13,10.25,15.83,6.25,60.3,0.0,2.83,63.8,-16.25,-69.08333,3826
Yunguyo,2000-09-14,10.16,15.01,6.91,66.01,0.17,3.49,63.87,-16.25,-69.08333,3826
Yunguyo,2000-09-15,8.11,10.84,6.22,75.24,0.07,3.57,63.88,-16.25,-69.08333,3826
Yunguyo,2000-09-16,9.04,13.66,5.66,68.22,0.0,3.26,63.88,-16.25,-69.08333,3826
Yunguyo,2000-09-17,8.49,13.87,4.89,67.96,0.0,4.21,63.88,-16.25,-69.08333,3826
Yunguyo,2000-09-18,9.4,14.72,5.66,65.51,0.0,3.44,63.85,-16.25,-69.08333,3826
Yunguyo,2000-09-19,8.21,13.39,4.6,70.69,1.4,4.85,63.89,-16.25,-69.08333,3826
Yunguyo,2000-09-20,8.56,13.96,5.31,66.8,0.25,4.15,63.88,-16.25,-69.08333,3826
Yunguyo,2000-09-21,9.6,14.96,6.04,65.86,0.07,2.84,63.83,-16.25,-69.08333,3826
Yunguyo,2000-09-22,8.37,12.67,4.74,69.97,1.05,4.63,63.81,-16.25,-69.08333,3826
Yunguyo,2000-09-23,9.87,16.06,5.45,48.16,0.27,1.8,63.7,-16.25,-69.08333,3826
Yunguyo,2000-09-24,8.79,14.43,3.68,40.37,0.32,3.95,63.73,-16.25,-69.08333,3826
Yunguyo,2000-09-25,8.33,14.51,4.81,72.18,0.19,4.8,63.75,-16.25,-69.08333,3826
Yunguyo,2000-09-26,8.5,15.66,3.58,58.93,0.01,2.9,63.83,-16.25,-69.08333,3826
Yunguyo,2000-09-27,8.34,15.56,3.58,58.0,0.01,2.64,63.86,-16.25,-69.08333,3826
Yunguyo,2000-09-28,8.49,15.0,4.0,57.03,0.0,3.02,63.8,-16.25,-69.08333,3826
Yunguyo,2000-09-29,8.43,14.24,4.12,64.46,0.0,3.53,63.78,-16.25,-69.08333,3826
Yunguyo,2000-09-30,8.39,14.15,4.45,68.11,0.0,4.24,63.88,-16.25,-69.08333,3826
Yunguyo,2000-10-01,8.66,14.47,4.5,63.32,0.0,3.29,63.98,-16.25,-69.08333,3826
Yunguyo,2000-10-02,9.11,15.14,4.9,59.67,0.01,3.47,63.95,-16.25,-69.08333,3826
Yunguyo,2000-10-03,10.28,16.31,5.41,58.94,0.0,2.49,63.79,-16.25,-69.08333,3826
Yunguyo,2000-10-04,9.64,14.07,6.17,64.15,0.28,3.61,63.72,-16.25,-69.08333,3826
Yunguyo,2000-10-05,9.63,14.74,6.21,64.14,1.65,3.24,63.74,-16.25,-69.08333,3826
Yunguyo,2000-10-06,8.47,12.43,5.77,73.48,0.56,4.1,63.76,-16.25,-69.08333,3826
Yunguyo,2000-10-07,8.64,13.36,5.54,70.11,0.06,3.68,63.79,-16.25,-69.08333,3826
Yunguyo,2000-10-08,7.09,12.15,2.83,72.99,0.61,3.81,63.79,-16.25,-69.08333,3826
Yunguyo,2000-10-09,7.65,12.65,4.6,74.73,0.57,4.1,63.77,-16.25,-69.08333,3826
Yunguyo,2000-10-10,6.57,11.3,3.18,81.5,5.11,3.45,63.81,-16.25,-69.08333,3826
Yunguyo,2000-10-11,6.41,10.3,4.06,80.97,9.16,4.08,63.79,-16.25,-69.08333,3826
Yunguyo,2000-10-12,8.65,13.5,4.97,63.0,0.7,2.6,63.75,-16.25,-69.08333,3826
Yunguyo,2000-10-13,7.17,10.13,5.04,80.55,0.44,4.08,63.82,-16.25,-69.08333,3826
Yunguyo,2000-10-14,6.27,11.35,3.79,77.67,5.74,3.36,63.87,-16.25,-69.08333,3826
Yunguyo,2000-10-15,4.59,7.0,2.47,86.11,5.88,3.09,63.92,-16.25,-69.08333,3826
Yunguyo,2000-10-16,6.58,12.2,2.83,74.85,0.59,3.45,63.88,-16.25,-69.08333,3826
Yunguyo,2000-10-17,8.25,13.35,4.55,66.35,0.05,2.95,63.88,-16.25,-69.08333,3826
Yunguyo,2000-10-18,8.49,13.74,4.34,72.04,0.15,4.84,63.96,-16.25,-69.08333,3826
Yunguyo,2000-10-19,9.12,14.09,5.8,72.35,0.74,4.12,63.92,-16.25,-69.08333,3826
Yunguyo,2000-10-20,9.22,14.46,5.89,66.92,0.2,4.64,63.88,-16.25,-69.08333,3826
Yunguyo,2000-10-21,8.43,13.76,5.26,70.84,3.48,2.97,63.78,-16.25,-69.08333,3826
Yunguyo,2000-10-22,9.04,13.15,5.2,59.07,1.61,1.92,63.66,-16.25,-69.08333,3826
Yunguyo,2000-10-23,10.68,16.1,6.47,55.05,0.08,2.99,63.64,-16.25,-69.08333,3826
Yunguyo,2000-10-24,7.85,9.52,5.73,79.32,3.66,4.11,63.6,-16.25,-69.08333,3826
Yunguyo,2000-10-25,7.7,10.83,5.38,73.9,5.11,2.02,63.62,-16.25,-69.08333,3826
Yunguyo,2000-10-26,8.68,13.16,5.47,74.25,1.04,3.23,63.67,-16.25,-69.08333,3826
Yunguyo,2000-10-27,9.28,14.01,5.89,73.37,1.09,4.48,63.82,-16.25,-69.08333,3826
Yunguyo,2000-10-28,8.11,11.18,5.46,75.7,0.76,3.22,63.87,-16.25,-69.08333,3826
Yunguyo,2000-10-29,8.59,14.1,4.63,74.59,2.51,3.38,63.78,-16.25,-69.08333,3826
Yunguyo,2000-10-30,9.83,16.14,5.21,64.79,1.08,2.96,63.72,-16.25,-69.08333,3826
Yunguyo,2000-10-31,10.98,17.0,6.22,58.36,0.01,2.56,63.67,-16.25,-69.08333,3826
Yunguyo,2000-11-01,10.76,15.23,7.26,63.8,0.0,2.86,63.63,-16.25,-69.08333,3826
Yunguyo,2000-11-02,10.79,15.09,7.83,68.62,1.08,3.31,63.61,-16.25,-69.08333,3826
Yunguyo,2000-11-03,11.12,16.8,7.58,57.95,0.36,2.18,63.5,-16.25,-69.08333,3826
Yunguyo,2000-11-04,10.69,16.3,4.99,40.18,0.0,2.56,63.47,-16.25,-69.08333,3826
Yunguyo,2000-11-05,11.52,16.95,6.85,50.76,0.0,2.09,63.39,-16.25,-69.08333,3826
Yunguyo,2000-11-06,10.7,16.17,6.05,42.84,2.82,2.49,63.42,-16.25,-69.08333,3826
Yunguyo,2000-11-07,10.55,16.46,5.36,40.54,1.56,2.09,63.47,-16.25,-69.08333,3826
Yunguyo,2000-11-08,10.19,16.72,3.34,32.81,0.04,2.54,63.48,-16.25,-69.08333,3826
Yunguyo,2000-11-09,10.82,16.67,5.32,48.46,0.01,2.7,63.45,-16.25,-69.08333,3826
Yunguyo,2000-11-10,11.43,16.3,7.6,59.03,0.01,2.6,63.5,-16.25,-69.08333,3826
Yunguyo,2000-11-11,11.62,17.48,6.68,40.93,0.03,1.98,63.46,-16.25,-69.08333,3826
Yunguyo,2000-11-12,11.37,18.57,5.74,29.31,0.06,3.0,63.41,-16.25,-69.08333,3826
Yunguyo,2000-11-13,10.59,18.33,3.35,25.72,0.09,3.65,63.46,-16.25,-69.08333,3826
Yunguyo,2000-11-14,10.39,16.68,3.49,38.24,0.18,3.62,63.5,-16.25,-69.08333,3826
Yunguyo,2000-11-15,9.41,14.17,5.32,68.68,0.16,4.31,63.53,-16.25,-69.08333,3826
Yunguyo,2000-11-16,10.63,17.0,5.81,57.08,0.01,3.28,63.57,-16.25,-69.08333,3826
Yunguyo,2000-11-17,10.21,16.4,6.17,65.76,0.0,4.36,63.72,-16.25,-69.08333,3826
Yunguyo,2000-11-18,10.63,17.25,5.39,61.79,0.0,3.37,63.72,-16.25,-69.08333,3826
Yunguyo,2000-11-19,11.74,17.89,6.27,43.0,0.0,2.6,63.65,-16.25,-69.08333,3826
Yunguyo,2000-11-20,12.03,18.17,7.35,55.91,0.06,2.51,63.65,-16.25,-69.08333,3826
Yunguyo,2000-11-21,9.99,15.92,6.3,66.09,0.21,4.64,63.73,-16.25,-69.08333,3826
Yunguyo,2000-11-22,9.59,15.64,5.52,60.14,0.07,4.78,63.78,-16.25,-69.08333,3826
Yunguyo,2000-11-23,9.4,15.01,4.36,59.15,0.08,3.92,63.82,-16.25,-69.08333,3826
Yunguyo,2000-11-24,10.95,16.15,6.82,65.66,2.41,3.78,63.76,-16.25,-69.08333,3826
Yunguyo,2000-11-25,10.71,15.36,7.09,68.15,1.15,4.19,63.8,-16.25,-69.08333,3826
Yunguyo,2000-11-26,9.07,12.59,4.6,76.25,0.43,3.55,63.75,-16.25,-69.08333,3826
Yunguyo,2000-11-27,11.15,16.26,7.77,68.73,0.05,3.92,63.72,-16.25,-69.08333,3826
Yunguyo,2000-11-28,10.66,15.09,8.27,70.99,0.27,3.35,63.73,-16.25,-69.08333,3826
Yunguyo,2000-11-29,9.87,12.87,7.61,72.01,1.24,2.96,63.77,-16.25,-69.08333,3826
Yunguyo,2000-11-30,8.5,11.43,5.63,76.78,0.22,3.63,63.77,-16.25,-69.08333,3826
Yunguyo,2000-12-01,8.31,13.55,4.4,71.93,1.15,2.13,63.75,-16.25,-69.08333,3826
Yunguyo,2000-12-02,11.11,16.96,5.9,47.82,0.13,3.49,63.68,-16.25,-69.08333,3826
Yunguyo,2000-12-03,11.02,15.82,6.59,50.69,0.01,2.47,63.64,-16.25,-69.08333,3826
Yunguyo,2000-12-04,11.31,17.0,7.07,45.4,0.74,3.32,63.6,-16.25,-69.08333,3826
Yunguyo,2000-12-05,8.15,9.81,6.12,77.72,2.75,4.36,63.67,-16.25,-69.08333,3826
Yunguyo,2000-12-06,7.36,12.1,3.99,75.05,1.22,1.92,63.73,-16.25,-69.08333,3826
Yunguyo,2000-12-07,10.61,15.92,6.52,56.42,3.47,2.41,63.7,-16.25,-69.08333,3826
Yunguyo,2000-12-08,7.86,12.5,3.51,77.82,3.34,2.57,63.8,-16.25,-69.08333,3826
Yunguyo,2000-12-09,8.48,13.67,3.4,75.83,2.27,3.23,63.81,-16.25,-69.08333,3826
Yunguyo,2000-12-10,9.98,14.62,6.07,71.02,4.26,2.67,63.66,-16.25,-69.08333,3826
Yunguyo,2000-12-11,9.06,14.59,4.38,63.07,1.4,2.85,63.56,-16.25,-69.08333,3826
Yunguyo,2000-12-12,10.77,15.73,6.55,50.51,0.28,2.8,63.51,-16.25,-69.08333,3826
Yunguyo,2000-12-13,11.65,17.48,7.15,34.06,0.04,3.07,63.55,-16.25,-69.08333,3826
Yunguyo,2000-12-14,11.43,17.78,4.97,31.97,0.03,2.21,63.56,-16.25,-69.08333,3826
Yunguyo,2000-12-15,11.45,17.48,5.91,38.13,0.3,3.6,63.5,-16.25,-69.08333,3826
Yunguyo,2000-12-16,8.67,12.06,6.15,69.31,5.53,3.89,63.73,-16.25,-69.08333,3826
Yunguyo,2000-12-17,9.93,15.18,5.87,63.48,2.85,2.89,63.75,-16.25,-69.08333,3826
Yunguyo,2000-12-18,10.55,16.24,6.36,61.97,1.18,3.82,63.64,-16.25,-69.08333,3826
Yunguyo,2000-12-19,10.21,16.55,5.8,59.45,0.0,3.65,63.63,-16.25,-69.08333,3826
Yunguyo,2000-12-20,10.21,16.12,5.99,62.28,0.0,3.4,63.63,-16.25,-69.08333,3826
Yunguyo,2000-12-21,10.47,15.94,6.51,65.13,0.0,4.34,63.67,-16.25,-69.08333,3826
Yunguyo,2000-12-22,8.59,10.94,5.92,78.07,1.31,4.75,63.71,-16.25,-69.08333,3826
Yunguyo,2000-12-23,10.19,16.63,5.57,64.68,1.97,3.1,63.75,-16.25,-69.08333,3826
Yunguyo,2000-12-24,8.92,12.89,5.41,75.51,0.61,2.4,63.77,-16.25,-69.08333,3826
Yunguyo,2000-12-25,9.22,14.39,5.65,73.29,0.77,2.9,63.72,-16.25,-69.08333,3826
Yunguyo,2000-12-26,9.46,13.57,6.48,68.18,0.58,2.35,63.71,-16.25,-69.08333,3826
Yunguyo,2000-12-27,9.81,14.68,6.97,68.04,0.05,4.17,63.68,-16.25,-69.08333,3826
Yunguyo,2000-12-28,9.61,14.32,5.98,73.47,3.36,5.98,63.65,-16.25,-69.08333,3826
Yunguyo,2000-12-29,8.74,12.64,5.59,78.01,3.27,4.16,63.66,-16.25,-69.08333,3826
Yunguyo,2000-12-30,8.23,12.49,3.56,82.05,7.45,3.8,63.66,-16.25,-69.08333,3826
Yunguyo,2000-12-31,6.55,9.96,3.81,83.27,4.41,2.14,63.79,-16.25,-69.08333,3826
Yunguyo,2001-01-01,8.38,12.4,5.89,80.04,9.37,4.21,63.78,-16.25,-69.08333,3826
Yunguyo,2001-01-02,9.4,14.07,5.38,77.12,6.39,4.42,63.76,-16.25,-69.08333,3826
Yunguyo,2001-01-03,10.73,15.72,6.79,69.23,6.02,4.45,63.75,-16.25,-69.08333,3826
Yunguyo,2001-01-04,8.02,10.12,6.4,81.35,7.62,3.83,63.8,-16.25,-69.08333,3826
Yunguyo,2001-01-05,8.41,12.56,5.71,81.33,8.01,6.33,63.76,-16.25,-69.08333,3826
Yunguyo,2001-01-06,9.3,13.95,6.05,76.75,6.93,3.28,63.63,-16.25,-69.08333,3826
Yunguyo,2001-01-07,9.79,14.28,6.21,72.82,22.58,2.58,63.58,-16.25,-69.08333,3826
Yunguyo,2001-01-08,10.45,15.04,6.6,65.36,6.92,2.68,63.56,-16.25,-69.08333,3826
Yunguyo,2001-01-09,9.7,14.41,4.46,71.46,7.98,2.23,63.55,-16.25,-69.08333,3826
Yunguyo,2001-01-10,8.76,13.53,4.72,75.45,1.94,2.09,63.55,-16.25,-69.08333,3826
Yunguyo,2001-01-11,8.81,12.83,4.8,77.98,4.33,4.85,63.64,-16.25,-69.08333,3826
Yunguyo,2001-01-12,8.85,13.3,6.07,78.2,6.68,4.74,63.62,-16.25,-69.08333,3826
Yunguyo,2001-01-13,8.68,12.53,5.81,78.72,1.98,4.2,63.56,-16.25,-69.08333,3826
Yunguyo,2001-01-14,8.02,11.58,5.4,76.36,1.64,4.21,63.68,-16.25,-69.08333,3826
Yunguyo,2001-01-15,8.18,13.25,4.22,79.99,11.51,4.29,63.66,-16.25,-69.08333,3826
Yunguyo,2001-01-16,8.34,13.29,4.17,75.07,5.27,3.91,63.63,-16.25,-69.08333,3826
Yunguyo,2001-01-17,7.4,10.23,5.09,81.41,2.34,3.91,63.67,-16.25,-69.08333,3826
Yunguyo,2001-01-18,8.41,12.31,5.88,77.36,3.4,3.08,63.7,-16.25,-69.08333,3826
Yunguyo,2001-01-19,8.1,11.64,5.45,82.12,4.42,4.93,63.78,-16.25,-69.08333,3826
Yunguyo,2001-01-20,8.2,12.12,5.68,78.93,6.18,4.99,63.85,-16.25,-69.08333,3826
Yunguyo,2001-01-21,8.65,13.73,5.0,73.08,1.72,2.2,63.73,-16.25,-69.08333,3826
Yunguyo,2001-01-22,7.76,11.72,4.92,76.86,6.65,2.7,63.7,-16.25,-69.08333,3826
Yunguyo,2001-01-23,9.01,13.28,5.98,75.46,8.75,3.77,63.71,-16.25,-69.08333,3826
Yunguyo,2001-01-24,8.66,12.8,5.43,77.51,3.59,4.73,63.82,-16.25,-69.08333,3826
Yunguyo,2001-01-25,9.4,14.54,5.38,75.23,1.95,4.58,63.8,-16.25,-69.08333,3826
Yunguyo,2001-01-26,9.17,13.33,6.66,79.04,3.57,4.35,63.69,-16.25,-69.08333,3826
Yunguyo,2001-01-27,9.18,13.53,6.21,78.19,6.67,4.53,63.67,-16.25,-69.08333,3826
Yunguyo,2001-01-28,9.83,14.3,6.36,74.28,8.21,2.9,63.66,-16.25,-69.08333,3826
Yunguyo,2001-01-29,9.05,12.42,5.81,74.91,3.06,2.96,63.63,-16.25,-69.08333,3826
Yunguyo,2001-01-30,9.36,12.45,6.64,79.05,3.07,3.31,63.58,-16.25,-69.08333,3826
Yunguyo,2001-01-31,10.11,14.52,6.57,76.55,5.66,4.58,63.57,-16.25,-69.08333,3826
Yunguyo,2001-02-01,10.01,14.38,7.23,77.87,5.41,5.29,63.52,-16.25,-69.08333,3826
Yunguyo,2001-02-02,7.79,10.89,3.96,83.36,4.17,3.2,63.5,-16.25,-69.08333,3826
Yunguyo,2001-02-03,8.74,13.63,4.42,78.69,1.86,4.49,63.53,-16.25,-69.08333,3826
Yunguyo,2001-02-04,9.24,13.43,5.97,76.45,0.91,5.61,63.68,-16.25,-69.08333,3826
Yunguyo,2001-02-05,8.97,13.72,4.94,72.32,0.28,4.74,63.78,-16.25,-69.08333,3826
Yunguyo,2001-02-06,9.14,14.25,4.98,73.73,0.07,4.91,63.79,-16.25,-69.08333,3826
Yunguyo,2001-02-07,9.85,15.18,5.32,63.38,0.02,3.86,63.76,-16.25,-69.08333,3826
Yunguyo,2001-02-08,10.26,15.51,6.16,69.28,0.34,3.89,63.74,-16.25,-69.08333,3826
Yunguyo,2001-02-09,10.51,15.78,6.78,66.79,0.6,3.62,63.67,-16.25,-69.08333,3826
Yunguyo,2001-02-10,10.36,15.96,6.49,68.89,2.19,3.97,63.58,-16.25,-69.08333,3826
Yunguyo,2001-02-11,9.19,13.77,5.54,75.61,1.41,4.94,63.68,-16.25,-69.08333,3826
Yunguyo,2001-02-12,9.1,13.43,6.12,77.78,10.17,5.72,63.73,-16.25,-69.08333,3826
Yunguyo,2001-02-13,9.44,14.15,5.27,72.48,1.37,3.96,63.73,-16.25,-69.08333,3826
Yunguyo,2001-02-14,9.0,12.61,6.17,79.26,3.01,3.19,63.61,-16.25,-69.08333,3826
Yunguyo,2001-02-15,9.38,13.53,6.87,80.6,3.05,4.97,63.58,-16.25,-69.08333,3826
Yunguyo,2001-02-16,9.94,14.66,6.52,76.96,1.49,5.0,63.68,-16.25,-69.08333,3826
Yunguyo,2001-02-17,8.52,13.01,4.69,81.57,3.9,4.83,63.74,-16.25,-69.08333,3826
Yunguyo,2001-02-18,6.97,11.06,4.14,85.19,6.25,3.81,63.79,-16.25,-69.08333,3826
Yunguyo,2001-02-19,7.78,12.39,4.49,81.28,6.02,2.94,63.8,-16.25,-69.08333,3826
Yunguyo,2001-02-20,7.46,12.56,2.89,82.0,6.75,2.61,63.72,-16.25,-69.08333,3826
Yunguyo,2001-02-21,8.93,15.24,3.98,71.57,0.98,2.11,63.6,-16.25,-69.08333,3826
Yunguyo,2001-02-22,8.67,14.13,2.92,76.34,1.54,4.15,63.61,-16.25,-69.08333,3826
Yunguyo,2001-02-23,9.61,14.58,5.88,74.43,1.2,4.26,63.61,-16.25,-69.08333,3826
Yunguyo,2001-02-24,9.0,12.08,6.51,80.06,4.91,4.13,63.71,-16.25,-69.08333,3826
Yunguyo,2001-02-25,9.64,13.78,6.76,78.08,4.63,4.34,63.74,-16.25,-69.08333,3826
Yunguyo,2001-02-26,9.48,14.33,5.91,75.85,5.38,4.69,63.64,-16.25,-69.08333,3826
Yunguyo,2001-02-27,7.95,11.76,4.7,83.19,3.21,4.66,63.67,-16.25,-69.08333,3826
Yunguyo,2001-02-28,8.43,13.3,5.15,77.7,1.82,5.03,63.74,-16.25,-69.08333,3826
Yunguyo,2001-03-01,8.39,13.57,4.68,72.11,0.06,4.48,63.72,-16.25,-69.08333,3826
Yunguyo,2001-03-02,7.55,11.85,3.91,77.32,1.95,4.97,63.78,-16.25,-69.08333,3826
Yunguyo,2001-03-03,8.83,13.48,5.39,77.3,1.6,4.02,63.83,-16.25,-69.08333,3826
Yunguyo,2001-03-04,9.87,14.7,5.94,75.1,0.29,4.13,63.9,-16.25,-69.08333,3826
Yunguyo,2001-03-05,9.34,13.54,5.6,75.66,2.47,2.4,63.81,-16.25,-69.08333,3826
Yunguyo,2001-03-06,7.36,10.82,2.97,85.31,34.27,3.9,63.77,-16.25,-69.08333,3826
Yunguyo,2001-03-07,8.96,13.15,5.72,79.17,7.05,3.9,63.83,-16.25,-69.08333,3826
Yunguyo,2001-03-08,9.63,14.16,6.26,78.4,4.93,4.06,63.8,-16.25,-69.08333,3826
Yunguyo,2001-03-09,9.6,14.22,6.21,77.44,3.99,3.8,63.75,-16.25,-69.08333,3826
Yunguyo,2001-03-10,8.8,14.92,4.31,75.29,1.82,2.35,63.7,-16.25,-69.08333,3826
Yunguyo,2001-03-11,8.08,12.47,5.89,77.81,2.61,2.28,63.75,-16.25,-69.08333,3826
Yunguyo,2001-03-12,10.2,14.99,6.17,75.43,4.77,3.91,63.83,-16.25,-69.08333,3826
Yunguyo,2001-03-13,9.58,12.69,6.82,77.4,0.79,3.39,63.78,-16.25,-69.08333,3826
Yunguyo,2001-03-14,8.86,13.72,5.8,74.77,0.9,3.5,63.67,-16.25,-69.08333,3826
Yunguyo,2001-03-15,7.53,12.57,3.85,76.67,6.48,3.42,63.67,-16.25,-69.08333,3826
Yunguyo,2001-03-16,7.66,11.56,4.94,79.68,3.16,4.67,63.82,-16.25,-69.08333,3826
Yunguyo,2001-03-17,8.53,13.14,5.19,79.15,0.79,4.52,63.83,-16.25,-69.08333,3826
Yunguyo,2001-03-18,8.83,13.94,4.88,76.44,1.34,3.79,63.7,-16.25,-69.08333,3826
Yunguyo,2001-03-19,9.38,14.35,6.06,74.2,1.48,3.84,63.65,-16.25,-69.08333,3826
Yunguyo,2001-03-20,9.15,13.75,5.49,76.71,0.86,4.67,63.73,-16.25,-69.08333,3826
Yunguyo,2001-03-21,9.4,14.01,6.2,76.54,0.54,4.65,63.7,-16.25,-69.08333,3826
Yunguyo,2001-03-22,9.69,15.33,5.18,68.0,0.14,2.66,63.61,-16.25,-69.08333,3826
Yunguyo,2001-03-23,10.16,15.28,6.03,62.07,0.04,2.46,63.56,-16.25,-69.08333,3826
Yunguyo,2001-03-24,9.48,13.77,6.93,77.25,1.64,3.91,63.62,-16.25,-69.08333,3826
Yunguyo,2001-03-25,8.62,12.6,5.75,80.2,0.93,4.38,63.75,-16.25,-69.08333,3826
Yunguyo,2001-03-26,8.96,12.56,6.35,78.67,4.24,3.02,63.77,-16.25,-69.08333,3826
Yunguyo,2001-03-27,9.31,13.18,6.56,78.23,2.49,3.25,63.78,-16.25,-69.08333,3826
Yunguyo,2001-03-28,9.68,13.74,6.48,75.4,1.02,3.37,63.78,-16.25,-69.08333,3826
Yunguyo,2001-03-29,9.11,13.1,5.83,77.98,0.18,4.98,63.84,-16.25,-69.08333,3826
Yunguyo,2001-03-30,9.68,14.36,5.63,69.19,0.0,3.62,63.9,-16.25,-69.08333,3826
Yunguyo,2001-03-31,10.56,15.5,6.63,67.08,0.0,2.47,63.81,-16.25,-69.08333,3826
Yunguyo,2001-04-01,10.16,15.16,6.42,69.29,0.0,3.37,63.81,-16.25,-69.08333,3826
Yunguyo,2001-04-02,9.16,14.6,5.42,65.39,0.03,3.77,63.9,-16.25,-69.08333,3826
Yunguyo,2001-04-03,8.78,14.07,5.12,67.89,0.1,3.82,63.9,-16.25,-69.08333,3826
Yunguyo,2001-04-04,9.09,14.19,5.12,69.85,0.02,3.02,63.79,-16.25,-69.08333,3826
Yunguyo,2001-04-05,9.04,13.49,5.4,72.22,1.7,3.53,63.73,-16.25,-69.08333,3826
Yunguyo,2001-04-06,7.99,12.86,5.09,76.61,1.52,4.94,63.85,-16.25,-69.08333,3826
Yunguyo,2001-04-07,7.59,11.2,4.88,80.64,6.3,4.19,63.98,-16.25,-69.08333,3826
Yunguyo,2001-04-08,8.77,13.55,5.64,76.32,1.73,3.49,63.93,-16.25,-69.08333,3826
Yunguyo,2001-04-09,8.87,13.9,5.1,72.77,1.69,3.61,63.78,-16.25,-69.08333,3826
Yunguyo,2001-04-10,8.93,13.43,5.4,76.2,1.04,4.01,63.72,-16.25,-69.08333,3826
Yunguyo,2001-04-11,8.76,13.77,5.38,74.28,0.19,4.33,63.81,-16.25,-69.08333,3826
Yunguyo,2001-04-12,8.15,13.33,4.96,63.95,0.03,3.86,63.97,-16.25,-69.08333,3826
Yunguyo,2001-04-13,8.24,13.8,4.38,64.58,0.06,3.54,63.98,-16.25,-69.08333,3826
Yunguyo,2001-04-14,9.34,15.24,5.03,55.32,0.01,2.26,63.89,-16.25,-69.08333,3826
Yunguyo,2001-04-15,7.42,12.86,3.59,68.62,0.0,4.34,64.01,-16.25,-69.08333,3826
Yunguyo,2001-04-16,7.51,13.2,3.19,64.62,0.02,3.04,64.06,-16.25,-69.08333,3826
Yunguyo,2001-04-17,8.23,13.92,4.2,59.68,0.02,2.53,64.04,-16.25,-69.08333,3826
Yunguyo,2001-04-18,9.34,14.28,5.35,55.46,0.01,1.62,63.91,-16.25,-69.08333,3826
Yunguyo,2001-04-19,10.48,15.32,6.74,57.17,0.01,2.29,63.83,-16.25,-69.08333,3826
Yunguyo,2001-04-20,9.85,14.44,6.84,65.46,0.0,1.86,63.81,-16.25,-69.08333,3826
Yunguyo,2001-04-21,9.86,14.92,6.15,56.3,0.0,2.24,63.78,-16.25,-69.08333,3826
Yunguyo,2001-04-22,9.61,14.98,5.0,54.07,0.0,2.01,63.55,-16.25,-69.08333,3826
Yunguyo,2001-04-23,7.94,13.65,1.78,43.2,0.33,4.15,63.54,-16.25,-69.08333,3826
Yunguyo,2001-04-24,7.66,11.54,4.26,67.98,0.45,4.53,63.77,-16.25,-69.08333,3826
Yunguyo,2001-04-25,8.47,14.06,4.32,66.27,0.04,3.89,63.86,-16.25,-69.08333,3826
Yunguyo,2001-04-26,8.78,13.52,5.38,69.78,1.72,3.12,63.83,-16.25,-69.08333,3826
Yunguyo,2001-04-27,9.75,14.45,6.74,56.88,0.22,2.37,63.78,-16.25,-69.08333,3826
Yunguyo,2001-04-28,9.81,13.94,6.1,61.68,0.02,3.0,63.79,-16.25,-69.08333,3826
Yunguyo,2001-04-29,9.03,13.51,5.95,71.05,0.35,3.45,63.87,-16.25,-69.08333,3826
Yunguyo,2001-04-30,9.15,13.18,6.29,71.8,0.03,3.09,63.87,-16.25,-69.08333,3826
Yunguyo,2001-05-01,9.96,14.76,5.98,66.78,0.0,2.08,63.8,-16.25,-69.08333,3826
Yunguyo,2001-05-02,9.58,13.22,7.17,73.73,0.28,3.56,63.89,-16.25,-69.08333,3826
Yunguyo,2001-05-03,9.5,14.03,6.22,71.29,0.14,2.9,63.99,-16.25,-69.08333,3826
Yunguyo,2001-05-04,8.49,13.25,5.33,69.37,1.52,3.91,63.94,-16.25,-69.08333,3826
Yunguyo,2001-05-05,9.36,14.64,4.91,63.31,0.37,2.32,63.76,-16.25,-69.08333,3826
Yunguyo,2001-05-06,9.57,12.86,6.09,64.62,0.03,1.97,63.72,-16.25,-69.08333,3826
Yunguyo,2001-05-07,9.07,12.11,6.9,62.02,0.0,2.35,63.8,-16.25,-69.08333,3826
Yunguyo,2001-05-08,8.93,14.05,4.85,52.97,0.0,3.42,63.79,-16.25,-69.08333,3826
Yunguyo,2001-05-09,9.4,14.7,5.07,57.72,0.02,2.79,63.73,-16.25,-69.08333,3826
Yunguyo,2001-05-10,8.25,13.64,3.26,46.06,0.0,2.98,63.72,-16.25,-69.08333,3826
Yunguyo,2001-05-11,7.24,11.08,4.72,63.4,0.72,2.24,63.72,-16.25,-69.08333,3826
Yunguyo,2001-05-12,7.0,12.17,3.38,64.85,0.77,2.33,63.74,-16.25,-69.08333,3826
Yunguyo,2001-05-13,6.39,10.86,3.44,70.46,0.59,2.05,63.85,-16.25,-69.08333,3826
Yunguyo,2001-05-14,6.42,10.58,3.74,73.11,0.37,1.99,63.85,-16.25,-69.08333,3826
Yunguyo,2001-05-15,5.93,9.81,3.04,61.61,0.22,4.65,63.83,-16.25,-69.08333,3826
Yunguyo,2001-05-16,7.1,12.33,2.59,54.27,0.01,3.34,63.83,-16.25,-69.08333,3826
Yunguyo,2001-05-17,7.35,11.72,3.77,73.86,0.0,2.94,63.88,-16.25,-69.08333,3826
Yunguyo,2001-05-18,7.84,12.17,4.52,67.62,0.1,1.94,63.9,-16.25,-69.08333,3826
Yunguyo,2001-05-19,7.13,12.3,3.86,70.06,0.15,3.05,63.83,-16.25,-69.08333,3826
Yunguyo,2001-05-20,6.62,11.37,1.75,63.28,0.01,1.63,63.86,-16.25,-69.08333,3826
Yunguyo,2001-05-21,8.38,13.72,4.74,45.93,0.0,1.87,63.89,-16.25,-69.08333,3826
Yunguyo,2001-05-22,8.27,13.99,3.49,39.1,0.0,2.44,63.84,-16.25,-69.08333,3826
Yunguyo,2001-05-23,8.67,12.68,5.37,55.79,0.09,1.39,63.82,-16.25,-69.08333,3826
Yunguyo,2001-05-24,8.25,13.17,5.08,55.51,1.17,2.32,63.78,-16.25,-69.08333,3826
Yunguyo,2001-05-25,6.31,12.77,1.72,34.16,0.06,4.49,63.74,-16.25,-69.08333,3826
Yunguyo,2001-05-26,6.95,13.73,1.29,32.12,0.0,1.9,63.69,-16.25,-69.08333,3826
Yunguyo,2001-05-27,7.33,12.55,3.77,38.32,0.01,1.87,63.75,-16.25,-69.08333,3826
Yunguyo,2001-05-28,7.79,13.03,3.49,57.34,0.0,1.98,63.8,-16.25,-69.08333,3826
Yunguyo,2001-05-29,8.6,13.64,4.45,51.18,0.0,1.64,63.84,-16.25,-69.08333,3826
Yunguyo,2001-05-30,8.66,13.23,5.51,57.34,0.0,1.53,63.89,-16.25,-69.08333,3826
Yunguyo,2001-05-31,8.56,13.01,5.3,62.66,0.0,1.87,63.89,-16.25,-69.08333,3826
Yunguyo,2001-06-01,8.26,12.29,5.63,74.05,0.01,2.65,63.86,-16.25,-69.08333,3826
Yunguyo,2001-06-02,7.29,11.71,3.55,75.54,0.0,3.66,63.91,-16.25,-69.08333,3826
Yunguyo,2001-06-03,6.85,12.17,3.61,65.48,0.0,2.98,63.91,-16.25,-69.08333,3826
Yunguyo,2001-06-04,7.04,11.63,3.89,71.4,0.0,2.91,63.9,-16.25,-69.08333,3826
Yunguyo,2001-06-05,8.21,12.47,5.12,67.89,0.0,2.19,63.87,-16.25,-69.08333,3826
Yunguyo,2001-06-06,8.76,13.55,5.51,61.9,0.0,2.48,63.85,-16.25,-69.08333,3826
Yunguyo,2001-06-07,8.22,12.54,5.51,73.79,0.05,3.45,63.84,-16.25,-69.08333,3826
Yunguyo,2001-06-08,7.94,12.61,5.04,73.03,0.01,2.79,63.91,-16.25,-69.08333,3826
Yunguyo,2001-06-09,7.85,13.18,4.63,66.87,0.0,2.41,63.97,-16.25,-69.08333,3826
Yunguyo,2001-06-10,7.04,11.37,4.25,65.51,0.03,2.84,64.09,-16.25,-69.08333,3826
Yunguyo,2001-06-11,7.92,12.32,4.72,58.79,0.0,1.69,63.99,-16.25,-69.08333,3826
Yunguyo,2001-06-12,8.37,13.91,5.24,62.47,0.0,2.74,63.87,-16.25,-69.08333,3826
Yunguyo,2001-06-13,8.25,13.74,4.11,61.4,0.01,1.97,63.82,-16.25,-69.08333,3826
Yunguyo,2001-06-14,8.28,13.57,4.97,58.22,0.0,1.94,63.74,-16.25,-69.08333,3826
Yunguyo,2001-06-15,8.83,14.52,4.62,42.45,0.01,1.76,63.64,-16.25,-69.08333,3826
Yunguyo,2001-06-16,8.21,12.63,5.19,45.75,0.3,2.67,63.62,-16.25,-69.08333,3826
Yunguyo,2001-06-17,7.24,12.36,3.52,55.71,0.4,4.85,63.57,-16.25,-69.08333,3826
Yunguyo,2001-06-18,6.42,12.79,1.61,43.79,0.03,4.83,63.58,-16.25,-69.08333,3826
Yunguyo,2001-06-19,6.04,12.71,1.32,32.97,0.0,5.04,63.7,-16.25,-69.08333,3826
Yunguyo,2001-06-20,5.67,12.46,0.95,36.63,0.01,2.48,63.82,-16.25,-69.08333,3826
Yunguyo,2001-06-21,6.15,11.55,2.0,52.08,0.0,1.98,63.87,-16.25,-69.08333,3826
Yunguyo,2001-06-22,5.04,7.34,2.84,58.79,0.22,2.0,63.95,-16.25,-69.08333,3826
Yunguyo,2001-06-23,6.22,10.56,2.95,56.64,0.0,2.46,63.91,-16.25,-69.08333,3826
Yunguyo,2001-06-24,6.81,12.1,2.44,51.76,0.1,3.08,63.84,-16.25,-69.08333,3826
Yunguyo,2001-06-25,6.73,12.31,2.76,56.74,0.0,3.31,63.87,-16.25,-69.08333,3826
Yunguyo,2001-06-26,6.0,10.84,2.74,67.36,0.0,3.01,63.97,-16.25,-69.08333,3826
Yunguyo,2001-06-27,5.61,10.07,2.47,68.52,0.2,2.86,63.95,-16.25,-69.08333,3826
Yunguyo,2001-06-28,5.77,10.94,2.25,65.7,0.0,3.3,63.84,-16.25,-69.08333,3826
Yunguyo,2001-06-29,6.36,11.47,2.28,53.64,0.0,2.46,63.85,-16.25,-69.08333,3826
Yunguyo,2001-06-30,7.27,12.48,4.12,53.53,0.49,2.12,63.83,-16.25,-69.08333,3826
Yunguyo,2001-07-01,7.16,12.48,2.81,51.27,0.02,2.57,63.79,-16.25,-69.08333,3826
Yunguyo,2001-07-02,6.9,11.44,3.51,61.18,0.0,2.23,63.84,-16.25,-69.08333,3826
Yunguyo,2001-07-03,7.72,12.55,4.16,49.04,0.0,2.15,63.86,-16.25,-69.08333,3826
Yunguyo,2001-07-04,7.3,12.48,3.12,49.22,0.0,2.91,63.83,-16.25,-69.08333,3826
Yunguyo,2001-07-05,4.51,6.58,1.48,81.35,1.8,2.55,63.87,-16.25,-69.08333,3826
Yunguyo,2001-07-06,3.59,7.3,0.97,76.08,0.49,1.23,63.85,-16.25,-69.08333,3826
Yunguyo,2001-07-07,3.34,4.97,1.49,62.63,0.56,2.38,63.92,-16.25,-69.08333,3826
Yunguyo,2001-07-08,5.52,10.22,1.85,54.39,0.0,2.82,63.89,-16.25,-69.08333,3826
Yunguyo,2001-07-09,6.65,11.57,3.01,64.34,0.01,2.64,63.81,-16.25,-69.08333,3826
Yunguyo,2001-07-10,5.72,9.11,1.87,63.36,0.06,3.88,63.74,-16.25,-69.08333,3826
Yunguyo,2001-07-11,5.3,11.1,-0.02,50.1,0.11,3.46,63.84,-16.25,-69.08333,3826
Yunguyo,2001-07-12,7.25,12.2,4.14,69.99,0.22,2.69,63.84,-16.25,-69.08333,3826
Yunguyo,2001-07-13,7.52,12.58,3.83,63.49,0.05,1.8,63.83,-16.25,-69.08333,3826
Yunguyo,2001-07-14,7.87,12.81,4.46,62.17,0.0,1.91,63.79,-16.25,-69.08333,3826
Yunguyo,2001-07-15,7.52,12.19,4.0,62.01,0.0,1.71,63.78,-16.25,-69.08333,3826
Yunguyo,2001-07-16,8.31,13.03,4.69,52.17,0.0,1.45,63.77,-16.25,-69.08333,3826
Yunguyo,2001-07-17,7.99,12.98,3.74,47.48,0.05,1.9,63.75,-16.25,-69.08333,3826
Yunguyo,2001-07-18,8.13,12.89,4.69,53.02,0.14,1.67,63.79,-16.25,-69.08333,3826
Yunguyo,2001-07-19,8.4,13.59,4.27,47.14,0.01,1.79,63.87,-16.25,-69.08333,3826
Yunguyo,2001-07-20,8.9,14.28,5.09,46.3,0.0,1.84,63.87,-16.25,-69.08333,3826
Yunguyo,2001-07-21,7.97,13.28,4.36,61.67,0.0,2.2,63.89,-16.25,-69.08333,3826
Yunguyo,2001-07-22,6.54,10.8,3.26,74.15,0.0,3.71,63.93,-16.25,-69.08333,3826
Yunguyo,2001-07-23,7.39,12.11,3.93,68.09,0.04,2.72,63.87,-16.25,-69.08333,3826
Yunguyo,2001-07-24,7.2,11.89,4.3,68.36,0.02,2.91,63.8,-16.25,-69.08333,3826
Yunguyo,2001-07-25,7.27,11.75,4.08,65.23,0.07,2.95,63.7,-16.25,-69.08333,3826
Yunguyo,2001-07-26,6.67,10.53,4.32,60.81,4.57,3.36,63.75,-16.25,-69.08333,3826
Yunguyo,2001-07-27,5.96,10.52,2.95,74.93,1.02,3.66,63.88,-16.25,-69.08333,3826
Yunguyo,2001-07-28,6.62,12.04,2.58,54.07,0.0,2.96,63.88,-16.25,-69.08333,3826
Yunguyo,2001-07-29,6.55,12.08,1.25,30.71,0.0,2.55,63.8,-16.25,-69.08333,3826
Yunguyo,2001-07-30,7.48,13.53,3.52,40.97,0.0,2.54,63.82,-16.25,-69.08333,3826
Yunguyo,2001-07-31,7.27,13.96,3.0,67.43,0.0,2.45,63.92,-16.25,-69.08333,3826
Yunguyo,2001-08-01,7.16,13.16,3.33,54.75,2.39,3.02,64.04,-16.25,-69.08333,3826
Yunguyo,2001-08-02,6.13,12.45,2.43,54.69,3.65,2.74,64.03,-16.25,-69.08333,3826
Yunguyo,2001-08-03,6.14,11.95,2.57,55.02,0.0,2.5,63.97,-16.25,-69.08333,3826
Yunguyo,2001-08-04,6.58,12.15,2.57,60.8,0.0,2.34,63.88,-16.25,-69.08333,3826
Yunguyo,2001-08-05,7.57,13.54,3.6,62.95,0.0,2.76,63.83,-16.25,-69.08333,3826
Yunguyo,2001-08-06,7.74,12.92,4.04,54.26,0.05,3.11,63.88,-16.25,-69.08333,3826
Yunguyo,2001-08-07,6.56,11.3,3.26,71.78,5.31,3.86,63.99,-16.25,-69.08333,3826
Yunguyo,2001-08-08,7.31,12.19,3.54,62.18,0.11,1.75,64.01,-16.25,-69.08333,3826
Yunguyo,2001-08-09,7.22,12.34,3.97,70.47,0.0,3.21,64.02,-16.25,-69.08333,3826
Yunguyo,2001-08-10,5.76,10.91,1.71,68.12,0.0,3.61,64.09,-16.25,-69.08333,3826
Yunguyo,2001-08-11,6.65,12.61,3.15,62.72,0.0,3.25,64.0,-16.25,-69.08333,3826
Yunguyo,2001-08-12,7.26,12.92,3.44,61.76,0.0,3.48,63.89,-16.25,-69.08333,3826
Yunguyo,2001-08-13,7.53,12.83,4.1,56.1,3.5,3.6,63.78,-16.25,-69.08333,3826
Yunguyo,2001-08-14,6.9,12.0,2.99,58.95,2.74,3.37,63.72,-16.25,-69.08333,3826
Yunguyo,2001-08-15,5.9,10.5,3.56,66.37,0.16,3.2,63.84,-16.25,-69.08333,3826
Yunguyo,2001-08-16,5.03,9.0,2.71,78.59,1.0,2.7,63.87,-16.25,-69.08333,3826
Yunguyo,2001-08-17,4.32,7.45,2.53,79.28,0.38,3.11,63.85,-16.25,-69.08333,3826
Yunguyo,2001-08-18,4.47,6.9,1.74,52.47,0.08,3.58,63.81,-16.25,-69.08333,3826
Yunguyo,2001-08-19,2.87,4.13,0.54,58.05,3.01,2.18,63.94,-16.25,-69.08333,3826
Yunguyo,2001-08-20,3.29,6.71,0.34,83.36,0.97,4.47,64.02,-16.25,-69.08333,3826
Yunguyo,2001-08-21,4.93,9.2,1.44,70.26,0.01,2.64,64.03,-16.25,-69.08333,3826
Yunguyo,2001-08-22,6.45,11.97,2.62,68.49,0.01,2.77,63.93,-16.25,-69.08333,3826
Yunguyo,2001-08-23,6.69,11.56,3.7,66.82,0.0,1.81,63.87,-16.25,-69.08333,3826
Yunguyo,2001-08-24,6.34,9.9,3.24,62.02,0.0,1.8,63.82,-16.25,-69.08333,3826
Yunguyo,2001-08-25,6.52,12.29,0.9,44.08,0.0,2.92,63.8,-16.25,-69.08333,3826
Yunguyo,2001-08-26,8.11,13.95,3.34,50.68,0.0,2.75,63.76,-16.25,-69.08333,3826
Yunguyo,2001-08-27,8.02,13.59,3.89,52.15,0.0,2.6,63.89,-16.25,-69.08333,3826
Yunguyo,2001-08-28,8.43,13.54,5.06,61.94,0.0,3.55,63.93,-16.25,-69.08333,3826
Yunguyo,2001-08-29,8.48,13.85,4.83,63.31,0.0,3.1,63.86,-16.25,-69.08333,3826
Yunguyo,2001-08-30,8.48,13.66,5.73,69.94,0.0,3.57,63.87,-16.25,-69.08333,3826
Yunguyo,2001-08-31,7.45,11.92,4.96,68.33,0.41,3.76,63.9,-16.25,-69.08333,3826
Yunguyo,2001-09-01,6.31,9.61,4.43,71.33,0.14,2.43,63.87,-16.25,-69.08333,3826
Yunguyo,2001-09-02,6.88,10.94,3.93,68.35,0.02,2.15,63.79,-16.25,-69.08333,3826
Yunguyo,2001-09-03,7.15,12.43,4.04,70.8,0.23,2.63,63.71,-16.25,-69.08333,3826
Yunguyo,2001-09-04,6.65,9.57,4.52,75.45,0.67,3.02,63.81,-16.25,-69.08333,3826
Yunguyo,2001-09-05,7.35,11.36,4.55,78.92,1.0,4.53,63.99,-16.25,-69.08333,3826
Yunguyo,2001-09-06,8.05,13.09,4.69,76.41,0.12,3.92,63.97,-16.25,-69.08333,3826
Yunguyo,2001-09-07,9.47,14.7,5.88,68.05,0.0,2.51,63.87,-16.25,-69.08333,3826
Yunguyo,2001-09-08,9.99,14.84,6.84,69.36,0.0,3.5,63.79,-16.25,-69.08333,3826
Yunguyo,2001-09-09,9.83,14.75,7.17,70.73,0.06,4.49,63.87,-16.25,-69.08333,3826
Yunguyo,2001-09-10,8.97,13.89,5.31,69.14,0.69,4.61,63.94,-16.25,-69.08333,3826
Yunguyo,2001-09-11,8.63,13.67,5.83,69.65,0.16,5.61,63.9,-16.25,-69.08333,3826
Yunguyo,2001-09-12,8.27,12.8,4.91,68.54,0.0,3.68,63.74,-16.25,-69.08333,3826
Yunguyo,2001-09-13,9.16,13.74,5.32,67.13,0.12,3.13,63.73,-16.25,-69.08333,3826
Yunguyo,2001-09-14,8.73,12.91,5.64,66.77,0.31,2.45,63.8,-16.25,-69.08333,3826
Yunguyo,2001-09-15,9.89,15.87,5.42,49.68,0.44,1.86,63.74,-16.25,-69.08333,3826
Yunguyo,2001-09-16,8.37,14.52,4.45,65.29,0.54,3.71,63.83,-16.25,-69.08333,3826
Yunguyo,2001-09-17,9.03,15.95,3.8,43.14,0.0,1.95,63.76,-16.25,-69.08333,3826
Yunguyo,2001-09-18,8.93,15.15,5.17,45.24,0.0,3.4,63.71,-16.25,-69.08333,3826
Yunguyo,2001-09-19,9.14,14.68,5.42,64.27,0.0,3.67,63.7,-16.25,-69.08333,3826
Yunguyo,2001-09-20,9.23,14.71,5.56,66.69,1.66,3.6,63.7,-16.25,-69.08333,3826
Yunguyo,2001-09-21,8.14,12.93,4.69,64.85,0.2,3.31,63.75,-16.25,-69.08333,3826
Yunguyo,2001-09-22,8.01,11.64,5.79,69.21,0.5,2.65,63.76,-16.25,-69.08333,3826
Yunguyo,2001-09-23,8.97,13.37,5.94,60.7,0.04,2.21,63.74,-16.25,-69.08333,3826
Yunguyo,2001-09-24,9.49,14.4,6.0,56.78,0.13,2.43,63.7,-16.25,-69.08333,3826
Yunguyo,2001-09-25,9.83,15.22,5.01,41.24,0.0,2.01,63.7,-16.25,-69.08333,3826
Yunguyo,2001-09-26,9.93,15.8,4.4,41.25,0.07,2.39,63.7,-16.25,-69.08333,3826
Yunguyo,2001-09-27,9.72,15.49,5.04,44.28,0.03,3.39,63.67,-16.25,-69.08333,3826
Yunguyo,2001-09-28,8.33,12.93,6.06,71.55,1.51,2.98,63.75,-16.25,-69.08333,3826
Yunguyo,2001-09-29,10.24,15.63,6.47,48.79,0.0,2.77,63.84,-16.25,-69.08333,3826
Yunguyo,2001-09-30,11.17,16.58,7.19,61.38,4.16,2.77,63.85,-16.25,-69.08333,3826
Yunguyo,2001-10-01,10.92,16.23,6.85,61.72,1.62,2.92,63.84,-16.25,-69.08333,3826
Yunguyo,2001-10-02,10.39,14.76,7.74,70.45,0.2,3.65,63.86,-16.25,-69.08333,3826
Yunguyo,2001-10-03,9.45,13.68,5.46,74.17,0.85,3.49,63.92,-16.25,-69.08333,3826
Yunguyo,2001-10-04,8.52,13.2,3.6,69.52,0.13,2.84,63.96,-16.25,-69.08333,3826
Yunguyo,2001-10-05,7.55,11.54,3.4,79.9,6.22,3.28,63.88,-16.25,-69.08333,3826
Yunguyo,2001-10-06,6.67,12.07,3.14,75.94,6.71,2.39,63.88,-16.25,-69.08333,3826
Yunguyo,2001-10-07,9.47,14.72,4.82,45.77,0.41,2.37,63.76,-16.25,-69.08333,3826
Yunguyo,2001-10-08,9.68,14.87,5.6,52.8,0.0,3.22,63.73,-16.25,-69.08333,3826
Yunguyo,2001-10-09,8.61,12.84,5.88,70.33,0.0,4.85,63.72,-16.25,-69.08333,3826
Yunguyo,2001-10-10,9.88,15.22,5.84,56.56,0.0,3.0,63.67,-16.25,-69.08333,3826
Yunguyo,2001-10-11,7.1,9.63,5.09,71.21,0.84,2.3,63.82,-16.25,-69.08333,3826
Yunguyo,2001-10-12,8.23,12.72,4.72,67.48,1.99,3.68,63.85,-16.25,-69.08333,3826
Yunguyo,2001-10-13,7.44,10.63,4.35,74.61,2.64,2.86,63.86,-16.25,-69.08333,3826
Yunguyo,2001-10-14,8.19,12.77,4.39,73.83,2.57,2.98,63.78,-16.25,-69.08333,3826
Yunguyo,2001-10-15,8.95,12.84,6.23,72.94,0.94,3.26,63.69,-16.25,-69.08333,3826
Yunguyo,2001-10-16,9.53,13.72,6.68,71.9,18.39,3.21,63.68,-16.25,-69.08333,3826
Yunguyo,2001-10-17,8.32,12.62,5.43,73.63,4.53,2.89,63.66,-16.25,-69.08333,3826
Yunguyo,2001-10-18,9.98,15.29,5.4,59.64,0.02,2.56,63.62,-16.25,-69.08333,3826
Yunguyo,2001-10-19,11.11,16.26,7.08,62.02,0.0,2.72,63.59,-16.25,-69.08333,3826
Yunguyo,2001-10-20,11.95,17.67,6.36,39.87,0.01,2.0,63.65,-16.25,-69.08333,3826
Yunguyo,2001-10-21,12.31,17.96,8.02,40.16,1.44,3.29,63.73,-16.25,-69.08333,3826
Yunguyo,2001-10-22,8.89,12.89,7.03,76.72,0.33,4.3,63.75,-16.25,-69.08333,3826
Yunguyo,2001-10-23,10.45,16.19,6.44,63.82,0.0,3.87,63.78,-16.25,-69.08333,3826
Yunguyo,2001-10-24,10.36,15.51,7.1,64.87,0.0,4.56,63.89,-16.25,-69.08333,3826
Yunguyo,2001-10-25,9.9,15.06,6.51,66.93,0.0,4.77,64.01,-16.25,-69.08333,3826
Yunguyo,2001-10-26,10.18,15.71,6.92,66.66,0.0,4.22,63.9,-16.25,-69.08333,3826
Yunguyo,2001-10-27,10.95,16.93,5.58,64.42,5.13,3.59,63.74,-16.25,-69.08333,3826
Yunguyo,2001-10-28,9.95,15.94,4.31,64.44,1.32,3.09,63.77,-16.25,-69.08333,3826
Yunguyo,2001-10-29,11.26,15.94,7.6,64.2,2.02,3.33,63.77,-16.25,-69.08333,3826
Yunguyo,2001-10-30,9.76,13.97,6.39,76.3,3.28,5.33,63.74,-16.25,-69.08333,3826
Yunguyo,2001-10-31,9.28,14.55,5.24,72.05,7.72,4.71,63.78,-16.25,-69.08333,3826
Yunguyo,2001-11-01,8.77,13.69,5.09,75.52,3.2,4.53,63.72,-16.25,-69.08333,3826
Yunguyo,2001-11-02,9.59,15.19,4.87,62.32,4.92,2.29,63.58,-16.25,-69.08333,3826
Yunguyo,2001-11-03,10.22,15.48,5.51,57.57,0.35,2.96,63.53,-16.25,-69.08333,3826
Yunguyo,2001-11-04,10.23,15.81,6.01,66.9,0.01,4.11,63.57,-16.25,-69.08333,3826
Yunguyo,2001-11-05,9.37,14.98,3.76,71.33,0.0,3.29,63.61,-16.25,-69.08333,3826
Yunguyo,2001-11-06,10.08,15.22,4.44,64.25,0.2,2.93,63.71,-16.25,-69.08333,3826
Yunguyo,2001-11-07,10.57,14.81,7.68,70.05,0.01,3.18,63.81,-16.25,-69.08333,3826
Yunguyo,2001-11-08,9.71,13.23,5.53,74.2,0.42,3.87,63.85,-16.25,-69.08333,3826
Yunguyo,2001-11-09,9.64,13.84,4.81,66.13,0.21,2.81,63.85,-16.25,-69.08333,3826
Yunguyo,2001-11-10,11.13,15.26,8.34,63.33,0.02,2.55,63.77,-16.25,-69.08333,3826
Yunguyo,2001-11-11,11.85,16.28,8.7,69.87,0.06,3.61,63.71,-16.25,-69.08333,3826
Yunguyo,2001-11-12,10.93,14.74,8.09,71.39,0.02,3.28,63.76,-16.25,-69.08333,3826
Yunguyo,2001-11-13,12.53,18.15,8.5,53.73,0.0,1.78,63.68,-16.25,-69.08333,3826
Yunguyo,2001-11-14,12.18,17.91,6.74,41.6,0.0,2.51,63.54,-16.25,-69.08333,3826
Yunguyo,2001-11-15,12.1,17.39,7.57,49.97,0.0,2.54,63.56,-16.25,-69.08333,3826
Yunguyo,2001-11-16,10.95,15.23,7.02,68.06,1.19,2.95,63.71,-16.25,-69.08333,3826
Yunguyo,2001-11-17,9.11,12.54,6.23,77.69,0.13,4.16,63.78,-16.25,-69.08333,3826
Yunguyo,2001-11-18,10.9,15.14,7.74,67.68,0.0,2.71,63.77,-16.25,-69.08333,3826
Yunguyo,2001-11-19,11.66,16.58,8.04,65.11,0.33,3.47,63.79,-16.25,-69.08333,3826
Yunguyo,2001-11-20,11.46,15.97,8.07,66.88,0.04,3.19,63.78,-16.25,-69.08333,3826
Yunguyo,2001-11-21,11.68,17.3,7.19,60.66,0.17,3.81,63.77,-16.25,-69.08333,3826
Yunguyo,2001-11-22,10.61,16.73,5.97,58.05,1.25,4.1,63.83,-16.25,-69.08333,3826
Yunguyo,2001-11-23,12.06,18.02,7.32,59.72,0.05,3.2,63.66,-16.25,-69.08333,3826
Yunguyo,2001-11-24,12.37,17.96,8.55,61.28,0.37,4.13,63.59,-16.25,-69.08333,3826
Yunguyo,2001-11-25,10.42,16.11,6.54,60.45,0.51,4.48,63.71,-16.25,-69.08333,3826
Yunguyo,2001-11-26,10.65,15.73,7.05,64.17,0.17,4.63,63.67,-16.25,-69.08333,3826
Yunguyo,2001-11-27,9.96,14.47,5.76,66.76,0.21,4.14,63.69,-16.25,-69.08333,3826
Yunguyo,2001-11-28,10.36,13.77,6.9,67.41,1.88,3.05,63.68,-16.25,-69.08333,3826
Yunguyo,2001-11-29,11.66,17.38,7.34,65.57,0.88,3.38,63.58,-16.25,-69.08333,3826
Yunguyo,2001-11-30,8.99,12.7,6.6,76.2,2.49,3.28,63.53,-16.25,-69.08333,3826
Yunguyo,2001-12-01,9.87,15.73,5.03,68.94,0.06,3.35,63.48,-16.25,-69.08333,3826
Yunguyo,2001-12-02,9.87,14.47,6.45,71.41,1.11,3.41,63.43,-16.25,-69.08333,3826
Yunguyo,2001-12-03,11.38,18.49,6.11,42.11,0.04,1.89,63.5,-16.25,-69.08333,3826
Yunguyo,2001-12-04,10.67,16.07,6.09,48.38,1.14,3.74,63.59,-16.25,-69.08333,3826
Yunguyo,2001-12-05,9.48,13.56,6.6,69.48,0.74,4.04,63.64,-16.25,-69.08333,3826
Yunguyo,2001-12-06,9.26,13.62,6.56,70.57,2.3,3.69,63.63,-16.25,-69.08333,3826
Yunguyo,2001-12-07,8.97,14.39,5.0,70.66,7.25,2.69,63.55,-16.25,-69.08333,3826
Yunguyo,2001-12-08,8.87,13.31,6.35,74.29,6.29,3.25,63.61,-16.25,-69.08333,3826
Yunguyo,2001-12-09,8.42,13.64,5.65,72.31,1.4,2.18,63.65,-16.25,-69.08333,3826
Yunguyo,2001-12-10,10.86,16.59,6.86,56.29,0.07,3.01,63.61,-16.25,-69.08333,3826
Yunguyo,2001-12-11,11.01,16.34,6.88,65.38,0.33,3.28,63.69,-16.25,-69.08333,3826
Yunguyo,2001-12-12,10.84,15.67,7.6,64.67,1.17,2.83,63.66,-16.25,-69.08333,3826
Yunguyo,2001-12-13,10.52,15.34,6.71,64.22,0.08,3.62,63.56,-16.25,-69.08333,3826
Yunguyo,2001-12-14,10.73,15.33,7.15,52.72,0.46,3.91,63.62,-16.25,-69.08333,3826
Yunguyo,2001-12-15,8.83,12.97,5.34,70.97,1.71,5.98,63.78,-16.25,-69.08333,3826
Yunguyo,2001-12-16,8.39,13.09,4.65,71.63,5.03,4.16,63.77,-16.25,-69.08333,3826
Yunguyo,2001-12-17,8.7,13.58,4.83,70.62,15.67,3.75,63.68,-16.25,-69.08333,3826
Yunguyo,2001-12-18,9.08,14.1,4.92,73.39,7.61,3.28,63.67,-16.25,-69.08333,3826
Yunguyo,2001-12-19,10.71,16.06,6.66,67.28,2.22,2.85,63.71,-16.25,-69.08333,3826
Yunguyo,2001-12-20,10.84,15.12,8.08,63.11,1.61,2.14,63.74,-16.25,-69.08333,3826
Yunguyo,2001-12-21,11.2,16.6,6.53,45.01,0.15,3.45,63.68,-16.25,-69.08333,3826
Yunguyo,2001-12-22,10.09,14.09,5.92,68.14,5.23,4.69,63.6,-16.25,-69.08333,3826
Yunguyo,2001-12-23,6.34,10.03,3.58,84.43,2.43,3.39,63.79,-16.25,-69.08333,3826
Yunguyo,2001-12-24,8.92,13.95,4.73,71.85,0.63,4.18,63.88,-16.25,-69.08333,3826
Yunguyo,2001-12-25,9.23,14.15,5.34,73.09,2.47,4.36,63.84,-16.25,-69.08333,3826
Yunguyo,2001-12-26,9.07,13.42,5.38,69.89,1.17,2.78,63.79,-16.25,-69.08333,3826
Yunguyo,2001-12-27,10.56,15.68,6.47,62.98,0.82,2.64,63.73,-16.25,-69.08333,3826
Yunguyo,2001-12-28,11.16,15.99,7.28,65.84,0.07,2.98,63.74,-16.25,-69.08333,3826
Yunguyo,2001-12-29,9.6,15.04,4.55,73.66,0.47,3.2,63.82,-16.25,-69.08333,3826
Yunguyo,2001-12-30,10.29,15.22,6.2,69.79,1.82,2.09,63.71,-16.25,-69.08333,3826
Yunguyo,2001-12-31,12.17,17.8,6.81,43.45,0.26,2.19,63.57,-16.25,-69.08333,3826
Yunguyo,2002-01-01,11.18,16.35,7.66,55.49,0.5,4.02,63.63,-16.25,-69.08333,3826
Yunguyo,2002-01-02,10.94,15.42,8.16,68.03,1.33,3.63,63.73,-16.25,-69.08333,3826
Yunguyo,2002-01-03,10.37,15.2,6.68,71.36,2.3,2.67,63.75,-16.25,-69.08333,3826
Yunguyo,2002-01-04,10.9,16.17,6.13,63.45,2.48,2.22,63.72,-16.25,-69.08333,3826
Yunguyo,2002-01-05,12.0,16.66,8.22,61.47,0.7,2.74,63.71,-16.25,-69.08333,3826
Yunguyo,2002-01-06,10.37,14.21,6.02,75.64,1.44,2.99,63.7,-16.25,-69.08333,3826
Yunguyo,2002-01-07,11.15,17.27,5.34,53.94,0.37,2.3,63.69,-16.25,-69.08333,3826
Yunguyo,2002-01-08,11.51,17.34,6.69,56.44,0.09,2.98,63.75,-16.25,-69.08333,3826
Yunguyo,2002-01-09,10.69,15.39,6.82,67.72,1.78,4.28,63.85,-16.25,-69.08333,3826
Yunguyo,2002-01-10,9.32,14.63,4.42,65.95,7.01,4.74,63.83,-16.25,-69.08333,3826
Yunguyo,2002-01-11,9.42,14.52,5.33,70.38,1.37,4.3,63.77,-16.25,-69.08333,3826
Yunguyo,2002-01-12,10.19,15.45,5.41,61.59,0.14,3.25,63.75,-16.25,-69.08333,3826
Yunguyo,2002-01-13,10.74,15.07,7.33,62.28,0.01,2.76,63.7,-16.25,-69.08333,3826
Yunguyo,2002-01-14,10.63,15.36,7.03,67.13,1.09,3.54,63.75,-16.25,-69.08333,3826
Yunguyo,2002-01-15,9.9,14.39,6.48,70.8,4.04,3.25,63.68,-16.25,-69.08333,3826
Yunguyo,2002-01-16,7.34,11.39,3.93,70.88,6.2,3.16,63.65,-16.25,-69.08333,3826
Yunguyo,2002-01-17,8.6,13.44,5.08,74.03,10.31,4.34,63.64,-16.25,-69.08333,3826
Yunguyo,2002-01-18,7.51,12.38,3.85,80.24,8.85,4.53,63.69,-16.25,-69.08333,3826
Yunguyo,2002-01-19,8.44,13.5,4.01,74.21,8.85,2.72,63.69,-16.25,-69.08333,3826
Yunguyo,2002-01-20,8.88,13.52,5.97,75.54,1.9,3.56,63.73,-16.25,-69.08333,3826
Yunguyo,2002-01-21,9.44,14.11,5.99,70.08,5.21,4.0,63.82,-16.25,-69.08333,3826
Yunguyo,2002-01-22,9.3,13.79,6.03,71.16,3.79,3.94,63.86,-16.25,-69.08333,3826
Yunguyo,2002-01-23,10.06,15.08,6.42,73.39,3.83,4.21,63.83,-16.25,-69.08333,3826
Yunguyo,2002-01-24,11.22,16.33,7.3,72.65,2.93,3.98,63.74,-16.25,-69.08333,3826
Yunguyo,2002-01-25,11.56,16.69,7.98,67.42,0.65,4.26,63.77,-16.25,-69.08333,3826
Yunguyo,2002-01-26,12.0,17.23,8.17,66.04,2.27,4.04,63.73,-16.25,-69.08333,3826
Yunguyo,2002-01-27,11.58,16.69,7.64,68.82,5.26,4.28,63.72,-16.25,-69.08333,3826
Yunguyo,2002-01-28,11.2,16.38,6.94,70.92,12.61,3.92,63.69,-16.25,-69.08333,3826
Yunguyo,2002-01-29,11.2,15.88,7.8,72.82,5.7,4.4,63.64,-16.25,-69.08333,3826
Yunguyo,2002-01-30,10.9,15.97,7.0,70.92,3.84,4.49,63.7,-16.25,-69.08333,3826
Yunguyo,2002-01-31,11.37,16.52,7.23,68.69,1.77,3.96,63.71,-16.25,-69.08333,3826
Yunguyo,2002-02-01,10.89,15.39,7.69,72.74,5.33,5.02,63.78,-16.25,-69.08333,3826
Yunguyo,2002-02-02,10.21,14.48,6.9,74.57,11.96,5.29,63.87,-16.25,-69.08333,3826
Yunguyo,2002-02-03,10.68,15.45,7.02,72.91,7.0,4.66,63.8,-16.25,-69.08333,3826
Yunguyo,2002-02-04,10.36,15.11,7.23,75.21,7.76,4.7,63.7,-16.25,-69.08333,3826
Yunguyo,2002-02-05,10.4,15.46,6.28,74.72,6.59,4.8,63.73,-16.25,-69.08333,3826
Yunguyo,2002-02-06,9.44,13.88,4.02,78.65,4.83,4.34,63.72,-16.25,-69.08333,3826
Yunguyo,2002-02-07,7.83,10.79,3.08,80.06,9.88,2.18,63.68,-16.25,-69.08333,3826
Yunguyo,2002-02-08,10.1,15.68,5.17,68.0,0.69,2.63,63.67,-16.25,-69.08333,3826
Yunguyo,2002-02-09,10.96,15.66,7.55,69.52,1.89,3.42,63.69,-16.25,-69.08333,3826
Yunguyo,2002-02-10,10.64,15.23,7.67,73.1,0.26,4.05,63.71,-16.25,-69.08333,3826
Yunguyo,2002-02-11,10.73,15.63,7.48,71.87,1.61,4.43,63.69,-16.25,-69.08333,3826
Yunguyo,2002-02-12,10.19,14.48,6.95,73.99,3.87,4.49,63.74,-16.25,-69.08333,3826
Yunguyo,2002-02-13,9.51,14.84,5.5,73.24,4.32,5.16,63.72,-16.25,-69.08333,3826
Yunguyo,2002-02-14,9.69,14.18,6.33,76.49,10.29,3.95,63.66,-16.25,-69.08333,3826
Yunguyo,2002-02-15,9.98,14.4,6.48,76.87,5.33,4.07,63.72,-16.25,-69.08333,3826
Yunguyo,2002-02-16,8.81,12.37,5.87,79.64,6.53,3.65,63.84,-16.25,-69.08333,3826
Yunguyo,2002-02-17,9.6,14.05,6.62,79.32,8.16,4.55,63.87,-16.25,-69.08333,3826
Yunguyo,2002-02-18,10.46,15.09,7.1,75.94,4.44,3.56,63.77,-16.25,-69.08333,3826
Yunguyo,2002-02-19,10.41,15.47,6.32,72.92,3.53,3.14,63.69,-16.25,-69.08333,3826
Yunguyo,2002-02-20,9.56,13.49,5.96,71.01,3.68,2.68,63.65,-16.25,-69.08333,3826
Yunguyo,2002-02-21,10.56,14.63,8.01,74.44,7.11,2.61,63.65,-16.25,-69.08333,3826
Yunguyo,2002-02-22,11.08,16.41,6.26,55.87,0.82,2.59,63.65,-16.25,-69.08333,3826
Yunguyo,2002-02-23,9.82,13.66,7.4,76.95,4.31,4.29,63.75,-16.25,-69.08333,3826
Yunguyo,2002-02-24,9.19,13.17,6.24,78.9,16.62,4.99,63.94,-16.25,-69.08333,3826
Yunguyo,2002-02-25,10.74,15.8,7.01,71.68,4.94,3.12,63.86,-16.25,-69.08333,3826
Yunguyo,2002-02-26,10.91,16.17,6.54,70.64,1.24,2.72,63.71,-16.25,-69.08333,3826
Yunguyo,2002-02-27,8.88,12.72,4.6,73.85,8.01,1.57,63.68,-16.25,-69.08333,3826
Yunguyo,2002-02-28,9.8,13.79,6.5,77.14,15.99,3.0,63.66,-16.25,-69.08333,3826
Yunguyo,2002-03-01,10.11,14.55,7.05,75.3,17.64,4.73,63.75,-16.25,-69.08333,3826
Yunguyo,2002-03-02,9.73,14.24,5.71,76.19,4.62,4.78,63.84,-16.25,-69.08333,3826
Yunguyo,2002-03-03,10.39,14.46,7.07,77.08,5.5,3.98,63.81,-16.25,-69.08333,3826
Yunguyo,2002-03-04,10.32,14.24,7.33,76.37,4.2,4.2,63.86,-16.25,-69.08333,3826
Yunguyo,2002-03-05,9.79,14.06,6.6,76.09,1.31,4.5,63.95,-16.25,-69.08333,3826
Yunguyo,2002-03-06,10.09,14.7,6.21,69.92,5.0,3.33,63.83,-16.25,-69.08333,3826
Yunguyo,2002-03-07,8.93,11.39,6.6,79.18,2.98,2.49,63.7,-16.25,-69.08333,3826
Yunguyo,2002-03-08,9.16,13.35,6.04,77.73,2.2,4.84,63.74,-16.25,-69.08333,3826
Yunguyo,2002-03-09,9.12,13.69,5.05,74.21,3.98,3.4,63.8,-16.25,-69.08333,3826
Yunguyo,2002-03-10,8.45,13.14,4.47,78.02,4.25,1.67,63.84,-16.25,-69.08333,3826
Yunguyo,2002-03-11,8.78,12.19,5.39,81.31,1.73,2.96,63.79,-16.25,-69.08333,3826
Yunguyo,2002-03-12,9.28,13.56,6.63,79.47,6.78,4.63,63.89,-16.25,-69.08333,3826
Yunguyo,2002-03-13,9.57,14.14,6.24,76.15,3.9,3.88,63.9,-16.25,-69.08333,3826
Yunguyo,2002-03-14,10.14,14.95,6.26,73.34,1.51,3.72,63.81,-16.25,-69.08333,3826
Yunguyo,2002-03-15,10.36,14.75,6.8,71.77,0.78,3.4,63.78,-16.25,-69.08333,3826
Yunguyo,2002-03-16,9.72,14.09,5.36,76.02,4.8,2.29,63.72,-16.25,-69.08333,3826
Yunguyo,2002-03-17,8.89,12.72,5.02,80.3,4.78,3.32,63.72,-16.25,-69.08333,3826
Yunguyo,2002-03-18,9.33,12.79,6.9,79.71,2.46,3.35,63.7,-16.25,-69.08333,3826
Yunguyo,2002-03-19,10.21,15.5,5.54,64.32,0.4,2.87,63.66,-16.25,-69.08333,3826
Yunguyo,2002-03-20,7.59,10.54,3.38,87.23,2.54,3.94,63.76,-16.25,-69.08333,3826
Yunguyo,2002-03-21,9.24,13.92,6.22,77.78,5.33,3.96,63.83,-16.25,-69.08333,3826
Yunguyo,2002-03-22,9.48,14.38,5.39,73.03,1.17,2.27,63.8,-16.25,-69.08333,3826
Yunguyo,2002-03-23,9.89,13.94,6.57,76.35,1.05,3.76,63.8,-16.25,-69.08333,3826
Yunguyo,2002-03-24,10.55,15.03,7.63,75.29,0.34,3.05,63.8,-16.25,-69.08333,3826
Yunguyo,2002-03-25,11.38,16.18,8.3,68.33,0.04,3.03,63.77,-16.25,-69.08333,3826
Yunguyo,2002-03-26,11.3,16.09,7.69,66.38,0.0,3.07,63.74,-16.25,-69.08333,3826
Yunguyo,2002-03-27,10.65,15.2,6.74,68.25,0.24,3.72,63.76,-16.25,-69.08333,3826
Yunguyo,2002-03-28,9.6,14.05,5.95,73.63,0.09,4.04,63.82,-16.25,-69.08333,3826
Yunguyo,2002-03-29,10.46,15.38,6.62,70.2,0.77,3.49,63.75,-16.25,-69.08333,3826
Yunguyo,2002-03-30,10.37,14.8,7.55,73.36,1.54,3.74,63.72,-16.25,-69.08333,3826
Yunguyo,2002-03-31,9.35,13.27,6.54,75.89,6.99,4.94,63.81,-16.25,-69.08333,3826
Yunguyo,2002-04-01,9.12,13.07,5.83,74.22,2.05,3.03,63.8,-16.25,-69.08333,3826
Yunguyo,2002-04-02,9.85,14.37,7.08,73.88,0.01,3.22,63.82,-16.25,-69.08333,3826
Yunguyo,2002-04-03,9.63,14.78,5.93,69.92,0.0,4.04,63.99,-16.25,-69.08333,3826
Yunguyo,2002-04-04,10.11,15.69,6.22,65.15,0.37,3.16,64.01,-16.25,-69.08333,3826
Yunguyo,2002-04-05,10.53,15.97,6.91,68.68,0.45,2.79,63.92,-16.25,-69.08333,3826
Yunguyo,2002-04-06,11.25,15.99,8.07,65.3,0.05,2.13,63.75,-16.25,-69.08333,3826
Yunguyo,2002-04-07,10.8,15.5,7.93,67.49,0.0,2.7,63.74,-16.25,-69.08333,3826
Yunguyo,2002-04-08,10.95,15.98,7.81,64.26,0.21,2.89,63.79,-16.25,-69.08333,3826
Yunguyo,2002-04-09,10.32,15.39,6.8,66.17,0.07,2.74,63.83,-16.25,-69.08333,3826
Yunguyo,2002-04-10,10.52,14.83,7.78,66.33,0.2,2.09,63.74,-16.25,-69.08333,3826
Yunguyo,2002-04-11,8.73,13.38,5.74,74.78,1.83,2.35,63.69,-16.25,-69.08333,3826
Yunguyo,2002-04-12,8.92,13.45,6.17,71.16,0.91,2.96,63.72,-16.25,-69.08333,3826
Yunguyo,2002-04-13,7.77,12.44,4.85,78.35,0.42,5.13,63.77,-16.25,-69.08333,3826
Yunguyo,2002-04-14,7.61,11.65,4.83,81.34,5.63,5.45,63.83,-16.25,-69.08333,3826
Yunguyo,2002-04-15,7.76,12.03,4.57,80.22,2.11,4.35,63.85,-16.25,-69.08333,3826
Yunguyo,2002-04-16,8.95,13.96,5.54,75.39,0.2,3.17,63.84,-16.25,-69.08333,3826
Yunguyo,2002-04-17,9.69,14.28,6.7,70.71,0.98,3.3,63.85,-16.25,-69.08333,3826
Yunguyo,2002-04-18,8.29,12.73,4.86,75.86,1.95,4.02,63.87,-16.25,-69.08333,3826
Yunguyo,2002-04-19,8.58,12.99,5.36,76.22,0.29,3.57,63.8,-16.25,-69.08333,3826
Yunguyo,2002-04-20,8.79,13.27,5.78,75.04,2.75,3.73,63.76,-16.25,-69.08333,3826
Yunguyo,2002-04-21,8.03,12.75,4.09,74.08,4.87,4.11,63.82,-16.25,-69.08333,3826
Yunguyo,2002-04-22,8.53,12.58,5.31,76.48,8.02,3.7,63.76,-16.25,-69.08333,3826
Yunguyo,2002-04-23,7.37,9.42,5.53,74.87,10.86,1.4,63.76,-16.25,-69.08333,3826
Yunguyo,2002-04-24,9.89,14.3,6.91,58.08,1.01,1.74,63.73,-16.25,-69.08333,3826
Yunguyo,2002-04-25,9.3,13.05,6.46,69.96,2.89,2.02,63.72,-16.25,-69.08333,3826
Yunguyo,2002-04-26,8.9,12.91,6.43,77.3,1.76,3.0,63.76,-16.25,-69.08333,3826
Yunguyo,2002-04-27,7.71,11.0,5.51,82.67,2.03,4.46,63.81,-16.25,-69.08333,3826
Yunguyo,2002-04-28,9.31,15.13,4.49,64.51,0.32,2.68,63.69,-16.25,-69.08333,3826
Yunguyo,2002-04-29,8.15,14.39,2.65,48.2,0.0,3.21,63.75,-16.25,-69.08333,3826
Yunguyo,2002-04-30,9.37,13.93,5.78,76.03,0.6,3.13,63.87,-16.25,-69.08333,3826
Yunguyo,2002-05-01,8.72,13.11,5.18,78.64,0.29,2.97,63.93,-16.25,-69.08333,3826
Yunguyo,2002-05-02,9.79,14.6,6.7,65.52,0.02,2.94,63.92,-16.25,-69.08333,3826
Yunguyo,2002-05-03,9.39,14.41,6.29,66.59,0.0,2.99,63.8,-16.25,-69.08333,3826
Yunguyo,2002-05-04,6.85,9.72,3.23,73.97,6.8,2.8,63.9,-16.25,-69.08333,3826
Yunguyo,2002-05-05,7.42,11.65,3.46,73.76,5.42,2.39,63.94,-16.25,-69.08333,3826
Yunguyo,2002-05-06,6.91,11.03,3.74,78.64,1.87,3.71,63.98,-16.25,-69.08333,3826
Yunguyo,2002-05-07,8.39,13.03,4.89,68.21,0.03,2.15,63.97,-16.25,-69.08333,3826
Yunguyo,2002-05-08,8.29,12.18,6.03,75.72,0.64,3.27,63.93,-16.25,-69.08333,3826
Yunguyo,2002-05-09,7.62,11.75,4.63,78.2,0.71,3.33,63.92,-16.25,-69.08333,3826
Yunguyo,2002-05-10,8.16,12.4,5.44,76.23,2.34,2.89,63.94,-16.25,-69.08333,3826
Yunguyo,2002-05-11,8.35,12.32,5.8,74.13,0.79,2.91,63.99,-16.25,-69.08333,3826
Yunguyo,2002-05-12,9.11,13.34,6.37,70.49,0.0,2.41,63.94,-16.25,-69.08333,3826
Yunguyo,2002-05-13,8.42,12.67,5.8,76.05,0.01,3.03,63.8,-16.25,-69.08333,3826
Yunguyo,2002-05-14,9.1,13.46,5.27,67.25,0.0,2.85,63.75,-16.25,-69.08333,3826
Yunguyo,2002-05-15,9.41,13.54,5.91,64.12,0.0,2.07,63.85,-16.25,-69.08333,3826
Yunguyo,2002-05-16,9.47,13.63,5.84,63.94,0.0,1.11,63.83,-16.25,-69.08333,3826
Yunguyo,2002-05-17,8.07,13.64,4.21,55.23,0.0,2.57,63.75,-16.25,-69.08333,3826
Yunguyo,2002-05-18,6.95,12.1,2.89,61.51,0.01,2.85,63.71,-16.25,-69.08333,3826
Yunguyo,2002-05-19,7.15,11.87,3.06,61.86,0.0,2.66,63.71,-16.25,-69.08333,3826
Yunguyo,2002-05-20,7.31,13.88,1.26,44.66,0.01,3.07,63.77,-16.25,-69.08333,3826
Yunguyo,2002-05-21,7.31,11.51,4.32,65.92,0.9,2.49,63.84,-16.25,-69.08333,3826
Yunguyo,2002-05-22,8.52,13.23,5.26,65.84,0.07,1.7,63.83,-16.25,-69.08333,3826
Yunguyo,2002-05-23,8.69,13.63,4.62,63.57,0.0,2.64,63.89,-16.25,-69.08333,3826
Yunguyo,2002-05-24,8.39,13.27,5.37,73.91,0.1,2.99,63.87,-16.25,-69.08333,3826
Yunguyo,2002-05-25,8.5,12.74,5.59,71.58,0.01,1.75,63.85,-16.25,-69.08333,3826
Yunguyo,2002-05-26,9.3,14.17,5.52,58.18,0.0,2.43,63.74,-16.25,-69.08333,3826
Yunguyo,2002-05-27,8.83,13.08,5.1,64.33,0.2,2.53,63.66,-16.25,-69.08333,3826
Yunguyo,2002-05-28,8.92,13.36,5.02,57.52,0.5,2.0,63.64,-16.25,-69.08333,3826
Yunguyo,2002-05-29,9.1,13.43,5.58,61.36,0.16,2.06,63.67,-16.25,-69.08333,3826
Yunguyo,2002-05-30,8.82,13.17,6.1,67.3,0.18,2.06,63.78,-16.25,-69.08333,3826
Yunguyo,2002-05-31,8.36,12.7,4.74,60.85,0.02,2.37,63.89,-16.25,-69.08333,3826
Yunguyo,2002-06-01,9.65,13.86,6.58,60.85,0.0,2.29,63.85,-16.25,-69.08333,3826
Yunguyo,2002-06-02,9.67,14.46,5.87,57.53,0.0,2.39,63.84,-16.25,-69.08333,3826
Yunguyo,2002-06-03,9.67,13.64,6.73,68.49,0.0,2.02,63.82,-16.25,-69.08333,3826
Yunguyo,2002-06-04,9.74,14.17,6.43,55.75,0.0,1.56,63.84,-16.25,-69.08333,3826
Yunguyo,2002-06-05,9.84,14.94,6.16,52.43,0.0,2.3,63.81,-16.25,-69.08333,3826
Yunguyo,2002-06-06,9.98,14.64,7.07,64.65,0.05,2.27,63.8,-16.25,-69.08333,3826
Yunguyo,2002-06-07,9.9,14.72,6.86,67.61,0.0,2.38,63.85,-16.25,-69.08333,3826
Yunguyo,2002-06-08,9.8,13.88,7.29,73.56,0.12,3.01,63.9,-16.25,-69.08333,3826
Yunguyo,2002-06-09,9.98,14.81,7.02,65.93,0.06,2.65,63.83,-16.25,-69.08333,3826
Yunguyo,2002-06-10,9.04,12.97,6.72,69.83,0.05,3.07,63.84,-16.25,-69.08333,3826
Yunguyo,2002-06-11,9.26,13.03,6.52,60.53,0.02,2.39,63.85,-16.25,-69.08333,3826
Yunguyo,2002-06-12,8.94,13.16,5.97,55.03,0.3,2.88,63.82,-16.25,-69.08333,3826
Yunguyo,2002-06-13,8.57,12.92,5.31,54.15,0.04,1.99,63.82,-16.25,-69.08333,3826
Yunguyo,2002-06-14,6.96,10.9,4.58,64.47,0.93,2.97,63.93,-16.25,-69.08333,3826
Yunguyo,2002-06-15,6.64,10.79,4.02,77.19,0.26,3.51,63.94,-16.25,-69.08333,3826
Yunguyo,2002-06-16,7.44,12.04,3.81,68.8,0.14,3.9,63.82,-16.25,-69.08333,3826
Yunguyo,2002-06-17,7.76,13.71,3.68,52.43,0.11,3.6,63.73,-16.25,-69.08333,3826
Yunguyo,2002-06-18,6.62,12.46,2.34,54.74,0.07,4.31,63.81,-16.25,-69.08333,3826
Yunguyo,2002-06-19,6.37,11.03,3.19,75.53,0.01,3.65,63.89,-16.25,-69.08333,3826
Yunguyo,2002-06-20,6.79,11.4,3.88,67.85,0.0,2.45,63.9,-16.25,-69.08333,3826
Yunguyo,2002-06-21,5.25,10.33,1.43,73.81,0.0,3.99,64.01,-16.25,-69.08333,3826
Yunguyo,2002-06-22,5.17,11.11,1.1,68.88,0.0,2.97,64.03,-16.25,-69.08333,3826
Yunguyo,2002-06-23,6.37,11.93,2.23,68.34,0.0,2.32,63.94,-16.25,-69.08333,3826
Yunguyo,2002-06-24,6.41,12.29,2.66,68.95,0.22,2.22,63.94,-16.25,-69.08333,3826
Yunguyo,2002-06-25,6.79,12.39,3.45,71.09,0.02,2.23,63.93,-16.25,-69.08333,3826
Yunguyo,2002-06-26,7.61,12.67,3.99,63.59,0.0,2.5,63.89,-16.25,-69.08333,3826
Yunguyo,2002-06-27,7.29,11.42,4.42,61.97,1.21,2.82,63.9,-16.25,-69.08333,3826
Yunguyo,2002-06-28,6.79,11.57,3.5,66.58,0.46,3.44,63.9,-16.25,-69.08333,3826
Yunguyo,2002-06-29,6.75,10.67,4.04,72.89,0.05,4.17,63.9,-16.25,-69.08333,3826
Yunguyo,2002-06-30,6.11,10.15,3.07,74.58,0.42,6.2,63.94,-16.25,-69.08333,3826
Yunguyo,2002-07-01,5.02,9.79,1.75,70.98,0.03,6.04,63.98,-16.25,-69.08333,3826
Yunguyo,2002-07-02,5.46,10.95,1.07,73.09,0.08,5.63,63.8,-16.25,-69.08333,3826
Yunguyo,2002-07-03,3.81,6.77,1.99,81.7,0.19,4.91,63.62,-16.25,-69.08333,3826
Yunguyo,2002-07-04,5.02,10.92,0.83,72.01,0.06,4.24,63.68,-16.25,-69.08333,3826
Yunguyo,2002-07-05,4.6,10.61,-0.43,62.71,0.25,5.23,63.7,-16.25,-69.08333,3826
Yunguyo,2002-07-06,3.85,10.63,-1.52,42.71,0.0,3.54,63.76,-16.25,-69.08333,3826
Yunguyo,2002-07-07,4.72,8.69,1.1,61.9,0.0,2.28,63.82,-16.25,-69.08333,3826
Yunguyo,2002-07-08,5.65,12.1,1.1,52.2,0.0,3.13,63.75,-16.25,-69.08333,3826
Yunguyo,2002-07-09,4.66,10.19,1.21,61.01,0.44,3.16,63.8,-16.25,-69.08333,3826
Yunguyo,2002-07-10,2.93,7.25,0.6,84.12,2.45,1.82,63.81,-16.25,-69.08333,3826
Yunguyo,2002-07-11,2.02,3.87,0.48,80.58,2.2,1.75,63.91,-16.25,-69.08333,3826
Yunguyo,2002-07-12,3.32,7.17,0.54,76.72,0.1,2.46,63.94,-16.25,-69.08333,3826
Yunguyo,2002-07-13,3.09,6.99,1.03,80.71,0.83,1.27,63.91,-16.25,-69.08333,3826
Yunguyo,2002-07-14,3.55,6.02,0.72,74.85,0.08,2.04,63.91,-16.25,-69.08333,3826
Yunguyo,2002-07-15,5.58,10.33,1.46,54.85,0.0,2.51,63.88,-16.25,-69.08333,3826
Yunguyo,2002-07-16,6.0,10.68,2.68,67.62,1.61,2.36,63.89,-16.25,-69.08333,3826
Yunguyo,2002-07-17,3.48,8.31,0.96,83.03,0.97,2.84,63.98,-16.25,-69.08333,3826
Yunguyo,2002-07-18,3.45,5.88,0.78,78.71,0.48,1.79,63.96,-16.25,-69.08333,3826
Yunguyo,2002-07-19,5.7,9.54,2.37,55.21,0.02,2.0,63.79,-16.25,-69.08333,3826
Yunguyo,2002-07-20,4.7,11.28,-0.17,37.91,0.0,4.86,63.75,-16.25,-69.08333,3826
Yunguyo,2002-07-21,4.74,11.82,-0.3,36.24,0.0,5.13,63.76,-16.25,-69.08333,3826
Yunguyo,2002-07-22,5.74,12.29,0.88,48.59,0.01,3.05,63.78,-16.25,-69.08333,3826
Yunguyo,2002-07-23,6.96,12.3,2.34,70.21,0.01,2.66,63.82,-16.25,-69.08333,3826
Yunguyo,2002-07-24,7.41,12.42,3.37,73.57,0.0,2.64,63.92,-16.25,-69.08333,3826
Yunguyo,2002-07-25,5.86,8.17,3.9,81.66,0.09,3.13,64.0,-16.25,-69.08333,3826
Yunguyo,2002-07-26,4.53,6.89,2.47,79.0,0.02,1.53,63.95,-16.25,-69.08333,3826
Yunguyo,2002-07-27,5.96,11.19,2.0,72.81,2.36,3.22,63.89,-16.25,-69.08333,3826
Yunguyo,2002-07-28,2.48,4.32,1.3,89.01,3.56,1.86,63.95,-16.25,-69.08333,3826
Yunguyo,2002-07-29,5.38,10.66,1.38,75.06,0.01,2.43,63.9,-16.25,-69.08333,3826
Yunguyo,2002-07-30,6.74,11.69,3.51,69.97,0.0,2.84,63.87,-16.25,-69.08333,3826
Yunguyo,2002-07-31,7.5,12.07,3.94,62.94,0.0,2.57,63.87,-16.25,-69.08333,3826
Yunguyo,2002-08-01,7.57,12.13,4.07,65.61,0.08,3.06,63.83,-16.25,-69.08333,3826
Yunguyo,2002-08-02,6.77,10.75,3.74,74.6,0.0,3.52,63.87,-16.25,-69.08333,3826
Yunguyo,2002-08-03,7.61,11.87,4.39,68.28,0.0,2.51,63.94,-16.25,-69.08333,3826
Yunguyo,2002-08-04,8.47,13.49,3.98,55.34,0.0,2.88,63.89,-16.25,-69.08333,3826
Yunguyo,2002-08-05,8.82,13.91,5.5,54.6,0.0,2.83,63.78,-16.25,-69.08333,3826
Yunguyo,2002-08-06,7.62,12.2,5.33,70.85,0.96,2.99,63.84,-16.25,-69.08333,3826
Yunguyo,2002-08-07,7.49,11.01,4.55,68.79,0.06,2.4,63.96,-16.25,-69.08333,3826
Yunguyo,2002-08-08,8.16,12.71,5.15,61.49,0.03,1.36,64.0,-16.25,-69.08333,3826
Yunguyo,2002-08-09,6.58,9.26,3.76,71.08,0.04,3.69,64.02,-16.25,-69.08333,3826
Yunguyo,2002-08-10,7.35,12.76,3.71,66.34,0.0,2.85,63.97,-16.25,-69.08333,3826
Yunguyo,2002-08-11,6.87,11.86,3.32,68.02,0.0,3.17,63.99,-16.25,-69.08333,3826
Yunguyo,2002-08-12,6.8,11.87,3.6,62.26,0.21,2.89,63.99,-16.25,-69.08333,3826
Yunguyo,2002-08-13,7.56,12.55,3.96,61.52,0.0,2.22,63.9,-16.25,-69.08333,3826
Yunguyo,2002-08-14,7.35,11.58,4.71,67.44,1.2,3.39,63.88,-16.25,-69.08333,3826
Yunguyo,2002-08-15,6.28,9.95,3.7,76.21,0.01,2.79,63.95,-16.25,-69.08333,3826
Yunguyo,2002-08-16,6.44,11.55,2.97,74.33,0.0,2.6,63.93,-16.25,-69.08333,3826
Yunguyo,2002-08-17,3.48,5.73,1.29,81.29,0.7,1.38,63.89,-16.25,-69.08333,3826
Yunguyo,2002-08-18,5.57,8.79,2.57,57.27,0.02,2.7,63.73,-16.25,-69.08333,3826
Yunguyo,2002-08-19,6.14,10.96,1.86,49.3,0.0,2.99,63.71,-16.25,-69.08333,3826
Yunguyo,2002-08-20,7.32,12.53,2.66,48.53,0.08,3.02,63.75,-16.25,-69.08333,3826
Yunguyo,2002-08-21,7.69,12.2,3.92,52.56,0.28,1.93,63.78,-16.25,-69.08333,3826
Yunguyo,2002-08-22,7.35,11.95,4.45,60.87,0.24,2.04,63.85,-16.25,-69.08333,3826
Yunguyo,2002-08-23,7.77,12.15,5.26,67.91,0.0,2.71,63.83,-16.25,-69.08333,3826
Yunguyo,2002-08-24,6.94,9.95,4.25,74.57,0.0,2.46,63.85,-16.25,-69.08333,3826
Yunguyo,2002-08-25,7.87,12.16,4.42,74.4,1.42,3.1,63.85,-16.25,-69.08333,3826
Yunguyo,2002-08-26,8.38,12.41,6.03,72.39,0.87,2.5,63.83,-16.25,-69.08333,3826
Yunguyo,2002-08-27,6.77,11.42,3.65,76.76,0.13,2.94,63.77,-16.25,-69.08333,3826
Yunguyo,2002-08-28,7.46,14.07,1.98,38.28,0.0,3.78,63.6,-16.25,-69.08333,3826
Yunguyo,2002-08-29,6.41,12.64,1.12,45.91,0.06,3.28,63.61,-16.25,-69.08333,3826
Yunguyo,2002-08-30,5.94,11.2,3.22,71.14,0.64,2.0,63.63,-16.25,-69.08333,3826
Yunguyo,2002-08-31,6.86,12.69,2.83,67.28,1.02,2.62,63.73,-16.25,-69.08333,3826
Yunguyo,2002-09-01,7.03,13.57,2.5,67.74,0.73,2.5,63.73,-16.25,-69.08333,3826
Yunguyo,2002-09-02,7.6,12.6,4.36,54.75,0.74,1.95,63.72,-16.25,-69.08333,3826
Yunguyo,2002-09-03,7.18,12.54,3.21,65.31,1.45,2.87,63.8,-16.25,-69.08333,3826
Yunguyo,2002-09-04,8.32,14.66,4.01,65.03,0.21,2.61,63.86,-16.25,-69.08333,3826
Yunguyo,2002-09-05,8.93,13.77,4.99,58.41,0.0,2.73,63.83,-16.25,-69.08333,3826
Yunguyo,2002-09-06,9.04,14.55,3.85,47.84,0.0,3.46,63.86,-16.25,-69.08333,3826
Yunguyo,2002-09-07,8.56,12.82,4.88,70.15,0.0,4.22,63.96,-16.25,-69.08333,3826
Yunguyo,2002-09-08,8.27,12.06,4.97,68.87,0.0,3.21,63.93,-16.25,-69.08333,3826
Yunguyo,2002-09-09,7.47,11.3,4.74,71.65,0.0,3.98,63.91,-16.25,-69.08333,3826
Yunguyo,2002-09-10,6.81,11.76,2.49,73.27,6.01,3.05,63.86,-16.25,-69.08333,3826
Yunguyo,2002-09-11,4.58,7.31,2.2,80.96,2.92,2.5,63.83,-16.25,-69.08333,3826
Yunguyo,2002-09-12,4.98,10.35,1.98,68.43,1.15,2.11,63.78,-16.25,-69.08333,3826
Yunguyo,2002-09-13,5.44,9.59,1.71,63.34,0.02,3.34,63.78,-16.25,-69.08333,3826
Yunguyo,2002-09-14,6.99,9.95,4.59,48.34,0.0,2.9,63.81,-16.25,-69.08333,3826
Yunguyo,2002-09-15,8.62,14.08,3.88,59.47,0.05,2.96,63.75,-16.25,-69.08333,3826
Yunguyo,2002-09-16,8.5,13.17,4.63,57.76,0.0,1.86,63.78,-16.25,-69.08333,3826
Yunguyo,2002-09-17,7.65,11.23,4.82,70.77,4.11,3.31,63.85,-16.25,-69.08333,3826
Yunguyo,2002-09-18,7.53,12.43,2.57,73.28,1.82,2.18,63.93,-16.25,-69.08333,3826
Yunguyo,2002-09-19,9.59,14.64,5.66,58.48,0.14,2.65,63.87,-16.25,-69.08333,3826
Yunguyo,2002-09-20,10.74,15.92,7.15,63.83,0.0,3.18,63.81,-16.25,-69.08333,3826
Yunguyo,2002-09-21,10.18,16.27,6.24,65.93,0.02,3.21,63.72,-16.25,-69.08333,3826
Yunguyo,2002-09-22,10.77,17.25,5.47,41.28,0.0,1.77,63.69,-16.25,-69.08333,3826
Yunguyo,2002-09-23,10.05,16.39,4.62,42.61,0.24,3.05,63.71,-16.25,-69.08333,3826
Yunguyo,2002-09-24,9.33,14.93,5.88,67.77,0.26,3.78,63.74,-16.25,-69.08333,3826
Yunguyo,2002-09-25,9.23,14.49,5.66,64.84,0.01,3.15,63.76,-16.25,-69.08333,3826
Yunguyo,2002-09-26,7.94,12.92,3.6,59.55,0.0,3.58,63.8,-16.25,-69.08333,3826
Yunguyo,2002-09-27,8.76,13.91,5.16,68.22,0.0,3.8,63.87,-16.25,-69.08333,3826
Yunguyo,2002-09-28,9.46,15.17,5.4,69.68,0.0,3.91,63.89,-16.25,-69.08333,3826
Yunguyo,2002-09-29,10.2,15.49,6.22,68.73,0.0,3.5,63.86,-16.25,-69.08333,3826
Yunguyo,2002-09-30,8.29,10.71,6.36,80.81,0.47,4.17,63.85,-16.25,-69.08333,3826
Yunguyo,2002-10-01,8.25,13.53,4.73,70.15,13.27,3.6,63.92,-16.25,-69.08333,3826
Yunguyo,2002-10-02,8.81,12.91,5.05,61.65,4.2,2.56,63.86,-16.25,-69.08333,3826
Yunguyo,2002-10-03,9.55,13.5,7.18,70.74,0.54,2.56,63.78,-16.25,-69.08333,3826
Yunguyo,2002-10-04,8.88,12.48,6.31,76.35,3.15,3.54,63.78,-16.25,-69.08333,3826
Yunguyo,2002-10-05,9.28,13.78,6.49,72.15,0.21,3.35,63.81,-16.25,-69.08333,3826
Yunguyo,2002-10-06,8.96,13.07,6.44,72.54,0.05,3.13,63.79,-16.25,-69.08333,3826
Yunguyo,2002-10-07,10.17,14.32,6.91,69.2,0.15,3.35,63.74,-16.25,-69.08333,3826
Yunguyo,2002-10-08,8.86,13.84,4.39,74.62,2.98,3.8,63.79,-16.25,-69.08333,3826
Yunguyo,2002-10-09,7.15,12.49,2.42,75.69,3.88,2.19,63.76,-16.25,-69.08333,3826
Yunguyo,2002-10-10,9.91,14.87,6.02,55.89,1.63,2.34,63.63,-16.25,-69.08333,3826
Yunguyo,2002-10-11,8.83,13.25,5.76,49.54,0.31,2.91,63.76,-16.25,-69.08333,3826
Yunguyo,2002-10-12,9.93,13.99,7.24,66.49,0.03,3.68,63.89,-16.25,-69.08333,3826
Yunguyo,2002-10-13,9.68,14.51,6.12,70.06,3.42,2.76,63.8,-16.25,-69.08333,3826
Yunguyo,2002-10-14,9.04,14.48,4.61,56.98,0.68,3.79,63.7,-16.25,-69.08333,3826
Yunguyo,2002-10-15,7.83,12.54,5.33,70.06,3.39,3.19,63.72,-16.25,-69.08333,3826
Yunguyo,2002-10-16,8.76,14.14,4.86,71.32,4.71,4.23,63.71,-16.25,-69.08333,3826
Yunguyo,2002-10-17,9.77,15.73,4.45,63.91,2.69,3.93,63.74,-16.25,-69.08333,3826
Yunguyo,2002-10-18,9.35,14.48,5.15,65.18,0.12,2.39,63.7,-16.25,-69.08333,3826
Yunguyo,2002-10-19,10.16,15.0,6.67,67.23,1.9,3.4,63.66,-16.25,-69.08333,3826
Yunguyo,2002-10-20,10.78,15.45,7.08,66.11,0.7,2.68,63.69,-16.25,-69.08333,3826
Yunguyo,2002-10-21,10.22,14.83,7.26,68.28,1.96,5.14,63.79,-16.25,-69.08333,3826
Yunguyo,2002-10-22,9.44,13.1,6.8,72.97,1.79,4.14,63.9,-16.25,-69.08333,3826
Yunguyo,2002-10-23,9.47,15.49,5.24,65.51,0.12,3.3,63.87,-16.25,-69.08333,3826
Yunguyo,2002-10-24,10.18,15.9,6.02,64.53,2.51,3.39,63.75,-16.25,-69.08333,3826
Yunguyo,2002-10-25,9.34,13.39,6.19,73.1,8.85,2.85,63.7,-16.25,-69.08333,3826
Yunguyo,2002-10-26,9.93,14.72,6.93,71.36,1.19,3.68,63.71,-16.25,-69.08333,3826
Yunguyo,2002-10-27,9.24,14.13,5.23,74.3,2.43,3.0,63.72,-16.25,-69.08333,3826
Yunguyo,2002-10-28,10.17,15.72,5.28,61.87,2.35,2.95,63.66,-16.25,-69.08333,3826
Yunguyo,2002-10-29,9.19,12.06,7.41,76.67,0.61,3.86,63.59,-16.25,-69.08333,3826
Yunguyo,2002-10-30,9.01,13.36,5.6,77.4,4.91,3.87,63.59,-16.25,-69.08333,3826
Yunguyo,2002-10-31,7.72,13.2,3.54,76.21,1.76,3.22,63.68,-16.25,-69.08333,3826
Yunguyo,2002-11-01,9.52,13.73,6.39,68.89,0.3,2.93,63.71,-16.25,-69.08333,3826
Yunguyo,2002-11-02,10.54,15.44,6.9,65.24,6.38,2.17,63.67,-16.25,-69.08333,3826
Yunguyo,2002-11-03,9.75,13.42,6.84,64.46,0.07,3.01,63.68,-16.25,-69.08333,3826
Yunguyo,2002-11-04,11.19,15.65,7.99,62.71,2.71,2.57,63.68,-16.25,-69.08333,3826
Yunguyo,2002-11-05,9.64,15.48,5.47,69.44,0.63,4.25,63.74,-16.25,-69.08333,3826
Yunguyo,2002-11-06,9.23,16.09,4.39,63.92,0.0,3.96,63.86,-16.25,-69.08333,3826
Yunguyo,2002-11-07,9.51,15.98,4.68,46.88,0.0,3.13,63.92,-16.25,-69.08333,3826
Yunguyo,2002-11-08,9.77,15.83,5.19,48.29,0.0,3.0,63.82,-16.25,-69.08333,3826
Yunguyo,2002-11-09,10.94,16.92,5.43,59.19,0.0,2.97,63.65,-16.25,-69.08333,3826
Yunguyo,2002-11-10,11.05,16.57,6.95,58.81,0.01,3.45,63.65,-16.25,-69.08333,3826
Yunguyo,2002-11-11,9.93,14.03,7.47,75.13,0.86,3.93,63.66,-16.25,-69.08333,3826
Yunguyo,2002-11-12,10.24,14.76,7.27,71.05,3.32,3.59,63.73,-16.25,-69.08333,3826
Yunguyo,2002-11-13,10.17,14.71,6.41,71.69,1.97,3.85,63.78,-16.25,-69.08333,3826
Yunguyo,2002-11-14,9.83,14.44,6.78,69.5,0.15,5.24,63.79,-16.25,-69.08333,3826
Yunguyo,2002-11-15,10.02,15.56,6.16,68.57,0.01,4.74,63.78,-16.25,-69.08333,3826
Yunguyo,2002-11-16,10.1,14.96,6.04,67.39,1.06,3.65,63.8,-16.25,-69.08333,3826
Yunguyo,2002-11-17,11.14,15.19,7.75,61.08,0.25,1.71,63.76,-16.25,-69.08333,3826
Yunguyo,2002-11-18,9.94,13.71,6.09,69.91,0.12,2.95,63.71,-16.25,-69.08333,3826
Yunguyo,2002-11-19,9.2,11.29,7.97,79.04,1.8,2.94,63.68,-16.25,-69.08333,3826
Yunguyo,2002-11-20,10.58,15.39,7.73,69.49,1.75,4.35,63.67,-16.25,-69.08333,3826
Yunguyo,2002-11-21,9.81,14.16,6.8,74.75,4.42,5.24,63.81,-16.25,-69.08333,3826
Yunguyo,2002-11-22,9.67,14.56,5.94,70.27,5.06,5.22,63.92,-16.25,-69.08333,3826
Yunguyo,2002-11-23,10.1,14.65,6.73,72.98,3.26,3.81,63.87,-16.25,-69.08333,3826
Yunguyo,2002-11-24,8.94,11.66,6.39,77.41,5.25,2.94,63.77,-16.25,-69.08333,3826
Yunguyo,2002-11-25,8.43,14.16,2.34,78.03,2.63,3.12,63.7,-16.25,-69.08333,3826
Yunguyo,2002-11-26,9.55,11.3,8.23,79.16,3.98,3.75,63.73,-16.25,-69.08333,3826
Yunguyo,2002-11-27,10.66,15.67,7.55,67.78,0.75,2.61,63.68,-16.25,-69.08333,3826
Yunguyo,2002-11-28,9.88,13.3,7.74,72.49,0.11,2.53,63.69,-16.25,-69.08333,3826
Yunguyo,2002-11-29,11.43,16.54,6.9,64.21,0.0,2.55,63.7,-16.25,-69.08333,3826
Yunguyo,2002-11-30,11.65,17.15,7.38,65.59,0.02,3.58,63.65,-16.25,-69.08333,3826
Yunguyo,2002-12-01,9.93,13.05,6.23,66.49,5.54,2.54,63.75,-16.25,-69.08333,3826
Yunguyo,2002-12-02,10.41,14.89,7.47,75.7,10.73,4.88,63.65,-16.25,-69.08333,3826
Yunguyo,2002-12-03,7.24,12.25,3.38,81.29,4.02,2.52,63.73,-16.25,-69.08333,3826
Yunguyo,2002-12-04,7.83,13.95,3.05,79.39,9.22,2.91,63.77,-16.25,-69.08333,3826
Yunguyo,2002-12-05,7.75,10.68,5.0,71.94,3.75,2.95,63.78,-16.25,-69.08333,3826
Yunguyo,2002-12-06,10.75,15.46,6.44,53.64,2.31,2.36,63.77,-16.25,-69.08333,3826
Yunguyo,2002-12-07,11.11,15.48,7.52,58.33,3.19,2.18,63.68,-16.25,-69.08333,3826
Yunguyo,2002-12-08,9.98,14.46,6.74,58.21,0.78,2.63,63.68,-16.25,-69.08333,3826
Yunguyo,2002-12-09,10.15,14.38,7.0,60.14,0.34,2.68,63.71,-16.25,-69.08333,3826
Yunguyo,2002-12-10,10.62,14.78,6.7,64.32,0.26,2.9,63.83,-16.25,-69.08333,3826
Yunguyo,2002-12-11,10.68,15.29,7.52,70.06,0.34,3.42,63.88,-16.25,-69.08333,3826
Yunguyo,2002-12-12,10.87,15.57,7.17,72.38,0.02,3.78,63.87,-16.25,-69.08333,3826
Yunguyo,2002-12-13,11.26,16.01,7.55,70.2,0.46,3.57,63.8,-16.25,-69.08333,3826
Yunguyo,2002-12-14,11.79,16.43,8.79,70.9,0.09,3.58,63.74,-16.25,-69.08333,3826
Yunguyo,2002-12-15,11.48,15.8,7.93,66.55,1.9,3.03,63.7,-16.25,-69.08333,3826
Yunguyo,2002-12-16,10.76,14.82,7.62,69.94,0.99,3.69,63.78,-16.25,-69.08333,3826
Yunguyo,2002-12-17,10.6,15.17,7.07,68.06,2.76,4.11,63.84,-16.25,-69.08333,3826
Yunguyo,2002-12-18,10.82,15.79,6.47,66.6,8.79,3.65,63.84,-16.25,-69.08333,3826
Yunguyo,2002-12-19,11.17,15.14,8.1,70.91,2.76,2.99,63.78,-16.25,-69.08333,3826
Yunguyo,2002-12-20,9.09,13.94,4.98,74.02,3.03,2.15,63.85,-16.25,-69.08333,3826
Yunguyo,2002-12-21,8.53,12.72,3.9,79.3,5.16,3.73,63.82,-16.25,-69.08333,3826
Yunguyo,2002-12-22,9.76,14.43,5.81,73.36,10.98,2.79,63.67,-16.25,-69.08333,3826
Yunguyo,2002-12-23,10.49,16.61,4.66,53.38,0.39,2.88,63.73,-16.25,-69.08333,3826
Yunguyo,2002-12-24,9.9,14.83,6.19,74.01,1.83,3.37,63.76,-16.25,-69.08333,3826
Yunguyo,2002-12-25,7.56,9.57,5.96,85.25,1.09,3.62,63.86,-16.25,-69.08333,3826
Yunguyo,2002-12-26,10.21,15.43,5.79,70.56,0.48,4.18,63.88,-16.25,-69.08333,3826
Yunguyo,2002-12-27,11.18,16.33,6.81,68.56,0.07,3.83,63.81,-16.25,-69.08333,3826
Yunguyo,2002-12-28,11.78,17.13,7.36,63.76,0.0,3.79,63.74,-16.25,-69.08333,3826
Yunguyo,2002-12-29,12.27,17.79,8.38,62.13,1.25,2.31,63.71,-16.25,-69.08333,3826
Yunguyo,2002-12-30,8.99,11.59,6.21,79.65,3.55,3.52,63.82,-16.25,-69.08333,3826
Yunguyo,2002-12-31,9.42,12.93,6.38,73.77,1.34,3.7,63.87,-16.25,-69.08333,3826
Yunguyo,2003-01-01,8.94,14.64,2.8,78.38,7.58,3.47,63.81,-16.25,-69.08333,3826
Yunguyo,2003-01-02,10.0,13.48,7.53,69.26,2.53,1.74,63.7,-16.25,-69.08333,3826
Yunguyo,2003-01-03,12.79,17.79,8.51,46.23,0.3,2.6,63.64,-16.25,-69.08333,3826
Yunguyo,2003-01-04,11.48,15.63,8.27,62.84,0.05,2.61,63.74,-16.25,-69.08333,3826
Yunguyo,2003-01-05,12.09,16.67,8.77,65.58,0.0,2.99,63.74,-16.25,-69.08333,3826
Yunguyo,2003-01-06,11.37,15.64,8.88,72.03,4.56,3.82,63.89,-16.25,-69.08333,3826
Yunguyo,2003-01-07,11.11,16.36,7.41,69.43,0.84,4.19,64.01,-16.25,-69.08333,3826
Yunguyo,2003-01-08,11.74,16.08,7.97,59.32,0.0,3.35,63.95,-16.25,-69.08333,3826
Yunguyo,2003-01-09,11.31,15.87,7.96,64.13,0.0,3.92,63.94,-16.25,-69.08333,3826
Yunguyo,2003-01-10,10.74,14.67,8.08,70.83,7.02,4.59,63.92,-16.25,-69.08333,3826
Yunguyo,2003-01-11,10.84,15.52,7.25,75.21,7.55,3.53,63.83,-16.25,-69.08333,3826
Yunguyo,2003-01-12,10.15,14.47,6.13,71.87,4.02,2.21,63.76,-16.25,-69.08333,3826
Yunguyo,2003-01-13,9.98,14.44,5.74,74.67,1.05,2.67,63.74,-16.25,-69.08333,3826
Yunguyo,2003-01-14,9.98,15.47,5.08,68.93,1.27,3.3,63.76,-16.25,-69.08333,3826
Yunguyo,2003-01-15,10.11,13.59,7.35,79.25,7.26,3.34,63.78,-16.25,-69.08333,3826
Yunguyo,2003-01-16,7.84,10.97,2.86,86.45,4.54,3.81,63.81,-16.25,-69.08333,3826
Yunguyo,2003-01-17,10.46,15.7,4.34,66.6,6.34,2.03,63.81,-16.25,-69.08333,3826
Yunguyo,2003-01-18,7.15,9.13,5.89,80.09,4.97,2.41,63.87,-16.25,-69.08333,3826
Yunguyo,2003-01-19,9.2,14.03,6.17,78.75,6.9,3.44,63.82,-16.25,-69.08333,3826
Yunguyo,2003-01-20,9.82,14.89,5.43,69.88,7.18,2.2,63.71,-16.25,-69.08333,3826
Yunguyo,2003-01-21,10.04,15.48,3.93,67.53,7.57,2.42,63.6,-16.25,-69.08333,3826
Yunguyo,2003-01-22,9.28,12.92,4.71,73.69,5.06,2.4,63.58,-16.25,-69.08333,3826
Yunguyo,2003-01-23,10.45,13.92,8.39,79.02,7.07,4.3,63.72,-16.25,-69.08333,3826
Yunguyo,2003-01-24,9.04,11.04,6.38,82.99,4.16,6.4,63.82,-16.25,-69.08333,3826
Yunguyo,2003-01-25,9.7,14.52,5.92,75.11,11.24,2.79,63.77,-16.25,-69.08333,3826
Yunguyo,2003-01-26,10.06,14.16,6.71,77.78,9.04,3.35,63.7,-16.25,-69.08333,3826
Yunguyo,2003-01-27,10.68,15.15,7.16,75.8,6.4,3.42,63.69,-16.25,-69.08333,3826
Yunguyo,2003-01-28,9.4,13.9,6.44,72.32,4.12,5.39,63.83,-16.25,-69.08333,3826
Yunguyo,2003-01-29,8.63,13.61,4.56,69.21,6.57,4.44,63.81,-16.25,-69.08333,3826
Yunguyo,2003-01-30,8.5,12.87,5.65,73.68,6.42,4.15,63.78,-16.25,-69.08333,3826
Yunguyo,2003-01-31,9.62,15.01,5.39,67.91,1.78,3.04,63.73,-16.25,-69.08333,3826
Yunguyo,2003-02-01,10.93,16.13,6.92,67.18,0.54,3.7,63.76,-16.25,-69.08333,3826
Yunguyo,2003-02-02,10.97,15.61,7.16,67.78,0.72,3.97,63.85,-16.25,-69.08333,3826
Yunguyo,2003-02-03,10.4,14.9,6.44,74.43,1.86,4.83,63.83,-16.25,-69.08333,3826
Yunguyo,2003-02-04,10.66,14.84,6.71,73.52,2.76,3.74,63.78,-16.25,-69.08333,3826
Yunguyo,2003-02-05,10.7,14.42,8.04,73.97,2.88,3.25,63.73,-16.25,-69.08333,3826
Yunguyo,2003-02-06,10.67,14.97,7.54,73.25,3.68,3.34,63.71,-16.25,-69.08333,3826
Yunguyo,2003-02-07,10.75,16.35,6.75,73.09,3.47,3.59,63.74,-16.25,-69.08333,3826
Yunguyo,2003-02-08,9.86,12.81,7.21,77.41,1.51,3.68,63.81,-16.25,-69.08333,3826
Yunguyo,2003-02-09,9.63,12.79,7.39,79.92,0.29,3.45,63.77,-16.25,-69.08333,3826
Yunguyo,2003-02-10,10.2,14.57,6.21,75.89,2.21,3.05,63.75,-16.25,-69.08333,3826
Yunguyo,2003-02-11,10.2,12.41,8.39,77.06,1.49,2.07,63.76,-16.25,-69.08333,3826
Yunguyo,2003-02-12,11.11,15.47,8.27,71.66,1.61,3.21,63.81,-16.25,-69.08333,3826
Yunguyo,2003-02-13,11.23,17.16,5.9,67.68,1.22,2.87,63.79,-16.25,-69.08333,3826
Yunguyo,2003-02-14,8.63,11.74,4.6,76.37,0.73,2.68,63.72,-16.25,-69.08333,3826
Yunguyo,2003-02-15,10.66,13.89,7.55,69.79,0.97,1.72,63.62,-16.25,-69.08333,3826
Yunguyo,2003-02-16,11.16,14.14,8.89,74.89,0.12,2.53,63.64,-16.25,-69.08333,3826
Yunguyo,2003-02-17,9.86,13.63,5.52,75.67,1.12,2.59,63.71,-16.25,-69.08333,3826
Yunguyo,2003-02-18,10.3,14.23,7.58,74.63,0.56,3.56,63.72,-16.25,-69.08333,3826
Yunguyo,2003-02-19,10.43,15.47,5.43,72.76,2.6,3.34,63.65,-16.25,-69.08333,3826
Yunguyo,2003-02-20,9.35,14.87,5.27,76.63,9.41,3.76,63.67,-16.25,-69.08333,3826
Yunguyo,2003-02-21,7.64,11.25,5.06,84.15,33.27,4.01,63.72,-16.25,-69.08333,3826
Yunguyo,2003-02-22,8.32,13.41,5.02,79.95,21.59,2.68,63.78,-16.25,-69.08333,3826
Yunguyo,2003-02-23,7.44,10.55,4.41,82.58,6.26,2.01,63.93,-16.25,-69.08333,3826
Yunguyo,2003-02-24,8.79,13.05,5.56,81.37,11.94,4.03,63.9,-16.25,-69.08333,3826
Yunguyo,2003-02-25,8.55,13.57,3.68,75.9,13.53,2.32,63.79,-16.25,-69.08333,3826
Yunguyo,2003-02-26,8.55,13.1,5.39,77.42,20.95,4.15,63.71,-16.25,-69.08333,3826
Yunguyo,2003-02-27,8.37,12.71,4.8,77.25,12.16,3.88,63.78,-16.25,-69.08333,3826
Yunguyo,2003-02-28,9.19,13.51,5.56,77.24,6.97,3.93,63.83,-16.25,-69.08333,3826
Yunguyo,2003-03-01,9.81,14.24,6.49,77.13,4.6,3.7,63.77,-16.25,-69.08333,3826
Yunguyo,2003-03-02,9.57,13.69,6.77,76.19,5.41,2.95,63.67,-16.25,-69.08333,3826
Yunguyo,2003-03-03,8.96,13.47,3.93,81.09,4.59,3.6,63.65,-16.25,-69.08333,3826
Yunguyo,2003-03-04,6.59,8.88,3.83,89.23,4.65,2.92,63.81,-16.25,-69.08333,3826
Yunguyo,2003-03-05,9.5,14.36,6.13,78.58,1.29,3.03,63.76,-16.25,-69.08333,3826
Yunguyo,2003-03-06,9.87,14.15,6.79,79.32,1.41,4.24,63.7,-16.25,-69.08333,3826
Yunguyo,2003-03-07,9.23,12.97,6.58,83.02,2.62,3.62,63.74,-16.25,-69.08333,3826
Yunguyo,2003-03-08,9.9,14.07,6.47,78.97,3.06,3.19,63.73,-16.25,-69.08333,3826
Yunguyo,2003-03-09,10.67,14.97,7.92,78.92,2.65,3.93,63.67,-16.25,-69.08333,3826
Yunguyo,2003-03-10,10.64,14.49,7.12,74.3,0.39,2.54,63.71,-16.25,-69.08333,3826
Yunguyo,2003-03-11,10.88,14.35,7.79,76.52,6.91,2.81,63.76,-16.25,-69.08333,3826
Yunguyo,2003-03-12,8.95,12.19,4.93,81.28,3.49,2.84,63.79,-16.25,-69.08333,3826
Yunguyo,2003-03-13,10.64,15.12,7.78,72.86,2.03,3.4,63.73,-16.25,-69.08333,3826
Yunguyo,2003-03-14,8.79,11.35,7.28,74.93,2.21,2.0,63.75,-16.25,-69.08333,3826
Yunguyo,2003-03-15,10.39,15.16,6.65,66.16,0.25,2.45,63.75,-16.25,-69.08333,3826
Yunguyo,2003-03-16,9.53,12.93,6.95,78.33,4.91,3.73,63.87,-16.25,-69.08333,3826
Yunguyo,2003-03-17,8.47,11.95,5.61,83.28,4.41,4.75,63.88,-16.25,-69.08333,3826
Yunguyo,2003-03-18,9.27,14.43,5.26,75.91,0.93,3.3,63.73,-16.25,-69.08333,3826
Yunguyo,2003-03-19,9.5,13.96,6.37,77.13,0.38,3.56,63.73,-16.25,-69.08333,3826
Yunguyo,2003-03-20,8.99,12.26,6.15,78.03,1.1,2.56,63.88,-16.25,-69.08333,3826
Yunguyo,2003-03-21,8.2,11.87,5.58,84.34,3.46,5.79,63.94,-16.25,-69.08333,3826
Yunguyo,2003-03-22,8.86,14.42,4.88,74.6,0.33,3.62,63.89,-16.25,-69.08333,3826
Yunguyo,2003-03-23,9.75,14.96,5.07,60.6,0.49,2.53,63.82,-16.25,-69.08333,3826
Yunguyo,2003-03-24,9.62,14.2,6.44,72.65,0.45,3.37,63.86,-16.25,-69.08333,3826
Yunguyo,2003-03-25,8.54,13.88,3.49,68.22,0.13,4.13,63.91,-16.25,-69.08333,3826
Yunguyo,2003-03-26,8.24,13.07,4.44,74.78,0.32,3.82,63.81,-16.25,-69.08333,3826
Yunguyo,2003-03-27,8.27,13.39,3.93,69.35,0.25,3.6,63.8,-16.25,-69.08333,3826
Yunguyo,2003-03-28,8.87,13.52,5.35,75.78,0.18,3.75,63.89,-16.25,-69.08333,3826
Yunguyo,2003-03-29,9.79,14.21,6.46,76.34,0.28,3.74,63.86,-16.25,-69.08333,3826
Yunguyo,2003-03-30,9.92,13.4,7.06,74.03,0.29,2.77,63.75,-16.25,-69.08333,3826
Yunguyo,2003-03-31,8.97,11.63,7.03,82.51,1.89,3.86,63.75,-16.25,-69.08333,3826
Yunguyo,2003-04-01,8.33,11.82,5.87,82.86,0.47,4.7,63.85,-16.25,-69.08333,3826
Yunguyo,2003-04-02,8.49,13.01,4.61,80.41,10.82,3.35,63.9,-16.25,-69.08333,3826
Yunguyo,2003-04-03,9.34,13.17,5.86,76.66,2.06,2.82,63.82,-16.25,-69.08333,3826
Yunguyo,2003-04-04,9.41,13.72,6.33,77.41,1.94,2.67,63.78,-16.25,-69.08333,3826
Yunguyo,2003-04-05,9.44,13.43,6.2,73.31,0.8,3.17,63.82,-16.25,-69.08333,3826
Yunguyo,2003-04-06,9.33,13.33,6.32,78.84,0.52,3.59,63.8,-16.25,-69.08333,3826
Yunguyo,2003-04-07,10.55,15.15,7.87,67.79,0.11,1.29,63.65,-16.25,-69.08333,3826
Yunguyo,2003-04-08,10.39,14.63,7.25,59.38,0.01,1.76,63.65,-16.25,-69.08333,3826
Yunguyo,2003-04-09,9.33,14.61,4.93,52.01,0.06,2.57,63.73,-16.25,-69.08333,3826
Yunguyo,2003-04-10,8.76,12.36,5.47,67.58,0.84,3.08,63.86,-16.25,-69.08333,3826
Yunguyo,2003-04-11,7.86,11.77,5.42,77.89,0.1,4.02,63.93,-16.25,-69.08333,3826
Yunguyo,2003-04-12,8.1,12.97,4.37,70.99,0.16,3.13,64.02,-16.25,-69.08333,3826
Yunguyo,2003-04-13,8.72,14.04,5.1,65.12,0.02,3.09,64.06,-16.25,-69.08333,3826
Yunguyo,2003-04-14,8.63,14.22,4.33,64.79,0.0,2.67,64.02,-16.25,-69.08333,3826
Yunguyo,2003-04-15,9.45,14.52,6.06,55.41,0.0,2.43,63.91,-16.25,-69.08333,3826
Yunguyo,2003-04-16,8.6,13.06,5.41,68.52,0.0,2.11,63.72,-16.25,-69.08333,3826
Yunguyo,2003-04-17,9.68,16.26,5.02,58.45,0.03,3.29,63.63,-16.25,-69.08333,3826
Yunguyo,2003-04-18,9.37,16.69,2.96,35.21,0.0,2.51,63.67,-16.25,-69.08333,3826
Yunguyo,2003-04-19,9.58,14.84,5.64,51.94,0.48,3.14,63.81,-16.25,-69.08333,3826
Yunguyo,2003-04-20,8.77,14.24,4.98,69.33,0.53,3.2,63.78,-16.25,-69.08333,3826
Yunguyo,2003-04-21,9.42,13.43,6.55,69.9,0.0,2.74,63.72,-16.25,-69.08333,3826
Yunguyo,2003-04-22,8.41,12.19,5.65,77.79,0.41,4.57,63.83,-16.25,-69.08333,3826
Yunguyo,2003-04-23,8.74,13.31,5.2,73.46,0.79,3.37,63.94,-16.25,-69.08333,3826
Yunguyo,2003-04-24,9.29,14.1,5.53,70.33,0.16,3.1,63.95,-16.25,-69.08333,3826
Yunguyo,2003-04-25,9.53,13.78,7.06,71.24,0.21,3.15,63.89,-16.25,-69.08333,3826
Yunguyo,2003-04-26,8.93,13.13,5.83,71.48,0.05,3.23,63.94,-16.25,-69.08333,3826
Yunguyo,2003-04-27,9.57,14.59,6.3,64.97,0.0,2.25,63.99,-16.25,-69.08333,3826
Yunguyo,2003-04-28,9.29,14.43,5.67,65.81,0.0,2.65,63.9,-16.25,-69.08333,3826
Yunguyo,2003-04-29,9.8,14.48,6.38,67.68,0.0,2.29,63.86,-16.25,-69.08333,3826
Yunguyo,2003-04-30,9.62,14.35,6.55,70.95,0.01,2.98,63.96,-16.25,-69.08333,3826
Yunguyo,2003-05-01,9.13,13.82,5.97,66.64,0.21,2.99,64.05,-16.25,-69.08333,3826
Yunguyo,2003-05-02,8.44,12.88,5.47,71.01,0.03,3.36,64.05,-16.25,-69.08333,3826
Yunguyo,2003-05-03,9.07,14.12,4.56,69.23,1.17,2.47,63.86,-16.25,-69.08333,3826
Yunguyo,2003-05-04,9.1,14.56,4.07,47.63,0.02,2.54,63.76,-16.25,-69.08333,3826
Yunguyo,2003-05-05,8.96,13.67,5.29,63.31,0.01,3.29,63.82,-16.25,-69.08333,3826
Yunguyo,2003-05-06,7.7,11.98,5.13,77.41,0.01,3.45,63.87,-16.25,-69.08333,3826
Yunguyo,2003-05-07,8.24,13.89,4.77,65.62,0.0,2.15,63.83,-16.25,-69.08333,3826
Yunguyo,2003-05-08,7.87,13.32,4.41,65.43,0.0,2.27,63.83,-16.25,-69.08333,3826
Yunguyo,2003-05-09,7.96,13.55,4.13,63.57,0.0,2.1,63.81,-16.25,-69.08333,3826
Yunguyo,2003-05-10,8.42,13.52,4.95,60.64,0.0,2.74,63.78,-16.25,-69.08333,3826
Yunguyo,2003-05-11,7.68,11.58,5.13,74.82,0.0,3.47,63.92,-16.25,-69.08333,3826
Yunguyo,2003-05-12,7.88,12.17,4.55,69.0,0.0,3.13,64.02,-16.25,-69.08333,3826
Yunguyo,2003-05-13,7.45,11.85,4.47,75.35,0.06,3.97,63.99,-16.25,-69.08333,3826
Yunguyo,2003-05-14,7.77,12.63,4.21,72.8,0.01,3.34,63.86,-16.25,-69.08333,3826
Yunguyo,2003-05-15,8.26,12.28,5.14,72.36,0.0,3.95,63.85,-16.25,-69.08333,3826
Yunguyo,2003-05-16,8.66,12.7,5.57,70.26,0.65,2.55,63.86,-16.25,-69.08333,3826
Yunguyo,2003-05-17,7.32,10.69,4.74,79.31,0.67,2.74,63.87,-16.25,-69.08333,3826
Yunguyo,2003-05-18,7.0,10.81,4.67,79.75,1.16,2.75,63.86,-16.25,-69.08333,3826
Yunguyo,2003-05-19,7.4,11.61,4.73,74.9,1.14,2.8,63.89,-16.25,-69.08333,3826
Yunguyo,2003-05-20,8.03,12.54,4.12,60.28,0.04,2.35,63.86,-16.25,-69.08333,3826
Yunguyo,2003-05-21,9.29,14.86,4.54,51.74,0.0,1.66,63.75,-16.25,-69.08333,3826
Yunguyo,2003-05-22,9.19,15.27,3.89,41.58,0.0,2.5,63.75,-16.25,-69.08333,3826
Yunguyo,2003-05-23,8.94,14.02,5.03,47.58,0.04,2.12,63.87,-16.25,-69.08333,3826
Yunguyo,2003-05-24,8.64,14.5,4.77,41.57,0.07,1.83,63.8,-16.25,-69.08333,3826
Yunguyo,2003-05-25,7.55,12.49,3.09,38.67,0.41,2.06,63.82,-16.25,-69.08333,3826
Yunguyo,2003-05-26,8.4,14.29,4.19,37.11,0.41,2.33,63.82,-16.25,-69.08333,3826
Yunguyo,2003-05-27,8.15,13.02,4.74,44.97,0.19,2.08,63.94,-16.25,-69.08333,3826
Yunguyo,2003-05-28,7.4,10.71,5.13,72.64,0.05,2.47,63.96,-16.25,-69.08333,3826
Yunguyo,2003-05-29,7.69,11.5,5.1,69.66,0.01,2.09,63.92,-16.25,-69.08333,3826
Yunguyo,2003-05-30,7.71,12.34,5.07,68.91,0.0,2.15,63.93,-16.25,-69.08333,3826
Yunguyo,2003-05-31,7.89,12.68,4.65,65.96,0.0,1.99,63.99,-16.25,-69.08333,3826
Yunguyo,2003-06-01,8.17,13.11,4.49,61.34,0.0,1.92,63.91,-16.25,-69.08333,3826
Yunguyo,2003-06-02,8.57,13.95,3.74,49.66,0.0,2.49,63.81,-16.25,-69.08333,3826
Yunguyo,2003-06-03,9.04,14.08,5.23,55.04,0.05,2.74,63.74,-16.25,-69.08333,3826
Yunguyo,2003-06-04,8.12,15.03,3.61,42.8,0.29,2.45,63.71,-16.25,-69.08333,3826
Yunguyo,2003-06-05,7.72,13.39,2.89,31.43,0.19,1.99,63.8,-16.25,-69.08333,3826
Yunguyo,2003-06-06,8.26,13.59,4.98,46.67,0.0,2.38,63.88,-16.25,-69.08333,3826
Yunguyo,2003-06-07,6.93,12.02,3.53,72.55,0.0,3.37,63.95,-16.25,-69.08333,3826
Yunguyo,2003-06-08,7.88,12.62,4.7,70.06,0.0,2.99,63.88,-16.25,-69.08333,3826
Yunguyo,2003-06-09,9.04,14.21,5.5,60.64,0.0,1.86,63.85,-16.25,-69.08333,3826
Yunguyo,2003-06-10,8.69,14.37,3.86,43.94,0.0,2.26,63.91,-16.25,-69.08333,3826
Yunguyo,2003-06-11,8.75,14.52,5.01,54.61,0.01,2.81,63.89,-16.25,-69.08333,3826
Yunguyo,2003-06-12,8.35,13.56,4.93,66.4,0.0,2.39,63.83,-16.25,-69.08333,3826
Yunguyo,2003-06-13,8.5,14.15,4.59,66.42,0.04,2.87,63.83,-16.25,-69.08333,3826
Yunguyo,2003-06-14,7.93,12.84,4.41,61.68,0.0,1.96,63.88,-16.25,-69.08333,3826
Yunguyo,2003-06-15,8.58,14.41,4.5,53.98,0.0,2.53,63.84,-16.25,-69.08333,3826
Yunguyo,2003-06-16,7.67,12.39,4.77,75.08,0.02,2.68,63.83,-16.25,-69.08333,3826
Yunguyo,2003-06-17,8.42,13.19,4.94,62.88,0.02,1.76,63.78,-16.25,-69.08333,3826
Yunguyo,2003-06-18,7.45,12.41,3.42,45.94,0.01,2.3,63.81,-16.25,-69.08333,3826
Yunguyo,2003-06-19,5.53,8.57,3.33,78.36,0.55,2.65,63.91,-16.25,-69.08333,3826
Yunguyo,2003-06-20,6.12,9.99,2.32,65.61,0.04,1.5,63.92,-16.25,-69.08333,3826
Yunguyo,2003-06-21,6.92,12.18,2.79,53.8,0.0,3.39,63.96,-16.25,-69.08333,3826
Yunguyo,2003-06-22,6.77,11.83,2.91,56.43,0.0,2.08,63.94,-16.25,-69.08333,3826
Yunguyo,2003-06-23,6.73,12.14,3.28,48.37,0.0,2.53,63.88,-16.25,-69.08333,3826
Yunguyo,2003-06-24,5.57,10.73,1.97,55.2,0.0,2.36,63.97,-16.25,-69.08333,3826
Yunguyo,2003-06-25,6.02,10.73,2.8,67.48,0.0,2.06,63.96,-16.25,-69.08333,3826
Yunguyo,2003-06-26,7.1,12.62,3.36,59.95,0.0,2.03,63.86,-16.25,-69.08333,3826
Yunguyo,2003-06-27,7.22,12.9,3.1,48.49,0.0,2.34,63.83,-16.25,-69.08333,3826
Yunguyo,2003-06-28,6.73,10.92,4.17,74.92,0.23,2.81,63.93,-16.25,-69.08333,3826
Yunguyo,2003-06-29,6.1,11.23,2.65,67.8,0.14,2.65,64.0,-16.25,-69.08333,3826
Yunguyo,2003-06-30,6.68,11.95,3.28,60.25,0.0,1.89,64.0,-16.25,-69.08333,3826
Yunguyo,2003-07-01,6.38,12.12,2.53,54.59,0.0,2.01,63.97,-16.25,-69.08333,3826
Yunguyo,2003-07-02,4.56,10.15,0.78,72.41,0.0,3.69,63.92,-16.25,-69.08333,3826
Yunguyo,2003-07-03,5.15,10.89,0.44,61.13,0.0,2.5,63.85,-16.25,-69.08333,3826
Yunguyo,2003-07-04,7.4,12.79,3.3,57.48,0.0,1.96,63.76,-16.25,-69.08333,3826
Yunguyo,2003-07-05,6.76,12.86,1.53,40.69,0.0,2.67,63.7,-16.25,-69.08333,3826
Yunguyo,2003-07-06,6.07,12.29,0.96,31.5,0.0,2.41,63.68,-16.25,-69.08333,3826
Yunguyo,2003-07-07,6.64,11.29,3.17,38.92,0.01,1.75,63.74,-16.25,-69.08333,3826
Yunguyo,2003-07-08,7.25,12.62,3.08,38.42,0.0,1.89,63.77,-16.25,-69.08333,3826
Yunguyo,2003-07-09,7.32,12.43,3.7,49.16,0.02,2.83,63.8,-16.25,-69.08333,3826
Yunguyo,2003-07-10,8.07,13.24,4.93,71.7,0.0,2.57,63.8,-16.25,-69.08333,3826
Yunguyo,2003-07-11,7.48,12.52,4.58,72.05,0.3,2.54,63.86,-16.25,-69.08333,3826
Yunguyo,2003-07-12,7.0,12.07,3.87,64.05,0.24,2.2,63.88,-16.25,-69.08333,3826
Yunguyo,2003-07-13,7.16,12.87,3.72,65.11,0.0,2.63,63.84,-16.25,-69.08333,3826
Yunguyo,2003-07-14,7.07,12.83,3.24,45.41,0.0,1.9,63.73,-16.25,-69.08333,3826
Yunguyo,2003-07-15,6.1,11.85,2.53,49.33,0.29,3.56,63.73,-16.25,-69.08333,3826
Yunguyo,2003-07-16,4.65,9.46,1.62,78.25,0.69,4.39,63.84,-16.25,-69.08333,3826
Yunguyo,2003-07-17,4.81,10.39,1.57,70.8,0.49,4.81,63.86,-16.25,-69.08333,3826
Yunguyo,2003-07-18,3.97,8.51,0.48,75.61,0.79,5.85,63.8,-16.25,-69.08333,3826
Yunguyo,2003-07-19,4.61,9.65,0.63,78.23,0.07,5.9,63.88,-16.25,-69.08333,3826
Yunguyo,2003-07-20,5.61,11.62,1.17,69.37,0.18,4.43,63.87,-16.25,-69.08333,3826
Yunguyo,2003-07-21,6.4,12.77,1.41,68.95,0.0,4.8,63.89,-16.25,-69.08333,3826
Yunguyo,2003-07-22,7.05,12.32,3.09,67.2,0.0,3.12,63.9,-16.25,-69.08333,3826
Yunguyo,2003-07-23,7.53,12.62,4.21,65.24,0.02,3.1,63.89,-16.25,-69.08333,3826
Yunguyo,2003-07-24,7.24,12.03,3.01,67.51,0.01,3.88,63.85,-16.25,-69.08333,3826
Yunguyo,2003-07-25,6.11,9.47,3.05,80.18,0.19,4.06,63.85,-16.25,-69.08333,3826
Yunguyo,2003-07-26,5.46,10.14,2.05,78.27,0.02,4.51,63.92,-16.25,-69.08333,3826
Yunguyo,2003-07-27,6.52,11.79,3.17,69.91,0.01,3.67,63.95,-16.25,-69.08333,3826
Yunguyo,2003-07-28,6.9,12.6,3.42,64.13,0.22,3.56,63.88,-16.25,-69.08333,3826
Yunguyo,2003-07-29,6.28,11.24,3.17,68.63,1.02,3.25,63.97,-16.25,-69.08333,3826
Yunguyo,2003-07-30,5.94,10.79,2.51,72.42,0.04,2.98,64.04,-16.25,-69.08333,3826
Yunguyo,2003-07-31,7.01,12.52,3.0,59.96,0.0,1.66,63.92,-16.25,-69.08333,3826
Yunguyo,2003-08-01,7.11,12.31,3.75,66.16,0.0,2.46,63.81,-16.25,-69.08333,3826
Yunguyo,2003-08-02,6.9,11.41,4.14,74.11,0.37,3.38,63.78,-16.25,-69.08333,3826
Yunguyo,2003-08-03,7.56,11.8,4.44,72.49,1.41,3.76,63.82,-16.25,-69.08333,3826
Yunguyo,2003-08-04,7.69,13.8,3.29,58.68,0.02,5.13,63.72,-16.25,-69.08333,3826
Yunguyo,2003-08-05,6.34,12.35,0.7,34.69,0.0,3.02,63.71,-16.25,-69.08333,3826
Yunguyo,2003-08-06,7.32,11.47,3.58,44.55,0.13,2.12,63.75,-16.25,-69.08333,3826
Yunguyo,2003-08-07,6.29,9.76,3.19,69.87,0.3,2.07,63.74,-16.25,-69.08333,3826
Yunguyo,2003-08-08,4.72,8.04,1.75,59.59,1.24,2.02,63.8,-16.25,-69.08333,3826
Yunguyo,2003-08-09,2.58,4.66,1.34,81.27,1.62,2.45,64.01,-16.25,-69.08333,3826
Yunguyo,2003-08-10,4.23,8.42,1.28,78.22,0.22,2.16,64.0,-16.25,-69.08333,3826
Yunguyo,2003-08-11,6.53,11.78,3.32,67.58,0.01,2.51,63.84,-16.25,-69.08333,3826
Yunguyo,2003-08-12,7.44,13.01,3.51,64.0,0.0,2.18,63.82,-16.25,-69.08333,3826
Yunguyo,2003-08-13,8.06,14.11,3.88,51.18,0.0,1.64,63.96,-16.25,-69.08333,3826
Yunguyo,2003-08-14,7.9,13.69,3.47,52.45,0.0,2.34,64.04,-16.25,-69.08333,3826
Yunguyo,2003-08-15,8.31,13.85,4.53,55.16,0.0,2.43,64.01,-16.25,-69.08333,3826
Yunguyo,2003-08-16,7.29,12.36,3.87,68.16,0.03,2.82,64.0,-16.25,-69.08333,3826
Yunguyo,2003-08-17,7.37,12.8,3.63,65.02,0.0,2.74,64.0,-16.25,-69.08333,3826
Yunguyo,2003-08-18,7.58,13.23,3.84,52.82,0.0,2.32,64.05,-16.25,-69.08333,3826
Yunguyo,2003-08-19,8.19,14.2,3.79,44.53,0.0,2.44,64.01,-16.25,-69.08333,3826
Yunguyo,2003-08-20,7.42,13.41,3.31,60.4,0.0,2.94,63.92,-16.25,-69.08333,3826
Yunguyo,2003-08-21,8.43,14.2,4.1,60.99,0.0,2.68,63.76,-16.25,-69.08333,3826
Yunguyo,2003-08-22,8.66,13.96,4.98,61.42,0.08,3.51,63.71,-16.25,-69.08333,3826
Yunguyo,2003-08-23,8.56,13.2,4.55,67.85,0.61,3.58,63.75,-16.25,-69.08333,3826
Yunguyo,2003-08-24,8.97,13.96,4.65,53.87,0.03,2.91,63.8,-16.25,-69.08333,3826
Yunguyo,2003-08-25,8.4,14.14,4.73,58.25,0.21,2.68,63.82,-16.25,-69.08333,3826
Yunguyo,2003-08-26,8.55,15.05,4.39,57.62,0.01,2.36,63.74,-16.25,-69.08333,3826
Yunguyo,2003-08-27,6.87,12.26,3.61,67.76,0.01,2.64,63.81,-16.25,-69.08333,3826
Yunguyo,2003-08-28,7.81,14.49,3.46,51.4,0.0,1.8,63.83,-16.25,-69.08333,3826
Yunguyo,2003-08-29,7.5,14.38,2.95,46.86,0.0,2.53,63.82,-16.25,-69.08333,3826
Yunguyo,2003-08-30,8.27,14.8,3.87,51.68,0.0,2.48,63.84,-16.25,-69.08333,3826
Yunguyo,2003-08-31,8.43,13.75,4.43,60.47,0.0,2.93,63.83,-16.25,-69.08333,3826
Yunguyo,2003-09-01,7.72,13.11,4.34,61.65,0.0,3.61,63.88,-16.25,-69.08333,3826
Yunguyo,2003-09-02,7.28,12.23,3.51,67.47,0.01,3.75,63.95,-16.25,-69.08333,3826
Yunguyo,2003-09-03,7.63,12.21,4.28,67.84,0.26,2.88,63.96,-16.25,-69.08333,3826
Yunguyo,2003-09-04,8.0,12.42,5.05,64.77,0.03,2.89,63.95,-16.25,-69.08333,3826
Yunguyo,2003-09-05,7.0,11.4,3.95,74.32,1.05,2.82,63.91,-16.25,-69.08333,3826
Yunguyo,2003-09-06,6.91,11.61,2.55,57.97,0.19,2.76,63.81,-16.25,-69.08333,3826
Yunguyo,2003-09-07,7.44,14.11,2.32,33.0,0.08,3.08,63.71,-16.25,-69.08333,3826
Yunguyo,2003-09-08,7.1,13.38,0.78,36.18,0.17,3.0,63.7,-16.25,-69.08333,3826
Yunguyo,2003-09-09,8.73,15.35,3.37,39.9,0.52,2.25,63.72,-16.25,-69.08333,3826
Yunguyo,2003-09-10,7.45,13.23,3.35,65.73,1.14,3.59,63.77,-16.25,-69.08333,3826
Yunguyo,2003-09-11,5.75,11.84,2.37,71.79,4.56,3.04,63.77,-16.25,-69.08333,3826
Yunguyo,2003-09-12,3.97,7.96,1.25,74.1,0.22,3.4,63.91,-16.25,-69.08333,3826
Yunguyo,2003-09-13,6.7,11.98,3.53,71.34,0.67,3.63,63.95,-16.25,-69.08333,3826
Yunguyo,2003-09-14,6.87,12.51,2.35,70.46,0.26,2.77,63.85,-16.25,-69.08333,3826
Yunguyo,2003-09-15,8.21,13.81,3.92,58.08,0.38,2.35,63.75,-16.25,-69.08333,3826
Yunguyo,2003-09-16,7.58,12.8,3.87,64.69,0.16,3.2,63.87,-16.25,-69.08333,3826
Yunguyo,2003-09-17,7.92,13.56,3.39,67.81,0.02,3.51,63.9,-16.25,-69.08333,3826
Yunguyo,2003-09-18,8.28,14.21,4.41,60.02,0.0,3.58,63.87,-16.25,-69.08333,3826
Yunguyo,2003-09-19,9.05,15.2,4.7,54.95,0.0,2.97,63.77,-16.25,-69.08333,3826
Yunguyo,2003-09-20,6.63,8.59,4.8,79.03,0.02,4.19,63.81,-16.25,-69.08333,3826
Yunguyo,2003-09-21,7.4,12.15,4.07,73.77,1.63,5.19,63.86,-16.25,-69.08333,3826
Yunguyo,2003-09-22,8.53,13.48,4.62,71.67,0.37,3.31,63.89,-16.25,-69.08333,3826
Yunguyo,2003-09-23,7.54,11.45,2.9,67.02,1.6,2.48,63.89,-16.25,-69.08333,3826
Yunguyo,2003-09-24,8.08,12.26,3.89,70.2,1.04,2.77,63.77,-16.25,-69.08333,3826
Yunguyo,2003-09-25,9.6,16.42,4.14,37.23,0.16,2.33,63.7,-16.25,-69.08333,3826
Yunguyo,2003-09-26,9.07,15.53,2.79,34.89,0.0,3.67,63.76,-16.25,-69.08333,3826
Yunguyo,2003-09-27,9.86,15.37,5.68,44.81,0.0,1.77,63.72,-16.25,-69.08333,3826
Yunguyo,2003-09-28,8.72,14.29,4.28,42.05,0.13,4.29,63.71,-16.25,-69.08333,3826
Yunguyo,2003-09-29,9.03,14.67,4.09,63.24,0.07,3.84,63.79,-16.25,-69.08333,3826
Yunguyo,2003-09-30,9.64,15.08,5.52,63.54,0.0,2.95,63.82,-16.25,-69.08333,3826
Yunguyo,2003-10-01,9.83,15.06,6.55,65.34,0.31,3.1,63.77,-16.25,-69.08333,3826
Yunguyo,2003-10-02,8.32,11.38,6.32,72.37,0.33,2.45,63.74,-16.25,-69.08333,3826
Yunguyo,2003-10-03,5.78,8.75,4.0,81.78,2.67,2.43,63.79,-16.25,-69.08333,3826
Yunguyo,2003-10-04,8.87,13.56,4.25,62.63,0.45,2.41,63.8,-16.25,-69.08333,3826
Yunguyo,2003-10-05,9.52,14.2,5.05,57.04,0.0,2.28,63.73,-16.25,-69.08333,3826
Yunguyo,2003-10-06,10.03,15.75,5.09,39.29,0.75,2.16,63.66,-16.25,-69.08333,3826
Yunguyo,2003-10-07,9.21,15.31,3.45,40.8,0.18,2.85,63.7,-16.25,-69.08333,3826
Yunguyo,2003-10-08,11.56,17.5,6.83,47.55,0.0,2.09,63.69,-16.25,-69.08333,3826
Yunguyo,2003-10-09,11.09,16.86,5.73,42.92,0.01,3.22,63.66,-16.25,-69.08333,3826
Yunguyo,2003-10-10,10.9,16.96,6.64,64.15,0.75,3.66,63.67,-16.25,-69.08333,3826
Yunguyo,2003-10-11,9.39,15.87,5.87,72.27,1.82,4.61,63.78,-16.25,-69.08333,3826
Yunguyo,2003-10-12,9.35,15.56,5.06,68.74,1.28,4.07,63.84,-16.25,-69.08333,3826
Yunguyo,2003-10-13,8.23,14.33,4.1,69.59,0.04,4.04,63.94,-16.25,-69.08333,3826
Yunguyo,2003-10-14,8.09,14.68,3.63,59.19,0.0,3.95,63.99,-16.25,-69.08333,3826
Yunguyo,2003-10-15,8.95,15.54,4.38,53.87,0.0,3.36,63.98,-16.25,-69.08333,3826
Yunguyo,2003-10-16,9.25,15.84,4.49,53.7,0.0,3.09,63.85,-16.25,-69.08333,3826
Yunguyo,2003-10-17,9.35,15.69,4.49,58.12,0.0,2.82,63.67,-16.25,-69.08333,3826
Yunguyo,2003-10-18,10.61,16.95,5.45,46.19,0.0,3.17,63.61,-16.25,-69.08333,3826
Yunguyo,2003-10-19,10.79,16.43,6.36,63.9,0.75,3.23,63.74,-16.25,-69.08333,3826
Yunguyo,2003-10-20,11.13,16.3,6.93,61.5,0.07,2.86,63.85,-16.25,-69.08333,3826
Yunguyo,2003-10-21,11.82,17.29,7.26,57.88,0.0,2.59,63.81,-16.25,-69.08333,3826
Yunguyo,2003-10-22,12.06,17.77,7.27,58.95,0.09,4.06,63.77,-16.25,-69.08333,3826
Yunguyo,2003-10-23,11.41,15.84,7.43,67.95,0.63,4.22,63.77,-16.25,-69.08333,3826
Yunguyo,2003-10-24,12.45,17.59,8.54,54.1,0.17,3.1,63.84,-16.25,-69.08333,3826
Yunguyo,2003-10-25,11.76,16.56,7.77,48.64,0.01,2.98,63.86,-16.25,-69.08333,3826
Yunguyo,2003-10-26,11.67,17.03,6.63,41.73,0.0,3.08,63.68,-16.25,-69.08333,3826
Yunguyo,2003-10-27,10.67,14.96,7.03,65.39,1.72,3.97,63.65,-16.25,-69.08333,3826
Yunguyo,2003-10-28,8.13,11.65,5.65,74.9,0.74,4.88,63.82,-16.25,-69.08333,3826
Yunguyo,2003-10-29,8.94,13.84,5.1,66.49,4.67,3.61,63.81,-16.25,-69.08333,3826
Yunguyo,2003-10-30,8.99,14.04,4.82,66.26,0.75,2.62,63.74,-16.25,-69.08333,3826
Yunguyo,2003-10-31,9.4,14.33,5.99,67.65,3.02,3.01,63.59,-16.25,-69.08333,3826
Yunguyo,2003-11-01,9.12,14.45,6.26,66.69,1.23,3.3,63.6,-16.25,-69.08333,3826
Yunguyo,2003-11-02,8.9,14.08,5.5,69.49,0.44,4.1,63.62,-16.25,-69.08333,3826
Yunguyo,2003-11-03,9.64,15.66,5.84,63.45,1.01,2.54,63.61,-16.25,-69.08333,3826
Yunguyo,2003-11-04,10.8,17.52,4.87,35.5,0.42,2.48,63.65,-16.25,-69.08333,3826
Yunguyo,2003-11-05,10.6,16.98,5.7,54.53,0.18,2.52,63.71,-16.25,-69.08333,3826
Yunguyo,2003-11-06,10.59,16.02,6.38,65.14,0.04,4.03,63.74,-16.25,-69.08333,3826
Yunguyo,2003-11-07,10.85,16.68,7.05,60.22,0.0,3.89,63.75,-16.25,-69.08333,3826
Yunguyo,2003-11-08,11.11,17.35,6.9,55.93,0.0,3.56,63.79,-16.25,-69.08333,3826
Yunguyo,2003-11-09,10.82,17.03,6.88,59.83,0.28,4.14,63.79,-16.25,-69.08333,3826
Yunguyo,2003-11-10,8.98,14.37,5.14,64.15,2.08,5.15,63.87,-16.25,-69.08333,3826
Yunguyo,2003-11-11,10.41,15.68,6.27,55.58,0.69,3.19,63.78,-16.25,-69.08333,3826
Yunguyo,2003-11-12,11.62,17.23,7.47,55.57,0.01,3.75,63.72,-16.25,-69.08333,3826
Yunguyo,2003-11-13,9.91,14.44,6.67,67.14,9.32,5.02,63.84,-16.25,-69.08333,3826
Yunguyo,2003-11-14,8.49,11.13,5.48,72.83,2.18,1.65,63.81,-16.25,-69.08333,3826
Yunguyo,2003-11-15,11.78,16.8,8.42,56.19,0.06,2.39,63.71,-16.25,-69.08333,3826
Yunguyo,2003-11-16,11.95,17.28,7.54,37.52,0.01,2.45,63.7,-16.25,-69.08333,3826
Yunguyo,2003-11-17,11.15,17.07,5.26,27.19,0.01,2.26,63.64,-16.25,-69.08333,3826
Yunguyo,2003-11-18,10.38,16.53,4.12,39.05,0.01,3.61,63.68,-16.25,-69.08333,3826
Yunguyo,2003-11-19,10.88,15.86,7.36,61.8,0.0,3.36,63.75,-16.25,-69.08333,3826
Yunguyo,2003-11-20,9.95,15.73,5.68,61.37,0.0,5.43,63.83,-16.25,-69.08333,3826
Yunguyo,2003-11-21,9.21,14.73,5.14,67.99,0.0,5.65,63.88,-16.25,-69.08333,3826
Yunguyo,2003-11-22,10.43,17.12,4.85,60.25,0.0,3.27,63.83,-16.25,-69.08333,3826
Yunguyo,2003-11-23,11.83,17.42,7.81,61.3,0.31,2.96,63.74,-16.25,-69.08333,3826
Yunguyo,2003-11-24,11.45,15.99,8.22,66.36,0.12,2.62,63.67,-16.25,-69.08333,3826
Yunguyo,2003-11-25,11.13,14.82,8.24,62.96,1.1,3.31,63.63,-16.25,-69.08333,3826
Yunguyo,2003-11-26,10.33,13.69,7.52,71.84,0.25,3.28,63.67,-16.25,-69.08333,3826
Yunguyo,2003-11-27,10.82,14.56,8.09,72.63,4.61,2.77,63.71,-16.25,-69.08333,3826
Yunguyo,2003-11-28,10.74,14.36,8.44,73.57,2.72,2.64,63.69,-16.25,-69.08333,3826
Yunguyo,2003-11-29,11.41,15.36,8.8,69.88,2.18,2.3,63.61,-16.25,-69.08333,3826
Yunguyo,2003-11-30,12.12,17.26,8.24,64.47,0.23,2.98,63.61,-16.25,-69.08333,3826
Yunguyo,2003-12-01,9.79,14.2,5.13,73.6,7.18,2.81,63.7,-16.25,-69.08333,3826
Yunguyo,2003-12-02,10.27,15.87,4.3,59.28,1.5,1.5,63.63,-16.25,-69.08333,3826
Yunguyo,2003-12-03,12.2,18.05,7.63,46.47,0.0,3.15,63.55,-16.25,-69.08333,3826
Yunguyo,2003-12-04,11.38,15.31,8.76,68.38,0.0,3.14,63.64,-16.25,-69.08333,3826
Yunguyo,2003-12-05,11.78,15.72,9.11,64.77,0.0,2.72,63.7,-16.25,-69.08333,3826
Yunguyo,2003-12-06,11.16,14.74,9.0,72.56,0.35,3.58,63.72,-16.25,-69.08333,3826
Yunguyo,2003-12-07,9.89,14.28,5.21,77.33,0.13,3.94,63.72,-16.25,-69.08333,3826
Yunguyo,2003-12-08,10.67,16.03,6.09,69.45,0.73,2.51,63.74,-16.25,-69.08333,3826
Yunguyo,2003-12-09,10.39,15.49,4.57,69.02,1.29,2.41,63.72,-16.25,-69.08333,3826
Yunguyo,2003-12-10,11.52,16.96,7.26,54.14,0.16,4.18,63.66,-16.25,-69.08333,3826
Yunguyo,2003-12-11,12.08,17.87,7.52,56.35,0.02,3.8,63.69,-16.25,-69.08333,3826
Yunguyo,2003-12-12,9.0,14.34,2.86,78.82,12.97,3.26,63.69,-16.25,-69.08333,3826
Yunguyo,2003-12-13,10.71,16.85,4.39,58.76,3.88,2.56,63.59,-16.25,-69.08333,3826
Yunguyo,2003-12-14,11.44,17.13,7.86,63.34,0.97,2.81,63.59,-16.25,-69.08333,3826
Yunguyo,2003-12-15,11.53,16.19,8.05,68.26,0.35,3.84,63.65,-16.25,-69.08333,3826
Yunguyo,2003-12-16,11.08,15.16,8.23,72.67,0.42,5.8,63.73,-16.25,-69.08333,3826
Yunguyo,2003-12-17,9.69,14.49,6.7,72.55,0.07,4.82,63.82,-16.25,-69.08333,3826
Yunguyo,2003-12-18,9.79,14.67,6.29,70.12,0.08,4.86,63.89,-16.25,-69.08333,3826
Yunguyo,2003-12-19,10.14,15.43,5.43,68.54,0.44,4.75,63.93,-16.25,-69.08333,3826
Yunguyo,2003-12-20,10.92,16.66,6.69,69.73,1.74,4.69,63.88,-16.25,-69.08333,3826
Yunguyo,2003-12-21,10.9,15.59,7.5,70.6,1.75,3.71,63.85,-16.25,-69.08333,3826
Yunguyo,2003-12-22,11.83,16.72,8.71,68.68,0.87,3.38,63.74,-16.25,-69.08333,3826
Yunguyo,2003-12-23,9.99,12.19,8.15,76.45,7.08,3.89,63.69,-16.25,-69.08333,3826
Yunguyo,2003-12-24,8.75,12.98,5.27,76.05,11.0,2.51,63.77,-16.25,-69.08333,3826
Yunguyo,2003-12-25,9.31,14.11,6.2,76.02,4.79,4.4,63.83,-16.25,-69.08333,3826
Yunguyo,2003-12-26,9.54,14.49,6.16,76.08,12.98,3.84,63.75,-16.25,-69.08333,3826
Yunguyo,2003-12-27,11.25,17.08,5.25,61.21,15.55,2.84,63.58,-16.25,-69.08333,3826
Yunguyo,2003-12-28,10.18,14.06,6.73,75.57,3.13,4.07,63.49,-16.25,-69.08333,3826
Yunguyo,2003-12-29,8.14,10.48,6.3,83.29,0.68,4.43,63.57,-16.25,-69.08333,3826
Yunguyo,2003-12-30,9.71,14.89,5.78,75.86,3.73,3.9,63.54,-16.25,-69.08333,3826
Yunguyo,2003-12-31,10.65,16.43,4.79,66.01,3.27,2.97,63.69,-16.25,-69.08333,3826
Yunguyo,2004-01-01,8.44,13.02,2.84,82.57,2.99,2.43,63.8,-16.25,-69.08333,3826
Yunguyo,2004-01-02,9.33,14.37,3.2,79.55,2.08,3.51,63.76,-16.25,-69.08333,3826
Yunguyo,2004-01-03,11.02,15.27,7.78,74.74,0.54,3.27,63.71,-16.25,-69.08333,3826
Yunguyo,2004-01-04,10.7,14.04,7.98,70.59,0.29,2.95,63.71,-16.25,-69.08333,3826
Yunguyo,2004-01-05,9.3,12.81,6.06,67.47,0.49,4.44,63.75,-16.25,-69.08333,3826
Yunguyo,2004-01-06,8.84,13.8,5.11,75.78,3.17,4.68,63.7,-16.25,-69.08333,3826
Yunguyo,2004-01-07,10.02,14.8,6.82,77.49,4.78,4.08,63.71,-16.25,-69.08333,3826
Yunguyo,2004-01-08,8.64,13.45,4.46,79.34,8.83,2.94,63.72,-16.25,-69.08333,3826
Yunguyo,2004-01-09,8.5,14.46,3.28,75.34,11.39,1.85,63.73,-16.25,-69.08333,3826
Yunguyo,2004-01-10,9.02,14.03,5.54,75.45,4.79,2.72,63.72,-16.25,-69.08333,3826
Yunguyo,2004-01-11,8.66,13.0,5.03,78.24,11.17,3.17,63.8,-16.25,-69.08333,3826
Yunguyo,2004-01-12,9.88,15.38,5.9,74.54,3.81,3.76,63.82,-16.25,-69.08333,3826
Yunguyo,2004-01-13,10.12,15.82,5.72,72.22,4.47,1.64,63.69,-16.25,-69.08333,3826
Yunguyo,2004-01-14,6.82,9.0,4.24,82.56,7.81,3.89,63.65,-16.25,-69.08333,3826
Yunguyo,2004-01-15,5.98,8.41,3.9,86.6,12.47,2.14,63.64,-16.25,-69.08333,3826
Yunguyo,2004-01-16,8.61,13.74,5.06,74.28,5.55,2.53,63.65,-16.25,-69.08333,3826
Yunguyo,2004-01-17,8.38,14.25,4.19,74.12,6.96,3.86,63.71,-16.25,-69.08333,3826
Yunguyo,2004-01-18,8.93,13.97,4.27,69.77,5.02,2.36,63.71,-16.25,-69.08333,3826
Yunguyo,2004-01-19,9.51,13.66,6.5,75.98,1.81,3.12,63.64,-16.25,-69.08333,3826
Yunguyo,2004-01-20,9.76,15.19,4.58,68.35,4.17,2.47,63.62,-16.25,-69.08333,3826
Yunguyo,2004-01-21,7.53,13.34,3.19,74.46,3.91,2.7,63.71,-16.25,-69.08333,3826
Yunguyo,2004-01-22,7.04,11.49,2.73,80.35,12.45,3.25,63.73,-16.25,-69.08333,3826
Yunguyo,2004-01-23,8.74,12.83,5.33,75.97,13.45,3.31,63.7,-16.25,-69.08333,3826
Yunguyo,2004-01-24,9.46,14.7,5.13,73.07,5.98,3.96,63.75,-16.25,-69.08333,3826
Yunguyo,2004-01-25,9.72,13.85,6.19,75.03,5.56,4.28,63.75,-16.25,-69.08333,3826
Yunguyo,2004-01-26,10.62,15.87,6.1,66.26,1.57,3.71,63.8,-16.25,-69.08333,3826
Yunguyo,2004-01-27,10.52,14.95,6.68,63.86,0.84,3.74,63.84,-16.25,-69.08333,3826
Yunguyo,2004-01-28,10.22,15.94,5.64,56.45,3.75,3.71,63.87,-16.25,-69.08333,3826
Yunguyo,2004-01-29,9.18,13.88,5.43,61.88,2.29,4.11,63.85,-16.25,-69.08333,3826
Yunguyo,2004-01-30,9.2,14.19,4.81,64.58,1.11,4.19,63.8,-16.25,-69.08333,3826
Yunguyo,2004-01-31,9.97,15.83,5.21,68.04,0.35,3.9,63.77,-16.25,-69.08333,3826
Yunguyo,2004-02-01,10.42,15.2,6.69,68.44,0.02,3.96,63.81,-16.25,-69.08333,3826
Yunguyo,2004-02-02,10.57,14.82,6.71,72.66,1.44,3.82,63.74,-16.25,-69.08333,3826
Yunguyo,2004-02-03,10.56,14.45,7.66,72.24,0.41,2.92,63.65,-16.25,-69.08333,3826
Yunguyo,2004-02-04,10.91,15.27,7.77,74.86,3.68,3.66,63.62,-16.25,-69.08333,3826
Yunguyo,2004-02-05,8.3,11.21,6.23,85.39,7.11,4.66,63.76,-16.25,-69.08333,3826
Yunguyo,2004-02-06,8.92,13.09,6.25,80.63,7.11,5.32,63.8,-16.25,-69.08333,3826
Yunguyo,2004-02-07,9.14,14.01,5.55,78.81,5.34,4.78,63.76,-16.25,-69.08333,3826
Yunguyo,2004-02-08,9.74,14.56,6.14,77.26,3.25,4.32,63.79,-16.25,-69.08333,3826
Yunguyo,2004-02-09,9.68,14.63,6.06,77.38,5.13,4.63,63.78,-16.25,-69.08333,3826
Yunguyo,2004-02-10,8.58,11.9,5.8,80.31,8.66,4.26,63.73,-16.25,-69.08333,3826
Yunguyo,2004-02-11,8.98,13.74,5.21,76.99,2.97,4.48,63.7,-16.25,-69.08333,3826
Yunguyo,2004-02-12,9.9,14.44,6.42,73.83,3.95,2.93,63.74,-16.25,-69.08333,3826
Yunguyo,2004-02-13,8.87,12.06,6.41,79.52,11.67,1.86,63.81,-16.25,-69.08333,3826
Yunguyo,2004-02-14,8.4,13.8,5.09,78.54,3.81,3.15,63.74,-16.25,-69.08333,3826
Yunguyo,2004-02-15,8.12,11.93,4.75,80.24,2.36,2.97,63.75,-16.25,-69.08333,3826
Yunguyo,2004-02-16,10.37,16.08,5.57,65.3,0.21,2.79,63.78,-16.25,-69.08333,3826
Yunguyo,2004-02-17,11.21,15.99,7.42,66.76,0.1,2.79,63.84,-16.25,-69.08333,3826
Yunguyo,2004-02-18,10.63,14.04,7.79,70.99,1.06,3.68,63.85,-16.25,-69.08333,3826
Yunguyo,2004-02-19,8.9,12.77,5.49,77.68,3.43,4.8,63.8,-16.25,-69.08333,3826
Yunguyo,2004-02-20,8.24,13.16,5.0,77.2,5.13,4.09,63.72,-16.25,-69.08333,3826
Yunguyo,2004-02-21,8.59,14.34,5.23,75.74,1.65,3.75,63.78,-16.25,-69.08333,3826
Yunguyo,2004-02-22,9.34,15.16,5.41,70.49,0.32,3.66,63.88,-16.25,-69.08333,3826
Yunguyo,2004-02-23,9.75,15.31,5.16,68.35,0.0,3.55,63.83,-16.25,-69.08333,3826
Yunguyo,2004-02-24,10.2,15.28,5.86,68.16,0.0,3.68,63.7,-16.25,-69.08333,3826
Yunguyo,2004-02-25,9.73,14.31,5.99,69.79,0.02,3.72,63.73,-16.25,-69.08333,3826
Yunguyo,2004-02-26,9.82,15.43,5.66,64.14,0.0,3.97,63.94,-16.25,-69.08333,3826
Yunguyo,2004-02-27,9.14,15.31,4.64,54.39,0.0,3.69,64.0,-16.25,-69.08333,3826
Yunguyo,2004-02-28,10.33,15.8,6.02,45.02,0.0,3.08,63.87,-16.25,-69.08333,3826
Yunguyo,2004-02-29,11.13,16.91,7.03,52.58,0.0,3.78,63.8,-16.25,-69.08333,3826
Yunguyo,2004-03-01,11.56,16.89,6.9,50.79,0.03,2.48,63.92,-16.25,-69.08333,3826
Yunguyo,2004-03-02,11.74,16.54,7.14,54.22,0.0,3.44,63.94,-16.25,-69.08333,3826
Yunguyo,2004-03-03,10.18,13.78,7.35,73.41,6.36,3.89,63.91,-16.25,-69.08333,3826
Yunguyo,2004-03-04,10.76,16.18,7.21,66.31,6.0,3.03,63.86,-16.25,-69.08333,3826
Yunguyo,2004-03-05,10.25,15.65,6.48,67.27,0.25,4.27,63.97,-16.25,-69.08333,3826
Yunguyo,2004-03-06,10.63,16.47,6.03,55.36,0.43,3.23,63.92,-16.25,-69.08333,3826
Yunguyo,2004-03-07,10.43,15.94,6.42,59.63,0.71,3.42,63.89,-16.25,-69.08333,3826
Yunguyo,2004-03-08,9.2,13.05,6.24,70.49,1.14,4.44,63.89,-16.25,-69.08333,3826
Yunguyo,2004-03-09,7.82,11.83,4.64,78.61,2.37,4.93,63.92,-16.25,-69.08333,3826
Yunguyo,2004-03-10,9.16,13.92,5.96,79.94,3.3,4.77,63.98,-16.25,-69.08333,3826
Yunguyo,2004-03-11,10.35,15.62,6.59,73.71,1.29,3.69,63.89,-16.25,-69.08333,3826
Yunguyo,2004-03-12,10.53,15.6,6.73,70.59,0.21,3.9,63.76,-16.25,-69.08333,3826
Yunguyo,2004-03-13,11.17,16.14,7.24,70.81,0.01,3.26,63.77,-16.25,-69.08333,3826
Yunguyo,2004-03-14,11.34,16.47,7.69,70.79,0.52,3.58,63.89,-16.25,-69.08333,3826
Yunguyo,2004-03-15,10.87,15.11,8.16,71.49,0.0,3.01,63.88,-16.25,-69.08333,3826
Yunguyo,2004-03-16,11.34,16.76,7.73,66.83,0.0,3.38,63.79,-16.25,-69.08333,3826
Yunguyo,2004-03-17,11.39,16.72,7.18,65.73,0.01,3.32,63.73,-16.25,-69.08333,3826
Yunguyo,2004-03-18,12.16,17.45,7.99,65.38,0.55,3.39,63.68,-16.25,-69.08333,3826
Yunguyo,2004-03-19,9.3,11.22,8.06,82.52,0.6,4.07,63.73,-16.25,-69.08333,3826
Yunguyo,2004-03-20,10.31,15.13,7.55,71.58,0.2,3.65,63.76,-16.25,-69.08333,3826
Yunguyo,2004-03-21,9.77,14.58,6.57,75.27,2.89,4.01,63.72,-16.25,-69.08333,3826
Yunguyo,2004-03-22,8.69,13.93,5.13,78.53,1.09,3.89,63.75,-16.25,-69.08333,3826
Yunguyo,2004-03-23,8.47,13.2,5.63,80.26,1.82,3.08,63.82,-16.25,-69.08333,3826
Yunguyo,2004-03-24,8.31,11.91,5.73,81.0,7.29,2.33,63.81,-16.25,-69.08333,3826
Yunguyo,2004-03-25,7.56,11.39,3.83,80.06,4.29,2.53,63.77,-16.25,-69.08333,3826
Yunguyo,2004-03-26,9.65,14.54,5.5,71.72,1.05,3.04,63.71,-16.25,-69.08333,3826
Yunguyo,2004-03-27,8.59,13.15,4.26,78.94,1.04,4.04,63.67,-16.25,-69.08333,3826
Yunguyo,2004-03-28,7.57,12.74,3.08,80.02,1.05,2.98,63.71,-16.25,-69.08333,3826
Yunguyo,2004-03-29,8.78,13.07,5.38,78.71,4.07,4.41,63.77,-16.25,-69.08333,3826
Yunguyo,2004-03-30,8.82,12.9,6.06,78.25,1.17,4.79,63.85,-16.25,-69.08333,3826
Yunguyo,2004-03-31,9.74,15.38,4.82,74.51,1.48,2.54,63.83,-16.25,-69.08333,3826
Yunguyo,2004-04-01,10.88,14.66,7.98,75.55,2.44,3.6,63.81,-16.25,-69.08333,3826
Yunguyo,2004-04-02,10.36,15.33,6.98,71.11,1.33,3.44,63.87,-16.25,-69.08333,3826
Yunguyo,2004-04-03,10.92,16.08,7.58,70.4,8.05,2.71,63.88,-16.25,-69.08333,3826
Yunguyo,2004-04-04,10.21,15.34,6.47,71.27,4.73,3.67,63.93,-16.25,-69.08333,3826
Yunguyo,2004-04-05,10.63,15.35,6.76,64.99,0.39,2.92,64.0,-16.25,-69.08333,3826
Yunguyo,2004-04-06,12.01,16.81,8.75,64.13,0.0,2.08,63.85,-16.25,-69.08333,3826
Yunguyo,2004-04-07,10.26,13.49,8.0,72.78,0.07,2.21,63.82,-16.25,-69.08333,3826
Yunguyo,2004-04-08,10.48,15.0,7.44,67.27,6.96,3.26,63.86,-16.25,-69.08333,3826
Yunguyo,2004-04-09,9.98,14.51,6.81,67.25,0.97,3.78,63.99,-16.25,-69.08333,3826
Yunguyo,2004-04-10,10.0,14.48,6.34,70.17,0.07,2.88,63.86,-16.25,-69.08333,3826
Yunguyo,2004-04-11,10.58,15.6,6.74,64.0,0.01,2.89,63.72,-16.25,-69.08333,3826
Yunguyo,2004-04-12,10.55,15.64,6.7,67.32,0.0,3.37,63.73,-16.25,-69.08333,3826
Yunguyo,2004-04-13,11.27,16.66,7.61,57.67,0.0,2.5,63.83,-16.25,-69.08333,3826
Yunguyo,2004-04-14,11.32,16.67,6.92,61.68,0.01,2.42,63.75,-16.25,-69.08333,3826
Yunguyo,2004-04-15,9.27,12.94,5.78,71.36,1.68,3.32,63.72,-16.25,-69.08333,3826
Yunguyo,2004-04-16,8.68,13.78,4.79,72.37,0.55,2.78,63.74,-16.25,-69.08333,3826
Yunguyo,2004-04-17,8.67,12.42,5.71,78.15,4.27,3.34,63.8,-16.25,-69.08333,3826
Yunguyo,2004-04-18,7.37,10.64,4.54,79.55,0.79,1.89,63.87,-16.25,-69.08333,3826
Yunguyo,2004-04-19,8.93,13.22,6.58,75.33,0.35,2.54,63.83,-16.25,-69.08333,3826
Yunguyo,2004-04-20,9.33,14.34,6.12,70.71,0.12,2.17,63.74,-16.25,-69.08333,3826
Yunguyo,2004-04-21,9.85,14.79,5.93,59.08,0.01,2.77,63.68,-16.25,-69.08333,3826
Yunguyo,2004-04-22,10.09,14.09,6.09,51.46,0.76,1.97,63.7,-16.25,-69.08333,3826
Yunguyo,2004-04-23,10.16,14.84,6.44,59.78,0.53,2.11,63.74,-16.25,-69.08333,3826
Yunguyo,2004-04-24,6.68,10.9,2.76,75.04,0.73,2.57,63.85,-16.25,-69.08333,3826
Yunguyo,2004-04-25,6.85,10.2,2.84,83.33,1.15,1.54,63.93,-16.25,-69.08333,3826
Yunguyo,2004-04-26,10.06,15.43,6.58,66.81,0.03,3.14,63.86,-16.25,-69.08333,3826
Yunguyo,2004-04-27,8.7,14.21,4.96,70.16,2.56,3.36,63.87,-16.25,-69.08333,3826
Yunguyo,2004-04-28,9.36,14.49,5.9,66.34,0.02,2.32,63.91,-16.25,-69.08333,3826
Yunguyo,2004-04-29,10.2,15.18,6.09,66.98,0.35,2.51,63.87,-16.25,-69.08333,3826
Yunguyo,2004-04-30,9.59,12.58,7.72,78.29,3.05,3.46,63.82,-16.25,-69.08333,3826
Yunguyo,2004-05-01,9.72,14.81,6.48,67.77,0.56,2.79,63.68,-16.25,-69.08333,3826
Yunguyo,2004-05-02,10.15,15.42,6.36,56.09,0.0,1.92,63.71,-16.25,-69.08333,3826
Yunguyo,2004-05-03,8.22,11.0,6.2,75.3,1.27,3.21,63.87,-16.25,-69.08333,3826
Yunguyo,2004-05-04,7.17,9.69,4.84,73.14,1.16,2.47,63.92,-16.25,-69.08333,3826
Yunguyo,2004-05-05,7.33,13.77,3.34,64.07,0.18,1.99,63.73,-16.25,-69.08333,3826
Yunguyo,2004-05-06,7.03,15.67,0.71,42.66,0.0,3.51,63.73,-16.25,-69.08333,3826
Yunguyo,2004-05-07,7.28,14.21,2.07,44.36,0.15,2.79,63.8,-16.25,-69.08333,3826
Yunguyo,2004-05-08,8.06,13.54,3.69,59.79,0.31,1.84,63.85,-16.25,-69.08333,3826
Yunguyo,2004-05-09,8.71,14.38,4.37,38.83,0.0,2.37,63.82,-16.25,-69.08333,3826
Yunguyo,2004-05-10,9.0,14.51,4.52,43.36,0.0,2.35,63.83,-16.25,-69.08333,3826
Yunguyo,2004-05-11,9.51,15.07,5.34,45.22,0.0,1.86,63.81,-16.25,-69.08333,3826
Yunguyo,2004-05-12,9.39,15.76,4.4,35.07,0.04,2.16,63.8,-16.25,-69.08333,3826
Yunguyo,2004-05-13,8.83,13.97,4.98,35.86,0.98,2.12,63.76,-16.25,-69.08333,3826
Yunguyo,2004-05-14,8.34,15.1,4.38,44.57,0.41,2.02,63.62,-16.25,-69.08333,3826
Yunguyo,2004-05-15,7.43,14.42,2.03,29.94,0.17,3.53,63.65,-16.25,-69.08333,3826
Yunguyo,2004-05-16,7.25,14.19,2.15,31.5,0.0,3.29,63.74,-16.25,-69.08333,3826
Yunguyo,2004-05-17,7.32,13.87,2.27,34.8,0.05,2.41,63.79,-16.25,-69.08333,3826
Yunguyo,2004-05-18,7.65,14.08,3.15,42.57,0.01,1.89,63.81,-16.25,-69.08333,3826
Yunguyo,2004-05-19,7.45,12.62,3.64,53.01,0.0,2.52,63.93,-16.25,-69.08333,3826
Yunguyo,2004-05-20,7.78,12.62,4.17,66.06,0.0,2.08,63.99,-16.25,-69.08333,3826
Yunguyo,2004-05-21,8.12,13.91,4.15,51.55,0.0,2.08,63.86,-16.25,-69.08333,3826
Yunguyo,2004-05-22,7.92,13.39,3.94,58.7,0.0,2.43,63.73,-16.25,-69.08333,3826
Yunguyo,2004-05-23,8.0,14.42,3.43,52.83,0.51,3.09,63.73,-16.25,-69.08333,3826
Yunguyo,2004-05-24,8.16,13.96,4.17,51.94,0.14,2.59,63.8,-16.25,-69.08333,3826
Yunguyo,2004-05-25,8.26,14.13,4.36,49.9,0.01,2.32,63.82,-16.25,-69.08333,3826
Yunguyo,2004-05-26,8.14,12.91,4.69,65.05,0.07,2.02,63.84,-16.25,-69.08333,3826
Yunguyo,2004-05-27,8.25,14.12,4.4,45.13,0.11,1.26,63.85,-16.25,-69.08333,3826
Yunguyo,2004-05-28,7.89,13.96,3.64,32.5,0.09,1.52,63.88,-16.25,-69.08333,3826
Yunguyo,2004-05-29,8.19,14.34,3.97,35.8,0.03,2.13,63.84,-16.25,-69.08333,3826
Yunguyo,2004-05-30,7.79,14.32,3.71,50.25,0.03,2.59,63.83,-16.25,-69.08333,3826
Yunguyo,2004-05-31,6.47,11.36,2.96,44.6,0.02,2.45,63.83,-16.25,-69.08333,3826
Yunguyo,2004-06-01,6.87,12.42,2.75,57.82,0.0,3.43,63.75,-16.25,-69.08333,3826
Yunguyo,2004-06-02,6.81,11.91,3.11,62.7,0.05,2.64,63.88,-16.25,-69.08333,3826
Yunguyo,2004-06-03,6.99,12.26,3.09,65.54,0.01,2.45,63.95,-16.25,-69.08333,3826
Yunguyo,2004-06-04,7.3,12.86,2.9,60.22,0.0,1.98,63.9,-16.25,-69.08333,3826
Yunguyo,2004-06-05,8.16,13.83,3.81,50.67,0.0,1.86,63.77,-16.25,-69.08333,3826
Yunguyo,2004-06-06,7.64,12.33,4.33,58.24,0.03,3.58,63.72,-16.25,-69.08333,3826
Yunguyo,2004-06-07,5.71,9.81,2.38,73.39,0.55,3.1,63.79,-16.25,-69.08333,3826
Yunguyo,2004-06-08,7.07,12.69,2.6,47.41,0.01,3.15,63.84,-16.25,-69.08333,3826
Yunguyo,2004-06-09,6.98,12.11,2.85,32.5,0.0,3.52,63.8,-16.25,-69.08333,3826
Yunguyo,2004-06-10,6.35,11.3,2.39,32.62,0.15,2.88,63.82,-16.25,-69.08333,3826
Yunguyo,2004-06-11,7.24,12.64,3.18,57.0,0.05,2.73,63.94,-16.25,-69.08333,3826
Yunguyo,2004-06-12,6.47,10.13,3.35,69.94,0.0,2.73,64.08,-16.25,-69.08333,3826
Yunguyo,2004-06-13,7.83,13.05,4.18,47.98,0.0,1.73,64.01,-16.25,-69.08333,3826
Yunguyo,2004-06-14,7.12,12.17,3.46,46.41,0.0,2.38,63.92,-16.25,-69.08333,3826
Yunguyo,2004-06-15,7.25,12.51,3.84,63.57,0.0,2.37,63.86,-16.25,-69.08333,3826
Yunguyo,2004-06-16,7.76,12.81,3.6,51.84,0.0,2.32,63.85,-16.25,-69.08333,3826
Yunguyo,2004-06-17,7.56,13.18,4.04,53.37,0.0,2.67,63.95,-16.25,-69.08333,3826
Yunguyo,2004-06-18,7.58,12.93,3.99,62.82,0.0,2.13,64.0,-16.25,-69.08333,3826
Yunguyo,2004-06-19,7.48,12.7,3.49,59.25,0.0,1.79,63.98,-16.25,-69.08333,3826
Yunguyo,2004-06-20,7.73,13.13,3.84,46.0,0.0,1.93,63.9,-16.25,-69.08333,3826
Yunguyo,2004-06-21,7.41,12.03,4.33,49.58,0.0,2.3,63.88,-16.25,-69.08333,3826
Yunguyo,2004-06-22,7.99,12.38,4.71,64.09,0.82,1.94,63.87,-16.25,-69.08333,3826
Yunguyo,2004-06-23,7.92,11.88,5.23,58.83,0.01,1.29,63.88,-16.25,-69.08333,3826
Yunguyo,2004-06-24,5.92,9.31,3.14,60.05,0.0,2.25,63.83,-16.25,-69.08333,3826
Yunguyo,2004-06-25,7.3,12.35,2.84,46.08,0.1,2.54,63.67,-16.25,-69.08333,3826
Yunguyo,2004-06-26,6.36,9.57,3.74,53.85,0.15,3.01,63.74,-16.25,-69.08333,3826
Yunguyo,2004-06-27,6.69,10.15,2.97,53.34,0.0,2.91,63.84,-16.25,-69.08333,3826
Yunguyo,2004-06-28,6.95,13.29,2.26,45.68,0.02,2.32,63.83,-16.25,-69.08333,3826
Yunguyo,2004-06-29,7.5,12.34,3.73,50.88,0.07,2.19,63.76,-16.25,-69.08333,3826
Yunguyo,2004-06-30,6.12,9.11,4.71,81.95,0.01,4.07,63.81,-16.25,-69.08333,3826
Yunguyo,2004-07-01,6.5,11.69,3.2,74.02,1.51,5.46,63.76,-16.25,-69.08333,3826
Yunguyo,2004-07-02,5.83,10.0,2.78,77.24,4.15,5.01,63.7,-16.25,-69.08333,3826
Yunguyo,2004-07-03,6.17,10.25,3.45,77.21,1.41,5.77,63.72,-16.25,-69.08333,3826
Yunguyo,2004-07-04,5.79,9.94,2.49,78.96,1.48,3.97,63.85,-16.25,-69.08333,3826
Yunguyo,2004-07-05,6.38,10.21,3.72,79.73,3.63,4.07,63.94,-16.25,-69.08333,3826
Yunguyo,2004-07-06,6.84,11.13,3.5,75.54,0.79,2.72,63.84,-16.25,-69.08333,3826
Yunguyo,2004-07-07,6.99,14.39,1.74,52.85,0.08,3.93,63.6,-16.25,-69.08333,3826
Yunguyo,2004-07-08,5.52,11.3,0.81,37.74,0.01,2.11,63.69,-16.25,-69.08333,3826
Yunguyo,2004-07-09,7.49,12.89,3.37,53.15,0.01,1.76,63.67,-16.25,-69.08333,3826
Yunguyo,2004-07-10,6.8,12.03,3.81,56.19,0.02,2.96,63.76,-16.25,-69.08333,3826
Yunguyo,2004-07-11,5.23,8.49,1.87,74.67,0.01,1.77,63.74,-16.25,-69.08333,3826
Yunguyo,2004-07-12,7.03,13.42,1.93,35.99,0.0,2.76,63.66,-16.25,-69.08333,3826
Yunguyo,2004-07-13,6.53,12.67,1.14,40.41,0.0,2.57,63.71,-16.25,-69.08333,3826
Yunguyo,2004-07-14,7.01,12.34,3.34,57.1,0.0,1.86,63.8,-16.25,-69.08333,3826
Yunguyo,2004-07-15,6.3,10.7,3.79,72.48,0.0,2.94,63.88,-16.25,-69.08333,3826
Yunguyo,2004-07-16,6.14,10.29,3.85,70.84,0.08,3.37,63.91,-16.25,-69.08333,3826
Yunguyo,2004-07-17,4.69,8.52,1.87,78.27,1.55,2.95,63.85,-16.25,-69.08333,3826
Yunguyo,2004-07-18,5.98,12.95,1.49,39.62,0.08,3.11,63.81,-16.25,-69.08333,3826
Yunguyo,2004-07-19,5.76,11.91,2.14,37.54,0.0,2.26,63.88,-16.25,-69.08333,3826
Yunguyo,2004-07-20,5.16,11.52,1.56,63.32,0.0,3.34,63.86,-16.25,-69.08333,3826
Yunguyo,2004-07-21,6.47,11.6,2.1,54.72,0.0,1.88,63.8,-16.25,-69.08333,3826
Yunguyo,2004-07-22,6.57,11.68,3.16,42.6,0.0,2.41,63.72,-16.25,-69.08333,3826
Yunguyo,2004-07-23,5.63,9.14,3.29,79.11,0.0,2.48,63.72,-16.25,-69.08333,3826
Yunguyo,2004-07-24,6.46,11.66,2.48,67.73,0.0,2.27,63.75,-16.25,-69.08333,3826
Yunguyo,2004-07-25,6.4,10.54,3.62,75.33,0.01,3.03,63.76,-16.25,-69.08333,3826
Yunguyo,2004-07-26,7.19,12.64,3.56,76.15,0.0,3.44,63.82,-16.25,-69.08333,3826
Yunguyo,2004-07-27,8.4,13.57,4.58,72.02,0.0,4.28,63.84,-16.25,-69.08333,3826
Yunguyo,2004-07-28,8.8,13.87,4.95,67.41,0.07,3.21,63.75,-16.25,-69.08333,3826
Yunguyo,2004-07-29,7.99,12.91,4.85,69.28,1.26,3.45,63.77,-16.25,-69.08333,3826
Yunguyo,2004-07-30,6.46,10.96,3.0,74.77,0.88,3.35,63.83,-16.25,-69.08333,3826
Yunguyo,2004-07-31,8.33,13.88,3.95,57.88,0.04,1.47,63.83,-16.25,-69.08333,3826
Yunguyo,2004-08-01,8.93,14.56,4.91,49.62,0.0,2.06,63.77,-16.25,-69.08333,3826
Yunguyo,2004-08-02,8.96,14.69,4.96,54.24,0.0,3.16,63.73,-16.25,-69.08333,3826
Yunguyo,2004-08-03,9.04,14.76,5.74,60.61,0.0,3.62,63.77,-16.25,-69.08333,3826
Yunguyo,2004-08-04,8.81,14.11,5.29,60.53,0.0,2.61,63.89,-16.25,-69.08333,3826
Yunguyo,2004-08-05,7.64,13.63,3.79,66.03,0.39,3.41,63.93,-16.25,-69.08333,3826
Yunguyo,2004-08-06,6.37,11.68,2.76,68.6,0.21,4.19,64.01,-16.25,-69.08333,3826
Yunguyo,2004-08-07,5.1,8.96,2.42,77.3,0.09,4.29,64.04,-16.25,-69.08333,3826
Yunguyo,2004-08-08,5.57,9.32,2.47,73.29,0.0,2.81,63.96,-16.25,-69.08333,3826
Yunguyo,2004-08-09,6.02,9.88,2.77,66.32,0.0,1.95,63.93,-16.25,-69.08333,3826
Yunguyo,2004-08-10,6.89,12.36,2.94,63.49,0.0,2.77,63.95,-16.25,-69.08333,3826
Yunguyo,2004-08-11,4.99,9.63,2.7,73.3,0.02,2.42,64.06,-16.25,-69.08333,3826
Yunguyo,2004-08-12,6.67,12.58,2.73,64.55,0.0,3.35,64.01,-16.25,-69.08333,3826
Yunguyo,2004-08-13,6.23,11.54,2.66,67.7,0.0,3.6,63.94,-16.25,-69.08333,3826
Yunguyo,2004-08-14,6.52,12.1,2.75,65.69,0.0,4.46,63.85,-16.25,-69.08333,3826
Yunguyo,2004-08-15,6.96,11.69,3.13,67.84,0.02,5.13,63.76,-16.25,-69.08333,3826
Yunguyo,2004-08-16,7.56,12.3,4.19,70.92,0.0,4.14,63.74,-16.25,-69.08333,3826
Yunguyo,2004-08-17,7.23,12.33,2.4,72.85,2.0,3.42,63.8,-16.25,-69.08333,3826
Yunguyo,2004-08-18,6.13,10.34,2.7,81.65,0.35,4.06,63.87,-16.25,-69.08333,3826
Yunguyo,2004-08-19,7.41,11.38,4.52,76.25,0.02,4.56,63.93,-16.25,-69.08333,3826
Yunguyo,2004-08-20,8.67,13.89,5.21,72.41,2.13,3.77,63.88,-16.25,-69.08333,3826
Yunguyo,2004-08-21,7.73,11.97,5.56,77.0,2.15,2.91,63.85,-16.25,-69.08333,3826
Yunguyo,2004-08-22,6.92,11.2,3.4,82.22,0.67,4.9,63.79,-16.25,-69.08333,3826
Yunguyo,2004-08-23,7.08,11.29,4.68,77.37,3.8,6.67,63.78,-16.25,-69.08333,3826
Yunguyo,2004-08-24,5.53,9.57,2.06,78.29,6.76,6.61,63.73,-16.25,-69.08333,3826
Yunguyo,2004-08-25,5.78,10.31,2.87,71.33,0.5,3.55,63.75,-16.25,-69.08333,3826
Yunguyo,2004-08-26,6.52,13.08,1.65,42.61,0.01,3.15,63.74,-16.25,-69.08333,3826
Yunguyo,2004-08-27,6.14,12.0,-0.09,35.56,0.0,3.33,63.81,-16.25,-69.08333,3826
Yunguyo,2004-08-28,6.48,10.75,3.86,68.73,0.0,2.76,63.9,-16.25,-69.08333,3826
Yunguyo,2004-08-29,6.49,11.71,2.86,66.87,0.01,4.31,63.97,-16.25,-69.08333,3826
Yunguyo,2004-08-30,6.81,12.19,3.04,58.58,0.0,3.23,64.05,-16.25,-69.08333,3826
Yunguyo,2004-08-31,8.02,13.48,3.7,64.11,0.0,2.69,64.03,-16.25,-69.08333,3826
Yunguyo,2004-09-01,8.6,13.72,5.01,69.01,0.0,3.12,63.93,-16.25,-69.08333,3826
Yunguyo,2004-09-02,7.94,11.38,5.3,74.6,0.05,3.7,63.94,-16.25,-69.08333,3826
Yunguyo,2004-09-03,7.84,13.26,3.55,68.03,0.06,3.51,63.99,-16.25,-69.08333,3826
Yunguyo,2004-09-04,9.15,14.27,5.48,64.83,0.01,2.72,63.9,-16.25,-69.08333,3826
Yunguyo,2004-09-05,9.48,14.79,5.78,66.43,0.02,2.7,63.78,-16.25,-69.08333,3826
Yunguyo,2004-09-06,9.59,13.95,6.46,62.98,2.53,2.63,63.64,-16.25,-69.08333,3826
Yunguyo,2004-09-07,9.5,14.79,4.62,45.69,0.07,2.72,63.57,-16.25,-69.08333,3826
Yunguyo,2004-09-08,7.64,10.98,5.5,74.97,2.48,3.24,63.68,-16.25,-69.08333,3826
Yunguyo,2004-09-09,7.22,11.14,4.61,78.82,8.47,4.33,63.83,-16.25,-69.08333,3826
Yunguyo,2004-09-10,8.4,13.44,4.63,72.06,0.19,3.66,63.82,-16.25,-69.08333,3826
Yunguyo,2004-09-11,8.33,14.12,4.51,71.18,0.09,4.13,63.87,-16.25,-69.08333,3826
Yunguyo,2004-09-12,7.29,14.1,3.17,70.3,0.03,4.01,63.85,-16.25,-69.08333,3826
Yunguyo,2004-09-13,8.26,15.49,2.91,51.19,0.16,2.38,63.78,-16.25,-69.08333,3826
Yunguyo,2004-09-14,8.9,15.42,4.65,47.83,0.36,2.52,63.76,-16.25,-69.08333,3826
Yunguyo,2004-09-15,7.91,13.98,4.26,64.64,0.0,4.14,63.8,-16.25,-69.08333,3826
Yunguyo,2004-09-16,8.35,14.3,4.47,54.94,0.0,2.78,63.79,-16.25,-69.08333,3826
Yunguyo,2004-09-17,7.76,13.32,3.47,59.91,0.0,2.57,63.85,-16.25,-69.08333,3826
Yunguyo,2004-09-18,8.76,14.54,4.87,61.4,0.0,3.12,63.86,-16.25,-69.08333,3826
Yunguyo,2004-09-19,9.34,14.94,5.07,67.85,0.0,3.79,63.85,-16.25,-69.08333,3826
Yunguyo,2004-09-20,8.66,13.44,5.76,71.02,0.0,4.62,63.89,-16.25,-69.08333,3826
Yunguyo,2004-09-21,9.24,13.12,6.35,72.11,0.02,3.51,63.91,-16.25,-69.08333,3826
Yunguyo,2004-09-22,9.66,14.36,6.76,70.78,0.02,4.81,64.03,-16.25,-69.08333,3826
Yunguyo,2004-09-23,9.02,13.94,5.27,72.78,0.01,5.1,64.03,-16.25,-69.08333,3826
Yunguyo,2004-09-24,9.06,12.99,5.29,75.89,0.71,5.11,63.91,-16.25,-69.08333,3826
Yunguyo,2004-09-25,7.59,13.1,3.43,67.72,0.11,4.4,63.94,-16.25,-69.08333,3826
Yunguyo,2004-09-26,8.3,12.85,4.95,72.5,0.95,3.2,63.91,-16.25,-69.08333,3826
Yunguyo,2004-09-27,8.2,11.74,5.51,75.05,3.24,3.44,63.9,-16.25,-69.08333,3826
Yunguyo,2004-09-28,9.67,15.08,5.38,53.1,0.66,3.23,63.79,-16.25,-69.08333,3826
Yunguyo,2004-09-29,9.11,13.77,6.01,69.11,2.92,3.82,63.68,-16.25,-69.08333,3826
Yunguyo,2004-09-30,9.36,14.88,5.73,57.11,2.25,2.97,63.61,-16.25,-69.08333,3826
Yunguyo,2004-10-01,9.23,13.83,5.88,59.83,1.87,2.41,63.68,-16.25,-69.08333,3826
Yunguyo,2004-10-02,9.78,16.66,5.21,53.07,0.13,2.03,63.72,-16.25,-69.08333,3826
Yunguyo,2004-10-03,9.42,14.67,5.11,61.28,0.07,3.51,63.78,-16.25,-69.08333,3826
Yunguyo,2004-10-04,8.77,12.19,6.52,74.05,0.09,4.74,63.84,-16.25,-69.08333,3826
Yunguyo,2004-10-05,8.66,14.23,4.8,67.8,0.0,4.67,63.93,-16.25,-69.08333,3826
Yunguyo,2004-10-06,8.23,13.96,4.37,65.79,0.0,4.2,63.96,-16.25,-69.08333,3826
Yunguyo,2004-10-07,9.09,14.98,4.44,52.38,0.08,2.57,63.92,-16.25,-69.08333,3826
Yunguyo,2004-10-08,11.13,16.65,7.1,55.46,0.2,3.01,63.72,-16.25,-69.08333,3826
Yunguyo,2004-10-09,9.74,13.97,6.98,70.05,2.48,3.18,63.68,-16.25,-69.08333,3826
Yunguyo,2004-10-10,10.5,15.81,6.87,51.87,0.24,3.38,63.72,-16.25,-69.08333,3826
Yunguyo,2004-10-11,10.64,16.02,6.63,62.7,0.23,2.88,63.64,-16.25,-69.08333,3826
Yunguyo,2004-10-12,10.85,16.23,6.21,36.5,0.03,2.4,63.56,-16.25,-69.08333,3826
Yunguyo,2004-10-13,10.31,16.62,4.11,41.64,0.01,3.81,63.61,-16.25,-69.08333,3826
Yunguyo,2004-10-14,11.01,16.49,7.01,62.49,0.23,3.46,63.56,-16.25,-69.08333,3826
Yunguyo,2004-10-15,10.61,15.7,6.25,56.06,0.14,2.87,63.63,-16.25,-69.08333,3826
Yunguyo,2004-10-16,11.34,16.49,7.14,56.18,0.01,2.37,63.7,-16.25,-69.08333,3826
Yunguyo,2004-10-17,11.34,16.75,6.37,50.37,0.0,2.62,63.74,-16.25,-69.08333,3826
Yunguyo,2004-10-18,11.61,17.33,6.94,57.28,0.0,3.72,63.74,-16.25,-69.08333,3826
Yunguyo,2004-10-19,10.45,16.71,4.39,70.44,0.56,4.37,63.82,-16.25,-69.08333,3826
Yunguyo,2004-10-20,8.27,13.72,3.18,71.35,0.17,2.66,63.87,-16.25,-69.08333,3826
Yunguyo,2004-10-21,9.96,14.9,6.92,69.65,0.6,3.61,63.75,-16.25,-69.08333,3826
Yunguyo,2004-10-22,10.04,14.9,6.23,70.38,0.96,3.58,63.73,-16.25,-69.08333,3826
Yunguyo,2004-10-23,10.8,14.47,8.05,66.91,0.06,2.75,63.7,-16.25,-69.08333,3826
Yunguyo,2004-10-24,11.88,16.76,8.04,58.23,0.0,2.45,63.62,-16.25,-69.08333,3826
Yunguyo,2004-10-25,11.7,18.07,6.14,34.43,0.2,2.59,63.6,-16.25,-69.08333,3826
Yunguyo,2004-10-26,10.73,17.93,3.3,40.01,0.33,3.73,63.69,-16.25,-69.08333,3826
Yunguyo,2004-10-27,8.81,11.66,5.24,71.47,0.75,5.07,63.85,-16.25,-69.08333,3826
Yunguyo,2004-10-28,9.49,15.44,4.45,67.55,0.03,3.72,63.85,-16.25,-69.08333,3826
Yunguyo,2004-10-29,10.48,16.18,6.28,61.15,0.0,3.73,63.79,-16.25,-69.08333,3826
Yunguyo,2004-10-30,10.61,15.74,7.12,67.15,0.0,4.16,63.77,-16.25,-69.08333,3826
Yunguyo,2004-10-31,10.6,15.44,7.59,69.73,0.09,5.17,63.8,-16.25,-69.08333,3826
Yunguyo,2004-11-01,10.2,14.98,6.8,71.2,3.27,4.45,63.79,-16.25,-69.08333,3826
Yunguyo,2004-11-02,11.17,16.3,7.79,67.46,0.83,3.25,63.69,-16.25,-69.08333,3826
Yunguyo,2004-11-03,11.48,16.72,7.75,67.48,0.01,3.45,63.61,-16.25,-69.08333,3826
Yunguyo,2004-11-04,11.51,16.12,8.22,67.82,12.13,2.88,63.65,-16.25,-69.08333,3826
Yunguyo,2004-11-05,10.9,14.85,8.8,74.83,2.2,5.53,63.65,-16.25,-69.08333,3826
Yunguyo,2004-11-06,7.72,11.59,3.89,83.33,8.43,4.16,63.69,-16.25,-69.08333,3826
Yunguyo,2004-11-07,8.13,12.28,4.17,77.61,8.47,2.98,63.77,-16.25,-69.08333,3826
Yunguyo,2004-11-08,8.06,11.8,4.51,78.82,0.45,2.74,63.83,-16.25,-69.08333,3826
Yunguyo,2004-11-09,10.66,14.89,7.2,67.66,0.0,2.59,63.76,-16.25,-69.08333,3826
Yunguyo,2004-11-10,12.0,18.56,6.04,37.3,0.0,2.74,63.69,-16.25,-69.08333,3826
Yunguyo,2004-11-11,11.63,17.43,5.91,39.62,0.13,3.39,63.63,-16.25,-69.08333,3826
Yunguyo,2004-11-12,10.65,15.98,6.34,61.66,0.04,3.47,63.54,-16.25,-69.08333,3826
Yunguyo,2004-11-13,10.76,15.98,7.4,64.15,0.0,3.31,63.54,-16.25,-69.08333,3826
Yunguyo,2004-11-14,9.85,14.79,6.34,69.16,0.12,2.51,63.61,-16.25,-69.08333,3826
Yunguyo,2004-11-15,10.29,15.1,6.44,65.47,0.31,2.44,63.63,-16.25,-69.08333,3826
Yunguyo,2004-11-16,10.09,14.45,6.67,63.98,0.47,2.89,63.64,-16.25,-69.08333,3826
Yunguyo,2004-11-17,9.44,14.12,4.4,74.18,2.46,4.26,63.67,-16.25,-69.08333,3826
Yunguyo,2004-11-18,10.98,16.11,7.48,56.38,1.1,2.94,63.69,-16.25,-69.08333,3826
Yunguyo,2004-11-19,10.45,14.99,7.15,65.05,2.1,3.78,63.77,-16.25,-69.08333,3826
Yunguyo,2004-11-20,10.43,14.92,7.15,64.35,0.7,3.89,63.78,-16.25,-69.08333,3826
Yunguyo,2004-11-21,10.98,17.06,6.51,64.33,1.94,3.39,63.75,-16.25,-69.08333,3826
Yunguyo,2004-11-22,9.8,14.66,4.88,67.55,0.29,3.62,63.78,-16.25,-69.08333,3826
Yunguyo,2004-11-23,10.08,15.12,6.87,63.82,1.22,3.75,63.72,-16.25,-69.08333,3826
Yunguyo,2004-11-24,9.94,14.14,6.64,64.86,0.23,3.06,63.73,-16.25,-69.08333,3826
Yunguyo,2004-11-25,11.07,16.11,6.92,61.91,0.0,2.53,63.72,-16.25,-69.08333,3826
Yunguyo,2004-11-26,10.89,15.75,5.94,56.93,0.0,3.9,63.67,-16.25,-69.08333,3826
Yunguyo,2004-11-27,11.87,16.51,8.36,66.61,2.39,2.71,63.6,-16.25,-69.08333,3826
Yunguyo,2004-11-28,12.69,17.97,8.59,55.98,0.5,3.67,63.55,-16.25,-69.08333,3826
Yunguyo,2004-11-29,9.51,13.53,7.11,78.43,0.64,5.34,63.66,-16.25,-69.08333,3826
Yunguyo,2004-11-30,10.19,15.0,6.45,70.81,0.38,3.89,63.73,-16.25,-69.08333,3826
Yunguyo,2004-12-01,10.65,15.95,6.75,69.37,4.15,3.93,63.7,-16.25,-69.08333,3826
Yunguyo,2004-12-02,11.04,15.6,7.77,67.6,0.71,3.69,63.68,-16.25,-69.08333,3826
Yunguyo,2004-12-03,11.13,15.67,7.44,68.17,0.0,3.67,63.65,-16.25,-69.08333,3826
Yunguyo,2004-12-04,11.63,16.51,8.62,66.62,0.0,4.57,63.76,-16.25,-69.08333,3826
Yunguyo,2004-12-05,11.47,16.91,7.38,64.57,0.0,4.26,63.82,-16.25,-69.08333,3826
Yunguyo,2004-12-06,12.18,17.26,7.89,60.54,0.0,2.66,63.75,-16.25,-69.08333,3826
Yunguyo,2004-12-07,12.79,17.77,9.34,57.85,0.0,3.29,63.69,-16.25,-69.08333,3826
Yunguyo,2004-12-08,11.86,16.75,7.97,62.38,2.9,3.68,63.68,-16.25,-69.08333,3826
Yunguyo,2004-12-09,10.76,16.28,6.52,70.62,2.58,4.28,63.7,-16.25,-69.08333,3826
Yunguyo,2004-12-10,10.0,14.07,6.59,72.31,1.6,5.3,63.8,-16.25,-69.08333,3826
Yunguyo,2004-12-11,9.79,15.16,5.67,69.97,0.46,4.32,63.81,-16.25,-69.08333,3826
Yunguyo,2004-12-12,11.05,16.91,6.53,66.57,3.99,3.79,63.78,-16.25,-69.08333,3826
Yunguyo,2004-12-13,9.24,12.96,4.85,75.53,1.99,2.59,63.83,-16.25,-69.08333,3826
Yunguyo,2004-12-14,9.94,15.25,6.36,73.6,3.95,2.55,63.74,-16.25,-69.08333,3826
Yunguyo,2004-12-15,10.44,15.32,6.14,69.15,3.23,2.11,63.68,-16.25,-69.08333,3826
Yunguyo,2004-12-16,10.43,15.59,5.5,70.68,0.18,2.42,63.65,-16.25,-69.08333,3826
Yunguyo,2004-12-17,8.5,10.88,5.32,81.52,2.01,3.13,63.65,-16.25,-69.08333,3826
Yunguyo,2004-12-18,9.64,13.27,7.08,76.68,1.1,3.16,63.69,-16.25,-69.08333,3826
Yunguyo,2004-12-19,11.62,17.26,7.39,63.86,0.63,3.08,63.72,-16.25,-69.08333,3826
Yunguyo,2004-12-20,12.03,17.59,7.71,59.77,0.85,3.18,63.72,-16.25,-69.08333,3826
Yunguyo,2004-12-21,11.51,16.87,6.23,60.23,0.26,2.77,63.76,-16.25,-69.08333,3826
Yunguyo,2004-12-22,13.14,17.69,8.95,55.54,1.35,2.75,63.64,-16.25,-69.08333,3826
Yunguyo,2004-12-23,10.48,15.78,6.32,70.29,0.24,3.24,63.65,-16.25,-69.08333,3826
Yunguyo,2004-12-24,12.22,17.93,7.6,56.85,0.16,2.5,63.56,-16.25,-69.08333,3826
Yunguyo,2004-12-25,11.16,14.83,8.01,60.41,1.03,3.38,63.54,-16.25,-69.08333,3826
Yunguyo,2004-12-26,10.65,15.29,7.03,68.03,1.0,3.92,63.7,-16.25,-69.08333,3826
Yunguyo,2004-12-27,9.13,12.89,6.43,75.52,3.81,5.07,63.78,-16.25,-69.08333,3826
Yunguyo,2004-12-28,10.03,15.54,5.91,64.25,1.45,3.77,63.73,-16.25,-69.08333,3826
Yunguyo,2004-12-29,10.68,16.48,6.42,63.58,1.44,4.37,63.67,-16.25,-69.08333,3826
Yunguyo,2004-12-30,9.35,13.4,6.38,73.48,10.91,4.42,63.68,-16.25,-69.08333,3826
Yunguyo,2004-12-31,9.32,14.27,5.1,75.95,7.17,4.0,63.73,-16.25,-69.08333,3826
Yunguyo,2005-01-01,10.86,15.67,6.76,71.61,2.48,3.58,63.78,-16.25,-69.08333,3826
Yunguyo,2005-01-02,10.08,14.85,6.64,77.59,4.59,3.54,63.78,-16.25,-69.08333,3826
Yunguyo,2005-01-03,9.39,11.64,7.78,81.27,1.49,3.61,63.75,-16.25,-69.08333,3826
Yunguyo,2005-01-04,10.95,16.17,7.32,69.07,0.17,4.27,63.76,-16.25,-69.08333,3826
Yunguyo,2005-01-05,11.33,17.05,6.67,61.39,0.0,3.71,63.73,-16.25,-69.08333,3826
Yunguyo,2005-01-06,10.44,14.22,6.65,63.77,2.5,4.35,63.72,-16.25,-69.08333,3826
Yunguyo,2005-01-07,10.03,15.88,5.47,65.72,0.67,4.5,63.83,-16.25,-69.08333,3826
Yunguyo,2005-01-08,11.27,16.76,6.82,52.83,0.64,3.25,63.82,-16.25,-69.08333,3826
Yunguyo,2005-01-09,11.22,16.5,7.16,64.27,1.79,4.27,63.71,-16.25,-69.08333,3826
Yunguyo,2005-01-10,10.0,13.3,7.95,76.74,2.32,4.52,63.64,-16.25,-69.08333,3826
Yunguyo,2005-01-11,9.22,12.5,6.1,76.77,1.74,3.49,63.66,-16.25,-69.08333,3826
Yunguyo,2005-01-12,10.57,15.77,7.01,74.97,2.44,4.35,63.69,-16.25,-69.08333,3826
Yunguyo,2005-01-13,11.08,16.09,7.84,74.34,3.44,4.27,63.74,-16.25,-69.08333,3826
Yunguyo,2005-01-14,9.48,15.19,5.28,69.12,2.96,3.32,63.65,-16.25,-69.08333,3826
Yunguyo,2005-01-15,11.87,18.29,5.55,50.07,0.01,3.01,63.56,-16.25,-69.08333,3826
Yunguyo,2005-01-16,8.58,11.74,6.21,73.52,4.08,5.02,63.64,-16.25,-69.08333,3826
Yunguyo,2005-01-17,9.61,15.56,5.93,71.13,3.18,2.88,63.63,-16.25,-69.08333,3826
Yunguyo,2005-01-18,11.15,16.9,6.03,58.78,0.21,3.19,63.62,-16.25,-69.08333,3826
Yunguyo,2005-01-19,10.61,15.79,6.05,67.86,1.04,1.81,63.6,-16.25,-69.08333,3826
Yunguyo,2005-01-20,7.98,13.58,2.88,77.56,5.25,2.37,63.67,-16.25,-69.08333,3826
Yunguyo,2005-01-21,9.55,15.33,2.38,67.2,3.97,2.2,63.7,-16.25,-69.08333,3826
Yunguyo,2005-01-22,11.53,16.89,7.39,59.68,0.57,3.62,63.72,-16.25,-69.08333,3826
Yunguyo,2005-01-23,9.7,12.02,8.16,77.26,0.38,1.97,63.75,-16.25,-69.08333,3826
Yunguyo,2005-01-24,8.46,12.93,4.92,76.8,1.83,3.2,63.66,-16.25,-69.08333,3826
Yunguyo,2005-01-25,10.86,16.6,4.86,59.07,2.86,3.21,63.66,-16.25,-69.08333,3826
Yunguyo,2005-01-26,7.88,11.82,5.23,78.17,2.27,3.05,63.79,-16.25,-69.08333,3826
Yunguyo,2005-01-27,11.13,17.02,6.16,67.68,0.56,3.24,63.72,-16.25,-69.08333,3826
Yunguyo,2005-01-28,11.76,17.6,7.42,66.79,0.17,3.07,63.64,-16.25,-69.08333,3826
Yunguyo,2005-01-29,11.4,17.39,6.32,67.47,0.04,3.03,63.57,-16.25,-69.08333,3826
Yunguyo,2005-01-30,12.56,18.07,8.64,61.63,1.51,2.71,63.51,-16.25,-69.08333,3826
Yunguyo,2005-01-31,11.17,14.81,8.66,66.46,0.78,4.43,63.62,-16.25,-69.08333,3826
Yunguyo,2005-02-01,8.1,10.83,6.11,85.53,2.54,4.79,63.67,-16.25,-69.08333,3826
Yunguyo,2005-02-02,9.33,15.03,5.58,74.68,0.44,4.87,63.67,-16.25,-69.08333,3826
Yunguyo,2005-02-03,9.94,16.23,5.66,70.99,5.15,4.29,63.76,-16.25,-69.08333,3826
Yunguyo,2005-02-04,9.58,15.51,5.41,70.13,0.42,4.48,63.85,-16.25,-69.08333,3826
Yunguyo,2005-02-05,9.36,14.57,4.87,70.18,3.21,4.7,63.84,-16.25,-69.08333,3826
Yunguyo,2005-02-06,8.95,14.06,4.46,73.74,4.83,3.45,63.79,-16.25,-69.08333,3826
Yunguyo,2005-02-07,9.12,15.36,4.22,71.7,2.58,2.17,63.76,-16.25,-69.08333,3826
Yunguyo,2005-02-08,9.31,14.6,5.26,77.34,4.15,4.33,63.7,-16.25,-69.08333,3826
Yunguyo,2005-02-09,9.45,14.24,6.32,78.65,16.49,5.07,63.76,-16.25,-69.08333,3826
Yunguyo,2005-02-10,8.66,13.17,5.92,79.07,14.75,4.26,63.83,-16.25,-69.08333,3826
Yunguyo,2005-02-11,8.99,13.74,5.87,77.47,9.36,4.51,63.78,-16.25,-69.08333,3826
Yunguyo,2005-02-12,8.12,13.15,5.18,77.5,14.76,4.76,63.76,-16.25,-69.08333,3826
Yunguyo,2005-02-13,9.2,14.38,5.75,76.41,3.19,3.85,63.71,-16.25,-69.08333,3826
Yunguyo,2005-02-14,9.61,15.05,6.1,73.76,4.16,2.28,63.71,-16.25,-69.08333,3826
Yunguyo,2005-02-15,9.27,12.62,5.71,72.61,2.63,1.8,63.65,-16.25,-69.08333,3826
Yunguyo,2005-02-16,9.72,14.0,6.75,73.4,8.74,2.97,63.63,-16.25,-69.08333,3826
Yunguyo,2005-02-17,8.5,12.76,5.62,77.01,3.68,5.59,63.79,-16.25,-69.08333,3826
Yunguyo,2005-02-18,7.72,12.45,3.75,78.17,3.84,5.8,63.84,-16.25,-69.08333,3826
Yunguyo,2005-02-19,8.1,13.27,3.66,76.22,4.87,4.7,63.83,-16.25,-69.08333,3826
Yunguyo,2005-02-20,9.09,13.82,6.46,80.7,10.23,4.74,63.8,-16.25,-69.08333,3826
Yunguyo,2005-02-21,9.35,14.52,5.37,78.95,7.71,4.21,63.74,-16.25,-69.08333,3826
Yunguyo,2005-02-22,9.22,15.07,5.79,76.94,16.74,3.42,63.68,-16.25,-69.08333,3826
Yunguyo,2005-02-23,9.88,13.85,5.75,60.87,5.9,2.4,63.8,-16.25,-69.08333,3826
Yunguyo,2005-02-24,10.97,15.39,7.86,65.87,0.94,3.81,63.87,-16.25,-69.08333,3826
Yunguyo,2005-02-25,10.1,14.77,6.36,73.7,1.41,3.94,63.92,-16.25,-69.08333,3826
Yunguyo,2005-02-26,11.3,15.81,7.67,69.85,0.43,3.03,63.8,-16.25,-69.08333,3826
Yunguyo,2005-02-27,11.61,16.48,7.06,66.27,0.25,2.97,63.76,-16.25,-69.08333,3826
Yunguyo,2005-02-28,11.79,16.13,8.18,67.91,1.26,3.16,63.83,-16.25,-69.08333,3826
Yunguyo,2005-03-01,10.62,14.61,7.82,75.82,2.18,4.12,63.91,-16.25,-69.08333,3826
Yunguyo,2005-03-02,10.45,15.06,6.73,74.64,0.45,3.85,63.91,-16.25,-69.08333,3826
Yunguyo,2005-03-03,9.84,14.5,6.3,75.8,2.32,4.84,63.95,-16.25,-69.08333,3826
Yunguyo,2005-03-04,10.33,15.7,6.63,65.53,0.24,4.04,63.99,-16.25,-69.08333,3826
Yunguyo,2005-03-05,9.92,15.9,5.3,54.24,0.0,3.94,64.03,-16.25,-69.08333,3826
Yunguyo,2005-03-06,10.85,17.26,5.19,47.45,0.04,2.57,63.94,-16.25,-69.08333,3826
Yunguyo,2005-03-07,12.07,18.11,7.55,59.65,0.04,2.69,63.8,-16.25,-69.08333,3826
Yunguyo,2005-03-08,12.05,17.45,8.23,56.26,0.73,3.42,63.74,-16.25,-69.08333,3826
Yunguyo,2005-03-09,9.89,12.93,7.43,77.14,6.13,4.65,63.8,-16.25,-69.08333,3826
Yunguyo,2005-03-10,9.18,12.84,5.67,80.22,3.49,3.68,63.8,-16.25,-69.08333,3826
Yunguyo,2005-03-11,10.6,15.18,7.68,74.37,1.46,3.63,63.81,-16.25,-69.08333,3826
Yunguyo,2005-03-12,11.29,16.55,7.33,66.18,2.52,1.93,63.78,-16.25,-69.08333,3826
Yunguyo,2005-03-13,10.07,14.88,6.45,68.94,0.79,2.46,63.75,-16.25,-69.08333,3826
Yunguyo,2005-03-14,7.08,11.13,2.89,77.2,0.62,2.97,63.74,-16.25,-69.08333,3826
Yunguyo,2005-03-15,10.14,16.15,6.07,70.17,0.1,3.81,63.69,-16.25,-69.08333,3826
Yunguyo,2005-03-16,10.36,16.14,6.17,56.02,0.8,3.54,63.8,-16.25,-69.08333,3826
Yunguyo,2005-03-17,10.26,15.55,5.87,65.91,0.41,2.9,63.83,-16.25,-69.08333,3826
Yunguyo,2005-03-18,10.79,15.49,7.1,69.52,0.57,3.76,63.83,-16.25,-69.08333,3826
Yunguyo,2005-03-19,9.63,14.72,5.53,68.65,0.36,3.65,63.86,-16.25,-69.08333,3826
Yunguyo,2005-03-20,10.2,14.89,6.76,66.26,0.0,3.2,63.73,-16.25,-69.08333,3826
Yunguyo,2005-03-21,9.85,14.8,3.96,68.17,4.97,2.63,63.68,-16.25,-69.08333,3826
Yunguyo,2005-03-22,9.41,14.29,3.01,75.29,2.6,3.77,63.81,-16.25,-69.08333,3826
Yunguyo,2005-03-23,8.11,9.38,6.54,85.67,8.99,3.7,63.97,-16.25,-69.08333,3826
Yunguyo,2005-03-24,8.9,14.43,4.45,78.13,0.92,3.61,63.97,-16.25,-69.08333,3826
Yunguyo,2005-03-25,10.12,15.55,6.03,71.97,1.73,3.73,63.86,-16.25,-69.08333,3826
Yunguyo,2005-03-26,10.08,15.46,5.96,70.99,0.87,3.68,63.83,-16.25,-69.08333,3826
Yunguyo,2005-03-27,9.73,14.65,6.31,72.51,1.17,4.0,63.83,-16.25,-69.08333,3826
Yunguyo,2005-03-28,9.12,13.93,5.61,74.07,1.67,3.83,63.86,-16.25,-69.08333,3826
Yunguyo,2005-03-29,9.11,13.67,5.75,74.84,3.6,4.48,63.84,-16.25,-69.08333,3826
Yunguyo,2005-03-30,9.18,13.6,5.75,74.66,7.79,4.16,63.86,-16.25,-69.08333,3826
Yunguyo,2005-03-31,9.14,13.93,6.11,77.89,2.32,4.16,63.82,-16.25,-69.08333,3826
Yunguyo,2005-04-01,9.89,14.44,6.45,72.64,4.48,3.03,63.76,-16.25,-69.08333,3826
Yunguyo,2005-04-02,9.31,11.63,7.45,80.63,5.16,3.21,63.8,-16.25,-69.08333,3826
Yunguyo,2005-04-03,7.49,10.89,4.51,84.29,3.11,3.07,63.89,-16.25,-69.08333,3826
Yunguyo,2005-04-04,9.46,13.98,5.72,76.17,0.11,2.99,63.89,-16.25,-69.08333,3826
Yunguyo,2005-04-05,10.04,14.88,6.62,76.41,0.2,4.27,63.9,-16.25,-69.08333,3826
Yunguyo,2005-04-06,10.34,15.19,6.62,71.83,0.08,3.94,63.94,-16.25,-69.08333,3826
Yunguyo,2005-04-07,10.38,14.91,6.92,73.48,0.59,3.02,63.88,-16.25,-69.08333,3826
Yunguyo,2005-04-08,10.52,15.66,6.99,70.39,0.55,3.74,63.92,-16.25,-69.08333,3826
Yunguyo,2005-04-09,9.8,14.87,6.28,70.52,0.04,3.76,63.95,-16.25,-69.08333,3826
Yunguyo,2005-04-10,10.1,15.57,5.97,67.0,0.39,3.32,63.88,-16.25,-69.08333,3826
Yunguyo,2005-04-11,11.22,16.32,7.81,60.64,0.14,2.48,63.77,-16.25,-69.08333,3826
Yunguyo,2005-04-12,9.5,13.58,7.1,73.69,4.91,4.83,63.83,-16.25,-69.08333,3826
Yunguyo,2005-04-13,7.95,10.56,6.17,80.78,2.99,3.44,63.91,-16.25,-69.08333,3826
Yunguyo,2005-04-14,10.08,14.11,7.33,71.71,0.84,2.59,63.85,-16.25,-69.08333,3826
Yunguyo,2005-04-15,9.84,14.38,7.2,69.11,0.19,4.01,63.93,-16.25,-69.08333,3826
Yunguyo,2005-04-16,9.16,13.69,5.93,69.78,0.06,3.2,64.0,-16.25,-69.08333,3826
Yunguyo,2005-04-17,10.12,15.11,7.06,68.78,0.03,2.73,63.96,-16.25,-69.08333,3826
Yunguyo,2005-04-18,10.18,14.91,6.78,64.16,0.17,2.24,63.87,-16.25,-69.08333,3826
Yunguyo,2005-04-19,9.93,15.35,5.15,40.71,0.01,1.7,63.86,-16.25,-69.08333,3826
Yunguyo,2005-04-20,9.35,14.45,5.36,56.41,1.21,2.49,63.89,-16.25,-69.08333,3826
Yunguyo,2005-04-21,9.0,13.08,6.03,70.99,1.23,2.74,63.87,-16.25,-69.08333,3826
Yunguyo,2005-04-22,9.88,14.53,6.19,68.29,0.41,2.63,63.83,-16.25,-69.08333,3826
Yunguyo,2005-04-23,9.97,14.75,7.06,66.71,0.04,2.27,63.77,-16.25,-69.08333,3826
Yunguyo,2005-04-24,8.42,13.22,5.17,68.96,0.42,1.38,63.76,-16.25,-69.08333,3826
Yunguyo,2005-04-25,8.08,11.9,5.33,68.69,0.22,2.79,63.85,-16.25,-69.08333,3826
Yunguyo,2005-04-26,9.85,16.6,5.36,52.98,0.0,1.83,63.85,-16.25,-69.08333,3826
Yunguyo,2005-04-27,10.35,17.86,4.54,38.28,0.0,2.63,63.84,-16.25,-69.08333,3826
Yunguyo,2005-04-28,9.16,16.6,2.58,32.11,0.0,3.46,63.8,-16.25,-69.08333,3826
Yunguyo,2005-04-29,7.67,13.7,3.2,45.78,0.0,3.56,63.92,-16.25,-69.08333,3826
Yunguyo,2005-04-30,7.76,14.25,3.41,63.14,0.0,2.78,64.04,-16.25,-69.08333,3826
Yunguyo,2005-05-01,8.56,15.0,3.97,56.19,0.0,2.83,64.02,-16.25,-69.08333,3826
Yunguyo,2005-05-02,9.43,15.31,4.96,52.63,0.0,2.26,63.87,-16.25,-69.08333,3826
Yunguyo,2005-05-03,9.27,14.43,5.15,55.89,0.0,2.33,63.77,-16.25,-69.08333,3826
Yunguyo,2005-05-04,9.63,14.82,5.37,56.41,0.0,2.83,63.8,-16.25,-69.08333,3826
Yunguyo,2005-05-05,9.61,13.46,5.96,60.76,0.0,2.22,63.85,-16.25,-69.08333,3826
Yunguyo,2005-05-06,9.46,13.29,6.34,56.39,0.09,2.6,63.82,-16.25,-69.08333,3826
Yunguyo,2005-05-07,7.51,12.13,4.15,69.44,0.43,2.83,63.82,-16.25,-69.08333,3826
Yunguyo,2005-05-08,8.56,14.06,4.14,39.57,0.03,1.04,63.81,-16.25,-69.08333,3826
Yunguyo,2005-05-09,8.05,13.62,4.05,40.21,0.0,2.23,63.87,-16.25,-69.08333,3826
Yunguyo,2005-05-10,8.28,14.05,3.65,59.24,0.0,2.01,63.82,-16.25,-69.08333,3826
Yunguyo,2005-05-11,8.62,14.02,4.86,66.48,0.0,2.9,63.82,-16.25,-69.08333,3826
Yunguyo,2005-05-12,8.57,12.6,5.65,72.47,0.0,2.93,63.82,-16.25,-69.08333,3826
Yunguyo,2005-05-13,9.59,14.14,5.5,47.87,0.0,1.72,63.75,-16.25,-69.08333,3826
Yunguyo,2005-05-14,9.08,14.1,4.7,42.45,0.68,2.28,63.71,-16.25,-69.08333,3826
Yunguyo,2005-05-15,9.25,14.06,4.77,52.58,0.22,2.51,63.71,-16.25,-69.08333,3826
Yunguyo,2005-05-16,9.34,13.12,6.52,71.94,0.31,3.06,63.72,-16.25,-69.08333,3826
Yunguyo,2005-05-17,9.63,14.07,5.7,69.67,0.11,2.69,63.74,-16.25,-69.08333,3826
Yunguyo,2005-05-18,10.0,15.25,5.81,54.77,0.0,2.06,63.73,-16.25,-69.08333,3826
Yunguyo,2005-05-19,10.07,15.61,5.68,48.2,0.03,2.07,63.69,-16.25,-69.08333,3826
Yunguyo,2005-05-20,10.21,15.89,5.25,45.43,0.05,2.02,63.74,-16.25,-69.08333,3826
Yunguyo,2005-05-21,8.79,12.71,7.12,71.8,0.29,2.13,63.83,-16.25,-69.08333,3826
Yunguyo,2005-05-22,10.26,16.86,5.29,55.09,0.03,2.18,63.75,-16.25,-69.08333,3826
Yunguyo,2005-05-23,9.05,17.02,2.85,28.56,0.0,3.05,63.63,-16.25,-69.08333,3826
Yunguyo,2005-05-24,8.52,16.93,1.69,32.23,0.02,3.66,63.66,-16.25,-69.08333,3826
Yunguyo,2005-05-25,8.41,14.01,4.0,44.37,0.53,2.36,63.83,-16.25,-69.08333,3826
Yunguyo,2005-05-26,9.18,14.83,4.99,47.81,0.08,1.71,63.91,-16.25,-69.08333,3826
Yunguyo,2005-05-27,9.36,14.96,5.81,55.48,0.0,2.1,63.98,-16.25,-69.08333,3826
Yunguyo,2005-05-28,8.87,13.94,5.74,64.84,0.0,2.38,63.96,-16.25,-69.08333,3826
Yunguyo,2005-05-29,8.92,14.24,5.41,59.77,0.0,2.42,63.85,-16.25,-69.08333,3826
Yunguyo,2005-05-30,7.75,12.51,4.64,70.76,0.12,3.75,63.9,-16.25,-69.08333,3826
Yunguyo,2005-05-31,7.6,12.79,3.63,63.11,0.03,2.39,63.91,-16.25,-69.08333,3826
Yunguyo,2005-06-01,8.28,13.61,4.35,50.9,0.0,1.77,63.85,-16.25,-69.08333,3826
Yunguyo,2005-06-02,8.53,13.83,4.83,39.96,0.0,1.86,63.82,-16.25,-69.08333,3826
Yunguyo,2005-06-03,8.39,13.89,4.37,55.86,0.02,2.74,63.81,-16.25,-69.08333,3826
Yunguyo,2005-06-04,8.89,13.62,5.91,69.03,0.0,2.5,63.86,-16.25,-69.08333,3826
Yunguyo,2005-06-05,8.52,12.61,5.69,72.94,0.0,2.81,63.92,-16.25,-69.08333,3826
Yunguyo,2005-06-06,8.08,12.37,4.89,65.35,0.0,2.59,63.87,-16.25,-69.08333,3826
Yunguyo,2005-06-07,8.38,13.23,4.83,48.78,0.0,1.58,63.69,-16.25,-69.08333,3826
Yunguyo,2005-06-08,7.75,12.74,4.26,46.51,0.0,2.8,63.72,-16.25,-69.08333,3826
Yunguyo,2005-06-09,7.59,13.35,3.52,52.64,0.36,2.83,63.75,-16.25,-69.08333,3826
Yunguyo,2005-06-10,6.46,13.44,1.18,37.18,0.07,3.23,63.78,-16.25,-69.08333,3826
Yunguyo,2005-06-11,6.68,12.39,1.88,36.41,0.26,2.35,63.77,-16.25,-69.08333,3826
Yunguyo,2005-06-12,7.65,12.9,4.31,42.29,0.22,1.52,63.75,-16.25,-69.08333,3826
Yunguyo,2005-06-13,7.0,13.61,1.59,38.13,0.05,2.7,63.75,-16.25,-69.08333,3826
Yunguyo,2005-06-14,7.64,12.85,3.84,61.89,0.06,2.79,63.83,-16.25,-69.08333,3826
Yunguyo,2005-06-15,7.9,12.39,4.83,63.92,0.15,2.54,63.93,-16.25,-69.08333,3826
Yunguyo,2005-06-16,8.09,12.74,4.76,64.06,0.25,1.84,63.91,-16.25,-69.08333,3826
Yunguyo,2005-06-17,7.3,13.21,2.38,35.83,0.01,2.28,63.87,-16.25,-69.08333,3826
Yunguyo,2005-06-18,8.12,13.52,3.71,35.21,0.0,1.71,63.83,-16.25,-69.08333,3826
Yunguyo,2005-06-19,8.06,13.14,4.57,36.61,0.08,1.96,63.75,-16.25,-69.08333,3826
Yunguyo,2005-06-20,7.79,12.79,4.87,54.36,0.08,1.78,63.81,-16.25,-69.08333,3826
Yunguyo,2005-06-21,7.31,11.71,3.96,59.12,0.06,0.85,63.89,-16.25,-69.08333,3826
Yunguyo,2005-06-22,7.3,12.41,3.8,52.52,0.03,2.16,63.92,-16.25,-69.08333,3826
Yunguyo,2005-06-23,6.18,11.06,3.01,64.36,0.49,2.22,63.96,-16.25,-69.08333,3826
Yunguyo,2005-06-24,6.55,12.02,2.81,60.5,0.33,2.39,63.85,-16.25,-69.08333,3826
Yunguyo,2005-06-25,7.21,12.99,3.05,45.26,0.0,1.99,63.71,-16.25,-69.08333,3826
Yunguyo,2005-06-26,5.13,12.05,-0.03,33.84,0.0,5.22,63.65,-16.25,-69.08333,3826
Yunguyo,2005-06-27,6.01,13.86,-0.21,32.34,0.0,4.26,63.68,-16.25,-69.08333,3826
Yunguyo,2005-06-28,6.58,13.04,1.78,46.75,0.0,2.43,63.79,-16.25,-69.08333,3826
Yunguyo,2005-06-29,6.67,12.61,2.54,70.72,0.0,2.74,63.95,-16.25,-69.08333,3826
Yunguyo,2005-06-30,7.13,12.11,4.14,69.34,0.31,2.3,64.06,-16.25,-69.08333,3826
Yunguyo,2005-07-01,7.41,11.71,3.77,60.07,0.16,1.61,64.0,-16.25,-69.08333,3826
Yunguyo,2005-07-02,9.04,14.05,5.86,59.84,0.0,2.29,63.93,-16.25,-69.08333,3826
Yunguyo,2005-07-03,9.31,14.95,5.2,63.85,0.0,2.11,64.0,-16.25,-69.08333,3826
Yunguyo,2005-07-04,9.36,15.43,4.92,64.84,0.0,2.68,64.02,-16.25,-69.08333,3826
Yunguyo,2005-07-05,8.66,13.58,5.62,72.91,0.05,3.45,64.02,-16.25,-69.08333,3826
Yunguyo,2005-07-06,7.72,13.5,3.61,70.56,0.01,3.14,64.03,-16.25,-69.08333,3826
Yunguyo,2005-07-07,7.2,13.12,3.5,65.24,0.0,2.44,64.07,-16.25,-69.08333,3826
Yunguyo,2005-07-08,7.89,13.93,3.25,56.85,0.0,1.71,64.0,-16.25,-69.08333,3826
Yunguyo,2005-07-09,6.73,12.14,2.87,61.0,0.0,2.66,63.95,-16.25,-69.08333,3826
Yunguyo,2005-07-10,6.28,12.35,2.21,61.42,0.0,2.75,63.97,-16.25,-69.08333,3826
Yunguyo,2005-07-11,6.24,12.22,2.66,44.75,0.0,2.54,64.04,-16.25,-69.08333,3826
Yunguyo,2005-07-12,6.85,12.13,2.09,36.41,0.0,1.15,63.97,-16.25,-69.08333,3826
Yunguyo,2005-07-13,7.9,13.95,3.87,31.92,0.0,1.65,63.72,-16.25,-69.08333,3826
Yunguyo,2005-07-14,7.28,14.53,2.6,36.82,0.0,3.11,63.6,-16.25,-69.08333,3826
Yunguyo,2005-07-15,6.94,14.4,1.62,40.16,0.0,4.18,63.6,-16.25,-69.08333,3826
Yunguyo,2005-07-16,6.67,13.78,1.11,37.71,0.0,3.93,63.65,-16.25,-69.08333,3826
Yunguyo,2005-07-17,7.27,13.09,2.39,44.54,0.31,3.97,63.72,-16.25,-69.08333,3826
Yunguyo,2005-07-18,6.6,12.16,1.77,44.27,0.22,3.51,63.72,-16.25,-69.08333,3826
Yunguyo,2005-07-19,6.2,11.5,2.43,51.35,0.05,2.26,63.67,-16.25,-69.08333,3826
Yunguyo,2005-07-20,6.89,12.75,2.4,56.64,0.0,2.89,63.7,-16.25,-69.08333,3826
Yunguyo,2005-07-21,6.89,12.81,1.99,57.98,0.01,3.81,63.72,-16.25,-69.08333,3826
Yunguyo,2005-07-22,7.17,12.63,3.25,62.62,0.02,3.88,63.81,-16.25,-69.08333,3826
Yunguyo,2005-07-23,6.55,13.11,1.94,58.11,0.0,3.33,63.82,-16.25,-69.08333,3826
Yunguyo,2005-07-24,6.26,13.38,0.88,51.92,0.0,2.89,63.82,-16.25,-69.08333,3826
Yunguyo,2005-07-25,6.51,12.45,2.54,62.31,0.0,3.01,63.85,-16.25,-69.08333,3826
Yunguyo,2005-07-26,6.46,12.22,2.66,68.66,0.02,2.93,63.85,-16.25,-69.08333,3826
Yunguyo,2005-07-27,7.11,11.96,3.49,68.51,0.01,2.81,63.87,-16.25,-69.08333,3826
Yunguyo,2005-07-28,8.03,13.28,4.7,64.58,0.0,2.48,63.88,-16.25,-69.08333,3826
Yunguyo,2005-07-29,8.23,13.51,4.73,67.27,0.0,2.65,63.93,-16.25,-69.08333,3826
Yunguyo,2005-07-30,8.52,14.56,4.26,58.31,0.0,1.69,63.91,-16.25,-69.08333,3826
Yunguyo,2005-07-31,8.36,14.21,4.32,60.79,0.0,2.17,63.86,-16.25,-69.08333,3826
Yunguyo,2005-08-01,7.98,14.05,3.37,61.33,0.0,2.82,63.91,-16.25,-69.08333,3826
Yunguyo,2005-08-02,7.22,13.7,2.59,61.12,0.0,2.87,63.91,-16.25,-69.08333,3826
Yunguyo,2005-08-03,7.0,12.44,3.05,65.13,0.0,2.47,63.9,-16.25,-69.08333,3826
Yunguyo,2005-08-04,8.52,13.8,4.57,59.76,0.0,1.91,63.83,-16.25,-69.08333,3826
Yunguyo,2005-08-05,8.14,13.54,4.52,51.78,0.0,2.53,63.84,-16.25,-69.08333,3826
Yunguyo,2005-08-06,6.82,11.17,3.51,75.94,0.05,3.53,63.87,-16.25,-69.08333,3826
Yunguyo,2005-08-07,5.65,9.34,2.76,76.65,0.98,1.98,63.96,-16.25,-69.08333,3826
Yunguyo,2005-08-08,6.09,10.61,3.17,72.83,0.33,2.4,64.0,-16.25,-69.08333,3826
Yunguyo,2005-08-09,7.27,12.99,3.39,56.78,0.0,2.06,63.95,-16.25,-69.08333,3826
Yunguyo,2005-08-10,7.21,14.05,2.85,55.43,0.0,2.48,63.93,-16.25,-69.08333,3826
Yunguyo,2005-08-11,7.12,13.89,2.7,54.19,0.0,2.43,63.93,-16.25,-69.08333,3826
Yunguyo,2005-08-12,7.98,14.7,3.26,46.68,0.0,2.56,63.85,-16.25,-69.08333,3826
Yunguyo,2005-08-13,8.15,14.26,3.71,51.0,0.0,1.99,63.8,-16.25,-69.08333,3826
Yunguyo,2005-08-14,8.86,15.07,4.02,38.29,0.0,1.8,63.84,-16.25,-69.08333,3826
Yunguyo,2005-08-15,7.75,12.68,4.38,50.84,0.0,2.88,63.93,-16.25,-69.08333,3826
Yunguyo,2005-08-16,8.31,14.21,3.92,56.47,0.0,2.22,63.9,-16.25,-69.08333,3826
Yunguyo,2005-08-17,8.58,14.03,5.22,54.3,0.91,3.02,63.84,-16.25,-69.08333,3826
Yunguyo,2005-08-18,7.41,11.92,3.82,72.75,0.53,3.72,63.95,-16.25,-69.08333,3826
Yunguyo,2005-08-19,7.89,12.52,4.66,72.38,0.0,3.83,64.01,-16.25,-69.08333,3826
Yunguyo,2005-08-20,7.93,13.82,4.15,69.8,0.0,3.15,63.96,-16.25,-69.08333,3826
Yunguyo,2005-08-21,8.51,13.67,4.59,58.1,0.0,2.35,63.8,-16.25,-69.08333,3826
Yunguyo,2005-08-22,8.62,15.41,3.53,44.37,0.0,2.63,63.67,-16.25,-69.08333,3826
Yunguyo,2005-08-23,6.86,11.08,2.69,24.18,0.0,1.94,63.81,-16.25,-69.08333,3826
Yunguyo,2005-08-24,7.16,11.58,3.34,57.19,0.33,4.1,63.94,-16.25,-69.08333,3826
Yunguyo,2005-08-25,8.03,13.27,3.71,57.36,0.06,2.65,63.83,-16.25,-69.08333,3826
Yunguyo,2005-08-26,7.57,13.0,3.35,43.83,0.0,2.18,63.84,-16.25,-69.08333,3826
Yunguyo,2005-08-27,9.14,16.33,3.29,47.81,0.0,2.53,63.79,-16.25,-69.08333,3826
Yunguyo,2005-08-28,9.46,15.39,4.69,42.95,0.0,1.88,63.76,-16.25,-69.08333,3826
Yunguyo,2005-08-29,10.11,15.86,5.58,42.78,0.0,2.33,63.67,-16.25,-69.08333,3826
Yunguyo,2005-08-30,9.47,16.24,3.74,34.47,0.32,2.68,63.59,-16.25,-69.08333,3826
Yunguyo,2005-08-31,8.54,15.23,3.12,30.32,0.08,2.45,63.65,-16.25,-69.08333,3826
Yunguyo,2005-09-01,8.37,14.05,4.01,48.74,0.05,3.06,63.72,-16.25,-69.08333,3826
Yunguyo,2005-09-02,6.56,8.94,4.34,69.52,0.37,2.39,63.82,-16.25,-69.08333,3826
Yunguyo,2005-09-03,8.35,15.93,2.72,30.05,0.03,4.58,63.77,-16.25,-69.08333,3826
Yunguyo,2005-09-04,7.61,14.46,2.28,37.91,0.0,3.5,63.8,-16.25,-69.08333,3826
Yunguyo,2005-09-05,8.3,13.93,4.21,62.29,0.0,3.45,63.8,-16.25,-69.08333,3826
Yunguyo,2005-09-06,7.5,12.35,4.28,71.25,0.0,3.5,63.85,-16.25,-69.08333,3826
Yunguyo,2005-09-07,7.17,12.98,3.13,69.3,1.16,4.14,63.86,-16.25,-69.08333,3826
Yunguyo,2005-09-08,6.89,11.61,3.56,68.69,1.98,3.42,63.87,-16.25,-69.08333,3826
Yunguyo,2005-09-09,6.79,11.02,3.55,73.26,0.3,2.15,63.82,-16.25,-69.08333,3826
Yunguyo,2005-09-10,7.53,11.51,4.57,62.44,0.25,3.15,63.78,-16.25,-69.08333,3826
Yunguyo,2005-09-11,6.79,11.65,2.79,72.17,1.11,3.06,63.77,-16.25,-69.08333,3826
Yunguyo,2005-09-12,5.78,11.14,2.89,80.72,0.61,4.51,63.69,-16.25,-69.08333,3826
Yunguyo,2005-09-13,7.77,14.18,3.66,66.8,3.7,5.81,63.59,-16.25,-69.08333,3826
Yunguyo,2005-09-14,6.76,12.62,2.75,71.51,13.91,4.22,63.71,-16.25,-69.08333,3826
Yunguyo,2005-09-15,6.87,12.72,2.72,71.43,4.53,4.5,63.83,-16.25,-69.08333,3826
Yunguyo,2005-09-16,7.77,14.75,3.19,67.2,1.47,5.57,63.83,-16.25,-69.08333,3826
Yunguyo,2005-09-17,6.92,12.46,3.53,69.03,0.48,3.66,63.79,-16.25,-69.08333,3826
Yunguyo,2005-09-18,6.19,11.06,2.54,66.46,0.01,2.72,63.82,-16.25,-69.08333,3826
Yunguyo,2005-09-19,7.08,13.28,1.95,71.04,0.37,3.22,63.86,-16.25,-69.08333,3826
Yunguyo,2005-09-20,8.23,14.41,4.3,68.4,0.02,3.86,63.83,-16.25,-69.08333,3826
Yunguyo,2005-09-21,9.38,15.57,5.06,63.41,0.0,3.19,63.74,-16.25,-69.08333,3826
Yunguyo,2005-09-22,10.27,16.74,6.02,63.77,0.0,4.14,63.65,-16.25,-69.08333,3826
Yunguyo,2005-09-23,9.72,15.93,4.87,57.78,0.0,3.28,63.64,-16.25,-69.08333,3826
Yunguyo,2005-09-24,9.67,17.25,4.12,45.81,0.0,4.5,63.68,-16.25,-69.08333,3826
Yunguyo,2005-09-25,9.53,17.49,2.32,36.41,0.69,3.7,63.68,-16.25,-69.08333,3826
Yunguyo,2005-09-26,9.23,18.14,3.99,46.35,0.18,3.91,63.69,-16.25,-69.08333,3826
Yunguyo,2005-09-27,8.77,16.16,3.87,56.29,0.0,3.38,63.81,-16.25,-69.08333,3826
Yunguyo,2005-09-28,8.88,15.17,4.12,65.46,0.18,3.4,63.85,-16.25,-69.08333,3826
Yunguyo,2005-09-29,9.49,15.41,4.02,63.91,0.3,3.73,63.79,-16.25,-69.08333,3826
Yunguyo,2005-09-30,8.35,11.0,5.35,68.82,1.63,3.63,63.71,-16.25,-69.08333,3826
Yunguyo,2005-10-01,9.61,15.11,5.28,59.49,0.64,4.3,63.73,-16.25,-69.08333,3826
Yunguyo,2005-10-02,9.1,13.42,5.87,62.68,0.1,3.03,63.8,-16.25,-69.08333,3826
Yunguyo,2005-10-03,9.75,13.61,6.39,67.83,1.76,2.57,63.79,-16.25,-69.08333,3826
Yunguyo,2005-10-04,9.81,13.18,7.47,66.74,0.56,2.98,63.76,-16.25,-69.08333,3826
Yunguyo,2005-10-05,9.19,14.25,6.57,73.84,2.5,4.72,63.75,-16.25,-69.08333,3826
Yunguyo,2005-10-06,8.63,13.31,6.07,71.19,2.8,3.49,63.84,-16.25,-69.08333,3826
Yunguyo,2005-10-07,8.84,14.0,4.92,68.47,2.39,2.63,63.88,-16.25,-69.08333,3826
Yunguyo,2005-10-08,6.55,9.87,3.11,82.44,7.38,3.12,64.0,-16.25,-69.08333,3826
Yunguyo,2005-10-09,5.68,10.16,2.28,86.16,11.99,3.72,63.95,-16.25,-69.08333,3826
Yunguyo,2005-10-10,6.44,12.12,2.66,78.55,5.32,2.46,63.91,-16.25,-69.08333,3826
Yunguyo,2005-10-11,7.43,12.55,3.7,74.1,0.22,2.88,63.87,-16.25,-69.08333,3826
Yunguyo,2005-10-12,9.8,14.94,5.9,62.91,0.0,2.81,63.75,-16.25,-69.08333,3826
Yunguyo,2005-10-13,10.51,15.76,6.13,59.47,0.35,2.51,63.69,-16.25,-69.08333,3826
Yunguyo,2005-10-14,9.64,15.0,5.89,60.17,0.19,3.6,63.7,-16.25,-69.08333,3826
Yunguyo,2005-10-15,9.23,13.66,5.8,72.21,0.05,3.41,63.67,-16.25,-69.08333,3826
Yunguyo,2005-10-16,9.06,14.27,4.32,76.73,5.79,4.49,63.62,-16.25,-69.08333,3826
Yunguyo,2005-10-17,8.68,11.07,6.18,68.06,4.51,2.56,63.71,-16.25,-69.08333,3826
Yunguyo,2005-10-18,9.38,14.38,6.42,68.67,0.74,3.8,63.72,-16.25,-69.08333,3826
Yunguyo,2005-10-19,7.91,12.97,3.61,76.76,1.99,4.28,63.75,-16.25,-69.08333,3826
Yunguyo,2005-10-20,10.05,15.76,4.66,58.78,0.19,2.67,63.7,-16.25,-69.08333,3826
Yunguyo,2005-10-21,10.84,16.34,6.37,49.64,0.0,2.55,63.67,-16.25,-69.08333,3826
Yunguyo,2005-10-22,10.23,15.3,5.62,59.6,0.0,3.12,63.72,-16.25,-69.08333,3826
Yunguyo,2005-10-23,9.25,14.72,5.36,72.68,2.41,3.83,63.72,-16.25,-69.08333,3826
Yunguyo,2005-10-24,10.83,16.6,5.54,54.28,0.91,2.44,63.7,-16.25,-69.08333,3826
Yunguyo,2005-10-25,10.89,15.49,7.35,57.22,0.08,2.52,63.77,-16.25,-69.08333,3826
Yunguyo,2005-10-26,9.8,12.87,7.29,71.02,1.03,2.52,63.71,-16.25,-69.08333,3826
Yunguyo,2005-10-27,9.23,14.14,4.88,70.76,0.5,2.55,63.72,-16.25,-69.08333,3826
Yunguyo,2005-10-28,12.28,18.04,7.72,44.78,0.0,2.22,63.69,-16.25,-69.08333,3826
Yunguyo,2005-10-29,11.81,16.83,7.52,60.15,0.61,2.99,63.73,-16.25,-69.08333,3826
Yunguyo,2005-10-30,11.72,17.38,8.1,59.78,1.01,2.69,63.77,-16.25,-69.08333,3826
Yunguyo,2005-10-31,11.87,18.68,7.1,53.71,0.39,2.99,63.8,-16.25,-69.08333,3826
Yunguyo,2005-11-01,11.41,17.5,6.79,59.12,0.0,3.41,63.84,-16.25,-69.08333,3826
Yunguyo,2005-11-02,10.97,16.29,7.13,64.54,0.0,3.58,63.93,-16.25,-69.08333,3826
Yunguyo,2005-11-03,10.52,15.17,7.09,65.04,0.0,3.39,63.98,-16.25,-69.08333,3826
Yunguyo,2005-11-04,11.51,17.1,7.63,57.07,0.0,3.99,63.85,-16.25,-69.08333,3826
Yunguyo,2005-11-05,11.12,16.11,7.49,62.73,0.08,4.8,63.72,-16.25,-69.08333,3826
Yunguyo,2005-11-06,8.99,14.8,5.16,61.26,1.23,3.4,63.78,-16.25,-69.08333,3826
Yunguyo,2005-11-07,7.93,12.49,5.2,76.48,4.01,4.36,63.8,-16.25,-69.08333,3826
Yunguyo,2005-11-08,6.74,10.92,4.02,80.21,8.38,3.05,63.81,-16.25,-69.08333,3826
Yunguyo,2005-11-09,8.42,13.35,4.39,75.95,4.78,3.02,63.78,-16.25,-69.08333,3826
Yunguyo,2005-11-10,9.96,14.95,4.89,66.91,1.61,2.18,63.72,-16.25,-69.08333,3826
Yunguyo,2005-11-11,8.96,10.95,6.95,66.43,2.43,2.2,63.74,-16.25,-69.08333,3826
Yunguyo,2005-11-12,10.51,15.72,6.52,63.39,0.42,2.96,63.64,-16.25,-69.08333,3826
Yunguyo,2005-11-13,10.77,15.94,6.46,62.11,0.0,2.7,63.68,-16.25,-69.08333,3826
Yunguyo,2005-11-14,11.31,16.11,7.91,63.52,0.16,2.97,63.66,-16.25,-69.08333,3826
Yunguyo,2005-11-15,10.55,14.99,6.31,69.18,0.84,3.55,63.68,-16.25,-69.08333,3826
Yunguyo,2005-11-16,10.5,16.06,5.44,67.89,0.04,2.24,63.68,-16.25,-69.08333,3826
Yunguyo,2005-11-17,11.4,17.21,7.2,57.14,0.01,3.23,63.56,-16.25,-69.08333,3826
Yunguyo,2005-11-18,11.12,15.97,7.59,68.22,1.56,3.44,63.6,-16.25,-69.08333,3826
Yunguyo,2005-11-19,10.1,13.88,7.06,72.78,3.31,4.13,63.72,-16.25,-69.08333,3826
Yunguyo,2005-11-20,8.47,13.17,6.02,78.87,13.65,3.85,63.75,-16.25,-69.08333,3826
Yunguyo,2005-11-21,10.18,15.31,5.86,71.64,6.84,2.83,63.68,-16.25,-69.08333,3826
Yunguyo,2005-11-22,10.38,15.0,7.2,69.58,3.79,2.26,63.56,-16.25,-69.08333,3826
Yunguyo,2005-11-23,11.27,16.0,7.33,53.48,0.58,3.22,63.49,-16.25,-69.08333,3826
Yunguyo,2005-11-24,10.51,14.79,7.59,56.62,0.16,3.85,63.55,-16.25,-69.08333,3826
Yunguyo,2005-11-25,9.48,14.97,7.02,77.16,2.07,4.86,63.57,-16.25,-69.08333,3826
Yunguyo,2005-11-26,10.54,15.52,6.39,60.5,4.65,2.94,63.51,-16.25,-69.08333,3826
Yunguyo,2005-11-27,11.04,16.4,6.66,58.39,0.48,1.94,63.44,-16.25,-69.08333,3826
Yunguyo,2005-11-28,12.52,18.94,7.14,46.27,0.0,1.63,63.42,-16.25,-69.08333,3826
Yunguyo,2005-11-29,12.06,17.65,7.84,57.64,0.0,3.02,63.53,-16.25,-69.08333,3826
Yunguyo,2005-11-30,11.6,16.63,7.17,60.55,0.09,4.04,63.63,-16.25,-69.08333,3826
Yunguyo,2005-12-01,8.95,12.38,5.77,72.34,0.25,5.02,63.7,-16.25,-69.08333,3826
Yunguyo,2005-12-02,9.46,14.74,5.41,72.93,1.96,4.43,63.68,-16.25,-69.08333,3826
Yunguyo,2005-12-03,9.61,13.26,6.91,74.65,3.16,2.75,63.63,-16.25,-69.08333,3826
Yunguyo,2005-12-04,10.72,15.58,6.36,60.39,1.78,2.49,63.62,-16.25,-69.08333,3826
Yunguyo,2005-12-05,11.58,16.16,7.7,53.87,0.17,2.57,63.51,-16.25,-69.08333,3826
Yunguyo,2005-12-06,11.48,16.64,6.7,45.8,0.3,3.3,63.45,-16.25,-69.08333,3826
Yunguyo,2005-12-07,10.04,15.59,5.94,64.9,1.01,4.03,63.51,-16.25,-69.08333,3826
Yunguyo,2005-12-08,11.18,17.1,6.66,56.05,0.42,3.26,63.58,-16.25,-69.08333,3826
Yunguyo,2005-12-09,11.12,17.06,6.59,57.82,0.28,3.98,63.67,-16.25,-69.08333,3826
Yunguyo,2005-12-10,10.62,15.97,6.8,69.83,0.85,5.26,63.74,-16.25,-69.08333,3826
Yunguyo,2005-12-11,10.03,15.61,6.33,71.25,3.05,4.88,63.77,-16.25,-69.08333,3826
Yunguyo,2005-12-12,10.65,16.21,6.65,67.85,0.42,4.35,63.72,-16.25,-69.08333,3826
Yunguyo,2005-12-13,10.76,16.56,5.4,58.36,2.93,3.84,63.67,-16.25,-69.08333,3826
Yunguyo,2005-12-14,9.6,14.76,4.66,75.01,9.14,3.28,63.61,-16.25,-69.08333,3826
Yunguyo,2005-12-15,9.5,14.65,4.54,75.28,1.79,3.38,63.56,-16.25,-69.08333,3826
Yunguyo,2005-12-16,10.95,15.81,6.16,67.06,1.64,2.27,63.6,-16.25,-69.08333,3826
Yunguyo,2005-12-17,10.45,15.77,5.91,69.32,0.31,3.75,63.72,-16.25,-69.08333,3826
Yunguyo,2005-12-18,11.22,15.98,7.52,62.24,2.8,3.59,63.74,-16.25,-69.08333,3826
Yunguyo,2005-12-19,11.16,17.05,7.31,62.95,1.15,4.54,63.73,-16.25,-69.08333,3826
Yunguyo,2005-12-20,10.36,16.12,6.35,66.39,3.54,4.45,63.79,-16.25,-69.08333,3826
Yunguyo,2005-12-21,10.59,16.79,5.24,61.21,0.24,3.16,63.84,-16.25,-69.08333,3826
Yunguyo,2005-12-22,10.78,16.13,6.82,60.86,0.14,4.15,63.81,-16.25,-69.08333,3826
Yunguyo,2005-12-23,10.88,16.28,6.45,59.57,0.0,3.54,63.77,-16.25,-69.08333,3826
Yunguyo,2005-12-24,10.34,14.84,6.96,71.62,0.52,4.53,63.81,-16.25,-69.08333,3826
Yunguyo,2005-12-25,9.44,13.92,6.28,71.45,3.99,4.58,63.83,-16.25,-69.08333,3826
Yunguyo,2005-12-26,9.23,13.7,5.98,76.57,2.86,5.72,63.78,-16.25,-69.08333,3826
Yunguyo,2005-12-27,9.68,14.89,5.56,74.31,2.9,4.13,63.72,-16.25,-69.08333,3826
Yunguyo,2005-12-28,9.74,14.86,5.76,73.81,3.01,3.57,63.59,-16.25,-69.08333,3826
Yunguyo,2005-12-29,8.62,12.02,6.35,78.42,5.1,4.37,63.52,-16.25,-69.08333,3826
Yunguyo,2005-12-30,9.88,15.35,5.86,73.42,1.89,4.05,63.48,-16.25,-69.08333,3826
Yunguyo,2005-12-31,10.35,13.83,7.44,72.69,6.23,2.49,63.51,-16.25,-69.08333,3826
Yunguyo,2006-01-01,8.68,12.81,3.92,71.62,7.46,2.32,63.55,-16.25,-69.08333,3826
Yunguyo,2006-01-02,6.69,8.62,4.11,76.05,5.93,3.28,63.63,-16.25,-69.08333,3826
Yunguyo,2006-01-03,9.49,14.84,4.94,69.56,3.97,4.95,63.62,-16.25,-69.08333,3826
Yunguyo,2006-01-04,9.49,14.17,6.15,76.74,5.25,4.36,63.59,-16.25,-69.08333,3826
Yunguyo,2006-01-05,9.71,15.03,5.64,70.27,1.56,4.02,63.58,-16.25,-69.08333,3826
Yunguyo,2006-01-06,10.16,15.34,6.17,66.97,0.02,4.51,63.68,-16.25,-69.08333,3826
Yunguyo,2006-01-07,9.6,14.63,5.38,68.37,0.0,3.79,63.73,-16.25,-69.08333,3826
Yunguyo,2006-01-08,10.67,15.6,7.11,64.93,0.63,3.11,63.68,-16.25,-69.08333,3826
Yunguyo,2006-01-09,10.9,15.58,6.72,63.05,0.72,2.4,63.67,-16.25,-69.08333,3826
Yunguyo,2006-01-10,11.73,16.69,7.9,63.28,1.42,3.1,63.57,-16.25,-69.08333,3826
Yunguyo,2006-01-11,8.34,12.43,4.01,78.3,4.67,3.85,63.51,-16.25,-69.08333,3826
Yunguyo,2006-01-12,8.47,12.65,4.51,82.94,14.39,4.15,63.55,-16.25,-69.08333,3826
Yunguyo,2006-01-13,9.38,13.47,6.45,81.06,7.72,5.25,63.6,-16.25,-69.08333,3826
Yunguyo,2006-01-14,8.58,11.71,5.79,84.26,10.41,4.5,63.67,-16.25,-69.08333,3826
Yunguyo,2006-01-15,9.32,14.19,6.13,79.98,7.1,5.52,63.63,-16.25,-69.08333,3826
Yunguyo,2006-01-16,8.93,13.74,5.89,80.37,8.99,5.09,63.7,-16.25,-69.08333,3826
Yunguyo,2006-01-17,7.95,12.17,5.05,80.54,8.19,5.63,63.85,-16.25,-69.08333,3826
Yunguyo,2006-01-18,6.24,10.55,3.24,83.18,13.6,2.74,63.77,-16.25,-69.08333,3826
Yunguyo,2006-01-19,9.77,15.77,3.7,58.82,1.61,2.07,63.52,-16.25,-69.08333,3826
Yunguyo,2006-01-20,9.35,13.66,6.12,74.32,2.56,3.61,63.44,-16.25,-69.08333,3826
Yunguyo,2006-01-21,7.13,10.47,2.9,86.36,7.0,3.68,63.53,-16.25,-69.08333,3826
Yunguyo,2006-01-22,6.82,10.34,2.52,84.43,8.21,3.3,63.67,-16.25,-69.08333,3826
Yunguyo,2006-01-23,9.22,14.11,5.6,79.79,6.15,4.64,63.59,-16.25,-69.08333,3826
Yunguyo,2006-01-24,9.35,13.92,5.97,78.25,9.25,4.87,63.62,-16.25,-69.08333,3826
Yunguyo,2006-01-25,9.19,13.01,6.0,80.4,5.89,4.72,63.78,-16.25,-69.08333,3826
Yunguyo,2006-01-26,9.68,13.36,6.64,79.52,11.88,4.93,63.84,-16.25,-69.08333,3826
Yunguyo,2006-01-27,8.0,10.54,6.46,82.67,4.66,3.86,63.91,-16.25,-69.08333,3826
Yunguyo,2006-01-28,9.35,13.09,6.2,77.83,4.47,3.68,63.92,-16.25,-69.08333,3826
Yunguyo,2006-01-29,9.62,14.53,6.17,76.03,2.07,4.89,63.81,-16.25,-69.08333,3826
Yunguyo,2006-01-30,10.01,15.15,6.0,71.72,0.83,3.76,63.81,-16.25,-69.08333,3826
Yunguyo,2006-01-31,10.19,15.52,6.27,69.81,2.33,4.05,63.81,-16.25,-69.08333,3826
Yunguyo,2006-02-01,9.8,15.08,6.28,68.99,1.7,4.44,63.8,-16.25,-69.08333,3826
Yunguyo,2006-02-02,9.34,14.25,5.26,69.93,0.84,4.83,63.79,-16.25,-69.08333,3826
Yunguyo,2006-02-03,10.55,15.55,6.64,70.38,0.84,3.53,63.74,-16.25,-69.08333,3826
Yunguyo,2006-02-04,11.48,16.41,7.52,67.19,2.84,3.2,63.69,-16.25,-69.08333,3826
Yunguyo,2006-02-05,9.82,12.51,7.85,77.5,7.32,3.25,63.71,-16.25,-69.08333,3826
Yunguyo,2006-02-06,10.38,15.61,6.84,65.49,1.12,3.99,63.75,-16.25,-69.08333,3826
Yunguyo,2006-02-07,10.04,15.37,6.24,66.51,3.44,3.94,63.65,-16.25,-69.08333,3826
Yunguyo,2006-02-08,10.06,14.64,6.75,74.73,7.25,3.7,63.57,-16.25,-69.08333,3826
Yunguyo,2006-02-09,10.09,13.84,7.17,81.59,7.07,4.92,63.71,-16.25,-69.08333,3826
Yunguyo,2006-02-10,9.04,12.4,6.31,82.84,4.44,5.82,63.92,-16.25,-69.08333,3826
Yunguyo,2006-02-11,9.37,14.46,5.64,77.81,4.69,4.48,63.9,-16.25,-69.08333,3826
Yunguyo,2006-02-12,10.1,16.2,5.21,70.62,3.99,1.86,63.73,-16.25,-69.08333,3826
Yunguyo,2006-02-13,10.91,17.02,6.28,63.48,3.49,2.04,63.65,-16.25,-69.08333,3826
Yunguyo,2006-02-14,10.42,16.56,5.27,52.93,0.63,2.15,63.69,-16.25,-69.08333,3826
Yunguyo,2006-02-15,10.6,16.42,5.38,44.75,0.8,1.69,63.7,-16.25,-69.08333,3826
Yunguyo,2006-02-16,10.67,16.19,5.42,53.49,0.19,2.59,63.73,-16.25,-69.08333,3826
Yunguyo,2006-02-17,11.03,15.77,7.19,70.44,0.23,3.87,63.76,-16.25,-69.08333,3826
Yunguyo,2006-02-18,9.88,14.76,6.55,73.96,0.09,3.93,63.8,-16.25,-69.08333,3826
Yunguyo,2006-02-19,9.52,14.71,5.87,70.11,0.8,4.5,63.87,-16.25,-69.08333,3826
Yunguyo,2006-02-20,9.26,14.22,5.45,73.12,1.62,4.35,63.83,-16.25,-69.08333,3826
Yunguyo,2006-02-21,9.37,13.85,6.49,76.12,2.61,4.48,63.73,-16.25,-69.08333,3826
Yunguyo,2006-02-22,10.65,16.5,6.23,71.65,0.31,3.88,63.68,-16.25,-69.08333,3826
Yunguyo,2006-02-23,11.86,17.62,7.34,66.78,0.18,3.18,63.67,-16.25,-69.08333,3826
Yunguyo,2006-02-24,11.89,17.14,8.42,68.18,2.13,3.98,63.66,-16.25,-69.08333,3826
Yunguyo,2006-02-25,9.82,14.06,7.14,77.69,1.74,4.54,63.67,-16.25,-69.08333,3826
Yunguyo,2006-02-26,10.05,14.46,7.23,76.54,0.33,3.57,63.63,-16.25,-69.08333,3826
Yunguyo,2006-02-27,11.09,15.75,7.08,69.4,0.31,3.18,63.62,-16.25,-69.08333,3826
Yunguyo,2006-02-28,9.2,10.92,7.41,81.09,0.09,4.6,63.7,-16.25,-69.08333,3826
Yunguyo,2006-03-01,10.49,15.06,7.22,77.22,4.06,4.31,63.72,-16.25,-69.08333,3826
Yunguyo,2006-03-02,9.14,14.03,4.44,81.23,8.71,3.6,63.78,-16.25,-69.08333,3826
Yunguyo,2006-03-03,10.33,14.52,7.2,76.96,2.28,4.75,63.79,-16.25,-69.08333,3826
Yunguyo,2006-03-04,9.38,12.81,7.24,80.24,1.12,4.87,63.87,-16.25,-69.08333,3826
Yunguyo,2006-03-05,9.96,14.92,5.97,76.65,2.63,4.47,63.93,-16.25,-69.08333,3826
Yunguyo,2006-03-06,10.76,15.68,7.11,73.8,0.65,3.64,63.91,-16.25,-69.08333,3826
Yunguyo,2006-03-07,11.64,17.02,7.65,69.8,0.03,3.48,63.82,-16.25,-69.08333,3826
Yunguyo,2006-03-08,12.69,18.09,9.31,62.19,0.7,2.87,63.79,-16.25,-69.08333,3826
Yunguyo,2006-03-09,10.7,14.07,8.23,73.42,0.37,3.4,63.8,-16.25,-69.08333,3826
Yunguyo,2006-03-10,9.81,13.4,6.17,70.64,2.76,4.32,63.9,-16.25,-69.08333,3826
Yunguyo,2006-03-11,9.78,13.36,6.56,66.18,2.13,3.1,63.87,-16.25,-69.08333,3826
Yunguyo,2006-03-12,11.05,16.14,6.71,57.38,1.85,2.97,63.69,-16.25,-69.08333,3826
Yunguyo,2006-03-13,8.48,12.4,5.02,70.43,0.8,2.74,63.64,-16.25,-69.08333,3826
Yunguyo,2006-03-14,9.7,14.19,6.63,68.13,0.91,3.87,63.66,-16.25,-69.08333,3826
Yunguyo,2006-03-15,9.26,13.88,5.77,74.58,2.01,4.0,63.74,-16.25,-69.08333,3826
Yunguyo,2006-03-16,10.01,15.37,5.75,72.34,1.14,3.44,63.72,-16.25,-69.08333,3826
Yunguyo,2006-03-17,10.28,15.49,6.2,72.0,0.52,3.63,63.68,-16.25,-69.08333,3826
Yunguyo,2006-03-18,8.72,13.33,5.33,71.82,0.82,4.85,63.71,-16.25,-69.08333,3826
Yunguyo,2006-03-19,9.6,14.71,5.27,71.66,0.66,3.21,63.61,-16.25,-69.08333,3826
Yunguyo,2006-03-20,9.5,13.79,6.39,76.69,0.77,4.62,63.63,-16.25,-69.08333,3826
Yunguyo,2006-03-21,9.55,14.67,5.04,74.37,1.44,4.11,63.72,-16.25,-69.08333,3826
Yunguyo,2006-03-22,9.91,14.03,6.95,77.21,3.98,3.83,63.76,-16.25,-69.08333,3826
Yunguyo,2006-03-23,9.63,13.63,6.47,78.96,5.55,4.57,63.78,-16.25,-69.08333,3826
Yunguyo,2006-03-24,9.43,13.47,6.98,80.19,5.44,4.08,63.75,-16.25,-69.08333,3826
Yunguyo,2006-03-25,8.18,11.48,5.92,82.33,2.71,4.61,63.84,-16.25,-69.08333,3826
Yunguyo,2006-03-26,8.88,13.82,5.38,78.0,1.84,4.77,63.88,-16.25,-69.08333,3826
Yunguyo,2006-03-27,9.6,14.85,5.54,73.39,0.36,3.95,63.87,-16.25,-69.08333,3826
Yunguyo,2006-03-28,10.26,15.38,6.28,75.04,1.53,3.89,63.83,-16.25,-69.08333,3826
Yunguyo,2006-03-29,10.22,14.6,6.68,74.23,1.85,3.89,63.76,-16.25,-69.08333,3826
Yunguyo,2006-03-30,9.97,14.09,7.28,77.08,1.83,4.58,63.76,-16.25,-69.08333,3826
Yunguyo,2006-03-31,9.26,12.82,6.61,80.29,2.62,4.23,63.86,-16.25,-69.08333,3826
Yunguyo,2006-04-01,9.03,13.31,6.32,78.05,3.65,4.8,63.9,-16.25,-69.08333,3826
Yunguyo,2006-04-02,9.08,14.09,5.45,77.27,2.63,4.07,63.78,-16.25,-69.08333,3826
Yunguyo,2006-04-03,9.1,13.46,6.06,77.96,5.35,3.85,63.74,-16.25,-69.08333,3826
Yunguyo,2006-04-04,9.55,14.46,6.33,75.25,1.43,3.29,63.66,-16.25,-69.08333,3826
Yunguyo,2006-04-05,9.58,14.63,5.91,73.02,0.45,3.18,63.65,-16.25,-69.08333,3826
Yunguyo,2006-04-06,8.99,11.61,7.11,80.45,0.46,2.86,63.7,-16.25,-69.08333,3826
Yunguyo,2006-04-07,9.43,12.92,6.56,77.37,0.41,2.85,63.72,-16.25,-69.08333,3826
Yunguyo,2006-04-08,10.42,15.0,7.29,72.37,0.21,2.87,63.75,-16.25,-69.08333,3826
Yunguyo,2006-04-09,10.52,14.87,7.45,72.46,1.25,2.92,63.69,-16.25,-69.08333,3826
Yunguyo,2006-04-10,7.98,8.71,7.07,82.42,0.32,2.59,63.65,-16.25,-69.08333,3826
Yunguyo,2006-04-11,9.88,15.19,6.57,67.77,0.37,2.71,63.62,-16.25,-69.08333,3826
Yunguyo,2006-04-12,8.37,11.36,6.01,71.66,0.14,2.95,63.71,-16.25,-69.08333,3826
Yunguyo,2006-04-13,8.93,13.51,5.85,65.4,0.02,2.53,63.63,-16.25,-69.08333,3826
Yunguyo,2006-04-14,8.61,13.44,4.77,73.82,0.95,2.75,63.58,-16.25,-69.08333,3826
Yunguyo,2006-04-15,8.13,12.29,5.33,81.63,0.41,4.04,63.72,-16.25,-69.08333,3826
Yunguyo,2006-04-16,7.78,12.06,5.26,81.01,4.48,4.68,63.97,-16.25,-69.08333,3826
Yunguyo,2006-04-17,8.39,13.99,4.64,74.92,0.25,3.44,63.97,-16.25,-69.08333,3826
Yunguyo,2006-04-18,9.78,15.57,5.56,67.92,0.12,2.58,63.79,-16.25,-69.08333,3826
Yunguyo,2006-04-19,9.96,15.65,6.17,65.53,0.0,2.74,63.73,-16.25,-69.08333,3826
Yunguyo,2006-04-20,10.31,16.16,5.99,59.82,0.0,2.55,63.77,-16.25,-69.08333,3826
Yunguyo,2006-04-21,9.56,14.81,5.75,67.48,0.11,3.39,63.88,-16.25,-69.08333,3826
Yunguyo,2006-04-22,8.79,14.26,4.81,62.25,0.09,3.19,63.91,-16.25,-69.08333,3826
Yunguyo,2006-04-23,8.04,13.22,4.21,61.98,0.01,3.82,63.93,-16.25,-69.08333,3826
Yunguyo,2006-04-24,8.15,13.85,4.15,60.73,0.0,3.05,63.91,-16.25,-69.08333,3826
Yunguyo,2006-04-25,8.69,13.63,4.98,60.87,0.01,3.09,63.9,-16.25,-69.08333,3826
Yunguyo,2006-04-26,7.85,13.14,3.8,67.32,0.04,4.13,63.98,-16.25,-69.08333,3826
Yunguyo,2006-04-27,7.75,12.72,4.18,68.33,0.0,3.34,64.0,-16.25,-69.08333,3826
Yunguyo,2006-04-28,8.63,13.5,4.67,66.53,0.0,2.58,63.88,-16.25,-69.08333,3826
Yunguyo,2006-04-29,9.13,13.54,6.49,71.01,0.01,2.75,63.81,-16.25,-69.08333,3826
Yunguyo,2006-04-30,7.6,11.68,3.41,65.81,0.32,4.24,63.86,-16.25,-69.08333,3826
Yunguyo,2006-05-01,5.74,10.96,1.51,68.63,0.05,4.06,63.88,-16.25,-69.08333,3826
Yunguyo,2006-05-02,7.02,12.67,2.94,74.37,0.0,3.83,63.88,-16.25,-69.08333,3826
Yunguyo,2006-05-03,7.67,13.0,4.0,71.68,0.0,2.81,63.88,-16.25,-69.08333,3826
Yunguyo,2006-05-04,8.25,12.93,5.19,69.91,3.77,2.11,63.79,-16.25,-69.08333,3826
Yunguyo,2006-05-05,8.91,13.72,5.56,63.99,0.87,1.46,63.8,-16.25,-69.08333,3826
Yunguyo,2006-05-06,9.07,14.98,5.13,53.5,0.02,1.49,63.84,-16.25,-69.08333,3826
Yunguyo,2006-05-07,7.94,14.14,4.04,52.22,0.15,2.02,63.86,-16.25,-69.08333,3826
Yunguyo,2006-05-08,8.01,14.0,3.32,55.83,0.03,2.42,63.83,-16.25,-69.08333,3826
Yunguyo,2006-05-09,7.98,14.25,3.64,56.67,0.0,2.36,63.71,-16.25,-69.08333,3826
Yunguyo,2006-05-10,7.0,13.57,2.67,63.3,0.0,2.66,63.77,-16.25,-69.08333,3826
Yunguyo,2006-05-11,6.84,12.55,2.66,59.43,0.0,2.17,63.86,-16.25,-69.08333,3826
Yunguyo,2006-05-12,7.3,13.02,3.19,57.87,0.0,2.57,63.83,-16.25,-69.08333,3826
Yunguyo,2006-05-13,7.27,13.57,3.15,57.64,0.0,2.6,63.86,-16.25,-69.08333,3826
Yunguyo,2006-05-14,7.95,14.22,3.82,49.49,0.0,2.25,63.91,-16.25,-69.08333,3826
Yunguyo,2006-05-15,8.38,14.62,4.1,47.39,0.0,2.33,63.89,-16.25,-69.08333,3826
Yunguyo,2006-05-16,9.05,15.25,4.74,41.58,0.0,2.36,63.87,-16.25,-69.08333,3826
Yunguyo,2006-05-17,8.55,14.08,5.09,55.26,0.0,2.14,63.91,-16.25,-69.08333,3826
Yunguyo,2006-05-18,8.83,14.64,4.64,50.37,0.01,1.76,63.89,-16.25,-69.08333,3826
Yunguyo,2006-05-19,8.33,14.89,3.73,38.53,0.07,2.2,63.82,-16.25,-69.08333,3826
Yunguyo,2006-05-20,7.95,13.43,3.94,36.72,0.08,1.53,63.73,-16.25,-69.08333,3826
Yunguyo,2006-05-21,7.69,13.72,3.65,38.78,0.07,1.72,63.64,-16.25,-69.08333,3826
Yunguyo,2006-05-22,7.02,13.0,3.01,34.77,0.06,1.78,63.77,-16.25,-69.08333,3826
Yunguyo,2006-05-23,7.03,12.86,3.04,35.21,0.0,2.02,63.92,-16.25,-69.08333,3826
Yunguyo,2006-05-24,7.68,13.74,3.75,46.05,0.0,1.53,63.92,-16.25,-69.08333,3826
Yunguyo,2006-05-25,7.61,13.99,3.44,45.37,0.0,3.1,63.92,-16.25,-69.08333,3826
Yunguyo,2006-05-26,7.17,13.49,3.21,48.32,0.0,2.84,63.93,-16.25,-69.08333,3826
Yunguyo,2006-05-27,6.76,12.89,2.96,42.4,0.0,2.39,63.94,-16.25,-69.08333,3826
Yunguyo,2006-05-28,6.25,11.64,2.79,41.58,0.0,2.05,63.94,-16.25,-69.08333,3826
Yunguyo,2006-05-29,6.65,12.19,3.2,48.96,0.0,2.32,63.81,-16.25,-69.08333,3826
Yunguyo,2006-05-30,7.33,13.1,2.9,56.73,0.0,2.81,63.78,-16.25,-69.08333,3826
Yunguyo,2006-05-31,7.6,12.09,4.88,71.86,0.0,2.81,63.87,-16.25,-69.08333,3826
Yunguyo,2006-06-01,7.36,10.92,5.05,77.88,0.78,3.29,63.89,-16.25,-69.08333,3826
Yunguyo,2006-06-02,8.17,13.45,4.67,71.49,0.9,3.4,63.82,-16.25,-69.08333,3826
Yunguyo,2006-06-03,7.81,14.41,3.25,53.38,0.02,2.2,63.78,-16.25,-69.08333,3826
Yunguyo,2006-06-04,7.49,13.03,3.4,46.12,0.07,2.3,63.78,-16.25,-69.08333,3826
Yunguyo,2006-06-05,8.18,13.46,5.02,65.43,0.66,1.91,63.75,-16.25,-69.08333,3826
Yunguyo,2006-06-06,8.3,13.54,4.82,61.79,0.16,2.12,63.78,-16.25,-69.08333,3826
Yunguyo,2006-06-07,8.9,13.04,6.2,71.15,0.0,2.17,63.79,-16.25,-69.08333,3826
Yunguyo,2006-06-08,9.42,13.59,6.21,58.73,0.0,1.37,63.77,-16.25,-69.08333,3826
Yunguyo,2006-06-09,9.25,14.79,4.7,46.63,0.0,1.88,63.79,-16.25,-69.08333,3826
Yunguyo,2006-06-10,9.25,14.49,5.53,56.38,0.06,2.03,63.77,-16.25,-69.08333,3826
Yunguyo,2006-06-11,8.77,14.26,5.73,64.79,0.32,2.89,63.76,-16.25,-69.08333,3826
Yunguyo,2006-06-12,8.57,13.14,5.53,62.65,0.05,2.0,63.8,-16.25,-69.08333,3826
Yunguyo,2006-06-13,8.0,13.66,3.94,56.88,0.16,2.07,63.9,-16.25,-69.08333,3826
Yunguyo,2006-06-14,7.74,12.79,4.57,66.07,0.78,2.35,63.96,-16.25,-69.08333,3826
Yunguyo,2006-06-15,7.64,12.57,4.45,64.88,0.06,2.01,63.93,-16.25,-69.08333,3826
Yunguyo,2006-06-16,7.28,11.94,4.47,70.95,0.0,2.85,63.91,-16.25,-69.08333,3826
Yunguyo,2006-06-17,7.3,12.38,3.73,62.58,0.0,1.94,63.89,-16.25,-69.08333,3826
Yunguyo,2006-06-18,6.85,12.17,3.11,61.71,0.0,2.71,63.86,-16.25,-69.08333,3826
Yunguyo,2006-06-19,7.47,13.33,3.0,59.53,0.0,2.15,63.77,-16.25,-69.08333,3826
Yunguyo,2006-06-20,8.12,13.53,4.19,50.73,0.0,2.43,63.78,-16.25,-69.08333,3826
Yunguyo,2006-06-21,8.08,12.76,5.18,69.39,0.0,2.65,63.88,-16.25,-69.08333,3826
Yunguyo,2006-06-22,7.15,10.3,4.87,74.74,0.0,2.51,63.95,-16.25,-69.08333,3826
Yunguyo,2006-06-23,6.56,9.49,4.73,71.92,0.77,2.0,63.92,-16.25,-69.08333,3826
Yunguyo,2006-06-24,7.43,12.31,3.69,41.49,0.03,1.76,63.82,-16.25,-69.08333,3826
Yunguyo,2006-06-25,6.72,12.39,2.24,45.33,0.01,2.42,63.82,-16.25,-69.08333,3826
Yunguyo,2006-06-26,5.56,9.92,3.61,82.26,0.05,3.14,63.9,-16.25,-69.08333,3826
Yunguyo,2006-06-27,6.6,11.62,3.09,73.66,0.37,2.93,63.94,-16.25,-69.08333,3826
Yunguyo,2006-06-28,7.47,12.01,4.48,61.14,0.71,1.66,63.95,-16.25,-69.08333,3826
Yunguyo,2006-06-29,6.63,11.67,3.23,60.49,0.18,2.13,63.92,-16.25,-69.08333,3826
Yunguyo,2006-06-30,7.28,12.7,3.56,56.52,0.0,1.86,63.91,-16.25,-69.08333,3826
Yunguyo,2006-07-01,7.47,12.66,3.61,64.04,0.0,2.03,64.02,-16.25,-69.08333,3826
Yunguyo,2006-07-02,6.73,12.08,3.29,68.08,0.0,3.12,64.18,-16.25,-69.08333,3826
Yunguyo,2006-07-03,6.13,12.06,1.97,65.62,0.0,3.49,64.19,-16.25,-69.08333,3826
Yunguyo,2006-07-04,5.67,12.23,1.35,55.29,0.0,2.92,64.11,-16.25,-69.08333,3826
Yunguyo,2006-07-05,5.7,11.15,1.79,46.19,0.0,1.89,64.07,-16.25,-69.08333,3826
Yunguyo,2006-07-06,5.91,11.54,2.32,44.24,0.0,1.71,63.98,-16.25,-69.08333,3826
Yunguyo,2006-07-07,7.03,13.02,2.65,44.95,0.0,2.12,63.87,-16.25,-69.08333,3826
Yunguyo,2006-07-08,6.69,12.61,1.78,34.18,0.0,2.54,63.85,-16.25,-69.08333,3826
Yunguyo,2006-07-09,6.93,12.44,3.39,49.38,0.0,2.93,63.83,-16.25,-69.08333,3826
Yunguyo,2006-07-10,7.85,13.07,3.54,53.81,0.0,1.92,63.81,-16.25,-69.08333,3826
Yunguyo,2006-07-11,7.34,12.54,3.67,38.12,0.0,1.78,63.86,-16.25,-69.08333,3826
Yunguyo,2006-07-12,6.88,11.77,3.4,38.76,0.0,1.62,63.9,-16.25,-69.08333,3826
Yunguyo,2006-07-13,7.03,12.41,3.46,62.54,0.0,2.78,63.93,-16.25,-69.08333,3826
Yunguyo,2006-07-14,6.23,10.51,3.19,71.55,0.08,3.5,64.01,-16.25,-69.08333,3826
Yunguyo,2006-07-15,5.88,10.55,2.31,72.7,0.21,2.95,64.03,-16.25,-69.08333,3826
Yunguyo,2006-07-16,6.88,12.36,3.35,63.1,0.0,2.36,63.92,-16.25,-69.08333,3826
Yunguyo,2006-07-17,6.1,11.66,2.42,67.02,0.0,2.91,63.95,-16.25,-69.08333,3826
Yunguyo,2006-07-18,6.15,12.44,2.07,60.52,0.0,2.67,63.98,-16.25,-69.08333,3826
Yunguyo,2006-07-19,5.56,11.89,1.96,57.5,0.0,3.29,64.05,-16.25,-69.08333,3826
Yunguyo,2006-07-20,5.93,12.91,1.74,37.51,0.0,2.56,64.0,-16.25,-69.08333,3826
Yunguyo,2006-07-21,6.03,12.35,1.98,46.72,0.0,2.71,63.82,-16.25,-69.08333,3826
Yunguyo,2006-07-22,6.88,12.88,2.45,47.92,0.0,2.18,63.72,-16.25,-69.08333,3826
Yunguyo,2006-07-23,6.82,12.42,2.59,45.41,0.1,2.65,63.75,-16.25,-69.08333,3826
Yunguyo,2006-07-24,7.49,13.0,3.27,56.44,0.15,2.79,63.72,-16.25,-69.08333,3826
Yunguyo,2006-07-25,8.35,13.52,4.49,59.93,0.07,1.82,63.68,-16.25,-69.08333,3826
Yunguyo,2006-07-26,9.04,14.02,5.48,65.14,0.16,2.09,63.64,-16.25,-69.08333,3826
Yunguyo,2006-07-27,8.37,13.22,5.21,63.34,0.14,2.12,63.75,-16.25,-69.08333,3826
Yunguyo,2006-07-28,8.23,12.49,5.46,64.49,0.01,1.37,63.89,-16.25,-69.08333,3826
Yunguyo,2006-07-29,6.74,8.24,5.24,79.18,0.15,3.25,63.88,-16.25,-69.08333,3826
Yunguyo,2006-07-30,8.09,13.93,3.91,64.51,0.54,3.39,63.75,-16.25,-69.08333,3826
Yunguyo,2006-07-31,7.94,14.1,3.6,61.25,0.03,2.5,63.87,-16.25,-69.08333,3826
Yunguyo,2006-08-01,7.48,13.14,3.68,67.62,0.0,2.96,64.04,-16.25,-69.08333,3826
Yunguyo,2006-08-02,7.34,12.98,3.33,63.45,0.0,2.35,64.05,-16.25,-69.08333,3826
Yunguyo,2006-08-03,7.36,13.18,3.41,63.5,0.0,2.8,63.98,-16.25,-69.08333,3826
Yunguyo,2006-08-04,7.57,13.41,3.34,66.96,0.0,2.7,63.9,-16.25,-69.08333,3826
Yunguyo,2006-08-05,8.35,13.51,5.34,66.98,0.0,2.95,63.82,-16.25,-69.08333,3826
Yunguyo,2006-08-06,7.65,12.3,4.27,69.85,0.0,3.11,63.8,-16.25,-69.08333,3826
Yunguyo,2006-08-07,9.28,14.33,5.77,45.52,0.0,2.36,63.72,-16.25,-69.08333,3826
Yunguyo,2006-08-08,9.03,14.17,5.09,39.35,0.0,2.38,63.74,-16.25,-69.08333,3826
Yunguyo,2006-08-09,7.81,13.41,2.77,43.0,0.0,2.6,63.83,-16.25,-69.08333,3826
Yunguyo,2006-08-10,7.05,11.52,4.15,69.59,0.97,3.77,63.89,-16.25,-69.08333,3826
Yunguyo,2006-08-11,7.92,12.92,4.26,51.22,0.06,3.13,63.86,-16.25,-69.08333,3826
Yunguyo,2006-08-12,8.65,12.99,4.95,56.78,0.0,2.34,63.81,-16.25,-69.08333,3826
Yunguyo,2006-08-13,8.02,10.85,5.53,67.19,0.0,2.01,63.84,-16.25,-69.08333,3826
Yunguyo,2006-08-14,8.16,13.65,2.49,66.14,0.0,2.84,63.8,-16.25,-69.08333,3826
Yunguyo,2006-08-15,9.38,14.7,5.44,58.92,2.79,3.62,63.75,-16.25,-69.08333,3826
Yunguyo,2006-08-16,8.92,14.37,4.2,48.98,0.31,2.63,63.78,-16.25,-69.08333,3826
Yunguyo,2006-08-17,7.01,10.52,4.06,67.99,0.11,3.71,63.8,-16.25,-69.08333,3826
Yunguyo,2006-08-18,6.48,10.49,3.43,70.49,0.09,3.1,63.79,-16.25,-69.08333,3826
Yunguyo,2006-08-19,7.9,13.41,3.76,58.88,0.01,2.47,63.72,-16.25,-69.08333,3826
Yunguyo,2006-08-20,7.53,13.27,3.62,57.38,3.06,3.03,63.87,-16.25,-69.08333,3826
Yunguyo,2006-08-21,7.3,13.17,2.73,68.06,0.7,2.71,63.96,-16.25,-69.08333,3826
Yunguyo,2006-08-22,8.12,14.74,3.57,51.78,0.0,2.93,63.92,-16.25,-69.08333,3826
Yunguyo,2006-08-23,6.86,12.32,3.25,69.77,0.02,3.58,63.87,-16.25,-69.08333,3826
Yunguyo,2006-08-24,6.41,10.79,3.53,76.23,1.17,3.88,63.76,-16.25,-69.08333,3826
Yunguyo,2006-08-25,8.29,15.42,3.02,50.42,0.03,3.7,63.7,-16.25,-69.08333,3826
Yunguyo,2006-08-26,7.15,13.38,1.31,45.83,0.0,3.3,63.78,-16.25,-69.08333,3826
Yunguyo,2006-08-27,9.73,14.95,6.15,66.85,0.0,3.07,63.73,-16.25,-69.08333,3826
Yunguyo,2006-08-28,8.41,12.03,5.13,75.48,0.57,4.06,63.77,-16.25,-69.08333,3826
Yunguyo,2006-08-29,5.56,9.5,2.09,80.15,0.27,2.5,63.84,-16.25,-69.08333,3826
Yunguyo,2006-08-30,8.71,13.81,4.37,57.6,0.01,2.94,63.78,-16.25,-69.08333,3826
Yunguyo,2006-08-31,8.86,14.14,4.47,47.46,0.0,2.55,63.8,-16.25,-69.08333,3826
Yunguyo,2006-09-01,8.94,15.72,3.44,31.74,0.0,2.18,63.78,-16.25,-69.08333,3826
Yunguyo,2006-09-02,8.55,13.89,4.27,39.09,0.0,2.78,63.75,-16.25,-69.08333,3826
Yunguyo,2006-09-03,9.65,15.97,4.92,55.83,0.0,2.8,63.71,-16.25,-69.08333,3826
Yunguyo,2006-09-04,8.28,15.39,3.74,60.21,0.0,3.1,63.84,-16.25,-69.08333,3826
Yunguyo,2006-09-05,8.51,15.53,3.82,52.74,0.0,2.98,63.87,-16.25,-69.08333,3826
Yunguyo,2006-09-06,8.23,15.26,3.77,53.79,0.0,2.89,63.84,-16.25,-69.08333,3826
Yunguyo,2006-09-07,8.67,14.84,4.16,60.02,0.0,3.23,63.76,-16.25,-69.08333,3826
Yunguyo,2006-09-08,8.44,14.72,2.75,31.1,0.04,3.74,63.7,-16.25,-69.08333,3826
Yunguyo,2006-09-09,6.49,12.41,1.4,34.87,0.07,2.72,63.78,-16.25,-69.08333,3826
Yunguyo,2006-09-10,8.54,14.07,4.32,54.79,0.1,2.43,63.84,-16.25,-69.08333,3826
Yunguyo,2006-09-11,8.99,14.85,4.47,56.4,0.0,3.0,63.82,-16.25,-69.08333,3826
Yunguyo,2006-09-12,7.71,12.0,4.99,71.19,0.0,3.58,63.8,-16.25,-69.08333,3826
Yunguyo,2006-09-13,8.24,13.11,4.77,72.58,0.18,3.45,63.78,-16.25,-69.08333,3826
Yunguyo,2006-09-14,9.96,15.8,5.83,60.59,0.03,2.86,63.72,-16.25,-69.08333,3826
Yunguyo,2006-09-15,10.2,15.37,5.23,42.09,0.04,3.03,63.77,-16.25,-69.08333,3826
Yunguyo,2006-09-16,9.18,15.54,4.8,63.83,0.05,2.91,63.74,-16.25,-69.08333,3826
Yunguyo,2006-09-17,8.78,14.03,5.9,55.62,0.02,3.09,63.87,-16.25,-69.08333,3826
Yunguyo,2006-09-18,8.82,13.73,5.0,69.64,0.0,4.65,64.0,-16.25,-69.08333,3826
Yunguyo,2006-09-19,10.87,16.24,6.16,57.73,0.0,2.44,63.91,-16.25,-69.08333,3826
Yunguyo,2006-09-20,10.33,14.5,7.24,64.9,0.01,2.26,63.86,-16.25,-69.08333,3826
Yunguyo,2006-09-21,10.86,17.88,5.18,36.46,0.0,3.0,63.69,-16.25,-69.08333,3826
Yunguyo,2006-09-22,8.97,15.8,2.94,24.61,0.0,2.2,63.7,-16.25,-69.08333,3826
Yunguyo,2006-09-23,9.14,14.1,5.59,43.41,0.09,2.69,63.76,-16.25,-69.08333,3826
Yunguyo,2006-09-24,7.08,9.59,4.67,75.49,1.04,4.3,63.84,-16.25,-69.08333,3826
Yunguyo,2006-09-25,8.04,13.48,3.77,69.08,0.37,4.05,63.92,-16.25,-69.08333,3826
Yunguyo,2006-09-26,8.07,13.41,3.97,73.32,1.2,3.39,63.92,-16.25,-69.08333,3826
Yunguyo,2006-09-27,7.64,14.12,3.42,73.08,0.32,3.14,63.93,-16.25,-69.08333,3826
Yunguyo,2006-09-28,6.11,10.11,3.28,75.58,3.4,2.32,63.92,-16.25,-69.08333,3826
Yunguyo,2006-09-29,7.7,13.19,2.89,70.01,1.05,2.95,63.81,-16.25,-69.08333,3826
Yunguyo,2006-09-30,9.99,15.81,5.45,53.14,0.0,2.76,63.77,-16.25,-69.08333,3826
Yunguyo,2006-10-01,9.56,14.26,6.41,69.46,0.0,3.85,63.8,-16.25,-69.08333,3826
Yunguyo,2006-10-02,9.48,14.21,6.37,63.46,0.11,3.29,63.78,-16.25,-69.08333,3826
Yunguyo,2006-10-03,9.7,14.36,5.92,62.45,2.04,2.57,63.63,-16.25,-69.08333,3826
Yunguyo,2006-10-04,10.67,15.92,6.75,44.7,0.22,1.81,63.54,-16.25,-69.08333,3826
Yunguyo,2006-10-05,7.32,9.84,5.28,63.27,0.73,4.3,63.72,-16.25,-69.08333,3826
Yunguyo,2006-10-06,9.07,14.09,3.78,58.86,0.23,2.9,63.81,-16.25,-69.08333,3826
Yunguyo,2006-10-07,9.76,13.97,6.85,64.91,0.13,3.61,63.84,-16.25,-69.08333,3826
Yunguyo,2006-10-08,10.01,15.07,5.59,66.2,0.35,3.62,63.84,-16.25,-69.08333,3826
Yunguyo,2006-10-09,8.02,12.58,4.83,75.68,0.15,3.61,63.87,-16.25,-69.08333,3826
Yunguyo,2006-10-10,8.86,12.28,5.71,74.21,0.14,3.12,63.84,-16.25,-69.08333,3826
Yunguyo,2006-10-11,8.68,14.65,2.52,67.98,1.48,2.99,63.8,-16.25,-69.08333,3826
Yunguyo,2006-10-12,10.26,15.89,5.44,59.92,1.43,3.68,63.72,-16.25,-69.08333,3826
Yunguyo,2006-10-13,10.93,16.23,6.37,47.13,0.09,1.54,63.65,-16.25,-69.08333,3826
Yunguyo,2006-10-14,10.62,17.23,4.6,35.36,0.03,2.21,63.61,-16.25,-69.08333,3826
Yunguyo,2006-10-15,10.52,16.26,5.03,46.49,0.28,3.2,63.65,-16.25,-69.08333,3826
Yunguyo,2006-10-16,7.77,11.53,5.46,80.34,0.78,5.6,63.68,-16.25,-69.08333,3826
Yunguyo,2006-10-17,10.4,15.98,5.99,60.93,0.02,1.72,63.65,-16.25,-69.08333,3826
Yunguyo,2006-10-18,11.31,16.59,6.81,48.75,0.13,3.34,63.65,-16.25,-69.08333,3826
Yunguyo,2006-10-19,9.21,11.47,7.25,71.6,0.43,3.86,63.71,-16.25,-69.08333,3826
Yunguyo,2006-10-20,9.26,14.26,5.95,70.85,0.05,5.06,63.8,-16.25,-69.08333,3826
Yunguyo,2006-10-21,8.9,13.88,5.24,76.07,0.18,5.62,63.88,-16.25,-69.08333,3826
Yunguyo,2006-10-22,9.79,14.93,5.64,73.32,1.92,4.6,63.86,-16.25,-69.08333,3826
Yunguyo,2006-10-23,10.28,14.67,5.92,72.7,0.77,3.01,63.8,-16.25,-69.08333,3826
Yunguyo,2006-10-24,9.29,15.23,3.09,70.31,0.05,2.74,63.83,-16.25,-69.08333,3826
Yunguyo,2006-10-25,11.04,16.62,7.57,68.83,0.22,4.39,63.85,-16.25,-69.08333,3826
Yunguyo,2006-10-26,10.15,14.81,6.82,68.18,0.72,4.14,63.88,-16.25,-69.08333,3826
Yunguyo,2006-10-27,10.41,15.52,7.17,68.48,1.6,3.23,63.74,-16.25,-69.08333,3826
Yunguyo,2006-10-28,10.39,15.65,6.95,69.31,3.7,3.48,63.71,-16.25,-69.08333,3826
Yunguyo,2006-10-29,10.07,14.04,6.45,73.32,0.55,2.87,63.71,-16.25,-69.08333,3826
Yunguyo,2006-10-30,10.85,16.37,5.78,69.68,0.24,2.48,63.61,-16.25,-69.08333,3826
Yunguyo,2006-10-31,9.4,14.4,4.08,73.39,0.16,3.24,63.62,-16.25,-69.08333,3826
Yunguyo,2006-11-01,12.12,16.63,9.09,70.52,0.54,4.08,63.53,-16.25,-69.08333,3826
Yunguyo,2006-11-02,10.95,16.25,5.88,68.42,1.71,3.73,63.59,-16.25,-69.08333,3826
Yunguyo,2006-11-03,9.45,12.11,6.3,75.77,0.38,2.56,63.63,-16.25,-69.08333,3826
Yunguyo,2006-11-04,10.5,15.52,5.96,73.36,3.26,4.56,63.56,-16.25,-69.08333,3826
Yunguyo,2006-11-05,10.09,15.87,5.27,69.8,2.95,2.4,63.57,-16.25,-69.08333,3826
Yunguyo,2006-11-06,10.6,15.3,6.96,71.21,5.18,4.25,63.57,-16.25,-69.08333,3826
Yunguyo,2006-11-07,6.59,9.79,3.38,89.49,11.43,4.43,63.63,-16.25,-69.08333,3826
Yunguyo,2006-11-08,9.3,14.62,4.75,73.07,0.62,2.85,63.6,-16.25,-69.08333,3826
Yunguyo,2006-11-09,9.33,14.14,4.74,73.34,0.78,3.39,63.68,-16.25,-69.08333,3826
Yunguyo,2006-11-10,8.01,10.87,4.46,83.29,0.48,4.95,63.79,-16.25,-69.08333,3826
Yunguyo,2006-11-11,8.42,13.95,4.41,74.62,0.05,4.65,63.86,-16.25,-69.08333,3826
Yunguyo,2006-11-12,10.18,16.57,5.56,60.23,0.0,3.52,63.85,-16.25,-69.08333,3826
Yunguyo,2006-11-13,10.66,17.35,5.88,53.7,0.0,3.31,63.82,-16.25,-69.08333,3826
Yunguyo,2006-11-14,11.17,17.63,6.08,56.9,0.0,3.27,63.7,-16.25,-69.08333,3826
Yunguyo,2006-11-15,11.58,17.73,7.02,63.38,0.0,3.65,63.58,-16.25,-69.08333,3826
Yunguyo,2006-11-16,11.53,16.97,8.03,68.63,0.38,4.45,63.62,-16.25,-69.08333,3826
Yunguyo,2006-11-17,10.85,15.63,7.59,68.18,0.03,4.17,63.76,-16.25,-69.08333,3826
Yunguyo,2006-11-18,10.78,16.18,7.02,68.09,0.0,4.46,63.78,-16.25,-69.08333,3826
Yunguyo,2006-11-19,9.74,13.78,6.83,70.69,0.04,5.57,63.86,-16.25,-69.08333,3826
Yunguyo,2006-11-20,10.22,16.21,6.22,66.22,0.14,4.63,63.84,-16.25,-69.08333,3826
Yunguyo,2006-11-21,9.74,12.96,7.17,70.41,0.33,2.51,63.82,-16.25,-69.08333,3826
Yunguyo,2006-11-22,10.04,14.44,6.72,65.78,0.47,2.93,63.8,-16.25,-69.08333,3826
Yunguyo,2006-11-23,9.23,14.37,4.5,69.85,1.02,3.15,63.67,-16.25,-69.08333,3826
Yunguyo,2006-11-24,10.58,15.41,6.53,65.52,0.15,3.45,63.62,-16.25,-69.08333,3826
Yunguyo,2006-11-25,10.23,14.44,4.64,73.73,0.51,5.12,63.65,-16.25,-69.08333,3826
Yunguyo,2006-11-26,8.47,14.18,3.28,72.16,0.63,3.11,63.73,-16.25,-69.08333,3826
Yunguyo,2006-11-27,11.21,16.1,7.83,56.43,0.49,2.74,63.63,-16.25,-69.08333,3826
Yunguyo,2006-11-28,11.12,15.9,7.35,58.84,0.34,3.29,63.57,-16.25,-69.08333,3826
Yunguyo,2006-11-29,9.61,14.61,6.91,73.38,1.47,3.83,63.66,-16.25,-69.08333,3826
Yunguyo,2006-11-30,8.11,11.25,4.61,76.3,3.18,2.26,63.73,-16.25,-69.08333,3826
Yunguyo,2006-12-01,10.43,15.87,6.62,65.24,2.16,1.97,63.65,-16.25,-69.08333,3826
Yunguyo,2006-12-02,7.85,9.1,6.3,70.99,1.98,3.72,63.65,-16.25,-69.08333,3826
Yunguyo,2006-12-03,10.34,14.51,7.28,74.41,2.95,3.22,63.61,-16.25,-69.08333,3826
Yunguyo,2006-12-04,7.88,9.36,6.3,84.44,2.37,3.14,63.69,-16.25,-69.08333,3826
Yunguyo,2006-12-05,10.68,15.57,6.99,69.46,0.98,3.68,63.75,-16.25,-69.08333,3826
Yunguyo,2006-12-06,10.46,15.4,6.96,71.97,1.44,3.83,63.74,-16.25,-69.08333,3826
Yunguyo,2006-12-07,9.85,13.83,4.96,73.63,1.56,2.42,63.69,-16.25,-69.08333,3826
Yunguyo,2006-12-08,11.08,17.64,3.29,58.99,0.79,3.13,63.58,-16.25,-69.08333,3826
Yunguyo,2006-12-09,12.33,18.01,7.27,50.24,0.0,3.2,63.64,-16.25,-69.08333,3826
Yunguyo,2006-12-10,10.58,14.7,7.63,68.89,7.11,3.16,63.72,-16.25,-69.08333,3826
Yunguyo,2006-12-11,10.16,14.8,6.51,71.44,2.77,3.1,63.8,-16.25,-69.08333,3826
Yunguyo,2006-12-12,10.81,15.81,7.09,68.84,0.06,2.9,63.78,-16.25,-69.08333,3826
Yunguyo,2006-12-13,11.88,17.69,6.6,58.7,0.0,3.64,63.73,-16.25,-69.08333,3826
Yunguyo,2006-12-14,12.19,17.82,7.97,55.4,0.36,4.1,63.71,-16.25,-69.08333,3826
Yunguyo,2006-12-15,11.14,16.12,6.69,61.34,2.46,4.67,63.83,-16.25,-69.08333,3826
Yunguyo,2006-12-16,10.12,14.52,7.39,70.5,0.67,4.95,63.8,-16.25,-69.08333,3826
Yunguyo,2006-12-17,11.42,16.99,6.26,64.85,0.21,3.31,63.74,-16.25,-69.08333,3826
Yunguyo,2006-12-18,11.58,16.34,8.98,69.35,3.47,4.08,63.71,-16.25,-69.08333,3826
Yunguyo,2006-12-19,10.9,14.3,8.5,74.04,4.98,4.72,63.67,-16.25,-69.08333,3826
Yunguyo,2006-12-20,10.19,14.76,6.75,72.83,3.74,2.75,63.67,-16.25,-69.08333,3826
Yunguyo,2006-12-21,10.48,15.47,6.68,76.07,2.01,4.49,63.73,-16.25,-69.08333,3826
Yunguyo,2006-12-22,11.33,16.29,7.64,69.44,0.48,2.53,63.78,-16.25,-69.08333,3826
Yunguyo,2006-12-23,10.72,15.97,6.4,69.39,0.27,2.9,63.77,-16.25,-69.08333,3826
Yunguyo,2006-12-24,11.8,16.61,8.2,63.08,0.19,2.88,63.7,-16.25,-69.08333,3826
Yunguyo,2006-12-25,10.1,13.46,7.6,65.67,0.43,3.55,63.73,-16.25,-69.08333,3826
Yunguyo,2006-12-26,9.83,13.26,7.49,75.02,5.98,4.81,63.81,-16.25,-69.08333,3826
Yunguyo,2006-12-27,10.32,15.29,6.46,72.05,2.97,4.85,63.88,-16.25,-69.08333,3826
Yunguyo,2006-12-28,10.3,15.02,6.7,71.21,0.83,4.84,63.95,-16.25,-69.08333,3826
Yunguyo,2006-12-29,11.26,16.78,6.37,63.21,0.44,3.17,63.91,-16.25,-69.08333,3826
Yunguyo,2006-12-30,9.74,14.13,6.39,72.37,0.34,3.66,63.84,-16.25,-69.08333,3826
Yunguyo,2006-12-31,9.89,14.39,7.34,72.56,0.08,5.56,63.82,-16.25,-69.08333,3826
Yunguyo,2007-01-01,10.59,15.88,6.84,68.2,1.38,4.13,63.72,-16.25,-69.08333,3826
Yunguyo,2007-01-02,9.12,14.26,5.01,76.17,0.94,2.36,63.68,-16.25,-69.08333,3826
Yunguyo,2007-01-03,9.84,15.36,4.92,62.87,0.26,3.15,63.74,-16.25,-69.08333,3826
Yunguyo,2007-01-04,9.3,13.52,6.57,71.9,0.8,2.5,63.75,-16.25,-69.08333,3826
Yunguyo,2007-01-05,10.52,14.88,7.63,75.26,4.21,3.83,63.69,-16.25,-69.08333,3826
Yunguyo,2007-01-06,11.23,16.56,7.04,70.4,1.08,4.71,63.73,-16.25,-69.08333,3826
Yunguyo,2007-01-07,9.77,13.26,6.55,70.68,1.09,5.11,63.81,-16.25,-69.08333,3826
Yunguyo,2007-01-08,9.03,14.51,4.94,71.01,1.15,4.39,63.73,-16.25,-69.08333,3826
Yunguyo,2007-01-09,10.13,15.51,6.16,74.12,1.22,4.53,63.67,-16.25,-69.08333,3826
Yunguyo,2007-01-10,10.49,16.26,6.06,70.71,2.6,3.23,63.7,-16.25,-69.08333,3826
Yunguyo,2007-01-11,9.22,14.99,3.88,78.67,5.19,3.2,63.74,-16.25,-69.08333,3826
Yunguyo,2007-01-12,10.72,14.19,7.82,78.89,6.32,4.3,63.69,-16.25,-69.08333,3826
Yunguyo,2007-01-13,10.28,12.81,6.67,75.15,4.91,3.51,63.64,-16.25,-69.08333,3826
Yunguyo,2007-01-14,9.44,12.05,7.1,82.54,2.24,3.71,63.62,-16.25,-69.08333,3826
Yunguyo,2007-01-15,7.84,12.31,4.9,83.79,3.86,2.51,63.64,-16.25,-69.08333,3826
Yunguyo,2007-01-16,9.12,14.01,3.9,73.44,4.11,2.34,63.68,-16.25,-69.08333,3826
Yunguyo,2007-01-17,11.14,15.79,7.55,74.22,0.15,3.88,63.72,-16.25,-69.08333,3826
Yunguyo,2007-01-18,11.51,17.39,7.94,70.68,0.22,4.09,63.78,-16.25,-69.08333,3826
Yunguyo,2007-01-19,12.53,18.34,8.04,60.92,0.4,3.03,63.8,-16.25,-69.08333,3826
Yunguyo,2007-01-20,11.57,16.38,8.55,68.12,0.39,3.79,63.9,-16.25,-69.08333,3826
Yunguyo,2007-01-21,10.28,14.04,7.09,75.02,0.82,4.59,63.96,-16.25,-69.08333,3826
Yunguyo,2007-01-22,10.19,15.41,6.0,68.13,0.08,3.6,63.91,-16.25,-69.08333,3826
Yunguyo,2007-01-23,11.86,17.4,7.2,62.52,1.26,2.83,63.71,-16.25,-69.08333,3826
Yunguyo,2007-01-24,11.72,16.9,8.0,63.0,1.37,2.42,63.68,-16.25,-69.08333,3826
Yunguyo,2007-01-25,11.35,16.58,7.52,62.54,0.04,3.81,63.7,-16.25,-69.08333,3826
Yunguyo,2007-01-26,12.42,18.31,8.14,65.48,0.0,3.84,63.75,-16.25,-69.08333,3826
Yunguyo,2007-01-27,12.29,17.27,8.66,66.4,0.47,3.95,63.78,-16.25,-69.08333,3826
Yunguyo,2007-01-28,12.57,16.92,9.55,67.22,0.05,2.38,63.75,-16.25,-69.08333,3826
Yunguyo,2007-01-29,12.11,17.27,7.97,63.56,0.0,3.26,63.77,-16.25,-69.08333,3826
Yunguyo,2007-01-30,12.3,17.74,7.76,68.63,1.2,4.01,63.75,-16.25,-69.08333,3826
Yunguyo,2007-01-31,11.61,17.03,7.46,66.12,6.35,2.58,63.79,-16.25,-69.08333,3826
Yunguyo,2007-02-01,10.83,15.75,6.99,65.92,3.6,3.74,63.88,-16.25,-69.08333,3826
Yunguyo,2007-02-02,11.61,16.78,7.25,65.84,0.55,4.23,63.85,-16.25,-69.08333,3826
Yunguyo,2007-02-03,11.85,17.2,7.95,68.2,0.19,3.3,63.82,-16.25,-69.08333,3826
Yunguyo,2007-02-04,10.61,17.5,3.71,67.58,1.25,3.31,63.8,-16.25,-69.08333,3826
Yunguyo,2007-02-05,12.88,18.88,7.34,64.9,0.38,3.61,63.72,-16.25,-69.08333,3826
Yunguyo,2007-02-06,10.52,16.33,5.51,66.15,0.12,3.24,63.78,-16.25,-69.08333,3826
Yunguyo,2007-02-07,10.73,14.46,7.13,64.82,3.16,5.07,63.84,-16.25,-69.08333,3826
Yunguyo,2007-02-08,9.48,13.78,6.69,72.72,1.37,3.81,63.84,-16.25,-69.08333,3826
Yunguyo,2007-02-09,10.29,15.9,6.69,73.23,4.08,4.32,63.8,-16.25,-69.08333,3826
Yunguyo,2007-02-10,9.78,14.09,6.52,76.49,1.82,5.09,63.9,-16.25,-69.08333,3826
Yunguyo,2007-02-11,9.98,14.99,6.49,77.48,3.24,5.42,63.92,-16.25,-69.08333,3826
Yunguyo,2007-02-12,10.94,16.25,6.84,74.69,6.42,3.77,63.78,-16.25,-69.08333,3826
Yunguyo,2007-02-13,9.78,15.03,4.5,77.07,4.51,3.21,63.66,-16.25,-69.08333,3826
Yunguyo,2007-02-14,10.28,16.52,5.27,56.27,3.42,4.45,63.61,-16.25,-69.08333,3826
Yunguyo,2007-02-15,10.06,15.69,5.38,51.9,1.08,3.52,63.53,-16.25,-69.08333,3826
Yunguyo,2007-02-16,9.35,15.47,4.76,45.62,0.41,3.13,63.49,-16.25,-69.08333,3826
Yunguyo,2007-02-17,9.94,16.63,2.9,43.52,1.75,2.92,63.51,-16.25,-69.08333,3826
Yunguyo,2007-02-18,8.35,11.78,4.86,67.54,3.1,2.44,63.63,-16.25,-69.08333,3826
Yunguyo,2007-02-19,8.93,13.23,5.52,73.67,2.92,2.63,63.59,-16.25,-69.08333,3826
Yunguyo,2007-02-20,9.44,13.62,6.73,77.75,1.83,3.87,63.56,-16.25,-69.08333,3826
Yunguyo,2007-02-21,9.2,13.16,6.76,76.03,2.8,4.17,63.57,-16.25,-69.08333,3826
Yunguyo,2007-02-22,9.58,14.41,5.92,73.32,0.3,4.13,63.7,-16.25,-69.08333,3826
Yunguyo,2007-02-23,9.34,14.82,5.34,71.1,1.0,4.54,63.82,-16.25,-69.08333,3826
Yunguyo,2007-02-24,8.65,13.74,5.1,73.14,2.05,4.56,63.9,-16.25,-69.08333,3826
Yunguyo,2007-02-25,7.92,12.18,4.98,75.57,1.21,5.52,63.93,-16.25,-69.08333,3826
Yunguyo,2007-02-26,9.55,15.63,4.33,64.54,0.06,3.89,63.81,-16.25,-69.08333,3826
Yunguyo,2007-02-27,10.74,16.32,6.45,66.92,0.35,3.46,63.72,-16.25,-69.08333,3826
Yunguyo,2007-02-28,10.67,15.98,6.8,68.25,0.14,4.46,63.62,-16.25,-69.08333,3826
Yunguyo,2007-03-01,10.28,14.31,6.53,71.0,0.03,3.82,63.59,-16.25,-69.08333,3826
Yunguyo,2007-03-02,9.82,14.22,7.09,76.43,2.19,4.76,63.64,-16.25,-69.08333,3826
Yunguyo,2007-03-03,9.37,14.2,6.36,78.15,6.66,5.49,63.71,-16.25,-69.08333,3826
Yunguyo,2007-03-04,9.46,14.33,5.84,76.35,12.0,4.3,63.75,-16.25,-69.08333,3826
Yunguyo,2007-03-05,9.93,14.67,6.3,78.38,3.67,5.17,63.78,-16.25,-69.08333,3826
Yunguyo,2007-03-06,9.33,13.88,6.29,77.33,3.32,5.04,63.85,-16.25,-69.08333,3826
Yunguyo,2007-03-07,9.64,14.72,5.62,75.83,2.41,4.37,63.89,-16.25,-69.08333,3826
Yunguyo,2007-03-08,10.35,15.94,5.55,70.81,1.07,4.41,63.79,-16.25,-69.08333,3826
Yunguyo,2007-03-09,9.89,13.73,7.35,74.28,1.82,3.43,63.68,-16.25,-69.08333,3826
Yunguyo,2007-03-10,9.62,13.64,6.97,76.43,1.31,3.12,63.67,-16.25,-69.08333,3826
Yunguyo,2007-03-11,10.23,14.94,6.85,73.95,1.49,4.35,63.69,-16.25,-69.08333,3826
Yunguyo,2007-03-12,9.98,14.24,6.92,77.48,0.87,3.82,63.72,-16.25,-69.08333,3826
Yunguyo,2007-03-13,10.0,14.29,7.1,75.88,1.3,3.74,63.79,-16.25,-69.08333,3826
Yunguyo,2007-03-14,9.83,13.42,7.61,75.01,5.45,2.93,63.75,-16.25,-69.08333,3826
Yunguyo,2007-03-15,8.92,13.0,6.22,78.19,1.13,4.42,63.72,-16.25,-69.08333,3826
Yunguyo,2007-03-16,7.85,11.74,4.28,81.22,4.45,2.16,63.79,-16.25,-69.08333,3826
Yunguyo,2007-03-17,9.1,13.26,6.38,80.52,3.38,4.59,63.78,-16.25,-69.08333,3826
Yunguyo,2007-03-18,8.37,12.81,5.6,80.14,9.53,4.58,63.84,-16.25,-69.08333,3826
Yunguyo,2007-03-19,8.54,13.59,4.7,74.47,1.76,4.13,63.92,-16.25,-69.08333,3826
Yunguyo,2007-03-20,10.51,16.27,6.3,56.69,0.0,2.05,63.84,-16.25,-69.08333,3826
Yunguyo,2007-03-21,11.07,16.36,6.69,59.07,0.0,2.15,63.7,-16.25,-69.08333,3826
Yunguyo,2007-03-22,11.16,16.66,6.78,56.34,0.29,2.89,63.64,-16.25,-69.08333,3826
Yunguyo,2007-03-23,9.53,15.78,4.73,53.55,1.03,4.34,63.77,-16.25,-69.08333,3826
Yunguyo,2007-03-24,8.32,13.99,4.26,71.27,0.94,4.38,63.92,-16.25,-69.08333,3826
Yunguyo,2007-03-25,8.82,14.55,4.84,74.17,0.46,4.17,63.89,-16.25,-69.08333,3826
Yunguyo,2007-03-26,10.08,16.04,5.54,65.73,0.0,3.65,63.76,-16.25,-69.08333,3826
Yunguyo,2007-03-27,10.16,15.41,6.35,70.57,0.02,4.18,63.73,-16.25,-69.08333,3826
Yunguyo,2007-03-28,9.24,13.74,6.24,77.27,1.09,5.04,63.77,-16.25,-69.08333,3826
Yunguyo,2007-03-29,8.75,13.07,6.07,79.73,2.47,4.21,63.78,-16.25,-69.08333,3826
Yunguyo,2007-03-30,8.55,13.49,4.76,77.86,0.29,3.12,63.71,-16.25,-69.08333,3826
Yunguyo,2007-03-31,9.02,14.09,5.15,75.81,1.77,4.15,63.75,-16.25,-69.08333,3826
Yunguyo,2007-04-01,9.04,13.68,6.17,76.26,3.59,4.6,63.84,-16.25,-69.08333,3826
Yunguyo,2007-04-02,9.86,14.68,6.06,68.22,0.66,2.37,63.85,-16.25,-69.08333,3826
Yunguyo,2007-04-03,9.64,13.39,7.03,73.73,0.55,3.07,63.79,-16.25,-69.08333,3826
Yunguyo,2007-04-04,9.35,13.64,6.07,73.92,0.69,3.44,63.75,-16.25,-69.08333,3826
Yunguyo,2007-04-05,8.51,13.11,4.53,79.51,3.15,4.01,63.76,-16.25,-69.08333,3826
Yunguyo,2007-04-06,9.47,14.34,5.87,76.12,4.58,3.52,63.82,-16.25,-69.08333,3826
Yunguyo,2007-04-07,10.05,14.52,6.86,73.97,4.2,3.08,63.89,-16.25,-69.08333,3826
Yunguyo,2007-04-08,9.76,14.57,4.27,75.49,3.06,3.3,63.95,-16.25,-69.08333,3826
Yunguyo,2007-04-09,9.36,14.28,4.58,76.28,0.79,3.67,63.89,-16.25,-69.08333,3826
Yunguyo,2007-04-10,10.58,15.68,6.96,68.99,0.09,3.23,63.75,-16.25,-69.08333,3826
Yunguyo,2007-04-11,9.79,13.36,6.79,69.69,2.37,2.99,63.83,-16.25,-69.08333,3826
Yunguyo,2007-04-12,9.96,15.45,6.62,67.19,0.28,3.63,63.94,-16.25,-69.08333,3826
Yunguyo,2007-04-13,9.26,13.66,6.13,73.65,0.9,3.67,63.94,-16.25,-69.08333,3826
Yunguyo,2007-04-14,9.36,13.17,6.77,69.57,0.11,3.72,63.94,-16.25,-69.08333,3826
Yunguyo,2007-04-15,9.51,14.28,6.29,55.4,0.0,4.04,64.07,-16.25,-69.08333,3826
Yunguyo,2007-04-16,9.97,15.25,5.93,57.66,0.0,2.84,64.1,-16.25,-69.08333,3826
Yunguyo,2007-04-17,9.84,14.87,6.23,65.81,0.0,3.26,63.96,-16.25,-69.08333,3826
Yunguyo,2007-04-18,8.98,14.2,5.2,65.77,0.0,3.65,63.94,-16.25,-69.08333,3826
Yunguyo,2007-04-19,9.6,15.29,5.08,58.2,0.0,3.46,63.95,-16.25,-69.08333,3826
Yunguyo,2007-04-20,9.75,14.7,6.59,56.93,0.04,3.55,63.92,-16.25,-69.08333,3826
Yunguyo,2007-04-21,8.07,11.81,5.01,69.09,0.2,3.12,63.92,-16.25,-69.08333,3826
Yunguyo,2007-04-22,9.67,15.31,5.56,65.76,0.02,3.01,63.82,-16.25,-69.08333,3826
Yunguyo,2007-04-23,9.65,14.48,6.12,69.97,0.36,2.85,63.81,-16.25,-69.08333,3826
Yunguyo,2007-04-24,9.79,14.58,6.65,69.86,0.08,3.05,63.75,-16.25,-69.08333,3826
Yunguyo,2007-04-25,9.45,12.26,6.96,72.4,1.1,2.48,63.71,-16.25,-69.08333,3826
Yunguyo,2007-04-26,9.9,14.3,7.15,71.74,1.74,3.03,63.71,-16.25,-69.08333,3826
Yunguyo,2007-04-27,5.85,7.34,4.18,86.84,6.39,3.11,63.84,-16.25,-69.08333,3826
Yunguyo,2007-04-28,8.6,13.84,4.62,72.83,0.34,2.78,63.95,-16.25,-69.08333,3826
Yunguyo,2007-04-29,8.74,14.07,4.94,71.69,0.0,3.55,63.93,-16.25,-69.08333,3826
Yunguyo,2007-04-30,9.08,13.81,5.66,68.85,0.0,2.6,63.87,-16.25,-69.08333,3826
Yunguyo,2007-05-01,9.88,14.84,6.5,64.62,0.0,2.6,63.83,-16.25,-69.08333,3826
Yunguyo,2007-05-02,9.46,14.74,5.18,64.39,0.06,3.59,63.89,-16.25,-69.08333,3826
Yunguyo,2007-05-03,8.3,13.58,4.44,64.56,0.09,3.2,63.95,-16.25,-69.08333,3826
Yunguyo,2007-05-04,8.48,13.78,4.88,71.61,0.0,3.81,63.89,-16.25,-69.08333,3826
Yunguyo,2007-05-05,9.75,15.07,5.74,66.23,0.0,2.28,63.8,-16.25,-69.08333,3826
Yunguyo,2007-05-06,8.35,11.7,6.87,71.13,0.02,2.42,63.76,-16.25,-69.08333,3826
Yunguyo,2007-05-07,8.17,11.66,4.96,72.33,0.55,1.62,63.76,-16.25,-69.08333,3826
Yunguyo,2007-05-08,7.33,11.89,4.75,79.1,2.78,3.1,63.81,-16.25,-69.08333,3826
Yunguyo,2007-05-09,7.25,10.41,4.76,74.86,0.35,2.2,63.93,-16.25,-69.08333,3826
Yunguyo,2007-05-10,10.12,15.71,6.26,58.2,0.01,2.58,63.87,-16.25,-69.08333,3826
Yunguyo,2007-05-11,9.32,15.35,5.23,69.68,0.0,2.87,63.92,-16.25,-69.08333,3826
Yunguyo,2007-05-12,8.55,12.62,5.85,75.14,0.0,3.34,64.04,-16.25,-69.08333,3826
Yunguyo,2007-05-13,9.98,15.37,6.2,65.39,0.0,2.6,64.05,-16.25,-69.08333,3826
Yunguyo,2007-05-14,9.61,14.7,6.18,66.08,0.0,2.87,64.0,-16.25,-69.08333,3826
Yunguyo,2007-05-15,10.12,15.55,6.04,57.25,0.0,1.65,63.88,-16.25,-69.08333,3826
Yunguyo,2007-05-16,9.77,15.41,5.33,48.36,0.03,2.86,63.72,-16.25,-69.08333,3826
Yunguyo,2007-05-17,9.68,14.76,6.03,59.22,0.01,1.98,63.73,-16.25,-69.08333,3826
Yunguyo,2007-05-18,8.93,13.52,5.15,57.86,0.01,3.31,63.82,-16.25,-69.08333,3826
Yunguyo,2007-05-19,8.76,13.19,5.77,73.15,0.0,3.7,63.78,-16.25,-69.08333,3826
Yunguyo,2007-05-20,8.73,15.31,4.73,53.3,0.0,1.93,63.7,-16.25,-69.08333,3826
Yunguyo,2007-05-21,8.01,15.55,2.19,45.06,0.04,3.59,63.61,-16.25,-69.08333,3826
Yunguyo,2007-05-22,8.12,15.55,2.72,43.93,0.2,3.96,63.58,-16.25,-69.08333,3826
Yunguyo,2007-05-23,7.74,13.29,3.57,52.13,0.3,3.27,63.68,-16.25,-69.08333,3826
Yunguyo,2007-05-24,7.72,12.85,4.03,60.61,0.03,1.87,63.73,-16.25,-69.08333,3826
Yunguyo,2007-05-25,9.04,14.72,4.73,52.74,0.0,2.52,63.71,-16.25,-69.08333,3826
Yunguyo,2007-05-26,8.45,15.16,3.19,45.15,0.0,3.31,63.77,-16.25,-69.08333,3826
Yunguyo,2007-05-27,8.15,14.04,3.02,46.35,0.0,2.98,63.8,-16.25,-69.08333,3826
Yunguyo,2007-05-28,8.7,13.98,4.32,58.73,0.16,2.88,63.8,-16.25,-69.08333,3826
Yunguyo,2007-05-29,8.3,13.06,4.97,61.14,0.55,2.67,63.77,-16.25,-69.08333,3826
Yunguyo,2007-05-30,8.2,12.8,4.67,57.16,0.03,1.71,63.77,-16.25,-69.08333,3826
Yunguyo,2007-05-31,8.53,13.6,4.57,57.12,0.0,2.23,63.74,-16.25,-69.08333,3826
Yunguyo,2007-06-01,8.35,12.98,4.71,60.27,0.0,2.94,63.84,-16.25,-69.08333,3826
Yunguyo,2007-06-02,8.89,13.7,5.29,68.33,0.0,2.82,63.89,-16.25,-69.08333,3826
Yunguyo,2007-06-03,8.24,11.92,5.76,74.35,0.11,3.09,64.01,-16.25,-69.08333,3826
Yunguyo,2007-06-04,9.14,14.32,5.73,67.96,0.01,2.72,63.95,-16.25,-69.08333,3826
Yunguyo,2007-06-05,9.15,14.29,5.71,56.0,0.0,3.01,63.94,-16.25,-69.08333,3826
Yunguyo,2007-06-06,9.57,14.72,6.18,56.01,0.0,2.05,63.88,-16.25,-69.08333,3826
Yunguyo,2007-06-07,9.19,14.51,4.8,54.17,0.26,2.72,63.87,-16.25,-69.08333,3826
Yunguyo,2007-06-08,8.06,14.03,4.72,61.17,0.06,2.98,63.87,-16.25,-69.08333,3826
Yunguyo,2007-06-09,8.12,13.73,4.76,56.38,0.0,2.4,63.84,-16.25,-69.08333,3826
Yunguyo,2007-06-10,8.21,13.6,4.88,60.29,0.0,2.74,63.82,-16.25,-69.08333,3826
Yunguyo,2007-06-11,8.45,13.78,4.69,57.19,0.0,2.41,63.83,-16.25,-69.08333,3826
Yunguyo,2007-06-12,8.11,13.11,4.08,49.99,0.0,2.17,63.87,-16.25,-69.08333,3826
Yunguyo,2007-06-13,8.23,13.71,4.59,56.01,0.0,2.12,63.82,-16.25,-69.08333,3826
Yunguyo,2007-06-14,8.42,13.78,4.49,62.16,0.0,2.18,63.83,-16.25,-69.08333,3826
Yunguyo,2007-06-15,8.15,14.32,4.74,68.83,0.0,3.0,63.95,-16.25,-69.08333,3826
Yunguyo,2007-06-16,7.88,12.71,4.59,72.81,0.0,2.97,63.99,-16.25,-69.08333,3826
Yunguyo,2007-06-17,8.07,13.59,3.79,65.39,0.0,2.68,63.91,-16.25,-69.08333,3826
Yunguyo,2007-06-18,7.05,11.98,3.76,62.01,0.0,2.58,63.82,-16.25,-69.08333,3826
Yunguyo,2007-06-19,8.0,12.78,4.63,67.5,0.0,3.17,63.84,-16.25,-69.08333,3826
Yunguyo,2007-06-20,7.32,11.53,4.22,76.97,0.0,3.0,63.84,-16.25,-69.08333,3826
Yunguyo,2007-06-21,8.17,12.65,4.99,69.04,0.0,3.81,63.87,-16.25,-69.08333,3826
Yunguyo,2007-06-22,8.47,13.29,4.5,68.39,0.0,4.08,63.81,-16.25,-69.08333,3826
Yunguyo,2007-06-23,8.59,12.63,6.14,72.8,0.0,3.17,63.77,-16.25,-69.08333,3826
Yunguyo,2007-06-24,6.53,10.58,3.74,76.18,1.53,4.71,63.83,-16.25,-69.08333,3826
Yunguyo,2007-06-25,7.63,12.51,4.84,72.22,0.25,3.54,63.83,-16.25,-69.08333,3826
Yunguyo,2007-06-26,8.2,13.95,4.1,56.72,0.76,2.51,63.89,-16.25,-69.08333,3826
Yunguyo,2007-06-27,7.14,12.24,3.64,71.14,0.28,2.85,63.9,-16.25,-69.08333,3826
Yunguyo,2007-06-28,7.99,14.22,4.25,60.42,0.01,1.8,63.88,-16.25,-69.08333,3826
Yunguyo,2007-06-29,6.5,12.27,2.81,67.68,0.0,2.65,63.99,-16.25,-69.08333,3826
Yunguyo,2007-06-30,6.07,11.52,2.79,66.4,0.0,2.58,64.13,-16.25,-69.08333,3826
Yunguyo,2007-07-01,6.02,11.93,2.14,62.05,0.0,2.04,64.13,-16.25,-69.08333,3826
Yunguyo,2007-07-02,6.49,12.6,2.77,51.69,0.0,2.19,64.03,-16.25,-69.08333,3826
Yunguyo,2007-07-03,6.95,13.15,3.07,52.44,0.0,2.32,63.89,-16.25,-69.08333,3826
Yunguyo,2007-07-04,7.63,14.25,2.89,54.85,0.02,2.88,63.75,-16.25,-69.08333,3826
Yunguyo,2007-07-05,7.76,13.07,4.15,62.94,0.01,2.88,63.77,-16.25,-69.08333,3826
Yunguyo,2007-07-06,8.09,12.71,5.21,65.92,0.0,3.21,63.75,-16.25,-69.08333,3826
Yunguyo,2007-07-07,8.67,13.79,4.96,56.37,0.18,2.92,63.65,-16.25,-69.08333,3826
Yunguyo,2007-07-08,4.2,6.88,2.69,82.03,7.45,3.44,63.78,-16.25,-69.08333,3826
Yunguyo,2007-07-09,3.46,5.53,2.17,83.6,1.77,2.47,63.89,-16.25,-69.08333,3826
Yunguyo,2007-07-10,4.91,9.23,2.39,74.71,0.12,3.29,63.83,-16.25,-69.08333,3826
Yunguyo,2007-07-11,6.33,11.4,2.79,65.59,0.43,2.51,63.71,-16.25,-69.08333,3826
Yunguyo,2007-07-12,6.96,11.88,2.59,51.26,0.02,2.6,63.74,-16.25,-69.08333,3826
Yunguyo,2007-07-13,7.2,12.06,3.46,56.43,0.0,2.63,63.77,-16.25,-69.08333,3826
Yunguyo,2007-07-14,7.43,11.76,3.74,56.4,0.0,2.52,63.81,-16.25,-69.08333,3826
Yunguyo,2007-07-15,8.11,12.44,5.0,64.94,0.0,2.0,63.75,-16.25,-69.08333,3826
Yunguyo,2007-07-16,7.82,14.07,3.04,45.39,0.03,3.34,63.73,-16.25,-69.08333,3826
Yunguyo,2007-07-17,6.78,13.24,0.91,40.41,0.05,2.4,63.8,-16.25,-69.08333,3826
Yunguyo,2007-07-18,6.91,10.96,4.58,74.1,0.14,2.78,63.86,-16.25,-69.08333,3826
Yunguyo,2007-07-19,8.16,13.87,4.61,58.76,0.0,1.51,63.8,-16.25,-69.08333,3826
Yunguyo,2007-07-20,8.22,13.8,3.96,52.33,0.0,2.48,63.79,-16.25,-69.08333,3826
Yunguyo,2007-07-21,8.72,14.27,4.53,51.59,0.0,2.57,63.78,-16.25,-69.08333,3826
Yunguyo,2007-07-22,7.47,14.56,1.57,36.52,0.03,3.9,63.73,-16.25,-69.08333,3826
Yunguyo,2007-07-23,7.41,13.85,2.09,38.15,0.11,2.58,63.67,-16.25,-69.08333,3826
Yunguyo,2007-07-24,5.89,12.85,0.94,35.56,0.33,5.02,63.69,-16.25,-69.08333,3826
Yunguyo,2007-07-25,5.18,11.58,0.56,48.59,1.81,3.6,63.85,-16.25,-69.08333,3826
Yunguyo,2007-07-26,5.05,10.64,1.2,64.67,0.58,2.25,63.85,-16.25,-69.08333,3826
Yunguyo,2007-07-27,6.1,12.23,1.97,44.92,0.0,2.17,63.82,-16.25,-69.08333,3826
Yunguyo,2007-07-28,4.96,11.46,1.02,71.2,0.0,3.97,63.83,-16.25,-69.08333,3826
Yunguyo,2007-07-29,5.75,12.04,1.12,67.32,0.0,3.01,63.8,-16.25,-69.08333,3826
Yunguyo,2007-07-30,5.63,10.61,2.63,71.27,0.0,3.28,63.79,-16.25,-69.08333,3826
Yunguyo,2007-07-31,6.53,12.07,2.73,62.28,0.04,3.39,63.75,-16.25,-69.08333,3826
Yunguyo,2007-08-01,6.75,11.93,3.36,63.59,0.01,3.14,63.71,-16.25,-69.08333,3826
Yunguyo,2007-08-02,7.28,12.46,3.67,66.08,0.0,4.56,63.76,-16.25,-69.08333,3826
Yunguyo,2007-08-03,7.37,13.49,2.85,63.96,0.0,4.31,63.83,-16.25,-69.08333,3826
Yunguyo,2007-08-04,7.62,12.63,4.17,60.5,0.0,3.35,63.92,-16.25,-69.08333,3826
Yunguyo,2007-08-05,7.87,13.5,3.6,60.93,0.05,3.91,63.8,-16.25,-69.08333,3826
Yunguyo,2007-08-06,7.87,14.07,2.8,48.69,0.01,3.3,63.78,-16.25,-69.08333,3826
Yunguyo,2007-08-07,8.11,13.54,4.15,57.02,0.02,3.32,63.75,-16.25,-69.08333,3826
Yunguyo,2007-08-08,8.37,14.49,3.58,54.29,0.0,3.67,63.7,-16.25,-69.08333,3826
Yunguyo,2007-08-09,8.83,14.5,4.41,60.12,0.0,3.55,63.79,-16.25,-69.08333,3826
Yunguyo,2007-08-10,8.75,14.05,5.51,70.13,0.0,4.04,63.93,-16.25,-69.08333,3826
Yunguyo,2007-08-11,7.82,12.98,4.28,69.85,0.0,3.61,63.98,-16.25,-69.08333,3826
Yunguyo,2007-08-12,8.88,14.92,4.39,60.7,0.0,2.44,63.94,-16.25,-69.08333,3826
Yunguyo,2007-08-13,8.85,15.32,4.58,58.33,0.0,3.31,63.84,-16.25,-69.08333,3826
Yunguyo,2007-08-14,8.73,14.47,4.33,56.65,0.0,3.48,63.78,-16.25,-69.08333,3826
Yunguyo,2007-08-15,8.91,14.1,5.53,55.37,0.0,2.63,63.83,-16.25,-69.08333,3826
Yunguyo,2007-08-16,8.31,13.57,4.44,67.08,0.09,3.49,63.89,-16.25,-69.08333,3826
Yunguyo,2007-08-17,6.61,10.91,3.87,75.67,0.93,4.22,63.85,-16.25,-69.08333,3826
Yunguyo,2007-08-18,8.11,14.04,3.83,59.73,0.03,2.07,63.71,-16.25,-69.08333,3826
Yunguyo,2007-08-19,7.42,13.93,2.93,54.02,0.0,3.43,63.74,-16.25,-69.08333,3826
Yunguyo,2007-08-20,7.64,13.64,2.8,59.47,0.0,2.3,63.81,-16.25,-69.08333,3826
Yunguyo,2007-08-21,8.49,14.79,4.09,61.29,0.0,2.5,63.84,-16.25,-69.08333,3826
Yunguyo,2007-08-22,8.59,14.45,4.77,64.12,0.0,2.69,63.81,-16.25,-69.08333,3826
Yunguyo,2007-08-23,9.35,15.48,4.81,48.12,0.0,2.22,63.76,-16.25,-69.08333,3826
Yunguyo,2007-08-24,9.21,15.02,5.17,50.9,0.0,2.5,63.73,-16.25,-69.08333,3826
Yunguyo,2007-08-25,9.84,16.34,5.76,58.15,0.01,3.72,63.64,-16.25,-69.08333,3826
Yunguyo,2007-08-26,9.8,15.55,5.42,65.87,0.07,4.5,63.61,-16.25,-69.08333,3826
Yunguyo,2007-08-27,10.19,17.21,6.1,58.66,0.12,4.2,63.59,-16.25,-69.08333,3826
Yunguyo,2007-08-28,9.63,16.55,4.7,45.83,0.0,3.69,63.68,-16.25,-69.08333,3826
Yunguyo,2007-08-29,8.42,14.39,4.45,52.23,0.0,3.59,63.83,-16.25,-69.08333,3826
Yunguyo,2007-08-30,8.43,13.37,5.36,64.25,0.0,3.71,63.91,-16.25,-69.08333,3826
Yunguyo,2007-08-31,7.41,12.5,4.17,72.51,0.0,4.46,63.94,-16.25,-69.08333,3826
Yunguyo,2007-09-01,7.25,12.33,3.71,71.44,0.0,3.8,63.94,-16.25,-69.08333,3826
Yunguyo,2007-09-02,8.1,13.28,4.54,65.81,0.06,2.81,63.95,-16.25,-69.08333,3826
Yunguyo,2007-09-03,8.03,12.59,4.89,68.63,0.05,2.75,63.92,-16.25,-69.08333,3826
Yunguyo,2007-09-04,8.67,14.31,4.09,61.01,0.1,2.66,63.86,-16.25,-69.08333,3826
Yunguyo,2007-09-05,7.32,11.71,4.34,74.82,0.24,3.94,63.93,-16.25,-69.08333,3826
Yunguyo,2007-09-06,7.92,12.56,4.66,69.98,0.4,4.28,63.97,-16.25,-69.08333,3826
Yunguyo,2007-09-07,6.08,10.39,3.7,79.97,1.19,3.39,63.88,-16.25,-69.08333,3826
Yunguyo,2007-09-08,6.28,10.01,3.67,73.47,0.91,2.37,63.81,-16.25,-69.08333,3826
Yunguyo,2007-09-09,6.25,10.13,3.45,75.32,1.47,2.0,63.75,-16.25,-69.08333,3826
Yunguyo,2007-09-10,7.68,12.22,3.97,55.81,0.14,2.09,63.79,-16.25,-69.08333,3826
Yunguyo,2007-09-11,8.02,11.51,5.22,59.52,6.07,3.42,63.82,-16.25,-69.08333,3826
Yunguyo,2007-09-12,7.14,12.24,3.99,67.72,1.43,4.63,63.87,-16.25,-69.08333,3826
Yunguyo,2007-09-13,7.75,13.19,3.51,63.86,0.24,4.1,63.82,-16.25,-69.08333,3826
Yunguyo,2007-09-14,8.98,14.49,5.2,65.22,0.0,3.9,63.82,-16.25,-69.08333,3826
Yunguyo,2007-09-15,8.5,13.43,5.25,64.26,0.04,5.2,63.92,-16.25,-69.08333,3826
Yunguyo,2007-09-16,8.75,13.44,5.18,70.64,0.05,5.53,63.87,-16.25,-69.08333,3826
Yunguyo,2007-09-17,8.07,13.06,4.75,71.54,0.04,4.09,63.82,-16.25,-69.08333,3826
Yunguyo,2007-09-18,8.93,14.35,4.98,55.51,0.0,3.64,63.83,-16.25,-69.08333,3826
Yunguyo,2007-09-19,7.73,12.99,4.42,68.12,0.05,3.62,63.85,-16.25,-69.08333,3826
Yunguyo,2007-09-20,9.25,14.42,5.61,60.35,0.01,2.64,63.78,-16.25,-69.08333,3826
Yunguyo,2007-09-21,8.02,12.19,5.07,74.48,0.01,4.56,63.77,-16.25,-69.08333,3826
Yunguyo,2007-09-22,7.9,13.13,5.15,72.42,4.47,2.78,63.79,-16.25,-69.08333,3826
Yunguyo,2007-09-23,9.48,14.74,5.05,56.17,0.55,2.88,63.77,-16.25,-69.08333,3826
Yunguyo,2007-09-24,5.84,9.31,2.6,85.66,3.35,4.55,63.88,-16.25,-69.08333,3826
Yunguyo,2007-09-25,6.1,10.33,2.47,77.27,0.37,3.22,63.88,-16.25,-69.08333,3826
Yunguyo,2007-09-26,7.6,13.61,3.4,71.37,1.86,2.9,63.84,-16.25,-69.08333,3826
Yunguyo,2007-09-27,8.46,13.83,5.29,70.39,0.39,3.79,63.9,-16.25,-69.08333,3826
Yunguyo,2007-09-28,7.91,12.83,4.97,75.85,0.02,5.05,63.97,-16.25,-69.08333,3826
Yunguyo,2007-09-29,7.59,12.4,4.35,69.41,0.0,5.53,64.05,-16.25,-69.08333,3826
Yunguyo,2007-09-30,7.57,13.33,2.99,66.05,0.0,3.93,64.08,-16.25,-69.08333,3826
Yunguyo,2007-10-01,8.72,15.08,4.45,66.08,0.0,4.25,64.0,-16.25,-69.08333,3826
Yunguyo,2007-10-02,9.56,16.02,5.24,60.73,0.0,3.9,63.99,-16.25,-69.08333,3826
Yunguyo,2007-10-03,9.86,15.91,5.99,61.32,0.0,3.57,63.98,-16.25,-69.08333,3826
Yunguyo,2007-10-04,10.15,15.74,6.63,62.94,0.04,3.09,63.89,-16.25,-69.08333,3826
Yunguyo,2007-10-05,10.32,15.84,6.29,61.41,0.03,2.56,63.8,-16.25,-69.08333,3826
Yunguyo,2007-10-06,10.42,15.38,6.95,57.5,0.53,3.53,63.69,-16.25,-69.08333,3826
Yunguyo,2007-10-07,7.2,11.79,3.09,75.57,5.45,4.2,63.72,-16.25,-69.08333,3826
Yunguyo,2007-10-08,8.17,12.56,3.92,70.25,1.11,3.25,63.78,-16.25,-69.08333,3826
Yunguyo,2007-10-09,10.25,15.95,6.15,63.04,0.0,3.17,63.82,-16.25,-69.08333,3826
Yunguyo,2007-10-10,10.56,15.28,7.25,66.37,0.0,3.26,63.77,-16.25,-69.08333,3826
Yunguyo,2007-10-11,10.33,15.18,6.78,63.24,0.0,2.82,63.65,-16.25,-69.08333,3826
Yunguyo,2007-10-12,10.84,17.21,6.52,52.79,0.06,3.32,63.56,-16.25,-69.08333,3826
Yunguyo,2007-10-13,10.08,15.33,6.48,59.23,1.11,2.62,63.47,-16.25,-69.08333,3826
Yunguyo,2007-10-14,10.22,15.82,6.39,43.05,0.31,3.87,63.48,-16.25,-69.08333,3826
Yunguyo,2007-10-15,7.01,9.05,5.43,80.17,0.02,3.33,63.69,-16.25,-69.08333,3826
Yunguyo,2007-10-16,8.84,14.08,5.43,74.53,0.0,4.04,63.76,-16.25,-69.08333,3826
Yunguyo,2007-10-17,7.69,12.3,5.04,72.13,0.27,2.43,63.86,-16.25,-69.08333,3826
Yunguyo,2007-10-18,9.08,14.5,4.71,64.22,1.69,3.95,63.81,-16.25,-69.08333,3826
Yunguyo,2007-10-19,10.34,15.71,6.35,63.85,0.41,3.28,63.79,-16.25,-69.08333,3826
Yunguyo,2007-10-20,9.8,14.12,6.87,69.08,0.0,3.39,63.77,-16.25,-69.08333,3826
Yunguyo,2007-10-21,10.45,15.98,6.59,61.95,0.0,3.53,63.7,-16.25,-69.08333,3826
Yunguyo,2007-10-22,9.94,15.14,6.67,68.72,0.66,3.72,63.72,-16.25,-69.08333,3826
Yunguyo,2007-10-23,9.97,14.8,6.23,68.73,2.58,4.14,63.78,-16.25,-69.08333,3826
Yunguyo,2007-10-24,8.72,12.87,6.34,75.23,2.34,4.28,63.8,-16.25,-69.08333,3826
Yunguyo,2007-10-25,10.98,16.63,6.05,57.42,0.0,2.96,63.68,-16.25,-69.08333,3826
Yunguyo,2007-10-26,11.42,16.38,7.56,66.36,0.0,3.25,63.66,-16.25,-69.08333,3826
Yunguyo,2007-10-27,9.47,12.04,6.95,76.27,0.0,3.79,63.65,-16.25,-69.08333,3826
Yunguyo,2007-10-28,9.29,14.38,4.96,68.48,1.25,4.44,63.64,-16.25,-69.08333,3826
Yunguyo,2007-10-29,9.68,14.74,6.33,71.9,0.67,4.45,63.62,-16.25,-69.08333,3826
Yunguyo,2007-10-30,9.99,16.37,4.2,63.55,4.25,2.7,63.63,-16.25,-69.08333,3826
Yunguyo,2007-10-31,10.26,14.12,6.68,54.15,0.16,2.65,63.56,-16.25,-69.08333,3826
Yunguyo,2007-11-01,11.77,17.42,6.78,43.08,0.0,2.95,63.53,-16.25,-69.08333,3826
Yunguyo,2007-11-02,12.13,17.68,7.37,56.14,0.06,2.5,63.56,-16.25,-69.08333,3826
Yunguyo,2007-11-03,12.34,18.77,7.16,40.35,0.41,1.92,63.53,-16.25,-69.08333,3826
Yunguyo,2007-11-04,11.65,17.36,6.29,43.21,0.23,2.75,63.54,-16.25,-69.08333,3826
Yunguyo,2007-11-05,11.17,15.67,7.62,58.68,0.36,3.13,63.53,-16.25,-69.08333,3826
Yunguyo,2007-11-06,10.31,15.16,6.54,68.09,0.03,4.81,63.65,-16.25,-69.08333,3826
Yunguyo,2007-11-07,11.0,16.81,7.22,65.11,0.98,4.17,63.63,-16.25,-69.08333,3826
Yunguyo,2007-11-08,11.57,17.06,7.43,51.02,0.06,2.26,63.56,-16.25,-69.08333,3826
Yunguyo,2007-11-09,11.56,17.8,5.5,27.02,0.0,2.4,63.51,-16.25,-69.08333,3826
Yunguyo,2007-11-10,11.4,18.08,4.62,25.76,0.0,2.32,63.46,-16.25,-69.08333,3826
Yunguyo,2007-11-11,11.01,16.96,6.73,43.52,0.47,3.51,63.56,-16.25,-69.08333,3826
Yunguyo,2007-11-12,10.39,15.85,6.07,62.01,0.36,3.26,63.56,-16.25,-69.08333,3826
Yunguyo,2007-11-13,11.24,16.86,6.7,53.05,0.0,2.85,63.48,-16.25,-69.08333,3826
Yunguyo,2007-11-14,9.23,13.47,6.78,70.88,1.68,4.32,63.58,-16.25,-69.08333,3826
Yunguyo,2007-11-15,8.94,13.15,5.72,68.56,1.74,4.08,63.67,-16.25,-69.08333,3826
Yunguyo,2007-11-16,8.59,14.62,4.86,72.41,0.11,2.64,63.71,-16.25,-69.08333,3826
Yunguyo,2007-11-17,9.39,14.62,5.17,71.33,1.88,4.36,63.77,-16.25,-69.08333,3826
Yunguyo,2007-11-18,10.79,16.5,7.03,68.26,0.41,3.92,63.73,-16.25,-69.08333,3826
Yunguyo,2007-11-19,9.85,14.89,5.92,70.89,0.19,3.14,63.71,-16.25,-69.08333,3826
Yunguyo,2007-11-20,8.95,12.35,6.95,78.75,11.87,4.43,63.7,-16.25,-69.08333,3826
Yunguyo,2007-11-21,8.43,13.13,5.58,76.85,7.01,5.13,63.85,-16.25,-69.08333,3826
Yunguyo,2007-11-22,9.2,14.3,5.13,74.01,5.64,3.2,63.81,-16.25,-69.08333,3826
Yunguyo,2007-11-23,9.01,14.79,3.15,71.61,1.45,1.88,63.66,-16.25,-69.08333,3826
Yunguyo,2007-11-24,11.47,16.9,7.16,58.27,0.82,2.91,63.5,-16.25,-69.08333,3826
Yunguyo,2007-11-25,11.62,17.06,7.63,61.18,0.19,3.03,63.56,-16.25,-69.08333,3826
Yunguyo,2007-11-26,10.67,16.49,4.42,61.73,0.15,1.67,63.72,-16.25,-69.08333,3826
Yunguyo,2007-11-27,10.34,13.93,7.41,63.1,0.07,2.06,63.74,-16.25,-69.08333,3826
Yunguyo,2007-11-28,10.04,14.1,7.2,65.13,0.02,3.2,63.72,-16.25,-69.08333,3826
Yunguyo,2007-11-29,9.63,15.04,5.98,66.31,0.0,3.63,63.68,-16.25,-69.08333,3826
Yunguyo,2007-11-30,8.67,12.79,4.83,71.51,2.64,2.82,63.68,-16.25,-69.08333,3826
Yunguyo,2007-12-01,8.61,13.27,5.46,71.93,3.42,2.85,63.7,-16.25,-69.08333,3826
Yunguyo,2007-12-02,9.2,14.12,5.78,71.22,1.04,3.26,63.69,-16.25,-69.08333,3826
Yunguyo,2007-12-03,9.11,14.5,5.23,66.04,2.37,1.83,63.66,-16.25,-69.08333,3826
Yunguyo,2007-12-04,11.14,18.14,6.05,49.6,2.19,4.8,63.51,-16.25,-69.08333,3826
Yunguyo,2007-12-05,10.68,16.76,6.52,50.09,1.39,5.09,63.61,-16.25,-69.08333,3826
Yunguyo,2007-12-06,9.31,13.19,6.32,70.2,0.37,2.94,63.77,-16.25,-69.08333,3826
Yunguyo,2007-12-07,10.98,16.37,6.36,60.75,0.24,3.11,63.62,-16.25,-69.08333,3826
Yunguyo,2007-12-08,10.41,15.16,4.9,62.89,0.31,2.87,63.53,-16.25,-69.08333,3826
Yunguyo,2007-12-09,10.6,17.75,5.42,43.5,1.17,4.53,63.6,-16.25,-69.08333,3826
Yunguyo,2007-12-10,11.56,18.37,4.87,41.64,0.24,3.43,63.68,-16.25,-69.08333,3826
Yunguyo,2007-12-11,10.13,14.87,7.05,68.75,0.72,3.62,63.75,-16.25,-69.08333,3826
Yunguyo,2007-12-12,9.37,13.82,5.89,72.05,0.15,4.88,63.75,-16.25,-69.08333,3826
Yunguyo,2007-12-13,10.9,16.89,6.21,65.92,0.03,4.14,63.72,-16.25,-69.08333,3826
Yunguyo,2007-12-14,11.12,16.23,7.14,64.35,4.88,3.26,63.63,-16.25,-69.08333,3826
Yunguyo,2007-12-15,8.33,12.59,3.96,82.19,9.73,3.44,63.47,-16.25,-69.08333,3826
Yunguyo,2007-12-16,7.97,12.05,4.5,77.51,3.46,4.13,63.52,-16.25,-69.08333,3826
Yunguyo,2007-12-17,7.63,12.35,3.96,77.28,1.24,1.6,63.64,-16.25,-69.08333,3826
Yunguyo,2007-12-18,8.47,13.63,3.36,79.2,3.16,3.38,63.7,-16.25,-69.08333,3826
Yunguyo,2007-12-19,9.08,12.61,6.0,81.15,18.24,4.95,63.67,-16.25,-69.08333,3826
Yunguyo,2007-12-20,10.14,15.29,6.48,71.57,1.42,4.0,63.69,-16.25,-69.08333,3826
Yunguyo,2007-12-21,10.42,15.5,6.45,66.9,0.31,3.98,63.74,-16.25,-69.08333,3826
Yunguyo,2007-12-22,10.65,15.89,6.43,67.58,0.86,4.04,63.82,-16.25,-69.08333,3826
Yunguyo,2007-12-23,10.65,16.41,5.24,64.28,0.19,3.06,63.8,-16.25,-69.08333,3826
Yunguyo,2007-12-24,11.74,16.84,7.51,64.41,0.22,2.46,63.7,-16.25,-69.08333,3826
Yunguyo,2007-12-25,8.92,12.57,6.47,76.48,1.59,4.4,63.62,-16.25,-69.08333,3826
Yunguyo,2007-12-26,10.4,16.0,6.0,67.86,0.35,3.18,63.54,-16.25,-69.08333,3826
Yunguyo,2007-12-27,10.19,15.51,5.33,71.6,0.39,3.91,63.53,-16.25,-69.08333,3826
Yunguyo,2007-12-28,10.18,15.08,5.1,71.12,0.84,3.04,63.6,-16.25,-69.08333,3826
Yunguyo,2007-12-29,10.55,15.6,6.89,66.71,0.92,2.95,63.66,-16.25,-69.08333,3826
Yunguyo,2007-12-30,10.79,16.21,7.47,63.79,0.89,3.09,63.68,-16.25,-69.08333,3826
Yunguyo,2007-12-31,9.35,13.49,6.73,71.15,1.19,4.59,63.72,-16.25,-69.08333,3826
Yunguyo,2008-01-01,9.67,14.71,5.96,72.05,3.83,4.26,63.67,-16.25,-69.08333,3826
Yunguyo,2008-01-02,8.93,12.51,5.94,78.3,5.05,4.02,63.61,-16.25,-69.08333,3826
Yunguyo,2008-01-03,9.29,13.97,5.45,78.63,2.13,5.06,63.7,-16.25,-69.08333,3826
Yunguyo,2008-01-04,9.1,12.72,6.75,78.33,1.99,5.24,63.86,-16.25,-69.08333,3826
Yunguyo,2008-01-05,8.18,10.74,5.84,78.58,3.53,4.47,63.88,-16.25,-69.08333,3826
Yunguyo,2008-01-06,9.07,13.83,5.38,74.92,3.85,4.07,63.8,-16.25,-69.08333,3826
Yunguyo,2008-01-07,10.18,15.35,6.01,71.97,3.94,3.73,63.77,-16.25,-69.08333,3826
Yunguyo,2008-01-08,10.01,14.01,7.02,71.93,0.83,3.83,63.72,-16.25,-69.08333,3826
Yunguyo,2008-01-09,8.15,10.6,5.6,80.93,7.02,2.84,63.55,-16.25,-69.08333,3826
Yunguyo,2008-01-10,8.7,15.16,3.74,74.34,1.97,2.43,63.44,-16.25,-69.08333,3826
Yunguyo,2008-01-11,9.39,14.02,4.89,78.42,9.17,5.48,63.47,-16.25,-69.08333,3826
Yunguyo,2008-01-12,9.31,13.2,6.05,79.65,19.12,5.83,63.62,-16.25,-69.08333,3826
Yunguyo,2008-01-13,9.92,14.32,5.94,76.46,2.77,4.3,63.64,-16.25,-69.08333,3826
Yunguyo,2008-01-14,8.42,10.46,5.93,83.61,2.83,5.43,63.7,-16.25,-69.08333,3826
Yunguyo,2008-01-15,8.33,13.13,4.98,79.2,1.68,5.36,63.7,-16.25,-69.08333,3826
Yunguyo,2008-01-16,9.45,14.86,5.28,72.25,1.86,4.44,63.66,-16.25,-69.08333,3826
Yunguyo,2008-01-17,9.87,15.36,5.93,58.23,0.39,3.92,63.69,-16.25,-69.08333,3826
Yunguyo,2008-01-18,11.1,16.42,6.84,56.33,0.28,2.99,63.65,-16.25,-69.08333,3826
Yunguyo,2008-01-19,9.24,11.2,7.17,81.79,1.91,4.39,63.59,-16.25,-69.08333,3826
Yunguyo,2008-01-20,8.89,13.71,4.47,75.52,10.55,2.24,63.6,-16.25,-69.08333,3826
Yunguyo,2008-01-21,10.04,15.26,5.88,70.72,7.91,2.25,63.6,-16.25,-69.08333,3826
Yunguyo,2008-01-22,10.11,14.57,6.13,66.0,8.09,2.21,63.55,-16.25,-69.08333,3826
Yunguyo,2008-01-23,9.35,13.66,4.79,69.72,13.64,3.8,63.55,-16.25,-69.08333,3826
Yunguyo,2008-01-24,9.05,13.04,5.36,80.65,32.08,3.22,63.58,-16.25,-69.08333,3826
Yunguyo,2008-01-25,8.44,13.49,3.56,72.6,1.69,1.94,63.67,-16.25,-69.08333,3826
Yunguyo,2008-01-26,11.09,16.97,5.91,53.34,0.97,2.94,63.63,-16.25,-69.08333,3826
Yunguyo,2008-01-27,11.03,15.19,7.59,63.02,0.87,3.92,63.61,-16.25,-69.08333,3826
Yunguyo,2008-01-28,8.45,13.12,5.21,79.23,0.99,1.86,63.61,-16.25,-69.08333,3826
Yunguyo,2008-01-29,9.05,13.95,5.32,75.34,3.39,2.87,63.6,-16.25,-69.08333,3826
Yunguyo,2008-01-30,9.07,14.47,4.47,76.3,4.33,2.87,63.56,-16.25,-69.08333,3826
Yunguyo,2008-01-31,9.86,16.02,3.77,62.39,5.33,1.93,63.51,-16.25,-69.08333,3826
Yunguyo,2008-02-01,10.3,15.56,5.44,59.43,0.19,3.25,63.5,-16.25,-69.08333,3826
Yunguyo,2008-02-02,8.56,13.57,3.37,74.84,1.27,3.65,63.58,-16.25,-69.08333,3826
Yunguyo,2008-02-03,7.77,12.42,4.46,79.82,2.16,5.65,63.76,-16.25,-69.08333,3826
Yunguyo,2008-02-04,8.7,14.42,4.14,73.9,0.23,4.71,63.85,-16.25,-69.08333,3826
Yunguyo,2008-02-05,9.75,15.33,5.29,69.98,0.01,4.36,63.87,-16.25,-69.08333,3826
Yunguyo,2008-02-06,10.47,16.1,5.47,64.41,0.0,3.51,63.83,-16.25,-69.08333,3826
Yunguyo,2008-02-07,11.16,15.7,7.6,67.44,4.26,2.65,63.77,-16.25,-69.08333,3826
Yunguyo,2008-02-08,11.03,16.01,7.57,66.35,1.55,3.4,63.74,-16.25,-69.08333,3826
Yunguyo,2008-02-09,10.94,16.61,7.19,64.41,0.69,3.26,63.67,-16.25,-69.08333,3826
Yunguyo,2008-02-10,11.21,16.18,7.45,60.76,0.5,3.55,63.63,-16.25,-69.08333,3826
Yunguyo,2008-02-11,9.3,13.05,6.77,76.34,9.54,4.77,63.69,-16.25,-69.08333,3826
Yunguyo,2008-02-12,9.33,13.83,5.98,72.83,0.68,3.46,63.71,-16.25,-69.08333,3826
Yunguyo,2008-02-13,9.66,14.55,5.91,71.0,0.0,3.26,63.71,-16.25,-69.08333,3826
Yunguyo,2008-02-14,10.74,15.84,7.15,69.14,0.0,3.8,63.73,-16.25,-69.08333,3826
Yunguyo,2008-02-15,11.04,16.3,7.27,68.21,0.01,4.13,63.74,-16.25,-69.08333,3826
Yunguyo,2008-02-16,8.96,10.86,6.85,69.12,1.7,3.77,63.74,-16.25,-69.08333,3826
Yunguyo,2008-02-17,8.8,12.85,5.25,67.15,0.01,4.18,63.78,-16.25,-69.08333,3826
Yunguyo,2008-02-18,8.55,12.29,5.76,77.1,0.2,5.03,63.88,-16.25,-69.08333,3826
Yunguyo,2008-02-19,7.7,12.71,4.57,77.52,1.61,4.17,63.95,-16.25,-69.08333,3826
Yunguyo,2008-02-20,8.72,13.19,5.76,70.43,7.44,3.64,63.83,-16.25,-69.08333,3826
Yunguyo,2008-02-21,8.36,12.61,5.09,69.1,7.96,2.91,63.67,-16.25,-69.08333,3826
Yunguyo,2008-02-22,9.66,13.93,5.77,70.88,3.62,2.59,63.65,-16.25,-69.08333,3826
Yunguyo,2008-02-23,9.32,11.71,7.31,81.77,7.76,3.78,63.76,-16.25,-69.08333,3826
Yunguyo,2008-02-24,9.46,13.8,5.74,78.49,3.48,3.37,63.8,-16.25,-69.08333,3826
Yunguyo,2008-02-25,9.33,13.34,6.71,78.59,2.06,3.59,63.68,-16.25,-69.08333,3826
Yunguyo,2008-02-26,7.96,12.85,4.6,80.44,7.55,2.6,63.59,-16.25,-69.08333,3826
Yunguyo,2008-02-27,8.33,11.63,4.89,69.06,1.54,2.49,63.64,-16.25,-69.08333,3826
Yunguyo,2008-02-28,9.97,15.24,5.11,64.77,0.38,1.87,63.62,-16.25,-69.08333,3826
Yunguyo,2008-02-29,8.75,14.24,2.4,70.57,0.44,1.96,63.63,-16.25,-69.08333,3826
Yunguyo,2008-03-01,9.93,15.3,5.66,62.42,1.71,3.09,63.56,-16.25,-69.08333,3826
Yunguyo,2008-03-02,8.19,13.32,3.24,78.87,3.91,3.1,63.53,-16.25,-69.08333,3826
Yunguyo,2008-03-03,8.75,13.62,3.39,72.82,2.9,3.84,63.66,-16.25,-69.08333,3826
Yunguyo,2008-03-04,7.32,10.33,4.47,83.82,3.91,3.12,63.71,-16.25,-69.08333,3826
Yunguyo,2008-03-05,6.69,10.19,3.03,73.04,1.59,2.12,63.68,-16.25,-69.08333,3826
Yunguyo,2008-03-06,9.87,15.44,4.87,51.28,0.35,2.1,63.54,-16.25,-69.08333,3826
Yunguyo,2008-03-07,7.72,10.01,5.82,79.52,1.9,2.56,63.62,-16.25,-69.08333,3826
Yunguyo,2008-03-08,9.13,14.63,4.41,67.37,0.83,2.63,63.68,-16.25,-69.08333,3826
Yunguyo,2008-03-09,8.88,13.67,4.71,77.34,2.47,2.93,63.69,-16.25,-69.08333,3826
Yunguyo,2008-03-10,7.75,11.82,4.73,82.27,8.0,2.53,63.67,-16.25,-69.08333,3826
Yunguyo,2008-03-11,9.12,13.52,5.8,78.51,1.35,4.52,63.62,-16.25,-69.08333,3826
Yunguyo,2008-03-12,8.84,13.28,5.76,78.55,0.37,5.16,63.75,-16.25,-69.08333,3826
Yunguyo,2008-03-13,9.17,13.71,5.92,77.2,1.13,4.25,63.87,-16.25,-69.08333,3826
Yunguyo,2008-03-14,8.8,12.98,5.39,75.6,0.5,4.25,63.85,-16.25,-69.08333,3826
Yunguyo,2008-03-15,9.17,14.82,4.86,71.9,0.0,3.8,63.83,-16.25,-69.08333,3826
Yunguyo,2008-03-16,9.38,15.22,5.34,64.81,0.0,3.51,63.87,-16.25,-69.08333,3826
Yunguyo,2008-03-17,9.18,15.09,5.07,56.9,0.0,3.43,63.85,-16.25,-69.08333,3826
Yunguyo,2008-03-18,7.49,12.6,3.35,62.26,0.0,4.09,63.86,-16.25,-69.08333,3826
Yunguyo,2008-03-19,8.65,14.79,4.06,53.55,0.0,3.38,63.8,-16.25,-69.08333,3826
Yunguyo,2008-03-20,9.12,14.51,4.24,45.86,0.12,3.95,63.87,-16.25,-69.08333,3826
Yunguyo,2008-03-21,7.64,13.73,2.63,63.3,0.01,4.23,63.87,-16.25,-69.08333,3826
Yunguyo,2008-03-22,8.29,13.89,4.47,56.14,0.1,4.27,63.78,-16.25,-69.08333,3826
Yunguyo,2008-03-23,7.62,12.85,2.83,70.83,0.38,4.16,63.88,-16.25,-69.08333,3826
Yunguyo,2008-03-24,7.93,13.07,4.57,75.63,0.11,4.32,63.95,-16.25,-69.08333,3826
Yunguyo,2008-03-25,9.14,14.61,4.88,67.54,0.01,3.47,63.97,-16.25,-69.08333,3826
Yunguyo,2008-03-26,10.07,15.92,6.19,60.05,0.0,3.55,63.85,-16.25,-69.08333,3826
Yunguyo,2008-03-27,10.27,15.98,5.89,51.57,0.0,3.01,63.74,-16.25,-69.08333,3826
Yunguyo,2008-03-28,10.56,16.22,7.11,61.74,0.0,3.43,63.74,-16.25,-69.08333,3826
Yunguyo,2008-03-29,9.38,14.48,5.78,71.52,0.0,3.84,63.81,-16.25,-69.08333,3826
Yunguyo,2008-03-30,9.45,13.92,6.08,72.55,3.71,3.12,63.77,-16.25,-69.08333,3826
Yunguyo,2008-03-31,9.52,13.87,6.41,72.62,2.2,2.38,63.64,-16.25,-69.08333,3826
Yunguyo,2008-04-01,8.57,12.52,5.43,75.37,0.73,2.92,63.54,-16.25,-69.08333,3826
Yunguyo,2008-04-02,8.84,13.16,5.95,77.22,0.42,3.73,63.52,-16.25,-69.08333,3826
Yunguyo,2008-04-03,7.76,12.79,4.21,75.51,0.12,3.84,63.61,-16.25,-69.08333,3826
Yunguyo,2008-04-04,8.87,14.8,5.16,64.38,0.02,2.66,63.62,-16.25,-69.08333,3826
Yunguyo,2008-04-05,8.31,13.87,4.18,68.32,0.0,3.17,63.68,-16.25,-69.08333,3826
Yunguyo,2008-04-06,9.67,16.17,5.3,49.09,0.0,1.42,63.63,-16.25,-69.08333,3826
Yunguyo,2008-04-07,9.37,15.02,4.14,47.74,0.0,2.13,63.65,-16.25,-69.08333,3826
Yunguyo,2008-04-08,10.35,15.22,7.16,64.24,0.0,3.5,63.66,-16.25,-69.08333,3826
Yunguyo,2008-04-09,8.63,12.62,5.68,72.25,0.0,3.79,63.78,-16.25,-69.08333,3826
Yunguyo,2008-04-10,9.08,12.63,5.72,70.81,0.0,2.95,63.76,-16.25,-69.08333,3826
Yunguyo,2008-04-11,8.48,12.74,5.36,61.7,0.0,3.32,63.73,-16.25,-69.08333,3826
Yunguyo,2008-04-12,9.12,14.68,5.45,51.23,0.0,2.85,63.67,-16.25,-69.08333,3826
Yunguyo,2008-04-13,9.48,15.1,5.25,59.64,0.01,2.46,63.64,-16.25,-69.08333,3826
Yunguyo,2008-04-14,8.59,12.42,5.27,74.02,1.85,3.58,63.68,-16.25,-69.08333,3826
Yunguyo,2008-04-15,9.67,14.75,5.99,61.85,0.37,2.46,63.57,-16.25,-69.08333,3826
Yunguyo,2008-04-16,8.19,13.46,3.83,71.41,0.06,2.56,63.67,-16.25,-69.08333,3826
Yunguyo,2008-04-17,8.63,14.15,3.72,72.62,0.03,2.63,63.83,-16.25,-69.08333,3826
Yunguyo,2008-04-18,9.29,13.96,6.02,73.64,0.0,2.98,63.85,-16.25,-69.08333,3826
Yunguyo,2008-04-19,10.16,15.39,6.26,61.06,0.0,1.96,63.78,-16.25,-69.08333,3826
Yunguyo,2008-04-20,9.33,14.35,5.64,65.06,0.17,3.35,63.75,-16.25,-69.08333,3826
Yunguyo,2008-04-21,8.67,13.36,4.59,69.82,0.22,3.36,63.78,-16.25,-69.08333,3826
Yunguyo,2008-04-22,9.22,13.96,5.53,67.25,0.04,2.87,63.82,-16.25,-69.08333,3826
Yunguyo,2008-04-23,9.62,14.63,6.41,60.91,0.0,2.6,63.84,-16.25,-69.08333,3826
Yunguyo,2008-04-24,9.59,14.53,5.66,58.73,0.0,2.52,63.79,-16.25,-69.08333,3826
Yunguyo,2008-04-25,9.49,14.35,5.97,64.6,0.0,2.27,63.7,-16.25,-69.08333,3826
Yunguyo,2008-04-26,10.17,15.03,5.95,54.93,0.0,2.05,63.67,-16.25,-69.08333,3826
Yunguyo,2008-04-27,10.0,14.67,6.16,60.25,0.23,2.47,63.69,-16.25,-69.08333,3826
Yunguyo,2008-04-28,10.52,15.53,7.54,65.15,0.01,1.94,63.69,-16.25,-69.08333,3826
Yunguyo,2008-04-29,10.58,14.88,7.83,64.61,1.04,3.19,63.73,-16.25,-69.08333,3826
Yunguyo,2008-04-30,10.42,16.64,5.96,56.76,1.53,3.22,63.66,-16.25,-69.08333,3826
Yunguyo,2008-05-01,8.91,16.45,2.74,34.7,0.0,2.87,63.67,-16.25,-69.08333,3826
Yunguyo,2008-05-02,8.21,14.57,4.08,55.87,0.0,2.58,63.73,-16.25,-69.08333,3826
Yunguyo,2008-05-03,8.17,14.97,3.49,51.86,0.0,1.76,63.74,-16.25,-69.08333,3826
Yunguyo,2008-05-04,8.87,16.35,3.18,34.51,0.0,1.59,63.71,-16.25,-69.08333,3826
Yunguyo,2008-05-05,9.26,15.67,5.4,39.97,0.0,2.26,63.77,-16.25,-69.08333,3826
Yunguyo,2008-05-06,8.86,14.86,4.38,58.95,0.0,1.98,63.74,-16.25,-69.08333,3826
Yunguyo,2008-05-07,9.03,14.48,5.3,60.06,0.0,2.78,63.72,-16.25,-69.08333,3826
Yunguyo,2008-05-08,9.02,14.3,5.67,65.65,1.57,2.79,63.77,-16.25,-69.08333,3826
Yunguyo,2008-05-09,7.52,11.6,4.42,69.75,0.75,2.29,63.85,-16.25,-69.08333,3826
Yunguyo,2008-05-10,5.9,8.94,4.44,62.0,0.09,2.51,63.85,-16.25,-69.08333,3826
Yunguyo,2008-05-11,6.34,9.69,3.75,53.43,0.06,1.53,63.89,-16.25,-69.08333,3826
Yunguyo,2008-05-12,6.5,11.12,2.78,68.51,0.7,2.5,63.87,-16.25,-69.08333,3826
Yunguyo,2008-05-13,4.78,7.61,3.18,82.67,0.06,2.11,63.88,-16.25,-69.08333,3826
Yunguyo,2008-05-14,7.23,12.89,3.08,60.28,0.0,1.59,63.83,-16.25,-69.08333,3826
Yunguyo,2008-05-15,7.62,13.63,2.75,44.76,0.0,2.41,63.82,-16.25,-69.08333,3826
Yunguyo,2008-05-16,7.59,12.8,3.99,59.24,0.0,1.9,63.89,-16.25,-69.08333,3826
Yunguyo,2008-05-17,8.55,13.79,4.32,52.13,0.0,1.45,63.88,-16.25,-69.08333,3826
Yunguyo,2008-05-18,9.18,14.77,5.22,48.37,0.0,1.49,63.91,-16.25,-69.08333,3826
Yunguyo,2008-05-19,9.38,15.18,5.12,56.03,0.0,2.1,63.94,-16.25,-69.08333,3826
Yunguyo,2008-05-20,9.11,14.97,5.04,54.31,0.0,2.01,63.93,-16.25,-69.08333,3826
Yunguyo,2008-05-21,9.03,14.93,5.03,50.54,0.0,2.33,63.85,-16.25,-69.08333,3826
Yunguyo,2008-05-22,8.11,13.96,4.44,52.33,0.03,2.28,63.88,-16.25,-69.08333,3826
Yunguyo,2008-05-23,8.44,14.11,3.92,51.63,0.02,1.8,63.87,-16.25,-69.08333,3826
Yunguyo,2008-05-24,7.61,11.61,3.84,72.42,0.08,2.94,63.83,-16.25,-69.08333,3826
Yunguyo,2008-05-25,7.25,12.92,2.88,61.24,0.1,2.08,63.64,-16.25,-69.08333,3826
Yunguyo,2008-05-26,7.29,12.58,3.41,40.16,0.09,1.7,63.58,-16.25,-69.08333,3826
Yunguyo,2008-05-27,6.77,12.45,2.09,37.85,0.01,2.66,63.59,-16.25,-69.08333,3826
Yunguyo,2008-05-28,6.66,13.0,1.39,36.38,0.07,2.41,63.64,-16.25,-69.08333,3826
Yunguyo,2008-05-29,7.35,12.35,3.45,46.88,0.12,2.6,63.73,-16.25,-69.08333,3826
Yunguyo,2008-05-30,7.7,13.84,3.95,51.87,0.06,2.22,63.78,-16.25,-69.08333,3826
Yunguyo,2008-05-31,7.11,12.71,3.67,42.75,0.0,2.54,63.88,-16.25,-69.08333,3826
Yunguyo,2008-06-01,7.24,12.47,3.55,72.01,0.0,2.78,63.9,-16.25,-69.08333,3826
Yunguyo,2008-06-02,8.2,13.8,4.54,50.72,0.0,1.7,63.87,-16.25,-69.08333,3826
Yunguyo,2008-06-03,7.25,12.39,3.63,38.38,0.0,1.9,63.87,-16.25,-69.08333,3826
Yunguyo,2008-06-04,8.12,13.16,4.46,38.12,0.0,1.63,63.85,-16.25,-69.08333,3826
Yunguyo,2008-06-05,8.14,13.45,4.68,34.75,0.0,2.19,63.86,-16.25,-69.08333,3826
Yunguyo,2008-06-06,6.63,12.25,3.31,43.65,0.0,2.05,63.89,-16.25,-69.08333,3826
Yunguyo,2008-06-07,7.58,13.67,2.93,43.71,0.0,1.79,63.79,-16.25,-69.08333,3826
Yunguyo,2008-06-08,7.69,13.55,3.5,32.87,0.0,1.76,63.75,-16.25,-69.08333,3826
Yunguyo,2008-06-09,7.19,12.55,2.39,45.05,0.19,3.35,63.82,-16.25,-69.08333,3826
Yunguyo,2008-06-10,5.46,8.18,2.87,84.22,0.41,3.89,63.73,-16.25,-69.08333,3826
Yunguyo,2008-06-11,5.46,11.0,1.28,70.19,1.88,3.21,63.66,-16.25,-69.08333,3826
Yunguyo,2008-06-12,6.51,13.38,1.98,51.87,0.83,3.9,63.67,-16.25,-69.08333,3826
Yunguyo,2008-06-13,6.2,13.09,1.22,51.55,0.15,2.68,63.74,-16.25,-69.08333,3826
Yunguyo,2008-06-14,6.95,11.81,2.64,48.03,0.01,1.7,63.77,-16.25,-69.08333,3826
Yunguyo,2008-06-15,6.82,10.65,4.55,65.6,0.19,2.57,63.93,-16.25,-69.08333,3826
Yunguyo,2008-06-16,6.81,11.53,3.18,75.28,0.05,2.25,64.0,-16.25,-69.08333,3826
Yunguyo,2008-06-17,8.44,14.0,4.57,63.84,0.0,1.71,63.91,-16.25,-69.08333,3826
Yunguyo,2008-06-18,8.88,14.72,4.53,60.13,0.0,2.07,63.73,-16.25,-69.08333,3826
Yunguyo,2008-06-19,8.71,14.8,3.43,50.71,0.0,2.77,63.69,-16.25,-69.08333,3826
Yunguyo,2008-06-20,8.55,13.64,5.07,62.4,0.0,2.66,63.74,-16.25,-69.08333,3826
Yunguyo,2008-06-21,8.65,13.67,5.06,56.5,0.0,2.52,63.73,-16.25,-69.08333,3826
Yunguyo,2008-06-22,7.76,13.25,4.01,50.9,0.0,2.73,63.71,-16.25,-69.08333,3826
Yunguyo,2008-06-23,7.41,12.85,3.46,58.28,0.0,2.38,63.78,-16.25,-69.08333,3826
Yunguyo,2008-06-24,7.28,12.42,3.84,68.86,0.0,2.47,63.87,-16.25,-69.08333,3826
Yunguyo,2008-06-25,7.92,13.13,4.09,66.56,0.0,2.5,63.75,-16.25,-69.08333,3826
Yunguyo,2008-06-26,7.68,14.85,2.96,55.58,0.09,3.04,63.63,-16.25,-69.08333,3826
Yunguyo,2008-06-27,6.21,12.03,1.66,47.89,0.0,3.88,63.75,-16.25,-69.08333,3826
Yunguyo,2008-06-28,6.8,12.0,3.25,69.12,0.0,3.04,63.9,-16.25,-69.08333,3826
Yunguyo,2008-06-29,6.87,12.52,2.89,46.52,0.0,1.9,63.96,-16.25,-69.08333,3826
Yunguyo,2008-06-30,7.25,12.78,3.17,47.48,0.0,1.6,63.88,-16.25,-69.08333,3826
Yunguyo,2008-07-01,7.21,12.9,3.39,47.19,0.0,2.16,63.88,-16.25,-69.08333,3826
Yunguyo,2008-07-02,6.17,12.1,2.55,61.85,0.0,2.05,63.96,-16.25,-69.08333,3826
Yunguyo,2008-07-03,5.88,11.77,1.87,61.32,0.0,2.37,63.97,-16.25,-69.08333,3826
Yunguyo,2008-07-04,6.34,11.86,1.94,58.2,0.0,1.83,63.94,-16.25,-69.08333,3826
Yunguyo,2008-07-05,7.75,14.04,2.75,43.16,0.0,2.1,63.82,-16.25,-69.08333,3826
Yunguyo,2008-07-06,7.76,13.35,3.9,46.35,0.0,2.55,63.75,-16.25,-69.08333,3826
Yunguyo,2008-07-07,8.0,13.44,4.07,56.91,0.2,2.82,63.74,-16.25,-69.08333,3826
Yunguyo,2008-07-08,7.49,12.29,4.28,62.73,0.48,2.81,63.81,-16.25,-69.08333,3826
Yunguyo,2008-07-09,7.73,12.16,4.6,72.76,0.22,2.77,63.87,-16.25,-69.08333,3826
Yunguyo,2008-07-10,7.68,12.36,4.43,76.49,0.01,3.48,63.96,-16.25,-69.08333,3826
Yunguyo,2008-07-11,6.85,12.28,2.74,60.88,0.0,2.14,64.02,-16.25,-69.08333,3826
Yunguyo,2008-07-12,7.54,13.21,2.87,48.38,0.0,1.81,63.9,-16.25,-69.08333,3826
Yunguyo,2008-07-13,7.1,13.15,2.57,52.94,0.13,3.42,63.81,-16.25,-69.08333,3826
Yunguyo,2008-07-14,5.15,9.61,1.36,74.13,0.04,3.34,63.9,-16.25,-69.08333,3826
Yunguyo,2008-07-15,5.73,11.17,1.83,65.5,0.0,2.93,64.0,-16.25,-69.08333,3826
Yunguyo,2008-07-16,7.16,12.33,3.24,62.81,0.0,1.86,63.92,-16.25,-69.08333,3826
Yunguyo,2008-07-17,7.84,13.05,4.23,51.1,0.0,2.32,63.71,-16.25,-69.08333,3826
Yunguyo,2008-07-18,7.69,12.66,4.02,60.75,0.59,2.58,63.68,-16.25,-69.08333,3826
Yunguyo,2008-07-19,7.92,12.52,4.9,64.28,0.02,2.8,63.71,-16.25,-69.08333,3826
Yunguyo,2008-07-20,8.18,12.62,4.3,52.69,0.0,2.23,63.77,-16.25,-69.08333,3826
Yunguyo,2008-07-21,7.03,13.29,2.28,33.08,0.0,3.78,63.79,-16.25,-69.08333,3826
Yunguyo,2008-07-22,6.32,11.82,2.06,39.84,0.0,3.06,63.82,-16.25,-69.08333,3826
Yunguyo,2008-07-23,7.89,13.34,3.77,62.35,0.05,2.45,63.8,-16.25,-69.08333,3826
Yunguyo,2008-07-24,7.81,13.02,4.31,69.46,0.01,3.12,63.87,-16.25,-69.08333,3826
Yunguyo,2008-07-25,8.02,12.88,4.51,67.61,0.0,2.71,63.9,-16.25,-69.08333,3826
Yunguyo,2008-07-26,7.98,13.01,4.8,59.51,0.0,2.9,63.83,-16.25,-69.08333,3826
Yunguyo,2008-07-27,7.85,13.14,4.31,64.73,0.0,2.82,63.81,-16.25,-69.08333,3826
Yunguyo,2008-07-28,7.04,11.65,3.78,74.16,0.0,3.74,63.84,-16.25,-69.08333,3826
Yunguyo,2008-07-29,5.93,9.29,3.6,73.25,0.6,2.66,63.8,-16.25,-69.08333,3826
Yunguyo,2008-07-30,7.19,10.78,2.99,57.37,0.34,2.82,63.67,-16.25,-69.08333,3826
Yunguyo,2008-07-31,7.48,13.84,2.65,41.65,0.29,3.0,63.6,-16.25,-69.08333,3826
Yunguyo,2008-08-01,6.91,13.87,1.97,28.73,0.09,4.42,63.71,-16.25,-69.08333,3826
Yunguyo,2008-08-02,6.83,12.95,1.33,25.23,0.01,2.22,63.75,-16.25,-69.08333,3826
Yunguyo,2008-08-03,6.86,12.01,3.05,38.04,0.06,2.3,63.75,-16.25,-69.08333,3826
Yunguyo,2008-08-04,7.65,13.45,4.02,55.05,0.01,2.07,63.66,-16.25,-69.08333,3826
Yunguyo,2008-08-05,7.17,12.54,3.69,45.19,0.0,2.4,63.73,-16.25,-69.08333,3826
Yunguyo,2008-08-06,7.57,12.98,3.02,60.24,0.0,1.48,63.7,-16.25,-69.08333,3826
Yunguyo,2008-08-07,6.49,11.99,2.34,53.85,0.0,2.13,63.77,-16.25,-69.08333,3826
Yunguyo,2008-08-08,3.61,5.48,1.54,82.96,0.98,2.12,63.79,-16.25,-69.08333,3826
Yunguyo,2008-08-09,6.38,12.26,2.13,61.24,0.21,2.29,63.9,-16.25,-69.08333,3826
Yunguyo,2008-08-10,7.92,13.43,3.53,63.38,0.04,2.04,63.92,-16.25,-69.08333,3826
Yunguyo,2008-08-11,8.68,14.28,4.05,58.41,0.03,2.65,63.82,-16.25,-69.08333,3826
Yunguyo,2008-08-12,9.36,14.99,4.97,54.56,0.17,3.09,63.79,-16.25,-69.08333,3826
Yunguyo,2008-08-13,9.68,15.33,5.89,60.98,0.01,3.22,63.83,-16.25,-69.08333,3826
Yunguyo,2008-08-14,8.88,14.69,4.72,51.14,0.0,2.35,63.94,-16.25,-69.08333,3826
Yunguyo,2008-08-15,9.43,15.24,4.73,53.64,0.0,2.17,63.93,-16.25,-69.08333,3826
Yunguyo,2008-08-16,9.44,14.92,4.89,48.03,0.0,1.6,63.8,-16.25,-69.08333,3826
Yunguyo,2008-08-17,9.89,15.1,6.15,61.1,0.0,2.94,63.73,-16.25,-69.08333,3826
Yunguyo,2008-08-18,8.83,12.05,6.73,73.74,0.07,3.31,63.79,-16.25,-69.08333,3826
Yunguyo,2008-08-19,8.49,12.34,6.04,74.44,0.01,3.38,63.84,-16.25,-69.08333,3826
Yunguyo,2008-08-20,8.66,12.78,5.89,75.41,3.49,2.87,63.83,-16.25,-69.08333,3826
Yunguyo,2008-08-21,8.76,12.98,6.23,73.86,0.16,3.88,63.84,-16.25,-69.08333,3826
Yunguyo,2008-08-22,8.32,13.25,5.27,73.41,0.0,3.99,63.84,-16.25,-69.08333,3826
Yunguyo,2008-08-23,8.93,15.27,4.77,64.06,0.0,2.56,63.83,-16.25,-69.08333,3826
Yunguyo,2008-08-24,7.97,13.98,3.36,61.91,0.0,3.24,63.87,-16.25,-69.08333,3826
Yunguyo,2008-08-25,7.5,13.78,3.36,60.01,0.0,3.32,63.93,-16.25,-69.08333,3826
Yunguyo,2008-08-26,8.12,14.11,3.69,62.43,0.0,2.87,63.91,-16.25,-69.08333,3826
Yunguyo,2008-08-27,9.42,15.41,4.68,50.4,0.0,2.27,63.77,-16.25,-69.08333,3826
Yunguyo,2008-08-28,7.81,13.57,2.33,43.85,0.31,4.07,63.76,-16.25,-69.08333,3826
Yunguyo,2008-08-29,8.43,15.6,3.72,69.33,0.26,3.84,63.68,-16.25,-69.08333,3826
Yunguyo,2008-08-30,8.64,16.0,3.59,56.25,0.0,2.61,63.67,-16.25,-69.08333,3826
Yunguyo,2008-08-31,8.31,14.91,3.56,47.15,0.0,2.4,63.74,-16.25,-69.08333,3826
Yunguyo,2008-09-01,8.84,15.5,4.74,51.04,0.0,2.97,63.82,-16.25,-69.08333,3826
Yunguyo,2008-09-02,9.14,15.69,4.02,48.14,0.0,2.39,63.82,-16.25,-69.08333,3826
Yunguyo,2008-09-03,9.14,15.34,4.5,58.75,0.0,4.04,63.7,-16.25,-69.08333,3826
Yunguyo,2008-09-04,8.08,13.3,5.43,72.63,1.62,3.72,63.66,-16.25,-69.08333,3826
Yunguyo,2008-09-05,8.94,15.7,3.83,41.19,0.29,2.57,63.67,-16.25,-69.08333,3826
Yunguyo,2008-09-06,8.72,14.31,4.43,57.83,0.0,3.27,63.78,-16.25,-69.08333,3826
Yunguyo,2008-09-07,7.96,10.83,5.41,63.25,0.0,2.91,63.81,-16.25,-69.08333,3826
Yunguyo,2008-09-08,8.97,14.47,5.61,60.67,0.0,3.82,63.83,-16.25,-69.08333,3826
Yunguyo,2008-09-09,8.47,13.7,4.97,69.29,0.0,3.89,63.91,-16.25,-69.08333,3826
Yunguyo,2008-09-10,7.18,11.67,4.39,75.38,0.0,3.56,63.96,-16.25,-69.08333,3826
Yunguyo,2008-09-11,8.66,14.19,4.51,57.09,0.52,3.52,63.88,-16.25,-69.08333,3826
Yunguyo,2008-09-12,8.79,14.39,5.17,66.23,0.14,3.48,63.81,-16.25,-69.08333,3826
Yunguyo,2008-09-13,9.06,15.33,4.97,59.63,0.0,3.03,63.73,-16.25,-69.08333,3826
Yunguyo,2008-09-14,8.66,14.58,4.8,66.14,0.0,3.46,63.79,-16.25,-69.08333,3826
Yunguyo,2008-09-15,8.48,13.43,4.84,61.46,0.0,2.74,63.85,-16.25,-69.08333,3826
Yunguyo,2008-09-16,8.29,13.33,5.22,61.16,0.0,3.67,63.87,-16.25,-69.08333,3826
Yunguyo,2008-09-17,8.03,14.05,3.93,61.04,0.0,3.46,63.83,-16.25,-69.08333,3826
Yunguyo,2008-09-18,8.15,13.89,3.59,62.33,0.0,3.06,63.75,-16.25,-69.08333,3826
Yunguyo,2008-09-19,8.72,13.59,5.13,55.67,0.0,2.49,63.74,-16.25,-69.08333,3826
Yunguyo,2008-09-20,7.62,10.78,5.14,59.3,0.04,4.16,63.84,-16.25,-69.08333,3826
Yunguyo,2008-09-21,8.1,13.1,4.31,56.98,0.01,2.46,63.86,-16.25,-69.08333,3826
Yunguyo,2008-09-22,8.06,14.49,3.64,63.16,0.0,3.75,63.85,-16.25,-69.08333,3826
Yunguyo,2008-09-23,8.78,15.02,4.23,61.96,0.0,3.1,63.72,-16.25,-69.08333,3826
Yunguyo,2008-09-24,8.78,14.29,4.98,65.71,0.0,3.31,63.67,-16.25,-69.08333,3826
Yunguyo,2008-09-25,8.5,12.92,4.72,71.14,0.14,3.63,63.8,-16.25,-69.08333,3826
Yunguyo,2008-09-26,8.52,13.13,5.57,69.45,0.02,2.8,63.84,-16.25,-69.08333,3826
Yunguyo,2008-09-27,9.7,14.71,6.01,64.46,0.0,2.96,63.78,-16.25,-69.08333,3826
Yunguyo,2008-09-28,9.75,15.02,4.85,65.53,0.0,2.87,63.8,-16.25,-69.08333,3826
Yunguyo,2008-09-29,8.93,14.26,4.45,75.26,0.0,4.62,63.86,-16.25,-69.08333,3826
Yunguyo,2008-09-30,9.84,16.27,5.14,63.06,0.01,4.1,63.94,-16.25,-69.08333,3826
Yunguyo,2008-10-01,11.36,16.79,7.03,57.39,0.0,1.95,63.81,-16.25,-69.08333,3826
Yunguyo,2008-10-02,11.3,16.25,7.07,56.39,0.0,2.73,63.72,-16.25,-69.08333,3826
Yunguyo,2008-10-03,12.11,18.7,6.42,36.13,0.55,3.22,63.57,-16.25,-69.08333,3826
Yunguyo,2008-10-04,10.95,17.02,5.97,38.16,0.32,2.83,63.62,-16.25,-69.08333,3826
Yunguyo,2008-10-05,8.89,14.89,5.61,52.47,0.77,3.56,63.65,-16.25,-69.08333,3826
Yunguyo,2008-10-06,8.97,14.98,4.01,53.42,0.19,3.58,63.75,-16.25,-69.08333,3826
Yunguyo,2008-10-07,7.31,12.06,3.94,74.58,3.54,4.53,63.95,-16.25,-69.08333,3826
Yunguyo,2008-10-08,7.42,12.94,3.48,72.9,2.93,4.27,63.94,-16.25,-69.08333,3826
Yunguyo,2008-10-09,8.66,13.99,4.64,68.27,0.44,3.59,63.8,-16.25,-69.08333,3826
Yunguyo,2008-10-10,9.8,15.83,5.08,56.24,0.0,2.85,63.69,-16.25,-69.08333,3826
Yunguyo,2008-10-11,10.57,16.23,6.26,61.43,0.0,3.02,63.74,-16.25,-69.08333,3826
Yunguyo,2008-10-12,10.25,16.18,6.53,64.98,0.05,4.19,63.76,-16.25,-69.08333,3826
Yunguyo,2008-10-13,10.33,16.74,5.51,54.64,0.0,4.16,63.74,-16.25,-69.08333,3826
Yunguyo,2008-10-14,10.66,16.32,6.37,62.62,0.01,3.58,63.77,-16.25,-69.08333,3826
Yunguyo,2008-10-15,8.94,11.56,6.19,77.54,0.01,5.5,63.89,-16.25,-69.08333,3826
Yunguyo,2008-10-16,9.09,14.12,5.06,68.82,0.05,4.92,64.0,-16.25,-69.08333,3826
Yunguyo,2008-10-17,8.05,12.07,5.27,73.89,1.14,4.31,63.92,-16.25,-69.08333,3826
Yunguyo,2008-10-18,9.43,14.27,5.38,57.9,0.56,2.98,63.77,-16.25,-69.08333,3826
Yunguyo,2008-10-19,9.99,15.86,5.77,57.51,0.0,3.01,63.75,-16.25,-69.08333,3826
Yunguyo,2008-10-20,9.92,15.68,5.25,64.55,0.0,4.05,63.8,-16.25,-69.08333,3826
Yunguyo,2008-10-21,11.24,17.41,6.64,64.69,0.0,4.04,63.73,-16.25,-69.08333,3826
Yunguyo,2008-10-22,11.28,16.78,7.59,65.71,0.0,4.47,63.74,-16.25,-69.08333,3826
Yunguyo,2008-10-23,9.54,14.89,6.8,73.31,0.69,4.7,63.81,-16.25,-69.08333,3826
Yunguyo,2008-10-24,10.14,14.99,6.9,72.38,0.37,5.87,63.85,-16.25,-69.08333,3826
Yunguyo,2008-10-25,8.57,14.4,4.86,76.46,0.17,3.16,63.82,-16.25,-69.08333,3826
Yunguyo,2008-10-26,9.87,15.1,4.78,70.16,0.1,4.02,63.82,-16.25,-69.08333,3826
Yunguyo,2008-10-27,9.5,13.38,6.88,73.29,1.04,3.95,63.85,-16.25,-69.08333,3826
Yunguyo,2008-10-28,10.05,15.2,6.18,66.43,0.62,2.29,63.77,-16.25,-69.08333,3826
Yunguyo,2008-10-29,9.95,14.87,5.8,65.74,0.54,3.32,63.71,-16.25,-69.08333,3826
Yunguyo,2008-10-30,8.97,14.2,6.01,74.66,0.39,3.69,63.76,-16.25,-69.08333,3826
Yunguyo,2008-10-31,8.55,14.91,3.16,69.63,0.33,2.79,63.8,-16.25,-69.08333,3826
Yunguyo,2008-11-01,10.96,16.94,6.0,60.0,0.01,2.95,63.64,-16.25,-69.08333,3826
Yunguyo,2008-11-02,9.53,13.75,6.36,74.44,0.03,3.92,63.71,-16.25,-69.08333,3826
Yunguyo,2008-11-03,10.91,16.74,6.22,64.51,0.16,2.89,63.82,-16.25,-69.08333,3826
Yunguyo,2008-11-04,10.94,15.12,8.15,65.1,0.02,2.62,63.83,-16.25,-69.08333,3826
Yunguyo,2008-11-05,12.34,18.08,8.33,56.77,0.0,2.8,63.81,-16.25,-69.08333,3826
Yunguyo,2008-11-06,12.17,17.92,8.53,55.98,0.18,3.76,63.77,-16.25,-69.08333,3826
Yunguyo,2008-11-07,12.27,18.59,8.56,59.39,0.02,3.19,63.77,-16.25,-69.08333,3826
Yunguyo,2008-11-08,12.24,17.92,8.55,57.49,0.0,3.25,63.78,-16.25,-69.08333,3826
Yunguyo,2008-11-09,12.32,18.43,8.61,55.84,0.33,3.82,63.87,-16.25,-69.08333,3826
Yunguyo,2008-11-10,11.6,17.03,8.01,62.27,1.22,3.29,63.86,-16.25,-69.08333,3826
Yunguyo,2008-11-11,12.17,17.86,7.88,54.66,0.06,3.22,63.77,-16.25,-69.08333,3826
Yunguyo,2008-11-12,11.16,16.54,7.37,65.48,0.44,3.67,63.61,-16.25,-69.08333,3826
Yunguyo,2008-11-13,9.7,13.05,7.13,73.08,6.97,4.11,63.56,-16.25,-69.08333,3826
Yunguyo,2008-11-14,8.98,13.44,4.59,76.31,3.55,3.73,63.52,-16.25,-69.08333,3826
Yunguyo,2008-11-15,10.39,15.96,4.44,59.3,0.6,3.08,63.58,-16.25,-69.08333,3826
Yunguyo,2008-11-16,9.08,13.11,6.8,72.46,1.91,2.9,63.67,-16.25,-69.08333,3826
Yunguyo,2008-11-17,10.59,15.36,7.17,61.69,0.03,2.74,63.66,-16.25,-69.08333,3826
Yunguyo,2008-11-18,10.06,15.5,5.96,68.2,0.0,4.71,63.66,-16.25,-69.08333,3826
Yunguyo,2008-11-19,9.92,15.17,5.87,69.37,1.16,4.13,63.66,-16.25,-69.08333,3826
Yunguyo,2008-11-20,10.23,15.45,6.4,67.23,0.32,4.21,63.72,-16.25,-69.08333,3826
Yunguyo,2008-11-21,9.51,14.85,5.83,70.12,1.54,4.76,63.83,-16.25,-69.08333,3826
Yunguyo,2008-11-22,10.2,15.65,5.99,65.13,0.57,2.95,63.86,-16.25,-69.08333,3826
Yunguyo,2008-11-23,10.62,14.83,7.49,64.15,0.0,2.97,63.81,-16.25,-69.08333,3826
Yunguyo,2008-11-24,10.93,16.52,7.64,63.57,3.13,3.48,63.79,-16.25,-69.08333,3826
Yunguyo,2008-11-25,11.17,16.24,7.18,60.92,0.83,2.65,63.78,-16.25,-69.08333,3826
Yunguyo,2008-11-26,9.63,15.02,3.92,64.94,0.0,3.5,63.81,-16.25,-69.08333,3826
Yunguyo,2008-11-27,10.0,14.03,7.01,70.68,0.0,4.69,63.82,-16.25,-69.08333,3826
Yunguyo,2008-11-28,11.7,17.22,6.82,58.15,0.0,2.57,63.74,-16.25,-69.08333,3826
Yunguyo,2008-11-29,10.26,14.29,7.0,63.69,0.0,3.39,63.72,-16.25,-69.08333,3826
Yunguyo,2008-11-30,10.52,15.3,6.51,62.94,0.37,4.08,63.78,-16.25,-69.08333,3826
Yunguyo,2008-12-01,9.49,12.97,6.39,72.95,4.11,2.66,63.81,-16.25,-69.08333,3826
Yunguyo,2008-12-02,10.46,15.09,6.94,64.93,9.46,2.63,63.75,-16.25,-69.08333,3826
Yunguyo,2008-12-03,8.42,12.8,4.93,54.3,0.92,2.02,63.64,-16.25,-69.08333,3826
Yunguyo,2008-12-04,9.83,16.82,4.03,42.12,0.0,2.43,63.54,-16.25,-69.08333,3826
Yunguyo,2008-12-05,10.32,16.65,5.38,59.86,0.0,3.95,63.68,-16.25,-69.08333,3826
Yunguyo,2008-12-06,9.27,14.1,6.12,71.98,0.0,5.84,63.82,-16.25,-69.08333,3826
Yunguyo,2008-12-07,8.2,13.18,3.98,70.86,0.0,5.19,63.89,-16.25,-69.08333,3826
Yunguyo,2008-12-08,7.9,10.89,5.64,77.64,1.59,4.6,63.84,-16.25,-69.08333,3826
Yunguyo,2008-12-09,8.85,14.2,4.15,73.62,1.99,3.43,63.76,-16.25,-69.08333,3826
Yunguyo,2008-12-10,8.55,14.29,2.63,69.38,4.69,3.25,63.68,-16.25,-69.08333,3826
Yunguyo,2008-12-11,8.96,12.24,6.61,66.46,3.67,3.69,63.62,-16.25,-69.08333,3826
Yunguyo,2008-12-12,9.45,12.91,6.93,65.44,0.0,2.48,63.7,-16.25,-69.08333,3826
Yunguyo,2008-12-13,10.04,15.06,6.4,70.26,0.25,4.57,63.7,-16.25,-69.08333,3826
Yunguyo,2008-12-14,9.91,14.59,5.85,70.91,3.41,3.42,63.73,-16.25,-69.08333,3826
Yunguyo,2008-12-15,8.46,10.68,5.58,78.05,2.25,1.96,63.65,-16.25,-69.08333,3826
Yunguyo,2008-12-16,10.02,14.52,6.33,70.01,0.14,2.75,63.5,-16.25,-69.08333,3826
Yunguyo,2008-12-17,11.03,15.85,7.32,67.75,0.98,4.26,63.53,-16.25,-69.08333,3826
Yunguyo,2008-12-18,7.79,9.15,5.67,83.5,10.9,3.51,63.68,-16.25,-69.08333,3826
Yunguyo,2008-12-19,9.16,13.59,5.47,74.42,12.12,4.25,63.67,-16.25,-69.08333,3826
Yunguyo,2008-12-20,8.79,13.62,5.51,77.05,10.18,3.52,63.63,-16.25,-69.08333,3826
Yunguyo,2008-12-21,10.6,15.76,7.18,67.92,3.14,3.45,63.59,-16.25,-69.08333,3826
Yunguyo,2008-12-22,9.96,14.06,7.06,74.97,9.56,4.73,63.63,-16.25,-69.08333,3826
Yunguyo,2008-12-23,9.6,14.06,6.52,75.49,15.72,3.53,63.68,-16.25,-69.08333,3826
Yunguyo,2008-12-24,10.05,14.48,6.38,73.17,3.59,3.28,63.63,-16.25,-69.08333,3826
Yunguyo,2008-12-25,10.34,15.69,6.44,70.95,3.76,3.08,63.53,-16.25,-69.08333,3826
Yunguyo,2008-12-26,7.85,12.77,2.96,79.91,6.38,4.36,63.48,-16.25,-69.08333,3826
Yunguyo,2008-12-27,9.19,13.91,6.04,75.13,0.58,3.84,63.51,-16.25,-69.08333,3826
Yunguyo,2008-12-28,9.18,14.3,3.76,67.6,2.39,2.44,63.58,-16.25,-69.08333,3826
Yunguyo,2008-12-29,7.23,11.94,4.25,75.27,2.67,3.42,63.74,-16.25,-69.08333,3826
Yunguyo,2008-12-30,8.36,12.83,5.13,75.09,0.24,5.64,63.75,-16.25,-69.08333,3826
Yunguyo,2008-12-31,9.38,14.61,5.06,74.02,1.78,4.66,63.7,-16.25,-69.08333,3826
Yunguyo,2009-01-01,9.4,12.85,6.74,80.06,1.47,6.52,63.63,-16.25,-69.08333,3826
Yunguyo,2009-01-02,10.31,15.98,6.13,72.92,1.32,4.16,63.57,-16.25,-69.08333,3826
Yunguyo,2009-01-03,9.49,14.04,5.56,69.51,1.04,1.9,63.58,-16.25,-69.08333,3826
Yunguyo,2009-01-04,10.25,16.9,5.56,64.12,0.07,2.53,63.62,-16.25,-69.08333,3826
Yunguyo,2009-01-05,10.65,16.52,5.52,56.54,0.0,2.41,63.63,-16.25,-69.08333,3826
Yunguyo,2009-01-06,11.09,16.31,6.23,60.55,0.22,2.53,63.59,-16.25,-69.08333,3826
Yunguyo,2009-01-07,10.51,14.68,7.51,69.53,0.07,3.85,63.64,-16.25,-69.08333,3826
Yunguyo,2009-01-08,10.0,14.07,6.61,72.58,0.65,3.43,63.69,-16.25,-69.08333,3826
Yunguyo,2009-01-09,10.1,14.84,6.37,71.97,0.13,4.27,63.78,-16.25,-69.08333,3826
Yunguyo,2009-01-10,7.6,10.18,5.23,81.15,0.0,5.03,63.91,-16.25,-69.08333,3826
Yunguyo,2009-01-11,9.18,13.94,5.79,72.25,0.16,5.05,63.87,-16.25,-69.08333,3826
Yunguyo,2009-01-12,9.59,14.29,5.8,70.39,0.04,4.87,63.8,-16.25,-69.08333,3826
Yunguyo,2009-01-13,9.85,15.01,6.11,71.85,3.18,5.07,63.81,-16.25,-69.08333,3826
Yunguyo,2009-01-14,10.31,14.95,6.59,70.4,0.89,3.88,63.86,-16.25,-69.08333,3826
Yunguyo,2009-01-15,11.21,16.59,6.94,69.65,2.33,3.18,63.77,-16.25,-69.08333,3826
Yunguyo,2009-01-16,11.53,15.74,8.24,65.37,2.54,2.74,63.68,-16.25,-69.08333,3826
Yunguyo,2009-01-17,8.75,12.79,6.41,65.17,3.39,3.03,63.68,-16.25,-69.08333,3826
Yunguyo,2009-01-18,10.26,14.95,6.29,68.43,2.56,2.54,63.66,-16.25,-69.08333,3826
Yunguyo,2009-01-19,8.61,13.28,4.93,65.81,4.37,4.93,63.75,-16.25,-69.08333,3826
Yunguyo,2009-01-20,7.14,11.68,3.24,79.86,3.94,3.32,63.83,-16.25,-69.08333,3826
Yunguyo,2009-01-21,8.15,13.86,3.9,73.33,0.6,2.66,63.83,-16.25,-69.08333,3826
Yunguyo,2009-01-22,9.71,15.13,5.22,66.9,0.0,3.81,63.82,-16.25,-69.08333,3826
Yunguyo,2009-01-23,9.28,14.54,5.27,71.24,1.49,4.22,63.81,-16.25,-69.08333,3826
Yunguyo,2009-01-24,8.96,13.35,5.22,73.25,2.49,2.29,63.71,-16.25,-69.08333,3826
Yunguyo,2009-01-25,10.06,14.48,6.9,71.81,0.19,4.04,63.66,-16.25,-69.08333,3826
Yunguyo,2009-01-26,9.7,15.03,5.39,66.19,0.32,4.83,63.78,-16.25,-69.08333,3826
Yunguyo,2009-01-27,9.83,15.0,5.78,68.82,0.02,3.62,63.79,-16.25,-69.08333,3826
Yunguyo,2009-01-28,8.99,11.77,6.48,75.02,0.65,3.87,63.78,-16.25,-69.08333,3826
Yunguyo,2009-01-29,9.36,14.2,5.63,70.73,0.17,4.33,63.86,-16.25,-69.08333,3826
Yunguyo,2009-01-30,9.76,15.53,5.13,62.67,0.0,4.22,63.88,-16.25,-69.08333,3826
Yunguyo,2009-01-31,10.44,16.5,6.08,62.31,0.0,4.09,63.84,-16.25,-69.08333,3826
Yunguyo,2009-02-01,9.49,15.25,4.92,62.02,0.07,4.04,63.78,-16.25,-69.08333,3826
Yunguyo,2009-02-02,10.57,15.66,6.47,60.91,0.01,3.47,63.67,-16.25,-69.08333,3826
Yunguyo,2009-02-03,11.19,16.59,6.95,66.59,0.18,3.97,63.77,-16.25,-69.08333,3826
Yunguyo,2009-02-04,9.46,12.54,7.42,72.6,0.03,3.64,63.91,-16.25,-69.08333,3826
Yunguyo,2009-02-05,10.8,16.16,5.79,62.85,0.91,3.58,63.91,-16.25,-69.08333,3826
Yunguyo,2009-02-06,11.54,16.25,8.39,65.33,0.83,3.67,63.82,-16.25,-69.08333,3826
Yunguyo,2009-02-07,9.42,11.2,8.02,79.37,1.99,4.3,63.83,-16.25,-69.08333,3826
Yunguyo,2009-02-08,10.82,15.74,7.25,74.4,4.97,4.39,63.71,-16.25,-69.08333,3826
Yunguyo,2009-02-09,9.06,11.38,6.68,83.54,11.41,3.31,63.66,-16.25,-69.08333,3826
Yunguyo,2009-02-10,9.45,14.42,4.89,75.36,3.96,2.5,63.73,-16.25,-69.08333,3826
Yunguyo,2009-02-11,10.55,14.84,6.77,74.95,1.08,3.66,63.8,-16.25,-69.08333,3826
Yunguyo,2009-02-12,9.31,12.31,6.78,80.18,3.59,3.74,63.8,-16.25,-69.08333,3826
Yunguyo,2009-02-13,11.23,16.35,7.25,67.46,0.65,2.13,63.56,-16.25,-69.08333,3826
Yunguyo,2009-02-14,9.99,13.57,6.95,79.05,2.0,4.22,63.41,-16.25,-69.08333,3826
Yunguyo,2009-02-15,9.45,15.65,4.86,70.16,1.51,2.7,63.5,-16.25,-69.08333,3826
Yunguyo,2009-02-16,10.27,16.51,4.25,52.31,0.08,3.63,63.48,-16.25,-69.08333,3826
Yunguyo,2009-02-17,8.06,11.21,4.98,77.42,2.08,5.07,63.64,-16.25,-69.08333,3826
Yunguyo,2009-02-18,8.44,13.71,4.36,75.66,1.37,3.96,63.68,-16.25,-69.08333,3826
Yunguyo,2009-02-19,9.8,15.13,6.21,74.69,5.36,3.92,63.67,-16.25,-69.08333,3826
Yunguyo,2009-02-20,9.26,13.59,6.06,75.83,3.19,4.77,63.65,-16.25,-69.08333,3826
Yunguyo,2009-02-21,9.81,15.81,5.12,70.53,7.13,3.92,63.64,-16.25,-69.08333,3826
Yunguyo,2009-02-22,9.43,13.8,6.97,77.21,11.12,3.5,63.7,-16.25,-69.08333,3826
Yunguyo,2009-02-23,9.25,12.78,6.64,71.48,3.46,3.11,63.72,-16.25,-69.08333,3826
Yunguyo,2009-02-24,9.6,14.54,5.84,68.49,3.36,3.7,63.67,-16.25,-69.08333,3826
Yunguyo,2009-02-25,8.46,12.56,5.74,79.65,14.59,5.5,63.63,-16.25,-69.08333,3826
Yunguyo,2009-02-26,8.25,13.12,5.27,80.1,6.11,4.89,63.57,-16.25,-69.08333,3826
Yunguyo,2009-02-27,7.67,12.75,4.65,80.99,1.98,5.0,63.62,-16.25,-69.08333,3826
Yunguyo,2009-02-28,8.94,14.15,5.37,77.33,1.45,4.61,63.68,-16.25,-69.08333,3826
Yunguyo,2009-03-01,8.89,12.81,6.1,80.52,11.78,4.58,63.71,-16.25,-69.08333,3826
Yunguyo,2009-03-02,9.6,13.94,6.19,77.71,5.31,4.52,63.74,-16.25,-69.08333,3826
Yunguyo,2009-03-03,9.3,13.91,6.54,77.07,2.5,4.68,63.8,-16.25,-69.08333,3826
Yunguyo,2009-03-04,9.82,15.21,6.13,74.15,2.44,4.03,63.81,-16.25,-69.08333,3826
Yunguyo,2009-03-05,8.59,13.26,5.1,74.5,0.62,5.29,63.9,-16.25,-69.08333,3826
Yunguyo,2009-03-06,8.64,13.56,4.64,69.61,0.07,4.39,63.93,-16.25,-69.08333,3826
Yunguyo,2009-03-07,9.84,15.24,5.54,67.21,0.93,3.6,63.89,-16.25,-69.08333,3826
Yunguyo,2009-03-08,7.82,11.92,6.09,79.41,0.53,2.9,63.82,-16.25,-69.08333,3826
Yunguyo,2009-03-09,9.42,14.6,5.22,70.84,1.07,3.61,63.81,-16.25,-69.08333,3826
Yunguyo,2009-03-10,9.99,15.28,6.18,67.5,0.77,3.35,63.69,-16.25,-69.08333,3826
Yunguyo,2009-03-11,9.33,14.13,6.12,76.9,0.59,3.22,63.58,-16.25,-69.08333,3826
Yunguyo,2009-03-12,9.58,14.91,5.22,70.62,0.87,3.22,63.59,-16.25,-69.08333,3826
Yunguyo,2009-03-13,8.65,12.69,5.65,78.0,3.3,4.44,63.65,-16.25,-69.08333,3826
Yunguyo,2009-03-14,7.71,12.28,4.4,77.67,3.11,4.9,63.8,-16.25,-69.08333,3826
Yunguyo,2009-03-15,8.85,14.32,5.3,69.69,0.2,4.66,63.98,-16.25,-69.08333,3826
Yunguyo,2009-03-16,9.86,16.26,4.3,64.16,0.0,2.78,63.89,-16.25,-69.08333,3826
Yunguyo,2009-03-17,10.08,15.46,5.59,67.31,0.0,3.92,63.74,-16.25,-69.08333,3826
Yunguyo,2009-03-18,8.08,12.26,5.21,76.47,0.23,4.75,63.79,-16.25,-69.08333,3826
Yunguyo,2009-03-19,8.05,12.93,4.62,76.09,1.2,4.49,63.74,-16.25,-69.08333,3826
Yunguyo,2009-03-20,8.14,13.32,4.18,76.15,1.28,4.43,63.74,-16.25,-69.08333,3826
Yunguyo,2009-03-21,8.52,13.98,3.7,78.63,1.4,4.46,63.69,-16.25,-69.08333,3826
Yunguyo,2009-03-22,9.67,16.26,3.07,68.12,0.67,2.47,63.59,-16.25,-69.08333,3826
Yunguyo,2009-03-23,9.79,13.19,7.51,78.14,2.13,3.36,63.58,-16.25,-69.08333,3826
Yunguyo,2009-03-24,9.6,13.69,6.65,77.66,1.24,3.48,63.64,-16.25,-69.08333,3826
Yunguyo,2009-03-25,9.72,14.65,6.21,73.79,0.41,2.9,63.61,-16.25,-69.08333,3826
Yunguyo,2009-03-26,8.74,14.4,3.89,76.62,5.12,3.47,63.57,-16.25,-69.08333,3826
Yunguyo,2009-03-27,9.64,13.56,6.95,76.18,2.0,3.06,63.68,-16.25,-69.08333,3826
Yunguyo,2009-03-28,10.04,14.64,6.59,71.29,9.93,2.26,63.68,-16.25,-69.08333,3826
Yunguyo,2009-03-29,10.39,16.07,5.22,66.16,1.56,3.12,63.6,-16.25,-69.08333,3826
Yunguyo,2009-03-30,9.13,12.92,5.87,71.96,0.04,3.58,63.69,-16.25,-69.08333,3826
Yunguyo,2009-03-31,9.96,15.26,6.46,66.96,0.0,3.48,63.79,-16.25,-69.08333,3826
Yunguyo,2009-04-01,8.87,13.78,4.95,71.6,0.94,4.09,63.82,-16.25,-69.08333,3826
Yunguyo,2009-04-02,9.94,15.5,5.06,65.74,0.11,2.56,63.76,-16.25,-69.08333,3826
Yunguyo,2009-04-03,10.9,16.04,6.63,60.94,0.0,2.64,63.68,-16.25,-69.08333,3826
Yunguyo,2009-04-04,11.03,16.25,7.33,65.05,0.02,2.79,63.68,-16.25,-69.08333,3826
Yunguyo,2009-04-05,9.56,13.92,6.25,71.49,1.02,4.23,63.78,-16.25,-69.08333,3826
Yunguyo,2009-04-06,8.28,12.49,5.18,75.27,0.32,4.54,63.88,-16.25,-69.08333,3826
Yunguyo,2009-04-07,8.42,13.72,4.53,76.37,0.93,4.21,63.86,-16.25,-69.08333,3826
Yunguyo,2009-04-08,8.12,12.21,5.66,79.9,1.14,5.58,63.87,-16.25,-69.08333,3826
Yunguyo,2009-04-09,7.82,11.98,5.39,79.73,0.66,4.64,63.89,-16.25,-69.08333,3826
Yunguyo,2009-04-10,6.89,11.22,3.76,80.03,0.48,5.9,63.95,-16.25,-69.08333,3826
Yunguyo,2009-04-11,8.55,13.61,4.47,74.79,0.01,3.22,63.85,-16.25,-69.08333,3826
Yunguyo,2009-04-12,9.42,14.47,5.77,71.23,1.52,3.3,63.8,-16.25,-69.08333,3826
Yunguyo,2009-04-13,8.66,13.8,5.36,73.43,0.9,3.82,63.85,-16.25,-69.08333,3826
Yunguyo,2009-04-14,7.48,12.25,3.65,76.12,1.42,4.76,64.01,-16.25,-69.08333,3826
Yunguyo,2009-04-15,6.74,11.02,3.17,79.66,3.01,4.46,64.1,-16.25,-69.08333,3826
Yunguyo,2009-04-16,7.73,13.2,3.86,75.62,0.27,4.07,64.05,-16.25,-69.08333,3826
Yunguyo,2009-04-17,7.57,13.46,3.26,60.84,0.0,3.54,63.98,-16.25,-69.08333,3826
Yunguyo,2009-04-18,8.1,14.38,3.88,42.79,0.0,3.01,63.9,-16.25,-69.08333,3826
Yunguyo,2009-04-19,7.92,14.03,3.79,48.76,0.13,3.31,63.93,-16.25,-69.08333,3826
Yunguyo,2009-04-20,7.21,12.26,2.67,66.39,0.13,3.52,63.96,-16.25,-69.08333,3826
Yunguyo,2009-04-21,8.7,13.71,4.85,70.41,0.01,2.93,63.92,-16.25,-69.08333,3826
Yunguyo,2009-04-22,9.18,13.65,5.87,72.35,1.53,2.56,63.87,-16.25,-69.08333,3826
Yunguyo,2009-04-23,9.76,15.49,5.41,56.99,1.3,1.52,63.75,-16.25,-69.08333,3826
Yunguyo,2009-04-24,9.05,13.99,5.56,64.9,2.47,2.59,63.74,-16.25,-69.08333,3826
Yunguyo,2009-04-25,9.24,14.95,5.57,68.12,0.07,3.08,63.79,-16.25,-69.08333,3826
Yunguyo,2009-04-26,8.12,12.31,5.21,75.6,0.0,4.03,63.9,-16.25,-69.08333,3826
Yunguyo,2009-04-27,8.37,13.63,4.31,73.47,0.0,3.67,63.89,-16.25,-69.08333,3826
Yunguyo,2009-04-28,9.51,14.88,5.34,64.8,0.0,2.56,63.81,-16.25,-69.08333,3826
Yunguyo,2009-04-29,9.9,16.09,5.13,53.08,0.0,1.81,63.81,-16.25,-69.08333,3826
Yunguyo,2009-04-30,9.04,13.56,6.08,72.39,0.0,3.43,63.95,-16.25,-69.08333,3826
Yunguyo,2009-05-01,8.49,13.22,3.67,67.71,0.0,2.42,63.96,-16.25,-69.08333,3826
Yunguyo,2009-05-02,8.69,13.31,5.08,67.01,0.0,2.5,63.93,-16.25,-69.08333,3826
Yunguyo,2009-05-03,8.99,13.98,5.42,64.74,0.0,2.0,63.83,-16.25,-69.08333,3826
Yunguyo,2009-05-04,9.34,14.72,4.81,44.53,0.0,2.15,63.68,-16.25,-69.08333,3826
Yunguyo,2009-05-05,8.2,12.39,5.34,69.25,0.42,2.97,63.72,-16.25,-69.08333,3826
Yunguyo,2009-05-06,7.28,10.98,4.45,78.66,0.09,3.34,63.77,-16.25,-69.08333,3826
Yunguyo,2009-05-07,8.36,12.95,4.28,61.35,0.0,1.74,63.75,-16.25,-69.08333,3826
Yunguyo,2009-05-08,8.74,13.43,5.48,60.68,0.0,2.39,63.79,-16.25,-69.08333,3826
Yunguyo,2009-05-09,8.69,12.29,5.76,68.9,0.0,1.75,63.85,-16.25,-69.08333,3826
Yunguyo,2009-05-10,8.75,12.68,5.73,65.91,0.0,2.25,63.83,-16.25,-69.08333,3826
Yunguyo,2009-05-11,8.85,13.49,5.8,69.0,0.12,2.76,63.78,-16.25,-69.08333,3826
Yunguyo,2009-05-12,8.81,13.11,5.46,58.43,0.05,2.41,63.83,-16.25,-69.08333,3826
Yunguyo,2009-05-13,9.58,14.1,5.61,54.96,0.0,1.58,63.76,-16.25,-69.08333,3826
Yunguyo,2009-05-14,9.47,14.39,6.02,49.65,0.13,2.65,63.77,-16.25,-69.08333,3826
Yunguyo,2009-05-15,8.67,13.26,5.94,67.54,0.04,2.15,63.7,-16.25,-69.08333,3826
Yunguyo,2009-05-16,8.76,14.05,4.94,51.28,0.0,1.42,63.65,-16.25,-69.08333,3826
Yunguyo,2009-05-17,8.9,14.52,4.84,46.65,0.0,2.52,63.69,-16.25,-69.08333,3826
Yunguyo,2009-05-18,7.76,12.71,4.07,70.03,0.0,3.45,63.87,-16.25,-69.08333,3826
Yunguyo,2009-05-19,6.16,10.96,2.41,65.59,0.04,3.77,63.96,-16.25,-69.08333,3826
Yunguyo,2009-05-20,7.89,12.84,3.61,66.96,0.0,2.12,63.9,-16.25,-69.08333,3826
Yunguyo,2009-05-21,9.24,14.33,4.9,57.03,0.0,2.11,63.85,-16.25,-69.08333,3826
Yunguyo,2009-05-22,9.16,14.33,5.02,56.92,0.0,2.02,63.87,-16.25,-69.08333,3826
Yunguyo,2009-05-23,8.74,13.75,4.94,58.7,0.0,2.4,63.91,-16.25,-69.08333,3826
Yunguyo,2009-05-24,8.93,13.46,5.77,65.48,0.0,2.1,63.93,-16.25,-69.08333,3826
Yunguyo,2009-05-25,9.4,14.97,4.98,53.16,0.04,2.21,63.84,-16.25,-69.08333,3826
Yunguyo,2009-05-26,9.24,13.88,6.17,68.24,0.42,2.37,63.78,-16.25,-69.08333,3826
Yunguyo,2009-05-27,8.51,12.63,5.48,70.23,0.35,2.48,63.73,-16.25,-69.08333,3826
Yunguyo,2009-05-28,6.97,9.76,4.97,78.93,0.85,3.51,63.75,-16.25,-69.08333,3826
Yunguyo,2009-05-29,8.26,14.35,3.93,60.44,0.06,2.9,63.73,-16.25,-69.08333,3826
Yunguyo,2009-05-30,7.21,14.22,1.74,36.76,0.18,3.49,63.75,-16.25,-69.08333,3826
Yunguyo,2009-05-31,7.24,14.24,2.01,28.82,0.13,2.32,63.8,-16.25,-69.08333,3826
Yunguyo,2009-06-01,7.31,13.69,3.33,35.57,0.04,1.82,63.78,-16.25,-69.08333,3826
Yunguyo,2009-06-02,6.85,14.03,2.37,31.57,0.0,2.02,63.78,-16.25,-69.08333,3826
Yunguyo,2009-06-03,7.05,13.4,1.94,37.02,0.0,2.26,63.77,-16.25,-69.08333,3826
Yunguyo,2009-06-04,8.04,13.49,2.98,36.85,0.0,1.52,63.84,-16.25,-69.08333,3826
Yunguyo,2009-06-05,7.67,13.83,2.19,43.71,0.0,2.65,63.94,-16.25,-69.08333,3826
Yunguyo,2009-06-06,5.9,12.24,1.28,57.47,0.0,2.02,63.98,-16.25,-69.08333,3826
Yunguyo,2009-06-07,7.15,13.5,1.83,56.55,0.0,1.57,63.9,-16.25,-69.08333,3826
Yunguyo,2009-06-08,7.61,13.67,3.14,36.36,0.0,1.98,63.84,-16.25,-69.08333,3826
Yunguyo,2009-06-09,7.14,12.27,3.58,41.61,0.12,1.56,63.84,-16.25,-69.08333,3826
Yunguyo,2009-06-10,7.32,12.94,3.56,39.02,0.11,1.85,63.9,-16.25,-69.08333,3826
Yunguyo,2009-06-11,7.09,11.72,4.22,66.26,0.05,2.27,63.97,-16.25,-69.08333,3826
Yunguyo,2009-06-12,7.48,13.41,3.77,60.67,0.0,2.27,63.96,-16.25,-69.08333,3826
Yunguyo,2009-06-13,7.34,12.71,3.09,54.18,0.0,1.79,63.86,-16.25,-69.08333,3826
Yunguyo,2009-06-14,7.47,14.15,2.71,34.37,0.0,2.92,63.73,-16.25,-69.08333,3826
Yunguyo,2009-06-15,6.43,13.4,0.97,30.75,0.0,4.23,63.75,-16.25,-69.08333,3826
Yunguyo,2009-06-16,6.15,10.82,2.88,47.7,0.0,2.58,63.87,-16.25,-69.08333,3826
Yunguyo,2009-06-17,7.43,13.35,3.27,45.26,0.0,2.37,63.8,-16.25,-69.08333,3826
Yunguyo,2009-06-18,7.0,12.54,2.61,41.57,0.0,2.6,63.75,-16.25,-69.08333,3826
Yunguyo,2009-06-19,8.1,12.54,5.22,59.85,0.13,2.39,63.72,-16.25,-69.08333,3826
Yunguyo,2009-06-20,7.93,12.82,4.17,49.99,0.01,1.76,63.77,-16.25,-69.08333,3826
Yunguyo,2009-06-21,8.1,12.86,4.56,58.71,0.03,1.79,63.75,-16.25,-69.08333,3826
Yunguyo,2009-06-22,8.29,12.84,5.1,50.61,0.06,1.37,63.73,-16.25,-69.08333,3826
Yunguyo,2009-06-23,7.23,11.51,3.48,55.13,0.24,1.73,63.77,-16.25,-69.08333,3826
Yunguyo,2009-06-24,7.68,12.17,3.77,57.14,0.36,1.92,63.82,-16.25,-69.08333,3826
Yunguyo,2009-06-25,7.89,13.92,3.43,30.73,0.01,2.15,63.86,-16.25,-69.08333,3826
Yunguyo,2009-06-26,7.48,12.7,3.91,36.97,0.0,1.65,63.91,-16.25,-69.08333,3826
Yunguyo,2009-06-27,7.12,12.51,3.11,46.93,0.0,1.53,63.99,-16.25,-69.08333,3826
Yunguyo,2009-06-28,7.94,13.2,3.52,27.03,0.0,1.64,63.94,-16.25,-69.08333,3826
Yunguyo,2009-06-29,7.78,13.99,4.16,38.39,0.0,2.59,63.8,-16.25,-69.08333,3826
Yunguyo,2009-06-30,7.1,12.24,3.19,62.04,0.0,2.53,63.75,-16.25,-69.08333,3826
Yunguyo,2009-07-01,8.04,13.88,3.18,42.73,0.05,2.22,63.74,-16.25,-69.08333,3826
Yunguyo,2009-07-02,8.02,13.16,4.65,44.59,0.08,1.6,63.82,-16.25,-69.08333,3826
Yunguyo,2009-07-03,7.95,12.69,4.79,43.33,0.63,1.63,63.8,-16.25,-69.08333,3826
Yunguyo,2009-07-04,7.77,14.12,4.05,36.94,0.14,2.32,63.77,-16.25,-69.08333,3826
Yunguyo,2009-07-05,7.04,12.38,2.93,31.77,0.0,1.76,63.81,-16.25,-69.08333,3826
Yunguyo,2009-07-06,7.17,11.72,3.52,53.43,0.04,1.94,63.8,-16.25,-69.08333,3826
Yunguyo,2009-07-07,7.71,13.05,4.18,44.46,0.0,1.42,63.74,-16.25,-69.08333,3826
Yunguyo,2009-07-08,7.22,12.2,3.5,46.39,0.0,2.15,63.77,-16.25,-69.08333,3826
Yunguyo,2009-07-09,7.49,12.49,4.01,64.58,0.41,1.89,63.78,-16.25,-69.08333,3826
Yunguyo,2009-07-10,7.76,14.37,2.45,40.14,0.48,3.63,63.77,-16.25,-69.08333,3826
Yunguyo,2009-07-11,7.62,12.58,3.79,52.23,2.52,2.88,63.84,-16.25,-69.08333,3826
Yunguyo,2009-07-12,7.65,12.33,4.64,72.28,0.1,2.75,63.7,-16.25,-69.08333,3826
Yunguyo,2009-07-13,8.09,13.08,4.04,65.14,0.0,4.49,63.81,-16.25,-69.08333,3826
Yunguyo,2009-07-14,7.66,12.44,4.52,74.04,0.13,4.34,63.93,-16.25,-69.08333,3826
Yunguyo,2009-07-15,8.83,14.04,5.67,66.0,0.0,2.95,63.83,-16.25,-69.08333,3826
Yunguyo,2009-07-16,8.34,13.3,4.93,70.84,0.0,3.56,63.82,-16.25,-69.08333,3826
Yunguyo,2009-07-17,7.9,12.02,5.13,72.42,0.0,3.57,63.92,-16.25,-69.08333,3826
Yunguyo,2009-07-18,7.8,13.05,4.59,64.89,0.0,2.59,64.05,-16.25,-69.08333,3826
Yunguyo,2009-07-19,7.91,13.27,4.74,60.69,0.0,2.78,63.89,-16.25,-69.08333,3826
Yunguyo,2009-07-20,8.35,13.52,5.0,55.04,2.8,3.75,63.67,-16.25,-69.08333,3826
Yunguyo,2009-07-21,6.29,13.37,1.38,42.36,0.04,5.85,63.61,-16.25,-69.08333,3826
Yunguyo,2009-07-22,6.35,13.57,0.79,33.02,0.48,3.38,63.66,-16.25,-69.08333,3826
Yunguyo,2009-07-23,6.82,12.53,2.13,34.3,0.4,2.58,63.68,-16.25,-69.08333,3826
Yunguyo,2009-07-24,6.84,12.38,3.32,42.13,0.3,2.8,63.62,-16.25,-69.08333,3826
Yunguyo,2009-07-25,5.86,10.22,2.75,60.24,0.02,2.8,63.68,-16.25,-69.08333,3826
Yunguyo,2009-07-26,5.64,10.39,2.63,71.08,2.77,2.78,63.8,-16.25,-69.08333,3826
Yunguyo,2009-07-27,5.75,11.46,2.46,68.86,0.1,2.36,63.91,-16.25,-69.08333,3826
Yunguyo,2009-07-28,6.95,11.79,2.83,60.14,0.0,2.78,63.85,-16.25,-69.08333,3826
Yunguyo,2009-07-29,7.61,12.81,4.48,69.85,0.0,4.04,63.82,-16.25,-69.08333,3826
Yunguyo,2009-07-30,7.95,12.91,4.21,60.11,0.0,2.9,63.85,-16.25,-69.08333,3826
Yunguyo,2009-07-31,8.22,13.45,4.4,62.34,0.0,2.24,63.86,-16.25,-69.08333,3826
Yunguyo,2009-08-01,8.67,14.91,4.82,49.32,0.61,2.33,63.78,-16.25,-69.08333,3826
Yunguyo,2009-08-02,7.3,12.65,2.47,54.34,0.92,3.85,63.85,-16.25,-69.08333,3826
Yunguyo,2009-08-03,8.47,13.69,4.76,70.26,0.05,3.34,63.87,-16.25,-69.08333,3826
Yunguyo,2009-08-04,9.49,15.01,5.53,57.96,0.0,1.7,63.87,-16.25,-69.08333,3826
Yunguyo,2009-08-05,9.64,15.11,5.31,39.93,0.0,1.77,63.83,-16.25,-69.08333,3826
Yunguyo,2009-08-06,8.89,14.16,5.9,62.77,0.0,3.05,63.78,-16.25,-69.08333,3826
Yunguyo,2009-08-07,7.64,10.69,5.23,65.51,0.59,2.56,63.79,-16.25,-69.08333,3826
Yunguyo,2009-08-08,7.41,12.12,4.1,46.34,2.94,4.08,63.88,-16.25,-69.08333,3826
Yunguyo,2009-08-09,6.71,11.44,3.03,31.93,0.04,2.24,63.94,-16.25,-69.08333,3826
Yunguyo,2009-08-10,7.03,12.27,3.31,66.21,0.0,3.52,63.88,-16.25,-69.08333,3826
Yunguyo,2009-08-11,7.49,12.29,4.07,57.46,0.0,2.11,63.87,-16.25,-69.08333,3826
Yunguyo,2009-08-12,7.68,12.85,3.48,49.95,0.0,1.65,63.87,-16.25,-69.08333,3826
Yunguyo,2009-08-13,8.72,14.23,4.87,44.69,0.0,2.15,63.84,-16.25,-69.08333,3826
Yunguyo,2009-08-14,8.76,14.21,4.41,58.64,0.0,1.69,63.78,-16.25,-69.08333,3826
Yunguyo,2009-08-15,8.91,15.27,4.05,39.22,0.0,2.39,63.64,-16.25,-69.08333,3826
Yunguyo,2009-08-16,7.75,14.06,1.89,32.12,0.0,2.49,63.65,-16.25,-69.08333,3826
Yunguyo,2009-08-17,8.13,14.12,3.29,29.95,0.0,2.23,63.73,-16.25,-69.08333,3826
Yunguyo,2009-08-18,8.38,14.96,3.0,26.68,0.0,2.13,63.77,-16.25,-69.08333,3826
Yunguyo,2009-08-19,8.63,16.34,2.93,22.08,0.0,2.6,63.73,-16.25,-69.08333,3826
Yunguyo,2009-08-20,8.58,14.61,3.4,31.84,0.23,2.45,63.79,-16.25,-69.08333,3826
Yunguyo,2009-08-21,8.8,15.59,2.79,34.63,0.27,2.92,63.7,-16.25,-69.08333,3826
Yunguyo,2009-08-22,6.77,15.34,0.86,24.26,0.0,5.38,63.6,-16.25,-69.08333,3826
Yunguyo,2009-08-23,6.51,13.81,0.15,24.69,0.58,3.26,63.63,-16.25,-69.08333,3826
Yunguyo,2009-08-24,6.65,12.17,1.63,39.29,0.77,3.13,63.73,-16.25,-69.08333,3826
Yunguyo,2009-08-25,7.02,12.51,2.97,67.46,0.37,3.51,63.89,-16.25,-69.08333,3826
Yunguyo,2009-08-26,7.84,13.07,3.61,67.76,0.0,2.87,63.95,-16.25,-69.08333,3826
Yunguyo,2009-08-27,8.06,13.39,3.91,67.03,0.0,3.43,63.98,-16.25,-69.08333,3826
Yunguyo,2009-08-28,6.92,12.75,2.61,57.06,0.0,3.23,63.98,-16.25,-69.08333,3826
Yunguyo,2009-08-29,7.73,12.94,2.94,46.86,0.0,2.29,63.84,-16.25,-69.08333,3826
Yunguyo,2009-08-30,8.89,14.04,4.63,41.22,0.0,1.45,63.77,-16.25,-69.08333,3826
Yunguyo,2009-08-31,8.93,14.25,4.53,42.44,0.0,2.77,63.76,-16.25,-69.08333,3826
Yunguyo,2009-09-01,8.58,12.52,5.36,74.1,1.01,3.13,63.78,-16.25,-69.08333,3826
Yunguyo,2009-09-02,7.35,13.46,2.1,65.98,1.08,3.4,63.78,-16.25,-69.08333,3826
Yunguyo,2009-09-03,7.63,15.58,2.0,41.22,0.94,3.08,63.83,-16.25,-69.08333,3826
Yunguyo,2009-09-04,8.74,14.19,4.24,28.78,0.04,1.52,63.96,-16.25,-69.08333,3826
Yunguyo,2009-09-05,9.85,17.22,4.65,29.52,0.0,3.06,63.98,-16.25,-69.08333,3826
Yunguyo,2009-09-06,10.14,16.77,3.88,29.78,0.0,2.99,63.95,-16.25,-69.08333,3826
Yunguyo,2009-09-07,10.79,17.6,5.65,25.68,0.0,2.26,63.8,-16.25,-69.08333,3826
Yunguyo,2009-09-08,10.09,16.34,4.65,36.48,0.0,3.15,63.69,-16.25,-69.08333,3826
Yunguyo,2009-09-09,10.34,16.07,5.52,47.89,0.14,3.13,63.67,-16.25,-69.08333,3826
Yunguyo,2009-09-10,7.96,11.9,5.08,68.52,0.18,4.31,63.84,-16.25,-69.08333,3826
Yunguyo,2009-09-11,8.75,14.08,4.17,59.85,0.01,2.75,63.96,-16.25,-69.08333,3826
Yunguyo,2009-09-12,9.81,15.5,5.61,62.19,0.0,2.55,63.93,-16.25,-69.08333,3826
Yunguyo,2009-09-13,10.08,15.92,6.07,67.06,0.0,3.36,63.89,-16.25,-69.08333,3826
Yunguyo,2009-09-14,9.92,15.23,6.09,68.11,0.09,3.27,63.92,-16.25,-69.08333,3826
Yunguyo,2009-09-15,9.55,13.49,7.15,72.39,0.13,3.79,63.88,-16.25,-69.08333,3826
Yunguyo,2009-09-16,9.22,14.69,5.02,62.67,0.01,4.47,63.91,-16.25,-69.08333,3826
Yunguyo,2009-09-17,9.58,14.71,5.88,60.22,0.0,3.1,63.89,-16.25,-69.08333,3826
Yunguyo,2009-09-18,10.52,15.35,7.24,65.06,0.0,3.22,63.79,-16.25,-69.08333,3826
Yunguyo,2009-09-19,7.66,11.18,5.89,80.79,0.63,3.78,63.85,-16.25,-69.08333,3826
Yunguyo,2009-09-20,9.53,13.74,6.07,55.43,0.22,2.48,63.79,-16.25,-69.08333,3826
Yunguyo,2009-09-21,9.96,13.96,6.98,35.75,0.0,1.52,63.7,-16.25,-69.08333,3826
Yunguyo,2009-09-22,10.02,16.11,4.87,27.05,0.01,2.84,63.62,-16.25,-69.08333,3826
Yunguyo,2009-09-23,9.44,15.08,5.38,50.67,0.47,3.74,63.64,-16.25,-69.08333,3826
Yunguyo,2009-09-24,9.98,15.94,5.12,60.69,0.02,2.62,63.67,-16.25,-69.08333,3826
Yunguyo,2009-09-25,10.52,15.77,6.66,61.89,0.0,2.87,63.72,-16.25,-69.08333,3826
Yunguyo,2009-09-26,10.76,15.84,6.62,56.87,0.57,2.36,63.74,-16.25,-69.08333,3826
Yunguyo,2009-09-27,10.77,15.34,6.21,61.11,0.15,3.36,63.75,-16.25,-69.08333,3826
Yunguyo,2009-09-28,10.12,13.23,7.65,73.35,6.7,6.22,63.86,-16.25,-69.08333,3826
Yunguyo,2009-09-29,9.93,14.89,6.36,70.47,3.19,5.4,63.95,-16.25,-69.08333,3826
Yunguyo,2009-09-30,9.76,15.68,5.69,68.75,0.16,3.21,63.88,-16.25,-69.08333,3826
Yunguyo,2009-10-01,9.08,14.38,4.6,67.71,3.41,3.18,63.85,-16.25,-69.08333,3826
Yunguyo,2009-10-02,9.19,14.24,5.87,70.67,0.56,3.65,63.86,-16.25,-69.08333,3826
Yunguyo,2009-10-03,9.5,15.21,5.18,62.23,0.0,3.36,63.87,-16.25,-69.08333,3826
Yunguyo,2009-10-04,9.92,15.76,5.81,60.75,0.0,3.38,63.85,-16.25,-69.08333,3826
Yunguyo,2009-10-05,11.35,17.13,7.06,55.02,0.0,2.35,63.74,-16.25,-69.08333,3826
Yunguyo,2009-10-06,10.68,16.09,7.1,57.33,0.0,2.83,63.81,-16.25,-69.08333,3826
Yunguyo,2009-10-07,9.84,14.96,6.22,62.89,0.46,3.52,63.95,-16.25,-69.08333,3826
Yunguyo,2009-10-08,10.09,15.83,5.95,65.73,0.09,3.4,63.95,-16.25,-69.08333,3826
Yunguyo,2009-10-09,10.42,16.64,5.66,58.75,0.0,3.15,63.85,-16.25,-69.08333,3826
Yunguyo,2009-10-10,11.87,17.86,7.37,53.1,0.0,2.13,63.69,-16.25,-69.08333,3826
Yunguyo,2009-10-11,12.05,18.24,6.85,41.17,0.0,2.19,63.64,-16.25,-69.08333,3826
Yunguyo,2009-10-12,11.59,16.95,6.4,38.58,0.25,3.17,63.66,-16.25,-69.08333,3826
Yunguyo,2009-10-13,11.96,18.13,7.15,43.8,0.02,2.1,63.57,-16.25,-69.08333,3826
Yunguyo,2009-10-14,11.38,17.25,6.19,44.22,0.0,3.52,63.56,-16.25,-69.08333,3826
Yunguyo,2009-10-15,11.7,16.52,6.85,61.12,0.0,4.01,63.56,-16.25,-69.08333,3826
Yunguyo,2009-10-16,10.58,16.99,4.44,58.65,1.38,4.45,63.74,-16.25,-69.08333,3826
Yunguyo,2009-10-17,9.83,12.96,7.55,73.85,0.24,3.34,63.85,-16.25,-69.08333,3826
Yunguyo,2009-10-18,11.42,16.39,7.45,55.04,9.91,2.63,63.76,-16.25,-69.08333,3826
Yunguyo,2009-10-19,10.94,14.37,8.32,63.79,2.46,2.3,63.7,-16.25,-69.08333,3826
Yunguyo,2009-10-20,11.46,16.32,7.82,61.6,2.15,2.87,63.63,-16.25,-69.08333,3826
Yunguyo,2009-10-21,8.51,11.4,7.46,75.0,0.35,2.98,63.74,-16.25,-69.08333,3826
Yunguyo,2009-10-22,11.34,16.56,7.9,61.46,0.33,3.56,63.71,-16.25,-69.08333,3826
Yunguyo,2009-10-23,9.71,13.69,6.83,74.06,1.87,3.56,63.7,-16.25,-69.08333,3826
Yunguyo,2009-10-24,9.74,13.62,5.58,65.25,0.32,2.46,63.69,-16.25,-69.08333,3826
Yunguyo,2009-10-25,10.56,15.56,5.12,63.07,0.53,2.48,63.67,-16.25,-69.08333,3826
Yunguyo,2009-10-26,11.63,15.8,8.16,62.78,0.4,3.47,63.63,-16.25,-69.08333,3826
Yunguyo,2009-10-27,8.88,12.14,6.52,64.97,0.21,3.47,63.69,-16.25,-69.08333,3826
Yunguyo,2009-10-28,10.59,16.56,6.45,65.05,0.01,4.43,63.77,-16.25,-69.08333,3826
Yunguyo,2009-10-29,9.45,14.85,4.41,65.64,0.0,4.66,63.89,-16.25,-69.08333,3826
Yunguyo,2009-10-30,9.9,15.74,4.97,67.27,0.0,3.88,63.8,-16.25,-69.08333,3826
Yunguyo,2009-10-31,10.57,15.08,6.73,65.07,0.0,2.85,63.74,-16.25,-69.08333,3826
Yunguyo,2009-11-01,11.52,17.4,7.48,61.45,0.0,3.53,63.69,-16.25,-69.08333,3826
Yunguyo,2009-11-02,11.83,16.84,7.8,53.58,1.22,2.99,63.68,-16.25,-69.08333,3826
Yunguyo,2009-11-03,11.09,15.4,8.09,62.26,0.04,2.68,63.62,-16.25,-69.08333,3826
Yunguyo,2009-11-04,10.24,14.58,7.31,62.95,0.13,2.87,63.6,-16.25,-69.08333,3826
Yunguyo,2009-11-05,11.71,17.61,6.7,50.46,0.03,2.5,63.55,-16.25,-69.08333,3826
Yunguyo,2009-11-06,11.74,17.59,6.17,42.35,0.17,3.49,63.49,-16.25,-69.08333,3826
Yunguyo,2009-11-07,12.23,17.74,7.19,47.99,0.24,2.05,63.48,-16.25,-69.08333,3826
Yunguyo,2009-11-08,12.36,18.18,7.09,48.88,0.17,2.93,63.55,-16.25,-69.08333,3826
Yunguyo,2009-11-09,10.89,15.13,7.07,65.82,0.05,3.35,63.65,-16.25,-69.08333,3826
Yunguyo,2009-11-10,12.54,18.04,9.29,58.09,0.0,3.9,63.66,-16.25,-69.08333,3826
Yunguyo,2009-11-11,11.66,16.4,8.5,68.98,0.04,4.7,63.64,-16.25,-69.08333,3826
Yunguyo,2009-11-12,11.76,17.27,7.72,66.13,1.3,4.58,63.64,-16.25,-69.08333,3826
Yunguyo,2009-11-13,11.1,15.7,7.78,67.74,0.15,4.2,63.71,-16.25,-69.08333,3826
Yunguyo,2009-11-14,10.73,14.58,7.9,70.02,6.64,3.62,63.76,-16.25,-69.08333,3826
Yunguyo,2009-11-15,10.71,15.47,6.72,69.81,6.97,2.94,63.72,-16.25,-69.08333,3826
Yunguyo,2009-11-16,10.22,15.13,6.35,74.16,3.87,4.48,63.68,-16.25,-69.08333,3826
Yunguyo,2009-11-17,9.72,13.18,7.06,78.52,3.55,4.86,63.68,-16.25,-69.08333,3826
Yunguyo,2009-11-18,10.71,15.77,7.08,71.54,4.1,4.58,63.73,-16.25,-69.08333,3826
Yunguyo,2009-11-19,11.42,16.73,7.6,66.77,0.75,4.44,63.76,-16.25,-69.08333,3826
Yunguyo,2009-11-20,11.44,16.9,7.53,66.67,6.92,3.91,63.76,-16.25,-69.08333,3826
Yunguyo,2009-11-21,11.66,16.43,8.0,67.53,1.41,3.64,63.74,-16.25,-69.08333,3826
Yunguyo,2009-11-22,11.9,16.77,8.63,66.54,0.0,3.36,63.76,-16.25,-69.08333,3826
Yunguyo,2009-11-23,12.19,16.93,7.97,65.73,0.0,3.23,63.7,-16.25,-69.08333,3826
Yunguyo,2009-11-24,11.3,15.51,8.25,65.02,2.48,1.94,63.64,-16.25,-69.08333,3826
Yunguyo,2009-11-25,11.62,17.38,6.16,66.11,0.37,3.4,63.65,-16.25,-69.08333,3826
Yunguyo,2009-11-26,11.75,15.89,8.98,67.9,1.63,4.43,63.71,-16.25,-69.08333,3826
Yunguyo,2009-11-27,11.3,14.84,8.84,70.41,3.58,4.76,63.71,-16.25,-69.08333,3826
Yunguyo,2009-11-28,11.25,15.68,7.88,69.08,10.48,4.07,63.65,-16.25,-69.08333,3826
Yunguyo,2009-11-29,10.99,14.58,8.64,73.08,4.23,3.9,63.66,-16.25,-69.08333,3826
Yunguyo,2009-11-30,12.06,17.1,8.14,67.2,0.83,3.27,63.57,-16.25,-69.08333,3826
Yunguyo,2009-12-01,10.19,13.27,7.56,75.22,7.48,3.06,63.57,-16.25,-69.08333,3826
Yunguyo,2009-12-02,11.76,16.77,6.97,62.86,0.18,3.13,63.55,-16.25,-69.08333,3826
Yunguyo,2009-12-03,10.86,13.68,7.89,72.97,0.43,2.13,63.58,-16.25,-69.08333,3826
Yunguyo,2009-12-04,7.82,10.39,5.9,73.8,1.71,2.18,63.62,-16.25,-69.08333,3826
Yunguyo,2009-12-05,12.28,18.51,6.54,48.75,0.18,2.61,63.52,-16.25,-69.08333,3826
Yunguyo,2009-12-06,12.86,18.27,8.0,44.9,0.02,2.66,63.56,-16.25,-69.08333,3826
Yunguyo,2009-12-07,12.94,18.53,7.81,50.15,0.45,2.83,63.6,-16.25,-69.08333,3826
Yunguyo,2009-12-08,8.85,11.43,6.82,73.04,1.19,3.18,63.7,-16.25,-69.08333,3826
Yunguyo,2009-12-09,9.91,14.53,6.02,75.36,2.25,3.5,63.69,-16.25,-69.08333,3826
Yunguyo,2009-12-10,8.0,13.01,4.66,78.33,8.83,2.4,63.69,-16.25,-69.08333,3826
Yunguyo,2009-12-11,11.04,15.82,6.07,60.32,1.88,3.31,63.66,-16.25,-69.08333,3826
Yunguyo,2009-12-12,11.62,16.99,6.78,55.94,0.43,4.09,63.71,-16.25,-69.08333,3826
Yunguyo,2009-12-13,9.79,12.65,6.53,72.13,0.04,3.78,63.7,-16.25,-69.08333,3826
Yunguyo,2009-12-14,11.54,17.52,5.84,59.77,0.0,3.84,63.66,-16.25,-69.08333,3826
Yunguyo,2009-12-15,10.27,16.17,5.41,62.1,0.09,4.37,63.75,-16.25,-69.08333,3826
Yunguyo,2009-12-16,10.7,16.33,6.83,62.21,3.66,4.03,63.71,-16.25,-69.08333,3826
Yunguyo,2009-12-17,9.79,14.8,6.82,68.76,6.4,4.53,63.66,-16.25,-69.08333,3826
Yunguyo,2009-12-18,9.29,14.22,5.96,68.5,4.12,3.84,63.7,-16.25,-69.08333,3826
Yunguyo,2009-12-19,9.72,14.37,5.68,75.68,3.5,4.61,63.74,-16.25,-69.08333,3826
Yunguyo,2009-12-20,10.3,15.28,5.96,71.49,7.19,3.63,63.75,-16.25,-69.08333,3826
Yunguyo,2009-12-21,8.4,14.31,4.0,76.69,4.31,2.48,63.83,-16.25,-69.08333,3826
Yunguyo,2009-12-22,9.83,15.72,4.18,75.83,3.38,3.8,63.82,-16.25,-69.08333,3826
Yunguyo,2009-12-23,10.06,13.44,7.24,75.62,7.65,3.63,63.82,-16.25,-69.08333,3826
Yunguyo,2009-12-24,10.28,13.78,7.6,75.33,4.36,3.74,63.79,-16.25,-69.08333,3826
Yunguyo,2009-12-25,9.93,13.26,7.64,77.18,7.5,3.61,63.74,-16.25,-69.08333,3826
Yunguyo,2009-12-26,11.13,15.42,7.98,66.68,2.02,2.26,63.65,-16.25,-69.08333,3826
Yunguyo,2009-12-27,10.6,15.34,6.44,70.45,10.53,2.45,63.63,-16.25,-69.08333,3826
Yunguyo,2009-12-28,9.56,14.71,4.96,75.16,5.37,2.52,63.61,-16.25,-69.08333,3826
Yunguyo,2009-12-29,10.97,16.44,7.01,62.68,9.55,2.8,63.56,-16.25,-69.08333,3826
Yunguyo,2009-12-30,7.92,10.38,4.91,65.3,0.09,2.27,63.64,-16.25,-69.08333,3826
Yunguyo,2009-12-31,10.24,15.0,3.51,64.87,0.08,2.2,63.68,-16.25,-69.08333,3826
Yunguyo,2010-01-01,10.04,16.15,2.78,69.8,0.05,2.84,63.68,-16.25,-69.08333,3826
Yunguyo,2010-01-02,11.26,15.61,8.42,70.52,1.39,4.16,63.64,-16.25,-69.08333,3826
Yunguyo,2010-01-03,10.55,14.57,7.74,73.81,7.61,3.52,63.64,-16.25,-69.08333,3826
Yunguyo,2010-01-04,10.46,14.08,7.85,75.73,2.72,4.29,63.69,-16.25,-69.08333,3826
Yunguyo,2010-01-05,11.14,16.22,6.38,70.51,0.06,4.07,63.78,-16.25,-69.08333,3826
Yunguyo,2010-01-06,11.38,15.93,7.72,68.07,0.03,3.83,63.73,-16.25,-69.08333,3826
Yunguyo,2010-01-07,11.92,17.15,8.09,65.2,2.18,3.6,63.74,-16.25,-69.08333,3826
Yunguyo,2010-01-08,10.97,14.81,8.58,71.96,1.54,2.6,63.71,-16.25,-69.08333,3826
Yunguyo,2010-01-09,11.11,15.7,7.76,68.51,3.12,3.75,63.7,-16.25,-69.08333,3826
Yunguyo,2010-01-10,11.85,16.64,7.66,65.4,1.04,3.86,63.62,-16.25,-69.08333,3826
Yunguyo,2010-01-11,11.13,14.66,7.93,71.92,0.45,3.06,63.68,-16.25,-69.08333,3826
Yunguyo,2010-01-12,12.25,17.92,7.5,63.28,0.01,2.53,63.67,-16.25,-69.08333,3826
Yunguyo,2010-01-13,11.04,15.21,8.64,69.0,0.38,3.0,63.76,-16.25,-69.08333,3826
Yunguyo,2010-01-14,10.23,14.53,6.55,74.78,0.79,3.99,63.78,-16.25,-69.08333,3826
Yunguyo,2010-01-15,9.51,13.8,6.67,77.75,0.88,3.67,63.82,-16.25,-69.08333,3826
Yunguyo,2010-01-16,11.54,16.31,7.76,73.54,7.28,4.36,63.8,-16.25,-69.08333,3826
Yunguyo,2010-01-17,11.89,16.38,8.46,69.63,1.48,3.93,63.87,-16.25,-69.08333,3826
Yunguyo,2010-01-18,10.9,13.66,8.44,73.27,5.05,3.34,63.81,-16.25,-69.08333,3826
Yunguyo,2010-01-19,11.27,17.1,6.07,68.04,4.28,2.48,63.69,-16.25,-69.08333,3826
Yunguyo,2010-01-20,7.43,11.32,3.26,80.7,7.21,2.46,63.73,-16.25,-69.08333,3826
Yunguyo,2010-01-21,7.25,11.99,2.8,85.39,2.15,4.72,63.79,-16.25,-69.08333,3826
Yunguyo,2010-01-22,8.74,12.77,5.49,79.08,2.7,3.31,63.83,-16.25,-69.08333,3826
Yunguyo,2010-01-23,8.35,12.67,3.93,80.08,7.77,3.19,63.73,-16.25,-69.08333,3826
Yunguyo,2010-01-24,8.31,13.66,3.86,78.56,11.15,4.23,63.69,-16.25,-69.08333,3826
Yunguyo,2010-01-25,8.8,14.65,4.61,75.25,18.0,1.97,63.72,-16.25,-69.08333,3826
Yunguyo,2010-01-26,8.78,14.17,4.06,71.09,3.91,2.54,63.75,-16.25,-69.08333,3826
Yunguyo,2010-01-27,10.21,15.1,6.76,73.11,2.22,3.74,63.62,-16.25,-69.08333,3826
Yunguyo,2010-01-28,9.45,14.35,6.38,74.24,2.37,2.34,63.62,-16.25,-69.08333,3826
Yunguyo,2010-01-29,10.03,15.22,6.54,68.14,1.79,2.22,63.57,-16.25,-69.08333,3826
Yunguyo,2010-01-30,9.71,13.33,6.38,75.7,1.28,4.5,63.65,-16.25,-69.08333,3826
Yunguyo,2010-01-31,9.86,14.59,6.16,75.41,2.21,4.17,63.74,-16.25,-69.08333,3826
Yunguyo,2010-02-01,9.71,13.89,6.06,72.04,11.18,3.08,63.75,-16.25,-69.08333,3826
Yunguyo,2010-02-02,10.97,15.79,6.6,74.15,2.79,3.31,63.68,-16.25,-69.08333,3826
Yunguyo,2010-02-03,11.86,17.49,5.91,63.7,1.15,2.92,63.73,-16.25,-69.08333,3826
Yunguyo,2010-02-04,10.76,15.08,3.9,80.71,7.09,3.88,63.75,-16.25,-69.08333,3826
Yunguyo,2010-02-05,8.09,14.82,3.56,78.15,10.41,3.22,63.77,-16.25,-69.08333,3826
Yunguyo,2010-02-06,10.39,16.06,5.74,62.42,2.74,4.69,63.69,-16.25,-69.08333,3826
Yunguyo,2010-02-07,10.0,14.74,5.01,66.59,2.06,4.45,63.79,-16.25,-69.08333,3826
Yunguyo,2010-02-08,11.42,13.73,9.15,74.87,2.23,2.6,63.87,-16.25,-69.08333,3826
Yunguyo,2010-02-09,11.01,13.38,8.86,75.04,0.81,2.47,63.73,-16.25,-69.08333,3826
Yunguyo,2010-02-10,12.73,18.03,8.4,64.4,0.2,2.63,63.59,-16.25,-69.08333,3826
Yunguyo,2010-02-11,10.59,14.31,7.67,65.42,1.65,2.51,63.7,-16.25,-69.08333,3826
Yunguyo,2010-02-12,11.17,15.93,6.98,68.82,0.35,3.31,63.77,-16.25,-69.08333,3826
Yunguyo,2010-02-13,11.04,15.71,7.42,70.87,4.24,3.0,63.76,-16.25,-69.08333,3826
Yunguyo,2010-02-14,10.86,13.72,8.94,70.36,2.14,2.72,63.73,-16.25,-69.08333,3826
Yunguyo,2010-02-15,12.32,17.16,8.51,66.44,0.28,2.39,63.63,-16.25,-69.08333,3826
Yunguyo,2010-02-16,10.37,14.06,6.81,68.77,1.88,3.46,63.64,-16.25,-69.08333,3826
Yunguyo,2010-02-17,10.68,15.26,6.44,75.78,12.76,5.2,63.73,-16.25,-69.08333,3826
Yunguyo,2010-02-18,10.95,15.78,7.21,74.9,5.91,3.76,63.78,-16.25,-69.08333,3826
Yunguyo,2010-02-19,10.68,15.85,6.85,77.12,5.51,4.39,63.86,-16.25,-69.08333,3826
Yunguyo,2010-02-20,10.46,15.32,6.1,76.64,3.74,3.45,63.9,-16.25,-69.08333,3826
Yunguyo,2010-02-21,10.99,15.49,8.14,74.64,1.93,4.16,63.83,-16.25,-69.08333,3826
Yunguyo,2010-02-22,10.5,15.47,7.53,72.93,7.94,4.34,63.76,-16.25,-69.08333,3826
Yunguyo,2010-02-23,10.63,14.45,7.01,68.38,2.59,3.0,63.7,-16.25,-69.08333,3826
Yunguyo,2010-02-24,10.87,14.42,8.31,76.41,0.69,4.47,63.75,-16.25,-69.08333,3826
Yunguyo,2010-02-25,9.22,11.78,7.31,81.04,1.86,4.3,63.85,-16.25,-69.08333,3826
Yunguyo,2010-02-26,10.23,15.24,6.66,77.21,4.35,3.83,63.74,-16.25,-69.08333,3826
Yunguyo,2010-02-27,10.05,14.45,6.98,78.36,3.46,3.65,63.73,-16.25,-69.08333,3826
Yunguyo,2010-02-28,8.65,12.72,5.29,81.59,5.61,3.11,63.81,-16.25,-69.08333,3826
Yunguyo,2010-03-01,8.84,13.19,4.28,79.34,3.1,2.83,63.83,-16.25,-69.08333,3826
Yunguyo,2010-03-02,10.77,15.72,7.46,73.74,0.48,2.71,63.78,-16.25,-69.08333,3826
Yunguyo,2010-03-03,11.06,15.26,8.02,74.25,1.01,3.01,63.83,-16.25,-69.08333,3826
Yunguyo,2010-03-04,10.88,15.84,7.63,66.49,0.05,3.08,63.93,-16.25,-69.08333,3826
Yunguyo,2010-03-05,9.37,13.94,5.86,73.86,3.27,4.66,63.96,-16.25,-69.08333,3826
Yunguyo,2010-03-06,10.42,16.06,5.93,71.66,0.33,3.79,63.94,-16.25,-69.08333,3826
Yunguyo,2010-03-07,10.48,15.02,7.04,70.32,0.0,3.55,63.97,-16.25,-69.08333,3826
Yunguyo,2010-03-08,11.48,16.7,7.59,63.81,0.0,3.19,63.9,-16.25,-69.08333,3826
Yunguyo,2010-03-09,11.42,16.7,7.61,57.46,0.0,3.39,63.92,-16.25,-69.08333,3826
Yunguyo,2010-03-10,11.42,16.93,7.26,53.98,0.0,2.94,63.92,-16.25,-69.08333,3826
Yunguyo,2010-03-11,10.6,14.94,7.07,61.71,0.22,4.19,63.83,-16.25,-69.08333,3826
Yunguyo,2010-03-12,10.46,15.61,6.51,62.82,0.72,2.69,63.76,-16.25,-69.08333,3826
Yunguyo,2010-03-13,11.13,16.51,6.2,59.23,3.18,2.27,63.73,-16.25,-69.08333,3826
Yunguyo,2010-03-14,11.77,16.64,6.78,59.92,0.5,3.59,63.78,-16.25,-69.08333,3826
Yunguyo,2010-03-15,10.64,14.45,7.2,74.03,2.35,4.2,63.85,-16.25,-69.08333,3826
Yunguyo,2010-03-16,9.95,13.38,7.12,81.62,4.05,5.37,63.9,-16.25,-69.08333,3826
Yunguyo,2010-03-17,10.75,15.09,7.09,76.21,0.31,3.83,63.91,-16.25,-69.08333,3826
Yunguyo,2010-03-18,10.77,16.11,7.43,72.83,0.0,3.9,63.93,-16.25,-69.08333,3826
Yunguyo,2010-03-19,10.16,13.77,6.73,74.66,0.0,3.75,63.97,-16.25,-69.08333,3826
Yunguyo,2010-03-20,11.32,16.01,7.44,69.36,0.0,2.92,64.01,-16.25,-69.08333,3826
Yunguyo,2010-03-21,12.24,16.28,8.85,62.53,0.0,1.7,63.83,-16.25,-69.08333,3826
Yunguyo,2010-03-22,12.28,16.13,9.12,57.39,0.7,2.1,63.68,-16.25,-69.08333,3826
Yunguyo,2010-03-23,11.5,16.23,7.82,62.23,0.05,3.03,63.74,-16.25,-69.08333,3826
Yunguyo,2010-03-24,9.78,13.66,6.42,75.39,1.34,4.79,63.82,-16.25,-69.08333,3826
Yunguyo,2010-03-25,8.91,13.61,5.82,77.01,0.39,4.39,63.88,-16.25,-69.08333,3826
Yunguyo,2010-03-26,9.66,15.07,5.67,70.04,0.0,4.2,63.9,-16.25,-69.08333,3826
Yunguyo,2010-03-27,9.93,15.5,5.23,70.44,0.0,4.09,63.88,-16.25,-69.08333,3826
Yunguyo,2010-03-28,9.55,14.45,5.53,67.41,0.9,3.01,63.79,-16.25,-69.08333,3826
Yunguyo,2010-03-29,9.66,14.75,6.68,72.88,1.61,3.3,63.74,-16.25,-69.08333,3826
Yunguyo,2010-03-30,9.03,14.51,5.55,76.7,3.92,3.91,63.8,-16.25,-69.08333,3826
Yunguyo,2010-03-31,9.22,14.4,5.26,72.76,1.56,2.64,63.83,-16.25,-69.08333,3826
Yunguyo,2010-04-01,10.84,15.88,6.99,62.33,0.0,2.63,63.8,-16.25,-69.08333,3826
Yunguyo,2010-04-02,9.79,15.12,5.41,66.7,0.26,3.71,63.78,-16.25,-69.08333,3826
Yunguyo,2010-04-03,10.73,16.0,6.59,59.71,0.06,3.39,63.76,-16.25,-69.08333,3826
Yunguyo,2010-04-04,9.11,13.13,5.7,74.93,1.21,4.52,63.89,-16.25,-69.08333,3826
Yunguyo,2010-04-05,9.51,14.6,5.79,75.38,0.74,4.14,63.93,-16.25,-69.08333,3826
Yunguyo,2010-04-06,9.79,15.49,5.61,67.94,0.2,3.23,63.9,-16.25,-69.08333,3826
Yunguyo,2010-04-07,10.39,16.25,6.2,61.78,0.05,3.49,63.83,-16.25,-69.08333,3826
Yunguyo,2010-04-08,9.73,15.32,5.71,63.36,0.07,3.15,63.87,-16.25,-69.08333,3826
Yunguyo,2010-04-09,9.32,14.98,5.51,64.28,0.16,3.52,63.91,-16.25,-69.08333,3826
Yunguyo,2010-04-10,9.59,15.37,4.9,55.03,0.03,2.77,63.86,-16.25,-69.08333,3826
Yunguyo,2010-04-11,10.12,15.92,5.82,50.28,0.0,2.85,63.72,-16.25,-69.08333,3826
Yunguyo,2010-04-12,9.18,13.48,6.24,66.28,0.0,3.17,63.66,-16.25,-69.08333,3826
Yunguyo,2010-04-13,8.51,13.66,4.62,69.65,0.0,3.27,63.71,-16.25,-69.08333,3826
Yunguyo,2010-04-14,9.02,14.99,4.21,65.39,0.08,2.69,63.9,-16.25,-69.08333,3826
Yunguyo,2010-04-15,9.52,14.13,5.81,70.46,0.21,2.83,63.92,-16.25,-69.08333,3826
Yunguyo,2010-04-16,9.57,14.36,6.5,72.22,0.03,4.03,63.84,-16.25,-69.08333,3826
Yunguyo,2010-04-17,9.56,13.13,6.63,69.95,0.0,2.78,63.9,-16.25,-69.08333,3826
Yunguyo,2010-04-18,10.94,15.82,7.66,68.47,0.0,2.59,64.01,-16.25,-69.08333,3826
Yunguyo,2010-04-19,9.99,14.7,6.57,74.75,2.93,2.25,64.03,-16.25,-69.08333,3826
Yunguyo,2010-04-20,11.65,16.63,7.86,63.52,0.32,2.36,63.96,-16.25,-69.08333,3826
Yunguyo,2010-04-21,11.13,15.9,8.34,68.21,1.55,3.7,63.91,-16.25,-69.08333,3826
Yunguyo,2010-04-22,10.87,14.67,8.31,67.62,0.56,3.03,63.91,-16.25,-69.08333,3826
Yunguyo,2010-04-23,10.67,15.16,7.77,74.54,0.84,4.35,63.94,-16.25,-69.08333,3826
Yunguyo,2010-04-24,11.79,17.01,8.01,64.03,0.14,3.17,63.9,-16.25,-69.08333,3826
Yunguyo,2010-04-25,12.19,18.0,8.46,52.44,0.0,1.54,63.87,-16.25,-69.08333,3826
Yunguyo,2010-04-26,11.38,17.01,6.82,52.14,0.04,2.6,63.92,-16.25,-69.08333,3826
Yunguyo,2010-04-27,11.81,16.68,7.77,65.64,0.09,3.47,64.0,-16.25,-69.08333,3826
Yunguyo,2010-04-28,11.23,15.13,8.82,71.64,0.02,3.64,64.02,-16.25,-69.08333,3826
Yunguyo,2010-04-29,9.74,14.24,6.25,68.06,0.29,5.26,63.97,-16.25,-69.08333,3826
Yunguyo,2010-04-30,8.25,12.95,5.3,77.16,0.42,6.09,63.86,-16.25,-69.08333,3826
Yunguyo,2010-05-01,7.51,12.55,3.88,73.23,2.36,4.14,63.95,-16.25,-69.08333,3826
Yunguyo,2010-05-02,8.93,16.06,3.76,54.87,1.19,3.67,63.87,-16.25,-69.08333,3826
Yunguyo,2010-05-03,8.05,14.24,2.16,44.25,1.55,3.15,63.85,-16.25,-69.08333,3826
Yunguyo,2010-05-04,8.37,12.66,5.4,68.39,0.75,2.55,63.83,-16.25,-69.08333,3826
Yunguyo,2010-05-05,9.53,15.26,5.58,55.85,0.06,2.15,63.77,-16.25,-69.08333,3826
Yunguyo,2010-05-06,9.52,15.06,5.31,54.75,0.0,2.19,63.82,-16.25,-69.08333,3826
Yunguyo,2010-05-07,10.36,15.13,7.09,67.18,0.07,2.8,63.91,-16.25,-69.08333,3826
Yunguyo,2010-05-08,10.53,14.92,7.56,71.39,0.1,3.27,63.98,-16.25,-69.08333,3826
Yunguyo,2010-05-09,10.49,15.91,6.17,64.36,0.03,2.54,63.94,-16.25,-69.08333,3826
Yunguyo,2010-05-10,9.13,16.26,4.06,45.44,0.0,2.27,63.88,-16.25,-69.08333,3826
Yunguyo,2010-05-11,8.38,14.69,3.93,52.31,0.0,2.36,63.8,-16.25,-69.08333,3826
Yunguyo,2010-05-12,8.5,14.75,4.23,59.66,0.0,2.57,63.75,-16.25,-69.08333,3826
Yunguyo,2010-05-13,8.85,14.5,4.61,60.7,0.0,2.29,63.76,-16.25,-69.08333,3826
Yunguyo,2010-05-14,10.19,16.3,6.29,53.64,1.04,2.7,63.75,-16.25,-69.08333,3826
Yunguyo,2010-05-15,9.2,14.12,4.65,63.16,0.02,4.9,63.8,-16.25,-69.08333,3826
Yunguyo,2010-05-16,9.19,14.59,5.29,64.22,0.0,4.48,63.81,-16.25,-69.08333,3826
Yunguyo,2010-05-17,9.91,16.04,5.73,53.41,0.0,3.25,63.81,-16.25,-69.08333,3826
Yunguyo,2010-05-18,9.97,14.74,6.08,55.85,0.0,2.69,63.87,-16.25,-69.08333,3826
Yunguyo,2010-05-19,10.32,15.17,6.47,60.51,0.0,1.88,63.88,-16.25,-69.08333,3826
Yunguyo,2010-05-20,10.09,13.94,7.19,67.07,0.0,1.89,63.89,-16.25,-69.08333,3826
Yunguyo,2010-05-21,9.29,13.85,5.71,60.85,0.03,2.15,63.91,-16.25,-69.08333,3826
Yunguyo,2010-05-22,9.54,13.66,6.08,54.98,0.09,1.9,63.75,-16.25,-69.08333,3826
Yunguyo,2010-05-23,8.85,15.39,3.62,49.88,1.05,4.21,63.57,-16.25,-69.08333,3826
Yunguyo,2010-05-24,8.59,13.98,3.89,57.58,1.8,2.86,63.6,-16.25,-69.08333,3826
Yunguyo,2010-05-25,8.91,12.92,5.89,68.21,0.4,2.57,63.7,-16.25,-69.08333,3826
Yunguyo,2010-05-26,7.42,11.21,4.73,75.67,1.8,2.53,63.86,-16.25,-69.08333,3826
Yunguyo,2010-05-27,7.43,10.63,5.48,84.82,2.15,4.6,63.99,-16.25,-69.08333,3826
Yunguyo,2010-05-28,8.5,12.92,4.81,74.57,0.25,3.46,63.94,-16.25,-69.08333,3826
Yunguyo,2010-05-29,10.3,15.22,6.33,64.74,0.0,2.47,63.87,-16.25,-69.08333,3826
Yunguyo,2010-05-30,9.82,15.09,6.03,59.81,1.21,3.09,64.0,-16.25,-69.08333,3826
Yunguyo,2010-05-31,8.75,13.18,5.84,71.77,0.4,2.13,64.03,-16.25,-69.08333,3826
Yunguyo,2010-06-01,8.76,14.47,4.8,48.71,0.0,2.13,63.89,-16.25,-69.08333,3826
Yunguyo,2010-06-02,8.25,13.58,4.26,60.85,0.0,2.67,63.78,-16.25,-69.08333,3826
Yunguyo,2010-06-03,9.24,14.62,5.69,61.19,0.0,2.81,63.83,-16.25,-69.08333,3826
Yunguyo,2010-06-04,8.68,12.96,5.89,71.55,0.0,2.79,64.0,-16.25,-69.08333,3826
Yunguyo,2010-06-05,7.93,11.9,5.67,77.71,0.0,3.32,64.06,-16.25,-69.08333,3826
Yunguyo,2010-06-06,9.0,13.52,5.71,65.03,0.0,2.03,63.95,-16.25,-69.08333,3826
Yunguyo,2010-06-07,8.89,13.16,6.33,59.61,0.0,2.51,63.98,-16.25,-69.08333,3826
Yunguyo,2010-06-08,7.93,11.81,5.83,75.72,0.0,2.73,64.09,-16.25,-69.08333,3826
Yunguyo,2010-06-09,8.04,13.02,4.64,64.02,0.0,2.25,64.11,-16.25,-69.08333,3826
Yunguyo,2010-06-10,6.71,11.73,3.08,66.59,0.0,3.26,64.1,-16.25,-69.08333,3826
Yunguyo,2010-06-11,7.06,12.51,3.25,57.49,0.0,2.17,64.08,-16.25,-69.08333,3826
Yunguyo,2010-06-12,7.53,13.3,3.61,61.34,0.0,2.11,64.0,-16.25,-69.08333,3826
Yunguyo,2010-06-13,7.92,13.51,3.66,63.59,0.0,1.93,63.87,-16.25,-69.08333,3826
Yunguyo,2010-06-14,8.27,13.66,4.16,54.14,0.0,2.79,63.83,-16.25,-69.08333,3826
Yunguyo,2010-06-15,8.94,14.0,5.25,61.76,0.08,3.2,63.83,-16.25,-69.08333,3826
Yunguyo,2010-06-16,9.49,14.17,5.45,59.73,0.14,3.06,63.89,-16.25,-69.08333,3826
Yunguyo,2010-06-17,9.61,14.63,5.97,61.68,1.1,2.85,63.81,-16.25,-69.08333,3826
Yunguyo,2010-06-18,9.3,14.79,5.61,56.66,0.26,2.11,63.78,-16.25,-69.08333,3826
Yunguyo,2010-06-19,8.61,12.68,5.14,66.6,0.02,2.23,63.8,-16.25,-69.08333,3826
Yunguyo,2010-06-20,8.97,12.84,6.54,72.04,4.12,2.73,63.81,-16.25,-69.08333,3826
Yunguyo,2010-06-21,9.25,12.77,6.97,72.57,1.15,2.65,63.95,-16.25,-69.08333,3826
Yunguyo,2010-06-22,8.62,13.32,5.23,72.87,0.62,2.85,64.04,-16.25,-69.08333,3826
Yunguyo,2010-06-23,8.63,13.62,5.06,62.73,0.0,2.49,63.97,-16.25,-69.08333,3826
Yunguyo,2010-06-24,9.38,14.54,5.64,66.29,0.0,2.59,63.95,-16.25,-69.08333,3826
Yunguyo,2010-06-25,8.17,13.37,4.82,68.86,0.02,4.18,64.0,-16.25,-69.08333,3826
Yunguyo,2010-06-26,8.33,12.95,4.95,70.58,0.0,3.48,63.95,-16.25,-69.08333,3826
Yunguyo,2010-06-27,8.7,13.21,5.75,71.91,0.0,3.7,63.85,-16.25,-69.08333,3826
Yunguyo,2010-06-28,6.82,11.52,3.91,75.02,0.0,5.1,63.91,-16.25,-69.08333,3826
Yunguyo,2010-06-29,8.44,13.84,4.31,62.04,0.0,2.1,63.85,-16.25,-69.08333,3826
Yunguyo,2010-06-30,7.71,12.87,4.24,57.68,0.0,2.9,63.89,-16.25,-69.08333,3826
Yunguyo,2010-07-01,7.9,13.4,3.94,70.86,0.0,2.27,63.88,-16.25,-69.08333,3826
Yunguyo,2010-07-02,8.53,13.6,5.23,63.45,0.0,2.0,63.83,-16.25,-69.08333,3826
Yunguyo,2010-07-03,8.52,14.02,5.08,69.14,0.0,2.23,63.9,-16.25,-69.08333,3826
Yunguyo,2010-07-04,8.97,14.47,5.37,61.66,0.0,2.07,63.9,-16.25,-69.08333,3826
Yunguyo,2010-07-05,9.16,14.74,5.14,60.11,0.0,2.49,63.86,-16.25,-69.08333,3826
Yunguyo,2010-07-06,8.67,14.59,3.24,45.61,0.11,2.8,63.86,-16.25,-69.08333,3826
Yunguyo,2010-07-07,8.17,13.61,4.11,45.69,0.02,2.42,63.78,-16.25,-69.08333,3826
Yunguyo,2010-07-08,8.53,13.51,4.8,64.87,0.5,2.61,63.76,-16.25,-69.08333,3826
Yunguyo,2010-07-09,8.52,13.5,5.06,50.29,0.01,2.45,63.79,-16.25,-69.08333,3826
Yunguyo,2010-07-10,8.13,13.13,4.43,61.29,0.25,1.62,63.82,-16.25,-69.08333,3826
Yunguyo,2010-07-11,7.06,13.65,2.35,31.52,0.0,2.46,63.73,-16.25,-69.08333,3826
Yunguyo,2010-07-12,7.52,14.37,2.07,36.92,0.0,3.09,63.7,-16.25,-69.08333,3826
Yunguyo,2010-07-13,7.67,13.07,4.18,41.49,1.16,2.01,63.75,-16.25,-69.08333,3826
Yunguyo,2010-07-14,6.68,12.47,2.79,27.71,0.57,2.23,63.68,-16.25,-69.08333,3826
Yunguyo,2010-07-15,5.91,12.66,1.83,35.03,0.5,3.52,63.63,-16.25,-69.08333,3826
Yunguyo,2010-07-16,3.29,7.47,1.04,74.01,1.18,3.33,63.68,-16.25,-69.08333,3826
Yunguyo,2010-07-17,6.24,12.74,1.75,62.17,0.89,5.64,63.69,-16.25,-69.08333,3826
Yunguyo,2010-07-18,5.0,12.8,-0.39,34.62,0.0,6.03,63.87,-16.25,-69.08333,3826
Yunguyo,2010-07-19,5.3,11.75,-0.16,33.71,0.0,2.8,63.88,-16.25,-69.08333,3826
Yunguyo,2010-07-20,6.19,13.08,1.3,36.42,0.0,2.79,63.82,-16.25,-69.08333,3826
Yunguyo,2010-07-21,6.57,14.03,0.4,44.56,0.0,3.07,63.81,-16.25,-69.08333,3826
Yunguyo,2010-07-22,7.18,13.33,2.2,52.09,0.0,2.91,63.9,-16.25,-69.08333,3826
Yunguyo,2010-07-23,7.65,13.13,3.51,68.05,0.0,2.94,63.97,-16.25,-69.08333,3826
Yunguyo,2010-07-24,8.45,14.03,3.89,56.11,0.0,2.19,63.94,-16.25,-69.08333,3826
Yunguyo,2010-07-25,8.03,13.53,4.36,49.44,0.0,2.91,63.91,-16.25,-69.08333,3826
Yunguyo,2010-07-26,7.26,11.76,4.23,74.69,0.0,4.21,63.88,-16.25,-69.08333,3826
Yunguyo,2010-07-27,8.3,13.54,4.49,65.44,0.0,2.15,63.87,-16.25,-69.08333,3826
Yunguyo,2010-07-28,8.57,13.88,5.14,59.26,0.0,2.33,63.92,-16.25,-69.08333,3826
Yunguyo,2010-07-29,8.51,13.87,4.62,64.71,0.0,2.46,63.84,-16.25,-69.08333,3826
Yunguyo,2010-07-30,8.23,14.19,3.3,46.21,0.0,3.2,63.66,-16.25,-69.08333,3826
Yunguyo,2010-07-31,7.63,14.04,3.12,34.92,0.08,3.55,63.66,-16.25,-69.08333,3826
Yunguyo,2010-08-01,7.71,13.8,3.88,48.34,0.02,2.94,63.68,-16.25,-69.08333,3826
Yunguyo,2010-08-02,7.6,12.86,3.44,70.27,0.0,3.11,63.83,-16.25,-69.08333,3826
Yunguyo,2010-08-03,8.86,14.15,5.28,63.7,0.0,2.28,63.86,-16.25,-69.08333,3826
Yunguyo,2010-08-04,8.03,15.04,3.01,43.65,0.0,3.02,63.88,-16.25,-69.08333,3826
Yunguyo,2010-08-05,7.65,14.47,3.17,51.35,0.0,2.5,63.96,-16.25,-69.08333,3826
Yunguyo,2010-08-06,8.17,14.95,3.57,36.5,0.0,2.27,63.95,-16.25,-69.08333,3826
Yunguyo,2010-08-07,8.87,15.26,3.79,38.89,0.0,2.16,63.97,-16.25,-69.08333,3826
Yunguyo,2010-08-08,8.15,15.02,3.59,44.79,0.0,2.8,63.99,-16.25,-69.08333,3826
Yunguyo,2010-08-09,6.0,12.33,1.9,49.78,0.0,3.47,63.96,-16.25,-69.08333,3826
Yunguyo,2010-08-10,6.57,12.85,2.06,63.2,0.0,3.86,63.91,-16.25,-69.08333,3826
Yunguyo,2010-08-11,8.08,15.68,3.14,57.37,0.0,3.59,63.8,-16.25,-69.08333,3826
Yunguyo,2010-08-12,7.85,14.44,2.25,48.93,0.0,3.96,63.88,-16.25,-69.08333,3826
Yunguyo,2010-08-13,6.97,11.62,3.54,72.06,0.0,3.93,64.03,-16.25,-69.08333,3826
Yunguyo,2010-08-14,8.61,14.9,4.64,61.46,0.0,2.66,63.99,-16.25,-69.08333,3826
Yunguyo,2010-08-15,8.22,14.86,3.34,61.77,0.0,2.18,63.94,-16.25,-69.08333,3826
Yunguyo,2010-08-16,8.74,15.08,4.29,51.58,0.0,2.82,63.88,-16.25,-69.08333,3826
Yunguyo,2010-08-17,8.49,15.07,4.6,62.34,0.0,3.02,63.93,-16.25,-69.08333,3826
Yunguyo,2010-08-18,8.93,15.45,4.23,59.97,0.0,2.85,63.96,-16.25,-69.08333,3826
Yunguyo,2010-08-19,8.52,14.24,4.6,66.0,0.0,3.78,63.86,-16.25,-69.08333,3826
Yunguyo,2010-08-20,6.01,10.88,3.02,73.74,0.0,4.45,63.92,-16.25,-69.08333,3826
Yunguyo,2010-08-21,6.89,12.7,2.59,67.21,0.0,3.74,63.96,-16.25,-69.08333,3826
Yunguyo,2010-08-22,8.68,14.59,4.49,61.66,0.0,2.27,63.98,-16.25,-69.08333,3826
Yunguyo,2010-08-23,9.72,15.6,5.71,63.15,0.0,2.41,63.89,-16.25,-69.08333,3826
Yunguyo,2010-08-24,10.28,15.86,6.45,62.71,0.0,2.97,63.87,-16.25,-69.08333,3826
Yunguyo,2010-08-25,10.07,14.82,7.05,69.61,0.0,3.01,63.92,-16.25,-69.08333,3826
Yunguyo,2010-08-26,9.79,14.19,6.93,71.05,0.0,3.06,63.9,-16.25,-69.08333,3826
Yunguyo,2010-08-27,10.06,15.17,6.94,63.74,0.0,2.8,63.8,-16.25,-69.08333,3826
Yunguyo,2010-08-28,9.73,14.73,5.71,67.65,0.0,3.12,63.75,-16.25,-69.08333,3826
Yunguyo,2010-08-29,9.38,14.03,5.56,70.34,0.0,2.86,63.78,-16.25,-69.08333,3826
Yunguyo,2010-08-30,8.02,12.23,4.95,71.83,2.31,3.69,63.77,-16.25,-69.08333,3826
Yunguyo,2010-08-31,6.22,9.45,2.88,68.52,2.9,3.1,63.63,-16.25,-69.08333,3826
Yunguyo,2010-09-01,7.01,11.18,2.86,76.44,2.1,4.45,63.62,-16.25,-69.08333,3826
Yunguyo,2010-09-02,9.12,13.83,5.5,72.61,1.71,6.17,63.82,-16.25,-69.08333,3826
Yunguyo,2010-09-03,9.2,15.18,5.33,68.64,0.17,3.02,63.94,-16.25,-69.08333,3826
Yunguyo,2010-09-04,9.02,14.18,5.88,61.27,0.0,3.77,63.88,-16.25,-69.08333,3826
Yunguyo,2010-09-05,9.24,15.3,5.34,61.58,0.1,3.63,63.83,-16.25,-69.08333,3826
Yunguyo,2010-09-06,8.63,14.13,5.41,71.36,0.01,3.72,63.96,-16.25,-69.08333,3826
Yunguyo,2010-09-07,8.73,14.17,5.07,68.13,0.0,3.7,64.06,-16.25,-69.08333,3826
Yunguyo,2010-09-08,8.25,14.0,4.31,63.29,0.0,3.32,64.03,-16.25,-69.08333,3826
Yunguyo,2010-09-09,8.44,14.48,4.58,55.11,0.0,3.39,63.9,-16.25,-69.08333,3826
Yunguyo,2010-09-10,9.08,15.67,4.79,64.83,0.0,3.4,63.84,-16.25,-69.08333,3826
Yunguyo,2010-09-11,9.03,14.91,5.47,68.7,0.0,3.71,63.79,-16.25,-69.08333,3826
Yunguyo,2010-09-12,8.69,13.62,5.11,62.94,1.57,3.24,63.69,-16.25,-69.08333,3826
Yunguyo,2010-09-13,8.31,15.05,1.87,32.14,0.07,3.57,63.75,-16.25,-69.08333,3826
Yunguyo,2010-09-14,8.15,13.71,4.64,58.95,0.0,3.45,63.93,-16.25,-69.08333,3826
Yunguyo,2010-09-15,9.76,16.75,5.23,56.45,0.0,3.85,63.95,-16.25,-69.08333,3826
Yunguyo,2010-09-16,9.16,15.8,4.3,52.76,0.0,3.48,63.95,-16.25,-69.08333,3826
Yunguyo,2010-09-17,7.88,14.66,3.58,57.1,0.0,4.05,64.01,-16.25,-69.08333,3826
Yunguyo,2010-09-18,6.72,12.96,2.17,66.98,0.0,4.21,64.09,-16.25,-69.08333,3826
Yunguyo,2010-09-19,7.88,14.4,3.07,57.04,0.0,3.28,64.01,-16.25,-69.08333,3826
Yunguyo,2010-09-20,8.7,14.62,4.56,64.04,0.0,3.35,63.84,-16.25,-69.08333,3826
Yunguyo,2010-09-21,9.21,14.36,5.84,64.57,0.0,2.75,63.77,-16.25,-69.08333,3826
Yunguyo,2010-09-22,9.97,15.3,6.17,63.88,0.0,2.76,63.74,-16.25,-69.08333,3826
Yunguyo,2010-09-23,10.49,15.76,6.8,64.98,0.0,2.92,63.77,-16.25,-69.08333,3826
Yunguyo,2010-09-24,10.2,15.52,6.95,68.43,0.19,3.32,63.75,-16.25,-69.08333,3826
Yunguyo,2010-09-25,10.53,15.82,6.38,63.89,0.03,2.71,63.74,-16.25,-69.08333,3826
Yunguyo,2010-09-26,11.3,17.33,5.61,43.93,0.0,2.81,63.71,-16.25,-69.08333,3826
Yunguyo,2010-09-27,11.83,18.33,5.79,38.95,0.0,2.46,63.65,-16.25,-69.08333,3826
Yunguyo,2010-09-28,11.86,17.8,6.69,39.86,0.0,2.85,63.61,-16.25,-69.08333,3826
Yunguyo,2010-09-29,12.12,17.84,7.48,48.72,0.0,3.42,63.61,-16.25,-69.08333,3826
Yunguyo,2010-09-30,11.44,16.69,8.12,61.51,0.01,3.06,63.68,-16.25,-69.08333,3826
Yunguyo,2010-10-01,10.61,16.0,6.89,54.57,1.01,2.82,63.67,-16.25,-69.08333,3826
Yunguyo,2010-10-02,6.41,9.62,4.93,76.96,4.29,2.78,63.67,-16.25,-69.08333,3826
Yunguyo,2010-10-03,8.34,12.51,4.17,51.11,0.63,3.43,63.66,-16.25,-69.08333,3826
Yunguyo,2010-10-04,8.99,16.29,2.05,38.07,0.0,3.63,63.77,-16.25,-69.08333,3826
Yunguyo,2010-10-05,9.64,15.67,4.63,60.7,0.0,2.84,63.83,-16.25,-69.08333,3826
Yunguyo,2010-10-06,11.26,17.65,5.95,39.5,0.0,2.44,63.76,-16.25,-69.08333,3826
Yunguyo,2010-10-07,10.0,15.49,6.19,53.99,0.96,4.15,63.83,-16.25,-69.08333,3826
Yunguyo,2010-10-08,10.04,17.07,5.49,64.5,0.92,3.92,63.86,-16.25,-69.08333,3826
Yunguyo,2010-10-09,10.46,15.67,7.2,64.45,0.3,3.59,63.88,-16.25,-69.08333,3826
Yunguyo,2010-10-10,8.45,12.68,5.84,75.53,6.6,5.92,63.86,-16.25,-69.08333,3826
Yunguyo,2010-10-11,8.35,13.61,4.59,73.09,1.2,6.8,63.8,-16.25,-69.08333,3826
Yunguyo,2010-10-12,6.89,12.14,3.53,78.46,9.14,3.89,63.83,-16.25,-69.08333,3826
Yunguyo,2010-10-13,8.05,12.33,4.3,64.75,4.64,2.36,63.8,-16.25,-69.08333,3826
Yunguyo,2010-10-14,9.48,14.52,5.74,58.99,0.46,2.79,63.79,-16.25,-69.08333,3826
Yunguyo,2010-10-15,7.99,10.6,6.06,72.44,0.87,3.9,63.85,-16.25,-69.08333,3826
Yunguyo,2010-10-16,9.55,15.09,5.97,66.84,0.11,3.33,63.88,-16.25,-69.08333,3826
Yunguyo,2010-10-17,9.97,14.56,6.65,65.75,2.47,3.28,63.88,-16.25,-69.08333,3826
Yunguyo,2010-10-18,10.04,15.44,5.56,68.97,1.3,3.67,63.79,-16.25,-69.08333,3826
Yunguyo,2010-10-19,10.06,14.98,6.67,71.68,0.01,3.97,63.75,-16.25,-69.08333,3826
Yunguyo,2010-10-20,8.21,11.77,6.73,74.42,0.16,3.4,63.76,-16.25,-69.08333,3826
Yunguyo,2010-10-21,9.6,14.39,5.66,60.99,9.06,2.48,63.67,-16.25,-69.08333,3826
Yunguyo,2010-10-22,10.57,16.83,5.91,41.64,0.02,2.29,63.65,-16.25,-69.08333,3826
Yunguyo,2010-10-23,10.87,16.55,5.54,43.38,0.05,2.52,63.65,-16.25,-69.08333,3826
Yunguyo,2010-10-24,11.29,17.03,6.45,50.9,0.0,3.39,63.65,-16.25,-69.08333,3826
Yunguyo,2010-10-25,10.83,16.4,6.55,63.23,0.0,4.09,63.71,-16.25,-69.08333,3826
Yunguyo,2010-10-26,9.82,15.37,5.79,66.34,0.17,4.56,63.81,-16.25,-69.08333,3826
Yunguyo,2010-10-27,10.75,15.49,6.85,62.17,0.0,2.72,63.69,-16.25,-69.08333,3826
Yunguyo,2010-10-28,11.67,16.69,7.13,54.17,0.0,2.14,63.57,-16.25,-69.08333,3826
Yunguyo,2010-10-29,12.34,19.67,7.06,49.98,0.0,2.87,63.48,-16.25,-69.08333,3826
Yunguyo,2010-10-30,10.99,16.03,6.8,58.38,1.98,3.41,63.57,-16.25,-69.08333,3826
Yunguyo,2010-10-31,9.13,13.67,6.06,60.81,3.39,2.84,63.74,-16.25,-69.08333,3826
Yunguyo,2010-11-01,9.33,15.04,4.83,69.61,0.11,4.84,63.83,-16.25,-69.08333,3826
Yunguyo,2010-11-02,8.84,15.54,3.53,64.04,0.0,3.8,63.76,-16.25,-69.08333,3826
Yunguyo,2010-11-03,10.28,16.43,5.23,48.37,0.0,1.95,63.58,-16.25,-69.08333,3826
Yunguyo,2010-11-04,10.75,17.77,4.14,29.58,0.0,1.9,63.54,-16.25,-69.08333,3826
Yunguyo,2010-11-05,11.48,17.48,5.82,39.89,0.92,3.51,63.7,-16.25,-69.08333,3826
Yunguyo,2010-11-06,9.45,13.5,5.96,71.23,0.18,4.44,63.79,-16.25,-69.08333,3826
Yunguyo,2010-11-07,10.37,16.1,5.55,57.86,0.02,3.26,63.68,-16.25,-69.08333,3826
Yunguyo,2010-11-08,11.11,16.2,6.58,57.27,0.0,2.65,63.57,-16.25,-69.08333,3826
Yunguyo,2010-11-09,9.07,11.4,6.87,73.33,1.28,4.51,63.67,-16.25,-69.08333,3826
Yunguyo,2010-11-10,9.23,14.33,5.73,72.4,0.56,4.13,63.75,-16.25,-69.08333,3826
Yunguyo,2010-11-11,9.7,15.22,6.39,68.31,1.91,3.56,63.81,-16.25,-69.08333,3826
Yunguyo,2010-11-12,9.6,14.0,6.04,66.57,0.25,2.81,63.85,-16.25,-69.08333,3826
Yunguyo,2010-11-13,10.02,14.57,6.53,69.48,0.0,3.66,63.81,-16.25,-69.08333,3826
Yunguyo,2010-11-14,10.18,14.89,6.7,69.67,0.0,3.64,63.74,-16.25,-69.08333,3826
Yunguyo,2010-11-15,11.11,16.28,6.73,61.56,1.09,2.6,63.68,-16.25,-69.08333,3826
Yunguyo,2010-11-16,11.28,17.65,5.76,42.48,0.79,2.35,63.59,-16.25,-69.08333,3826
Yunguyo,2010-11-17,10.68,16.75,5.11,46.1,0.01,3.03,63.62,-16.25,-69.08333,3826
Yunguyo,2010-11-18,11.7,17.83,6.86,50.34,0.0,2.23,63.51,-16.25,-69.08333,3826
Yunguyo,2010-11-19,11.19,16.43,5.8,47.6,0.0,2.4,63.44,-16.25,-69.08333,3826
Yunguyo,2010-11-20,10.88,15.63,7.28,57.51,0.02,2.57,63.57,-16.25,-69.08333,3826
Yunguyo,2010-11-21,11.58,17.12,6.95,54.48,0.0,3.62,63.62,-16.25,-69.08333,3826
Yunguyo,2010-11-22,10.63,15.51,6.42,68.19,0.01,4.13,63.55,-16.25,-69.08333,3826
Yunguyo,2010-11-23,11.52,17.91,5.15,53.79,0.41,2.84,63.4,-16.25,-69.08333,3826
Yunguyo,2010-11-24,10.09,15.42,4.26,70.2,1.06,3.9,63.45,-16.25,-69.08333,3826
Yunguyo,2010-11-25,9.67,15.04,4.32,69.81,0.25,4.09,63.58,-16.25,-69.08333,3826
Yunguyo,2010-11-26,10.47,16.3,6.06,66.37,0.0,4.42,63.65,-16.25,-69.08333,3826
Yunguyo,2010-11-27,11.09,16.25,6.98,64.43,0.0,3.28,63.62,-16.25,-69.08333,3826
Yunguyo,2010-11-28,11.49,17.04,7.86,63.67,0.26,3.34,63.58,-16.25,-69.08333,3826
Yunguyo,2010-11-29,10.95,15.48,8.16,66.65,0.54,3.39,63.6,-16.25,-69.08333,3826
Yunguyo,2010-11-30,11.38,16.17,7.9,64.65,0.17,3.41,63.63,-16.25,-69.08333,3826
Yunguyo,2010-12-01,12.19,17.48,8.42,62.77,0.0,3.61,63.61,-16.25,-69.08333,3826
Yunguyo,2010-12-02,12.25,18.26,8.28,59.93,0.0,3.98,63.61,-16.25,-69.08333,3826
Yunguyo,2010-12-03,12.07,17.69,8.29,55.51,0.0,3.85,63.64,-16.25,-69.08333,3826
Yunguyo,2010-12-04,10.27,14.29,6.91,71.82,1.29,4.05,63.68,-16.25,-69.08333,3826
Yunguyo,2010-12-05,8.71,11.87,6.45,77.36,2.22,4.29,63.74,-16.25,-69.08333,3826
Yunguyo,2010-12-06,10.96,16.53,6.48,64.07,0.9,2.81,63.72,-16.25,-69.08333,3826
Yunguyo,2010-12-07,10.78,15.54,6.31,58.32,0.02,2.09,63.68,-16.25,-69.08333,3826
Yunguyo,2010-12-08,11.05,14.51,8.64,68.23,1.03,2.85,63.67,-16.25,-69.08333,3826
Yunguyo,2010-12-09,10.9,14.64,8.2,66.89,0.05,2.67,63.62,-16.25,-69.08333,3826
Yunguyo,2010-12-10,10.17,14.41,6.26,63.95,0.0,2.46,63.56,-16.25,-69.08333,3826
Yunguyo,2010-12-11,10.35,15.42,6.73,70.75,7.61,2.95,63.55,-16.25,-69.08333,3826
Yunguyo,2010-12-12,11.17,15.58,7.54,65.98,2.48,2.56,63.51,-16.25,-69.08333,3826
Yunguyo,2010-12-13,9.14,12.99,5.08,72.18,5.07,2.21,63.42,-16.25,-69.08333,3826
Yunguyo,2010-12-14,10.85,17.35,6.58,58.31,0.14,2.57,63.33,-16.25,-69.08333,3826
Yunguyo,2010-12-15,10.16,15.97,5.81,64.59,0.11,2.85,63.44,-16.25,-69.08333,3826
Yunguyo,2010-12-16,10.17,16.42,5.77,63.9,0.04,4.04,63.55,-16.25,-69.08333,3826
Yunguyo,2010-12-17,11.35,17.18,6.66,59.28,0.0,3.83,63.52,-16.25,-69.08333,3826
Yunguyo,2010-12-18,11.43,17.09,6.91,61.18,0.0,3.7,63.46,-16.25,-69.08333,3826
Yunguyo,2010-12-19,10.82,15.77,7.34,58.95,4.53,3.86,63.5,-16.25,-69.08333,3826
Yunguyo,2010-12-20,10.0,15.28,6.87,65.3,1.87,4.97,63.62,-16.25,-69.08333,3826
Yunguyo,2010-12-21,8.64,12.61,5.73,76.45,1.07,5.38,63.74,-16.25,-69.08333,3826
Yunguyo,2010-12-22,9.54,14.31,5.97,74.6,7.96,4.28,63.7,-16.25,-69.08333,3826
Yunguyo,2010-12-23,9.62,13.64,6.41,76.78,5.9,3.36,63.6,-16.25,-69.08333,3826
Yunguyo,2010-12-24,8.65,14.04,3.0,74.83,7.66,3.61,63.6,-16.25,-69.08333,3826
Yunguyo,2010-12-25,9.3,13.05,6.51,74.76,10.12,3.87,63.64,-16.25,-69.08333,3826
Yunguyo,2010-12-26,9.38,14.53,5.57,75.89,4.07,3.43,63.65,-16.25,-69.08333,3826
Yunguyo,2010-12-27,9.78,14.91,5.51,74.28,2.84,3.94,63.62,-16.25,-69.08333,3826
Yunguyo,2010-12-28,10.45,14.63,7.55,75.12,10.37,3.66,63.58,-16.25,-69.08333,3826
Yunguyo,2010-12-29,10.26,14.73,6.61,75.58,8.99,3.82,63.49,-16.25,-69.08333,3826
Yunguyo,2010-12-30,7.95,13.15,3.05,73.12,3.16,2.39,63.45,-16.25,-69.08333,3826
Yunguyo,2010-12-31,8.33,12.22,4.48,67.12,1.06,3.77,63.42,-16.25,-69.08333,3826
Yunguyo,2011-01-01,10.57,16.97,4.32,51.63,0.25,2.96,63.48,-16.25,-69.08333,3826
Yunguyo,2011-01-02,10.22,15.57,5.51,63.09,0.27,3.04,63.44,-16.25,-69.08333,3826
Yunguyo,2011-01-03,10.89,15.7,7.17,68.46,0.34,2.13,63.41,-16.25,-69.08333,3826
Yunguyo,2011-01-04,9.84,15.33,3.31,66.1,0.11,2.3,63.48,-16.25,-69.08333,3826
Yunguyo,2011-01-05,10.56,16.1,4.67,72.03,0.0,4.66,63.56,-16.25,-69.08333,3826
Yunguyo,2011-01-06,9.69,12.81,7.65,75.35,1.49,4.19,63.62,-16.25,-69.08333,3826
Yunguyo,2011-01-07,9.36,13.23,6.54,73.37,0.07,3.5,63.62,-16.25,-69.08333,3826
Yunguyo,2011-01-08,9.36,12.26,6.91,76.2,0.98,4.15,63.66,-16.25,-69.08333,3826
Yunguyo,2011-01-09,9.31,12.91,6.99,78.81,0.3,4.5,63.7,-16.25,-69.08333,3826
Yunguyo,2011-01-10,10.61,15.76,6.53,68.35,0.6,3.47,63.67,-16.25,-69.08333,3826
Yunguyo,2011-01-11,10.26,14.5,7.28,69.52,0.79,3.73,63.58,-16.25,-69.08333,3826
Yunguyo,2011-01-12,11.02,16.03,6.93,72.29,4.4,3.57,63.52,-16.25,-69.08333,3826
Yunguyo,2011-01-13,7.31,11.36,2.79,79.44,3.29,1.88,63.56,-16.25,-69.08333,3826
Yunguyo,2011-01-14,10.75,14.83,6.93,69.13,0.53,2.2,63.61,-16.25,-69.08333,3826
Yunguyo,2011-01-15,8.72,13.89,3.52,75.11,0.95,2.17,63.69,-16.25,-69.08333,3826
Yunguyo,2011-01-16,11.49,15.66,8.14,65.54,0.21,2.35,63.6,-16.25,-69.08333,3826
Yunguyo,2011-01-17,11.79,17.35,7.53,59.2,0.42,2.9,63.66,-16.25,-69.08333,3826
Yunguyo,2011-01-18,11.05,15.27,7.89,60.2,0.66,3.2,63.66,-16.25,-69.08333,3826
Yunguyo,2011-01-19,11.11,15.64,7.58,65.25,0.18,2.46,63.61,-16.25,-69.08333,3826
Yunguyo,2011-01-20,10.67,14.39,7.5,67.12,2.98,3.06,63.55,-16.25,-69.08333,3826
Yunguyo,2011-01-21,9.57,14.61,6.46,71.16,1.65,3.41,63.53,-16.25,-69.08333,3826
Yunguyo,2011-01-22,8.87,13.93,5.75,73.39,1.46,4.42,63.51,-16.25,-69.08333,3826
Yunguyo,2011-01-23,7.83,11.26,5.0,78.68,1.71,4.71,63.61,-16.25,-69.08333,3826
Yunguyo,2011-01-24,7.74,11.97,4.28,79.05,2.87,5.13,63.62,-16.25,-69.08333,3826
Yunguyo,2011-01-25,9.11,14.47,5.23,75.32,1.63,4.42,63.61,-16.25,-69.08333,3826
Yunguyo,2011-01-26,9.55,14.48,5.45,75.02,3.71,3.72,63.62,-16.25,-69.08333,3826
Yunguyo,2011-01-27,8.94,12.76,6.12,79.1,1.73,4.98,63.6,-16.25,-69.08333,3826
Yunguyo,2011-01-28,9.26,14.63,5.58,72.39,0.87,4.41,63.69,-16.25,-69.08333,3826
Yunguyo,2011-01-29,8.27,12.71,5.91,77.32,2.41,4.92,63.84,-16.25,-69.08333,3826
Yunguyo,2011-01-30,8.9,14.15,5.31,74.29,1.69,4.54,63.83,-16.25,-69.08333,3826
Yunguyo,2011-01-31,9.21,13.75,5.46,75.85,2.26,4.21,63.7,-16.25,-69.08333,3826
Yunguyo,2011-02-01,9.35,13.35,6.18,78.06,4.79,4.58,63.73,-16.25,-69.08333,3826
Yunguyo,2011-02-02,9.79,13.95,6.45,75.94,1.37,4.52,63.77,-16.25,-69.08333,3826
Yunguyo,2011-02-03,10.71,15.0,7.34,70.82,0.4,3.31,63.68,-16.25,-69.08333,3826
Yunguyo,2011-02-04,10.39,14.26,7.26,76.54,2.06,4.52,63.54,-16.25,-69.08333,3826
Yunguyo,2011-02-05,8.41,13.3,4.09,81.88,2.08,4.49,63.53,-16.25,-69.08333,3826
Yunguyo,2011-02-06,9.24,12.99,6.56,79.76,3.48,5.47,63.62,-16.25,-69.08333,3826
Yunguyo,2011-02-07,10.26,15.02,6.42,74.19,4.78,3.5,63.68,-16.25,-69.08333,3826
Yunguyo,2011-02-08,9.32,12.83,7.08,80.7,9.06,4.6,63.67,-16.25,-69.08333,3826
Yunguyo,2011-02-09,8.68,13.69,4.73,77.69,7.87,2.74,63.62,-16.25,-69.08333,3826
Yunguyo,2011-02-10,7.28,11.52,3.31,82.39,6.84,3.02,63.54,-16.25,-69.08333,3826
Yunguyo,2011-02-11,9.39,15.76,5.61,73.16,3.78,2.99,63.54,-16.25,-69.08333,3826
Yunguyo,2011-02-12,9.72,15.46,4.59,63.71,0.38,2.84,63.65,-16.25,-69.08333,3826
Yunguyo,2011-02-13,9.76,14.87,5.36,69.17,3.6,4.02,63.66,-16.25,-69.08333,3826
Yunguyo,2011-02-14,6.86,8.27,4.43,84.63,10.78,5.2,63.8,-16.25,-69.08333,3826
Yunguyo,2011-02-15,8.25,13.86,3.55,74.95,3.48,3.79,63.73,-16.25,-69.08333,3826
Yunguyo,2011-02-16,9.67,14.84,5.31,73.07,1.23,3.42,63.69,-16.25,-69.08333,3826
Yunguyo,2011-02-17,9.6,14.53,5.98,70.94,7.32,4.36,63.73,-16.25,-69.08333,3826
Yunguyo,2011-02-18,8.29,12.07,5.42,80.18,9.84,4.11,63.71,-16.25,-69.08333,3826
Yunguyo,2011-02-19,8.32,12.62,5.31,79.41,7.19,4.72,63.62,-16.25,-69.08333,3826
Yunguyo,2011-02-20,8.45,12.91,5.33,79.16,4.36,4.87,63.6,-16.25,-69.08333,3826
Yunguyo,2011-02-21,8.3,12.03,5.1,79.39,2.16,4.79,63.67,-16.25,-69.08333,3826
Yunguyo,2011-02-22,8.57,13.55,5.46,79.14,1.55,4.51,63.63,-16.25,-69.08333,3826
Yunguyo,2011-02-23,9.13,13.62,5.19,76.45,11.6,2.43,63.49,-16.25,-69.08333,3826
Yunguyo,2011-02-24,7.4,11.6,3.39,79.13,19.07,1.8,63.51,-16.25,-69.08333,3826
Yunguyo,2011-02-25,8.25,14.05,3.8,76.27,16.17,2.99,63.62,-16.25,-69.08333,3826
Yunguyo,2011-02-26,8.01,13.21,2.99,80.28,10.2,3.33,63.67,-16.25,-69.08333,3826
Yunguyo,2011-02-27,7.64,11.71,3.67,83.59,2.33,3.09,63.7,-16.25,-69.08333,3826
Yunguyo,2011-02-28,9.3,14.67,5.17,75.67,0.84,2.63,63.64,-16.25,-69.08333,3826
Yunguyo,2011-03-01,8.84,14.02,3.78,72.54,2.73,2.56,63.58,-16.25,-69.08333,3826
Yunguyo,2011-03-02,8.83,14.04,4.47,66.23,0.82,2.56,63.55,-16.25,-69.08333,3826
Yunguyo,2011-03-03,8.92,13.68,5.26,76.04,0.03,4.75,63.58,-16.25,-69.08333,3826
Yunguyo,2011-03-04,8.98,13.87,5.35,74.61,0.69,5.0,63.65,-16.25,-69.08333,3826
Yunguyo,2011-03-05,8.79,13.69,4.66,73.42,3.29,4.26,63.64,-16.25,-69.08333,3826
Yunguyo,2011-03-06,9.1,13.91,5.65,73.91,1.65,2.76,63.55,-16.25,-69.08333,3826
Yunguyo,2011-03-07,8.42,14.06,2.47,77.22,4.03,3.37,63.53,-16.25,-69.08333,3826
Yunguyo,2011-03-08,9.14,13.32,6.88,79.57,2.54,5.88,63.61,-16.25,-69.08333,3826
Yunguyo,2011-03-09,9.03,14.38,5.8,76.44,3.05,3.25,63.65,-16.25,-69.08333,3826
Yunguyo,2011-03-10,9.85,15.47,5.18,62.74,1.31,3.62,63.63,-16.25,-69.08333,3826
Yunguyo,2011-03-11,9.39,14.18,5.96,73.47,0.46,3.77,63.62,-16.25,-69.08333,3826
Yunguyo,2011-03-12,9.44,14.07,6.15,71.42,0.0,4.2,63.66,-16.25,-69.08333,3826
Yunguyo,2011-03-13,8.76,12.35,5.97,76.81,12.43,4.12,63.63,-16.25,-69.08333,3826
Yunguyo,2011-03-14,7.91,11.91,3.38,81.28,3.97,3.35,63.62,-16.25,-69.08333,3826
Yunguyo,2011-03-15,7.49,11.85,2.45,79.2,0.75,2.68,63.68,-16.25,-69.08333,3826
Yunguyo,2011-03-16,8.93,13.4,5.21,75.34,0.07,2.99,63.73,-16.25,-69.08333,3826
Yunguyo,2011-03-17,10.16,14.55,7.29,76.49,9.1,3.95,63.71,-16.25,-69.08333,3826
Yunguyo,2011-03-18,9.23,11.85,7.23,81.53,7.7,4.06,63.77,-16.25,-69.08333,3826
Yunguyo,2011-03-19,8.23,10.98,6.01,83.6,4.77,4.56,63.78,-16.25,-69.08333,3826
Yunguyo,2011-03-20,8.91,13.54,5.51,78.93,1.15,3.67,63.74,-16.25,-69.08333,3826
Yunguyo,2011-03-21,9.48,14.16,6.2,78.47,9.61,3.6,63.65,-16.25,-69.08333,3826
Yunguyo,2011-03-22,8.73,13.22,5.17,79.59,3.19,3.29,63.61,-16.25,-69.08333,3826
Yunguyo,2011-03-23,9.77,14.75,6.09,73.44,0.56,3.6,63.68,-16.25,-69.08333,3826
Yunguyo,2011-03-24,8.94,13.71,5.72,74.27,0.38,4.24,63.8,-16.25,-69.08333,3826
Yunguyo,2011-03-25,9.3,14.49,4.85,73.0,0.01,3.19,63.77,-16.25,-69.08333,3826
Yunguyo,2011-03-26,10.18,14.69,6.78,75.05,0.27,3.67,63.67,-16.25,-69.08333,3826
Yunguyo,2011-03-27,8.11,10.8,4.83,85.62,8.44,3.66,63.68,-16.25,-69.08333,3826
Yunguyo,2011-03-28,9.6,15.08,4.68,70.65,1.76,2.97,63.75,-16.25,-69.08333,3826
Yunguyo,2011-03-29,6.94,8.64,5.23,85.6,1.74,1.83,63.87,-16.25,-69.08333,3826
Yunguyo,2011-03-30,9.51,14.28,6.51,76.02,0.04,3.71,63.86,-16.25,-69.08333,3826
Yunguyo,2011-03-31,9.51,14.1,5.93,77.34,0.0,3.66,63.79,-16.25,-69.08333,3826
Yunguyo,2011-04-01,9.94,14.52,6.53,74.01,0.0,3.22,63.76,-16.25,-69.08333,3826
Yunguyo,2011-04-02,9.72,13.27,7.23,74.91,1.05,2.31,63.76,-16.25,-69.08333,3826
Yunguyo,2011-04-03,9.19,12.11,7.36,75.65,2.63,1.92,63.7,-16.25,-69.08333,3826
Yunguyo,2011-04-04,10.06,14.9,6.86,69.61,2.18,2.88,63.69,-16.25,-69.08333,3826
Yunguyo,2011-04-05,8.3,13.35,5.38,75.92,1.09,3.49,63.78,-16.25,-69.08333,3826
Yunguyo,2011-04-06,6.98,9.25,5.31,83.33,1.01,4.87,63.9,-16.25,-69.08333,3826
Yunguyo,2011-04-07,8.33,13.43,5.14,75.39,0.1,4.05,63.84,-16.25,-69.08333,3826
Yunguyo,2011-04-08,7.72,12.39,4.86,80.22,1.02,5.98,63.87,-16.25,-69.08333,3826
Yunguyo,2011-04-09,6.83,11.83,3.91,76.83,0.97,4.82,64.01,-16.25,-69.08333,3826
Yunguyo,2011-04-10,8.87,14.35,4.01,53.55,0.0,2.01,63.85,-16.25,-69.08333,3826
Yunguyo,2011-04-11,9.96,14.66,6.25,65.47,0.01,1.83,63.69,-16.25,-69.08333,3826
Yunguyo,2011-04-12,10.0,15.07,6.03,62.87,0.23,1.88,63.67,-16.25,-69.08333,3826
Yunguyo,2011-04-13,10.36,15.87,5.7,50.1,0.02,2.11,63.68,-16.25,-69.08333,3826
Yunguyo,2011-04-14,8.91,13.8,4.97,68.06,0.0,3.62,63.79,-16.25,-69.08333,3826
Yunguyo,2011-04-15,7.92,12.15,4.74,74.55,1.36,4.4,63.86,-16.25,-69.08333,3826
Yunguyo,2011-04-16,7.67,12.23,4.79,72.46,0.16,3.86,63.85,-16.25,-69.08333,3826
Yunguyo,2011-04-17,8.2,13.66,4.09,71.25,0.03,3.41,63.85,-16.25,-69.08333,3826
Yunguyo,2011-04-18,7.94,12.84,4.87,74.04,0.0,4.26,63.95,-16.25,-69.08333,3826
Yunguyo,2011-04-19,8.42,13.88,4.04,62.56,0.08,2.83,63.95,-16.25,-69.08333,3826
Yunguyo,2011-04-20,10.06,15.35,5.9,67.1,0.01,2.57,63.78,-16.25,-69.08333,3826
Yunguyo,2011-04-21,10.01,15.04,6.72,68.79,0.0,3.11,63.76,-16.25,-69.08333,3826
Yunguyo,2011-04-22,9.98,14.69,6.12,59.93,0.0,2.23,63.8,-16.25,-69.08333,3826
Yunguyo,2011-04-23,10.04,15.37,6.66,69.49,1.0,3.46,63.87,-16.25,-69.08333,3826
Yunguyo,2011-04-24,9.34,13.16,6.68,74.34,1.51,3.35,63.84,-16.25,-69.08333,3826
Yunguyo,2011-04-25,8.45,11.33,5.98,80.09,0.24,3.03,63.83,-16.25,-69.08333,3826
Yunguyo,2011-04-26,8.07,13.05,4.81,71.14,0.0,3.44,63.9,-16.25,-69.08333,3826
Yunguyo,2011-04-27,8.87,13.78,4.88,69.78,0.0,2.6,63.93,-16.25,-69.08333,3826
Yunguyo,2011-04-28,9.81,14.56,6.27,63.09,0.04,1.72,63.83,-16.25,-69.08333,3826
Yunguyo,2011-04-29,9.39,14.35,4.88,44.54,0.23,2.18,63.7,-16.25,-69.08333,3826
Yunguyo,2011-04-30,8.91,13.54,5.72,58.92,0.62,2.25,63.63,-16.25,-69.08333,3826
Yunguyo,2011-05-01,8.2,12.24,5.47,67.87,0.69,3.22,63.7,-16.25,-69.08333,3826
Yunguyo,2011-05-02,8.15,12.58,5.34,74.16,0.49,2.71,63.79,-16.25,-69.08333,3826
Yunguyo,2011-05-03,9.56,14.91,5.83,63.9,0.1,2.27,63.81,-16.25,-69.08333,3826
Yunguyo,2011-05-04,9.21,14.02,5.94,66.87,1.57,2.55,63.81,-16.25,-69.08333,3826
Yunguyo,2011-05-05,9.01,13.55,6.09,67.26,0.55,2.97,63.84,-16.25,-69.08333,3826
Yunguyo,2011-05-06,8.63,14.08,3.79,52.87,0.0,4.08,63.96,-16.25,-69.08333,3826
Yunguyo,2011-05-07,7.09,11.52,2.51,60.18,0.0,3.43,64.04,-16.25,-69.08333,3826
Yunguyo,2011-05-08,9.02,13.81,4.8,49.38,0.0,2.87,63.97,-16.25,-69.08333,3826
Yunguyo,2011-05-09,7.27,11.98,3.0,65.5,0.04,3.16,63.89,-16.25,-69.08333,3826
Yunguyo,2011-05-10,8.04,11.37,5.36,69.87,0.12,1.9,63.86,-16.25,-69.08333,3826
Yunguyo,2011-05-11,8.01,12.36,4.31,71.6,0.09,1.97,63.82,-16.25,-69.08333,3826
Yunguyo,2011-05-12,8.26,13.08,4.38,69.05,0.48,2.21,63.85,-16.25,-69.08333,3826
Yunguyo,2011-05-13,8.97,14.33,5.3,62.46,0.01,1.8,63.79,-16.25,-69.08333,3826
Yunguyo,2011-05-14,7.94,12.27,4.78,66.74,0.0,2.36,63.83,-16.25,-69.08333,3826
Yunguyo,2011-05-15,7.81,13.03,3.99,68.34,0.0,2.57,63.84,-16.25,-69.08333,3826
Yunguyo,2011-05-16,8.02,13.49,3.68,61.91,0.0,2.04,63.75,-16.25,-69.08333,3826
Yunguyo,2011-05-17,8.24,13.96,3.96,39.08,0.0,1.3,63.62,-16.25,-69.08333,3826
Yunguyo,2011-05-18,7.79,12.92,3.86,45.35,0.0,2.29,63.67,-16.25,-69.08333,3826
Yunguyo,2011-05-19,8.08,13.85,4.25,51.15,0.0,1.63,63.69,-16.25,-69.08333,3826
Yunguyo,2011-05-20,8.53,13.42,4.36,49.78,0.0,1.89,63.74,-16.25,-69.08333,3826
Yunguyo,2011-05-21,8.55,12.7,5.34,67.11,0.0,2.45,63.81,-16.25,-69.08333,3826
Yunguyo,2011-05-22,8.6,12.69,6.21,75.76,0.0,3.42,63.86,-16.25,-69.08333,3826
Yunguyo,2011-05-23,8.43,12.13,5.94,69.98,0.0,3.43,63.92,-16.25,-69.08333,3826
Yunguyo,2011-05-24,9.76,14.47,5.97,66.63,0.0,2.46,63.84,-16.25,-69.08333,3826
Yunguyo,2011-05-25,9.22,14.0,5.97,65.23,2.94,3.16,63.97,-16.25,-69.08333,3826
Yunguyo,2011-05-26,6.95,9.67,5.63,82.85,2.14,2.5,64.08,-16.25,-69.08333,3826
Yunguyo,2011-05-27,8.44,14.0,4.32,67.8,0.05,2.72,63.98,-16.25,-69.08333,3826
Yunguyo,2011-05-28,7.92,13.75,3.82,56.3,0.0,2.56,63.9,-16.25,-69.08333,3826
Yunguyo,2011-05-29,7.81,13.7,3.62,52.42,0.0,2.53,63.94,-16.25,-69.08333,3826
Yunguyo,2011-05-30,8.86,14.27,4.67,36.61,0.0,1.85,63.96,-16.25,-69.08333,3826
Yunguyo,2011-05-31,8.34,14.52,3.18,47.38,0.0,2.75,63.96,-16.25,-69.08333,3826
Yunguyo,2011-06-01,8.06,14.07,2.96,51.44,0.0,1.82,63.9,-16.25,-69.08333,3826
Yunguyo,2011-06-02,8.85,14.0,5.29,48.39,0.0,2.11,63.81,-16.25,-69.08333,3826
Yunguyo,2011-06-03,8.35,13.37,4.55,57.73,0.0,2.94,63.9,-16.25,-69.08333,3826
Yunguyo,2011-06-04,6.53,10.24,3.69,75.36,0.01,3.07,64.0,-16.25,-69.08333,3826
Yunguyo,2011-06-05,8.42,13.44,4.42,61.51,0.0,2.36,63.82,-16.25,-69.08333,3826
Yunguyo,2011-06-06,7.16,13.95,1.38,46.79,0.0,3.87,63.74,-16.25,-69.08333,3826
Yunguyo,2011-06-07,6.86,12.17,2.54,44.72,0.05,2.45,63.87,-16.25,-69.08333,3826
Yunguyo,2011-06-08,7.69,14.26,3.12,40.33,0.0,2.78,63.83,-16.25,-69.08333,3826
Yunguyo,2011-06-09,6.29,11.73,1.65,31.93,0.51,2.39,63.9,-16.25,-69.08333,3826
Yunguyo,2011-06-10,6.29,10.9,2.55,66.06,0.91,2.9,63.93,-16.25,-69.08333,3826
Yunguyo,2011-06-11,7.52,12.6,4.34,64.43,0.0,2.12,63.88,-16.25,-69.08333,3826
Yunguyo,2011-06-12,7.49,13.15,3.01,61.76,0.0,2.14,63.86,-16.25,-69.08333,3826
Yunguyo,2011-06-13,5.96,10.31,3.13,72.64,0.68,3.13,63.98,-16.25,-69.08333,3826
Yunguyo,2011-06-14,7.34,12.76,3.26,63.44,0.08,1.97,63.83,-16.25,-69.08333,3826
Yunguyo,2011-06-15,7.5,12.16,3.9,54.82,0.0,2.15,63.71,-16.25,-69.08333,3826
Yunguyo,2011-06-16,7.69,11.84,3.89,60.89,0.09,2.0,63.7,-16.25,-69.08333,3826
Yunguyo,2011-06-17,7.27,11.36,4.19,64.04,0.01,1.67,63.82,-16.25,-69.08333,3826
Yunguyo,2011-06-18,7.26,11.42,3.47,68.59,0.14,2.33,63.83,-16.25,-69.08333,3826
Yunguyo,2011-06-19,8.53,12.83,4.61,64.36,0.01,3.35,63.7,-16.25,-69.08333,3826
Yunguyo,2011-06-20,8.5,13.34,3.69,69.15,0.41,3.79,63.7,-16.25,-69.08333,3826
Yunguyo,2011-06-21,8.68,12.9,5.27,71.85,0.02,3.49,63.77,-16.25,-69.08333,3826
Yunguyo,2011-06-22,8.22,11.96,5.88,75.24,0.04,2.69,63.88,-16.25,-69.08333,3826
Yunguyo,2011-06-23,8.38,13.3,4.84,63.65,0.05,2.28,63.91,-16.25,-69.08333,3826
Yunguyo,2011-06-24,9.12,13.81,6.07,67.32,0.13,1.88,63.81,-16.25,-69.08333,3826
Yunguyo,2011-06-25,8.17,12.29,5.42,75.4,0.53,2.92,63.88,-16.25,-69.08333,3826
Yunguyo,2011-06-26,8.73,13.72,5.31,62.6,0.02,2.19,63.82,-16.25,-69.08333,3826
Yunguyo,2011-06-27,8.91,15.6,3.47,40.95,0.0,3.11,63.65,-16.25,-69.08333,3826
Yunguyo,2011-06-28,7.71,13.99,3.08,48.2,0.0,4.75,63.49,-16.25,-69.08333,3826
Yunguyo,2011-06-29,5.62,11.22,1.83,51.8,0.63,4.4,63.5,-16.25,-69.08333,3826
Yunguyo,2011-06-30,3.89,9.27,0.21,56.0,0.07,4.47,63.55,-16.25,-69.08333,3826
Yunguyo,2011-07-01,2.78,6.11,0.82,69.34,1.3,2.86,63.69,-16.25,-69.08333,3826
Yunguyo,2011-07-02,3.55,6.66,1.12,81.45,1.53,2.7,63.73,-16.25,-69.08333,3826
Yunguyo,2011-07-03,5.21,9.7,2.44,79.89,0.27,4.07,63.73,-16.25,-69.08333,3826
Yunguyo,2011-07-04,6.85,11.61,2.67,71.3,0.0,3.16,63.71,-16.25,-69.08333,3826
Yunguyo,2011-07-05,7.36,11.92,4.51,70.75,0.0,2.78,63.77,-16.25,-69.08333,3826
Yunguyo,2011-07-06,7.06,11.66,3.88,72.71,0.0,3.56,63.8,-16.25,-69.08333,3826
Yunguyo,2011-07-07,5.99,11.65,2.13,65.22,0.0,5.33,63.75,-16.25,-69.08333,3826
Yunguyo,2011-07-08,6.36,12.74,1.28,63.56,0.0,4.91,63.7,-16.25,-69.08333,3826
Yunguyo,2011-07-09,6.95,12.98,2.01,59.33,0.0,3.12,63.71,-16.25,-69.08333,3826
Yunguyo,2011-07-10,7.13,11.74,3.73,59.3,0.0,2.13,63.87,-16.25,-69.08333,3826
Yunguyo,2011-07-11,7.95,11.95,4.81,60.11,0.0,1.18,63.96,-16.25,-69.08333,3826
Yunguyo,2011-07-12,7.78,12.97,3.99,42.25,0.0,2.03,63.9,-16.25,-69.08333,3826
Yunguyo,2011-07-13,8.5,13.31,5.15,70.27,0.0,2.47,63.82,-16.25,-69.08333,3826
Yunguyo,2011-07-14,9.32,14.32,5.19,59.68,0.01,2.45,63.66,-16.25,-69.08333,3826
Yunguyo,2011-07-15,8.73,13.75,4.37,50.47,0.16,2.68,63.68,-16.25,-69.08333,3826
Yunguyo,2011-07-16,8.51,12.81,5.14,54.62,0.4,2.79,63.74,-16.25,-69.08333,3826
Yunguyo,2011-07-17,8.31,12.8,4.24,52.93,0.35,1.49,63.77,-16.25,-69.08333,3826
Yunguyo,2011-07-18,7.32,12.43,3.49,46.62,0.03,2.36,63.82,-16.25,-69.08333,3826
Yunguyo,2011-07-19,7.05,10.64,4.29,79.67,1.51,4.44,63.7,-16.25,-69.08333,3826
Yunguyo,2011-07-20,7.77,14.04,2.8,57.78,0.07,3.21,63.73,-16.25,-69.08333,3826
Yunguyo,2011-07-21,7.86,12.82,3.82,55.89,0.46,3.73,63.79,-16.25,-69.08333,3826
Yunguyo,2011-07-22,7.49,13.01,4.34,66.78,0.12,2.95,63.89,-16.25,-69.08333,3826
Yunguyo,2011-07-23,7.56,12.7,4.23,67.38,0.0,2.24,63.99,-16.25,-69.08333,3826
Yunguyo,2011-07-24,7.3,12.27,3.31,63.92,0.0,2.06,63.98,-16.25,-69.08333,3826
Yunguyo,2011-07-25,8.51,13.77,4.01,44.51,0.0,1.96,63.8,-16.25,-69.08333,3826
Yunguyo,2011-07-26,7.97,12.55,3.99,52.2,0.0,2.59,63.76,-16.25,-69.08333,3826
Yunguyo,2011-07-27,7.29,12.61,3.07,58.12,0.0,2.0,63.77,-16.25,-69.08333,3826
Yunguyo,2011-07-28,7.69,13.05,3.23,39.13,0.0,2.28,63.64,-16.25,-69.08333,3826
Yunguyo,2011-07-29,7.47,13.71,2.75,30.16,0.05,3.8,63.52,-16.25,-69.08333,3826
Yunguyo,2011-07-30,7.05,13.21,2.15,36.05,0.84,2.9,63.52,-16.25,-69.08333,3826
Yunguyo,2011-07-31,6.82,14.08,2.01,36.31,0.56,4.44,63.62,-16.25,-69.08333,3826
Yunguyo,2011-08-01,7.17,13.39,1.54,34.24,0.13,3.47,63.75,-16.25,-69.08333,3826
Yunguyo,2011-08-02,8.24,14.22,4.39,31.74,0.09,2.45,63.71,-16.25,-69.08333,3826
Yunguyo,2011-08-03,7.48,13.13,3.67,45.5,0.65,3.36,63.78,-16.25,-69.08333,3826
Yunguyo,2011-08-04,7.02,11.05,4.32,68.75,0.12,1.97,63.83,-16.25,-69.08333,3826
Yunguyo,2011-08-05,7.55,11.55,3.57,53.25,0.02,2.22,63.95,-16.25,-69.08333,3826
Yunguyo,2011-08-06,8.11,13.06,4.92,61.27,0.0,2.75,63.93,-16.25,-69.08333,3826
Yunguyo,2011-08-07,8.41,13.57,4.88,61.45,0.0,2.95,63.93,-16.25,-69.08333,3826
Yunguyo,2011-08-08,8.88,13.63,5.29,65.28,0.0,2.36,63.99,-16.25,-69.08333,3826
Yunguyo,2011-08-09,7.05,9.62,5.7,75.33,0.0,3.0,64.05,-16.25,-69.08333,3826
Yunguyo,2011-08-10,7.73,13.22,4.26,60.1,0.0,2.45,63.99,-16.25,-69.08333,3826
Yunguyo,2011-08-11,7.39,12.76,3.48,61.36,0.0,2.74,63.9,-16.25,-69.08333,3826
Yunguyo,2011-08-12,8.0,12.33,4.07,56.23,0.0,1.39,63.78,-16.25,-69.08333,3826
Yunguyo,2011-08-13,8.49,12.43,5.76,53.23,0.0,2.31,63.76,-16.25,-69.08333,3826
Yunguyo,2011-08-14,7.22,11.2,4.03,72.29,0.0,3.62,63.74,-16.25,-69.08333,3826
Yunguyo,2011-08-15,8.04,12.67,4.58,66.54,0.0,3.08,63.72,-16.25,-69.08333,3826
Yunguyo,2011-08-16,8.45,13.52,3.95,59.84,0.0,2.74,63.76,-16.25,-69.08333,3826
Yunguyo,2011-08-17,9.73,14.14,6.43,66.97,0.0,2.44,63.73,-16.25,-69.08333,3826
Yunguyo,2011-08-18,9.55,15.03,4.67,48.94,0.0,2.42,63.65,-16.25,-69.08333,3826
Yunguyo,2011-08-19,9.43,15.06,3.62,50.51,0.11,3.7,63.63,-16.25,-69.08333,3826
Yunguyo,2011-08-20,8.58,13.17,5.56,69.17,0.38,3.77,63.72,-16.25,-69.08333,3826
Yunguyo,2011-08-21,9.53,14.33,6.05,52.36,0.01,2.17,63.7,-16.25,-69.08333,3826
Yunguyo,2011-08-22,8.51,15.19,3.41,37.48,0.0,3.39,63.7,-16.25,-69.08333,3826
Yunguyo,2011-08-23,7.41,13.28,3.6,51.16,0.0,3.03,63.72,-16.25,-69.08333,3826
Yunguyo,2011-08-24,8.63,13.81,4.19,50.21,0.0,2.3,63.77,-16.25,-69.08333,3826
Yunguyo,2011-08-25,8.55,13.78,5.4,49.35,0.0,3.48,63.97,-16.25,-69.08333,3826
Yunguyo,2011-08-26,8.76,13.66,4.08,64.72,0.0,2.73,64.0,-16.25,-69.08333,3826
Yunguyo,2011-08-27,9.49,14.36,5.64,59.0,0.0,2.43,63.86,-16.25,-69.08333,3826
Yunguyo,2011-08-28,9.7,14.73,6.14,66.12,0.0,2.87,63.82,-16.25,-69.08333,3826
Yunguyo,2011-08-29,9.86,13.97,6.94,64.81,0.0,3.28,63.81,-16.25,-69.08333,3826
Yunguyo,2011-08-30,8.59,12.36,5.58,72.18,0.14,3.22,63.93,-16.25,-69.08333,3826
Yunguyo,2011-08-31,7.85,13.01,3.9,71.56,0.24,4.06,64.08,-16.25,-69.08333,3826
Yunguyo,2011-09-01,7.56,13.95,3.36,67.58,0.0,3.76,64.11,-16.25,-69.08333,3826
Yunguyo,2011-09-02,7.48,13.6,3.02,56.62,0.0,2.97,64.01,-16.25,-69.08333,3826
Yunguyo,2011-09-03,8.25,13.94,3.61,61.42,0.0,2.66,63.87,-16.25,-69.08333,3826
Yunguyo,2011-09-04,9.62,15.16,5.39,59.84,0.0,2.77,63.81,-16.25,-69.08333,3826
Yunguyo,2011-09-05,9.51,13.97,5.97,68.42,0.0,2.94,63.84,-16.25,-69.08333,3826
Yunguyo,2011-09-06,7.93,10.78,5.74,79.12,0.02,3.42,63.85,-16.25,-69.08333,3826
Yunguyo,2011-09-07,9.43,14.53,4.76,57.25,0.01,2.31,63.83,-16.25,-69.08333,3826
Yunguyo,2011-09-08,10.19,16.15,4.91,46.53,0.39,2.59,63.72,-16.25,-69.08333,3826
Yunguyo,2011-09-09,9.68,15.55,5.61,36.76,0.69,2.29,63.69,-16.25,-69.08333,3826
Yunguyo,2011-09-10,8.51,14.43,3.14,36.74,0.0,4.01,63.87,-16.25,-69.08333,3826
Yunguyo,2011-09-11,6.41,11.31,2.97,75.56,2.14,5.04,64.12,-16.25,-69.08333,3826
Yunguyo,2011-09-12,7.31,14.06,2.54,50.68,0.01,3.22,64.09,-16.25,-69.08333,3826
Yunguyo,2011-09-13,8.21,13.33,4.65,45.94,0.0,2.62,63.96,-16.25,-69.08333,3826
Yunguyo,2011-09-14,7.35,12.28,3.79,68.79,0.0,3.76,63.91,-16.25,-69.08333,3826
Yunguyo,2011-09-15,7.49,12.42,3.66,70.31,0.09,3.08,63.86,-16.25,-69.08333,3826
Yunguyo,2011-09-16,8.37,13.14,4.65,67.13,0.04,2.74,63.82,-16.25,-69.08333,3826
Yunguyo,2011-09-17,8.36,12.84,5.08,73.16,2.48,3.65,63.83,-16.25,-69.08333,3826
Yunguyo,2011-09-18,7.49,12.61,4.18,70.79,1.91,3.72,63.93,-16.25,-69.08333,3826
Yunguyo,2011-09-19,8.97,14.52,4.71,63.64,0.01,2.79,63.87,-16.25,-69.08333,3826
Yunguyo,2011-09-20,8.24,12.3,5.6,74.83,0.83,3.82,63.85,-16.25,-69.08333,3826
Yunguyo,2011-09-21,8.05,13.42,3.46,72.57,0.59,3.23,63.83,-16.25,-69.08333,3826
Yunguyo,2011-09-22,9.06,13.74,5.15,54.87,0.31,2.13,63.79,-16.25,-69.08333,3826
Yunguyo,2011-09-23,5.37,8.75,2.48,70.95,0.75,2.51,63.87,-16.25,-69.08333,3826
Yunguyo,2011-09-24,6.01,9.0,2.69,79.08,4.72,2.75,63.9,-16.25,-69.08333,3826
Yunguyo,2011-09-25,7.77,12.85,3.71,73.29,3.65,2.91,63.95,-16.25,-69.08333,3826
Yunguyo,2011-09-26,8.34,12.68,5.17,73.28,0.36,4.26,64.0,-16.25,-69.08333,3826
Yunguyo,2011-09-27,7.72,12.6,3.61,71.95,0.0,4.59,64.08,-16.25,-69.08333,3826
Yunguyo,2011-09-28,8.56,13.24,5.04,70.19,0.4,3.32,63.93,-16.25,-69.08333,3826
Yunguyo,2011-09-29,8.94,13.68,5.25,68.73,0.17,3.01,63.81,-16.25,-69.08333,3826
Yunguyo,2011-09-30,9.2,14.21,5.23,66.96,0.18,2.75,63.74,-16.25,-69.08333,3826
Yunguyo,2011-10-01,9.62,15.07,4.6,47.86,0.0,1.98,63.72,-16.25,-69.08333,3826
Yunguyo,2011-10-02,8.55,14.02,4.58,55.9,0.01,4.3,63.79,-16.25,-69.08333,3826
Yunguyo,2011-10-03,8.2,13.44,4.06,59.43,0.48,3.14,63.83,-16.25,-69.08333,3826
Yunguyo,2011-10-04,9.53,14.99,5.32,59.83,0.06,2.57,63.72,-16.25,-69.08333,3826
Yunguyo,2011-10-05,8.5,11.7,5.78,74.12,0.48,3.65,63.72,-16.25,-69.08333,3826
Yunguyo,2011-10-06,7.94,12.69,4.79,75.95,0.21,4.31,63.72,-16.25,-69.08333,3826
Yunguyo,2011-10-07,9.01,14.35,4.07,62.83,1.16,1.33,63.7,-16.25,-69.08333,3826
Yunguyo,2011-10-08,9.2,13.83,5.43,60.12,2.47,2.15,63.72,-16.25,-69.08333,3826
Yunguyo,2011-10-09,8.67,14.31,3.87,65.61,0.92,3.1,63.71,-16.25,-69.08333,3826
Yunguyo,2011-10-10,9.83,14.76,5.63,60.99,3.38,2.2,63.72,-16.25,-69.08333,3826
Yunguyo,2011-10-11,9.47,15.52,4.94,66.17,1.23,2.31,63.65,-16.25,-69.08333,3826
Yunguyo,2011-10-12,10.55,16.35,6.18,62.18,0.51,2.2,63.49,-16.25,-69.08333,3826
Yunguyo,2011-10-13,11.77,17.95,6.99,51.73,0.66,3.33,63.44,-16.25,-69.08333,3826
Yunguyo,2011-10-14,11.29,16.84,6.76,52.12,0.23,2.92,63.47,-16.25,-69.08333,3826
Yunguyo,2011-10-15,12.44,17.55,8.64,57.45,0.11,2.77,63.47,-16.25,-69.08333,3826
Yunguyo,2011-10-16,11.28,17.45,5.9,53.81,0.01,3.13,63.54,-16.25,-69.08333,3826
Yunguyo,2011-10-17,6.94,11.9,2.63,57.05,0.0,2.79,63.68,-16.25,-69.08333,3826
Yunguyo,2011-10-18,10.18,16.05,6.02,58.78,0.0,3.31,63.67,-16.25,-69.08333,3826
Yunguyo,2011-10-19,9.47,14.95,6.13,72.19,0.0,5.07,63.73,-16.25,-69.08333,3826
Yunguyo,2011-10-20,9.38,16.62,4.86,63.35,0.0,3.67,63.73,-16.25,-69.08333,3826
Yunguyo,2011-10-21,9.41,15.56,4.41,57.65,0.0,2.77,63.64,-16.25,-69.08333,3826
Yunguyo,2011-10-22,8.96,14.02,4.84,69.59,0.0,4.34,63.67,-16.25,-69.08333,3826
Yunguyo,2011-10-23,9.14,15.29,3.88,62.45,0.0,4.13,63.85,-16.25,-69.08333,3826
Yunguyo,2011-10-24,10.73,16.64,6.51,56.42,0.0,3.1,63.87,-16.25,-69.08333,3826
Yunguyo,2011-10-25,11.43,17.03,7.74,58.92,1.61,3.17,63.75,-16.25,-69.08333,3826
Yunguyo,2011-10-26,10.65,15.97,7.02,62.81,0.4,4.14,63.68,-16.25,-69.08333,3826
Yunguyo,2011-10-27,10.27,16.27,6.42,62.16,0.01,4.53,63.74,-16.25,-69.08333,3826
Yunguyo,2011-10-28,10.11,15.53,5.88,63.7,0.0,4.26,63.77,-16.25,-69.08333,3826
Yunguyo,2011-10-29,10.38,15.5,6.9,65.94,0.0,2.61,63.73,-16.25,-69.08333,3826
Yunguyo,2011-10-30,9.91,14.15,6.99,68.57,2.5,3.75,63.68,-16.25,-69.08333,3826
Yunguyo,2011-10-31,8.58,14.34,3.91,72.54,2.38,3.45,63.68,-16.25,-69.08333,3826
Yunguyo,2011-11-01,9.59,15.11,6.23,69.18,0.62,3.56,63.7,-16.25,-69.08333,3826
Yunguyo,2011-11-02,9.34,14.35,5.64,70.99,0.02,4.27,63.76,-16.25,-69.08333,3826
Yunguyo,2011-11-03,9.4,14.31,5.24,69.42,3.04,4.19,63.8,-16.25,-69.08333,3826
Yunguyo,2011-11-04,10.5,15.66,6.42,65.42,0.98,3.45,63.73,-16.25,-69.08333,3826
Yunguyo,2011-11-05,11.63,17.17,7.38,60.09,0.59,2.5,63.69,-16.25,-69.08333,3826
Yunguyo,2011-11-06,9.69,14.66,6.3,68.34,0.27,4.1,63.73,-16.25,-69.08333,3826
Yunguyo,2011-11-07,10.42,16.63,6.16,50.92,0.0,3.8,63.77,-16.25,-69.08333,3826
Yunguyo,2011-11-08,10.79,16.87,5.86,56.37,0.0,3.36,63.73,-16.25,-69.08333,3826
Yunguyo,2011-11-09,13.1,19.64,8.32,54.46,0.0,3.54,63.68,-16.25,-69.08333,3826
Yunguyo,2011-11-10,10.99,15.75,6.99,66.84,0.89,3.84,63.73,-16.25,-69.08333,3826
Yunguyo,2011-11-11,10.62,16.62,6.02,60.75,0.27,3.84,63.79,-16.25,-69.08333,3826
Yunguyo,2011-11-12,10.14,15.52,6.56,58.35,0.03,4.41,63.8,-16.25,-69.08333,3826
Yunguyo,2011-11-13,11.81,17.52,6.9,53.97,0.0,2.42,63.67,-16.25,-69.08333,3826
Yunguyo,2011-11-14,12.46,18.71,8.55,55.33,0.01,4.59,63.6,-16.25,-69.08333,3826
Yunguyo,2011-11-15,11.57,16.96,7.33,57.01,0.66,3.81,63.66,-16.25,-69.08333,3826
Yunguyo,2011-11-16,10.34,16.48,6.38,65.76,0.06,3.52,63.66,-16.25,-69.08333,3826
Yunguyo,2011-11-17,10.83,15.98,7.35,64.45,0.66,3.2,63.63,-16.25,-69.08333,3826
Yunguyo,2011-11-18,9.47,14.12,6.65,70.76,0.78,5.78,63.67,-16.25,-69.08333,3826
Yunguyo,2011-11-19,9.26,13.48,6.57,72.14,15.99,5.0,63.66,-16.25,-69.08333,3826
Yunguyo,2011-11-20,9.93,15.45,5.47,67.48,6.88,2.4,63.61,-16.25,-69.08333,3826
Yunguyo,2011-11-21,10.76,15.77,6.56,58.81,0.08,4.69,63.64,-16.25,-69.08333,3826
Yunguyo,2011-11-22,8.41,13.98,3.24,75.85,5.27,4.49,63.78,-16.25,-69.08333,3826
Yunguyo,2011-11-23,10.31,15.75,5.26,68.19,0.09,2.24,63.8,-16.25,-69.08333,3826
Yunguyo,2011-11-24,12.45,17.86,8.02,57.71,0.02,2.95,63.73,-16.25,-69.08333,3826
Yunguyo,2011-11-25,11.94,16.27,8.77,65.69,0.08,3.55,63.67,-16.25,-69.08333,3826
Yunguyo,2011-11-26,10.97,14.98,7.95,70.27,1.23,4.22,63.71,-16.25,-69.08333,3826
Yunguyo,2011-11-27,11.64,17.33,6.71,62.64,0.13,3.47,63.71,-16.25,-69.08333,3826
Yunguyo,2011-11-28,11.17,16.23,7.43,66.73,0.02,4.14,63.77,-16.25,-69.08333,3826
Yunguyo,2011-11-29,10.15,14.26,6.37,67.21,0.56,3.01,63.85,-16.25,-69.08333,3826
Yunguyo,2011-11-30,12.22,17.92,8.06,58.32,0.0,4.0,63.73,-16.25,-69.08333,3826
Yunguyo,2011-12-01,9.64,14.65,5.34,62.6,2.51,4.42,63.89,-16.25,-69.08333,3826
Yunguyo,2011-12-02,10.67,16.43,5.88,56.19,0.62,2.97,63.83,-16.25,-69.08333,3826
Yunguyo,2011-12-03,12.32,18.11,7.91,52.51,0.0,2.81,63.7,-16.25,-69.08333,3826
Yunguyo,2011-12-04,12.95,17.67,9.24,47.93,0.01,2.71,63.55,-16.25,-69.08333,3826
Yunguyo,2011-12-05,10.72,16.15,6.51,60.75,1.57,3.93,63.53,-16.25,-69.08333,3826
Yunguyo,2011-12-06,10.42,16.03,5.77,64.17,1.15,3.84,63.6,-16.25,-69.08333,3826
Yunguyo,2011-12-07,10.95,15.7,7.15,66.32,0.54,3.29,63.6,-16.25,-69.08333,3826
Yunguyo,2011-12-08,10.64,14.2,7.95,70.6,4.08,3.19,63.59,-16.25,-69.08333,3826
Yunguyo,2011-12-09,7.54,10.63,5.0,81.73,2.68,2.18,63.61,-16.25,-69.08333,3826
Yunguyo,2011-12-10,10.06,15.39,5.52,70.75,0.12,2.97,63.62,-16.25,-69.08333,3826
Yunguyo,2011-12-11,10.45,15.03,7.11,71.87,0.72,4.17,63.6,-16.25,-69.08333,3826
Yunguyo,2011-12-12,6.89,9.27,4.74,87.09,0.62,3.13,63.61,-16.25,-69.08333,3826
Yunguyo,2011-12-13,6.69,10.1,4.97,81.06,17.06,2.02,63.64,-16.25,-69.08333,3826
Yunguyo,2011-12-14,7.65,10.74,5.58,80.16,10.18,3.17,63.6,-16.25,-69.08333,3826
Yunguyo,2011-12-15,9.09,14.06,4.93,73.6,3.56,3.56,63.6,-16.25,-69.08333,3826
Yunguyo,2011-12-16,10.56,16.02,6.37,65.02,2.57,2.72,63.58,-16.25,-69.08333,3826
Yunguyo,2011-12-17,10.23,14.95,6.77,66.67,0.15,3.04,63.63,-16.25,-69.08333,3826
Yunguyo,2011-12-18,9.35,13.7,5.84,70.41,1.75,3.68,63.65,-16.25,-69.08333,3826
Yunguyo,2011-12-19,8.75,12.83,5.87,75.22,0.31,5.11,63.66,-16.25,-69.08333,3826
Yunguyo,2011-12-20,9.41,15.0,5.31,69.37,0.18,4.1,63.68,-16.25,-69.08333,3826
Yunguyo,2011-12-21,8.82,13.82,4.73,72.8,12.87,3.54,63.67,-16.25,-69.08333,3826
Yunguyo,2011-12-22,9.12,13.18,6.2,77.55,13.16,3.8,63.62,-16.25,-69.08333,3826
Yunguyo,2011-12-23,8.68,12.72,5.66,79.55,4.76,3.96,63.62,-16.25,-69.08333,3826
Yunguyo,2011-12-24,8.41,13.03,4.89,76.23,5.8,4.48,63.75,-16.25,-69.08333,3826
Yunguyo,2011-12-25,6.59,9.93,3.27,81.17,5.09,3.24,63.88,-16.25,-69.08333,3826
Yunguyo,2011-12-26,8.37,13.11,4.92,77.45,1.31,5.72,63.88,-16.25,-69.08333,3826
Yunguyo,2011-12-27,8.67,13.74,4.73,75.94,0.03,5.32,63.93,-16.25,-69.08333,3826
Yunguyo,2011-12-28,9.1,13.05,5.65,76.4,2.54,4.95,63.93,-16.25,-69.08333,3826
Yunguyo,2011-12-29,10.33,15.81,6.07,71.69,0.59,4.0,63.76,-16.25,-69.08333,3826
Yunguyo,2011-12-30,10.66,15.93,6.75,70.72,0.3,4.02,63.67,-16.25,-69.08333,3826
Yunguyo,2011-12-31,9.48,13.94,5.23,72.81,6.94,3.22,63.69,-16.25,-69.08333,3826
Yunguyo,2012-01-01,5.42,7.35,3.67,91.21,13.14,3.42,63.71,-16.25,-69.08333,3826
Yunguyo,2012-01-02,7.79,12.19,3.46,78.99,4.53,3.24,63.77,-16.25,-69.08333,3826
Yunguyo,2012-01-03,8.68,13.85,5.19,74.89,1.75,4.55,63.8,-16.25,-69.08333,3826
Yunguyo,2012-01-04,9.21,14.36,5.54,70.08,0.46,3.68,63.82,-16.25,-69.08333,3826
Yunguyo,2012-01-05,8.51,13.82,3.88,72.83,6.15,4.96,63.75,-16.25,-69.08333,3826
Yunguyo,2012-01-06,8.27,13.7,4.63,72.81,1.65,4.53,63.7,-16.25,-69.08333,3826
Yunguyo,2012-01-07,8.01,12.35,4.61,74.81,1.89,4.98,63.74,-16.25,-69.08333,3826
Yunguyo,2012-01-08,9.15,14.09,5.37,74.13,0.62,3.75,63.75,-16.25,-69.08333,3826
Yunguyo,2012-01-09,9.84,15.22,4.72,70.0,1.2,2.87,63.71,-16.25,-69.08333,3826
Yunguyo,2012-01-10,10.37,16.3,3.83,59.23,10.05,2.27,63.6,-16.25,-69.08333,3826
Yunguyo,2012-01-11,11.59,16.3,6.87,53.39,0.44,2.4,63.51,-16.25,-69.08333,3826
Yunguyo,2012-01-12,11.87,16.94,7.52,61.6,0.67,2.54,63.56,-16.25,-69.08333,3826
Yunguyo,2012-01-13,11.94,18.48,6.67,53.79,0.6,4.23,63.66,-16.25,-69.08333,3826
Yunguyo,2012-01-14,10.83,15.26,7.6,66.02,2.43,3.0,63.8,-16.25,-69.08333,3826
Yunguyo,2012-01-15,10.94,16.21,6.15,59.5,0.3,2.4,63.8,-16.25,-69.08333,3826
Yunguyo,2012-01-16,10.77,15.47,6.91,60.51,0.0,3.99,63.84,-16.25,-69.08333,3826
Yunguyo,2012-01-17,9.86,14.6,5.52,64.82,2.58,3.78,63.81,-16.25,-69.08333,3826
Yunguyo,2012-01-18,9.18,12.7,6.0,64.18,1.46,4.14,63.71,-16.25,-69.08333,3826
Yunguyo,2012-01-19,8.55,13.15,4.34,69.43,0.64,4.72,63.67,-16.25,-69.08333,3826
Yunguyo,2012-01-20,8.77,13.94,4.84,66.04,0.48,5.14,63.63,-16.25,-69.08333,3826
Yunguyo,2012-01-21,9.29,13.92,5.35,71.01,3.82,3.14,63.62,-16.25,-69.08333,3826
Yunguyo,2012-01-22,7.98,11.28,5.21,76.86,15.07,2.16,63.62,-16.25,-69.08333,3826
Yunguyo,2012-01-23,6.54,8.28,4.44,80.27,8.38,1.99,63.6,-16.25,-69.08333,3826
Yunguyo,2012-01-24,8.84,12.06,5.47,69.8,7.17,2.79,63.58,-16.25,-69.08333,3826
Yunguyo,2012-01-25,7.74,11.34,5.43,82.77,4.18,3.68,63.63,-16.25,-69.08333,3826
Yunguyo,2012-01-26,8.24,12.29,5.07,79.67,1.69,4.16,63.68,-16.25,-69.08333,3826
Yunguyo,2012-01-27,8.94,14.24,5.09,77.19,6.29,4.98,63.67,-16.25,-69.08333,3826
Yunguyo,2012-01-28,9.66,14.82,5.32,74.45,5.08,3.92,63.67,-16.25,-69.08333,3826
Yunguyo,2012-01-29,9.71,13.46,6.49,77.89,8.15,3.25,63.65,-16.25,-69.08333,3826
Yunguyo,2012-01-30,9.34,13.64,5.72,79.22,7.11,2.29,63.62,-16.25,-69.08333,3826
Yunguyo,2012-01-31,8.99,13.48,5.77,75.95,3.68,2.84,63.66,-16.25,-69.08333,3826
Yunguyo,2012-02-01,10.48,15.79,6.88,65.08,5.09,4.06,63.62,-16.25,-69.08333,3826
Yunguyo,2012-02-02,9.78,14.77,6.16,76.13,5.34,4.81,63.59,-16.25,-69.08333,3826
Yunguyo,2012-02-03,9.68,14.01,6.85,78.47,9.53,4.63,63.59,-16.25,-69.08333,3826
Yunguyo,2012-02-04,9.7,14.43,6.16,79.08,3.66,5.29,63.63,-16.25,-69.08333,3826
Yunguyo,2012-02-05,9.77,14.16,6.69,79.21,4.64,5.8,63.69,-16.25,-69.08333,3826
Yunguyo,2012-02-06,9.41,14.04,6.19,77.31,2.88,5.33,63.77,-16.25,-69.08333,3826
Yunguyo,2012-02-07,9.24,14.39,5.29,68.68,0.44,4.13,63.75,-16.25,-69.08333,3826
Yunguyo,2012-02-08,10.01,15.2,5.74,64.15,1.47,3.24,63.69,-16.25,-69.08333,3826
Yunguyo,2012-02-09,9.63,14.24,6.27,70.15,2.8,4.3,63.77,-16.25,-69.08333,3826
Yunguyo,2012-02-10,8.14,11.18,5.64,81.08,6.33,4.78,63.77,-16.25,-69.08333,3826
Yunguyo,2012-02-11,8.52,13.77,4.93,77.47,3.78,4.64,63.71,-16.25,-69.08333,3826
Yunguyo,2012-02-12,9.15,14.3,5.51,76.5,3.67,3.48,63.61,-16.25,-69.08333,3826
Yunguyo,2012-02-13,8.81,13.33,5.41,79.0,6.28,2.66,63.54,-16.25,-69.08333,3826
Yunguyo,2012-02-14,7.43,9.97,4.46,83.04,14.21,3.44,63.63,-16.25,-69.08333,3826
Yunguyo,2012-02-15,7.99,11.84,5.41,80.16,10.73,4.66,63.66,-16.25,-69.08333,3826
Yunguyo,2012-02-16,8.28,12.97,4.92,80.36,8.1,4.68,63.68,-16.25,-69.08333,3826
Yunguyo,2012-02-17,8.32,12.52,5.61,77.4,0.82,4.27,63.64,-16.25,-69.08333,3826
Yunguyo,2012-02-18,7.46,11.26,4.66,77.68,0.66,3.66,63.62,-16.25,-69.08333,3826
Yunguyo,2012-02-19,7.69,13.05,3.05,75.75,1.73,4.0,63.6,-16.25,-69.08333,3826
Yunguyo,2012-02-20,7.71,12.52,3.49,77.3,3.33,2.47,63.63,-16.25,-69.08333,3826
Yunguyo,2012-02-21,9.09,14.11,4.79,67.41,0.26,2.69,63.59,-16.25,-69.08333,3826
Yunguyo,2012-02-22,7.68,10.79,4.62,80.02,0.85,3.61,63.57,-16.25,-69.08333,3826
Yunguyo,2012-02-23,8.21,11.34,5.32,81.96,1.75,3.28,63.55,-16.25,-69.08333,3826
Yunguyo,2012-02-24,8.21,12.92,4.26,77.15,4.26,2.66,63.64,-16.25,-69.08333,3826
Yunguyo,2012-02-25,7.29,10.4,2.46,76.97,1.84,2.45,63.59,-16.25,-69.08333,3826
Yunguyo,2012-02-26,7.31,11.45,4.82,78.9,0.05,3.05,63.62,-16.25,-69.08333,3826
Yunguyo,2012-02-27,8.22,13.11,4.44,77.14,0.57,4.26,63.64,-16.25,-69.08333,3826
Yunguyo,2012-02-28,9.44,14.49,5.45,71.81,0.13,2.78,63.56,-16.25,-69.08333,3826
Yunguyo,2012-02-29,7.76,10.21,6.19,84.31,2.32,3.48,63.6,-16.25,-69.08333,3826
Yunguyo,2012-03-01,8.92,13.56,5.03,79.95,4.48,3.92,63.67,-16.25,-69.08333,3826
Yunguyo,2012-03-02,6.86,8.47,5.23,90.12,9.35,5.89,63.75,-16.25,-69.08333,3826
Yunguyo,2012-03-03,8.75,13.75,4.85,78.77,8.02,4.43,63.76,-16.25,-69.08333,3826
Yunguyo,2012-03-04,9.27,14.22,5.71,76.49,4.49,4.33,63.74,-16.25,-69.08333,3826
Yunguyo,2012-03-05,9.04,13.34,5.58,79.19,13.79,3.69,63.67,-16.25,-69.08333,3826
Yunguyo,2012-03-06,8.62,12.51,6.07,81.25,5.15,4.6,63.67,-16.25,-69.08333,3826
Yunguyo,2012-03-07,7.92,12.16,5.4,81.37,5.17,5.27,63.75,-16.25,-69.08333,3826
Yunguyo,2012-03-08,7.25,11.99,4.26,79.81,1.29,5.61,63.85,-16.25,-69.08333,3826
Yunguyo,2012-03-09,6.73,11.52,2.41,75.52,0.17,4.85,63.86,-16.25,-69.08333,3826
Yunguyo,2012-03-10,7.35,13.14,2.38,68.32,0.53,3.97,63.81,-16.25,-69.08333,3826
Yunguyo,2012-03-11,7.72,12.51,3.86,73.3,2.0,3.71,63.8,-16.25,-69.08333,3826
Yunguyo,2012-03-12,6.77,12.57,3.31,81.65,4.33,2.41,63.74,-16.25,-69.08333,3826
Yunguyo,2012-03-13,8.86,13.43,4.04,70.72,0.99,2.58,63.7,-16.25,-69.08333,3826
Yunguyo,2012-03-14,9.7,14.99,5.2,62.39,2.45,3.71,63.74,-16.25,-69.08333,3826
Yunguyo,2012-03-15,9.1,13.54,5.85,78.16,2.33,4.02,63.87,-16.25,-69.08333,3826
Yunguyo,2012-03-16,9.04,13.46,5.66,77.45,3.13,3.91,63.88,-16.25,-69.08333,3826
Yunguyo,2012-03-17,10.35,15.77,6.04,67.34,1.65,2.84,63.83,-16.25,-69.08333,3826
Yunguyo,2012-03-18,11.0,16.57,6.68,67.76,0.49,3.07,63.75,-16.25,-69.08333,3826
Yunguyo,2012-03-19,10.99,15.65,7.66,66.86,0.17,3.16,63.7,-16.25,-69.08333,3826
Yunguyo,2012-03-20,9.27,12.9,6.81,73.53,1.06,2.91,63.75,-16.25,-69.08333,3826
Yunguyo,2012-03-21,9.95,15.35,6.46,67.73,0.08,3.33,63.78,-16.25,-69.08333,3826
Yunguyo,2012-03-22,11.14,15.68,7.11,57.39,0.0,1.73,63.68,-16.25,-69.08333,3826
Yunguyo,2012-03-23,10.44,14.96,6.12,66.94,0.3,3.11,63.65,-16.25,-69.08333,3826
Yunguyo,2012-03-24,9.14,13.27,5.97,78.75,0.06,4.58,63.74,-16.25,-69.08333,3826
Yunguyo,2012-03-25,9.5,14.23,6.1,72.59,0.15,3.93,63.76,-16.25,-69.08333,3826
Yunguyo,2012-03-26,9.21,13.16,4.88,78.34,5.92,3.56,63.73,-16.25,-69.08333,3826
Yunguyo,2012-03-27,6.21,8.28,4.67,89.42,11.48,3.44,63.8,-16.25,-69.08333,3826
Yunguyo,2012-03-28,7.72,12.38,4.25,77.67,3.73,3.02,63.81,-16.25,-69.08333,3826
Yunguyo,2012-03-29,8.64,12.24,6.08,75.67,1.13,2.95,63.8,-16.25,-69.08333,3826
Yunguyo,2012-03-30,7.49,10.98,4.68,79.34,6.46,4.01,64.0,-16.25,-69.08333,3826
Yunguyo,2012-03-31,8.16,12.82,5.04,77.99,2.65,3.45,64.0,-16.25,-69.08333,3826
Yunguyo,2012-04-01,8.59,12.21,5.13,77.35,2.33,2.8,63.87,-16.25,-69.08333,3826
Yunguyo,2012-04-02,9.11,13.13,5.85,76.87,0.07,3.49,63.79,-16.25,-69.08333,3826
Yunguyo,2012-04-03,8.37,11.76,6.05,81.84,1.51,4.61,63.81,-16.25,-69.08333,3826
Yunguyo,2012-04-04,8.49,12.41,5.99,79.42,12.32,4.06,63.75,-16.25,-69.08333,3826
Yunguyo,2012-04-05,9.05,13.47,5.78,74.11,0.66,2.36,63.77,-16.25,-69.08333,3826
Yunguyo,2012-04-06,9.24,13.91,4.82,73.02,0.88,2.31,63.86,-16.25,-69.08333,3826
Yunguyo,2012-04-07,8.03,10.48,6.62,82.06,0.18,2.95,63.83,-16.25,-69.08333,3826
Yunguyo,2012-04-08,9.26,13.15,6.3,77.49,0.21,3.36,63.73,-16.25,-69.08333,3826
Yunguyo,2012-04-09,9.29,12.73,6.72,76.59,9.13,3.16,63.63,-16.25,-69.08333,3826
Yunguyo,2012-04-10,8.65,12.55,5.92,79.14,4.65,3.53,63.67,-16.25,-69.08333,3826
Yunguyo,2012-04-11,7.9,11.0,5.65,82.82,3.26,5.48,63.81,-16.25,-69.08333,3826
Yunguyo,2012-04-12,8.18,12.3,5.39,80.86,3.39,4.62,63.84,-16.25,-69.08333,3826
Yunguyo,2012-04-13,8.73,14.61,3.45,73.02,2.27,1.9,63.8,-16.25,-69.08333,3826
Yunguyo,2012-04-14,8.83,12.74,5.53,76.76,0.6,2.84,63.75,-16.25,-69.08333,3826
Yunguyo,2012-04-15,8.72,12.83,5.82,79.68,12.74,4.24,63.77,-16.25,-69.08333,3826
Yunguyo,2012-04-16,8.67,13.41,5.51,79.61,2.84,3.33,63.82,-16.25,-69.08333,3826
Yunguyo,2012-04-17,8.13,12.79,4.95,78.08,0.88,4.08,63.88,-16.25,-69.08333,3826
Yunguyo,2012-04-18,8.33,12.56,5.26,81.35,1.96,3.91,63.89,-16.25,-69.08333,3826
Yunguyo,2012-04-19,9.33,14.04,6.04,76.64,0.32,3.33,63.83,-16.25,-69.08333,3826
Yunguyo,2012-04-20,9.68,14.07,6.05,72.85,0.0,2.75,63.8,-16.25,-69.08333,3826
Yunguyo,2012-04-21,9.63,13.69,7.32,77.4,0.94,3.46,63.85,-16.25,-69.08333,3826
Yunguyo,2012-04-22,8.31,11.41,6.57,81.57,0.27,3.65,63.9,-16.25,-69.08333,3826
Yunguyo,2012-04-23,8.66,13.24,5.31,75.24,1.39,3.46,63.82,-16.25,-69.08333,3826
Yunguyo,2012-04-24,8.4,13.62,4.36,73.21,1.88,2.29,63.73,-16.25,-69.08333,3826
Yunguyo,2012-04-25,8.7,12.83,5.27,65.68,1.61,1.71,63.69,-16.25,-69.08333,3826
Yunguyo,2012-04-26,9.17,14.06,4.52,50.36,1.48,2.49,63.72,-16.25,-69.08333,3826
Yunguyo,2012-04-27,9.51,14.61,5.05,51.68,1.87,2.68,63.67,-16.25,-69.08333,3826
Yunguyo,2012-04-28,8.5,14.9,2.45,45.96,0.43,2.77,63.73,-16.25,-69.08333,3826
Yunguyo,2012-04-29,9.07,13.42,5.83,69.91,0.9,2.87,63.76,-16.25,-69.08333,3826
Yunguyo,2012-04-30,8.77,13.27,5.41,70.78,0.16,3.46,63.83,-16.25,-69.08333,3826
Yunguyo,2012-05-01,7.68,12.42,4.67,73.01,0.0,3.16,63.81,-16.25,-69.08333,3826
Yunguyo,2012-05-02,7.97,12.95,5.06,64.79,0.0,2.87,63.83,-16.25,-69.08333,3826
Yunguyo,2012-05-03,8.52,13.36,5.31,68.4,0.0,2.72,63.9,-16.25,-69.08333,3826
Yunguyo,2012-05-04,9.12,13.98,5.89,67.41,0.0,2.64,63.88,-16.25,-69.08333,3826
Yunguyo,2012-05-05,8.84,13.64,5.3,70.68,0.0,2.59,63.91,-16.25,-69.08333,3826
Yunguyo,2012-05-06,8.54,13.03,5.33,69.1,0.0,2.63,63.94,-16.25,-69.08333,3826
Yunguyo,2012-05-07,8.85,13.72,5.74,67.15,0.0,2.72,63.94,-16.25,-69.08333,3826
Yunguyo,2012-05-08,7.7,12.0,3.86,66.58,0.0,2.84,63.92,-16.25,-69.08333,3826
Yunguyo,2012-05-09,8.97,13.73,4.75,51.13,0.0,1.56,63.76,-16.25,-69.08333,3826
Yunguyo,2012-05-10,10.22,15.06,6.53,48.07,0.0,2.01,63.63,-16.25,-69.08333,3826
Yunguyo,2012-05-11,9.91,14.77,6.26,54.55,0.0,2.36,63.67,-16.25,-69.08333,3826
Yunguyo,2012-05-12,9.07,12.91,6.06,64.5,0.49,2.25,63.68,-16.25,-69.08333,3826
Yunguyo,2012-05-13,7.91,14.01,3.1,56.48,0.63,3.96,63.65,-16.25,-69.08333,3826
Yunguyo,2012-05-14,7.29,13.76,2.2,50.18,0.74,2.28,63.72,-16.25,-69.08333,3826
Yunguyo,2012-05-15,7.78,12.96,3.65,52.7,0.72,1.86,63.78,-16.25,-69.08333,3826
Yunguyo,2012-05-16,7.94,13.3,3.68,40.98,0.0,1.45,63.78,-16.25,-69.08333,3826
Yunguyo,2012-05-17,8.12,13.0,4.36,55.25,0.03,1.81,63.75,-16.25,-69.08333,3826
Yunguyo,2012-05-18,8.68,13.67,5.01,45.78,0.02,1.51,63.7,-16.25,-69.08333,3826
Yunguyo,2012-05-19,8.63,13.24,5.24,55.43,0.35,1.63,63.73,-16.25,-69.08333,3826
Yunguyo,2012-05-20,8.6,13.5,5.1,63.25,0.13,1.93,63.79,-16.25,-69.08333,3826
Yunguyo,2012-05-21,8.56,12.61,5.69,73.09,0.09,2.42,63.87,-16.25,-69.08333,3826
Yunguyo,2012-05-22,9.11,13.81,5.71,59.32,0.0,1.31,63.83,-16.25,-69.08333,3826
Yunguyo,2012-05-23,8.81,13.78,5.11,51.05,0.0,1.81,63.82,-16.25,-69.08333,3826
Yunguyo,2012-05-24,8.48,13.19,4.7,64.72,0.6,1.91,63.88,-16.25,-69.08333,3826
Yunguyo,2012-05-25,8.75,14.03,4.85,45.82,0.05,1.44,63.86,-16.25,-69.08333,3826
Yunguyo,2012-05-26,8.78,14.15,4.32,32.67,0.01,2.03,63.88,-16.25,-69.08333,3826
Yunguyo,2012-05-27,8.68,13.82,4.38,37.76,0.0,2.42,63.9,-16.25,-69.08333,3826
Yunguyo,2012-05-28,8.88,13.8,5.76,50.95,0.08,2.03,63.96,-16.25,-69.08333,3826
Yunguyo,2012-05-29,8.13,12.94,5.13,56.79,0.02,1.9,63.97,-16.25,-69.08333,3826
Yunguyo,2012-05-30,7.79,12.49,4.76,65.09,0.0,2.05,63.95,-16.25,-69.08333,3826
Yunguyo,2012-05-31,7.81,12.65,4.15,62.14,0.0,1.97,63.98,-16.25,-69.08333,3826
Yunguyo,2012-06-01,7.53,11.61,4.4,72.85,0.07,2.59,64.03,-16.25,-69.08333,3826
Yunguyo,2012-06-02,8.88,13.87,5.13,59.5,0.01,1.74,63.96,-16.25,-69.08333,3826
Yunguyo,2012-06-03,8.81,13.55,5.49,55.7,0.06,1.73,63.8,-16.25,-69.08333,3826
Yunguyo,2012-06-04,8.6,13.59,4.83,52.28,1.63,2.6,63.66,-16.25,-69.08333,3826
Yunguyo,2012-06-05,8.25,12.64,4.74,49.62,1.0,2.59,63.68,-16.25,-69.08333,3826
Yunguyo,2012-06-06,7.79,12.65,4.31,57.19,0.29,2.3,63.77,-16.25,-69.08333,3826
Yunguyo,2012-06-07,5.8,10.66,2.72,76.29,0.16,2.41,63.82,-16.25,-69.08333,3826
Yunguyo,2012-06-08,5.19,10.09,1.84,69.49,1.0,2.35,63.79,-16.25,-69.08333,3826
Yunguyo,2012-06-09,5.47,9.56,2.08,67.77,0.63,1.76,63.78,-16.25,-69.08333,3826
Yunguyo,2012-06-10,7.12,11.9,3.61,59.2,0.06,2.18,63.83,-16.25,-69.08333,3826
Yunguyo,2012-06-11,6.55,10.66,4.29,73.35,0.0,2.91,63.81,-16.25,-69.08333,3826
Yunguyo,2012-06-12,6.92,10.98,3.63,65.0,0.0,2.0,63.8,-16.25,-69.08333,3826
Yunguyo,2012-06-13,6.97,11.19,4.05,71.54,0.0,2.72,63.84,-16.25,-69.08333,3826
Yunguyo,2012-06-14,7.68,11.76,4.85,67.55,0.0,2.35,63.88,-16.25,-69.08333,3826
Yunguyo,2012-06-15,8.13,12.31,5.03,65.88,0.0,1.57,63.9,-16.25,-69.08333,3826
Yunguyo,2012-06-16,8.07,12.83,4.81,64.96,0.0,2.24,63.81,-16.25,-69.08333,3826
Yunguyo,2012-06-17,8.76,13.15,5.34,62.68,0.6,2.57,63.72,-16.25,-69.08333,3826
Yunguyo,2012-06-18,8.92,13.54,5.17,63.34,0.72,3.16,63.67,-16.25,-69.08333,3826
Yunguyo,2012-06-19,9.27,14.79,4.7,58.91,0.13,3.21,63.71,-16.25,-69.08333,3826
Yunguyo,2012-06-20,8.03,14.44,3.37,47.08,0.62,4.11,63.73,-16.25,-69.08333,3826
Yunguyo,2012-06-21,7.22,13.63,1.81,38.09,0.58,3.37,63.78,-16.25,-69.08333,3826
Yunguyo,2012-06-22,7.44,12.22,4.41,51.02,1.18,2.34,63.88,-16.25,-69.08333,3826
Yunguyo,2012-06-23,7.28,12.08,4.63,73.48,0.03,3.25,63.92,-16.25,-69.08333,3826
Yunguyo,2012-06-24,7.39,12.11,4.49,58.68,0.0,1.65,63.99,-16.25,-69.08333,3826
Yunguyo,2012-06-25,6.21,10.39,3.32,67.33,0.0,3.01,63.97,-16.25,-69.08333,3826
Yunguyo,2012-06-26,4.81,6.96,3.17,82.34,0.0,2.79,63.97,-16.25,-69.08333,3826
Yunguyo,2012-06-27,6.91,11.32,3.62,68.34,0.0,1.62,63.96,-16.25,-69.08333,3826
Yunguyo,2012-06-28,7.71,12.79,3.7,44.55,0.0,1.2,63.92,-16.25,-69.08333,3826
Yunguyo,2012-06-29,7.82,12.94,4.52,55.89,0.01,2.25,63.82,-16.25,-69.08333,3826
Yunguyo,2012-06-30,7.11,12.26,3.78,58.24,0.12,2.18,63.84,-16.25,-69.08333,3826
Yunguyo,2012-07-01,7.24,12.19,3.41,62.64,0.0,2.56,63.89,-16.25,-69.08333,3826
Yunguyo,2012-07-02,7.78,12.88,4.13,62.99,0.06,2.16,63.86,-16.25,-69.08333,3826
Yunguyo,2012-07-03,6.43,10.99,2.71,69.21,0.25,3.38,63.78,-16.25,-69.08333,3826
Yunguyo,2012-07-04,7.83,11.95,4.71,64.59,0.18,2.7,63.57,-16.25,-69.08333,3826
Yunguyo,2012-07-05,6.43,10.28,3.9,60.05,0.3,3.73,63.52,-16.25,-69.08333,3826
Yunguyo,2012-07-06,6.82,11.18,2.57,55.45,0.06,2.86,63.67,-16.25,-69.08333,3826
Yunguyo,2012-07-07,6.82,11.05,3.28,63.89,1.04,3.18,63.8,-16.25,-69.08333,3826
Yunguyo,2012-07-08,5.66,9.93,2.05,78.45,0.15,2.53,63.79,-16.25,-69.08333,3826
Yunguyo,2012-07-09,7.36,12.61,3.79,65.64,0.01,3.61,63.8,-16.25,-69.08333,3826
Yunguyo,2012-07-10,7.75,12.78,3.82,51.4,0.01,2.52,63.85,-16.25,-69.08333,3826
Yunguyo,2012-07-11,8.58,14.16,3.66,42.82,0.0,1.91,63.79,-16.25,-69.08333,3826
Yunguyo,2012-07-12,7.37,13.96,1.7,54.29,0.09,3.39,63.81,-16.25,-69.08333,3826
Yunguyo,2012-07-13,7.96,13.29,4.18,71.34,0.05,3.17,63.86,-16.25,-69.08333,3826
Yunguyo,2012-07-14,8.63,13.34,5.7,72.14,0.0,2.96,63.9,-16.25,-69.08333,3826
Yunguyo,2012-07-15,8.4,13.39,5.38,68.58,0.0,2.73,63.88,-16.25,-69.08333,3826
Yunguyo,2012-07-16,7.37,13.05,2.78,55.9,0.0,1.79,63.83,-16.25,-69.08333,3826
Yunguyo,2012-07-17,5.48,10.8,1.5,40.97,0.0,2.27,63.9,-16.25,-69.08333,3826
Yunguyo,2012-07-18,5.29,11.06,1.33,54.38,0.0,2.19,63.95,-16.25,-69.08333,3826
Yunguyo,2012-07-19,7.18,12.12,2.64,39.0,0.0,1.97,63.96,-16.25,-69.08333,3826
Yunguyo,2012-07-20,7.91,13.08,3.84,34.26,0.0,2.62,63.85,-16.25,-69.08333,3826
Yunguyo,2012-07-21,8.55,13.46,4.1,28.5,0.0,1.39,63.81,-16.25,-69.08333,3826
Yunguyo,2012-07-22,7.47,12.55,3.68,42.26,0.0,2.4,63.88,-16.25,-69.08333,3826
Yunguyo,2012-07-23,7.67,13.23,3.57,48.63,0.0,1.77,63.94,-16.25,-69.08333,3826
Yunguyo,2012-07-24,7.2,13.01,2.82,40.95,0.0,2.62,63.94,-16.25,-69.08333,3826
Yunguyo,2012-07-25,7.38,12.29,4.16,67.96,0.0,3.03,63.86,-16.25,-69.08333,3826
Yunguyo,2012-07-26,8.01,12.76,4.38,60.49,0.13,2.73,63.78,-16.25,-69.08333,3826
Yunguyo,2012-07-27,7.66,11.63,4.89,65.88,1.02,2.37,63.85,-16.25,-69.08333,3826
Yunguyo,2012-07-28,7.48,12.49,3.91,65.3,0.01,2.35,63.82,-16.25,-69.08333,3826
Yunguyo,2012-07-29,7.29,11.28,4.24,64.18,0.0,2.38,63.79,-16.25,-69.08333,3826
Yunguyo,2012-07-30,6.6,9.63,4.55,70.83,0.21,3.27,63.87,-16.25,-69.08333,3826
Yunguyo,2012-07-31,7.69,12.71,4.4,63.59,0.02,3.07,63.95,-16.25,-69.08333,3826
Yunguyo,2012-08-01,7.35,11.9,3.92,68.96,0.0,2.61,63.93,-16.25,-69.08333,3826
Yunguyo,2012-08-02,8.71,13.98,5.49,63.63,0.0,2.72,63.83,-16.25,-69.08333,3826
Yunguyo,2012-08-03,9.24,14.45,5.78,63.35,0.03,3.0,63.84,-16.25,-69.08333,3826
Yunguyo,2012-08-04,8.44,13.25,4.56,65.42,0.1,2.76,64.02,-16.25,-69.08333,3826
Yunguyo,2012-08-05,7.56,12.96,4.25,62.43,0.0,3.08,64.13,-16.25,-69.08333,3826
Yunguyo,2012-08-06,8.31,13.31,3.16,41.63,0.0,1.84,64.06,-16.25,-69.08333,3826
Yunguyo,2012-08-07,9.53,14.94,6.16,38.64,0.0,2.51,63.95,-16.25,-69.08333,3826
Yunguyo,2012-08-08,8.75,14.27,5.59,38.11,0.0,2.9,64.03,-16.25,-69.08333,3826
Yunguyo,2012-08-09,7.77,13.44,3.87,41.82,0.0,2.37,64.0,-16.25,-69.08333,3826
Yunguyo,2012-08-10,7.76,13.57,3.82,41.26,0.0,2.2,63.9,-16.25,-69.08333,3826
Yunguyo,2012-08-11,8.9,14.79,4.35,39.99,0.0,1.84,63.81,-16.25,-69.08333,3826
Yunguyo,2012-08-12,8.09,13.72,4.22,41.62,0.0,3.05,63.8,-16.25,-69.08333,3826
Yunguyo,2012-08-13,5.74,8.96,3.33,77.75,0.09,3.72,63.94,-16.25,-69.08333,3826
Yunguyo,2012-08-14,7.29,13.14,2.58,55.2,0.01,2.17,63.79,-16.25,-69.08333,3826
Yunguyo,2012-08-15,7.05,12.37,2.61,39.89,0.0,2.76,63.74,-16.25,-69.08333,3826
Yunguyo,2012-08-16,8.22,13.24,4.3,57.07,0.23,2.28,63.72,-16.25,-69.08333,3826
Yunguyo,2012-08-17,7.96,13.85,3.59,43.0,0.01,3.32,63.8,-16.25,-69.08333,3826
Yunguyo,2012-08-18,7.03,11.44,4.17,54.97,0.0,2.77,63.88,-16.25,-69.08333,3826
Yunguyo,2012-08-19,5.68,8.83,3.31,63.8,0.08,2.14,63.99,-16.25,-69.08333,3826
Yunguyo,2012-08-20,6.48,12.09,1.75,37.22,0.0,2.49,63.97,-16.25,-69.08333,3826
Yunguyo,2012-08-21,6.66,11.59,2.87,66.27,0.0,3.16,63.98,-16.25,-69.08333,3826
Yunguyo,2012-08-22,7.71,12.49,3.82,68.61,0.0,2.84,63.92,-16.25,-69.08333,3826
Yunguyo,2012-08-23,8.82,12.93,5.67,67.74,0.72,2.21,63.83,-16.25,-69.08333,3826
Yunguyo,2012-08-24,8.44,12.64,5.7,76.87,0.61,3.45,63.79,-16.25,-69.08333,3826
Yunguyo,2012-08-25,6.21,10.29,3.41,81.76,11.03,4.98,63.86,-16.25,-69.08333,3826
Yunguyo,2012-08-26,7.16,12.57,3.23,73.78,0.32,3.38,63.91,-16.25,-69.08333,3826
Yunguyo,2012-08-27,7.76,14.28,3.25,65.84,0.0,2.4,63.91,-16.25,-69.08333,3826
Yunguyo,2012-08-28,7.06,13.59,2.7,58.17,0.03,2.93,63.93,-16.25,-69.08333,3826
Yunguyo,2012-08-29,6.39,13.07,2.55,49.23,0.03,3.44,63.94,-16.25,-69.08333,3826
Yunguyo,2012-08-30,6.57,12.12,2.92,31.75,0.0,3.15,63.96,-16.25,-69.08333,3826
Yunguyo,2012-08-31,6.83,12.97,3.18,38.51,0.0,2.98,63.97,-16.25,-69.08333,3826
Yunguyo,2012-09-01,6.76,13.0,3.16,44.75,0.0,3.14,63.94,-16.25,-69.08333,3826
Yunguyo,2012-09-02,7.3,12.35,3.68,71.72,0.0,3.74,63.96,-16.25,-69.08333,3826
Yunguyo,2012-09-03,6.74,11.33,3.24,76.13,0.0,3.65,64.09,-16.25,-69.08333,3826
Yunguyo,2012-09-04,7.38,12.76,3.69,72.89,0.0,3.58,64.07,-16.25,-69.08333,3826
Yunguyo,2012-09-05,8.18,13.79,4.5,65.15,0.0,3.2,64.06,-16.25,-69.08333,3826
Yunguyo,2012-09-06,9.06,14.84,4.74,68.27,0.01,3.42,63.95,-16.25,-69.08333,3826
Yunguyo,2012-09-07,10.11,15.32,6.75,68.46,0.01,3.33,63.9,-16.25,-69.08333,3826
Yunguyo,2012-09-08,10.14,15.02,6.82,68.32,0.0,3.22,63.98,-16.25,-69.08333,3826
Yunguyo,2012-09-09,8.87,11.96,6.42,74.92,1.63,4.43,64.06,-16.25,-69.08333,3826
Yunguyo,2012-09-10,9.62,14.56,6.31,67.52,0.02,3.44,64.02,-16.25,-69.08333,3826
Yunguyo,2012-09-11,9.35,14.73,5.79,64.24,0.0,3.04,63.94,-16.25,-69.08333,3826
Yunguyo,2012-09-12,8.63,14.18,4.38,64.37,0.0,4.05,63.93,-16.25,-69.08333,3826
Yunguyo,2012-09-13,6.81,12.21,2.87,70.86,0.0,4.61,64.03,-16.25,-69.08333,3826
Yunguyo,2012-09-14,7.3,12.51,3.45,58.68,0.0,3.49,64.01,-16.25,-69.08333,3826
Yunguyo,2012-09-15,7.8,12.38,4.61,69.63,0.02,2.72,63.95,-16.25,-69.08333,3826
Yunguyo,2012-09-16,8.99,13.58,5.75,65.49,0.47,3.03,63.89,-16.25,-69.08333,3826
Yunguyo,2012-09-17,9.49,14.46,5.75,66.91,0.1,2.71,63.87,-16.25,-69.08333,3826
Yunguyo,2012-09-18,10.89,16.88,6.37,49.25,0.0,1.57,63.8,-16.25,-69.08333,3826
Yunguyo,2012-09-19,9.67,15.09,4.83,43.31,0.08,3.11,63.78,-16.25,-69.08333,3826
Yunguyo,2012-09-20,11.02,17.7,5.51,39.87,0.2,3.49,63.61,-16.25,-69.08333,3826
Yunguyo,2012-09-21,9.29,14.78,5.13,40.59,0.72,2.96,63.72,-16.25,-69.08333,3826
Yunguyo,2012-09-22,9.44,15.67,5.73,68.49,0.2,3.51,63.8,-16.25,-69.08333,3826
Yunguyo,2012-09-23,10.22,15.93,6.43,56.49,0.0,2.46,63.79,-16.25,-69.08333,3826
Yunguyo,2012-09-24,10.12,15.6,5.79,59.41,0.0,3.38,63.79,-16.25,-69.08333,3826
Yunguyo,2012-09-25,8.65,13.26,5.4,73.66,0.88,5.31,63.89,-16.25,-69.08333,3826
Yunguyo,2012-09-26,6.98,11.32,3.58,76.06,1.26,5.72,63.97,-16.25,-69.08333,3826
Yunguyo,2012-09-27,6.34,12.27,3.28,74.89,0.34,1.79,63.95,-16.25,-69.08333,3826
Yunguyo,2012-09-28,9.29,14.33,4.89,60.1,0.05,2.91,63.84,-16.25,-69.08333,3826
Yunguyo,2012-09-29,9.0,13.5,5.59,67.88,0.0,3.34,63.91,-16.25,-69.08333,3826
Yunguyo,2012-09-30,9.21,13.97,5.85,65.6,0.0,2.55,63.83,-16.25,-69.08333,3826
Yunguyo,2012-10-01,9.95,15.2,6.71,56.33,0.0,2.85,63.71,-16.25,-69.08333,3826
Yunguyo,2012-10-02,10.05,15.48,5.9,49.0,0.04,1.89,63.75,-16.25,-69.08333,3826
Yunguyo,2012-10-03,9.7,15.65,4.73,48.82,0.02,3.72,63.84,-16.25,-69.08333,3826
Yunguyo,2012-10-04,9.73,15.14,5.83,56.37,0.97,2.78,63.79,-16.25,-69.08333,3826
Yunguyo,2012-10-05,9.39,14.63,5.28,54.97,0.06,2.22,63.63,-16.25,-69.08333,3826
Yunguyo,2012-10-06,10.35,15.01,7.12,44.85,0.0,1.42,63.59,-16.25,-69.08333,3826
Yunguyo,2012-10-07,9.95,15.11,5.66,57.66,0.0,2.99,63.74,-16.25,-69.08333,3826
Yunguyo,2012-10-08,9.18,13.67,6.0,74.24,2.08,4.01,63.85,-16.25,-69.08333,3826
Yunguyo,2012-10-09,10.37,16.2,5.58,56.14,0.19,3.33,63.79,-16.25,-69.08333,3826
Yunguyo,2012-10-10,9.93,13.37,7.46,68.96,2.67,3.32,63.69,-16.25,-69.08333,3826
Yunguyo,2012-10-11,8.71,11.61,6.17,57.63,1.8,3.19,63.7,-16.25,-69.08333,3826
Yunguyo,2012-10-12,9.24,15.1,5.32,64.66,0.0,3.74,63.78,-16.25,-69.08333,3826
Yunguyo,2012-10-13,8.83,14.1,4.85,70.17,0.0,4.32,63.83,-16.25,-69.08333,3826
Yunguyo,2012-10-14,9.26,14.62,5.09,70.29,0.02,2.98,63.84,-16.25,-69.08333,3826
Yunguyo,2012-10-15,11.37,17.44,6.5,54.05,0.0,3.17,63.76,-16.25,-69.08333,3826
Yunguyo,2012-10-16,11.21,16.6,7.16,65.25,0.13,3.98,63.8,-16.25,-69.08333,3826
Yunguyo,2012-10-17,10.63,15.42,7.37,66.66,1.2,4.01,63.83,-16.25,-69.08333,3826
Yunguyo,2012-10-18,10.42,15.78,6.63,64.59,0.0,4.27,63.83,-16.25,-69.08333,3826
Yunguyo,2012-10-19,10.65,16.29,6.61,63.3,0.0,3.4,63.73,-16.25,-69.08333,3826
Yunguyo,2012-10-20,10.93,15.88,7.64,63.71,0.0,2.93,63.71,-16.25,-69.08333,3826
Yunguyo,2012-10-21,11.64,16.43,8.79,57.9,0.0,1.81,63.65,-16.25,-69.08333,3826
Yunguyo,2012-10-22,12.33,18.2,7.22,43.19,0.0,2.62,63.58,-16.25,-69.08333,3826
Yunguyo,2012-10-23,12.05,17.62,7.56,48.31,0.0,4.3,63.62,-16.25,-69.08333,3826
Yunguyo,2012-10-24,10.86,15.95,6.82,66.53,0.04,5.32,63.73,-16.25,-69.08333,3826
Yunguyo,2012-10-25,11.51,17.05,7.73,62.18,0.01,4.52,63.76,-16.25,-69.08333,3826
Yunguyo,2012-10-26,10.49,14.67,7.08,69.93,0.0,4.4,63.79,-16.25,-69.08333,3826
Yunguyo,2012-10-27,9.72,14.0,7.08,71.96,0.02,4.48,63.84,-16.25,-69.08333,3826
Yunguyo,2012-10-28,10.17,15.56,6.01,69.94,0.0,4.74,63.84,-16.25,-69.08333,3826
Yunguyo,2012-10-29,10.37,15.75,6.39,70.31,0.96,4.76,63.85,-16.25,-69.08333,3826
Yunguyo,2012-10-30,10.43,16.3,6.38,64.65,0.38,4.41,63.82,-16.25,-69.08333,3826
Yunguyo,2012-10-31,10.32,15.63,6.16,65.72,5.34,3.56,63.79,-16.25,-69.08333,3826
Yunguyo,2012-11-01,9.78,13.37,6.93,64.0,6.06,1.81,63.77,-16.25,-69.08333,3826
Yunguyo,2012-11-02,10.78,16.02,6.45,60.5,2.0,3.72,63.7,-16.25,-69.08333,3826
Yunguyo,2012-11-03,9.48,11.81,7.32,76.74,0.7,4.02,63.73,-16.25,-69.08333,3826
Yunguyo,2012-11-04,11.02,16.28,6.93,61.89,0.01,3.06,63.7,-16.25,-69.08333,3826
Yunguyo,2012-11-05,7.63,10.11,4.3,81.78,2.59,3.19,63.66,-16.25,-69.08333,3826
Yunguyo,2012-11-06,10.08,14.28,7.05,72.24,5.62,2.83,63.6,-16.25,-69.08333,3826
Yunguyo,2012-11-07,11.1,17.6,5.62,55.09,0.25,3.46,63.58,-16.25,-69.08333,3826
Yunguyo,2012-11-08,11.7,16.52,7.44,63.34,0.0,3.3,63.56,-16.25,-69.08333,3826
Yunguyo,2012-11-09,12.85,18.6,8.49,52.2,0.0,2.54,63.53,-16.25,-69.08333,3826
Yunguyo,2012-11-10,12.17,18.19,8.17,57.28,0.0,3.43,63.67,-16.25,-69.08333,3826
Yunguyo,2012-11-11,11.46,17.38,6.68,54.35,0.0,3.67,63.85,-16.25,-69.08333,3826
Yunguyo,2012-11-12,10.52,15.26,6.77,69.33,0.0,4.62,63.91,-16.25,-69.08333,3826
Yunguyo,2012-11-13,10.63,16.67,6.29,61.5,0.0,3.6,63.86,-16.25,-69.08333,3826
Yunguyo,2012-11-14,11.26,16.9,7.7,59.62,0.0,3.56,63.8,-16.25,-69.08333,3826
Yunguyo,2012-11-15,11.29,15.78,7.71,61.15,0.81,3.27,63.68,-16.25,-69.08333,3826
Yunguyo,2012-11-16,9.66,12.34,6.84,73.59,2.32,3.88,63.7,-16.25,-69.08333,3826
Yunguyo,2012-11-17,9.93,15.04,6.17,66.01,3.23,4.41,63.82,-16.25,-69.08333,3826
Yunguyo,2012-11-18,8.81,13.26,5.81,74.16,0.3,3.55,63.82,-16.25,-69.08333,3826
Yunguyo,2012-11-19,9.76,14.02,6.12,69.96,2.19,2.31,63.74,-16.25,-69.08333,3826
Yunguyo,2012-11-20,9.15,14.1,5.72,72.42,4.95,3.88,63.71,-16.25,-69.08333,3826
Yunguyo,2012-11-21,9.31,14.33,5.3,70.24,4.99,3.07,63.72,-16.25,-69.08333,3826
Yunguyo,2012-11-22,11.81,18.12,5.4,49.99,1.05,2.64,63.65,-16.25,-69.08333,3826
Yunguyo,2012-11-23,12.51,18.31,7.32,45.37,0.81,2.64,63.65,-16.25,-69.08333,3826
Yunguyo,2012-11-24,11.9,17.24,8.57,64.88,2.16,3.41,63.68,-16.25,-69.08333,3826
Yunguyo,2012-11-25,10.54,14.39,7.26,72.19,0.62,4.19,63.74,-16.25,-69.08333,3826
Yunguyo,2012-11-26,11.65,16.87,7.32,66.61,0.0,2.85,63.81,-16.25,-69.08333,3826
Yunguyo,2012-11-27,12.71,18.54,8.26,57.0,0.0,3.08,63.75,-16.25,-69.08333,3826
Yunguyo,2012-11-28,11.9,17.99,7.78,54.18,0.03,2.59,63.67,-16.25,-69.08333,3826
Yunguyo,2012-11-29,10.14,16.19,5.79,54.65,0.06,2.57,63.75,-16.25,-69.08333,3826
Yunguyo,2012-11-30,9.48,13.92,5.61,69.32,5.39,4.7,63.76,-16.25,-69.08333,3826
Yunguyo,2012-12-01,9.48,14.69,6.06,67.19,1.16,5.4,63.82,-16.25,-69.08333,3826
Yunguyo,2012-12-02,9.59,14.4,5.79,70.55,2.19,4.32,63.76,-16.25,-69.08333,3826
Yunguyo,2012-12-03,10.26,15.94,6.18,68.49,3.3,3.92,63.71,-16.25,-69.08333,3826
Yunguyo,2012-12-04,10.02,13.97,7.16,72.95,1.15,3.37,63.7,-16.25,-69.08333,3826
Yunguyo,2012-12-05,9.64,13.9,6.6,76.57,7.38,5.14,63.64,-16.25,-69.08333,3826
Yunguyo,2012-12-06,10.83,15.31,6.94,66.26,1.42,2.79,63.51,-16.25,-69.08333,3826
Yunguyo,2012-12-07,11.28,16.28,7.94,69.45,0.38,3.93,63.53,-16.25,-69.08333,3826
Yunguyo,2012-12-08,10.27,14.96,6.89,68.75,2.22,4.52,63.74,-16.25,-69.08333,3826
Yunguyo,2012-12-09,9.7,13.29,6.44,76.97,9.32,4.81,63.8,-16.25,-69.08333,3826
Yunguyo,2012-12-10,9.91,14.41,5.97,77.94,7.83,3.72,63.66,-16.25,-69.08333,3826
Yunguyo,2012-12-11,11.27,15.86,7.54,70.21,3.72,3.24,63.56,-16.25,-69.08333,3826
Yunguyo,2012-12-12,10.16,15.12,4.11,71.87,1.93,2.14,63.54,-16.25,-69.08333,3826
Yunguyo,2012-12-13,8.96,13.82,4.11,73.25,7.61,2.48,63.56,-16.25,-69.08333,3826
Yunguyo,2012-12-14,8.13,12.93,2.86,79.7,10.26,3.59,63.58,-16.25,-69.08333,3826
Yunguyo,2012-12-15,10.13,13.54,7.51,79.38,2.24,4.94,63.56,-16.25,-69.08333,3826
Yunguyo,2012-12-16,10.36,14.38,7.27,76.06,2.64,4.63,63.59,-16.25,-69.08333,3826
Yunguyo,2012-12-17,10.68,15.24,7.36,74.78,4.04,4.46,63.55,-16.25,-69.08333,3826
Yunguyo,2012-12-18,8.31,12.81,5.09,81.28,11.07,4.34,63.58,-16.25,-69.08333,3826
Yunguyo,2012-12-19,9.21,15.09,4.63,72.05,5.3,2.53,63.59,-16.25,-69.08333,3826
Yunguyo,2012-12-20,11.4,16.68,6.7,59.88,0.06,2.37,63.56,-16.25,-69.08333,3826
Yunguyo,2012-12-21,8.21,11.68,4.74,78.8,1.08,3.26,63.64,-16.25,-69.08333,3826
Yunguyo,2012-12-22,8.83,12.73,5.55,76.62,1.09,6.03,63.81,-16.25,-69.08333,3826
Yunguyo,2012-12-23,9.44,14.78,5.27,69.89,0.44,4.65,63.8,-16.25,-69.08333,3826
Yunguyo,2012-12-24,10.1,15.18,5.95,70.2,0.59,3.82,63.71,-16.25,-69.08333,3826
Yunguyo,2012-12-25,10.92,16.03,6.83,71.4,1.45,4.09,63.58,-16.25,-69.08333,3826
Yunguyo,2012-12-26,9.94,13.95,6.42,74.43,10.94,4.84,63.61,-16.25,-69.08333,3826
Yunguyo,2012-12-27,8.68,12.94,6.09,77.58,6.32,3.79,63.62,-16.25,-69.08333,3826
Yunguyo,2012-12-28,8.23,10.66,5.79,77.75,4.09,3.29,63.57,-16.25,-69.08333,3826
Yunguyo,2012-12-29,8.85,12.23,6.52,74.98,1.68,2.05,63.62,-16.25,-69.08333,3826
Yunguyo,2012-12-30,10.52,14.9,6.72,62.44,1.39,2.05,63.7,-16.25,-69.08333,3826
Yunguyo,2012-12-31,8.73,13.05,3.62,71.7,2.43,2.81,63.76,-16.25,-69.08333,3826
Yunguyo,2013-01-01,10.03,14.83,6.03,68.53,3.97,2.99,63.76,-16.25,-69.08333,3826
Yunguyo,2013-01-02,7.01,9.99,4.43,84.43,3.12,3.01,63.82,-16.25,-69.08333,3826
Yunguyo,2013-01-03,8.98,13.06,5.28,74.96,0.06,2.96,63.89,-16.25,-69.08333,3826
Yunguyo,2013-01-04,9.88,13.92,7.08,70.3,1.04,3.83,63.91,-16.25,-69.08333,3826
Yunguyo,2013-01-05,9.38,14.08,4.7,73.35,6.62,4.17,63.82,-16.25,-69.08333,3826
Yunguyo,2013-01-06,9.11,14.43,4.14,70.25,7.77,2.99,63.69,-16.25,-69.08333,3826
Yunguyo,2013-01-07,11.27,16.06,7.22,51.69,4.55,2.39,63.64,-16.25,-69.08333,3826
Yunguyo,2013-01-08,9.83,12.94,6.91,73.02,1.19,2.3,63.72,-16.25,-69.08333,3826
Yunguyo,2013-01-09,9.28,13.41,6.66,76.04,3.02,3.95,63.84,-16.25,-69.08333,3826
Yunguyo,2013-01-10,8.92,13.92,5.18,79.25,8.28,3.65,63.88,-16.25,-69.08333,3826
Yunguyo,2013-01-11,9.27,14.15,5.41,75.23,5.39,3.94,63.73,-16.25,-69.08333,3826
Yunguyo,2013-01-12,9.77,13.91,6.74,73.56,6.6,2.98,63.61,-16.25,-69.08333,3826
Yunguyo,2013-01-13,9.49,13.37,7.07,75.87,1.75,3.8,63.71,-16.25,-69.08333,3826
Yunguyo,2013-01-14,9.25,14.55,5.35,74.03,1.81,4.58,63.73,-16.25,-69.08333,3826
Yunguyo,2013-01-15,8.9,13.74,5.43,74.77,4.14,4.52,63.65,-16.25,-69.08333,3826
Yunguyo,2013-01-16,9.76,15.04,5.74,71.94,1.46,4.46,63.56,-16.25,-69.08333,3826
Yunguyo,2013-01-17,8.09,12.38,4.02,81.09,7.75,3.81,63.73,-16.25,-69.08333,3826
Yunguyo,2013-01-18,9.19,13.54,4.8,76.83,5.62,2.82,63.78,-16.25,-69.08333,3826
Yunguyo,2013-01-19,5.09,9.58,2.52,88.94,8.22,2.55,63.81,-16.25,-69.08333,3826
Yunguyo,2013-01-20,8.06,12.5,3.4,76.59,8.09,2.77,63.74,-16.25,-69.08333,3826
Yunguyo,2013-01-21,9.05,13.31,5.18,72.72,1.7,2.8,63.75,-16.25,-69.08333,3826
Yunguyo,2013-01-22,9.25,13.94,5.77,72.62,1.69,3.12,63.87,-16.25,-69.08333,3826
Yunguyo,2013-01-23,9.46,13.73,6.53,69.2,4.0,2.42,63.9,-16.25,-69.08333,3826
Yunguyo,2013-01-24,11.38,16.33,7.07,45.94,4.22,2.48,63.82,-16.25,-69.08333,3826
Yunguyo,2013-01-25,10.53,15.8,7.16,57.87,1.42,3.85,63.81,-16.25,-69.08333,3826
Yunguyo,2013-01-26,8.35,12.02,4.08,79.54,5.85,4.58,63.84,-16.25,-69.08333,3826
Yunguyo,2013-01-27,9.52,15.34,3.81,70.11,1.53,2.95,63.93,-16.25,-69.08333,3826
Yunguyo,2013-01-28,10.41,15.42,6.8,67.18,0.35,4.23,63.94,-16.25,-69.08333,3826
Yunguyo,2013-01-29,9.45,13.89,6.29,71.58,6.69,3.86,63.91,-16.25,-69.08333,3826
Yunguyo,2013-01-30,9.3,13.39,5.55,75.94,6.18,3.41,63.81,-16.25,-69.08333,3826
Yunguyo,2013-01-31,9.62,15.37,5.39,73.43,0.65,2.76,63.69,-16.25,-69.08333,3826
Yunguyo,2013-02-01,9.91,16.06,4.98,66.99,6.32,3.53,63.77,-16.25,-69.08333,3826
Yunguyo,2013-02-02,9.8,13.73,7.19,71.7,4.74,3.84,63.88,-16.25,-69.08333,3826
Yunguyo,2013-02-03,9.0,11.51,6.65,79.97,4.34,4.61,63.9,-16.25,-69.08333,3826
Yunguyo,2013-02-04,8.87,12.43,5.93,76.6,3.09,4.83,63.82,-16.25,-69.08333,3826
Yunguyo,2013-02-05,9.33,14.57,5.28,73.32,0.43,4.43,63.79,-16.25,-69.08333,3826
Yunguyo,2013-02-06,9.97,14.94,6.04,74.41,10.44,3.38,63.74,-16.25,-69.08333,3826
Yunguyo,2013-02-07,8.08,13.62,3.17,77.82,6.07,3.2,63.71,-16.25,-69.08333,3826
Yunguyo,2013-02-08,9.53,14.88,5.06,71.46,9.79,3.11,63.64,-16.25,-69.08333,3826
Yunguyo,2013-02-09,9.51,14.37,5.8,76.15,8.48,3.23,63.62,-16.25,-69.08333,3826
Yunguyo,2013-02-10,9.39,14.98,5.28,75.08,4.47,2.38,63.6,-16.25,-69.08333,3826
Yunguyo,2013-02-11,8.96,13.32,5.02,69.56,6.63,3.38,63.57,-16.25,-69.08333,3826
Yunguyo,2013-02-12,9.56,14.5,6.03,69.25,1.94,2.34,63.53,-16.25,-69.08333,3826
Yunguyo,2013-02-13,10.67,16.24,5.85,62.86,3.43,2.71,63.55,-16.25,-69.08333,3826
Yunguyo,2013-02-14,9.49,13.65,6.15,77.79,6.02,2.98,63.66,-16.25,-69.08333,3826
Yunguyo,2013-02-15,8.56,10.51,6.52,83.36,5.36,4.02,63.74,-16.25,-69.08333,3826
Yunguyo,2013-02-16,9.07,13.74,5.03,79.67,3.92,2.68,63.69,-16.25,-69.08333,3826
Yunguyo,2013-02-17,9.19,14.41,4.48,74.42,2.12,3.03,63.72,-16.25,-69.08333,3826
Yunguyo,2013-02-18,9.66,13.87,7.26,75.85,0.97,5.25,63.75,-16.25,-69.08333,3826
Yunguyo,2013-02-19,8.95,12.93,5.84,77.6,12.67,4.66,63.75,-16.25,-69.08333,3826
Yunguyo,2013-02-20,9.44,14.26,5.89,79.14,7.06,4.27,63.68,-16.25,-69.08333,3826
Yunguyo,2013-02-21,9.62,13.64,6.46,78.85,4.81,4.8,63.72,-16.25,-69.08333,3826
Yunguyo,2013-02-22,9.37,13.25,6.35,79.89,3.12,5.57,63.86,-16.25,-69.08333,3826
Yunguyo,2013-02-23,10.01,14.86,6.02,74.18,0.41,3.96,63.84,-16.25,-69.08333,3826
Yunguyo,2013-02-24,11.34,16.56,6.77,68.74,0.12,3.18,63.74,-16.25,-69.08333,3826
Yunguyo,2013-02-25,11.4,15.8,8.64,73.03,1.39,3.82,63.68,-16.25,-69.08333,3826
Yunguyo,2013-02-26,9.96,13.81,7.17,73.67,2.47,3.59,63.8,-16.25,-69.08333,3826
Yunguyo,2013-02-27,9.73,13.48,6.72,76.4,2.38,4.46,63.84,-16.25,-69.08333,3826
Yunguyo,2013-02-28,9.75,14.16,6.7,77.57,3.04,4.69,63.8,-16.25,-69.08333,3826
Yunguyo,2013-03-01,10.48,15.78,6.46,71.4,0.39,3.49,63.75,-16.25,-69.08333,3826
Yunguyo,2013-03-02,10.76,14.34,7.79,74.78,0.16,3.82,63.77,-16.25,-69.08333,3826
Yunguyo,2013-03-03,10.18,14.16,7.08,75.8,0.29,4.66,63.95,-16.25,-69.08333,3826
Yunguyo,2013-03-04,9.99,14.35,6.34,72.64,1.42,3.69,63.95,-16.25,-69.08333,3826
Yunguyo,2013-03-05,10.35,15.56,5.86,68.12,3.25,3.63,63.87,-16.25,-69.08333,3826
Yunguyo,2013-03-06,10.87,15.47,7.03,73.5,2.98,3.19,63.83,-16.25,-69.08333,3826
Yunguyo,2013-03-07,10.18,12.83,8.03,80.28,6.48,4.7,63.88,-16.25,-69.08333,3826
Yunguyo,2013-03-08,10.32,14.89,7.34,72.47,1.02,4.44,63.94,-16.25,-69.08333,3826
Yunguyo,2013-03-09,10.33,14.79,6.55,74.06,6.5,3.01,63.89,-16.25,-69.08333,3826
Yunguyo,2013-03-10,10.96,15.81,7.17,71.26,1.99,2.62,63.79,-16.25,-69.08333,3826
Yunguyo,2013-03-11,9.18,12.77,5.49,82.04,10.16,2.71,63.71,-16.25,-69.08333,3826
Yunguyo,2013-03-12,10.33,15.39,6.04,72.85,3.2,1.86,63.73,-16.25,-69.08333,3826
Yunguyo,2013-03-13,9.95,13.26,6.8,70.83,2.02,2.26,63.76,-16.25,-69.08333,3826
Yunguyo,2013-03-14,10.45,14.74,7.23,70.88,3.78,2.84,63.73,-16.25,-69.08333,3826
Yunguyo,2013-03-15,9.53,12.9,7.29,77.74,0.95,4.18,63.81,-16.25,-69.08333,3826
Yunguyo,2013-03-16,9.16,13.62,6.0,78.61,1.66,4.43,63.85,-16.25,-69.08333,3826
Yunguyo,2013-03-17,9.7,14.17,5.8,73.88,4.33,2.95,63.88,-16.25,-69.08333,3826
Yunguyo,2013-03-18,9.8,15.09,5.21,73.5,1.95,2.82,63.82,-16.25,-69.08333,3826
Yunguyo,2013-03-19,10.79,15.39,7.58,69.9,0.0,2.59,63.7,-16.25,-69.08333,3826
Yunguyo,2013-03-20,9.99,15.03,5.83,65.07,0.17,3.27,63.69,-16.25,-69.08333,3826
Yunguyo,2013-03-21,10.73,15.81,7.05,71.09,0.14,3.53,63.74,-16.25,-69.08333,3826
Yunguyo,2013-03-22,10.27,14.63,6.55,70.21,8.71,3.46,63.86,-16.25,-69.08333,3826
Yunguyo,2013-03-23,10.53,15.22,6.65,68.45,0.68,2.12,63.8,-16.25,-69.08333,3826
Yunguyo,2013-03-24,11.0,16.39,6.82,58.42,0.35,1.77,63.6,-16.25,-69.08333,3826
Yunguyo,2013-03-25,10.16,15.72,5.28,55.84,0.91,2.59,63.61,-16.25,-69.08333,3826
Yunguyo,2013-03-26,9.75,15.28,5.44,73.64,1.47,4.19,63.77,-16.25,-69.08333,3826
Yunguyo,2013-03-27,8.0,13.08,4.42,75.87,0.06,4.03,63.86,-16.25,-69.08333,3826
Yunguyo,2013-03-28,8.68,13.47,4.83,68.76,0.02,3.21,63.83,-16.25,-69.08333,3826
Yunguyo,2013-03-29,9.42,14.21,5.17,68.77,0.01,2.75,63.82,-16.25,-69.08333,3826
Yunguyo,2013-03-30,10.46,15.62,6.52,67.89,0.0,2.82,63.83,-16.25,-69.08333,3826
Yunguyo,2013-03-31,11.42,16.22,7.58,66.13,0.0,2.7,63.81,-16.25,-69.08333,3826
Yunguyo,2013-04-01,11.4,15.42,8.36,68.2,0.07,2.59,63.86,-16.25,-69.08333,3826
Yunguyo,2013-04-02,10.31,12.95,8.02,72.41,0.32,2.74,63.88,-16.25,-69.08333,3826
Yunguyo,2013-04-03,10.59,14.52,8.16,69.76,3.62,2.7,63.83,-16.25,-69.08333,3826
Yunguyo,2013-04-04,10.73,15.47,7.2,63.62,1.08,1.77,63.79,-16.25,-69.08333,3826
Yunguyo,2013-04-05,10.95,15.51,7.09,58.78,0.16,2.33,63.83,-16.25,-69.08333,3826
Yunguyo,2013-04-06,10.01,14.0,7.48,71.24,0.36,2.46,63.85,-16.25,-69.08333,3826
Yunguyo,2013-04-07,10.04,14.05,6.91,65.94,1.04,2.55,63.82,-16.25,-69.08333,3826
Yunguyo,2013-04-08,10.06,14.25,7.01,71.34,3.67,2.57,63.8,-16.25,-69.08333,3826
Yunguyo,2013-04-09,9.33,12.62,6.83,77.0,0.46,3.09,63.81,-16.25,-69.08333,3826
Yunguyo,2013-04-10,11.33,16.11,7.81,63.15,0.01,2.28,63.73,-16.25,-69.08333,3826
Yunguyo,2013-04-11,11.82,16.87,8.14,51.77,0.76,2.14,63.65,-16.25,-69.08333,3826
Yunguyo,2013-04-12,10.67,16.11,6.7,48.7,0.08,2.11,63.73,-16.25,-69.08333,3826
Yunguyo,2013-04-13,9.36,14.5,5.38,49.0,1.69,2.51,63.82,-16.25,-69.08333,3826
Yunguyo,2013-04-14,9.33,12.96,6.03,66.52,0.02,2.25,63.85,-16.25,-69.08333,3826
Yunguyo,2013-04-15,10.05,15.25,6.31,63.9,0.0,2.54,63.91,-16.25,-69.08333,3826
Yunguyo,2013-04-16,9.51,14.34,5.63,65.25,0.07,2.81,63.9,-16.25,-69.08333,3826
Yunguyo,2013-04-17,8.13,12.42,5.03,73.62,0.99,3.65,63.88,-16.25,-69.08333,3826
Yunguyo,2013-04-18,7.94,12.94,4.56,52.5,0.09,3.19,63.84,-16.25,-69.08333,3826
Yunguyo,2013-04-19,8.59,12.89,5.16,44.2,0.96,2.18,63.89,-16.25,-69.08333,3826
Yunguyo,2013-04-20,9.26,14.53,4.94,48.08,0.11,2.22,63.89,-16.25,-69.08333,3826
Yunguyo,2013-04-21,8.92,14.12,4.93,59.28,0.0,3.01,63.91,-16.25,-69.08333,3826
Yunguyo,2013-04-22,8.73,13.93,4.61,58.02,0.0,3.14,63.92,-16.25,-69.08333,3826
Yunguyo,2013-04-23,8.17,13.3,4.4,67.85,0.0,3.33,63.9,-16.25,-69.08333,3826
Yunguyo,2013-04-24,7.98,14.07,3.18,62.89,0.0,3.11,63.9,-16.25,-69.08333,3826
Yunguyo,2013-04-25,9.48,15.3,4.7,55.02,0.0,1.97,63.87,-16.25,-69.08333,3826
Yunguyo,2013-04-26,10.1,16.36,4.77,48.25,0.0,2.37,63.82,-16.25,-69.08333,3826
Yunguyo,2013-04-27,10.56,16.53,6.02,47.87,0.01,1.67,63.73,-16.25,-69.08333,3826
Yunguyo,2013-04-28,9.63,14.42,5.62,68.9,0.0,3.64,63.75,-16.25,-69.08333,3826
Yunguyo,2013-04-29,9.49,14.14,6.5,74.53,0.01,4.13,63.83,-16.25,-69.08333,3826
Yunguyo,2013-04-30,9.16,14.54,5.36,66.18,0.0,2.98,63.89,-16.25,-69.08333,3826
Yunguyo,2013-05-01,9.08,13.79,5.74,70.54,0.0,3.26,63.92,-16.25,-69.08333,3826
Yunguyo,2013-05-02,9.1,14.32,3.46,64.28,0.1,1.93,63.95,-16.25,-69.08333,3826
Yunguyo,2013-05-03,9.84,13.88,6.44,62.42,0.01,2.36,63.87,-16.25,-69.08333,3826
Yunguyo,2013-05-04,9.69,13.93,6.74,70.17,0.19,2.16,63.86,-16.25,-69.08333,3826
Yunguyo,2013-05-05,9.13,13.52,5.67,72.7,0.6,3.13,63.96,-16.25,-69.08333,3826
Yunguyo,2013-05-06,9.25,13.61,5.67,70.35,0.02,2.2,64.02,-16.25,-69.08333,3826
Yunguyo,2013-05-07,8.69,12.85,5.65,71.73,0.0,3.94,64.07,-16.25,-69.08333,3826
Yunguyo,2013-05-08,9.54,15.24,5.2,60.0,0.0,2.07,64.02,-16.25,-69.08333,3826
Yunguyo,2013-05-09,10.3,15.51,6.12,50.45,0.0,2.09,63.95,-16.25,-69.08333,3826
Yunguyo,2013-05-10,10.79,15.78,7.19,45.76,0.0,1.99,63.86,-16.25,-69.08333,3826
Yunguyo,2013-05-11,10.57,15.33,6.88,56.91,0.01,2.52,63.81,-16.25,-69.08333,3826
Yunguyo,2013-05-12,9.04,11.73,7.12,75.66,0.23,3.55,63.79,-16.25,-69.08333,3826
Yunguyo,2013-05-13,9.35,13.56,6.57,65.91,0.02,3.15,63.81,-16.25,-69.08333,3826
Yunguyo,2013-05-14,9.45,14.23,6.28,70.48,0.0,2.3,63.83,-16.25,-69.08333,3826
Yunguyo,2013-05-15,8.7,12.93,5.09,70.01,1.36,2.4,63.81,-16.25,-69.08333,3826
Yunguyo,2013-05-16,7.3,11.93,4.23,80.82,2.12,3.84,63.78,-16.25,-69.08333,3826
Yunguyo,2013-05-17,7.27,11.34,4.99,81.77,1.41,5.23,63.79,-16.25,-69.08333,3826
Yunguyo,2013-05-18,8.6,12.58,6.0,73.44,0.6,2.52,63.9,-16.25,-69.08333,3826
Yunguyo,2013-05-19,7.73,12.28,3.85,74.72,0.32,3.14,63.97,-16.25,-69.08333,3826
Yunguyo,2013-05-20,8.55,12.92,5.59,74.68,0.04,3.21,63.9,-16.25,-69.08333,3826
Yunguyo,2013-05-21,9.7,14.78,5.54,63.3,0.0,1.98,63.79,-16.25,-69.08333,3826
Yunguyo,2013-05-22,9.11,13.57,6.12,70.67,0.0,2.39,63.8,-16.25,-69.08333,3826
Yunguyo,2013-05-23,9.61,14.12,6.32,67.75,0.07,2.13,63.82,-16.25,-69.08333,3826
Yunguyo,2013-05-24,7.22,10.96,3.21,82.57,1.96,2.62,63.89,-16.25,-69.08333,3826
Yunguyo,2013-05-25,8.38,13.37,3.7,62.19,0.19,1.42,63.85,-16.25,-69.08333,3826
Yunguyo,2013-05-26,8.65,14.25,3.9,37.9,0.0,2.78,63.82,-16.25,-69.08333,3826
Yunguyo,2013-05-27,7.74,13.6,3.31,37.66,0.0,2.46,63.78,-16.25,-69.08333,3826
Yunguyo,2013-05-28,7.89,13.85,3.4,35.28,0.0,2.13,63.68,-16.25,-69.08333,3826
Yunguyo,2013-05-29,7.43,13.67,3.03,32.74,0.28,2.8,63.69,-16.25,-69.08333,3826
Yunguyo,2013-05-30,6.8,11.91,2.63,46.01,0.65,2.34,63.8,-16.25,-69.08333,3826
Yunguyo,2013-05-31,7.82,13.49,3.25,37.68,0.08,2.61,63.73,-16.25,-69.08333,3826
Yunguyo,2013-06-01,7.16,12.09,2.76,42.9,0.01,2.62,63.79,-16.25,-69.08333,3826
Yunguyo,2013-06-02,8.02,13.25,4.34,60.59,0.41,1.38,63.92,-16.25,-69.08333,3826
Yunguyo,2013-06-03,6.0,10.45,3.08,79.62,1.99,2.99,63.99,-16.25,-69.08333,3826
Yunguyo,2013-06-04,7.28,12.45,3.61,57.08,0.0,2.05,63.93,-16.25,-69.08333,3826
Yunguyo,2013-06-05,7.62,12.43,3.78,64.2,0.0,2.19,63.82,-16.25,-69.08333,3826
Yunguyo,2013-06-06,6.0,7.96,3.68,80.61,0.53,4.79,63.88,-16.25,-69.08333,3826
Yunguyo,2013-06-07,5.97,10.94,2.58,76.0,0.02,2.81,63.92,-16.25,-69.08333,3826
Yunguyo,2013-06-08,5.6,9.37,2.4,80.64,0.73,3.81,63.95,-16.25,-69.08333,3826
Yunguyo,2013-06-09,7.01,11.48,4.01,69.27,0.05,2.19,63.9,-16.25,-69.08333,3826
Yunguyo,2013-06-10,7.25,11.29,3.62,60.24,0.0,2.56,63.89,-16.25,-69.08333,3826
Yunguyo,2013-06-11,6.58,10.18,4.1,80.02,2.23,4.0,63.87,-16.25,-69.08333,3826
Yunguyo,2013-06-12,6.07,9.39,3.35,81.87,3.09,4.6,63.88,-16.25,-69.08333,3826
Yunguyo,2013-06-13,5.98,9.94,3.9,81.13,3.73,3.49,63.82,-16.25,-69.08333,3826
Yunguyo,2013-06-14,7.1,12.13,3.63,69.28,0.07,2.47,63.8,-16.25,-69.08333,3826
Yunguyo,2013-06-15,7.41,13.24,3.23,52.59,0.0,2.6,63.79,-16.25,-69.08333,3826
Yunguyo,2013-06-16,6.31,12.28,1.41,41.61,0.25,2.65,63.77,-16.25,-69.08333,3826
Yunguyo,2013-06-17,7.23,11.8,3.91,72.92,0.57,2.72,63.75,-16.25,-69.08333,3826
Yunguyo,2013-06-18,7.4,11.57,3.88,56.93,0.04,2.4,63.72,-16.25,-69.08333,3826
Yunguyo,2013-06-19,6.43,9.16,4.46,58.79,0.01,2.06,63.69,-16.25,-69.08333,3826
Yunguyo,2013-06-20,6.79,11.35,2.99,68.91,0.1,2.69,63.66,-16.25,-69.08333,3826
Yunguyo,2013-06-21,7.54,12.63,2.82,54.46,0.59,2.95,63.72,-16.25,-69.08333,3826
Yunguyo,2013-06-22,7.72,11.86,4.32,56.6,0.1,2.5,63.7,-16.25,-69.08333,3826
Yunguyo,2013-06-23,7.1,12.0,2.53,70.8,1.3,2.87,63.74,-16.25,-69.08333,3826
Yunguyo,2013-06-24,7.49,12.88,2.92,68.97,1.08,3.71,63.74,-16.25,-69.08333,3826
Yunguyo,2013-06-25,6.41,10.97,3.16,71.06,2.0,3.34,63.74,-16.25,-69.08333,3826
Yunguyo,2013-06-26,6.91,12.91,2.37,51.63,0.12,2.44,63.81,-16.25,-69.08333,3826
Yunguyo,2013-06-27,7.17,12.52,2.25,30.41,0.07,1.86,63.95,-16.25,-69.08333,3826
Yunguyo,2013-06-28,7.12,12.65,1.97,35.39,0.01,2.73,63.92,-16.25,-69.08333,3826
Yunguyo,2013-06-29,6.14,12.39,1.77,48.57,0.15,2.74,63.83,-16.25,-69.08333,3826
Yunguyo,2013-06-30,6.67,11.49,2.58,59.22,0.81,2.0,63.8,-16.25,-69.08333,3826
Yunguyo,2013-07-01,7.09,11.55,4.31,67.06,0.4,2.37,63.85,-16.25,-69.08333,3826
Yunguyo,2013-07-02,7.04,11.49,3.75,71.68,0.04,1.97,63.8,-16.25,-69.08333,3826
Yunguyo,2013-07-03,6.6,11.0,3.17,59.41,0.0,2.65,63.77,-16.25,-69.08333,3826
Yunguyo,2013-07-04,6.08,9.32,4.09,55.72,0.74,1.71,63.84,-16.25,-69.08333,3826
Yunguyo,2013-07-05,5.75,9.03,2.43,69.48,0.57,2.41,63.95,-16.25,-69.08333,3826
Yunguyo,2013-07-06,7.11,11.55,4.14,74.4,0.06,3.35,63.88,-16.25,-69.08333,3826
Yunguyo,2013-07-07,6.74,11.69,3.91,67.0,0.0,3.47,63.89,-16.25,-69.08333,3826
Yunguyo,2013-07-08,6.43,11.15,2.72,68.25,0.0,3.5,64.01,-16.25,-69.08333,3826
Yunguyo,2013-07-09,7.93,12.26,4.83,65.84,0.88,1.75,63.96,-16.25,-69.08333,3826
Yunguyo,2013-07-10,8.01,12.8,4.19,59.18,0.0,2.17,63.9,-16.25,-69.08333,3826
Yunguyo,2013-07-11,8.09,13.16,4.23,59.68,0.0,1.62,63.83,-16.25,-69.08333,3826
Yunguyo,2013-07-12,7.68,12.5,4.27,63.43,0.0,2.68,63.82,-16.25,-69.08333,3826
Yunguyo,2013-07-13,7.17,11.31,4.69,72.37,0.0,2.82,63.78,-16.25,-69.08333,3826
Yunguyo,2013-07-14,5.55,8.77,3.22,73.71,0.0,3.28,63.86,-16.25,-69.08333,3826
Yunguyo,2013-07-15,5.3,9.48,2.48,76.72,0.02,3.54,63.92,-16.25,-69.08333,3826
Yunguyo,2013-07-16,5.73,9.9,1.96,74.33,0.0,2.46,63.91,-16.25,-69.08333,3826
Yunguyo,2013-07-17,7.26,10.76,3.82,63.5,0.0,1.13,63.89,-16.25,-69.08333,3826
Yunguyo,2013-07-18,7.65,11.13,4.72,50.28,0.05,2.42,63.87,-16.25,-69.08333,3826
Yunguyo,2013-07-19,6.97,10.65,3.71,63.53,2.02,2.93,63.8,-16.25,-69.08333,3826
Yunguyo,2013-07-20,6.38,11.63,2.28,55.9,0.06,4.19,63.74,-16.25,-69.08333,3826
Yunguyo,2013-07-21,6.35,12.53,0.92,48.14,0.0,3.42,63.68,-16.25,-69.08333,3826
Yunguyo,2013-07-22,7.92,12.99,2.99,54.4,0.06,4.03,63.74,-16.25,-69.08333,3826
Yunguyo,2013-07-23,7.8,13.03,2.71,53.75,0.07,3.75,63.71,-16.25,-69.08333,3826
Yunguyo,2013-07-24,7.13,12.16,3.44,58.65,0.01,3.01,63.73,-16.25,-69.08333,3826
Yunguyo,2013-07-25,5.94,10.8,2.5,73.2,0.0,3.41,63.87,-16.25,-69.08333,3826
Yunguyo,2013-07-26,6.61,12.15,2.86,66.52,0.0,3.23,63.98,-16.25,-69.08333,3826
Yunguyo,2013-07-27,7.75,13.35,4.11,62.03,0.0,2.22,64.01,-16.25,-69.08333,3826
Yunguyo,2013-07-28,6.83,12.74,3.16,61.84,0.0,2.94,64.0,-16.25,-69.08333,3826
Yunguyo,2013-07-29,6.51,12.53,2.89,52.88,0.0,2.66,64.05,-16.25,-69.08333,3826
Yunguyo,2013-07-30,6.99,12.97,2.69,53.48,0.0,2.02,64.02,-16.25,-69.08333,3826
Yunguyo,2013-07-31,7.46,13.33,3.87,60.5,0.01,2.95,63.88,-16.25,-69.08333,3826
Yunguyo,2013-08-01,8.26,13.68,3.7,60.57,0.0,3.4,63.79,-16.25,-69.08333,3826
Yunguyo,2013-08-02,8.51,12.83,5.41,65.21,0.0,2.42,63.85,-16.25,-69.08333,3826
Yunguyo,2013-08-03,8.55,13.69,4.85,58.57,0.0,1.39,63.9,-16.25,-69.08333,3826
Yunguyo,2013-08-04,7.6,12.66,4.16,51.96,0.01,3.93,63.96,-16.25,-69.08333,3826
Yunguyo,2013-08-05,8.07,12.77,4.36,73.66,0.0,2.43,63.92,-16.25,-69.08333,3826
Yunguyo,2013-08-06,7.08,10.31,5.05,75.47,0.02,2.26,63.96,-16.25,-69.08333,3826
Yunguyo,2013-08-07,8.29,12.62,4.78,61.73,0.0,1.7,63.85,-16.25,-69.08333,3826
Yunguyo,2013-08-08,9.13,14.11,4.28,46.14,0.03,2.5,63.7,-16.25,-69.08333,3826
Yunguyo,2013-08-09,8.97,14.53,5.38,36.65,0.48,2.4,63.72,-16.25,-69.08333,3826
Yunguyo,2013-08-10,6.76,9.79,3.19,53.37,0.21,2.25,63.86,-16.25,-69.08333,3826
Yunguyo,2013-08-11,7.79,13.67,2.82,28.29,0.0,2.84,63.8,-16.25,-69.08333,3826
Yunguyo,2013-08-12,7.73,13.84,2.83,30.97,0.0,2.15,63.7,-16.25,-69.08333,3826
Yunguyo,2013-08-13,8.14,14.11,3.49,50.63,0.13,3.5,63.71,-16.25,-69.08333,3826
Yunguyo,2013-08-14,7.49,12.3,4.19,73.62,0.07,3.49,63.86,-16.25,-69.08333,3826
Yunguyo,2013-08-15,8.05,14.09,3.21,48.23,0.0,2.05,63.84,-16.25,-69.08333,3826
Yunguyo,2013-08-16,8.12,14.35,3.53,38.68,0.0,2.78,63.85,-16.25,-69.08333,3826
Yunguyo,2013-08-17,6.66,12.6,2.09,65.62,0.0,2.81,63.9,-16.25,-69.08333,3826
Yunguyo,2013-08-18,7.8,14.24,3.42,62.43,0.0,2.43,63.83,-16.25,-69.08333,3826
Yunguyo,2013-08-19,7.96,14.24,3.23,58.07,0.0,2.3,63.83,-16.25,-69.08333,3826
Yunguyo,2013-08-20,7.98,13.8,4.41,63.34,0.0,2.96,63.82,-16.25,-69.08333,3826
Yunguyo,2013-08-21,9.3,14.94,4.9,59.46,0.0,2.42,63.77,-16.25,-69.08333,3826
Yunguyo,2013-08-22,9.09,13.86,5.55,59.77,1.12,2.37,63.67,-16.25,-69.08333,3826
Yunguyo,2013-08-23,5.08,7.29,1.69,82.46,1.72,2.93,63.55,-16.25,-69.08333,3826
Yunguyo,2013-08-24,5.09,8.35,1.51,85.44,5.29,5.39,63.5,-16.25,-69.08333,3826
Yunguyo,2013-08-25,5.86,10.74,2.16,45.07,1.71,6.39,63.8,-16.25,-69.08333,3826
Yunguyo,2013-08-26,7.22,13.66,1.67,25.47,0.0,3.35,63.83,-16.25,-69.08333,3826
Yunguyo,2013-08-27,6.17,11.96,1.21,38.04,0.0,3.65,63.85,-16.25,-69.08333,3826
Yunguyo,2013-08-28,3.91,9.18,0.81,57.34,3.62,4.4,63.98,-16.25,-69.08333,3826
Yunguyo,2013-08-29,5.26,11.34,0.68,48.49,1.46,2.72,63.95,-16.25,-69.08333,3826
Yunguyo,2013-08-30,6.17,11.7,1.35,61.97,0.22,2.29,63.91,-16.25,-69.08333,3826
Yunguyo,2013-08-31,8.01,13.47,3.6,51.07,0.0,2.02,63.84,-16.25,-69.08333,3826
Yunguyo,2013-09-01,8.03,14.7,3.0,36.54,0.0,3.04,63.8,-16.25,-69.08333,3826
Yunguyo,2013-09-02,6.78,13.49,1.13,29.41,0.0,4.67,63.81,-16.25,-69.08333,3826
Yunguyo,2013-09-03,7.22,13.1,2.41,38.41,0.0,3.38,63.85,-16.25,-69.08333,3826
Yunguyo,2013-09-04,6.91,11.76,3.05,72.32,0.0,3.98,63.96,-16.25,-69.08333,3826
Yunguyo,2013-09-05,8.23,13.44,4.37,61.11,0.0,2.41,63.97,-16.25,-69.08333,3826
Yunguyo,2013-09-06,8.98,14.7,3.81,54.02,0.0,3.26,63.96,-16.25,-69.08333,3826
Yunguyo,2013-09-07,8.9,14.87,4.19,56.55,0.0,2.52,63.96,-16.25,-69.08333,3826
Yunguyo,2013-09-08,8.37,13.52,4.88,63.6,0.0,3.53,63.97,-16.25,-69.08333,3826
Yunguyo,2013-09-09,6.97,11.17,3.93,66.85,0.0,4.38,64.04,-16.25,-69.08333,3826
Yunguyo,2013-09-10,7.57,12.61,3.53,61.66,0.0,2.66,63.97,-16.25,-69.08333,3826
Yunguyo,2013-09-11,8.79,13.99,4.74,61.78,0.0,2.19,63.78,-16.25,-69.08333,3826
Yunguyo,2013-09-12,9.38,14.51,5.63,60.96,0.06,2.69,63.6,-16.25,-69.08333,3826
Yunguyo,2013-09-13,8.71,14.05,5.6,67.68,1.65,3.38,63.57,-16.25,-69.08333,3826
Yunguyo,2013-09-14,8.6,14.04,5.27,62.37,1.28,3.31,63.64,-16.25,-69.08333,3826
Yunguyo,2013-09-15,9.74,15.52,5.13,56.63,0.04,2.56,63.72,-16.25,-69.08333,3826
Yunguyo,2013-09-16,9.78,16.21,5.04,31.53,0.2,2.68,63.71,-16.25,-69.08333,3826
Yunguyo,2013-09-17,8.98,14.9,2.99,34.52,0.21,3.21,63.72,-16.25,-69.08333,3826
Yunguyo,2013-09-18,9.83,15.08,5.31,49.32,0.02,3.42,63.75,-16.25,-69.08333,3826
Yunguyo,2013-09-19,9.82,14.52,6.16,59.99,0.0,3.03,63.89,-16.25,-69.08333,3826
Yunguyo,2013-09-20,10.5,15.21,6.46,54.29,0.52,2.92,63.75,-16.25,-69.08333,3826
Yunguyo,2013-09-21,10.16,15.65,5.37,49.29,0.03,2.94,63.68,-16.25,-69.08333,3826
Yunguyo,2013-09-22,9.99,16.19,4.24,51.58,0.0,3.84,63.82,-16.25,-69.08333,3826
Yunguyo,2013-09-23,9.86,15.88,7.08,72.34,1.73,4.05,63.9,-16.25,-69.08333,3826
Yunguyo,2013-09-24,9.19,13.3,6.48,71.22,2.48,3.08,63.86,-16.25,-69.08333,3826
Yunguyo,2013-09-25,9.66,15.08,6.04,63.61,1.22,2.58,63.77,-16.25,-69.08333,3826
Yunguyo,2013-09-26,9.62,14.88,6.43,69.39,0.06,3.34,63.75,-16.25,-69.08333,3826
Yunguyo,2013-09-27,11.21,16.77,7.12,53.06,0.0,1.78,63.74,-16.25,-69.08333,3826
Yunguyo,2013-09-28,9.51,14.36,5.59,48.2,0.0,2.89,63.82,-16.25,-69.08333,3826
Yunguyo,2013-09-29,9.94,14.54,6.0,61.0,0.02,2.79,63.84,-16.25,-69.08333,3826
Yunguyo,2013-09-30,10.19,15.43,5.43,54.99,0.53,2.09,63.73,-16.25,-69.08333,3826
Yunguyo,2013-10-01,10.44,15.57,6.04,52.7,0.25,2.59,63.62,-16.25,-69.08333,3826
Yunguyo,2013-10-02,9.23,13.26,6.76,46.56,0.19,1.84,63.74,-16.25,-69.08333,3826
Yunguyo,2013-10-03,9.94,14.85,5.43,48.69,0.01,2.96,63.78,-16.25,-69.08333,3826
Yunguyo,2013-10-04,9.5,13.95,6.25,71.12,0.41,3.51,63.8,-16.25,-69.08333,3826
Yunguyo,2013-10-05,9.64,14.94,5.02,64.39,0.5,2.49,63.76,-16.25,-69.08333,3826
Yunguyo,2013-10-06,9.34,14.13,5.37,59.62,0.05,1.85,63.8,-16.25,-69.08333,3826
Yunguyo,2013-10-07,10.0,15.09,6.15,48.66,0.0,2.59,63.82,-16.25,-69.08333,3826
Yunguyo,2013-10-08,10.05,15.6,5.46,62.02,0.0,3.07,63.83,-16.25,-69.08333,3826
Yunguyo,2013-10-09,10.1,15.64,6.88,63.68,0.0,3.23,63.81,-16.25,-69.08333,3826
Yunguyo,2013-10-10,9.79,14.15,6.53,62.13,1.72,3.48,63.79,-16.25,-69.08333,3826
Yunguyo,2013-10-11,9.88,15.24,5.63,61.29,0.48,2.94,63.69,-16.25,-69.08333,3826
Yunguyo,2013-10-12,9.89,14.68,5.83,66.03,0.05,3.51,63.68,-16.25,-69.08333,3826
Yunguyo,2013-10-13,8.2,11.72,2.61,72.76,10.1,2.75,63.7,-16.25,-69.08333,3826
Yunguyo,2013-10-14,7.33,13.3,2.16,60.14,5.22,3.61,63.74,-16.25,-69.08333,3826
Yunguyo,2013-10-15,8.85,13.92,3.5,63.47,3.44,2.96,63.79,-16.25,-69.08333,3826
Yunguyo,2013-10-16,10.39,15.55,6.22,65.0,0.18,3.23,63.81,-16.25,-69.08333,3826
Yunguyo,2013-10-17,11.13,16.04,7.36,62.34,0.0,2.46,63.8,-16.25,-69.08333,3826
Yunguyo,2013-10-18,11.36,16.13,7.81,64.43,0.06,3.01,63.76,-16.25,-69.08333,3826
Yunguyo,2013-10-19,12.23,18.37,8.06,56.87,0.01,3.25,63.71,-16.25,-69.08333,3826
Yunguyo,2013-10-20,12.51,17.92,8.32,55.05,0.0,2.12,63.73,-16.25,-69.08333,3826
Yunguyo,2013-10-21,12.05,18.11,7.8,56.3,0.0,4.56,63.74,-16.25,-69.08333,3826
Yunguyo,2013-10-22,10.95,16.18,6.25,54.88,0.37,3.34,63.74,-16.25,-69.08333,3826
Yunguyo,2013-10-23,11.53,16.12,8.06,53.61,0.03,3.55,63.66,-16.25,-69.08333,3826
Yunguyo,2013-10-24,9.65,14.1,6.59,65.12,1.46,4.9,63.77,-16.25,-69.08333,3826
Yunguyo,2013-10-25,8.3,11.26,5.79,76.76,7.25,3.0,63.87,-16.25,-69.08333,3826
Yunguyo,2013-10-26,10.29,14.97,6.54,68.09,0.12,3.47,63.79,-16.25,-69.08333,3826
Yunguyo,2013-10-27,9.84,13.5,7.06,75.49,1.33,5.3,63.76,-16.25,-69.08333,3826
Yunguyo,2013-10-28,9.09,13.37,6.22,75.09,10.33,2.82,63.78,-16.25,-69.08333,3826
Yunguyo,2013-10-29,10.97,17.03,4.92,58.23,0.52,2.67,63.72,-16.25,-69.08333,3826
Yunguyo,2013-10-30,9.57,13.76,6.67,68.34,1.65,3.41,63.66,-16.25,-69.08333,3826
Yunguyo,2013-10-31,10.23,16.31,3.26,67.68,0.72,2.44,63.56,-16.25,-69.08333,3826
Yunguyo,2013-11-01,9.08,14.6,3.17,59.88,1.21,3.78,63.58,-16.25,-69.08333,3826
Yunguyo,2013-11-02,9.95,14.27,6.62,66.85,0.47,4.44,63.62,-16.25,-69.08333,3826
Yunguyo,2013-11-03,8.78,12.26,5.13,77.59,2.16,5.22,63.68,-16.25,-69.08333,3826
Yunguyo,2013-11-04,10.23,17.03,4.22,62.99,0.51,2.5,63.66,-16.25,-69.08333,3826
Yunguyo,2013-11-05,9.41,15.22,5.09,63.04,0.07,4.42,63.71,-16.25,-69.08333,3826
Yunguyo,2013-11-06,9.76,15.92,4.83,54.03,0.0,3.76,63.77,-16.25,-69.08333,3826
Yunguyo,2013-11-07,11.06,17.59,5.85,45.67,0.0,3.16,63.74,-16.25,-69.08333,3826
Yunguyo,2013-11-08,10.68,16.75,6.09,50.37,0.0,3.7,63.73,-16.25,-69.08333,3826
Yunguyo,2013-11-09,11.07,17.26,6.14,45.7,0.0,3.2,63.63,-16.25,-69.08333,3826
Yunguyo,2013-11-10,12.43,18.06,7.49,43.65,0.0,2.11,63.55,-16.25,-69.08333,3826
Yunguyo,2013-11-11,11.72,17.47,6.51,41.71,1.2,3.26,63.63,-16.25,-69.08333,3826
Yunguyo,2013-11-12,8.8,11.49,4.85,75.07,2.69,3.3,63.68,-16.25,-69.08333,3826
Yunguyo,2013-11-13,8.44,12.57,4.71,73.51,0.4,4.27,63.81,-16.25,-69.08333,3826
Yunguyo,2013-11-14,10.31,14.24,6.34,67.03,0.16,3.16,63.79,-16.25,-69.08333,3826
Yunguyo,2013-11-15,12.17,17.19,8.03,62.87,0.01,3.01,63.76,-16.25,-69.08333,3826
Yunguyo,2013-11-16,10.44,15.61,5.2,72.75,1.23,3.33,63.77,-16.25,-69.08333,3826
Yunguyo,2013-11-17,9.43,15.99,2.98,72.37,0.15,2.29,63.7,-16.25,-69.08333,3826
Yunguyo,2013-11-18,11.04,15.72,7.31,66.29,0.0,3.28,63.49,-16.25,-69.08333,3826
Yunguyo,2013-11-19,10.23,15.95,4.45,59.68,0.1,2.61,63.5,-16.25,-69.08333,3826
Yunguyo,2013-11-20,10.34,16.36,5.04,50.7,1.75,3.82,63.64,-16.25,-69.08333,3826
Yunguyo,2013-11-21,7.56,10.86,3.49,85.64,2.86,4.86,63.73,-16.25,-69.08333,3826
Yunguyo,2013-11-22,8.02,12.98,3.34,76.25,2.97,3.76,63.66,-16.25,-69.08333,3826
Yunguyo,2013-11-23,10.07,15.99,5.33,58.86,0.29,2.65,63.52,-16.25,-69.08333,3826
Yunguyo,2013-11-24,11.25,16.54,6.74,63.14,0.0,2.98,63.53,-16.25,-69.08333,3826
Yunguyo,2013-11-25,12.04,17.78,7.68,60.31,0.35,3.03,63.62,-16.25,-69.08333,3826
Yunguyo,2013-11-26,11.24,16.18,7.28,57.77,0.33,3.39,63.63,-16.25,-69.08333,3826
Yunguyo,2013-11-27,11.85,17.64,7.39,55.5,0.01,3.11,63.58,-16.25,-69.08333,3826
Yunguyo,2013-11-28,12.15,17.41,7.83,53.67,0.0,2.93,63.65,-16.25,-69.08333,3826
Yunguyo,2013-11-29,11.06,15.8,7.48,65.02,0.0,2.97,63.68,-16.25,-69.08333,3826
Yunguyo,2013-11-30,10.42,15.99,6.85,60.73,0.92,4.74,63.72,-16.25,-69.08333,3826
Yunguyo,2013-12-01,10.72,16.72,6.51,60.54,0.14,4.33,63.77,-16.25,-69.08333,3826
Yunguyo,2013-12-02,10.65,15.31,7.19,60.58,0.0,5.05,63.85,-16.25,-69.08333,3826
Yunguyo,2013-12-03,9.71,14.82,6.41,69.73,0.24,6.93,63.92,-16.25,-69.08333,3826
Yunguyo,2013-12-04,9.18,12.48,5.88,73.92,0.38,4.49,63.83,-16.25,-69.08333,3826
Yunguyo,2013-12-05,11.73,17.2,7.57,63.46,0.0,3.21,63.75,-16.25,-69.08333,3826
Yunguyo,2013-12-06,10.84,15.16,8.34,67.73,1.43,3.65,63.68,-16.25,-69.08333,3826
Yunguyo,2013-12-07,10.19,14.86,7.3,68.6,4.82,4.23,63.69,-16.25,-69.08333,3826
Yunguyo,2013-12-08,9.81,14.84,6.2,69.2,13.78,2.83,63.66,-16.25,-69.08333,3826
Yunguyo,2013-12-09,9.62,14.43,5.75,72.74,5.14,2.89,63.68,-16.25,-69.08333,3826
Yunguyo,2013-12-10,9.94,13.3,7.12,79.26,5.94,4.7,63.71,-16.25,-69.08333,3826
Yunguyo,2013-12-11,8.43,12.71,5.56,75.57,4.26,2.76,63.73,-16.25,-69.08333,3826
Yunguyo,2013-12-12,9.81,15.36,5.98,65.75,2.93,2.48,63.64,-16.25,-69.08333,3826
Yunguyo,2013-12-13,10.45,16.41,4.69,61.37,1.43,2.83,63.53,-16.25,-69.08333,3826
Yunguyo,2013-12-14,7.09,12.16,3.31,79.06,7.86,2.49,63.62,-16.25,-69.08333,3826
Yunguyo,2013-12-15,8.45,12.95,3.42,79.59,4.34,3.69,63.68,-16.25,-69.08333,3826
Yunguyo,2013-12-16,9.32,15.02,3.04,67.23,7.9,2.91,63.7,-16.25,-69.08333,3826
Yunguyo,2013-12-17,10.97,15.76,6.69,55.07,2.85,3.21,63.63,-16.25,-69.08333,3826
Yunguyo,2013-12-18,9.92,15.43,4.39,65.58,3.61,4.37,63.6,-16.25,-69.08333,3826
Yunguyo,2013-12-19,7.89,14.99,2.23,76.85,0.77,2.45,63.62,-16.25,-69.08333,3826
Yunguyo,2013-12-20,9.3,15.13,3.97,73.51,1.52,4.1,63.57,-16.25,-69.08333,3826
Yunguyo,2013-12-21,9.66,14.98,4.4,68.08,8.36,4.01,63.63,-16.25,-69.08333,3826
Yunguyo,2013-12-22,9.78,14.5,6.22,73.91,8.63,3.56,63.66,-16.25,-69.08333,3826
Yunguyo,2013-12-23,8.96,14.58,4.41,73.86,5.42,3.0,63.68,-16.25,-69.08333,3826
Yunguyo,2013-12-24,8.94,14.88,4.51,70.74,5.03,2.97,63.6,-16.25,-69.08333,3826
Yunguyo,2013-12-25,9.14,13.45,5.11,68.14,4.02,2.97,63.63,-16.25,-69.08333,3826
Yunguyo,2013-12-26,10.25,14.95,6.63,68.9,1.6,3.35,63.74,-16.25,-69.08333,3826
Yunguyo,2013-12-27,9.96,13.36,7.31,77.45,1.59,4.16,63.84,-16.25,-69.08333,3826
Yunguyo,2013-12-28,10.84,15.23,7.24,68.39,0.31,3.72,63.81,-16.25,-69.08333,3826
Yunguyo,2013-12-29,11.21,14.74,8.38,71.18,10.28,2.31,63.71,-16.25,-69.08333,3826
Yunguyo,2013-12-30,8.71,10.49,7.44,78.54,10.01,1.76,63.69,-16.25,-69.08333,3826
Yunguyo,2013-12-31,10.54,15.02,6.93,62.38,7.96,3.16,63.61,-16.25,-69.08333,3826
Yunguyo,2014-01-01,8.32,12.14,4.45,66.16,1.33,2.84,63.62,-16.25,-69.08333,3826
Yunguyo,2014-01-02,11.04,16.61,6.75,64.26,2.36,2.48,63.52,-16.25,-69.08333,3826
Yunguyo,2014-01-03,10.89,16.32,6.7,64.15,2.35,2.56,63.59,-16.25,-69.08333,3826
Yunguyo,2014-01-04,7.69,11.13,4.33,85.8,2.95,4.62,63.77,-16.25,-69.08333,3826
Yunguyo,2014-01-05,10.27,14.7,7.02,73.93,2.04,3.89,63.83,-16.25,-69.08333,3826
Yunguyo,2014-01-06,10.22,14.37,7.3,76.98,4.84,4.43,63.74,-16.25,-69.08333,3826
Yunguyo,2014-01-07,9.22,11.96,7.17,77.92,2.67,4.51,63.66,-16.25,-69.08333,3826
Yunguyo,2014-01-08,9.94,14.47,6.46,72.42,1.34,3.45,63.7,-16.25,-69.08333,3826
Yunguyo,2014-01-09,9.9,14.35,6.04,71.63,1.75,3.64,63.72,-16.25,-69.08333,3826
Yunguyo,2014-01-10,10.49,15.61,6.15,69.81,0.17,4.11,63.64,-16.25,-69.08333,3826
Yunguyo,2014-01-11,10.21,14.91,6.56,72.34,1.82,4.87,63.79,-16.25,-69.08333,3826
Yunguyo,2014-01-12,8.9,11.62,6.79,76.01,1.84,4.6,63.92,-16.25,-69.08333,3826
Yunguyo,2014-01-13,9.68,15.28,5.46,70.84,0.05,4.29,63.9,-16.25,-69.08333,3826
Yunguyo,2014-01-14,9.86,15.58,5.41,68.49,2.24,4.42,63.85,-16.25,-69.08333,3826
Yunguyo,2014-01-15,9.17,13.51,5.98,74.13,7.63,3.93,63.75,-16.25,-69.08333,3826
Yunguyo,2014-01-16,6.68,10.32,3.11,85.81,17.53,3.04,63.74,-16.25,-69.08333,3826
Yunguyo,2014-01-17,7.79,13.27,2.29,78.92,9.79,2.49,63.75,-16.25,-69.08333,3826
Yunguyo,2014-01-18,9.05,13.26,5.26,77.54,9.71,1.79,63.81,-16.25,-69.08333,3826
Yunguyo,2014-01-19,9.12,12.66,5.33,77.82,4.57,2.85,63.81,-16.25,-69.08333,3826
Yunguyo,2014-01-20,10.5,14.75,6.62,72.6,1.26,2.54,63.73,-16.25,-69.08333,3826
Yunguyo,2014-01-21,11.98,15.74,8.55,63.5,7.55,1.78,63.67,-16.25,-69.08333,3826
Yunguyo,2014-01-22,8.12,11.3,4.05,80.08,2.5,3.04,63.64,-16.25,-69.08333,3826
Yunguyo,2014-01-23,8.33,13.31,3.3,75.07,3.07,2.53,63.65,-16.25,-69.08333,3826
Yunguyo,2014-01-24,10.21,16.37,4.8,59.03,4.29,3.53,63.59,-16.25,-69.08333,3826
Yunguyo,2014-01-25,9.72,16.68,3.97,54.19,6.06,4.27,63.57,-16.25,-69.08333,3826
Yunguyo,2014-01-26,8.41,14.0,4.35,66.97,1.57,2.7,63.6,-16.25,-69.08333,3826
Yunguyo,2014-01-27,8.38,14.17,3.52,75.53,3.52,2.41,63.62,-16.25,-69.08333,3826
Yunguyo,2014-01-28,9.16,14.7,3.13,72.7,5.89,3.64,63.6,-16.25,-69.08333,3826
Yunguyo,2014-01-29,9.06,12.56,6.9,81.36,7.45,5.0,63.57,-16.25,-69.08333,3826
Yunguyo,2014-01-30,9.33,13.76,6.33,77.26,5.21,4.24,63.63,-16.25,-69.08333,3826
Yunguyo,2014-01-31,8.44,11.71,5.89,80.93,4.59,3.74,63.68,-16.25,-69.08333,3826
Yunguyo,2014-02-01,9.19,14.4,4.22,76.74,12.12,3.56,63.63,-16.25,-69.08333,3826
Yunguyo,2014-02-02,9.99,15.96,4.03,62.17,5.57,2.49,63.59,-16.25,-69.08333,3826
Yunguyo,2014-02-03,11.67,17.99,6.07,46.69,0.3,2.45,63.59,-16.25,-69.08333,3826
Yunguyo,2014-02-04,10.0,15.17,5.62,48.43,3.45,3.05,63.59,-16.25,-69.08333,3826
Yunguyo,2014-02-05,9.32,13.06,6.57,74.77,3.3,3.35,63.62,-16.25,-69.08333,3826
Yunguyo,2014-02-06,8.54,12.49,5.21,76.38,3.31,3.18,63.6,-16.25,-69.08333,3826
Yunguyo,2014-02-07,8.44,12.75,4.9,77.04,4.46,3.82,63.65,-16.25,-69.08333,3826
Yunguyo,2014-02-08,8.59,12.87,4.65,82.21,8.16,3.58,63.63,-16.25,-69.08333,3826
Yunguyo,2014-02-09,10.18,15.74,5.28,62.29,4.05,2.94,63.6,-16.25,-69.08333,3826
Yunguyo,2014-02-10,9.39,14.93,5.35,66.08,5.11,3.14,63.67,-16.25,-69.08333,3826
Yunguyo,2014-02-11,7.32,9.84,4.78,80.42,2.33,3.23,63.69,-16.25,-69.08333,3826
Yunguyo,2014-02-12,8.99,14.36,4.64,77.22,3.06,2.82,63.64,-16.25,-69.08333,3826
Yunguyo,2014-02-13,9.36,13.88,4.54,66.27,1.43,3.24,63.63,-16.25,-69.08333,3826
Yunguyo,2014-02-14,8.54,13.43,4.01,75.37,8.52,3.49,63.73,-16.25,-69.08333,3826
Yunguyo,2014-02-15,8.07,11.61,5.16,78.94,0.36,4.16,63.8,-16.25,-69.08333,3826
Yunguyo,2014-02-16,10.28,15.08,6.17,66.79,0.16,2.05,63.7,-16.25,-69.08333,3826
Yunguyo,2014-02-17,9.57,13.81,6.15,75.47,0.08,3.96,63.68,-16.25,-69.08333,3826
Yunguyo,2014-02-18,9.53,13.49,6.79,76.76,1.06,3.46,63.66,-16.25,-69.08333,3826
Yunguyo,2014-02-19,10.07,14.91,4.96,74.53,0.74,3.01,63.62,-16.25,-69.08333,3826
Yunguyo,2014-02-20,9.03,12.46,5.04,80.54,2.18,3.61,63.6,-16.25,-69.08333,3826
Yunguyo,2014-02-21,9.18,12.98,7.11,77.01,0.3,2.72,63.67,-16.25,-69.08333,3826
Yunguyo,2014-02-22,9.04,13.59,4.71,79.93,0.07,3.54,63.72,-16.25,-69.08333,3826
Yunguyo,2014-02-23,10.68,15.17,6.86,74.23,0.01,3.82,63.72,-16.25,-69.08333,3826
Yunguyo,2014-02-24,10.38,13.98,7.86,73.46,0.0,3.21,63.77,-16.25,-69.08333,3826
Yunguyo,2014-02-25,10.68,14.59,7.64,66.45,0.0,2.93,63.77,-16.25,-69.08333,3826
Yunguyo,2014-02-26,10.23,14.44,7.26,67.84,0.19,3.96,63.85,-16.25,-69.08333,3826
Yunguyo,2014-02-27,10.19,14.41,6.58,70.2,0.08,3.62,63.9,-16.25,-69.08333,3826
Yunguyo,2014-02-28,11.58,16.8,7.7,65.73,0.0,2.79,63.8,-16.25,-69.08333,3826
Yunguyo,2014-03-01,11.89,16.68,8.28,63.88,0.69,2.03,63.73,-16.25,-69.08333,3826
Yunguyo,2014-03-02,10.97,16.31,5.92,65.37,3.6,1.84,63.67,-16.25,-69.08333,3826
Yunguyo,2014-03-03,9.93,15.85,5.21,65.09,0.93,3.53,63.66,-16.25,-69.08333,3826
Yunguyo,2014-03-04,9.57,15.27,6.09,66.33,0.03,4.23,63.73,-16.25,-69.08333,3826
Yunguyo,2014-03-05,9.67,14.12,6.12,77.04,0.22,5.16,63.81,-16.25,-69.08333,3826
Yunguyo,2014-03-06,10.42,15.56,6.48,73.92,0.01,3.97,63.87,-16.25,-69.08333,3826
Yunguyo,2014-03-07,10.78,16.11,7.21,70.98,5.24,4.28,63.85,-16.25,-69.08333,3826
Yunguyo,2014-03-08,10.18,14.96,7.3,71.71,2.06,4.65,63.89,-16.25,-69.08333,3826
Yunguyo,2014-03-09,11.04,16.6,7.02,65.5,0.83,2.29,63.82,-16.25,-69.08333,3826
Yunguyo,2014-03-10,11.04,17.08,6.25,62.87,0.06,3.33,63.77,-16.25,-69.08333,3826
Yunguyo,2014-03-11,10.68,15.35,7.19,69.67,3.34,3.3,63.7,-16.25,-69.08333,3826
Yunguyo,2014-03-12,9.1,13.41,6.3,78.07,1.98,4.52,63.75,-16.25,-69.08333,3826
Yunguyo,2014-03-13,9.99,14.85,6.13,75.58,0.15,4.56,63.77,-16.25,-69.08333,3826
Yunguyo,2014-03-14,10.69,14.83,7.08,73.4,0.19,3.32,63.73,-16.25,-69.08333,3826
Yunguyo,2014-03-15,9.78,12.56,7.51,78.14,2.53,2.93,63.67,-16.25,-69.08333,3826
Yunguyo,2014-03-16,10.27,14.36,7.5,75.74,4.6,4.13,63.67,-16.25,-69.08333,3826
Yunguyo,2014-03-17,10.14,13.94,7.22,77.04,11.37,4.28,63.62,-16.25,-69.08333,3826
Yunguyo,2014-03-18,8.83,13.46,4.03,79.65,3.62,3.56,63.7,-16.25,-69.08333,3826
Yunguyo,2014-03-19,9.26,15.35,3.79,70.78,1.46,1.72,63.71,-16.25,-69.08333,3826
Yunguyo,2014-03-20,11.38,16.67,7.08,60.67,1.13,2.56,63.62,-16.25,-69.08333,3826
Yunguyo,2014-03-21,10.71,14.37,8.25,72.01,0.6,2.63,63.77,-16.25,-69.08333,3826
Yunguyo,2014-03-22,9.97,13.24,7.77,77.8,0.1,4.46,63.95,-16.25,-69.08333,3826
Yunguyo,2014-03-23,9.69,13.83,6.78,75.55,0.87,4.29,63.92,-16.25,-69.08333,3826
Yunguyo,2014-03-24,10.55,15.48,7.1,71.94,0.12,2.86,63.81,-16.25,-69.08333,3826
Yunguyo,2014-03-25,9.86,14.4,6.62,73.65,2.01,3.76,63.84,-16.25,-69.08333,3826
Yunguyo,2014-03-26,8.66,13.12,5.87,80.35,9.96,4.32,63.88,-16.25,-69.08333,3826
Yunguyo,2014-03-27,9.08,14.24,5.56,76.99,11.36,3.25,63.77,-16.25,-69.08333,3826
Yunguyo,2014-03-28,9.84,15.97,5.41,64.06,2.13,2.59,63.61,-16.25,-69.08333,3826
Yunguyo,2014-03-29,8.57,16.18,1.88,43.98,0.68,4.19,63.56,-16.25,-69.08333,3826
Yunguyo,2014-03-30,7.86,14.48,1.58,40.16,0.62,2.91,63.62,-16.25,-69.08333,3826
Yunguyo,2014-03-31,7.96,12.13,4.68,65.67,0.27,3.39,63.83,-16.25,-69.08333,3826
Yunguyo,2014-04-01,8.16,12.03,5.53,77.63,0.77,3.89,63.97,-16.25,-69.08333,3826
Yunguyo,2014-04-02,8.83,13.66,5.59,77.47,0.12,4.51,63.97,-16.25,-69.08333,3826
Yunguyo,2014-04-03,9.31,14.23,5.66,76.08,0.0,3.78,63.93,-16.25,-69.08333,3826
Yunguyo,2014-04-04,8.75,13.59,4.27,77.52,3.88,4.09,63.99,-16.25,-69.08333,3826
Yunguyo,2014-04-05,8.32,12.21,5.28,75.11,0.64,4.62,64.0,-16.25,-69.08333,3826
Yunguyo,2014-04-06,9.92,15.16,5.83,67.72,0.88,3.74,63.92,-16.25,-69.08333,3826
Yunguyo,2014-04-07,10.4,15.03,7.86,71.49,0.7,2.92,63.9,-16.25,-69.08333,3826
Yunguyo,2014-04-08,10.8,15.9,7.53,66.34,1.07,2.99,63.9,-16.25,-69.08333,3826
Yunguyo,2014-04-09,9.54,14.11,6.38,64.28,1.68,3.17,63.88,-16.25,-69.08333,3826
Yunguyo,2014-04-10,9.83,14.22,6.22,55.83,2.19,1.89,63.8,-16.25,-69.08333,3826
Yunguyo,2014-04-11,10.56,15.87,6.59,58.94,0.41,2.15,63.77,-16.25,-69.08333,3826
Yunguyo,2014-04-12,10.07,14.4,6.53,72.72,0.49,3.54,63.8,-16.25,-69.08333,3826
Yunguyo,2014-04-13,7.26,9.4,5.75,85.25,2.1,3.79,63.89,-16.25,-69.08333,3826
Yunguyo,2014-04-14,8.65,13.06,5.33,78.05,0.1,2.56,63.84,-16.25,-69.08333,3826
Yunguyo,2014-04-15,9.36,14.26,5.75,72.32,0.0,3.48,63.81,-16.25,-69.08333,3826
Yunguyo,2014-04-16,10.43,15.34,6.66,65.1,0.0,2.5,63.75,-16.25,-69.08333,3826
Yunguyo,2014-04-17,9.42,13.46,6.81,73.11,1.31,3.13,63.79,-16.25,-69.08333,3826
Yunguyo,2014-04-18,9.37,13.79,6.16,70.16,0.24,2.84,63.81,-16.25,-69.08333,3826
Yunguyo,2014-04-19,9.45,13.17,6.92,73.5,0.58,2.95,63.9,-16.25,-69.08333,3826
Yunguyo,2014-04-20,9.17,13.17,6.53,64.57,2.32,2.99,63.98,-16.25,-69.08333,3826
Yunguyo,2014-04-21,8.92,13.29,6.1,66.44,0.82,2.02,63.87,-16.25,-69.08333,3826
Yunguyo,2014-04-22,9.03,13.34,5.7,68.47,0.33,3.18,63.79,-16.25,-69.08333,3826
Yunguyo,2014-04-23,8.57,12.92,5.49,76.12,1.09,3.24,63.86,-16.25,-69.08333,3826
Yunguyo,2014-04-24,8.11,12.8,5.18,77.05,0.65,2.48,63.92,-16.25,-69.08333,3826
Yunguyo,2014-04-25,9.75,15.3,5.19,60.5,0.0,1.88,63.87,-16.25,-69.08333,3826
Yunguyo,2014-04-26,9.55,14.06,5.91,56.15,0.0,2.03,63.82,-16.25,-69.08333,3826
Yunguyo,2014-04-27,9.58,14.73,5.28,43.54,0.0,2.55,63.82,-16.25,-69.08333,3826
Yunguyo,2014-04-28,9.42,13.84,6.13,72.66,0.6,4.21,63.82,-16.25,-69.08333,3826
Yunguyo,2014-04-29,8.6,12.64,5.33,72.35,1.26,3.08,63.75,-16.25,-69.08333,3826
Yunguyo,2014-04-30,10.27,15.83,6.0,52.92,0.2,2.44,63.7,-16.25,-69.08333,3826
Yunguyo,2014-05-01,9.26,15.19,4.32,35.79,0.91,2.05,63.72,-16.25,-69.08333,3826
Yunguyo,2014-05-02,8.29,13.26,4.66,60.63,1.72,3.12,63.83,-16.25,-69.08333,3826
Yunguyo,2014-05-03,9.1,14.19,5.12,75.12,0.71,2.73,63.97,-16.25,-69.08333,3826
Yunguyo,2014-05-04,10.16,14.44,6.41,63.84,0.01,1.4,63.97,-16.25,-69.08333,3826
Yunguyo,2014-05-05,10.55,15.62,6.99,54.66,0.02,1.46,63.84,-16.25,-69.08333,3826
Yunguyo,2014-05-06,9.03,14.41,4.35,49.69,0.0,3.48,63.88,-16.25,-69.08333,3826
Yunguyo,2014-05-07,8.66,12.24,5.04,64.63,0.0,2.69,63.95,-16.25,-69.08333,3826
Yunguyo,2014-05-08,7.74,11.46,4.77,72.11,0.17,3.27,64.01,-16.25,-69.08333,3826
Yunguyo,2014-05-09,8.12,12.05,4.66,65.62,0.18,2.0,63.92,-16.25,-69.08333,3826
Yunguyo,2014-05-10,8.19,12.3,5.17,71.24,0.03,2.62,63.79,-16.25,-69.08333,3826
Yunguyo,2014-05-11,8.41,13.18,5.16,73.39,0.87,2.88,63.72,-16.25,-69.08333,3826
Yunguyo,2014-05-12,6.58,11.75,3.71,76.24,2.63,1.43,63.74,-16.25,-69.08333,3826
Yunguyo,2014-05-13,6.31,11.22,3.4,74.72,2.41,1.75,63.77,-16.25,-69.08333,3826
Yunguyo,2014-05-14,8.71,13.5,4.66,60.38,0.4,1.6,63.8,-16.25,-69.08333,3826
Yunguyo,2014-05-15,9.54,14.12,5.79,52.18,0.0,1.39,63.84,-16.25,-69.08333,3826
Yunguyo,2014-05-16,8.92,14.82,4.51,52.47,0.28,1.78,63.81,-16.25,-69.08333,3826
Yunguyo,2014-05-17,8.38,13.26,4.33,50.44,0.04,2.53,63.85,-16.25,-69.08333,3826
Yunguyo,2014-05-18,7.61,12.07,4.66,75.61,0.02,2.65,63.88,-16.25,-69.08333,3826
Yunguyo,2014-05-19,8.54,12.9,4.58,71.66,0.04,2.3,63.87,-16.25,-69.08333,3826
Yunguyo,2014-05-20,9.42,13.95,6.27,61.54,0.01,1.62,63.79,-16.25,-69.08333,3826
Yunguyo,2014-05-21,9.54,14.73,5.39,46.87,0.01,2.3,63.66,-16.25,-69.08333,3826
Yunguyo,2014-05-22,7.78,11.08,5.12,62.86,0.23,4.16,63.58,-16.25,-69.08333,3826
Yunguyo,2014-05-23,5.89,10.18,2.69,72.82,3.53,3.45,63.68,-16.25,-69.08333,3826
Yunguyo,2014-05-24,7.11,15.23,1.26,49.76,0.15,5.74,63.65,-16.25,-69.08333,3826
Yunguyo,2014-05-25,6.57,14.27,-0.23,39.05,0.0,3.0,63.76,-16.25,-69.08333,3826
Yunguyo,2014-05-26,7.61,13.55,3.67,44.95,0.0,1.79,63.91,-16.25,-69.08333,3826
Yunguyo,2014-05-27,7.97,14.0,3.3,46.42,0.0,1.67,63.97,-16.25,-69.08333,3826
Yunguyo,2014-05-28,8.19,14.07,4.01,46.57,0.0,1.83,63.89,-16.25,-69.08333,3826
Yunguyo,2014-05-29,8.26,13.76,4.02,48.35,0.0,2.26,63.76,-16.25,-69.08333,3826
Yunguyo,2014-05-30,8.76,15.29,4.24,49.56,0.0,2.41,63.74,-16.25,-69.08333,3826
Yunguyo,2014-05-31,8.56,14.31,3.36,45.04,0.04,2.76,63.8,-16.25,-69.08333,3826
Yunguyo,2014-06-01,9.41,14.24,6.27,61.31,0.49,1.82,63.82,-16.25,-69.08333,3826
Yunguyo,2014-06-02,9.74,14.98,5.54,49.0,0.09,1.55,63.76,-16.25,-69.08333,3826
Yunguyo,2014-06-03,8.9,14.19,4.29,29.53,0.0,1.76,63.75,-16.25,-69.08333,3826
Yunguyo,2014-06-04,8.75,14.51,4.43,27.92,0.03,2.01,63.75,-16.25,-69.08333,3826
Yunguyo,2014-06-05,8.8,14.64,3.85,40.97,0.05,2.76,63.72,-16.25,-69.08333,3826
Yunguyo,2014-06-06,9.67,14.7,5.74,52.96,0.08,2.0,63.73,-16.25,-69.08333,3826
Yunguyo,2014-06-07,9.37,16.18,3.97,40.49,0.05,2.96,63.7,-16.25,-69.08333,3826
Yunguyo,2014-06-08,8.67,14.86,3.21,44.47,0.17,3.31,63.73,-16.25,-69.08333,3826
Yunguyo,2014-06-09,8.84,13.62,4.87,57.92,0.9,3.08,63.82,-16.25,-69.08333,3826
Yunguyo,2014-06-10,7.44,10.78,4.67,77.38,0.34,3.29,63.94,-16.25,-69.08333,3826
Yunguyo,2014-06-11,9.2,13.86,5.73,60.08,0.1,1.6,63.88,-16.25,-69.08333,3826
Yunguyo,2014-06-12,8.78,14.24,4.05,46.96,0.0,2.08,63.84,-16.25,-69.08333,3826
Yunguyo,2014-06-13,8.47,13.1,4.71,47.47,0.0,2.08,63.93,-16.25,-69.08333,3826
Yunguyo,2014-06-14,8.49,12.56,5.99,71.0,0.25,2.99,63.92,-16.25,-69.08333,3826
Yunguyo,2014-06-15,7.9,12.02,5.45,69.73,0.02,2.16,63.96,-16.25,-69.08333,3826
Yunguyo,2014-06-16,7.37,11.88,4.5,72.8,0.0,2.48,63.96,-16.25,-69.08333,3826
Yunguyo,2014-06-17,7.21,11.62,3.94,73.82,0.0,2.65,63.93,-16.25,-69.08333,3826
Yunguyo,2014-06-18,6.71,11.21,3.25,74.62,0.0,3.11,64.03,-16.25,-69.08333,3826
Yunguyo,2014-06-19,6.53,12.01,2.23,70.61,0.0,2.72,64.04,-16.25,-69.08333,3826
Yunguyo,2014-06-20,8.23,13.33,4.32,66.89,0.0,2.09,63.9,-16.25,-69.08333,3826
Yunguyo,2014-06-21,8.89,13.78,4.74,49.38,0.04,1.65,63.8,-16.25,-69.08333,3826
Yunguyo,2014-06-22,9.15,13.72,5.47,50.39,0.02,2.31,63.86,-16.25,-69.08333,3826
Yunguyo,2014-06-23,9.12,13.69,6.03,65.36,0.0,2.05,63.97,-16.25,-69.08333,3826
Yunguyo,2014-06-24,8.71,12.86,5.81,69.19,0.28,3.21,63.99,-16.25,-69.08333,3826
Yunguyo,2014-06-25,9.43,13.78,5.79,59.05,0.25,2.52,63.81,-16.25,-69.08333,3826
Yunguyo,2014-06-26,7.94,12.75,4.52,53.33,1.72,2.42,63.76,-16.25,-69.08333,3826
Yunguyo,2014-06-27,8.3,13.38,3.94,58.11,1.05,3.23,63.77,-16.25,-69.08333,3826
Yunguyo,2014-06-28,8.59,12.86,5.03,66.8,0.38,3.52,63.87,-16.25,-69.08333,3826
Yunguyo,2014-06-29,8.82,14.92,4.89,47.97,0.0,1.71,63.88,-16.25,-69.08333,3826
Yunguyo,2014-06-30,8.76,13.16,4.7,40.74,0.0,2.02,63.8,-16.25,-69.08333,3826
Yunguyo,2014-07-01,8.51,13.94,4.08,39.06,0.0,2.52,63.7,-16.25,-69.08333,3826
Yunguyo,2014-07-02,8.51,13.03,4.01,50.37,0.0,2.17,63.78,-16.25,-69.08333,3826
Yunguyo,2014-07-03,8.57,12.3,5.52,58.65,0.0,2.22,63.85,-16.25,-69.08333,3826
Yunguyo,2014-07-04,8.02,12.93,4.51,62.77,0.12,3.13,63.84,-16.25,-69.08333,3826
Yunguyo,2014-07-05,7.83,14.51,2.78,45.78,0.45,3.93,63.8,-16.25,-69.08333,3826
Yunguyo,2014-07-06,7.99,13.31,3.83,48.34,0.36,3.26,63.88,-16.25,-69.08333,3826
Yunguyo,2014-07-07,8.51,13.31,5.09,72.26,0.23,2.36,63.94,-16.25,-69.08333,3826
Yunguyo,2014-07-08,8.39,13.41,5.15,65.44,0.02,1.88,63.95,-16.25,-69.08333,3826
Yunguyo,2014-07-09,8.6,14.18,4.29,58.8,0.0,2.46,63.86,-16.25,-69.08333,3826
Yunguyo,2014-07-10,8.35,13.59,4.66,64.52,0.0,2.48,63.83,-16.25,-69.08333,3826
Yunguyo,2014-07-11,8.48,13.62,3.94,54.05,0.0,1.38,63.8,-16.25,-69.08333,3826
Yunguyo,2014-07-12,8.63,13.68,5.58,55.33,0.0,2.72,63.88,-16.25,-69.08333,3826
Yunguyo,2014-07-13,7.5,12.65,4.48,65.19,0.0,2.87,64.0,-16.25,-69.08333,3826
Yunguyo,2014-07-14,8.99,13.8,4.58,42.87,0.0,1.52,64.04,-16.25,-69.08333,3826
Yunguyo,2014-07-15,8.47,14.2,4.23,46.31,0.0,3.77,64.01,-16.25,-69.08333,3826
Yunguyo,2014-07-16,7.67,11.03,4.61,46.02,0.0,1.55,64.04,-16.25,-69.08333,3826
Yunguyo,2014-07-17,7.72,12.18,4.48,46.52,0.05,2.58,64.0,-16.25,-69.08333,3826
Yunguyo,2014-07-18,4.77,7.57,1.62,78.36,1.36,3.53,64.03,-16.25,-69.08333,3826
Yunguyo,2014-07-19,3.95,7.09,1.48,77.39,1.43,2.68,63.98,-16.25,-69.08333,3826
Yunguyo,2014-07-20,5.03,9.42,2.46,71.81,1.34,1.72,63.91,-16.25,-69.08333,3826
Yunguyo,2014-07-21,6.27,11.26,2.42,51.29,0.13,3.33,63.83,-16.25,-69.08333,3826
Yunguyo,2014-07-22,6.22,12.9,0.88,46.86,0.0,3.33,63.72,-16.25,-69.08333,3826
Yunguyo,2014-07-23,5.45,12.84,0.31,34.29,0.0,4.83,63.71,-16.25,-69.08333,3826
Yunguyo,2014-07-24,5.94,11.66,1.05,44.13,0.83,3.38,63.71,-16.25,-69.08333,3826
Yunguyo,2014-07-25,6.32,10.82,2.06,45.3,0.07,4.32,63.68,-16.25,-69.08333,3826
Yunguyo,2014-07-26,5.92,11.95,1.58,39.04,0.22,2.79,63.78,-16.25,-69.08333,3826
Yunguyo,2014-07-27,5.83,12.45,0.47,30.66,0.04,2.93,63.83,-16.25,-69.08333,3826
Yunguyo,2014-07-28,6.01,11.54,1.79,47.03,0.0,2.59,63.91,-16.25,-69.08333,3826
Yunguyo,2014-07-29,7.13,11.95,3.86,58.02,0.0,2.12,63.95,-16.25,-69.08333,3826
Yunguyo,2014-07-30,6.92,11.88,3.14,53.98,0.0,2.18,64.01,-16.25,-69.08333,3826
Yunguyo,2014-07-31,7.55,12.69,2.98,49.85,0.0,1.48,63.92,-16.25,-69.08333,3826
Yunguyo,2014-08-01,7.8,13.69,3.24,45.83,0.0,3.08,63.9,-16.25,-69.08333,3826
Yunguyo,2014-08-02,7.72,12.97,3.74,63.91,0.0,2.16,63.97,-16.25,-69.08333,3826
Yunguyo,2014-08-03,9.27,14.85,4.53,47.41,0.0,1.99,63.92,-16.25,-69.08333,3826
Yunguyo,2014-08-04,8.36,14.43,3.66,50.92,0.0,3.65,63.98,-16.25,-69.08333,3826
Yunguyo,2014-08-05,7.27,12.53,2.98,70.11,0.0,2.56,64.01,-16.25,-69.08333,3826
Yunguyo,2014-08-06,8.45,13.43,4.23,58.26,0.0,1.63,63.85,-16.25,-69.08333,3826
Yunguyo,2014-08-07,6.79,11.4,3.36,72.75,0.2,4.28,63.85,-16.25,-69.08333,3826
Yunguyo,2014-08-08,5.38,9.01,3.33,81.57,2.7,6.21,63.9,-16.25,-69.08333,3826
Yunguyo,2014-08-09,6.87,11.77,2.84,68.2,0.14,2.61,63.85,-16.25,-69.08333,3826
Yunguyo,2014-08-10,8.47,13.63,4.32,57.65,0.0,2.23,63.8,-16.25,-69.08333,3826
Yunguyo,2014-08-11,8.77,13.83,4.16,55.87,0.0,2.17,63.85,-16.25,-69.08333,3826
Yunguyo,2014-08-12,8.63,13.93,4.72,62.31,0.06,2.59,63.9,-16.25,-69.08333,3826
Yunguyo,2014-08-13,7.11,11.48,3.08,71.76,0.14,2.83,63.95,-16.25,-69.08333,3826
Yunguyo,2014-08-14,6.69,11.64,3.02,69.42,0.13,1.42,63.89,-16.25,-69.08333,3826
Yunguyo,2014-08-15,7.08,11.61,3.92,64.03,1.08,2.84,63.98,-16.25,-69.08333,3826
Yunguyo,2014-08-16,7.22,12.21,2.47,66.1,0.12,2.01,64.06,-16.25,-69.08333,3826
Yunguyo,2014-08-17,7.4,12.53,4.14,71.32,0.0,3.51,63.96,-16.25,-69.08333,3826
Yunguyo,2014-08-18,5.65,10.18,2.29,75.06,1.02,3.95,63.9,-16.25,-69.08333,3826
Yunguyo,2014-08-19,5.79,9.94,3.09,73.2,0.15,3.4,63.91,-16.25,-69.08333,3826
Yunguyo,2014-08-20,6.21,11.05,2.55,63.03,0.0,3.55,63.93,-16.25,-69.08333,3826
Yunguyo,2014-08-21,7.78,13.08,3.94,62.51,0.0,2.59,63.85,-16.25,-69.08333,3826
Yunguyo,2014-08-22,8.5,13.89,3.77,51.63,0.0,2.18,63.82,-16.25,-69.08333,3826
Yunguyo,2014-08-23,8.47,13.99,3.74,46.16,0.0,2.65,63.75,-16.25,-69.08333,3826
Yunguyo,2014-08-24,8.57,13.79,3.58,44.66,0.0,2.68,63.67,-16.25,-69.08333,3826
Yunguyo,2014-08-25,8.36,12.8,4.8,59.95,0.06,2.39,63.7,-16.25,-69.08333,3826
Yunguyo,2014-08-26,7.64,10.58,4.49,62.92,0.07,3.43,63.75,-16.25,-69.08333,3826
Yunguyo,2014-08-27,7.97,13.33,3.5,47.36,0.0,1.55,63.8,-16.25,-69.08333,3826
Yunguyo,2014-08-28,7.85,12.78,4.35,65.75,0.0,3.84,63.8,-16.25,-69.08333,3826
Yunguyo,2014-08-29,7.4,12.13,4.08,74.75,1.1,4.31,63.83,-16.25,-69.08333,3826
Yunguyo,2014-08-30,5.92,9.34,3.34,76.91,2.09,1.92,63.93,-16.25,-69.08333,3826
Yunguyo,2014-08-31,6.71,10.48,3.87,72.73,3.41,2.34,63.9,-16.25,-69.08333,3826
Yunguyo,2014-09-01,6.43,11.74,2.08,68.81,2.37,2.81,63.87,-16.25,-69.08333,3826
Yunguyo,2014-09-02,8.43,13.1,4.62,54.14,1.69,3.11,63.78,-16.25,-69.08333,3826
Yunguyo,2014-09-03,7.12,10.67,4.02,68.44,1.38,2.58,63.83,-16.25,-69.08333,3826
Yunguyo,2014-09-04,5.69,8.85,2.91,75.83,1.01,2.41,63.88,-16.25,-69.08333,3826
Yunguyo,2014-09-05,6.45,11.44,2.8,66.17,1.69,2.12,63.9,-16.25,-69.08333,3826
Yunguyo,2014-09-06,8.04,12.85,3.96,60.52,1.5,2.9,63.85,-16.25,-69.08333,3826
Yunguyo,2014-09-07,7.66,11.58,5.11,77.32,1.85,3.93,63.9,-16.25,-69.08333,3826
Yunguyo,2014-09-08,8.0,13.53,3.48,67.34,0.39,3.44,63.98,-16.25,-69.08333,3826
Yunguyo,2014-09-09,9.58,14.89,5.2,62.47,0.04,2.33,63.85,-16.25,-69.08333,3826
Yunguyo,2014-09-10,10.55,15.95,6.65,59.97,0.04,3.24,63.7,-16.25,-69.08333,3826
Yunguyo,2014-09-11,7.8,11.77,5.62,78.44,1.47,4.18,63.7,-16.25,-69.08333,3826
Yunguyo,2014-09-12,6.99,9.03,4.7,80.39,3.73,3.96,63.68,-16.25,-69.08333,3826
Yunguyo,2014-09-13,7.39,12.33,4.52,73.42,3.04,2.49,63.79,-16.25,-69.08333,3826
Yunguyo,2014-09-14,8.8,14.28,4.3,57.39,0.2,2.71,63.9,-16.25,-69.08333,3826
Yunguyo,2014-09-15,8.83,13.72,5.17,70.93,0.0,4.4,63.99,-16.25,-69.08333,3826
Yunguyo,2014-09-16,9.45,14.59,5.58,68.83,0.0,2.72,63.92,-16.25,-69.08333,3826
Yunguyo,2014-09-17,9.55,14.47,6.03,66.94,0.0,4.41,63.82,-16.25,-69.08333,3826
Yunguyo,2014-09-18,7.75,10.34,5.62,69.12,1.45,2.36,63.8,-16.25,-69.08333,3826
Yunguyo,2014-09-19,8.95,14.17,4.74,42.23,0.12,1.9,63.76,-16.25,-69.08333,3826
Yunguyo,2014-09-20,9.1,13.65,5.03,55.68,0.62,2.76,63.82,-16.25,-69.08333,3826
Yunguyo,2014-09-21,8.43,12.97,5.45,73.51,2.68,3.68,63.83,-16.25,-69.08333,3826
Yunguyo,2014-09-22,8.22,13.07,4.89,74.01,3.3,2.42,63.79,-16.25,-69.08333,3826
Yunguyo,2014-09-23,9.18,14.56,3.63,63.22,1.59,2.24,63.77,-16.25,-69.08333,3826
Yunguyo,2014-09-24,10.09,14.43,6.37,63.41,0.16,2.43,63.78,-16.25,-69.08333,3826
Yunguyo,2014-09-25,9.9,14.4,5.68,57.33,0.1,2.3,63.8,-16.25,-69.08333,3826
Yunguyo,2014-09-26,9.37,12.82,6.74,69.52,0.81,2.72,63.83,-16.25,-69.08333,3826
Yunguyo,2014-09-27,9.62,15.04,5.92,67.05,0.33,4.25,63.83,-16.25,-69.08333,3826
Yunguyo,2014-09-28,9.03,14.35,4.63,68.88,33.44,3.4,63.85,-16.25,-69.08333,3826
Yunguyo,2014-09-29,5.89,10.68,2.72,79.86,19.19,2.11,63.89,-16.25,-69.08333,3826
Yunguyo,2014-09-30,7.61,11.38,4.97,73.13,1.67,1.78,63.92,-16.25,-69.08333,3826
Yunguyo,2014-10-01,7.58,11.2,5.42,77.59,2.72,3.86,63.95,-16.25,-69.08333,3826
Yunguyo,2014-10-02,7.79,11.91,4.78,70.8,4.96,4.67,64.02,-16.25,-69.08333,3826
Yunguyo,2014-10-03,7.78,12.52,3.59,72.93,1.57,3.86,63.97,-16.25,-69.08333,3826
Yunguyo,2014-10-04,8.64,13.3,4.77,70.62,0.12,3.32,63.84,-16.25,-69.08333,3826
Yunguyo,2014-10-05,9.19,13.99,5.42,72.27,0.01,4.09,63.83,-16.25,-69.08333,3826
Yunguyo,2014-10-06,9.33,13.65,5.66,75.69,1.71,4.31,63.89,-16.25,-69.08333,3826
Yunguyo,2014-10-07,9.82,14.29,6.46,73.33,1.37,3.54,63.86,-16.25,-69.08333,3826
Yunguyo,2014-10-08,9.66,13.79,6.99,74.75,0.71,3.56,63.76,-16.25,-69.08333,3826
Yunguyo,2014-10-09,10.66,15.83,6.49,64.46,0.04,2.41,63.72,-16.25,-69.08333,3826
Yunguyo,2014-10-10,10.45,14.88,7.31,71.55,0.0,4.24,63.81,-16.25,-69.08333,3826
Yunguyo,2014-10-11,9.64,14.65,6.0,71.63,1.33,4.74,63.98,-16.25,-69.08333,3826
Yunguyo,2014-10-12,9.71,14.6,6.05,70.73,0.14,4.25,63.99,-16.25,-69.08333,3826
Yunguyo,2014-10-13,9.14,14.43,5.05,69.04,0.0,4.47,64.06,-16.25,-69.08333,3826
Yunguyo,2014-10-14,9.08,14.53,5.42,65.7,0.0,4.32,64.13,-16.25,-69.08333,3826
Yunguyo,2014-10-15,8.99,14.68,4.13,60.54,0.0,3.98,64.17,-16.25,-69.08333,3826
Yunguyo,2014-10-16,9.48,15.41,4.7,61.63,0.0,3.54,64.09,-16.25,-69.08333,3826
Yunguyo,2014-10-17,9.93,15.37,6.28,64.06,0.0,3.71,63.95,-16.25,-69.08333,3826
Yunguyo,2014-10-18,9.92,14.91,5.88,61.32,0.0,2.92,63.8,-16.25,-69.08333,3826
Yunguyo,2014-10-19,7.84,9.62,6.32,73.23,1.76,2.71,63.83,-16.25,-69.08333,3826
Yunguyo,2014-10-20,7.83,11.28,5.7,76.66,9.07,4.67,63.8,-16.25,-69.08333,3826
Yunguyo,2014-10-21,7.84,13.07,4.57,75.78,5.36,4.25,63.83,-16.25,-69.08333,3826
Yunguyo,2014-10-22,7.91,12.65,4.19,77.37,2.45,3.78,63.89,-16.25,-69.08333,3826
Yunguyo,2014-10-23,9.87,15.2,4.91,65.37,1.74,3.24,63.88,-16.25,-69.08333,3826
Yunguyo,2014-10-24,10.09,15.2,5.65,67.07,0.69,2.74,63.81,-16.25,-69.08333,3826
Yunguyo,2014-10-25,9.65,14.54,5.18,69.87,0.51,4.42,63.8,-16.25,-69.08333,3826
Yunguyo,2014-10-26,10.13,14.96,6.21,66.95,0.54,3.71,63.72,-16.25,-69.08333,3826
Yunguyo,2014-10-27,10.47,15.41,6.19,62.31,0.73,2.94,63.73,-16.25,-69.08333,3826
Yunguyo,2014-10-28,11.66,16.33,7.35,60.37,1.36,2.51,63.72,-16.25,-69.08333,3826
Yunguyo,2014-10-29,11.28,16.75,5.29,47.69,0.31,3.79,63.61,-16.25,-69.08333,3826
Yunguyo,2014-10-30,11.83,16.99,7.37,59.42,0.0,2.66,63.57,-16.25,-69.08333,3826
Yunguyo,2014-10-31,11.47,16.38,8.11,65.06,0.0,4.25,63.68,-16.25,-69.08333,3826
Yunguyo,2014-11-01,10.46,14.13,7.28,63.07,0.09,3.24,63.78,-16.25,-69.08333,3826
Yunguyo,2014-11-02,9.35,13.32,7.2,72.97,0.87,2.21,63.8,-16.25,-69.08333,3826
Yunguyo,2014-11-03,11.44,17.09,6.21,55.76,0.17,2.49,63.7,-16.25,-69.08333,3826
Yunguyo,2014-11-04,11.9,17.35,7.21,59.85,0.07,4.24,63.74,-16.25,-69.08333,3826
Yunguyo,2014-11-05,11.41,15.07,7.67,67.75,0.0,4.85,63.88,-16.25,-69.08333,3826
Yunguyo,2014-11-06,11.49,16.94,7.29,58.57,0.0,3.76,64.0,-16.25,-69.08333,3826
Yunguyo,2014-11-07,12.34,18.62,7.37,52.39,0.0,2.74,63.92,-16.25,-69.08333,3826
Yunguyo,2014-11-08,12.6,18.63,8.39,54.97,0.06,3.68,63.84,-16.25,-69.08333,3826
Yunguyo,2014-11-09,10.67,15.04,5.48,68.65,0.01,2.42,63.84,-16.25,-69.08333,3826
Yunguyo,2014-11-10,10.61,16.01,5.14,62.23,0.06,3.18,63.8,-16.25,-69.08333,3826
Yunguyo,2014-11-11,11.54,15.9,8.09,59.27,0.01,2.51,63.71,-16.25,-69.08333,3826
Yunguyo,2014-11-12,12.3,17.91,7.15,47.57,0.02,3.13,63.62,-16.25,-69.08333,3826
Yunguyo,2014-11-13,10.97,16.29,7.02,55.44,1.43,3.34,63.58,-16.25,-69.08333,3826
Yunguyo,2014-11-14,9.01,13.53,5.56,71.23,0.08,4.47,63.67,-16.25,-69.08333,3826
Yunguyo,2014-11-15,8.31,13.72,4.66,73.05,0.13,5.56,63.78,-16.25,-69.08333,3826
Yunguyo,2014-11-16,7.91,12.76,4.78,75.59,2.27,5.79,63.85,-16.25,-69.08333,3826
Yunguyo,2014-11-17,8.18,14.3,3.27,68.1,0.47,3.16,63.81,-16.25,-69.08333,3826
Yunguyo,2014-11-18,10.69,17.5,5.36,45.7,0.05,1.92,63.63,-16.25,-69.08333,3826
Yunguyo,2014-11-19,9.94,16.02,3.14,40.2,0.0,2.94,63.61,-16.25,-69.08333,3826
Yunguyo,2014-11-20,10.7,15.69,7.1,64.83,0.09,3.1,63.6,-16.25,-69.08333,3826
Yunguyo,2014-11-21,9.97,15.22,6.83,70.47,0.13,3.61,63.66,-16.25,-69.08333,3826
Yunguyo,2014-11-22,10.89,15.58,6.87,62.32,1.7,2.47,63.67,-16.25,-69.08333,3826
Yunguyo,2014-11-23,7.64,11.6,5.21,71.68,5.17,3.56,63.7,-16.25,-69.08333,3826
Yunguyo,2014-11-24,11.1,16.23,6.97,48.82,0.68,1.75,63.62,-16.25,-69.08333,3826
Yunguyo,2014-11-25,11.88,17.64,6.46,36.79,0.27,2.1,63.65,-16.25,-69.08333,3826
Yunguyo,2014-11-26,11.87,16.91,6.95,49.77,0.35,2.83,63.65,-16.25,-69.08333,3826
Yunguyo,2014-11-27,10.59,14.91,7.03,69.38,0.07,4.5,63.73,-16.25,-69.08333,3826
Yunguyo,2014-11-28,10.29,14.89,6.56,68.54,0.18,4.76,63.75,-16.25,-69.08333,3826
Yunguyo,2014-11-29,11.24,16.31,6.71,64.86,0.07,3.43,63.69,-16.25,-69.08333,3826
Yunguyo,2014-11-30,10.82,15.74,6.93,68.89,0.69,2.99,63.71,-16.25,-69.08333,3826
Yunguyo,2014-12-01,10.6,14.29,7.33,69.34,5.62,3.12,63.71,-16.25,-69.08333,3826
Yunguyo,2014-12-02,11.26,16.42,7.82,68.23,0.46,3.88,63.64,-16.25,-69.08333,3826
Yunguyo,2014-12-03,9.77,12.33,7.97,77.98,4.41,4.59,63.71,-16.25,-69.08333,3826
Yunguyo,2014-12-04,10.11,15.47,6.29,70.02,0.7,4.62,63.81,-16.25,-69.08333,3826
Yunguyo,2014-12-05,10.21,15.72,4.79,58.0,0.0,3.8,63.85,-16.25,-69.08333,3826
Yunguyo,2014-12-06,11.99,17.28,7.53,60.66,0.0,2.65,63.73,-16.25,-69.08333,3826
Yunguyo,2014-12-07,11.19,16.9,5.2,63.24,2.28,2.69,63.66,-16.25,-69.08333,3826
Yunguyo,2014-12-08,10.52,15.65,5.71,66.69,0.28,3.01,63.66,-16.25,-69.08333,3826
Yunguyo,2014-12-09,9.5,13.81,5.56,73.05,0.0,4.34,63.6,-16.25,-69.08333,3826
Yunguyo,2014-12-10,11.56,15.79,7.32,58.19,0.16,2.48,63.64,-16.25,-69.08333,3826
Yunguyo,2014-12-11,10.43,13.91,7.91,70.13,1.51,3.29,63.77,-16.25,-69.08333,3826
Yunguyo,2014-12-12,10.72,16.8,4.54,67.14,1.32,2.82,63.78,-16.25,-69.08333,3826
Yunguyo,2014-12-13,9.72,13.87,5.19,63.16,2.98,2.89,63.73,-16.25,-69.08333,3826
Yunguyo,2014-12-14,8.43,13.65,2.89,78.62,1.53,3.35,63.7,-16.25,-69.08333,3826
Yunguyo,2014-12-15,9.99,15.57,5.57,70.75,0.96,4.03,63.73,-16.25,-69.08333,3826
Yunguyo,2014-12-16,11.31,16.6,6.88,68.12,2.69,2.72,63.76,-16.25,-69.08333,3826
Yunguyo,2014-12-17,8.78,12.63,5.23,79.54,3.81,2.67,63.74,-16.25,-69.08333,3826
Yunguyo,2014-12-18,8.39,10.39,6.03,82.38,9.24,2.58,63.63,-16.25,-69.08333,3826
Yunguyo,2014-12-19,9.06,13.4,5.5,75.09,1.02,2.51,63.54,-16.25,-69.08333,3826
Yunguyo,2014-12-20,10.73,16.05,5.08,59.24,0.47,2.47,63.49,-16.25,-69.08333,3826
Yunguyo,2014-12-21,11.49,17.54,4.77,40.67,0.06,2.61,63.6,-16.25,-69.08333,3826
Yunguyo,2014-12-22,11.08,15.23,8.12,67.07,0.8,3.9,63.66,-16.25,-69.08333,3826
Yunguyo,2014-12-23,9.12,12.71,5.43,76.46,3.36,4.61,63.74,-16.25,-69.08333,3826
Yunguyo,2014-12-24,10.63,16.72,5.21,66.96,2.08,2.34,63.69,-16.25,-69.08333,3826
Yunguyo,2014-12-25,11.48,15.42,8.14,65.75,1.79,3.06,63.72,-16.25,-69.08333,3826
Yunguyo,2014-12-26,11.03,15.03,8.16,73.13,5.09,4.83,63.85,-16.25,-69.08333,3826
Yunguyo,2014-12-27,10.45,14.44,7.61,74.28,17.69,3.91,63.87,-16.25,-69.08333,3826
Yunguyo,2014-12-28,10.01,13.78,7.69,78.83,4.08,4.5,63.82,-16.25,-69.08333,3826
Yunguyo,2014-12-29,10.31,13.98,7.64,72.92,4.52,3.1,63.78,-16.25,-69.08333,3826
Yunguyo,2014-12-30,9.73,13.11,7.04,76.4,2.6,3.19,63.71,-16.25,-69.08333,3826
Yunguyo,2014-12-31,9.82,15.91,4.38,60.87,0.94,3.09,63.67,-16.25,-69.08333,3826
Yunguyo,2015-01-01,10.82,15.32,7.14,62.92,1.03,2.6,63.67,-16.25,-69.08333,3826
Yunguyo,2015-01-02,7.9,11.14,5.23,77.96,6.49,1.56,63.77,-16.25,-69.08333,3826
Yunguyo,2015-01-03,8.54,13.46,2.66,70.91,3.44,2.82,63.81,-16.25,-69.08333,3826
Yunguyo,2015-01-04,7.59,12.9,2.55,78.04,1.73,3.91,63.86,-16.25,-69.08333,3826
Yunguyo,2015-01-05,8.61,12.75,5.08,78.43,5.7,4.11,63.81,-16.25,-69.08333,3826
Yunguyo,2015-01-06,9.07,13.72,5.31,75.11,3.21,3.59,63.77,-16.25,-69.08333,3826
Yunguyo,2015-01-07,8.75,12.71,4.51,76.62,4.72,3.48,63.73,-16.25,-69.08333,3826
Yunguyo,2015-01-08,9.16,12.55,6.23,77.89,4.36,5.76,63.73,-16.25,-69.08333,3826
Yunguyo,2015-01-09,8.55,13.23,4.96,77.72,2.47,4.23,63.86,-16.25,-69.08333,3826
Yunguyo,2015-01-10,8.42,11.64,6.2,80.27,12.17,3.63,63.86,-16.25,-69.08333,3826
Yunguyo,2015-01-11,9.3,14.05,6.2,75.04,3.19,4.11,63.77,-16.25,-69.08333,3826
Yunguyo,2015-01-12,7.77,12.65,4.46,74.94,11.35,3.14,63.74,-16.25,-69.08333,3826
Yunguyo,2015-01-13,9.39,14.74,4.43,64.08,2.37,2.69,63.68,-16.25,-69.08333,3826
Yunguyo,2015-01-14,8.51,11.15,6.57,62.21,0.38,2.84,63.74,-16.25,-69.08333,3826
Yunguyo,2015-01-15,9.89,14.18,6.4,62.44,3.15,2.57,63.78,-16.25,-69.08333,3826
Yunguyo,2015-01-16,8.96,12.28,5.84,72.06,1.69,3.54,63.84,-16.25,-69.08333,3826
Yunguyo,2015-01-17,9.3,13.65,6.04,72.63,2.88,4.15,63.79,-16.25,-69.08333,3826
Yunguyo,2015-01-18,8.43,12.95,4.32,80.28,5.95,3.36,63.77,-16.25,-69.08333,3826
Yunguyo,2015-01-19,7.98,13.33,4.24,79.07,4.5,3.55,63.75,-16.25,-69.08333,3826
Yunguyo,2015-01-20,7.64,11.56,4.07,80.85,5.03,4.42,63.76,-16.25,-69.08333,3826
Yunguyo,2015-01-21,7.75,12.53,4.42,78.69,1.87,6.36,63.88,-16.25,-69.08333,3826
Yunguyo,2015-01-22,8.55,14.08,4.34,74.62,1.01,4.34,63.87,-16.25,-69.08333,3826
Yunguyo,2015-01-23,9.13,13.51,5.52,75.46,1.1,4.56,63.85,-16.25,-69.08333,3826
Yunguyo,2015-01-24,9.09,13.84,5.65,74.71,0.64,3.69,63.81,-16.25,-69.08333,3826
Yunguyo,2015-01-25,9.47,13.79,5.53,71.27,2.05,3.49,63.7,-16.25,-69.08333,3826
Yunguyo,2015-01-26,8.23,12.54,4.54,77.09,2.73,3.6,63.68,-16.25,-69.08333,3826
Yunguyo,2015-01-27,10.07,14.86,6.38,68.99,0.21,3.88,63.67,-16.25,-69.08333,3826
Yunguyo,2015-01-28,9.18,12.3,6.55,78.02,0.27,4.66,63.67,-16.25,-69.08333,3826
Yunguyo,2015-01-29,9.2,13.35,5.72,77.83,3.89,4.46,63.75,-16.25,-69.08333,3826
Yunguyo,2015-01-30,8.45,11.42,5.82,80.84,3.21,5.32,63.82,-16.25,-69.08333,3826
Yunguyo,2015-01-31,8.28,13.06,5.19,79.73,1.26,5.15,63.88,-16.25,-69.08333,3826
Yunguyo,2015-02-01,8.7,13.31,5.31,77.27,1.17,4.82,63.94,-16.25,-69.08333,3826
Yunguyo,2015-02-02,9.63,14.54,5.79,70.32,0.02,3.99,63.95,-16.25,-69.08333,3826
Yunguyo,2015-02-03,10.55,15.16,6.68,69.35,0.01,3.47,63.88,-16.25,-69.08333,3826
Yunguyo,2015-02-04,10.39,12.88,8.38,69.02,0.2,1.98,63.79,-16.25,-69.08333,3826
Yunguyo,2015-02-05,9.44,12.47,7.87,74.86,0.05,2.81,63.75,-16.25,-69.08333,3826
Yunguyo,2015-02-06,9.34,13.08,6.64,72.69,4.75,3.33,63.75,-16.25,-69.08333,3826
Yunguyo,2015-02-07,8.64,12.64,5.66,73.49,3.7,4.22,63.74,-16.25,-69.08333,3826
Yunguyo,2015-02-08,9.03,14.01,4.88,74.41,2.22,4.47,63.72,-16.25,-69.08333,3826
Yunguyo,2015-02-09,9.01,13.46,3.81,80.12,9.42,2.83,63.63,-16.25,-69.08333,3826
Yunguyo,2015-02-10,7.45,11.92,2.58,80.29,12.42,2.79,63.7,-16.25,-69.08333,3826
Yunguyo,2015-02-11,8.1,11.59,3.55,85.47,9.18,4.27,63.83,-16.25,-69.08333,3826
Yunguyo,2015-02-12,10.17,13.93,6.86,78.11,2.73,4.89,63.9,-16.25,-69.08333,3826
Yunguyo,2015-02-13,10.76,14.0,8.18,77.64,1.17,5.45,63.9,-16.25,-69.08333,3826
Yunguyo,2015-02-14,10.49,14.47,7.71,77.71,4.29,4.39,63.82,-16.25,-69.08333,3826
Yunguyo,2015-02-15,9.44,13.22,6.56,79.32,3.09,2.41,63.78,-16.25,-69.08333,3826
Yunguyo,2015-02-16,10.62,13.8,8.12,76.33,0.37,2.95,63.74,-16.25,-69.08333,3826
Yunguyo,2015-02-17,10.01,12.31,8.24,71.83,0.64,2.42,63.75,-16.25,-69.08333,3826
Yunguyo,2015-02-18,11.76,17.87,6.49,52.78,0.01,2.28,63.65,-16.25,-69.08333,3826
Yunguyo,2015-02-19,10.57,16.88,4.42,47.31,0.0,3.09,63.58,-16.25,-69.08333,3826
Yunguyo,2015-02-20,9.77,14.92,4.85,71.98,2.33,3.69,63.59,-16.25,-69.08333,3826
Yunguyo,2015-02-21,7.7,11.47,3.66,81.92,1.27,4.15,63.72,-16.25,-69.08333,3826
Yunguyo,2015-02-22,9.31,14.3,5.41,75.36,0.72,4.56,63.81,-16.25,-69.08333,3826
Yunguyo,2015-02-23,8.63,12.54,5.59,79.74,1.04,5.28,63.87,-16.25,-69.08333,3826
Yunguyo,2015-02-24,9.19,14.86,4.65,73.6,0.07,4.69,63.86,-16.25,-69.08333,3826
Yunguyo,2015-02-25,9.8,15.4,5.12,70.67,0.0,3.96,63.82,-16.25,-69.08333,3826
Yunguyo,2015-02-26,10.1,15.36,6.04,72.39,0.08,4.43,63.77,-16.25,-69.08333,3826
Yunguyo,2015-02-27,9.65,13.51,6.86,74.92,4.66,3.13,63.78,-16.25,-69.08333,3826
Yunguyo,2015-02-28,9.55,14.06,5.09,74.52,3.09,3.91,63.8,-16.25,-69.08333,3826
Yunguyo,2015-03-01,9.47,15.19,3.15,73.32,2.26,2.79,63.83,-16.25,-69.08333,3826
Yunguyo,2015-03-02,10.43,14.84,6.79,72.6,1.64,3.67,63.76,-16.25,-69.08333,3826
Yunguyo,2015-03-03,10.24,13.33,7.58,77.73,5.48,3.7,63.69,-16.25,-69.08333,3826
Yunguyo,2015-03-04,9.43,12.84,7.13,79.08,9.99,4.12,63.71,-16.25,-69.08333,3826
Yunguyo,2015-03-05,9.43,12.98,7.08,79.26,4.67,5.12,63.75,-16.25,-69.08333,3826
Yunguyo,2015-03-06,9.41,13.66,6.17,80.21,7.63,4.37,63.77,-16.25,-69.08333,3826
Yunguyo,2015-03-07,9.57,13.6,6.28,80.13,2.47,4.46,63.81,-16.25,-69.08333,3826
Yunguyo,2015-03-08,8.95,12.35,6.24,81.81,2.36,4.13,63.81,-16.25,-69.08333,3826
Yunguyo,2015-03-09,9.96,15.32,5.44,72.27,1.84,3.8,63.85,-16.25,-69.08333,3826
Yunguyo,2015-03-10,10.11,15.06,6.43,76.73,0.58,4.27,63.89,-16.25,-69.08333,3826
Yunguyo,2015-03-11,9.25,13.06,6.37,77.13,0.19,1.97,63.92,-16.25,-69.08333,3826
Yunguyo,2015-03-12,10.76,14.86,7.6,72.21,0.04,2.95,63.81,-16.25,-69.08333,3826
Yunguyo,2015-03-13,10.52,14.68,7.89,76.61,6.07,2.47,63.7,-16.25,-69.08333,3826
Yunguyo,2015-03-14,10.12,13.74,7.49,74.93,1.48,3.2,63.75,-16.25,-69.08333,3826
Yunguyo,2015-03-15,9.34,12.9,6.57,75.94,0.42,4.41,63.85,-16.25,-69.08333,3826
Yunguyo,2015-03-16,9.47,13.47,6.51,72.56,0.08,3.67,63.9,-16.25,-69.08333,3826
Yunguyo,2015-03-17,9.71,14.87,6.25,73.41,0.47,4.39,63.86,-16.25,-69.08333,3826
Yunguyo,2015-03-18,8.38,12.98,5.19,76.37,0.32,4.75,63.87,-16.25,-69.08333,3826
Yunguyo,2015-03-19,8.61,13.63,4.85,75.26,0.26,4.21,63.87,-16.25,-69.08333,3826
Yunguyo,2015-03-20,9.25,14.71,5.76,73.78,1.28,3.08,63.88,-16.25,-69.08333,3826
Yunguyo,2015-03-21,8.26,11.98,5.91,80.17,6.61,4.02,63.94,-16.25,-69.08333,3826
Yunguyo,2015-03-22,8.41,13.49,4.75,75.5,1.63,3.78,63.93,-16.25,-69.08333,3826
Yunguyo,2015-03-23,7.61,12.76,3.18,67.91,0.24,3.9,63.96,-16.25,-69.08333,3826
Yunguyo,2015-03-24,7.71,13.4,2.86,66.85,0.4,3.85,63.89,-16.25,-69.08333,3826
Yunguyo,2015-03-25,7.85,12.97,3.69,78.67,11.41,2.81,63.82,-16.25,-69.08333,3826
Yunguyo,2015-03-26,8.03,13.21,4.1,72.0,14.26,1.73,63.78,-16.25,-69.08333,3826
Yunguyo,2015-03-27,8.35,12.28,4.76,69.78,3.87,2.38,63.87,-16.25,-69.08333,3826
Yunguyo,2015-03-28,9.94,15.43,6.2,63.85,0.54,2.11,63.97,-16.25,-69.08333,3826
Yunguyo,2015-03-29,10.37,14.77,6.71,68.33,0.46,2.95,63.94,-16.25,-69.08333,3826
Yunguyo,2015-03-30,9.73,13.98,6.99,71.32,0.5,3.26,63.85,-16.25,-69.08333,3826
Yunguyo,2015-03-31,9.07,13.57,6.47,76.3,0.18,4.39,63.83,-16.25,-69.08333,3826
Yunguyo,2015-04-01,8.55,13.19,5.39,77.15,0.7,4.66,63.9,-16.25,-69.08333,3826
Yunguyo,2015-04-02,9.37,13.83,6.02,74.17,5.44,3.05,63.92,-16.25,-69.08333,3826
Yunguyo,2015-04-03,10.22,14.66,6.6,74.73,3.45,2.63,63.79,-16.25,-69.08333,3826
Yunguyo,2015-04-04,10.43,13.82,7.77,74.11,0.0,2.64,63.68,-16.25,-69.08333,3826
Yunguyo,2015-04-05,10.21,15.1,6.88,70.62,0.0,3.83,63.76,-16.25,-69.08333,3826
Yunguyo,2015-04-06,8.19,11.48,5.74,79.55,0.07,4.64,63.89,-16.25,-69.08333,3826
Yunguyo,2015-04-07,8.79,12.88,5.3,73.9,3.61,1.95,63.83,-16.25,-69.08333,3826
Yunguyo,2015-04-08,7.53,11.26,4.5,82.23,8.85,3.55,63.77,-16.25,-69.08333,3826
Yunguyo,2015-04-09,6.27,11.2,3.26,83.09,11.46,3.17,63.85,-16.25,-69.08333,3826
Yunguyo,2015-04-10,6.76,11.18,3.29,82.28,4.56,4.29,63.92,-16.25,-69.08333,3826
Yunguyo,2015-04-11,7.37,11.52,4.06,79.94,3.78,3.58,63.92,-16.25,-69.08333,3826
Yunguyo,2015-04-12,7.1,12.4,2.63,81.14,2.04,2.77,63.9,-16.25,-69.08333,3826
Yunguyo,2015-04-13,8.68,14.29,2.62,66.82,2.27,3.37,63.94,-16.25,-69.08333,3826
Yunguyo,2015-04-14,9.91,14.58,6.39,62.94,1.18,2.14,63.89,-16.25,-69.08333,3826
Yunguyo,2015-04-15,8.68,12.36,5.58,71.43,4.07,2.36,63.85,-16.25,-69.08333,3826
Yunguyo,2015-04-16,7.76,13.3,3.73,72.87,3.75,2.36,63.86,-16.25,-69.08333,3826
Yunguyo,2015-04-17,7.78,11.86,3.82,70.21,0.56,2.86,63.83,-16.25,-69.08333,3826
Yunguyo,2015-04-18,8.53,12.6,6.01,76.99,0.54,2.8,63.78,-16.25,-69.08333,3826
Yunguyo,2015-04-19,8.9,12.7,5.28,73.07,1.84,2.01,63.74,-16.25,-69.08333,3826
Yunguyo,2015-04-20,8.67,11.45,6.39,77.47,10.12,1.94,63.77,-16.25,-69.08333,3826
Yunguyo,2015-04-21,9.11,13.42,6.32,77.18,1.85,3.72,63.83,-16.25,-69.08333,3826
Yunguyo,2015-04-22,8.46,12.89,5.44,76.34,0.62,4.55,63.87,-16.25,-69.08333,3826
Yunguyo,2015-04-23,8.21,13.16,5.11,78.9,0.39,4.71,63.91,-16.25,-69.08333,3826
Yunguyo,2015-04-24,8.43,12.82,5.54,79.33,1.92,4.18,64.01,-16.25,-69.08333,3826
Yunguyo,2015-04-25,8.05,13.25,4.23,75.62,0.58,4.34,64.06,-16.25,-69.08333,3826
Yunguyo,2015-04-26,9.18,14.15,5.6,71.48,0.91,2.84,63.97,-16.25,-69.08333,3826
Yunguyo,2015-04-27,9.44,13.7,6.14,73.2,0.51,3.35,63.91,-16.25,-69.08333,3826
Yunguyo,2015-04-28,8.68,11.61,5.9,80.57,0.94,3.55,63.86,-16.25,-69.08333,3826
Yunguyo,2015-04-29,8.86,13.47,5.36,70.02,0.05,3.12,63.88,-16.25,-69.08333,3826
Yunguyo,2015-04-30,8.8,13.34,5.6,74.56,0.5,3.05,63.86,-16.25,-69.08333,3826
Yunguyo,2015-05-01,8.59,14.4,3.37,69.99,0.26,1.71,63.79,-16.25,-69.08333,3826
Yunguyo,2015-05-02,9.29,14.74,5.09,53.7,1.12,1.53,63.65,-16.25,-69.08333,3826
Yunguyo,2015-05-03,8.37,14.76,2.33,42.37,0.47,2.48,63.69,-16.25,-69.08333,3826
Yunguyo,2015-05-04,9.8,15.38,5.64,55.85,1.38,1.86,63.77,-16.25,-69.08333,3826
Yunguyo,2015-05-05,9.82,15.38,6.05,62.32,0.54,1.86,63.83,-16.25,-69.08333,3826
Yunguyo,2015-05-06,8.83,12.76,5.62,72.62,0.14,3.65,63.86,-16.25,-69.08333,3826
Yunguyo,2015-05-07,7.66,9.59,5.01,77.29,0.7,4.17,63.85,-16.25,-69.08333,3826
Yunguyo,2015-05-08,8.31,12.86,2.75,73.56,0.03,1.96,63.88,-16.25,-69.08333,3826
Yunguyo,2015-05-09,8.93,14.5,2.59,60.1,0.0,2.51,63.87,-16.25,-69.08333,3826
Yunguyo,2015-05-10,9.47,13.65,6.37,63.34,1.71,2.45,63.87,-16.25,-69.08333,3826
Yunguyo,2015-05-11,8.03,11.04,5.38,76.85,2.73,3.47,63.93,-16.25,-69.08333,3826
Yunguyo,2015-05-12,9.15,13.75,6.13,66.4,0.01,2.36,63.81,-16.25,-69.08333,3826
Yunguyo,2015-05-13,8.39,12.21,5.18,61.4,0.01,2.26,63.78,-16.25,-69.08333,3826
Yunguyo,2015-05-14,8.51,14.3,4.48,51.73,0.0,1.64,63.76,-16.25,-69.08333,3826
Yunguyo,2015-05-15,7.84,11.52,4.3,45.12,0.03,1.6,63.77,-16.25,-69.08333,3826
Yunguyo,2015-05-16,5.4,6.73,4.52,59.7,0.7,1.2,63.98,-16.25,-69.08333,3826
Yunguyo,2015-05-17,7.22,11.65,3.76,68.6,0.31,2.75,63.96,-16.25,-69.08333,3826
Yunguyo,2015-05-18,9.12,14.13,5.49,64.83,0.0,2.19,63.98,-16.25,-69.08333,3826
Yunguyo,2015-05-19,8.71,13.12,5.13,67.96,0.0,2.52,63.99,-16.25,-69.08333,3826
Yunguyo,2015-05-20,8.92,13.38,5.45,62.02,0.0,1.91,63.92,-16.25,-69.08333,3826
Yunguyo,2015-05-21,8.82,14.0,4.73,42.14,0.01,1.22,63.91,-16.25,-69.08333,3826
Yunguyo,2015-05-22,8.17,12.95,3.89,39.38,0.11,2.17,63.92,-16.25,-69.08333,3826
Yunguyo,2015-05-23,8.9,15.06,4.25,40.59,0.25,1.99,63.89,-16.25,-69.08333,3826
Yunguyo,2015-05-24,8.71,13.74,4.62,45.07,0.67,2.38,63.86,-16.25,-69.08333,3826
Yunguyo,2015-05-25,8.03,12.43,5.2,77.83,0.23,3.34,63.87,-16.25,-69.08333,3826
Yunguyo,2015-05-26,6.98,10.25,4.31,74.28,1.17,2.2,63.87,-16.25,-69.08333,3826
Yunguyo,2015-05-27,8.09,13.41,3.89,62.3,0.92,2.5,63.83,-16.25,-69.08333,3826
Yunguyo,2015-05-28,8.43,13.71,5.21,70.91,2.02,2.76,63.82,-16.25,-69.08333,3826
Yunguyo,2015-05-29,9.17,15.48,4.99,44.2,0.0,2.11,63.72,-16.25,-69.08333,3826
Yunguyo,2015-05-30,8.51,13.71,3.95,47.75,0.0,2.78,63.72,-16.25,-69.08333,3826
Yunguyo,2015-05-31,9.06,13.02,5.93,62.05,1.39,2.47,63.84,-16.25,-69.08333,3826
Yunguyo,2015-06-01,8.89,13.49,5.85,63.64,0.59,2.46,63.91,-16.25,-69.08333,3826
Yunguyo,2015-06-02,8.43,11.82,5.44,68.78,0.07,2.19,63.91,-16.25,-69.08333,3826
Yunguyo,2015-06-03,8.86,13.52,5.93,67.06,0.01,2.24,63.93,-16.25,-69.08333,3826
Yunguyo,2015-06-04,8.51,12.55,6.33,71.9,0.0,2.58,64.07,-16.25,-69.08333,3826
Yunguyo,2015-06-05,8.9,13.53,6.02,68.33,0.0,2.44,64.06,-16.25,-69.08333,3826
Yunguyo,2015-06-06,9.27,14.11,5.03,60.1,0.0,2.14,63.95,-16.25,-69.08333,3826
Yunguyo,2015-06-07,8.69,13.74,4.62,49.29,0.0,2.22,63.95,-16.25,-69.08333,3826
Yunguyo,2015-06-08,7.68,12.37,3.88,38.47,0.0,1.66,63.91,-16.25,-69.08333,3826
Yunguyo,2015-06-09,8.73,13.31,4.98,44.17,0.03,1.66,63.8,-16.25,-69.08333,3826
Yunguyo,2015-06-10,9.17,14.28,5.5,50.68,0.02,1.95,63.83,-16.25,-69.08333,3826
Yunguyo,2015-06-11,9.03,14.32,5.67,61.3,0.0,1.89,63.9,-16.25,-69.08333,3826
Yunguyo,2015-06-12,9.01,13.62,5.96,61.05,0.19,1.83,63.91,-16.25,-69.08333,3826
Yunguyo,2015-06-13,8.61,13.72,4.39,38.72,0.01,1.67,63.81,-16.25,-69.08333,3826
Yunguyo,2015-06-14,8.69,13.79,4.98,45.22,0.11,2.65,63.79,-16.25,-69.08333,3826
Yunguyo,2015-06-15,7.96,11.35,5.8,78.9,1.94,3.97,63.89,-16.25,-69.08333,3826
Yunguyo,2015-06-16,8.93,13.47,5.24,65.39,0.06,2.25,63.81,-16.25,-69.08333,3826
Yunguyo,2015-06-17,9.44,14.07,5.24,48.43,0.0,1.7,63.82,-16.25,-69.08333,3826
Yunguyo,2015-06-18,7.28,11.25,4.37,76.07,0.08,3.53,63.92,-16.25,-69.08333,3826
Yunguyo,2015-06-19,7.22,12.16,4.04,70.74,0.0,2.59,63.93,-16.25,-69.08333,3826
Yunguyo,2015-06-20,7.64,12.71,4.22,63.23,0.0,2.0,63.92,-16.25,-69.08333,3826
Yunguyo,2015-06-21,6.86,11.68,3.66,65.79,0.0,2.6,63.98,-16.25,-69.08333,3826
Yunguyo,2015-06-22,7.33,12.41,3.8,62.97,0.0,2.28,63.93,-16.25,-69.08333,3826
Yunguyo,2015-06-23,7.28,12.61,3.83,75.27,0.0,3.14,64.0,-16.25,-69.08333,3826
Yunguyo,2015-06-24,7.32,11.92,4.0,71.23,0.0,2.6,64.04,-16.25,-69.08333,3826
Yunguyo,2015-06-25,7.9,13.11,4.09,67.99,0.0,2.45,64.0,-16.25,-69.08333,3826
Yunguyo,2015-06-26,7.36,12.48,4.07,76.72,0.0,3.07,64.05,-16.25,-69.08333,3826
Yunguyo,2015-06-27,8.18,13.12,5.0,71.11,0.14,2.47,64.03,-16.25,-69.08333,3826
Yunguyo,2015-06-28,8.19,13.06,4.29,62.71,0.01,1.66,63.92,-16.25,-69.08333,3826
Yunguyo,2015-06-29,8.08,14.65,3.27,30.3,0.08,3.47,63.85,-16.25,-69.08333,3826
Yunguyo,2015-06-30,6.91,12.53,2.11,43.82,1.55,2.9,63.89,-16.25,-69.08333,3826
Yunguyo,2015-07-01,7.6,12.06,4.73,64.93,1.69,2.47,63.87,-16.25,-69.08333,3826
Yunguyo,2015-07-02,7.8,12.74,3.81,52.03,0.3,1.7,63.78,-16.25,-69.08333,3826
Yunguyo,2015-07-03,5.95,10.03,2.28,64.42,2.19,1.76,63.73,-16.25,-69.08333,3826
Yunguyo,2015-07-04,3.87,6.36,1.48,76.8,6.38,2.6,63.73,-16.25,-69.08333,3826
Yunguyo,2015-07-05,4.56,8.64,1.78,42.91,0.01,4.33,63.75,-16.25,-69.08333,3826
Yunguyo,2015-07-06,3.84,10.27,-0.45,41.92,0.13,5.58,63.7,-16.25,-69.08333,3826
Yunguyo,2015-07-07,4.12,10.91,-0.72,39.43,0.67,5.84,63.72,-16.25,-69.08333,3826
Yunguyo,2015-07-08,5.1,10.52,0.61,32.19,0.36,1.77,63.8,-16.25,-69.08333,3826
Yunguyo,2015-07-09,5.86,11.55,1.73,32.38,0.03,1.99,63.85,-16.25,-69.08333,3826
Yunguyo,2015-07-10,6.18,12.41,2.08,40.98,0.0,1.8,63.92,-16.25,-69.08333,3826
Yunguyo,2015-07-11,6.43,12.79,1.42,54.11,0.0,2.32,63.94,-16.25,-69.08333,3826
Yunguyo,2015-07-12,6.89,12.46,2.6,50.59,0.15,2.18,63.86,-16.25,-69.08333,3826
Yunguyo,2015-07-13,6.0,13.3,1.01,38.29,0.14,4.25,63.66,-16.25,-69.08333,3826
Yunguyo,2015-07-14,5.69,12.43,0.93,52.75,0.04,4.43,63.62,-16.25,-69.08333,3826
Yunguyo,2015-07-15,4.17,7.49,1.5,55.51,0.0,2.68,63.85,-16.25,-69.08333,3826
Yunguyo,2015-07-16,5.96,12.65,1.28,40.9,0.0,2.59,63.87,-16.25,-69.08333,3826
Yunguyo,2015-07-17,6.19,11.27,2.59,45.09,0.0,2.41,63.98,-16.25,-69.08333,3826
Yunguyo,2015-07-18,6.75,12.22,2.49,47.95,0.0,1.99,63.92,-16.25,-69.08333,3826
Yunguyo,2015-07-19,6.8,12.99,2.37,37.33,0.0,2.31,63.94,-16.25,-69.08333,3826
Yunguyo,2015-07-20,6.62,13.31,1.16,42.55,0.0,3.05,63.94,-16.25,-69.08333,3826
Yunguyo,2015-07-21,7.19,11.73,3.23,70.1,0.0,3.07,63.9,-16.25,-69.08333,3826
Yunguyo,2015-07-22,8.67,14.28,4.61,62.05,0.0,2.51,63.86,-16.25,-69.08333,3826
Yunguyo,2015-07-23,8.91,14.0,5.01,61.88,0.0,2.24,63.93,-16.25,-69.08333,3826
Yunguyo,2015-07-24,8.2,13.06,4.39,71.81,0.0,2.55,63.99,-16.25,-69.08333,3826
Yunguyo,2015-07-25,8.88,14.38,5.2,64.5,0.0,2.09,63.92,-16.25,-69.08333,3826
Yunguyo,2015-07-26,9.07,13.96,5.71,66.53,0.0,2.2,63.87,-16.25,-69.08333,3826
Yunguyo,2015-07-27,9.71,15.16,5.44,54.87,0.0,1.73,63.85,-16.25,-69.08333,3826
Yunguyo,2015-07-28,9.06,14.11,5.82,62.87,0.0,2.42,63.87,-16.25,-69.08333,3826
Yunguyo,2015-07-29,7.66,12.76,4.01,60.08,0.0,2.87,63.96,-16.25,-69.08333,3826
Yunguyo,2015-07-30,7.95,12.88,3.8,59.59,0.0,1.75,63.97,-16.25,-69.08333,3826
Yunguyo,2015-07-31,8.65,13.69,4.66,46.29,0.0,2.55,63.92,-16.25,-69.08333,3826
Yunguyo,2015-08-01,8.3,13.02,4.54,59.11,0.0,2.65,63.85,-16.25,-69.08333,3826
Yunguyo,2015-08-02,9.38,15.17,4.41,45.46,0.0,2.21,63.8,-16.25,-69.08333,3826
Yunguyo,2015-08-03,9.29,14.11,5.86,63.2,0.0,2.57,63.84,-16.25,-69.08333,3826
Yunguyo,2015-08-04,9.38,13.52,6.32,63.62,0.01,2.23,63.91,-16.25,-69.08333,3826
Yunguyo,2015-08-05,9.64,14.96,5.66,41.21,0.0,1.77,63.92,-16.25,-69.08333,3826
Yunguyo,2015-08-06,9.84,15.33,4.79,34.63,0.0,2.72,63.85,-16.25,-69.08333,3826
Yunguyo,2015-08-07,9.74,15.01,6.11,48.43,0.0,2.5,63.77,-16.25,-69.08333,3826
Yunguyo,2015-08-08,9.14,14.7,5.51,69.61,0.25,4.62,63.66,-16.25,-69.08333,3826
Yunguyo,2015-08-09,7.32,13.05,2.79,47.6,1.8,6.63,63.59,-16.25,-69.08333,3826
Yunguyo,2015-08-10,6.12,10.63,2.32,40.36,0.02,3.76,63.69,-16.25,-69.08333,3826
Yunguyo,2015-08-11,4.8,8.37,1.75,76.17,0.87,3.98,63.75,-16.25,-69.08333,3826
Yunguyo,2015-08-12,4.75,7.65,3.18,77.32,1.33,3.3,63.82,-16.25,-69.08333,3826
Yunguyo,2015-08-13,3.21,5.45,1.71,73.15,0.9,1.85,63.86,-16.25,-69.08333,3826
Yunguyo,2015-08-14,6.34,12.62,1.68,55.22,0.11,2.59,63.88,-16.25,-69.08333,3826
Yunguyo,2015-08-15,7.04,12.47,2.48,46.9,0.01,3.27,63.87,-16.25,-69.08333,3826
Yunguyo,2015-08-16,8.22,13.3,4.22,66.24,0.15,3.01,63.8,-16.25,-69.08333,3826
Yunguyo,2015-08-17,7.77,13.29,4.02,61.26,0.16,2.24,63.87,-16.25,-69.08333,3826
Yunguyo,2015-08-18,6.18,8.5,4.21,67.96,0.12,1.74,63.99,-16.25,-69.08333,3826
Yunguyo,2015-08-19,7.89,13.39,3.55,69.55,0.03,3.46,63.88,-16.25,-69.08333,3826
Yunguyo,2015-08-20,8.37,12.91,4.34,60.24,0.0,2.41,63.91,-16.25,-69.08333,3826
Yunguyo,2015-08-21,8.02,12.08,5.21,73.61,0.0,3.47,63.85,-16.25,-69.08333,3826
Yunguyo,2015-08-22,9.44,14.6,4.94,56.48,0.0,2.33,63.82,-16.25,-69.08333,3826
Yunguyo,2015-08-23,9.06,12.32,6.67,54.1,0.85,1.7,63.84,-16.25,-69.08333,3826
Yunguyo,2015-08-24,9.24,14.67,5.37,61.09,0.2,2.55,63.81,-16.25,-69.08333,3826
Yunguyo,2015-08-25,8.81,13.61,4.62,58.06,0.0,2.07,63.81,-16.25,-69.08333,3826
Yunguyo,2015-08-26,9.64,14.9,5.67,42.97,0.01,1.62,63.81,-16.25,-69.08333,3826
Yunguyo,2015-08-27,7.82,12.33,4.45,59.72,0.1,4.19,63.94,-16.25,-69.08333,3826
Yunguyo,2015-08-28,8.26,14.02,4.4,53.9,0.0,3.2,64.03,-16.25,-69.08333,3826
Yunguyo,2015-08-29,7.9,13.95,3.48,44.17,0.0,3.11,64.05,-16.25,-69.08333,3826
Yunguyo,2015-08-30,7.57,13.61,3.44,48.32,0.0,3.19,64.04,-16.25,-69.08333,3826
Yunguyo,2015-08-31,6.71,12.2,2.77,43.7,0.02,3.31,64.07,-16.25,-69.08333,3826
Yunguyo,2015-09-01,6.3,11.11,2.02,73.24,0.05,4.2,64.11,-16.25,-69.08333,3826
Yunguyo,2015-09-02,7.13,11.61,3.47,74.62,8.47,3.82,64.04,-16.25,-69.08333,3826
Yunguyo,2015-09-03,7.21,11.44,4.0,76.98,4.76,4.02,63.93,-16.25,-69.08333,3826
Yunguyo,2015-09-04,7.87,12.28,4.26,76.63,3.28,3.79,63.9,-16.25,-69.08333,3826
Yunguyo,2015-09-05,6.53,10.46,4.31,77.43,5.36,3.0,63.91,-16.25,-69.08333,3826
Yunguyo,2015-09-06,8.32,13.95,3.77,46.31,0.21,2.06,63.84,-16.25,-69.08333,3826
Yunguyo,2015-09-07,8.44,16.0,2.34,37.94,0.0,4.36,63.7,-16.25,-69.08333,3826
Yunguyo,2015-09-08,8.58,16.23,1.76,27.25,0.01,3.55,63.67,-16.25,-69.08333,3826
Yunguyo,2015-09-09,9.35,16.35,3.49,30.19,0.0,2.68,63.67,-16.25,-69.08333,3826
Yunguyo,2015-09-10,9.38,16.65,3.08,31.23,0.0,2.68,63.72,-16.25,-69.08333,3826
Yunguyo,2015-09-11,9.71,15.36,5.84,51.36,0.09,1.96,63.85,-16.25,-69.08333,3826
Yunguyo,2015-09-12,9.92,16.15,4.67,37.71,0.12,2.04,63.89,-16.25,-69.08333,3826
Yunguyo,2015-09-13,10.21,15.87,5.49,36.73,0.0,1.79,63.87,-16.25,-69.08333,3826
Yunguyo,2015-09-14,10.17,16.06,5.32,54.48,0.0,2.4,63.87,-16.25,-69.08333,3826
Yunguyo,2015-09-15,10.64,15.31,7.34,65.91,0.26,2.37,63.95,-16.25,-69.08333,3826
Yunguyo,2015-09-16,10.44,14.74,7.54,67.79,0.06,2.66,63.88,-16.25,-69.08333,3826
Yunguyo,2015-09-17,9.29,14.13,4.37,70.6,0.05,2.26,63.83,-16.25,-69.08333,3826
Yunguyo,2015-09-18,7.85,11.34,4.32,71.99,3.49,2.16,63.91,-16.25,-69.08333,3826
Yunguyo,2015-09-19,6.83,10.26,4.34,79.81,2.23,2.8,63.94,-16.25,-69.08333,3826
Yunguyo,2015-09-20,9.53,14.65,5.45,68.15,0.13,2.81,63.89,-16.25,-69.08333,3826
Yunguyo,2015-09-21,9.97,14.07,6.82,71.2,0.0,3.14,63.82,-16.25,-69.08333,3826
Yunguyo,2015-09-22,9.76,13.58,6.31,72.89,0.44,3.45,63.76,-16.25,-69.08333,3826
Yunguyo,2015-09-23,9.08,14.83,3.51,69.46,3.08,2.65,63.74,-16.25,-69.08333,3826
Yunguyo,2015-09-24,9.88,14.83,6.36,57.57,0.3,3.55,63.81,-16.25,-69.08333,3826
Yunguyo,2015-09-25,9.01,12.85,6.2,75.32,1.57,3.63,63.8,-16.25,-69.08333,3826
Yunguyo,2015-09-26,9.1,14.17,4.81,57.37,0.79,1.2,63.82,-16.25,-69.08333,3826
Yunguyo,2015-09-27,9.5,15.22,4.32,46.5,0.02,3.54,63.78,-16.25,-69.08333,3826
Yunguyo,2015-09-28,10.56,15.76,6.14,59.24,0.0,2.82,63.68,-16.25,-69.08333,3826
Yunguyo,2015-09-29,10.49,15.25,6.26,55.02,0.03,2.46,63.56,-16.25,-69.08333,3826
Yunguyo,2015-09-30,8.55,13.02,5.68,61.07,0.65,2.41,63.6,-16.25,-69.08333,3826
Yunguyo,2015-10-01,8.39,13.22,4.86,50.62,0.08,1.88,63.74,-16.25,-69.08333,3826
Yunguyo,2015-10-02,8.37,13.17,5.72,67.06,5.58,3.88,63.73,-16.25,-69.08333,3826
Yunguyo,2015-10-03,7.08,12.16,3.95,75.43,2.41,2.48,63.82,-16.25,-69.08333,3826
Yunguyo,2015-10-04,10.26,15.66,5.82,63.85,0.17,2.97,63.93,-16.25,-69.08333,3826
Yunguyo,2015-10-05,11.26,16.41,7.75,65.86,0.0,3.16,63.98,-16.25,-69.08333,3826
Yunguyo,2015-10-06,11.04,16.34,7.81,66.88,0.0,3.77,63.92,-16.25,-69.08333,3826
Yunguyo,2015-10-07,11.07,16.28,7.63,62.0,0.15,3.63,63.83,-16.25,-69.08333,3826
Yunguyo,2015-10-08,11.69,17.96,7.22,47.67,0.02,2.16,63.72,-16.25,-69.08333,3826
Yunguyo,2015-10-09,11.0,16.79,5.55,28.74,0.0,2.01,63.78,-16.25,-69.08333,3826
Yunguyo,2015-10-10,11.64,17.74,6.7,36.24,0.01,2.07,63.78,-16.25,-69.08333,3826
Yunguyo,2015-10-11,11.32,18.8,5.62,34.87,0.02,2.93,63.69,-16.25,-69.08333,3826
Yunguyo,2015-10-12,11.0,17.11,6.05,44.9,0.02,2.27,63.75,-16.25,-69.08333,3826
Yunguyo,2015-10-13,10.99,17.08,5.31,40.49,0.0,2.9,63.77,-16.25,-69.08333,3826
Yunguyo,2015-10-14,11.65,17.53,5.95,42.42,0.0,3.31,63.76,-16.25,-69.08333,3826
Yunguyo,2015-10-15,9.99,13.86,6.9,68.37,0.0,4.19,63.8,-16.25,-69.08333,3826
Yunguyo,2015-10-16,9.79,15.13,5.77,68.14,0.08,4.74,63.88,-16.25,-69.08333,3826
Yunguyo,2015-10-17,8.68,13.24,5.48,72.49,0.0,7.02,64.0,-16.25,-69.08333,3826
Yunguyo,2015-10-18,8.58,13.76,3.87,69.87,0.0,6.42,64.06,-16.25,-69.08333,3826
Yunguyo,2015-10-19,9.66,14.96,5.85,67.0,0.0,4.02,63.94,-16.25,-69.08333,3826
Yunguyo,2015-10-20,7.29,10.39,4.5,75.35,2.91,1.9,63.96,-16.25,-69.08333,3826
Yunguyo,2015-10-21,10.49,15.96,6.22,68.68,0.4,3.25,63.9,-16.25,-69.08333,3826
Yunguyo,2015-10-22,10.3,13.95,7.74,68.96,0.74,3.32,63.9,-16.25,-69.08333,3826
Yunguyo,2015-10-23,10.19,15.02,5.98,68.9,0.03,5.93,63.88,-16.25,-69.08333,3826
Yunguyo,2015-10-24,9.18,13.88,5.72,73.47,3.25,4.78,63.94,-16.25,-69.08333,3826
Yunguyo,2015-10-25,8.29,13.35,4.88,73.11,8.13,3.1,63.98,-16.25,-69.08333,3826
Yunguyo,2015-10-26,9.3,15.12,4.88,64.22,2.08,2.68,63.95,-16.25,-69.08333,3826
Yunguyo,2015-10-27,8.34,12.4,4.91,73.72,0.37,2.49,63.93,-16.25,-69.08333,3826
Yunguyo,2015-10-28,7.66,11.92,4.32,76.58,11.13,4.08,63.9,-16.25,-69.08333,3826
Yunguyo,2015-10-29,9.52,14.3,6.03,67.82,8.08,1.94,63.84,-16.25,-69.08333,3826
Yunguyo,2015-10-30,9.48,15.39,5.17,69.18,2.7,2.82,63.75,-16.25,-69.08333,3826
Yunguyo,2015-10-31,10.55,15.74,6.95,68.26,2.11,3.19,63.67,-16.25,-69.08333,3826
Yunguyo,2015-11-01,8.94,12.09,6.41,54.93,0.99,2.24,63.59,-16.25,-69.08333,3826
Yunguyo,2015-11-02,8.24,14.85,4.86,60.91,3.0,2.68,63.53,-16.25,-69.08333,3826
Yunguyo,2015-11-03,7.97,14.46,5.03,63.38,1.25,2.53,63.61,-16.25,-69.08333,3826
Yunguyo,2015-11-04,10.52,16.96,4.61,40.45,2.79,2.62,63.74,-16.25,-69.08333,3826
Yunguyo,2015-11-05,10.77,16.29,6.62,67.43,0.88,4.32,63.8,-16.25,-69.08333,3826
Yunguyo,2015-11-06,10.24,15.48,6.95,70.61,0.47,4.81,63.81,-16.25,-69.08333,3826
Yunguyo,2015-11-07,10.71,15.88,6.49,66.96,0.0,3.85,63.78,-16.25,-69.08333,3826
Yunguyo,2015-11-08,10.34,15.53,6.72,74.17,0.0,4.47,63.72,-16.25,-69.08333,3826
Yunguyo,2015-11-09,10.2,15.45,6.21,66.54,2.61,4.02,63.81,-16.25,-69.08333,3826
Yunguyo,2015-11-10,10.32,14.26,5.9,74.72,5.6,3.66,63.85,-16.25,-69.08333,3826
Yunguyo,2015-11-11,9.63,14.73,4.91,73.79,3.45,3.92,63.84,-16.25,-69.08333,3826
Yunguyo,2015-11-12,9.3,13.91,5.78,77.1,4.39,4.42,63.8,-16.25,-69.08333,3826
Yunguyo,2015-11-13,9.54,14.94,6.15,71.8,1.98,4.42,63.81,-16.25,-69.08333,3826
Yunguyo,2015-11-14,9.38,14.74,5.26,67.32,1.22,3.34,63.83,-16.25,-69.08333,3826
Yunguyo,2015-11-15,9.74,13.3,6.13,66.64,3.88,1.76,63.8,-16.25,-69.08333,3826
Yunguyo,2015-11-16,11.19,16.1,6.83,52.38,0.35,2.08,63.65,-16.25,-69.08333,3826
Yunguyo,2015-11-17,11.74,17.23,7.14,53.05,0.0,2.65,63.62,-16.25,-69.08333,3826
Yunguyo,2015-11-18,12.72,18.41,7.78,53.63,0.0,2.31,63.61,-16.25,-69.08333,3826
Yunguyo,2015-11-19,12.6,18.87,6.5,38.73,0.0,2.34,63.67,-16.25,-69.08333,3826
Yunguyo,2015-11-20,12.09,17.17,7.43,52.02,0.08,4.44,63.66,-16.25,-69.08333,3826
Yunguyo,2015-11-21,12.29,17.8,8.51,63.29,0.19,3.44,63.68,-16.25,-69.08333,3826
Yunguyo,2015-11-22,13.38,18.49,9.57,59.28,0.0,3.55,63.79,-16.25,-69.08333,3826
Yunguyo,2015-11-23,12.9,19.07,9.19,60.23,0.0,3.35,63.81,-16.25,-69.08333,3826
Yunguyo,2015-11-24,12.79,18.64,8.96,58.14,0.0,3.62,63.74,-16.25,-69.08333,3826
Yunguyo,2015-11-25,12.6,18.33,8.85,58.31,0.0,4.2,63.81,-16.25,-69.08333,3826
Yunguyo,2015-11-26,12.98,18.35,9.43,51.72,0.0,3.11,63.85,-16.25,-69.08333,3826
Yunguyo,2015-11-27,12.18,16.83,8.84,56.08,0.28,2.99,63.77,-16.25,-69.08333,3826
Yunguyo,2015-11-28,12.63,16.75,9.56,62.25,0.33,2.98,63.67,-16.25,-69.08333,3826
Yunguyo,2015-11-29,11.43,16.94,8.21,66.79,2.66,3.67,63.67,-16.25,-69.08333,3826
Yunguyo,2015-11-30,10.37,14.57,7.06,69.43,0.87,5.03,63.73,-16.25,-69.08333,3826
Yunguyo,2015-12-01,9.22,14.12,5.61,71.84,0.37,3.81,63.8,-16.25,-69.08333,3826
Yunguyo,2015-12-02,8.99,14.17,4.11,70.18,1.5,2.56,63.88,-16.25,-69.08333,3826
Yunguyo,2015-12-03,11.83,18.22,4.11,49.14,0.0,2.81,63.85,-16.25,-69.08333,3826
Yunguyo,2015-12-04,11.71,16.47,8.19,59.18,9.21,1.67,63.87,-16.25,-69.08333,3826
Yunguyo,2015-12-05,9.98,14.13,6.69,59.13,2.82,2.12,63.85,-16.25,-69.08333,3826
Yunguyo,2015-12-06,10.82,15.51,5.57,62.59,0.24,3.27,63.77,-16.25,-69.08333,3826
Yunguyo,2015-12-07,9.53,14.38,3.88,72.12,1.65,3.74,63.74,-16.25,-69.08333,3826
Yunguyo,2015-12-08,10.54,15.0,7.55,62.59,1.94,2.25,63.73,-16.25,-69.08333,3826
Yunguyo,2015-12-09,10.67,15.45,4.85,69.85,0.97,3.67,63.78,-16.25,-69.08333,3826
Yunguyo,2015-12-10,10.44,16.41,4.75,63.03,0.18,2.72,63.83,-16.25,-69.08333,3826
Yunguyo,2015-12-11,11.89,18.35,5.73,58.79,1.39,2.46,63.83,-16.25,-69.08333,3826
Yunguyo,2015-12-12,12.71,17.51,8.61,59.27,1.69,2.88,63.81,-16.25,-69.08333,3826
Yunguyo,2015-12-13,13.45,19.01,8.18,44.1,0.77,2.44,63.8,-16.25,-69.08333,3826
Yunguyo,2015-12-14,12.37,16.95,8.85,58.68,0.81,3.46,63.76,-16.25,-69.08333,3826
Yunguyo,2015-12-15,11.94,16.96,8.81,59.99,4.11,4.58,63.79,-16.25,-69.08333,3826
Yunguyo,2015-12-16,10.36,13.69,7.46,74.81,6.16,5.07,63.8,-16.25,-69.08333,3826
Yunguyo,2015-12-17,10.29,13.94,7.86,75.72,2.31,2.61,63.71,-16.25,-69.08333,3826
Yunguyo,2015-12-18,10.45,15.17,6.85,68.49,6.11,2.89,63.72,-16.25,-69.08333,3826
Yunguyo,2015-12-19,9.98,12.97,7.88,77.84,0.61,4.4,63.82,-16.25,-69.08333,3826
Yunguyo,2015-12-20,10.19,13.88,7.29,73.62,3.34,3.45,63.84,-16.25,-69.08333,3826
Yunguyo,2015-12-21,8.73,13.46,4.73,78.34,6.57,3.52,63.73,-16.25,-69.08333,3826
Yunguyo,2015-12-22,9.44,14.55,3.65,62.02,7.62,3.1,63.68,-16.25,-69.08333,3826
Yunguyo,2015-12-23,10.06,14.08,6.82,55.76,1.68,3.28,63.74,-16.25,-69.08333,3826
Yunguyo,2015-12-24,8.58,11.89,2.81,69.9,2.83,2.64,63.86,-16.25,-69.08333,3826
Yunguyo,2015-12-25,9.37,15.86,2.68,70.2,6.51,3.46,63.9,-16.25,-69.08333,3826
Yunguyo,2015-12-26,7.7,13.02,2.25,76.08,5.76,1.14,63.84,-16.25,-69.08333,3826
Yunguyo,2015-12-27,9.87,13.2,7.4,72.17,2.55,2.07,63.7,-16.25,-69.08333,3826
Yunguyo,2015-12-28,11.7,16.84,7.7,63.1,5.42,2.78,63.71,-16.25,-69.08333,3826
Yunguyo,2015-12-29,10.59,15.35,5.45,68.18,3.72,3.28,63.92,-16.25,-69.08333,3826
Yunguyo,2015-12-30,11.18,16.07,8.03,67.54,5.43,3.29,63.92,-16.25,-69.08333,3826
Yunguyo,2015-12-31,12.13,17.61,7.26,57.73,0.23,2.4,63.76,-16.25,-69.08333,3826
Yunguyo,2016-01-01,11.87,16.9,7.59,53.09,0.31,3.24,63.72,-16.25,-69.08333,3826
Yunguyo,2016-01-02,9.1,12.71,6.42,68.67,0.22,2.3,63.84,-16.25,-69.08333,3826
Yunguyo,2016-01-03,11.45,16.66,7.73,58.1,5.7,2.41,63.73,-16.25,-69.08333,3826
Yunguyo,2016-01-04,12.05,16.73,8.02,63.15,2.11,3.0,63.74,-16.25,-69.08333,3826
Yunguyo,2016-01-05,11.64,16.89,8.2,66.12,4.09,2.84,63.87,-16.25,-69.08333,3826
Yunguyo,2016-01-06,10.61,13.84,8.75,72.75,4.81,2.46,63.95,-16.25,-69.08333,3826
Yunguyo,2016-01-07,10.6,14.87,7.41,65.13,0.76,2.79,63.88,-16.25,-69.08333,3826
Yunguyo,2016-01-08,10.79,15.92,7.12,63.5,0.78,2.81,63.78,-16.25,-69.08333,3826
Yunguyo,2016-01-09,12.33,17.13,8.59,55.23,1.97,2.91,63.75,-16.25,-69.08333,3826
Yunguyo,2016-01-10,8.99,12.17,6.0,75.99,15.8,2.64,63.78,-16.25,-69.08333,3826
Yunguyo,2016-01-11,9.61,12.31,5.86,80.51,11.32,3.69,63.79,-16.25,-69.08333,3826
Yunguyo,2016-01-12,10.08,13.83,6.73,74.8,10.5,2.67,63.76,-16.25,-69.08333,3826
Yunguyo,2016-01-13,10.6,16.87,4.51,63.64,5.19,4.21,63.8,-16.25,-69.08333,3826
Yunguyo,2016-01-14,11.57,17.72,6.18,40.43,2.03,2.24,63.79,-16.25,-69.08333,3826
Yunguyo,2016-01-15,11.55,16.11,7.31,59.67,0.32,2.43,63.78,-16.25,-69.08333,3826
Yunguyo,2016-01-16,11.62,16.21,8.02,69.77,1.33,3.4,63.83,-16.25,-69.08333,3826
Yunguyo,2016-01-17,10.13,13.35,7.23,75.21,5.9,2.2,63.85,-16.25,-69.08333,3826
Yunguyo,2016-01-18,9.46,13.36,6.25,81.47,7.94,3.75,63.88,-16.25,-69.08333,3826
Yunguyo,2016-01-19,10.02,15.27,5.92,74.5,4.86,4.12,63.93,-16.25,-69.08333,3826
Yunguyo,2016-01-20,10.64,15.61,7.35,74.65,0.72,3.19,63.91,-16.25,-69.08333,3826
Yunguyo,2016-01-21,10.09,15.83,4.06,73.99,0.0,4.09,63.96,-16.25,-69.08333,3826
Yunguyo,2016-01-22,11.34,16.57,7.03,64.91,0.0,3.3,63.99,-16.25,-69.08333,3826
Yunguyo,2016-01-23,11.17,15.4,7.48,64.11,0.0,3.78,64.03,-16.25,-69.08333,3826
Yunguyo,2016-01-24,12.49,17.76,6.98,53.91,0.0,2.37,63.88,-16.25,-69.08333,3826
Yunguyo,2016-01-25,13.32,18.49,8.85,56.0,0.32,3.49,63.82,-16.25,-69.08333,3826
Yunguyo,2016-01-26,11.58,15.44,8.39,70.19,0.25,3.58,63.85,-16.25,-69.08333,3826
Yunguyo,2016-01-27,11.81,16.53,7.78,70.37,0.0,3.87,63.81,-16.25,-69.08333,3826
Yunguyo,2016-01-28,11.4,15.85,8.08,71.11,0.0,3.4,63.81,-16.25,-69.08333,3826
Yunguyo,2016-01-29,12.19,16.98,7.58,63.33,0.1,2.31,63.78,-16.25,-69.08333,3826
Yunguyo,2016-01-30,13.07,18.75,8.52,54.42,1.34,3.43,63.72,-16.25,-69.08333,3826
Yunguyo,2016-01-31,8.31,14.12,3.9,81.53,6.6,3.49,63.82,-16.25,-69.08333,3826
Yunguyo,2016-02-01,7.78,11.57,5.31,82.81,6.98,4.72,63.87,-16.25,-69.08333,3826
Yunguyo,2016-02-02,9.18,14.27,5.76,76.54,9.86,2.5,63.77,-16.25,-69.08333,3826
Yunguyo,2016-02-03,8.96,14.05,3.66,77.21,2.69,2.18,63.71,-16.25,-69.08333,3826
Yunguyo,2016-02-04,11.26,16.41,6.94,60.16,0.07,2.09,63.71,-16.25,-69.08333,3826
Yunguyo,2016-02-05,10.25,13.84,7.07,64.4,0.34,3.32,63.82,-16.25,-69.08333,3826
Yunguyo,2016-02-06,9.68,12.83,6.52,81.6,4.79,4.91,63.9,-16.25,-69.08333,3826
Yunguyo,2016-02-07,10.57,14.89,7.61,78.09,5.46,5.29,63.9,-16.25,-69.08333,3826
Yunguyo,2016-02-08,10.78,15.18,7.49,77.18,3.45,3.62,63.89,-16.25,-69.08333,3826
Yunguyo,2016-02-09,11.03,15.9,7.07,74.2,4.75,3.59,63.96,-16.25,-69.08333,3826
Yunguyo,2016-02-10,10.52,14.58,8.25,75.47,4.27,4.19,63.99,-16.25,-69.08333,3826
Yunguyo,2016-02-11,10.82,15.05,7.4,74.6,0.15,4.09,63.95,-16.25,-69.08333,3826
Yunguyo,2016-02-12,10.82,13.49,8.22,79.18,5.52,3.54,63.85,-16.25,-69.08333,3826
Yunguyo,2016-02-13,12.08,17.46,8.27,70.88,1.37,3.96,63.82,-16.25,-69.08333,3826
Yunguyo,2016-02-14,11.9,17.08,7.77,69.32,0.0,4.1,63.82,-16.25,-69.08333,3826
Yunguyo,2016-02-15,10.84,13.46,8.77,78.22,4.5,4.2,63.82,-16.25,-69.08333,3826
Yunguyo,2016-02-16,11.22,15.77,8.36,72.44,9.37,4.19,63.8,-16.25,-69.08333,3826
Yunguyo,2016-02-17,11.26,15.72,8.16,75.95,4.66,3.51,63.8,-16.25,-69.08333,3826
Yunguyo,2016-02-18,11.02,15.11,7.98,78.15,1.03,5.13,63.88,-16.25,-69.08333,3826
Yunguyo,2016-02-19,11.45,15.81,7.83,74.01,4.29,4.04,63.89,-16.25,-69.08333,3826
Yunguyo,2016-02-20,11.21,15.17,8.57,77.86,5.19,4.88,63.8,-16.25,-69.08333,3826
Yunguyo,2016-02-21,11.44,16.66,7.31,71.14,1.57,4.13,63.73,-16.25,-69.08333,3826
Yunguyo,2016-02-22,10.76,15.01,7.27,73.87,4.89,4.27,63.72,-16.25,-69.08333,3826
Yunguyo,2016-02-23,10.46,14.92,6.66,77.5,3.91,4.56,63.85,-16.25,-69.08333,3826
Yunguyo,2016-02-24,11.59,15.36,8.92,77.83,13.49,4.02,63.85,-16.25,-69.08333,3826
Yunguyo,2016-02-25,10.41,14.71,7.06,76.92,12.01,3.05,63.78,-16.25,-69.08333,3826
Yunguyo,2016-02-26,9.28,14.86,4.33,79.99,12.44,3.66,63.69,-16.25,-69.08333,3826
Yunguyo,2016-02-27,10.04,14.93,5.16,75.35,9.87,2.7,63.74,-16.25,-69.08333,3826
Yunguyo,2016-02-28,11.41,17.24,6.86,70.68,6.96,2.6,63.87,-16.25,-69.08333,3826
Yunguyo,2016-02-29,9.21,12.34,6.15,82.77,3.43,3.37,64.0,-16.25,-69.08333,3826
Yunguyo,2016-03-01,11.91,16.85,7.68,71.46,0.19,2.63,63.98,-16.25,-69.08333,3826
Yunguyo,2016-03-02,11.59,16.31,8.75,67.22,0.0,3.79,63.99,-16.25,-69.08333,3826
Yunguyo,2016-03-03,12.56,18.18,8.05,55.74,0.0,2.16,63.97,-16.25,-69.08333,3826
Yunguyo,2016-03-04,11.99,16.82,7.43,60.18,0.15,2.71,63.9,-16.25,-69.08333,3826
Yunguyo,2016-03-05,12.99,18.6,8.7,52.93,0.23,2.22,63.86,-16.25,-69.08333,3826
Yunguyo,2016-03-06,11.38,16.16,6.69,57.73,0.4,3.98,63.9,-16.25,-69.08333,3826
Yunguyo,2016-03-07,11.14,14.34,8.9,76.1,3.49,3.85,63.87,-16.25,-69.08333,3826
Yunguyo,2016-03-08,9.98,13.28,7.0,76.79,5.19,1.78,63.88,-16.25,-69.08333,3826
Yunguyo,2016-03-09,11.16,16.35,7.74,72.46,9.16,2.96,63.85,-16.25,-69.08333,3826
Yunguyo,2016-03-10,8.4,11.94,6.58,82.4,9.47,2.89,63.95,-16.25,-69.08333,3826
Yunguyo,2016-03-11,10.75,16.21,6.92,70.65,1.34,2.56,63.89,-16.25,-69.08333,3826
Yunguyo,2016-03-12,9.71,14.84,6.25,75.34,0.0,3.25,63.92,-16.25,-69.08333,3826
Yunguyo,2016-03-13,9.64,14.62,6.19,74.81,6.53,3.7,63.96,-16.25,-69.08333,3826
Yunguyo,2016-03-14,9.54,15.02,5.58,70.74,0.7,3.95,64.01,-16.25,-69.08333,3826
Yunguyo,2016-03-15,10.06,15.68,5.96,61.15,0.0,3.82,64.06,-16.25,-69.08333,3826
Yunguyo,2016-03-16,9.3,14.74,5.1,64.21,0.0,4.09,64.1,-16.25,-69.08333,3826
Yunguyo,2016-03-17,9.81,15.46,5.16,67.52,0.0,3.54,64.05,-16.25,-69.08333,3826
Yunguyo,2016-03-18,10.48,16.22,6.21,59.01,0.16,3.46,63.96,-16.25,-69.08333,3826
Yunguyo,2016-03-19,9.83,15.89,4.83,66.59,0.34,3.73,63.98,-16.25,-69.08333,3826
Yunguyo,2016-03-20,11.3,16.32,7.32,69.5,0.13,3.37,63.98,-16.25,-69.08333,3826
Yunguyo,2016-03-21,11.56,16.13,7.89,72.05,0.01,3.27,64.03,-16.25,-69.08333,3826
Yunguyo,2016-03-22,11.45,16.03,7.83,74.39,1.3,4.21,64.05,-16.25,-69.08333,3826
Yunguyo,2016-03-23,9.76,11.86,8.6,81.22,5.16,3.39,63.98,-16.25,-69.08333,3826
Yunguyo,2016-03-24,13.09,19.69,7.8,57.35,1.21,2.48,63.8,-16.25,-69.08333,3826
Yunguyo,2016-03-25,12.17,17.84,8.4,63.15,2.81,3.17,63.82,-16.25,-69.08333,3826
Yunguyo,2016-03-26,11.19,15.95,7.64,72.53,0.34,3.37,63.96,-16.25,-69.08333,3826
Yunguyo,2016-03-27,11.25,15.92,8.19,71.49,0.0,2.81,63.99,-16.25,-69.08333,3826
Yunguyo,2016-03-28,11.33,16.13,8.45,69.81,0.0,3.06,63.96,-16.25,-69.08333,3826
Yunguyo,2016-03-29,10.45,15.02,6.85,72.16,0.07,3.59,64.02,-16.25,-69.08333,3826
Yunguyo,2016-03-30,10.67,15.83,6.84,71.53,0.0,3.8,64.05,-16.25,-69.08333,3826
Yunguyo,2016-03-31,10.62,15.61,6.47,66.6,0.0,3.23,64.07,-16.25,-69.08333,3826
Yunguyo,2016-04-01,10.85,15.46,7.11,70.49,0.22,3.65,64.03,-16.25,-69.08333,3826
Yunguyo,2016-04-02,11.5,16.57,7.28,66.09,0.08,2.69,63.92,-16.25,-69.08333,3826
Yunguyo,2016-04-03,11.29,14.85,8.48,73.25,0.09,3.76,63.93,-16.25,-69.08333,3826
Yunguyo,2016-04-04,11.34,15.61,8.46,70.35,1.73,4.99,63.99,-16.25,-69.08333,3826
Yunguyo,2016-04-05,10.15,14.39,5.64,77.67,7.62,4.27,63.98,-16.25,-69.08333,3826
Yunguyo,2016-04-06,9.04,14.22,3.99,77.48,4.28,3.09,63.97,-16.25,-69.08333,3826
Yunguyo,2016-04-07,10.19,14.24,6.89,72.56,7.82,3.02,63.91,-16.25,-69.08333,3826
Yunguyo,2016-04-08,8.82,14.02,5.27,77.29,6.82,2.06,63.87,-16.25,-69.08333,3826
Yunguyo,2016-04-09,8.75,13.12,5.14,75.53,4.83,2.63,63.93,-16.25,-69.08333,3826
Yunguyo,2016-04-10,9.73,14.34,6.28,74.69,0.58,3.24,63.9,-16.25,-69.08333,3826
Yunguyo,2016-04-11,8.55,11.38,6.47,81.64,2.38,3.62,63.9,-16.25,-69.08333,3826
Yunguyo,2016-04-12,9.12,13.83,6.28,75.43,0.9,2.76,63.96,-16.25,-69.08333,3826
Yunguyo,2016-04-13,10.35,15.38,6.37,67.05,0.0,2.55,63.89,-16.25,-69.08333,3826
Yunguyo,2016-04-14,10.63,15.85,7.08,69.02,0.21,3.2,63.86,-16.25,-69.08333,3826
Yunguyo,2016-04-15,9.87,13.93,7.0,77.08,0.75,3.68,63.83,-16.25,-69.08333,3826
Yunguyo,2016-04-16,10.1,14.2,7.24,76.84,1.58,4.11,63.83,-16.25,-69.08333,3826
Yunguyo,2016-04-17,10.3,14.02,7.35,77.17,6.5,4.39,63.96,-16.25,-69.08333,3826
Yunguyo,2016-04-18,10.71,15.17,7.28,69.73,1.31,4.02,63.97,-16.25,-69.08333,3826
Yunguyo,2016-04-19,8.68,12.48,5.54,79.47,7.11,2.42,63.9,-16.25,-69.08333,3826
Yunguyo,2016-04-20,8.52,12.58,5.77,77.5,0.87,3.02,63.85,-16.25,-69.08333,3826
Yunguyo,2016-04-21,9.59,13.04,7.06,69.71,0.17,2.44,63.94,-16.25,-69.08333,3826
Yunguyo,2016-04-22,9.12,14.12,6.42,71.95,0.36,1.92,63.98,-16.25,-69.08333,3826
Yunguyo,2016-04-23,10.73,16.37,6.41,42.97,0.01,1.96,63.88,-16.25,-69.08333,3826
Yunguyo,2016-04-24,9.5,16.01,3.76,38.18,0.1,3.07,63.82,-16.25,-69.08333,3826
Yunguyo,2016-04-25,9.49,15.44,3.78,37.35,3.53,2.51,63.74,-16.25,-69.08333,3826
Yunguyo,2016-04-26,10.13,16.1,5.7,44.03,1.8,2.27,63.73,-16.25,-69.08333,3826
Yunguyo,2016-04-27,9.75,15.08,5.6,42.71,0.04,1.83,63.75,-16.25,-69.08333,3826
Yunguyo,2016-04-28,10.49,17.09,5.59,40.5,0.0,2.04,63.82,-16.25,-69.08333,3826
Yunguyo,2016-04-29,10.19,16.24,6.01,47.63,0.0,2.86,63.83,-16.25,-69.08333,3826
Yunguyo,2016-04-30,9.11,15.3,4.73,67.72,0.0,2.62,63.8,-16.25,-69.08333,3826
Yunguyo,2016-05-01,10.52,16.13,5.42,54.77,0.0,2.31,63.83,-16.25,-69.08333,3826
Yunguyo,2016-05-02,9.63,15.35,5.58,58.82,0.0,3.62,63.91,-16.25,-69.08333,3826
Yunguyo,2016-05-03,7.87,13.12,4.32,65.67,0.0,3.61,63.96,-16.25,-69.08333,3826
Yunguyo,2016-05-04,8.57,12.71,5.07,68.7,0.0,2.15,63.9,-16.25,-69.08333,3826
Yunguyo,2016-05-05,9.09,14.26,4.47,53.46,0.0,2.62,63.87,-16.25,-69.08333,3826
Yunguyo,2016-05-06,9.38,15.09,4.48,52.54,0.0,2.14,63.89,-16.25,-69.08333,3826
Yunguyo,2016-05-07,9.45,13.87,5.74,58.47,0.28,1.81,63.88,-16.25,-69.08333,3826
Yunguyo,2016-05-08,9.15,14.02,5.69,53.94,0.03,2.17,63.78,-16.25,-69.08333,3826
Yunguyo,2016-05-09,8.56,14.72,3.39,44.08,0.0,3.1,63.81,-16.25,-69.08333,3826
Yunguyo,2016-05-10,9.22,14.25,4.14,54.32,1.42,3.15,63.84,-16.25,-69.08333,3826
Yunguyo,2016-05-11,9.52,14.42,5.76,61.51,1.07,2.25,63.89,-16.25,-69.08333,3826
Yunguyo,2016-05-12,9.54,14.68,6.22,67.07,0.13,2.7,63.97,-16.25,-69.08333,3826
Yunguyo,2016-05-13,9.52,13.9,5.73,67.58,0.0,3.06,64.03,-16.25,-69.08333,3826
Yunguyo,2016-05-14,8.51,11.29,6.3,75.08,0.0,2.34,64.05,-16.25,-69.08333,3826
Yunguyo,2016-05-15,9.77,14.75,5.41,60.74,0.0,2.65,64.01,-16.25,-69.08333,3826
Yunguyo,2016-05-16,9.7,13.5,7.59,75.77,0.01,3.12,64.02,-16.25,-69.08333,3826
Yunguyo,2016-05-17,10.02,15.62,6.22,51.51,0.0,1.45,63.92,-16.25,-69.08333,3826
Yunguyo,2016-05-18,9.15,15.1,4.71,34.25,0.0,2.26,63.88,-16.25,-69.08333,3826
Yunguyo,2016-05-19,8.67,14.82,3.77,29.6,0.0,2.48,63.87,-16.25,-69.08333,3826
Yunguyo,2016-05-20,8.68,13.39,4.42,44.71,0.0,2.62,63.97,-16.25,-69.08333,3826
Yunguyo,2016-05-21,9.62,14.59,6.06,50.11,0.04,1.7,64.01,-16.25,-69.08333,3826
Yunguyo,2016-05-22,8.74,13.83,5.09,56.51,0.01,2.44,64.06,-16.25,-69.08333,3826
Yunguyo,2016-05-23,9.1,13.33,4.9,66.62,0.0,2.57,64.12,-16.25,-69.08333,3826
Yunguyo,2016-05-24,10.19,14.93,6.37,56.24,0.91,1.48,64.13,-16.25,-69.08333,3826
Yunguyo,2016-05-25,9.48,14.4,5.45,42.91,0.13,2.06,64.05,-16.25,-69.08333,3826
Yunguyo,2016-05-26,7.8,13.03,2.83,43.07,0.01,2.85,63.91,-16.25,-69.08333,3826
Yunguyo,2016-05-27,8.16,13.91,3.84,50.87,0.08,2.49,63.84,-16.25,-69.08333,3826
Yunguyo,2016-05-28,8.35,15.13,3.66,34.33,0.0,2.66,63.9,-16.25,-69.08333,3826
Yunguyo,2016-05-29,7.64,14.73,2.65,33.8,0.0,3.26,63.89,-16.25,-69.08333,3826
Yunguyo,2016-05-30,7.21,13.88,1.44,30.57,0.0,2.71,63.78,-16.25,-69.08333,3826
Yunguyo,2016-05-31,7.29,13.47,2.37,37.59,0.13,2.66,63.73,-16.25,-69.08333,3826
Yunguyo,2016-06-01,6.86,14.09,1.42,32.32,0.34,3.6,63.82,-16.25,-69.08333,3826
Yunguyo,2016-06-02,7.07,12.98,2.1,33.38,0.45,2.22,63.85,-16.25,-69.08333,3826
Yunguyo,2016-06-03,8.06,13.46,4.23,42.23,0.98,1.84,63.82,-16.25,-69.08333,3826
Yunguyo,2016-06-04,8.66,13.73,4.99,46.89,0.39,2.11,63.77,-16.25,-69.08333,3826
Yunguyo,2016-06-05,8.89,14.06,4.6,50.69,0.05,2.79,63.78,-16.25,-69.08333,3826
Yunguyo,2016-06-06,9.09,14.37,5.62,45.86,0.71,2.33,63.88,-16.25,-69.08333,3826
Yunguyo,2016-06-07,8.27,13.31,4.51,49.0,1.32,2.32,63.96,-16.25,-69.08333,3826
Yunguyo,2016-06-08,8.46,13.63,4.86,45.91,0.1,1.39,64.0,-16.25,-69.08333,3826
Yunguyo,2016-06-09,8.57,13.21,5.13,41.88,0.01,1.7,63.97,-16.25,-69.08333,3826
Yunguyo,2016-06-10,7.53,12.88,4.03,47.27,0.0,3.36,64.11,-16.25,-69.08333,3826
Yunguyo,2016-06-11,7.4,12.93,3.82,71.41,0.0,2.63,64.07,-16.25,-69.08333,3826
Yunguyo,2016-06-12,7.08,11.61,3.89,74.54,0.0,2.87,64.06,-16.25,-69.08333,3826
Yunguyo,2016-06-13,8.1,13.69,3.43,63.38,0.0,2.21,64.06,-16.25,-69.08333,3826
Yunguyo,2016-06-14,8.07,13.33,4.0,66.3,0.0,2.95,64.11,-16.25,-69.08333,3826
Yunguyo,2016-06-15,7.95,13.24,4.17,59.79,0.0,2.39,64.19,-16.25,-69.08333,3826
Yunguyo,2016-06-16,8.13,13.57,4.68,59.39,0.0,2.58,64.05,-16.25,-69.08333,3826
Yunguyo,2016-06-17,7.52,13.16,3.91,59.4,0.0,2.13,63.9,-16.25,-69.08333,3826
Yunguyo,2016-06-18,6.81,12.17,3.02,51.35,0.0,2.48,63.85,-16.25,-69.08333,3826
Yunguyo,2016-06-19,7.28,12.41,3.36,62.2,0.0,2.74,63.84,-16.25,-69.08333,3826
Yunguyo,2016-06-20,7.44,12.93,3.58,51.51,0.0,1.51,63.84,-16.25,-69.08333,3826
Yunguyo,2016-06-21,7.2,13.33,3.55,36.17,0.0,1.93,63.88,-16.25,-69.08333,3826
Yunguyo,2016-06-22,7.08,12.8,3.06,35.76,0.0,1.89,63.91,-16.25,-69.08333,3826
Yunguyo,2016-06-23,6.86,12.21,2.89,45.14,0.0,1.68,63.89,-16.25,-69.08333,3826
Yunguyo,2016-06-24,7.56,12.94,3.37,43.2,0.0,2.44,63.76,-16.25,-69.08333,3826
Yunguyo,2016-06-25,7.4,13.15,3.37,58.08,0.0,3.54,63.64,-16.25,-69.08333,3826
Yunguyo,2016-06-26,6.41,11.29,2.92,72.51,0.01,4.03,63.76,-16.25,-69.08333,3826
Yunguyo,2016-06-27,5.36,9.29,2.59,81.02,0.0,2.84,63.91,-16.25,-69.08333,3826
Yunguyo,2016-06-28,5.59,10.33,1.82,77.68,1.07,2.84,63.9,-16.25,-69.08333,3826
Yunguyo,2016-06-29,6.92,10.79,3.94,66.28,0.04,1.83,63.93,-16.25,-69.08333,3826
Yunguyo,2016-06-30,7.92,13.12,4.36,62.06,0.0,2.2,63.94,-16.25,-69.08333,3826
Yunguyo,2016-07-01,7.49,12.15,4.28,71.57,0.0,2.51,63.97,-16.25,-69.08333,3826
Yunguyo,2016-07-02,7.49,11.88,4.14,62.8,0.03,1.68,64.0,-16.25,-69.08333,3826
Yunguyo,2016-07-03,7.58,12.31,4.43,62.52,0.0,3.19,63.93,-16.25,-69.08333,3826
Yunguyo,2016-07-04,7.47,13.16,2.9,57.54,0.0,4.46,63.82,-16.25,-69.08333,3826
Yunguyo,2016-07-05,7.44,13.54,2.54,55.57,0.01,2.93,63.85,-16.25,-69.08333,3826
Yunguyo,2016-07-06,7.17,11.37,2.52,58.17,0.33,1.93,63.93,-16.25,-69.08333,3826
Yunguyo,2016-07-07,3.43,4.86,1.65,89.35,22.04,2.5,63.93,-16.25,-69.08333,3826
Yunguyo,2016-07-08,5.74,10.73,2.68,69.89,0.8,3.79,63.96,-16.25,-69.08333,3826
Yunguyo,2016-07-09,6.24,11.26,1.68,56.4,0.04,2.23,64.0,-16.25,-69.08333,3826
Yunguyo,2016-07-10,7.73,12.57,3.71,54.24,0.02,1.66,63.92,-16.25,-69.08333,3826
Yunguyo,2016-07-11,7.5,12.79,2.97,40.31,0.04,2.03,63.88,-16.25,-69.08333,3826
Yunguyo,2016-07-12,7.65,12.87,3.82,41.23,0.0,1.9,63.86,-16.25,-69.08333,3826
Yunguyo,2016-07-13,8.07,12.81,4.47,62.7,0.23,1.86,63.86,-16.25,-69.08333,3826
Yunguyo,2016-07-14,8.42,13.19,4.74,43.7,0.05,2.02,63.86,-16.25,-69.08333,3826
Yunguyo,2016-07-15,8.7,13.82,5.1,50.16,0.04,2.08,63.82,-16.25,-69.08333,3826
Yunguyo,2016-07-16,7.78,13.09,3.97,51.13,0.93,2.49,63.88,-16.25,-69.08333,3826
Yunguyo,2016-07-17,7.57,12.04,3.92,65.58,0.05,1.61,63.9,-16.25,-69.08333,3826
Yunguyo,2016-07-18,8.9,14.03,5.09,48.42,0.0,2.07,63.87,-16.25,-69.08333,3826
Yunguyo,2016-07-19,7.81,12.21,3.91,67.87,0.0,2.2,63.92,-16.25,-69.08333,3826
Yunguyo,2016-07-20,8.46,13.66,4.36,54.15,0.0,2.62,63.98,-16.25,-69.08333,3826
Yunguyo,2016-07-21,8.44,13.55,4.33,53.36,0.0,2.39,64.02,-16.25,-69.08333,3826
Yunguyo,2016-07-22,8.3,13.7,4.08,52.69,0.0,2.33,63.94,-16.25,-69.08333,3826
Yunguyo,2016-07-23,8.06,13.54,4.16,51.09,0.0,2.37,63.87,-16.25,-69.08333,3826
Yunguyo,2016-07-24,7.77,13.1,3.82,64.18,0.0,2.52,63.82,-16.25,-69.08333,3826
Yunguyo,2016-07-25,8.94,14.74,4.02,45.91,0.0,2.42,63.82,-16.25,-69.08333,3826
Yunguyo,2016-07-26,8.37,13.86,5.28,53.89,0.0,2.98,63.87,-16.25,-69.08333,3826
Yunguyo,2016-07-27,8.18,13.18,4.25,67.96,0.0,2.94,63.92,-16.25,-69.08333,3826
Yunguyo,2016-07-28,8.68,14.09,5.2,61.29,0.0,2.12,63.9,-16.25,-69.08333,3826
Yunguyo,2016-07-29,8.21,13.8,4.31,64.22,0.0,2.3,63.87,-16.25,-69.08333,3826
Yunguyo,2016-07-30,7.93,13.36,4.62,56.27,0.0,2.83,63.87,-16.25,-69.08333,3826
Yunguyo,2016-07-31,8.08,13.43,4.41,52.03,0.0,2.59,63.89,-16.25,-69.08333,3826
Yunguyo,2016-08-01,7.64,12.79,3.94,62.65,0.0,2.99,63.95,-16.25,-69.08333,3826
Yunguyo,2016-08-02,7.23,12.4,3.47,65.97,0.0,3.06,64.0,-16.25,-69.08333,3826
Yunguyo,2016-08-03,8.28,13.35,4.58,63.56,0.0,2.28,63.94,-16.25,-69.08333,3826
Yunguyo,2016-08-04,8.31,13.23,4.59,64.92,0.0,2.28,63.91,-16.25,-69.08333,3826
Yunguyo,2016-08-05,9.0,14.35,5.29,62.99,0.0,3.29,63.87,-16.25,-69.08333,3826
Yunguyo,2016-08-06,8.59,14.45,3.6,68.92,0.37,5.55,63.83,-16.25,-69.08333,3826
Yunguyo,2016-08-07,9.27,14.11,5.48,73.56,4.46,4.48,63.84,-16.25,-69.08333,3826
Yunguyo,2016-08-08,9.81,14.8,5.53,56.85,0.47,2.71,63.77,-16.25,-69.08333,3826
Yunguyo,2016-08-09,7.35,12.32,3.7,67.89,3.44,2.03,63.85,-16.25,-69.08333,3826
Yunguyo,2016-08-10,4.74,8.93,1.86,77.38,0.55,1.73,63.98,-16.25,-69.08333,3826
Yunguyo,2016-08-11,7.69,12.94,3.85,61.08,0.0,2.05,63.87,-16.25,-69.08333,3826
Yunguyo,2016-08-12,7.73,13.01,3.75,59.07,0.0,2.47,63.84,-16.25,-69.08333,3826
Yunguyo,2016-08-13,8.71,12.93,5.48,60.47,0.0,1.84,63.82,-16.25,-69.08333,3826
Yunguyo,2016-08-14,9.26,14.2,5.82,52.29,0.0,1.86,63.81,-16.25,-69.08333,3826
Yunguyo,2016-08-15,9.44,14.85,5.01,47.7,0.0,1.44,63.83,-16.25,-69.08333,3826
Yunguyo,2016-08-16,9.17,14.14,5.16,58.97,0.0,2.56,63.88,-16.25,-69.08333,3826
Yunguyo,2016-08-17,8.88,13.9,5.21,58.91,0.0,2.49,63.94,-16.25,-69.08333,3826
Yunguyo,2016-08-18,8.07,12.09,4.64,60.83,0.34,1.92,63.9,-16.25,-69.08333,3826
Yunguyo,2016-08-19,8.22,12.52,5.07,38.42,0.24,1.71,63.8,-16.25,-69.08333,3826
Yunguyo,2016-08-20,7.46,11.58,3.29,34.63,0.11,2.62,63.88,-16.25,-69.08333,3826
Yunguyo,2016-08-21,7.1,12.26,3.14,73.2,0.45,4.3,63.99,-16.25,-69.08333,3826
Yunguyo,2016-08-22,8.14,13.27,4.97,69.63,0.0,2.81,64.0,-16.25,-69.08333,3826
Yunguyo,2016-08-23,8.92,13.93,5.66,64.6,0.0,2.01,63.93,-16.25,-69.08333,3826
Yunguyo,2016-08-24,9.54,14.68,5.95,60.59,0.0,2.18,63.9,-16.25,-69.08333,3826
Yunguyo,2016-08-25,8.41,12.17,5.72,66.21,0.0,2.75,63.88,-16.25,-69.08333,3826
Yunguyo,2016-08-26,8.56,13.47,4.94,68.04,0.0,2.6,63.84,-16.25,-69.08333,3826
Yunguyo,2016-08-27,9.31,13.66,5.46,53.89,0.04,1.81,63.75,-16.25,-69.08333,3826
Yunguyo,2016-08-28,7.99,14.32,2.29,35.16,0.0,4.59,63.7,-16.25,-69.08333,3826
Yunguyo,2016-08-29,6.97,14.19,0.37,26.64,0.01,5.01,63.75,-16.25,-69.08333,3826
Yunguyo,2016-08-30,7.84,14.91,2.19,32.16,0.0,2.89,63.76,-16.25,-69.08333,3826
Yunguyo,2016-08-31,8.02,14.22,3.4,49.03,0.0,2.58,63.83,-16.25,-69.08333,3826
Yunguyo,2016-09-01,8.5,13.97,5.2,62.45,0.0,3.28,63.86,-16.25,-69.08333,3826
Yunguyo,2016-09-02,5.72,10.21,3.43,67.33,1.94,2.12,63.86,-16.25,-69.08333,3826
Yunguyo,2016-09-03,7.58,15.33,3.07,44.74,0.7,2.76,63.74,-16.25,-69.08333,3826
Yunguyo,2016-09-04,5.05,8.65,2.28,61.35,0.13,2.38,63.78,-16.25,-69.08333,3826
Yunguyo,2016-09-05,6.96,13.94,1.08,44.91,0.0,3.42,63.85,-16.25,-69.08333,3826
Yunguyo,2016-09-06,7.74,13.47,3.26,64.51,0.0,2.88,63.96,-16.25,-69.08333,3826
Yunguyo,2016-09-07,9.54,15.34,4.93,52.19,0.0,1.58,63.93,-16.25,-69.08333,3826
Yunguyo,2016-09-08,9.09,15.11,4.58,41.46,0.0,2.37,63.9,-16.25,-69.08333,3826
Yunguyo,2016-09-09,8.94,14.63,4.41,58.61,0.0,2.62,63.96,-16.25,-69.08333,3826
Yunguyo,2016-09-10,8.75,14.49,4.69,60.24,0.0,3.14,64.14,-16.25,-69.08333,3826
Yunguyo,2016-09-11,9.41,15.29,4.53,52.74,0.0,2.65,64.07,-16.25,-69.08333,3826
Yunguyo,2016-09-12,11.54,18.04,6.65,51.2,0.0,2.69,63.86,-16.25,-69.08333,3826
Yunguyo,2016-09-13,10.87,17.45,6.69,60.09,0.0,3.83,63.88,-16.25,-69.08333,3826
Yunguyo,2016-09-14,10.41,16.29,5.59,60.58,0.0,3.39,64.03,-16.25,-69.08333,3826
Yunguyo,2016-09-15,9.89,14.3,6.95,68.1,0.0,2.88,63.97,-16.25,-69.08333,3826
Yunguyo,2016-09-16,9.99,15.23,6.22,64.94,0.0,3.2,63.95,-16.25,-69.08333,3826
Yunguyo,2016-09-17,9.72,15.02,6.34,65.65,0.0,3.13,63.94,-16.25,-69.08333,3826
Yunguyo,2016-09-18,9.29,14.4,6.42,63.82,0.46,3.72,63.98,-16.25,-69.08333,3826
Yunguyo,2016-09-19,7.27,11.38,4.15,68.54,1.15,4.06,64.03,-16.25,-69.08333,3826
Yunguyo,2016-09-20,7.9,13.21,3.92,71.45,0.28,3.68,63.89,-16.25,-69.08333,3826
Yunguyo,2016-09-21,8.05,13.5,3.75,68.22,1.0,3.96,63.83,-16.25,-69.08333,3826
Yunguyo,2016-09-22,8.48,13.34,4.72,72.34,0.11,4.07,63.85,-16.25,-69.08333,3826
Yunguyo,2016-09-23,7.99,12.29,5.36,75.21,1.39,4.25,64.03,-16.25,-69.08333,3826
Yunguyo,2016-09-24,8.73,14.14,4.86,69.76,1.49,3.01,64.0,-16.25,-69.08333,3826
Yunguyo,2016-09-25,7.47,11.09,3.85,74.22,0.44,2.62,63.89,-16.25,-69.08333,3826
Yunguyo,2016-09-26,8.77,13.46,5.77,69.99,0.0,2.94,63.83,-16.25,-69.08333,3826
Yunguyo,2016-09-27,9.24,14.75,5.35,62.16,0.0,3.45,63.87,-16.25,-69.08333,3826
Yunguyo,2016-09-28,9.84,15.36,5.81,62.43,0.0,3.36,63.93,-16.25,-69.08333,3826
Yunguyo,2016-09-29,10.39,15.61,6.74,62.01,0.0,2.33,63.87,-16.25,-69.08333,3826
Yunguyo,2016-09-30,11.06,16.31,6.37,53.3,0.0,2.93,63.74,-16.25,-69.08333,3826
Yunguyo,2016-10-01,8.17,11.81,4.34,79.56,0.23,5.36,63.8,-16.25,-69.08333,3826
Yunguyo,2016-10-02,8.03,13.92,3.35,75.06,0.04,3.83,63.9,-16.25,-69.08333,3826
Yunguyo,2016-10-03,9.36,14.69,5.28,69.04,0.03,3.28,63.83,-16.25,-69.08333,3826
Yunguyo,2016-10-04,10.37,15.2,6.61,60.86,0.0,2.24,63.77,-16.25,-69.08333,3826
Yunguyo,2016-10-05,9.84,15.66,4.86,42.46,0.86,4.1,63.79,-16.25,-69.08333,3826
Yunguyo,2016-10-06,9.87,15.2,5.59,50.65,0.44,2.19,63.65,-16.25,-69.08333,3826
Yunguyo,2016-10-07,9.22,15.82,3.07,30.79,0.0,2.25,63.55,-16.25,-69.08333,3826
Yunguyo,2016-10-08,8.93,15.0,4.56,60.18,0.85,4.19,63.67,-16.25,-69.08333,3826
Yunguyo,2016-10-09,9.37,14.41,5.6,69.37,0.32,4.42,63.75,-16.25,-69.08333,3826
Yunguyo,2016-10-10,8.22,12.73,5.35,72.56,3.57,2.52,63.84,-16.25,-69.08333,3826
Yunguyo,2016-10-11,9.13,13.45,6.33,58.51,0.87,1.47,63.8,-16.25,-69.08333,3826
Yunguyo,2016-10-12,10.58,16.88,5.78,45.27,0.0,1.81,63.73,-16.25,-69.08333,3826
Yunguyo,2016-10-13,10.87,16.49,5.6,42.7,0.0,3.01,63.74,-16.25,-69.08333,3826
Yunguyo,2016-10-14,10.07,14.57,6.81,65.55,14.09,2.36,63.86,-16.25,-69.08333,3826
Yunguyo,2016-10-15,10.67,16.08,6.95,58.22,1.31,2.65,63.84,-16.25,-69.08333,3826
Yunguyo,2016-10-16,8.06,12.78,3.63,73.5,0.97,1.91,63.76,-16.25,-69.08333,3826
Yunguyo,2016-10-17,6.95,13.25,3.73,70.38,9.46,2.46,63.78,-16.25,-69.08333,3826
Yunguyo,2016-10-18,8.59,12.0,5.75,61.39,1.42,2.83,63.83,-16.25,-69.08333,3826
Yunguyo,2016-10-19,9.77,14.02,7.02,65.31,0.0,3.36,63.81,-16.25,-69.08333,3826
Yunguyo,2016-10-20,7.92,12.5,3.9,76.46,3.07,3.99,63.79,-16.25,-69.08333,3826
Yunguyo,2016-10-21,8.38,14.11,3.68,62.78,0.81,2.48,63.76,-16.25,-69.08333,3826
Yunguyo,2016-10-22,9.24,12.87,5.79,51.93,0.0,1.75,63.84,-16.25,-69.08333,3826
Yunguyo,2016-10-23,10.87,16.1,6.7,50.9,0.16,2.74,63.87,-16.25,-69.08333,3826
Yunguyo,2016-10-24,9.35,14.78,5.36,67.5,0.06,3.11,63.81,-16.25,-69.08333,3826
Yunguyo,2016-10-25,10.58,15.68,5.36,60.14,0.64,2.86,63.66,-16.25,-69.08333,3826
Yunguyo,2016-10-26,9.61,14.55,5.79,69.69,1.17,4.06,63.62,-16.25,-69.08333,3826
Yunguyo,2016-10-27,6.7,11.54,2.97,73.42,1.82,5.94,63.75,-16.25,-69.08333,3826
Yunguyo,2016-10-28,7.28,13.95,2.79,60.4,2.95,4.41,63.81,-16.25,-69.08333,3826
Yunguyo,2016-10-29,8.35,14.38,3.54,69.24,2.68,2.57,63.87,-16.25,-69.08333,3826
Yunguyo,2016-10-30,10.2,15.57,6.18,58.88,1.69,2.32,63.8,-16.25,-69.08333,3826
Yunguyo,2016-10-31,10.89,16.55,5.95,45.59,0.0,2.2,63.66,-16.25,-69.08333,3826
Yunguyo,2016-11-01,11.54,17.1,6.76,47.67,0.05,1.83,63.62,-16.25,-69.08333,3826
Yunguyo,2016-11-02,10.62,16.51,5.23,46.78,0.02,4.01,63.73,-16.25,-69.08333,3826
Yunguyo,2016-11-03,9.91,16.07,5.7,65.25,0.0,4.42,63.83,-16.25,-69.08333,3826
Yunguyo,2016-11-04,8.69,14.61,4.74,70.78,0.0,5.34,64.04,-16.25,-69.08333,3826
Yunguyo,2016-11-05,8.91,14.14,4.63,62.42,0.0,3.99,64.06,-16.25,-69.08333,3826
Yunguyo,2016-11-06,10.15,16.28,5.06,52.48,0.0,3.68,63.89,-16.25,-69.08333,3826
Yunguyo,2016-11-07,10.6,16.41,6.5,56.27,0.0,2.56,63.83,-16.25,-69.08333,3826
Yunguyo,2016-11-08,10.44,15.29,6.86,59.43,1.14,2.13,63.78,-16.25,-69.08333,3826
Yunguyo,2016-11-09,9.71,13.92,6.42,67.26,0.5,3.44,63.76,-16.25,-69.08333,3826
Yunguyo,2016-11-10,9.89,15.0,5.37,59.76,1.56,2.05,63.8,-16.25,-69.08333,3826
Yunguyo,2016-11-11,10.73,16.28,4.71,36.24,0.0,2.34,63.72,-16.25,-69.08333,3826
Yunguyo,2016-11-12,11.48,17.51,5.67,38.33,0.59,2.14,63.58,-16.25,-69.08333,3826
Yunguyo,2016-11-13,10.65,16.89,5.42,36.82,0.02,1.57,63.58,-16.25,-69.08333,3826
Yunguyo,2016-11-14,10.29,16.56,3.68,34.52,0.76,2.01,63.53,-16.25,-69.08333,3826
Yunguyo,2016-11-15,11.41,18.61,5.31,34.72,0.4,2.64,63.48,-16.25,-69.08333,3826
Yunguyo,2016-11-16,10.8,16.97,4.75,35.57,0.29,2.69,63.52,-16.25,-69.08333,3826
Yunguyo,2016-11-17,10.49,15.22,6.36,54.37,0.33,4.83,63.62,-16.25,-69.08333,3826
Yunguyo,2016-11-18,8.94,14.24,5.38,73.4,0.09,4.91,63.78,-16.25,-69.08333,3826
Yunguyo,2016-11-19,10.16,15.78,5.88,60.27,0.0,2.54,63.7,-16.25,-69.08333,3826
Yunguyo,2016-11-20,10.59,15.75,5.91,37.62,0.0,2.34,63.56,-16.25,-69.08333,3826
Yunguyo,2016-11-21,10.67,16.16,5.96,56.53,0.41,3.93,63.54,-16.25,-69.08333,3826
Yunguyo,2016-11-22,10.76,15.29,7.54,64.88,0.88,3.63,63.6,-16.25,-69.08333,3826
Yunguyo,2016-11-23,11.23,16.8,6.91,54.48,0.17,2.81,63.62,-16.25,-69.08333,3826
Yunguyo,2016-11-24,11.96,16.71,8.34,54.33,0.0,2.52,63.67,-16.25,-69.08333,3826
Yunguyo,2016-11-25,9.62,12.74,5.89,62.92,0.0,3.6,63.77,-16.25,-69.08333,3826
Yunguyo,2016-11-26,10.4,14.71,7.54,63.13,0.0,3.02,63.7,-16.25,-69.08333,3826
Yunguyo,2016-11-27,9.49,12.63,7.17,59.52,0.0,2.97,63.75,-16.25,-69.08333,3826
Yunguyo,2016-11-28,10.06,15.41,4.7,66.14,0.64,2.69,63.77,-16.25,-69.08333,3826
Yunguyo,2016-11-29,7.67,12.29,4.82,76.21,0.26,3.55,63.88,-16.25,-69.08333,3826
Yunguyo,2016-11-30,8.96,14.03,4.88,71.21,0.1,2.74,63.87,-16.25,-69.08333,3826
Yunguyo,2016-12-01,9.31,14.24,4.4,70.95,4.67,3.7,63.81,-16.25,-69.08333,3826
Yunguyo,2016-12-02,9.88,14.88,5.81,71.39,1.18,3.09,63.78,-16.25,-69.08333,3826
Yunguyo,2016-12-03,10.82,14.77,7.89,68.7,0.15,2.97,63.78,-16.25,-69.08333,3826
Yunguyo,2016-12-04,9.59,13.87,6.44,72.71,3.88,3.62,63.79,-16.25,-69.08333,3826
Yunguyo,2016-12-05,11.24,16.29,7.39,64.59,0.01,2.99,63.7,-16.25,-69.08333,3826
Yunguyo,2016-12-06,9.39,13.18,4.16,72.99,0.0,3.78,63.78,-16.25,-69.08333,3826
Yunguyo,2016-12-07,11.52,16.45,8.02,64.85,1.44,3.85,63.69,-16.25,-69.08333,3826
Yunguyo,2016-12-08,10.42,14.72,7.84,72.66,6.68,3.22,63.6,-16.25,-69.08333,3826
Yunguyo,2016-12-09,9.27,15.82,3.21,62.3,2.38,1.95,63.57,-16.25,-69.08333,3826
Yunguyo,2016-12-10,9.82,12.85,6.34,39.62,0.0,2.57,63.66,-16.25,-69.08333,3826
Yunguyo,2016-12-11,10.04,15.46,4.93,62.8,0.1,2.41,63.7,-16.25,-69.08333,3826
Yunguyo,2016-12-12,8.91,14.79,3.46,68.74,0.32,1.8,63.68,-16.25,-69.08333,3826
Yunguyo,2016-12-13,11.72,17.59,6.85,48.14,0.0,3.98,63.69,-16.25,-69.08333,3826
Yunguyo,2016-12-14,10.14,13.84,7.27,72.15,2.02,6.04,63.86,-16.25,-69.08333,3826
Yunguyo,2016-12-15,9.55,13.97,5.86,71.98,0.46,5.03,63.93,-16.25,-69.08333,3826
Yunguyo,2016-12-16,10.77,17.12,6.52,66.25,1.28,4.27,63.87,-16.25,-69.08333,3826
Yunguyo,2016-12-17,10.52,16.49,6.38,63.89,0.18,3.94,63.81,-16.25,-69.08333,3826
Yunguyo,2016-12-18,11.84,18.32,6.4,55.66,0.29,3.01,63.72,-16.25,-69.08333,3826
Yunguyo,2016-12-19,11.69,15.52,8.46,64.23,1.76,2.31,63.66,-16.25,-69.08333,3826
Yunguyo,2016-12-20,10.93,15.75,7.31,57.61,2.29,4.93,63.63,-16.25,-69.08333,3826
Yunguyo,2016-12-21,10.92,16.86,6.36,63.11,0.0,3.99,63.61,-16.25,-69.08333,3826
Yunguyo,2016-12-22,10.39,14.29,7.36,70.52,0.53,3.79,63.65,-16.25,-69.08333,3826
Yunguyo,2016-12-23,9.55,15.06,4.21,73.23,0.58,4.39,63.72,-16.25,-69.08333,3826
Yunguyo,2016-12-24,11.11,16.37,7.29,64.24,0.24,4.5,63.72,-16.25,-69.08333,3826
Yunguyo,2016-12-25,11.43,15.61,7.57,64.57,0.01,2.76,63.67,-16.25,-69.08333,3826
Yunguyo,2016-12-26,9.39,12.74,4.86,73.61,2.83,2.81,63.64,-16.25,-69.08333,3826
Yunguyo,2016-12-27,9.84,14.75,5.42,71.25,6.12,3.87,63.64,-16.25,-69.08333,3826
Yunguyo,2016-12-28,8.68,12.92,5.02,77.85,2.94,5.04,63.71,-16.25,-69.08333,3826
Yunguyo,2016-12-29,10.06,15.12,6.48,75.27,8.68,4.94,63.75,-16.25,-69.08333,3826
Yunguyo,2016-12-30,10.82,15.86,6.86,73.97,6.65,3.83,63.73,-16.25,-69.08333,3826
Yunguyo,2016-12-31,9.91,14.18,6.49,77.52,2.74,4.71,63.77,-16.25,-69.08333,3826
Yunguyo,2017-01-01,10.88,15.6,7.46,71.28,0.16,4.03,63.85,-16.25,-69.08333,3826
Yunguyo,2017-01-02,10.63,15.31,7.47,71.57,1.94,4.08,63.84,-16.25,-69.08333,3826
Yunguyo,2017-01-03,10.26,14.92,6.93,72.77,18.03,3.53,63.74,-16.25,-69.08333,3826
Yunguyo,2017-01-04,10.02,14.28,7.4,72.68,8.58,3.68,63.63,-16.25,-69.08333,3826
Yunguyo,2017-01-05,8.29,13.51,5.1,83.24,9.47,5.1,63.66,-16.25,-69.08333,3826
Yunguyo,2017-01-06,9.98,14.4,6.67,75.58,10.59,5.04,63.76,-16.25,-69.08333,3826
Yunguyo,2017-01-07,9.72,14.17,6.19,76.58,5.52,3.31,63.81,-16.25,-69.08333,3826
Yunguyo,2017-01-08,9.68,14.03,6.57,78.99,8.72,3.5,63.73,-16.25,-69.08333,3826
Yunguyo,2017-01-09,8.57,12.35,5.63,81.46,4.35,2.77,63.65,-16.25,-69.08333,3826
Yunguyo,2017-01-10,10.29,14.45,6.77,74.48,3.07,4.19,63.63,-16.25,-69.08333,3826
Yunguyo,2017-01-11,9.02,11.57,6.73,80.68,0.61,5.69,63.74,-16.25,-69.08333,3826
Yunguyo,2017-01-12,9.39,13.89,5.42,74.6,1.81,4.84,63.85,-16.25,-69.08333,3826
Yunguyo,2017-01-13,9.91,14.47,6.94,71.24,3.54,3.64,63.79,-16.25,-69.08333,3826
Yunguyo,2017-01-14,9.66,14.2,5.82,71.5,5.68,4.1,63.67,-16.25,-69.08333,3826
Yunguyo,2017-01-15,10.4,15.53,6.03,70.01,3.65,2.99,63.6,-16.25,-69.08333,3826
Yunguyo,2017-01-16,10.3,14.68,7.45,72.42,3.94,4.32,63.66,-16.25,-69.08333,3826
Yunguyo,2017-01-17,10.26,14.62,6.92,65.69,0.76,4.37,63.77,-16.25,-69.08333,3826
Yunguyo,2017-01-18,9.64,13.52,6.5,71.12,2.41,3.9,63.84,-16.25,-69.08333,3826
Yunguyo,2017-01-19,9.32,13.66,5.24,71.6,1.49,3.79,63.83,-16.25,-69.08333,3826
Yunguyo,2017-01-20,9.38,15.05,5.28,70.61,0.16,4.95,63.88,-16.25,-69.08333,3826
Yunguyo,2017-01-21,9.22,13.22,6.16,70.78,0.93,4.92,63.9,-16.25,-69.08333,3826
Yunguyo,2017-01-22,9.64,14.64,5.85,70.77,0.89,3.87,63.83,-16.25,-69.08333,3826
Yunguyo,2017-01-23,9.75,14.9,6.07,73.01,4.68,2.79,63.7,-16.25,-69.08333,3826
Yunguyo,2017-01-24,8.21,13.44,3.94,78.34,15.8,2.71,63.65,-16.25,-69.08333,3826
Yunguyo,2017-01-25,6.53,10.68,3.59,84.24,14.05,2.11,63.82,-16.25,-69.08333,3826
Yunguyo,2017-01-26,7.05,11.53,3.68,82.1,10.49,3.49,63.97,-16.25,-69.08333,3826
Yunguyo,2017-01-27,7.83,13.26,3.44,74.69,0.64,5.32,64.02,-16.25,-69.08333,3826
Yunguyo,2017-01-28,8.81,14.64,4.41,73.47,0.22,4.48,63.92,-16.25,-69.08333,3826
Yunguyo,2017-01-29,9.65,14.88,5.37,70.32,0.0,3.27,63.91,-16.25,-69.08333,3826
Yunguyo,2017-01-30,11.38,16.95,6.85,59.99,0.0,2.55,63.84,-16.25,-69.08333,3826
Yunguyo,2017-01-31,11.12,16.6,6.78,62.34,0.2,2.35,63.78,-16.25,-69.08333,3826
Yunguyo,2017-02-01,11.5,16.89,7.32,64.47,7.21,3.0,63.68,-16.25,-69.08333,3826
Yunguyo,2017-02-02,11.31,16.91,6.78,62.48,4.09,3.52,63.67,-16.25,-69.08333,3826
Yunguyo,2017-02-03,11.53,16.05,8.36,71.88,2.46,3.62,63.68,-16.25,-69.08333,3826
Yunguyo,2017-02-04,11.8,16.38,8.86,66.41,0.1,2.97,63.71,-16.25,-69.08333,3826
Yunguyo,2017-02-05,11.68,16.92,7.8,65.21,0.02,4.07,63.77,-16.25,-69.08333,3826
Yunguyo,2017-02-06,10.71,14.01,8.19,75.76,0.95,4.56,63.78,-16.25,-69.08333,3826
Yunguyo,2017-02-07,10.93,15.25,7.55,70.9,0.24,3.13,63.78,-16.25,-69.08333,3826
Yunguyo,2017-02-08,11.63,16.61,7.99,65.59,0.08,3.58,63.82,-16.25,-69.08333,3826
Yunguyo,2017-02-09,11.64,16.48,8.03,61.15,0.0,3.62,63.84,-16.25,-69.08333,3826
Yunguyo,2017-02-10,12.55,17.69,8.68,55.4,0.0,2.61,63.74,-16.25,-69.08333,3826
Yunguyo,2017-02-11,12.24,17.23,8.27,59.95,0.04,3.36,63.65,-16.25,-69.08333,3826
Yunguyo,2017-02-12,10.31,13.06,8.66,70.81,0.71,3.25,63.65,-16.25,-69.08333,3826
Yunguyo,2017-02-13,9.56,13.24,6.74,79.11,0.64,5.51,63.65,-16.25,-69.08333,3826
Yunguyo,2017-02-14,10.29,16.28,6.32,64.92,0.0,4.32,63.79,-16.25,-69.08333,3826
Yunguyo,2017-02-15,10.02,15.67,5.45,66.04,1.52,3.79,63.9,-16.25,-69.08333,3826
Yunguyo,2017-02-16,9.35,14.57,5.54,76.82,9.1,3.17,63.82,-16.25,-69.08333,3826
Yunguyo,2017-02-17,9.74,14.19,6.45,75.98,1.3,3.39,63.72,-16.25,-69.08333,3826
Yunguyo,2017-02-18,10.0,14.28,6.72,73.33,2.67,2.13,63.68,-16.25,-69.08333,3826
Yunguyo,2017-02-19,9.54,12.03,7.8,81.76,11.58,4.53,63.77,-16.25,-69.08333,3826
Yunguyo,2017-02-20,9.85,13.48,6.75,77.08,3.76,4.78,63.86,-16.25,-69.08333,3826
Yunguyo,2017-02-21,8.82,12.64,6.23,80.43,4.57,4.9,63.83,-16.25,-69.08333,3826
Yunguyo,2017-02-22,8.18,13.3,5.26,77.29,1.26,5.62,63.8,-16.25,-69.08333,3826
Yunguyo,2017-02-23,7.69,12.39,4.46,79.2,0.88,5.34,63.79,-16.25,-69.08333,3826
Yunguyo,2017-02-24,8.26,13.38,4.4,77.7,1.37,4.76,63.79,-16.25,-69.08333,3826
Yunguyo,2017-02-25,8.93,13.18,5.66,78.95,2.4,4.52,63.7,-16.25,-69.08333,3826
Yunguyo,2017-02-26,9.15,12.91,6.42,80.73,5.01,5.1,63.67,-16.25,-69.08333,3826
Yunguyo,2017-02-27,9.4,13.31,6.47,75.56,1.63,2.69,63.7,-16.25,-69.08333,3826
Yunguyo,2017-02-28,9.05,12.05,6.4,78.76,3.69,2.05,63.62,-16.25,-69.08333,3826
Yunguyo,2017-03-01,7.92,12.76,5.26,81.48,5.33,3.15,63.53,-16.25,-69.08333,3826
Yunguyo,2017-03-02,9.33,15.41,3.98,74.17,4.47,2.04,63.59,-16.25,-69.08333,3826
Yunguyo,2017-03-03,9.48,13.48,5.78,75.7,2.55,3.08,63.71,-16.25,-69.08333,3826
Yunguyo,2017-03-04,9.31,13.33,5.16,81.02,0.52,4.14,63.71,-16.25,-69.08333,3826
Yunguyo,2017-03-05,10.36,15.05,7.13,74.55,0.21,4.06,63.7,-16.25,-69.08333,3826
Yunguyo,2017-03-06,9.85,13.49,7.11,75.16,4.24,3.65,63.78,-16.25,-69.08333,3826
Yunguyo,2017-03-07,8.98,13.06,6.47,78.43,2.66,4.57,63.85,-16.25,-69.08333,3826
Yunguyo,2017-03-08,9.72,14.74,5.84,76.35,0.34,4.14,63.81,-16.25,-69.08333,3826
Yunguyo,2017-03-09,10.54,15.33,7.23,75.22,1.87,3.69,63.7,-16.25,-69.08333,3826
Yunguyo,2017-03-10,10.33,14.72,6.82,75.1,1.1,4.78,63.81,-16.25,-69.08333,3826
Yunguyo,2017-03-11,9.02,11.45,6.73,76.54,0.82,4.72,63.92,-16.25,-69.08333,3826
Yunguyo,2017-03-12,9.13,14.23,5.25,67.28,1.33,4.41,63.92,-16.25,-69.08333,3826
Yunguyo,2017-03-13,8.18,12.6,5.05,76.28,3.24,4.5,63.9,-16.25,-69.08333,3826
Yunguyo,2017-03-14,9.26,14.52,4.95,72.38,0.49,3.51,63.79,-16.25,-69.08333,3826
Yunguyo,2017-03-15,9.83,14.44,6.96,74.9,12.26,2.39,63.72,-16.25,-69.08333,3826
Yunguyo,2017-03-16,8.49,12.21,5.94,82.29,9.32,2.19,63.72,-16.25,-69.08333,3826
Yunguyo,2017-03-17,7.91,11.91,4.78,80.94,3.5,3.12,63.8,-16.25,-69.08333,3826
Yunguyo,2017-03-18,9.55,14.87,5.87,74.59,0.0,3.59,63.82,-16.25,-69.08333,3826
Yunguyo,2017-03-19,9.69,15.37,5.16,70.02,0.0,3.71,63.87,-16.25,-69.08333,3826
Yunguyo,2017-03-20,9.27,15.41,4.5,61.92,0.0,4.0,63.88,-16.25,-69.08333,3826
Yunguyo,2017-03-21,8.53,14.89,3.32,67.05,0.13,4.31,63.91,-16.25,-69.08333,3826
Yunguyo,2017-03-22,9.03,13.39,5.96,80.23,1.57,5.04,63.9,-16.25,-69.08333,3826
Yunguyo,2017-03-23,9.17,13.85,5.83,79.08,8.34,3.55,63.87,-16.25,-69.08333,3826
Yunguyo,2017-03-24,8.04,13.79,4.41,80.89,6.66,3.05,63.84,-16.25,-69.08333,3826
Yunguyo,2017-03-25,8.52,13.5,4.44,82.11,10.51,2.79,63.78,-16.25,-69.08333,3826
Yunguyo,2017-03-26,9.92,14.77,6.33,74.97,0.71,2.23,63.74,-16.25,-69.08333,3826
Yunguyo,2017-03-27,9.59,14.1,5.82,79.19,1.18,4.22,63.79,-16.25,-69.08333,3826
Yunguyo,2017-03-28,9.11,12.8,6.43,79.76,3.56,4.98,63.87,-16.25,-69.08333,3826
Yunguyo,2017-03-29,9.35,14.11,5.63,75.12,3.34,3.02,63.82,-16.25,-69.08333,3826
Yunguyo,2017-03-30,9.48,13.97,5.83,78.13,0.52,3.43,63.72,-16.25,-69.08333,3826
Yunguyo,2017-03-31,10.41,15.42,5.51,72.1,1.78,3.64,63.78,-16.25,-69.08333,3826
Yunguyo,2017-04-01,8.38,11.76,4.38,79.69,2.46,2.35,63.93,-16.25,-69.08333,3826
Yunguyo,2017-04-02,10.22,14.51,7.08,75.9,12.38,2.1,63.79,-16.25,-69.08333,3826
Yunguyo,2017-04-03,9.65,13.0,6.61,78.66,9.57,2.16,63.71,-16.25,-69.08333,3826
Yunguyo,2017-04-04,9.15,14.25,4.8,70.32,1.76,2.86,63.74,-16.25,-69.08333,3826
Yunguyo,2017-04-05,10.51,14.73,7.78,75.35,0.14,3.41,63.83,-16.25,-69.08333,3826
Yunguyo,2017-04-06,9.92,13.98,6.78,78.0,0.79,4.61,63.9,-16.25,-69.08333,3826
Yunguyo,2017-04-07,9.99,14.4,6.39,70.6,0.57,2.58,63.8,-16.25,-69.08333,3826
Yunguyo,2017-04-08,8.19,9.23,6.22,75.23,2.73,2.25,63.74,-16.25,-69.08333,3826
Yunguyo,2017-04-09,8.29,12.8,4.7,75.41,1.86,2.51,63.73,-16.25,-69.08333,3826
Yunguyo,2017-04-10,8.91,12.9,6.23,80.5,1.2,3.88,63.78,-16.25,-69.08333,3826
Yunguyo,2017-04-11,8.01,12.23,5.22,80.35,0.98,4.51,63.87,-16.25,-69.08333,3826
Yunguyo,2017-04-12,7.89,12.41,4.98,79.73,2.27,4.09,63.92,-16.25,-69.08333,3826
Yunguyo,2017-04-13,8.77,14.25,4.89,72.31,0.51,3.12,63.87,-16.25,-69.08333,3826
Yunguyo,2017-04-14,9.65,14.54,6.28,63.35,0.0,2.94,63.89,-16.25,-69.08333,3826
Yunguyo,2017-04-15,9.32,14.59,5.57,64.67,0.0,3.36,63.92,-16.25,-69.08333,3826
Yunguyo,2017-04-16,9.16,14.05,5.51,70.38,0.97,3.64,63.96,-16.25,-69.08333,3826
Yunguyo,2017-04-17,8.54,12.89,5.46,75.25,2.22,2.99,63.89,-16.25,-69.08333,3826
Yunguyo,2017-04-18,9.73,14.04,6.45,70.13,0.35,2.23,63.77,-16.25,-69.08333,3826
Yunguyo,2017-04-19,9.74,16.66,4.67,50.31,0.29,3.93,63.75,-16.25,-69.08333,3826
Yunguyo,2017-04-20,9.16,14.84,3.35,39.92,0.15,2.06,63.8,-16.25,-69.08333,3826
Yunguyo,2017-04-21,9.92,14.99,6.48,62.73,1.39,2.71,63.84,-16.25,-69.08333,3826
Yunguyo,2017-04-22,9.62,14.67,5.09,68.52,0.51,3.74,63.95,-16.25,-69.08333,3826
Yunguyo,2017-04-23,9.67,13.18,7.32,71.94,0.02,3.14,63.9,-16.25,-69.08333,3826
Yunguyo,2017-04-24,9.52,14.07,6.67,69.26,2.73,2.19,63.79,-16.25,-69.08333,3826
Yunguyo,2017-04-25,9.82,15.34,4.95,50.74,0.38,2.38,63.72,-16.25,-69.08333,3826
Yunguyo,2017-04-26,8.82,12.05,6.03,68.41,0.27,2.68,63.74,-16.25,-69.08333,3826
Yunguyo,2017-04-27,8.47,14.42,4.43,63.39,0.94,2.39,63.82,-16.25,-69.08333,3826
Yunguyo,2017-04-28,8.78,13.74,5.69,67.85,4.21,2.8,63.91,-16.25,-69.08333,3826
Yunguyo,2017-04-29,6.75,11.59,3.4,79.44,9.47,2.45,63.94,-16.25,-69.08333,3826
Yunguyo,2017-04-30,7.53,12.55,3.12,75.94,2.21,2.2,63.96,-16.25,-69.08333,3826
Yunguyo,2017-05-01,8.96,13.77,5.87,69.51,0.36,1.95,63.96,-16.25,-69.08333,3826
Yunguyo,2017-05-02,9.7,15.28,5.26,51.81,0.0,1.53,63.91,-16.25,-69.08333,3826
Yunguyo,2017-05-03,9.48,14.4,5.81,56.85,0.0,2.94,63.87,-16.25,-69.08333,3826
Yunguyo,2017-05-04,9.64,14.72,5.56,67.46,0.37,2.48,63.83,-16.25,-69.08333,3826
Yunguyo,2017-05-05,9.28,12.94,7.03,73.89,0.32,2.82,63.84,-16.25,-69.08333,3826
Yunguyo,2017-05-06,9.62,13.29,6.9,71.81,0.23,2.48,63.85,-16.25,-69.08333,3826
Yunguyo,2017-05-07,10.88,15.64,7.38,61.46,0.14,1.25,63.79,-16.25,-69.08333,3826
Yunguyo,2017-05-08,9.82,13.92,7.06,68.39,0.57,2.77,63.76,-16.25,-69.08333,3826
Yunguyo,2017-05-09,7.95,13.17,4.52,79.64,0.9,3.61,63.8,-16.25,-69.08333,3826
Yunguyo,2017-05-10,8.76,13.68,5.24,75.16,0.83,2.71,63.92,-16.25,-69.08333,3826
Yunguyo,2017-05-11,9.86,13.07,7.13,66.84,0.0,1.24,63.87,-16.25,-69.08333,3826
Yunguyo,2017-05-12,10.25,14.66,6.71,64.57,0.51,1.85,63.81,-16.25,-69.08333,3826
Yunguyo,2017-05-13,10.67,15.83,6.66,59.16,0.04,1.68,63.88,-16.25,-69.08333,3826
Yunguyo,2017-05-14,11.12,15.98,7.6,65.01,0.0,1.93,63.92,-16.25,-69.08333,3826
Yunguyo,2017-05-15,10.33,14.42,7.19,61.93,0.09,2.87,63.93,-16.25,-69.08333,3826
Yunguyo,2017-05-16,9.06,13.31,6.15,71.54,0.21,2.1,63.9,-16.25,-69.08333,3826
Yunguyo,2017-05-17,9.38,13.08,5.83,50.67,0.1,1.98,63.78,-16.25,-69.08333,3826
Yunguyo,2017-05-18,8.81,14.87,3.91,40.05,0.0,3.73,63.67,-16.25,-69.08333,3826
Yunguyo,2017-05-19,8.75,13.64,3.85,48.0,0.63,2.57,63.6,-16.25,-69.08333,3826
Yunguyo,2017-05-20,9.44,14.2,5.82,47.23,1.6,2.59,63.67,-16.25,-69.08333,3826
Yunguyo,2017-05-21,9.64,14.24,6.07,54.18,0.43,2.89,63.79,-16.25,-69.08333,3826
Yunguyo,2017-05-22,8.43,12.46,5.19,74.33,5.34,3.78,63.8,-16.25,-69.08333,3826
Yunguyo,2017-05-23,5.57,10.66,2.59,80.21,5.84,2.57,63.85,-16.25,-69.08333,3826
Yunguyo,2017-05-24,7.91,11.93,4.38,80.02,2.49,3.9,63.84,-16.25,-69.08333,3826
Yunguyo,2017-05-25,8.08,11.25,5.44,81.02,1.83,3.95,63.91,-16.25,-69.08333,3826
Yunguyo,2017-05-26,8.13,10.51,6.96,78.11,3.85,2.26,64.02,-16.25,-69.08333,3826
Yunguyo,2017-05-27,7.86,12.13,6.16,81.69,5.72,3.41,64.01,-16.25,-69.08333,3826
Yunguyo,2017-05-28,7.12,10.48,4.87,77.13,0.37,2.61,64.02,-16.25,-69.08333,3826
Yunguyo,2017-05-29,7.24,11.4,3.52,80.72,5.48,2.44,63.99,-16.25,-69.08333,3826
Yunguyo,2017-05-30,6.03,10.47,2.14,70.73,4.76,2.62,64.04,-16.25,-69.08333,3826
Yunguyo,2017-05-31,8.09,13.8,3.97,40.39,0.0,2.06,63.97,-16.25,-69.08333,3826
Yunguyo,2017-06-01,7.99,12.75,3.63,31.21,0.0,1.89,63.93,-16.25,-69.08333,3826
Yunguyo,2017-06-02,8.22,12.89,4.9,40.17,0.0,2.94,63.89,-16.25,-69.08333,3826
Yunguyo,2017-06-03,8.54,13.5,4.17,63.58,0.0,3.18,63.82,-16.25,-69.08333,3826
Yunguyo,2017-06-04,8.92,13.89,4.92,65.63,0.0,3.37,63.81,-16.25,-69.08333,3826
Yunguyo,2017-06-05,8.64,13.19,4.8,68.68,0.0,3.72,63.83,-16.25,-69.08333,3826
Yunguyo,2017-06-06,8.47,13.08,4.48,71.02,0.01,4.45,63.82,-16.25,-69.08333,3826
Yunguyo,2017-06-07,8.34,14.37,4.65,71.66,0.02,5.31,63.73,-16.25,-69.08333,3826
Yunguyo,2017-06-08,7.68,14.1,2.88,56.95,0.36,5.31,63.83,-16.25,-69.08333,3826
Yunguyo,2017-06-09,7.05,11.86,4.12,68.28,1.52,2.98,63.93,-16.25,-69.08333,3826
Yunguyo,2017-06-10,8.29,13.69,4.88,72.26,0.14,2.22,63.88,-16.25,-69.08333,3826
Yunguyo,2017-06-11,7.29,14.82,2.41,48.48,0.07,4.43,63.8,-16.25,-69.08333,3826
Yunguyo,2017-06-12,6.52,13.6,1.78,36.76,0.19,2.92,63.79,-16.25,-69.08333,3826
Yunguyo,2017-06-13,6.08,11.78,1.03,44.85,0.03,3.1,63.85,-16.25,-69.08333,3826
Yunguyo,2017-06-14,7.98,12.54,4.75,70.6,0.0,2.2,64.02,-16.25,-69.08333,3826
Yunguyo,2017-06-15,8.92,13.19,6.15,68.34,0.0,1.63,64.02,-16.25,-69.08333,3826
Yunguyo,2017-06-16,9.26,14.49,4.95,46.29,0.0,1.51,63.93,-16.25,-69.08333,3826
Yunguyo,2017-06-17,8.81,15.49,3.09,38.35,0.0,2.36,63.84,-16.25,-69.08333,3826
Yunguyo,2017-06-18,9.03,14.47,5.51,55.69,0.07,2.53,63.82,-16.25,-69.08333,3826
Yunguyo,2017-06-19,8.03,12.83,5.69,76.47,1.07,3.56,63.81,-16.25,-69.08333,3826
Yunguyo,2017-06-20,8.35,13.66,5.05,60.47,0.01,1.84,63.82,-16.25,-69.08333,3826
Yunguyo,2017-06-21,7.63,12.42,3.98,59.39,0.0,1.94,63.84,-16.25,-69.08333,3826
Yunguyo,2017-06-22,8.43,13.7,4.4,57.73,0.0,1.54,63.75,-16.25,-69.08333,3826
Yunguyo,2017-06-23,9.1,13.96,5.47,54.32,0.0,1.88,63.77,-16.25,-69.08333,3826
Yunguyo,2017-06-24,8.45,12.51,5.51,72.32,0.0,2.66,63.88,-16.25,-69.08333,3826
Yunguyo,2017-06-25,8.63,12.57,6.12,72.5,0.0,2.63,63.88,-16.25,-69.08333,3826
Yunguyo,2017-06-26,9.31,14.06,5.42,61.81,0.02,2.41,63.79,-16.25,-69.08333,3826
Yunguyo,2017-06-27,8.87,13.27,4.78,66.66,0.06,1.39,63.78,-16.25,-69.08333,3826
Yunguyo,2017-06-28,5.38,7.31,4.04,86.51,0.47,1.78,63.91,-16.25,-69.08333,3826
Yunguyo,2017-06-29,7.56,11.19,5.14,76.9,0.15,2.08,63.93,-16.25,-69.08333,3826
Yunguyo,2017-06-30,7.57,12.04,4.82,78.37,0.01,3.61,63.95,-16.25,-69.08333,3826
Yunguyo,2017-07-01,5.71,9.99,2.6,80.04,0.0,4.05,64.02,-16.25,-69.08333,3826
Yunguyo,2017-07-02,5.41,9.77,2.25,77.61,0.67,2.25,64.01,-16.25,-69.08333,3826
Yunguyo,2017-07-03,6.15,10.82,2.76,63.56,0.27,1.48,63.9,-16.25,-69.08333,3826
Yunguyo,2017-07-04,7.2,12.51,3.05,44.92,0.0,1.47,63.82,-16.25,-69.08333,3826
Yunguyo,2017-07-05,7.62,12.67,4.23,47.1,0.0,1.87,63.95,-16.25,-69.08333,3826
Yunguyo,2017-07-06,7.29,12.22,3.38,65.21,0.0,2.07,64.0,-16.25,-69.08333,3826
Yunguyo,2017-07-07,7.62,12.11,4.02,65.67,0.0,2.13,63.97,-16.25,-69.08333,3826
Yunguyo,2017-07-08,7.81,12.67,4.46,49.42,0.0,1.82,63.96,-16.25,-69.08333,3826
Yunguyo,2017-07-09,7.5,12.26,4.38,70.76,0.0,2.81,64.0,-16.25,-69.08333,3826
Yunguyo,2017-07-10,7.08,11.87,3.26,64.01,0.0,3.04,64.02,-16.25,-69.08333,3826
Yunguyo,2017-07-11,6.03,10.98,2.72,50.87,0.0,2.82,64.05,-16.25,-69.08333,3826
Yunguyo,2017-07-12,6.92,12.01,3.33,50.21,0.0,2.05,64.01,-16.25,-69.08333,3826
Yunguyo,2017-07-13,8.14,13.8,3.95,51.37,0.0,2.06,63.98,-16.25,-69.08333,3826
Yunguyo,2017-07-14,8.71,14.66,3.82,46.28,0.0,1.81,63.93,-16.25,-69.08333,3826
Yunguyo,2017-07-15,8.18,14.53,3.14,34.22,0.0,2.2,63.82,-16.25,-69.08333,3826
Yunguyo,2017-07-16,7.82,13.3,3.33,48.31,0.0,3.59,63.8,-16.25,-69.08333,3826
Yunguyo,2017-07-17,7.77,12.53,4.87,78.24,0.03,4.09,63.89,-16.25,-69.08333,3826
Yunguyo,2017-07-18,8.81,15.33,4.82,60.92,0.0,1.9,63.93,-16.25,-69.08333,3826
Yunguyo,2017-07-19,8.17,13.93,4.09,40.8,0.0,2.05,63.95,-16.25,-69.08333,3826
Yunguyo,2017-07-20,8.24,14.28,4.33,50.78,0.0,2.68,63.87,-16.25,-69.08333,3826
Yunguyo,2017-07-21,7.37,13.89,2.81,61.5,0.0,2.87,63.88,-16.25,-69.08333,3826
Yunguyo,2017-07-22,7.54,13.34,2.41,58.68,0.0,2.04,63.88,-16.25,-69.08333,3826
Yunguyo,2017-07-23,8.36,15.05,2.93,40.5,0.0,2.53,63.89,-16.25,-69.08333,3826
Yunguyo,2017-07-24,7.97,13.64,4.33,59.43,0.0,2.56,63.99,-16.25,-69.08333,3826
Yunguyo,2017-07-25,7.9,12.46,4.76,71.71,0.0,2.97,64.06,-16.25,-69.08333,3826
Yunguyo,2017-07-26,8.02,12.66,5.12,70.83,0.01,2.98,64.0,-16.25,-69.08333,3826
Yunguyo,2017-07-27,7.39,12.07,3.77,71.58,0.03,3.03,63.97,-16.25,-69.08333,3826
Yunguyo,2017-07-28,8.11,13.22,4.75,62.56,0.02,2.35,63.89,-16.25,-69.08333,3826
Yunguyo,2017-07-29,8.08,13.53,4.45,66.41,0.06,2.82,63.9,-16.25,-69.08333,3826
Yunguyo,2017-07-30,7.9,12.65,4.5,68.25,0.0,2.64,64.01,-16.25,-69.08333,3826
Yunguyo,2017-07-31,8.14,13.28,4.04,64.68,0.0,2.22,63.95,-16.25,-69.08333,3826
Yunguyo,2017-08-01,9.09,14.85,4.21,43.74,0.0,1.23,63.84,-16.25,-69.08333,3826
Yunguyo,2017-08-02,8.54,14.81,3.88,46.61,0.04,3.38,63.91,-16.25,-69.08333,3826
Yunguyo,2017-08-03,9.45,14.44,5.41,66.88,0.06,3.24,64.01,-16.25,-69.08333,3826
Yunguyo,2017-08-04,9.7,15.26,5.59,52.74,0.0,2.19,63.97,-16.25,-69.08333,3826
Yunguyo,2017-08-05,9.8,15.37,5.41,55.38,0.0,1.83,63.93,-16.25,-69.08333,3826
Yunguyo,2017-08-06,9.51,14.8,5.48,59.03,0.0,2.14,63.89,-16.25,-69.08333,3826
Yunguyo,2017-08-07,10.07,15.64,5.44,42.69,0.0,2.01,63.86,-16.25,-69.08333,3826
Yunguyo,2017-08-08,9.83,14.98,6.37,55.21,0.0,2.98,63.88,-16.25,-69.08333,3826
Yunguyo,2017-08-09,8.01,11.98,4.87,67.38,0.0,2.94,63.94,-16.25,-69.08333,3826
Yunguyo,2017-08-10,9.24,13.94,5.6,45.05,0.02,2.34,63.83,-16.25,-69.08333,3826
Yunguyo,2017-08-11,7.54,14.05,2.45,38.01,0.0,3.46,63.72,-16.25,-69.08333,3826
Yunguyo,2017-08-12,6.54,14.03,1.08,33.78,0.12,5.26,63.72,-16.25,-69.08333,3826
Yunguyo,2017-08-13,7.3,14.07,1.19,35.63,0.18,2.8,63.79,-16.25,-69.08333,3826
Yunguyo,2017-08-14,8.44,13.98,4.0,50.83,0.89,1.76,63.71,-16.25,-69.08333,3826
Yunguyo,2017-08-15,9.12,14.19,4.55,47.85,0.92,2.57,63.71,-16.25,-69.08333,3826
Yunguyo,2017-08-16,8.3,12.92,4.98,56.52,0.73,1.43,63.78,-16.25,-69.08333,3826
Yunguyo,2017-08-17,6.41,8.86,4.67,51.04,1.19,1.72,63.72,-16.25,-69.08333,3826
Yunguyo,2017-08-18,7.69,12.65,4.65,25.04,0.04,2.9,63.74,-16.25,-69.08333,3826
Yunguyo,2017-08-19,8.01,13.66,2.08,22.73,0.02,2.36,63.74,-16.25,-69.08333,3826
Yunguyo,2017-08-20,8.04,13.12,4.53,44.42,0.0,3.02,63.9,-16.25,-69.08333,3826
Yunguyo,2017-08-21,8.45,14.38,4.61,67.73,0.0,3.13,63.94,-16.25,-69.08333,3826
Yunguyo,2017-08-22,8.72,14.29,4.09,44.8,0.0,1.48,63.87,-16.25,-69.08333,3826
Yunguyo,2017-08-23,8.58,14.18,3.51,39.13,0.0,2.81,63.71,-16.25,-69.08333,3826
Yunguyo,2017-08-24,8.76,13.75,4.71,67.27,0.0,3.62,63.69,-16.25,-69.08333,3826
Yunguyo,2017-08-25,9.61,14.52,5.26,54.12,0.0,1.9,63.75,-16.25,-69.08333,3826
Yunguyo,2017-08-26,9.56,14.04,6.11,64.75,0.0,2.54,63.8,-16.25,-69.08333,3826
Yunguyo,2017-08-27,8.85,12.44,5.71,70.3,0.0,3.22,63.8,-16.25,-69.08333,3826
Yunguyo,2017-08-28,8.61,13.73,5.15,69.33,0.0,3.91,63.84,-16.25,-69.08333,3826
Yunguyo,2017-08-29,9.62,15.14,6.22,65.43,0.0,3.03,63.94,-16.25,-69.08333,3826
Yunguyo,2017-08-30,7.21,12.39,3.5,66.55,0.0,4.49,64.05,-16.25,-69.08333,3826
Yunguyo,2017-08-31,7.4,13.55,2.23,60.32,0.0,3.14,64.03,-16.25,-69.08333,3826
Yunguyo,2017-09-01,9.05,14.68,4.61,67.22,0.0,3.31,64.0,-16.25,-69.08333,3826
Yunguyo,2017-09-02,9.28,13.8,6.29,72.05,0.0,4.14,64.03,-16.25,-69.08333,3826
Yunguyo,2017-09-03,8.75,11.94,6.02,72.58,0.0,2.9,64.06,-16.25,-69.08333,3826
Yunguyo,2017-09-04,9.19,13.87,6.46,69.88,0.0,3.48,64.01,-16.25,-69.08333,3826
Yunguyo,2017-09-05,7.84,11.42,4.96,73.51,7.7,4.05,63.98,-16.25,-69.08333,3826
Yunguyo,2017-09-06,8.51,12.95,4.19,68.49,1.56,2.25,63.87,-16.25,-69.08333,3826
Yunguyo,2017-09-07,7.1,12.23,4.17,75.04,4.94,3.33,63.76,-16.25,-69.08333,3826
Yunguyo,2017-09-08,6.18,12.09,2.02,69.16,2.2,2.03,63.69,-16.25,-69.08333,3826
Yunguyo,2017-09-09,8.61,15.4,3.41,59.35,0.03,2.03,63.67,-16.25,-69.08333,3826
Yunguyo,2017-09-10,9.29,15.01,4.43,50.84,0.05,2.89,63.74,-16.25,-69.08333,3826
Yunguyo,2017-09-11,7.5,13.05,3.34,79.71,0.68,4.06,63.8,-16.25,-69.08333,3826
Yunguyo,2017-09-12,5.18,7.38,3.36,87.5,2.27,2.91,63.91,-16.25,-69.08333,3826
Yunguyo,2017-09-13,8.1,13.1,4.61,72.93,1.62,2.49,63.89,-16.25,-69.08333,3826
Yunguyo,2017-09-14,7.86,11.92,4.13,73.75,3.2,3.01,63.85,-16.25,-69.08333,3826
Yunguyo,2017-09-15,4.39,7.14,1.72,84.15,6.4,2.82,63.93,-16.25,-69.08333,3826
Yunguyo,2017-09-16,5.83,9.7,3.14,82.41,1.96,3.27,63.98,-16.25,-69.08333,3826
Yunguyo,2017-09-17,7.71,13.12,3.53,73.95,1.12,3.13,63.98,-16.25,-69.08333,3826
Yunguyo,2017-09-18,9.07,14.75,4.73,63.91,0.07,2.75,63.99,-16.25,-69.08333,3826
Yunguyo,2017-09-19,9.48,15.07,4.88,67.29,0.0,3.16,64.02,-16.25,-69.08333,3826
Yunguyo,2017-09-20,10.77,16.41,6.74,67.15,0.0,3.39,63.92,-16.25,-69.08333,3826
Yunguyo,2017-09-21,10.21,15.43,6.7,70.69,0.24,4.15,63.87,-16.25,-69.08333,3826
Yunguyo,2017-09-22,8.59,13.66,5.74,75.08,0.81,4.89,63.84,-16.25,-69.08333,3826
Yunguyo,2017-09-23,7.18,10.7,4.84,77.98,1.46,3.3,63.88,-16.25,-69.08333,3826
Yunguyo,2017-09-24,9.16,15.31,4.33,60.68,0.36,2.11,63.84,-16.25,-69.08333,3826
Yunguyo,2017-09-25,8.77,13.3,5.0,71.18,0.15,3.75,63.85,-16.25,-69.08333,3826
Yunguyo,2017-09-26,8.68,12.19,5.89,73.63,0.31,4.08,63.76,-16.25,-69.08333,3826
Yunguyo,2017-09-27,8.39,13.72,4.63,71.34,1.9,2.92,63.7,-16.25,-69.08333,3826
Yunguyo,2017-09-28,8.98,15.04,4.27,55.94,0.25,1.94,63.75,-16.25,-69.08333,3826
Yunguyo,2017-09-29,9.82,16.01,4.29,38.97,0.01,1.93,63.83,-16.25,-69.08333,3826
Yunguyo,2017-09-30,10.66,16.26,6.56,57.86,0.0,2.23,63.77,-16.25,-69.08333,3826
Yunguyo,2017-10-01,9.78,17.47,3.93,31.11,0.0,5.68,63.58,-16.25,-69.08333,3826
Yunguyo,2017-10-02,8.55,14.44,2.16,25.01,0.55,3.58,63.6,-16.25,-69.08333,3826
Yunguyo,2017-10-03,9.47,15.73,4.47,34.83,0.03,3.21,63.68,-16.25,-69.08333,3826
Yunguyo,2017-10-04,9.79,16.39,4.87,57.45,0.0,2.88,63.75,-16.25,-69.08333,3826
Yunguyo,2017-10-05,11.02,16.85,6.49,56.22,0.0,2.95,63.75,-16.25,-69.08333,3826
Yunguyo,2017-10-06,10.35,15.76,6.21,68.17,0.0,4.03,63.88,-16.25,-69.08333,3826
Yunguyo,2017-10-07,10.11,13.66,7.57,68.58,0.0,3.01,63.92,-16.25,-69.08333,3826
Yunguyo,2017-10-08,10.31,15.88,6.96,68.32,0.0,3.36,63.84,-16.25,-69.08333,3826
Yunguyo,2017-10-09,10.4,16.39,6.43,62.66,0.0,3.63,63.79,-16.25,-69.08333,3826
Yunguyo,2017-10-10,9.99,15.57,6.44,66.22,0.0,4.23,63.75,-16.25,-69.08333,3826
Yunguyo,2017-10-11,8.49,12.42,6.28,74.01,2.35,3.75,63.67,-16.25,-69.08333,3826
Yunguyo,2017-10-12,9.72,14.71,5.27,65.45,2.86,2.26,63.69,-16.25,-69.08333,3826
Yunguyo,2017-10-13,9.39,14.42,4.9,69.27,5.94,2.49,63.75,-16.25,-69.08333,3826
Yunguyo,2017-10-14,6.37,9.27,2.58,81.71,12.31,3.39,63.88,-16.25,-69.08333,3826
Yunguyo,2017-10-15,7.53,10.72,4.72,79.74,16.74,3.9,63.92,-16.25,-69.08333,3826
Yunguyo,2017-10-16,8.11,12.58,4.5,78.54,13.06,3.54,63.94,-16.25,-69.08333,3826
Yunguyo,2017-10-17,7.55,12.59,3.78,77.62,4.8,2.2,63.98,-16.25,-69.08333,3826
Yunguyo,2017-10-18,8.51,12.71,2.76,70.81,0.97,2.72,63.98,-16.25,-69.08333,3826
Yunguyo,2017-10-19,10.76,15.19,7.5,66.67,0.93,3.03,63.81,-16.25,-69.08333,3826
Yunguyo,2017-10-20,9.18,12.79,7.12,71.9,0.46,3.59,63.75,-16.25,-69.08333,3826
Yunguyo,2017-10-21,10.04,14.46,5.99,53.93,0.01,2.77,63.81,-16.25,-69.08333,3826
Yunguyo,2017-10-22,10.04,14.42,6.37,68.74,0.15,3.54,63.87,-16.25,-69.08333,3826
Yunguyo,2017-10-23,10.12,14.02,6.32,55.95,0.02,2.47,63.85,-16.25,-69.08333,3826
Yunguyo,2017-10-24,10.67,16.24,5.78,50.22,0.0,3.51,63.79,-16.25,-69.08333,3826
Yunguyo,2017-10-25,9.62,12.98,6.48,62.25,0.0,2.39,63.81,-16.25,-69.08333,3826
Yunguyo,2017-10-26,11.65,16.52,7.35,51.94,0.0,2.31,63.72,-16.25,-69.08333,3826
Yunguyo,2017-10-27,11.63,16.31,7.81,65.8,0.19,3.21,63.68,-16.25,-69.08333,3826
Yunguyo,2017-10-28,11.78,17.02,7.45,53.67,0.13,2.56,63.58,-16.25,-69.08333,3826
Yunguyo,2017-10-29,11.2,16.45,6.45,50.76,0.0,2.23,63.64,-16.25,-69.08333,3826
Yunguyo,2017-10-30,11.41,16.95,6.59,46.47,0.0,2.86,63.69,-16.25,-69.08333,3826
Yunguyo,2017-10-31,11.47,17.25,5.97,48.01,0.17,2.82,63.67,-16.25,-69.08333,3826
Yunguyo,2017-11-01,10.56,16.88,5.29,59.66,0.23,2.73,63.69,-16.25,-69.08333,3826
Yunguyo,2017-11-02,11.78,16.94,8.07,60.33,0.0,2.82,63.73,-16.25,-69.08333,3826
Yunguyo,2017-11-03,10.97,14.54,8.98,58.97,0.0,1.77,63.76,-16.25,-69.08333,3826
Yunguyo,2017-11-04,10.59,14.66,7.38,59.82,0.0,3.26,63.73,-16.25,-69.08333,3826
Yunguyo,2017-11-05,10.59,15.77,6.45,66.23,0.69,3.7,63.76,-16.25,-69.08333,3826
Yunguyo,2017-11-06,8.4,10.6,6.8,79.52,4.5,2.65,63.78,-16.25,-69.08333,3826
Yunguyo,2017-11-07,11.22,15.85,7.42,60.12,0.58,2.43,63.65,-16.25,-69.08333,3826
Yunguyo,2017-11-08,11.81,17.19,6.61,54.69,0.0,3.17,63.6,-16.25,-69.08333,3826
Yunguyo,2017-11-09,10.89,15.13,7.27,69.64,1.8,4.26,63.65,-16.25,-69.08333,3826
Yunguyo,2017-11-10,10.86,16.27,6.37,63.49,0.09,3.7,63.68,-16.25,-69.08333,3826
Yunguyo,2017-11-11,10.18,15.21,6.44,69.2,0.85,4.11,63.67,-16.25,-69.08333,3826
Yunguyo,2017-11-12,8.87,12.86,5.82,74.86,4.87,3.65,63.74,-16.25,-69.08333,3826
Yunguyo,2017-11-13,9.42,15.13,4.5,68.38,0.23,5.43,63.74,-16.25,-69.08333,3826
Yunguyo,2017-11-14,10.27,15.31,6.02,67.99,0.27,3.52,63.71,-16.25,-69.08333,3826
Yunguyo,2017-11-15,9.58,15.44,4.78,71.27,0.52,2.85,63.71,-16.25,-69.08333,3826
Yunguyo,2017-11-16,10.48,16.42,5.03,64.42,0.2,3.42,63.72,-16.25,-69.08333,3826
Yunguyo,2017-11-17,11.86,16.6,7.69,61.39,0.26,2.53,63.57,-16.25,-69.08333,3826
Yunguyo,2017-11-18,10.76,16.28,5.42,55.34,0.15,4.23,63.56,-16.25,-69.08333,3826
Yunguyo,2017-11-19,10.32,15.0,7.32,69.35,1.17,4.18,63.55,-16.25,-69.08333,3826
Yunguyo,2017-11-20,11.02,15.8,7.06,55.17,0.06,3.22,63.61,-16.25,-69.08333,3826
Yunguyo,2017-11-21,11.75,18.21,5.05,34.99,0.0,3.42,63.68,-16.25,-69.08333,3826
Yunguyo,2017-11-22,10.75,13.86,7.82,69.33,0.0,3.67,63.73,-16.25,-69.08333,3826
Yunguyo,2017-11-23,10.61,15.28,6.73,70.31,0.0,2.88,63.74,-16.25,-69.08333,3826
Yunguyo,2017-11-24,11.98,18.25,7.02,58.87,0.0,3.26,63.78,-16.25,-69.08333,3826
Yunguyo,2017-11-25,12.23,18.35,7.25,58.1,0.0,3.45,63.82,-16.25,-69.08333,3826
Yunguyo,2017-11-26,11.9,17.24,7.99,63.16,0.34,2.92,63.75,-16.25,-69.08333,3826
Yunguyo,2017-11-27,10.95,17.03,7.1,70.22,0.8,5.54,63.73,-16.25,-69.08333,3826
Yunguyo,2017-11-28,10.34,15.34,7.32,73.02,3.72,5.29,63.85,-16.25,-69.08333,3826
Yunguyo,2017-11-29,10.24,15.88,6.06,71.41,0.43,3.1,63.81,-16.25,-69.08333,3826
Yunguyo,2017-11-30,12.17,16.91,8.29,59.54,1.94,1.84,63.58,-16.25,-69.08333,3826
Yunguyo,2017-12-01,11.81,16.54,7.99,52.65,0.46,3.53,63.53,-16.25,-69.08333,3826
Yunguyo,2017-12-02,9.89,15.22,5.7,59.62,0.12,4.34,63.61,-16.25,-69.08333,3826
Yunguyo,2017-12-03,10.45,15.53,6.73,67.01,2.93,3.05,63.55,-16.25,-69.08333,3826
Yunguyo,2017-12-04,9.56,15.86,4.01,66.29,7.59,2.93,63.59,-16.25,-69.08333,3826
Yunguyo,2017-12-05,6.81,11.11,4.14,73.83,2.68,3.02,63.8,-16.25,-69.08333,3826
Yunguyo,2017-12-06,9.96,14.81,5.7,65.47,0.43,2.47,63.75,-16.25,-69.08333,3826
Yunguyo,2017-12-07,9.72,13.67,6.84,72.88,0.91,2.83,63.7,-16.25,-69.08333,3826
Yunguyo,2017-12-08,8.95,13.79,3.27,67.27,0.71,4.41,63.72,-16.25,-69.08333,3826
Yunguyo,2017-12-09,11.29,16.1,7.83,58.8,6.03,3.02,63.72,-16.25,-69.08333,3826
Yunguyo,2017-12-10,12.34,18.61,6.35,43.23,0.3,3.39,63.72,-16.25,-69.08333,3826
Yunguyo,2017-12-11,9.93,15.69,4.55,66.81,0.23,3.59,63.78,-16.25,-69.08333,3826
Yunguyo,2017-12-12,10.38,15.97,5.81,67.54,0.0,4.24,63.78,-16.25,-69.08333,3826
Yunguyo,2017-12-13,11.65,17.41,6.4,59.15,0.0,3.5,63.83,-16.25,-69.08333,3826
Yunguyo,2017-12-14,11.13,16.62,8.13,68.63,1.36,4.79,63.84,-16.25,-69.08333,3826
Yunguyo,2017-12-15,10.04,15.3,5.78,71.77,0.2,4.25,63.85,-16.25,-69.08333,3826
Yunguyo,2017-12-16,10.84,16.58,6.98,58.17,0.0,3.9,63.75,-16.25,-69.08333,3826
Yunguyo,2017-12-17,10.95,16.48,7.11,64.39,1.01,4.69,63.77,-16.25,-69.08333,3826
Yunguyo,2017-12-18,10.07,14.78,6.9,70.54,2.39,4.97,63.8,-16.25,-69.08333,3826
Yunguyo,2017-12-19,8.92,12.46,6.81,77.31,0.79,3.4,63.78,-16.25,-69.08333,3826
Yunguyo,2017-12-20,10.71,16.05,6.55,72.99,19.46,3.95,63.64,-16.25,-69.08333,3826
Yunguyo,2017-12-21,9.55,13.68,5.25,75.55,20.77,2.58,63.64,-16.25,-69.08333,3826
Yunguyo,2017-12-22,11.78,17.07,7.56,56.75,5.44,2.34,63.58,-16.25,-69.08333,3826
Yunguyo,2017-12-23,10.57,16.52,5.54,53.85,0.5,3.41,63.62,-16.25,-69.08333,3826
Yunguyo,2017-12-24,12.24,17.93,7.81,55.61,3.44,2.69,63.6,-16.25,-69.08333,3826
Yunguyo,2017-12-25,10.41,14.12,6.04,63.77,4.29,3.19,63.62,-16.25,-69.08333,3826
Yunguyo,2017-12-26,8.32,10.69,4.96,82.64,4.09,3.84,63.65,-16.25,-69.08333,3826
Yunguyo,2017-12-27,9.19,12.13,5.18,81.53,1.81,4.87,63.7,-16.25,-69.08333,3826
Yunguyo,2017-12-28,9.93,13.45,7.29,79.29,4.49,5.23,63.7,-16.25,-69.08333,3826
Yunguyo,2017-12-29,8.83,11.83,6.55,77.75,2.36,4.64,63.77,-16.25,-69.08333,3826
Yunguyo,2017-12-30,10.53,14.99,6.75,66.99,1.02,2.91,63.73,-16.25,-69.08333,3826
Yunguyo,2017-12-31,11.1,16.33,7.54,65.95,0.14,3.63,63.72,-16.25,-69.08333,3826
Yunguyo,2018-01-01,11.59,16.71,6.95,59.5,3.14,2.72,63.67,-16.25,-69.08333,3826
Yunguyo,2018-01-02,8.71,11.32,6.54,73.2,3.56,3.38,63.64,-16.25,-69.08333,3826
Yunguyo,2018-01-03,6.44,9.56,3.04,77.41,0.63,3.79,63.7,-16.25,-69.08333,3826
Yunguyo,2018-01-04,9.35,13.43,6.0,74.51,0.06,2.73,63.75,-16.25,-69.08333,3826
Yunguyo,2018-01-05,11.64,17.8,6.73,62.12,1.62,3.01,63.71,-16.25,-69.08333,3826
Yunguyo,2018-01-06,8.81,14.45,4.25,73.29,6.68,3.52,63.76,-16.25,-69.08333,3826
Yunguyo,2018-01-07,5.61,7.87,2.82,89.42,9.32,2.79,63.77,-16.25,-69.08333,3826
Yunguyo,2018-01-08,8.0,13.26,4.42,77.32,2.37,5.28,63.78,-16.25,-69.08333,3826
Yunguyo,2018-01-09,8.76,14.97,4.03,71.16,0.35,4.59,63.71,-16.25,-69.08333,3826
Yunguyo,2018-01-10,8.61,14.28,4.75,72.7,1.34,5.01,63.74,-16.25,-69.08333,3826
Yunguyo,2018-01-11,8.38,12.53,5.29,75.08,8.94,4.42,63.79,-16.25,-69.08333,3826
Yunguyo,2018-01-12,8.14,12.92,3.79,79.19,7.6,2.92,63.67,-16.25,-69.08333,3826
Yunguyo,2018-01-13,9.74,15.45,4.34,66.3,4.88,2.53,63.54,-16.25,-69.08333,3826
Yunguyo,2018-01-14,9.87,15.32,4.64,58.32,1.65,3.24,63.58,-16.25,-69.08333,3826
Yunguyo,2018-01-15,8.55,13.22,5.96,79.76,8.72,4.4,63.67,-16.25,-69.08333,3826
Yunguyo,2018-01-16,9.34,13.67,5.96,78.12,1.38,4.94,63.78,-16.25,-69.08333,3826
Yunguyo,2018-01-17,9.99,14.36,6.25,75.08,1.64,4.67,63.78,-16.25,-69.08333,3826
Yunguyo,2018-01-18,9.87,13.47,7.28,74.56,0.86,4.91,63.8,-16.25,-69.08333,3826
Yunguyo,2018-01-19,9.31,13.49,6.62,76.31,3.75,5.79,63.8,-16.25,-69.08333,3826
Yunguyo,2018-01-20,8.83,13.61,5.42,76.51,4.47,4.76,63.77,-16.25,-69.08333,3826
Yunguyo,2018-01-21,9.48,14.07,5.36,73.2,1.59,4.19,63.68,-16.25,-69.08333,3826
Yunguyo,2018-01-22,9.9,13.85,6.63,71.86,3.79,4.61,63.59,-16.25,-69.08333,3826
Yunguyo,2018-01-23,9.27,13.2,6.03,73.27,5.21,4.85,63.6,-16.25,-69.08333,3826
Yunguyo,2018-01-24,7.74,11.25,4.61,81.09,7.95,3.39,63.7,-16.25,-69.08333,3826
Yunguyo,2018-01-25,9.33,13.79,5.96,69.89,3.53,1.9,63.77,-16.25,-69.08333,3826
Yunguyo,2018-01-26,10.03,15.35,6.06,62.48,1.35,2.19,63.7,-16.25,-69.08333,3826
Yunguyo,2018-01-27,11.19,16.0,7.17,52.2,1.33,2.47,63.58,-16.25,-69.08333,3826
Yunguyo,2018-01-28,11.06,15.59,7.56,55.27,6.6,2.16,63.48,-16.25,-69.08333,3826
Yunguyo,2018-01-29,10.89,14.59,7.42,58.45,3.85,2.57,63.49,-16.25,-69.08333,3826
Yunguyo,2018-01-30,10.44,14.6,3.86,66.06,1.36,2.02,63.52,-16.25,-69.08333,3826
Yunguyo,2018-01-31,9.07,15.21,3.97,72.01,3.43,3.27,63.62,-16.25,-69.08333,3826
Yunguyo,2018-02-01,7.97,11.85,3.82,78.49,2.15,1.9,63.67,-16.25,-69.08333,3826
Yunguyo,2018-02-02,8.92,14.53,2.76,73.85,1.62,3.32,63.67,-16.25,-69.08333,3826
Yunguyo,2018-02-03,9.22,13.63,5.32,77.41,6.36,2.21,63.67,-16.25,-69.08333,3826
Yunguyo,2018-02-04,10.14,15.14,5.95,75.68,0.67,3.48,63.73,-16.25,-69.08333,3826
Yunguyo,2018-02-05,10.59,16.21,6.67,72.92,0.26,3.51,63.72,-16.25,-69.08333,3826
Yunguyo,2018-02-06,10.28,15.17,7.34,76.42,4.55,2.83,63.66,-16.25,-69.08333,3826
Yunguyo,2018-02-07,10.04,15.14,4.99,70.08,7.23,2.53,63.64,-16.25,-69.08333,3826
Yunguyo,2018-02-08,8.0,12.58,3.99,79.71,4.55,2.97,63.6,-16.25,-69.08333,3826
Yunguyo,2018-02-09,7.54,11.87,2.91,79.47,4.16,1.65,63.6,-16.25,-69.08333,3826
Yunguyo,2018-02-10,9.22,15.11,2.96,74.86,6.54,2.57,63.61,-16.25,-69.08333,3826
Yunguyo,2018-02-11,9.4,14.64,3.5,71.04,7.06,2.3,63.71,-16.25,-69.08333,3826
Yunguyo,2018-02-12,7.32,10.97,3.29,86.39,7.06,3.44,63.8,-16.25,-69.08333,3826
Yunguyo,2018-02-13,7.34,12.55,2.42,82.93,5.5,2.76,63.88,-16.25,-69.08333,3826
Yunguyo,2018-02-14,8.48,12.88,5.25,80.94,7.19,5.63,63.9,-16.25,-69.08333,3826
Yunguyo,2018-02-15,8.27,13.32,5.22,78.7,2.17,5.05,63.88,-16.25,-69.08333,3826
Yunguyo,2018-02-16,9.09,13.6,5.3,78.57,7.93,3.9,63.9,-16.25,-69.08333,3826
Yunguyo,2018-02-17,9.71,13.89,7.09,77.34,2.46,4.04,63.76,-16.25,-69.08333,3826
Yunguyo,2018-02-18,10.66,15.72,6.61,67.46,2.49,1.98,63.62,-16.25,-69.08333,3826
Yunguyo,2018-02-19,10.32,16.05,4.92,52.6,2.31,3.37,63.57,-16.25,-69.08333,3826
Yunguyo,2018-02-20,11.05,15.86,7.59,63.03,6.32,2.5,63.63,-16.25,-69.08333,3826
Yunguyo,2018-02-21,9.61,14.54,5.64,72.15,6.05,3.88,63.76,-16.25,-69.08333,3826
Yunguyo,2018-02-22,7.18,10.11,3.86,82.98,6.01,4.11,63.78,-16.25,-69.08333,3826
Yunguyo,2018-02-23,8.25,13.98,3.35,71.61,1.75,3.77,63.72,-16.25,-69.08333,3826
Yunguyo,2018-02-24,9.11,14.02,5.83,71.59,4.69,3.39,63.67,-16.25,-69.08333,3826
Yunguyo,2018-02-25,8.64,14.44,3.41,71.56,0.4,4.33,63.74,-16.25,-69.08333,3826
Yunguyo,2018-02-26,8.81,13.69,5.13,75.96,3.02,4.51,63.75,-16.25,-69.08333,3826
Yunguyo,2018-02-27,9.45,14.46,5.39,74.05,1.16,3.82,63.7,-16.25,-69.08333,3826
Yunguyo,2018-02-28,10.35,14.98,7.03,73.15,0.9,3.96,63.67,-16.25,-69.08333,3826
Yunguyo,2018-03-01,10.12,14.71,7.16,77.03,3.11,5.24,63.75,-16.25,-69.08333,3826
Yunguyo,2018-03-02,9.72,13.95,6.92,77.88,6.22,5.22,63.84,-16.25,-69.08333,3826
Yunguyo,2018-03-03,9.4,13.78,6.0,78.68,2.49,5.11,63.78,-16.25,-69.08333,3826
Yunguyo,2018-03-04,9.61,13.68,6.71,76.27,4.85,4.16,63.72,-16.25,-69.08333,3826
Yunguyo,2018-03-05,9.09,13.57,6.41,78.5,5.57,4.72,63.68,-16.25,-69.08333,3826
Yunguyo,2018-03-06,9.06,13.77,5.8,80.16,15.73,5.63,63.64,-16.25,-69.08333,3826
Yunguyo,2018-03-07,7.36,11.95,2.96,83.78,16.91,3.56,63.75,-16.25,-69.08333,3826
Yunguyo,2018-03-08,9.15,15.72,2.8,72.78,6.6,1.88,63.76,-16.25,-69.08333,3826
Yunguyo,2018-03-09,8.53,10.72,6.14,78.12,6.8,2.55,63.78,-16.25,-69.08333,3826
Yunguyo,2018-03-10,8.18,10.5,6.41,79.08,0.66,3.53,63.8,-16.25,-69.08333,3826
Yunguyo,2018-03-11,10.28,14.69,6.37,76.6,0.01,3.12,63.79,-16.25,-69.08333,3826
Yunguyo,2018-03-12,10.61,14.34,7.55,77.46,3.1,4.14,63.76,-16.25,-69.08333,3826
Yunguyo,2018-03-13,10.5,14.66,7.52,74.67,0.89,3.23,63.75,-16.25,-69.08333,3826
Yunguyo,2018-03-14,8.74,13.44,4.68,79.02,8.35,2.68,63.78,-16.25,-69.08333,3826
Yunguyo,2018-03-15,9.2,13.95,4.7,78.05,7.84,1.95,63.76,-16.25,-69.08333,3826
Yunguyo,2018-03-16,7.75,10.5,3.85,84.26,4.87,3.31,63.76,-16.25,-69.08333,3826
Yunguyo,2018-03-17,9.29,13.06,6.3,82.24,2.25,4.37,63.71,-16.25,-69.08333,3826
Yunguyo,2018-03-18,9.95,14.05,7.1,78.3,4.47,2.93,63.62,-16.25,-69.08333,3826
Yunguyo,2018-03-19,9.0,11.5,7.22,82.28,1.31,4.43,63.65,-16.25,-69.08333,3826
Yunguyo,2018-03-20,9.13,12.23,6.49,83.02,1.04,4.97,63.73,-16.25,-69.08333,3826
Yunguyo,2018-03-21,8.87,12.63,6.24,82.62,6.33,5.47,63.86,-16.25,-69.08333,3826
Yunguyo,2018-03-22,10.46,15.83,5.9,71.31,0.59,2.48,63.82,-16.25,-69.08333,3826
Yunguyo,2018-03-23,10.96,15.38,7.89,70.17,0.0,3.02,63.74,-16.25,-69.08333,3826
Yunguyo,2018-03-24,11.04,15.5,8.05,70.31,1.43,2.76,63.73,-16.25,-69.08333,3826
Yunguyo,2018-03-25,9.99,14.21,5.65,75.66,1.62,4.9,63.75,-16.25,-69.08333,3826
Yunguyo,2018-03-26,8.53,14.44,3.21,74.3,0.07,2.96,63.74,-16.25,-69.08333,3826
Yunguyo,2018-03-27,9.54,14.4,5.82,71.53,1.37,3.12,63.67,-16.25,-69.08333,3826
Yunguyo,2018-03-28,9.95,15.53,6.27,66.72,0.47,2.38,63.64,-16.25,-69.08333,3826
Yunguyo,2018-03-29,9.75,15.18,5.77,61.39,0.0,3.05,63.71,-16.25,-69.08333,3826
Yunguyo,2018-03-30,9.7,15.04,6.13,67.55,9.99,2.44,63.7,-16.25,-69.08333,3826
Yunguyo,2018-03-31,8.79,13.5,4.82,61.06,0.39,1.88,63.67,-16.25,-69.08333,3826
Yunguyo,2018-04-01,9.72,15.28,4.91,51.09,0.3,2.68,63.63,-16.25,-69.08333,3826
Yunguyo,2018-04-02,10.03,14.69,6.24,70.31,0.72,3.77,63.67,-16.25,-69.08333,3826
Yunguyo,2018-04-03,10.05,14.03,6.82,72.46,0.07,2.77,63.69,-16.25,-69.08333,3826
Yunguyo,2018-04-04,10.56,15.38,7.38,60.93,0.65,2.24,63.7,-16.25,-69.08333,3826
Yunguyo,2018-04-05,10.49,15.26,6.93,62.23,0.71,2.19,63.72,-16.25,-69.08333,3826
Yunguyo,2018-04-06,9.39,12.46,7.3,69.8,0.99,2.96,63.76,-16.25,-69.08333,3826
Yunguyo,2018-04-07,9.69,13.92,6.02,65.41,0.56,3.47,63.82,-16.25,-69.08333,3826
Yunguyo,2018-04-08,9.36,13.26,6.35,66.18,0.42,3.68,63.9,-16.25,-69.08333,3826
Yunguyo,2018-04-09,8.57,12.32,6.07,72.21,0.02,4.3,63.92,-16.25,-69.08333,3826
Yunguyo,2018-04-10,9.26,13.15,5.82,69.79,0.0,2.91,63.93,-16.25,-69.08333,3826
Yunguyo,2018-04-11,11.08,16.35,7.07,56.85,0.03,2.74,63.82,-16.25,-69.08333,3826
Yunguyo,2018-04-12,10.74,16.41,6.88,66.8,1.25,3.64,63.86,-16.25,-69.08333,3826
Yunguyo,2018-04-13,8.33,12.11,5.9,78.26,2.89,4.45,64.03,-16.25,-69.08333,3826
Yunguyo,2018-04-14,8.59,13.63,4.86,73.62,0.1,3.85,64.08,-16.25,-69.08333,3826
Yunguyo,2018-04-15,8.65,14.01,5.14,73.87,0.01,3.99,64.1,-16.25,-69.08333,3826
Yunguyo,2018-04-16,8.62,13.54,4.14,67.32,0.0,2.67,64.03,-16.25,-69.08333,3826
Yunguyo,2018-04-17,9.49,14.79,5.6,66.53,0.0,3.24,63.89,-16.25,-69.08333,3826
Yunguyo,2018-04-18,8.35,12.73,4.93,71.28,0.17,3.51,63.92,-16.25,-69.08333,3826
Yunguyo,2018-04-19,9.11,14.06,5.08,68.25,0.02,2.72,63.9,-16.25,-69.08333,3826
Yunguyo,2018-04-20,9.74,14.89,6.17,71.1,0.0,3.66,63.88,-16.25,-69.08333,3826
Yunguyo,2018-04-21,8.97,12.9,6.01,73.85,0.0,3.86,63.9,-16.25,-69.08333,3826
Yunguyo,2018-04-22,8.9,13.66,5.58,70.65,0.0,3.56,63.85,-16.25,-69.08333,3826
Yunguyo,2018-04-23,8.17,12.88,5.27,71.79,0.0,4.28,63.91,-16.25,-69.08333,3826
Yunguyo,2018-04-24,7.36,11.54,4.83,78.99,1.94,4.22,63.96,-16.25,-69.08333,3826
Yunguyo,2018-04-25,7.02,11.68,3.69,81.65,5.97,4.56,63.99,-16.25,-69.08333,3826
Yunguyo,2018-04-26,8.25,12.51,4.88,75.63,1.67,2.3,63.98,-16.25,-69.08333,3826
Yunguyo,2018-04-27,9.24,13.6,6.56,74.53,0.22,2.75,63.93,-16.25,-69.08333,3826
Yunguyo,2018-04-28,8.63,12.67,5.66,72.88,3.57,3.71,63.99,-16.25,-69.08333,3826
Yunguyo,2018-04-29,8.28,13.25,4.47,69.94,2.2,3.25,64.02,-16.25,-69.08333,3826
Yunguyo,2018-04-30,9.03,14.27,5.92,62.22,0.0,3.48,63.99,-16.25,-69.08333,3826
Yunguyo,2018-05-01,8.59,12.96,5.01,67.82,0.13,3.25,64.06,-16.25,-69.08333,3826
Yunguyo,2018-05-02,9.36,14.47,5.53,63.34,0.18,3.01,64.01,-16.25,-69.08333,3826
Yunguyo,2018-05-03,10.07,14.94,6.37,65.33,0.23,2.03,63.88,-16.25,-69.08333,3826
Yunguyo,2018-05-04,9.89,15.94,6.25,62.06,3.75,3.62,63.8,-16.25,-69.08333,3826
Yunguyo,2018-05-05,7.32,9.85,4.67,81.86,7.97,2.8,63.94,-16.25,-69.08333,3826
Yunguyo,2018-05-06,7.16,11.57,2.98,78.03,2.78,3.09,64.04,-16.25,-69.08333,3826
Yunguyo,2018-05-07,8.22,12.37,5.16,74.08,0.34,2.83,63.99,-16.25,-69.08333,3826
Yunguyo,2018-05-08,8.32,12.0,5.41,78.49,5.28,3.77,63.9,-16.25,-69.08333,3826
Yunguyo,2018-05-09,8.2,12.01,4.13,72.34,3.14,1.7,63.94,-16.25,-69.08333,3826
Yunguyo,2018-05-10,10.35,15.15,6.41,58.17,0.0,1.8,63.89,-16.25,-69.08333,3826
Yunguyo,2018-05-11,9.96,14.43,6.59,67.09,0.22,2.34,63.9,-16.25,-69.08333,3826
Yunguyo,2018-05-12,9.17,13.48,5.84,64.26,0.12,2.06,63.89,-16.25,-69.08333,3826
Yunguyo,2018-05-13,8.86,13.95,4.68,45.09,0.0,1.87,63.78,-16.25,-69.08333,3826
Yunguyo,2018-05-14,7.92,14.03,2.96,32.34,0.0,1.84,63.74,-16.25,-69.08333,3826
Yunguyo,2018-05-15,8.92,14.07,4.98,42.14,0.0,1.12,63.82,-16.25,-69.08333,3826
Yunguyo,2018-05-16,8.11,13.2,5.07,65.68,0.85,2.46,63.87,-16.25,-69.08333,3826
Yunguyo,2018-05-17,8.56,13.58,4.39,66.22,0.04,2.48,63.81,-16.25,-69.08333,3826
Yunguyo,2018-05-18,9.2,14.29,5.09,46.97,0.01,1.7,63.77,-16.25,-69.08333,3826
Yunguyo,2018-05-19,7.11,10.79,4.29,72.66,2.15,3.19,63.91,-16.25,-69.08333,3826
Yunguyo,2018-05-20,8.5,14.14,4.61,64.99,0.01,2.26,63.83,-16.25,-69.08333,3826
Yunguyo,2018-05-21,8.52,13.98,4.31,42.99,0.0,1.97,63.78,-16.25,-69.08333,3826
Yunguyo,2018-05-22,7.98,13.29,4.23,62.9,0.0,2.92,63.8,-16.25,-69.08333,3826
Yunguyo,2018-05-23,8.62,14.22,4.9,65.18,0.0,2.08,63.88,-16.25,-69.08333,3826
Yunguyo,2018-05-24,8.29,13.36,4.34,68.17,0.0,2.42,63.94,-16.25,-69.08333,3826
Yunguyo,2018-05-25,8.36,12.94,5.46,70.97,0.0,2.65,63.91,-16.25,-69.08333,3826
Yunguyo,2018-05-26,8.37,13.2,4.68,67.42,0.0,2.53,63.87,-16.25,-69.08333,3826
Yunguyo,2018-05-27,8.44,13.2,4.81,70.46,0.0,2.82,63.86,-16.25,-69.08333,3826
Yunguyo,2018-05-28,9.06,14.52,5.61,61.01,0.0,1.64,63.87,-16.25,-69.08333,3826
Yunguyo,2018-05-29,8.4,14.14,3.36,38.9,0.0,1.72,63.83,-16.25,-69.08333,3826
Yunguyo,2018-05-30,8.32,13.31,4.21,38.41,0.08,1.81,63.79,-16.25,-69.08333,3826
Yunguyo,2018-05-31,8.56,13.79,4.47,37.37,0.19,1.63,63.72,-16.25,-69.08333,3826
Yunguyo,2018-06-01,8.5,13.59,5.1,52.3,0.38,2.87,63.7,-16.25,-69.08333,3826
Yunguyo,2018-06-02,6.46,9.59,4.51,80.86,2.13,2.84,63.78,-16.25,-69.08333,3826
Yunguyo,2018-06-03,4.66,9.19,1.82,83.43,8.54,2.26,63.95,-16.25,-69.08333,3826
Yunguyo,2018-06-04,6.1,9.68,3.48,78.28,0.27,2.64,64.03,-16.25,-69.08333,3826
Yunguyo,2018-06-05,7.71,11.97,4.23,69.26,0.68,2.34,63.91,-16.25,-69.08333,3826
Yunguyo,2018-06-06,7.59,13.03,3.0,68.3,0.52,3.73,63.76,-16.25,-69.08333,3826
Yunguyo,2018-06-07,6.33,11.34,2.4,64.82,3.09,3.21,63.88,-16.25,-69.08333,3826
Yunguyo,2018-06-08,6.8,12.54,2.64,63.52,2.53,4.02,63.87,-16.25,-69.08333,3826
Yunguyo,2018-06-09,5.73,9.68,3.26,71.13,2.07,3.35,63.86,-16.25,-69.08333,3826
Yunguyo,2018-06-10,5.31,9.47,2.88,74.03,4.61,3.83,63.79,-16.25,-69.08333,3826
Yunguyo,2018-06-11,6.09,12.46,1.7,60.26,0.31,4.05,63.75,-16.25,-69.08333,3826
Yunguyo,2018-06-12,5.41,9.19,1.81,66.27,0.81,2.56,63.82,-16.25,-69.08333,3826
Yunguyo,2018-06-13,6.02,10.62,3.56,81.5,0.11,4.11,63.84,-16.25,-69.08333,3826
Yunguyo,2018-06-14,6.92,13.0,2.83,73.24,0.0,4.62,63.83,-16.25,-69.08333,3826
Yunguyo,2018-06-15,6.74,11.89,2.84,72.69,0.0,3.83,63.9,-16.25,-69.08333,3826
Yunguyo,2018-06-16,6.88,11.8,3.64,74.51,0.0,2.64,63.95,-16.25,-69.08333,3826
Yunguyo,2018-06-17,6.9,12.24,3.42,74.69,0.0,2.99,64.0,-16.25,-69.08333,3826
Yunguyo,2018-06-18,6.86,12.33,3.39,70.17,0.0,2.52,64.06,-16.25,-69.08333,3826
Yunguyo,2018-06-19,7.03,11.9,2.76,60.68,0.0,1.67,64.02,-16.25,-69.08333,3826
Yunguyo,2018-06-20,7.52,12.08,4.36,59.68,0.0,1.89,63.94,-16.25,-69.08333,3826
Yunguyo,2018-06-21,7.76,12.99,3.77,62.94,0.0,2.23,63.93,-16.25,-69.08333,3826
Yunguyo,2018-06-22,6.8,11.73,2.14,68.76,0.0,2.73,63.87,-16.25,-69.08333,3826
Yunguyo,2018-06-23,8.07,13.28,3.47,58.11,0.0,2.65,63.75,-16.25,-69.08333,3826
Yunguyo,2018-06-24,7.98,11.97,4.9,71.31,0.11,3.18,63.79,-16.25,-69.08333,3826
Yunguyo,2018-06-25,8.27,12.4,4.72,61.72,0.45,2.3,63.82,-16.25,-69.08333,3826
Yunguyo,2018-06-26,8.28,12.15,4.77,66.23,0.17,2.62,63.75,-16.25,-69.08333,3826
Yunguyo,2018-06-27,8.74,13.23,5.61,66.0,0.06,2.85,63.72,-16.25,-69.08333,3826
Yunguyo,2018-06-28,8.72,13.0,5.91,69.54,0.01,2.4,63.79,-16.25,-69.08333,3826
Yunguyo,2018-06-29,8.98,13.38,6.31,68.75,0.0,2.07,63.85,-16.25,-69.08333,3826
Yunguyo,2018-06-30,8.66,12.74,5.84,70.9,0.0,2.38,63.81,-16.25,-69.08333,3826
Yunguyo,2018-07-01,9.15,13.12,6.87,68.81,0.0,1.93,63.8,-16.25,-69.08333,3826
Yunguyo,2018-07-02,8.6,13.67,4.49,68.74,0.02,3.09,63.82,-16.25,-69.08333,3826
Yunguyo,2018-07-03,7.48,12.57,3.64,67.97,0.04,3.64,63.87,-16.25,-69.08333,3826
Yunguyo,2018-07-04,8.08,12.69,4.23,73.12,0.01,3.46,63.83,-16.25,-69.08333,3826
Yunguyo,2018-07-05,9.12,13.77,6.0,67.04,0.0,2.49,63.88,-16.25,-69.08333,3826
Yunguyo,2018-07-06,9.31,14.42,5.95,69.15,0.0,2.69,63.92,-16.25,-69.08333,3826
Yunguyo,2018-07-07,8.3,13.95,4.41,56.5,0.0,2.55,63.91,-16.25,-69.08333,3826
Yunguyo,2018-07-08,7.29,12.22,3.44,59.42,0.03,3.02,63.94,-16.25,-69.08333,3826
Yunguyo,2018-07-09,7.65,11.68,5.13,68.25,0.01,2.82,63.93,-16.25,-69.08333,3826
Yunguyo,2018-07-10,7.72,12.31,4.69,62.73,0.0,2.63,63.85,-16.25,-69.08333,3826
Yunguyo,2018-07-11,6.98,11.22,3.67,71.55,0.09,2.0,63.81,-16.25,-69.08333,3826
Yunguyo,2018-07-12,6.08,10.22,2.93,70.23,0.13,1.78,63.9,-16.25,-69.08333,3826
Yunguyo,2018-07-13,6.1,10.8,3.31,71.67,0.02,3.2,63.95,-16.25,-69.08333,3826
Yunguyo,2018-07-14,6.7,11.79,3.43,60.58,0.73,2.85,63.87,-16.25,-69.08333,3826
Yunguyo,2018-07-15,6.78,11.25,3.16,65.0,0.01,2.43,63.85,-16.25,-69.08333,3826
Yunguyo,2018-07-16,7.52,11.52,4.83,72.43,0.0,3.01,63.94,-16.25,-69.08333,3826
Yunguyo,2018-07-17,7.39,11.38,4.14,71.73,0.01,3.84,63.91,-16.25,-69.08333,3826
Yunguyo,2018-07-18,7.42,11.83,3.93,71.45,0.02,4.7,63.77,-16.25,-69.08333,3826
Yunguyo,2018-07-19,7.03,11.14,3.22,72.24,2.55,3.96,63.69,-16.25,-69.08333,3826
Yunguyo,2018-07-20,4.82,8.18,1.58,83.02,5.5,3.05,63.78,-16.25,-69.08333,3826
Yunguyo,2018-07-21,3.42,7.4,1.23,87.71,4.44,3.86,63.81,-16.25,-69.08333,3826
Yunguyo,2018-07-22,5.83,10.49,1.26,66.66,0.2,2.37,63.86,-16.25,-69.08333,3826
Yunguyo,2018-07-23,6.34,10.85,3.49,74.99,0.05,3.71,63.91,-16.25,-69.08333,3826
Yunguyo,2018-07-24,6.93,12.11,3.16,70.17,0.0,3.45,63.97,-16.25,-69.08333,3826
Yunguyo,2018-07-25,6.92,11.68,3.04,69.15,0.0,2.69,64.0,-16.25,-69.08333,3826
Yunguyo,2018-07-26,6.7,12.1,2.75,64.3,0.03,2.92,63.93,-16.25,-69.08333,3826
Yunguyo,2018-07-27,7.76,12.73,4.1,57.65,0.01,2.23,63.89,-16.25,-69.08333,3826
Yunguyo,2018-07-28,8.03,13.36,3.89,54.44,0.0,2.16,63.87,-16.25,-69.08333,3826
Yunguyo,2018-07-29,8.15,13.55,4.56,50.09,0.03,1.93,63.85,-16.25,-69.08333,3826
Yunguyo,2018-07-30,8.01,14.58,2.39,35.41,0.02,2.34,63.83,-16.25,-69.08333,3826
Yunguyo,2018-07-31,7.6,12.63,3.63,66.41,0.09,2.92,63.86,-16.25,-69.08333,3826
Yunguyo,2018-08-01,8.41,12.04,4.98,59.05,0.0,1.73,63.8,-16.25,-69.08333,3826
Yunguyo,2018-08-02,8.28,12.32,5.63,60.29,0.0,2.42,63.76,-16.25,-69.08333,3826
Yunguyo,2018-08-03,6.86,11.64,3.05,71.02,0.59,3.1,63.71,-16.25,-69.08333,3826
Yunguyo,2018-08-04,6.78,12.38,3.94,70.98,4.12,4.07,63.59,-16.25,-69.08333,3826
Yunguyo,2018-08-05,6.54,13.32,2.36,45.81,0.39,5.0,63.58,-16.25,-69.08333,3826
Yunguyo,2018-08-06,6.24,11.06,3.03,36.68,0.06,2.51,63.81,-16.25,-69.08333,3826
Yunguyo,2018-08-07,6.07,8.41,4.42,55.89,0.3,3.94,63.89,-16.25,-69.08333,3826
Yunguyo,2018-08-08,7.01,11.48,3.61,60.18,0.38,3.01,64.0,-16.25,-69.08333,3826
Yunguyo,2018-08-09,6.99,11.92,3.46,72.05,0.0,3.06,64.04,-16.25,-69.08333,3826
Yunguyo,2018-08-10,7.77,12.72,4.38,65.7,0.0,2.54,63.98,-16.25,-69.08333,3826
Yunguyo,2018-08-11,6.97,11.94,3.48,70.46,0.0,3.31,64.02,-16.25,-69.08333,3826
Yunguyo,2018-08-12,7.39,11.1,3.7,61.89,1.01,1.61,63.97,-16.25,-69.08333,3826
Yunguyo,2018-08-13,8.63,12.84,4.48,40.86,0.02,1.47,63.86,-16.25,-69.08333,3826
Yunguyo,2018-08-14,8.03,12.13,4.27,46.76,0.55,2.41,63.82,-16.25,-69.08333,3826
Yunguyo,2018-08-15,6.74,11.59,3.66,69.05,0.21,3.65,63.89,-16.25,-69.08333,3826
Yunguyo,2018-08-16,7.66,12.43,4.49,63.68,0.0,3.03,64.0,-16.25,-69.08333,3826
Yunguyo,2018-08-17,7.91,12.62,4.87,65.29,0.0,2.87,64.02,-16.25,-69.08333,3826
Yunguyo,2018-08-18,8.09,13.6,3.27,47.98,0.0,1.55,63.9,-16.25,-69.08333,3826
Yunguyo,2018-08-19,8.1,13.22,4.24,58.67,0.11,3.48,63.82,-16.25,-69.08333,3826
Yunguyo,2018-08-20,5.0,8.02,3.08,83.29,11.32,3.77,63.9,-16.25,-69.08333,3826
Yunguyo,2018-08-21,6.08,10.24,3.07,67.01,1.03,1.66,63.9,-16.25,-69.08333,3826
Yunguyo,2018-08-22,7.3,12.95,2.54,49.87,0.0,2.31,63.88,-16.25,-69.08333,3826
Yunguyo,2018-08-23,8.04,14.59,2.75,30.29,0.0,2.31,63.79,-16.25,-69.08333,3826
Yunguyo,2018-08-24,7.97,13.87,3.91,40.19,0.0,3.14,63.84,-16.25,-69.08333,3826
Yunguyo,2018-08-25,7.39,12.73,4.17,71.37,0.0,4.08,63.9,-16.25,-69.08333,3826
Yunguyo,2018-08-26,6.26,10.26,3.4,69.21,0.0,3.31,63.93,-16.25,-69.08333,3826
Yunguyo,2018-08-27,7.46,12.67,3.84,61.42,2.34,2.6,63.89,-16.25,-69.08333,3826
Yunguyo,2018-08-28,7.64,12.03,4.73,73.44,0.67,2.92,63.87,-16.25,-69.08333,3826
Yunguyo,2018-08-29,7.79,13.14,2.89,63.5,0.0,2.29,63.86,-16.25,-69.08333,3826
Yunguyo,2018-08-30,9.02,13.62,5.29,60.2,0.0,1.72,63.81,-16.25,-69.08333,3826
Yunguyo,2018-08-31,9.39,13.59,5.46,53.75,0.0,1.85,63.78,-16.25,-69.08333,3826
Yunguyo,2018-09-01,9.63,16.1,4.05,37.93,0.01,4.07,63.72,-16.25,-69.08333,3826
Yunguyo,2018-09-02,7.75,14.03,2.66,35.03,0.0,3.29,63.87,-16.25,-69.08333,3826
Yunguyo,2018-09-03,7.41,13.74,1.84,58.96,0.0,3.58,63.94,-16.25,-69.08333,3826
Yunguyo,2018-09-04,6.2,12.64,1.11,42.15,0.0,3.36,63.91,-16.25,-69.08333,3826
Yunguyo,2018-09-05,7.82,13.98,3.57,45.56,0.0,2.68,63.85,-16.25,-69.08333,3826
Yunguyo,2018-09-06,8.41,14.61,3.98,51.25,0.0,2.77,63.84,-16.25,-69.08333,3826
Yunguyo,2018-09-07,8.94,14.8,5.05,57.35,0.0,2.8,63.86,-16.25,-69.08333,3826
Yunguyo,2018-09-08,7.93,13.39,4.19,65.15,0.0,3.07,63.88,-16.25,-69.08333,3826
Yunguyo,2018-09-09,7.96,13.33,3.86,67.47,0.0,3.2,63.88,-16.25,-69.08333,3826
Yunguyo,2018-09-10,7.79,13.01,4.36,71.45,0.29,3.62,63.91,-16.25,-69.08333,3826
Yunguyo,2018-09-11,7.97,13.61,3.48,68.45,0.08,3.07,63.88,-16.25,-69.08333,3826
Yunguyo,2018-09-12,9.03,14.47,4.8,62.75,0.0,2.5,63.82,-16.25,-69.08333,3826
Yunguyo,2018-09-13,9.88,15.16,5.87,59.58,0.0,2.87,63.71,-16.25,-69.08333,3826
Yunguyo,2018-09-14,10.09,14.44,6.51,63.2,0.0,2.72,63.67,-16.25,-69.08333,3826
Yunguyo,2018-09-15,10.08,14.6,6.32,49.31,1.27,2.75,63.63,-16.25,-69.08333,3826
Yunguyo,2018-09-16,9.75,15.72,4.91,42.03,0.3,2.88,63.65,-16.25,-69.08333,3826
Yunguyo,2018-09-17,9.34,15.17,4.17,30.26,1.46,1.88,63.72,-16.25,-69.08333,3826
Yunguyo,2018-09-18,9.52,14.59,5.37,46.88,0.33,1.95,63.72,-16.25,-69.08333,3826
Yunguyo,2018-09-19,10.74,16.0,6.47,53.0,0.43,2.7,63.75,-16.25,-69.08333,3826
Yunguyo,2018-09-20,10.75,16.19,6.63,66.53,0.23,3.57,63.82,-16.25,-69.08333,3826
Yunguyo,2018-09-21,10.37,15.77,6.99,57.76,0.07,3.97,63.83,-16.25,-69.08333,3826
Yunguyo,2018-09-22,9.45,14.9,4.81,62.08,0.0,4.36,63.81,-16.25,-69.08333,3826
Yunguyo,2018-09-23,9.61,14.91,5.47,61.45,0.0,3.0,63.76,-16.25,-69.08333,3826
Yunguyo,2018-09-24,8.69,12.65,5.87,68.03,0.96,2.94,63.77,-16.25,-69.08333,3826
Yunguyo,2018-09-25,9.45,14.13,5.69,56.18,0.98,2.4,63.74,-16.25,-69.08333,3826
Yunguyo,2018-09-26,9.41,14.08,5.92,48.89,0.27,2.15,63.76,-16.25,-69.08333,3826
Yunguyo,2018-09-27,9.7,14.67,5.33,48.6,0.0,3.46,63.78,-16.25,-69.08333,3826
Yunguyo,2018-09-28,10.15,14.62,6.69,54.13,0.0,3.12,63.81,-16.25,-69.08333,3826
Yunguyo,2018-09-29,10.75,16.36,5.65,46.53,0.22,2.03,63.73,-16.25,-69.08333,3826
Yunguyo,2018-09-30,11.21,16.54,6.42,55.34,0.04,2.46,63.71,-16.25,-69.08333,3826
Yunguyo,2018-10-01,10.9,15.28,7.12,66.64,0.0,3.4,63.81,-16.25,-69.08333,3826
Yunguyo,2018-10-02,11.11,17.03,6.8,55.71,0.19,4.06,63.84,-16.25,-69.08333,3826
Yunguyo,2018-10-03,9.58,14.39,5.96,72.99,0.12,4.94,63.87,-16.25,-69.08333,3826
Yunguyo,2018-10-04,7.91,11.13,5.07,79.94,0.63,5.76,63.88,-16.25,-69.08333,3826
Yunguyo,2018-10-05,7.81,11.44,5.21,81.91,84.57,5.29,63.84,-16.25,-69.08333,3826
Yunguyo,2018-10-06,8.58,13.08,4.51,74.52,23.84,3.02,63.79,-16.25,-69.08333,3826
Yunguyo,2018-10-07,8.34,13.28,3.36,67.66,3.55,2.97,63.8,-16.25,-69.08333,3826
Yunguyo,2018-10-08,9.13,13.59,4.23,58.7,0.0,2.83,63.77,-16.25,-69.08333,3826
Yunguyo,2018-10-09,10.49,14.99,6.04,58.32,7.14,1.81,63.73,-16.25,-69.08333,3826
Yunguyo,2018-10-10,8.21,13.44,5.14,76.48,6.39,2.74,63.72,-16.25,-69.08333,3826
Yunguyo,2018-10-11,8.44,11.6,5.14,78.5,2.64,2.62,63.79,-16.25,-69.08333,3826
Yunguyo,2018-10-12,9.4,13.52,6.78,76.68,0.69,4.2,63.8,-16.25,-69.08333,3826
Yunguyo,2018-10-13,9.0,12.65,6.59,77.82,0.2,4.92,63.85,-16.25,-69.08333,3826
Yunguyo,2018-10-14,8.54,13.37,5.59,78.32,1.08,4.2,63.82,-16.25,-69.08333,3826
Yunguyo,2018-10-15,7.51,10.82,4.43,77.23,3.87,2.1,63.79,-16.25,-69.08333,3826
Yunguyo,2018-10-16,9.58,14.96,4.73,60.4,0.39,2.08,63.69,-16.25,-69.08333,3826
Yunguyo,2018-10-17,8.96,12.44,5.61,73.81,0.37,2.69,63.74,-16.25,-69.08333,3826
Yunguyo,2018-10-18,9.57,13.43,6.7,73.97,4.23,3.64,63.81,-16.25,-69.08333,3826
Yunguyo,2018-10-19,10.3,15.26,6.47,68.84,5.34,2.22,63.78,-16.25,-69.08333,3826
Yunguyo,2018-10-20,8.06,10.97,4.4,80.02,3.71,2.89,63.78,-16.25,-69.08333,3826
Yunguyo,2018-10-21,9.72,14.15,6.09,67.98,0.02,3.59,63.73,-16.25,-69.08333,3826
Yunguyo,2018-10-22,9.83,14.28,5.73,71.2,2.24,3.33,63.68,-16.25,-69.08333,3826
Yunguyo,2018-10-23,7.36,13.44,2.89,79.28,2.6,2.66,63.73,-16.25,-69.08333,3826
Yunguyo,2018-10-24,6.84,11.89,3.36,80.7,2.07,3.43,63.77,-16.25,-69.08333,3826
Yunguyo,2018-10-25,6.7,11.28,3.45,85.28,2.22,3.14,63.7,-16.25,-69.08333,3826
Yunguyo,2018-10-26,8.94,13.66,3.99,68.19,0.28,2.74,63.7,-16.25,-69.08333,3826
Yunguyo,2018-10-27,10.24,14.66,7.57,72.06,2.13,2.97,63.75,-16.25,-69.08333,3826
Yunguyo,2018-10-28,11.61,17.03,7.44,55.14,0.08,2.18,63.76,-16.25,-69.08333,3826
Yunguyo,2018-10-29,10.95,15.36,7.92,68.26,0.0,2.73,63.77,-16.25,-69.08333,3826
Yunguyo,2018-10-30,10.83,15.81,7.0,67.11,0.0,3.26,63.84,-16.25,-69.08333,3826
Yunguyo,2018-10-31,11.08,16.28,6.87,61.75,0.01,3.08,63.9,-16.25,-69.08333,3826
Yunguyo,2018-11-01,10.96,16.11,7.5,61.36,1.02,3.18,63.83,-16.25,-69.08333,3826
Yunguyo,2018-11-02,11.13,15.73,6.93,58.33,1.48,1.95,63.74,-16.25,-69.08333,3826
Yunguyo,2018-11-03,11.71,17.4,6.71,49.28,0.16,3.49,63.63,-16.25,-69.08333,3826
Yunguyo,2018-11-04,8.39,11.17,5.33,64.83,0.02,2.63,63.69,-16.25,-69.08333,3826
Yunguyo,2018-11-05,6.67,8.78,4.91,82.11,0.78,3.89,63.67,-16.25,-69.08333,3826
Yunguyo,2018-11-06,10.56,14.92,6.77,68.88,0.44,2.84,63.69,-16.25,-69.08333,3826
Yunguyo,2018-11-07,9.01,10.81,5.85,82.64,3.46,5.44,63.77,-16.25,-69.08333,3826
Yunguyo,2018-11-08,10.14,16.21,5.16,70.09,1.45,3.24,63.77,-16.25,-69.08333,3826
Yunguyo,2018-11-09,11.22,15.65,7.55,69.56,0.0,2.8,63.77,-16.25,-69.08333,3826
Yunguyo,2018-11-10,11.56,16.84,8.03,68.78,0.0,3.37,63.72,-16.25,-69.08333,3826
Yunguyo,2018-11-11,11.94,16.98,7.75,61.98,0.0,2.62,63.65,-16.25,-69.08333,3826
Yunguyo,2018-11-12,11.03,15.86,7.01,63.34,0.32,2.33,63.66,-16.25,-69.08333,3826
Yunguyo,2018-11-13,12.29,17.65,7.58,44.89,0.0,2.47,63.71,-16.25,-69.08333,3826
Yunguyo,2018-11-14,11.33,16.28,6.97,58.57,0.16,3.53,63.73,-16.25,-69.08333,3826
Yunguyo,2018-11-15,11.06,14.8,8.69,72.22,0.29,3.68,63.69,-16.25,-69.08333,3826
Yunguyo,2018-11-16,9.92,12.42,7.71,74.5,0.02,2.42,63.79,-16.25,-69.08333,3826
Yunguyo,2018-11-17,12.04,16.93,7.77,52.25,0.81,2.85,63.72,-16.25,-69.08333,3826
Yunguyo,2018-11-18,10.5,13.72,8.71,75.52,1.7,3.44,63.79,-16.25,-69.08333,3826
Yunguyo,2018-11-19,6.82,10.83,3.42,84.98,1.14,2.07,63.83,-16.25,-69.08333,3826
Yunguyo,2018-11-20,9.84,15.81,3.15,72.42,0.02,2.86,63.83,-16.25,-69.08333,3826
Yunguyo,2018-11-21,11.77,16.41,8.17,68.74,1.97,2.34,63.78,-16.25,-69.08333,3826
Yunguyo,2018-11-22,11.53,17.51,6.14,62.85,3.66,2.41,63.72,-16.25,-69.08333,3826
Yunguyo,2018-11-23,13.41,18.64,9.46,56.86,3.29,1.93,63.63,-16.25,-69.08333,3826
Yunguyo,2018-11-24,12.13,17.48,8.22,63.33,2.45,3.58,63.65,-16.25,-69.08333,3826
Yunguyo,2018-11-25,10.56,14.01,7.94,76.71,3.03,3.61,63.71,-16.25,-69.08333,3826
Yunguyo,2018-11-26,11.4,17.3,7.08,58.93,4.26,3.12,63.73,-16.25,-69.08333,3826
Yunguyo,2018-11-27,10.93,14.66,8.09,70.85,7.63,2.58,63.62,-16.25,-69.08333,3826
Yunguyo,2018-11-28,9.42,13.17,6.41,75.29,7.45,2.8,63.63,-16.25,-69.08333,3826
Yunguyo,2018-11-29,11.45,16.89,6.14,57.66,2.2,2.61,63.62,-16.25,-69.08333,3826
Yunguyo,2018-11-30,12.34,18.17,7.31,40.77,0.62,2.8,63.58,-16.25,-69.08333,3826
Yunguyo,2018-12-01,10.7,16.39,4.95,39.75,0.14,2.86,63.65,-16.25,-69.08333,3826
Yunguyo,2018-12-02,9.41,12.5,6.98,70.63,1.92,3.51,63.69,-16.25,-69.08333,3826
Yunguyo,2018-12-03,11.42,18.16,6.43,54.37,0.07,1.8,63.63,-16.25,-69.08333,3826
Yunguyo,2018-12-04,10.99,17.54,4.94,32.88,0.0,2.55,63.56,-16.25,-69.08333,3826
Yunguyo,2018-12-05,10.86,16.14,5.49,52.48,0.0,3.52,63.59,-16.25,-69.08333,3826
Yunguyo,2018-12-06,9.29,12.88,7.26,76.7,0.02,4.53,63.82,-16.25,-69.08333,3826
Yunguyo,2018-12-07,9.32,14.24,6.23,71.05,0.17,4.59,64.01,-16.25,-69.08333,3826
Yunguyo,2018-12-08,9.84,15.13,5.28,65.24,0.01,3.81,64.06,-16.25,-69.08333,3826
Yunguyo,2018-12-09,12.14,17.82,7.95,51.78,0.0,3.1,63.97,-16.25,-69.08333,3826
Yunguyo,2018-12-10,11.44,17.3,6.78,47.63,0.0,3.7,64.08,-16.25,-69.08333,3826
Yunguyo,2018-12-11,12.08,17.72,7.48,45.96,0.0,3.59,64.09,-16.25,-69.08333,3826
Yunguyo,2018-12-12,12.21,17.72,8.58,49.02,0.0,3.49,64.0,-16.25,-69.08333,3826
Yunguyo,2018-12-13,11.52,16.76,7.76,58.92,0.93,3.59,63.93,-16.25,-69.08333,3826
Yunguyo,2018-12-14,12.3,17.33,8.16,59.05,1.39,2.53,63.81,-16.25,-69.08333,3826
Yunguyo,2018-12-15,10.33,13.81,7.7,72.54,2.29,4.39,63.87,-16.25,-69.08333,3826
Yunguyo,2018-12-16,8.99,13.14,5.81,77.36,7.0,4.17,63.86,-16.25,-69.08333,3826
Yunguyo,2018-12-17,8.88,13.93,5.23,74.43,9.48,2.85,63.77,-16.25,-69.08333,3826
Yunguyo,2018-12-18,7.57,11.89,4.73,77.74,13.43,1.38,63.8,-16.25,-69.08333,3826
Yunguyo,2018-12-19,8.78,13.69,4.28,73.74,33.86,2.53,63.79,-16.25,-69.08333,3826
Yunguyo,2018-12-20,10.6,14.83,7.56,60.99,11.59,1.7,63.7,-16.25,-69.08333,3826
Yunguyo,2018-12-21,11.3,16.05,5.42,57.53,0.0,2.04,63.65,-16.25,-69.08333,3826
Yunguyo,2018-12-22,10.46,16.41,3.78,59.17,0.6,2.5,63.73,-16.25,-69.08333,3826
Yunguyo,2018-12-23,10.14,15.07,6.0,74.19,3.71,3.69,63.72,-16.25,-69.08333,3826
Yunguyo,2018-12-24,7.95,10.54,4.79,85.71,6.95,4.25,63.77,-16.25,-69.08333,3826
Yunguyo,2018-12-25,10.18,14.1,7.24,72.77,0.24,2.86,63.71,-16.25,-69.08333,3826
Yunguyo,2018-12-26,8.59,12.59,6.11,80.69,4.27,3.79,63.71,-16.25,-69.08333,3826
Yunguyo,2018-12-27,9.83,14.21,6.6,77.27,4.45,3.51,63.65,-16.25,-69.08333,3826
Yunguyo,2018-12-28,9.99,13.48,5.5,74.47,1.37,3.34,63.63,-16.25,-69.08333,3826
Yunguyo,2018-12-29,8.26,14.16,2.86,76.14,5.85,3.13,63.63,-16.25,-69.08333,3826
Yunguyo,2018-12-30,8.33,13.93,3.38,78.64,6.72,2.83,63.57,-16.25,-69.08333,3826
Yunguyo,2018-12-31,8.64,14.19,4.92,78.33,3.94,3.44,63.63,-16.25,-69.08333,3826
Yunguyo,2019-01-01,10.07,14.22,6.91,69.46,0.33,3.62,63.72,-16.25,-69.08333,3826
Yunguyo,2019-01-02,10.92,16.06,6.58,70.24,0.74,4.13,63.76,-16.25,-69.08333,3826
Yunguyo,2019-01-03,8.47,11.75,6.8,86.62,14.09,3.24,63.73,-16.25,-69.08333,3826
Yunguyo,2019-01-04,8.26,13.57,5.21,81.7,7.22,3.21,63.78,-16.25,-69.08333,3826
Yunguyo,2019-01-05,10.42,15.57,5.21,69.96,0.91,1.92,63.79,-16.25,-69.08333,3826
Yunguyo,2019-01-06,12.17,18.63,5.94,49.87,0.29,3.07,63.75,-16.25,-69.08333,3826
Yunguyo,2019-01-07,12.28,18.26,6.62,47.08,0.23,2.93,63.72,-16.25,-69.08333,3826
Yunguyo,2019-01-08,11.05,13.6,9.17,71.05,0.24,1.85,63.75,-16.25,-69.08333,3826
Yunguyo,2019-01-09,11.24,15.57,8.04,68.26,0.1,2.72,63.68,-16.25,-69.08333,3826
Yunguyo,2019-01-10,10.81,14.71,7.94,69.88,0.15,3.46,63.62,-16.25,-69.08333,3826
Yunguyo,2019-01-11,9.42,12.8,6.33,77.53,0.31,4.22,63.72,-16.25,-69.08333,3826
Yunguyo,2019-01-12,9.52,14.17,6.21,75.0,0.1,4.79,63.73,-16.25,-69.08333,3826
Yunguyo,2019-01-13,10.19,14.43,6.68,75.53,2.63,4.73,63.72,-16.25,-69.08333,3826
Yunguyo,2019-01-14,9.84,13.93,6.91,78.44,2.75,4.96,63.77,-16.25,-69.08333,3826
Yunguyo,2019-01-15,9.95,13.33,7.31,77.26,2.43,4.28,63.86,-16.25,-69.08333,3826
Yunguyo,2019-01-16,9.99,14.47,6.58,73.16,0.66,4.67,63.93,-16.25,-69.08333,3826
Yunguyo,2019-01-17,9.82,13.93,6.52,77.08,1.67,4.62,63.9,-16.25,-69.08333,3826
Yunguyo,2019-01-18,9.43,12.56,7.11,78.67,0.29,5.67,63.88,-16.25,-69.08333,3826
Yunguyo,2019-01-19,8.96,12.48,5.81,77.95,2.71,4.65,63.92,-16.25,-69.08333,3826
Yunguyo,2019-01-20,10.59,15.58,6.26,73.36,0.73,4.25,63.89,-16.25,-69.08333,3826
Yunguyo,2019-01-21,10.84,15.21,7.45,74.53,1.55,4.52,63.91,-16.25,-69.08333,3826
Yunguyo,2019-01-22,9.71,12.85,7.01,77.7,6.34,5.06,63.95,-16.25,-69.08333,3826
Yunguyo,2019-01-23,9.58,14.25,6.28,74.7,0.52,4.44,63.95,-16.25,-69.08333,3826
Yunguyo,2019-01-24,9.48,13.86,5.83,74.43,0.92,4.89,64.0,-16.25,-69.08333,3826
Yunguyo,2019-01-25,9.84,14.55,5.85,68.8,1.4,4.19,64.0,-16.25,-69.08333,3826
Yunguyo,2019-01-26,9.51,13.41,6.5,72.56,0.49,4.38,63.9,-16.25,-69.08333,3826
Yunguyo,2019-01-27,9.96,14.04,6.26,76.97,4.05,5.24,63.85,-16.25,-69.08333,3826
Yunguyo,2019-01-28,9.41,13.28,7.05,80.64,4.34,4.74,63.79,-16.25,-69.08333,3826
Yunguyo,2019-01-29,9.5,13.77,6.47,79.26,6.47,4.29,63.77,-16.25,-69.08333,3826
Yunguyo,2019-01-30,9.02,13.23,6.85,82.12,8.5,4.59,63.69,-16.25,-69.08333,3826
Yunguyo,2019-01-31,9.16,14.04,6.09,79.16,8.73,3.84,63.71,-16.25,-69.08333,3826
Yunguyo,2019-02-01,9.04,13.71,3.87,76.31,7.75,2.67,63.76,-16.25,-69.08333,3826
Yunguyo,2019-02-02,6.58,10.49,3.33,85.65,4.31,3.82,63.85,-16.25,-69.08333,3826
Yunguyo,2019-02-03,8.15,13.14,4.28,81.24,2.9,5.63,63.88,-16.25,-69.08333,3826
Yunguyo,2019-02-04,8.6,13.21,5.36,79.04,4.78,4.99,63.92,-16.25,-69.08333,3826
Yunguyo,2019-02-05,8.67,13.48,5.39,78.83,10.23,5.06,63.9,-16.25,-69.08333,3826
Yunguyo,2019-02-06,9.15,14.55,5.05,74.91,1.26,4.45,63.84,-16.25,-69.08333,3826
Yunguyo,2019-02-07,8.53,11.45,5.76,77.11,1.25,4.06,63.77,-16.25,-69.08333,3826
Yunguyo,2019-02-08,8.96,12.46,6.03,74.54,2.12,4.08,63.72,-16.25,-69.08333,3826
Yunguyo,2019-02-09,8.88,13.14,5.03,76.69,3.1,3.17,63.77,-16.25,-69.08333,3826
Yunguyo,2019-02-10,8.84,14.13,3.41,76.48,5.07,2.55,63.73,-16.25,-69.08333,3826
Yunguyo,2019-02-11,8.19,11.88,4.52,82.38,4.74,2.42,63.71,-16.25,-69.08333,3826
Yunguyo,2019-02-12,7.73,11.76,3.77,83.77,9.59,2.87,63.84,-16.25,-69.08333,3826
Yunguyo,2019-02-13,8.95,14.1,3.42,75.55,9.15,2.36,63.93,-16.25,-69.08333,3826
Yunguyo,2019-02-14,10.4,14.57,6.67,77.72,3.77,4.34,63.81,-16.25,-69.08333,3826
Yunguyo,2019-02-15,10.86,15.82,7.62,75.52,3.74,4.26,63.83,-16.25,-69.08333,3826
Yunguyo,2019-02-16,10.12,14.05,4.38,78.36,5.35,3.26,63.83,-16.25,-69.08333,3826
Yunguyo,2019-02-17,9.79,14.42,4.13,78.64,6.05,2.61,63.77,-16.25,-69.08333,3826
Yunguyo,2019-02-18,11.33,16.51,7.61,66.72,0.9,1.58,63.77,-16.25,-69.08333,3826
Yunguyo,2019-02-19,11.25,15.77,7.47,68.63,0.15,3.24,63.79,-16.25,-69.08333,3826
Yunguyo,2019-02-20,10.23,13.86,7.89,75.21,0.07,3.81,63.79,-16.25,-69.08333,3826
Yunguyo,2019-02-21,11.01,15.59,7.45,70.69,0.0,3.39,63.89,-16.25,-69.08333,3826
Yunguyo,2019-02-22,10.91,15.46,7.34,74.35,0.0,3.79,63.95,-16.25,-69.08333,3826
Yunguyo,2019-02-23,9.44,12.83,7.24,78.11,0.15,2.32,63.78,-16.25,-69.08333,3826
Yunguyo,2019-02-24,11.03,16.15,6.91,67.79,0.97,1.51,63.65,-16.25,-69.08333,3826
Yunguyo,2019-02-25,8.97,13.3,5.17,72.41,0.05,3.75,63.63,-16.25,-69.08333,3826
Yunguyo,2019-02-26,10.48,16.02,5.98,60.11,0.54,4.12,63.67,-16.25,-69.08333,3826
Yunguyo,2019-02-27,8.5,12.08,6.09,83.49,2.47,4.46,63.75,-16.25,-69.08333,3826
Yunguyo,2019-02-28,7.4,10.81,4.44,82.85,2.92,2.65,63.87,-16.25,-69.08333,3826
Yunguyo,2019-03-01,10.24,15.59,6.36,73.51,0.87,3.19,63.84,-16.25,-69.08333,3826
Yunguyo,2019-03-02,11.09,15.97,7.64,72.41,0.52,3.52,63.87,-16.25,-69.08333,3826
Yunguyo,2019-03-03,10.53,14.96,8.14,72.68,0.33,3.76,63.86,-16.25,-69.08333,3826
Yunguyo,2019-03-04,11.44,16.54,7.82,62.13,0.23,2.79,63.83,-16.25,-69.08333,3826
Yunguyo,2019-03-05,11.68,16.68,8.34,58.15,0.04,3.16,63.92,-16.25,-69.08333,3826
Yunguyo,2019-03-06,10.9,14.84,7.81,66.22,2.91,3.46,63.99,-16.25,-69.08333,3826
Yunguyo,2019-03-07,11.68,16.44,8.11,65.13,0.2,2.87,63.91,-16.25,-69.08333,3826
Yunguyo,2019-03-08,11.61,16.63,7.14,69.54,0.0,4.15,63.84,-16.25,-69.08333,3826
Yunguyo,2019-03-09,10.39,14.64,5.57,75.17,0.88,4.7,63.88,-16.25,-69.08333,3826
Yunguyo,2019-03-10,9.87,13.63,6.46,78.86,2.08,4.89,63.93,-16.25,-69.08333,3826
Yunguyo,2019-03-11,9.83,13.87,6.79,75.01,0.67,2.71,63.85,-16.25,-69.08333,3826
Yunguyo,2019-03-12,9.74,13.92,4.13,77.14,1.66,3.16,63.77,-16.25,-69.08333,3826
Yunguyo,2019-03-13,9.18,14.13,3.28,79.64,5.0,4.13,63.77,-16.25,-69.08333,3826
Yunguyo,2019-03-14,9.21,13.78,4.03,80.47,3.41,3.16,63.79,-16.25,-69.08333,3826
Yunguyo,2019-03-15,9.83,15.38,4.47,74.14,1.84,2.62,63.79,-16.25,-69.08333,3826
Yunguyo,2019-03-16,9.97,15.19,4.98,75.2,9.01,2.35,63.73,-16.25,-69.08333,3826
Yunguyo,2019-03-17,10.46,15.99,4.91,63.8,0.32,2.97,63.78,-16.25,-69.08333,3826
Yunguyo,2019-03-18,9.41,12.19,4.86,80.57,0.89,3.6,63.81,-16.25,-69.08333,3826
Yunguyo,2019-03-19,9.7,16.03,2.81,72.12,2.02,3.21,63.78,-16.25,-69.08333,3826
Yunguyo,2019-03-20,8.9,12.07,5.56,83.44,9.69,3.77,63.79,-16.25,-69.08333,3826
Yunguyo,2019-03-21,7.69,11.34,4.88,84.13,5.72,2.64,63.86,-16.25,-69.08333,3826
Yunguyo,2019-03-22,9.92,14.99,6.02,72.69,0.27,2.74,63.84,-16.25,-69.08333,3826
Yunguyo,2019-03-23,10.55,15.96,6.29,69.27,0.0,3.41,63.9,-16.25,-69.08333,3826
Yunguyo,2019-03-24,7.7,13.0,3.58,84.13,2.63,3.47,63.9,-16.25,-69.08333,3826
Yunguyo,2019-03-25,8.29,12.6,4.0,80.26,4.74,2.9,63.83,-16.25,-69.08333,3826
Yunguyo,2019-03-26,8.43,12.12,5.93,82.88,3.83,4.31,63.79,-16.25,-69.08333,3826
Yunguyo,2019-03-27,8.06,12.13,5.17,81.21,3.37,5.11,63.94,-16.25,-69.08333,3826
Yunguyo,2019-03-28,8.79,14.05,5.3,77.62,0.66,4.26,64.02,-16.25,-69.08333,3826
Yunguyo,2019-03-29,9.0,13.6,5.47,77.2,0.01,4.65,63.98,-16.25,-69.08333,3826
Yunguyo,2019-03-30,9.67,14.1,6.42,78.91,0.2,3.85,63.96,-16.25,-69.08333,3826
Yunguyo,2019-03-31,10.59,15.47,6.88,76.3,1.14,3.64,63.91,-16.25,-69.08333,3826
Yunguyo,2019-04-01,9.92,14.13,5.03,80.26,6.36,3.07,63.82,-16.25,-69.08333,3826
Yunguyo,2019-04-02,9.12,14.52,4.88,75.69,7.42,2.57,63.82,-16.25,-69.08333,3826
Yunguyo,2019-04-03,7.94,13.12,3.44,80.65,3.76,3.04,63.83,-16.25,-69.08333,3826
Yunguyo,2019-04-04,9.5,17.07,3.84,59.54,1.23,2.94,63.64,-16.25,-69.08333,3826
Yunguyo,2019-04-05,9.54,16.87,2.69,52.18,0.14,3.16,63.73,-16.25,-69.08333,3826
Yunguyo,2019-04-06,10.05,15.19,6.26,68.77,0.11,2.83,63.85,-16.25,-69.08333,3826
Yunguyo,2019-04-07,8.9,14.35,5.14,70.21,0.0,3.58,64.0,-16.25,-69.08333,3826
Yunguyo,2019-04-08,9.09,14.74,4.84,57.0,0.0,3.35,63.99,-16.25,-69.08333,3826
Yunguyo,2019-04-09,10.71,15.76,6.6,41.16,0.0,2.2,63.89,-16.25,-69.08333,3826
Yunguyo,2019-04-10,11.1,15.94,7.58,49.89,0.0,2.61,63.78,-16.25,-69.08333,3826
Yunguyo,2019-04-11,9.53,14.13,5.67,70.55,0.8,3.56,63.82,-16.25,-69.08333,3826
Yunguyo,2019-04-12,9.97,15.12,6.1,68.24,0.62,2.45,63.8,-16.25,-69.08333,3826
Yunguyo,2019-04-13,10.44,15.81,5.66,54.22,0.0,2.22,63.79,-16.25,-69.08333,3826
Yunguyo,2019-04-14,10.54,14.34,7.56,71.83,0.0,2.46,63.87,-16.25,-69.08333,3826
Yunguyo,2019-04-15,10.08,13.71,7.12,75.98,2.18,3.32,63.97,-16.25,-69.08333,3826
Yunguyo,2019-04-16,9.41,13.71,6.65,76.02,2.01,3.74,64.02,-16.25,-69.08333,3826
Yunguyo,2019-04-17,8.84,12.29,6.48,79.01,0.54,2.46,63.94,-16.25,-69.08333,3826
Yunguyo,2019-04-18,9.92,14.5,6.35,74.4,3.65,3.2,63.86,-16.25,-69.08333,3826
Yunguyo,2019-04-19,9.99,13.88,7.36,75.94,5.89,3.08,63.91,-16.25,-69.08333,3826
Yunguyo,2019-04-20,10.33,15.06,7.19,69.64,3.81,2.82,63.95,-16.25,-69.08333,3826
Yunguyo,2019-04-21,10.95,15.35,6.95,67.65,4.88,2.22,63.88,-16.25,-69.08333,3826
Yunguyo,2019-04-22,10.32,13.92,7.29,76.76,0.49,3.45,63.77,-16.25,-69.08333,3826
Yunguyo,2019-04-23,8.74,13.64,6.04,78.07,10.13,3.22,63.79,-16.25,-69.08333,3826
Yunguyo,2019-04-24,8.91,13.01,5.66,82.39,3.65,5.38,63.9,-16.25,-69.08333,3826
Yunguyo,2019-04-25,10.0,13.58,6.87,76.89,0.69,3.89,63.97,-16.25,-69.08333,3826
Yunguyo,2019-04-26,9.78,12.41,7.82,79.63,3.41,3.08,63.99,-16.25,-69.08333,3826
Yunguyo,2019-04-27,10.31,14.67,7.38,73.36,1.96,2.96,63.91,-16.25,-69.08333,3826
Yunguyo,2019-04-28,9.77,13.73,7.26,71.95,0.61,2.72,63.92,-16.25,-69.08333,3826
Yunguyo,2019-04-29,10.34,14.95,7.23,62.82,0.0,2.19,63.86,-16.25,-69.08333,3826
Yunguyo,2019-04-30,9.28,12.02,6.89,71.12,0.68,2.28,63.83,-16.25,-69.08333,3826
Yunguyo,2019-05-01,8.11,12.7,3.48,73.28,0.95,2.71,63.87,-16.25,-69.08333,3826
Yunguyo,2019-05-02,10.69,17.46,6.02,56.09,0.01,2.5,63.78,-16.25,-69.08333,3826
Yunguyo,2019-05-03,9.76,15.43,4.73,50.22,0.0,3.03,63.8,-16.25,-69.08333,3826
Yunguyo,2019-05-04,8.76,13.28,6.82,78.1,0.52,2.88,63.85,-16.25,-69.08333,3826
Yunguyo,2019-05-05,9.47,14.16,6.17,70.75,0.58,3.35,63.96,-16.25,-69.08333,3826
Yunguyo,2019-05-06,8.59,12.15,6.33,80.92,35.5,4.18,64.06,-16.25,-69.08333,3826
Yunguyo,2019-05-07,8.63,12.6,5.47,74.57,11.66,2.84,64.02,-16.25,-69.08333,3826
Yunguyo,2019-05-08,7.25,11.83,3.67,83.54,1.33,2.95,63.93,-16.25,-69.08333,3826
Yunguyo,2019-05-09,9.46,13.65,5.03,63.08,0.2,1.42,63.86,-16.25,-69.08333,3826
Yunguyo,2019-05-10,10.68,15.48,6.22,54.34,0.44,2.76,63.74,-16.25,-69.08333,3826
Yunguyo,2019-05-11,11.05,15.35,7.2,59.36,0.39,2.5,63.7,-16.25,-69.08333,3826
Yunguyo,2019-05-12,6.91,11.74,2.66,70.57,4.97,3.18,63.86,-16.25,-69.08333,3826
Yunguyo,2019-05-13,6.84,11.39,2.79,68.93,1.38,2.47,64.06,-16.25,-69.08333,3826
Yunguyo,2019-05-14,7.8,12.43,4.22,70.52,0.07,2.3,64.02,-16.25,-69.08333,3826
Yunguyo,2019-05-15,8.47,14.27,3.95,55.45,0.0,1.75,63.94,-16.25,-69.08333,3826
Yunguyo,2019-05-16,8.54,13.81,3.68,45.71,0.0,1.57,63.9,-16.25,-69.08333,3826
Yunguyo,2019-05-17,9.3,14.83,5.05,32.04,0.0,1.68,63.78,-16.25,-69.08333,3826
Yunguyo,2019-05-18,9.25,14.95,4.94,40.8,0.0,2.4,63.75,-16.25,-69.08333,3826
Yunguyo,2019-05-19,9.09,14.35,5.42,65.37,0.0,2.85,63.79,-16.25,-69.08333,3826
Yunguyo,2019-05-20,9.85,14.8,6.37,54.71,0.0,1.93,63.79,-16.25,-69.08333,3826
Yunguyo,2019-05-21,9.33,13.41,5.83,59.94,0.0,2.21,63.83,-16.25,-69.08333,3826
Yunguyo,2019-05-22,8.62,11.38,5.89,66.57,0.24,3.14,63.84,-16.25,-69.08333,3826
Yunguyo,2019-05-23,8.4,14.98,4.19,52.15,0.18,3.49,63.83,-16.25,-69.08333,3826
Yunguyo,2019-05-24,7.22,12.61,2.44,46.65,0.07,2.44,63.83,-16.25,-69.08333,3826
Yunguyo,2019-05-25,8.51,13.51,4.49,60.0,0.05,2.1,63.8,-16.25,-69.08333,3826
Yunguyo,2019-05-26,8.5,13.96,3.65,56.09,0.0,3.39,63.83,-16.25,-69.08333,3826
Yunguyo,2019-05-27,8.37,13.66,3.82,58.73,0.0,3.54,63.82,-16.25,-69.08333,3826
Yunguyo,2019-05-28,8.42,13.41,4.07,62.68,0.0,3.4,63.88,-16.25,-69.08333,3826
Yunguyo,2019-05-29,9.36,13.05,6.33,70.81,0.0,3.04,63.94,-16.25,-69.08333,3826
Yunguyo,2019-05-30,10.26,14.86,7.09,57.69,0.0,1.63,63.94,-16.25,-69.08333,3826
Yunguyo,2019-05-31,9.72,14.66,5.9,49.71,0.01,2.09,63.89,-16.25,-69.08333,3826
Yunguyo,2019-06-01,9.84,14.8,6.03,50.45,0.33,1.98,63.86,-16.25,-69.08333,3826
Yunguyo,2019-06-02,9.16,14.24,5.35,48.51,0.02,2.0,63.92,-16.25,-69.08333,3826
Yunguyo,2019-06-03,8.24,12.84,4.99,62.61,0.0,2.97,64.08,-16.25,-69.08333,3826
Yunguyo,2019-06-04,7.7,12.72,4.3,65.57,0.0,2.53,64.14,-16.25,-69.08333,3826
Yunguyo,2019-06-05,8.5,13.02,4.86,39.29,0.02,1.92,64.05,-16.25,-69.08333,3826
Yunguyo,2019-06-06,9.16,13.58,5.11,27.28,0.0,1.7,63.91,-16.25,-69.08333,3826
Yunguyo,2019-06-07,8.81,14.16,4.46,35.09,0.0,2.13,63.81,-16.25,-69.08333,3826
Yunguyo,2019-06-08,7.56,13.39,3.61,50.13,0.0,2.19,63.88,-16.25,-69.08333,3826
Yunguyo,2019-06-09,7.8,12.81,3.52,63.97,0.0,2.39,63.95,-16.25,-69.08333,3826
Yunguyo,2019-06-10,8.91,13.78,4.87,53.63,0.0,2.02,63.96,-16.25,-69.08333,3826
Yunguyo,2019-06-11,9.2,13.74,6.14,68.76,0.0,1.92,63.96,-16.25,-69.08333,3826
Yunguyo,2019-06-12,9.47,13.12,6.83,65.74,0.0,2.56,63.98,-16.25,-69.08333,3826
Yunguyo,2019-06-13,9.58,13.08,7.1,68.2,0.0,1.88,64.02,-16.25,-69.08333,3826
Yunguyo,2019-06-14,9.46,12.78,6.89,74.85,0.94,2.5,63.96,-16.25,-69.08333,3826
Yunguyo,2019-06-15,8.59,11.8,5.97,69.52,0.88,3.17,63.84,-16.25,-69.08333,3826
Yunguyo,2019-06-16,4.99,6.9,2.22,85.98,1.2,2.43,63.92,-16.25,-69.08333,3826
Yunguyo,2019-06-17,7.56,12.8,3.39,75.35,0.84,2.48,64.0,-16.25,-69.08333,3826
Yunguyo,2019-06-18,9.06,14.2,4.87,63.98,0.05,1.81,63.99,-16.25,-69.08333,3826
Yunguyo,2019-06-19,8.6,13.06,5.77,72.02,3.61,2.86,64.06,-16.25,-69.08333,3826
Yunguyo,2019-06-20,7.51,11.66,5.19,80.8,0.35,3.45,64.15,-16.25,-69.08333,3826
Yunguyo,2019-06-21,7.78,12.91,3.52,53.24,0.0,1.8,64.19,-16.25,-69.08333,3826
Yunguyo,2019-06-22,7.56,12.48,4.14,54.64,0.0,3.04,64.19,-16.25,-69.08333,3826
Yunguyo,2019-06-23,7.18,12.18,2.51,47.3,0.0,1.99,64.08,-16.25,-69.08333,3826
Yunguyo,2019-06-24,7.71,12.97,2.73,37.49,0.0,1.98,63.81,-16.25,-69.08333,3826
Yunguyo,2019-06-25,6.66,13.62,1.15,37.94,0.0,4.34,63.67,-16.25,-69.08333,3826
Yunguyo,2019-06-26,6.89,13.01,2.07,47.25,0.28,3.06,63.68,-16.25,-69.08333,3826
Yunguyo,2019-06-27,7.09,10.96,4.38,60.02,0.92,1.86,63.7,-16.25,-69.08333,3826
Yunguyo,2019-06-28,7.26,11.69,3.07,65.17,0.13,2.48,63.78,-16.25,-69.08333,3826
Yunguyo,2019-06-29,8.32,12.73,4.13,60.68,0.04,1.88,63.86,-16.25,-69.08333,3826
Yunguyo,2019-06-30,8.73,12.95,5.76,71.94,0.0,2.63,63.9,-16.25,-69.08333,3826
Yunguyo,2019-07-01,8.58,13.02,5.39,69.29,0.0,2.93,63.97,-16.25,-69.08333,3826
Yunguyo,2019-07-02,9.53,14.82,5.36,56.47,0.01,2.03,63.82,-16.25,-69.08333,3826
Yunguyo,2019-07-03,8.93,15.6,3.25,48.05,0.21,2.79,63.65,-16.25,-69.08333,3826
Yunguyo,2019-07-04,9.21,15.22,4.85,43.46,0.24,1.79,63.75,-16.25,-69.08333,3826
Yunguyo,2019-07-05,7.07,11.2,4.07,78.99,0.65,2.34,63.99,-16.25,-69.08333,3826
Yunguyo,2019-07-06,8.53,13.2,4.68,68.96,0.0,1.97,63.98,-16.25,-69.08333,3826
Yunguyo,2019-07-07,8.7,14.37,4.42,50.35,0.0,3.28,63.97,-16.25,-69.08333,3826
Yunguyo,2019-07-08,7.99,13.64,4.06,54.41,0.0,2.79,63.98,-16.25,-69.08333,3826
Yunguyo,2019-07-09,7.45,13.49,3.48,46.45,0.0,2.04,64.03,-16.25,-69.08333,3826
Yunguyo,2019-07-10,7.57,13.38,3.4,46.41,0.0,2.06,63.95,-16.25,-69.08333,3826
Yunguyo,2019-07-11,8.22,13.44,4.27,50.51,0.0,1.9,63.81,-16.25,-69.08333,3826
Yunguyo,2019-07-12,8.26,13.63,4.09,46.7,0.0,2.4,63.8,-16.25,-69.08333,3826
Yunguyo,2019-07-13,8.3,12.98,5.15,67.72,0.0,2.35,63.81,-16.25,-69.08333,3826
Yunguyo,2019-07-14,8.35,12.64,4.86,63.38,0.0,1.81,63.79,-16.25,-69.08333,3826
Yunguyo,2019-07-15,8.33,12.48,5.24,64.67,0.0,2.0,63.83,-16.25,-69.08333,3826
Yunguyo,2019-07-16,5.27,9.71,2.5,82.63,0.3,2.04,63.88,-16.25,-69.08333,3826
Yunguyo,2019-07-17,6.64,10.5,3.81,55.25,2.33,1.46,63.94,-16.25,-69.08333,3826
Yunguyo,2019-07-18,4.74,7.06,2.54,67.7,2.48,2.54,63.97,-16.25,-69.08333,3826
Yunguyo,2019-07-19,6.54,10.64,3.68,72.29,0.96,2.51,63.89,-16.25,-69.08333,3826
Yunguyo,2019-07-20,6.2,9.49,3.04,63.55,1.58,2.2,63.86,-16.25,-69.08333,3826
Yunguyo,2019-07-21,7.53,12.07,3.49,58.73,0.0,3.13,63.79,-16.25,-69.08333,3826
Yunguyo,2019-07-22,7.41,11.55,3.69,60.17,0.02,3.1,63.76,-16.25,-69.08333,3826
Yunguyo,2019-07-23,6.49,11.63,2.13,71.71,0.65,4.38,63.66,-16.25,-69.08333,3826
Yunguyo,2019-07-24,6.24,12.01,1.81,71.47,2.08,6.73,63.63,-16.25,-69.08333,3826
Yunguyo,2019-07-25,5.43,12.49,0.33,34.26,0.0,4.5,63.81,-16.25,-69.08333,3826
Yunguyo,2019-07-26,5.54,11.1,1.86,38.14,0.0,2.59,63.94,-16.25,-69.08333,3826
Yunguyo,2019-07-27,6.37,11.49,2.57,68.01,0.0,2.55,63.97,-16.25,-69.08333,3826
Yunguyo,2019-07-28,7.95,12.59,3.98,55.65,0.0,2.23,63.91,-16.25,-69.08333,3826
Yunguyo,2019-07-29,7.72,14.26,2.22,39.52,0.0,2.82,63.91,-16.25,-69.08333,3826
Yunguyo,2019-07-30,7.03,12.61,3.56,63.09,0.0,2.66,64.02,-16.25,-69.08333,3826
Yunguyo,2019-07-31,7.2,12.63,3.1,49.79,0.0,1.85,63.98,-16.25,-69.08333,3826
Yunguyo,2019-08-01,8.79,15.01,3.32,36.07,0.0,2.29,63.83,-16.25,-69.08333,3826
Yunguyo,2019-08-02,8.36,13.76,4.38,38.61,0.0,1.85,63.88,-16.25,-69.08333,3826
Yunguyo,2019-08-03,6.69,12.22,2.62,34.86,0.0,3.49,63.97,-16.25,-69.08333,3826
Yunguyo,2019-08-04,6.98,13.56,3.04,40.06,0.0,2.31,64.01,-16.25,-69.08333,3826
Yunguyo,2019-08-05,7.67,13.81,2.69,44.64,0.0,1.95,64.02,-16.25,-69.08333,3826
Yunguyo,2019-08-06,8.62,14.23,4.12,34.33,0.0,1.7,63.96,-16.25,-69.08333,3826
Yunguyo,2019-08-07,8.23,13.95,3.81,44.81,0.0,2.51,63.96,-16.25,-69.08333,3826
Yunguyo,2019-08-08,7.43,12.99,3.58,63.38,0.01,3.68,63.94,-16.25,-69.08333,3826
Yunguyo,2019-08-09,8.1,13.43,3.9,59.08,0.01,3.2,63.9,-16.25,-69.08333,3826
Yunguyo,2019-08-10,7.94,12.52,4.37,67.95,0.0,4.41,63.92,-16.25,-69.08333,3826
Yunguyo,2019-08-11,8.24,13.7,3.43,61.91,0.0,4.16,63.92,-16.25,-69.08333,3826
Yunguyo,2019-08-12,9.0,14.01,5.28,60.09,0.0,2.81,63.94,-16.25,-69.08333,3826
Yunguyo,2019-08-13,7.83,11.78,5.26,79.58,0.0,4.3,64.04,-16.25,-69.08333,3826
Yunguyo,2019-08-14,8.1,13.57,4.82,70.86,0.0,2.69,64.03,-16.25,-69.08333,3826
Yunguyo,2019-08-15,8.12,13.68,4.77,65.47,0.0,2.65,64.0,-16.25,-69.08333,3826
Yunguyo,2019-08-16,9.0,14.44,4.25,50.61,0.0,1.82,63.98,-16.25,-69.08333,3826
Yunguyo,2019-08-17,10.11,15.53,6.27,43.27,0.0,1.73,63.87,-16.25,-69.08333,3826
Yunguyo,2019-08-18,9.32,15.09,5.2,50.74,0.0,2.68,63.88,-16.25,-69.08333,3826
Yunguyo,2019-08-19,8.81,14.3,5.17,67.89,0.0,2.6,63.93,-16.25,-69.08333,3826
Yunguyo,2019-08-20,8.31,12.94,5.06,71.91,0.0,3.59,63.99,-16.25,-69.08333,3826
Yunguyo,2019-08-21,8.01,12.86,4.49,71.35,0.0,3.37,64.06,-16.25,-69.08333,3826
Yunguyo,2019-08-22,8.39,13.48,4.8,68.07,0.0,3.52,64.06,-16.25,-69.08333,3826
Yunguyo,2019-08-23,6.65,11.7,2.14,69.06,0.25,3.73,64.12,-16.25,-69.08333,3826
Yunguyo,2019-08-24,8.48,13.06,5.32,63.39,0.12,2.08,63.95,-16.25,-69.08333,3826
Yunguyo,2019-08-25,8.17,13.25,4.31,48.17,0.0,1.46,63.91,-16.25,-69.08333,3826
Yunguyo,2019-08-26,7.23,12.48,3.36,44.31,0.0,2.19,63.98,-16.25,-69.08333,3826
Yunguyo,2019-08-27,6.9,11.81,3.46,69.43,0.0,3.73,64.04,-16.25,-69.08333,3826
Yunguyo,2019-08-28,7.47,12.87,3.26,55.97,0.0,2.38,64.05,-16.25,-69.08333,3826
Yunguyo,2019-08-29,9.21,14.54,4.75,49.73,0.0,2.03,63.93,-16.25,-69.08333,3826
Yunguyo,2019-08-30,9.85,15.17,5.67,50.6,0.0,2.34,63.85,-16.25,-69.08333,3826
Yunguyo,2019-08-31,9.47,13.88,6.23,63.73,0.0,2.23,63.85,-16.25,-69.08333,3826
Yunguyo,2019-09-01,8.09,12.6,3.78,73.98,0.0,3.73,63.85,-16.25,-69.08333,3826
Yunguyo,2019-09-02,8.38,11.44,5.65,63.31,0.0,2.28,63.75,-16.25,-69.08333,3826
Yunguyo,2019-09-03,6.73,9.4,3.77,76.22,0.04,2.48,63.81,-16.25,-69.08333,3826
Yunguyo,2019-09-04,5.42,8.84,2.57,85.54,3.85,3.94,63.97,-16.25,-69.08333,3826
Yunguyo,2019-09-05,6.68,11.72,2.87,74.31,2.78,4.7,64.01,-16.25,-69.08333,3826
Yunguyo,2019-09-06,7.31,12.65,4.41,75.71,5.3,4.07,63.91,-16.25,-69.08333,3826
Yunguyo,2019-09-07,7.61,11.69,4.7,77.05,3.14,5.14,63.85,-16.25,-69.08333,3826
Yunguyo,2019-09-08,8.42,13.64,4.53,68.33,0.8,5.68,63.91,-16.25,-69.08333,3826
Yunguyo,2019-09-09,8.45,14.57,3.42,58.91,0.0,3.31,63.86,-16.25,-69.08333,3826
Yunguyo,2019-09-10,9.63,14.83,5.62,59.81,0.36,3.29,63.78,-16.25,-69.08333,3826
Yunguyo,2019-09-11,9.61,15.03,5.38,65.63,0.53,4.37,63.74,-16.25,-69.08333,3826
Yunguyo,2019-09-12,6.13,10.09,3.39,84.78,3.04,4.04,63.82,-16.25,-69.08333,3826
Yunguyo,2019-09-13,7.03,12.3,3.57,79.16,5.25,3.52,63.91,-16.25,-69.08333,3826
Yunguyo,2019-09-14,8.15,13.23,4.19,73.3,1.49,2.34,63.95,-16.25,-69.08333,3826
Yunguyo,2019-09-15,9.63,14.2,6.31,67.74,0.0,2.67,63.93,-16.25,-69.08333,3826
Yunguyo,2019-09-16,10.34,15.59,5.87,68.17,0.0,3.25,63.98,-16.25,-69.08333,3826
Yunguyo,2019-09-17,9.39,14.62,4.6,59.53,0.0,2.7,63.99,-16.25,-69.08333,3826
Yunguyo,2019-09-18,11.11,16.27,7.33,61.0,0.02,2.36,63.77,-16.25,-69.08333,3826
Yunguyo,2019-09-19,10.38,14.82,6.74,53.32,0.0,2.22,63.7,-16.25,-69.08333,3826
Yunguyo,2019-09-20,10.84,15.46,7.53,56.32,0.05,4.11,63.86,-16.25,-69.08333,3826
Yunguyo,2019-09-21,9.89,14.48,6.01,74.42,0.15,5.04,63.98,-16.25,-69.08333,3826
Yunguyo,2019-09-22,9.44,15.61,4.7,72.05,0.01,4.53,64.12,-16.25,-69.08333,3826
Yunguyo,2019-09-23,9.07,15.5,4.75,63.31,0.0,3.49,64.18,-16.25,-69.08333,3826
Yunguyo,2019-09-24,9.55,15.27,5.63,62.73,0.0,4.06,64.17,-16.25,-69.08333,3826
Yunguyo,2019-09-25,9.78,15.14,5.71,66.83,0.18,3.8,64.09,-16.25,-69.08333,3826
Yunguyo,2019-09-26,9.3,14.82,5.1,71.86,0.07,3.5,63.98,-16.25,-69.08333,3826
Yunguyo,2019-09-27,9.53,15.48,4.85,64.72,0.0,3.05,63.97,-16.25,-69.08333,3826
Yunguyo,2019-09-28,10.07,16.61,5.39,62.75,0.0,3.44,63.93,-16.25,-69.08333,3826
Yunguyo,2019-09-29,9.37,15.96,5.15,59.68,0.0,3.41,63.9,-16.25,-69.08333,3826
Yunguyo,2019-09-30,9.79,15.42,5.38,63.82,0.0,3.22,63.73,-16.25,-69.08333,3826
Yunguyo,2019-10-01,8.52,12.33,6.11,74.21,2.06,4.41,63.58,-16.25,-69.08333,3826
Yunguyo,2019-10-02,8.68,13.42,5.51,72.9,5.13,3.18,63.65,-16.25,-69.08333,3826
Yunguyo,2019-10-03,7.63,12.04,4.91,76.25,3.37,2.41,63.8,-16.25,-69.08333,3826
Yunguyo,2019-10-04,6.12,10.57,2.18,77.41,0.19,3.05,63.85,-16.25,-69.08333,3826
Yunguyo,2019-10-05,7.37,12.32,5.12,76.29,1.72,3.35,63.66,-16.25,-69.08333,3826
Yunguyo,2019-10-06,6.94,11.33,2.04,48.24,1.13,3.05,63.69,-16.25,-69.08333,3826
Yunguyo,2019-10-07,7.29,11.91,3.73,31.05,0.0,2.48,63.73,-16.25,-69.08333,3826
Yunguyo,2019-10-08,7.64,13.87,2.68,51.96,0.0,3.13,63.88,-16.25,-69.08333,3826
Yunguyo,2019-10-09,8.07,14.1,3.83,63.94,0.0,3.67,63.94,-16.25,-69.08333,3826
Yunguyo,2019-10-10,8.45,15.34,3.69,54.3,0.0,3.5,63.86,-16.25,-69.08333,3826
Yunguyo,2019-10-11,8.35,14.78,3.67,57.62,0.0,3.32,63.8,-16.25,-69.08333,3826
Yunguyo,2019-10-12,9.28,14.69,4.07,64.67,0.0,3.52,63.73,-16.25,-69.08333,3826
Yunguyo,2019-10-13,8.86,12.83,6.41,73.16,0.64,2.65,63.71,-16.25,-69.08333,3826
Yunguyo,2019-10-14,10.56,16.08,6.93,60.38,0.4,2.95,63.77,-16.25,-69.08333,3826
Yunguyo,2019-10-15,8.31,11.99,6.2,79.68,0.75,5.01,63.87,-16.25,-69.08333,3826
Yunguyo,2019-10-16,9.45,14.59,6.07,73.18,0.46,4.51,63.86,-16.25,-69.08333,3826
Yunguyo,2019-10-17,9.2,14.1,5.22,73.96,4.45,4.57,63.84,-16.25,-69.08333,3826
Yunguyo,2019-10-18,8.67,12.09,6.36,79.54,5.27,5.83,63.81,-16.25,-69.08333,3826
Yunguyo,2019-10-19,6.01,7.28,3.63,87.24,6.33,3.67,63.88,-16.25,-69.08333,3826
Yunguyo,2019-10-20,9.67,15.64,3.32,61.18,0.35,1.77,63.81,-16.25,-69.08333,3826
Yunguyo,2019-10-21,10.8,16.08,5.85,54.74,0.13,3.35,63.78,-16.25,-69.08333,3826
Yunguyo,2019-10-22,11.13,17.11,7.22,60.64,0.1,2.45,63.73,-16.25,-69.08333,3826
Yunguyo,2019-10-23,9.01,13.58,5.22,56.49,0.41,4.5,63.77,-16.25,-69.08333,3826
Yunguyo,2019-10-24,10.17,15.99,5.42,57.89,0.11,3.71,63.86,-16.25,-69.08333,3826
Yunguyo,2019-10-25,10.3,14.97,6.92,70.76,1.03,4.19,63.91,-16.25,-69.08333,3826
Yunguyo,2019-10-26,10.67,15.54,6.61,64.97,0.07,4.14,63.9,-16.25,-69.08333,3826
Yunguyo,2019-10-27,11.04,15.32,7.75,67.63,0.0,3.41,63.85,-16.25,-69.08333,3826
Yunguyo,2019-10-28,11.5,16.89,8.31,60.73,0.0,3.34,63.86,-16.25,-69.08333,3826
Yunguyo,2019-10-29,11.03,16.52,6.69,63.21,0.0,3.88,63.8,-16.25,-69.08333,3826
Yunguyo,2019-10-30,10.98,17.06,6.76,56.36,0.0,3.63,63.84,-16.25,-69.08333,3826
Yunguyo,2019-10-31,10.03,14.84,6.87,68.64,0.86,5.0,63.9,-16.25,-69.08333,3826
Yunguyo,2019-11-01,9.76,15.32,5.1,63.76,0.12,4.68,63.92,-16.25,-69.08333,3826
Yunguyo,2019-11-02,10.5,16.26,5.95,61.96,0.0,4.06,63.79,-16.25,-69.08333,3826
Yunguyo,2019-11-03,10.63,15.93,4.85,65.69,3.79,3.69,63.64,-16.25,-69.08333,3826
Yunguyo,2019-11-04,10.06,15.19,4.1,62.58,3.31,2.31,63.63,-16.25,-69.08333,3826
Yunguyo,2019-11-05,10.46,14.28,6.81,70.94,2.26,2.71,63.71,-16.25,-69.08333,3826
Yunguyo,2019-11-06,9.19,12.71,6.41,75.47,9.53,3.32,63.82,-16.25,-69.08333,3826
Yunguyo,2019-11-07,10.45,15.45,6.64,72.0,2.2,4.45,63.75,-16.25,-69.08333,3826
Yunguyo,2019-11-08,10.7,16.04,6.63,67.45,1.29,3.38,63.7,-16.25,-69.08333,3826
Yunguyo,2019-11-09,10.8,14.95,7.68,62.03,0.7,3.08,63.75,-16.25,-69.08333,3826
Yunguyo,2019-11-10,10.55,14.69,6.91,71.21,13.47,4.45,63.77,-16.25,-69.08333,3826
Yunguyo,2019-11-11,6.64,7.1,6.15,85.75,7.63,2.53,63.81,-16.25,-69.08333,3826
Yunguyo,2019-11-12,9.72,14.89,5.72,69.2,9.07,1.82,63.71,-16.25,-69.08333,3826
Yunguyo,2019-11-13,9.88,13.98,6.56,63.15,3.84,2.7,63.72,-16.25,-69.08333,3826
Yunguyo,2019-11-14,10.47,14.31,7.05,69.2,6.42,4.51,63.7,-16.25,-69.08333,3826
Yunguyo,2019-11-15,8.42,11.21,5.67,77.69,0.74,4.44,63.78,-16.25,-69.08333,3826
Yunguyo,2019-11-16,9.03,14.69,4.98,65.13,0.0,4.36,63.7,-16.25,-69.08333,3826
Yunguyo,2019-11-17,9.3,15.33,5.08,56.03,0.0,4.12,63.71,-16.25,-69.08333,3826
Yunguyo,2019-11-18,9.47,15.42,5.09,59.98,0.0,4.71,63.81,-16.25,-69.08333,3826
Yunguyo,2019-11-19,8.69,14.21,3.97,64.23,0.16,4.89,63.92,-16.25,-69.08333,3826
Yunguyo,2019-11-20,9.44,15.45,3.85,64.18,0.13,4.07,63.91,-16.25,-69.08333,3826
Yunguyo,2019-11-21,10.92,16.01,6.69,63.14,1.2,2.26,63.83,-16.25,-69.08333,3826
Yunguyo,2019-11-22,10.02,15.61,5.76,70.47,2.66,3.75,63.79,-16.25,-69.08333,3826
Yunguyo,2019-11-23,9.47,13.86,6.03,75.1,1.02,5.43,63.82,-16.25,-69.08333,3826
Yunguyo,2019-11-24,9.92,14.4,6.37,73.77,1.98,4.68,63.73,-16.25,-69.08333,3826
Yunguyo,2019-11-25,11.11,15.57,7.67,66.17,2.45,1.94,63.6,-16.25,-69.08333,3826
Yunguyo,2019-11-26,12.45,18.46,7.19,51.9,0.06,2.55,63.62,-16.25,-69.08333,3826
Yunguyo,2019-11-27,12.87,17.9,9.39,53.1,1.45,2.66,63.75,-16.25,-69.08333,3826
Yunguyo,2019-11-28,10.88,14.17,9.0,67.6,0.3,3.09,63.81,-16.25,-69.08333,3826
Yunguyo,2019-11-29,12.44,18.06,7.76,51.4,0.0,2.66,63.71,-16.25,-69.08333,3826
Yunguyo,2019-11-30,11.75,16.96,8.31,62.28,0.0,3.59,63.71,-16.25,-69.08333,3826
Yunguyo,2019-12-01,11.83,16.87,7.96,65.23,1.8,4.22,63.85,-16.25,-69.08333,3826
Yunguyo,2019-12-02,10.04,12.01,7.94,81.07,9.85,4.85,63.83,-16.25,-69.08333,3826
Yunguyo,2019-12-03,10.74,15.34,7.0,71.24,0.97,2.65,63.66,-16.25,-69.08333,3826
Yunguyo,2019-12-04,10.61,14.49,7.4,71.03,0.51,3.22,63.63,-16.25,-69.08333,3826
Yunguyo,2019-12-05,8.29,11.51,6.67,83.91,2.52,3.25,63.77,-16.25,-69.08333,3826
Yunguyo,2019-12-06,8.16,11.46,5.92,82.39,4.39,3.45,63.78,-16.25,-69.08333,3826
Yunguyo,2019-12-07,10.09,15.69,6.57,71.9,7.22,3.0,63.69,-16.25,-69.08333,3826
Yunguyo,2019-12-08,10.57,16.16,5.38,58.61,3.98,3.07,63.63,-16.25,-69.08333,3826
Yunguyo,2019-12-09,9.03,10.99,7.4,82.78,7.89,2.56,63.67,-16.25,-69.08333,3826
Yunguyo,2019-12-10,11.19,15.48,7.76,71.51,2.99,2.67,63.7,-16.25,-69.08333,3826
Yunguyo,2019-12-11,11.19,15.62,6.96,67.17,1.57,1.79,63.7,-16.25,-69.08333,3826
Yunguyo,2019-12-12,11.41,16.24,7.23,58.89,4.0,4.49,63.66,-16.25,-69.08333,3826
Yunguyo,2019-12-13,9.55,14.82,6.1,67.6,5.88,6.23,63.79,-16.25,-69.08333,3826
Yunguyo,2019-12-14,9.99,14.82,5.97,74.47,3.14,4.12,63.77,-16.25,-69.08333,3826
Yunguyo,2019-12-15,11.23,16.05,6.72,66.44,1.41,1.89,63.74,-16.25,-69.08333,3826
Yunguyo,2019-12-16,10.94,16.38,5.22,70.36,0.57,3.22,63.66,-16.25,-69.08333,3826
Yunguyo,2019-12-17,9.06,13.13,4.67,76.32,2.69,2.67,63.59,-16.25,-69.08333,3826
Yunguyo,2019-12-18,9.3,12.38,5.54,81.54,2.77,4.43,63.67,-16.25,-69.08333,3826
Yunguyo,2019-12-19,10.64,15.03,7.13,72.9,1.78,3.34,63.74,-16.25,-69.08333,3826
Yunguyo,2019-12-20,11.43,17.16,6.85,66.11,2.51,2.55,63.7,-16.25,-69.08333,3826
Yunguyo,2019-12-21,11.43,15.66,7.29,68.86,0.56,2.78,63.71,-16.25,-69.08333,3826
Yunguyo,2019-12-22,10.19,14.03,6.05,75.67,2.84,3.82,63.83,-16.25,-69.08333,3826
Yunguyo,2019-12-23,10.8,14.79,7.9,74.87,0.84,4.43,63.86,-16.25,-69.08333,3826
Yunguyo,2019-12-24,10.17,14.26,4.99,77.07,0.48,4.3,63.76,-16.25,-69.08333,3826
Yunguyo,2019-12-25,10.31,16.19,3.38,71.65,0.0,3.22,63.76,-16.25,-69.08333,3826
Yunguyo,2019-12-26,9.46,13.94,3.7,78.59,7.67,3.49,63.81,-16.25,-69.08333,3826
Yunguyo,2019-12-27,9.07,13.8,3.2,78.64,10.61,3.47,63.87,-16.25,-69.08333,3826
Yunguyo,2019-12-28,9.67,13.37,7.53,78.9,1.03,2.92,63.78,-16.25,-69.08333,3826
Yunguyo,2019-12-29,10.66,16.06,7.11,69.51,3.37,2.4,63.73,-16.25,-69.08333,3826
Yunguyo,2019-12-30,9.24,12.49,6.25,71.02,5.31,3.4,63.74,-16.25,-69.08333,3826
Yunguyo,2019-12-31,8.67,11.49,5.49,69.12,2.8,2.94,63.71,-16.25,-69.08333,3826
Yunguyo,2020-01-01,9.1,12.5,6.42,79.52,8.4,4.2,63.71,-16.25,-69.08333,3826
Yunguyo,2020-01-02,8.62,11.53,6.38,80.51,3.16,5.13,63.79,-16.25,-69.08333,3826
Yunguyo,2020-01-03,10.05,15.34,5.75,75.19,3.95,4.0,63.9,-16.25,-69.08333,3826
Yunguyo,2020-01-04,10.11,15.07,6.81,76.39,7.77,2.49,63.81,-16.25,-69.08333,3826
Yunguyo,2020-01-05,10.06,15.87,5.61,67.8,4.9,2.12,63.65,-16.25,-69.08333,3826
Yunguyo,2020-01-06,11.29,17.19,5.26,48.43,0.29,2.79,63.57,-16.25,-69.08333,3826
Yunguyo,2020-01-07,12.04,17.22,8.19,58.08,0.0,2.5,63.63,-16.25,-69.08333,3826
Yunguyo,2020-01-08,12.21,17.81,6.92,49.69,0.0,2.76,63.71,-16.25,-69.08333,3826
Yunguyo,2020-01-09,11.63,15.18,9.05,67.11,0.0,2.1,63.73,-16.25,-69.08333,3826
Yunguyo,2020-01-10,10.59,13.82,7.82,66.38,0.0,1.75,63.8,-16.25,-69.08333,3826
Yunguyo,2020-01-11,9.8,14.1,5.56,67.54,2.85,2.2,63.82,-16.25,-69.08333,3826
Yunguyo,2020-01-12,8.74,13.87,2.56,78.43,10.04,4.15,63.89,-16.25,-69.08333,3826
Yunguyo,2020-01-13,10.28,14.42,7.22,71.74,2.77,4.01,63.82,-16.25,-69.08333,3826
Yunguyo,2020-01-14,10.4,14.38,7.54,76.77,2.99,4.6,63.7,-16.25,-69.08333,3826
Yunguyo,2020-01-15,10.49,14.15,7.35,76.24,1.44,4.49,63.75,-16.25,-69.08333,3826
Yunguyo,2020-01-16,10.48,14.66,7.35,73.52,0.35,5.49,63.92,-16.25,-69.08333,3826
Yunguyo,2020-01-17,8.84,11.62,6.05,78.1,1.3,6.39,64.06,-16.25,-69.08333,3826
Yunguyo,2020-01-18,9.36,14.45,4.95,73.81,0.02,4.65,64.0,-16.25,-69.08333,3826
Yunguyo,2020-01-19,10.41,14.92,6.73,74.41,1.38,4.49,63.94,-16.25,-69.08333,3826
Yunguyo,2020-01-20,11.45,16.18,7.25,70.23,0.69,3.19,63.85,-16.25,-69.08333,3826
Yunguyo,2020-01-21,9.19,12.32,5.59,78.17,2.78,1.5,63.78,-16.25,-69.08333,3826
Yunguyo,2020-01-22,9.76,13.38,6.03,77.59,1.25,3.55,63.76,-16.25,-69.08333,3826
Yunguyo,2020-01-23,10.61,15.02,6.84,73.96,1.43,4.11,63.8,-16.25,-69.08333,3826
Yunguyo,2020-01-24,11.59,16.03,8.14,74.35,0.55,3.83,63.78,-16.25,-69.08333,3826
Yunguyo,2020-01-25,11.68,15.56,8.6,74.09,1.25,3.76,63.88,-16.25,-69.08333,3826
Yunguyo,2020-01-26,11.79,16.85,8.67,67.79,0.42,3.76,63.92,-16.25,-69.08333,3826
Yunguyo,2020-01-27,11.17,15.39,8.43,69.98,15.74,3.01,63.9,-16.25,-69.08333,3826
Yunguyo,2020-01-28,11.26,16.22,7.53,65.21,1.0,2.33,63.76,-16.25,-69.08333,3826
Yunguyo,2020-01-29,10.61,15.43,7.26,72.84,0.05,3.9,63.68,-16.25,-69.08333,3826
Yunguyo,2020-01-30,9.92,15.04,6.77,75.76,0.0,4.13,63.75,-16.25,-69.08333,3826
Yunguyo,2020-01-31,9.19,14.51,4.69,76.67,0.34,2.81,63.86,-16.25,-69.08333,3826
Yunguyo,2020-02-01,9.9,14.52,6.56,76.51,0.14,3.05,63.88,-16.25,-69.08333,3826
Yunguyo,2020-02-02,10.05,13.86,4.68,79.76,6.35,2.72,63.9,-16.25,-69.08333,3826
Yunguyo,2020-02-03,10.18,14.47,4.3,78.8,16.5,3.43,63.88,-16.25,-69.08333,3826
Yunguyo,2020-02-04,10.32,14.29,7.19,78.98,13.46,3.36,63.81,-16.25,-69.08333,3826
Yunguyo,2020-02-05,10.85,15.66,7.37,74.34,4.18,3.56,63.71,-16.25,-69.08333,3826
Yunguyo,2020-02-06,10.18,12.97,7.16,79.09,5.46,3.37,63.72,-16.25,-69.08333,3826
Yunguyo,2020-02-07,9.69,15.44,4.03,79.23,9.02,3.45,63.77,-16.25,-69.08333,3826
Yunguyo,2020-02-08,9.52,11.97,6.77,80.96,9.33,2.6,63.79,-16.25,-69.08333,3826
Yunguyo,2020-02-09,9.46,14.61,6.43,80.12,16.44,3.76,63.84,-16.25,-69.08333,3826
Yunguyo,2020-02-10,9.54,13.81,6.79,79.3,6.52,5.03,63.91,-16.25,-69.08333,3826
Yunguyo,2020-02-11,10.06,14.93,6.19,78.13,5.09,4.85,63.88,-16.25,-69.08333,3826
Yunguyo,2020-02-12,9.63,13.88,6.98,79.77,4.88,4.72,63.79,-16.25,-69.08333,3826
Yunguyo,2020-02-13,10.15,14.34,6.81,79.05,7.35,4.37,63.74,-16.25,-69.08333,3826
Yunguyo,2020-02-14,10.2,13.05,7.86,80.86,4.57,3.88,63.82,-16.25,-69.08333,3826
Yunguyo,2020-02-15,11.06,15.18,7.67,77.46,4.57,4.39,63.82,-16.25,-69.08333,3826
Yunguyo,2020-02-16,11.28,15.87,7.63,72.69,2.09,4.47,63.79,-16.25,-69.08333,3826
Yunguyo,2020-02-17,10.66,14.71,7.78,75.9,2.5,4.28,63.76,-16.25,-69.08333,3826
Yunguyo,2020-02-18,11.24,16.17,7.73,73.75,0.23,4.16,63.82,-16.25,-69.08333,3826
Yunguyo,2020-02-19,11.48,15.29,8.47,73.2,0.32,3.55,63.83,-16.25,-69.08333,3826
Yunguyo,2020-02-20,10.08,13.59,7.53,77.27,6.71,3.71,63.8,-16.25,-69.08333,3826
Yunguyo,2020-02-21,9.18,12.91,6.57,78.66,9.79,4.1,63.88,-16.25,-69.08333,3826
Yunguyo,2020-02-22,8.63,12.37,5.91,81.03,2.99,4.56,63.93,-16.25,-69.08333,3826
Yunguyo,2020-02-23,10.48,16.35,6.21,73.7,3.58,2.41,63.82,-16.25,-69.08333,3826
Yunguyo,2020-02-24,9.82,13.99,6.35,74.74,25.14,1.7,63.77,-16.25,-69.08333,3826
Yunguyo,2020-02-25,11.33,16.21,7.13,72.61,21.13,3.24,63.72,-16.25,-69.08333,3826
Yunguyo,2020-02-26,10.55,12.89,8.59,82.52,12.24,4.32,63.81,-16.25,-69.08333,3826
Yunguyo,2020-02-27,9.88,15.23,4.48,75.66,7.63,3.08,63.85,-16.25,-69.08333,3826
Yunguyo,2020-02-28,9.55,14.94,3.57,76.6,0.89,2.5,63.93,-16.25,-69.08333,3826
Yunguyo,2020-02-29,10.31,14.67,6.72,76.56,0.01,4.83,63.97,-16.25,-69.08333,3826
Yunguyo,2020-03-01,9.54,15.14,4.79,72.12,0.19,4.2,63.98,-16.25,-69.08333,3826
Yunguyo,2020-03-02,10.09,14.77,6.04,72.89,10.44,2.92,63.88,-16.25,-69.08333,3826
Yunguyo,2020-03-03,10.04,15.53,5.43,71.35,1.79,3.4,63.85,-16.25,-69.08333,3826
Yunguyo,2020-03-04,9.73,14.66,6.62,77.03,0.63,3.66,63.93,-16.25,-69.08333,3826
Yunguyo,2020-03-05,10.41,15.06,6.94,72.12,0.0,3.04,64.01,-16.25,-69.08333,3826
Yunguyo,2020-03-06,9.7,14.52,5.86,74.16,0.28,3.3,63.95,-16.25,-69.08333,3826
Yunguyo,2020-03-07,9.9,14.89,5.38,74.09,0.1,3.06,63.86,-16.25,-69.08333,3826
Yunguyo,2020-03-08,11.21,15.99,7.84,66.93,0.0,3.54,63.88,-16.25,-69.08333,3826
Yunguyo,2020-03-09,9.46,13.57,6.35,67.93,0.21,4.44,64.0,-16.25,-69.08333,3826
Yunguyo,2020-03-10,8.99,13.17,5.89,74.49,1.53,4.02,63.98,-16.25,-69.08333,3826
Yunguyo,2020-03-11,9.69,14.29,5.64,69.68,0.31,2.8,63.8,-16.25,-69.08333,3826
Yunguyo,2020-03-12,9.77,14.15,6.67,74.04,4.27,3.9,63.8,-16.25,-69.08333,3826
Yunguyo,2020-03-13,9.15,12.98,6.23,77.45,28.26,3.48,63.95,-16.25,-69.08333,3826
Yunguyo,2020-03-14,9.94,14.51,6.59,73.38,3.11,3.66,63.98,-16.25,-69.08333,3826
Yunguyo,2020-03-15,10.19,15.15,6.79,68.52,0.67,3.57,63.92,-16.25,-69.08333,3826
Yunguyo,2020-03-16,9.12,13.41,5.95,78.17,6.23,4.63,63.85,-16.25,-69.08333,3826
Yunguyo,2020-03-17,9.51,14.32,6.08,76.75,11.21,4.27,63.81,-16.25,-69.08333,3826
Yunguyo,2020-03-18,9.76,13.9,6.32,78.52,6.67,3.62,63.84,-16.25,-69.08333,3826
Yunguyo,2020-03-19,10.21,13.69,7.71,79.56,1.51,2.97,63.82,-16.25,-69.08333,3826
Yunguyo,2020-03-20,10.0,14.24,7.39,78.17,4.52,3.54,63.71,-16.25,-69.08333,3826
Yunguyo,2020-03-21,8.84,12.66,6.2,81.15,4.27,3.39,63.68,-16.25,-69.08333,3826
Yunguyo,2020-03-22,9.78,14.65,6.11,76.13,0.01,4.33,63.79,-16.25,-69.08333,3826
Yunguyo,2020-03-23,10.05,14.49,6.32,77.91,0.0,4.23,63.98,-16.25,-69.08333,3826
Yunguyo,2020-03-24,10.29,13.97,7.67,78.45,2.04,3.27,63.91,-16.25,-69.08333,3826
Yunguyo,2020-03-25,11.2,16.39,6.9,67.34,0.14,2.63,63.79,-16.25,-69.08333,3826
Yunguyo,2020-03-26,11.07,15.6,7.72,74.71,1.45,3.92,63.7,-16.25,-69.08333,3826
Yunguyo,2020-03-27,9.26,13.43,6.93,80.71,1.67,3.68,63.63,-16.25,-69.08333,3826
Yunguyo,2020-03-28,10.04,14.59,6.51,77.57,0.14,3.92,63.69,-16.25,-69.08333,3826
Yunguyo,2020-03-29,10.28,14.03,7.58,80.5,0.0,5.17,63.84,-16.25,-69.08333,3826
Yunguyo,2020-03-30,10.2,14.43,7.16,79.93,0.16,4.71,63.93,-16.25,-69.08333,3826
Yunguyo,2020-03-31,9.4,12.7,6.3,81.8,2.1,4.98,63.9,-16.25,-69.08333,3826
Yunguyo,2020-04-01,9.49,14.17,5.92,72.03,0.03,3.63,63.98,-16.25,-69.08333,3826
Yunguyo,2020-04-02,9.57,14.44,6.67,72.05,0.51,3.98,64.07,-16.25,-69.08333,3826
Yunguyo,2020-04-03,9.47,14.28,5.48,72.88,0.65,3.21,63.94,-16.25,-69.08333,3826
Yunguyo,2020-04-04,9.66,14.19,4.61,74.98,0.78,2.49,63.77,-16.25,-69.08333,3826
Yunguyo,2020-04-05,10.4,15.65,4.38,63.1,0.81,1.72,63.87,-16.25,-69.08333,3826
Yunguyo,2020-04-06,10.5,14.56,7.44,68.49,0.28,3.48,63.98,-16.25,-69.08333,3826
Yunguyo,2020-04-07,9.4,12.96,6.85,80.75,2.12,3.63,64.01,-16.25,-69.08333,3826
Yunguyo,2020-04-08,10.66,15.98,6.83,66.23,0.01,2.17,63.95,-16.25,-69.08333,3826
Yunguyo,2020-04-09,10.75,15.94,6.69,62.59,0.0,1.71,63.9,-16.25,-69.08333,3826
Yunguyo,2020-04-10,10.74,16.46,5.77,49.61,0.0,1.31,63.85,-16.25,-69.08333,3826
Yunguyo,2020-04-11,10.81,16.37,6.37,39.96,0.0,1.7,63.85,-16.25,-69.08333,3826
Yunguyo,2020-04-12,10.46,15.87,5.92,39.24,0.0,1.7,63.88,-16.25,-69.08333,3826
Yunguyo,2020-04-13,10.9,17.19,5.81,37.43,0.0,2.68,63.83,-16.25,-69.08333,3826
Yunguyo,2020-04-14,10.25,16.27,5.6,40.36,0.23,1.61,63.73,-16.25,-69.08333,3826
Yunguyo,2020-04-15,9.28,15.65,4.45,51.57,0.07,2.8,63.74,-16.25,-69.08333,3826
Yunguyo,2020-04-16,8.34,12.85,5.02,69.61,1.47,2.8,63.9,-16.25,-69.08333,3826
Yunguyo,2020-04-17,7.49,12.45,4.17,76.51,0.77,3.74,64.01,-16.25,-69.08333,3826
Yunguyo,2020-04-18,7.87,12.86,4.17,73.81,0.26,2.95,64.01,-16.25,-69.08333,3826
Yunguyo,2020-04-19,8.46,13.23,4.44,65.59,0.4,2.99,64.01,-16.25,-69.08333,3826
Yunguyo,2020-04-20,8.9,13.67,5.34,62.12,3.49,2.77,64.03,-16.25,-69.08333,3826
Yunguyo,2020-04-21,8.9,12.92,5.67,66.03,4.58,2.26,64.02,-16.25,-69.08333,3826
Yunguyo,2020-04-22,9.2,13.97,5.21,61.68,0.24,2.43,63.97,-16.25,-69.08333,3826
Yunguyo,2020-04-23,9.72,14.32,6.66,67.39,0.0,2.45,63.88,-16.25,-69.08333,3826
Yunguyo,2020-04-24,10.27,14.82,6.71,68.83,0.0,2.06,63.81,-16.25,-69.08333,3826
Yunguyo,2020-04-25,10.58,14.97,6.68,65.12,0.0,2.34,63.89,-16.25,-69.08333,3826
Yunguyo,2020-04-26,9.14,12.97,6.81,77.78,0.02,3.26,64.02,-16.25,-69.08333,3826
Yunguyo,2020-04-27,9.31,13.57,6.22,73.86,0.0,3.35,64.07,-16.25,-69.08333,3826
Yunguyo,2020-04-28,10.59,15.26,7.41,68.74,0.0,2.4,64.0,-16.25,-69.08333,3826
Yunguyo,2020-04-29,10.0,14.33,6.91,75.79,0.0,3.76,64.0,-16.25,-69.08333,3826
Yunguyo,2020-04-30,9.88,14.41,6.62,76.43,0.0,3.49,64.07,-16.25,-69.08333,3826
Yunguyo,2020-05-01,9.43,13.98,5.83,71.04,0.0,3.35,64.12,-16.25,-69.08333,3826
Yunguyo,2020-05-02,8.53,10.72,6.75,81.86,0.24,2.84,64.08,-16.25,-69.08333,3826
Yunguyo,2020-05-03,9.21,13.39,6.0,70.33,0.72,2.12,63.96,-16.25,-69.08333,3826
Yunguyo,2020-05-04,9.75,13.19,6.38,64.42,0.09,1.91,63.83,-16.25,-69.08333,3826
Yunguyo,2020-05-05,10.59,15.28,7.07,57.39,0.0,2.48,63.81,-16.25,-69.08333,3826
Yunguyo,2020-05-06,8.85,12.16,6.87,73.92,0.1,2.48,63.95,-16.25,-69.08333,3826
Yunguyo,2020-05-07,9.27,13.68,6.81,69.31,0.0,2.27,63.97,-16.25,-69.08333,3826
Yunguyo,2020-05-08,9.41,14.53,6.01,65.91,0.0,2.71,64.03,-16.25,-69.08333,3826
Yunguyo,2020-05-09,10.06,15.71,5.7,56.7,0.0,1.94,63.98,-16.25,-69.08333,3826
Yunguyo,2020-05-10,11.0,16.26,6.77,54.87,0.0,1.66,63.89,-16.25,-69.08333,3826
Yunguyo,2020-05-11,10.34,15.46,6.57,46.8,0.01,1.91,63.88,-16.25,-69.08333,3826
Yunguyo,2020-05-12,9.24,15.52,4.24,37.1,0.07,3.35,63.91,-16.25,-69.08333,3826
Yunguyo,2020-05-13,8.25,13.94,2.95,42.44,0.02,2.49,63.93,-16.25,-69.08333,3826
Yunguyo,2020-05-14,8.82,15.15,5.24,54.81,0.02,2.4,63.87,-16.25,-69.08333,3826
Yunguyo,2020-05-15,7.76,13.51,3.36,40.69,0.0,2.65,63.91,-16.25,-69.08333,3826
Yunguyo,2020-05-16,7.04,12.25,3.2,70.6,0.0,3.19,63.99,-16.25,-69.08333,3826
Yunguyo,2020-05-17,8.52,12.68,4.94,62.75,0.0,1.38,63.98,-16.25,-69.08333,3826
Yunguyo,2020-05-18,8.87,13.83,5.11,46.55,0.0,2.01,64.0,-16.25,-69.08333,3826
Yunguyo,2020-05-19,7.99,13.6,3.17,44.37,0.0,2.53,63.95,-16.25,-69.08333,3826
Yunguyo,2020-05-20,8.47,13.55,3.95,46.06,0.0,2.56,63.94,-16.25,-69.08333,3826
Yunguyo,2020-05-21,9.07,14.35,5.03,54.78,0.03,2.43,63.92,-16.25,-69.08333,3826
Yunguyo,2020-05-22,8.61,14.46,3.55,50.12,0.17,2.56,63.98,-16.25,-69.08333,3826
Yunguyo,2020-05-23,9.13,15.26,4.38,48.77,0.29,2.44,64.03,-16.25,-69.08333,3826
Yunguyo,2020-05-24,7.62,12.86,2.83,33.04,0.0,2.81,64.1,-16.25,-69.08333,3826
Yunguyo,2020-05-25,7.59,13.62,3.84,36.5,0.0,3.6,64.15,-16.25,-69.08333,3826
Yunguyo,2020-05-26,7.52,12.69,3.76,32.63,0.0,1.85,64.14,-16.25,-69.08333,3826
Yunguyo,2020-05-27,7.99,13.35,4.44,42.73,0.0,2.08,63.94,-16.25,-69.08333,3826
Yunguyo,2020-05-28,8.19,13.99,4.13,48.08,0.0,1.88,63.84,-16.25,-69.08333,3826
Yunguyo,2020-05-29,7.8,12.78,4.6,52.88,0.0,2.33,63.87,-16.25,-69.08333,3826
Yunguyo,2020-05-30,8.43,13.88,4.33,59.3,0.0,3.25,63.83,-16.25,-69.08333,3826
Yunguyo,2020-05-31,8.23,12.96,4.54,62.19,0.0,3.6,63.87,-16.25,-69.08333,3826
Yunguyo,2020-06-01,7.68,13.07,3.28,62.39,0.0,3.36,63.89,-16.25,-69.08333,3826
Yunguyo,2020-06-02,7.39,13.0,2.03,59.43,0.1,2.68,63.78,-16.25,-69.08333,3826
Yunguyo,2020-06-03,5.16,9.05,2.4,73.35,0.12,2.37,63.68,-16.25,-69.08333,3826
Yunguyo,2020-06-04,6.12,9.29,3.16,65.09,0.03,2.67,63.85,-16.25,-69.08333,3826
Yunguyo,2020-06-05,7.61,11.86,4.02,69.06,0.01,2.78,63.95,-16.25,-69.08333,3826
Yunguyo,2020-06-06,8.36,12.69,4.8,72.06,0.0,1.95,64.03,-16.25,-69.08333,3826
Yunguyo,2020-06-07,8.9,13.12,5.53,70.88,0.0,1.8,64.1,-16.25,-69.08333,3826
Yunguyo,2020-06-08,8.56,11.51,6.18,79.15,0.0,2.43,64.07,-16.25,-69.08333,3826
Yunguyo,2020-06-09,9.82,14.38,6.81,65.83,0.0,1.59,63.96,-16.25,-69.08333,3826
Yunguyo,2020-06-10,9.62,14.09,6.56,71.07,0.0,2.23,63.9,-16.25,-69.08333,3826
Yunguyo,2020-06-11,9.29,13.6,6.58,69.53,0.06,2.08,63.92,-16.25,-69.08333,3826
Yunguyo,2020-06-12,9.87,14.88,6.02,61.38,0.0,2.36,63.79,-16.25,-69.08333,3826
Yunguyo,2020-06-13,8.65,12.73,6.03,77.61,0.0,3.87,63.89,-16.25,-69.08333,3826
Yunguyo,2020-06-14,7.94,12.84,3.98,69.53,0.0,3.28,63.99,-16.25,-69.08333,3826
Yunguyo,2020-06-15,8.42,13.09,5.04,69.17,0.0,2.54,64.03,-16.25,-69.08333,3826
Yunguyo,2020-06-16,8.46,13.21,5.0,67.64,0.0,2.39,63.95,-16.25,-69.08333,3826
Yunguyo,2020-06-17,9.29,14.52,5.45,54.65,0.0,1.94,63.92,-16.25,-69.08333,3826
Yunguyo,2020-06-18,8.82,15.18,4.65,44.55,0.0,2.76,63.92,-16.25,-69.08333,3826
Yunguyo,2020-06-19,8.9,13.68,5.34,62.98,0.0,1.79,63.95,-16.25,-69.08333,3826
Yunguyo,2020-06-20,8.71,13.5,4.62,61.7,0.13,2.09,63.95,-16.25,-69.08333,3826
Yunguyo,2020-06-21,9.11,14.34,4.95,53.36,0.03,1.81,63.92,-16.25,-69.08333,3826
Yunguyo,2020-06-22,8.55,13.19,5.72,69.39,0.24,2.44,63.85,-16.25,-69.08333,3826
Yunguyo,2020-06-23,8.19,13.51,4.85,46.62,0.3,2.06,63.71,-16.25,-69.08333,3826
Yunguyo,2020-06-24,7.16,13.6,2.53,31.18,0.08,3.46,63.66,-16.25,-69.08333,3826
Yunguyo,2020-06-25,6.82,12.68,2.33,46.35,0.25,3.43,63.78,-16.25,-69.08333,3826
Yunguyo,2020-06-26,8.06,14.08,3.75,50.42,0.46,2.94,63.81,-16.25,-69.08333,3826
Yunguyo,2020-06-27,7.04,13.37,1.98,39.55,0.15,2.04,63.75,-16.25,-69.08333,3826
Yunguyo,2020-06-28,6.77,11.78,2.98,40.95,0.27,2.39,63.75,-16.25,-69.08333,3826
Yunguyo,2020-06-29,6.27,12.03,2.01,30.56,0.03,2.41,63.81,-16.25,-69.08333,3826
Yunguyo,2020-06-30,6.81,12.64,1.62,32.29,0.0,2.07,63.86,-16.25,-69.08333,3826
Yunguyo,2020-07-01,7.18,12.43,3.35,41.93,0.02,1.94,63.8,-16.25,-69.08333,3826
Yunguyo,2020-07-02,6.66,12.21,2.32,34.92,0.0,1.93,63.74,-16.25,-69.08333,3826
Yunguyo,2020-07-03,6.74,12.95,2.25,39.65,0.0,2.02,63.73,-16.25,-69.08333,3826
Yunguyo,2020-07-04,7.2,13.6,2.12,41.2,0.0,2.38,63.74,-16.25,-69.08333,3826
Yunguyo,2020-07-05,7.74,13.61,3.26,59.27,0.0,3.42,63.76,-16.25,-69.08333,3826
Yunguyo,2020-07-06,8.45,12.87,5.43,73.44,0.07,2.85,63.77,-16.25,-69.08333,3826
Yunguyo,2020-07-07,7.64,14.29,1.94,47.9,0.2,3.75,63.73,-16.25,-69.08333,3826
Yunguyo,2020-07-08,5.77,12.32,0.69,30.96,0.03,2.27,63.8,-16.25,-69.08333,3826
Yunguyo,2020-07-09,5.98,10.08,2.85,66.11,4.72,2.69,63.86,-16.25,-69.08333,3826
Yunguyo,2020-07-10,6.94,12.06,3.2,55.62,0.03,2.05,63.83,-16.25,-69.08333,3826
Yunguyo,2020-07-11,7.02,12.85,2.32,42.87,0.0,2.54,63.82,-16.25,-69.08333,3826
Yunguyo,2020-07-12,8.08,13.91,3.56,60.8,0.0,2.25,63.83,-16.25,-69.08333,3826
Yunguyo,2020-07-13,8.49,13.44,4.95,60.54,0.0,1.9,63.91,-16.25,-69.08333,3826
Yunguyo,2020-07-14,6.42,9.12,4.69,82.29,0.0,3.26,63.97,-16.25,-69.08333,3826
Yunguyo,2020-07-15,8.21,13.74,3.73,53.94,0.0,1.77,63.91,-16.25,-69.08333,3826
Yunguyo,2020-07-16,7.97,13.58,3.8,50.8,0.0,2.56,63.93,-16.25,-69.08333,3826
Yunguyo,2020-07-17,7.97,13.09,4.51,72.15,0.0,2.47,63.91,-16.25,-69.08333,3826
Yunguyo,2020-07-18,9.04,14.55,5.19,67.99,0.0,2.6,63.85,-16.25,-69.08333,3826
Yunguyo,2020-07-19,9.45,14.78,5.58,67.3,0.0,2.57,63.88,-16.25,-69.08333,3826
Yunguyo,2020-07-20,9.04,14.67,6.02,63.36,0.0,2.36,63.92,-16.25,-69.08333,3826
Yunguyo,2020-07-21,8.29,14.27,4.03,62.3,0.0,2.27,63.85,-16.25,-69.08333,3826
Yunguyo,2020-07-22,8.87,14.18,4.74,62.25,0.12,2.47,63.74,-16.25,-69.08333,3826
Yunguyo,2020-07-23,8.66,13.9,4.22,34.76,0.02,3.36,63.73,-16.25,-69.08333,3826
Yunguyo,2020-07-24,7.0,11.53,4.0,31.06,0.06,2.46,63.77,-16.25,-69.08333,3826
Yunguyo,2020-07-25,6.22,10.39,3.55,51.9,0.32,3.1,63.91,-16.25,-69.08333,3826
Yunguyo,2020-07-26,7.44,12.83,3.67,52.85,0.0,1.75,63.91,-16.25,-69.08333,3826
Yunguyo,2020-07-27,7.84,13.49,3.67,35.5,0.0,1.47,63.88,-16.25,-69.08333,3826
Yunguyo,2020-07-28,7.75,12.7,4.38,48.31,0.01,2.3,63.88,-16.25,-69.08333,3826
Yunguyo,2020-07-29,7.85,13.12,3.92,67.73,0.01,2.98,63.87,-16.25,-69.08333,3826
Yunguyo,2020-07-30,8.9,14.67,4.78,58.81,0.0,1.63,63.89,-16.25,-69.08333,3826
Yunguyo,2020-07-31,8.65,14.28,4.78,61.08,0.0,2.55,63.94,-16.25,-69.08333,3826
Yunguyo,2020-08-01,8.04,13.66,3.68,67.09,0.0,2.34,64.02,-16.25,-69.08333,3826
Yunguyo,2020-08-02,8.88,15.37,4.48,64.67,0.0,2.59,64.04,-16.25,-69.08333,3826
Yunguyo,2020-08-03,7.89,13.98,4.23,64.5,0.0,3.09,64.13,-16.25,-69.08333,3826
Yunguyo,2020-08-04,8.19,14.26,3.84,62.99,0.0,2.44,64.09,-16.25,-69.08333,3826
Yunguyo,2020-08-05,8.38,13.78,4.68,55.72,0.0,2.44,64.0,-16.25,-69.08333,3826
Yunguyo,2020-08-06,7.94,13.74,3.35,57.99,0.0,2.72,63.94,-16.25,-69.08333,3826
Yunguyo,2020-08-07,6.91,12.45,2.17,56.83,0.0,2.73,64.04,-16.25,-69.08333,3826
Yunguyo,2020-08-08,8.12,13.47,4.25,57.84,0.0,2.75,64.01,-16.25,-69.08333,3826
Yunguyo,2020-08-09,8.06,13.5,3.73,62.28,0.0,2.13,63.97,-16.25,-69.08333,3826
Yunguyo,2020-08-10,8.96,14.18,4.66,55.24,0.0,2.25,63.76,-16.25,-69.08333,3826
Yunguyo,2020-08-11,7.64,11.39,5.22,53.43,0.25,3.1,63.68,-16.25,-69.08333,3826
Yunguyo,2020-08-12,7.58,14.02,2.78,36.56,0.04,3.4,63.64,-16.25,-69.08333,3826
Yunguyo,2020-08-13,6.93,14.56,1.49,37.11,0.27,2.4,63.62,-16.25,-69.08333,3826
Yunguyo,2020-08-14,7.05,13.85,1.8,41.01,0.0,3.04,63.63,-16.25,-69.08333,3826
Yunguyo,2020-08-15,8.2,15.06,2.4,48.54,0.0,3.83,63.63,-16.25,-69.08333,3826
Yunguyo,2020-08-16,9.06,15.46,3.66,53.74,1.84,4.51,63.65,-16.25,-69.08333,3826
Yunguyo,2020-08-17,9.21,15.49,4.25,55.87,1.33,4.38,63.61,-16.25,-69.08333,3826
Yunguyo,2020-08-18,8.71,15.32,3.6,58.3,0.0,4.33,63.58,-16.25,-69.08333,3826
Yunguyo,2020-08-19,9.0,15.55,2.85,59.99,0.21,3.45,63.62,-16.25,-69.08333,3826
Yunguyo,2020-08-20,8.99,13.99,5.32,68.53,1.09,3.55,63.77,-16.25,-69.08333,3826
Yunguyo,2020-08-21,9.97,16.52,5.86,55.31,0.06,1.11,63.77,-16.25,-69.08333,3826
Yunguyo,2020-08-22,9.2,15.19,4.59,48.15,0.0,2.38,63.69,-16.25,-69.08333,3826
Yunguyo,2020-08-23,9.55,15.54,5.44,61.61,0.0,2.87,63.68,-16.25,-69.08333,3826
Yunguyo,2020-08-24,9.76,15.9,6.0,64.11,0.04,4.03,63.63,-16.25,-69.08333,3826
Yunguyo,2020-08-25,9.52,15.5,4.12,62.57,0.02,4.38,63.65,-16.25,-69.08333,3826
Yunguyo,2020-08-26,9.96,15.64,6.01,67.47,0.0,4.78,63.73,-16.25,-69.08333,3826
Yunguyo,2020-08-27,10.02,15.55,5.35,66.3,0.0,4.52,63.9,-16.25,-69.08333,3826
Yunguyo,2020-08-28,10.68,15.84,7.13,67.36,0.0,2.6,63.94,-16.25,-69.08333,3826
Yunguyo,2020-08-29,10.47,15.96,6.95,66.55,0.0,3.27,63.85,-16.25,-69.08333,3826
Yunguyo,2020-08-30,8.89,14.28,4.97,67.66,0.0,5.31,63.85,-16.25,-69.08333,3826
Yunguyo,2020-08-31,7.97,12.59,3.92,69.38,0.0,5.76,63.94,-16.25,-69.08333,3826
Yunguyo,2020-09-01,8.75,13.78,4.8,71.11,0.0,5.2,63.9,-16.25,-69.08333,3826
Yunguyo,2020-09-02,8.82,13.74,5.02,73.15,0.0,4.26,63.78,-16.25,-69.08333,3826
Yunguyo,2020-09-03,9.25,14.11,5.69,70.73,0.0,3.91,63.78,-16.25,-69.08333,3826
Yunguyo,2020-09-04,9.5,13.72,6.42,71.33,0.0,3.81,63.89,-16.25,-69.08333,3826
Yunguyo,2020-09-05,10.08,14.89,6.78,70.63,0.0,3.06,63.96,-16.25,-69.08333,3826
Yunguyo,2020-09-06,9.76,13.78,7.38,70.51,0.01,2.92,63.91,-16.25,-69.08333,3826
Yunguyo,2020-09-07,9.46,14.97,5.2,69.67,1.36,3.14,63.78,-16.25,-69.08333,3826
Yunguyo,2020-09-08,8.59,13.12,4.94,70.3,0.26,2.36,63.84,-16.25,-69.08333,3826
Yunguyo,2020-09-09,9.64,14.97,6.24,67.85,0.0,3.15,63.95,-16.25,-69.08333,3826
Yunguyo,2020-09-10,8.66,14.53,5.04,66.88,0.0,4.26,64.0,-16.25,-69.08333,3826
Yunguyo,2020-09-11,8.44,12.59,5.46,71.94,0.0,3.07,63.83,-16.25,-69.08333,3826
Yunguyo,2020-09-12,7.67,11.46,5.22,76.08,0.0,3.35,63.81,-16.25,-69.08333,3826
Yunguyo,2020-09-13,8.26,13.23,4.45,72.33,0.56,3.17,63.89,-16.25,-69.08333,3826
Yunguyo,2020-09-14,7.85,12.05,4.63,76.16,0.09,5.45,64.02,-16.25,-69.08333,3826
Yunguyo,2020-09-15,8.01,12.63,4.96,74.29,0.57,3.23,63.95,-16.25,-69.08333,3826
Yunguyo,2020-09-16,8.98,14.52,4.56,60.35,0.16,2.4,63.8,-16.25,-69.08333,3826
Yunguyo,2020-09-17,7.99,12.27,4.58,72.91,1.55,3.58,63.76,-16.25,-69.08333,3826
Yunguyo,2020-09-18,5.95,9.72,2.65,77.8,3.05,2.75,63.85,-16.25,-69.08333,3826
Yunguyo,2020-09-19,8.62,14.1,3.71,61.21,0.0,3.24,63.9,-16.25,-69.08333,3826
Yunguyo,2020-09-20,9.37,14.45,5.28,70.58,0.0,3.46,63.85,-16.25,-69.08333,3826
Yunguyo,2020-09-21,10.46,17.59,5.74,50.46,0.28,1.51,63.78,-16.25,-69.08333,3826
Yunguyo,2020-09-22,8.41,14.44,2.99,43.26,0.2,2.78,63.89,-16.25,-69.08333,3826
Yunguyo,2020-09-23,7.94,14.12,4.05,60.8,0.03,4.0,64.1,-16.25,-69.08333,3826
Yunguyo,2020-09-24,7.45,13.43,3.0,46.84,0.0,3.32,64.12,-16.25,-69.08333,3826
Yunguyo,2020-09-25,8.88,15.32,3.83,55.96,0.0,3.02,64.0,-16.25,-69.08333,3826
Yunguyo,2020-09-26,10.07,15.47,5.35,55.97,0.0,2.02,63.8,-16.25,-69.08333,3826
Yunguyo,2020-09-27,9.42,14.36,5.75,59.42,0.0,3.64,63.65,-16.25,-69.08333,3826
Yunguyo,2020-09-28,7.11,11.32,4.9,79.99,2.02,4.35,63.7,-16.25,-69.08333,3826
Yunguyo,2020-09-29,8.29,13.95,4.14,74.07,0.93,3.46,63.78,-16.25,-69.08333,3826
Yunguyo,2020-09-30,8.2,13.58,3.85,71.28,0.1,3.07,63.85,-16.25,-69.08333,3826
Yunguyo,2020-10-01,8.58,14.12,3.57,68.05,0.04,3.85,63.82,-16.25,-69.08333,3826
Yunguyo,2020-10-02,9.7,14.37,6.35,71.78,0.0,5.06,63.79,-16.25,-69.08333,3826
Yunguyo,2020-10-03,8.87,14.23,5.11,67.72,0.05,4.98,63.94,-16.25,-69.08333,3826
Yunguyo,2020-10-04,8.33,13.21,4.06,72.95,0.18,4.58,64.01,-16.25,-69.08333,3826
Yunguyo,2020-10-05,9.23,14.88,5.4,68.21,0.22,4.9,63.99,-16.25,-69.08333,3826
Yunguyo,2020-10-06,9.43,13.32,5.98,72.59,0.22,4.61,63.93,-16.25,-69.08333,3826
Yunguyo,2020-10-07,9.01,13.53,5.33,73.52,0.03,5.5,64.02,-16.25,-69.08333,3826
Yunguyo,2020-10-08,9.87,15.2,5.96,66.16,0.0,4.01,64.09,-16.25,-69.08333,3826
Yunguyo,2020-10-09,10.75,16.44,7.23,64.96,0.0,3.61,64.03,-16.25,-69.08333,3826
Yunguyo,2020-10-10,9.64,13.8,6.84,71.28,0.0,3.63,63.99,-16.25,-69.08333,3826
Yunguyo,2020-10-11,9.08,11.88,6.49,72.9,7.48,3.64,63.97,-16.25,-69.08333,3826
Yunguyo,2020-10-12,8.77,14.2,5.64,70.6,0.3,4.39,63.97,-16.25,-69.08333,3826
Yunguyo,2020-10-13,8.3,13.44,3.68,71.89,1.6,4.44,63.89,-16.25,-69.08333,3826
Yunguyo,2020-10-14,7.71,12.39,3.94,76.74,3.06,4.14,63.83,-16.25,-69.08333,3826
Yunguyo,2020-10-15,8.54,12.91,4.95,72.6,0.27,5.67,63.86,-16.25,-69.08333,3826
Yunguyo,2020-10-16,8.44,12.95,5.08,72.68,1.54,3.9,63.93,-16.25,-69.08333,3826
Yunguyo,2020-10-17,9.51,14.13,6.14,67.07,0.74,2.85,63.86,-16.25,-69.08333,3826
Yunguyo,2020-10-18,8.53,13.81,4.1,73.14,2.29,2.93,63.77,-16.25,-69.08333,3826
Yunguyo,2020-10-19,9.48,13.91,4.4,67.13,0.91,3.39,63.72,-16.25,-69.08333,3826
Yunguyo,2020-10-20,9.49,13.86,6.55,68.64,0.35,4.69,63.79,-16.25,-69.08333,3826
Yunguyo,2020-10-21,9.37,14.29,5.07,71.49,2.01,4.23,63.89,-16.25,-69.08333,3826
Yunguyo,2020-10-22,9.31,14.3,4.51,73.25,5.18,3.48,63.9,-16.25,-69.08333,3826
Yunguyo,2020-10-23,10.58,15.19,6.77,64.83,1.18,3.57,63.86,-16.25,-69.08333,3826
Yunguyo,2020-10-24,11.59,17.01,6.92,53.88,0.01,2.92,63.83,-16.25,-69.08333,3826
Yunguyo,2020-10-25,10.14,15.13,6.15,63.3,0.0,2.79,63.83,-16.25,-69.08333,3826
Yunguyo,2020-10-26,11.97,17.75,8.45,62.63,0.11,4.37,63.77,-16.25,-69.08333,3826
Yunguyo,2020-10-27,11.82,17.8,6.19,53.74,0.33,3.1,63.62,-16.25,-69.08333,3826
Yunguyo,2020-10-28,10.28,17.0,2.98,30.72,0.34,2.81,63.6,-16.25,-69.08333,3826
Yunguyo,2020-10-29,11.12,17.18,6.11,49.62,0.3,3.41,63.61,-16.25,-69.08333,3826
Yunguyo,2020-10-30,9.1,15.27,3.16,72.01,0.07,3.38,63.68,-16.25,-69.08333,3826
Yunguyo,2020-10-31,9.58,16.16,5.7,70.45,0.01,4.45,63.77,-16.25,-69.08333,3826
Yunguyo,2020-11-01,10.53,17.84,5.89,64.34,0.0,3.54,63.71,-16.25,-69.08333,3826
Yunguyo,2020-11-02,10.46,16.41,5.83,65.4,0.0,3.97,63.63,-16.25,-69.08333,3826
Yunguyo,2020-11-03,9.92,15.16,6.44,71.29,0.0,5.15,63.77,-16.25,-69.08333,3826
Yunguyo,2020-11-04,9.42,15.37,5.02,62.66,0.0,5.19,63.97,-16.25,-69.08333,3826
Yunguyo,2020-11-05,9.89,16.49,4.9,55.68,0.0,3.42,63.88,-16.25,-69.08333,3826
Yunguyo,2020-11-06,9.87,16.11,5.7,62.23,0.0,5.0,63.83,-16.25,-69.08333,3826
Yunguyo,2020-11-07,9.27,14.68,5.67,69.84,0.0,5.62,63.97,-16.25,-69.08333,3826
Yunguyo,2020-11-08,9.39,15.3,4.97,63.25,0.0,4.0,64.01,-16.25,-69.08333,3826
Yunguyo,2020-11-09,10.81,16.02,6.98,65.59,0.29,3.18,63.85,-16.25,-69.08333,3826
Yunguyo,2020-11-10,8.94,12.52,5.83,60.34,4.96,3.5,63.81,-16.25,-69.08333,3826
Yunguyo,2020-11-11,10.82,16.18,6.27,61.35,0.43,2.77,63.76,-16.25,-69.08333,3826
Yunguyo,2020-11-12,11.23,17.13,5.59,42.91,2.46,2.51,63.78,-16.25,-69.08333,3826
Yunguyo,2020-11-13,11.24,17.49,5.17,37.32,3.8,2.72,63.76,-16.25,-69.08333,3826
Yunguyo,2020-11-14,11.46,17.53,6.05,44.36,2.04,3.31,63.73,-16.25,-69.08333,3826
Yunguyo,2020-11-15,12.08,17.87,8.29,58.16,0.0,3.59,63.75,-16.25,-69.08333,3826
Yunguyo,2020-11-16,11.67,16.34,7.84,62.68,0.3,2.72,63.77,-16.25,-69.08333,3826
Yunguyo,2020-11-17,12.68,19.01,7.51,39.87,0.25,2.63,63.66,-16.25,-69.08333,3826
Yunguyo,2020-11-18,12.57,18.57,7.12,40.43,0.01,2.58,63.65,-16.25,-69.08333,3826
Yunguyo,2020-11-19,11.2,16.2,7.86,58.86,0.48,3.37,63.67,-16.25,-69.08333,3826
Yunguyo,2020-11-20,11.47,18.26,5.71,47.37,0.02,3.47,63.72,-16.25,-69.08333,3826
Yunguyo,2020-11-21,11.57,18.05,6.76,57.8,0.0,4.03,63.74,-16.25,-69.08333,3826
Yunguyo,2020-11-22,10.91,16.39,7.06,68.42,0.0,4.88,63.87,-16.25,-69.08333,3826
Yunguyo,2020-11-23,10.71,17.06,5.73,58.61,0.0,4.26,63.98,-16.25,-69.08333,3826
Yunguyo,2020-11-24,11.85,18.89,6.66,60.34,0.0,3.44,63.98,-16.25,-69.08333,3826
Yunguyo,2020-11-25,11.47,16.96,8.01,65.62,0.02,2.57,63.92,-16.25,-69.08333,3826
Yunguyo,2020-11-26,11.44,18.11,6.42,62.23,1.37,2.67,63.8,-16.25,-69.08333,3826
Yunguyo,2020-11-27,8.6,11.61,7.01,76.71,2.55,3.46,63.83,-16.25,-69.08333,3826
Yunguyo,2020-11-28,10.44,15.03,6.49,71.54,0.96,4.05,63.88,-16.25,-69.08333,3826
Yunguyo,2020-11-29,11.28,17.26,6.99,67.81,0.0,4.19,63.88,-16.25,-69.08333,3826
Yunguyo,2020-11-30,11.58,17.37,7.5,67.9,6.96,4.47,63.84,-16.25,-69.08333,3826
Yunguyo,2020-12-01,8.27,9.62,6.09,81.7,5.19,3.52,63.87,-16.25,-69.08333,3826
Yunguyo,2020-12-02,11.18,16.69,6.34,63.51,0.27,2.73,63.7,-16.25,-69.08333,3826
Yunguyo,2020-12-03,10.65,14.33,8.09,73.92,0.9,4.06,63.66,-16.25,-69.08333,3826
Yunguyo,2020-12-04,9.37,14.13,7.36,79.44,2.64,5.36,63.75,-16.25,-69.08333,3826
Yunguyo,2020-12-05,9.65,13.81,6.62,76.27,3.37,4.87,63.88,-16.25,-69.08333,3826
Yunguyo,2020-12-06,9.29,13.39,6.84,78.95,5.6,5.17,63.8,-16.25,-69.08333,3826
Yunguyo,2020-12-07,10.34,15.78,6.29,72.13,5.53,3.71,63.81,-16.25,-69.08333,3826
Yunguyo,2020-12-08,9.75,14.53,4.61,76.16,2.48,2.85,63.88,-16.25,-69.08333,3826
Yunguyo,2020-12-09,11.81,15.91,8.91,72.4,2.22,3.02,63.76,-16.25,-69.08333,3826
Yunguyo,2020-12-10,9.07,12.88,6.2,71.16,1.15,3.26,63.74,-16.25,-69.08333,3826
Yunguyo,2020-12-11,12.07,18.04,6.86,56.87,0.0,2.61,63.62,-16.25,-69.08333,3826
Yunguyo,2020-12-12,11.24,17.16,4.34,65.56,0.25,2.98,63.68,-16.25,-69.08333,3826
Yunguyo,2020-12-13,12.22,17.88,4.94,59.5,0.26,2.45,63.76,-16.25,-69.08333,3826
Yunguyo,2020-12-14,11.67,16.03,8.64,61.79,1.2,2.86,63.74,-16.25,-69.08333,3826
Yunguyo,2020-12-15,12.14,18.15,7.46,54.56,0.52,3.44,63.64,-16.25,-69.08333,3826
Yunguyo,2020-12-16,10.82,14.41,8.4,71.27,1.33,3.89,63.75,-16.25,-69.08333,3826
Yunguyo,2020-12-17,10.82,15.5,7.09,69.94,2.12,4.64,63.82,-16.25,-69.08333,3826
Yunguyo,2020-12-18,11.15,16.41,7.19,69.14,1.47,3.71,63.75,-16.25,-69.08333,3826
Yunguyo,2020-12-19,11.89,17.14,8.32,60.34,0.26,2.67,63.66,-16.25,-69.08333,3826
Yunguyo,2020-12-20,11.58,16.88,8.36,65.38,0.06,4.13,63.68,-16.25,-69.08333,3826
Yunguyo,2020-12-21,9.69,13.69,7.22,77.73,6.94,5.47,63.79,-16.25,-69.08333,3826
Yunguyo,2020-12-22,8.44,12.76,5.5,78.28,2.07,4.56,63.83,-16.25,-69.08333,3826
Yunguyo,2020-12-23,9.82,14.47,5.98,75.64,0.63,5.23,63.73,-16.25,-69.08333,3826
Yunguyo,2020-12-24,10.46,15.88,6.52,73.74,3.24,4.8,63.7,-16.25,-69.08333,3826
Yunguyo,2020-12-25,10.6,15.69,6.81,75.27,4.54,4.53,63.64,-16.25,-69.08333,3826
Yunguyo,2020-12-26,9.2,13.83,6.36,79.11,7.79,5.13,63.58,-16.25,-69.08333,3826
Yunguyo,2020-12-27,8.97,13.62,5.64,76.67,5.05,5.76,63.62,-16.25,-69.08333,3826
Yunguyo,2020-12-28,8.28,10.64,6.29,83.15,7.04,5.97,63.69,-16.25,-69.08333,3826
Yunguyo,2020-12-29,9.53,14.13,6.23,78.63,2.11,4.99,63.64,-16.25,-69.08333,3826
Yunguyo,2020-12-30,9.31,13.44,6.13,81.99,36.65,5.25,63.61,-16.25,-69.08333,3826
Yunguyo,2020-12-31,8.89,11.89,6.64,85.04,19.5,6.71,63.71,-16.25,-69.08333,3826
Yunguyo,2021-01-01,9.03,13.31,5.34,79.1,2.04,4.7,63.89,-16.25,-69.08333,3826
Yunguyo,2021-01-02,8.88,10.67,7.02,83.8,1.23,3.15,63.82,-16.25,-69.08333,3826
Yunguyo,2021-01-03,9.93,13.76,6.43,76.37,6.2,2.55,63.69,-16.25,-69.08333,3826
Yunguyo,2021-01-04,11.2,15.8,7.61,68.57,0.48,2.26,63.53,-16.25,-69.08333,3826
Yunguyo,2021-01-05,8.6,13.27,5.6,79.21,5.29,3.42,63.53,-16.25,-69.08333,3826
Yunguyo,2021-01-06,7.97,10.9,4.87,84.04,6.34,5.0,63.63,-16.25,-69.08333,3826
Yunguyo,2021-01-07,8.02,12.06,5.67,82.24,10.58,3.97,63.73,-16.25,-69.08333,3826
Yunguyo,2021-01-08,7.86,12.77,3.62,77.25,14.13,1.87,63.77,-16.25,-69.08333,3826
Yunguyo,2021-01-09,7.02,11.62,2.07,83.86,2.11,3.58,63.75,-16.25,-69.08333,3826
Yunguyo,2021-01-10,9.9,13.93,6.77,74.79,1.12,4.42,63.75,-16.25,-69.08333,3826
Yunguyo,2021-01-11,10.16,14.03,7.4,75.11,1.29,3.38,63.75,-16.25,-69.08333,3826
Yunguyo,2021-01-12,10.64,14.8,7.29,70.13,5.02,4.02,63.77,-16.25,-69.08333,3826
Yunguyo,2021-01-13,9.39,12.08,7.51,79.06,3.11,3.37,63.78,-16.25,-69.08333,3826
Yunguyo,2021-01-14,9.55,14.23,6.3,77.76,2.7,4.89,63.72,-16.25,-69.08333,3826
Yunguyo,2021-01-15,10.18,14.57,6.52,76.12,5.17,3.12,63.61,-16.25,-69.08333,3826
Yunguyo,2021-01-16,10.53,14.38,8.03,72.9,12.61,2.26,63.53,-16.25,-69.08333,3826
Yunguyo,2021-01-17,10.18,13.87,7.51,76.74,7.94,3.97,63.51,-16.25,-69.08333,3826
Yunguyo,2021-01-18,7.51,8.9,4.79,85.95,15.38,3.66,63.62,-16.25,-69.08333,3826
Yunguyo,2021-01-19,9.47,14.98,5.79,75.39,0.95,3.52,63.66,-16.25,-69.08333,3826
Yunguyo,2021-01-20,9.3,14.41,5.77,76.27,2.35,4.22,63.66,-16.25,-69.08333,3826
Yunguyo,2021-01-21,8.51,13.31,5.25,78.15,7.38,4.57,63.71,-16.25,-69.08333,3826
Yunguyo,2021-01-22,7.88,12.45,5.06,80.95,6.9,5.63,63.78,-16.25,-69.08333,3826
Yunguyo,2021-01-23,8.35,12.33,5.51,80.4,5.44,5.41,63.76,-16.25,-69.08333,3826
Yunguyo,2021-01-24,8.99,13.86,5.55,78.79,2.7,4.95,63.65,-16.25,-69.08333,3826
Yunguyo,2021-01-25,9.04,14.64,4.96,78.8,9.41,3.71,63.59,-16.25,-69.08333,3826
Yunguyo,2021-01-26,10.79,16.68,5.2,58.6,0.98,2.71,63.58,-16.25,-69.08333,3826
Yunguyo,2021-01-27,10.39,16.07,4.55,52.71,0.15,2.72,63.62,-16.25,-69.08333,3826
Yunguyo,2021-01-28,11.7,17.96,6.69,55.28,0.52,2.53,63.51,-16.25,-69.08333,3826
Yunguyo,2021-01-29,10.53,15.22,5.55,49.63,0.39,2.33,63.53,-16.25,-69.08333,3826
Yunguyo,2021-01-30,11.15,15.2,7.64,66.91,0.12,2.89,63.64,-16.25,-69.08333,3826
Yunguyo,2021-01-31,11.06,15.39,7.95,73.96,1.09,2.86,63.7,-16.25,-69.08333,3826
Yunguyo,2021-02-01,9.81,13.64,6.12,77.26,0.37,4.02,63.74,-16.25,-69.08333,3826
Yunguyo,2021-02-02,10.54,15.14,7.61,75.04,4.8,4.88,63.71,-16.25,-69.08333,3826
Yunguyo,2021-02-03,9.6,13.18,6.67,77.41,3.47,5.52,63.83,-16.25,-69.08333,3826
Yunguyo,2021-02-04,9.57,12.69,7.36,80.67,3.37,5.73,63.9,-16.25,-69.08333,3826
Yunguyo,2021-02-05,9.91,15.18,6.23,76.63,1.24,4.92,63.82,-16.25,-69.08333,3826
Yunguyo,2021-02-06,10.85,16.32,6.63,73.49,0.0,4.54,63.78,-16.25,-69.08333,3826
Yunguyo,2021-02-07,11.23,16.52,7.06,73.06,0.01,4.27,63.77,-16.25,-69.08333,3826
Yunguyo,2021-02-08,10.39,13.25,8.44,78.86,0.08,4.5,63.74,-16.25,-69.08333,3826
Yunguyo,2021-02-09,11.05,15.7,7.98,73.18,7.41,4.09,63.67,-16.25,-69.08333,3826
Yunguyo,2021-02-10,7.92,11.13,5.48,84.46,11.76,3.7,63.63,-16.25,-69.08333,3826
Yunguyo,2021-02-11,9.93,15.08,6.32,74.49,4.38,3.67,63.58,-16.25,-69.08333,3826
Yunguyo,2021-02-12,9.48,13.62,6.48,77.07,1.55,3.65,63.63,-16.25,-69.08333,3826
Yunguyo,2021-02-13,7.84,13.98,3.99,78.81,3.79,2.1,63.7,-16.25,-69.08333,3826
Yunguyo,2021-02-14,9.98,15.8,5.35,62.14,0.45,2.96,63.66,-16.25,-69.08333,3826
Yunguyo,2021-02-15,8.45,13.51,5.21,71.51,5.89,2.77,63.69,-16.25,-69.08333,3826
Yunguyo,2021-02-16,9.79,14.99,4.21,58.75,3.83,2.76,63.62,-16.25,-69.08333,3826
Yunguyo,2021-02-17,7.64,12.2,3.55,78.75,13.0,3.64,63.59,-16.25,-69.08333,3826
Yunguyo,2021-02-18,6.6,11.05,3.7,80.47,7.7,4.76,63.67,-16.25,-69.08333,3826
Yunguyo,2021-02-19,8.78,13.49,4.07,77.68,2.18,3.43,63.71,-16.25,-69.08333,3826
Yunguyo,2021-02-20,8.02,11.7,4.19,79.52,0.06,3.54,63.85,-16.25,-69.08333,3826
Yunguyo,2021-02-21,8.49,13.05,6.17,80.99,2.56,4.79,63.84,-16.25,-69.08333,3826
Yunguyo,2021-02-22,8.4,12.07,5.04,77.21,0.2,4.16,63.88,-16.25,-69.08333,3826
Yunguyo,2021-02-23,8.68,12.63,5.54,79.29,0.0,5.31,63.91,-16.25,-69.08333,3826
Yunguyo,2021-02-24,9.2,14.29,4.94,69.89,0.0,4.27,63.98,-16.25,-69.08333,3826
Yunguyo,2021-02-25,9.93,15.68,5.6,66.29,0.0,3.93,63.91,-16.25,-69.08333,3826
Yunguyo,2021-02-26,9.83,14.41,6.17,67.26,1.58,3.54,63.78,-16.25,-69.08333,3826
Yunguyo,2021-02-27,9.06,13.31,5.72,73.2,0.02,4.58,63.81,-16.25,-69.08333,3826
Yunguyo,2021-02-28,8.99,12.76,5.7,77.11,2.41,4.08,63.74,-16.25,-69.08333,3826
Yunguyo,2021-03-01,9.41,13.11,6.29,77.33,4.48,3.59,63.6,-16.25,-69.08333,3826
Yunguyo,2021-03-02,9.29,13.61,6.25,76.93,1.34,3.91,63.64,-16.25,-69.08333,3826
Yunguyo,2021-03-03,9.06,13.82,5.69,75.72,0.32,4.27,63.8,-16.25,-69.08333,3826
Yunguyo,2021-03-04,9.9,15.01,6.04,71.84,0.14,3.54,63.79,-16.25,-69.08333,3826
Yunguyo,2021-03-05,9.14,13.97,4.32,78.57,8.4,3.97,63.68,-16.25,-69.08333,3826
Yunguyo,2021-03-06,8.15,12.65,3.98,81.42,2.36,4.69,63.77,-16.25,-69.08333,3826
Yunguyo,2021-03-07,9.79,14.54,5.87,73.65,8.01,3.71,63.84,-16.25,-69.08333,3826
Yunguyo,2021-03-08,9.76,14.32,6.22,72.73,11.59,3.63,63.83,-16.25,-69.08333,3826
Yunguyo,2021-03-09,7.72,11.08,5.23,79.4,2.17,3.95,63.86,-16.25,-69.08333,3826
Yunguyo,2021-03-10,8.85,14.21,4.68,69.25,0.25,3.49,63.77,-16.25,-69.08333,3826
Yunguyo,2021-03-11,9.3,14.47,5.96,69.06,0.1,3.91,63.71,-16.25,-69.08333,3826
Yunguyo,2021-03-12,8.51,12.65,5.4,74.53,0.06,4.81,63.77,-16.25,-69.08333,3826
Yunguyo,2021-03-13,8.55,13.56,4.87,72.92,0.16,3.89,63.76,-16.25,-69.08333,3826
Yunguyo,2021-03-14,8.25,13.15,4.73,78.83,0.87,4.74,63.77,-16.25,-69.08333,3826
Yunguyo,2021-03-15,8.63,13.51,5.06,77.64,7.47,4.05,63.76,-16.25,-69.08333,3826
Yunguyo,2021-03-16,10.35,15.3,6.56,69.77,3.27,2.32,63.68,-16.25,-69.08333,3826
Yunguyo,2021-03-17,9.3,12.3,6.93,79.2,1.81,2.78,63.65,-16.25,-69.08333,3826
Yunguyo,2021-03-18,6.39,7.84,4.48,88.1,5.0,2.19,63.68,-16.25,-69.08333,3826
Yunguyo,2021-03-19,8.94,13.62,5.52,75.21,0.61,2.73,63.61,-16.25,-69.08333,3826
Yunguyo,2021-03-20,9.31,14.5,4.86,74.24,0.34,3.84,63.65,-16.25,-69.08333,3826
Yunguyo,2021-03-21,9.53,13.02,7.13,79.74,4.02,5.54,63.79,-16.25,-69.08333,3826
Yunguyo,2021-03-22,8.01,11.26,6.04,81.9,5.58,4.51,63.85,-16.25,-69.08333,3826
Yunguyo,2021-03-23,8.31,13.2,4.86,80.27,2.49,4.57,63.84,-16.25,-69.08333,3826
Yunguyo,2021-03-24,9.28,13.9,5.27,76.36,0.77,3.68,63.82,-16.25,-69.08333,3826
Yunguyo,2021-03-25,10.12,14.5,6.83,74.72,0.67,3.62,63.83,-16.25,-69.08333,3826
Yunguyo,2021-03-26,10.11,14.18,7.27,76.27,0.73,3.42,63.79,-16.25,-69.08333,3826
Yunguyo,2021-03-27,9.27,13.22,6.67,77.75,1.67,4.53,63.75,-16.25,-69.08333,3826
Yunguyo,2021-03-28,8.46,12.17,4.98,82.07,3.0,5.17,63.75,-16.25,-69.08333,3826
Yunguyo,2021-03-29,7.66,13.15,2.41,82.46,5.48,3.59,63.8,-16.25,-69.08333,3826
Yunguyo,2021-03-30,8.69,11.63,6.79,83.31,2.78,4.61,63.79,-16.25,-69.08333,3826
Yunguyo,2021-03-31,9.17,13.55,6.31,75.76,2.12,3.29,63.72,-16.25,-69.08333,3826
Yunguyo,2021-04-01,8.43,11.0,6.07,76.74,2.52,2.43,63.66,-16.25,-69.08333,3826
Yunguyo,2021-04-02,8.35,11.71,5.81,79.67,1.88,3.19,63.76,-16.25,-69.08333,3826
Yunguyo,2021-04-03,7.54,12.14,2.65,81.11,5.33,3.09,63.83,-16.25,-69.08333,3826
Yunguyo,2021-04-04,6.84,12.35,2.49,82.99,11.75,2.83,63.8,-16.25,-69.08333,3826
Yunguyo,2021-04-05,8.73,14.16,2.47,71.44,3.62,3.03,63.82,-16.25,-69.08333,3826
Yunguyo,2021-04-06,9.8,14.11,6.08,73.12,0.29,3.4,63.81,-16.25,-69.08333,3826
Yunguyo,2021-04-07,10.32,14.28,7.64,76.4,0.35,2.71,63.82,-16.25,-69.08333,3826
Yunguyo,2021-04-08,9.7,12.75,7.82,78.49,0.02,2.68,63.83,-16.25,-69.08333,3826
Yunguyo,2021-04-09,9.77,14.16,6.76,75.27,0.0,3.52,63.86,-16.25,-69.08333,3826
Yunguyo,2021-04-10,9.87,14.07,6.86,74.2,0.07,3.01,63.76,-16.25,-69.08333,3826
Yunguyo,2021-04-11,9.45,13.4,6.27,75.26,0.7,3.99,63.76,-16.25,-69.08333,3826
Yunguyo,2021-04-12,8.99,12.24,7.07,80.69,0.12,5.61,63.88,-16.25,-69.08333,3826
Yunguyo,2021-04-13,9.24,13.37,5.95,77.48,0.0,3.8,63.92,-16.25,-69.08333,3826
Yunguyo,2021-04-14,9.15,12.41,6.24,76.22,1.3,2.78,63.85,-16.25,-69.08333,3826
Yunguyo,2021-04-15,10.24,15.24,6.46,65.72,0.14,2.56,63.77,-16.25,-69.08333,3826
Yunguyo,2021-04-16,10.83,15.55,7.26,69.94,0.0,2.8,63.76,-16.25,-69.08333,3826
Yunguyo,2021-04-17,10.59,15.62,7.28,69.35,0.15,2.74,63.8,-16.25,-69.08333,3826
Yunguyo,2021-04-18,10.73,16.59,6.49,54.19,0.01,1.73,63.8,-16.25,-69.08333,3826
Yunguyo,2021-04-19,10.31,16.35,5.29,40.81,2.35,2.65,63.84,-16.25,-69.08333,3826
Yunguyo,2021-04-20,8.98,11.91,6.17,66.14,0.9,3.42,63.86,-16.25,-69.08333,3826
Yunguyo,2021-04-21,10.24,14.61,6.69,60.81,0.0,2.53,63.82,-16.25,-69.08333,3826
Yunguyo,2021-04-22,10.23,14.68,5.77,59.81,0.06,2.55,63.72,-16.25,-69.08333,3826
Yunguyo,2021-04-23,10.5,15.25,6.6,53.06,1.56,2.98,63.68,-16.25,-69.08333,3826
Yunguyo,2021-04-24,9.78,16.31,4.32,51.74,0.92,3.56,63.67,-16.25,-69.08333,3826
Yunguyo,2021-04-25,9.36,14.98,5.21,47.01,0.98,2.84,63.72,-16.25,-69.08333,3826
Yunguyo,2021-04-26,8.68,15.38,3.8,35.62,0.01,1.8,63.73,-16.25,-69.08333,3826
Yunguyo,2021-04-27,8.82,13.84,4.82,45.9,1.03,2.4,63.75,-16.25,-69.08333,3826
Yunguyo,2021-04-28,8.89,13.71,5.6,63.43,1.17,2.47,63.74,-16.25,-69.08333,3826
Yunguyo,2021-04-29,7.9,12.7,4.36,71.74,0.47,2.77,63.82,-16.25,-69.08333,3826
Yunguyo,2021-04-30,8.95,14.8,4.69,51.84,0.0,1.48,63.79,-16.25,-69.08333,3826
Yunguyo,2021-05-01,8.74,14.47,4.12,55.38,0.0,1.94,63.85,-16.25,-69.08333,3826
Yunguyo,2021-05-02,9.34,14.57,5.46,60.26,0.0,2.3,63.87,-16.25,-69.08333,3826
Yunguyo,2021-05-03,9.41,14.02,5.83,68.02,0.0,2.07,63.87,-16.25,-69.08333,3826
Yunguyo,2021-05-04,10.57,15.1,7.44,71.16,0.02,3.41,63.92,-16.25,-69.08333,3826
Yunguyo,2021-05-05,9.63,13.3,5.85,74.69,0.5,2.4,63.99,-16.25,-69.08333,3826
Yunguyo,2021-05-06,8.52,12.32,5.4,76.62,1.17,2.51,63.95,-16.25,-69.08333,3826
Yunguyo,2021-05-07,9.81,13.89,6.7,66.18,0.54,1.88,63.86,-16.25,-69.08333,3826
Yunguyo,2021-05-08,9.01,12.97,6.47,70.34,0.1,2.92,63.92,-16.25,-69.08333,3826
Yunguyo,2021-05-09,8.72,14.0,4.93,66.5,0.0,2.85,63.92,-16.25,-69.08333,3826
Yunguyo,2021-05-10,8.8,13.35,5.51,69.46,0.0,2.63,63.91,-16.25,-69.08333,3826
Yunguyo,2021-05-11,9.14,13.39,6.31,70.98,0.0,2.51,63.87,-16.25,-69.08333,3826
Yunguyo,2021-05-12,8.36,11.89,5.77,77.18,0.0,3.21,63.86,-16.25,-69.08333,3826
Yunguyo,2021-05-13,9.98,15.66,6.19,58.61,0.0,1.89,63.86,-16.25,-69.08333,3826
Yunguyo,2021-05-14,9.07,14.33,4.79,57.96,0.0,2.4,63.9,-16.25,-69.08333,3826
Yunguyo,2021-05-15,9.45,14.28,6.22,53.88,0.0,1.98,63.9,-16.25,-69.08333,3826
Yunguyo,2021-05-16,8.84,13.61,5.26,59.8,0.0,1.76,63.93,-16.25,-69.08333,3826
Yunguyo,2021-05-17,8.76,13.2,6.0,70.78,0.21,3.09,63.96,-16.25,-69.08333,3826
Yunguyo,2021-05-18,8.86,13.58,5.28,69.7,0.03,2.73,63.91,-16.25,-69.08333,3826
Yunguyo,2021-05-19,9.45,14.88,5.37,53.16,0.0,1.4,63.78,-16.25,-69.08333,3826
Yunguyo,2021-05-20,9.31,15.0,5.09,41.33,0.0,2.51,63.77,-16.25,-69.08333,3826
Yunguyo,2021-05-21,8.54,14.81,3.05,39.8,0.0,2.6,63.75,-16.25,-69.08333,3826
Yunguyo,2021-05-22,9.43,14.76,5.19,39.57,0.1,2.04,63.83,-16.25,-69.08333,3826
Yunguyo,2021-05-23,8.7,13.16,5.74,62.16,0.45,2.0,63.91,-16.25,-69.08333,3826
Yunguyo,2021-05-24,7.98,11.08,5.85,62.48,0.3,1.89,63.91,-16.25,-69.08333,3826
Yunguyo,2021-05-25,6.73,9.41,4.15,69.61,0.29,1.19,64.02,-16.25,-69.08333,3826
Yunguyo,2021-05-26,7.68,12.23,3.72,70.5,0.26,1.7,64.08,-16.25,-69.08333,3826
Yunguyo,2021-05-27,8.53,12.54,5.35,66.28,0.0,2.03,63.94,-16.25,-69.08333,3826
Yunguyo,2021-05-28,9.04,14.26,4.05,61.27,0.02,2.97,63.76,-16.25,-69.08333,3826
Yunguyo,2021-05-29,9.41,13.69,6.03,61.3,0.0,1.87,63.76,-16.25,-69.08333,3826
Yunguyo,2021-05-30,9.06,12.94,6.34,64.18,1.52,2.11,63.88,-16.25,-69.08333,3826
Yunguyo,2021-05-31,8.31,12.71,5.44,68.51,1.35,2.1,63.96,-16.25,-69.08333,3826
Yunguyo,2021-06-01,9.33,15.81,5.21,46.65,0.0,1.88,63.86,-16.25,-69.08333,3826
Yunguyo,2021-06-02,8.51,13.84,4.91,42.24,0.0,2.17,63.84,-16.25,-69.08333,3826
Yunguyo,2021-06-03,8.71,13.45,5.29,71.84,0.01,3.35,63.86,-16.25,-69.08333,3826
Yunguyo,2021-06-04,8.27,12.01,6.57,71.08,0.37,2.15,63.88,-16.25,-69.08333,3826
Yunguyo,2021-06-05,9.04,13.9,5.36,53.57,0.18,1.66,63.78,-16.25,-69.08333,3826
Yunguyo,2021-06-06,8.45,13.57,4.86,44.5,0.1,1.62,63.78,-16.25,-69.08333,3826
Yunguyo,2021-06-07,7.77,13.22,3.55,38.43,0.17,2.08,63.8,-16.25,-69.08333,3826
Yunguyo,2021-06-08,8.12,12.98,4.14,44.27,0.51,2.5,63.85,-16.25,-69.08333,3826
Yunguyo,2021-06-09,8.51,13.89,4.88,49.13,0.15,1.84,63.87,-16.25,-69.08333,3826
Yunguyo,2021-06-10,8.26,13.21,4.39,41.75,4.4,1.93,63.89,-16.25,-69.08333,3826
Yunguyo,2021-06-11,6.76,10.7,3.0,70.87,7.82,2.81,63.86,-16.25,-69.08333,3826
Yunguyo,2021-06-12,6.8,13.12,2.73,61.18,0.48,1.55,63.82,-16.25,-69.08333,3826
Yunguyo,2021-06-13,7.1,12.78,2.89,47.4,0.0,1.4,63.84,-16.25,-69.08333,3826
Yunguyo,2021-06-14,7.55,13.13,3.52,44.56,0.0,2.02,63.89,-16.25,-69.08333,3826
Yunguyo,2021-06-15,7.27,11.42,4.0,65.35,1.37,2.41,63.9,-16.25,-69.08333,3826
Yunguyo,2021-06-16,7.99,12.73,4.71,68.76,0.91,2.51,63.82,-16.25,-69.08333,3826
Yunguyo,2021-06-17,6.79,10.92,3.64,74.27,0.0,1.98,63.82,-16.25,-69.08333,3826
Yunguyo,2021-06-18,7.88,13.17,3.99,65.17,0.0,2.46,63.85,-16.25,-69.08333,3826
Yunguyo,2021-06-19,7.65,12.01,4.09,64.9,0.0,2.1,63.98,-16.25,-69.08333,3826
Yunguyo,2021-06-20,8.52,12.9,5.29,66.92,0.01,2.67,63.95,-16.25,-69.08333,3826
Yunguyo,2021-06-21,8.73,13.33,5.53,66.48,0.0,2.89,63.93,-16.25,-69.08333,3826
Yunguyo,2021-06-22,7.07,9.01,5.57,80.76,0.02,2.63,63.92,-16.25,-69.08333,3826
Yunguyo,2021-06-23,8.4,14.02,3.95,59.37,0.0,2.8,63.9,-16.25,-69.08333,3826
Yunguyo,2021-06-24,7.97,13.24,3.59,52.91,0.0,2.65,63.86,-16.25,-69.08333,3826
Yunguyo,2021-06-25,8.69,12.56,6.22,66.04,0.06,2.38,63.77,-16.25,-69.08333,3826
Yunguyo,2021-06-26,8.45,13.08,4.45,54.48,0.53,2.28,63.7,-16.25,-69.08333,3826
Yunguyo,2021-06-27,7.62,11.59,4.28,52.81,0.66,2.65,63.71,-16.25,-69.08333,3826
Yunguyo,2021-06-28,7.79,12.96,4.4,41.09,0.25,1.94,63.84,-16.25,-69.08333,3826
Yunguyo,2021-06-29,6.87,11.37,3.07,43.65,0.02,2.0,63.94,-16.25,-69.08333,3826
Yunguyo,2021-06-30,6.28,11.45,2.04,52.89,0.0,1.98,63.92,-16.25,-69.08333,3826
Yunguyo,2021-07-01,7.61,12.89,3.76,39.27,0.0,2.32,63.94,-16.25,-69.08333,3826
Yunguyo,2021-07-02,6.82,12.28,3.58,30.13,0.0,2.64,64.04,-16.25,-69.08333,3826
Yunguyo,2021-07-03,5.64,9.9,1.8,27.63,0.0,2.1,64.12,-16.25,-69.08333,3826
Yunguyo,2021-07-04,7.17,11.98,3.83,28.47,0.0,1.32,64.02,-16.25,-69.08333,3826
Yunguyo,2021-07-05,6.7,12.16,3.13,45.28,0.0,2.01,64.0,-16.25,-69.08333,3826
Yunguyo,2021-07-06,7.38,13.3,2.85,57.47,0.0,2.08,63.93,-16.25,-69.08333,3826
Yunguyo,2021-07-07,8.34,14.42,4.04,59.74,0.0,2.78,63.81,-16.25,-69.08333,3826
Yunguyo,2021-07-08,8.34,13.06,4.69,71.55,0.0,3.25,63.85,-16.25,-69.08333,3826
Yunguyo,2021-07-09,8.89,13.46,5.69,62.88,0.0,1.8,63.87,-16.25,-69.08333,3826
Yunguyo,2021-07-10,8.74,13.78,5.43,64.44,0.0,2.53,63.87,-16.25,-69.08333,3826
Yunguyo,2021-07-11,8.1,12.74,4.4,68.78,0.0,3.56,63.89,-16.25,-69.08333,3826
Yunguyo,2021-07-12,8.76,13.9,5.01,67.26,0.0,2.21,63.88,-16.25,-69.08333,3826
Yunguyo,2021-07-13,9.24,13.14,5.95,61.93,0.02,1.31,63.93,-16.25,-69.08333,3826
Yunguyo,2021-07-14,9.28,13.97,5.12,58.62,0.08,1.99,63.88,-16.25,-69.08333,3826
Yunguyo,2021-07-15,9.79,14.22,6.27,65.58,0.15,2.93,63.84,-16.25,-69.08333,3826
Yunguyo,2021-07-16,9.31,14.43,4.84,48.94,0.27,2.56,63.82,-16.25,-69.08333,3826
Yunguyo,2021-07-17,8.29,13.76,4.42,44.95,0.1,2.56,63.9,-16.25,-69.08333,3826
Yunguyo,2021-07-18,5.69,7.58,4.45,84.65,0.41,2.93,64.03,-16.25,-69.08333,3826
Yunguyo,2021-07-19,7.75,12.54,4.29,62.31,0.01,2.18,63.91,-16.25,-69.08333,3826
Yunguyo,2021-07-20,6.04,8.16,4.42,61.78,0.0,1.62,63.91,-16.25,-69.08333,3826
Yunguyo,2021-07-21,7.54,12.89,3.42,58.63,0.0,2.36,63.97,-16.25,-69.08333,3826
Yunguyo,2021-07-22,7.14,12.5,3.33,70.03,0.0,2.89,64.1,-16.25,-69.08333,3826
Yunguyo,2021-07-23,8.39,12.63,4.53,61.85,0.0,1.65,64.02,-16.25,-69.08333,3826
Yunguyo,2021-07-24,9.32,13.57,6.51,54.99,0.0,1.82,63.94,-16.25,-69.08333,3826
Yunguyo,2021-07-25,8.12,11.95,4.77,61.27,0.0,2.19,63.9,-16.25,-69.08333,3826
Yunguyo,2021-07-26,8.96,14.17,5.31,57.34,0.01,2.72,63.83,-16.25,-69.08333,3826
Yunguyo,2021-07-27,8.6,13.02,4.4,52.6,0.0,2.56,63.86,-16.25,-69.08333,3826
Yunguyo,2021-07-28,8.26,14.5,3.99,56.01,0.0,3.34,63.72,-16.25,-69.08333,3826
Yunguyo,2021-07-29,8.07,13.4,4.31,62.87,0.0,2.96,63.72,-16.25,-69.08333,3826
Yunguyo,2021-07-30,7.73,13.47,3.88,63.47,0.0,2.71,63.75,-16.25,-69.08333,3826
Yunguyo,2021-07-31,8.19,14.01,4.29,62.55,0.0,3.47,63.82,-16.25,-69.08333,3826
Yunguyo,2021-08-01,6.22,10.77,3.26,75.95,0.0,4.21,64.05,-16.25,-69.08333,3826
Yunguyo,2021-08-02,5.79,10.62,2.37,74.75,0.49,2.67,64.09,-16.25,-69.08333,3826
Yunguyo,2021-08-03,5.38,9.93,2.27,77.49,3.07,3.59,64.02,-16.25,-69.08333,3826
Yunguyo,2021-08-04,5.34,8.97,2.93,73.38,0.99,3.98,64.06,-16.25,-69.08333,3826
Yunguyo,2021-08-05,7.36,13.12,3.39,60.14,0.0,2.27,64.03,-16.25,-69.08333,3826
Yunguyo,2021-08-06,7.25,12.72,3.5,60.08,0.0,2.2,64.02,-16.25,-69.08333,3826
Yunguyo,2021-08-07,8.24,14.15,3.15,55.78,0.0,1.63,63.88,-16.25,-69.08333,3826
Yunguyo,2021-08-08,8.9,14.21,4.81,52.11,0.0,1.69,63.9,-16.25,-69.08333,3826
Yunguyo,2021-08-09,9.42,14.48,5.81,68.58,0.0,3.15,63.96,-16.25,-69.08333,3826
Yunguyo,2021-08-10,9.4,14.15,6.54,69.27,0.0,4.15,63.93,-16.25,-69.08333,3826
Yunguyo,2021-08-11,8.26,11.97,5.79,73.34,0.0,3.59,63.91,-16.25,-69.08333,3826
Yunguyo,2021-08-12,8.67,14.64,4.04,46.0,0.0,2.7,63.86,-16.25,-69.08333,3826
Yunguyo,2021-08-13,8.13,14.72,2.86,45.19,0.0,2.49,63.89,-16.25,-69.08333,3826
Yunguyo,2021-08-14,8.15,14.01,3.43,53.24,0.0,2.67,63.93,-16.25,-69.08333,3826
Yunguyo,2021-08-15,8.66,14.13,4.66,54.58,0.0,1.61,63.85,-16.25,-69.08333,3826
Yunguyo,2021-08-16,8.41,13.78,4.01,41.47,0.0,1.8,63.87,-16.25,-69.08333,3826
Yunguyo,2021-08-17,9.06,14.77,5.07,57.24,0.0,2.52,63.93,-16.25,-69.08333,3826
Yunguyo,2021-08-18,8.6,14.13,5.28,57.86,0.0,2.83,64.02,-16.25,-69.08333,3826
Yunguyo,2021-08-19,9.03,14.47,4.68,50.24,0.0,2.08,63.87,-16.25,-69.08333,3826
Yunguyo,2021-08-20,8.64,14.57,3.32,39.6,0.0,3.61,63.77,-16.25,-69.08333,3826
Yunguyo,2021-08-21,8.3,12.86,5.04,72.63,0.0,3.43,63.81,-16.25,-69.08333,3826
Yunguyo,2021-08-22,9.64,14.84,5.81,62.93,0.0,2.41,63.75,-16.25,-69.08333,3826
Yunguyo,2021-08-23,9.92,14.99,6.22,59.56,0.0,2.37,63.64,-16.25,-69.08333,3826
Yunguyo,2021-08-24,9.92,15.36,5.51,47.65,0.14,1.72,63.53,-16.25,-69.08333,3826
Yunguyo,2021-08-25,9.06,16.84,2.73,39.21,0.14,4.6,63.57,-16.25,-69.08333,3826
Yunguyo,2021-08-26,9.03,15.92,3.46,47.08,0.57,4.03,63.61,-16.25,-69.08333,3826
Yunguyo,2021-08-27,9.27,16.39,3.64,42.19,0.03,3.87,63.66,-16.25,-69.08333,3826
Yunguyo,2021-08-28,8.27,14.47,2.76,50.84,0.0,3.28,63.86,-16.25,-69.08333,3826
Yunguyo,2021-08-29,7.84,12.6,4.38,73.26,0.0,3.27,63.99,-16.25,-69.08333,3826
Yunguyo,2021-08-30,8.38,13.45,4.63,66.48,0.0,2.91,63.93,-16.25,-69.08333,3826
Yunguyo,2021-08-31,8.24,13.94,4.27,67.32,0.0,3.47,63.93,-16.25,-69.08333,3826
Yunguyo,2021-09-01,8.95,14.9,4.47,59.94,0.0,3.3,63.95,-16.25,-69.08333,3826
Yunguyo,2021-09-02,10.28,15.86,6.37,63.56,0.0,2.79,63.89,-16.25,-69.08333,3826
Yunguyo,2021-09-03,10.13,15.4,6.44,69.01,0.24,3.12,63.92,-16.25,-69.08333,3826
Yunguyo,2021-09-04,10.26,14.59,7.03,71.08,0.09,3.03,63.87,-16.25,-69.08333,3826
Yunguyo,2021-09-05,9.3,14.09,6.07,69.29,0.02,4.27,63.92,-16.25,-69.08333,3826
Yunguyo,2021-09-06,9.01,14.52,4.43,65.5,0.01,3.92,63.9,-16.25,-69.08333,3826
Yunguyo,2021-09-07,9.49,14.23,6.16,68.58,0.19,3.38,63.78,-16.25,-69.08333,3826
Yunguyo,2021-09-08,10.37,15.38,7.09,62.22,0.13,3.94,63.73,-16.25,-69.08333,3826
Yunguyo,2021-09-09,9.68,14.93,5.59,66.4,0.65,3.65,63.78,-16.25,-69.08333,3826
Yunguyo,2021-09-10,9.62,15.63,5.54,57.12,0.21,3.28,63.8,-16.25,-69.08333,3826
Yunguyo,2021-09-11,9.19,14.13,5.38,71.61,0.01,4.06,63.9,-16.25,-69.08333,3826
Yunguyo,2021-09-12,10.72,15.99,7.14,66.83,0.0,3.7,63.87,-16.25,-69.08333,3826
Yunguyo,2021-09-13,11.62,16.91,7.65,60.08,0.01,2.61,63.8,-16.25,-69.08333,3826
Yunguyo,2021-09-14,10.83,16.04,7.17,65.28,0.0,3.34,63.78,-16.25,-69.08333,3826
Yunguyo,2021-09-15,9.37,12.31,6.77,75.91,0.05,5.54,63.87,-16.25,-69.08333,3826
Yunguyo,2021-09-16,8.75,13.25,5.69,75.91,3.65,5.18,64.05,-16.25,-69.08333,3826
Yunguyo,2021-09-17,9.17,14.63,4.93,69.5,1.52,4.12,64.03,-16.25,-69.08333,3826
Yunguyo,2021-09-18,9.39,14.7,5.85,68.09,0.0,4.21,63.9,-16.25,-69.08333,3826
Yunguyo,2021-09-19,8.67,14.55,4.14,69.48,2.45,4.19,63.8,-16.25,-69.08333,3826
Yunguyo,2021-09-20,7.77,11.95,4.38,78.76,2.08,5.12,63.85,-16.25,-69.08333,3826
Yunguyo,2021-09-21,7.9,11.59,4.94,73.8,5.07,3.54,64.0,-16.25,-69.08333,3826
Yunguyo,2021-09-22,6.75,10.58,3.86,77.58,6.68,1.71,63.97,-16.25,-69.08333,3826
Yunguyo,2021-09-23,7.36,11.07,5.27,77.89,3.5,5.22,63.98,-16.25,-69.08333,3826
Yunguyo,2021-09-24,8.49,13.96,4.26,67.38,0.12,4.01,64.06,-16.25,-69.08333,3826
Yunguyo,2021-09-25,9.1,14.44,4.62,67.39,0.0,3.55,64.08,-16.25,-69.08333,3826
Yunguyo,2021-09-26,10.23,15.64,6.35,66.88,0.0,3.1,64.01,-16.25,-69.08333,3826
Yunguyo,2021-09-27,10.4,15.37,6.95,69.71,0.0,2.97,64.01,-16.25,-69.08333,3826
Yunguyo,2021-09-28,10.47,15.78,6.64,68.06,0.0,3.21,63.94,-16.25,-69.08333,3826
Yunguyo,2021-09-29,9.88,15.23,6.65,65.78,0.0,4.51,63.93,-16.25,-69.08333,3826
Yunguyo,2021-09-30,9.66,13.87,5.65,65.52,0.0,3.09,63.88,-16.25,-69.08333,3826
Yunguyo,2021-10-01,10.48,15.98,6.7,65.38,0.0,3.15,63.79,-16.25,-69.08333,3826
Yunguyo,2021-10-02,10.84,16.06,6.89,65.18,0.0,2.65,63.68,-16.25,-69.08333,3826
Yunguyo,2021-10-03,11.03,15.68,7.56,67.92,0.05,3.73,63.65,-16.25,-69.08333,3826
Yunguyo,2021-10-04,10.17,15.8,6.21,70.53,7.73,5.04,63.74,-16.25,-69.08333,3826
Yunguyo,2021-10-05,8.8,12.67,5.96,73.53,15.23,3.57,63.78,-16.25,-69.08333,3826
Yunguyo,2021-10-06,8.95,11.47,6.49,76.39,20.42,2.59,63.8,-16.25,-69.08333,3826
Yunguyo,2021-10-07,7.68,11.78,3.57,75.75,13.51,2.46,63.83,-16.25,-69.08333,3826
Yunguyo,2021-10-08,9.5,13.9,5.65,66.88,5.0,3.36,63.78,-16.25,-69.08333,3826
Yunguyo,2021-10-09,10.33,15.01,6.68,72.19,0.2,3.34,63.82,-16.25,-69.08333,3826
Yunguyo,2021-10-10,11.16,16.79,5.8,66.23,2.31,3.47,63.84,-16.25,-69.08333,3826
Yunguyo,2021-10-11,9.79,15.06,5.59,77.11,2.89,3.41,63.91,-16.25,-69.08333,3826
Yunguyo,2021-10-12,9.29,15.45,5.8,75.25,0.0,3.2,63.95,-16.25,-69.08333,3826
Yunguyo,2021-10-13,12.93,19.14,7.1,48.73,0.0,3.25,63.84,-16.25,-69.08333,3826
Yunguyo,2021-10-14,12.95,18.42,8.46,48.74,0.0,2.32,63.69,-16.25,-69.08333,3826
Yunguyo,2021-10-15,12.04,17.46,7.36,44.23,0.0,3.21,63.76,-16.25,-69.08333,3826
Yunguyo,2021-10-16,12.24,18.67,8.1,54.09,0.21,2.82,63.78,-16.25,-69.08333,3826
Yunguyo,2021-10-17,11.57,16.58,7.66,57.73,0.0,2.4,63.85,-16.25,-69.08333,3826
Yunguyo,2021-10-18,11.09,16.0,6.55,58.65,0.02,2.93,63.84,-16.25,-69.08333,3826
Yunguyo,2021-10-19,9.91,13.82,6.84,75.11,0.03,4.22,63.86,-16.25,-69.08333,3826
Yunguyo,2021-10-20,11.35,17.64,6.5,59.96,0.0,2.41,63.9,-16.25,-69.08333,3826
Yunguyo,2021-10-21,11.66,16.92,8.0,58.2,0.0,3.19,63.87,-16.25,-69.08333,3826
Yunguyo,2021-10-22,11.46,16.13,7.67,63.62,0.0,3.39,63.79,-16.25,-69.08333,3826
Yunguyo,2021-10-23,13.06,19.1,7.34,36.18,0.0,2.16,63.75,-16.25,-69.08333,3826
Yunguyo,2021-10-24,11.57,17.55,6.62,40.11,0.22,3.81,63.76,-16.25,-69.08333,3826
Yunguyo,2021-10-25,9.03,15.63,3.85,55.24,0.02,3.72,63.83,-16.25,-69.08333,3826
Yunguyo,2021-10-26,8.77,15.32,3.79,61.1,0.0,3.66,63.86,-16.25,-69.08333,3826
Yunguyo,2021-10-27,9.5,15.23,4.81,64.89,0.0,4.0,63.93,-16.25,-69.08333,3826
Yunguyo,2021-10-28,9.58,14.95,4.96,71.56,6.4,5.07,64.04,-16.25,-69.08333,3826
Yunguyo,2021-10-29,9.76,14.43,6.26,67.97,1.46,4.37,63.97,-16.25,-69.08333,3826
Yunguyo,2021-10-30,10.69,15.24,6.98,66.76,10.01,3.04,63.81,-16.25,-69.08333,3826
Yunguyo,2021-10-31,10.52,15.02,7.17,67.67,4.57,3.43,63.89,-16.25,-69.08333,3826
Yunguyo,2021-11-01,10.39,14.37,7.39,68.85,0.03,2.87,63.86,-16.25,-69.08333,3826
Yunguyo,2021-11-02,9.89,12.79,7.64,70.09,4.05,2.34,63.79,-16.25,-69.08333,3826
Yunguyo,2021-11-03,9.34,14.34,5.89,62.88,0.15,3.18,63.73,-16.25,-69.08333,3826
Yunguyo,2021-11-04,10.79,15.89,7.08,55.75,2.17,2.54,63.65,-16.25,-69.08333,3826
Yunguyo,2021-11-05,10.91,15.91,6.71,60.62,0.96,2.48,63.65,-16.25,-69.08333,3826
Yunguyo,2021-11-06,11.5,16.28,7.56,58.4,0.08,3.02,63.72,-16.25,-69.08333,3826
Yunguyo,2021-11-07,10.57,13.45,7.68,68.64,2.63,2.98,63.75,-16.25,-69.08333,3826
Yunguyo,2021-11-08,11.03,15.96,7.39,65.46,1.13,3.23,63.71,-16.25,-69.08333,3826
Yunguyo,2021-11-09,10.18,14.29,7.24,73.99,3.67,3.31,63.72,-16.25,-69.08333,3826
Yunguyo,2021-11-10,10.16,14.62,6.44,69.69,6.23,3.13,63.65,-16.25,-69.08333,3826
Yunguyo,2021-11-11,10.13,15.28,6.24,72.0,5.19,2.91,63.74,-16.25,-69.08333,3826
Yunguyo,2021-11-12,8.39,12.97,3.87,75.63,4.75,2.92,63.84,-16.25,-69.08333,3826
Yunguyo,2021-11-13,10.58,16.13,5.97,64.69,0.41,2.43,63.68,-16.25,-69.08333,3826
Yunguyo,2021-11-14,10.71,15.93,6.13,56.59,0.03,2.53,63.66,-16.25,-69.08333,3826
Yunguyo,2021-11-15,11.47,16.81,8.4,64.93,3.79,2.11,63.65,-16.25,-69.08333,3826
Yunguyo,2021-11-16,11.14,16.39,5.72,62.8,0.87,1.92,63.66,-16.25,-69.08333,3826
Yunguyo,2021-11-17,10.46,16.41,5.58,64.98,2.89,2.53,63.63,-16.25,-69.08333,3826
Yunguyo,2021-11-18,11.66,16.8,6.93,50.91,0.51,2.65,63.56,-16.25,-69.08333,3826
Yunguyo,2021-11-19,10.61,15.82,6.65,69.19,0.36,4.23,63.64,-16.25,-69.08333,3826
Yunguyo,2021-11-20,9.88,14.7,6.43,74.46,0.96,4.87,63.73,-16.25,-69.08333,3826
Yunguyo,2021-11-21,10.61,15.59,6.42,72.39,0.23,4.18,63.76,-16.25,-69.08333,3826
Yunguyo,2021-11-22,11.27,16.45,6.9,68.14,0.0,4.23,63.72,-16.25,-69.08333,3826
Yunguyo,2021-11-23,10.21,14.21,7.41,69.37,0.05,4.5,63.84,-16.25,-69.08333,3826
Yunguyo,2021-11-24,9.28,13.05,6.54,73.44,0.7,3.79,63.83,-16.25,-69.08333,3826
Yunguyo,2021-11-25,10.88,15.77,7.46,71.58,12.45,2.94,63.78,-16.25,-69.08333,3826
Yunguyo,2021-11-26,9.79,12.53,7.66,76.79,2.36,4.32,63.77,-16.25,-69.08333,3826
Yunguyo,2021-11-27,10.83,15.57,6.87,68.06,2.55,4.68,63.69,-16.25,-69.08333,3826
Yunguyo,2021-11-28,10.88,14.02,8.42,72.78,3.78,2.92,63.58,-16.25,-69.08333,3826
Yunguyo,2021-11-29,10.36,14.02,7.25,73.19,9.11,2.81,63.62,-16.25,-69.08333,3826
Yunguyo,2021-11-30,10.93,14.16,8.62,73.23,1.12,2.54,63.63,-16.25,-69.08333,3826
Yunguyo,2021-12-01,11.8,16.71,8.1,69.77,0.05,3.29,63.65,-16.25,-69.08333,3826
Yunguyo,2021-12-02,10.62,13.74,8.62,73.43,12.12,3.97,63.72,-16.25,-69.08333,3826
Yunguyo,2021-12-03,9.12,12.81,5.76,81.63,11.09,3.86,63.65,-16.25,-69.08333,3826
Yunguyo,2021-12-04,9.26,12.98,5.62,77.86,7.68,4.45,63.79,-16.25,-69.08333,3826
Yunguyo,2021-12-05,9.43,12.27,6.95,79.74,6.63,5.37,63.84,-16.25,-69.08333,3826
Yunguyo,2021-12-06,8.61,12.91,6.04,79.47,5.23,5.19,63.88,-16.25,-69.08333,3826
Yunguyo,2021-12-07,10.17,15.39,5.75,73.57,5.55,2.67,63.85,-16.25,-69.08333,3826
Yunguyo,2021-12-08,9.37,15.14,4.84,76.11,2.79,3.2,63.79,-16.25,-69.08333,3826
Yunguyo,2021-12-09,9.61,13.66,7.01,78.16,4.08,4.78,63.77,-16.25,-69.08333,3826
Yunguyo,2021-12-10,9.51,14.41,5.09,77.64,20.35,3.23,63.63,-16.25,-69.08333,3826
Yunguyo,2021-12-11,10.66,17.18,4.64,64.56,3.22,2.01,63.49,-16.25,-69.08333,3826
Yunguyo,2021-12-12,11.13,17.11,5.42,46.23,0.89,2.75,63.43,-16.25,-69.08333,3826
Yunguyo,2021-12-13,11.67,17.1,6.23,45.73,0.24,3.11,63.57,-16.25,-69.08333,3826
Yunguyo,2021-12-14,10.48,15.43,6.79,62.16,4.25,3.35,63.66,-16.25,-69.08333,3826
Yunguyo,2021-12-15,10.65,15.74,6.58,66.02,1.44,2.61,63.64,-16.25,-69.08333,3826
Yunguyo,2021-12-16,8.85,13.97,4.97,75.96,6.24,2.09,63.7,-16.25,-69.08333,3826
Yunguyo,2021-12-17,9.18,14.55,4.82,73.6,5.91,2.53,63.76,-16.25,-69.08333,3826
Yunguyo,2021-12-18,9.37,14.23,5.41,76.01,6.17,3.17,63.8,-16.25,-69.08333,3826
Yunguyo,2021-12-19,10.41,15.74,6.24,70.32,2.36,2.99,63.7,-16.25,-69.08333,3826
Yunguyo,2021-12-20,10.08,14.52,6.54,73.36,4.5,2.19,63.65,-16.25,-69.08333,3826
Yunguyo,2021-12-21,8.76,14.59,3.21,80.23,14.07,2.29,63.55,-16.25,-69.08333,3826
Yunguyo,2021-12-22,8.69,13.6,3.67,76.44,6.51,2.64,63.58,-16.25,-69.08333,3826
Yunguyo,2021-12-23,10.89,14.89,6.94,61.54,2.33,3.12,63.67,-16.25,-69.08333,3826
Yunguyo,2021-12-24,9.85,14.84,4.28,79.93,3.18,3.42,63.66,-16.25,-69.08333,3826
Yunguyo,2021-12-25,10.16,15.19,3.83,72.86,0.31,3.26,63.71,-16.25,-69.08333,3826
Yunguyo,2021-12-26,9.04,13.47,3.59,68.71,9.83,2.86,63.82,-16.25,-69.08333,3826
Yunguyo,2021-12-27,11.47,16.76,6.97,55.27,1.47,3.09,63.78,-16.25,-69.08333,3826
Yunguyo,2021-12-28,9.95,14.57,5.93,72.49,0.93,4.27,63.78,-16.25,-69.08333,3826
Yunguyo,2021-12-29,10.21,15.41,5.78,69.35,2.9,4.23,63.84,-16.25,-69.08333,3826
Yunguyo,2021-12-30,11.04,15.05,7.72,68.02,1.99,3.51,63.82,-16.25,-69.08333,3826
Yunguyo,2021-12-31,11.3,16.18,7.65,54.41,0.14,4.05,63.85,-16.25,-69.08333,3826
Yunguyo,2022-01-01,12.59,17.56,8.0,41.76,0.0,2.74,63.81,-16.25,-69.08333,3826
Yunguyo,2022-01-02,13.6,18.42,9.41,44.4,3.9,1.81,63.79,-16.25,-69.08333,3826
Yunguyo,2022-01-03,12.53,17.17,8.05,55.62,3.17,2.47,63.77,-16.25,-69.08333,3826
Yunguyo,2022-01-04,11.65,15.98,7.64,62.02,0.66,2.58,63.62,-16.25,-69.08333,3826
Yunguyo,2022-01-05,9.72,14.38,6.59,75.15,0.84,4.82,63.61,-16.25,-69.08333,3826
Yunguyo,2022-01-06,9.53,13.42,6.63,77.36,0.51,4.42,63.68,-16.25,-69.08333,3826
Yunguyo,2022-01-07,10.34,14.9,7.04,73.74,0.09,3.88,63.7,-16.25,-69.08333,3826
Yunguyo,2022-01-08,10.45,14.86,6.72,72.62,2.17,4.07,63.72,-16.25,-69.08333,3826
Yunguyo,2022-01-09,8.65,12.25,5.78,78.5,3.02,3.1,63.72,-16.25,-69.08333,3826
Yunguyo,2022-01-10,8.67,13.15,6.27,80.72,4.78,3.74,63.73,-16.25,-69.08333,3826
Yunguyo,2022-01-11,8.42,11.25,6.5,81.84,4.72,4.09,63.75,-16.25,-69.08333,3826
Yunguyo,2022-01-12,8.87,12.82,5.73,77.21,0.89,3.96,63.81,-16.25,-69.08333,3826
Yunguyo,2022-01-13,8.12,12.92,4.83,76.64,0.29,4.61,63.8,-16.25,-69.08333,3826
Yunguyo,2022-01-14,7.76,11.96,4.05,73.42,1.67,4.29,63.83,-16.25,-69.08333,3826
Yunguyo,2022-01-15,8.88,13.66,4.91,73.41,1.67,3.97,63.84,-16.25,-69.08333,3826
Yunguyo,2022-01-16,8.84,13.81,4.84,76.53,1.78,3.21,63.79,-16.25,-69.08333,3826
Yunguyo,2022-01-17,9.68,13.93,4.54,76.44,5.18,3.34,63.69,-16.25,-69.08333,3826
Yunguyo,2022-01-18,7.29,10.71,3.31,84.03,1.48,3.2,63.77,-16.25,-69.08333,3826
Yunguyo,2022-01-19,9.67,14.34,6.38,76.81,4.74,5.08,63.84,-16.25,-69.08333,3826
Yunguyo,2022-01-20,9.71,15.1,4.97,72.31,2.22,4.65,63.82,-16.25,-69.08333,3826
Yunguyo,2022-01-21,9.99,14.54,6.26,75.94,4.81,4.39,63.7,-16.25,-69.08333,3826
Yunguyo,2022-01-22,10.43,15.24,6.72,76.06,1.9,5.06,63.63,-16.25,-69.08333,3826
Yunguyo,2022-01-23,9.83,13.96,7.05,77.16,4.15,4.72,63.66,-16.25,-69.08333,3826
Yunguyo,2022-01-24,8.42,12.4,6.04,82.65,4.64,5.57,63.7,-16.25,-69.08333,3826
Yunguyo,2022-01-25,8.89,13.08,5.69,77.31,1.59,4.74,63.75,-16.25,-69.08333,3826
Yunguyo,2022-01-26,9.95,15.25,5.08,70.92,2.52,3.1,63.72,-16.25,-69.08333,3826
Yunguyo,2022-01-27,9.48,12.88,6.75,77.71,2.27,3.01,63.72,-16.25,-69.08333,3826
Yunguyo,2022-01-28,9.74,13.68,7.15,79.41,9.85,4.04,63.66,-16.25,-69.08333,3826
Yunguyo,2022-01-29,9.93,15.04,6.63,77.94,4.76,3.75,63.56,-16.25,-69.08333,3826
Yunguyo,2022-01-30,9.92,13.52,6.71,77.98,7.55,3.92,63.56,-16.25,-69.08333,3826
Yunguyo,2022-01-31,9.48,13.95,3.92,78.7,11.67,4.35,63.51,-16.25,-69.08333,3826
Yunguyo,2022-02-01,7.33,11.08,3.73,83.94,9.25,3.99,63.61,-16.25,-69.08333,3826
Yunguyo,2022-02-02,8.91,14.02,5.12,80.12,8.56,3.37,63.63,-16.25,-69.08333,3826
Yunguyo,2022-02-03,9.35,14.62,4.86,78.09,12.17,2.68,63.66,-16.25,-69.08333,3826
Yunguyo,2022-02-04,9.72,14.79,5.59,72.45,0.83,1.98,63.7,-16.25,-69.08333,3826
Yunguyo,2022-02-05,10.81,16.7,5.24,55.77,0.18,3.43,63.66,-16.25,-69.08333,3826
Yunguyo,2022-02-06,8.45,11.11,6.74,85.49,15.04,5.55,63.75,-16.25,-69.08333,3826
Yunguyo,2022-02-07,9.48,14.41,5.82,76.74,1.0,3.96,63.81,-16.25,-69.08333,3826
Yunguyo,2022-02-08,9.75,14.77,5.78,73.31,3.23,3.6,63.75,-16.25,-69.08333,3826
Yunguyo,2022-02-09,9.65,14.25,6.16,75.12,11.08,3.63,63.65,-16.25,-69.08333,3826
Yunguyo,2022-02-10,9.89,16.3,3.99,70.68,4.87,3.21,63.54,-16.25,-69.08333,3826
Yunguyo,2022-02-11,9.82,13.74,4.91,74.98,3.33,2.26,63.55,-16.25,-69.08333,3826
Yunguyo,2022-02-12,8.07,11.87,4.2,79.51,1.21,3.67,63.69,-16.25,-69.08333,3826
Yunguyo,2022-02-13,9.09,12.8,6.38,75.05,0.18,4.91,63.73,-16.25,-69.08333,3826
Yunguyo,2022-02-14,9.44,14.11,5.53,75.52,0.76,3.8,63.73,-16.25,-69.08333,3826
Yunguyo,2022-02-15,9.37,14.11,6.08,77.7,1.72,4.89,63.8,-16.25,-69.08333,3826
Yunguyo,2022-02-16,9.1,13.2,6.38,80.15,4.13,4.82,63.89,-16.25,-69.08333,3826
Yunguyo,2022-02-17,8.96,12.14,6.11,82.04,12.34,4.36,63.84,-16.25,-69.08333,3826
Yunguyo,2022-02-18,9.61,14.55,6.46,76.07,2.54,3.91,63.7,-16.25,-69.08333,3826
Yunguyo,2022-02-19,10.22,15.66,6.18,72.1,4.88,2.97,63.62,-16.25,-69.08333,3826
Yunguyo,2022-02-20,9.42,14.86,6.2,70.41,3.22,3.79,63.65,-16.25,-69.08333,3826
Yunguyo,2022-02-21,9.5,13.78,6.37,69.83,1.03,4.07,63.71,-16.25,-69.08333,3826
Yunguyo,2022-02-22,9.52,13.63,5.89,74.13,3.3,4.35,63.78,-16.25,-69.08333,3826
Yunguyo,2022-02-23,8.97,11.97,6.82,83.36,7.33,4.7,63.77,-16.25,-69.08333,3826
Yunguyo,2022-02-24,9.69,14.46,6.29,76.69,1.32,4.07,63.75,-16.25,-69.08333,3826
Yunguyo,2022-02-25,9.22,13.41,5.74,78.74,0.42,5.27,63.9,-16.25,-69.08333,3826
Yunguyo,2022-02-26,9.24,11.88,7.01,82.0,2.03,5.69,63.98,-16.25,-69.08333,3826
Yunguyo,2022-02-27,9.75,13.57,6.51,75.02,2.48,3.05,63.91,-16.25,-69.08333,3826
Yunguyo,2022-02-28,10.1,14.09,7.57,74.3,0.4,3.61,63.83,-16.25,-69.08333,3826
Yunguyo,2022-03-01,8.96,12.09,6.51,77.18,0.41,4.12,63.85,-16.25,-69.08333,3826
Yunguyo,2022-03-02,9.66,14.39,5.65,75.06,0.05,4.65,63.84,-16.25,-69.08333,3826
Yunguyo,2022-03-03,9.58,13.85,6.09,75.22,3.74,4.29,63.82,-16.25,-69.08333,3826
Yunguyo,2022-03-04,10.53,15.7,6.91,74.8,1.1,3.56,63.75,-16.25,-69.08333,3826
Yunguyo,2022-03-05,10.32,14.64,7.43,76.8,2.14,3.66,63.72,-16.25,-69.08333,3826
Yunguyo,2022-03-06,10.97,15.85,7.1,65.71,0.98,3.35,63.68,-16.25,-69.08333,3826
Yunguyo,2022-03-07,10.33,14.24,7.7,68.24,1.64,3.15,63.7,-16.25,-69.08333,3826
Yunguyo,2022-03-08,8.91,12.39,5.99,79.02,2.26,4.36,63.7,-16.25,-69.08333,3826
Yunguyo,2022-03-09,9.52,14.74,5.31,73.6,0.85,3.86,63.71,-16.25,-69.08333,3826
Yunguyo,2022-03-10,10.15,14.23,6.95,76.91,1.9,3.57,63.66,-16.25,-69.08333,3826
Yunguyo,2022-03-11,9.48,12.66,7.17,80.74,5.21,4.38,63.65,-16.25,-69.08333,3826
Yunguyo,2022-03-12,8.66,12.25,6.3,78.05,2.8,3.76,63.7,-16.25,-69.08333,3826
Yunguyo,2022-03-13,8.97,13.81,5.73,78.1,3.0,3.69,63.73,-16.25,-69.08333,3826
Yunguyo,2022-03-14,7.77,12.84,2.26,82.75,13.46,3.71,63.71,-16.25,-69.08333,3826
Yunguyo,2022-03-15,5.47,9.23,2.85,86.01,11.01,3.68,63.8,-16.25,-69.08333,3826
Yunguyo,2022-03-16,6.82,12.37,2.56,78.21,2.79,2.88,63.75,-16.25,-69.08333,3826
Yunguyo,2022-03-17,8.48,14.11,3.76,75.17,0.05,2.85,63.7,-16.25,-69.08333,3826
Yunguyo,2022-03-18,9.2,13.45,5.77,77.27,6.17,4.04,63.79,-16.25,-69.08333,3826
Yunguyo,2022-03-19,8.99,13.69,6.33,79.7,5.5,4.5,63.88,-16.25,-69.08333,3826
Yunguyo,2022-03-20,8.78,13.27,5.79,80.86,4.03,4.67,63.87,-16.25,-69.08333,3826
Yunguyo,2022-03-21,9.4,14.51,5.58,79.1,3.15,4.24,63.78,-16.25,-69.08333,3826
Yunguyo,2022-03-22,10.22,15.27,5.85,75.37,1.01,3.85,63.72,-16.25,-69.08333,3826
Yunguyo,2022-03-23,10.98,15.39,6.99,70.58,2.33,3.16,63.72,-16.25,-69.08333,3826
Yunguyo,2022-03-24,9.43,11.69,7.56,79.22,0.17,2.89,63.72,-16.25,-69.08333,3826
Yunguyo,2022-03-25,10.35,14.92,7.04,76.9,3.37,4.59,63.7,-16.25,-69.08333,3826
Yunguyo,2022-03-26,8.41,12.99,5.19,80.12,3.61,3.31,63.72,-16.25,-69.08333,3826
Yunguyo,2022-03-27,8.94,13.77,5.16,79.7,0.84,4.27,63.82,-16.25,-69.08333,3826
Yunguyo,2022-03-28,9.41,12.95,6.78,80.59,4.09,4.58,63.92,-16.25,-69.08333,3826
Yunguyo,2022-03-29,10.26,15.34,6.62,74.81,0.29,3.03,63.8,-16.25,-69.08333,3826
Yunguyo,2022-03-30,10.36,15.92,6.48,66.35,0.36,3.23,63.71,-16.25,-69.08333,3826
Yunguyo,2022-03-31,8.59,12.89,6.05,79.29,1.79,3.66,63.72,-16.25,-69.08333,3826
Yunguyo,2022-04-01,8.19,13.74,4.74,76.74,1.17,4.02,63.76,-16.25,-69.08333,3826
Yunguyo,2022-04-02,8.53,14.09,5.37,76.62,12.25,3.01,63.75,-16.25,-69.08333,3826
Yunguyo,2022-04-03,8.96,14.28,3.64,68.97,6.14,2.07,63.76,-16.25,-69.08333,3826
Yunguyo,2022-04-04,8.45,12.88,5.07,80.03,8.04,3.97,63.81,-16.25,-69.08333,3826
Yunguyo,2022-04-05,9.1,13.96,5.94,75.7,2.07,3.84,63.89,-16.25,-69.08333,3826
Yunguyo,2022-04-06,9.28,13.36,6.04,77.84,0.21,3.43,63.88,-16.25,-69.08333,3826
Yunguyo,2022-04-07,9.82,13.89,7.19,76.68,4.01,3.05,63.83,-16.25,-69.08333,3826
Yunguyo,2022-04-08,9.27,12.68,6.74,80.12,1.47,3.03,63.85,-16.25,-69.08333,3826
Yunguyo,2022-04-09,9.78,14.36,6.47,74.7,2.86,3.6,63.86,-16.25,-69.08333,3826
Yunguyo,2022-04-10,9.92,13.72,6.91,72.41,4.83,1.88,63.73,-16.25,-69.08333,3826
Yunguyo,2022-04-11,10.93,16.56,7.01,47.72,0.47,1.53,63.65,-16.25,-69.08333,3826
Yunguyo,2022-04-12,10.52,17.03,5.31,34.76,0.14,2.02,63.68,-16.25,-69.08333,3826
Yunguyo,2022-04-13,10.59,15.89,5.84,37.23,0.06,1.92,63.75,-16.25,-69.08333,3826
Yunguyo,2022-04-14,10.6,16.16,6.51,57.03,0.82,2.41,63.8,-16.25,-69.08333,3826
Yunguyo,2022-04-15,10.28,17.23,4.92,52.9,0.29,1.79,63.78,-16.25,-69.08333,3826
Yunguyo,2022-04-16,11.04,17.27,6.01,45.95,0.0,1.72,63.77,-16.25,-69.08333,3826
Yunguyo,2022-04-17,10.21,15.91,5.66,56.53,0.0,2.6,63.81,-16.25,-69.08333,3826
Yunguyo,2022-04-18,10.36,15.48,6.34,60.68,0.0,2.88,63.81,-16.25,-69.08333,3826
Yunguyo,2022-04-19,10.11,15.46,6.01,62.82,0.0,3.19,63.8,-16.25,-69.08333,3826
Yunguyo,2022-04-20,10.19,14.29,7.37,70.21,0.0,2.7,63.85,-16.25,-69.08333,3826
Yunguyo,2022-04-21,10.25,15.24,6.93,66.66,0.0,2.65,63.88,-16.25,-69.08333,3826
Yunguyo,2022-04-22,11.5,17.45,7.3,55.39,0.0,2.05,63.71,-16.25,-69.08333,3826
Yunguyo,2022-04-23,10.55,15.14,6.65,58.0,0.0,3.21,63.69,-16.25,-69.08333,3826
Yunguyo,2022-04-24,11.09,15.36,8.31,70.38,0.08,2.82,63.76,-16.25,-69.08333,3826
Yunguyo,2022-04-25,10.09,13.28,7.72,75.4,0.02,3.06,63.87,-16.25,-69.08333,3826
Yunguyo,2022-04-26,11.04,15.88,7.48,62.98,0.0,1.79,63.86,-16.25,-69.08333,3826
Yunguyo,2022-04-27,11.37,16.4,7.93,46.44,0.0,2.7,63.81,-16.25,-69.08333,3826
Yunguyo,2022-04-28,9.76,14.07,6.25,74.16,0.0,3.48,63.89,-16.25,-69.08333,3826
Yunguyo,2022-04-29,8.87,12.03,6.2,80.41,0.0,3.93,63.98,-16.25,-69.08333,3826
Yunguyo,2022-04-30,8.46,11.5,5.56,76.96,0.0,2.71,63.9,-16.25,-69.08333,3826
Yunguyo,2022-05-01,10.21,15.15,6.72,66.9,0.02,2.52,63.76,-16.25,-69.08333,3826
Yunguyo,2022-05-02,10.79,15.43,7.4,64.35,0.02,2.23,63.78,-16.25,-69.08333,3826
Yunguyo,2022-05-03,9.94,14.94,6.35,67.54,0.59,3.95,63.81,-16.25,-69.08333,3826
Yunguyo,2022-05-04,9.6,14.92,6.14,64.97,0.07,1.77,63.87,-16.25,-69.08333,3826
Yunguyo,2022-05-05,9.09,14.67,5.0,53.17,0.0,2.09,63.92,-16.25,-69.08333,3826
Yunguyo,2022-05-06,8.76,14.09,4.82,64.45,0.0,2.88,63.94,-16.25,-69.08333,3826
Yunguyo,2022-05-07,7.98,13.49,3.93,74.82,0.0,3.73,63.91,-16.25,-69.08333,3826
Yunguyo,2022-05-08,8.99,14.7,5.23,67.47,0.0,2.74,63.81,-16.25,-69.08333,3826
Yunguyo,2022-05-09,8.88,14.32,4.65,64.42,0.0,3.5,63.81,-16.25,-69.08333,3826
Yunguyo,2022-05-10,8.86,13.05,6.35,66.85,0.19,1.82,63.84,-16.25,-69.08333,3826
Yunguyo,2022-05-11,8.0,11.89,5.67,62.98,2.06,2.83,63.83,-16.25,-69.08333,3826
Yunguyo,2022-05-12,8.16,13.22,4.26,66.22,1.08,1.98,63.79,-16.25,-69.08333,3826
Yunguyo,2022-05-13,9.2,14.23,5.19,51.11,0.0,1.77,63.76,-16.25,-69.08333,3826
Yunguyo,2022-05-14,9.65,14.87,6.0,50.7,0.0,1.71,63.8,-16.25,-69.08333,3826
Yunguyo,2022-05-15,9.7,14.89,5.29,49.74,0.02,2.47,63.87,-16.25,-69.08333,3826
Yunguyo,2022-05-16,10.03,15.9,6.15,55.32,0.07,1.77,63.94,-16.25,-69.08333,3826
Yunguyo,2022-05-17,9.29,16.31,4.21,39.05,0.0,1.91,63.97,-16.25,-69.08333,3826
Yunguyo,2022-05-18,8.57,16.05,4.21,44.24,0.0,3.45,63.96,-16.25,-69.08333,3826
Yunguyo,2022-05-19,9.19,15.66,4.39,45.39,0.0,3.18,63.89,-16.25,-69.08333,3826
Yunguyo,2022-05-20,7.57,13.09,2.58,45.85,0.0,2.66,63.92,-16.25,-69.08333,3826
Yunguyo,2022-05-21,8.7,14.37,4.35,52.11,0.0,2.41,63.93,-16.25,-69.08333,3826
Yunguyo,2022-05-22,8.14,14.52,3.76,39.87,0.0,3.32,63.88,-16.25,-69.08333,3826
Yunguyo,2022-05-23,6.78,12.61,1.55,33.37,0.03,2.04,63.81,-16.25,-69.08333,3826
Yunguyo,2022-05-24,7.32,12.44,3.07,43.93,0.17,2.37,63.77,-16.25,-69.08333,3826
Yunguyo,2022-05-25,8.28,12.4,5.26,67.34,0.58,2.06,63.86,-16.25,-69.08333,3826
Yunguyo,2022-05-26,7.77,11.96,5.21,69.75,0.54,2.18,63.92,-16.25,-69.08333,3826
Yunguyo,2022-05-27,8.02,13.27,4.43,58.36,0.11,1.62,63.86,-16.25,-69.08333,3826
Yunguyo,2022-05-28,8.52,13.43,4.64,50.55,0.0,1.95,63.74,-16.25,-69.08333,3826
Yunguyo,2022-05-29,8.95,13.89,4.94,49.43,0.06,2.13,63.7,-16.25,-69.08333,3826
Yunguyo,2022-05-30,9.02,13.62,5.08,58.9,0.29,2.78,63.67,-16.25,-69.08333,3826
Yunguyo,2022-05-31,9.04,13.22,5.29,59.97,0.71,3.18,63.6,-16.25,-69.08333,3826
Yunguyo,2022-06-01,7.84,11.56,4.62,70.1,0.53,3.35,63.63,-16.25,-69.08333,3826
Yunguyo,2022-06-02,8.46,13.28,4.69,61.62,0.02,3.19,63.72,-16.25,-69.08333,3826
Yunguyo,2022-06-03,7.75,10.36,5.48,75.08,0.0,2.82,63.84,-16.25,-69.08333,3826
Yunguyo,2022-06-04,8.16,11.92,5.44,76.86,0.3,2.78,63.82,-16.25,-69.08333,3826
Yunguyo,2022-06-05,7.91,11.4,5.97,76.29,0.68,1.79,63.81,-16.25,-69.08333,3826
Yunguyo,2022-06-06,8.27,13.92,3.83,68.19,0.2,3.57,63.69,-16.25,-69.08333,3826
Yunguyo,2022-06-07,8.51,13.85,4.04,55.93,0.11,1.76,63.69,-16.25,-69.08333,3826
Yunguyo,2022-06-08,6.8,13.2,1.87,32.59,0.0,2.46,63.7,-16.25,-69.08333,3826
Yunguyo,2022-06-09,6.33,11.16,2.13,38.56,0.1,2.47,63.73,-16.25,-69.08333,3826
Yunguyo,2022-06-10,5.88,10.79,1.53,61.74,0.06,3.34,63.8,-16.25,-69.08333,3826
Yunguyo,2022-06-11,5.7,12.31,0.76,51.52,0.0,1.37,63.83,-16.25,-69.08333,3826
Yunguyo,2022-06-12,5.89,11.91,1.75,37.5,0.0,1.78,63.78,-16.25,-69.08333,3826
Yunguyo,2022-06-13,5.73,10.83,1.54,38.39,0.0,1.62,63.83,-16.25,-69.08333,3826
Yunguyo,2022-06-14,6.74,11.67,3.19,30.97,0.0,2.1,63.73,-16.25,-69.08333,3826
Yunguyo,2022-06-15,6.98,12.55,3.85,50.41,0.0,3.02,63.72,-16.25,-69.08333,3826
Yunguyo,2022-06-16,7.28,13.91,2.8,54.17,0.0,3.78,63.74,-16.25,-69.08333,3826
Yunguyo,2022-06-17,6.04,12.78,0.48,43.54,0.0,3.44,63.74,-16.25,-69.08333,3826
Yunguyo,2022-06-18,6.94,13.14,2.84,60.45,0.0,2.81,63.77,-16.25,-69.08333,3826
Yunguyo,2022-06-19,6.77,12.84,2.14,41.45,0.0,2.45,63.84,-16.25,-69.08333,3826
Yunguyo,2022-06-20,7.08,11.75,3.35,57.09,0.0,2.41,63.8,-16.25,-69.08333,3826
Yunguyo,2022-06-21,7.35,12.08,3.22,59.59,0.0,2.81,63.75,-16.25,-69.08333,3826
Yunguyo,2022-06-22,7.49,12.78,3.74,60.96,0.0,3.0,63.7,-16.25,-69.08333,3826
Yunguyo,2022-06-23,6.94,11.31,3.95,70.78,0.0,2.88,63.79,-16.25,-69.08333,3826
Yunguyo,2022-06-24,7.64,12.3,4.7,68.08,0.0,3.07,63.92,-16.25,-69.08333,3826
Yunguyo,2022-06-25,6.03,9.96,3.69,76.47,0.0,4.19,64.03,-16.25,-69.08333,3826
Yunguyo,2022-06-26,6.77,12.18,3.59,61.49,0.0,2.67,63.94,-16.25,-69.08333,3826
Yunguyo,2022-06-27,7.39,13.04,2.65,51.02,0.0,2.28,63.9,-16.25,-69.08333,3826
Yunguyo,2022-06-28,7.85,14.24,3.01,55.91,0.05,2.87,63.95,-16.25,-69.08333,3826
Yunguyo,2022-06-29,7.84,13.03,4.23,73.18,0.56,2.85,63.95,-16.25,-69.08333,3826
Yunguyo,2022-06-30,8.66,14.78,4.38,66.41,0.0,2.46,63.84,-16.25,-69.08333,3826
Yunguyo,2022-07-01,8.67,14.67,4.5,61.36,0.0,2.21,63.77,-16.25,-69.08333,3826
Yunguyo,2022-07-02,8.31,13.31,5.47,69.42,0.0,3.26,63.87,-16.25,-69.08333,3826
Yunguyo,2022-07-03,7.64,12.62,4.82,70.21,0.0,3.53,64.02,-16.25,-69.08333,3826
Yunguyo,2022-07-04,7.81,12.07,5.1,68.43,0.0,2.65,64.06,-16.25,-69.08333,3826
Yunguyo,2022-07-05,7.61,12.44,4.74,67.26,0.0,2.33,64.0,-16.25,-69.08333,3826
Yunguyo,2022-07-06,8.47,13.5,5.0,58.81,0.0,1.81,63.85,-16.25,-69.08333,3826
Yunguyo,2022-07-07,8.26,13.15,4.78,68.66,0.02,3.27,63.84,-16.25,-69.08333,3826
Yunguyo,2022-07-08,7.57,11.15,4.63,74.11,0.08,3.82,63.94,-16.25,-69.08333,3826
Yunguyo,2022-07-09,8.84,13.4,5.58,63.63,0.0,2.26,63.96,-16.25,-69.08333,3826
Yunguyo,2022-07-10,9.28,14.52,5.09,61.47,0.0,2.54,63.85,-16.25,-69.08333,3826
Yunguyo,2022-07-11,8.84,15.3,3.84,52.8,0.0,3.22,63.75,-16.25,-69.08333,3826
Yunguyo,2022-07-12,8.49,13.1,5.35,68.5,0.18,3.23,63.8,-16.25,-69.08333,3826
Yunguyo,2022-07-13,9.17,14.67,5.29,59.36,0.36,2.81,63.74,-16.25,-69.08333,3826
Yunguyo,2022-07-14,8.51,14.61,4.02,42.65,0.1,4.5,63.73,-16.25,-69.08333,3826
Yunguyo,2022-07-15,7.82,14.76,2.43,45.99,0.01,3.51,63.67,-16.25,-69.08333,3826
Yunguyo,2022-07-16,7.12,13.26,1.49,47.03,0.0,3.53,63.75,-16.25,-69.08333,3826
Yunguyo,2022-07-17,8.14,13.27,4.43,64.19,0.28,3.63,63.83,-16.25,-69.08333,3826
Yunguyo,2022-07-18,6.91,10.16,4.44,76.71,0.35,2.28,64.05,-16.25,-69.08333,3826
Yunguyo,2022-07-19,7.79,12.48,4.37,70.22,0.0,2.87,64.08,-16.25,-69.08333,3826
Yunguyo,2022-07-20,8.28,14.26,4.14,66.21,0.0,2.36,63.94,-16.25,-69.08333,3826
Yunguyo,2022-07-21,8.84,14.82,5.02,66.89,0.0,2.5,63.85,-16.25,-69.08333,3826
Yunguyo,2022-07-22,9.05,14.74,5.6,65.26,0.01,2.87,63.79,-16.25,-69.08333,3826
Yunguyo,2022-07-23,9.37,14.56,5.31,57.27,0.0,1.99,63.79,-16.25,-69.08333,3826
Yunguyo,2022-07-24,9.38,13.85,6.18,63.54,0.0,2.1,63.81,-16.25,-69.08333,3826
Yunguyo,2022-07-25,8.41,13.04,5.77,69.94,0.0,2.67,63.88,-16.25,-69.08333,3826
Yunguyo,2022-07-26,8.32,12.86,5.26,74.39,0.0,3.36,63.96,-16.25,-69.08333,3826
Yunguyo,2022-07-27,8.34,14.01,4.93,59.53,0.0,2.49,64.03,-16.25,-69.08333,3826
Yunguyo,2022-07-28,8.64,15.33,3.7,53.33,0.18,2.41,63.94,-16.25,-69.08333,3826
Yunguyo,2022-07-29,7.66,12.97,4.02,67.13,1.36,2.78,63.94,-16.25,-69.08333,3826
Yunguyo,2022-07-30,9.65,16.07,4.57,55.04,0.0,2.34,63.81,-16.25,-69.08333,3826
Yunguyo,2022-07-31,9.85,15.95,5.56,45.26,0.0,2.37,63.78,-16.25,-69.08333,3826
Yunguyo,2022-08-01,9.41,14.49,5.85,67.97,0.0,3.15,63.75,-16.25,-69.08333,3826
Yunguyo,2022-08-02,9.3,13.69,6.69,64.36,0.68,2.45,63.7,-16.25,-69.08333,3826
Yunguyo,2022-08-03,9.37,14.85,5.18,39.86,0.09,2.33,63.74,-16.25,-69.08333,3826
Yunguyo,2022-08-04,8.64,13.92,4.95,56.2,0.05,2.76,63.73,-16.25,-69.08333,3826
Yunguyo,2022-08-05,7.79,11.13,4.99,66.3,0.57,2.4,63.7,-16.25,-69.08333,3826
Yunguyo,2022-08-06,6.84,10.8,3.55,50.49,0.14,3.21,63.73,-16.25,-69.08333,3826
Yunguyo,2022-08-07,6.96,12.17,3.12,45.05,0.03,3.61,63.69,-16.25,-69.08333,3826
Yunguyo,2022-08-08,6.72,9.22,4.32,52.14,0.4,2.54,63.74,-16.25,-69.08333,3826
Yunguyo,2022-08-09,7.9,13.73,3.85,47.23,0.54,2.85,63.92,-16.25,-69.08333,3826
Yunguyo,2022-08-10,7.28,12.34,3.23,68.31,0.1,2.4,64.01,-16.25,-69.08333,3826
Yunguyo,2022-08-11,8.36,13.97,4.72,50.02,0.0,2.38,63.94,-16.25,-69.08333,3826
Yunguyo,2022-08-12,7.92,14.24,3.35,46.76,0.0,2.34,63.92,-16.25,-69.08333,3826
Yunguyo,2022-08-13,9.09,15.39,4.43,53.93,0.0,2.85,63.88,-16.25,-69.08333,3826
Yunguyo,2022-08-14,9.61,14.59,5.56,54.18,0.0,1.49,63.88,-16.25,-69.08333,3826
Yunguyo,2022-08-15,9.84,15.4,5.85,47.55,0.0,2.09,63.76,-16.25,-69.08333,3826
Yunguyo,2022-08-16,9.51,15.87,3.73,36.75,0.05,2.44,63.65,-16.25,-69.08333,3826
Yunguyo,2022-08-17,8.26,16.32,1.97,30.72,0.01,4.75,63.62,-16.25,-69.08333,3826
Yunguyo,2022-08-18,6.24,12.12,0.24,39.94,0.29,3.21,63.82,-16.25,-69.08333,3826
Yunguyo,2022-08-19,6.76,12.44,3.36,67.85,0.18,3.32,63.88,-16.25,-69.08333,3826
Yunguyo,2022-08-20,7.53,14.19,2.87,41.24,0.0,2.55,63.88,-16.25,-69.08333,3826
Yunguyo,2022-08-21,7.01,13.77,2.15,49.54,0.0,3.21,63.85,-16.25,-69.08333,3826
Yunguyo,2022-08-22,7.07,13.42,2.27,55.28,0.0,2.85,63.8,-16.25,-69.08333,3826
Yunguyo,2022-08-23,7.74,13.95,3.81,50.84,0.0,2.51,63.83,-16.25,-69.08333,3826
Yunguyo,2022-08-24,7.88,14.3,3.12,56.37,0.0,2.72,63.93,-16.25,-69.08333,3826
Yunguyo,2022-08-25,8.19,14.59,3.68,57.0,0.0,2.67,63.94,-16.25,-69.08333,3826
Yunguyo,2022-08-26,7.87,13.44,4.12,71.11,0.0,3.32,63.9,-16.25,-69.08333,3826
Yunguyo,2022-08-27,9.33,15.23,5.22,56.84,0.0,2.76,63.83,-16.25,-69.08333,3826
Yunguyo,2022-08-28,7.15,10.87,5.05,76.96,0.04,4.71,64.0,-16.25,-69.08333,3826
Yunguyo,2022-08-29,7.17,11.61,4.48,74.64,0.0,3.91,64.01,-16.25,-69.08333,3826
Yunguyo,2022-08-30,8.56,14.36,4.68,67.12,0.02,2.89,63.91,-16.25,-69.08333,3826
Yunguyo,2022-08-31,9.27,14.87,5.29,62.83,0.1,2.81,63.82,-16.25,-69.08333,3826
Yunguyo,2022-09-01,10.3,16.45,5.91,53.65,0.03,2.98,63.7,-16.25,-69.08333,3826
Yunguyo,2022-09-02,9.38,14.16,6.38,61.45,0.26,3.11,63.8,-16.25,-69.08333,3826
Yunguyo,2022-09-03,7.89,12.8,5.33,68.61,0.16,3.01,63.83,-16.25,-69.08333,3826
Yunguyo,2022-09-04,8.62,14.67,4.64,56.11,0.01,2.97,63.82,-16.25,-69.08333,3826
Yunguyo,2022-09-05,8.55,15.72,3.53,50.24,0.0,3.05,63.84,-16.25,-69.08333,3826
Yunguyo,2022-09-06,8.24,15.08,3.13,51.25,0.0,2.92,63.94,-16.25,-69.08333,3826
Yunguyo,2022-09-07,9.45,15.54,4.05,46.24,0.0,2.59,63.85,-16.25,-69.08333,3826
Yunguyo,2022-09-08,9.6,15.36,4.92,53.14,0.0,3.4,63.73,-16.25,-69.08333,3826
Yunguyo,2022-09-09,10.01,15.0,6.62,66.61,0.0,4.55,63.81,-16.25,-69.08333,3826
Yunguyo,2022-09-10,8.31,11.47,5.98,77.14,0.0,4.54,63.99,-16.25,-69.08333,3826
Yunguyo,2022-09-11,10.48,15.94,6.39,58.61,0.0,2.14,63.89,-16.25,-69.08333,3826
Yunguyo,2022-09-12,10.78,16.79,5.49,45.54,15.85,2.95,63.72,-16.25,-69.08333,3826
Yunguyo,2022-09-13,10.4,15.54,6.11,53.35,8.88,2.58,63.66,-16.25,-69.08333,3826
Yunguyo,2022-09-14,9.47,14.16,5.53,53.64,3.17,2.56,63.74,-16.25,-69.08333,3826
Yunguyo,2022-09-15,8.83,12.23,5.43,49.66,0.23,3.14,63.82,-16.25,-69.08333,3826
Yunguyo,2022-09-16,9.79,14.96,6.08,50.48,0.01,3.34,63.83,-16.25,-69.08333,3826
Yunguyo,2022-09-17,9.82,15.09,5.49,59.66,0.0,1.95,63.76,-16.25,-69.08333,3826
Yunguyo,2022-09-18,10.08,16.07,5.1,43.07,0.0,2.21,63.76,-16.25,-69.08333,3826
Yunguyo,2022-09-19,10.25,16.28,4.5,41.78,0.0,2.79,63.78,-16.25,-69.08333,3826
Yunguyo,2022-09-20,11.6,17.21,7.31,56.97,0.02,2.42,63.76,-16.25,-69.08333,3826
Yunguyo,2022-09-21,11.67,17.52,6.81,44.44,0.0,2.08,63.76,-16.25,-69.08333,3826
Yunguyo,2022-09-22,10.57,14.56,7.09,65.3,2.79,3.75,63.8,-16.25,-69.08333,3826
Yunguyo,2022-09-23,10.78,15.83,6.65,54.75,0.1,2.94,63.76,-16.25,-69.08333,3826
Yunguyo,2022-09-24,10.1,15.5,6.55,45.76,0.86,2.98,63.71,-16.25,-69.08333,3826
Yunguyo,2022-09-25,10.0,16.07,4.78,37.54,0.0,3.44,63.68,-16.25,-69.08333,3826
Yunguyo,2022-09-26,10.65,16.18,6.3,51.07,0.0,2.19,63.7,-16.25,-69.08333,3826
Yunguyo,2022-09-27,10.44,16.78,5.66,37.81,0.01,2.25,63.76,-16.25,-69.08333,3826
Yunguyo,2022-09-28,10.23,16.75,3.69,32.02,0.45,2.93,63.73,-16.25,-69.08333,3826
Yunguyo,2022-09-29,10.35,17.19,5.33,30.93,0.57,2.98,63.64,-16.25,-69.08333,3826
Yunguyo,2022-09-30,8.71,14.5,4.53,56.11,0.04,3.68,63.77,-16.25,-69.08333,3826
Yunguyo,2022-10-01,9.0,14.67,4.66,69.16,0.0,3.78,63.91,-16.25,-69.08333,3826
Yunguyo,2022-10-02,8.43,12.81,5.68,76.87,1.39,3.54,63.97,-16.25,-69.08333,3826
Yunguyo,2022-10-03,9.35,13.93,5.58,66.02,2.16,2.5,63.89,-16.25,-69.08333,3826
Yunguyo,2022-10-04,10.29,15.37,6.42,58.97,0.54,2.31,63.73,-16.25,-69.08333,3826
Yunguyo,2022-10-05,10.66,17.1,5.55,36.24,0.0,3.51,63.65,-16.25,-69.08333,3826
Yunguyo,2022-10-06,9.34,14.77,4.11,29.71,0.0,2.37,63.76,-16.25,-69.08333,3826
Yunguyo,2022-10-07,9.64,14.93,5.0,56.75,1.03,3.28,63.77,-16.25,-69.08333,3826
Yunguyo,2022-10-08,10.47,15.95,5.5,60.33,0.08,2.41,63.67,-16.25,-69.08333,3826
Yunguyo,2022-10-09,11.0,16.49,6.96,56.38,0.04,2.84,63.67,-16.25,-69.08333,3826
Yunguyo,2022-10-10,11.26,18.33,5.95,38.28,0.03,1.8,63.75,-16.25,-69.08333,3826
Yunguyo,2022-10-11,10.93,17.81,5.84,27.37,0.01,2.42,63.78,-16.25,-69.08333,3826
Yunguyo,2022-10-12,9.41,16.32,3.41,29.52,0.22,2.86,63.67,-16.25,-69.08333,3826
Yunguyo,2022-10-13,8.51,15.1,2.71,38.89,0.39,3.91,63.62,-16.25,-69.08333,3826
Yunguyo,2022-10-14,7.75,12.08,4.75,74.55,0.45,4.55,63.82,-16.25,-69.08333,3826
Yunguyo,2022-10-15,9.4,15.13,4.88,67.82,0.01,3.95,63.9,-16.25,-69.08333,3826
Yunguyo,2022-10-16,9.19,14.41,5.46,71.7,1.77,3.62,63.83,-16.25,-69.08333,3826
Yunguyo,2022-10-17,10.41,16.08,5.61,61.9,0.31,2.65,63.72,-16.25,-69.08333,3826
Yunguyo,2022-10-18,10.73,15.96,6.79,59.39,0.06,3.41,63.76,-16.25,-69.08333,3826
Yunguyo,2022-10-19,11.52,17.48,7.01,54.38,0.0,2.3,63.8,-16.25,-69.08333,3826
Yunguyo,2022-10-20,11.32,17.73,5.11,35.51,0.01,2.39,63.69,-16.25,-69.08333,3826
Yunguyo,2022-10-21,11.72,17.33,6.8,46.46,0.03,2.04,63.64,-16.25,-69.08333,3826
Yunguyo,2022-10-22,11.4,17.72,5.95,37.51,0.08,2.73,63.71,-16.25,-69.08333,3826
Yunguyo,2022-10-23,11.14,16.68,6.54,62.06,0.1,3.32,63.83,-16.25,-69.08333,3826
Yunguyo,2022-10-24,10.6,15.73,6.84,69.05,0.04,4.32,63.87,-16.25,-69.08333,3826
Yunguyo,2022-10-25,11.59,17.12,7.05,60.81,0.0,3.6,63.78,-16.25,-69.08333,3826
Yunguyo,2022-10-26,12.58,17.8,8.48,57.03,0.0,2.57,63.7,-16.25,-69.08333,3826
Yunguyo,2022-10-27,12.33,17.64,7.39,49.86,0.42,2.44,63.71,-16.25,-69.08333,3826
Yunguyo,2022-10-28,12.67,19.14,7.4,38.13,0.58,2.05,63.69,-16.25,-69.08333,3826
Yunguyo,2022-10-29,11.8,17.41,6.7,37.27,0.0,2.39,63.64,-16.25,-69.08333,3826
Yunguyo,2022-10-30,12.18,18.71,6.79,37.04,0.0,2.09,63.54,-16.25,-69.08333,3826
Yunguyo,2022-10-31,10.58,16.4,6.8,43.55,2.26,3.55,63.7,-16.25,-69.08333,3826
Yunguyo,2022-11-01,11.2,17.67,5.67,53.99,0.11,3.71,63.8,-16.25,-69.08333,3826
Yunguyo,2022-11-02,10.13,17.67,5.11,60.04,0.0,3.63,63.95,-16.25,-69.08333,3826
Yunguyo,2022-11-03,10.45,17.58,5.76,52.65,0.0,3.24,63.88,-16.25,-69.08333,3826
Yunguyo,2022-11-04,10.93,17.69,6.41,52.52,0.0,3.14,63.77,-16.25,-69.08333,3826
Yunguyo,2022-11-05,10.89,17.62,6.17,51.61,0.0,3.1,63.68,-16.25,-69.08333,3826
Yunguyo,2022-11-06,9.45,15.53,5.44,64.6,0.0,4.06,63.74,-16.25,-69.08333,3826
Yunguyo,2022-11-07,10.31,16.76,5.85,61.4,0.0,3.47,63.78,-16.25,-69.08333,3826
Yunguyo,2022-11-08,10.09,15.96,5.9,63.57,0.0,3.51,63.79,-16.25,-69.08333,3826
Yunguyo,2022-11-09,10.98,17.01,5.77,46.58,0.54,2.16,63.71,-16.25,-69.08333,3826
Yunguyo,2022-11-10,10.61,16.78,4.56,40.94,0.03,3.07,63.68,-16.25,-69.08333,3826
Yunguyo,2022-11-11,11.66,17.57,6.89,44.09,0.0,1.82,63.67,-16.25,-69.08333,3826
Yunguyo,2022-11-12,11.4,18.88,5.42,28.89,0.0,3.64,63.65,-16.25,-69.08333,3826
Yunguyo,2022-11-13,11.14,19.06,3.14,28.48,0.0,3.13,63.64,-16.25,-69.08333,3826
Yunguyo,2022-11-14,11.41,16.95,5.89,51.94,0.53,4.57,63.74,-16.25,-69.08333,3826
Yunguyo,2022-11-15,11.27,17.53,6.1,64.45,0.13,5.04,63.91,-16.25,-69.08333,3826
Yunguyo,2022-11-16,10.59,17.04,6.15,62.68,0.0,4.42,64.04,-16.25,-69.08333,3826
Yunguyo,2022-11-17,10.33,17.31,5.38,57.88,0.0,4.02,63.98,-16.25,-69.08333,3826
Yunguyo,2022-11-18,11.13,18.01,5.94,51.21,0.0,3.45,63.88,-16.25,-69.08333,3826
Yunguyo,2022-11-19,11.93,18.25,6.25,53.24,2.11,3.08,63.77,-16.25,-69.08333,3826
Yunguyo,2022-11-20,13.45,19.31,8.32,47.81,0.34,2.25,63.6,-16.25,-69.08333,3826
Yunguyo,2022-11-21,12.85,19.16,8.23,46.49,1.67,3.92,63.57,-16.25,-69.08333,3826
Yunguyo,2022-11-22,7.11,9.37,5.09,84.34,2.17,3.55,63.71,-16.25,-69.08333,3826
Yunguyo,2022-11-23,9.13,15.3,5.01,66.94,0.41,4.64,63.72,-16.25,-69.08333,3826
Yunguyo,2022-11-24,9.0,14.76,5.44,65.74,0.1,5.62,63.83,-16.25,-69.08333,3826
Yunguyo,2022-11-25,8.47,13.53,4.12,67.35,0.14,5.14,63.93,-16.25,-69.08333,3826
Yunguyo,2022-11-26,9.25,15.31,4.72,66.94,0.0,4.41,63.93,-16.25,-69.08333,3826
Yunguyo,2022-11-27,8.83,14.41,4.2,65.4,0.0,4.22,63.92,-16.25,-69.08333,3826
Yunguyo,2022-11-28,10.3,15.08,6.43,59.81,0.04,2.69,63.7,-16.25,-69.08333,3826
Yunguyo,2022-11-29,11.17,16.78,6.29,51.21,0.01,2.24,63.48,-16.25,-69.08333,3826
Yunguyo,2022-11-30,10.76,17.63,4.42,33.86,0.0,2.25,63.38,-16.25,-69.08333,3826
Yunguyo,2022-12-01,10.06,16.33,3.24,27.4,1.66,2.41,63.39,-16.25,-69.08333,3826
Yunguyo,2022-12-02,9.79,16.94,4.51,43.46,0.61,3.89,63.47,-16.25,-69.08333,3826
Yunguyo,2022-12-03,9.71,16.0,4.35,52.68,0.0,2.68,63.57,-16.25,-69.08333,3826
Yunguyo,2022-12-04,9.96,15.0,5.91,62.63,1.18,3.4,63.57,-16.25,-69.08333,3826
Yunguyo,2022-12-05,8.4,12.77,5.65,74.5,0.71,5.48,63.64,-16.25,-69.08333,3826
Yunguyo,2022-12-06,8.26,11.71,5.07,67.51,3.11,3.41,63.75,-16.25,-69.08333,3826
Yunguyo,2022-12-07,9.08,13.66,5.75,75.35,1.54,3.78,63.77,-16.25,-69.08333,3826
Yunguyo,2022-12-08,9.93,14.12,6.39,72.37,0.07,4.1,63.73,-16.25,-69.08333,3826
Yunguyo,2022-12-09,9.35,11.55,7.69,78.1,0.07,4.9,63.74,-16.25,-69.08333,3826
Yunguyo,2022-12-10,9.88,13.05,7.72,69.07,3.58,2.94,63.8,-16.25,-69.08333,3826
Yunguyo,2022-12-11,10.06,13.88,7.25,67.46,4.45,2.99,63.76,-16.25,-69.08333,3826
Yunguyo,2022-12-12,9.77,14.39,6.59,73.64,12.65,3.77,63.62,-16.25,-69.08333,3826
Yunguyo,2022-12-13,9.97,14.58,6.68,75.24,1.48,4.59,63.67,-16.25,-69.08333,3826
Yunguyo,2022-12-14,9.71,14.44,4.97,73.88,11.57,2.77,63.76,-16.25,-69.08333,3826
Yunguyo,2022-12-15,7.98,12.75,3.5,82.13,4.74,2.48,63.76,-16.25,-69.08333,3826
Yunguyo,2022-12-16,9.4,14.29,5.65,75.62,1.16,4.74,63.64,-16.25,-69.08333,3826
Yunguyo,2022-12-17,11.36,17.83,5.26,62.61,1.95,3.25,63.43,-16.25,-69.08333,3826
Yunguyo,2022-12-18,11.76,17.49,6.73,60.84,0.98,2.64,63.48,-16.25,-69.08333,3826
Yunguyo,2022-12-19,11.44,17.6,5.93,51.15,3.95,3.72,63.63,-16.25,-69.08333,3826
Yunguyo,2022-12-20,9.36,13.01,5.69,69.72,2.15,4.38,63.72,-16.25,-69.08333,3826
Yunguyo,2022-12-21,10.04,15.34,4.99,71.94,2.27,3.4,63.71,-16.25,-69.08333,3826
Yunguyo,2022-12-22,9.57,15.66,4.19,71.32,0.62,2.89,63.73,-16.25,-69.08333,3826
Yunguyo,2022-12-23,11.84,18.05,4.7,58.75,0.88,2.35,63.68,-16.25,-69.08333,3826
Yunguyo,2022-12-24,13.0,20.82,6.11,28.28,0.09,3.93,63.6,-16.25,-69.08333,3826
Yunguyo,2022-12-25,10.58,17.72,6.57,51.66,0.33,4.74,63.65,-16.25,-69.08333,3826
Yunguyo,2022-12-26,10.14,15.36,6.07,66.59,0.05,4.15,63.74,-16.25,-69.08333,3826
Yunguyo,2022-12-27,10.77,16.27,5.34,64.66,2.07,2.83,63.75,-16.25,-69.08333,3826
Yunguyo,2022-12-28,10.33,16.24,4.99,65.58,0.25,3.3,63.77,-16.25,-69.08333,3826
Yunguyo,2022-12-29,10.66,16.21,5.87,68.15,0.57,4.46,63.76,-16.25,-69.08333,3826
Yunguyo,2022-12-30,9.19,12.65,6.6,75.01,0.58,4.17,63.76,-16.25,-69.08333,3826
Yunguyo,2022-12-31,10.15,14.62,6.52,70.84,0.34,4.42,63.75,-16.25,-69.08333,3826
Yunguyo,2023-01-01,10.71,15.51,6.81,73.09,29.7,4.1,63.73,-16.25,-69.08333,3826
Yunguyo,2023-01-02,10.88,14.84,7.46,72.58,9.35,3.37,63.69,-16.25,-69.08333,3826
Yunguyo,2023-01-03,7.86,10.75,5.82,79.75,8.38,2.04,63.62,-16.25,-69.08333,3826
Yunguyo,2023-01-04,9.5,14.32,2.69,78.49,8.4,3.98,63.61,-16.25,-69.08333,3826
Yunguyo,2023-01-05,8.62,14.96,2.42,71.14,2.63,3.3,63.74,-16.25,-69.08333,3826
Yunguyo,2023-01-06,8.93,14.06,5.29,70.5,1.52,4.0,63.77,-16.25,-69.08333,3826
Yunguyo,2023-01-07,9.79,15.77,4.5,65.33,0.06,3.81,63.83,-16.25,-69.08333,3826
Yunguyo,2023-01-08,10.55,15.55,6.47,67.29,0.75,2.95,63.84,-16.25,-69.08333,3826
Yunguyo,2023-01-09,10.39,15.82,6.32,68.32,0.62,2.97,63.76,-16.25,-69.08333,3826
Yunguyo,2023-01-10,11.35,16.93,6.43,61.54,0.21,3.11,63.75,-16.25,-69.08333,3826
Yunguyo,2023-01-11,11.39,16.19,7.67,66.66,0.01,3.4,63.82,-16.25,-69.08333,3826
Yunguyo,2023-01-12,11.24,15.53,7.01,61.03,0.0,3.24,63.79,-16.25,-69.08333,3826
Yunguyo,2023-01-13,12.96,18.21,8.15,50.64,0.0,2.01,63.6,-16.25,-69.08333,3826
Yunguyo,2023-01-14,12.33,18.43,7.05,45.79,0.0,3.6,63.63,-16.25,-69.08333,3826
Yunguyo,2023-01-15,11.01,16.73,7.77,68.69,0.14,4.22,63.71,-16.25,-69.08333,3826
Yunguyo,2023-01-16,10.35,15.7,7.23,68.43,0.78,5.13,63.74,-16.25,-69.08333,3826
Yunguyo,2023-01-17,9.46,13.26,6.65,73.99,3.56,4.76,63.76,-16.25,-69.08333,3826
Yunguyo,2023-01-18,9.11,13.43,5.93,76.52,7.19,5.24,63.83,-16.25,-69.08333,3826
Yunguyo,2023-01-19,7.43,11.11,5.0,80.96,4.96,5.7,63.91,-16.25,-69.08333,3826
Yunguyo,2023-01-20,9.19,14.22,4.59,70.18,0.85,3.92,63.82,-16.25,-69.08333,3826
Yunguyo,2023-01-21,10.84,15.48,7.12,61.41,0.0,3.36,63.65,-16.25,-69.08333,3826
Yunguyo,2023-01-22,10.46,15.99,5.81,62.25,0.0,4.53,63.69,-16.25,-69.08333,3826
Yunguyo,2023-01-23,10.79,16.74,5.98,58.84,0.0,3.79,63.77,-16.25,-69.08333,3826
Yunguyo,2023-01-24,11.29,16.42,7.32,62.09,0.41,2.8,63.73,-16.25,-69.08333,3826
Yunguyo,2023-01-25,10.33,14.04,7.35,68.04,0.22,2.87,63.66,-16.25,-69.08333,3826
Yunguyo,2023-01-26,8.92,11.75,6.64,78.5,2.22,3.71,63.64,-16.25,-69.08333,3826
Yunguyo,2023-01-27,10.79,16.17,6.49,71.34,1.28,4.58,63.6,-16.25,-69.08333,3826
Yunguyo,2023-01-28,9.47,14.47,5.02,76.71,8.5,5.4,63.71,-16.25,-69.08333,3826
Yunguyo,2023-01-29,8.85,12.81,5.79,77.05,8.39,4.64,63.72,-16.25,-69.08333,3826
Yunguyo,2023-01-30,9.91,14.59,5.86,75.05,3.79,3.76,63.63,-16.25,-69.08333,3826
Yunguyo,2023-01-31,10.26,13.53,7.16,77.18,9.5,3.81,63.65,-16.25,-69.08333,3826
Yunguyo,2023-02-01,9.8,13.53,7.41,76.0,14.28,3.95,63.75,-16.25,-69.08333,3826
Yunguyo,2023-02-02,10.07,15.03,5.67,73.83,1.5,3.99,63.79,-16.25,-69.08333,3826
Yunguyo,2023-02-03,9.56,13.74,6.4,77.75,1.34,4.71,63.76,-16.25,-69.08333,3826
Yunguyo,2023-02-04,8.17,11.4,4.8,82.45,15.91,5.75,63.77,-16.25,-69.08333,3826
Yunguyo,2023-02-05,7.49,12.69,2.96,81.62,16.27,4.02,63.74,-16.25,-69.08333,3826
Yunguyo,2023-02-06,8.56,14.1,2.62,75.89,5.25,2.95,63.71,-16.25,-69.08333,3826
Yunguyo,2023-02-07,9.19,13.52,5.75,77.71,5.06,3.63,63.72,-16.25,-69.08333,3826
Yunguyo,2023-02-08,7.43,12.71,3.22,83.35,3.37,3.03,63.75,-16.25,-69.08333,3826
Yunguyo,2023-02-09,9.75,14.44,5.22,76.59,1.97,4.06,63.75,-16.25,-69.08333,3826
Yunguyo,2023-02-10,10.09,14.34,7.4,77.84,1.17,4.91,63.76,-16.25,-69.08333,3826
Yunguyo,2023-02-11,10.35,14.74,7.23,76.13,0.77,4.94,63.76,-16.25,-69.08333,3826
Yunguyo,2023-02-12,11.15,16.61,7.12,69.65,2.02,3.54,63.7,-16.25,-69.08333,3826
Yunguyo,2023-02-13,11.28,16.34,7.05,70.37,0.78,3.28,63.69,-16.25,-69.08333,3826
Yunguyo,2023-02-14,9.53,14.32,4.63,78.71,0.57,3.28,63.74,-16.25,-69.08333,3826
Yunguyo,2023-02-15,11.45,15.58,7.9,70.98,1.96,2.8,63.68,-16.25,-69.08333,3826
Yunguyo,2023-02-16,11.94,18.06,6.46,61.14,1.46,2.76,63.52,-16.25,-69.08333,3826
Yunguyo,2023-02-17,10.95,16.57,4.62,64.5,0.14,2.93,63.49,-16.25,-69.08333,3826
Yunguyo,2023-02-18,7.72,12.72,4.08,80.0,0.37,2.9,63.69,-16.25,-69.08333,3826
Yunguyo,2023-02-19,10.97,17.28,6.69,64.2,0.04,3.06,63.65,-16.25,-69.08333,3826
Yunguyo,2023-02-20,10.61,16.4,6.4,70.87,0.03,4.47,63.66,-16.25,-69.08333,3826
Yunguyo,2023-02-21,10.25,15.41,6.46,68.09,0.0,4.52,63.72,-16.25,-69.08333,3826
Yunguyo,2023-02-22,10.52,16.28,6.28,68.34,3.39,3.92,63.83,-16.25,-69.08333,3826
Yunguyo,2023-02-23,10.59,15.97,7.32,72.76,0.83,3.92,63.91,-16.25,-69.08333,3826
Yunguyo,2023-02-24,11.42,17.07,7.45,67.78,0.0,3.3,63.89,-16.25,-69.08333,3826
Yunguyo,2023-02-25,11.7,16.58,8.16,65.7,0.52,2.81,63.86,-16.25,-69.08333,3826
Yunguyo,2023-02-26,12.11,17.55,8.9,60.56,3.42,3.35,63.86,-16.25,-69.08333,3826
Yunguyo,2023-02-27,9.71,12.76,7.47,78.92,6.62,5.39,64.03,-16.25,-69.08333,3826
Yunguyo,2023-02-28,10.68,16.37,6.24,68.53,0.02,3.75,64.06,-16.25,-69.08333,3826
Yunguyo,2023-03-01,11.31,16.07,7.22,68.17,1.39,3.35,63.92,-16.25,-69.08333,3826
Yunguyo,2023-03-02,11.92,16.85,8.36,67.63,0.83,3.01,63.76,-16.25,-69.08333,3826
Yunguyo,2023-03-03,10.47,13.16,8.52,75.61,1.49,3.18,63.75,-16.25,-69.08333,3826
Yunguyo,2023-03-04,10.83,15.54,8.05,74.2,0.67,3.89,63.85,-16.25,-69.08333,3826
Yunguyo,2023-03-05,10.74,15.27,7.21,71.78,0.74,4.14,63.92,-16.25,-69.08333,3826
Yunguyo,2023-03-06,10.9,16.1,6.62,69.24,0.05,3.67,63.84,-16.25,-69.08333,3826
Yunguyo,2023-03-07,11.64,17.26,7.68,66.32,0.83,3.81,63.78,-16.25,-69.08333,3826
Yunguyo,2023-03-08,11.46,16.57,7.68,68.79,3.34,2.55,63.78,-16.25,-69.08333,3826
Yunguyo,2023-03-09,9.49,12.61,7.01,80.75,1.94,4.6,63.79,-16.25,-69.08333,3826
Yunguyo,2023-03-10,10.38,15.53,6.84,74.88,1.13,4.99,63.83,-16.25,-69.08333,3826
Yunguyo,2023-03-11,10.11,14.38,7.01,74.39,0.22,4.9,63.84,-16.25,-69.08333,3826
Yunguyo,2023-03-12,10.7,15.88,6.25,71.14,0.07,4.08,63.82,-16.25,-69.08333,3826
Yunguyo,2023-03-13,10.46,15.36,6.84,73.29,1.9,5.53,63.78,-16.25,-69.08333,3826
Yunguyo,2023-03-14,10.45,14.7,7.38,72.63,1.3,3.24,63.77,-16.25,-69.08333,3826
Yunguyo,2023-03-15,9.36,13.36,6.64,75.35,3.96,2.69,63.75,-16.25,-69.08333,3826
Yunguyo,2023-03-16,8.12,12.46,5.4,81.28,7.65,3.21,63.73,-16.25,-69.08333,3826
Yunguyo,2023-03-17,9.36,14.27,5.55,75.07,0.51,4.29,63.76,-16.25,-69.08333,3826
Yunguyo,2023-03-18,8.41,12.82,5.2,75.81,0.36,3.99,63.78,-16.25,-69.08333,3826
Yunguyo,2023-03-19,9.29,14.06,5.26,72.38,2.86,2.9,63.75,-16.25,-69.08333,3826
Yunguyo,2023-03-20,8.8,13.2,6.38,79.16,2.16,3.16,63.73,-16.25,-69.08333,3826
Yunguyo,2023-03-21,8.21,12.07,5.92,80.05,2.86,3.04,63.75,-16.25,-69.08333,3826
Yunguyo,2023-03-22,9.08,14.23,5.02,75.14,8.69,2.28,63.76,-16.25,-69.08333,3826
Yunguyo,2023-03-23,8.12,13.31,3.92,81.6,10.83,4.71,63.79,-16.25,-69.08333,3826
Yunguyo,2023-03-24,8.35,12.38,5.39,81.76,14.92,4.91,63.82,-16.25,-69.08333,3826
Yunguyo,2023-03-25,9.36,14.24,5.52,76.22,0.56,4.43,63.82,-16.25,-69.08333,3826
Yunguyo,2023-03-26,8.25,12.39,5.29,82.05,17.28,5.5,63.89,-16.25,-69.08333,3826
Yunguyo,2023-03-27,8.25,13.42,3.86,75.16,6.01,3.95,63.91,-16.25,-69.08333,3826
Yunguyo,2023-03-28,9.59,14.93,5.16,73.05,0.44,3.71,63.77,-16.25,-69.08333,3826
Yunguyo,2023-03-29,9.96,14.23,6.36,77.5,3.0,3.94,63.79,-16.25,-69.08333,3826
Yunguyo,2023-03-30,9.09,12.63,5.94,78.38,3.18,4.43,63.92,-16.25,-69.08333,3826
Yunguyo,2023-03-31,7.91,11.61,4.69,74.63,1.3,4.17,64.01,-16.25,-69.08333,3826
Yunguyo,2023-04-01,8.32,13.13,4.28,76.91,0.11,4.12,63.99,-16.25,-69.08333,3826
Yunguyo,2023-04-02,9.95,15.26,5.76,71.26,5.48,3.45,63.83,-16.25,-69.08333,3826
Yunguyo,2023-04-03,10.4,14.38,7.38,74.54,3.19,3.24,63.71,-16.25,-69.08333,3826
Yunguyo,2023-04-04,9.63,13.47,6.13,72.49,6.73,2.74,63.62,-16.25,-69.08333,3826
Yunguyo,2023-04-05,9.45,15.12,4.06,58.44,3.24,2.94,63.61,-16.25,-69.08333,3826
Yunguyo,2023-04-06,8.46,13.36,4.18,65.38,2.24,3.83,63.68,-16.25,-69.08333,3826
Yunguyo,2023-04-07,8.22,12.44,5.44,77.36,0.02,4.3,63.76,-16.25,-69.08333,3826
Yunguyo,2023-04-08,8.0,13.1,3.58,71.91,0.02,3.86,63.85,-16.25,-69.08333,3826
Yunguyo,2023-04-09,9.56,14.23,5.67,57.14,0.0,2.53,63.91,-16.25,-69.08333,3826
Yunguyo,2023-04-10,9.51,14.16,6.06,70.1,0.0,3.28,63.89,-16.25,-69.08333,3826
Yunguyo,2023-04-11,10.69,16.11,6.47,61.27,0.0,2.3,63.79,-16.25,-69.08333,3826
Yunguyo,2023-04-12,11.04,15.99,6.67,62.4,0.0,2.39,63.71,-16.25,-69.08333,3826
Yunguyo,2023-04-13,11.27,15.63,8.02,64.52,0.0,2.28,63.65,-16.25,-69.08333,3826
Yunguyo,2023-04-14,11.53,16.49,7.23,59.91,0.0,2.93,63.73,-16.25,-69.08333,3826
Yunguyo,2023-04-15,10.0,13.29,7.84,74.0,0.01,2.99,63.89,-16.25,-69.08333,3826
Yunguyo,2023-04-16,11.19,16.25,7.3,65.4,0.23,2.52,63.82,-16.25,-69.08333,3826
Yunguyo,2023-04-17,10.84,14.63,8.28,70.27,0.1,2.31,63.68,-16.25,-69.08333,3826
Yunguyo,2023-04-18,11.76,17.11,7.15,53.9,0.0,2.63,63.65,-16.25,-69.08333,3826
Yunguyo,2023-04-19,11.71,16.18,8.96,71.56,5.57,3.07,63.76,-16.25,-69.08333,3826
Yunguyo,2023-04-20,8.02,10.63,5.65,83.02,8.22,3.35,63.95,-16.25,-69.08333,3826
Yunguyo,2023-04-21,10.81,15.51,7.17,59.66,0.09,1.87,63.81,-16.25,-69.08333,3826
Yunguyo,2023-04-22,10.74,15.96,7.38,62.83,0.0,3.3,63.75,-16.25,-69.08333,3826
Yunguyo,2023-04-23,10.52,15.6,6.61,65.48,0.0,2.41,63.77,-16.25,-69.08333,3826
Yunguyo,2023-04-24,10.43,15.38,6.61,69.68,0.0,3.23,63.8,-16.25,-69.08333,3826
Yunguyo,2023-04-25,9.93,14.47,6.23,70.67,0.0,3.18,63.89,-16.25,-69.08333,3826
Yunguyo,2023-04-26,9.98,14.74,6.52,69.76,0.0,3.41,63.94,-16.25,-69.08333,3826
Yunguyo,2023-04-27,9.13,14.15,5.7,61.73,0.01,3.56,63.96,-16.25,-69.08333,3826
Yunguyo,2023-04-28,9.39,14.85,5.39,68.91,0.0,3.37,63.97,-16.25,-69.08333,3826
Yunguyo,2023-04-29,10.85,16.18,6.49,57.88,0.0,2.5,63.95,-16.25,-69.08333,3826
Yunguyo,2023-04-30,11.08,16.11,7.12,62.49,0.0,2.16,63.92,-16.25,-69.08333,3826
Yunguyo,2023-05-01,10.91,15.69,7.47,67.88,0.17,2.79,63.89,-16.25,-69.08333,3826
Yunguyo,2023-05-02,10.64,15.12,7.78,73.11,0.43,3.34,63.8,-16.25,-69.08333,3826
Yunguyo,2023-05-03,10.08,14.1,6.75,73.44,0.18,3.02,63.81,-16.25,-69.08333,3826
Yunguyo,2023-05-04,9.87,13.97,6.6,78.09,1.74,4.06,63.77,-16.25,-69.08333,3826
Yunguyo,2023-05-05,8.22,11.8,5.48,78.8,6.97,2.73,63.83,-16.25,-69.08333,3826
Yunguyo,2023-05-06,7.5,11.24,4.71,76.14,9.2,2.79,63.87,-16.25,-69.08333,3826
Yunguyo,2023-05-07,5.94,7.23,4.08,63.6,1.74,1.7,64.01,-16.25,-69.08333,3826
Yunguyo,2023-05-08,7.01,9.4,4.28,64.85,1.19,2.24,64.08,-16.25,-69.08333,3826
Yunguyo,2023-05-09,5.79,7.77,4.07,77.28,1.13,1.51,64.1,-16.25,-69.08333,3826
Yunguyo,2023-05-10,8.19,12.12,5.26,66.03,0.0,2.68,64.04,-16.25,-69.08333,3826
Yunguyo,2023-05-11,7.79,12.06,3.99,64.61,0.0,2.6,63.97,-16.25,-69.08333,3826
Yunguyo,2023-05-12,6.91,10.64,3.92,76.56,1.67,3.0,64.04,-16.25,-69.08333,3826
Yunguyo,2023-05-13,7.26,11.92,3.63,74.04,2.87,2.82,64.05,-16.25,-69.08333,3826
Yunguyo,2023-05-14,8.61,13.75,4.84,56.95,0.03,2.02,64.13,-16.25,-69.08333,3826
Yunguyo,2023-05-15,9.39,15.23,4.43,62.72,0.37,1.48,64.12,-16.25,-69.08333,3826
Yunguyo,2023-05-16,9.49,14.92,4.67,46.71,0.03,2.26,63.99,-16.25,-69.08333,3826
Yunguyo,2023-05-17,10.2,16.08,5.33,46.44,0.01,2.15,63.85,-16.25,-69.08333,3826
Yunguyo,2023-05-18,9.98,14.66,6.62,66.35,0.02,2.61,63.94,-16.25,-69.08333,3826
Yunguyo,2023-05-19,10.34,14.08,7.46,74.96,0.1,2.63,63.91,-16.25,-69.08333,3826
Yunguyo,2023-05-20,10.98,15.43,7.75,53.84,0.01,1.27,63.85,-16.25,-69.08333,3826
Yunguyo,2023-05-21,10.01,15.81,5.73,35.56,0.0,2.9,63.77,-16.25,-69.08333,3826
Yunguyo,2023-05-22,9.02,14.44,4.93,41.75,2.79,2.37,63.84,-16.25,-69.08333,3826
Yunguyo,2023-05-23,9.95,14.48,6.88,60.24,0.54,2.01,63.88,-16.25,-69.08333,3826
Yunguyo,2023-05-24,9.17,13.57,5.73,57.94,0.0,2.14,63.79,-16.25,-69.08333,3826
Yunguyo,2023-05-25,9.78,14.19,6.53,64.2,0.0,2.03,63.79,-16.25,-69.08333,3826
Yunguyo,2023-05-26,8.51,13.12,3.63,71.78,0.0,2.18,63.94,-16.25,-69.08333,3826
Yunguyo,2023-05-27,8.31,11.47,5.03,78.79,0.0,2.46,63.98,-16.25,-69.08333,3826
Yunguyo,2023-05-28,8.46,11.72,5.74,82.04,4.03,3.0,63.98,-16.25,-69.08333,3826
Yunguyo,2023-05-29,8.7,14.65,3.81,54.21,0.24,2.38,63.89,-16.25,-69.08333,3826
Yunguyo,2023-05-30,7.98,14.13,2.35,36.51,0.0,2.72,63.97,-16.25,-69.08333,3826
Yunguyo,2023-05-31,8.42,13.62,4.49,48.74,0.0,2.15,64.07,-16.25,-69.08333,3826
Yunguyo,2023-06-01,9.34,14.47,5.95,31.88,0.0,1.81,64.08,-16.25,-69.08333,3826
Yunguyo,2023-06-02,9.34,14.89,5.06,35.12,0.0,1.88,63.98,-16.25,-69.08333,3826
Yunguyo,2023-06-03,8.45,14.63,3.64,44.06,0.0,3.07,63.89,-16.25,-69.08333,3826
Yunguyo,2023-06-04,8.13,13.62,4.43,61.41,0.0,2.56,63.95,-16.25,-69.08333,3826
Yunguyo,2023-06-05,7.53,11.77,4.57,69.98,0.0,3.2,64.03,-16.25,-69.08333,3826
Yunguyo,2023-06-06,8.38,14.14,4.03,65.79,0.05,2.25,63.91,-16.25,-69.08333,3826
Yunguyo,2023-06-07,8.23,13.71,4.33,62.62,0.0,2.35,63.95,-16.25,-69.08333,3826
Yunguyo,2023-06-08,8.84,14.08,5.35,60.15,0.0,1.72,64.0,-16.25,-69.08333,3826
Yunguyo,2023-06-09,9.49,14.85,5.3,51.99,0.0,1.85,63.96,-16.25,-69.08333,3826
Yunguyo,2023-06-10,9.08,13.8,5.59,53.36,0.0,2.28,63.86,-16.25,-69.08333,3826
Yunguyo,2023-06-11,9.07,13.81,5.7,50.01,0.51,1.97,63.85,-16.25,-69.08333,3826
Yunguyo,2023-06-12,9.12,14.2,5.76,53.32,1.67,2.17,63.79,-16.25,-69.08333,3826
Yunguyo,2023-06-13,8.18,14.83,3.71,48.77,1.08,2.25,63.73,-16.25,-69.08333,3826
Yunguyo,2023-06-14,6.93,14.32,1.43,29.54,0.42,4.14,63.77,-16.25,-69.08333,3826
Yunguyo,2023-06-15,6.82,13.99,2.09,28.56,0.54,2.34,63.8,-16.25,-69.08333,3826
Yunguyo,2023-06-16,6.89,13.77,1.37,32.21,0.0,2.11,63.91,-16.25,-69.08333,3826
Yunguyo,2023-06-17,6.44,11.56,3.1,49.9,0.0,1.95,63.94,-16.25,-69.08333,3826
Yunguyo,2023-06-18,6.92,12.4,2.72,61.35,0.0,2.24,63.9,-16.25,-69.08333,3826
Yunguyo,2023-06-19,8.05,14.02,4.05,46.7,0.0,1.91,63.88,-16.25,-69.08333,3826
Yunguyo,2023-06-20,7.72,13.16,3.33,46.37,0.0,2.49,63.92,-16.25,-69.08333,3826
Yunguyo,2023-06-21,8.25,13.76,4.11,45.77,0.0,1.9,63.85,-16.25,-69.08333,3826
Yunguyo,2023-06-22,7.8,12.87,4.23,45.91,0.0,1.15,63.88,-16.25,-69.08333,3826
Yunguyo,2023-06-23,7.88,12.91,3.7,33.01,0.0,2.03,63.95,-16.25,-69.08333,3826
Yunguyo,2023-06-24,8.0,13.24,3.84,40.74,0.0,1.81,63.94,-16.25,-69.08333,3826
Yunguyo,2023-06-25,7.99,13.24,4.77,57.08,0.0,2.06,63.99,-16.25,-69.08333,3826
Yunguyo,2023-06-26,8.51,13.86,4.69,58.56,0.0,1.8,63.99,-16.25,-69.08333,3826
Yunguyo,2023-06-27,8.95,14.17,5.2,56.05,0.0,1.6,63.91,-16.25,-69.08333,3826
Yunguyo,2023-06-28,8.59,13.27,5.97,71.76,0.01,2.82,63.99,-16.25,-69.08333,3826
Yunguyo,2023-06-29,7.96,12.58,4.71,75.28,0.04,3.34,64.02,-16.25,-69.08333,3826
Yunguyo,2023-06-30,8.13,13.13,4.92,70.18,0.0,2.32,64.0,-16.25,-69.08333,3826
Yunguyo,2023-07-01,8.47,13.73,4.59,62.05,0.0,1.93,63.93,-16.25,-69.08333,3826
Yunguyo,2023-07-02,9.3,14.59,4.64,44.93,0.0,1.73,63.88,-16.25,-69.08333,3826
Yunguyo,2023-07-03,9.93,15.53,6.32,46.59,0.0,2.3,63.9,-16.25,-69.08333,3826
Yunguyo,2023-07-04,10.5,17.11,5.21,48.36,0.0,1.67,63.94,-16.25,-69.08333,3826
Yunguyo,2023-07-05,9.99,16.12,5.43,38.21,0.0,2.06,63.97,-16.25,-69.08333,3826
Yunguyo,2023-07-06,9.84,15.65,5.4,47.19,0.07,2.04,63.87,-16.25,-69.08333,3826
Yunguyo,2023-07-07,10.12,16.05,5.91,46.33,0.01,2.58,63.83,-16.25,-69.08333,3826
Yunguyo,2023-07-08,9.75,15.37,5.97,53.22,0.0,2.61,63.88,-16.25,-69.08333,3826
Yunguyo,2023-07-09,9.7,14.44,6.36,68.15,0.06,2.76,63.9,-16.25,-69.08333,3826
Yunguyo,2023-07-10,10.32,14.68,7.74,70.35,0.07,3.02,63.86,-16.25,-69.08333,3826
Yunguyo,2023-07-11,10.5,15.16,6.93,59.44,0.0,2.99,63.81,-16.25,-69.08333,3826
Yunguyo,2023-07-12,9.73,16.07,4.08,43.12,0.02,3.26,63.77,-16.25,-69.08333,3826
Yunguyo,2023-07-13,9.93,14.91,6.31,60.21,1.89,2.76,63.78,-16.25,-69.08333,3826
Yunguyo,2023-07-14,10.36,16.3,6.12,48.63,1.72,2.35,63.75,-16.25,-69.08333,3826
Yunguyo,2023-07-15,9.44,15.69,4.55,33.26,0.05,1.98,63.81,-16.25,-69.08333,3826
Yunguyo,2023-07-16,9.09,14.48,5.2,42.01,0.07,2.42,63.87,-16.25,-69.08333,3826
Yunguyo,2023-07-17,9.07,13.9,5.33,62.21,0.0,2.75,63.92,-16.25,-69.08333,3826
Yunguyo,2023-07-18,8.76,13.71,5.75,69.1,0.0,3.26,64.04,-16.25,-69.08333,3826
Yunguyo,2023-07-19,8.92,13.94,5.77,65.57,0.0,2.65,64.12,-16.25,-69.08333,3826
Yunguyo,2023-07-20,8.25,14.04,4.95,63.34,0.0,2.63,64.1,-16.25,-69.08333,3826
Yunguyo,2023-07-21,8.11,13.91,3.97,52.98,0.0,2.15,64.04,-16.25,-69.08333,3826
Yunguyo,2023-07-22,9.36,15.42,4.65,52.41,0.0,2.08,63.97,-16.25,-69.08333,3826
Yunguyo,2023-07-23,9.21,15.15,5.24,57.17,0.0,3.34,64.05,-16.25,-69.08333,3826
Yunguyo,2023-07-24,9.38,15.13,5.08,60.3,0.0,1.93,64.02,-16.25,-69.08333,3826
Yunguyo,2023-07-25,9.44,15.65,4.81,38.26,24.2,1.17,63.85,-16.25,-69.08333,3826
Yunguyo,2023-07-26,7.13,12.21,2.54,47.1,138.68,2.74,63.8,-16.25,-69.08333,3826
Yunguyo,2023-07-27,7.24,12.55,2.8,54.73,0.31,3.2,63.83,-16.25,-69.08333,3826
Yunguyo,2023-07-28,6.78,11.67,3.25,65.21,0.2,4.23,63.96,-16.25,-69.08333,3826
Yunguyo,2023-07-29,5.69,10.65,2.22,79.73,1.67,2.14,64.1,-16.25,-69.08333,3826
Yunguyo,2023-07-30,6.94,10.74,3.65,75.48,0.11,2.02,64.1,-16.25,-69.08333,3826
Yunguyo,2023-07-31,7.18,12.34,3.35,68.09,0.0,3.36,64.2,-16.25,-69.08333,3826
Yunguyo,2023-08-01,6.62,11.44,2.95,57.93,0.0,1.98,64.18,-16.25,-69.08333,3826
Yunguyo,2023-08-02,7.24,12.23,3.61,64.18,0.0,2.41,64.1,-16.25,-69.08333,3826
Yunguyo,2023-08-03,7.0,11.79,3.12,68.09,0.0,3.14,64.08,-16.25,-69.08333,3826
Yunguyo,2023-08-04,6.61,12.25,2.77,58.85,0.0,2.59,64.03,-16.25,-69.08333,3826
Yunguyo,2023-08-05,6.97,12.2,3.22,68.01,0.0,2.98,63.97,-16.25,-69.08333,3826
Yunguyo,2023-08-06,9.1,13.74,4.64,59.31,0.0,2.52,64.0,-16.25,-69.08333,3826
Yunguyo,2023-08-07,9.51,12.96,6.92,57.82,1.52,1.91,64.09,-16.25,-69.08333,3826
Yunguyo,2023-08-08,9.26,14.09,5.83,58.75,1.1,2.28,64.09,-16.25,-69.08333,3826
Yunguyo,2023-08-09,8.9,13.5,5.15,62.52,0.0,2.17,64.06,-16.25,-69.08333,3826
Yunguyo,2023-08-10,9.44,14.86,4.71,49.69,0.0,2.44,63.94,-16.25,-69.08333,3826
Yunguyo,2023-08-11,8.03,12.49,5.38,71.84,0.03,3.7,63.91,-16.25,-69.08333,3826
Yunguyo,2023-08-12,6.07,8.48,4.25,77.93,0.08,4.25,63.94,-16.25,-69.08333,3826
Yunguyo,2023-08-13,5.66,9.28,3.38,76.29,0.03,3.56,63.9,-16.25,-69.08333,3826
Yunguyo,2023-08-14,6.42,11.22,3.06,68.17,0.0,2.72,63.9,-16.25,-69.08333,3826
Yunguyo,2023-08-15,7.54,12.49,3.5,62.29,0.0,2.12,63.89,-16.25,-69.08333,3826
Yunguyo,2023-08-16,8.76,14.24,4.72,58.98,0.0,2.28,63.85,-16.25,-69.08333,3826
Yunguyo,2023-08-17,9.94,15.93,5.51,55.16,0.0,2.0,63.78,-16.25,-69.08333,3826
Yunguyo,2023-08-18,9.91,17.72,4.38,31.85,0.0,3.07,63.72,-16.25,-69.08333,3826
Yunguyo,2023-08-19,8.77,15.9,2.72,26.98,0.0,2.02,63.75,-16.25,-69.08333,3826
Yunguyo,2023-08-20,9.22,16.02,3.54,28.15,0.0,2.45,63.76,-16.25,-69.08333,3826
Yunguyo,2023-08-21,8.8,14.37,4.22,29.88,0.0,2.26,63.84,-16.25,-69.08333,3826
Yunguyo,2023-08-22,9.81,15.29,5.08,51.96,0.0,2.21,63.81,-16.25,-69.08333,3826
Yunguyo,2023-08-23,11.12,16.71,6.95,59.13,0.0,2.01,63.78,-16.25,-69.08333,3826
Yunguyo,2023-08-24,11.08,16.35,7.16,61.83,0.0,2.18,63.85,-16.25,-69.08333,3826
Yunguyo,2023-08-25,11.21,16.8,6.69,53.35,0.0,1.92,63.88,-16.25,-69.08333,3826
Yunguyo,2023-08-26,9.65,13.03,7.29,74.72,0.0,2.35,63.88,-16.25,-69.08333,3826
Yunguyo,2023-08-27,10.54,15.67,6.21,58.55,0.0,2.01,63.88,-16.25,-69.08333,3826
Yunguyo,2023-08-28,10.88,16.34,6.25,45.47,0.0,1.83,63.94,-16.25,-69.08333,3826
Yunguyo,2023-08-29,10.77,16.48,6.51,45.39,0.0,2.88,63.99,-16.25,-69.08333,3826
Yunguyo,2023-08-30,10.65,15.29,7.48,70.44,0.02,3.15,63.92,-16.25,-69.08333,3826
Yunguyo,2023-08-31,10.3,14.68,7.27,71.78,0.91,3.69,63.9,-16.25,-69.08333,3826
Yunguyo,2023-09-01,10.3,14.04,7.49,65.11,0.11,2.74,63.85,-16.25,-69.08333,3826
Yunguyo,2023-09-02,8.94,12.31,6.51,57.2,0.0,2.41,63.78,-16.25,-69.08333,3826
Yunguyo,2023-09-03,8.96,14.66,4.72,39.49,0.02,3.79,63.79,-16.25,-69.08333,3826
Yunguyo,2023-09-04,9.05,15.39,3.76,43.8,0.01,3.42,63.98,-16.25,-69.08333,3826
Yunguyo,2023-09-05,8.96,14.12,4.84,65.21,0.0,4.34,64.08,-16.25,-69.08333,3826
Yunguyo,2023-09-06,8.15,12.05,5.81,69.56,1.16,3.22,64.01,-16.25,-69.08333,3826
Yunguyo,2023-09-07,8.51,13.3,5.58,66.54,0.16,3.1,63.83,-16.25,-69.08333,3826
Yunguyo,2023-09-08,9.13,14.76,4.62,50.26,0.0,2.02,63.86,-16.25,-69.08333,3826
Yunguyo,2023-09-09,9.18,14.43,5.15,45.95,0.0,2.88,63.97,-16.25,-69.08333,3826
Yunguyo,2023-09-10,9.16,14.76,5.33,68.98,0.0,3.95,64.03,-16.25,-69.08333,3826
Yunguyo,2023-09-11,9.56,15.57,5.21,58.91,0.0,3.27,63.96,-16.25,-69.08333,3826
Yunguyo,2023-09-12,9.68,12.64,6.59,58.96,0.0,1.66,63.84,-16.25,-69.08333,3826
Yunguyo,2023-09-13,8.38,13.13,4.41,34.5,0.0,2.95,63.88,-16.25,-69.08333,3826
Yunguyo,2023-09-14,9.38,14.95,4.84,44.62,0.0,3.0,63.91,-16.25,-69.08333,3826
Yunguyo,2023-09-15,9.86,15.54,5.53,66.42,0.0,3.86,63.87,-16.25,-69.08333,3826
Yunguyo,2023-09-16,10.32,15.59,6.96,69.16,0.0,3.88,63.83,-16.25,-69.08333,3826
Yunguyo,2023-09-17,8.69,11.09,6.45,72.34,0.0,2.69,63.84,-16.25,-69.08333,3826
Yunguyo,2023-09-18,10.15,14.91,6.81,62.01,0.0,2.7,63.84,-16.25,-69.08333,3826
Yunguyo,2023-09-19,10.29,15.52,6.81,65.92,0.0,2.58,63.83,-16.25,-69.08333,3826
Yunguyo,2023-09-20,9.07,13.23,6.06,73.8,0.27,4.04,63.9,-16.25,-69.08333,3826
Yunguyo,2023-09-21,10.23,15.63,6.31,72.18,0.06,4.32,63.92,-16.25,-69.08333,3826
Yunguyo,2023-09-22,11.1,15.68,8.21,70.56,0.0,3.56,63.9,-16.25,-69.08333,3826
Yunguyo,2023-09-23,10.62,16.08,6.7,68.63,0.0,4.48,63.95,-16.25,-69.08333,3826
Yunguyo,2023-09-24,10.25,15.82,6.19,65.23,0.0,4.49,63.97,-16.25,-69.08333,3826
Yunguyo,2023-09-25,10.82,16.53,6.55,64.65,0.4,3.11,63.98,-16.25,-69.08333,3826
Yunguyo,2023-09-26,12.5,17.95,7.92,63.8,0.02,2.9,63.87,-16.25,-69.08333,3826
Yunguyo,2023-09-27,10.79,14.31,7.39,76.03,0.85,4.6,63.85,-16.25,-69.08333,3826
Yunguyo,2023-09-28,11.55,17.59,6.49,67.22,0.11,3.35,63.81,-16.25,-69.08333,3826
Yunguyo,2023-09-29,11.55,16.61,8.49,72.69,0.01,5.68,63.9,-16.25,-69.08333,3826
Yunguyo,2023-09-30,11.06,15.79,7.31,70.65,0.41,4.78,63.99,-16.25,-69.08333,3826
Yunguyo,2023-10-01,10.63,14.69,7.08,75.76,1.12,4.26,63.91,-16.25,-69.08333,3826
Yunguyo,2023-10-02,11.08,16.84,5.92,71.56,0.08,3.11,63.78,-16.25,-69.08333,3826
Yunguyo,2023-10-03,10.73,15.14,8.0,65.86,0.0,3.2,63.76,-16.25,-69.08333,3826
Yunguyo,2023-10-04,12.42,17.91,8.62,64.85,0.01,3.97,63.82,-16.25,-69.08333,3826
Yunguyo,2023-10-05,12.02,16.5,8.9,67.42,0.01,2.85,63.82,-16.25,-69.08333,3826
Yunguyo,2023-10-06,13.52,19.74,8.24,57.24,0.0,3.64,63.86,-16.25,-69.08333,3826
Yunguyo,2023-10-07,13.47,18.2,10.82,66.7,0.0,4.14,63.89,-16.25,-69.08333,3826
Yunguyo,2023-10-08,13.76,19.48,9.26,55.04,0.01,3.96,63.86,-16.25,-69.08333,3826
Yunguyo,2023-10-09,12.48,17.9,9.04,68.96,0.0,4.96,63.95,-16.25,-69.08333,3826
Yunguyo,2023-10-10,12.19,17.97,8.33,66.94,0.0,4.2,63.99,-16.25,-69.08333,3826
Yunguyo,2023-10-11,12.62,18.73,7.91,61.81,0.0,3.87,63.99,-16.25,-69.08333,3826
Yunguyo,2023-10-12,11.59,15.08,8.89,67.73,0.0,3.63,64.01,-16.25,-69.08333,3826
Yunguyo,2023-10-13,11.3,15.77,8.16,68.18,0.0,5.04,64.01,-16.25,-69.08333,3826
Yunguyo,2023-10-14,11.01,16.35,7.59,68.86,0.0,5.05,64.05,-16.25,-69.08333,3826
Yunguyo,2023-10-15,10.27,15.75,6.13,66.87,0.0,4.9,64.05,-16.25,-69.08333,3826
Yunguyo,2023-10-16,10.55,15.75,6.77,68.4,0.0,4.54,63.98,-16.25,-69.08333,3826
Yunguyo,2023-10-17,10.49,15.65,6.49,70.07,0.0,5.68,63.9,-16.25,-69.08333,3826
Yunguyo,2023-10-18,10.0,14.97,5.68,69.83,0.0,5.77,63.93,-16.25,-69.08333,3826
Yunguyo,2023-10-19,9.4,13.29,5.96,75.58,4.41,5.97,63.96,-16.25,-69.08333,3826
Yunguyo,2023-10-20,9.63,14.39,6.11,72.81,0.77,6.43,64.0,-16.25,-69.08333,3826
Yunguyo,2023-10-21,10.03,15.15,6.41,69.38,0.26,6.27,63.98,-16.25,-69.08333,3826
Yunguyo,2023-10-22,10.39,16.62,5.74,63.41,6.62,5.59,63.97,-16.25,-69.08333,3826
Yunguyo,2023-10-23,10.4,16.4,6.17,64.62,6.56,4.09,63.96,-16.25,-69.08333,3826
Yunguyo,2023-10-24,10.6,15.83,6.82,65.94,0.64,3.85,63.93,-16.25,-69.08333,3826
Yunguyo,2023-10-25,11.94,17.07,8.06,65.96,0.2,3.28,63.78,-16.25,-69.08333,3826
Yunguyo,2023-10-26,11.56,15.63,8.7,72.72,0.19,3.59,63.64,-16.25,-69.08333,3826
Yunguyo,2023-10-27,12.13,17.58,8.39,69.29,0.09,4.24,63.54,-16.25,-69.08333,3826
Yunguyo,2023-10-28,12.75,18.85,6.63,50.19,0.0,3.23,63.56,-16.25,-69.08333,3826
Yunguyo,2023-10-29,11.68,18.32,6.03,34.96,0.0,1.94,63.66,-16.25,-69.08333,3826
Yunguyo,2023-10-30,12.16,18.58,5.88,39.4,0.09,2.42,63.7,-16.25,-69.08333,3826
Yunguyo,2023-10-31,12.0,17.39,8.11,64.77,0.02,3.73,63.71,-16.25,-69.08333,3826
Yunguyo,2023-11-01,12.23,17.4,8.94,69.99,0.0,3.89,63.65,-16.25,-69.08333,3826
Yunguyo,2023-11-02,12.12,16.98,8.94,69.9,0.0,3.52,63.68,-16.25,-69.08333,3826
Yunguyo,2023-11-03,11.23,14.79,8.53,74.49,0.02,5.42,63.77,-16.25,-69.08333,3826
Yunguyo,2023-11-04,11.26,17.06,7.86,70.43,0.87,5.0,63.78,-16.25,-69.08333,3826
Yunguyo,2023-11-05,11.02,16.36,7.33,71.48,0.26,5.2,63.8,-16.25,-69.08333,3826
Yunguyo,2023-11-06,10.98,16.47,6.36,68.66,0.01,5.09,63.94,-16.25,-69.08333,3826
Yunguyo,2023-11-07,11.66,16.41,8.68,72.24,0.04,6.23,63.99,-16.25,-69.08333,3826
Yunguyo,2023-11-08,11.26,16.88,6.88,68.43,0.05,5.54,64.0,-16.25,-69.08333,3826
Yunguyo,2023-11-09,9.69,12.41,7.8,77.41,0.21,6.42,63.92,-16.25,-69.08333,3826
Yunguyo,2023-11-10,10.41,15.97,6.52,71.82,0.66,5.71,63.8,-16.25,-69.08333,3826
Yunguyo,2023-11-11,11.31,17.43,6.26,63.66,1.51,2.84,63.8,-16.25,-69.08333,3826
Yunguyo,2023-11-12,10.18,15.95,6.18,74.32,3.31,3.38,63.78,-16.25,-69.08333,3826
Yunguyo,2023-11-13,11.93,18.04,5.8,58.78,0.2,3.16,63.78,-16.25,-69.08333,3826
Yunguyo,2023-11-14,12.12,16.62,8.67,69.22,0.01,4.1,63.69,-16.25,-69.08333,3826
Yunguyo,2023-11-15,11.67,16.56,7.55,41.55,0.23,2.08,63.83,-16.25,-69.08333,3826
Yunguyo,2023-11-16,12.91,17.41,9.83,60.72,0.54,3.08,63.78,-16.25,-69.08333,3826
Yunguyo,2023-11-17,12.32,17.23,9.87,69.25,8.34,2.8,63.8,-16.25,-69.08333,3826
Yunguyo,2023-11-18,13.52,18.82,9.61,61.8,1.92,2.46,63.82,-16.25,-69.08333,3826
Yunguyo,2023-11-19,13.54,19.85,8.17,47.77,0.03,3.84,63.84,-16.25,-69.08333,3826
Yunguyo,2023-11-20,10.77,14.62,7.59,65.58,0.1,4.82,63.8,-16.25,-69.08333,3826
Yunguyo,2023-11-21,12.4,17.74,7.58,60.68,0.06,2.48,63.65,-16.25,-69.08333,3826
Yunguyo,2023-11-22,12.34,17.21,8.06,59.83,2.34,3.85,63.59,-16.25,-69.08333,3826
Yunguyo,2023-11-23,11.79,15.92,8.98,72.79,3.93,5.11,63.72,-16.25,-69.08333,3826
Yunguyo,2023-11-24,10.1,13.6,7.62,76.17,4.98,4.72,63.92,-16.25,-69.08333,3826
Yunguyo,2023-11-25,8.19,12.38,3.46,83.38,6.85,3.6,63.8,-16.25,-69.08333,3826
Yunguyo,2023-11-26,9.6,13.98,4.53,79.61,8.79,4.64,63.71,-16.25,-69.08333,3826
Yunguyo,2023-11-27,9.03,14.91,2.89,74.93,3.55,2.08,63.82,-16.25,-69.08333,3826
Yunguyo,2023-11-28,9.65,15.11,3.72,70.74,1.0,3.01,63.86,-16.25,-69.08333,3826
Yunguyo,2023-11-29,10.17,15.7,5.36,77.1,1.56,3.77,63.73,-16.25,-69.08333,3826
Yunguyo,2023-11-30,10.83,15.41,7.9,77.3,6.26,5.83,63.71,-16.25,-69.08333,3826
Yunguyo,2023-12-01,10.21,15.33,5.38,70.83,13.46,3.08,63.8,-16.25,-69.08333,3826
Yunguyo,2023-12-02,11.77,17.91,7.02,61.93,17.26,2.55,63.72,-16.25,-69.08333,3826
Yunguyo,2023-12-03,11.33,16.75,6.7,63.51,7.89,2.91,63.7,-16.25,-69.08333,3826
Yunguyo,2023-12-04,10.96,16.15,4.92,73.14,6.14,3.3,63.72,-16.25,-69.08333,3826
Yunguyo,2023-12-05,9.77,14.45,4.49,77.35,2.07,3.27,63.81,-16.25,-69.08333,3826
Yunguyo,2023-12-06,11.4,16.12,7.86,74.26,1.06,3.32,63.79,-16.25,-69.08333,3826
Yunguyo,2023-12-07,11.61,15.18,8.83,74.6,1.15,4.55,63.87,-16.25,-69.08333,3826
Yunguyo,2023-12-08,10.9,14.49,8.62,75.24,0.71,6.42,63.97,-16.25,-69.08333,3826
Yunguyo,2023-12-09,11.58,16.83,7.33,70.05,0.02,4.49,63.9,-16.25,-69.08333,3826
Yunguyo,2023-12-10,11.51,16.2,7.87,73.99,12.29,5.09,63.77,-16.25,-69.08333,3826
Yunguyo,2023-12-11,11.06,15.15,8.05,77.67,2.88,5.6,63.76,-16.25,-69.08333,3826
Yunguyo,2023-12-12,11.66,15.67,8.87,76.22,1.91,4.95,63.79,-16.25,-69.08333,3826
Yunguyo,2023-12-13,10.16,14.4,5.85,80.09,1.12,4.93,63.75,-16.25,-69.08333,3826
Yunguyo,2023-12-14,9.99,15.15,5.93,79.59,11.76,3.91,63.68,-16.25,-69.08333,3826
Yunguyo,2023-12-15,10.5,15.85,6.52,75.59,3.42,2.77,63.8,-16.25,-69.08333,3826
Yunguyo,2023-12-16,11.48,16.15,7.04,73.0,2.57,3.53,63.85,-16.25,-69.08333,3826
Yunguyo,2023-12-17,11.77,16.26,8.29,69.46,0.27,2.65,63.85,-16.25,-69.08333,3826
Yunguyo,2023-12-18,12.12,17.06,8.14,67.84,0.52,3.73,63.72,-16.25,-69.08333,3826
Yunguyo,2023-12-19,11.82,15.53,7.81,70.66,5.93,3.18,63.7,-16.25,-69.08333,3826
Yunguyo,2023-12-20,10.7,16.69,6.29,67.71,10.76,3.54,63.77,-16.25,-69.08333,3826
Yunguyo,2023-12-21,12.13,17.14,8.38,72.62,0.09,3.85,63.86,-16.25,-69.08333,3826
Yunguyo,2023-12-22,11.63,14.58,9.58,76.83,0.02,3.75,63.94,-16.25,-69.08333,3826
Yunguyo,2023-12-23,12.48,17.22,9.3,66.93,0.0,3.08,63.96,-16.25,-69.08333,3826
Yunguyo,2023-12-24,12.09,16.88,7.84,68.99,0.0,4.01,64.01,-16.25,-69.08333,3826
Yunguyo,2023-12-25,12.19,17.55,8.27,66.39,0.0,4.11,64.04,-16.25,-69.08333,3826
Yunguyo,2023-12-26,9.86,12.78,6.49,73.22,0.07,5.19,64.11,-16.25,-69.08333,3826
Yunguyo,2023-12-27,10.51,15.47,5.85,68.44,3.22,4.53,63.97,-16.25,-69.08333,3826
Yunguyo,2023-12-28,11.26,16.09,7.38,74.33,7.94,4.57,63.89,-16.25,-69.08333,3826
Yunguyo,2023-12-29,11.69,16.48,8.03,73.34,0.62,4.48,63.91,-16.25,-69.08333,3826
Yunguyo,2023-12-30,10.61,14.2,7.83,76.99,3.05,5.01,63.94,-16.25,-69.08333,3826
Yunguyo,2023-12-31,10.61,16.54,6.79,72.44,0.27,3.28,63.88,-16.25,-69.08333,3826
Yunguyo,2024-01-01,11.94,16.76,7.66,68.0,5.97,2.33,63.83,-16.25,-69.08333,3826
Yunguyo,2024-01-02,11.56,15.0,9.53,75.39,3.66,3.31,63.78,-16.25,-69.08333,3826
Yunguyo,2024-01-03,10.26,13.79,6.4,80.44,15.43,5.21,63.81,-16.25,-69.08333,3826
Yunguyo,2024-01-04,9.24,13.46,6.4,78.02,6.49,4.0,63.92,-16.25,-69.08333,3826
Yunguyo,2024-01-05,10.0,14.63,6.34,74.35,0.34,4.65,63.92,-16.25,-69.08333,3826
Yunguyo,2024-01-06,11.08,16.42,7.11,67.73,0.01,4.2,63.91,-16.25,-69.08333,3826
Yunguyo,2024-01-07,11.88,17.35,8.03,61.79,0.47,3.85,63.85,-16.25,-69.08333,3826
Yunguyo,2024-01-08,12.45,18.86,8.03,59.46,0.01,3.39,63.87,-16.25,-69.08333,3826
Yunguyo,2024-01-09,12.6,18.78,8.01,60.17,0.0,3.12,63.92,-16.25,-69.08333,3826
Yunguyo,2024-01-10,12.44,18.43,8.24,60.76,0.0,3.94,63.85,-16.25,-69.08333,3826
Yunguyo,2024-01-11,11.89,16.77,8.39,67.19,0.0,4.28,63.88,-16.25,-69.08333,3826
Yunguyo,2024-01-12,11.68,16.92,7.86,63.58,0.05,4.53,63.9,-16.25,-69.08333,3826
Yunguyo,2024-01-13,11.7,17.0,7.54,62.84,0.02,3.99,63.88,-16.25,-69.08333,3826
Yunguyo,2024-01-14,11.7,16.71,8.03,70.64,1.41,3.77,63.89,-16.25,-69.08333,3826
Yunguyo,2024-01-15,10.78,13.77,8.36,77.88,1.36,5.97,63.92,-16.25,-69.08333,3826
Yunguyo,2024-01-16,11.81,15.83,8.51,75.34,0.76,3.94,63.9,-16.25,-69.08333,3826
Yunguyo,2024-01-17,11.86,15.92,8.23,73.74,1.32,4.83,63.98,-16.25,-69.08333,3826
Yunguyo,2024-01-18,11.92,16.45,8.67,72.99,0.59,4.19,63.96,-16.25,-69.08333,3826
Yunguyo,2024-01-19,11.91,15.26,8.94,73.6,2.66,3.44,63.96,-16.25,-69.08333,3826
Yunguyo,2024-01-20,11.82,16.15,9.22,72.22,1.02,4.4,63.92,-16.25,-69.08333,3826
Yunguyo,2024-01-21,12.1,16.69,8.74,73.5,0.11,4.97,63.97,-16.25,-69.08333,3826
Yunguyo,2024-01-22,12.43,17.1,8.78,68.7,0.01,4.46,63.97,-16.25,-69.08333,3826
Yunguyo,2024-01-23,12.1,15.13,9.67,76.83,1.83,4.5,63.93,-16.25,-69.08333,3826
Yunguyo,2024-01-24,11.83,16.71,9.17,72.31,3.39,2.68,63.84,-16.25,-69.08333,3826
Yunguyo,2024-01-25,7.73,13.19,4.32,87.82,15.37,3.18,63.84,-16.25,-69.08333,3826
Yunguyo,2024-01-26,10.13,16.25,4.7,76.71,6.69,3.29,63.89,-16.25,-69.08333,3826
Yunguyo,2024-01-27,10.79,16.44,5.33,73.79,0.95,3.98,63.89,-16.25,-69.08333,3826
Yunguyo,2024-01-28,10.71,15.43,5.55,77.42,8.39,4.55,63.89,-16.25,-69.08333,3826
Yunguyo,2024-01-29,10.92,16.19,6.12,75.6,4.77,3.8,63.92,-16.25,-69.08333,3826
Yunguyo,2024-01-30,8.79,13.84,4.07,83.92,6.12,3.43,63.95,-16.25,-69.08333,3826
Yunguyo,2024-01-31,9.8,15.68,3.22,76.1,2.23,3.91,64.0,-16.25,-69.08333,3826
Yunguyo,2024-02-01,11.07,16.33,7.11,70.98,1.31,4.89,64.05,-16.25,-69.08333,3826
Yunguyo,2024-02-02,10.25,16.02,6.05,70.45,3.19,4.72,64.03,-16.25,-69.08333,3826
Yunguyo,2024-02-03,10.38,15.5,7.05,74.58,1.27,4.6,63.94,-16.25,-69.08333,3826
Yunguyo,2024-02-04,10.22,15.16,6.32,73.3,0.0,5.17,63.93,-16.25,-69.08333,3826
Yunguyo,2024-02-05,9.63,13.94,5.78,74.41,13.67,4.2,63.92,-16.25,-69.08333,3826
Yunguyo,2024-02-06,9.79,14.1,6.49,73.78,3.66,5.16,63.92,-16.25,-69.08333,3826
Yunguyo,2024-02-07,9.22,14.09,5.41,79.11,1.57,4.47,63.9,-16.25,-69.08333,3826
Yunguyo,2024-02-08,10.16,16.68,3.68,68.02,0.46,2.54,63.82,-16.25,-69.08333,3826
Yunguyo,2024-02-09,11.67,15.82,7.06,53.69,0.09,2.07,63.87,-16.25,-69.08333,3826
Yunguyo,2024-02-10,12.38,16.73,9.06,64.57,7.07,3.14,63.89,-16.25,-69.08333,3826
Yunguyo,2024-02-11,9.26,12.78,7.68,81.33,11.99,3.28,63.92,-16.25,-69.08333,3826
Yunguyo,2024-02-12,9.28,13.9,5.84,82.15,4.8,4.11,63.88,-16.25,-69.08333,3826
Yunguyo,2024-02-13,10.82,15.49,7.86,78.75,6.93,4.88,63.95,-16.25,-69.08333,3826
Yunguyo,2024-02-14,10.84,15.6,7.2,78.71,11.38,4.86,64.05,-16.25,-69.08333,3826
Yunguyo,2024-02-15,11.29,15.65,8.31,79.9,5.58,4.64,64.07,-16.25,-69.08333,3826
Yunguyo,2024-02-16,11.32,15.65,8.02,77.96,5.16,4.22,64.05,-16.25,-69.08333,3826
Yunguyo,2024-02-17,11.78,16.54,8.49,73.94,1.98,3.87,63.98,-16.25,-69.08333,3826
Yunguyo,2024-02-18,11.74,16.66,7.94,73.39,4.75,4.07,63.95,-16.25,-69.08333,3826
Yunguyo,2024-02-19,11.33,15.42,8.1,75.73,7.86,3.85,63.91,-16.25,-69.08333,3826
Yunguyo,2024-02-20,9.79,12.65,7.35,79.7,5.52,2.5,63.85,-16.25,-69.08333,3826
Yunguyo,2024-02-21,10.35,15.62,6.69,71.73,8.83,2.72,63.68,-16.25,-69.08333,3826
Yunguyo,2024-02-22,11.1,16.92,5.94,62.69,0.37,3.17,63.62,-16.25,-69.08333,3826
Yunguyo,2024-02-23,10.28,14.24,5.39,77.72,0.17,4.83,63.75,-16.25,-69.08333,3826
Yunguyo,2024-02-24,8.69,12.08,5.23,85.19,1.94,4.24,63.92,-16.25,-69.08333,3826
Yunguyo,2024-02-25,8.92,12.67,6.43,83.39,3.66,4.84,64.01,-16.25,-69.08333,3826
Yunguyo,2024-02-26,9.61,14.41,6.4,79.3,2.04,4.81,63.98,-16.25,-69.08333,3826
Yunguyo,2024-02-27,9.94,14.62,6.66,79.34,2.74,4.88,63.9,-16.25,-69.08333,3826
Yunguyo,2024-02-28,9.86,14.09,6.78,78.89,11.58,3.61,63.9,-16.25,-69.08333,3826
Yunguyo,2024-02-29,9.55,14.66,5.56,77.38,1.63,4.0,63.95,-16.25,-69.08333,3826
Yunguyo,2024-03-01,8.92,13.53,5.73,77.07,0.12,5.41,64.01,-16.25,-69.08333,3826
Yunguyo,2024-03-02,9.93,15.2,5.62,74.02,0.07,4.57,64.01,-16.25,-69.08333,3826
Yunguyo,2024-03-03,10.52,15.24,7.02,74.55,1.46,4.14,63.94,-16.25,-69.08333,3826
Yunguyo,2024-03-04,9.61,13.51,7.0,78.65,4.96,4.7,63.9,-16.25,-69.08333,3826
Yunguyo,2024-03-05,9.74,14.3,6.35,79.8,7.59,4.91,63.83,-16.25,-69.08333,3826
Yunguyo,2024-03-06,10.7,15.51,7.22,78.42,10.94,4.55,63.81,-16.25,-69.08333,3826
Yunguyo,2024-03-07,10.37,14.06,7.16,80.14,12.08,3.48,63.93,-16.25,-69.08333,3826
Yunguyo,2024-03-08,10.98,15.38,7.65,79.61,14.63,4.74,63.96,-16.25,-69.08333,3826
Yunguyo,2024-03-09,11.42,16.17,8.17,76.34,10.56,4.09,63.99,-16.25,-69.08333,3826
Yunguyo,2024-03-10,10.31,13.46,8.58,82.3,12.49,4.58,64.03,-16.25,-69.08333,3826
Yunguyo,2024-03-11,10.78,15.07,7.92,78.0,1.39,4.79,64.11,-16.25,-69.08333,3826
Yunguyo,2024-03-12,11.32,14.96,8.55,79.08,2.19,3.41,64.12,-16.25,-69.08333,3826
Yunguyo,2024-03-13,11.56,15.05,8.97,78.5,3.06,3.9,64.04,-16.25,-69.08333,3826
Yunguyo,2024-03-14,11.49,15.38,8.73,77.45,0.19,4.21,64.02,-16.25,-69.08333,3826
Yunguyo,2024-03-15,12.54,18.12,8.33,71.36,0.0,3.53,63.91,-16.25,-69.08333,3826
Yunguyo,2024-03-16,11.79,15.33,9.24,74.86,1.6,2.78,63.85,-16.25,-69.08333,3826
Yunguyo,2024-03-17,10.32,14.13,8.16,78.17,3.41,4.87,63.87,-16.25,-69.08333,3826
Yunguyo,2024-03-18,11.72,16.55,8.15,75.37,0.46,3.87,63.83,-16.25,-69.08333,3826
Yunguyo,2024-03-19,9.06,12.12,5.7,78.92,3.32,1.68,63.88,-16.25,-69.08333,3826
Yunguyo,2024-03-20,11.68,16.56,7.05,65.03,2.43,2.33,63.79,-16.25,-69.08333,3826
Yunguyo,2024-03-21,11.08,15.08,7.37,70.06,1.59,3.71,63.88,-16.25,-69.08333,3826
Yunguyo,2024-03-22,8.39,10.83,5.18,88.73,5.94,3.41,64.01,-16.25,-69.08333,3826
Yunguyo,2024-03-23,10.81,16.02,6.46,70.92,0.01,3.48,63.98,-16.25,-69.08333,3826
Yunguyo,2024-03-24,11.2,16.35,7.15,70.56,0.0,3.59,63.91,-16.25,-69.08333,3826
Yunguyo,2024-03-25,10.41,15.1,7.16,76.14,0.85,4.27,63.92,-16.25,-69.08333,3826
Yunguyo,2024-03-26,10.02,14.73,6.46,75.9,2.14,3.45,63.89,-16.25,-69.08333,3826
Yunguyo,2024-03-27,8.93,12.57,6.51,78.01,0.76,3.12,63.89,-16.25,-69.08333,3826
Yunguyo,2024-03-28,8.97,14.15,5.5,63.43,0.0,4.15,63.97,-16.25,-69.08333,3826
Yunguyo,2024-03-29,9.12,13.04,5.65,70.06,0.0,2.91,64.03,-16.25,-69.08333,3826
Yunguyo,2024-03-30,10.32,15.17,6.84,74.76,0.0,3.14,63.97,-16.25,-69.08333,3826
Yunguyo,2024-03-31,9.87,13.91,6.75,79.32,3.41,3.19,63.99,-16.25,-69.08333,3826
Yunguyo,2024-04-01,11.36,16.18,7.17,71.72,3.7,2.67,63.93,-16.25,-69.08333,3826
Yunguyo,2024-04-02,9.55,14.06,4.7,79.56,1.85,3.79,63.9,-16.25,-69.08333,3826
Yunguyo,2024-04-03,9.88,13.41,7.52,79.95,6.12,3.52,63.87,-16.25,-69.08333,3826
Yunguyo,2024-04-04,10.51,14.96,7.37,76.46,0.13,3.19,63.95,-16.25,-69.08333,3826
Yunguyo,2024-04-05,10.66,15.36,7.36,71.37,0.0,3.82,64.06,-16.25,-69.08333,3826
Yunguyo,2024-04-06,10.41,13.44,8.13,80.41,0.0,3.68,63.97,-16.25,-69.08333,3826
Yunguyo,2024-04-07,11.04,15.61,7.71,75.21,0.0,3.84,63.92,-16.25,-69.08333,3826
Yunguyo,2024-04-08,11.04,16.05,7.43,73.41,5.1,2.99,63.93,-16.25,-69.08333,3826
Yunguyo,2024-04-09,11.65,16.75,8.68,73.81,1.27,3.45,63.89,-16.25,-69.08333,3826
Yunguyo,2024-04-10,11.64,14.88,8.36,75.56,0.13,4.44,63.82,-16.25,-69.08333,3826
Yunguyo,2024-04-11,10.91,14.53,7.51,76.32,4.01,3.16,63.86,-16.25,-69.08333,3826
Yunguyo,2024-04-12,10.86,15.6,6.52,69.55,1.63,2.24,63.87,-16.25,-69.08333,3826
Yunguyo,2024-04-13,12.44,17.88,8.83,63.26,0.43,1.91,63.76,-16.25,-69.08333,3826
Yunguyo,2024-04-14,11.96,17.35,7.88,53.04,2.41,2.34,63.67,-16.25,-69.08333,3826
Yunguyo,2024-04-15,11.38,17.41,6.04,44.03,0.39,2.02,63.75,-16.25,-69.08333,3826
Yunguyo,2024-04-16,12.17,17.34,8.05,55.3,0.15,2.84,63.92,-16.25,-69.08333,3826
Yunguyo,2024-04-17,11.01,14.89,8.44,71.88,0.88,3.51,64.02,-16.25,-69.08333,3826
Yunguyo,2024-04-18,10.51,14.95,7.3,76.38,0.06,3.74,64.0,-16.25,-69.08333,3826
Yunguyo,2024-04-19,10.77,15.74,7.02,72.56,0.79,3.37,63.98,-16.25,-69.08333,3826
Yunguyo,2024-04-20,10.42,14.81,7.43,77.35,0.22,3.98,63.98,-16.25,-69.08333,3826
Yunguyo,2024-04-21,11.17,16.31,7.3,69.69,0.12,3.16,63.97,-16.25,-69.08333,3826
Yunguyo,2024-04-22,11.94,17.21,8.41,67.17,0.0,2.7,63.92,-16.25,-69.08333,3826
Yunguyo,2024-04-23,11.9,16.73,8.86,73.79,0.0,3.39,63.99,-16.25,-69.08333,3826
Yunguyo,2024-04-24,11.61,15.86,8.94,73.56,0.0,3.09,64.06,-16.25,-69.08333,3826
Yunguyo,2024-04-25,11.82,16.75,8.84,70.03,0.0,3.5,64.02,-16.25,-69.08333,3826
Yunguyo,2024-04-26,11.78,16.55,8.82,59.73,0.0,2.65,63.96,-16.25,-69.08333,3826
Yunguyo,2024-04-27,11.56,16.95,7.91,58.35,0.0,3.08,63.91,-16.25,-69.08333,3826
Yunguyo,2024-04-28,10.53,15.3,7.02,66.7,0.0,3.26,63.87,-16.25,-69.08333,3826
Yunguyo,2024-04-29,11.63,16.14,7.99,63.9,0.02,1.97,63.9,-16.25,-69.08333,3826
Yunguyo,2024-04-30,11.31,15.19,8.54,73.17,2.22,3.03,63.87,-16.25,-69.08333,3826
Yunguyo,2024-05-01,10.03,14.95,6.06,70.97,7.81,2.72,63.86,-16.25,-69.08333,3826
Yunguyo,2024-05-02,9.5,11.75,7.27,76.9,4.91,1.92,63.76,-16.25,-69.08333,3826
Yunguyo,2024-05-03,7.88,9.38,5.92,81.18,3.81,1.85,63.82,-16.25,-69.08333,3826
Yunguyo,2024-05-04,10.1,12.71,7.62,64.86,4.35,2.09,63.88,-16.25,-69.08333,3826
Yunguyo,2024-05-05,11.83,16.72,8.3,60.72,2.16,2.47,63.95,-16.25,-69.08333,3826
Yunguyo,2024-05-06,11.3,14.87,8.7,75.29,0.76,2.17,63.9,-16.25,-69.08333,3826
Yunguyo,2024-05-07,11.52,16.06,6.91,68.51,0.0,1.91,63.83,-16.25,-69.08333,3826
Yunguyo,2024-05-08,9.24,14.51,3.55,72.11,0.0,3.52,64.0,-16.25,-69.08333,3826
Yunguyo,2024-05-09,10.53,14.28,7.53,76.15,0.01,3.96,64.05,-16.25,-69.08333,3826
Yunguyo,2024-05-10,11.41,16.03,8.19,70.77,0.0,2.51,63.99,-16.25,-69.08333,3826
Yunguyo,2024-05-11,11.87,17.1,7.74,64.35,0.0,2.09,63.94,-16.25,-69.08333,3826
Yunguyo,2024-05-12,12.28,17.2,8.84,71.11,0.07,2.82,63.91,-16.25,-69.08333,3826
Yunguyo,2024-05-13,11.92,15.82,9.22,74.42,0.08,3.47,63.93,-16.25,-69.08333,3826
Yunguyo,2024-05-14,9.52,11.55,8.25,75.94,0.69,2.33,63.96,-16.25,-69.08333,3826
Yunguyo,2024-05-15,10.76,14.63,7.96,61.8,0.47,1.27,63.86,-16.25,-69.08333,3826
Yunguyo,2024-05-16,10.49,14.76,6.8,63.56,1.38,2.08,63.84,-16.25,-69.08333,3826
Yunguyo,2024-05-17,10.09,14.1,6.81,64.19,1.53,2.65,63.91,-16.25,-69.08333,3826
Yunguyo,2024-05-18,10.69,15.84,6.9,57.16,0.19,2.69,63.99,-16.25,-69.08333,3826
Yunguyo,2024-05-19,10.47,15.16,7.33,68.2,0.0,2.91,63.97,-16.25,-69.08333,3826
Yunguyo,2024-05-20,10.46,15.31,6.68,51.26,0.0,1.84,63.87,-16.25,-69.08333,3826
Yunguyo,2024-05-21,10.51,16.21,6.62,46.01,0.0,2.37,63.88,-16.25,-69.08333,3826
Yunguyo,2024-05-22,10.54,15.9,6.85,51.9,0.0,2.27,63.94,-16.25,-69.08333,3826
Yunguyo,2024-05-23,9.95,16.21,4.69,33.3,0.0,3.25,63.95,-16.25,-69.08333,3826
Yunguyo,2024-05-24,10.14,15.02,6.32,49.31,0.0,2.18,63.98,-16.25,-69.08333,3826
Yunguyo,2024-05-25,9.85,16.45,4.53,39.15,0.0,3.56,63.93,-16.25,-69.08333,3826
Yunguyo,2024-05-26,8.81,16.04,3.51,34.06,0.18,3.46,63.92,-16.25,-69.08333,3826
Yunguyo,2024-05-27,7.72,13.72,3.13,31.65,0.44,1.7,63.97,-16.25,-69.08333,3826
Yunguyo,2024-05-28,8.25,14.32,3.49,33.74,0.02,1.9,64.0,-16.25,-69.08333,3826
Yunguyo,2024-05-29,8.9,14.14,5.0,42.07,0.01,1.51,64.05,-16.25,-69.08333,3826
Yunguyo,2024-05-30,9.26,15.34,5.53,47.08,0.21,1.49,64.01,-16.25,-69.08333,3826
Yunguyo,2024-05-31,9.46,15.76,4.88,39.2,0.05,1.4,64.0,-16.25,-69.08333,3826
Yunguyo,2024-06-01,9.09,15.07,4.26,38.8,0.0,2.13,63.97,-16.25,-69.08333,3826
Yunguyo,2024-06-02,9.42,14.87,4.45,36.1,0.1,2.27,64.0,-16.25,-69.08333,3826
Yunguyo,2024-06-03,7.46,11.11,4.22,64.58,0.03,3.48,64.11,-16.25,-69.08333,3826
Yunguyo,2024-06-04,8.93,15.54,4.08,66.23,0.0,2.37,64.03,-16.25,-69.08333,3826
Yunguyo,2024-06-05,9.01,14.66,5.16,59.03,0.0,2.11,64.03,-16.25,-69.08333,3826
Yunguyo,2024-06-06,8.71,14.82,5.29,56.95,0.0,2.28,64.05,-16.25,-69.08333,3826
Yunguyo,2024-06-07,8.65,14.96,4.52,47.01,0.0,2.48,64.15,-16.25,-69.08333,3826
Yunguyo,2024-06-08,8.83,14.37,4.62,41.32,0.0,1.72,64.14,-16.25,-69.08333,3826
Yunguyo,2024-06-09,8.92,14.29,5.72,48.82,0.0,2.02,63.97,-16.25,-69.08333,3826
Yunguyo,2024-06-10,9.22,14.9,5.38,54.97,0.0,2.2,63.9,-16.25,-69.08333,3826
Yunguyo,2024-06-11,9.48,14.32,5.59,71.58,0.01,2.79,63.98,-16.25,-69.08333,3826
Yunguyo,2024-06-12,10.44,15.1,7.15,68.78,0.0,1.97,63.94,-16.25,-69.08333,3826
Yunguyo,2024-06-13,11.07,16.87,6.91,57.05,0.07,1.63,63.86,-16.25,-69.08333,3826
Yunguyo,2024-06-14,9.91,15.53,4.77,49.66,0.07,2.26,63.9,-16.25,-69.08333,3826
Yunguyo,2024-06-15,10.04,14.43,6.98,64.56,1.19,2.38,63.94,-16.25,-69.08333,3826
Yunguyo,2024-06-16,7.93,10.14,5.84,81.74,0.75,2.56,63.9,-16.25,-69.08333,3826
Yunguyo,2024-06-17,9.34,14.17,5.5,64.09,0.1,2.43,63.74,-16.25,-69.08333,3826
Yunguyo,2024-06-18,9.4,14.2,5.95,53.73,0.21,2.02,63.62,-16.25,-69.08333,3826
Yunguyo,2024-06-19,7.87,12.48,3.86,52.42,0.21,2.05,63.7,-16.25,-69.08333,3826
Yunguyo,2024-06-20,6.93,11.13,3.2,67.3,0.0,1.85,63.84,-16.25,-69.08333,3826
Yunguyo,2024-06-21,7.84,11.42,4.31,63.79,0.0,2.16,63.91,-16.25,-69.08333,3826
Yunguyo,2024-06-22,9.47,15.03,4.99,53.58,0.0,2.49,63.93,-16.25,-69.08333,3826
Yunguyo,2024-06-23,9.98,14.95,6.05,49.99,0.0,1.54,63.92,-16.25,-69.08333,3826
Yunguyo,2024-06-24,9.42,13.56,6.64,64.11,2.98,2.53,63.94,-16.25,-69.08333,3826
Yunguyo,2024-06-25,9.94,13.94,7.29,66.52,0.26,1.8,63.97,-16.25,-69.08333,3826
Yunguyo,2024-06-26,9.93,14.82,6.36,45.53,0.02,2.04,64.01,-16.25,-69.08333,3826
Yunguyo,2024-06-27,9.55,14.55,5.62,48.58,0.0,2.11,63.86,-16.25,-69.08333,3826
Yunguyo,2024-06-28,9.82,15.57,5.52,46.54,0.06,2.41,63.82,-16.25,-69.08333,3826
Yunguyo,2024-06-29,9.16,13.82,6.22,72.23,6.23,3.34,63.88,-16.25,-69.08333,3826
Yunguyo,2024-06-30,9.14,14.64,5.43,50.62,2.0,1.46,63.85,-16.25,-69.08333,3826
Yunguyo,2024-07-01,9.13,13.73,4.66,33.03,0.09,1.74,63.94,-16.25,-69.08333,3826
Yunguyo,2024-07-02,9.76,14.65,6.37,38.58,0.0,1.81,63.97,-16.25,-69.08333,3826
Yunguyo,2024-07-03,9.41,14.78,6.05,41.7,0.0,1.76,63.87,-16.25,-69.08333,3826
Yunguyo,2024-07-04,9.11,14.21,5.39,42.88,0.0,1.69,63.8,-16.25,-69.08333,3826
Yunguyo,2024-07-05,8.92,14.33,5.27,56.67,0.0,2.84,63.85,-16.25,-69.08333,3826
Yunguyo,2024-07-06,9.02,14.64,4.77,65.17,0.0,3.08,63.91,-16.25,-69.08333,3826
Yunguyo,2024-07-07,8.84,13.8,4.84,62.16,0.02,2.92,63.9,-16.25,-69.08333,3826
Yunguyo,2024-07-08,9.06,15.36,4.23,52.59,0.19,3.51,63.77,-16.25,-69.08333,3826
Yunguyo,2024-07-09,7.52,15.0,1.95,33.3,0.01,4.28,63.65,-16.25,-69.08333,3826
Yunguyo,2024-07-10,6.77,14.76,1.7,33.4,0.01,5.85,63.5,-16.25,-69.08333,3826
Yunguyo,2024-07-11,5.93,13.27,0.44,42.52,0.02,4.7,63.56,-16.25,-69.08333,3826
Yunguyo,2024-07-12,6.12,10.93,2.08,66.84,0.01,3.5,63.85,-16.25,-69.08333,3826
Yunguyo,2024-07-13,6.8,13.71,1.86,53.36,0.0,2.89,63.94,-16.25,-69.08333,3826
Yunguyo,2024-07-14,7.13,14.0,2.49,46.21,0.0,2.41,63.92,-16.25,-69.08333,3826
Yunguyo,2024-07-15,7.55,13.85,3.33,46.08,0.0,1.78,63.93,-16.25,-69.08333,3826
Yunguyo,2024-07-16,7.67,14.23,3.82,54.17,0.0,1.89,64.05,-16.25,-69.08333,3826
Yunguyo,2024-07-17,6.86,12.68,3.26,68.71,0.0,2.74,64.14,-16.25,-69.08333,3826
Yunguyo,2024-07-18,7.78,14.36,3.58,62.47,0.0,2.57,64.04,-16.25,-69.08333,3826
Yunguyo,2024-07-19,6.94,13.68,2.43,57.42,0.0,3.36,64.05,-16.25,-69.08333,3826
Yunguyo,2024-07-20,5.51,11.74,1.48,54.19,0.0,4.18,64.02,-16.25,-69.08333,3826
Yunguyo,2024-07-21,6.75,13.31,1.93,67.08,0.0,4.72,63.86,-16.25,-69.08333,3826
Yunguyo,2024-07-22,6.85,12.16,3.16,72.79,0.96,4.82,63.94,-16.25,-69.08333,3826
Yunguyo,2024-07-23,7.36,13.21,3.27,71.7,0.06,4.11,64.02,-16.25,-69.08333,3826
Yunguyo,2024-07-24,8.55,13.48,5.01,69.82,0.0,2.91,64.1,-16.25,-69.08333,3826
Yunguyo,2024-07-25,8.61,13.95,5.12,67.75,0.0,4.27,64.08,-16.25,-69.08333,3826
Yunguyo,2024-07-26,9.31,14.6,5.32,62.49,0.0,2.51,63.98,-16.25,-69.08333,3826
Yunguyo,2024-07-27,8.83,13.63,5.89,75.7,0.0,3.31,63.96,-16.25,-69.08333,3826
Yunguyo,2024-07-28,9.21,15.01,5.65,72.19,0.06,3.22,63.96,-16.25,-69.08333,3826
Yunguyo,2024-07-29,8.19,13.3,5.27,75.9,0.07,3.97,63.99,-16.25,-69.08333,3826
Yunguyo,2024-07-30,8.79,14.3,5.28,67.8,0.0,3.1,63.93,-16.25,-69.08333,3826
Yunguyo,2024-07-31,8.94,14.23,4.95,60.27,0.0,1.97,63.9,-16.25,-69.08333,3826
Yunguyo,2024-08-01,9.49,15.16,5.16,49.2,0.0,2.05,63.88,-16.25,-69.08333,3826
Yunguyo,2024-08-02,8.41,15.28,3.29,35.69,0.0,2.63,63.83,-16.25,-69.08333,3826
Yunguyo,2024-08-03,7.79,13.46,2.99,40.89,0.0,2.79,63.79,-16.25,-69.08333,3826
Yunguyo,2024-08-04,8.35,13.37,4.58,52.03,0.0,2.09,63.86,-16.25,-69.08333,3826
Yunguyo,2024-08-05,8.46,13.52,4.95,54.15,0.04,2.15,63.87,-16.25,-69.08333,3826
Yunguyo,2024-08-06,7.34,12.4,2.94,57.6,0.01,3.42,63.74,-16.25,-69.08333,3826
Yunguyo,2024-08-07,7.41,14.51,1.43,35.56,0.03,5.04,63.67,-16.25,-69.08333,3826
Yunguyo,2024-08-08,7.4,12.18,3.31,39.58,0.07,3.06,63.72,-16.25,-69.08333,3826
Yunguyo,2024-08-09,8.02,13.87,3.87,40.89,0.03,2.3,63.87,-16.25,-69.08333,3826
Yunguyo,2024-08-10,8.33,14.98,3.83,38.96,0.0,2.19,63.88,-16.25,-69.08333,3826
Yunguyo,2024-08-11,7.66,14.01,3.11,46.27,0.0,3.76,63.89,-16.25,-69.08333,3826
Yunguyo,2024-08-12,6.71,13.37,3.03,72.28,0.0,4.43,63.95,-16.25,-69.08333,3826
Yunguyo,2024-08-13,8.4,14.35,3.45,56.45,0.0,2.49,63.9,-16.25,-69.08333,3826
Yunguyo,2024-08-14,8.78,14.58,5.08,52.52,0.0,2.78,63.94,-16.25,-69.08333,3826
Yunguyo,2024-08-15,8.54,14.34,4.6,69.18,0.0,3.04,64.01,-16.25,-69.08333,3826
Yunguyo,2024-08-16,8.23,13.96,4.55,70.43,0.0,3.8,64.03,-16.25,-69.08333,3826
Yunguyo,2024-08-17,7.97,13.19,3.96,70.58,0.0,4.04,64.01,-16.25,-69.08333,3826
Yunguyo,2024-08-18,9.03,13.96,5.29,69.12,0.0,3.41,63.97,-16.25,-69.08333,3826
Yunguyo,2024-08-19,9.49,14.44,6.22,71.99,0.0,4.19,63.98,-16.25,-69.08333,3826
Yunguyo,2024-08-20,9.5,15.0,5.84,72.93,0.05,5.28,63.94,-16.25,-69.08333,3826
Yunguyo,2024-08-21,10.67,17.19,5.97,58.68,0.05,3.51,63.85,-16.25,-69.08333,3826
Yunguyo,2024-08-22,10.87,18.43,4.88,39.89,0.0,2.59,63.85,-16.25,-69.08333,3826
Yunguyo,2024-08-23,9.82,16.22,4.57,42.8,0.01,3.02,63.88,-16.25,-69.08333,3826
Yunguyo,2024-08-24,10.45,15.35,7.17,67.62,0.66,3.34,63.98,-16.25,-69.08333,3826
Yunguyo,2024-08-25,10.09,15.38,6.48,68.39,0.04,3.8,64.01,-16.25,-69.08333,3826
Yunguyo,2024-08-26,10.81,16.75,6.25,59.01,0.0,2.38,63.93,-16.25,-69.08333,3826
Yunguyo,2024-08-27,10.66,16.8,6.2,53.18,0.0,3.12,63.92,-16.25,-69.08333,3826
Yunguyo,2024-08-28,9.28,15.29,5.8,69.52,0.0,4.22,63.93,-16.25,-69.08333,3826
Yunguyo,2024-08-29,9.21,14.97,5.44,67.38,0.0,4.52,63.97,-16.25,-69.08333,3826
Yunguyo,2024-08-30,8.92,14.48,5.43,70.59,0.0,4.41,63.93,-16.25,-69.08333,3826
Yunguyo,2024-08-31,8.46,13.3,5.61,70.79,0.0,5.09,63.93,-16.25,-69.08333,3826
Yunguyo,2024-09-01,7.8,12.68,4.78,72.71,0.0,5.52,63.99,-16.25,-69.08333,3826
Yunguyo,2024-09-02,8.68,14.14,5.07,67.09,0.01,3.86,63.92,-16.25,-69.08333,3826
Yunguyo,2024-09-03,9.58,15.45,4.8,57.35,0.33,2.56,63.9,-16.25,-69.08333,3826
Yunguyo,2024-09-04,10.41,17.2,5.84,64.63,0.05,3.27,63.96,-16.25,-69.08333,3826
Yunguyo,2024-09-05,8.85,14.6,4.82,71.04,0.0,4.91,64.03,-16.25,-69.08333,3826
Yunguyo,2024-09-06,9.65,15.09,5.99,69.29,0.0,3.38,63.91,-16.25,-69.08333,3826
Yunguyo,2024-09-07,9.68,14.03,6.93,68.03,0.0,3.3,63.88,-16.25,-69.08333,3826
Yunguyo,2024-09-08,8.91,14.01,5.45,72.26,0.0,3.73,64.03,-16.25,-69.08333,3826
Yunguyo,2024-09-09,9.95,15.56,6.41,65.57,0.0,2.96,64.08,-16.25,-69.08333,3826
Yunguyo,2024-09-10,9.94,15.41,6.47,63.01,0.0,3.33,63.98,-16.25,-69.08333,3826
Yunguyo,2024-09-11,10.63,16.68,5.97,57.58,0.0,3.38,63.85,-16.25,-69.08333,3826
Yunguyo,2024-09-12,10.28,15.37,6.85,68.27,0.0,3.99,63.86,-16.25,-69.08333,3826
Yunguyo,2024-09-13,11.11,16.37,6.78,61.91,0.0,4.25,63.85,-16.25,-69.08333,3826
Yunguyo,2024-09-14,10.64,16.64,5.39,56.58,0.89,2.88,63.86,-16.25,-69.08333,3826
Yunguyo,2024-09-15,10.33,15.42,7.09,64.73,0.56,3.73,63.86,-16.25,-69.08333,3826
Yunguyo,2024-09-16,10.3,15.33,7.05,63.59,2.16,3.11,63.94,-16.25,-69.08333,3826
Yunguyo,2024-09-17,11.11,16.39,7.01,54.51,0.31,2.36,63.9,-16.25,-69.08333,3826
Yunguyo,2024-09-18,9.24,13.41,5.7,76.3,3.39,3.44,63.9,-16.25,-69.08333,3826
Yunguyo,2024-09-19,10.14,16.39,4.47,66.84,0.13,2.44,63.83,-16.25,-69.08333,3826
Yunguyo,2024-09-20,11.28,16.54,7.93,65.35,0.0,3.21,63.83,-16.25,-69.08333,3826
Yunguyo,2024-09-21,10.76,15.24,8.11,72.89,0.23,4.83,63.86,-16.25,-69.08333,3826
Yunguyo,2024-09-22,10.8,16.27,7.37,65.24,0.1,4.27,63.91,-16.25,-69.08333,3826
Yunguyo,2024-09-23,10.59,16.33,6.83,67.01,0.18,3.85,63.93,-16.25,-69.08333,3826
Yunguyo,2024-09-24,9.92,15.09,6.51,72.04,0.07,4.05,63.94,-16.25,-69.08333,3826
Yunguyo,2024-09-25,10.52,16.03,6.86,68.73,0.01,3.78,63.86,-16.25,-69.08333,3826
Yunguyo,2024-09-26,9.41,13.82,6.71,77.63,3.06,4.64,63.9,-16.25,-69.08333,3826
Yunguyo,2024-09-27,9.93,15.24,5.5,69.03,0.51,3.63,63.92,-16.25,-69.08333,3826
Yunguyo,2024-09-28,10.15,14.97,6.91,71.03,0.42,3.82,63.9,-16.25,-69.08333,3826
Yunguyo,2024-09-29,10.34,15.22,7.24,70.37,0.12,3.85,63.92,-16.25,-69.08333,3826
Yunguyo,2024-09-30,10.93,16.38,7.19,71.1,0.0,3.76,63.93,-16.25,-69.08333,3826
Yunguyo,2024-10-01,12.25,17.57,8.45,66.35,0.0,3.58,63.91,-16.25,-69.08333,3826
Yunguyo,2024-10-02,12.0,17.36,9.0,68.58,0.0,4.31,63.93,-16.25,-69.08333,3826
Yunguyo,2024-10-03,10.96,15.4,8.17,73.99,0.0,5.82,63.99,-16.25,-69.08333,3826
Yunguyo,2024-10-04,9.71,15.14,6.09,67.85,0.0,5.42,64.14,-16.25,-69.08333,3826
Yunguyo,2024-10-05,9.42,15.41,5.14,64.81,0.0,4.82,64.14,-16.25,-69.08333,3826
Yunguyo,2024-10-06,8.88,14.03,5.08,70.84,0.0,5.31,64.06,-16.25,-69.08333,3826
Yunguyo,2024-10-07,9.92,15.65,5.79,65.48,0.02,5.06,63.87,-16.25,-69.08333,3826
Yunguyo,2024-10-08,10.02,15.03,5.81,68.66,7.43,3.86,63.81,-16.25,-69.08333,3826
Yunguyo,2024-10-09,10.58,16.47,6.39,52.93,0.09,1.96,63.84,-16.25,-69.08333,3826
Yunguyo,2024-10-10,10.99,18.17,4.87,34.57,0.0,1.84,63.79,-16.25,-69.08333,3826
Yunguyo,2024-10-11,10.85,16.43,5.75,42.5,0.0,3.18,63.82,-16.25,-69.08333,3826
Yunguyo,2024-10-12,10.37,14.39,7.4,65.76,0.0,3.74,63.95,-16.25,-69.08333,3826
Yunguyo,2024-10-13,9.59,13.99,6.54,70.92,0.0,4.63,64.13,-16.25,-69.08333,3826
Yunguyo,2024-10-14,9.36,13.67,6.6,70.86,0.6,4.22,64.18,-16.25,-69.08333,3826
Yunguyo,2024-10-15,10.19,15.09,6.47,68.85,0.43,2.92,64.04,-16.25,-69.08333,3826
Yunguyo,2024-10-16,10.13,14.44,6.74,69.13,2.7,3.17,63.92,-16.25,-69.08333,3826
Yunguyo,2024-10-17,10.85,16.96,5.84,62.0,0.67,2.99,63.85,-16.25,-69.08333,3826
Yunguyo,2024-10-18,11.52,17.18,6.12,43.92,0.2,2.47,63.82,-16.25,-69.08333,3826
Yunguyo,2024-10-19,10.93,15.87,6.42,59.65,0.16,2.75,63.76,-16.25,-69.08333,3826
Yunguyo,2024-10-20,12.67,17.95,8.74,62.76,0.0,3.07,63.62,-16.25,-69.08333,3826
Yunguyo,2024-10-21,12.42,17.53,9.52,67.68,0.0,4.81,63.68,-16.25,-69.08333,3826
Yunguyo,2024-10-22,10.9,15.65,8.2,72.02,0.0,4.85,63.83,-16.25,-69.08333,3826
Yunguyo,2024-10-23,11.48,16.53,7.46,64.91,0.02,2.81,63.83,-16.25,-69.08333,3826
Yunguyo,2024-10-24,12.56,18.46,7.67,55.52,0.09,3.6,63.75,-16.25,-69.08333,3826
Yunguyo,2024-10-25,12.85,17.87,9.13,57.17,1.03,3.98,63.76,-16.25,-69.08333,3826
Yunguyo,2024-10-26,10.25,13.18,8.64,76.17,8.46,3.64,63.85,-16.25,-69.08333,3826
Yunguyo,2024-10-27,11.1,15.29,8.14,66.33,0.24,3.6,63.88,-16.25,-69.08333,3826
Yunguyo,2024-10-28,10.98,16.14,6.84,70.32,0.0,4.79,63.92,-16.25,-69.08333,3826
Yunguyo,2024-10-29,11.22,15.97,7.52,72.34,4.87,4.43,63.93,-16.25,-69.08333,3826
Yunguyo,2024-10-30,10.61,15.93,5.66,71.94,5.72,3.69,63.91,-16.25,-69.08333,3826
Yunguyo,2024-10-31,12.58,18.13,8.6,54.53,1.86,2.97,63.69,-16.25,-69.08333,3826
Yunguyo,2024-11-01,11.69,17.1,6.23,37.67,0.06,2.84,63.64,-16.25,-69.08333,3826
Yunguyo,2024-11-02,12.45,18.25,6.95,48.87,0.0,3.18,63.69,-16.25,-69.08333,3826
Yunguyo,2024-11-03,11.84,16.03,9.04,64.86,0.0,3.61,63.77,-16.25,-69.08333,3826
Yunguyo,2024-11-04,10.69,13.3,8.1,71.05,0.1,3.0,63.81,-16.25,-69.08333,3826
Yunguyo,2024-11-05,12.19,17.11,8.89,67.27,0.32,3.0,63.76,-16.25,-69.08333,3826
Yunguyo,2024-11-06,10.49,15.31,5.58,67.51,0.42,2.84,63.74,-16.25,-69.08333,3826
Yunguyo,2024-11-07,12.0,18.08,7.62,60.75,0.01,3.84,63.7,-16.25,-69.08333,3826
Yunguyo,2024-11-08,11.06,15.95,7.51,72.24,0.0,4.98,63.75,-16.25,-69.08333,3826
Yunguyo,2024-11-09,11.07,17.06,6.2,66.41,0.0,4.89,63.85,-16.25,-69.08333,3826
Yunguyo,2024-11-10,11.81,17.54,7.3,67.22,0.01,4.15,63.83,-16.25,-69.08333,3826
Yunguyo,2024-11-11,11.74,16.69,8.43,65.69,0.55,3.52,63.78,-16.25,-69.08333,3826
Yunguyo,2024-11-12,10.25,14.16,7.77,70.89,1.94,3.99,63.75,-16.25,-69.08333,3826
Yunguyo,2024-11-13,10.87,16.46,7.45,71.63,0.98,4.56,63.67,-16.25,-69.08333,3826
Yunguyo,2024-11-14,11.1,16.57,7.42,69.36,0.28,4.38,63.65,-16.25,-69.08333,3826
Yunguyo,2024-11-15,10.65,15.82,7.24,72.09,0.73,4.95,63.62,-16.25,-69.08333,3826
Yunguyo,2024-11-16,10.47,15.98,6.4,70.74,2.99,2.8,63.67,-16.25,-69.08333,3826
Yunguyo,2024-11-17,9.56,15.82,2.71,72.83,3.26,3.36,63.76,-16.25,-69.08333,3826
Yunguyo,2024-11-18,10.36,14.84,5.05,74.65,2.91,3.68,63.7,-16.25,-69.08333,3826
Yunguyo,2024-11-19,9.42,15.1,3.35,75.21,1.77,2.97,63.73,-16.25,-69.08333,3826
Yunguyo,2024-11-20,11.21,16.17,7.95,72.67,0.6,3.75,63.8,-16.25,-69.08333,3826
Yunguyo,2024-11-21,10.45,13.41,7.81,76.68,11.68,4.2,63.86,-16.25,-69.08333,3826
Yunguyo,2024-11-22,9.83,13.0,6.8,77.95,9.94,5.61,63.87,-16.25,-69.08333,3826
Yunguyo,2024-11-23,10.18,15.39,6.49,76.36,12.97,4.74,63.85,-16.25,-69.08333,3826
Yunguyo,2024-11-24,10.68,15.64,6.55,73.66,2.02,4.64,63.87,-16.25,-69.08333,3826
Yunguyo,2024-11-25,12.37,18.17,7.3,67.3,0.21,3.62,63.9,-16.25,-69.08333,3826
Yunguyo,2024-11-26,12.91,18.49,9.1,67.21,1.95,4.07,63.83,-16.25,-69.08333,3826
Yunguyo,2024-11-27,11.54,14.06,9.19,68.78,3.37,3.18,63.78,-16.25,-69.08333,3826
Yunguyo,2024-11-28,11.64,16.13,8.99,69.58,2.47,3.26,63.77,-16.25,-69.08333,3826
Yunguyo,2024-11-29,11.67,15.93,7.99,71.65,0.31,5.04,63.82,-16.25,-69.08333,3826
Yunguyo,2024-11-30,11.97,16.35,8.97,66.33,2.02,5.59,63.87,-16.25,-69.08333,3826
Yunguyo,2024-12-01,12.63,17.44,8.32,60.57,0.65,3.25,63.78,-16.25,-69.08333,3826
Yunguyo,2024-12-02,12.03,16.05,5.96,65.41,3.02,1.84,63.67,-16.25,-69.08333,3826
Yunguyo,2024-12-03,8.18,11.88,4.51,73.22,1.46,2.38,63.76,-16.25,-69.08333,3826
Yunguyo,2024-12-04,9.94,15.36,6.81,67.76,0.03,2.57,63.76,-16.25,-69.08333,3826
Yunguyo,2024-12-05,11.32,15.74,8.15,66.48,0.21,2.2,63.68,-16.25,-69.08333,3826
Yunguyo,2024-12-06,12.32,16.59,8.63,64.57,0.03,2.66,63.62,-16.25,-69.08333,3826
Yunguyo,2024-12-07,10.25,13.39,7.59,78.07,0.02,4.08,63.69,-16.25,-69.08333,3826
Yunguyo,2024-12-08,11.0,15.92,7.5,75.06,2.23,5.18,63.78,-16.25,-69.08333,3826
Yunguyo,2024-12-09,11.85,17.02,7.89,66.93,0.4,3.6,63.81,-16.25,-69.08333,3826
Yunguyo,2024-12-10,11.64,15.52,8.42,69.31,0.13,4.37,63.87,-16.25,-69.08333,3826
Yunguyo,2024-12-11,11.69,17.29,7.71,65.11,0.0,4.27,63.86,-16.25,-69.08333,3826
Yunguyo,2024-12-12,12.1,17.66,7.84,65.48,0.11,3.86,63.77,-16.25,-69.08333,3826
Yunguyo,2024-12-13,11.68,17.15,7.85,64.88,0.75,2.48,63.7,-16.25,-69.08333,3826
Yunguyo,2024-12-14,12.54,17.76,8.28,60.51,0.22,3.59,63.68,-16.25,-69.08333,3826
Yunguyo,2024-12-15,10.54,15.88,5.44,74.81,0.0,4.37,63.75,-16.25,-69.08333,3826
Yunguyo,2024-12-16,10.67,15.28,7.09,70.16,0.0,4.44,63.88,-16.25,-69.08333,3826
Yunguyo,2024-12-17,10.99,16.18,6.64,70.4,0.59,5.27,63.91,-16.25,-69.08333,3826
Yunguyo,2024-12-18,10.47,16.07,4.55,72.11,0.05,3.91,63.82,-16.25,-69.08333,3826
Yunguyo,2024-12-19,9.74,16.12,3.42,71.6,0.67,2.77,63.76,-16.25,-69.08333,3826
Yunguyo,2024-12-20,10.63,16.24,3.94,66.88,2.44,2.82,63.75,-16.25,-69.08333,3826
Yunguyo,2024-12-21,11.32,14.94,7.74,68.09,5.08,2.41,63.8,-16.25,-69.08333,3826
Yunguyo,2024-12-22,9.91,12.25,6.3,78.43,2.29,3.06,63.88,-16.25,-69.08333,3826
Yunguyo,2024-12-23,11.81,16.91,7.89,67.39,0.02,2.8,63.87,-16.25,-69.08333,3826
Yunguyo,2024-12-24,12.89,19.35,7.19,50.03,0.01,3.23,63.75,-16.25,-69.08333,3826
Yunguyo,2024-12-25,9.84,12.87,8.26,72.55,0.2,3.66,63.76,-16.25,-69.08333,3826
Yunguyo,2024-12-26,11.78,18.05,7.19,61.7,0.0,3.05,63.68,-16.25,-69.08333,3826
Yunguyo,2024-12-27,11.77,17.89,7.46,61.37,0.51,3.49,63.76,-16.25,-69.08333,3826
Yunguyo,2024-12-28,11.37,16.66,7.58,64.3,0.34,3.97,63.87,-16.25,-69.08333,3826
Yunguyo,2024-12-29,10.65,16.34,6.69,67.9,0.4,4.56,63.84,-16.25,-69.08333,3826
Yunguyo,2024-12-30,10.74,16.36,7.3,68.26,0.5,4.32,63.75,-16.25,-69.08333,3826
Yunguyo,2024-12-31,11.36,17.27,6.69,64.35,0.01,4.36,63.76,-16.25,-69.08333,3826
